flight_id,flight_date,carrier_code,flight_number,origin_airport,dest_airport,route,scheduled_dep_time,departure_delay_minutes,arrival_delay_minutes,is_arr_on_time,is_dep_on_time,cancelled,cancellation_reason,diverted,air_time_minutes,distance_miles,taxi_out_minutes,taxi_in_minutes,carrier_delay_minutes,weather_delay_minutes,nas_delay_minutes,security_delay_minutes,late_aircraft_delay_minutes,month,day_of_week
fl_0000001,2024-03-27,DL,6362,LAS,MCO,LAS-MCO,09:15,53.0,58.0,0,0,0,,0,104.0,672,33,17,7.2,23.0,12.0,10.6,5.2,3,Wednesday
fl_0000002,2024-06-17,DL,4571,FLL,PHX,FLL-PHX,09:15,5.0,-2.0,1,1,0,,0,144.0,1056,26,15,0.0,0.0,0.0,0.0,0.0,6,Monday
fl_0000003,2024-05-29,HA,790,MSP,JFK,MSP-JFK,13:15,-2.0,0.0,1,1,0,,0,364.0,2505,10,12,0.0,0.0,0.0,0.0,0.0,5,Wednesday
fl_0000004,2024-02-03,G4,3491,PHL,ORD,PHL-ORD,21:15,-4.0,-5.0,1,1,0,,0,113.0,726,22,8,0.0,0.0,0.0,0.0,0.0,2,Saturday
fl_0000005,2024-06-13,G4,1867,BOS,MCO,BOS-MCO,18:15,-15.0,-13.0,1,1,0,,0,193.0,1339,21,5,0.0,0.0,0.0,0.0,0.0,6,Thursday
fl_0000006,2024-04-13,UA,6051,LGA,SFO,LGA-SFO,13:45,-5.0,-9.0,1,1,0,,0,188.0,1350,13,11,0.0,0.0,0.0,0.0,0.0,4,Saturday
fl_0000007,2024-05-09,WN,5380,BOS,CLT,BOS-CLT,15:00,-12.0,-13.0,1,1,0,,0,79.0,521,19,9,0.0,0.0,0.0,0.0,0.0,5,Thursday
fl_0000008,2024-05-09,AA,3215,IAD,LAX,IAD-LAX,12:45,-8.0,-17.0,1,1,0,,0,199.0,1332,13,16,0.0,0.0,0.0,0.0,0.0,5,Thursday
fl_0000009,2024-02-07,B6,6174,SFO,BWI,SFO-BWI,12:45,-11.0,-7.0,1,1,0,,0,306.0,2299,11,19,0.0,0.0,0.0,0.0,0.0,2,Wednesday
fl_0000010,2024-03-13,DL,1630,LAX,CLT,LAX-CLT,07:15,-9.0,-14.0,1,1,0,,0,210.0,1444,28,5,0.0,0.0,0.0,0.0,0.0,3,Wednesday
fl_0000011,2024-04-23,G4,1040,BOS,SEA,BOS-SEA,16:45,27.0,36.0,0,0,0,,0,288.0,2240,29,18,1.6,12.5,4.8,3.4,13.7,4,Tuesday
fl_0000012,2024-02-28,UA,7352,LGA,LAS,LGA-LAS,21:00,5.0,9.0,1,1,0,,0,316.0,2361,24,14,0.0,0.0,0.0,0.0,0.0,2,Wednesday
fl_0000013,2024-02-18,UA,243,ORD,SEA,ORD-SEA,18:15,1.0,-7.0,1,1,0,,0,181.0,1337,27,16,0.0,0.0,0.0,0.0,0.0,2,Sunday
fl_0000014,2024-02-05,AA,286,IAD,MIA,IAD-MIA,13:45,6.0,4.0,1,1,0,,0,134.0,864,28,15,0.0,0.0,0.0,0.0,0.0,2,Monday
fl_0000015,2024-02-05,UA,5884,LAS,DFW,LAS-DFW,12:00,,,0,0,1,Carrier,0,242.0,1827,25,8,0.0,0.0,0.0,0.0,0.0,2,Monday
fl_0000016,2024-06-14,NK,7498,BOS,DEN,BOS-DEN,22:30,119.0,127.0,0,0,0,,0,230.0,1651,22,16,41.5,11.1,17.2,28.5,28.7,6,Friday
fl_0000017,2024-02-11,UA,8484,ORD,PHX,ORD-PHX,18:15,13.0,12.0,1,1,0,,0,124.0,821,34,8,0.0,0.0,0.0,0.0,0.0,2,Sunday
fl_0000018,2024-01-20,WN,1963,SLC,LAS,SLC-LAS,10:00,-4.0,-13.0,1,1,0,,0,115.0,762,33,5,0.0,0.0,0.0,0.0,0.0,1,Saturday
fl_0000019,2024-04-19,DL,8646,MSP,SEA,MSP-SEA,16:00,25.0,,0,0,0,,1,235.0,1581,12,11,0.0,45.0,20.0,0.0,0.0,4,Friday
fl_0000020,2024-01-22,NK,1953,SFO,ORD,SFO-ORD,16:30,3.0,2.0,1,1,0,,0,269.0,1926,12,7,0.0,0.0,0.0,0.0,0.0,1,Monday
fl_0000021,2024-06-05,UA,8371,LGA,BOS,LGA-BOS,22:15,2.0,3.0,1,1,0,,0,214.0,1496,23,17,0.0,0.0,0.0,0.0,0.0,6,Wednesday
fl_0000022,2024-01-21,AA,2688,PHL,BOS,PHL-BOS,06:15,-2.0,-10.0,1,1,0,,0,177.0,1288,29,16,0.0,0.0,0.0,0.0,0.0,1,Sunday
fl_0000023,2024-03-14,UA,1532,SLC,MCO,SLC-MCO,19:30,4.0,-4.0,1,1,0,,0,251.0,1679,28,12,0.0,0.0,0.0,0.0,0.0,3,Thursday
fl_0000024,2024-04-24,WN,7555,MSP,BWI,MSP-BWI,09:15,9.0,0.0,1,1,0,,0,268.0,2068,29,13,0.0,0.0,0.0,0.0,0.0,4,Wednesday
fl_0000025,2024-02-10,UA,8393,LAS,SLC,LAS-SLC,22:15,3.0,3.0,1,1,0,,0,362.0,2579,22,15,0.0,0.0,0.0,0.0,0.0,2,Saturday
fl_0000026,2024-03-17,DL,8290,CLT,SLC,CLT-SLC,15:30,-4.0,-7.0,1,1,0,,0,92.0,556,14,5,0.0,0.0,0.0,0.0,0.0,3,Sunday
fl_0000027,2024-02-10,NK,5491,SFO,BOS,SFO-BOS,22:30,5.0,4.0,1,1,0,,0,265.0,1964,34,16,0.0,0.0,0.0,0.0,0.0,2,Saturday
fl_0000028,2024-04-03,DL,7418,FLL,EWR,FLL-EWR,19:00,-7.0,-7.0,1,1,0,,0,143.0,935,11,18,0.0,0.0,0.0,0.0,0.0,4,Wednesday
fl_0000029,2024-06-08,NK,7896,LAS,SEA,LAS-SEA,14:30,-15.0,-22.0,1,1,0,,0,365.0,2504,26,5,0.0,0.0,0.0,0.0,0.0,6,Saturday
fl_0000030,2024-01-04,B6,2100,ATL,IAD,ATL-IAD,11:45,-15.0,-11.0,1,1,0,,0,315.0,2205,32,5,0.0,0.0,0.0,0.0,0.0,1,Thursday
fl_0000031,2024-05-19,DL,7342,PHL,LAX,PHL-LAX,19:30,-2.0,0.0,1,1,0,,0,57.0,301,34,7,0.0,0.0,0.0,0.0,0.0,5,Sunday
fl_0000032,2024-04-02,AA,8945,SFO,ORD,SFO-ORD,17:00,-7.0,-11.0,1,1,0,,0,333.0,2362,12,7,0.0,0.0,0.0,0.0,0.0,4,Tuesday
fl_0000033,2024-05-05,AA,4753,ORD,SFO,ORD-SFO,08:45,5.0,0.0,1,1,0,,0,123.0,812,19,16,0.0,0.0,0.0,0.0,0.0,5,Sunday
fl_0000034,2024-02-25,AA,4625,EWR,SEA,EWR-SEA,08:45,-5.0,-15.0,1,1,0,,0,64.0,380,19,9,0.0,0.0,0.0,0.0,0.0,2,Sunday
fl_0000035,2024-03-24,AA,1179,BWI,SFO,BWI-SFO,17:15,6.0,10.0,1,1,0,,0,251.0,1784,28,6,0.0,0.0,0.0,0.0,0.0,3,Sunday
fl_0000036,2024-05-04,DL,3337,ORD,JFK,ORD-JFK,11:45,5.0,7.0,1,1,0,,0,278.0,1965,30,9,0.0,0.0,0.0,0.0,0.0,5,Saturday
fl_0000037,2024-05-11,AA,7864,FLL,EWR,FLL-EWR,16:45,46.0,51.0,0,0,0,,0,87.0,580,27,19,10.2,14.9,8.0,12.1,5.7,5,Saturday
fl_0000038,2024-02-12,UA,6108,ORD,CLT,ORD-CLT,08:00,-8.0,-5.0,1,1,0,,0,196.0,1353,18,11,0.0,0.0,0.0,0.0,0.0,2,Monday
fl_0000039,2024-04-05,UA,8555,MIA,IAD,MIA-IAD,07:00,-5.0,-11.0,1,1,0,,0,92.0,600,13,9,0.0,0.0,0.0,0.0,0.0,4,Friday
fl_0000040,2024-01-14,AA,7732,DTW,PHL,DTW-PHL,22:45,10.0,6.0,1,1,0,,0,240.0,1777,21,18,0.0,0.0,0.0,0.0,0.0,1,Sunday
fl_0000041,2024-02-02,UA,3763,MCO,BOS,MCO-BOS,21:30,-5.0,-13.0,1,1,0,,0,128.0,818,19,5,0.0,0.0,0.0,0.0,0.0,2,Friday
fl_0000042,2024-01-08,WN,6546,PHL,ATL,PHL-ATL,20:00,6.0,-2.0,1,1,0,,0,292.0,1980,30,14,0.0,0.0,0.0,0.0,0.0,1,Monday
fl_0000043,2024-01-15,DL,5259,SAN,MIA,SAN-MIA,06:45,130.0,132.0,0,0,0,,0,329.0,2557,22,7,8.7,62.8,49.2,5.3,6.0,1,Monday
fl_0000044,2024-03-14,DL,7481,FLL,LGA,FLL-LGA,16:30,12.0,12.0,1,1,0,,0,124.0,875,15,8,0.0,0.0,0.0,0.0,0.0,3,Thursday
fl_0000045,2024-04-21,B6,6985,LAS,BOS,LAS-BOS,15:45,-1.0,-8.0,1,1,0,,0,278.0,1897,20,15,0.0,0.0,0.0,0.0,0.0,4,Sunday
fl_0000046,2024-03-25,WN,3276,SEA,MCO,SEA-MCO,07:15,35.0,38.0,0,0,0,,0,125.0,827,29,5,4.0,9.7,9.1,6.7,8.4,3,Monday
fl_0000047,2024-05-13,NK,7098,ORD,LAX,ORD-LAX,18:15,-9.0,-7.0,1,1,0,,0,151.0,951,29,19,0.0,0.0,0.0,0.0,0.0,5,Monday
fl_0000048,2024-04-13,AS,5472,JFK,MCO,JFK-MCO,12:00,10.0,4.0,1,1,0,,0,167.0,1125,25,13,0.0,0.0,0.0,0.0,0.0,4,Saturday
fl_0000049,2024-06-25,NK,5790,PHL,BOS,PHL-BOS,17:45,-11.0,-19.0,1,1,0,,0,160.0,1116,30,12,0.0,0.0,0.0,0.0,0.0,6,Tuesday
fl_0000050,2024-03-23,UA,4212,IAH,ORD,IAH-ORD,13:00,5.0,-1.0,1,1,0,,0,111.0,754,22,14,0.0,0.0,0.0,0.0,0.0,3,Saturday
fl_0000051,2024-06-23,DL,3073,DTW,CLT,DTW-CLT,20:00,-1.0,-10.0,1,1,0,,0,332.0,2304,32,7,0.0,0.0,0.0,0.0,0.0,6,Sunday
fl_0000052,2024-05-18,F9,6611,SFO,PHX,SFO-PHX,06:45,-9.0,-18.0,1,1,0,,0,316.0,2328,10,7,0.0,0.0,0.0,0.0,0.0,5,Saturday
fl_0000053,2024-06-26,DL,5850,IAD,FLL,IAD-FLL,08:15,6.0,5.0,1,1,0,,0,198.0,1410,33,16,0.0,0.0,0.0,0.0,0.0,6,Wednesday
fl_0000054,2024-01-22,DL,5892,PHL,JFK,PHL-JFK,20:45,-13.0,-19.0,1,1,0,,0,300.0,2128,16,6,0.0,0.0,0.0,0.0,0.0,1,Monday
fl_0000055,2024-03-12,DL,3418,BWI,LAS,BWI-LAS,08:00,-10.0,-19.0,1,1,0,,0,101.0,605,30,9,0.0,0.0,0.0,0.0,0.0,3,Tuesday
fl_0000056,2024-06-07,NK,4708,IAD,BOS,IAD-BOS,22:15,-5.0,-13.0,1,1,0,,0,231.0,1753,21,19,0.0,0.0,0.0,0.0,0.0,6,Friday
fl_0000057,2024-01-23,DL,3041,MSP,EWR,MSP-EWR,08:30,10.0,11.0,1,1,0,,0,273.0,1810,19,15,0.0,0.0,0.0,0.0,0.0,1,Tuesday
fl_0000058,2024-06-22,AA,1793,LAX,BOS,LAX-BOS,11:30,26.0,,0,0,0,,1,180.0,1273,18,16,0.0,45.0,20.0,0.0,0.0,6,Saturday
fl_0000059,2024-03-16,AA,1144,PHX,LAX,PHX-LAX,17:45,-11.0,-16.0,1,1,0,,0,236.0,1587,27,7,0.0,0.0,0.0,0.0,0.0,3,Saturday
fl_0000060,2024-06-08,DL,4829,PHX,BOS,PHX-BOS,07:30,,,0,0,1,NAS,0,49.0,276,25,18,0.0,0.0,0.0,0.0,0.0,6,Saturday
fl_0000061,2024-03-29,NK,4829,PHX,LAX,PHX-LAX,13:30,-10.0,-13.0,1,1,0,,0,289.0,2238,27,13,0.0,0.0,0.0,0.0,0.0,3,Friday
fl_0000062,2024-02-14,DL,4068,MCO,LGA,MCO-LGA,11:00,7.0,5.0,1,1,0,,0,151.0,974,13,19,0.0,0.0,0.0,0.0,0.0,2,Wednesday
fl_0000063,2024-03-03,AA,1592,PHL,PHX,PHL-PHX,18:45,-4.0,-6.0,1,1,0,,0,301.0,2158,33,12,0.0,0.0,0.0,0.0,0.0,3,Sunday
fl_0000064,2024-04-06,UA,5865,SAN,IAD,SAN-IAD,14:00,9.0,6.0,1,1,0,,0,57.0,322,27,19,0.0,0.0,0.0,0.0,0.0,4,Saturday
fl_0000065,2024-05-07,NK,8322,CLT,SEA,CLT-SEA,14:15,52.0,58.0,0,0,0,,0,351.0,2514,28,8,12.1,24.3,6.7,7.2,7.7,5,Tuesday
fl_0000066,2024-02-21,WN,4061,DFW,MCO,DFW-MCO,10:45,-2.0,-7.0,1,1,0,,0,57.0,338,29,13,0.0,0.0,0.0,0.0,0.0,2,Wednesday
fl_0000067,2024-04-22,B6,2421,CLT,ATL,CLT-ATL,19:30,-9.0,-7.0,1,1,0,,0,144.0,936,18,18,0.0,0.0,0.0,0.0,0.0,4,Monday
fl_0000068,2024-03-29,B6,1584,SFO,FLL,SFO-FLL,22:15,-1.0,-1.0,1,1,0,,0,382.0,2590,11,17,0.0,0.0,0.0,0.0,0.0,3,Friday
fl_0000069,2024-01-18,UA,1986,ORD,CLT,ORD-CLT,11:30,-7.0,-9.0,1,1,0,,0,252.0,1927,32,18,0.0,0.0,0.0,0.0,0.0,1,Thursday
fl_0000070,2024-05-23,WN,3818,DTW,IAD,DTW-IAD,17:30,-11.0,-18.0,1,1,0,,0,226.0,1488,30,10,0.0,0.0,0.0,0.0,0.0,5,Thursday
fl_0000071,2024-06-21,AS,370,SFO,DEN,SFO-DEN,10:30,8.0,6.0,1,1,0,,0,142.0,915,18,5,0.0,0.0,0.0,0.0,0.0,6,Friday
fl_0000072,2024-04-07,UA,3114,FLL,PHX,FLL-PHX,18:45,11.0,12.0,1,1,0,,0,310.0,2281,25,10,0.0,0.0,0.0,0.0,0.0,4,Sunday
fl_0000073,2024-03-08,AA,4461,LGA,DTW,LGA-DTW,15:45,7.0,11.0,1,1,0,,0,298.0,2313,30,17,0.0,0.0,0.0,0.0,0.0,3,Friday
fl_0000074,2024-06-18,UA,2201,LGA,EWR,LGA-EWR,21:15,11.0,8.0,1,1,0,,0,195.0,1279,20,8,0.0,0.0,0.0,0.0,0.0,6,Tuesday
fl_0000075,2024-06-09,B6,1428,LAX,JFK,LAX-JFK,06:30,22.0,22.0,0,0,0,,0,248.0,1772,34,12,1.4,10.3,3.0,7.2,0.0,6,Sunday
fl_0000076,2024-03-15,WN,7750,EWR,MSP,EWR-MSP,15:30,105.0,111.0,0,0,0,,0,60.0,345,28,13,28.3,5.8,51.4,7.4,18.0,3,Friday
fl_0000077,2024-04-07,DL,946,BWI,ORD,BWI-ORD,19:30,0.0,-3.0,1,1,0,,0,132.0,942,17,8,0.0,0.0,0.0,0.0,0.0,4,Sunday
fl_0000078,2024-04-26,DL,105,IAH,LGA,IAH-LGA,08:00,,,0,0,1,Weather,0,281.0,2138,33,16,0.0,0.0,0.0,0.0,0.0,4,Friday
fl_0000079,2024-03-25,DL,7623,FLL,SEA,FLL-SEA,13:45,-1.0,-1.0,1,1,0,,0,339.0,2338,33,17,0.0,0.0,0.0,0.0,0.0,3,Monday
fl_0000080,2024-06-27,UA,5039,BWI,ORD,BWI-ORD,14:15,-11.0,-15.0,1,1,0,,0,349.0,2483,31,7,0.0,0.0,0.0,0.0,0.0,6,Thursday
fl_0000081,2024-06-10,NK,4418,DEN,ATL,DEN-ATL,17:15,25.0,32.0,0,0,0,,0,141.0,909,34,11,2.7,1.3,16.1,8.2,3.7,6,Monday
fl_0000082,2024-01-20,UA,662,PHX,DTW,PHX-DTW,14:15,18.0,20.0,0,0,0,,0,122.0,862,32,5,6.3,1.5,3.2,0.7,8.3,1,Saturday
fl_0000083,2024-01-16,AS,3458,BWI,SEA,BWI-SEA,07:45,-4.0,-10.0,1,1,0,,0,255.0,1791,34,16,0.0,0.0,0.0,0.0,0.0,1,Tuesday
fl_0000084,2024-02-03,UA,6793,SAN,JFK,SAN-JFK,16:00,-9.0,-14.0,1,1,0,,0,331.0,2460,21,6,0.0,0.0,0.0,0.0,0.0,2,Saturday
fl_0000085,2024-01-02,DL,6934,SAN,SLC,SAN-SLC,07:15,-5.0,-10.0,1,1,0,,0,179.0,1253,14,19,0.0,0.0,0.0,0.0,0.0,1,Tuesday
fl_0000086,2024-03-08,F9,6362,MCO,BOS,MCO-BOS,20:15,13.0,15.0,0,1,0,,0,112.0,748,10,10,0.0,0.0,0.0,0.0,0.0,3,Friday
fl_0000087,2024-02-28,WN,3905,BOS,CLT,BOS-CLT,09:00,24.0,32.0,0,0,0,,0,281.0,2027,24,16,2.3,18.4,6.8,3.1,1.4,2,Wednesday
fl_0000088,2024-03-31,G4,324,PHL,SLC,PHL-SLC,06:15,43.0,46.0,0,0,0,,0,327.0,2408,14,8,2.3,3.0,11.7,16.5,12.5,3,Sunday
fl_0000089,2024-02-20,DL,1383,MSP,LAS,MSP-LAS,09:00,3.0,6.0,1,1,0,,0,207.0,1528,22,9,0.0,0.0,0.0,0.0,0.0,2,Tuesday
fl_0000090,2024-04-02,NK,1746,CLT,LAS,CLT-LAS,18:15,42.0,44.0,0,0,0,,0,138.0,911,14,6,0.9,19.5,12.7,0.9,10.0,4,Tuesday
fl_0000091,2024-05-04,UA,4661,SLC,FLL,SLC-FLL,14:00,9.0,7.0,1,1,0,,0,64.0,388,22,8,0.0,0.0,0.0,0.0,0.0,5,Saturday
fl_0000092,2024-03-27,UA,4420,BOS,DEN,BOS-DEN,09:15,-9.0,-13.0,1,1,0,,0,164.0,1190,22,16,0.0,0.0,0.0,0.0,0.0,3,Wednesday
fl_0000093,2024-02-26,UA,5549,SLC,BOS,SLC-BOS,21:45,2.0,-7.0,1,1,0,,0,177.0,1229,30,14,0.0,0.0,0.0,0.0,0.0,2,Monday
fl_0000094,2024-06-20,UA,157,DTW,IAH,DTW-IAH,21:45,1.0,-2.0,1,1,0,,0,270.0,1953,22,7,0.0,0.0,0.0,0.0,0.0,6,Thursday
fl_0000095,2024-01-19,UA,6630,SEA,SAN,SEA-SAN,09:00,4.0,7.0,1,1,0,,0,375.0,2563,22,15,0.0,0.0,0.0,0.0,0.0,1,Friday
fl_0000096,2024-05-01,UA,8938,ORD,SAN,ORD-SAN,08:15,-4.0,-3.0,1,1,0,,0,58.0,326,18,10,0.0,0.0,0.0,0.0,0.0,5,Wednesday
fl_0000097,2024-01-19,DL,2692,MIA,SAN,MIA-SAN,22:15,-15.0,-12.0,1,1,0,,0,200.0,1466,17,12,0.0,0.0,0.0,0.0,0.0,1,Friday
fl_0000098,2024-03-17,WN,1830,EWR,PHL,EWR-PHL,13:45,2.0,2.0,1,1,0,,0,300.0,2207,34,5,0.0,0.0,0.0,0.0,0.0,3,Sunday
fl_0000099,2024-01-22,G4,715,PHL,JFK,PHL-JFK,16:15,-8.0,-4.0,1,1,0,,0,248.0,1674,28,14,0.0,0.0,0.0,0.0,0.0,1,Monday
fl_0000100,2024-03-13,F9,7372,MCO,ATL,MCO-ATL,07:45,28.0,29.0,0,0,0,,0,318.0,2434,27,12,10.7,11.6,1.9,3.2,1.6,3,Wednesday
fl_0000101,2024-03-02,AA,3501,LAX,DFW,LAX-DFW,09:15,10.0,4.0,1,1,0,,0,320.0,2475,28,7,0.0,0.0,0.0,0.0,0.0,3,Saturday
fl_0000102,2024-02-01,DL,2933,DFW,BWI,DFW-BWI,08:30,47.0,48.0,0,0,0,,0,91.0,585,23,11,14.5,11.0,1.9,1.7,19.0,2,Thursday
fl_0000103,2024-05-16,HA,3050,IAD,BWI,IAD-BWI,10:15,4.0,7.0,1,1,0,,0,157.0,1168,25,9,0.0,0.0,0.0,0.0,0.0,5,Thursday
fl_0000104,2024-01-16,DL,8589,ATL,IAH,ATL-IAH,21:30,40.0,47.0,0,0,0,,0,316.0,2231,28,10,4.8,4.6,0.8,11.0,25.8,1,Tuesday
fl_0000105,2024-06-09,UA,3990,CLT,BWI,CLT-BWI,12:00,6.0,4.0,1,1,0,,0,215.0,1470,15,5,0.0,0.0,0.0,0.0,0.0,6,Sunday
fl_0000106,2024-03-11,NK,809,IAD,SFO,IAD-SFO,14:45,17.0,25.0,0,0,0,,0,322.0,2416,22,12,1.9,6.4,6.5,0.8,9.4,3,Monday
fl_0000107,2024-02-27,DL,4141,DTW,MIA,DTW-MIA,22:15,5.0,8.0,1,1,0,,0,308.0,2293,25,11,0.0,0.0,0.0,0.0,0.0,2,Tuesday
fl_0000108,2024-05-12,DL,839,JFK,DTW,JFK-DTW,18:15,-13.0,-19.0,1,1,0,,0,160.0,1133,30,5,0.0,0.0,0.0,0.0,0.0,5,Sunday
fl_0000109,2024-05-27,UA,1378,LGA,ORD,LGA-ORD,07:15,6.0,10.0,1,1,0,,0,223.0,1476,25,9,0.0,0.0,0.0,0.0,0.0,5,Monday
fl_0000110,2024-04-09,DL,5276,CLT,FLL,CLT-FLL,18:00,-10.0,-13.0,1,1,0,,0,101.0,653,33,8,0.0,0.0,0.0,0.0,0.0,4,Tuesday
fl_0000111,2024-04-24,AA,4810,BWI,FLL,BWI-FLL,12:15,10.0,8.0,1,1,0,,0,349.0,2418,33,6,0.0,0.0,0.0,0.0,0.0,4,Wednesday
fl_0000112,2024-05-14,WN,7349,CLT,IAH,CLT-IAH,09:00,10.0,7.0,1,1,0,,0,260.0,1904,10,9,0.0,0.0,0.0,0.0,0.0,5,Tuesday
fl_0000113,2024-05-28,DL,8221,PHX,DTW,PHX-DTW,15:30,-1.0,-8.0,1,1,0,,0,249.0,1871,30,7,0.0,0.0,0.0,0.0,0.0,5,Tuesday
fl_0000114,2024-05-17,B6,4615,SLC,DFW,SLC-DFW,06:30,1.0,3.0,1,1,0,,0,280.0,2131,11,13,0.0,0.0,0.0,0.0,0.0,5,Friday
fl_0000115,2024-02-27,B6,6428,LAX,PHX,LAX-PHX,15:00,-6.0,-4.0,1,1,0,,0,54.0,315,27,16,0.0,0.0,0.0,0.0,0.0,2,Tuesday
fl_0000116,2024-02-18,DL,3194,DEN,BOS,DEN-BOS,20:15,12.0,9.0,1,1,0,,0,155.0,1129,12,11,0.0,0.0,0.0,0.0,0.0,2,Sunday
fl_0000117,2024-05-21,AA,4335,IAD,PHX,IAD-PHX,06:00,-14.0,-21.0,1,1,0,,0,309.0,2124,28,9,0.0,0.0,0.0,0.0,0.0,5,Tuesday
fl_0000118,2024-01-26,B6,5898,BWI,PHL,BWI-PHL,21:00,-14.0,-11.0,1,1,0,,0,306.0,2290,22,12,0.0,0.0,0.0,0.0,0.0,1,Friday
fl_0000119,2024-03-31,UA,3972,MIA,BWI,MIA-BWI,19:45,12.0,7.0,1,1,0,,0,313.0,2161,31,19,0.0,0.0,0.0,0.0,0.0,3,Sunday
fl_0000120,2024-04-24,DL,8427,SEA,IAH,SEA-IAH,22:15,35.0,39.0,0,0,0,,0,125.0,781,10,11,3.6,5.5,0.7,16.1,13.1,4,Wednesday
fl_0000121,2024-03-10,HA,3814,PHL,IAH,PHL-IAH,21:15,-9.0,-9.0,1,1,0,,0,141.0,896,29,16,0.0,0.0,0.0,0.0,0.0,3,Sunday
fl_0000122,2024-02-25,AS,8713,BWI,SAN,BWI-SAN,15:30,45.0,48.0,0,0,0,,0,177.0,1257,13,13,14.6,19.0,8.8,0.0,5.6,2,Sunday
fl_0000123,2024-01-09,UA,4843,JFK,LGA,JFK-LGA,19:45,-12.0,-9.0,1,1,0,,0,365.0,2454,10,18,0.0,0.0,0.0,0.0,0.0,1,Tuesday
fl_0000124,2024-03-23,AA,1064,IAD,BOS,IAD-BOS,08:45,1.0,5.0,1,1,0,,0,124.0,834,22,15,0.0,0.0,0.0,0.0,0.0,3,Saturday
fl_0000125,2024-01-01,WN,7780,DEN,SEA,DEN-SEA,17:15,-5.0,-11.0,1,1,0,,0,269.0,2068,26,6,0.0,0.0,0.0,0.0,0.0,1,Monday
fl_0000126,2024-04-12,AA,4929,CLT,EWR,CLT-EWR,20:30,-8.0,-12.0,1,1,0,,0,141.0,957,12,5,0.0,0.0,0.0,0.0,0.0,4,Friday
fl_0000127,2024-05-05,F9,7817,SEA,DFW,SEA-DFW,18:45,-13.0,-12.0,1,1,0,,0,324.0,2447,28,9,0.0,0.0,0.0,0.0,0.0,5,Sunday
fl_0000128,2024-05-10,AA,5352,BWI,IAH,BWI-IAH,16:30,8.0,8.0,1,1,0,,0,58.0,340,13,18,0.0,0.0,0.0,0.0,0.0,5,Friday
fl_0000129,2024-04-22,DL,5347,ORD,SEA,ORD-SEA,18:30,-2.0,-8.0,1,1,0,,0,312.0,2302,32,10,0.0,0.0,0.0,0.0,0.0,4,Monday
fl_0000130,2024-04-09,DL,2777,ORD,LGA,ORD-LGA,07:00,72.0,74.0,0,0,0,,0,333.0,2597,22,10,14.8,4.2,0.6,21.3,33.1,4,Tuesday
fl_0000131,2024-02-25,AA,6482,SLC,DEN,SLC-DEN,19:30,-15.0,-16.0,1,1,0,,0,260.0,1809,31,5,0.0,0.0,0.0,0.0,0.0,2,Sunday
fl_0000132,2024-04-15,AA,5722,CLT,PHX,CLT-PHX,17:45,-10.0,-18.0,1,1,0,,0,285.0,1980,30,15,0.0,0.0,0.0,0.0,0.0,4,Monday
fl_0000133,2024-06-16,AA,8053,DFW,SFO,DFW-SFO,20:30,13.0,8.0,1,1,0,,0,210.0,1524,17,10,0.0,0.0,0.0,0.0,0.0,6,Sunday
fl_0000134,2024-02-13,UA,2511,DFW,CLT,DFW-CLT,20:00,6.0,9.0,1,1,0,,0,74.0,472,15,9,0.0,0.0,0.0,0.0,0.0,2,Tuesday
fl_0000135,2024-06-24,WN,2007,LAX,MIA,LAX-MIA,15:00,,,0,0,1,Carrier,0,58.0,304,29,7,0.0,0.0,0.0,0.0,0.0,6,Monday
fl_0000136,2024-06-06,DL,3955,DTW,BWI,DTW-BWI,21:15,12.0,11.0,1,1,0,,0,100.0,602,16,11,0.0,0.0,0.0,0.0,0.0,6,Thursday
fl_0000137,2024-03-31,UA,5604,FLL,IAH,FLL-IAH,07:45,7.0,11.0,1,1,0,,0,288.0,2011,33,14,0.0,0.0,0.0,0.0,0.0,3,Sunday
fl_0000138,2024-01-14,NK,771,SLC,BWI,SLC-BWI,10:30,-10.0,-7.0,1,1,0,,0,57.0,296,11,8,0.0,0.0,0.0,0.0,0.0,1,Sunday
fl_0000139,2024-03-03,AA,5829,BWI,SEA,BWI-SEA,07:00,113.0,117.0,0,0,0,,0,195.0,1445,12,17,27.4,8.0,32.7,38.5,10.4,3,Sunday
fl_0000140,2024-06-06,DL,4741,SEA,SAN,SEA-SAN,08:45,7.0,-3.0,1,1,0,,0,242.0,1801,26,5,0.0,0.0,0.0,0.0,0.0,6,Thursday
fl_0000141,2024-04-14,NK,347,JFK,ORD,JFK-ORD,21:30,12.0,12.0,1,1,0,,0,307.0,2148,22,12,0.0,0.0,0.0,0.0,0.0,4,Sunday
fl_0000142,2024-03-14,AA,870,SLC,EWR,SLC-EWR,06:45,-11.0,-7.0,1,1,0,,0,275.0,1842,19,7,0.0,0.0,0.0,0.0,0.0,3,Thursday
fl_0000143,2024-04-21,AA,8527,ORD,SFO,ORD-SFO,17:30,21.0,24.0,0,0,0,,0,91.0,589,24,16,2.5,0.6,3.1,12.8,5.0,4,Sunday
fl_0000144,2024-03-28,WN,449,JFK,EWR,JFK-EWR,09:00,-9.0,-14.0,1,1,0,,0,139.0,886,12,14,0.0,0.0,0.0,0.0,0.0,3,Thursday
fl_0000145,2024-03-30,AA,8092,MIA,LAX,MIA-LAX,13:15,13.0,17.0,0,1,0,,0,128.0,830,22,16,6.5,1.7,7.0,0.8,1.0,3,Saturday
fl_0000146,2024-05-10,AS,964,MCO,EWR,MCO-EWR,21:45,-3.0,-5.0,1,1,0,,0,321.0,2259,25,11,0.0,0.0,0.0,0.0,0.0,5,Friday
fl_0000147,2024-01-23,WN,1812,MSP,PHL,MSP-PHL,12:15,16.0,23.0,0,0,0,,0,197.0,1494,17,13,3.6,3.7,10.4,4.8,0.5,1,Tuesday
fl_0000148,2024-06-18,WN,8577,SAN,SEA,SAN-SEA,11:00,13.0,4.0,1,1,0,,0,317.0,2451,29,13,0.0,0.0,0.0,0.0,0.0,6,Tuesday
fl_0000149,2024-01-21,DL,1283,FLL,LAX,FLL-LAX,08:00,1.0,2.0,1,1,0,,0,113.0,784,18,8,0.0,0.0,0.0,0.0,0.0,1,Sunday
fl_0000150,2024-06-02,DL,410,PHL,DFW,PHL-DFW,17:30,10.0,1.0,1,1,0,,0,122.0,762,13,18,0.0,0.0,0.0,0.0,0.0,6,Sunday
fl_0000151,2024-03-04,DL,5119,DTW,JFK,DTW-JFK,14:45,4.0,4.0,1,1,0,,0,47.0,253,17,15,0.0,0.0,0.0,0.0,0.0,3,Monday
fl_0000152,2024-01-21,WN,4449,MSP,ATL,MSP-ATL,19:15,10.0,4.0,1,1,0,,0,263.0,1877,10,11,0.0,0.0,0.0,0.0,0.0,1,Sunday
fl_0000153,2024-02-07,DL,6870,BWI,BOS,BWI-BOS,18:30,4.0,-3.0,1,1,0,,0,236.0,1722,14,8,0.0,0.0,0.0,0.0,0.0,2,Wednesday
fl_0000154,2024-03-18,WN,8905,IAH,DTW,IAH-DTW,18:45,11.0,2.0,1,1,0,,0,124.0,790,19,8,0.0,0.0,0.0,0.0,0.0,3,Monday
fl_0000155,2024-05-28,UA,8818,SAN,LAS,SAN-LAS,10:30,-9.0,-5.0,1,1,0,,0,161.0,1049,28,14,0.0,0.0,0.0,0.0,0.0,5,Tuesday
fl_0000156,2024-03-07,DL,2363,IAH,SLC,IAH-SLC,07:00,9.0,3.0,1,1,0,,0,290.0,1960,34,14,0.0,0.0,0.0,0.0,0.0,3,Thursday
fl_0000157,2024-03-07,AS,8079,PHX,ORD,PHX-ORD,06:30,6.0,9.0,1,1,0,,0,272.0,2036,18,14,0.0,0.0,0.0,0.0,0.0,3,Thursday
fl_0000158,2024-06-21,UA,5411,BWI,DEN,BWI-DEN,06:00,35.0,43.0,0,0,0,,0,156.0,1124,18,15,0.6,4.9,3.7,25.6,8.2,6,Friday
fl_0000159,2024-06-06,AA,6426,PHX,LGA,PHX-LGA,20:15,-10.0,-20.0,1,1,0,,0,168.0,1203,33,11,0.0,0.0,0.0,0.0,0.0,6,Thursday
fl_0000160,2024-01-21,UA,1765,DEN,CLT,DEN-CLT,10:15,-14.0,-10.0,1,1,0,,0,247.0,1834,20,7,0.0,0.0,0.0,0.0,0.0,1,Sunday
fl_0000161,2024-04-06,AA,5693,IAH,LAX,IAH-LAX,08:45,22.0,23.0,0,0,0,,0,287.0,1950,33,16,9.9,0.6,2.9,8.6,1.0,4,Saturday
fl_0000162,2024-05-24,AA,8756,SAN,MCO,SAN-MCO,09:30,-6.0,-6.0,1,1,0,,0,119.0,790,15,9,0.0,0.0,0.0,0.0,0.0,5,Friday
fl_0000163,2024-06-05,DL,391,ORD,BWI,ORD-BWI,10:45,24.0,27.0,0,0,0,,0,175.0,1231,28,11,4.8,5.7,1.1,11.8,3.6,6,Wednesday
fl_0000164,2024-01-15,AA,1259,IAH,DTW,IAH-DTW,13:00,-14.0,-21.0,1,1,0,,0,107.0,723,25,10,0.0,0.0,0.0,0.0,0.0,1,Monday
fl_0000165,2024-02-03,DL,3453,ATL,BOS,ATL-BOS,20:15,-12.0,-16.0,1,1,0,,0,157.0,1050,14,13,0.0,0.0,0.0,0.0,0.0,2,Saturday
fl_0000166,2024-02-20,NK,1494,LAX,SFO,LAX-SFO,08:45,44.0,53.0,0,0,0,,0,56.0,289,26,9,4.2,13.2,17.1,7.7,10.7,2,Tuesday
fl_0000167,2024-05-11,B6,785,FLL,ATL,FLL-ATL,10:30,7.0,-1.0,1,1,0,,0,374.0,2529,31,17,0.0,0.0,0.0,0.0,0.0,5,Saturday
fl_0000168,2024-04-14,UA,8573,LAS,MIA,LAS-MIA,20:00,6.0,2.0,1,1,0,,0,304.0,2366,15,11,0.0,0.0,0.0,0.0,0.0,4,Sunday
fl_0000169,2024-01-05,UA,4848,LAX,LGA,LAX-LGA,06:00,-8.0,-15.0,1,1,0,,0,342.0,2301,18,15,0.0,0.0,0.0,0.0,0.0,1,Friday
fl_0000170,2024-02-26,WN,8647,SFO,MSP,SFO-MSP,16:30,-7.0,-17.0,1,1,0,,0,238.0,1579,29,14,0.0,0.0,0.0,0.0,0.0,2,Monday
fl_0000171,2024-06-05,G4,2254,PHL,LAS,PHL-LAS,11:15,11.0,2.0,1,1,0,,0,230.0,1574,21,18,0.0,0.0,0.0,0.0,0.0,6,Wednesday
fl_0000172,2024-02-24,DL,3935,MCO,CLT,MCO-CLT,06:00,-1.0,-2.0,1,1,0,,0,166.0,1060,10,8,0.0,0.0,0.0,0.0,0.0,2,Saturday
fl_0000173,2024-06-12,DL,5258,BWI,SFO,BWI-SFO,06:15,-3.0,-4.0,1,1,0,,0,236.0,1684,13,12,0.0,0.0,0.0,0.0,0.0,6,Wednesday
fl_0000174,2024-05-13,B6,754,EWR,MCO,EWR-MCO,20:15,57.0,62.0,0,0,0,,0,239.0,1609,16,10,11.2,0.4,5.6,7.8,37.1,5,Monday
fl_0000175,2024-05-10,UA,7163,FLL,CLT,FLL-CLT,16:15,4.0,2.0,1,1,0,,0,154.0,1091,12,12,0.0,0.0,0.0,0.0,0.0,5,Friday
fl_0000176,2024-03-24,WN,2325,PHL,SLC,PHL-SLC,10:30,11.0,9.0,1,1,0,,0,175.0,1145,30,17,0.0,0.0,0.0,0.0,0.0,3,Sunday
fl_0000177,2024-05-05,AS,1912,SAN,MCO,SAN-MCO,13:45,5.0,7.0,1,1,0,,0,245.0,1869,33,14,0.0,0.0,0.0,0.0,0.0,5,Sunday
fl_0000178,2024-02-07,F9,2608,IAD,PHX,IAD-PHX,08:30,-2.0,-1.0,1,1,0,,0,236.0,1691,14,19,0.0,0.0,0.0,0.0,0.0,2,Wednesday
fl_0000179,2024-06-18,WN,4878,SLC,PHL,SLC-PHL,22:30,-9.0,-10.0,1,1,0,,0,351.0,2467,19,12,0.0,0.0,0.0,0.0,0.0,6,Tuesday
fl_0000180,2024-03-21,AA,3810,DFW,ATL,DFW-ATL,19:00,-7.0,-10.0,1,1,0,,0,305.0,2367,13,17,0.0,0.0,0.0,0.0,0.0,3,Thursday
fl_0000181,2024-02-17,NK,6028,ORD,IAD,ORD-IAD,22:30,11.0,14.0,1,1,0,,0,347.0,2347,28,17,0.0,0.0,0.0,0.0,0.0,2,Saturday
fl_0000182,2024-01-23,WN,6948,IAD,DFW,IAD-DFW,21:30,67.0,73.0,0,0,0,,0,206.0,1506,17,11,8.7,35.8,2.8,4.0,21.7,1,Tuesday
fl_0000183,2024-01-11,NK,1679,SFO,PHL,SFO-PHL,10:45,13.0,22.0,0,1,0,,0,214.0,1466,33,16,2.0,3.5,4.9,3.6,8.0,1,Thursday
fl_0000184,2024-01-27,WN,351,IAH,FLL,IAH-FLL,10:15,17.0,23.0,0,0,0,,0,202.0,1519,23,15,9.4,0.2,8.3,5.1,0.1,1,Saturday
fl_0000185,2024-05-13,AS,2218,MSP,DFW,MSP-DFW,15:30,0.0,,0,1,0,,1,353.0,2542,16,9,0.0,45.0,20.0,0.0,0.0,5,Monday
fl_0000186,2024-06-19,DL,741,PHL,ATL,PHL-ATL,06:00,7.0,5.0,1,1,0,,0,46.0,250,25,15,0.0,0.0,0.0,0.0,0.0,6,Wednesday
fl_0000187,2024-03-08,DL,3315,PHX,BOS,PHX-BOS,14:45,12.0,10.0,1,1,0,,0,165.0,1112,29,5,0.0,0.0,0.0,0.0,0.0,3,Friday
fl_0000188,2024-01-26,DL,6516,JFK,ORD,JFK-ORD,22:00,5.0,9.0,1,1,0,,0,123.0,809,34,5,0.0,0.0,0.0,0.0,0.0,1,Friday
fl_0000189,2024-02-25,DL,2343,SAN,JFK,SAN-JFK,09:30,-3.0,-9.0,1,1,0,,0,123.0,770,13,19,0.0,0.0,0.0,0.0,0.0,2,Sunday
fl_0000190,2024-04-14,DL,2658,LGA,LAX,LGA-LAX,09:30,-15.0,-23.0,1,1,0,,0,278.0,1867,20,8,0.0,0.0,0.0,0.0,0.0,4,Sunday
fl_0000191,2024-02-24,AA,7627,BWI,JFK,BWI-JFK,14:45,11.0,7.0,1,1,0,,0,193.0,1413,33,5,0.0,0.0,0.0,0.0,0.0,2,Saturday
fl_0000192,2024-05-09,WN,4242,LAS,CLT,LAS-CLT,10:00,-1.0,-4.0,1,1,0,,0,186.0,1368,28,17,0.0,0.0,0.0,0.0,0.0,5,Thursday
fl_0000193,2024-01-21,B6,2604,PHX,MCO,PHX-MCO,09:30,47.0,50.0,0,0,0,,0,106.0,679,32,15,13.0,15.6,2.2,17.6,1.7,1,Sunday
fl_0000194,2024-01-31,F9,291,FLL,IAD,FLL-IAD,12:45,4.0,8.0,1,1,0,,0,108.0,678,13,18,0.0,0.0,0.0,0.0,0.0,1,Wednesday
fl_0000195,2024-06-26,AA,7220,ORD,LGA,ORD-LGA,18:30,-4.0,-8.0,1,1,0,,0,365.0,2543,33,11,0.0,0.0,0.0,0.0,0.0,6,Wednesday
fl_0000196,2024-05-05,AA,7870,SLC,BWI,SLC-BWI,06:00,-6.0,-2.0,1,1,0,,0,210.0,1404,22,6,0.0,0.0,0.0,0.0,0.0,5,Sunday
fl_0000197,2024-03-21,DL,1913,LAS,LGA,LAS-LGA,20:00,11.0,12.0,1,1,0,,0,206.0,1535,26,18,0.0,0.0,0.0,0.0,0.0,3,Thursday
fl_0000198,2024-03-09,WN,3810,LAS,SFO,LAS-SFO,18:00,-7.0,-16.0,1,1,0,,0,312.0,2292,30,8,0.0,0.0,0.0,0.0,0.0,3,Saturday
fl_0000199,2024-03-02,B6,1268,IAD,IAH,IAD-IAH,18:45,-1.0,-11.0,1,1,0,,0,86.0,551,13,12,0.0,0.0,0.0,0.0,0.0,3,Saturday
fl_0000200,2024-01-13,NK,1547,DEN,DTW,DEN-DTW,21:30,-1.0,0.0,1,1,0,,0,264.0,1894,34,15,0.0,0.0,0.0,0.0,0.0,1,Saturday
fl_0000201,2024-04-07,AS,1159,EWR,JFK,EWR-JFK,06:45,-2.0,1.0,1,1,0,,0,336.0,2592,17,16,0.0,0.0,0.0,0.0,0.0,4,Sunday
fl_0000202,2024-01-15,DL,5127,DEN,SAN,DEN-SAN,20:30,-13.0,-16.0,1,1,0,,0,97.0,613,28,14,0.0,0.0,0.0,0.0,0.0,1,Monday
fl_0000203,2024-06-20,UA,8916,DTW,DFW,DTW-DFW,11:45,-9.0,-19.0,1,1,0,,0,98.0,645,27,6,0.0,0.0,0.0,0.0,0.0,6,Thursday
fl_0000204,2024-02-19,AA,883,PHL,DFW,PHL-DFW,09:45,-9.0,-15.0,1,1,0,,0,123.0,877,21,16,0.0,0.0,0.0,0.0,0.0,2,Monday
fl_0000205,2024-05-08,DL,3028,ATL,MCO,ATL-MCO,18:45,5.0,-5.0,1,1,0,,0,213.0,1607,21,11,0.0,0.0,0.0,0.0,0.0,5,Wednesday
fl_0000206,2024-02-29,WN,2835,JFK,FLL,JFK-FLL,17:45,24.0,30.0,0,0,0,,0,233.0,1608,32,8,0.1,2.6,25.6,0.2,1.6,2,Thursday
fl_0000207,2024-06-06,DL,3876,BWI,IAD,BWI-IAD,13:30,9.0,4.0,1,1,0,,0,167.0,1135,28,5,0.0,0.0,0.0,0.0,0.0,6,Thursday
fl_0000208,2024-02-18,DL,5939,DEN,DFW,DEN-DFW,13:00,-15.0,-13.0,1,1,0,,0,192.0,1392,34,13,0.0,0.0,0.0,0.0,0.0,2,Sunday
fl_0000209,2024-03-03,AA,5183,SFO,DTW,SFO-DTW,19:30,-11.0,-21.0,1,1,0,,0,299.0,2261,32,12,0.0,0.0,0.0,0.0,0.0,3,Sunday
fl_0000210,2024-02-16,AA,2073,LGA,ORD,LGA-ORD,19:15,-5.0,-4.0,1,1,0,,0,82.0,471,16,7,0.0,0.0,0.0,0.0,0.0,2,Friday
fl_0000211,2024-01-28,AA,7887,MIA,LAX,MIA-LAX,20:30,81.0,82.0,0,0,0,,0,101.0,618,32,10,11.8,32.9,11.6,3.7,22.1,1,Sunday
fl_0000212,2024-06-03,UA,1779,PHX,DTW,PHX-DTW,14:45,-3.0,-13.0,1,1,0,,0,227.0,1586,24,6,0.0,0.0,0.0,0.0,0.0,6,Monday
fl_0000213,2024-04-25,DL,5469,FLL,IAH,FLL-IAH,07:30,-9.0,-12.0,1,1,0,,0,179.0,1257,16,14,0.0,0.0,0.0,0.0,0.0,4,Thursday
fl_0000214,2024-02-25,DL,3543,MIA,BWI,MIA-BWI,17:00,-14.0,-16.0,1,1,0,,0,288.0,1914,28,18,0.0,0.0,0.0,0.0,0.0,2,Sunday
fl_0000215,2024-02-11,AA,3084,MIA,FLL,MIA-FLL,17:30,8.0,2.0,1,1,0,,0,326.0,2451,21,17,0.0,0.0,0.0,0.0,0.0,2,Sunday
fl_0000216,2024-02-26,DL,481,SEA,LAS,SEA-LAS,20:30,-10.0,-12.0,1,1,0,,0,78.0,446,34,6,0.0,0.0,0.0,0.0,0.0,2,Monday
fl_0000217,2024-04-21,G4,7600,LAX,LGA,LAX-LGA,08:15,12.0,10.0,1,1,0,,0,278.0,1863,18,5,0.0,0.0,0.0,0.0,0.0,4,Sunday
fl_0000218,2024-01-09,WN,5140,IAD,LGA,IAD-LGA,16:45,13.0,12.0,1,1,0,,0,282.0,2015,33,9,0.0,0.0,0.0,0.0,0.0,1,Tuesday
fl_0000219,2024-01-09,AA,4921,LAX,DTW,LAX-DTW,08:30,2.0,-1.0,1,1,0,,0,239.0,1663,31,16,0.0,0.0,0.0,0.0,0.0,1,Tuesday
fl_0000220,2024-04-24,AA,2903,BOS,JFK,BOS-JFK,13:30,-13.0,-17.0,1,1,0,,0,283.0,2086,34,11,0.0,0.0,0.0,0.0,0.0,4,Wednesday
fl_0000221,2024-04-13,WN,1559,MCO,IAH,MCO-IAH,15:15,-13.0,-15.0,1,1,0,,0,263.0,2036,10,18,0.0,0.0,0.0,0.0,0.0,4,Saturday
fl_0000222,2024-04-04,B6,5927,BOS,JFK,BOS-JFK,15:00,0.0,1.0,1,1,0,,0,219.0,1621,20,8,0.0,0.0,0.0,0.0,0.0,4,Thursday
fl_0000223,2024-02-27,UA,6204,LAS,PHX,LAS-PHX,12:15,46.0,55.0,0,0,0,,0,49.0,274,19,11,13.7,4.6,19.9,12.9,3.9,2,Tuesday
fl_0000224,2024-03-07,DL,4182,DFW,DTW,DFW-DTW,06:30,-6.0,-9.0,1,1,0,,0,125.0,845,32,11,0.0,0.0,0.0,0.0,0.0,3,Thursday
fl_0000225,2024-01-28,NK,7156,FLL,BWI,FLL-BWI,12:00,4.0,8.0,1,1,0,,0,323.0,2426,14,11,0.0,0.0,0.0,0.0,0.0,1,Sunday
fl_0000226,2024-05-27,UA,6303,IAH,SFO,IAH-SFO,20:00,4.0,-6.0,1,1,0,,0,58.0,333,11,9,0.0,0.0,0.0,0.0,0.0,5,Monday
fl_0000227,2024-05-06,WN,909,EWR,PHX,EWR-PHX,17:30,5.0,9.0,1,1,0,,0,108.0,726,11,14,0.0,0.0,0.0,0.0,0.0,5,Monday
fl_0000228,2024-03-14,WN,7376,LAX,DFW,LAX-DFW,08:30,1.0,-4.0,1,1,0,,0,188.0,1222,21,17,0.0,0.0,0.0,0.0,0.0,3,Thursday
fl_0000229,2024-04-28,DL,3967,ORD,CLT,ORD-CLT,18:45,3.0,-6.0,1,1,0,,0,201.0,1465,31,15,0.0,0.0,0.0,0.0,0.0,4,Sunday
fl_0000230,2024-01-14,DL,2358,BWI,IAD,BWI-IAD,10:30,,,0,0,1,Carrier,0,311.0,2122,30,19,0.0,0.0,0.0,0.0,0.0,1,Sunday
fl_0000231,2024-01-14,AA,5025,SLC,MSP,SLC-MSP,22:00,-12.0,-19.0,1,1,0,,0,249.0,1795,10,9,0.0,0.0,0.0,0.0,0.0,1,Sunday
fl_0000232,2024-02-06,DL,6564,SAN,EWR,SAN-EWR,16:30,-10.0,-7.0,1,1,0,,0,173.0,1163,31,13,0.0,0.0,0.0,0.0,0.0,2,Tuesday
fl_0000233,2024-01-10,DL,3065,SLC,LAS,SLC-LAS,06:15,-14.0,-10.0,1,1,0,,0,215.0,1573,13,9,0.0,0.0,0.0,0.0,0.0,1,Wednesday
fl_0000234,2024-01-06,DL,7214,MIA,IAD,MIA-IAD,10:00,17.0,18.0,0,0,0,,0,303.0,2287,12,6,0.8,6.5,2.2,1.8,6.8,1,Saturday
fl_0000235,2024-02-10,AS,8523,BOS,SFO,BOS-SFO,18:45,9.0,11.0,1,1,0,,0,328.0,2216,12,12,0.0,0.0,0.0,0.0,0.0,2,Saturday
fl_0000236,2024-02-04,B6,7689,LAX,LGA,LAX-LGA,10:45,11.0,12.0,1,1,0,,0,56.0,290,17,5,0.0,0.0,0.0,0.0,0.0,2,Sunday
fl_0000237,2024-05-15,AA,4549,MIA,SAN,MIA-SAN,22:30,5.0,9.0,1,1,0,,0,313.0,2346,22,18,0.0,0.0,0.0,0.0,0.0,5,Wednesday
fl_0000238,2024-02-11,B6,4504,IAD,IAH,IAD-IAH,13:30,5.0,4.0,1,1,0,,0,326.0,2446,29,10,0.0,0.0,0.0,0.0,0.0,2,Sunday
fl_0000239,2024-01-06,DL,2865,BOS,LGA,BOS-LGA,22:30,-6.0,-12.0,1,1,0,,0,248.0,1644,17,14,0.0,0.0,0.0,0.0,0.0,1,Saturday
fl_0000240,2024-05-13,DL,7890,SLC,SAN,SLC-SAN,16:45,6.0,,0,1,0,,1,159.0,1164,11,19,0.0,45.0,20.0,0.0,0.0,5,Monday
fl_0000241,2024-01-06,WN,4283,CLT,MIA,CLT-MIA,17:00,6.0,10.0,1,1,0,,0,344.0,2456,19,8,0.0,0.0,0.0,0.0,0.0,1,Saturday
fl_0000242,2024-04-23,DL,8527,JFK,PHX,JFK-PHX,19:15,0.0,-2.0,1,1,0,,0,50.0,277,13,10,0.0,0.0,0.0,0.0,0.0,4,Tuesday
fl_0000243,2024-06-09,AS,4430,LAS,IAH,LAS-IAH,10:30,23.0,23.0,0,0,0,,0,242.0,1695,13,10,1.8,3.2,2.1,4.1,11.8,6,Sunday
fl_0000244,2024-02-25,AA,495,LGA,FLL,LGA-FLL,17:15,-4.0,-2.0,1,1,0,,0,181.0,1167,31,18,0.0,0.0,0.0,0.0,0.0,2,Sunday
fl_0000245,2024-01-10,UA,6119,JFK,IAH,JFK-IAH,17:00,52.0,59.0,0,0,0,,0,155.0,985,34,18,4.6,18.8,8.8,12.3,14.5,1,Wednesday
fl_0000246,2024-03-25,DL,2282,PHL,DEN,PHL-DEN,21:45,7.0,9.0,1,1,0,,0,195.0,1340,11,17,0.0,0.0,0.0,0.0,0.0,3,Monday
fl_0000247,2024-04-21,B6,7179,LGA,SEA,LGA-SEA,21:15,-4.0,-3.0,1,1,0,,0,223.0,1493,34,19,0.0,0.0,0.0,0.0,0.0,4,Sunday
fl_0000248,2024-01-13,B6,6401,MCO,LAS,MCO-LAS,07:30,-6.0,-6.0,1,1,0,,0,284.0,2137,14,17,0.0,0.0,0.0,0.0,0.0,1,Saturday
fl_0000249,2024-02-01,B6,5722,MSP,SEA,MSP-SEA,14:00,-8.0,-4.0,1,1,0,,0,140.0,962,23,12,0.0,0.0,0.0,0.0,0.0,2,Thursday
fl_0000250,2024-05-08,WN,4166,BOS,ATL,BOS-ATL,17:45,14.0,17.0,0,1,0,,0,249.0,1665,32,15,2.1,0.8,1.5,2.2,10.3,5,Wednesday
fl_0000251,2024-04-19,AA,6333,CLT,LAX,CLT-LAX,08:15,37.0,37.0,0,0,0,,0,273.0,1823,21,19,0.9,2.1,1.2,8.1,24.7,4,Friday
fl_0000252,2024-01-08,DL,1962,MIA,JFK,MIA-JFK,19:00,-15.0,-19.0,1,1,0,,0,270.0,1825,33,8,0.0,0.0,0.0,0.0,0.0,1,Monday
fl_0000253,2024-01-10,UA,7760,CLT,BWI,CLT-BWI,20:15,1.0,-7.0,1,1,0,,0,196.0,1471,13,19,0.0,0.0,0.0,0.0,0.0,1,Wednesday
fl_0000254,2024-01-17,DL,7977,JFK,IAH,JFK-IAH,10:45,12.0,5.0,1,1,0,,0,266.0,1823,32,5,0.0,0.0,0.0,0.0,0.0,1,Wednesday
fl_0000255,2024-01-07,AS,2066,FLL,LAX,FLL-LAX,16:15,-6.0,-14.0,1,1,0,,0,199.0,1376,33,12,0.0,0.0,0.0,0.0,0.0,1,Sunday
fl_0000256,2024-02-23,NK,5528,IAD,CLT,IAD-CLT,07:00,2.0,-4.0,1,1,0,,0,88.0,596,10,9,0.0,0.0,0.0,0.0,0.0,2,Friday
fl_0000257,2024-06-10,DL,2277,LAS,SAN,LAS-SAN,19:00,-8.0,-17.0,1,1,0,,0,51.0,276,34,14,0.0,0.0,0.0,0.0,0.0,6,Monday
fl_0000258,2024-01-26,NK,6004,ORD,FLL,ORD-FLL,12:00,-6.0,-6.0,1,1,0,,0,86.0,577,11,16,0.0,0.0,0.0,0.0,0.0,1,Friday
fl_0000259,2024-03-12,AS,2591,EWR,LAX,EWR-LAX,21:45,-13.0,-22.0,1,1,0,,0,196.0,1315,30,19,0.0,0.0,0.0,0.0,0.0,3,Tuesday
fl_0000260,2024-03-24,WN,2780,PHX,ORD,PHX-ORD,21:45,-3.0,-10.0,1,1,0,,0,136.0,906,16,17,0.0,0.0,0.0,0.0,0.0,3,Sunday
fl_0000261,2024-01-29,AA,564,MSP,LAS,MSP-LAS,06:15,,,0,0,1,Weather,0,170.0,1183,12,13,0.0,0.0,0.0,0.0,0.0,1,Monday
fl_0000262,2024-01-15,WN,5323,JFK,DTW,JFK-DTW,08:15,-9.0,-6.0,1,1,0,,0,112.0,725,17,13,0.0,0.0,0.0,0.0,0.0,1,Monday
fl_0000263,2024-04-01,AA,5647,FLL,SAN,FLL-SAN,11:45,6.0,8.0,1,1,0,,0,270.0,2005,13,7,0.0,0.0,0.0,0.0,0.0,4,Monday
fl_0000264,2024-04-25,NK,5310,LAS,ATL,LAS-ATL,06:30,-2.0,-6.0,1,1,0,,0,152.0,1024,31,19,0.0,0.0,0.0,0.0,0.0,4,Thursday
fl_0000265,2024-04-09,DL,349,PHX,DTW,PHX-DTW,19:30,-11.0,-20.0,1,1,0,,0,250.0,1799,22,15,0.0,0.0,0.0,0.0,0.0,4,Tuesday
fl_0000266,2024-01-18,DL,8868,IAH,EWR,IAH-EWR,11:30,19.0,22.0,0,0,0,,0,284.0,2019,22,19,0.5,9.8,5.0,5.6,1.1,1,Thursday
fl_0000267,2024-06-08,UA,5977,CLT,IAD,CLT-IAD,06:45,4.0,8.0,1,1,0,,0,296.0,2079,17,13,0.0,0.0,0.0,0.0,0.0,6,Saturday
fl_0000268,2024-04-09,NK,3742,SEA,MIA,SEA-MIA,10:45,-13.0,-20.0,1,1,0,,0,199.0,1393,22,9,0.0,0.0,0.0,0.0,0.0,4,Tuesday
fl_0000269,2024-06-09,UA,4293,LGA,SEA,LGA-SEA,07:15,-8.0,-17.0,1,1,0,,0,123.0,865,11,10,0.0,0.0,0.0,0.0,0.0,6,Sunday
fl_0000270,2024-01-27,DL,1069,LAX,BOS,LAX-BOS,21:00,-11.0,-11.0,1,1,0,,0,98.0,678,28,15,0.0,0.0,0.0,0.0,0.0,1,Saturday
fl_0000271,2024-01-24,B6,7902,FLL,ORD,FLL-ORD,09:30,12.0,4.0,1,1,0,,0,273.0,2022,22,8,0.0,0.0,0.0,0.0,0.0,1,Wednesday
fl_0000272,2024-03-20,DL,7249,DEN,DTW,DEN-DTW,12:45,-6.0,-6.0,1,1,0,,0,99.0,658,14,5,0.0,0.0,0.0,0.0,0.0,3,Wednesday
fl_0000273,2024-03-30,UA,2097,IAD,DTW,IAD-DTW,16:00,-15.0,-12.0,1,1,0,,0,248.0,1735,29,13,0.0,0.0,0.0,0.0,0.0,3,Saturday
fl_0000274,2024-06-14,AA,822,PHL,BWI,PHL-BWI,09:30,-12.0,-15.0,1,1,0,,0,87.0,585,34,19,0.0,0.0,0.0,0.0,0.0,6,Friday
fl_0000275,2024-01-04,WN,5888,DEN,IAH,DEN-IAH,11:45,-2.0,0.0,1,1,0,,0,286.0,1951,22,17,0.0,0.0,0.0,0.0,0.0,1,Thursday
fl_0000276,2024-06-15,WN,507,MCO,ATL,MCO-ATL,11:15,12.0,11.0,1,1,0,,0,241.0,1712,32,9,0.0,0.0,0.0,0.0,0.0,6,Saturday
fl_0000277,2024-05-11,WN,2339,SFO,PHX,SFO-PHX,07:30,17.0,21.0,0,0,0,,0,210.0,1482,16,18,4.6,9.3,2.1,3.8,1.2,5,Saturday
fl_0000278,2024-01-08,UA,7284,SEA,BOS,SEA-BOS,16:00,12.0,11.0,1,1,0,,0,182.0,1213,14,16,0.0,0.0,0.0,0.0,0.0,1,Monday
fl_0000279,2024-04-03,DL,3325,LGA,SFO,LGA-SFO,21:30,11.0,17.0,0,1,0,,0,161.0,1173,25,11,5.4,0.4,0.8,0.4,10.0,4,Wednesday
fl_0000280,2024-01-24,WN,405,EWR,IAD,EWR-IAD,10:15,,,0,0,1,Weather,0,145.0,1031,27,9,0.0,0.0,0.0,0.0,0.0,1,Wednesday
fl_0000281,2024-06-14,AA,5503,SAN,DTW,SAN-DTW,18:30,2.0,5.0,1,1,0,,0,233.0,1783,28,7,0.0,0.0,0.0,0.0,0.0,6,Friday
fl_0000282,2024-01-19,F9,2294,BOS,SAN,BOS-SAN,11:15,-10.0,-8.0,1,1,0,,0,381.0,2587,12,17,0.0,0.0,0.0,0.0,0.0,1,Friday
fl_0000283,2024-01-07,HA,3051,DFW,JFK,DFW-JFK,16:30,-6.0,-6.0,1,1,0,,0,101.0,697,19,9,0.0,0.0,0.0,0.0,0.0,1,Sunday
fl_0000284,2024-06-20,DL,3435,DTW,BOS,DTW-BOS,14:00,34.0,34.0,0,0,0,,0,324.0,2406,25,11,1.7,0.9,13.9,11.0,6.6,6,Thursday
fl_0000285,2024-06-24,UA,8390,BWI,SAN,BWI-SAN,12:15,10.0,9.0,1,1,0,,0,147.0,1085,14,13,0.0,0.0,0.0,0.0,0.0,6,Monday
fl_0000286,2024-01-14,AS,737,SLC,CLT,SLC-CLT,11:15,12.0,16.0,0,1,0,,0,75.0,468,21,6,0.0,0.0,0.0,0.0,0.0,1,Sunday
fl_0000287,2024-05-02,WN,733,ORD,EWR,ORD-EWR,19:15,-8.0,-15.0,1,1,0,,0,198.0,1308,25,18,0.0,0.0,0.0,0.0,0.0,5,Thursday
fl_0000288,2024-03-16,DL,4783,JFK,EWR,JFK-EWR,20:45,4.0,7.0,1,1,0,,0,134.0,939,28,19,0.0,0.0,0.0,0.0,0.0,3,Saturday
fl_0000289,2024-01-17,B6,6538,BWI,CLT,BWI-CLT,15:30,6.0,7.0,1,1,0,,0,78.0,471,19,10,0.0,0.0,0.0,0.0,0.0,1,Wednesday
fl_0000290,2024-04-11,UA,1382,SLC,SFO,SLC-SFO,19:30,-15.0,-23.0,1,1,0,,0,294.0,2210,11,16,0.0,0.0,0.0,0.0,0.0,4,Thursday
fl_0000291,2024-03-17,UA,8801,SAN,ORD,SAN-ORD,08:00,-5.0,-13.0,1,1,0,,0,241.0,1736,18,13,0.0,0.0,0.0,0.0,0.0,3,Sunday
fl_0000292,2024-03-28,UA,1910,MIA,DTW,MIA-DTW,22:15,-11.0,-14.0,1,1,0,,0,301.0,2099,24,5,0.0,0.0,0.0,0.0,0.0,3,Thursday
fl_0000293,2024-02-10,DL,5533,SLC,LAX,SLC-LAX,07:00,-5.0,-4.0,1,1,0,,0,138.0,901,14,10,0.0,0.0,0.0,0.0,0.0,2,Saturday
fl_0000294,2024-04-12,UA,2671,DEN,PHX,DEN-PHX,12:30,-9.0,-14.0,1,1,0,,0,218.0,1588,21,13,0.0,0.0,0.0,0.0,0.0,4,Friday
fl_0000295,2024-02-08,F9,4293,ORD,ATL,ORD-ATL,12:45,11.0,1.0,1,1,0,,0,147.0,984,11,11,0.0,0.0,0.0,0.0,0.0,2,Thursday
fl_0000296,2024-04-03,HA,6421,SEA,MCO,SEA-MCO,22:30,-1.0,-7.0,1,1,0,,0,336.0,2503,25,12,0.0,0.0,0.0,0.0,0.0,4,Wednesday
fl_0000297,2024-06-08,NK,4202,IAH,LAS,IAH-LAS,19:15,8.0,2.0,1,1,0,,0,83.0,508,29,7,0.0,0.0,0.0,0.0,0.0,6,Saturday
fl_0000298,2024-01-13,UA,8968,LGA,DTW,LGA-DTW,14:30,9.0,9.0,1,1,0,,0,156.0,1041,10,11,0.0,0.0,0.0,0.0,0.0,1,Saturday
fl_0000299,2024-03-15,NK,3544,DFW,CLT,DFW-CLT,19:45,-2.0,-5.0,1,1,0,,0,104.0,641,20,18,0.0,0.0,0.0,0.0,0.0,3,Friday
fl_0000300,2024-02-28,UA,7570,SEA,MSP,SEA-MSP,14:45,10.0,2.0,1,1,0,,0,70.0,388,25,18,0.0,0.0,0.0,0.0,0.0,2,Wednesday
fl_0000301,2024-03-18,WN,3848,DTW,LGA,DTW-LGA,19:45,1.0,-7.0,1,1,0,,0,73.0,464,14,7,0.0,0.0,0.0,0.0,0.0,3,Monday
fl_0000302,2024-01-03,G4,4273,PHL,IAH,PHL-IAH,20:15,3.0,0.0,1,1,0,,0,253.0,1710,29,15,0.0,0.0,0.0,0.0,0.0,1,Wednesday
fl_0000303,2024-04-04,G4,4929,DEN,MCO,DEN-MCO,09:45,9.0,9.0,1,1,0,,0,181.0,1269,29,16,0.0,0.0,0.0,0.0,0.0,4,Thursday
fl_0000304,2024-05-13,DL,5129,MIA,IAH,MIA-IAH,09:45,-13.0,-23.0,1,1,0,,0,230.0,1570,26,16,0.0,0.0,0.0,0.0,0.0,5,Monday
fl_0000305,2024-01-29,B6,889,PHX,SAN,PHX-SAN,18:45,0.0,-6.0,1,1,0,,0,215.0,1531,21,15,0.0,0.0,0.0,0.0,0.0,1,Monday
fl_0000306,2024-01-16,DL,4864,SEA,LAX,SEA-LAX,07:15,8.0,10.0,1,1,0,,0,376.0,2528,27,17,0.0,0.0,0.0,0.0,0.0,1,Tuesday
fl_0000307,2024-02-21,AA,7902,FLL,MSP,FLL-MSP,08:15,6.0,-1.0,1,1,0,,0,302.0,2008,15,6,0.0,0.0,0.0,0.0,0.0,2,Wednesday
fl_0000308,2024-02-29,AS,764,DTW,IAH,DTW-IAH,21:45,-11.0,-7.0,1,1,0,,0,217.0,1463,31,16,0.0,0.0,0.0,0.0,0.0,2,Thursday
fl_0000309,2024-05-26,NK,3045,JFK,EWR,JFK-EWR,07:15,-1.0,-2.0,1,1,0,,0,102.0,713,24,9,0.0,0.0,0.0,0.0,0.0,5,Sunday
fl_0000310,2024-06-04,DL,1246,FLL,ATL,FLL-ATL,10:15,6.0,-3.0,1,1,0,,0,191.0,1403,22,8,0.0,0.0,0.0,0.0,0.0,6,Tuesday
fl_0000311,2024-05-18,UA,8980,EWR,LAX,EWR-LAX,16:15,-7.0,-17.0,1,1,0,,0,69.0,424,28,17,0.0,0.0,0.0,0.0,0.0,5,Saturday
fl_0000312,2024-01-30,WN,8982,SAN,EWR,SAN-EWR,16:45,1.0,-2.0,1,1,0,,0,196.0,1320,24,19,0.0,0.0,0.0,0.0,0.0,1,Tuesday
fl_0000313,2024-03-26,HA,1798,SFO,MCO,SFO-MCO,16:45,-14.0,-14.0,1,1,0,,0,222.0,1479,19,11,0.0,0.0,0.0,0.0,0.0,3,Tuesday
fl_0000314,2024-04-04,DL,371,JFK,MCO,JFK-MCO,21:45,291.0,292.0,0,0,0,,0,310.0,2132,15,19,19.8,118.1,36.1,105.9,12.1,4,Thursday
fl_0000315,2024-03-05,AA,6252,LAS,JFK,LAS-JFK,11:15,6.0,5.0,1,1,0,,0,112.0,797,12,5,0.0,0.0,0.0,0.0,0.0,3,Tuesday
fl_0000316,2024-03-26,DL,7740,FLL,BOS,FLL-BOS,22:45,2.0,-7.0,1,1,0,,0,301.0,2225,21,6,0.0,0.0,0.0,0.0,0.0,3,Tuesday
fl_0000317,2024-06-05,AA,7790,LAS,BWI,LAS-BWI,16:30,1.0,-4.0,1,1,0,,0,149.0,955,22,11,0.0,0.0,0.0,0.0,0.0,6,Wednesday
fl_0000318,2024-06-18,WN,5978,FLL,EWR,FLL-EWR,16:30,55.0,55.0,0,0,0,,0,287.0,2142,14,6,8.6,13.6,8.7,22.5,1.6,6,Tuesday
fl_0000319,2024-03-05,AS,2688,EWR,MSP,EWR-MSP,12:45,8.0,11.0,1,1,0,,0,254.0,1719,11,19,0.0,0.0,0.0,0.0,0.0,3,Tuesday
fl_0000320,2024-05-15,AA,6671,PHL,DTW,PHL-DTW,12:45,0.0,0.0,1,1,0,,0,339.0,2270,29,6,0.0,0.0,0.0,0.0,0.0,5,Wednesday
fl_0000321,2024-02-21,AA,8144,FLL,MCO,FLL-MCO,12:45,-4.0,-5.0,1,1,0,,0,149.0,946,16,16,0.0,0.0,0.0,0.0,0.0,2,Wednesday
fl_0000322,2024-01-13,G4,4100,PHX,IAH,PHX-IAH,18:00,7.0,5.0,1,1,0,,0,183.0,1223,13,8,0.0,0.0,0.0,0.0,0.0,1,Saturday
fl_0000323,2024-02-19,AA,1650,LAS,MIA,LAS-MIA,15:00,-7.0,-17.0,1,1,0,,0,320.0,2143,24,7,0.0,0.0,0.0,0.0,0.0,2,Monday
fl_0000324,2024-04-22,AS,4869,IAH,SEA,IAH-SEA,19:45,-13.0,-11.0,1,1,0,,0,57.0,321,18,17,0.0,0.0,0.0,0.0,0.0,4,Monday
fl_0000325,2024-02-27,F9,3384,SLC,JFK,SLC-JFK,20:45,-5.0,-14.0,1,1,0,,0,93.0,571,10,9,0.0,0.0,0.0,0.0,0.0,2,Tuesday
fl_0000326,2024-01-28,AA,6944,DFW,BWI,DFW-BWI,11:45,0.0,1.0,1,1,0,,0,230.0,1600,18,16,0.0,0.0,0.0,0.0,0.0,1,Sunday
fl_0000327,2024-01-15,AA,6212,MSP,IAD,MSP-IAD,07:30,0.0,-8.0,1,1,0,,0,351.0,2438,28,15,0.0,0.0,0.0,0.0,0.0,1,Monday
fl_0000328,2024-01-26,DL,7467,BOS,EWR,BOS-EWR,13:30,13.0,13.0,1,1,0,,0,106.0,646,27,16,0.0,0.0,0.0,0.0,0.0,1,Friday
fl_0000329,2024-01-02,UA,3538,SFO,SEA,SFO-SEA,11:30,-5.0,-15.0,1,1,0,,0,115.0,763,29,6,0.0,0.0,0.0,0.0,0.0,1,Tuesday
fl_0000330,2024-02-14,DL,8233,MSP,PHL,MSP-PHL,19:30,-4.0,-12.0,1,1,0,,0,344.0,2499,25,8,0.0,0.0,0.0,0.0,0.0,2,Wednesday
fl_0000331,2024-04-24,DL,6149,FLL,ORD,FLL-ORD,13:00,,,0,0,1,Weather,0,361.0,2538,27,12,0.0,0.0,0.0,0.0,0.0,4,Wednesday
fl_0000332,2024-04-04,AS,5292,BWI,PHL,BWI-PHL,06:45,1.0,-8.0,1,1,0,,0,108.0,741,12,7,0.0,0.0,0.0,0.0,0.0,4,Thursday
fl_0000333,2024-05-18,WN,3616,CLT,JFK,CLT-JFK,06:15,22.0,28.0,0,0,0,,0,211.0,1528,16,18,8.6,6.4,4.4,6.8,1.9,5,Saturday
fl_0000334,2024-04-05,DL,4438,CLT,DFW,CLT-DFW,06:45,12.0,8.0,1,1,0,,0,181.0,1185,33,17,0.0,0.0,0.0,0.0,0.0,4,Friday
fl_0000335,2024-04-25,UA,5463,MSP,LAX,MSP-LAX,19:45,6.0,4.0,1,1,0,,0,258.0,1710,29,13,0.0,0.0,0.0,0.0,0.0,4,Thursday
fl_0000336,2024-02-21,DL,1671,BWI,PHX,BWI-PHX,08:15,-4.0,-4.0,1,1,0,,0,68.0,377,22,14,0.0,0.0,0.0,0.0,0.0,2,Wednesday
fl_0000337,2024-04-16,NK,4951,FLL,JFK,FLL-JFK,07:30,-14.0,-21.0,1,1,0,,0,298.0,2311,15,5,0.0,0.0,0.0,0.0,0.0,4,Tuesday
fl_0000338,2024-01-04,NK,4390,MIA,BOS,MIA-BOS,13:00,48.0,52.0,0,0,0,,0,88.0,599,25,17,30.4,2.0,2.1,5.5,12.0,1,Thursday
fl_0000339,2024-06-03,AA,2208,PHL,SFO,PHL-SFO,22:30,38.0,38.0,0,0,0,,0,145.0,1036,10,19,0.1,0.7,3.3,32.1,1.8,6,Monday
fl_0000340,2024-06-16,UA,3566,BWI,LAX,BWI-LAX,08:00,,,0,0,1,Weather,0,203.0,1344,29,13,0.0,0.0,0.0,0.0,0.0,6,Sunday
fl_0000341,2024-02-03,UA,7720,BOS,BWI,BOS-BWI,12:45,6.0,-2.0,1,1,0,,0,333.0,2257,15,16,0.0,0.0,0.0,0.0,0.0,2,Saturday
fl_0000342,2024-06-20,DL,4568,EWR,SAN,EWR-SAN,16:00,2.0,1.0,1,1,0,,0,68.0,428,26,16,0.0,0.0,0.0,0.0,0.0,6,Thursday
fl_0000343,2024-01-03,AA,5477,DEN,FLL,DEN-FLL,11:45,10.0,12.0,1,1,0,,0,297.0,2135,24,8,0.0,0.0,0.0,0.0,0.0,1,Wednesday
fl_0000344,2024-04-28,WN,455,LAX,DTW,LAX-DTW,12:45,5.0,6.0,1,1,0,,0,80.0,461,23,6,0.0,0.0,0.0,0.0,0.0,4,Sunday
fl_0000345,2024-03-30,UA,4000,MCO,CLT,MCO-CLT,21:30,-12.0,-17.0,1,1,0,,0,181.0,1213,13,18,0.0,0.0,0.0,0.0,0.0,3,Saturday
fl_0000346,2024-02-08,AS,3144,DFW,LGA,DFW-LGA,19:00,-5.0,-2.0,1,1,0,,0,313.0,2434,31,17,0.0,0.0,0.0,0.0,0.0,2,Thursday
fl_0000347,2024-04-16,NK,5313,LGA,SLC,LGA-SLC,14:15,-2.0,-9.0,1,1,0,,0,225.0,1570,11,10,0.0,0.0,0.0,0.0,0.0,4,Tuesday
fl_0000348,2024-03-13,AA,8458,MSP,PHL,MSP-PHL,18:30,13.0,9.0,1,1,0,,0,58.0,318,32,9,0.0,0.0,0.0,0.0,0.0,3,Wednesday
fl_0000349,2024-04-27,DL,7987,PHX,IAD,PHX-IAD,12:00,-15.0,-21.0,1,1,0,,0,279.0,1975,19,19,0.0,0.0,0.0,0.0,0.0,4,Saturday
fl_0000350,2024-02-08,UA,5150,SLC,PHX,SLC-PHX,07:30,10.0,5.0,1,1,0,,0,51.0,278,15,6,0.0,0.0,0.0,0.0,0.0,2,Thursday
fl_0000351,2024-05-24,AA,4149,BOS,ORD,BOS-ORD,08:00,7.0,0.0,1,1,0,,0,58.0,346,33,18,0.0,0.0,0.0,0.0,0.0,5,Friday
fl_0000352,2024-01-26,DL,2081,SFO,SEA,SFO-SEA,16:15,5.0,9.0,1,1,0,,0,110.0,701,23,9,0.0,0.0,0.0,0.0,0.0,1,Friday
fl_0000353,2024-02-23,AA,1407,SFO,DFW,SFO-DFW,21:45,-10.0,-11.0,1,1,0,,0,189.0,1424,26,19,0.0,0.0,0.0,0.0,0.0,2,Friday
fl_0000354,2024-02-29,WN,4538,CLT,SAN,CLT-SAN,11:30,-7.0,-8.0,1,1,0,,0,326.0,2396,19,9,0.0,0.0,0.0,0.0,0.0,2,Thursday
fl_0000355,2024-03-20,DL,143,SEA,EWR,SEA-EWR,07:00,74.0,77.0,0,0,0,,0,96.0,619,14,7,8.0,26.0,12.3,21.9,8.8,3,Wednesday
fl_0000356,2024-02-08,WN,799,LAS,DTW,LAS-DTW,21:30,7.0,7.0,1,1,0,,0,101.0,657,31,14,0.0,0.0,0.0,0.0,0.0,2,Thursday
fl_0000357,2024-05-11,UA,2309,SAN,SLC,SAN-SLC,14:30,8.0,4.0,1,1,0,,0,126.0,808,31,12,0.0,0.0,0.0,0.0,0.0,5,Saturday
fl_0000358,2024-02-07,NK,606,JFK,SAN,JFK-SAN,10:00,8.0,-2.0,1,1,0,,0,251.0,1692,17,18,0.0,0.0,0.0,0.0,0.0,2,Wednesday
fl_0000359,2024-03-10,WN,6766,SLC,SFO,SLC-SFO,17:00,-12.0,-8.0,1,1,0,,0,269.0,1803,11,10,0.0,0.0,0.0,0.0,0.0,3,Sunday
fl_0000360,2024-05-25,WN,2594,PHL,ORD,PHL-ORD,17:45,-6.0,-13.0,1,1,0,,0,126.0,802,14,7,0.0,0.0,0.0,0.0,0.0,5,Saturday
fl_0000361,2024-04-24,AA,5948,CLT,MCO,CLT-MCO,20:00,0.0,,0,1,0,,1,292.0,2257,21,18,0.0,45.0,20.0,0.0,0.0,4,Wednesday
fl_0000362,2024-02-21,WN,1965,EWR,DTW,EWR-DTW,06:00,18.0,23.0,0,0,0,,0,240.0,1797,12,18,0.2,13.0,3.8,2.7,3.4,2,Wednesday
fl_0000363,2024-02-25,F9,3268,CLT,SAN,CLT-SAN,17:15,0.0,-9.0,1,1,0,,0,157.0,1160,25,15,0.0,0.0,0.0,0.0,0.0,2,Sunday
fl_0000364,2024-01-28,HA,421,JFK,SEA,JFK-SEA,08:00,5.0,9.0,1,1,0,,0,187.0,1382,11,18,0.0,0.0,0.0,0.0,0.0,1,Sunday
fl_0000365,2024-05-29,AA,8222,SFO,ORD,SFO-ORD,21:30,38.0,42.0,0,0,0,,0,242.0,1765,19,10,0.9,0.1,14.0,16.3,10.7,5,Wednesday
fl_0000366,2024-03-21,WN,3444,PHL,JFK,PHL-JFK,17:15,7.0,3.0,1,1,0,,0,206.0,1423,32,10,0.0,0.0,0.0,0.0,0.0,3,Thursday
fl_0000367,2024-02-01,AA,2614,ORD,BWI,ORD-BWI,08:00,25.0,33.0,0,0,0,,0,328.0,2233,18,6,1.2,1.9,19.2,2.6,8.2,2,Thursday
fl_0000368,2024-05-06,WN,4745,JFK,MSP,JFK-MSP,07:00,0.0,-7.0,1,1,0,,0,199.0,1306,26,5,0.0,0.0,0.0,0.0,0.0,5,Monday
fl_0000369,2024-03-13,F9,7531,SFO,ATL,SFO-ATL,22:45,-12.0,-14.0,1,1,0,,0,130.0,886,28,19,0.0,0.0,0.0,0.0,0.0,3,Wednesday
fl_0000370,2024-04-09,AS,3023,SAN,CLT,SAN-CLT,17:00,6.0,5.0,1,1,0,,0,165.0,1204,27,12,0.0,0.0,0.0,0.0,0.0,4,Tuesday
fl_0000371,2024-01-10,DL,3508,JFK,LAX,JFK-LAX,15:00,28.0,36.0,0,0,0,,0,163.0,1200,26,12,16.8,0.2,7.9,7.7,3.4,1,Wednesday
fl_0000372,2024-02-04,DL,4289,BOS,ATL,BOS-ATL,17:30,11.0,6.0,1,1,0,,0,321.0,2299,24,16,0.0,0.0,0.0,0.0,0.0,2,Sunday
fl_0000373,2024-04-14,DL,7551,PHX,EWR,PHX-EWR,16:15,-14.0,-19.0,1,1,0,,0,122.0,853,24,14,0.0,0.0,0.0,0.0,0.0,4,Sunday
fl_0000374,2024-04-07,HA,878,DTW,DFW,DTW-DFW,13:30,-5.0,-7.0,1,1,0,,0,94.0,563,20,9,0.0,0.0,0.0,0.0,0.0,4,Sunday
fl_0000375,2024-03-18,DL,6103,PHL,ATL,PHL-ATL,07:15,-12.0,-17.0,1,1,0,,0,249.0,1688,29,8,0.0,0.0,0.0,0.0,0.0,3,Monday
fl_0000376,2024-04-25,AS,7174,CLT,IAD,CLT-IAD,15:00,7.0,6.0,1,1,0,,0,295.0,2138,10,11,0.0,0.0,0.0,0.0,0.0,4,Thursday
fl_0000377,2024-04-27,DL,6868,LAX,BOS,LAX-BOS,19:45,8.0,3.0,1,1,0,,0,104.0,630,29,19,0.0,0.0,0.0,0.0,0.0,4,Saturday
fl_0000378,2024-01-09,WN,7995,ORD,IAD,ORD-IAD,18:15,2.0,,0,1,0,,1,258.0,1876,13,18,0.0,45.0,20.0,0.0,0.0,1,Tuesday
fl_0000379,2024-05-08,AA,7107,PHL,IAD,PHL-IAD,13:45,10.0,1.0,1,1,0,,0,272.0,1923,29,19,0.0,0.0,0.0,0.0,0.0,5,Wednesday
fl_0000380,2024-05-22,DL,7062,IAH,MSP,IAH-MSP,19:00,-1.0,-7.0,1,1,0,,0,249.0,1835,13,5,0.0,0.0,0.0,0.0,0.0,5,Wednesday
fl_0000381,2024-05-27,AA,1504,ATL,ORD,ATL-ORD,09:45,20.0,27.0,0,0,0,,0,271.0,2095,13,14,0.4,12.9,2.2,7.9,3.7,5,Monday
fl_0000382,2024-02-02,UA,3212,MIA,BOS,MIA-BOS,16:45,13.0,14.0,1,1,0,,0,227.0,1603,32,17,0.0,0.0,0.0,0.0,0.0,2,Friday
fl_0000383,2024-05-18,AA,4545,SFO,EWR,SFO-EWR,21:00,-9.0,-9.0,1,1,0,,0,47.0,251,22,7,0.0,0.0,0.0,0.0,0.0,5,Saturday
fl_0000384,2024-02-18,DL,7371,JFK,MIA,JFK-MIA,21:45,52.0,55.0,0,0,0,,0,323.0,2516,18,8,20.8,18.0,12.7,2.2,1.3,2,Sunday
fl_0000385,2024-01-24,B6,688,SAN,LGA,SAN-LGA,16:45,17.0,,0,0,0,,1,313.0,2426,19,14,0.0,45.0,20.0,0.0,0.0,1,Wednesday
fl_0000386,2024-04-23,UA,8726,ORD,SFO,ORD-SFO,19:45,94.0,101.0,0,0,0,,0,300.0,2333,27,17,28.1,6.1,5.2,59.9,1.7,4,Tuesday
fl_0000387,2024-05-28,NK,7798,PHL,ORD,PHL-ORD,11:15,17.0,26.0,0,0,0,,0,149.0,947,24,18,0.8,2.0,18.8,0.8,3.6,5,Tuesday
fl_0000388,2024-03-17,UA,3542,MSP,LAS,MSP-LAS,13:00,4.0,4.0,1,1,0,,0,134.0,870,25,19,0.0,0.0,0.0,0.0,0.0,3,Sunday
fl_0000389,2024-06-22,F9,8449,DFW,FLL,DFW-FLL,08:00,58.0,64.0,0,0,0,,0,350.0,2404,30,17,15.3,15.7,10.9,3.4,18.7,6,Saturday
fl_0000390,2024-01-15,DL,3999,MIA,PHX,MIA-PHX,21:30,4.0,-1.0,1,1,0,,0,206.0,1454,21,6,0.0,0.0,0.0,0.0,0.0,1,Monday
fl_0000391,2024-06-02,WN,6279,PHL,PHX,PHL-PHX,16:00,-8.0,-9.0,1,1,0,,0,292.0,2038,28,16,0.0,0.0,0.0,0.0,0.0,6,Sunday
fl_0000392,2024-06-25,F9,2206,JFK,LAS,JFK-LAS,14:45,4.0,-6.0,1,1,0,,0,197.0,1336,18,9,0.0,0.0,0.0,0.0,0.0,6,Tuesday
fl_0000393,2024-05-05,UA,1947,IAH,LAX,IAH-LAX,11:15,-1.0,3.0,1,1,0,,0,131.0,913,12,11,0.0,0.0,0.0,0.0,0.0,5,Sunday
fl_0000394,2024-05-11,NK,4903,MCO,SLC,MCO-SLC,16:15,-3.0,-9.0,1,1,0,,0,236.0,1573,33,14,0.0,0.0,0.0,0.0,0.0,5,Saturday
fl_0000395,2024-01-21,AA,5460,PHL,LAX,PHL-LAX,22:00,-7.0,-3.0,1,1,0,,0,109.0,748,25,13,0.0,0.0,0.0,0.0,0.0,1,Sunday
fl_0000396,2024-06-01,AA,1585,DEN,MCO,DEN-MCO,16:30,-11.0,-20.0,1,1,0,,0,52.0,291,10,11,0.0,0.0,0.0,0.0,0.0,6,Saturday
fl_0000397,2024-03-11,AA,7146,LAX,SAN,LAX-SAN,18:15,-7.0,-13.0,1,1,0,,0,114.0,779,17,12,0.0,0.0,0.0,0.0,0.0,3,Monday
fl_0000398,2024-01-29,UA,4752,BWI,SLC,BWI-SLC,12:15,71.0,78.0,0,0,0,,0,172.0,1194,12,14,11.2,11.5,10.3,22.4,22.6,1,Monday
fl_0000399,2024-05-10,DL,419,CLT,MIA,CLT-MIA,18:00,4.0,2.0,1,1,0,,0,185.0,1382,32,8,0.0,0.0,0.0,0.0,0.0,5,Friday
fl_0000400,2024-02-11,WN,527,IAD,JFK,IAD-JFK,21:15,-9.0,-7.0,1,1,0,,0,239.0,1610,11,8,0.0,0.0,0.0,0.0,0.0,2,Sunday
fl_0000401,2024-06-25,DL,2911,SAN,LGA,SAN-LGA,10:30,-9.0,-13.0,1,1,0,,0,253.0,1948,13,16,0.0,0.0,0.0,0.0,0.0,6,Tuesday
fl_0000402,2024-05-31,UA,2701,EWR,DFW,EWR-DFW,10:15,4.0,8.0,1,1,0,,0,78.0,494,16,15,0.0,0.0,0.0,0.0,0.0,5,Friday
fl_0000403,2024-03-03,F9,2196,EWR,SFO,EWR-SFO,16:00,15.0,19.0,0,0,0,,0,227.0,1631,21,12,1.2,2.3,9.1,3.1,3.4,3,Sunday
fl_0000404,2024-06-10,UA,4898,JFK,CLT,JFK-CLT,07:45,-3.0,-6.0,1,1,0,,0,188.0,1259,30,14,0.0,0.0,0.0,0.0,0.0,6,Monday
fl_0000405,2024-01-02,WN,622,BOS,SAN,BOS-SAN,22:45,7.0,9.0,1,1,0,,0,171.0,1265,23,19,0.0,0.0,0.0,0.0,0.0,1,Tuesday
fl_0000406,2024-06-23,AA,7776,DTW,DFW,DTW-DFW,06:30,-4.0,-2.0,1,1,0,,0,270.0,1998,26,10,0.0,0.0,0.0,0.0,0.0,6,Sunday
fl_0000407,2024-05-22,NK,3808,BWI,LAS,BWI-LAS,17:45,10.0,2.0,1,1,0,,0,299.0,2071,12,16,0.0,0.0,0.0,0.0,0.0,5,Wednesday
fl_0000408,2024-04-20,HA,2882,ATL,EWR,ATL-EWR,08:00,-14.0,-19.0,1,1,0,,0,114.0,743,31,16,0.0,0.0,0.0,0.0,0.0,4,Saturday
fl_0000409,2024-03-06,DL,7861,DEN,SFO,DEN-SFO,20:00,7.0,11.0,1,1,0,,0,274.0,1891,28,7,0.0,0.0,0.0,0.0,0.0,3,Wednesday
fl_0000410,2024-06-23,AA,4102,IAD,EWR,IAD-EWR,06:00,-2.0,1.0,1,1,0,,0,107.0,697,19,10,0.0,0.0,0.0,0.0,0.0,6,Sunday
fl_0000411,2024-01-07,WN,1887,PHX,DEN,PHX-DEN,17:30,,,0,0,1,Weather,0,310.0,2396,11,14,0.0,0.0,0.0,0.0,0.0,1,Sunday
fl_0000412,2024-04-12,B6,6789,IAD,MIA,IAD-MIA,12:45,10.0,2.0,1,1,0,,0,233.0,1780,24,6,0.0,0.0,0.0,0.0,0.0,4,Friday
fl_0000413,2024-05-08,AA,915,LAS,DTW,LAS-DTW,08:45,2.0,1.0,1,1,0,,0,272.0,1992,13,15,0.0,0.0,0.0,0.0,0.0,5,Wednesday
fl_0000414,2024-05-28,DL,8221,ATL,LAX,ATL-LAX,13:15,22.0,25.0,0,0,0,,0,109.0,751,14,8,9.0,3.3,1.4,9.6,1.7,5,Tuesday
fl_0000415,2024-01-07,DL,7970,LGA,LAX,LGA-LAX,22:00,0.0,1.0,1,1,0,,0,185.0,1390,32,14,0.0,0.0,0.0,0.0,0.0,1,Sunday
fl_0000416,2024-01-11,WN,2858,MCO,DTW,MCO-DTW,10:45,20.0,23.0,0,0,0,,0,150.0,1029,15,11,9.0,1.0,3.1,9.4,0.6,1,Thursday
fl_0000417,2024-03-14,WN,5207,FLL,MIA,FLL-MIA,20:15,1.0,0.0,1,1,0,,0,192.0,1269,22,6,0.0,0.0,0.0,0.0,0.0,3,Thursday
fl_0000418,2024-02-02,HA,2940,DTW,BOS,DTW-BOS,06:00,-8.0,-4.0,1,1,0,,0,261.0,1743,32,19,0.0,0.0,0.0,0.0,0.0,2,Friday
fl_0000419,2024-03-12,B6,5724,ATL,SLC,ATL-SLC,15:30,-4.0,-2.0,1,1,0,,0,310.0,2364,23,6,0.0,0.0,0.0,0.0,0.0,3,Tuesday
fl_0000420,2024-01-23,DL,1211,ATL,LAS,ATL-LAS,18:45,,,0,0,1,Carrier,0,333.0,2240,11,19,0.0,0.0,0.0,0.0,0.0,1,Tuesday
fl_0000421,2024-04-06,UA,785,LAS,IAD,LAS-IAD,17:15,-3.0,-4.0,1,1,0,,0,117.0,776,14,12,0.0,0.0,0.0,0.0,0.0,4,Saturday
fl_0000422,2024-06-22,UA,3048,BOS,SAN,BOS-SAN,13:00,-7.0,-17.0,1,1,0,,0,314.0,2333,27,15,0.0,0.0,0.0,0.0,0.0,6,Saturday
fl_0000423,2024-02-08,DL,3115,SLC,PHL,SLC-PHL,21:30,26.0,32.0,0,0,0,,0,187.0,1234,33,15,0.2,0.9,17.8,5.4,7.7,2,Thursday
fl_0000424,2024-02-14,AA,2690,PHL,SLC,PHL-SLC,11:30,8.0,10.0,1,1,0,,0,55.0,322,27,9,0.0,0.0,0.0,0.0,0.0,2,Wednesday
fl_0000425,2024-01-03,WN,3128,SAN,MIA,SAN-MIA,15:45,3.0,7.0,1,1,0,,0,288.0,2088,23,6,0.0,0.0,0.0,0.0,0.0,1,Wednesday
fl_0000426,2024-01-09,DL,4941,MCO,CLT,MCO-CLT,10:30,11.0,9.0,1,1,0,,0,166.0,1133,27,10,0.0,0.0,0.0,0.0,0.0,1,Tuesday
fl_0000427,2024-03-12,F9,6454,DTW,PHX,DTW-PHX,22:00,11.0,3.0,1,1,0,,0,150.0,971,11,13,0.0,0.0,0.0,0.0,0.0,3,Tuesday
fl_0000428,2024-03-28,DL,5701,IAH,SEA,IAH-SEA,15:30,-10.0,-6.0,1,1,0,,0,193.0,1443,10,19,0.0,0.0,0.0,0.0,0.0,3,Thursday
fl_0000429,2024-01-10,AA,4316,MIA,SLC,MIA-SLC,19:30,12.0,7.0,1,1,0,,0,192.0,1287,12,13,0.0,0.0,0.0,0.0,0.0,1,Wednesday
fl_0000430,2024-03-17,WN,4004,MIA,JFK,MIA-JFK,22:30,0.0,1.0,1,1,0,,0,59.0,317,14,12,0.0,0.0,0.0,0.0,0.0,3,Sunday
fl_0000431,2024-03-11,AA,1737,MIA,DFW,MIA-DFW,15:30,-11.0,-12.0,1,1,0,,0,303.0,2249,32,10,0.0,0.0,0.0,0.0,0.0,3,Monday
fl_0000432,2024-05-29,AA,8207,JFK,FLL,JFK-FLL,06:45,6.0,1.0,1,1,0,,0,110.0,761,34,12,0.0,0.0,0.0,0.0,0.0,5,Wednesday
fl_0000433,2024-02-07,NK,796,DTW,SLC,DTW-SLC,21:30,11.0,7.0,1,1,0,,0,105.0,646,12,8,0.0,0.0,0.0,0.0,0.0,2,Wednesday
fl_0000434,2024-05-14,F9,2831,DEN,BOS,DEN-BOS,12:30,31.0,31.0,0,0,0,,0,348.0,2346,31,10,7.8,6.8,4.2,7.7,4.4,5,Tuesday
fl_0000435,2024-06-24,F9,5118,PHX,LAX,PHX-LAX,18:45,1.0,3.0,1,1,0,,0,211.0,1538,31,14,0.0,0.0,0.0,0.0,0.0,6,Monday
fl_0000436,2024-03-19,AA,2077,SEA,IAH,SEA-IAH,07:30,0.0,1.0,1,1,0,,0,140.0,905,24,6,0.0,0.0,0.0,0.0,0.0,3,Tuesday
fl_0000437,2024-01-13,B6,5284,DFW,IAH,DFW-IAH,17:00,-13.0,-10.0,1,1,0,,0,307.0,2319,12,8,0.0,0.0,0.0,0.0,0.0,1,Saturday
fl_0000438,2024-02-01,WN,4568,PHL,BOS,PHL-BOS,15:45,18.0,18.0,0,0,0,,0,325.0,2338,11,15,2.2,8.9,5.4,0.6,0.9,2,Thursday
fl_0000439,2024-01-28,F9,4688,LGA,SFO,LGA-SFO,16:00,-8.0,-10.0,1,1,0,,0,208.0,1467,19,5,0.0,0.0,0.0,0.0,0.0,1,Sunday
fl_0000440,2024-04-03,F9,962,MCO,CLT,MCO-CLT,18:30,-14.0,-14.0,1,1,0,,0,138.0,963,18,9,0.0,0.0,0.0,0.0,0.0,4,Wednesday
fl_0000441,2024-04-29,UA,6762,LGA,DEN,LGA-DEN,20:00,-13.0,-10.0,1,1,0,,0,336.0,2334,20,12,0.0,0.0,0.0,0.0,0.0,4,Monday
fl_0000442,2024-06-19,AA,7518,JFK,SEA,JFK-SEA,10:00,-15.0,-13.0,1,1,0,,0,202.0,1475,29,10,0.0,0.0,0.0,0.0,0.0,6,Wednesday
fl_0000443,2024-03-22,UA,5370,MCO,ORD,MCO-ORD,18:00,-4.0,-10.0,1,1,0,,0,131.0,932,21,13,0.0,0.0,0.0,0.0,0.0,3,Friday
fl_0000444,2024-02-21,UA,3106,DEN,DTW,DEN-DTW,22:15,-13.0,-16.0,1,1,0,,0,277.0,2080,26,10,0.0,0.0,0.0,0.0,0.0,2,Wednesday
fl_0000445,2024-04-24,UA,4239,JFK,MIA,JFK-MIA,12:30,-7.0,-5.0,1,1,0,,0,196.0,1315,16,11,0.0,0.0,0.0,0.0,0.0,4,Wednesday
fl_0000446,2024-02-09,DL,932,SLC,MIA,SLC-MIA,17:30,-6.0,-2.0,1,1,0,,0,221.0,1489,23,16,0.0,0.0,0.0,0.0,0.0,2,Friday
fl_0000447,2024-04-14,WN,2220,SEA,ATL,SEA-ATL,08:00,61.0,62.0,0,0,0,,0,328.0,2532,32,6,1.2,18.1,5.6,4.2,32.9,4,Sunday
fl_0000448,2024-03-17,DL,1292,IAD,LAX,IAD-LAX,12:30,-3.0,-4.0,1,1,0,,0,58.0,327,11,7,0.0,0.0,0.0,0.0,0.0,3,Sunday
fl_0000449,2024-01-09,AA,2027,ORD,MSP,ORD-MSP,09:00,-13.0,-14.0,1,1,0,,0,111.0,753,19,6,0.0,0.0,0.0,0.0,0.0,1,Tuesday
fl_0000450,2024-01-01,AS,3610,PHX,SEA,PHX-SEA,21:30,-5.0,-6.0,1,1,0,,0,204.0,1425,32,18,0.0,0.0,0.0,0.0,0.0,1,Monday
fl_0000451,2024-04-27,DL,2069,CLT,FLL,CLT-FLL,13:45,5.0,5.0,1,1,0,,0,179.0,1207,17,9,0.0,0.0,0.0,0.0,0.0,4,Saturday
fl_0000452,2024-05-28,DL,8592,FLL,BWI,FLL-BWI,21:00,5.0,0.0,1,1,0,,0,59.0,351,16,11,0.0,0.0,0.0,0.0,0.0,5,Tuesday
fl_0000453,2024-05-05,F9,5687,DTW,DFW,DTW-DFW,12:15,-15.0,-17.0,1,1,0,,0,267.0,1920,16,6,0.0,0.0,0.0,0.0,0.0,5,Sunday
fl_0000454,2024-02-03,AA,1057,SLC,IAD,SLC-IAD,09:15,,,0,0,1,NAS,0,303.0,2147,33,14,0.0,0.0,0.0,0.0,0.0,2,Saturday
fl_0000455,2024-01-25,DL,6619,EWR,SEA,EWR-SEA,08:30,3.0,4.0,1,1,0,,0,318.0,2448,23,14,0.0,0.0,0.0,0.0,0.0,1,Thursday
fl_0000456,2024-03-26,HA,6900,MSP,BOS,MSP-BOS,10:15,,,0,0,1,Weather,0,320.0,2141,13,18,0.0,0.0,0.0,0.0,0.0,3,Tuesday
fl_0000457,2024-01-07,WN,4374,DEN,PHL,DEN-PHL,15:00,0.0,-9.0,1,1,0,,0,368.0,2598,10,5,0.0,0.0,0.0,0.0,0.0,1,Sunday
fl_0000458,2024-03-05,UA,2353,SLC,DEN,SLC-DEN,16:15,12.0,11.0,1,1,0,,0,288.0,2203,31,5,0.0,0.0,0.0,0.0,0.0,3,Tuesday
fl_0000459,2024-05-09,DL,5042,SLC,CLT,SLC-CLT,17:45,126.0,135.0,0,0,0,,0,143.0,966,20,6,19.9,8.7,39.1,10.4,56.9,5,Thursday
fl_0000460,2024-04-08,AA,5179,PHL,SAN,PHL-SAN,09:30,7.0,1.0,1,1,0,,0,74.0,478,10,9,0.0,0.0,0.0,0.0,0.0,4,Monday
fl_0000461,2024-04-13,UA,8217,BWI,SAN,BWI-SAN,19:30,-6.0,-16.0,1,1,0,,0,319.0,2262,10,17,0.0,0.0,0.0,0.0,0.0,4,Saturday
fl_0000462,2024-06-05,AA,4169,SAN,EWR,SAN-EWR,18:30,-12.0,-21.0,1,1,0,,0,258.0,1897,29,5,0.0,0.0,0.0,0.0,0.0,6,Wednesday
fl_0000463,2024-04-25,AA,5268,SLC,DTW,SLC-DTW,20:45,51.0,52.0,0,0,0,,0,345.0,2553,25,18,10.9,4.0,5.5,9.5,22.2,4,Thursday
fl_0000464,2024-01-27,UA,7529,PHL,BWI,PHL-BWI,09:00,-11.0,-9.0,1,1,0,,0,260.0,1880,31,5,0.0,0.0,0.0,0.0,0.0,1,Saturday
fl_0000465,2024-05-08,UA,5635,DTW,MSP,DTW-MSP,08:15,-1.0,-6.0,1,1,0,,0,101.0,697,26,18,0.0,0.0,0.0,0.0,0.0,5,Wednesday
fl_0000466,2024-05-18,UA,111,FLL,MIA,FLL-MIA,07:30,-8.0,-10.0,1,1,0,,0,176.0,1226,34,17,0.0,0.0,0.0,0.0,0.0,5,Saturday
fl_0000467,2024-06-13,WN,8869,PHL,SLC,PHL-SLC,10:30,6.0,-1.0,1,1,0,,0,139.0,1000,10,16,0.0,0.0,0.0,0.0,0.0,6,Thursday
fl_0000468,2024-02-12,WN,8344,LAX,MCO,LAX-MCO,09:30,-4.0,-4.0,1,1,0,,0,228.0,1556,32,11,0.0,0.0,0.0,0.0,0.0,2,Monday
fl_0000469,2024-02-21,DL,4423,DFW,PHL,DFW-PHL,18:30,2.0,-3.0,1,1,0,,0,156.0,1002,10,5,0.0,0.0,0.0,0.0,0.0,2,Wednesday
fl_0000470,2024-03-22,WN,7381,DEN,SAN,DEN-SAN,09:45,-8.0,-15.0,1,1,0,,0,281.0,1898,17,13,0.0,0.0,0.0,0.0,0.0,3,Friday
fl_0000471,2024-06-21,DL,1349,DTW,BWI,DTW-BWI,16:45,12.0,10.0,1,1,0,,0,52.0,281,17,10,0.0,0.0,0.0,0.0,0.0,6,Friday
fl_0000472,2024-01-26,AA,8328,PHL,LAS,PHL-LAS,14:30,-11.0,-14.0,1,1,0,,0,339.0,2383,29,15,0.0,0.0,0.0,0.0,0.0,1,Friday
fl_0000473,2024-01-30,AS,2316,SFO,DTW,SFO-DTW,08:00,-7.0,-10.0,1,1,0,,0,160.0,1124,28,10,0.0,0.0,0.0,0.0,0.0,1,Tuesday
fl_0000474,2024-04-07,UA,6269,ORD,SEA,ORD-SEA,10:45,7.0,-2.0,1,1,0,,0,240.0,1818,34,9,0.0,0.0,0.0,0.0,0.0,4,Sunday
fl_0000475,2024-02-01,WN,4077,PHX,DTW,PHX-DTW,18:30,-11.0,-8.0,1,1,0,,0,245.0,1733,26,8,0.0,0.0,0.0,0.0,0.0,2,Thursday
fl_0000476,2024-03-28,UA,7744,SAN,CLT,SAN-CLT,11:45,6.0,3.0,1,1,0,,0,357.0,2473,24,14,0.0,0.0,0.0,0.0,0.0,3,Thursday
fl_0000477,2024-03-14,HA,522,SFO,CLT,SFO-CLT,10:15,3.0,4.0,1,1,0,,0,160.0,1113,34,7,0.0,0.0,0.0,0.0,0.0,3,Thursday
fl_0000478,2024-04-15,UA,7471,PHX,SLC,PHX-SLC,18:30,-14.0,-22.0,1,1,0,,0,139.0,999,31,18,0.0,0.0,0.0,0.0,0.0,4,Monday
fl_0000479,2024-05-21,UA,2105,ORD,MCO,ORD-MCO,17:45,-8.0,-13.0,1,1,0,,0,96.0,628,17,18,0.0,0.0,0.0,0.0,0.0,5,Tuesday
fl_0000480,2024-05-26,WN,3034,LAX,IAD,LAX-IAD,21:15,-12.0,-11.0,1,1,0,,0,139.0,876,17,17,0.0,0.0,0.0,0.0,0.0,5,Sunday
fl_0000481,2024-01-01,DL,7419,IAH,DEN,IAH-DEN,09:45,-4.0,-6.0,1,1,0,,0,208.0,1434,24,6,0.0,0.0,0.0,0.0,0.0,1,Monday
fl_0000482,2024-05-05,AA,6048,LGA,PHL,LGA-PHL,21:15,9.0,7.0,1,1,0,,0,317.0,2139,27,14,0.0,0.0,0.0,0.0,0.0,5,Sunday
fl_0000483,2024-05-13,DL,2384,LAS,SFO,LAS-SFO,17:15,-10.0,-15.0,1,1,0,,0,129.0,932,10,11,0.0,0.0,0.0,0.0,0.0,5,Monday
fl_0000484,2024-01-07,UA,7424,FLL,IAH,FLL-IAH,08:15,-10.0,-17.0,1,1,0,,0,120.0,852,34,10,0.0,0.0,0.0,0.0,0.0,1,Sunday
fl_0000485,2024-02-04,AA,640,DFW,LGA,DFW-LGA,12:45,13.0,13.0,1,1,0,,0,343.0,2513,21,11,0.0,0.0,0.0,0.0,0.0,2,Sunday
fl_0000486,2024-01-07,UA,8864,SLC,IAD,SLC-IAD,10:30,11.0,11.0,1,1,0,,0,184.0,1349,23,6,0.0,0.0,0.0,0.0,0.0,1,Sunday
fl_0000487,2024-01-22,F9,3618,MIA,ATL,MIA-ATL,21:15,-14.0,-11.0,1,1,0,,0,104.0,649,21,5,0.0,0.0,0.0,0.0,0.0,1,Monday
fl_0000488,2024-03-05,DL,1366,DFW,MSP,DFW-MSP,10:15,3.0,0.0,1,1,0,,0,190.0,1371,19,6,0.0,0.0,0.0,0.0,0.0,3,Tuesday
fl_0000489,2024-01-29,WN,2407,ORD,MSP,ORD-MSP,09:15,12.0,11.0,1,1,0,,0,281.0,2090,27,12,0.0,0.0,0.0,0.0,0.0,1,Monday
fl_0000490,2024-01-15,WN,4193,DEN,PHL,DEN-PHL,08:00,12.0,6.0,1,1,0,,0,65.0,396,20,7,0.0,0.0,0.0,0.0,0.0,1,Monday
fl_0000491,2024-02-06,NK,172,SFO,MSP,SFO-MSP,22:30,7.0,6.0,1,1,0,,0,372.0,2508,33,13,0.0,0.0,0.0,0.0,0.0,2,Tuesday
fl_0000492,2024-04-08,AA,5969,DFW,SFO,DFW-SFO,22:45,-2.0,1.0,1,1,0,,0,86.0,576,17,13,0.0,0.0,0.0,0.0,0.0,4,Monday
fl_0000493,2024-02-11,AA,6687,EWR,BOS,EWR-BOS,22:45,8.0,6.0,1,1,0,,0,346.0,2350,18,6,0.0,0.0,0.0,0.0,0.0,2,Sunday
fl_0000494,2024-04-28,WN,2282,JFK,SLC,JFK-SLC,16:15,-13.0,-13.0,1,1,0,,0,339.0,2590,26,12,0.0,0.0,0.0,0.0,0.0,4,Sunday
fl_0000495,2024-02-25,AS,2073,SLC,SAN,SLC-SAN,22:45,-5.0,-1.0,1,1,0,,0,355.0,2554,19,7,0.0,0.0,0.0,0.0,0.0,2,Sunday
fl_0000496,2024-02-05,DL,4193,SLC,DTW,SLC-DTW,13:00,13.0,6.0,1,1,0,,0,314.0,2341,34,5,0.0,0.0,0.0,0.0,0.0,2,Monday
fl_0000497,2024-06-07,B6,8390,CLT,LAS,CLT-LAS,11:15,7.0,4.0,1,1,0,,0,172.0,1114,26,9,0.0,0.0,0.0,0.0,0.0,6,Friday
fl_0000498,2024-06-01,AA,2820,MSP,BWI,MSP-BWI,12:00,-13.0,-20.0,1,1,0,,0,138.0,983,30,7,0.0,0.0,0.0,0.0,0.0,6,Saturday
fl_0000499,2024-06-27,DL,8109,FLL,DTW,FLL-DTW,07:15,13.0,8.0,1,1,0,,0,142.0,1032,15,8,0.0,0.0,0.0,0.0,0.0,6,Thursday
fl_0000500,2024-05-23,AA,1604,LGA,CLT,LGA-CLT,19:30,6.0,-3.0,1,1,0,,0,267.0,1819,29,15,0.0,0.0,0.0,0.0,0.0,5,Thursday
fl_0000501,2024-01-03,NK,7672,PHL,DEN,PHL-DEN,21:00,-9.0,-10.0,1,1,0,,0,75.0,442,30,14,0.0,0.0,0.0,0.0,0.0,1,Wednesday
fl_0000502,2024-03-29,AA,4975,PHX,PHL,PHX-PHL,06:00,0.0,2.0,1,1,0,,0,254.0,1697,34,12,0.0,0.0,0.0,0.0,0.0,3,Friday
fl_0000503,2024-02-09,WN,4140,SEA,JFK,SEA-JFK,13:00,4.0,8.0,1,1,0,,0,49.0,277,13,13,0.0,0.0,0.0,0.0,0.0,2,Friday
fl_0000504,2024-01-16,DL,8099,EWR,MSP,EWR-MSP,16:45,-14.0,-16.0,1,1,0,,0,161.0,1040,23,10,0.0,0.0,0.0,0.0,0.0,1,Tuesday
fl_0000505,2024-02-20,AS,8482,MIA,DFW,MIA-DFW,11:15,-4.0,-9.0,1,1,0,,0,121.0,763,26,19,0.0,0.0,0.0,0.0,0.0,2,Tuesday
fl_0000506,2024-03-19,WN,6896,LGA,MIA,LGA-MIA,21:45,11.0,4.0,1,1,0,,0,82.0,509,13,11,0.0,0.0,0.0,0.0,0.0,3,Tuesday
fl_0000507,2024-02-22,WN,8981,IAD,DEN,IAD-DEN,15:00,6.0,2.0,1,1,0,,0,80.0,519,18,16,0.0,0.0,0.0,0.0,0.0,2,Thursday
fl_0000508,2024-03-02,AS,3744,DFW,SLC,DFW-SLC,14:15,,,0,0,1,Weather,0,213.0,1454,19,10,0.0,0.0,0.0,0.0,0.0,3,Saturday
fl_0000509,2024-04-03,B6,4369,CLT,BOS,CLT-BOS,17:15,65.0,73.0,0,0,0,,0,55.0,320,16,7,10.3,7.9,16.6,3.8,34.4,4,Wednesday
fl_0000510,2024-02-15,WN,6819,SEA,MCO,SEA-MCO,11:45,-5.0,-1.0,1,1,0,,0,337.0,2488,25,17,0.0,0.0,0.0,0.0,0.0,2,Thursday
fl_0000511,2024-06-26,DL,1100,FLL,EWR,FLL-EWR,13:00,-8.0,-6.0,1,1,0,,0,132.0,948,18,13,0.0,0.0,0.0,0.0,0.0,6,Wednesday
fl_0000512,2024-01-03,DL,5087,DFW,BWI,DFW-BWI,07:15,35.0,37.0,0,0,0,,0,96.0,566,28,8,2.7,16.0,0.5,14.6,3.2,1,Wednesday
fl_0000513,2024-04-19,UA,8812,DTW,SFO,DTW-SFO,11:15,-11.0,-19.0,1,1,0,,0,171.0,1212,31,18,0.0,0.0,0.0,0.0,0.0,4,Friday
fl_0000514,2024-03-13,UA,7334,SFO,ORD,SFO-ORD,07:30,-3.0,-8.0,1,1,0,,0,264.0,1785,33,17,0.0,0.0,0.0,0.0,0.0,3,Wednesday
fl_0000515,2024-03-14,B6,1298,EWR,JFK,EWR-JFK,21:45,-13.0,-23.0,1,1,0,,0,289.0,2004,28,19,0.0,0.0,0.0,0.0,0.0,3,Thursday
fl_0000516,2024-04-07,AA,8709,DEN,ATL,DEN-ATL,19:15,-5.0,-2.0,1,1,0,,0,197.0,1305,12,8,0.0,0.0,0.0,0.0,0.0,4,Sunday
fl_0000517,2024-04-17,WN,8500,JFK,ORD,JFK-ORD,13:15,7.0,7.0,1,1,0,,0,106.0,655,17,17,0.0,0.0,0.0,0.0,0.0,4,Wednesday
fl_0000518,2024-03-03,AA,3320,SAN,LAX,SAN-LAX,16:15,-2.0,-2.0,1,1,0,,0,283.0,2116,18,12,0.0,0.0,0.0,0.0,0.0,3,Sunday
fl_0000519,2024-06-04,AA,6779,SFO,LGA,SFO-LGA,07:45,7.0,3.0,1,1,0,,0,198.0,1343,11,5,0.0,0.0,0.0,0.0,0.0,6,Tuesday
fl_0000520,2024-05-05,DL,8609,FLL,JFK,FLL-JFK,20:45,110.0,110.0,0,0,0,,0,50.0,269,14,16,0.8,14.4,44.9,11.4,38.4,5,Sunday
fl_0000521,2024-04-11,WN,6245,MCO,LGA,MCO-LGA,09:15,2.0,2.0,1,1,0,,0,58.0,312,10,16,0.0,0.0,0.0,0.0,0.0,4,Thursday
fl_0000522,2024-02-15,WN,3113,DFW,SLC,DFW-SLC,11:30,4.0,0.0,1,1,0,,0,142.0,900,26,19,0.0,0.0,0.0,0.0,0.0,2,Thursday
fl_0000523,2024-04-15,WN,8123,SEA,FLL,SEA-FLL,20:30,-15.0,-18.0,1,1,0,,0,239.0,1585,13,19,0.0,0.0,0.0,0.0,0.0,4,Monday
fl_0000524,2024-05-31,AA,7727,JFK,DEN,JFK-DEN,20:30,19.0,19.0,0,0,0,,0,300.0,2180,21,12,4.1,9.2,2.0,1.0,2.8,5,Friday
fl_0000525,2024-06-09,DL,2648,SEA,ORD,SEA-ORD,22:30,13.0,7.0,1,1,0,,0,300.0,2009,30,8,0.0,0.0,0.0,0.0,0.0,6,Sunday
fl_0000526,2024-06-04,UA,5153,SLC,LGA,SLC-LGA,22:00,1.0,2.0,1,1,0,,0,214.0,1458,19,15,0.0,0.0,0.0,0.0,0.0,6,Tuesday
fl_0000527,2024-01-23,AA,1994,LAX,MSP,LAX-MSP,07:45,11.0,10.0,1,1,0,,0,278.0,2048,23,7,0.0,0.0,0.0,0.0,0.0,1,Tuesday
fl_0000528,2024-01-02,DL,3208,DEN,MSP,DEN-MSP,12:00,6.0,-1.0,1,1,0,,0,369.0,2565,19,13,0.0,0.0,0.0,0.0,0.0,1,Tuesday
fl_0000529,2024-06-05,WN,3431,CLT,DFW,CLT-DFW,18:00,-1.0,-5.0,1,1,0,,0,79.0,458,16,6,0.0,0.0,0.0,0.0,0.0,6,Wednesday
fl_0000530,2024-06-16,WN,2492,PHX,ORD,PHX-ORD,18:00,-1.0,2.0,1,1,0,,0,107.0,719,23,18,0.0,0.0,0.0,0.0,0.0,6,Sunday
fl_0000531,2024-01-13,AS,5069,SLC,BOS,SLC-BOS,19:30,-13.0,-13.0,1,1,0,,0,336.0,2575,24,5,0.0,0.0,0.0,0.0,0.0,1,Saturday
fl_0000532,2024-02-27,DL,2525,LAX,SEA,LAX-SEA,09:30,3.0,-5.0,1,1,0,,0,197.0,1295,22,5,0.0,0.0,0.0,0.0,0.0,2,Tuesday
fl_0000533,2024-03-23,AA,3749,MCO,PHL,MCO-PHL,17:45,-15.0,-20.0,1,1,0,,0,288.0,2123,29,6,0.0,0.0,0.0,0.0,0.0,3,Saturday
fl_0000534,2024-02-03,AA,6001,JFK,DTW,JFK-DTW,06:15,-3.0,-1.0,1,1,0,,0,142.0,1005,13,14,0.0,0.0,0.0,0.0,0.0,2,Saturday
fl_0000535,2024-02-21,DL,4071,JFK,MCO,JFK-MCO,17:30,29.0,34.0,0,0,0,,0,49.0,253,30,18,2.6,13.9,10.7,4.9,1.8,2,Wednesday
fl_0000536,2024-05-07,WN,7941,SFO,MIA,SFO-MIA,16:00,6.0,3.0,1,1,0,,0,346.0,2367,33,9,0.0,0.0,0.0,0.0,0.0,5,Tuesday
fl_0000537,2024-05-27,UA,7512,PHX,EWR,PHX-EWR,16:30,5.0,-4.0,1,1,0,,0,161.0,1083,19,18,0.0,0.0,0.0,0.0,0.0,5,Monday
fl_0000538,2024-01-30,UA,2240,SAN,DFW,SAN-DFW,07:00,3.0,1.0,1,1,0,,0,109.0,759,15,6,0.0,0.0,0.0,0.0,0.0,1,Tuesday
fl_0000539,2024-03-29,AA,3587,ATL,BOS,ATL-BOS,11:00,-2.0,-1.0,1,1,0,,0,251.0,1907,19,7,0.0,0.0,0.0,0.0,0.0,3,Friday
fl_0000540,2024-02-04,AS,3247,LGA,LAS,LGA-LAS,20:45,-5.0,-6.0,1,1,0,,0,139.0,959,32,16,0.0,0.0,0.0,0.0,0.0,2,Sunday
fl_0000541,2024-02-13,AA,6937,CLT,BOS,CLT-BOS,08:15,-8.0,-18.0,1,1,0,,0,66.0,362,21,18,0.0,0.0,0.0,0.0,0.0,2,Tuesday
fl_0000542,2024-05-17,UA,6806,DTW,LAS,DTW-LAS,12:30,9.0,18.0,0,1,0,,0,107.0,684,25,16,1.9,4.7,7.9,2.1,1.4,5,Friday
fl_0000543,2024-06-16,AS,3563,DTW,PHX,DTW-PHX,17:45,7.0,4.0,1,1,0,,0,96.0,604,24,16,0.0,0.0,0.0,0.0,0.0,6,Sunday
fl_0000544,2024-01-24,F9,4804,PHL,ATL,PHL-ATL,07:15,-3.0,-4.0,1,1,0,,0,242.0,1594,32,5,0.0,0.0,0.0,0.0,0.0,1,Wednesday
fl_0000545,2024-06-17,UA,3676,LGA,MIA,LGA-MIA,06:30,4.0,7.0,1,1,0,,0,329.0,2577,24,19,0.0,0.0,0.0,0.0,0.0,6,Monday
fl_0000546,2024-03-19,DL,1145,PHX,FLL,PHX-FLL,22:00,8.0,9.0,1,1,0,,0,237.0,1751,23,10,0.0,0.0,0.0,0.0,0.0,3,Tuesday
fl_0000547,2024-02-02,AA,5076,IAD,LAX,IAD-LAX,17:30,-3.0,-5.0,1,1,0,,0,237.0,1601,10,8,0.0,0.0,0.0,0.0,0.0,2,Friday
fl_0000548,2024-03-12,AA,3285,JFK,MIA,JFK-MIA,08:15,-15.0,-14.0,1,1,0,,0,274.0,1827,16,18,0.0,0.0,0.0,0.0,0.0,3,Tuesday
fl_0000549,2024-04-07,WN,4912,ORD,SEA,ORD-SEA,18:00,-2.0,1.0,1,1,0,,0,259.0,1958,20,9,0.0,0.0,0.0,0.0,0.0,4,Sunday
fl_0000550,2024-03-03,WN,2691,LAX,DTW,LAX-DTW,14:30,7.0,8.0,1,1,0,,0,116.0,810,16,14,0.0,0.0,0.0,0.0,0.0,3,Sunday
fl_0000551,2024-01-14,NK,3371,SEA,LAX,SEA-LAX,21:15,-3.0,0.0,1,1,0,,0,243.0,1752,19,9,0.0,0.0,0.0,0.0,0.0,1,Sunday
fl_0000552,2024-06-12,UA,4010,ATL,DFW,ATL-DFW,21:30,-9.0,-11.0,1,1,0,,0,210.0,1444,15,18,0.0,0.0,0.0,0.0,0.0,6,Wednesday
fl_0000553,2024-05-23,DL,618,FLL,PHL,FLL-PHL,15:00,-1.0,-6.0,1,1,0,,0,286.0,2081,33,17,0.0,0.0,0.0,0.0,0.0,5,Thursday
fl_0000554,2024-01-20,WN,5575,ORD,MSP,ORD-MSP,11:15,31.0,32.0,0,0,0,,0,248.0,1652,16,18,7.7,2.4,5.7,15.1,1.1,1,Saturday
fl_0000555,2024-06-17,F9,5210,DTW,PHX,DTW-PHX,13:00,5.0,2.0,1,1,0,,0,209.0,1427,29,8,0.0,0.0,0.0,0.0,0.0,6,Monday
fl_0000556,2024-02-07,DL,464,MSP,DEN,MSP-DEN,21:30,-3.0,-4.0,1,1,0,,0,267.0,2007,30,10,0.0,0.0,0.0,0.0,0.0,2,Wednesday
fl_0000557,2024-03-11,UA,1669,LGA,BWI,LGA-BWI,18:15,-10.0,-19.0,1,1,0,,0,259.0,1932,28,10,0.0,0.0,0.0,0.0,0.0,3,Monday
fl_0000558,2024-04-02,WN,1596,LAX,MSP,LAX-MSP,20:45,-3.0,0.0,1,1,0,,0,103.0,709,13,16,0.0,0.0,0.0,0.0,0.0,4,Tuesday
fl_0000559,2024-01-06,UA,341,IAH,MCO,IAH-MCO,15:15,-5.0,-2.0,1,1,0,,0,269.0,2011,11,8,0.0,0.0,0.0,0.0,0.0,1,Saturday
fl_0000560,2024-01-29,WN,4108,ATL,DTW,ATL-DTW,16:45,-14.0,-13.0,1,1,0,,0,103.0,708,12,16,0.0,0.0,0.0,0.0,0.0,1,Monday
fl_0000561,2024-03-08,DL,8793,LAS,DFW,LAS-DFW,20:30,-4.0,-9.0,1,1,0,,0,352.0,2413,29,6,0.0,0.0,0.0,0.0,0.0,3,Friday
fl_0000562,2024-01-25,WN,5018,FLL,MCO,FLL-MCO,08:30,8.0,8.0,1,1,0,,0,145.0,1008,30,18,0.0,0.0,0.0,0.0,0.0,1,Thursday
fl_0000563,2024-04-07,DL,3913,EWR,MSP,EWR-MSP,15:15,-4.0,-7.0,1,1,0,,0,370.0,2568,20,17,0.0,0.0,0.0,0.0,0.0,4,Sunday
fl_0000564,2024-05-03,NK,8169,PHL,SFO,PHL-SFO,07:45,-1.0,-1.0,1,1,0,,0,302.0,2337,29,10,0.0,0.0,0.0,0.0,0.0,5,Friday
fl_0000565,2024-04-12,WN,4473,SAN,LAX,SAN-LAX,21:30,5.0,7.0,1,1,0,,0,354.0,2402,29,14,0.0,0.0,0.0,0.0,0.0,4,Friday
fl_0000566,2024-03-20,WN,114,BWI,DEN,BWI-DEN,18:15,-11.0,-16.0,1,1,0,,0,340.0,2323,33,7,0.0,0.0,0.0,0.0,0.0,3,Wednesday
fl_0000567,2024-02-08,NK,1254,LAX,BWI,LAX-BWI,13:15,-8.0,-13.0,1,1,0,,0,78.0,493,11,6,0.0,0.0,0.0,0.0,0.0,2,Thursday
fl_0000568,2024-02-12,AA,4743,SAN,IAH,SAN-IAH,20:30,13.0,10.0,1,1,0,,0,200.0,1347,10,5,0.0,0.0,0.0,0.0,0.0,2,Monday
fl_0000569,2024-06-21,UA,6901,PHX,SEA,PHX-SEA,22:45,-9.0,-17.0,1,1,0,,0,164.0,1094,20,9,0.0,0.0,0.0,0.0,0.0,6,Friday
fl_0000570,2024-04-11,WN,7428,SEA,PHL,SEA-PHL,13:30,-4.0,-5.0,1,1,0,,0,150.0,947,23,13,0.0,0.0,0.0,0.0,0.0,4,Thursday
fl_0000571,2024-04-14,DL,5237,FLL,IAD,FLL-IAD,13:45,6.0,9.0,1,1,0,,0,268.0,1951,12,11,0.0,0.0,0.0,0.0,0.0,4,Sunday
fl_0000572,2024-05-27,AS,2097,MIA,JFK,MIA-JFK,22:30,10.0,4.0,1,1,0,,0,333.0,2557,31,14,0.0,0.0,0.0,0.0,0.0,5,Monday
fl_0000573,2024-06-10,AA,7529,ORD,IAD,ORD-IAD,06:15,10.0,4.0,1,1,0,,0,128.0,885,28,16,0.0,0.0,0.0,0.0,0.0,6,Monday
fl_0000574,2024-04-04,WN,8289,SAN,SFO,SAN-SFO,14:15,-12.0,-8.0,1,1,0,,0,282.0,2151,19,18,0.0,0.0,0.0,0.0,0.0,4,Thursday
fl_0000575,2024-06-23,AS,5787,BOS,JFK,BOS-JFK,19:30,28.0,31.0,0,0,0,,0,190.0,1330,11,19,1.5,21.6,3.6,1.9,2.4,6,Sunday
fl_0000576,2024-05-16,DL,5097,PHL,DTW,PHL-DTW,19:00,9.0,9.0,1,1,0,,0,316.0,2172,25,12,0.0,0.0,0.0,0.0,0.0,5,Thursday
fl_0000577,2024-05-02,WN,1238,JFK,LGA,JFK-LGA,08:15,13.0,13.0,1,1,0,,0,75.0,424,19,9,0.0,0.0,0.0,0.0,0.0,5,Thursday
fl_0000578,2024-02-16,UA,2992,SFO,SEA,SFO-SEA,11:00,-12.0,-22.0,1,1,0,,0,346.0,2388,20,11,0.0,0.0,0.0,0.0,0.0,2,Friday
fl_0000579,2024-06-26,WN,1088,FLL,PHX,FLL-PHX,12:00,3.0,5.0,1,1,0,,0,207.0,1500,14,10,0.0,0.0,0.0,0.0,0.0,6,Wednesday
fl_0000580,2024-04-04,AA,180,DFW,BWI,DFW-BWI,20:45,0.0,1.0,1,1,0,,0,65.0,406,13,11,0.0,0.0,0.0,0.0,0.0,4,Thursday
fl_0000581,2024-06-12,WN,174,PHL,ORD,PHL-ORD,10:45,4.0,2.0,1,1,0,,0,331.0,2313,12,13,0.0,0.0,0.0,0.0,0.0,6,Wednesday
fl_0000582,2024-05-09,UA,8589,ATL,IAH,ATL-IAH,15:00,-6.0,-4.0,1,1,0,,0,304.0,2309,32,14,0.0,0.0,0.0,0.0,0.0,5,Thursday
fl_0000583,2024-04-06,AA,715,DFW,EWR,DFW-EWR,21:45,44.0,53.0,0,0,0,,0,118.0,751,20,19,13.8,7.4,9.2,18.4,4.3,4,Saturday
fl_0000584,2024-05-20,DL,3344,PHX,PHL,PHX-PHL,21:30,14.0,19.0,0,1,0,,0,76.0,440,25,9,1.5,12.0,1.8,2.8,0.9,5,Monday
fl_0000585,2024-05-22,UA,2147,BOS,BWI,BOS-BWI,07:15,23.0,32.0,0,0,0,,0,105.0,665,15,18,2.1,20.1,2.9,3.5,3.5,5,Wednesday
fl_0000586,2024-04-06,DL,1706,EWR,SFO,EWR-SFO,22:30,-15.0,-15.0,1,1,0,,0,56.0,286,10,16,0.0,0.0,0.0,0.0,0.0,4,Saturday
fl_0000587,2024-03-07,NK,5742,LAX,CLT,LAX-CLT,12:30,-6.0,-8.0,1,1,0,,0,61.0,322,33,11,0.0,0.0,0.0,0.0,0.0,3,Thursday
fl_0000588,2024-03-29,AA,632,LAS,IAD,LAS-IAD,21:30,39.0,40.0,0,0,0,,0,165.0,1072,26,9,13.1,11.9,11.6,1.7,1.6,3,Friday
fl_0000589,2024-02-05,UA,3108,CLT,LAX,CLT-LAX,14:30,8.0,2.0,1,1,0,,0,271.0,1940,29,10,0.0,0.0,0.0,0.0,0.0,2,Monday
fl_0000590,2024-05-16,F9,8565,LAS,MSP,LAS-MSP,06:00,50.0,58.0,0,0,0,,0,205.0,1455,21,19,10.3,7.4,23.6,11.5,5.2,5,Thursday
fl_0000591,2024-03-13,AA,3237,DTW,CLT,DTW-CLT,11:15,-12.0,-22.0,1,1,0,,0,55.0,304,29,7,0.0,0.0,0.0,0.0,0.0,3,Wednesday
fl_0000592,2024-04-21,WN,4528,EWR,LAX,EWR-LAX,08:15,-6.0,-5.0,1,1,0,,0,63.0,337,20,9,0.0,0.0,0.0,0.0,0.0,4,Sunday
fl_0000593,2024-04-25,B6,7709,SLC,PHL,SLC-PHL,16:45,19.0,24.0,0,0,0,,0,64.0,346,23,5,5.3,3.8,2.8,2.3,9.7,4,Thursday
fl_0000594,2024-01-27,NK,2670,PHL,PHX,PHL-PHX,09:30,-12.0,-21.0,1,1,0,,0,328.0,2427,29,11,0.0,0.0,0.0,0.0,0.0,1,Saturday
fl_0000595,2024-05-16,B6,6049,PHX,DEN,PHX-DEN,13:00,13.0,7.0,1,1,0,,0,202.0,1326,24,18,0.0,0.0,0.0,0.0,0.0,5,Thursday
fl_0000596,2024-02-20,AA,2407,DTW,MIA,DTW-MIA,12:30,3.0,-4.0,1,1,0,,0,208.0,1526,11,11,0.0,0.0,0.0,0.0,0.0,2,Tuesday
fl_0000597,2024-04-04,UA,4185,IAH,SFO,IAH-SFO,16:45,-2.0,-10.0,1,1,0,,0,174.0,1223,19,13,0.0,0.0,0.0,0.0,0.0,4,Thursday
fl_0000598,2024-02-11,AA,7888,DTW,PHX,DTW-PHX,15:00,-10.0,-8.0,1,1,0,,0,94.0,584,29,15,0.0,0.0,0.0,0.0,0.0,2,Sunday
fl_0000599,2024-03-24,AA,7930,BWI,PHL,BWI-PHL,15:30,-11.0,-7.0,1,1,0,,0,199.0,1351,20,9,0.0,0.0,0.0,0.0,0.0,3,Sunday
fl_0000600,2024-01-24,AA,4723,DTW,SFO,DTW-SFO,20:15,71.0,80.0,0,0,0,,0,210.0,1515,29,19,2.6,6.0,16.7,14.0,40.8,1,Wednesday
fl_0000601,2024-02-24,UA,2862,BWI,IAD,BWI-IAD,15:15,57.0,60.0,0,0,0,,0,349.0,2452,10,5,0.3,8.8,20.5,6.6,23.8,2,Saturday
fl_0000602,2024-03-25,B6,4070,FLL,IAD,FLL-IAD,10:00,70.0,75.0,0,0,0,,0,291.0,2138,23,10,18.7,5.5,2.2,11.7,36.8,3,Monday
fl_0000603,2024-06-17,DL,122,SFO,DEN,SFO-DEN,12:45,16.0,22.0,0,0,0,,0,88.0,529,34,19,3.9,9.0,5.3,0.9,2.8,6,Monday
fl_0000604,2024-02-03,UA,5265,LAS,DEN,LAS-DEN,13:30,-2.0,-12.0,1,1,0,,0,140.0,913,27,16,0.0,0.0,0.0,0.0,0.0,2,Saturday
fl_0000605,2024-05-14,UA,2014,BOS,MCO,BOS-MCO,11:00,2.0,6.0,1,1,0,,0,77.0,474,16,19,0.0,0.0,0.0,0.0,0.0,5,Tuesday
fl_0000606,2024-02-22,UA,2761,BWI,FLL,BWI-FLL,16:45,12.0,19.0,0,1,0,,0,289.0,2068,13,17,3.5,4.5,4.7,0.3,6.0,2,Thursday
fl_0000607,2024-02-19,DL,7381,LGA,PHX,LGA-PHX,17:15,12.0,4.0,1,1,0,,0,308.0,2371,34,7,0.0,0.0,0.0,0.0,0.0,2,Monday
fl_0000608,2024-05-04,AA,5866,LGA,IAH,LGA-IAH,07:00,25.0,,0,0,0,,1,324.0,2399,15,12,0.0,45.0,20.0,0.0,0.0,5,Saturday
fl_0000609,2024-02-04,WN,4709,IAH,SFO,IAH-SFO,06:15,24.0,28.0,0,0,0,,0,95.0,604,12,12,12.7,8.9,4.9,0.7,0.9,2,Sunday
fl_0000610,2024-01-17,WN,1571,IAH,MCO,IAH-MCO,16:45,-6.0,-3.0,1,1,0,,0,225.0,1503,26,19,0.0,0.0,0.0,0.0,0.0,1,Wednesday
fl_0000611,2024-03-19,UA,3985,IAD,FLL,IAD-FLL,10:30,18.0,23.0,0,0,0,,0,260.0,1807,23,19,4.9,5.3,7.5,1.0,4.2,3,Tuesday
fl_0000612,2024-05-10,WN,3405,MSP,BWI,MSP-BWI,18:15,2.0,-4.0,1,1,0,,0,56.0,308,34,10,0.0,0.0,0.0,0.0,0.0,5,Friday
fl_0000613,2024-06-25,AS,2155,MCO,SFO,MCO-SFO,09:30,0.0,-7.0,1,1,0,,0,234.0,1534,28,16,0.0,0.0,0.0,0.0,0.0,6,Tuesday
fl_0000614,2024-04-03,WN,7351,IAH,SFO,IAH-SFO,10:30,-9.0,-5.0,1,1,0,,0,206.0,1338,16,15,0.0,0.0,0.0,0.0,0.0,4,Wednesday
fl_0000615,2024-05-27,F9,6865,BWI,MSP,BWI-MSP,21:30,-14.0,-18.0,1,1,0,,0,225.0,1584,13,6,0.0,0.0,0.0,0.0,0.0,5,Monday
fl_0000616,2024-02-21,WN,5347,ATL,CLT,ATL-CLT,10:00,-15.0,-17.0,1,1,0,,0,125.0,776,18,12,0.0,0.0,0.0,0.0,0.0,2,Wednesday
fl_0000617,2024-01-11,DL,6362,DTW,PHL,DTW-PHL,14:45,-14.0,-21.0,1,1,0,,0,334.0,2591,25,9,0.0,0.0,0.0,0.0,0.0,1,Thursday
fl_0000618,2024-05-31,WN,3278,JFK,BOS,JFK-BOS,10:30,0.0,-4.0,1,1,0,,0,188.0,1210,27,14,0.0,0.0,0.0,0.0,0.0,5,Friday
fl_0000619,2024-01-28,UA,7115,BWI,SEA,BWI-SEA,16:45,105.0,110.0,0,0,0,,0,104.0,700,25,16,44.3,7.1,20.2,19.0,19.4,1,Sunday
fl_0000620,2024-04-30,DL,7691,DFW,LGA,DFW-LGA,18:00,6.0,-3.0,1,1,0,,0,186.0,1272,34,18,0.0,0.0,0.0,0.0,0.0,4,Tuesday
fl_0000621,2024-05-18,DL,5906,MIA,MSP,MIA-MSP,11:45,13.0,5.0,1,1,0,,0,342.0,2450,12,18,0.0,0.0,0.0,0.0,0.0,5,Saturday
fl_0000622,2024-05-04,B6,8467,DFW,MIA,DFW-MIA,15:30,-7.0,-9.0,1,1,0,,0,93.0,613,24,15,0.0,0.0,0.0,0.0,0.0,5,Saturday
fl_0000623,2024-06-13,AA,2089,SAN,EWR,SAN-EWR,16:30,-12.0,-19.0,1,1,0,,0,147.0,978,14,16,0.0,0.0,0.0,0.0,0.0,6,Thursday
fl_0000624,2024-01-09,AA,1456,EWR,DFW,EWR-DFW,11:30,-1.0,-10.0,1,1,0,,0,210.0,1587,24,14,0.0,0.0,0.0,0.0,0.0,1,Tuesday
fl_0000625,2024-05-04,HA,3129,DEN,ORD,DEN-ORD,17:45,0.0,-3.0,1,1,0,,0,130.0,911,12,12,0.0,0.0,0.0,0.0,0.0,5,Saturday
fl_0000626,2024-04-15,AA,6589,SLC,MSP,SLC-MSP,09:00,-6.0,-2.0,1,1,0,,0,317.0,2234,12,14,0.0,0.0,0.0,0.0,0.0,4,Monday
fl_0000627,2024-03-11,NK,7538,LAS,ATL,LAS-ATL,19:00,1.0,5.0,1,1,0,,0,329.0,2466,14,9,0.0,0.0,0.0,0.0,0.0,3,Monday
fl_0000628,2024-01-30,F9,6731,PHX,JFK,PHX-JFK,20:30,13.0,5.0,1,1,0,,0,84.0,549,12,17,0.0,0.0,0.0,0.0,0.0,1,Tuesday
fl_0000629,2024-01-11,AA,5176,DFW,LGA,DFW-LGA,22:15,4.0,2.0,1,1,0,,0,227.0,1591,10,13,0.0,0.0,0.0,0.0,0.0,1,Thursday
fl_0000630,2024-02-23,UA,7145,SEA,FLL,SEA-FLL,10:00,-4.0,-8.0,1,1,0,,0,158.0,1116,20,6,0.0,0.0,0.0,0.0,0.0,2,Friday
fl_0000631,2024-02-18,WN,6409,MCO,CLT,MCO-CLT,20:00,4.0,1.0,1,1,0,,0,131.0,871,24,15,0.0,0.0,0.0,0.0,0.0,2,Sunday
fl_0000632,2024-06-18,DL,2100,LAX,MSP,LAX-MSP,12:15,17.0,18.0,0,0,0,,0,196.0,1479,17,19,1.8,4.2,1.9,4.0,6.1,6,Tuesday
fl_0000633,2024-05-08,UA,7014,DFW,JFK,DFW-JFK,09:15,32.0,34.0,0,0,0,,0,293.0,2255,11,15,2.7,17.0,6.9,4.1,3.4,5,Wednesday
fl_0000634,2024-06-05,AS,838,SLC,PHL,SLC-PHL,12:45,-14.0,-11.0,1,1,0,,0,100.0,680,25,18,0.0,0.0,0.0,0.0,0.0,6,Wednesday
fl_0000635,2024-01-27,DL,4239,ORD,MCO,ORD-MCO,12:00,13.0,15.0,0,1,0,,0,318.0,2282,26,8,0.0,0.0,0.0,0.0,0.0,1,Saturday
fl_0000636,2024-04-07,WN,6389,LGA,SAN,LGA-SAN,06:00,-2.0,-11.0,1,1,0,,0,267.0,1927,34,7,0.0,0.0,0.0,0.0,0.0,4,Sunday
fl_0000637,2024-06-15,B6,7666,DEN,SAN,DEN-SAN,21:00,-1.0,-9.0,1,1,0,,0,222.0,1581,15,16,0.0,0.0,0.0,0.0,0.0,6,Saturday
fl_0000638,2024-01-21,AA,4995,EWR,IAD,EWR-IAD,12:00,-9.0,-12.0,1,1,0,,0,160.0,1181,22,7,0.0,0.0,0.0,0.0,0.0,1,Sunday
fl_0000639,2024-04-14,WN,5176,DFW,MSP,DFW-MSP,22:15,-5.0,-5.0,1,1,0,,0,112.0,753,34,12,0.0,0.0,0.0,0.0,0.0,4,Sunday
fl_0000640,2024-05-17,AA,6051,MSP,LGA,MSP-LGA,13:45,12.0,19.0,0,1,0,,0,247.0,1763,30,12,3.9,3.9,7.4,0.2,3.6,5,Friday
fl_0000641,2024-01-01,WN,3310,MIA,MSP,MIA-MSP,13:00,,,0,0,1,Carrier,0,282.0,1950,22,17,0.0,0.0,0.0,0.0,0.0,1,Monday
fl_0000642,2024-03-04,WN,5098,BWI,BOS,BWI-BOS,12:45,1.0,-4.0,1,1,0,,0,181.0,1278,17,5,0.0,0.0,0.0,0.0,0.0,3,Monday
fl_0000643,2024-06-12,DL,7001,ORD,IAD,ORD-IAD,10:00,3.0,1.0,1,1,0,,0,130.0,915,28,13,0.0,0.0,0.0,0.0,0.0,6,Wednesday
fl_0000644,2024-01-21,F9,3607,FLL,DEN,FLL-DEN,09:00,-6.0,-15.0,1,1,0,,0,370.0,2569,24,11,0.0,0.0,0.0,0.0,0.0,1,Sunday
fl_0000645,2024-06-14,UA,1698,LGA,SAN,LGA-SAN,06:00,38.0,40.0,0,0,0,,0,179.0,1203,26,16,13.5,5.2,1.2,2.2,17.9,6,Friday
fl_0000646,2024-05-05,WN,1027,FLL,MCO,FLL-MCO,16:45,-7.0,-3.0,1,1,0,,0,325.0,2378,32,12,0.0,0.0,0.0,0.0,0.0,5,Sunday
fl_0000647,2024-05-04,UA,5895,PHX,MSP,PHX-MSP,12:15,13.0,9.0,1,1,0,,0,309.0,2349,16,9,0.0,0.0,0.0,0.0,0.0,5,Saturday
fl_0000648,2024-06-12,AA,6766,SFO,LAX,SFO-LAX,12:45,-3.0,-1.0,1,1,0,,0,219.0,1484,32,12,0.0,0.0,0.0,0.0,0.0,6,Wednesday
fl_0000649,2024-01-22,AS,8584,EWR,ATL,EWR-ATL,09:30,27.0,29.0,0,0,0,,0,150.0,1060,32,9,6.2,3.2,8.7,4.9,6.1,1,Monday
fl_0000650,2024-03-21,AA,4319,DFW,LAS,DFW-LAS,10:30,80.0,83.0,0,0,0,,0,183.0,1277,26,13,21.0,1.1,13.2,17.3,30.4,3,Thursday
fl_0000651,2024-01-28,AA,3088,SLC,DFW,SLC-DFW,22:30,-11.0,-8.0,1,1,0,,0,212.0,1552,21,6,0.0,0.0,0.0,0.0,0.0,1,Sunday
fl_0000652,2024-02-25,NK,252,EWR,DTW,EWR-DTW,14:45,,,0,0,1,Carrier,0,232.0,1761,17,17,0.0,0.0,0.0,0.0,0.0,2,Sunday
fl_0000653,2024-02-13,WN,2320,LAX,ORD,LAX-ORD,12:45,-4.0,-10.0,1,1,0,,0,318.0,2482,31,10,0.0,0.0,0.0,0.0,0.0,2,Tuesday
fl_0000654,2024-03-03,G4,4558,CLT,IAH,CLT-IAH,20:15,-3.0,-5.0,1,1,0,,0,171.0,1168,15,6,0.0,0.0,0.0,0.0,0.0,3,Sunday
fl_0000655,2024-04-10,AA,4170,SLC,LGA,SLC-LGA,11:00,-4.0,-2.0,1,1,0,,0,73.0,408,33,13,0.0,0.0,0.0,0.0,0.0,4,Wednesday
fl_0000656,2024-04-02,HA,8215,SFO,JFK,SFO-JFK,18:15,10.0,1.0,1,1,0,,0,340.0,2329,21,15,0.0,0.0,0.0,0.0,0.0,4,Tuesday
fl_0000657,2024-02-27,WN,5719,MIA,SEA,MIA-SEA,14:15,-3.0,-8.0,1,1,0,,0,53.0,296,28,16,0.0,0.0,0.0,0.0,0.0,2,Tuesday
fl_0000658,2024-03-23,WN,1090,ATL,SFO,ATL-SFO,07:45,8.0,12.0,1,1,0,,0,255.0,1808,27,15,0.0,0.0,0.0,0.0,0.0,3,Saturday
fl_0000659,2024-01-21,DL,1118,SEA,SAN,SEA-SAN,15:45,5.0,9.0,1,1,0,,0,98.0,631,14,12,0.0,0.0,0.0,0.0,0.0,1,Sunday
fl_0000660,2024-05-25,AS,2813,LAS,DTW,LAS-DTW,15:00,20.0,26.0,0,0,0,,0,245.0,1816,12,5,7.4,3.1,1.4,12.7,1.5,5,Saturday
fl_0000661,2024-06-04,DL,8517,BWI,CLT,BWI-CLT,09:30,4.0,-3.0,1,1,0,,0,346.0,2487,33,8,0.0,0.0,0.0,0.0,0.0,6,Tuesday
fl_0000662,2024-06-02,UA,837,IAH,LGA,IAH-LGA,16:15,-1.0,-8.0,1,1,0,,0,295.0,2110,15,6,0.0,0.0,0.0,0.0,0.0,6,Sunday
fl_0000663,2024-04-16,AA,3998,MSP,ATL,MSP-ATL,16:30,3.0,5.0,1,1,0,,0,116.0,727,33,14,0.0,0.0,0.0,0.0,0.0,4,Tuesday
fl_0000664,2024-03-18,AA,8258,JFK,SLC,JFK-SLC,13:30,-14.0,-20.0,1,1,0,,0,135.0,957,27,11,0.0,0.0,0.0,0.0,0.0,3,Monday
fl_0000665,2024-03-28,NK,4473,SFO,DTW,SFO-DTW,12:15,8.0,5.0,1,1,0,,0,350.0,2415,30,10,0.0,0.0,0.0,0.0,0.0,3,Thursday
fl_0000666,2024-01-05,UA,4270,IAH,FLL,IAH-FLL,19:30,-9.0,-19.0,1,1,0,,0,346.0,2363,14,18,0.0,0.0,0.0,0.0,0.0,1,Friday
fl_0000667,2024-03-06,WN,534,LGA,DTW,LGA-DTW,14:15,-8.0,-9.0,1,1,0,,0,272.0,1817,21,17,0.0,0.0,0.0,0.0,0.0,3,Wednesday
fl_0000668,2024-01-07,DL,6105,SEA,IAH,SEA-IAH,17:15,-1.0,1.0,1,1,0,,0,277.0,2013,12,9,0.0,0.0,0.0,0.0,0.0,1,Sunday
fl_0000669,2024-06-26,WN,1077,BWI,LAS,BWI-LAS,18:30,62.0,66.0,0,0,0,,0,294.0,2088,22,19,11.5,2.9,22.0,19.7,9.9,6,Wednesday
fl_0000670,2024-02-21,WN,334,LAX,DFW,LAX-DFW,18:00,-13.0,-17.0,1,1,0,,0,63.0,390,30,10,0.0,0.0,0.0,0.0,0.0,2,Wednesday
fl_0000671,2024-02-25,DL,6243,MIA,DEN,MIA-DEN,19:45,6.0,10.0,1,1,0,,0,94.0,564,31,16,0.0,0.0,0.0,0.0,0.0,2,Sunday
fl_0000672,2024-02-16,UA,2704,SLC,SEA,SLC-SEA,17:45,-5.0,-13.0,1,1,0,,0,337.0,2445,33,19,0.0,0.0,0.0,0.0,0.0,2,Friday
fl_0000673,2024-06-09,AA,2338,BOS,BWI,BOS-BWI,12:15,29.0,30.0,0,0,0,,0,51.0,259,11,10,3.7,10.0,0.7,10.6,5.0,6,Sunday
fl_0000674,2024-04-30,UA,4968,LAS,DEN,LAS-DEN,07:45,7.0,,0,1,0,,1,197.0,1445,11,19,0.0,45.0,20.0,0.0,0.0,4,Tuesday
fl_0000675,2024-02-23,AA,3185,SLC,BWI,SLC-BWI,20:30,10.0,11.0,1,1,0,,0,211.0,1388,19,13,0.0,0.0,0.0,0.0,0.0,2,Friday
fl_0000676,2024-06-03,AA,2701,DFW,SLC,DFW-SLC,12:45,-13.0,-21.0,1,1,0,,0,274.0,1948,11,10,0.0,0.0,0.0,0.0,0.0,6,Monday
fl_0000677,2024-01-23,AS,7563,PHX,MCO,PHX-MCO,22:15,-9.0,-6.0,1,1,0,,0,271.0,1832,32,18,0.0,0.0,0.0,0.0,0.0,1,Tuesday
fl_0000678,2024-04-17,UA,528,PHX,JFK,PHX-JFK,15:15,12.0,7.0,1,1,0,,0,255.0,1739,32,5,0.0,0.0,0.0,0.0,0.0,4,Wednesday
fl_0000679,2024-03-15,AA,8542,SLC,DEN,SLC-DEN,22:00,1.0,-6.0,1,1,0,,0,323.0,2503,27,14,0.0,0.0,0.0,0.0,0.0,3,Friday
fl_0000680,2024-06-14,AS,2207,MCO,DFW,MCO-DFW,18:45,-9.0,-8.0,1,1,0,,0,249.0,1640,16,15,0.0,0.0,0.0,0.0,0.0,6,Friday
fl_0000681,2024-05-09,AA,5817,ORD,BWI,ORD-BWI,14:45,-15.0,-15.0,1,1,0,,0,287.0,1996,16,8,0.0,0.0,0.0,0.0,0.0,5,Thursday
fl_0000682,2024-04-16,B6,2395,MIA,BWI,MIA-BWI,21:15,1.0,2.0,1,1,0,,0,134.0,962,16,8,0.0,0.0,0.0,0.0,0.0,4,Tuesday
fl_0000683,2024-05-02,NK,2690,DTW,IAH,DTW-IAH,09:00,4.0,,0,1,0,,1,263.0,1796,16,17,0.0,45.0,20.0,0.0,0.0,5,Thursday
fl_0000684,2024-03-19,AA,7750,LGA,FLL,LGA-FLL,10:00,68.0,77.0,0,0,0,,0,57.0,297,25,13,3.3,36.9,16.4,14.2,6.1,3,Tuesday
fl_0000685,2024-04-18,UA,594,LAX,DTW,LAX-DTW,10:30,26.0,32.0,0,0,0,,0,149.0,1072,30,9,5.6,0.6,13.2,7.9,4.7,4,Thursday
fl_0000686,2024-03-17,F9,2683,LAS,BWI,LAS-BWI,10:00,-13.0,-14.0,1,1,0,,0,270.0,1924,33,5,0.0,0.0,0.0,0.0,0.0,3,Sunday
fl_0000687,2024-05-11,NK,7095,MCO,SFO,MCO-SFO,12:00,17.0,19.0,0,0,0,,0,188.0,1337,13,11,0.6,5.9,0.9,7.7,4.0,5,Saturday
fl_0000688,2024-03-11,DL,6179,IAD,PHL,IAD-PHL,22:00,-9.0,-15.0,1,1,0,,0,132.0,906,19,7,0.0,0.0,0.0,0.0,0.0,3,Monday
fl_0000689,2024-05-14,DL,6269,PHL,LAS,PHL-LAS,06:45,-2.0,-11.0,1,1,0,,0,155.0,991,26,6,0.0,0.0,0.0,0.0,0.0,5,Tuesday
fl_0000690,2024-05-04,B6,8810,BOS,SFO,BOS-SFO,14:45,9.0,3.0,1,1,0,,0,80.0,476,19,11,0.0,0.0,0.0,0.0,0.0,5,Saturday
fl_0000691,2024-05-23,AA,437,ATL,PHL,ATL-PHL,14:45,-2.0,-12.0,1,1,0,,0,204.0,1414,19,18,0.0,0.0,0.0,0.0,0.0,5,Thursday
fl_0000692,2024-02-10,AA,5529,MSP,FLL,MSP-FLL,14:15,,,0,0,1,Weather,0,336.0,2498,34,5,0.0,0.0,0.0,0.0,0.0,2,Saturday
fl_0000693,2024-04-24,AA,8907,EWR,MIA,EWR-MIA,18:30,,,0,0,1,Weather,0,310.0,2203,25,14,0.0,0.0,0.0,0.0,0.0,4,Wednesday
fl_0000694,2024-02-13,AA,7383,IAD,PHX,IAD-PHX,08:45,67.0,69.0,0,0,0,,0,197.0,1397,29,18,7.8,18.8,7.3,4.9,30.1,2,Tuesday
fl_0000695,2024-01-11,F9,8884,SLC,ORD,SLC-ORD,07:30,0.0,4.0,1,1,0,,0,133.0,894,31,7,0.0,0.0,0.0,0.0,0.0,1,Thursday
fl_0000696,2024-05-23,AA,7511,ORD,EWR,ORD-EWR,16:30,-7.0,-17.0,1,1,0,,0,309.0,2182,18,10,0.0,0.0,0.0,0.0,0.0,5,Thursday
fl_0000697,2024-03-02,AA,7163,LAX,JFK,LAX-JFK,09:00,13.0,15.0,0,1,0,,0,353.0,2481,10,9,0.0,0.0,0.0,0.0,0.0,3,Saturday
fl_0000698,2024-01-01,WN,8455,JFK,MIA,JFK-MIA,19:15,7.0,-2.0,1,1,0,,0,330.0,2354,24,12,0.0,0.0,0.0,0.0,0.0,1,Monday
fl_0000699,2024-02-16,WN,2993,DTW,LAX,DTW-LAX,09:00,1.0,-2.0,1,1,0,,0,178.0,1213,23,15,0.0,0.0,0.0,0.0,0.0,2,Friday
fl_0000700,2024-05-19,DL,8223,JFK,PHL,JFK-PHL,07:45,4.0,6.0,1,1,0,,0,149.0,1001,28,11,0.0,0.0,0.0,0.0,0.0,5,Sunday
fl_0000701,2024-04-18,AA,4516,JFK,SFO,JFK-SFO,13:30,,,0,0,1,Weather,0,191.0,1371,16,10,0.0,0.0,0.0,0.0,0.0,4,Thursday
fl_0000702,2024-02-04,DL,7924,SFO,IAD,SFO-IAD,19:45,-12.0,-20.0,1,1,0,,0,128.0,863,34,19,0.0,0.0,0.0,0.0,0.0,2,Sunday
fl_0000703,2024-05-24,WN,2836,IAD,PHL,IAD-PHL,13:15,-13.0,-18.0,1,1,0,,0,187.0,1368,27,6,0.0,0.0,0.0,0.0,0.0,5,Friday
fl_0000704,2024-01-01,DL,259,IAH,SEA,IAH-SEA,17:00,-2.0,-7.0,1,1,0,,0,270.0,2070,25,18,0.0,0.0,0.0,0.0,0.0,1,Monday
fl_0000705,2024-06-02,DL,4654,DEN,BOS,DEN-BOS,09:15,8.0,3.0,1,1,0,,0,70.0,449,20,11,0.0,0.0,0.0,0.0,0.0,6,Sunday
fl_0000706,2024-06-19,B6,7654,BWI,DTW,BWI-DTW,20:15,-5.0,-9.0,1,1,0,,0,226.0,1547,33,12,0.0,0.0,0.0,0.0,0.0,6,Wednesday
fl_0000707,2024-01-16,WN,1389,CLT,LAX,CLT-LAX,13:30,-1.0,1.0,1,1,0,,0,206.0,1401,18,12,0.0,0.0,0.0,0.0,0.0,1,Tuesday
fl_0000708,2024-03-07,DL,6766,DEN,IAH,DEN-IAH,12:30,5.0,2.0,1,1,0,,0,301.0,2259,31,11,0.0,0.0,0.0,0.0,0.0,3,Thursday
fl_0000709,2024-02-08,AA,2330,MCO,CLT,MCO-CLT,11:30,0.0,-6.0,1,1,0,,0,138.0,960,34,11,0.0,0.0,0.0,0.0,0.0,2,Thursday
fl_0000710,2024-02-13,AA,6164,EWR,PHL,EWR-PHL,22:00,9.0,-1.0,1,1,0,,0,290.0,2195,26,8,0.0,0.0,0.0,0.0,0.0,2,Tuesday
fl_0000711,2024-01-31,AA,1482,BOS,JFK,BOS-JFK,18:15,-15.0,-11.0,1,1,0,,0,78.0,494,18,7,0.0,0.0,0.0,0.0,0.0,1,Wednesday
fl_0000712,2024-03-14,WN,2683,CLT,BWI,CLT-BWI,11:00,11.0,18.0,0,1,0,,0,177.0,1302,26,12,5.2,0.4,6.6,0.7,5.1,3,Thursday
fl_0000713,2024-04-17,AA,3902,CLT,ORD,CLT-ORD,13:45,-9.0,-8.0,1,1,0,,0,141.0,908,24,18,0.0,0.0,0.0,0.0,0.0,4,Wednesday
fl_0000714,2024-03-21,AA,4500,IAD,MCO,IAD-MCO,18:00,-13.0,-22.0,1,1,0,,0,124.0,838,34,14,0.0,0.0,0.0,0.0,0.0,3,Thursday
fl_0000715,2024-06-22,DL,1504,EWR,SAN,EWR-SAN,06:00,-10.0,-6.0,1,1,0,,0,356.0,2402,31,16,0.0,0.0,0.0,0.0,0.0,6,Saturday
fl_0000716,2024-06-09,DL,924,ATL,SAN,ATL-SAN,06:30,-1.0,-11.0,1,1,0,,0,284.0,1997,16,12,0.0,0.0,0.0,0.0,0.0,6,Sunday
fl_0000717,2024-02-20,UA,2701,MSP,IAH,MSP-IAH,19:45,-2.0,-9.0,1,1,0,,0,153.0,1009,24,14,0.0,0.0,0.0,0.0,0.0,2,Tuesday
fl_0000718,2024-05-05,F9,4936,LGA,PHL,LGA-PHL,19:45,,,0,0,1,Carrier,0,302.0,2107,34,12,0.0,0.0,0.0,0.0,0.0,5,Sunday
fl_0000719,2024-03-27,UA,7372,MIA,BWI,MIA-BWI,19:00,-11.0,-16.0,1,1,0,,0,57.0,334,28,6,0.0,0.0,0.0,0.0,0.0,3,Wednesday
fl_0000720,2024-02-19,DL,3303,ATL,DFW,ATL-DFW,19:45,7.0,3.0,1,1,0,,0,333.0,2487,34,12,0.0,0.0,0.0,0.0,0.0,2,Monday
fl_0000721,2024-01-27,AA,8541,JFK,DEN,JFK-DEN,21:15,27.0,35.0,0,0,0,,0,366.0,2597,29,11,3.6,10.8,5.4,12.1,3.0,1,Saturday
fl_0000722,2024-05-29,DL,5178,FLL,IAD,FLL-IAD,21:00,11.0,12.0,1,1,0,,0,335.0,2386,20,17,0.0,0.0,0.0,0.0,0.0,5,Wednesday
fl_0000723,2024-03-29,DL,6682,SAN,LAS,SAN-LAS,07:00,141.0,145.0,0,0,0,,0,295.0,2065,16,7,39.4,23.9,22.8,7.9,51.0,3,Friday
fl_0000724,2024-02-03,F9,3461,LGA,IAD,LGA-IAD,21:00,2.0,-3.0,1,1,0,,0,79.0,456,30,9,0.0,0.0,0.0,0.0,0.0,2,Saturday
fl_0000725,2024-02-09,AA,2976,MCO,MIA,MCO-MIA,12:45,7.0,5.0,1,1,0,,0,103.0,706,15,18,0.0,0.0,0.0,0.0,0.0,2,Friday
fl_0000726,2024-02-04,AA,3402,BWI,ATL,BWI-ATL,06:30,16.0,17.0,0,0,0,,0,290.0,2174,11,15,0.3,2.1,2.0,5.0,7.6,2,Sunday
fl_0000727,2024-04-22,DL,900,IAD,SLC,IAD-SLC,09:15,6.0,8.0,1,1,0,,0,210.0,1528,11,15,0.0,0.0,0.0,0.0,0.0,4,Monday
fl_0000728,2024-05-12,UA,2392,DTW,IAH,DTW-IAH,07:15,6.0,3.0,1,1,0,,0,151.0,970,11,5,0.0,0.0,0.0,0.0,0.0,5,Sunday
fl_0000729,2024-04-08,AS,1805,LAS,ORD,LAS-ORD,09:00,12.0,16.0,0,1,0,,0,106.0,731,32,15,0.0,0.0,0.0,0.0,0.0,4,Monday
fl_0000730,2024-01-31,HA,4786,LAS,PHL,LAS-PHL,18:15,5.0,-1.0,1,1,0,,0,355.0,2543,30,17,0.0,0.0,0.0,0.0,0.0,1,Wednesday
fl_0000731,2024-04-04,WN,8663,CLT,DTW,CLT-DTW,20:00,34.0,37.0,0,0,0,,0,183.0,1356,17,16,17.6,2.1,9.0,8.0,0.2,4,Thursday
fl_0000732,2024-03-09,AA,171,IAD,LGA,IAD-LGA,17:30,-7.0,-15.0,1,1,0,,0,274.0,1949,24,7,0.0,0.0,0.0,0.0,0.0,3,Saturday
fl_0000733,2024-01-05,AA,6111,LGA,SEA,LGA-SEA,19:00,1.0,-3.0,1,1,0,,0,49.0,260,19,17,0.0,0.0,0.0,0.0,0.0,1,Friday
fl_0000734,2024-04-09,WN,7371,SAN,ORD,SAN-ORD,20:15,-14.0,-18.0,1,1,0,,0,141.0,916,23,13,0.0,0.0,0.0,0.0,0.0,4,Tuesday
fl_0000735,2024-05-03,AA,8014,ATL,MCO,ATL-MCO,11:15,-15.0,-16.0,1,1,0,,0,114.0,702,30,6,0.0,0.0,0.0,0.0,0.0,5,Friday
fl_0000736,2024-06-17,AA,1766,BWI,PHX,BWI-PHX,09:30,-6.0,-14.0,1,1,0,,0,144.0,920,32,18,0.0,0.0,0.0,0.0,0.0,6,Monday
fl_0000737,2024-05-09,G4,8236,ORD,FLL,ORD-FLL,09:45,69.0,75.0,0,0,0,,0,297.0,2230,20,17,1.2,52.6,11.9,6.7,2.7,5,Thursday
fl_0000738,2024-02-14,UA,5081,LGA,SLC,LGA-SLC,08:45,-14.0,-14.0,1,1,0,,0,270.0,1984,30,12,0.0,0.0,0.0,0.0,0.0,2,Wednesday
fl_0000739,2024-02-07,F9,3216,DTW,BWI,DTW-BWI,17:15,-15.0,-24.0,1,1,0,,0,137.0,979,28,17,0.0,0.0,0.0,0.0,0.0,2,Wednesday
fl_0000740,2024-05-26,AA,1420,BWI,ORD,BWI-ORD,07:15,3.0,5.0,1,1,0,,0,285.0,2139,26,19,0.0,0.0,0.0,0.0,0.0,5,Sunday
fl_0000741,2024-01-22,DL,3858,JFK,ORD,JFK-ORD,09:45,2.0,3.0,1,1,0,,0,178.0,1294,17,10,0.0,0.0,0.0,0.0,0.0,1,Monday
fl_0000742,2024-02-05,NK,5124,FLL,MSP,FLL-MSP,18:00,13.0,6.0,1,1,0,,0,242.0,1809,29,14,0.0,0.0,0.0,0.0,0.0,2,Monday
fl_0000743,2024-05-31,WN,203,SFO,EWR,SFO-EWR,09:15,5.0,3.0,1,1,0,,0,303.0,2151,27,7,0.0,0.0,0.0,0.0,0.0,5,Friday
fl_0000744,2024-01-13,WN,2148,MIA,SLC,MIA-SLC,14:00,-2.0,-3.0,1,1,0,,0,75.0,426,21,13,0.0,0.0,0.0,0.0,0.0,1,Saturday
fl_0000745,2024-05-27,AA,1479,JFK,CLT,JFK-CLT,10:15,-6.0,-2.0,1,1,0,,0,111.0,785,21,17,0.0,0.0,0.0,0.0,0.0,5,Monday
fl_0000746,2024-06-24,WN,6185,DEN,ATL,DEN-ATL,17:15,33.0,35.0,0,0,0,,0,348.0,2545,32,8,17.0,0.2,5.8,11.3,0.7,6,Monday
fl_0000747,2024-03-04,G4,2064,BWI,BOS,BWI-BOS,13:30,-8.0,-4.0,1,1,0,,0,156.0,1028,26,11,0.0,0.0,0.0,0.0,0.0,3,Monday
fl_0000748,2024-04-30,NK,7897,MSP,IAD,MSP-IAD,13:00,6.0,-3.0,1,1,0,,0,137.0,856,23,8,0.0,0.0,0.0,0.0,0.0,4,Tuesday
fl_0000749,2024-04-24,UA,2118,SAN,LAX,SAN-LAX,17:30,5.0,-1.0,1,1,0,,0,236.0,1601,32,18,0.0,0.0,0.0,0.0,0.0,4,Wednesday
fl_0000750,2024-04-12,DL,6232,EWR,BOS,EWR-BOS,06:30,29.0,36.0,0,0,0,,0,238.0,1791,15,11,5.2,7.0,14.2,2.7,6.9,4,Friday
fl_0000751,2024-02-09,WN,3419,BWI,DEN,BWI-DEN,08:00,-10.0,-20.0,1,1,0,,0,101.0,687,31,11,0.0,0.0,0.0,0.0,0.0,2,Friday
fl_0000752,2024-05-14,B6,8806,JFK,DTW,JFK-DTW,20:15,8.0,-2.0,1,1,0,,0,330.0,2414,10,17,0.0,0.0,0.0,0.0,0.0,5,Tuesday
fl_0000753,2024-02-25,NK,3293,FLL,SLC,FLL-SLC,08:30,7.0,-2.0,1,1,0,,0,222.0,1556,34,9,0.0,0.0,0.0,0.0,0.0,2,Sunday
fl_0000754,2024-02-13,AS,8443,FLL,SEA,FLL-SEA,20:30,3.0,7.0,1,1,0,,0,161.0,1036,17,7,0.0,0.0,0.0,0.0,0.0,2,Tuesday
fl_0000755,2024-03-11,AA,8912,EWR,ORD,EWR-ORD,15:15,2.0,4.0,1,1,0,,0,103.0,669,33,14,0.0,0.0,0.0,0.0,0.0,3,Monday
fl_0000756,2024-02-13,WN,4505,SEA,SLC,SEA-SLC,10:00,13.0,10.0,1,1,0,,0,202.0,1502,18,5,0.0,0.0,0.0,0.0,0.0,2,Tuesday
fl_0000757,2024-04-15,DL,8885,SEA,FLL,SEA-FLL,17:30,23.0,30.0,0,0,0,,0,228.0,1690,22,19,10.0,1.6,3.0,11.6,3.8,4,Monday
fl_0000758,2024-03-20,AA,7403,BOS,EWR,BOS-EWR,21:00,-7.0,-11.0,1,1,0,,0,335.0,2437,33,15,0.0,0.0,0.0,0.0,0.0,3,Wednesday
fl_0000759,2024-03-30,NK,4838,BOS,SEA,BOS-SEA,15:00,-12.0,-20.0,1,1,0,,0,289.0,2016,34,9,0.0,0.0,0.0,0.0,0.0,3,Saturday
fl_0000760,2024-04-06,F9,4355,PHL,DTW,PHL-DTW,12:15,-7.0,-3.0,1,1,0,,0,218.0,1638,12,5,0.0,0.0,0.0,0.0,0.0,4,Saturday
fl_0000761,2024-01-03,WN,1954,ORD,PHL,ORD-PHL,22:00,0.0,-2.0,1,1,0,,0,221.0,1584,34,17,0.0,0.0,0.0,0.0,0.0,1,Wednesday
fl_0000762,2024-03-25,AA,8551,MIA,SLC,MIA-SLC,20:00,-1.0,-4.0,1,1,0,,0,92.0,575,30,13,0.0,0.0,0.0,0.0,0.0,3,Monday
fl_0000763,2024-01-13,UA,877,IAD,LAX,IAD-LAX,13:00,-1.0,-5.0,1,1,0,,0,195.0,1332,15,6,0.0,0.0,0.0,0.0,0.0,1,Saturday
fl_0000764,2024-03-29,UA,3678,DTW,IAD,DTW-IAD,22:45,180.0,184.0,0,0,0,,0,289.0,2053,27,11,5.5,1.8,21.5,67.5,87.6,3,Friday
fl_0000765,2024-06-28,WN,1598,SLC,IAD,SLC-IAD,07:45,-2.0,2.0,1,1,0,,0,171.0,1139,10,8,0.0,0.0,0.0,0.0,0.0,6,Friday
fl_0000766,2024-01-06,WN,8198,MCO,MSP,MCO-MSP,14:30,-9.0,-18.0,1,1,0,,0,334.0,2561,21,8,0.0,0.0,0.0,0.0,0.0,1,Saturday
fl_0000767,2024-03-02,UA,4574,MIA,EWR,MIA-EWR,17:00,,,0,0,1,Weather,0,181.0,1354,28,16,0.0,0.0,0.0,0.0,0.0,3,Saturday
fl_0000768,2024-04-18,AA,7538,CLT,SFO,CLT-SFO,08:30,13.0,17.0,0,1,0,,0,97.0,601,32,11,0.0,0.0,0.0,0.0,0.0,4,Thursday
fl_0000769,2024-05-15,DL,2353,IAD,SAN,IAD-SAN,13:15,10.0,10.0,1,1,0,,0,265.0,1913,23,6,0.0,0.0,0.0,0.0,0.0,5,Wednesday
fl_0000770,2024-04-24,AS,8375,LGA,IAH,LGA-IAH,08:45,25.0,29.0,0,0,0,,0,218.0,1428,21,7,5.3,8.3,2.6,3.7,9.1,4,Wednesday
fl_0000771,2024-03-21,DL,8408,CLT,BOS,CLT-BOS,14:30,-4.0,-13.0,1,1,0,,0,292.0,2198,27,18,0.0,0.0,0.0,0.0,0.0,3,Thursday
fl_0000772,2024-06-17,B6,2540,SFO,CLT,SFO-CLT,22:00,3.0,2.0,1,1,0,,0,93.0,555,12,9,0.0,0.0,0.0,0.0,0.0,6,Monday
fl_0000773,2024-01-24,UA,7257,MCO,SEA,MCO-SEA,11:45,-11.0,-8.0,1,1,0,,0,282.0,2069,12,15,0.0,0.0,0.0,0.0,0.0,1,Wednesday
fl_0000774,2024-06-25,HA,4365,LGA,ATL,LGA-ATL,21:45,-6.0,-8.0,1,1,0,,0,104.0,629,22,12,0.0,0.0,0.0,0.0,0.0,6,Tuesday
fl_0000775,2024-04-13,WN,1108,IAH,MCO,IAH-MCO,11:45,4.0,-6.0,1,1,0,,0,273.0,1927,16,8,0.0,0.0,0.0,0.0,0.0,4,Saturday
fl_0000776,2024-04-10,B6,4167,SEA,SFO,SEA-SFO,21:00,-3.0,-4.0,1,1,0,,0,319.0,2253,28,12,0.0,0.0,0.0,0.0,0.0,4,Wednesday
fl_0000777,2024-02-13,B6,2105,ATL,IAH,ATL-IAH,11:45,6.0,5.0,1,1,0,,0,175.0,1153,16,9,0.0,0.0,0.0,0.0,0.0,2,Tuesday
fl_0000778,2024-02-03,UA,8370,BOS,MIA,BOS-MIA,18:00,11.0,5.0,1,1,0,,0,337.0,2347,11,5,0.0,0.0,0.0,0.0,0.0,2,Saturday
fl_0000779,2024-05-04,UA,1735,FLL,ORD,FLL-ORD,09:45,-12.0,-19.0,1,1,0,,0,189.0,1376,19,5,0.0,0.0,0.0,0.0,0.0,5,Saturday
fl_0000780,2024-02-29,AA,154,MIA,PHL,MIA-PHL,11:45,12.0,9.0,1,1,0,,0,184.0,1230,21,13,0.0,0.0,0.0,0.0,0.0,2,Thursday
fl_0000781,2024-04-14,UA,4513,ORD,DEN,ORD-DEN,13:00,-11.0,-13.0,1,1,0,,0,140.0,972,30,14,0.0,0.0,0.0,0.0,0.0,4,Sunday
fl_0000782,2024-02-09,B6,1635,DTW,EWR,DTW-EWR,18:45,2.0,-3.0,1,1,0,,0,87.0,530,28,10,0.0,0.0,0.0,0.0,0.0,2,Friday
fl_0000783,2024-04-10,WN,7086,LAX,SAN,LAX-SAN,07:15,-3.0,-9.0,1,1,0,,0,361.0,2457,22,6,0.0,0.0,0.0,0.0,0.0,4,Wednesday
fl_0000784,2024-01-16,UA,7583,PHL,DTW,PHL-DTW,16:00,10.0,3.0,1,1,0,,0,79.0,507,14,16,0.0,0.0,0.0,0.0,0.0,1,Tuesday
fl_0000785,2024-04-21,DL,4777,CLT,SAN,CLT-SAN,22:45,,,0,0,1,Security,0,79.0,496,23,8,0.0,0.0,0.0,0.0,0.0,4,Sunday
fl_0000786,2024-01-09,UA,3233,JFK,PHL,JFK-PHL,13:00,5.0,7.0,1,1,0,,0,357.0,2592,18,7,0.0,0.0,0.0,0.0,0.0,1,Tuesday
fl_0000787,2024-01-23,DL,5182,JFK,LAX,JFK-LAX,12:15,-6.0,-4.0,1,1,0,,0,353.0,2518,31,12,0.0,0.0,0.0,0.0,0.0,1,Tuesday
fl_0000788,2024-03-07,UA,8300,IAD,DFW,IAD-DFW,11:30,33.0,37.0,0,0,0,,0,233.0,1631,27,14,4.4,2.0,4.9,1.4,24.3,3,Thursday
fl_0000789,2024-05-06,AA,8421,JFK,IAH,JFK-IAH,11:15,-13.0,-9.0,1,1,0,,0,52.0,288,12,8,0.0,0.0,0.0,0.0,0.0,5,Monday
fl_0000790,2024-03-08,UA,7453,MSP,IAD,MSP-IAD,10:00,7.0,10.0,1,1,0,,0,201.0,1474,30,14,0.0,0.0,0.0,0.0,0.0,3,Friday
fl_0000791,2024-01-21,WN,3596,PHX,JFK,PHX-JFK,08:15,3.0,5.0,1,1,0,,0,233.0,1745,33,7,0.0,0.0,0.0,0.0,0.0,1,Sunday
fl_0000792,2024-04-23,AA,466,BOS,LGA,BOS-LGA,15:30,7.0,-1.0,1,1,0,,0,156.0,1074,13,11,0.0,0.0,0.0,0.0,0.0,4,Tuesday
fl_0000793,2024-01-22,AA,7346,JFK,DFW,JFK-DFW,15:00,,,0,0,1,NAS,0,335.0,2377,17,16,0.0,0.0,0.0,0.0,0.0,1,Monday
fl_0000794,2024-06-28,UA,6332,LGA,IAD,LGA-IAD,18:15,1.0,-5.0,1,1,0,,0,118.0,789,18,7,0.0,0.0,0.0,0.0,0.0,6,Friday
fl_0000795,2024-02-25,AA,5728,JFK,CLT,JFK-CLT,16:15,,,0,0,1,Carrier,0,324.0,2186,18,15,0.0,0.0,0.0,0.0,0.0,2,Sunday
fl_0000796,2024-04-13,AA,5059,ORD,MSP,ORD-MSP,20:30,6.0,0.0,1,1,0,,0,116.0,723,15,15,0.0,0.0,0.0,0.0,0.0,4,Saturday
fl_0000797,2024-03-26,UA,6780,SAN,MIA,SAN-MIA,18:30,-11.0,-7.0,1,1,0,,0,158.0,1078,19,8,0.0,0.0,0.0,0.0,0.0,3,Tuesday
fl_0000798,2024-01-02,AS,5230,LAX,SAN,LAX-SAN,17:00,0.0,-2.0,1,1,0,,0,233.0,1614,34,5,0.0,0.0,0.0,0.0,0.0,1,Tuesday
fl_0000799,2024-01-25,DL,2521,SEA,ORD,SEA-ORD,09:00,-5.0,-9.0,1,1,0,,0,128.0,854,15,9,0.0,0.0,0.0,0.0,0.0,1,Thursday
fl_0000800,2024-06-15,AA,1616,EWR,DTW,EWR-DTW,10:30,-2.0,-1.0,1,1,0,,0,71.0,452,10,6,0.0,0.0,0.0,0.0,0.0,6,Saturday
fl_0000801,2024-04-13,F9,3493,MCO,CLT,MCO-CLT,10:30,8.0,5.0,1,1,0,,0,294.0,2203,21,12,0.0,0.0,0.0,0.0,0.0,4,Saturday
fl_0000802,2024-06-09,AA,5656,FLL,SFO,FLL-SFO,17:45,,,0,0,1,Weather,0,217.0,1548,33,17,0.0,0.0,0.0,0.0,0.0,6,Sunday
fl_0000803,2024-06-14,UA,8214,FLL,SLC,FLL-SLC,19:00,42.0,44.0,0,0,0,,0,346.0,2500,22,9,9.0,2.1,4.1,7.0,21.8,6,Friday
fl_0000804,2024-01-02,WN,1672,JFK,DEN,JFK-DEN,21:15,29.0,35.0,0,0,0,,0,285.0,2022,21,9,5.7,9.2,12.8,6.5,0.8,1,Tuesday
fl_0000805,2024-06-12,WN,2831,SFO,MSP,SFO-MSP,07:45,-12.0,-15.0,1,1,0,,0,186.0,1356,18,12,0.0,0.0,0.0,0.0,0.0,6,Wednesday
fl_0000806,2024-04-26,AA,3011,ATL,LAS,ATL-LAS,21:30,12.0,12.0,1,1,0,,0,202.0,1386,29,9,0.0,0.0,0.0,0.0,0.0,4,Friday
fl_0000807,2024-05-04,UA,4977,DEN,SAN,DEN-SAN,16:00,-3.0,-4.0,1,1,0,,0,332.0,2557,29,9,0.0,0.0,0.0,0.0,0.0,5,Saturday
fl_0000808,2024-04-27,DL,5309,PHX,LAS,PHX-LAS,12:30,58.0,66.0,0,0,0,,0,333.0,2330,27,18,10.6,19.3,26.2,5.6,4.2,4,Saturday
fl_0000809,2024-03-23,HA,5426,DEN,LGA,DEN-LGA,15:00,13.0,13.0,1,1,0,,0,319.0,2368,33,7,0.0,0.0,0.0,0.0,0.0,3,Saturday
fl_0000810,2024-04-18,NK,8743,SFO,EWR,SFO-EWR,20:45,9.0,9.0,1,1,0,,0,238.0,1718,27,15,0.0,0.0,0.0,0.0,0.0,4,Thursday
fl_0000811,2024-04-07,UA,7387,DFW,JFK,DFW-JFK,06:30,-14.0,-15.0,1,1,0,,0,52.0,297,25,15,0.0,0.0,0.0,0.0,0.0,4,Sunday
fl_0000812,2024-04-14,DL,1446,SAN,DFW,SAN-DFW,15:45,4.0,-4.0,1,1,0,,0,132.0,834,24,12,0.0,0.0,0.0,0.0,0.0,4,Sunday
fl_0000813,2024-01-23,UA,3802,LGA,DFW,LGA-DFW,10:00,0.0,-7.0,1,1,0,,0,93.0,615,18,7,0.0,0.0,0.0,0.0,0.0,1,Tuesday
fl_0000814,2024-05-04,B6,1324,DTW,MIA,DTW-MIA,20:45,-8.0,-12.0,1,1,0,,0,237.0,1702,32,14,0.0,0.0,0.0,0.0,0.0,5,Saturday
fl_0000815,2024-03-22,AA,3407,DTW,LAS,DTW-LAS,20:15,-12.0,-15.0,1,1,0,,0,337.0,2267,24,15,0.0,0.0,0.0,0.0,0.0,3,Friday
fl_0000816,2024-05-27,AA,553,MCO,SAN,MCO-SAN,18:30,12.0,13.0,1,1,0,,0,140.0,876,22,16,0.0,0.0,0.0,0.0,0.0,5,Monday
fl_0000817,2024-05-17,WN,4201,ORD,DFW,ORD-DFW,08:45,-8.0,-12.0,1,1,0,,0,166.0,1237,26,12,0.0,0.0,0.0,0.0,0.0,5,Friday
fl_0000818,2024-04-29,AA,6816,LAS,PHL,LAS-PHL,09:45,-7.0,-7.0,1,1,0,,0,146.0,1001,28,6,0.0,0.0,0.0,0.0,0.0,4,Monday
fl_0000819,2024-02-06,WN,4890,MSP,LGA,MSP-LGA,18:45,1.0,-1.0,1,1,0,,0,103.0,704,25,13,0.0,0.0,0.0,0.0,0.0,2,Tuesday
fl_0000820,2024-02-09,AA,2255,LAX,SFO,LAX-SFO,10:45,-13.0,-18.0,1,1,0,,0,206.0,1534,17,17,0.0,0.0,0.0,0.0,0.0,2,Friday
fl_0000821,2024-05-21,AA,2382,IAD,PHX,IAD-PHX,13:00,11.0,9.0,1,1,0,,0,51.0,288,32,5,0.0,0.0,0.0,0.0,0.0,5,Tuesday
fl_0000822,2024-05-06,UA,2002,MSP,PHX,MSP-PHX,18:45,1.0,-7.0,1,1,0,,0,96.0,635,23,18,0.0,0.0,0.0,0.0,0.0,5,Monday
fl_0000823,2024-03-07,WN,5552,LGA,JFK,LGA-JFK,15:45,-5.0,-1.0,1,1,0,,0,74.0,470,20,13,0.0,0.0,0.0,0.0,0.0,3,Thursday
fl_0000824,2024-01-31,AS,3496,LAS,DFW,LAS-DFW,20:15,6.0,-2.0,1,1,0,,0,218.0,1541,28,7,0.0,0.0,0.0,0.0,0.0,1,Wednesday
fl_0000825,2024-05-09,WN,4318,BWI,MCO,BWI-MCO,21:45,-6.0,-16.0,1,1,0,,0,258.0,1856,27,7,0.0,0.0,0.0,0.0,0.0,5,Thursday
fl_0000826,2024-04-15,B6,6441,BOS,MCO,BOS-MCO,08:30,-12.0,-10.0,1,1,0,,0,182.0,1278,28,13,0.0,0.0,0.0,0.0,0.0,4,Monday
fl_0000827,2024-03-09,DL,4485,FLL,MSP,FLL-MSP,06:30,-2.0,1.0,1,1,0,,0,112.0,779,29,8,0.0,0.0,0.0,0.0,0.0,3,Saturday
fl_0000828,2024-05-19,DL,1710,JFK,BOS,JFK-BOS,10:00,9.0,1.0,1,1,0,,0,365.0,2509,33,11,0.0,0.0,0.0,0.0,0.0,5,Sunday
fl_0000829,2024-01-21,UA,2211,LGA,SFO,LGA-SFO,16:00,-4.0,-8.0,1,1,0,,0,102.0,687,15,11,0.0,0.0,0.0,0.0,0.0,1,Sunday
fl_0000830,2024-04-26,WN,2555,MSP,CLT,MSP-CLT,12:30,-8.0,-12.0,1,1,0,,0,133.0,944,27,7,0.0,0.0,0.0,0.0,0.0,4,Friday
fl_0000831,2024-05-25,UA,6268,SLC,IAD,SLC-IAD,15:00,8.0,12.0,1,1,0,,0,320.0,2256,24,17,0.0,0.0,0.0,0.0,0.0,5,Saturday
fl_0000832,2024-04-21,AA,2207,MSP,SAN,MSP-SAN,19:00,0.0,-6.0,1,1,0,,0,146.0,987,22,14,0.0,0.0,0.0,0.0,0.0,4,Sunday
fl_0000833,2024-06-21,AS,4098,BOS,EWR,BOS-EWR,20:00,30.0,38.0,0,0,0,,0,334.0,2452,24,11,14.6,15.7,3.7,1.4,2.5,6,Friday
fl_0000834,2024-01-28,UA,4104,LGA,SEA,LGA-SEA,12:15,-9.0,-13.0,1,1,0,,0,240.0,1598,24,15,0.0,0.0,0.0,0.0,0.0,1,Sunday
fl_0000835,2024-06-07,AA,279,PHX,MIA,PHX-MIA,09:15,1.0,5.0,1,1,0,,0,64.0,397,26,12,0.0,0.0,0.0,0.0,0.0,6,Friday
fl_0000836,2024-04-12,AS,7917,LAS,BWI,LAS-BWI,10:00,-11.0,-17.0,1,1,0,,0,72.0,459,21,7,0.0,0.0,0.0,0.0,0.0,4,Friday
fl_0000837,2024-01-05,UA,8217,IAH,LAS,IAH-LAS,15:30,-9.0,-17.0,1,1,0,,0,70.0,402,31,11,0.0,0.0,0.0,0.0,0.0,1,Friday
fl_0000838,2024-05-10,G4,3638,DFW,EWR,DFW-EWR,21:45,13.0,8.0,1,1,0,,0,271.0,2020,31,5,0.0,0.0,0.0,0.0,0.0,5,Friday
fl_0000839,2024-03-23,WN,1321,PHL,FLL,PHL-FLL,19:45,-6.0,-12.0,1,1,0,,0,235.0,1769,28,11,0.0,0.0,0.0,0.0,0.0,3,Saturday
fl_0000840,2024-02-16,UA,8044,DTW,DFW,DTW-DFW,08:30,-14.0,-22.0,1,1,0,,0,324.0,2327,15,11,0.0,0.0,0.0,0.0,0.0,2,Friday
fl_0000841,2024-04-19,DL,7192,CLT,FLL,CLT-FLL,07:30,,,0,0,1,Weather,0,139.0,966,27,17,0.0,0.0,0.0,0.0,0.0,4,Friday
fl_0000842,2024-04-28,F9,8221,MIA,SAN,MIA-SAN,09:15,28.0,34.0,0,0,0,,0,266.0,1874,11,8,6.8,3.6,7.3,11.7,4.6,4,Sunday
fl_0000843,2024-03-23,DL,7341,EWR,MIA,EWR-MIA,16:45,9.0,3.0,1,1,0,,0,298.0,2312,11,13,0.0,0.0,0.0,0.0,0.0,3,Saturday
fl_0000844,2024-04-19,DL,8772,ATL,BWI,ATL-BWI,07:45,-13.0,-12.0,1,1,0,,0,114.0,780,26,16,0.0,0.0,0.0,0.0,0.0,4,Friday
fl_0000845,2024-01-17,UA,6303,LGA,DEN,LGA-DEN,09:45,11.0,12.0,1,1,0,,0,312.0,2276,33,18,0.0,0.0,0.0,0.0,0.0,1,Wednesday
fl_0000846,2024-04-13,DL,2431,MSP,SFO,MSP-SFO,18:00,8.0,1.0,1,1,0,,0,96.0,591,30,14,0.0,0.0,0.0,0.0,0.0,4,Saturday
fl_0000847,2024-06-20,UA,7655,MIA,DEN,MIA-DEN,11:30,72.0,75.0,0,0,0,,0,181.0,1312,18,8,21.5,21.2,16.4,1.8,14.1,6,Thursday
fl_0000848,2024-01-29,AA,7992,DTW,SEA,DTW-SEA,17:30,11.0,9.0,1,1,0,,0,66.0,391,23,13,0.0,0.0,0.0,0.0,0.0,1,Monday
fl_0000849,2024-03-16,DL,2223,ATL,PHX,ATL-PHX,16:15,2.0,-4.0,1,1,0,,0,180.0,1320,31,14,0.0,0.0,0.0,0.0,0.0,3,Saturday
fl_0000850,2024-03-06,DL,5386,SFO,LGA,SFO-LGA,15:30,-4.0,-14.0,1,1,0,,0,321.0,2500,33,9,0.0,0.0,0.0,0.0,0.0,3,Wednesday
fl_0000851,2024-01-24,DL,8524,DEN,CLT,DEN-CLT,19:45,13.0,17.0,0,1,0,,0,217.0,1630,20,19,0.0,0.0,0.0,0.0,0.0,1,Wednesday
fl_0000852,2024-05-05,AA,5173,PHL,IAH,PHL-IAH,20:30,,,0,0,1,NAS,0,192.0,1250,25,15,0.0,0.0,0.0,0.0,0.0,5,Sunday
fl_0000853,2024-04-04,WN,4864,MIA,LAX,MIA-LAX,12:00,21.0,,0,0,0,,1,245.0,1874,30,15,0.0,45.0,20.0,0.0,0.0,4,Thursday
fl_0000854,2024-05-01,NK,2716,LAX,BWI,LAX-BWI,17:45,21.0,21.0,0,0,0,,0,77.0,481,32,17,4.9,0.4,4.8,8.5,2.3,5,Wednesday
fl_0000855,2024-02-20,UA,6604,PHL,BWI,PHL-BWI,20:15,-12.0,-8.0,1,1,0,,0,267.0,1988,33,10,0.0,0.0,0.0,0.0,0.0,2,Tuesday
fl_0000856,2024-03-27,F9,5545,IAH,ATL,IAH-ATL,21:00,-2.0,0.0,1,1,0,,0,304.0,2148,24,7,0.0,0.0,0.0,0.0,0.0,3,Wednesday
fl_0000857,2024-04-14,AS,8044,SEA,FLL,SEA-FLL,09:45,0.0,-6.0,1,1,0,,0,265.0,1990,27,7,0.0,0.0,0.0,0.0,0.0,4,Sunday
fl_0000858,2024-01-02,B6,339,DFW,JFK,DFW-JFK,10:45,-15.0,-12.0,1,1,0,,0,108.0,718,14,19,0.0,0.0,0.0,0.0,0.0,1,Tuesday
fl_0000859,2024-01-25,AA,1905,IAH,DFW,IAH-DFW,15:30,-4.0,-1.0,1,1,0,,0,70.0,405,10,8,0.0,0.0,0.0,0.0,0.0,1,Thursday
fl_0000860,2024-01-03,WN,5248,IAD,JFK,IAD-JFK,17:45,50.0,51.0,0,0,0,,0,237.0,1719,32,11,7.4,1.9,2.2,0.5,39.0,1,Wednesday
fl_0000861,2024-05-01,WN,1581,BOS,DFW,BOS-DFW,07:45,1.0,-3.0,1,1,0,,0,198.0,1284,18,14,0.0,0.0,0.0,0.0,0.0,5,Wednesday
fl_0000862,2024-04-17,DL,914,MCO,DTW,MCO-DTW,15:00,-14.0,-13.0,1,1,0,,0,141.0,956,23,12,0.0,0.0,0.0,0.0,0.0,4,Wednesday
fl_0000863,2024-01-01,WN,4747,DFW,EWR,DFW-EWR,08:15,-4.0,-11.0,1,1,0,,0,99.0,638,24,8,0.0,0.0,0.0,0.0,0.0,1,Monday
fl_0000864,2024-04-22,UA,3583,SAN,DFW,SAN-DFW,15:45,-9.0,-17.0,1,1,0,,0,306.0,2226,13,17,0.0,0.0,0.0,0.0,0.0,4,Monday
fl_0000865,2024-03-01,UA,1010,BOS,JFK,BOS-JFK,16:45,,,0,0,1,Weather,0,310.0,2288,13,17,0.0,0.0,0.0,0.0,0.0,3,Friday
fl_0000866,2024-06-11,AS,3804,PHL,SEA,PHL-SEA,17:45,0.0,-7.0,1,1,0,,0,242.0,1682,20,11,0.0,0.0,0.0,0.0,0.0,6,Tuesday
fl_0000867,2024-01-23,UA,8141,FLL,MSP,FLL-MSP,09:30,-1.0,-5.0,1,1,0,,0,259.0,1811,29,7,0.0,0.0,0.0,0.0,0.0,1,Tuesday
fl_0000868,2024-03-01,DL,1427,DFW,DEN,DFW-DEN,18:30,5.0,-4.0,1,1,0,,0,163.0,1160,20,18,0.0,0.0,0.0,0.0,0.0,3,Friday
fl_0000869,2024-05-06,UA,8750,PHX,IAD,PHX-IAD,17:30,10.0,11.0,1,1,0,,0,78.0,446,24,19,0.0,0.0,0.0,0.0,0.0,5,Monday
fl_0000870,2024-06-27,AA,8474,FLL,BWI,FLL-BWI,19:15,-10.0,-12.0,1,1,0,,0,48.0,269,29,17,0.0,0.0,0.0,0.0,0.0,6,Thursday
fl_0000871,2024-02-04,AS,812,DFW,CLT,DFW-CLT,17:45,9.0,4.0,1,1,0,,0,143.0,968,21,17,0.0,0.0,0.0,0.0,0.0,2,Sunday
fl_0000872,2024-04-28,DL,4401,PHX,DTW,PHX-DTW,18:45,5.0,-4.0,1,1,0,,0,188.0,1354,31,11,0.0,0.0,0.0,0.0,0.0,4,Sunday
fl_0000873,2024-01-04,DL,2464,BOS,DTW,BOS-DTW,19:30,29.0,31.0,0,0,0,,0,237.0,1707,12,18,10.1,8.1,0.2,4.1,8.5,1,Thursday
fl_0000874,2024-04-28,DL,2509,LGA,FLL,LGA-FLL,08:15,-8.0,-7.0,1,1,0,,0,270.0,1977,13,9,0.0,0.0,0.0,0.0,0.0,4,Sunday
fl_0000875,2024-02-18,DL,970,SEA,CLT,SEA-CLT,20:00,-1.0,-7.0,1,1,0,,0,61.0,372,34,13,0.0,0.0,0.0,0.0,0.0,2,Sunday
fl_0000876,2024-04-19,UA,5985,BWI,DFW,BWI-DFW,20:45,24.0,27.0,0,0,0,,0,191.0,1235,34,14,7.5,4.8,2.6,10.6,1.5,4,Friday
fl_0000877,2024-01-23,AA,7717,ATL,IAD,ATL-IAD,20:00,-7.0,-9.0,1,1,0,,0,340.0,2596,22,13,0.0,0.0,0.0,0.0,0.0,1,Tuesday
fl_0000878,2024-04-19,DL,3145,LGA,IAD,LGA-IAD,21:15,8.0,-2.0,1,1,0,,0,166.0,1118,27,5,0.0,0.0,0.0,0.0,0.0,4,Friday
fl_0000879,2024-02-27,WN,8069,LAS,SLC,LAS-SLC,10:30,10.0,8.0,1,1,0,,0,323.0,2346,28,19,0.0,0.0,0.0,0.0,0.0,2,Tuesday
fl_0000880,2024-05-12,DL,3103,MSP,LGA,MSP-LGA,17:45,9.0,4.0,1,1,0,,0,136.0,985,25,12,0.0,0.0,0.0,0.0,0.0,5,Sunday
fl_0000881,2024-01-09,AS,6159,ATL,LGA,ATL-LGA,19:45,7.0,2.0,1,1,0,,0,260.0,1747,30,7,0.0,0.0,0.0,0.0,0.0,1,Tuesday
fl_0000882,2024-01-28,AA,1527,SAN,MSP,SAN-MSP,17:45,30.0,31.0,0,0,0,,0,295.0,2148,12,18,0.7,9.2,13.9,4.6,2.6,1,Sunday
fl_0000883,2024-01-08,AA,4752,DTW,SFO,DTW-SFO,18:15,61.0,63.0,0,0,0,,0,197.0,1491,11,16,19.5,1.7,7.4,1.1,33.4,1,Monday
fl_0000884,2024-02-15,AA,1004,CLT,DTW,CLT-DTW,07:30,0.0,3.0,1,1,0,,0,190.0,1274,26,17,0.0,0.0,0.0,0.0,0.0,2,Thursday
fl_0000885,2024-01-03,UA,3263,EWR,IAH,EWR-IAH,21:45,-15.0,-25.0,1,1,0,,0,85.0,552,15,13,0.0,0.0,0.0,0.0,0.0,1,Wednesday
fl_0000886,2024-04-24,WN,648,DEN,SLC,DEN-SLC,14:45,9.0,3.0,1,1,0,,0,143.0,993,24,13,0.0,0.0,0.0,0.0,0.0,4,Wednesday
fl_0000887,2024-05-17,AA,5205,IAH,DFW,IAH-DFW,10:45,-6.0,-7.0,1,1,0,,0,152.0,1074,19,12,0.0,0.0,0.0,0.0,0.0,5,Friday
fl_0000888,2024-01-25,DL,7633,DTW,IAH,DTW-IAH,18:30,103.0,103.0,0,0,0,,0,247.0,1725,17,17,21.5,53.2,11.5,14.2,2.6,1,Thursday
fl_0000889,2024-06-20,AS,2319,DEN,SFO,DEN-SFO,09:15,-15.0,-13.0,1,1,0,,0,308.0,2383,13,11,0.0,0.0,0.0,0.0,0.0,6,Thursday
fl_0000890,2024-02-12,AS,7564,SEA,EWR,SEA-EWR,11:15,-9.0,-9.0,1,1,0,,0,314.0,2436,14,9,0.0,0.0,0.0,0.0,0.0,2,Monday
fl_0000891,2024-01-08,UA,5551,ORD,CLT,ORD-CLT,15:30,-14.0,-21.0,1,1,0,,0,59.0,335,10,12,0.0,0.0,0.0,0.0,0.0,1,Monday
fl_0000892,2024-03-30,NK,3515,BOS,PHX,BOS-PHX,11:30,31.0,39.0,0,0,0,,0,90.0,580,30,18,5.2,4.9,19.6,5.4,3.9,3,Saturday
fl_0000893,2024-04-03,UA,4992,PHX,BWI,PHX-BWI,11:15,5.0,0.0,1,1,0,,0,103.0,717,31,19,0.0,0.0,0.0,0.0,0.0,4,Wednesday
fl_0000894,2024-03-07,B6,5326,ATL,BOS,ATL-BOS,18:45,-10.0,-13.0,1,1,0,,0,237.0,1598,13,8,0.0,0.0,0.0,0.0,0.0,3,Thursday
fl_0000895,2024-06-20,AA,2352,MSP,DTW,MSP-DTW,21:15,3.0,3.0,1,1,0,,0,296.0,2199,22,15,0.0,0.0,0.0,0.0,0.0,6,Thursday
fl_0000896,2024-04-06,DL,8972,EWR,BOS,EWR-BOS,11:30,22.0,22.0,0,0,0,,0,101.0,671,33,15,0.8,1.2,11.1,4.1,4.8,4,Saturday
fl_0000897,2024-03-16,DL,1363,MSP,LAX,MSP-LAX,13:45,-5.0,-2.0,1,1,0,,0,184.0,1243,28,18,0.0,0.0,0.0,0.0,0.0,3,Saturday
fl_0000898,2024-04-07,UA,2926,PHX,BWI,PHX-BWI,17:15,3.0,-7.0,1,1,0,,0,298.0,2043,23,17,0.0,0.0,0.0,0.0,0.0,4,Sunday
fl_0000899,2024-02-27,WN,2577,SFO,SLC,SFO-SLC,09:45,-4.0,-11.0,1,1,0,,0,225.0,1665,18,9,0.0,0.0,0.0,0.0,0.0,2,Tuesday
fl_0000900,2024-03-15,WN,4172,BOS,IAD,BOS-IAD,21:45,-11.0,-9.0,1,1,0,,0,184.0,1319,20,11,0.0,0.0,0.0,0.0,0.0,3,Friday
fl_0000901,2024-04-27,AA,4659,SFO,ORD,SFO-ORD,18:00,-5.0,-6.0,1,1,0,,0,97.0,641,25,19,0.0,0.0,0.0,0.0,0.0,4,Saturday
fl_0000902,2024-03-13,AA,2417,SEA,MIA,SEA-MIA,06:45,54.0,63.0,0,0,0,,0,319.0,2433,11,8,1.2,8.4,36.8,6.7,9.9,3,Wednesday
fl_0000903,2024-02-28,UA,8194,ORD,MSP,ORD-MSP,17:00,-15.0,-25.0,1,1,0,,0,88.0,564,10,11,0.0,0.0,0.0,0.0,0.0,2,Wednesday
fl_0000904,2024-04-30,AA,6641,LAS,SAN,LAS-SAN,18:00,-14.0,-24.0,1,1,0,,0,282.0,2070,33,10,0.0,0.0,0.0,0.0,0.0,4,Tuesday
fl_0000905,2024-02-12,UA,4987,SAN,MSP,SAN-MSP,08:15,10.0,1.0,1,1,0,,0,230.0,1704,11,18,0.0,0.0,0.0,0.0,0.0,2,Monday
fl_0000906,2024-04-26,AA,8815,DEN,MSP,DEN-MSP,12:00,10.0,14.0,1,1,0,,0,276.0,1981,13,12,0.0,0.0,0.0,0.0,0.0,4,Friday
fl_0000907,2024-04-13,F9,3585,LAX,DFW,LAX-DFW,17:45,3.0,-3.0,1,1,0,,0,162.0,1096,23,10,0.0,0.0,0.0,0.0,0.0,4,Saturday
fl_0000908,2024-04-28,DL,4537,SEA,JFK,SEA-JFK,18:00,11.0,11.0,1,1,0,,0,107.0,730,19,9,0.0,0.0,0.0,0.0,0.0,4,Sunday
fl_0000909,2024-05-13,B6,5318,ORD,IAD,ORD-IAD,07:30,-3.0,-6.0,1,1,0,,0,238.0,1619,30,5,0.0,0.0,0.0,0.0,0.0,5,Monday
fl_0000910,2024-05-15,NK,190,ATL,DEN,ATL-DEN,20:30,1.0,5.0,1,1,0,,0,186.0,1327,34,18,0.0,0.0,0.0,0.0,0.0,5,Wednesday
fl_0000911,2024-02-29,NK,5982,ORD,IAD,ORD-IAD,07:45,,,0,0,1,Carrier,0,122.0,823,16,19,0.0,0.0,0.0,0.0,0.0,2,Thursday
fl_0000912,2024-02-14,UA,5415,IAD,IAH,IAD-IAH,17:00,26.0,32.0,0,0,0,,0,318.0,2282,14,15,1.6,13.9,2.8,3.2,10.6,2,Wednesday
fl_0000913,2024-02-10,HA,2217,EWR,DTW,EWR-DTW,13:30,0.0,4.0,1,1,0,,0,268.0,1802,27,13,0.0,0.0,0.0,0.0,0.0,2,Saturday
fl_0000914,2024-02-12,AA,5421,MIA,PHX,MIA-PHX,17:45,57.0,65.0,0,0,0,,0,205.0,1363,17,19,4.8,7.9,9.6,40.4,2.3,2,Monday
fl_0000915,2024-05-17,DL,3295,DFW,MIA,DFW-MIA,11:45,61.0,63.0,0,0,0,,0,147.0,970,24,10,4.9,24.6,9.0,12.2,12.3,5,Friday
fl_0000916,2024-04-04,DL,1528,IAH,SEA,IAH-SEA,14:45,9.0,0.0,1,1,0,,0,164.0,1163,10,13,0.0,0.0,0.0,0.0,0.0,4,Thursday
fl_0000917,2024-04-09,F9,2401,SAN,DFW,SAN-DFW,17:00,-12.0,-21.0,1,1,0,,0,275.0,1903,27,16,0.0,0.0,0.0,0.0,0.0,4,Tuesday
fl_0000918,2024-03-24,UA,555,SFO,DEN,SFO-DEN,16:45,12.0,16.0,0,1,0,,0,229.0,1687,19,19,2.9,3.7,4.8,3.0,1.5,3,Sunday
fl_0000919,2024-01-21,WN,8093,SEA,SFO,SEA-SFO,21:45,60.0,,0,0,0,,1,131.0,906,11,16,0.0,45.0,20.0,0.0,0.0,1,Sunday
fl_0000920,2024-03-08,DL,6742,JFK,SAN,JFK-SAN,10:30,,,0,0,1,Carrier,0,143.0,992,34,10,0.0,0.0,0.0,0.0,0.0,3,Friday
fl_0000921,2024-03-23,UA,8974,IAD,SFO,IAD-SFO,22:45,7.0,4.0,1,1,0,,0,52.0,267,11,18,0.0,0.0,0.0,0.0,0.0,3,Saturday
fl_0000922,2024-02-01,DL,8549,LAX,MCO,LAX-MCO,19:00,55.0,61.0,0,0,0,,0,338.0,2441,24,11,1.5,19.5,4.2,24.6,11.3,2,Thursday
fl_0000923,2024-06-22,AA,3189,EWR,MCO,EWR-MCO,22:15,116.0,122.0,0,0,0,,0,83.0,499,23,8,11.0,54.5,17.7,38.2,0.6,6,Saturday
fl_0000924,2024-04-01,AA,4934,SAN,MIA,SAN-MIA,06:00,1.0,5.0,1,1,0,,0,105.0,674,34,9,0.0,0.0,0.0,0.0,0.0,4,Monday
fl_0000925,2024-01-23,DL,8551,EWR,MSP,EWR-MSP,16:00,5.0,-1.0,1,1,0,,0,354.0,2474,13,12,0.0,0.0,0.0,0.0,0.0,1,Tuesday
fl_0000926,2024-04-08,AS,7477,SAN,IAD,SAN-IAD,21:30,-15.0,-19.0,1,1,0,,0,339.0,2526,23,11,0.0,0.0,0.0,0.0,0.0,4,Monday
fl_0000927,2024-03-31,WN,8809,ATL,SAN,ATL-SAN,11:30,-10.0,-15.0,1,1,0,,0,184.0,1293,13,11,0.0,0.0,0.0,0.0,0.0,3,Sunday
fl_0000928,2024-01-01,AA,1397,SFO,SEA,SFO-SEA,19:30,15.0,19.0,0,0,0,,0,273.0,1812,24,19,0.0,1.7,8.7,8.5,0.1,1,Monday
fl_0000929,2024-06-10,DL,3003,DFW,IAH,DFW-IAH,08:00,-14.0,-24.0,1,1,0,,0,320.0,2194,22,12,0.0,0.0,0.0,0.0,0.0,6,Monday
fl_0000930,2024-05-04,DL,1692,JFK,CLT,JFK-CLT,21:30,4.0,5.0,1,1,0,,0,195.0,1308,27,13,0.0,0.0,0.0,0.0,0.0,5,Saturday
fl_0000931,2024-01-06,WN,6097,DFW,EWR,DFW-EWR,10:00,-11.0,-19.0,1,1,0,,0,125.0,849,10,19,0.0,0.0,0.0,0.0,0.0,1,Saturday
fl_0000932,2024-04-02,DL,7764,LGA,LAS,LGA-LAS,10:15,1.0,4.0,1,1,0,,0,277.0,2134,22,8,0.0,0.0,0.0,0.0,0.0,4,Tuesday
fl_0000933,2024-03-03,AA,8807,ATL,JFK,ATL-JFK,19:15,6.0,0.0,1,1,0,,0,353.0,2572,30,10,0.0,0.0,0.0,0.0,0.0,3,Sunday
fl_0000934,2024-04-06,DL,729,MSP,DTW,MSP-DTW,07:45,7.0,6.0,1,1,0,,0,63.0,341,14,10,0.0,0.0,0.0,0.0,0.0,4,Saturday
fl_0000935,2024-02-08,AA,4808,ATL,SAN,ATL-SAN,12:30,7.0,9.0,1,1,0,,0,167.0,1148,29,14,0.0,0.0,0.0,0.0,0.0,2,Thursday
fl_0000936,2024-02-08,UA,6807,PHX,ATL,PHX-ATL,15:00,-8.0,-17.0,1,1,0,,0,232.0,1683,19,17,0.0,0.0,0.0,0.0,0.0,2,Thursday
fl_0000937,2024-01-10,AA,7781,IAD,DEN,IAD-DEN,08:30,-4.0,-8.0,1,1,0,,0,211.0,1389,13,8,0.0,0.0,0.0,0.0,0.0,1,Wednesday
fl_0000938,2024-05-26,DL,1185,SLC,ATL,SLC-ATL,13:30,1.0,-9.0,1,1,0,,0,292.0,2148,26,19,0.0,0.0,0.0,0.0,0.0,5,Sunday
fl_0000939,2024-05-28,AS,6030,SFO,SEA,SFO-SEA,19:30,10.0,13.0,1,1,0,,0,137.0,940,23,10,0.0,0.0,0.0,0.0,0.0,5,Tuesday
fl_0000940,2024-02-16,WN,7490,IAD,FLL,IAD-FLL,07:15,-5.0,-9.0,1,1,0,,0,299.0,2007,30,15,0.0,0.0,0.0,0.0,0.0,2,Friday
fl_0000941,2024-02-29,AA,6588,SEA,ATL,SEA-ATL,13:45,-2.0,-12.0,1,1,0,,0,193.0,1416,10,16,0.0,0.0,0.0,0.0,0.0,2,Thursday
fl_0000942,2024-06-16,DL,1790,MCO,FLL,MCO-FLL,18:30,,,0,0,1,Weather,0,307.0,2352,13,6,0.0,0.0,0.0,0.0,0.0,6,Sunday
fl_0000943,2024-03-30,AS,311,BOS,MIA,BOS-MIA,20:00,11.0,14.0,1,1,0,,0,113.0,787,20,10,0.0,0.0,0.0,0.0,0.0,3,Saturday
fl_0000944,2024-02-26,DL,7477,LAS,IAD,LAS-IAD,09:45,-10.0,-7.0,1,1,0,,0,98.0,661,29,12,0.0,0.0,0.0,0.0,0.0,2,Monday
fl_0000945,2024-03-22,WN,4341,BWI,EWR,BWI-EWR,17:45,6.0,2.0,1,1,0,,0,230.0,1594,28,11,0.0,0.0,0.0,0.0,0.0,3,Friday
fl_0000946,2024-01-26,B6,2050,IAD,LGA,IAD-LGA,12:30,-1.0,3.0,1,1,0,,0,320.0,2171,15,6,0.0,0.0,0.0,0.0,0.0,1,Friday
fl_0000947,2024-01-12,HA,212,ORD,JFK,ORD-JFK,18:30,7.0,11.0,1,1,0,,0,253.0,1863,22,9,0.0,0.0,0.0,0.0,0.0,1,Friday
fl_0000948,2024-06-06,DL,1543,ATL,ORD,ATL-ORD,08:30,-13.0,-22.0,1,1,0,,0,55.0,331,18,19,0.0,0.0,0.0,0.0,0.0,6,Thursday
fl_0000949,2024-05-30,DL,4647,MSP,LGA,MSP-LGA,08:00,-5.0,-1.0,1,1,0,,0,118.0,802,28,15,0.0,0.0,0.0,0.0,0.0,5,Thursday
fl_0000950,2024-04-07,WN,543,LGA,BWI,LGA-BWI,14:00,-13.0,-19.0,1,1,0,,0,62.0,364,26,9,0.0,0.0,0.0,0.0,0.0,4,Sunday
fl_0000951,2024-01-11,DL,1716,MSP,SAN,MSP-SAN,10:15,4.0,-3.0,1,1,0,,0,312.0,2286,24,5,0.0,0.0,0.0,0.0,0.0,1,Thursday
fl_0000952,2024-05-20,UA,5732,LAS,IAH,LAS-IAH,12:00,-13.0,-9.0,1,1,0,,0,130.0,900,18,7,0.0,0.0,0.0,0.0,0.0,5,Monday
fl_0000953,2024-02-16,DL,3531,LGA,SFO,LGA-SFO,06:30,35.0,35.0,0,0,0,,0,275.0,1873,28,16,1.0,2.5,15.4,2.4,13.7,2,Friday
fl_0000954,2024-01-04,AA,5797,ORD,BWI,ORD-BWI,08:00,-11.0,-15.0,1,1,0,,0,163.0,1145,29,18,0.0,0.0,0.0,0.0,0.0,1,Thursday
fl_0000955,2024-06-05,AA,3515,JFK,SEA,JFK-SEA,19:15,1.0,-9.0,1,1,0,,0,277.0,2084,20,16,0.0,0.0,0.0,0.0,0.0,6,Wednesday
fl_0000956,2024-05-15,UA,3261,CLT,BOS,CLT-BOS,12:00,3.0,-6.0,1,1,0,,0,314.0,2293,32,15,0.0,0.0,0.0,0.0,0.0,5,Wednesday
fl_0000957,2024-05-21,DL,8673,SEA,SFO,SEA-SFO,21:45,-5.0,-6.0,1,1,0,,0,93.0,624,14,18,0.0,0.0,0.0,0.0,0.0,5,Tuesday
fl_0000958,2024-06-23,HA,6983,BWI,PHX,BWI-PHX,09:15,17.0,21.0,0,0,0,,0,153.0,1087,18,14,0.2,1.8,6.7,0.5,11.8,6,Sunday
fl_0000959,2024-01-18,AS,304,MCO,MIA,MCO-MIA,09:15,13.0,17.0,0,1,0,,0,101.0,660,19,5,0.0,0.0,0.0,0.0,0.0,1,Thursday
fl_0000960,2024-06-09,DL,7684,IAH,CLT,IAH-CLT,12:30,-11.0,-11.0,1,1,0,,0,107.0,747,31,8,0.0,0.0,0.0,0.0,0.0,6,Sunday
fl_0000961,2024-04-06,DL,8402,DEN,IAH,DEN-IAH,12:00,-15.0,-14.0,1,1,0,,0,179.0,1150,30,14,0.0,0.0,0.0,0.0,0.0,4,Saturday
fl_0000962,2024-01-18,WN,339,MIA,SLC,MIA-SLC,17:15,-15.0,-20.0,1,1,0,,0,93.0,606,23,6,0.0,0.0,0.0,0.0,0.0,1,Thursday
fl_0000963,2024-05-26,DL,1407,JFK,SLC,JFK-SLC,11:15,,,0,0,1,Weather,0,213.0,1435,24,17,0.0,0.0,0.0,0.0,0.0,5,Sunday
fl_0000964,2024-01-18,B6,8234,ATL,JFK,ATL-JFK,11:00,-1.0,-6.0,1,1,0,,0,224.0,1628,17,13,0.0,0.0,0.0,0.0,0.0,1,Thursday
fl_0000965,2024-01-27,DL,252,PHX,SLC,PHX-SLC,19:45,9.0,7.0,1,1,0,,0,328.0,2335,14,5,0.0,0.0,0.0,0.0,0.0,1,Saturday
fl_0000966,2024-03-27,AA,8756,BWI,SLC,BWI-SLC,07:15,-1.0,0.0,1,1,0,,0,335.0,2448,24,19,0.0,0.0,0.0,0.0,0.0,3,Wednesday
fl_0000967,2024-02-16,DL,7714,IAH,MIA,IAH-MIA,20:45,17.0,19.0,0,0,0,,0,288.0,2067,24,5,2.3,1.4,6.9,7.4,1.0,2,Friday
fl_0000968,2024-03-03,UA,6433,DFW,PHX,DFW-PHX,11:00,66.0,68.0,0,0,0,,0,128.0,811,21,13,11.6,5.9,17.2,27.2,6.1,3,Sunday
fl_0000969,2024-04-27,WN,4305,IAH,CLT,IAH-CLT,15:30,-7.0,-10.0,1,1,0,,0,240.0,1689,24,7,0.0,0.0,0.0,0.0,0.0,4,Saturday
fl_0000970,2024-01-09,B6,1772,EWR,DEN,EWR-DEN,18:30,-1.0,-3.0,1,1,0,,0,136.0,980,14,6,0.0,0.0,0.0,0.0,0.0,1,Tuesday
fl_0000971,2024-04-30,DL,1505,MSP,LAS,MSP-LAS,10:15,1.0,-2.0,1,1,0,,0,316.0,2168,17,5,0.0,0.0,0.0,0.0,0.0,4,Tuesday
fl_0000972,2024-05-07,WN,4460,LAX,EWR,LAX-EWR,15:45,2.0,-8.0,1,1,0,,0,164.0,1172,27,5,0.0,0.0,0.0,0.0,0.0,5,Tuesday
fl_0000973,2024-05-17,NK,2917,SEA,EWR,SEA-EWR,13:30,-13.0,-20.0,1,1,0,,0,194.0,1260,14,15,0.0,0.0,0.0,0.0,0.0,5,Friday
fl_0000974,2024-03-25,WN,7255,MCO,DEN,MCO-DEN,10:30,-6.0,-9.0,1,1,0,,0,377.0,2561,12,7,0.0,0.0,0.0,0.0,0.0,3,Monday
fl_0000975,2024-02-17,AS,4654,DTW,ATL,DTW-ATL,19:45,-3.0,-5.0,1,1,0,,0,204.0,1440,26,18,0.0,0.0,0.0,0.0,0.0,2,Saturday
fl_0000976,2024-06-27,DL,8707,DFW,SLC,DFW-SLC,17:00,5.0,9.0,1,1,0,,0,217.0,1527,18,19,0.0,0.0,0.0,0.0,0.0,6,Thursday
fl_0000977,2024-03-24,F9,8539,DFW,PHL,DFW-PHL,14:00,-10.0,-13.0,1,1,0,,0,276.0,1948,24,16,0.0,0.0,0.0,0.0,0.0,3,Sunday
fl_0000978,2024-02-19,WN,4945,PHL,ATL,PHL-ATL,13:15,0.0,-9.0,1,1,0,,0,300.0,2188,28,15,0.0,0.0,0.0,0.0,0.0,2,Monday
fl_0000979,2024-02-02,UA,6945,PHL,MCO,PHL-MCO,21:15,-14.0,-15.0,1,1,0,,0,203.0,1530,17,15,0.0,0.0,0.0,0.0,0.0,2,Friday
fl_0000980,2024-04-21,AA,5365,DTW,SAN,DTW-SAN,06:00,-4.0,-4.0,1,1,0,,0,280.0,1862,18,13,0.0,0.0,0.0,0.0,0.0,4,Sunday
fl_0000981,2024-06-06,NK,5561,PHL,ATL,PHL-ATL,08:00,124.0,129.0,0,0,0,,0,67.0,424,20,15,10.1,28.4,20.5,9.1,60.9,6,Thursday
fl_0000982,2024-04-27,AS,5180,BOS,MIA,BOS-MIA,10:45,-14.0,-10.0,1,1,0,,0,357.0,2557,19,8,0.0,0.0,0.0,0.0,0.0,4,Saturday
fl_0000983,2024-02-07,AS,4753,SEA,DEN,SEA-DEN,07:30,9.0,3.0,1,1,0,,0,286.0,2110,22,7,0.0,0.0,0.0,0.0,0.0,2,Wednesday
fl_0000984,2024-03-10,DL,4775,DEN,ATL,DEN-ATL,16:00,30.0,34.0,0,0,0,,0,232.0,1765,19,10,3.7,1.9,18.5,9.1,0.8,3,Sunday
fl_0000985,2024-05-16,UA,5792,BOS,BWI,BOS-BWI,20:30,-7.0,-6.0,1,1,0,,0,180.0,1227,18,5,0.0,0.0,0.0,0.0,0.0,5,Thursday
fl_0000986,2024-06-09,DL,4788,PHX,FLL,PHX-FLL,07:15,-14.0,-21.0,1,1,0,,0,345.0,2370,28,12,0.0,0.0,0.0,0.0,0.0,6,Sunday
fl_0000987,2024-03-18,WN,3212,JFK,ORD,JFK-ORD,10:00,-5.0,-12.0,1,1,0,,0,310.0,2188,10,19,0.0,0.0,0.0,0.0,0.0,3,Monday
fl_0000988,2024-01-18,WN,1353,PHL,EWR,PHL-EWR,13:00,19.0,22.0,0,0,0,,0,241.0,1616,28,10,15.4,3.6,0.9,1.1,1.0,1,Thursday
fl_0000989,2024-03-12,NK,8782,JFK,MIA,JFK-MIA,09:00,-1.0,-9.0,1,1,0,,0,259.0,1948,29,7,0.0,0.0,0.0,0.0,0.0,3,Tuesday
fl_0000990,2024-04-01,UA,496,LGA,BOS,LGA-BOS,08:00,131.0,135.0,0,0,0,,0,171.0,1259,29,15,26.6,41.3,60.5,4.4,2.2,4,Monday
fl_0000991,2024-05-02,NK,2320,LGA,PHL,LGA-PHL,22:00,31.0,40.0,0,0,0,,0,265.0,1891,21,10,0.2,28.3,5.3,4.0,2.2,5,Thursday
fl_0000992,2024-02-07,HA,8452,IAH,DFW,IAH-DFW,09:15,49.0,51.0,0,0,0,,0,314.0,2192,15,11,5.5,6.1,19.9,16.4,3.0,2,Wednesday
fl_0000993,2024-02-03,DL,1528,SFO,SEA,SFO-SEA,11:00,2.0,-1.0,1,1,0,,0,77.0,504,18,16,0.0,0.0,0.0,0.0,0.0,2,Saturday
fl_0000994,2024-05-12,AA,4556,DEN,JFK,DEN-JFK,09:30,3.0,1.0,1,1,0,,0,71.0,443,31,12,0.0,0.0,0.0,0.0,0.0,5,Sunday
fl_0000995,2024-02-06,F9,1293,DFW,SLC,DFW-SLC,17:45,103.0,109.0,0,0,0,,0,260.0,1869,18,8,60.8,25.9,8.3,1.4,12.6,2,Tuesday
fl_0000996,2024-05-09,WN,1921,EWR,BWI,EWR-BWI,11:00,-4.0,-12.0,1,1,0,,0,159.0,1105,21,12,0.0,0.0,0.0,0.0,0.0,5,Thursday
fl_0000997,2024-03-07,DL,6261,FLL,MSP,FLL-MSP,16:15,12.0,15.0,0,1,0,,0,222.0,1696,11,14,0.0,0.0,0.0,0.0,0.0,3,Thursday
fl_0000998,2024-02-23,WN,8200,DTW,SLC,DTW-SLC,17:45,4.0,3.0,1,1,0,,0,323.0,2306,24,15,0.0,0.0,0.0,0.0,0.0,2,Friday
fl_0000999,2024-06-02,DL,2352,FLL,JFK,FLL-JFK,12:00,1.0,2.0,1,1,0,,0,114.0,805,21,19,0.0,0.0,0.0,0.0,0.0,6,Sunday
fl_0001000,2024-05-04,G4,1774,CLT,LAX,CLT-LAX,12:45,-6.0,-2.0,1,1,0,,0,89.0,557,11,10,0.0,0.0,0.0,0.0,0.0,5,Saturday
fl_0001001,2024-06-02,F9,1606,LAS,LGA,LAS-LGA,11:30,19.0,27.0,0,0,0,,0,189.0,1315,31,9,2.9,3.0,5.9,10.2,5.1,6,Sunday
fl_0001002,2024-02-15,DL,5120,IAD,SLC,IAD-SLC,15:45,1.0,1.0,1,1,0,,0,197.0,1368,16,7,0.0,0.0,0.0,0.0,0.0,2,Thursday
fl_0001003,2024-06-08,DL,3990,FLL,DTW,FLL-DTW,21:00,-10.0,-8.0,1,1,0,,0,166.0,1085,33,16,0.0,0.0,0.0,0.0,0.0,6,Saturday
fl_0001004,2024-02-15,UA,1140,DTW,MSP,DTW-MSP,10:15,-13.0,-20.0,1,1,0,,0,75.0,444,34,12,0.0,0.0,0.0,0.0,0.0,2,Thursday
fl_0001005,2024-06-24,AS,2805,LAX,PHX,LAX-PHX,20:30,11.0,13.0,1,1,0,,0,333.0,2256,28,8,0.0,0.0,0.0,0.0,0.0,6,Monday
fl_0001006,2024-05-31,AA,1506,IAH,DTW,IAH-DTW,15:30,-14.0,-19.0,1,1,0,,0,304.0,2031,18,9,0.0,0.0,0.0,0.0,0.0,5,Friday
fl_0001007,2024-02-20,WN,6658,PHX,MSP,PHX-MSP,20:15,5.0,6.0,1,1,0,,0,269.0,1781,11,17,0.0,0.0,0.0,0.0,0.0,2,Tuesday
fl_0001008,2024-01-21,AA,8004,SLC,ORD,SLC-ORD,10:00,7.0,2.0,1,1,0,,0,343.0,2349,28,11,0.0,0.0,0.0,0.0,0.0,1,Sunday
fl_0001009,2024-02-21,UA,1680,PHL,FLL,PHL-FLL,17:30,-5.0,-10.0,1,1,0,,0,346.0,2571,24,13,0.0,0.0,0.0,0.0,0.0,2,Wednesday
fl_0001010,2024-06-06,UA,587,SLC,IAD,SLC-IAD,16:45,2.0,-4.0,1,1,0,,0,295.0,2130,27,8,0.0,0.0,0.0,0.0,0.0,6,Thursday
fl_0001011,2024-06-05,DL,3660,PHX,BOS,PHX-BOS,12:30,-4.0,-11.0,1,1,0,,0,360.0,2439,28,17,0.0,0.0,0.0,0.0,0.0,6,Wednesday
fl_0001012,2024-03-23,AA,510,DEN,BOS,DEN-BOS,11:15,0.0,-7.0,1,1,0,,0,283.0,2026,34,6,0.0,0.0,0.0,0.0,0.0,3,Saturday
fl_0001013,2024-01-09,UA,8692,LGA,ATL,LGA-ATL,13:45,40.0,49.0,0,0,0,,0,197.0,1484,13,14,4.8,5.6,9.4,14.6,14.5,1,Tuesday
fl_0001014,2024-03-16,UA,6640,FLL,JFK,FLL-JFK,12:30,7.0,-2.0,1,1,0,,0,314.0,2303,17,9,0.0,0.0,0.0,0.0,0.0,3,Saturday
fl_0001015,2024-06-18,HA,1084,SFO,EWR,SFO-EWR,22:15,-1.0,-11.0,1,1,0,,0,61.0,336,21,10,0.0,0.0,0.0,0.0,0.0,6,Tuesday
fl_0001016,2024-03-13,B6,1840,LAS,SLC,LAS-SLC,16:00,-15.0,-13.0,1,1,0,,0,139.0,990,18,18,0.0,0.0,0.0,0.0,0.0,3,Wednesday
fl_0001017,2024-06-19,AA,1396,SAN,DEN,SAN-DEN,06:30,-9.0,-13.0,1,1,0,,0,96.0,570,25,15,0.0,0.0,0.0,0.0,0.0,6,Wednesday
fl_0001018,2024-04-11,DL,5750,DTW,IAH,DTW-IAH,10:00,3.0,0.0,1,1,0,,0,209.0,1396,30,19,0.0,0.0,0.0,0.0,0.0,4,Thursday
fl_0001019,2024-01-26,AA,7766,MIA,LGA,MIA-LGA,10:30,5.0,-5.0,1,1,0,,0,100.0,640,26,14,0.0,0.0,0.0,0.0,0.0,1,Friday
fl_0001020,2024-02-13,UA,3996,PHL,ATL,PHL-ATL,08:00,11.0,7.0,1,1,0,,0,152.0,1108,29,8,0.0,0.0,0.0,0.0,0.0,2,Tuesday
fl_0001021,2024-04-26,AA,6207,IAH,JFK,IAH-JFK,14:00,3.0,-1.0,1,1,0,,0,355.0,2386,31,16,0.0,0.0,0.0,0.0,0.0,4,Friday
fl_0001022,2024-02-26,HA,3688,MSP,CLT,MSP-CLT,10:15,3.0,3.0,1,1,0,,0,299.0,2314,32,8,0.0,0.0,0.0,0.0,0.0,2,Monday
fl_0001023,2024-01-02,F9,5522,SEA,MIA,SEA-MIA,10:00,-1.0,3.0,1,1,0,,0,315.0,2136,20,6,0.0,0.0,0.0,0.0,0.0,1,Tuesday
fl_0001024,2024-04-29,WN,101,SFO,MCO,SFO-MCO,10:45,13.0,9.0,1,1,0,,0,140.0,929,11,11,0.0,0.0,0.0,0.0,0.0,4,Monday
fl_0001025,2024-04-14,B6,7182,DTW,LGA,DTW-LGA,10:15,-3.0,-5.0,1,1,0,,0,320.0,2306,34,19,0.0,0.0,0.0,0.0,0.0,4,Sunday
fl_0001026,2024-01-17,WN,5142,IAD,BOS,IAD-BOS,16:15,-5.0,-5.0,1,1,0,,0,289.0,2199,11,5,0.0,0.0,0.0,0.0,0.0,1,Wednesday
fl_0001027,2024-01-08,UA,8388,EWR,MSP,EWR-MSP,22:45,9.0,5.0,1,1,0,,0,277.0,1869,29,7,0.0,0.0,0.0,0.0,0.0,1,Monday
fl_0001028,2024-05-20,AA,1782,EWR,BWI,EWR-BWI,13:30,7.0,0.0,1,1,0,,0,184.0,1368,23,13,0.0,0.0,0.0,0.0,0.0,5,Monday
fl_0001029,2024-03-31,WN,158,DEN,FLL,DEN-FLL,07:45,2.0,5.0,1,1,0,,0,92.0,584,14,14,0.0,0.0,0.0,0.0,0.0,3,Sunday
fl_0001030,2024-04-04,DL,4823,MCO,SEA,MCO-SEA,07:00,36.0,,0,0,0,,1,260.0,1901,23,8,0.0,45.0,20.0,0.0,0.0,4,Thursday
fl_0001031,2024-04-02,DL,920,IAD,DEN,IAD-DEN,16:00,22.0,23.0,0,0,0,,0,119.0,803,16,17,3.8,5.0,4.5,1.6,8.0,4,Tuesday
fl_0001032,2024-02-24,UA,3755,DTW,LAS,DTW-LAS,13:30,15.0,19.0,0,0,0,,0,261.0,2008,20,8,0.9,1.4,7.0,0.4,9.3,2,Saturday
fl_0001033,2024-05-26,UA,5754,LAS,ATL,LAS-ATL,09:45,2.0,-5.0,1,1,0,,0,259.0,1869,26,6,0.0,0.0,0.0,0.0,0.0,5,Sunday
fl_0001034,2024-01-17,DL,4159,IAH,SEA,IAH-SEA,14:00,-5.0,-11.0,1,1,0,,0,192.0,1283,16,19,0.0,0.0,0.0,0.0,0.0,1,Wednesday
fl_0001035,2024-06-09,UA,4758,DFW,BWI,DFW-BWI,17:45,-10.0,-9.0,1,1,0,,0,318.0,2285,22,13,0.0,0.0,0.0,0.0,0.0,6,Sunday
fl_0001036,2024-06-09,UA,8047,IAD,LGA,IAD-LGA,17:30,-4.0,-8.0,1,1,0,,0,163.0,1194,23,11,0.0,0.0,0.0,0.0,0.0,6,Sunday
fl_0001037,2024-01-15,AS,814,EWR,IAH,EWR-IAH,16:00,4.0,8.0,1,1,0,,0,153.0,1131,20,12,0.0,0.0,0.0,0.0,0.0,1,Monday
fl_0001038,2024-04-27,UA,872,SAN,PHL,SAN-PHL,18:00,0.0,-4.0,1,1,0,,0,103.0,702,16,5,0.0,0.0,0.0,0.0,0.0,4,Saturday
fl_0001039,2024-03-04,AA,5434,SAN,MCO,SAN-MCO,13:30,12.0,20.0,0,1,0,,0,90.0,528,16,11,3.5,0.3,4.3,7.6,4.3,3,Monday
fl_0001040,2024-03-04,DL,5589,BOS,MCO,BOS-MCO,13:30,,,0,0,1,Carrier,0,64.0,346,23,18,0.0,0.0,0.0,0.0,0.0,3,Monday
fl_0001041,2024-04-01,UA,3153,JFK,MIA,JFK-MIA,07:30,,,0,0,1,Weather,0,243.0,1627,33,16,0.0,0.0,0.0,0.0,0.0,4,Monday
fl_0001042,2024-01-03,WN,228,BWI,IAD,BWI-IAD,21:30,-4.0,-4.0,1,1,0,,0,114.0,730,25,15,0.0,0.0,0.0,0.0,0.0,1,Wednesday
fl_0001043,2024-04-06,DL,5240,FLL,PHL,FLL-PHL,16:00,12.0,8.0,1,1,0,,0,225.0,1666,22,12,0.0,0.0,0.0,0.0,0.0,4,Saturday
fl_0001044,2024-01-16,UA,8480,EWR,LAX,EWR-LAX,18:45,7.0,-1.0,1,1,0,,0,261.0,1876,12,10,0.0,0.0,0.0,0.0,0.0,1,Tuesday
fl_0001045,2024-06-05,DL,2279,DFW,BWI,DFW-BWI,12:30,-4.0,0.0,1,1,0,,0,334.0,2528,29,15,0.0,0.0,0.0,0.0,0.0,6,Wednesday
fl_0001046,2024-02-28,B6,4914,MIA,PHX,MIA-PHX,21:45,2.0,-3.0,1,1,0,,0,244.0,1864,32,9,0.0,0.0,0.0,0.0,0.0,2,Wednesday
fl_0001047,2024-02-01,DL,1069,DEN,SAN,DEN-SAN,07:00,6.0,-4.0,1,1,0,,0,284.0,2050,20,9,0.0,0.0,0.0,0.0,0.0,2,Thursday
fl_0001048,2024-02-13,UA,7392,ATL,SEA,ATL-SEA,22:45,3.0,6.0,1,1,0,,0,133.0,934,24,10,0.0,0.0,0.0,0.0,0.0,2,Tuesday
fl_0001049,2024-04-01,NK,2467,DTW,IAD,DTW-IAD,11:15,7.0,1.0,1,1,0,,0,349.0,2447,18,9,0.0,0.0,0.0,0.0,0.0,4,Monday
fl_0001050,2024-04-02,DL,3267,BOS,LAS,BOS-LAS,12:30,-4.0,-5.0,1,1,0,,0,152.0,1085,12,5,0.0,0.0,0.0,0.0,0.0,4,Tuesday
fl_0001051,2024-05-31,DL,4121,CLT,SEA,CLT-SEA,20:00,-14.0,-14.0,1,1,0,,0,139.0,916,10,17,0.0,0.0,0.0,0.0,0.0,5,Friday
fl_0001052,2024-02-20,NK,3328,SAN,DFW,SAN-DFW,11:45,-2.0,-1.0,1,1,0,,0,53.0,263,29,13,0.0,0.0,0.0,0.0,0.0,2,Tuesday
fl_0001053,2024-06-11,UA,1633,LAX,DEN,LAX-DEN,06:45,2.0,4.0,1,1,0,,0,213.0,1446,18,8,0.0,0.0,0.0,0.0,0.0,6,Tuesday
fl_0001054,2024-04-17,UA,8595,ATL,DEN,ATL-DEN,18:45,58.0,67.0,0,0,0,,0,326.0,2193,13,17,17.2,25.0,6.8,9.5,8.5,4,Wednesday
fl_0001055,2024-05-18,WN,2742,JFK,SFO,JFK-SFO,08:00,-3.0,-6.0,1,1,0,,0,292.0,2104,28,10,0.0,0.0,0.0,0.0,0.0,5,Saturday
fl_0001056,2024-03-05,DL,5226,LAS,FLL,LAS-FLL,13:45,30.0,38.0,0,0,0,,0,78.0,506,22,7,6.6,1.0,16.4,9.2,4.8,3,Tuesday
fl_0001057,2024-05-29,WN,4012,PHX,SLC,PHX-SLC,07:15,2.0,1.0,1,1,0,,0,304.0,2287,33,17,0.0,0.0,0.0,0.0,0.0,5,Wednesday
fl_0001058,2024-02-27,G4,6007,PHL,BWI,PHL-BWI,11:00,-9.0,-18.0,1,1,0,,0,77.0,502,24,19,0.0,0.0,0.0,0.0,0.0,2,Tuesday
fl_0001059,2024-02-10,DL,2327,IAH,BWI,IAH-BWI,21:45,8.0,0.0,1,1,0,,0,294.0,2149,34,6,0.0,0.0,0.0,0.0,0.0,2,Saturday
fl_0001060,2024-02-17,WN,8282,ATL,BOS,ATL-BOS,22:15,9.0,1.0,1,1,0,,0,278.0,2110,22,7,0.0,0.0,0.0,0.0,0.0,2,Saturday
fl_0001061,2024-01-10,AA,6987,DTW,SLC,DTW-SLC,08:45,7.0,7.0,1,1,0,,0,322.0,2395,23,14,0.0,0.0,0.0,0.0,0.0,1,Wednesday
fl_0001062,2024-02-28,AA,1071,SLC,FLL,SLC-FLL,07:45,-8.0,-10.0,1,1,0,,0,231.0,1609,11,8,0.0,0.0,0.0,0.0,0.0,2,Wednesday
fl_0001063,2024-03-07,UA,1627,DFW,IAH,DFW-IAH,19:30,10.0,0.0,1,1,0,,0,136.0,980,14,17,0.0,0.0,0.0,0.0,0.0,3,Thursday
fl_0001064,2024-03-11,F9,8468,LGA,IAD,LGA-IAD,15:00,-10.0,-11.0,1,1,0,,0,238.0,1696,34,13,0.0,0.0,0.0,0.0,0.0,3,Monday
fl_0001065,2024-05-01,DL,2074,PHL,DEN,PHL-DEN,15:45,13.0,10.0,1,1,0,,0,273.0,2113,16,19,0.0,0.0,0.0,0.0,0.0,5,Wednesday
fl_0001066,2024-06-11,WN,6776,SLC,BOS,SLC-BOS,15:45,6.0,8.0,1,1,0,,0,191.0,1252,17,18,0.0,0.0,0.0,0.0,0.0,6,Tuesday
fl_0001067,2024-04-14,UA,4305,BOS,SEA,BOS-SEA,10:15,0.0,-3.0,1,1,0,,0,269.0,1934,17,12,0.0,0.0,0.0,0.0,0.0,4,Sunday
fl_0001068,2024-02-18,AA,4622,LAX,SFO,LAX-SFO,16:45,15.0,,0,0,0,,1,274.0,1841,21,14,0.0,45.0,20.0,0.0,0.0,2,Sunday
fl_0001069,2024-02-11,AA,951,PHL,JFK,PHL-JFK,19:30,15.0,19.0,0,0,0,,0,211.0,1402,13,17,0.8,7.5,3.1,6.7,0.8,2,Sunday
fl_0001070,2024-04-01,DL,5846,MIA,SFO,MIA-SFO,06:45,4.0,3.0,1,1,0,,0,318.0,2448,28,12,0.0,0.0,0.0,0.0,0.0,4,Monday
fl_0001071,2024-02-23,AS,5476,SFO,IAH,SFO-IAH,21:00,122.0,124.0,0,0,0,,0,343.0,2430,13,9,20.2,4.3,27.7,61.6,10.2,2,Friday
fl_0001072,2024-02-28,AA,4647,FLL,LGA,FLL-LGA,22:30,,,0,0,1,Carrier,0,164.0,1156,34,5,0.0,0.0,0.0,0.0,0.0,2,Wednesday
fl_0001073,2024-05-06,F9,4455,SEA,DFW,SEA-DFW,11:45,6.0,9.0,1,1,0,,0,350.0,2564,13,17,0.0,0.0,0.0,0.0,0.0,5,Monday
fl_0001074,2024-03-13,AA,2245,JFK,IAD,JFK-IAD,14:15,-7.0,-10.0,1,1,0,,0,266.0,1888,23,12,0.0,0.0,0.0,0.0,0.0,3,Wednesday
fl_0001075,2024-06-06,AA,3517,BWI,SAN,BWI-SAN,18:30,9.0,2.0,1,1,0,,0,223.0,1678,26,5,0.0,0.0,0.0,0.0,0.0,6,Thursday
fl_0001076,2024-05-10,WN,325,BWI,FLL,BWI-FLL,19:15,-2.0,-11.0,1,1,0,,0,319.0,2331,31,6,0.0,0.0,0.0,0.0,0.0,5,Friday
fl_0001077,2024-06-18,AA,7301,DTW,EWR,DTW-EWR,16:15,12.0,8.0,1,1,0,,0,134.0,937,18,6,0.0,0.0,0.0,0.0,0.0,6,Tuesday
fl_0001078,2024-03-12,WN,5382,SEA,DEN,SEA-DEN,14:30,-10.0,-20.0,1,1,0,,0,97.0,605,19,8,0.0,0.0,0.0,0.0,0.0,3,Tuesday
fl_0001079,2024-06-16,DL,7087,ORD,SFO,ORD-SFO,16:00,33.0,36.0,0,0,0,,0,274.0,1886,21,7,1.7,4.0,10.1,16.1,4.1,6,Sunday
fl_0001080,2024-04-02,AA,3101,FLL,MCO,FLL-MCO,15:00,7.0,3.0,1,1,0,,0,179.0,1261,19,6,0.0,0.0,0.0,0.0,0.0,4,Tuesday
fl_0001081,2024-01-24,WN,3786,ATL,DEN,ATL-DEN,08:45,-10.0,-11.0,1,1,0,,0,203.0,1469,15,9,0.0,0.0,0.0,0.0,0.0,1,Wednesday
fl_0001082,2024-04-11,AS,3362,JFK,FLL,JFK-FLL,15:45,3.0,5.0,1,1,0,,0,307.0,2086,34,15,0.0,0.0,0.0,0.0,0.0,4,Thursday
fl_0001083,2024-06-14,AA,8181,SFO,DFW,SFO-DFW,17:45,12.0,9.0,1,1,0,,0,52.0,287,31,10,0.0,0.0,0.0,0.0,0.0,6,Friday
fl_0001084,2024-01-13,B6,8584,PHL,ATL,PHL-ATL,21:30,2.0,5.0,1,1,0,,0,120.0,794,20,19,0.0,0.0,0.0,0.0,0.0,1,Saturday
fl_0001085,2024-06-15,AA,6221,MIA,IAH,MIA-IAH,15:15,3.0,1.0,1,1,0,,0,138.0,901,25,8,0.0,0.0,0.0,0.0,0.0,6,Saturday
fl_0001086,2024-02-22,UA,2843,DFW,DTW,DFW-DTW,08:30,82.0,85.0,0,0,0,,0,224.0,1560,34,16,61.3,2.9,7.6,10.8,2.5,2,Thursday
fl_0001087,2024-03-05,HA,1969,SFO,EWR,SFO-EWR,06:45,84.0,84.0,0,0,0,,0,215.0,1414,24,6,3.3,3.9,15.7,49.8,11.3,3,Tuesday
fl_0001088,2024-04-24,AA,604,IAH,ORD,IAH-ORD,18:15,2.0,-1.0,1,1,0,,0,237.0,1592,24,17,0.0,0.0,0.0,0.0,0.0,4,Wednesday
fl_0001089,2024-05-26,B6,8979,LGA,FLL,LGA-FLL,06:30,-8.0,-12.0,1,1,0,,0,225.0,1481,21,16,0.0,0.0,0.0,0.0,0.0,5,Sunday
fl_0001090,2024-01-02,DL,7788,EWR,JFK,EWR-JFK,17:45,-10.0,-10.0,1,1,0,,0,162.0,1185,14,19,0.0,0.0,0.0,0.0,0.0,1,Tuesday
fl_0001091,2024-06-09,AA,4280,SLC,LAS,SLC-LAS,07:00,6.0,1.0,1,1,0,,0,251.0,1870,23,9,0.0,0.0,0.0,0.0,0.0,6,Sunday
fl_0001092,2024-05-01,WN,502,SFO,LAX,SFO-LAX,19:15,2.0,5.0,1,1,0,,0,128.0,887,25,8,0.0,0.0,0.0,0.0,0.0,5,Wednesday
fl_0001093,2024-01-27,DL,1882,LGA,SAN,LGA-SAN,19:00,-14.0,-11.0,1,1,0,,0,314.0,2191,23,14,0.0,0.0,0.0,0.0,0.0,1,Saturday
fl_0001094,2024-04-27,AA,7273,LGA,DEN,LGA-DEN,08:15,10.0,2.0,1,1,0,,0,65.0,387,16,12,0.0,0.0,0.0,0.0,0.0,4,Saturday
fl_0001095,2024-05-12,AA,4070,CLT,LGA,CLT-LGA,20:15,3.0,3.0,1,1,0,,0,298.0,2253,12,10,0.0,0.0,0.0,0.0,0.0,5,Sunday
fl_0001096,2024-03-29,AS,8449,SAN,JFK,SAN-JFK,12:30,50.0,52.0,0,0,0,,0,345.0,2444,30,9,24.9,9.4,10.4,1.6,5.7,3,Friday
fl_0001097,2024-03-30,AA,804,EWR,MIA,EWR-MIA,10:30,-2.0,-7.0,1,1,0,,0,296.0,2133,20,18,0.0,0.0,0.0,0.0,0.0,3,Saturday
fl_0001098,2024-06-25,WN,410,MCO,FLL,MCO-FLL,13:00,-15.0,-14.0,1,1,0,,0,304.0,2072,13,19,0.0,0.0,0.0,0.0,0.0,6,Tuesday
fl_0001099,2024-03-06,AA,5970,EWR,BWI,EWR-BWI,08:30,-6.0,-10.0,1,1,0,,0,287.0,2001,30,14,0.0,0.0,0.0,0.0,0.0,3,Wednesday
fl_0001100,2024-03-26,G4,5110,LAX,SEA,LAX-SEA,14:15,-3.0,-1.0,1,1,0,,0,288.0,2222,24,11,0.0,0.0,0.0,0.0,0.0,3,Tuesday
fl_0001101,2024-03-05,WN,7026,LGA,SFO,LGA-SFO,13:15,77.0,78.0,0,0,0,,0,134.0,933,23,11,9.6,3.3,5.9,28.7,30.5,3,Tuesday
fl_0001102,2024-05-23,NK,1331,MIA,DEN,MIA-DEN,11:30,9.0,-1.0,1,1,0,,0,335.0,2294,12,13,0.0,0.0,0.0,0.0,0.0,5,Thursday
fl_0001103,2024-06-15,WN,3273,CLT,BOS,CLT-BOS,18:30,6.0,3.0,1,1,0,,0,116.0,739,23,17,0.0,0.0,0.0,0.0,0.0,6,Saturday
fl_0001104,2024-03-14,AA,2420,DEN,LGA,DEN-LGA,16:15,1.0,-4.0,1,1,0,,0,135.0,944,28,5,0.0,0.0,0.0,0.0,0.0,3,Thursday
fl_0001105,2024-06-02,DL,3964,JFK,CLT,JFK-CLT,16:30,-6.0,-9.0,1,1,0,,0,87.0,578,29,11,0.0,0.0,0.0,0.0,0.0,6,Sunday
fl_0001106,2024-02-07,UA,5655,LAX,PHX,LAX-PHX,22:30,-6.0,-3.0,1,1,0,,0,76.0,446,32,16,0.0,0.0,0.0,0.0,0.0,2,Wednesday
fl_0001107,2024-01-11,AS,5921,SFO,PHX,SFO-PHX,13:30,15.0,16.0,0,0,0,,0,64.0,353,13,16,5.2,0.4,5.6,4.3,0.4,1,Thursday
fl_0001108,2024-02-06,UA,7673,BOS,BWI,BOS-BWI,06:45,11.0,19.0,0,1,0,,0,216.0,1582,26,11,1.3,2.6,8.1,0.8,6.2,2,Tuesday
fl_0001109,2024-04-30,NK,5947,DEN,LGA,DEN-LGA,06:45,11.0,11.0,1,1,0,,0,274.0,1947,15,7,0.0,0.0,0.0,0.0,0.0,4,Tuesday
fl_0001110,2024-06-03,AA,4311,LAS,DTW,LAS-DTW,16:30,-2.0,-8.0,1,1,0,,0,63.0,353,22,16,0.0,0.0,0.0,0.0,0.0,6,Monday
fl_0001111,2024-06-23,B6,6549,SAN,EWR,SAN-EWR,14:00,0.0,-9.0,1,1,0,,0,178.0,1186,27,16,0.0,0.0,0.0,0.0,0.0,6,Sunday
fl_0001112,2024-01-07,AA,3838,JFK,MSP,JFK-MSP,19:30,14.0,20.0,0,1,0,,0,230.0,1713,16,10,4.7,12.3,2.4,0.5,0.1,1,Sunday
fl_0001113,2024-06-09,HA,1258,MIA,EWR,MIA-EWR,10:00,-8.0,-17.0,1,1,0,,0,323.0,2365,21,9,0.0,0.0,0.0,0.0,0.0,6,Sunday
fl_0001114,2024-05-26,NK,4386,ORD,BWI,ORD-BWI,08:00,12.0,5.0,1,1,0,,0,345.0,2548,27,7,0.0,0.0,0.0,0.0,0.0,5,Sunday
fl_0001115,2024-03-16,DL,2722,MSP,SFO,MSP-SFO,08:30,-14.0,-17.0,1,1,0,,0,114.0,722,13,10,0.0,0.0,0.0,0.0,0.0,3,Saturday
fl_0001116,2024-04-26,HA,5531,BWI,CLT,BWI-CLT,09:45,-3.0,-10.0,1,1,0,,0,154.0,1033,26,14,0.0,0.0,0.0,0.0,0.0,4,Friday
fl_0001117,2024-06-07,UA,891,SLC,PHL,SLC-PHL,17:00,-7.0,-12.0,1,1,0,,0,183.0,1191,17,12,0.0,0.0,0.0,0.0,0.0,6,Friday
fl_0001118,2024-06-05,AA,2409,DFW,EWR,DFW-EWR,10:15,12.0,7.0,1,1,0,,0,288.0,2164,32,9,0.0,0.0,0.0,0.0,0.0,6,Wednesday
fl_0001119,2024-02-10,DL,6035,CLT,SFO,CLT-SFO,11:00,4.0,6.0,1,1,0,,0,250.0,1833,13,8,0.0,0.0,0.0,0.0,0.0,2,Saturday
fl_0001120,2024-03-19,NK,7683,DEN,BWI,DEN-BWI,09:45,8.0,-1.0,1,1,0,,0,135.0,953,22,5,0.0,0.0,0.0,0.0,0.0,3,Tuesday
fl_0001121,2024-06-01,WN,6242,IAD,DEN,IAD-DEN,22:15,-13.0,-15.0,1,1,0,,0,250.0,1852,26,6,0.0,0.0,0.0,0.0,0.0,6,Saturday
fl_0001122,2024-02-12,AA,3553,LAS,SAN,LAS-SAN,13:00,-3.0,-8.0,1,1,0,,0,380.0,2569,16,9,0.0,0.0,0.0,0.0,0.0,2,Monday
fl_0001123,2024-03-31,WN,1472,SAN,LAS,SAN-LAS,16:00,14.0,20.0,0,1,0,,0,224.0,1696,30,19,7.6,2.0,1.8,1.2,7.4,3,Sunday
fl_0001124,2024-03-24,AA,6279,SFO,LAX,SFO-LAX,12:15,-5.0,-6.0,1,1,0,,0,307.0,2254,11,18,0.0,0.0,0.0,0.0,0.0,3,Sunday
fl_0001125,2024-05-21,WN,1659,LAX,EWR,LAX-EWR,19:45,-1.0,-7.0,1,1,0,,0,247.0,1686,31,9,0.0,0.0,0.0,0.0,0.0,5,Tuesday
fl_0001126,2024-03-09,AA,6498,LAS,SLC,LAS-SLC,12:00,-5.0,-5.0,1,1,0,,0,190.0,1345,22,12,0.0,0.0,0.0,0.0,0.0,3,Saturday
fl_0001127,2024-02-28,UA,7386,SLC,LAS,SLC-LAS,15:45,-13.0,-17.0,1,1,0,,0,112.0,710,12,12,0.0,0.0,0.0,0.0,0.0,2,Wednesday
fl_0001128,2024-06-17,AA,8379,SLC,DFW,SLC-DFW,18:30,1.0,-9.0,1,1,0,,0,201.0,1461,11,7,0.0,0.0,0.0,0.0,0.0,6,Monday
fl_0001129,2024-04-03,AS,8232,BOS,DFW,BOS-DFW,21:30,13.0,4.0,1,1,0,,0,200.0,1303,24,19,0.0,0.0,0.0,0.0,0.0,4,Wednesday
fl_0001130,2024-04-27,WN,7537,JFK,SLC,JFK-SLC,08:00,-1.0,-9.0,1,1,0,,0,73.0,471,17,9,0.0,0.0,0.0,0.0,0.0,4,Saturday
fl_0001131,2024-06-12,WN,7500,DFW,LAS,DFW-LAS,10:45,11.0,19.0,0,1,0,,0,110.0,759,30,19,4.8,1.2,9.1,0.5,3.4,6,Wednesday
fl_0001132,2024-03-18,WN,4521,CLT,JFK,CLT-JFK,13:30,12.0,11.0,1,1,0,,0,81.0,516,34,13,0.0,0.0,0.0,0.0,0.0,3,Monday
fl_0001133,2024-04-02,AA,879,LGA,MIA,LGA-MIA,08:15,12.0,7.0,1,1,0,,0,48.0,265,20,8,0.0,0.0,0.0,0.0,0.0,4,Tuesday
fl_0001134,2024-02-12,F9,8200,EWR,PHL,EWR-PHL,22:45,-12.0,-21.0,1,1,0,,0,340.0,2434,13,15,0.0,0.0,0.0,0.0,0.0,2,Monday
fl_0001135,2024-02-25,UA,1525,MCO,CLT,MCO-CLT,20:15,8.0,10.0,1,1,0,,0,289.0,2216,12,11,0.0,0.0,0.0,0.0,0.0,2,Sunday
fl_0001136,2024-02-22,WN,8386,LAX,PHX,LAX-PHX,15:15,,,0,0,1,Carrier,0,258.0,1704,28,6,0.0,0.0,0.0,0.0,0.0,2,Thursday
fl_0001137,2024-04-01,UA,5858,JFK,BWI,JFK-BWI,20:45,-3.0,-4.0,1,1,0,,0,144.0,914,22,10,0.0,0.0,0.0,0.0,0.0,4,Monday
fl_0001138,2024-02-07,NK,2791,MSP,EWR,MSP-EWR,19:30,-15.0,-15.0,1,1,0,,0,316.0,2362,13,10,0.0,0.0,0.0,0.0,0.0,2,Wednesday
fl_0001139,2024-01-12,HA,7853,MCO,LAS,MCO-LAS,15:30,3.0,5.0,1,1,0,,0,67.0,378,22,9,0.0,0.0,0.0,0.0,0.0,1,Friday
fl_0001140,2024-06-01,NK,131,SFO,DFW,SFO-DFW,19:30,2.0,5.0,1,1,0,,0,64.0,398,25,17,0.0,0.0,0.0,0.0,0.0,6,Saturday
fl_0001141,2024-04-06,WN,3546,MSP,IAD,MSP-IAD,07:00,7.0,0.0,1,1,0,,0,256.0,1884,21,18,0.0,0.0,0.0,0.0,0.0,4,Saturday
fl_0001142,2024-01-29,B6,6523,LAX,BOS,LAX-BOS,15:00,4.0,-5.0,1,1,0,,0,191.0,1305,12,16,0.0,0.0,0.0,0.0,0.0,1,Monday
fl_0001143,2024-05-23,UA,7594,LAX,SEA,LAX-SEA,20:00,1.0,-6.0,1,1,0,,0,181.0,1229,24,14,0.0,0.0,0.0,0.0,0.0,5,Thursday
fl_0001144,2024-05-12,B6,139,ATL,SEA,ATL-SEA,11:00,4.0,-6.0,1,1,0,,0,110.0,716,13,14,0.0,0.0,0.0,0.0,0.0,5,Sunday
fl_0001145,2024-05-30,UA,6455,PHL,SFO,PHL-SFO,06:45,8.0,6.0,1,1,0,,0,126.0,900,12,15,0.0,0.0,0.0,0.0,0.0,5,Thursday
fl_0001146,2024-06-12,UA,8871,SFO,ORD,SFO-ORD,21:30,5.0,6.0,1,1,0,,0,49.0,272,29,17,0.0,0.0,0.0,0.0,0.0,6,Wednesday
fl_0001147,2024-02-10,B6,7382,SAN,ORD,SAN-ORD,21:30,4.0,-3.0,1,1,0,,0,104.0,717,29,5,0.0,0.0,0.0,0.0,0.0,2,Saturday
fl_0001148,2024-06-13,NK,4023,PHX,LAS,PHX-LAS,07:00,-10.0,-10.0,1,1,0,,0,204.0,1504,21,12,0.0,0.0,0.0,0.0,0.0,6,Thursday
fl_0001149,2024-06-07,AA,5367,FLL,SLC,FLL-SLC,10:45,-6.0,-13.0,1,1,0,,0,67.0,391,21,19,0.0,0.0,0.0,0.0,0.0,6,Friday
fl_0001150,2024-04-12,DL,4898,BWI,IAD,BWI-IAD,11:45,-9.0,-7.0,1,1,0,,0,224.0,1518,11,10,0.0,0.0,0.0,0.0,0.0,4,Friday
fl_0001151,2024-05-31,AA,2517,DEN,MSP,DEN-MSP,15:30,2.0,4.0,1,1,0,,0,58.0,327,24,17,0.0,0.0,0.0,0.0,0.0,5,Friday
fl_0001152,2024-06-21,NK,248,PHX,SAN,PHX-SAN,18:00,3.0,7.0,1,1,0,,0,210.0,1442,30,19,0.0,0.0,0.0,0.0,0.0,6,Friday
fl_0001153,2024-02-04,HA,3668,DTW,SLC,DTW-SLC,06:30,13.0,14.0,1,1,0,,0,159.0,1072,29,18,0.0,0.0,0.0,0.0,0.0,2,Sunday
fl_0001154,2024-05-28,DL,8628,DFW,ORD,DFW-ORD,19:15,13.0,12.0,1,1,0,,0,214.0,1484,14,8,0.0,0.0,0.0,0.0,0.0,5,Tuesday
fl_0001155,2024-04-26,DL,2296,CLT,DTW,CLT-DTW,09:00,-10.0,-7.0,1,1,0,,0,168.0,1151,32,13,0.0,0.0,0.0,0.0,0.0,4,Friday
fl_0001156,2024-04-03,AA,814,LGA,IAH,LGA-IAH,21:15,8.0,2.0,1,1,0,,0,192.0,1278,29,5,0.0,0.0,0.0,0.0,0.0,4,Wednesday
fl_0001157,2024-03-08,AA,7853,SLC,EWR,SLC-EWR,14:45,,,0,0,1,Carrier,0,334.0,2579,14,10,0.0,0.0,0.0,0.0,0.0,3,Friday
fl_0001158,2024-01-30,DL,4904,DTW,PHL,DTW-PHL,19:45,-7.0,-10.0,1,1,0,,0,273.0,2049,15,8,0.0,0.0,0.0,0.0,0.0,1,Tuesday
fl_0001159,2024-03-11,NK,5163,DFW,MCO,DFW-MCO,10:45,14.0,16.0,0,1,0,,0,282.0,2015,30,19,4.7,6.5,2.6,0.7,1.4,3,Monday
fl_0001160,2024-02-08,DL,1383,DEN,FLL,DEN-FLL,12:00,-11.0,-21.0,1,1,0,,0,229.0,1746,28,17,0.0,0.0,0.0,0.0,0.0,2,Thursday
fl_0001161,2024-05-28,AA,6388,IAD,PHX,IAD-PHX,22:15,-10.0,-7.0,1,1,0,,0,225.0,1576,32,15,0.0,0.0,0.0,0.0,0.0,5,Tuesday
fl_0001162,2024-01-14,HA,3178,ORD,SEA,ORD-SEA,08:45,7.0,-1.0,1,1,0,,0,100.0,623,20,11,0.0,0.0,0.0,0.0,0.0,1,Sunday
fl_0001163,2024-06-14,WN,6475,LAS,BWI,LAS-BWI,11:30,-12.0,-9.0,1,1,0,,0,137.0,925,34,6,0.0,0.0,0.0,0.0,0.0,6,Friday
fl_0001164,2024-04-23,DL,2918,DEN,PHL,DEN-PHL,11:00,3.0,-7.0,1,1,0,,0,270.0,1826,26,14,0.0,0.0,0.0,0.0,0.0,4,Tuesday
fl_0001165,2024-05-13,B6,5329,MCO,IAH,MCO-IAH,17:15,41.0,49.0,0,0,0,,0,126.0,852,31,5,0.5,14.9,21.6,8.2,3.7,5,Monday
fl_0001166,2024-02-14,AA,5225,BWI,IAH,BWI-IAH,09:45,5.0,7.0,1,1,0,,0,359.0,2466,29,11,0.0,0.0,0.0,0.0,0.0,2,Wednesday
fl_0001167,2024-03-22,UA,8160,IAH,IAD,IAH-IAD,09:00,-5.0,-1.0,1,1,0,,0,95.0,591,23,10,0.0,0.0,0.0,0.0,0.0,3,Friday
fl_0001168,2024-06-05,AA,3212,MSP,MIA,MSP-MIA,06:15,-2.0,-10.0,1,1,0,,0,64.0,360,16,10,0.0,0.0,0.0,0.0,0.0,6,Wednesday
fl_0001169,2024-01-05,NK,595,EWR,PHL,EWR-PHL,21:00,-9.0,-17.0,1,1,0,,0,246.0,1669,24,18,0.0,0.0,0.0,0.0,0.0,1,Friday
fl_0001170,2024-04-13,F9,7351,DEN,SFO,DEN-SFO,06:30,-1.0,-2.0,1,1,0,,0,255.0,1829,10,17,0.0,0.0,0.0,0.0,0.0,4,Saturday
fl_0001171,2024-06-14,NK,2279,JFK,DFW,JFK-DFW,20:30,3.0,-1.0,1,1,0,,0,96.0,591,15,17,0.0,0.0,0.0,0.0,0.0,6,Friday
fl_0001172,2024-01-29,DL,994,DTW,ORD,DTW-ORD,08:30,-11.0,-7.0,1,1,0,,0,264.0,1891,33,6,0.0,0.0,0.0,0.0,0.0,1,Monday
fl_0001173,2024-04-12,DL,139,BOS,PHL,BOS-PHL,15:15,-3.0,0.0,1,1,0,,0,287.0,2110,20,10,0.0,0.0,0.0,0.0,0.0,4,Friday
fl_0001174,2024-02-23,NK,6482,PHX,IAH,PHX-IAH,10:30,-6.0,-4.0,1,1,0,,0,66.0,387,33,18,0.0,0.0,0.0,0.0,0.0,2,Friday
fl_0001175,2024-06-11,UA,6021,ORD,DFW,ORD-DFW,18:00,10.0,14.0,1,1,0,,0,273.0,1913,23,8,0.0,0.0,0.0,0.0,0.0,6,Tuesday
fl_0001176,2024-02-17,WN,4251,DTW,DEN,DTW-DEN,11:15,13.0,10.0,1,1,0,,0,147.0,995,10,9,0.0,0.0,0.0,0.0,0.0,2,Saturday
fl_0001177,2024-04-20,UA,2501,LAX,MIA,LAX-MIA,21:45,6.0,6.0,1,1,0,,0,276.0,1942,20,11,0.0,0.0,0.0,0.0,0.0,4,Saturday
fl_0001178,2024-02-08,WN,1463,LAX,PHX,LAX-PHX,15:45,34.0,39.0,0,0,0,,0,97.0,592,20,12,3.1,6.7,25.8,1.1,2.4,2,Thursday
fl_0001179,2024-04-07,AA,965,SAN,ATL,SAN-ATL,12:45,1.0,-9.0,1,1,0,,0,134.0,845,33,5,0.0,0.0,0.0,0.0,0.0,4,Sunday
fl_0001180,2024-05-24,DL,4192,SAN,SLC,SAN-SLC,17:00,-15.0,-25.0,1,1,0,,0,172.0,1195,34,10,0.0,0.0,0.0,0.0,0.0,5,Friday
fl_0001181,2024-04-21,DL,4378,LAS,PHL,LAS-PHL,06:00,3.0,0.0,1,1,0,,0,123.0,827,28,17,0.0,0.0,0.0,0.0,0.0,4,Sunday
fl_0001182,2024-06-19,UA,4318,BOS,CLT,BOS-CLT,14:15,4.0,-2.0,1,1,0,,0,248.0,1639,14,17,0.0,0.0,0.0,0.0,0.0,6,Wednesday
fl_0001183,2024-04-16,WN,1485,SEA,DTW,SEA-DTW,14:30,12.0,7.0,1,1,0,,0,163.0,1056,12,17,0.0,0.0,0.0,0.0,0.0,4,Tuesday
fl_0001184,2024-06-09,DL,8264,LAX,SEA,LAX-SEA,13:45,-10.0,-13.0,1,1,0,,0,104.0,653,19,16,0.0,0.0,0.0,0.0,0.0,6,Sunday
fl_0001185,2024-01-03,AA,2384,DFW,FLL,DFW-FLL,21:30,-13.0,-18.0,1,1,0,,0,73.0,425,20,9,0.0,0.0,0.0,0.0,0.0,1,Wednesday
fl_0001186,2024-01-01,AA,5553,DEN,LAS,DEN-LAS,11:00,-6.0,-3.0,1,1,0,,0,276.0,2049,16,5,0.0,0.0,0.0,0.0,0.0,1,Monday
fl_0001187,2024-03-21,WN,6092,BWI,CLT,BWI-CLT,07:00,-9.0,-17.0,1,1,0,,0,139.0,980,28,14,0.0,0.0,0.0,0.0,0.0,3,Thursday
fl_0001188,2024-06-25,UA,1596,PHX,DTW,PHX-DTW,14:00,-14.0,-20.0,1,1,0,,0,180.0,1257,22,15,0.0,0.0,0.0,0.0,0.0,6,Tuesday
fl_0001189,2024-05-26,B6,7862,PHX,DTW,PHX-DTW,17:15,7.0,8.0,1,1,0,,0,217.0,1576,30,5,0.0,0.0,0.0,0.0,0.0,5,Sunday
fl_0001190,2024-01-28,UA,117,SAN,SLC,SAN-SLC,08:00,52.0,59.0,0,0,0,,0,297.0,2295,30,5,28.6,16.3,7.2,3.3,3.6,1,Sunday
fl_0001191,2024-06-24,G4,1902,MIA,SEA,MIA-SEA,21:30,-11.0,-20.0,1,1,0,,0,109.0,688,12,18,0.0,0.0,0.0,0.0,0.0,6,Monday
fl_0001192,2024-02-10,UA,2200,EWR,CLT,EWR-CLT,09:30,-15.0,-16.0,1,1,0,,0,195.0,1314,19,10,0.0,0.0,0.0,0.0,0.0,2,Saturday
fl_0001193,2024-01-02,UA,5121,JFK,MCO,JFK-MCO,18:00,3.0,-2.0,1,1,0,,0,123.0,797,22,14,0.0,0.0,0.0,0.0,0.0,1,Tuesday
fl_0001194,2024-01-08,AA,5711,EWR,CLT,EWR-CLT,11:45,3.0,0.0,1,1,0,,0,147.0,1066,32,8,0.0,0.0,0.0,0.0,0.0,1,Monday
fl_0001195,2024-03-06,UA,942,ATL,LAS,ATL-LAS,08:15,,,0,0,1,Carrier,0,164.0,1093,11,11,0.0,0.0,0.0,0.0,0.0,3,Wednesday
fl_0001196,2024-05-06,DL,1787,LAS,MSP,LAS-MSP,18:00,-11.0,-7.0,1,1,0,,0,151.0,1106,27,5,0.0,0.0,0.0,0.0,0.0,5,Monday
fl_0001197,2024-02-26,AA,6228,SEA,ATL,SEA-ATL,15:00,1.0,4.0,1,1,0,,0,170.0,1254,26,12,0.0,0.0,0.0,0.0,0.0,2,Monday
fl_0001198,2024-05-20,WN,5064,SAN,FLL,SAN-FLL,08:15,33.0,41.0,0,0,0,,0,76.0,471,28,7,30.3,3.7,3.3,2.8,0.8,5,Monday
fl_0001199,2024-01-16,AA,4507,MCO,DTW,MCO-DTW,16:15,-7.0,-17.0,1,1,0,,0,54.0,311,18,17,0.0,0.0,0.0,0.0,0.0,1,Tuesday
fl_0001200,2024-01-15,DL,7088,JFK,MCO,JFK-MCO,13:45,-15.0,-21.0,1,1,0,,0,70.0,443,11,12,0.0,0.0,0.0,0.0,0.0,1,Monday
fl_0001201,2024-03-19,UA,8513,BWI,DFW,BWI-DFW,21:30,-6.0,-3.0,1,1,0,,0,180.0,1203,22,15,0.0,0.0,0.0,0.0,0.0,3,Tuesday
fl_0001202,2024-01-26,WN,1191,LAX,BWI,LAX-BWI,17:30,-3.0,-6.0,1,1,0,,0,171.0,1200,13,13,0.0,0.0,0.0,0.0,0.0,1,Friday
fl_0001203,2024-06-27,AA,2475,LAX,SEA,LAX-SEA,14:15,2.0,-4.0,1,1,0,,0,328.0,2369,32,12,0.0,0.0,0.0,0.0,0.0,6,Thursday
fl_0001204,2024-03-21,UA,915,MSP,DEN,MSP-DEN,06:45,2.0,-8.0,1,1,0,,0,67.0,422,32,12,0.0,0.0,0.0,0.0,0.0,3,Thursday
fl_0001205,2024-01-09,WN,7188,ATL,PHL,ATL-PHL,21:30,7.0,6.0,1,1,0,,0,127.0,845,24,19,0.0,0.0,0.0,0.0,0.0,1,Tuesday
fl_0001206,2024-05-23,WN,7957,SLC,SEA,SLC-SEA,19:45,,,0,0,1,Carrier,0,216.0,1587,26,14,0.0,0.0,0.0,0.0,0.0,5,Thursday
fl_0001207,2024-05-24,UA,169,ATL,DFW,ATL-DFW,08:15,7.0,2.0,1,1,0,,0,289.0,1918,19,7,0.0,0.0,0.0,0.0,0.0,5,Friday
fl_0001208,2024-05-04,WN,6742,LAX,MSP,LAX-MSP,11:15,-6.0,-16.0,1,1,0,,0,199.0,1323,26,14,0.0,0.0,0.0,0.0,0.0,5,Saturday
fl_0001209,2024-02-01,F9,4680,MIA,IAH,MIA-IAH,06:30,1.0,-2.0,1,1,0,,0,280.0,2142,11,14,0.0,0.0,0.0,0.0,0.0,2,Thursday
fl_0001210,2024-04-01,DL,4475,DTW,PHL,DTW-PHL,13:00,62.0,63.0,0,0,0,,0,242.0,1740,31,19,11.2,0.1,10.5,10.6,30.6,4,Monday
fl_0001211,2024-03-02,HA,8617,SEA,EWR,SEA-EWR,21:15,-10.0,-17.0,1,1,0,,0,115.0,793,22,17,0.0,0.0,0.0,0.0,0.0,3,Saturday
fl_0001212,2024-05-10,DL,6106,JFK,PHX,JFK-PHX,14:15,117.0,121.0,0,0,0,,0,83.0,549,32,7,27.6,0.7,79.1,12.4,1.2,5,Friday
fl_0001213,2024-03-02,WN,3717,PHL,DEN,PHL-DEN,10:15,0.0,4.0,1,1,0,,0,90.0,538,26,18,0.0,0.0,0.0,0.0,0.0,3,Saturday
fl_0001214,2024-04-24,AA,7580,PHL,EWR,PHL-EWR,10:45,89.0,97.0,0,0,0,,0,76.0,496,31,15,12.9,7.1,68.9,5.9,2.2,4,Wednesday
fl_0001215,2024-05-28,UA,1681,CLT,BOS,CLT-BOS,18:15,8.0,5.0,1,1,0,,0,218.0,1530,25,19,0.0,0.0,0.0,0.0,0.0,5,Tuesday
fl_0001216,2024-06-05,AA,2760,MCO,CLT,MCO-CLT,08:00,127.0,127.0,0,0,0,,0,259.0,1996,34,6,23.7,1.0,4.8,77.8,19.7,6,Wednesday
fl_0001217,2024-02-02,AS,933,ORD,FLL,ORD-FLL,07:45,-7.0,-9.0,1,1,0,,0,267.0,1884,28,12,0.0,0.0,0.0,0.0,0.0,2,Friday
fl_0001218,2024-02-11,UA,5462,LAS,ORD,LAS-ORD,10:15,8.0,0.0,1,1,0,,0,219.0,1544,29,14,0.0,0.0,0.0,0.0,0.0,2,Sunday
fl_0001219,2024-06-04,DL,2887,EWR,BOS,EWR-BOS,14:00,,,0,0,1,Weather,0,158.0,1168,17,19,0.0,0.0,0.0,0.0,0.0,6,Tuesday
fl_0001220,2024-01-02,DL,6737,JFK,CLT,JFK-CLT,11:30,12.0,5.0,1,1,0,,0,266.0,1883,13,19,0.0,0.0,0.0,0.0,0.0,1,Tuesday
fl_0001221,2024-06-21,DL,1787,SFO,DEN,SFO-DEN,09:30,-4.0,-10.0,1,1,0,,0,170.0,1210,25,10,0.0,0.0,0.0,0.0,0.0,6,Friday
fl_0001222,2024-06-08,DL,4152,PHX,SFO,PHX-SFO,11:30,-10.0,-19.0,1,1,0,,0,290.0,2082,18,17,0.0,0.0,0.0,0.0,0.0,6,Saturday
fl_0001223,2024-03-07,UA,2995,DTW,SLC,DTW-SLC,20:30,93.0,96.0,0,0,0,,0,355.0,2535,24,9,40.6,25.5,12.4,0.3,17.2,3,Thursday
fl_0001224,2024-01-11,NK,7443,MIA,IAH,MIA-IAH,19:30,85.0,88.0,0,0,0,,0,276.0,1919,29,19,18.8,39.3,3.9,3.6,22.4,1,Thursday
fl_0001225,2024-06-08,WN,7227,SLC,IAH,SLC-IAH,18:15,8.0,-2.0,1,1,0,,0,182.0,1359,21,10,0.0,0.0,0.0,0.0,0.0,6,Saturday
fl_0001226,2024-01-30,NK,3034,IAD,SAN,IAD-SAN,09:30,-13.0,-11.0,1,1,0,,0,115.0,794,32,7,0.0,0.0,0.0,0.0,0.0,1,Tuesday
fl_0001227,2024-05-12,UA,8213,ORD,JFK,ORD-JFK,21:15,-13.0,-20.0,1,1,0,,0,306.0,2131,23,15,0.0,0.0,0.0,0.0,0.0,5,Sunday
fl_0001228,2024-03-22,WN,7733,MIA,PHX,MIA-PHX,06:30,28.0,37.0,0,0,0,,0,72.0,402,29,6,4.3,0.6,20.8,11.2,0.1,3,Friday
fl_0001229,2024-04-23,UA,704,SFO,ORD,SFO-ORD,16:15,12.0,5.0,1,1,0,,0,232.0,1659,18,14,0.0,0.0,0.0,0.0,0.0,4,Tuesday
fl_0001230,2024-02-17,NK,8018,MIA,BOS,MIA-BOS,13:15,16.0,25.0,0,0,0,,0,305.0,2224,19,12,10.9,3.3,6.0,3.4,1.5,2,Saturday
fl_0001231,2024-03-05,UA,4728,JFK,SAN,JFK-SAN,14:45,13.0,13.0,1,1,0,,0,135.0,882,19,8,0.0,0.0,0.0,0.0,0.0,3,Tuesday
fl_0001232,2024-05-11,G4,5652,ORD,SFO,ORD-SFO,08:30,-1.0,-7.0,1,1,0,,0,91.0,595,17,6,0.0,0.0,0.0,0.0,0.0,5,Saturday
fl_0001233,2024-04-14,AA,7967,LGA,BOS,LGA-BOS,07:15,6.0,5.0,1,1,0,,0,206.0,1501,20,17,0.0,0.0,0.0,0.0,0.0,4,Sunday
fl_0001234,2024-06-06,NK,6980,PHL,LAX,PHL-LAX,20:45,8.0,10.0,1,1,0,,0,95.0,650,17,11,0.0,0.0,0.0,0.0,0.0,6,Thursday
fl_0001235,2024-02-03,WN,1042,JFK,CLT,JFK-CLT,09:30,11.0,5.0,1,1,0,,0,181.0,1275,32,10,0.0,0.0,0.0,0.0,0.0,2,Saturday
fl_0001236,2024-04-01,DL,7560,SAN,DEN,SAN-DEN,20:00,59.0,65.0,0,0,0,,0,167.0,1233,29,6,24.8,6.3,19.6,3.0,11.3,4,Monday
fl_0001237,2024-01-07,AA,3389,LAS,SFO,LAS-SFO,08:15,-12.0,-20.0,1,1,0,,0,299.0,2292,20,8,0.0,0.0,0.0,0.0,0.0,1,Sunday
fl_0001238,2024-06-21,NK,2461,LGA,BOS,LGA-BOS,13:45,-8.0,-9.0,1,1,0,,0,216.0,1555,20,19,0.0,0.0,0.0,0.0,0.0,6,Friday
fl_0001239,2024-04-23,AA,7236,SAN,SLC,SAN-SLC,11:15,,,0,0,1,Carrier,0,261.0,1933,11,11,0.0,0.0,0.0,0.0,0.0,4,Tuesday
fl_0001240,2024-05-06,AA,6908,SFO,SEA,SFO-SEA,07:15,-14.0,-17.0,1,1,0,,0,185.0,1250,15,18,0.0,0.0,0.0,0.0,0.0,5,Monday
fl_0001241,2024-01-07,AS,7746,ORD,MCO,ORD-MCO,19:30,-5.0,-2.0,1,1,0,,0,91.0,554,11,15,0.0,0.0,0.0,0.0,0.0,1,Sunday
fl_0001242,2024-05-18,DL,8808,IAD,FLL,IAD-FLL,08:15,10.0,8.0,1,1,0,,0,130.0,851,19,8,0.0,0.0,0.0,0.0,0.0,5,Saturday
fl_0001243,2024-03-31,UA,8894,FLL,PHX,FLL-PHX,07:30,5.0,-3.0,1,1,0,,0,65.0,383,28,14,0.0,0.0,0.0,0.0,0.0,3,Sunday
fl_0001244,2024-03-15,DL,5498,DTW,SAN,DTW-SAN,07:00,34.0,37.0,0,0,0,,0,306.0,2347,15,6,6.6,14.1,4.1,10.3,1.9,3,Friday
fl_0001245,2024-03-14,AA,5929,FLL,BOS,FLL-BOS,08:30,-13.0,-15.0,1,1,0,,0,68.0,393,10,7,0.0,0.0,0.0,0.0,0.0,3,Thursday
fl_0001246,2024-06-20,NK,1077,MIA,DEN,MIA-DEN,16:45,-13.0,-9.0,1,1,0,,0,212.0,1434,11,13,0.0,0.0,0.0,0.0,0.0,6,Thursday
fl_0001247,2024-05-31,UA,7035,BWI,PHX,BWI-PHX,07:15,-11.0,-10.0,1,1,0,,0,242.0,1597,23,16,0.0,0.0,0.0,0.0,0.0,5,Friday
fl_0001248,2024-06-12,NK,5734,MCO,DEN,MCO-DEN,07:30,-11.0,-12.0,1,1,0,,0,154.0,1117,21,5,0.0,0.0,0.0,0.0,0.0,6,Wednesday
fl_0001249,2024-05-06,AA,3044,MCO,DEN,MCO-DEN,22:30,9.0,7.0,1,1,0,,0,208.0,1559,17,17,0.0,0.0,0.0,0.0,0.0,5,Monday
fl_0001250,2024-06-23,AA,3154,LAX,SEA,LAX-SEA,20:30,12.0,15.0,0,1,0,,0,99.0,599,23,11,0.0,0.0,0.0,0.0,0.0,6,Sunday
fl_0001251,2024-02-01,DL,1470,MCO,FLL,MCO-FLL,10:15,8.0,-2.0,1,1,0,,0,90.0,540,13,7,0.0,0.0,0.0,0.0,0.0,2,Thursday
fl_0001252,2024-02-04,AS,2844,MSP,FLL,MSP-FLL,20:15,-15.0,-11.0,1,1,0,,0,197.0,1398,20,10,0.0,0.0,0.0,0.0,0.0,2,Sunday
fl_0001253,2024-04-21,DL,1947,BWI,DEN,BWI-DEN,13:45,34.0,40.0,0,0,0,,0,106.0,642,31,10,5.4,8.4,3.9,21.8,0.5,4,Sunday
fl_0001254,2024-02-11,NK,3763,SFO,LAX,SFO-LAX,19:00,,,0,0,1,Weather,0,134.0,858,32,13,0.0,0.0,0.0,0.0,0.0,2,Sunday
fl_0001255,2024-05-09,UA,314,DEN,EWR,DEN-EWR,06:15,3.0,7.0,1,1,0,,0,198.0,1353,12,17,0.0,0.0,0.0,0.0,0.0,5,Thursday
fl_0001256,2024-06-11,DL,6071,SEA,BOS,SEA-BOS,18:30,2.0,1.0,1,1,0,,0,152.0,1110,15,13,0.0,0.0,0.0,0.0,0.0,6,Tuesday
fl_0001257,2024-05-08,AA,4117,MCO,SEA,MCO-SEA,22:45,1.0,-8.0,1,1,0,,0,232.0,1556,25,8,0.0,0.0,0.0,0.0,0.0,5,Wednesday
fl_0001258,2024-04-23,UA,3932,SEA,SLC,SEA-SLC,19:00,-10.0,-11.0,1,1,0,,0,89.0,541,30,6,0.0,0.0,0.0,0.0,0.0,4,Tuesday
fl_0001259,2024-04-16,DL,5607,ATL,SFO,ATL-SFO,06:45,-11.0,-9.0,1,1,0,,0,307.0,2308,26,11,0.0,0.0,0.0,0.0,0.0,4,Tuesday
fl_0001260,2024-06-06,DL,6974,IAH,MIA,IAH-MIA,16:30,11.0,1.0,1,1,0,,0,265.0,1966,15,16,0.0,0.0,0.0,0.0,0.0,6,Thursday
fl_0001261,2024-05-08,UA,3759,LGA,DFW,LGA-DFW,22:30,165.0,167.0,0,0,0,,0,79.0,497,16,13,37.8,10.6,74.1,19.3,25.3,5,Wednesday
fl_0001262,2024-02-20,AS,5314,LGA,LAS,LGA-LAS,19:45,-12.0,-10.0,1,1,0,,0,291.0,2222,13,16,0.0,0.0,0.0,0.0,0.0,2,Tuesday
fl_0001263,2024-02-06,UA,366,ORD,SEA,ORD-SEA,09:00,4.0,-4.0,1,1,0,,0,273.0,1956,11,18,0.0,0.0,0.0,0.0,0.0,2,Tuesday
fl_0001264,2024-04-28,UA,8160,SLC,BWI,SLC-BWI,20:15,13.0,14.0,1,1,0,,0,94.0,625,13,19,0.0,0.0,0.0,0.0,0.0,4,Sunday
fl_0001265,2024-02-01,UA,7254,BWI,LAX,BWI-LAX,21:45,-12.0,-18.0,1,1,0,,0,329.0,2480,32,16,0.0,0.0,0.0,0.0,0.0,2,Thursday
fl_0001266,2024-04-07,B6,1844,CLT,ATL,CLT-ATL,16:30,-15.0,-12.0,1,1,0,,0,60.0,358,30,13,0.0,0.0,0.0,0.0,0.0,4,Sunday
fl_0001267,2024-01-22,G4,7119,MCO,BOS,MCO-BOS,08:45,17.0,20.0,0,0,0,,0,64.0,393,14,13,1.9,4.7,1.6,0.9,10.8,1,Monday
fl_0001268,2024-01-10,DL,3377,CLT,IAH,CLT-IAH,10:30,21.0,26.0,0,0,0,,0,339.0,2332,33,17,7.5,3.4,8.4,1.4,5.2,1,Wednesday
fl_0001269,2024-02-12,AA,7903,SLC,JFK,SLC-JFK,14:00,44.0,47.0,0,0,0,,0,204.0,1513,26,16,20.7,9.8,4.9,6.9,4.7,2,Monday
fl_0001270,2024-03-22,AA,787,SLC,PHL,SLC-PHL,06:00,11.0,6.0,1,1,0,,0,253.0,1759,22,11,0.0,0.0,0.0,0.0,0.0,3,Friday
fl_0001271,2024-02-27,AA,7606,DFW,BOS,DFW-BOS,16:30,-5.0,-2.0,1,1,0,,0,95.0,571,22,8,0.0,0.0,0.0,0.0,0.0,2,Tuesday
fl_0001272,2024-05-27,UA,3564,SFO,IAD,SFO-IAD,16:15,41.0,48.0,0,0,0,,0,304.0,2178,30,8,5.3,18.1,7.9,3.5,13.1,5,Monday
fl_0001273,2024-06-23,UA,2902,DEN,LAX,DEN-LAX,19:15,2.0,-2.0,1,1,0,,0,133.0,945,33,5,0.0,0.0,0.0,0.0,0.0,6,Sunday
fl_0001274,2024-02-16,G4,2282,MCO,PHL,MCO-PHL,19:00,3.0,-1.0,1,1,0,,0,75.0,422,13,18,0.0,0.0,0.0,0.0,0.0,2,Friday
fl_0001275,2024-06-09,UA,5471,JFK,MIA,JFK-MIA,22:45,12.0,11.0,1,1,0,,0,344.0,2353,28,19,0.0,0.0,0.0,0.0,0.0,6,Sunday
fl_0001276,2024-01-10,B6,7857,IAD,SFO,IAD-SFO,14:30,-13.0,-9.0,1,1,0,,0,159.0,1100,14,18,0.0,0.0,0.0,0.0,0.0,1,Wednesday
fl_0001277,2024-04-06,UA,4228,MCO,LAX,MCO-LAX,07:15,4.0,-2.0,1,1,0,,0,250.0,1784,13,19,0.0,0.0,0.0,0.0,0.0,4,Saturday
fl_0001278,2024-04-28,WN,2188,MSP,SEA,MSP-SEA,11:45,-1.0,-11.0,1,1,0,,0,354.0,2544,32,19,0.0,0.0,0.0,0.0,0.0,4,Sunday
fl_0001279,2024-01-16,NK,8309,MSP,DTW,MSP-DTW,13:45,28.0,34.0,0,0,0,,0,66.0,368,32,13,4.8,8.9,5.9,11.4,3.0,1,Tuesday
fl_0001280,2024-04-03,DL,2954,EWR,SLC,EWR-SLC,08:15,14.0,22.0,0,1,0,,0,199.0,1506,14,12,1.5,2.5,5.8,5.7,6.5,4,Wednesday
fl_0001281,2024-05-01,AA,6623,IAH,LGA,IAH-LGA,07:45,17.0,25.0,0,0,0,,0,259.0,1908,15,10,14.2,4.2,2.5,1.4,2.7,5,Wednesday
fl_0001282,2024-05-24,UA,5618,MSP,LAX,MSP-LAX,13:15,-7.0,-13.0,1,1,0,,0,73.0,428,15,15,0.0,0.0,0.0,0.0,0.0,5,Friday
fl_0001283,2024-05-16,AA,5183,DTW,FLL,DTW-FLL,12:15,,,0,0,1,Weather,0,56.0,308,24,15,0.0,0.0,0.0,0.0,0.0,5,Thursday
fl_0001284,2024-03-27,AA,4402,MCO,DEN,MCO-DEN,15:45,9.0,2.0,1,1,0,,0,293.0,2230,30,16,0.0,0.0,0.0,0.0,0.0,3,Wednesday
fl_0001285,2024-05-25,AA,8179,IAH,SLC,IAH-SLC,07:30,-11.0,-19.0,1,1,0,,0,170.0,1116,12,10,0.0,0.0,0.0,0.0,0.0,5,Saturday
fl_0001286,2024-01-13,AA,7557,PHL,IAH,PHL-IAH,17:00,-8.0,-5.0,1,1,0,,0,225.0,1704,26,9,0.0,0.0,0.0,0.0,0.0,1,Saturday
fl_0001287,2024-01-22,DL,7159,IAD,ATL,IAD-ATL,14:45,6.0,-1.0,1,1,0,,0,300.0,2292,12,18,0.0,0.0,0.0,0.0,0.0,1,Monday
fl_0001288,2024-03-16,UA,4025,DEN,LGA,DEN-LGA,12:30,-10.0,-10.0,1,1,0,,0,316.0,2429,29,14,0.0,0.0,0.0,0.0,0.0,3,Saturday
fl_0001289,2024-04-14,WN,1860,BWI,IAH,BWI-IAH,22:30,-1.0,-3.0,1,1,0,,0,191.0,1357,11,12,0.0,0.0,0.0,0.0,0.0,4,Sunday
fl_0001290,2024-05-03,WN,3449,SAN,ORD,SAN-ORD,21:00,-15.0,-19.0,1,1,0,,0,318.0,2437,34,14,0.0,0.0,0.0,0.0,0.0,5,Friday
fl_0001291,2024-06-13,DL,2726,IAH,CLT,IAH-CLT,12:45,-2.0,-6.0,1,1,0,,0,132.0,931,19,7,0.0,0.0,0.0,0.0,0.0,6,Thursday
fl_0001292,2024-06-24,UA,7681,JFK,IAD,JFK-IAD,12:30,-8.0,-9.0,1,1,0,,0,206.0,1439,19,6,0.0,0.0,0.0,0.0,0.0,6,Monday
fl_0001293,2024-04-23,WN,180,SAN,IAD,SAN-IAD,06:45,-8.0,-12.0,1,1,0,,0,96.0,582,33,13,0.0,0.0,0.0,0.0,0.0,4,Tuesday
fl_0001294,2024-01-14,WN,5378,LGA,IAD,LGA-IAD,21:30,13.0,3.0,1,1,0,,0,224.0,1522,10,8,0.0,0.0,0.0,0.0,0.0,1,Sunday
fl_0001295,2024-03-26,UA,5674,SLC,MIA,SLC-MIA,22:45,-1.0,-4.0,1,1,0,,0,201.0,1328,18,16,0.0,0.0,0.0,0.0,0.0,3,Tuesday
fl_0001296,2024-05-28,DL,4241,EWR,SFO,EWR-SFO,17:00,6.0,1.0,1,1,0,,0,251.0,1860,24,11,0.0,0.0,0.0,0.0,0.0,5,Tuesday
fl_0001297,2024-05-31,HA,1826,BOS,SEA,BOS-SEA,20:00,-13.0,-15.0,1,1,0,,0,313.0,2302,25,19,0.0,0.0,0.0,0.0,0.0,5,Friday
fl_0001298,2024-02-06,UA,8649,DTW,SAN,DTW-SAN,20:00,-13.0,-19.0,1,1,0,,0,205.0,1543,29,19,0.0,0.0,0.0,0.0,0.0,2,Tuesday
fl_0001299,2024-02-23,AS,2841,ORD,FLL,ORD-FLL,22:00,-12.0,-19.0,1,1,0,,0,332.0,2285,29,12,0.0,0.0,0.0,0.0,0.0,2,Friday
fl_0001300,2024-02-07,DL,2211,EWR,LAX,EWR-LAX,15:00,,,0,0,1,Carrier,0,72.0,439,34,11,0.0,0.0,0.0,0.0,0.0,2,Wednesday
fl_0001301,2024-01-15,F9,2570,IAD,LAX,IAD-LAX,10:15,0.0,0.0,1,1,0,,0,151.0,1026,19,15,0.0,0.0,0.0,0.0,0.0,1,Monday
fl_0001302,2024-04-22,DL,2482,IAD,PHX,IAD-PHX,19:15,11.0,12.0,1,1,0,,0,191.0,1257,14,11,0.0,0.0,0.0,0.0,0.0,4,Monday
fl_0001303,2024-02-11,AS,7569,SEA,BWI,SEA-BWI,11:45,-3.0,0.0,1,1,0,,0,307.0,2286,25,15,0.0,0.0,0.0,0.0,0.0,2,Sunday
fl_0001304,2024-01-19,DL,823,SAN,FLL,SAN-FLL,22:00,13.0,12.0,1,1,0,,0,161.0,1101,25,17,0.0,0.0,0.0,0.0,0.0,1,Friday
fl_0001305,2024-02-04,F9,8631,ATL,SAN,ATL-SAN,06:45,-7.0,-16.0,1,1,0,,0,55.0,284,30,8,0.0,0.0,0.0,0.0,0.0,2,Sunday
fl_0001306,2024-02-27,AS,6809,IAH,DEN,IAH-DEN,09:30,-1.0,2.0,1,1,0,,0,225.0,1582,33,10,0.0,0.0,0.0,0.0,0.0,2,Tuesday
fl_0001307,2024-06-17,F9,5242,SFO,PHX,SFO-PHX,08:30,9.0,7.0,1,1,0,,0,182.0,1363,15,5,0.0,0.0,0.0,0.0,0.0,6,Monday
fl_0001308,2024-03-18,AA,139,DEN,ATL,DEN-ATL,11:15,-15.0,-17.0,1,1,0,,0,192.0,1325,24,18,0.0,0.0,0.0,0.0,0.0,3,Monday
fl_0001309,2024-05-14,WN,6157,LAS,ATL,LAS-ATL,15:15,-4.0,-9.0,1,1,0,,0,269.0,2043,29,16,0.0,0.0,0.0,0.0,0.0,5,Tuesday
fl_0001310,2024-02-01,AA,4363,SAN,LAX,SAN-LAX,12:45,-9.0,-14.0,1,1,0,,0,70.0,418,14,17,0.0,0.0,0.0,0.0,0.0,2,Thursday
fl_0001311,2024-01-30,WN,4436,SLC,FLL,SLC-FLL,08:15,1.0,-2.0,1,1,0,,0,166.0,1223,22,6,0.0,0.0,0.0,0.0,0.0,1,Tuesday
fl_0001312,2024-04-21,UA,8101,LAS,LAX,LAS-LAX,14:15,-7.0,-5.0,1,1,0,,0,325.0,2480,12,18,0.0,0.0,0.0,0.0,0.0,4,Sunday
fl_0001313,2024-06-18,DL,6771,SEA,DTW,SEA-DTW,17:00,95.0,96.0,0,0,0,,0,368.0,2516,21,11,29.2,3.2,36.9,19.1,7.6,6,Tuesday
fl_0001314,2024-06-14,DL,7562,DTW,SAN,DTW-SAN,10:45,1.0,4.0,1,1,0,,0,312.0,2172,34,10,0.0,0.0,0.0,0.0,0.0,6,Friday
fl_0001315,2024-04-08,AA,5930,BWI,EWR,BWI-EWR,11:45,11.0,1.0,1,1,0,,0,335.0,2460,21,14,0.0,0.0,0.0,0.0,0.0,4,Monday
fl_0001316,2024-04-25,DL,4950,BOS,BWI,BOS-BWI,17:30,13.0,11.0,1,1,0,,0,118.0,816,21,16,0.0,0.0,0.0,0.0,0.0,4,Thursday
fl_0001317,2024-02-28,DL,5775,JFK,LAX,JFK-LAX,08:30,5.0,9.0,1,1,0,,0,253.0,1735,21,14,0.0,0.0,0.0,0.0,0.0,2,Wednesday
fl_0001318,2024-04-18,WN,7218,MCO,IAH,MCO-IAH,20:00,5.0,-5.0,1,1,0,,0,50.0,270,23,15,0.0,0.0,0.0,0.0,0.0,4,Thursday
fl_0001319,2024-05-13,G4,6290,SLC,MCO,SLC-MCO,09:30,3.0,-2.0,1,1,0,,0,304.0,2191,16,18,0.0,0.0,0.0,0.0,0.0,5,Monday
fl_0001320,2024-01-20,DL,1389,MSP,LAX,MSP-LAX,06:00,62.0,70.0,0,0,0,,0,129.0,838,16,16,20.1,21.2,4.9,20.4,3.5,1,Saturday
fl_0001321,2024-02-25,WN,3596,BOS,SLC,BOS-SLC,15:00,7.0,6.0,1,1,0,,0,196.0,1375,34,5,0.0,0.0,0.0,0.0,0.0,2,Sunday
fl_0001322,2024-05-14,AA,5793,MCO,ORD,MCO-ORD,20:15,14.0,20.0,0,1,0,,0,211.0,1499,15,8,7.6,0.7,0.2,4.8,6.7,5,Tuesday
fl_0001323,2024-05-17,WN,3908,SEA,IAD,SEA-IAD,21:45,-10.0,-7.0,1,1,0,,0,59.0,346,11,10,0.0,0.0,0.0,0.0,0.0,5,Friday
fl_0001324,2024-05-24,DL,2380,EWR,MIA,EWR-MIA,11:30,12.0,8.0,1,1,0,,0,210.0,1384,22,11,0.0,0.0,0.0,0.0,0.0,5,Friday
fl_0001325,2024-03-15,AA,6832,MIA,DFW,MIA-DFW,12:45,73.0,76.0,0,0,0,,0,353.0,2411,10,19,2.2,23.8,23.0,18.0,9.1,3,Friday
fl_0001326,2024-01-27,UA,6095,SLC,SEA,SLC-SEA,20:15,41.0,48.0,0,0,0,,0,272.0,2054,14,6,2.7,0.3,6.2,17.6,21.2,1,Saturday
fl_0001327,2024-05-25,DL,6210,PHX,DEN,PHX-DEN,18:00,-15.0,-18.0,1,1,0,,0,328.0,2562,17,6,0.0,0.0,0.0,0.0,0.0,5,Saturday
fl_0001328,2024-01-01,AA,534,CLT,SEA,CLT-SEA,07:30,-5.0,-3.0,1,1,0,,0,73.0,437,25,7,0.0,0.0,0.0,0.0,0.0,1,Monday
fl_0001329,2024-06-23,DL,5138,SAN,LAS,SAN-LAS,06:30,2.0,1.0,1,1,0,,0,269.0,2045,31,19,0.0,0.0,0.0,0.0,0.0,6,Sunday
fl_0001330,2024-01-22,DL,5878,IAH,ATL,IAH-ATL,19:45,0.0,,0,1,0,,1,336.0,2450,29,14,0.0,45.0,20.0,0.0,0.0,1,Monday
fl_0001331,2024-06-17,AA,1401,LAS,LAX,LAS-LAX,16:00,5.0,-3.0,1,1,0,,0,107.0,741,28,10,0.0,0.0,0.0,0.0,0.0,6,Monday
fl_0001332,2024-04-20,AA,7257,SLC,JFK,SLC-JFK,18:00,30.0,31.0,0,0,0,,0,233.0,1567,25,17,8.1,11.5,3.2,0.7,7.4,4,Saturday
fl_0001333,2024-03-12,UA,7526,DFW,LAS,DFW-LAS,16:00,12.0,14.0,1,1,0,,0,352.0,2506,13,9,0.0,0.0,0.0,0.0,0.0,3,Tuesday
fl_0001334,2024-04-06,UA,3581,FLL,SEA,FLL-SEA,22:30,7.0,11.0,1,1,0,,0,367.0,2502,25,16,0.0,0.0,0.0,0.0,0.0,4,Saturday
fl_0001335,2024-05-09,DL,8249,BWI,IAH,BWI-IAH,11:15,,,0,0,1,NAS,0,121.0,759,12,13,0.0,0.0,0.0,0.0,0.0,5,Thursday
fl_0001336,2024-01-27,AA,3960,SEA,LGA,SEA-LGA,07:00,-6.0,-15.0,1,1,0,,0,116.0,707,13,5,0.0,0.0,0.0,0.0,0.0,1,Saturday
fl_0001337,2024-04-30,UA,3718,FLL,IAD,FLL-IAD,15:15,11.0,7.0,1,1,0,,0,229.0,1681,13,11,0.0,0.0,0.0,0.0,0.0,4,Tuesday
fl_0001338,2024-04-05,UA,403,SFO,LAS,SFO-LAS,08:15,8.0,-1.0,1,1,0,,0,312.0,2418,28,10,0.0,0.0,0.0,0.0,0.0,4,Friday
fl_0001339,2024-06-15,DL,4120,BOS,ORD,BOS-ORD,11:00,9.0,11.0,1,1,0,,0,234.0,1637,18,17,0.0,0.0,0.0,0.0,0.0,6,Saturday
fl_0001340,2024-05-04,AA,7113,SEA,LAS,SEA-LAS,15:15,68.0,70.0,0,0,0,,0,146.0,981,27,16,38.2,8.5,5.5,8.8,9.0,5,Saturday
fl_0001341,2024-06-26,UA,7302,PHX,ORD,PHX-ORD,14:00,-4.0,-12.0,1,1,0,,0,295.0,2138,16,11,0.0,0.0,0.0,0.0,0.0,6,Wednesday
fl_0001342,2024-04-18,UA,2583,PHX,DFW,PHX-DFW,19:00,61.0,62.0,0,0,0,,0,317.0,2464,29,10,0.1,6.2,43.5,6.6,5.7,4,Thursday
fl_0001343,2024-06-07,AA,1114,MSP,BWI,MSP-BWI,14:30,0.0,1.0,1,1,0,,0,117.0,717,21,7,0.0,0.0,0.0,0.0,0.0,6,Friday
fl_0001344,2024-04-09,F9,4206,IAD,ORD,IAD-ORD,19:00,1.0,1.0,1,1,0,,0,293.0,1998,19,12,0.0,0.0,0.0,0.0,0.0,4,Tuesday
fl_0001345,2024-04-09,UA,3398,BOS,PHX,BOS-PHX,18:15,6.0,1.0,1,1,0,,0,64.0,390,23,7,0.0,0.0,0.0,0.0,0.0,4,Tuesday
fl_0001346,2024-03-12,WN,5887,BWI,SFO,BWI-SFO,18:00,12.0,3.0,1,1,0,,0,211.0,1519,11,15,0.0,0.0,0.0,0.0,0.0,3,Tuesday
fl_0001347,2024-03-26,WN,554,SAN,BWI,SAN-BWI,06:30,2.0,5.0,1,1,0,,0,329.0,2436,20,15,0.0,0.0,0.0,0.0,0.0,3,Tuesday
fl_0001348,2024-04-25,AA,8646,SEA,PHL,SEA-PHL,17:30,,,0,0,1,Weather,0,299.0,2058,33,14,0.0,0.0,0.0,0.0,0.0,4,Thursday
fl_0001349,2024-02-21,AA,602,MSP,DFW,MSP-DFW,13:00,11.0,12.0,1,1,0,,0,256.0,1885,10,17,0.0,0.0,0.0,0.0,0.0,2,Wednesday
fl_0001350,2024-01-11,DL,4701,DTW,IAH,DTW-IAH,06:45,10.0,4.0,1,1,0,,0,208.0,1567,34,8,0.0,0.0,0.0,0.0,0.0,1,Thursday
fl_0001351,2024-01-09,UA,436,LGA,MSP,LGA-MSP,17:15,-10.0,-8.0,1,1,0,,0,97.0,669,11,8,0.0,0.0,0.0,0.0,0.0,1,Tuesday
fl_0001352,2024-04-21,DL,6923,BWI,SEA,BWI-SEA,17:15,-15.0,-19.0,1,1,0,,0,93.0,579,20,19,0.0,0.0,0.0,0.0,0.0,4,Sunday
fl_0001353,2024-06-28,AA,8571,PHX,EWR,PHX-EWR,06:15,8.0,7.0,1,1,0,,0,239.0,1748,27,13,0.0,0.0,0.0,0.0,0.0,6,Friday
fl_0001354,2024-05-10,WN,2772,ORD,BOS,ORD-BOS,19:15,-15.0,-25.0,1,1,0,,0,52.0,289,12,9,0.0,0.0,0.0,0.0,0.0,5,Friday
fl_0001355,2024-06-27,DL,2610,ATL,JFK,ATL-JFK,09:15,9.0,5.0,1,1,0,,0,174.0,1149,25,19,0.0,0.0,0.0,0.0,0.0,6,Thursday
fl_0001356,2024-01-25,DL,3209,JFK,LAX,JFK-LAX,17:15,9.0,8.0,1,1,0,,0,91.0,560,24,19,0.0,0.0,0.0,0.0,0.0,1,Thursday
fl_0001357,2024-03-26,F9,1656,MSP,IAD,MSP-IAD,08:30,-10.0,-8.0,1,1,0,,0,73.0,463,19,19,0.0,0.0,0.0,0.0,0.0,3,Tuesday
fl_0001358,2024-05-09,WN,8392,LAS,SAN,LAS-SAN,16:15,12.0,9.0,1,1,0,,0,73.0,464,16,16,0.0,0.0,0.0,0.0,0.0,5,Thursday
fl_0001359,2024-01-22,WN,1729,IAH,LGA,IAH-LGA,22:00,8.0,7.0,1,1,0,,0,300.0,2277,29,16,0.0,0.0,0.0,0.0,0.0,1,Monday
fl_0001360,2024-04-25,NK,8320,DEN,SAN,DEN-SAN,13:00,4.0,3.0,1,1,0,,0,190.0,1346,25,17,0.0,0.0,0.0,0.0,0.0,4,Thursday
fl_0001361,2024-01-20,G4,6360,ATL,IAD,ATL-IAD,10:45,-7.0,-13.0,1,1,0,,0,170.0,1171,27,13,0.0,0.0,0.0,0.0,0.0,1,Saturday
fl_0001362,2024-05-03,AS,8267,PHL,DFW,PHL-DFW,19:30,7.0,0.0,1,1,0,,0,216.0,1621,29,11,0.0,0.0,0.0,0.0,0.0,5,Friday
fl_0001363,2024-03-23,WN,6685,DTW,LAX,DTW-LAX,17:15,-10.0,-20.0,1,1,0,,0,72.0,424,22,14,0.0,0.0,0.0,0.0,0.0,3,Saturday
fl_0001364,2024-02-17,UA,3595,JFK,FLL,JFK-FLL,16:30,8.0,0.0,1,1,0,,0,382.0,2573,31,12,0.0,0.0,0.0,0.0,0.0,2,Saturday
fl_0001365,2024-01-25,B6,5186,ORD,CLT,ORD-CLT,17:15,12.0,4.0,1,1,0,,0,75.0,442,10,18,0.0,0.0,0.0,0.0,0.0,1,Thursday
fl_0001366,2024-04-10,UA,7066,JFK,DFW,JFK-DFW,07:30,-2.0,-11.0,1,1,0,,0,346.0,2590,32,8,0.0,0.0,0.0,0.0,0.0,4,Wednesday
fl_0001367,2024-04-20,DL,4929,DFW,FLL,DFW-FLL,11:00,-8.0,-11.0,1,1,0,,0,257.0,1887,18,14,0.0,0.0,0.0,0.0,0.0,4,Saturday
fl_0001368,2024-03-19,AA,205,MIA,PHX,MIA-PHX,20:30,10.0,2.0,1,1,0,,0,176.0,1310,27,15,0.0,0.0,0.0,0.0,0.0,3,Tuesday
fl_0001369,2024-01-11,NK,3324,LAS,DEN,LAS-DEN,22:15,49.0,55.0,0,0,0,,0,105.0,647,26,13,11.5,5.3,18.1,6.0,14.1,1,Thursday
fl_0001370,2024-01-20,WN,4898,MIA,SFO,MIA-SFO,18:30,-11.0,-17.0,1,1,0,,0,337.0,2554,33,17,0.0,0.0,0.0,0.0,0.0,1,Saturday
fl_0001371,2024-04-30,AS,4703,SFO,PHX,SFO-PHX,19:45,9.0,10.0,1,1,0,,0,208.0,1384,34,16,0.0,0.0,0.0,0.0,0.0,4,Tuesday
fl_0001372,2024-05-18,NK,718,ORD,SFO,ORD-SFO,21:00,-7.0,-14.0,1,1,0,,0,110.0,757,18,9,0.0,0.0,0.0,0.0,0.0,5,Saturday
fl_0001373,2024-02-09,AA,5855,SEA,EWR,SEA-EWR,18:45,38.0,43.0,0,0,0,,0,193.0,1326,16,11,1.3,3.5,1.9,9.5,26.8,2,Friday
fl_0001374,2024-01-10,AS,8385,IAD,SFO,IAD-SFO,18:30,7.0,-2.0,1,1,0,,0,115.0,749,34,19,0.0,0.0,0.0,0.0,0.0,1,Wednesday
fl_0001375,2024-01-13,UA,4058,DEN,CLT,DEN-CLT,16:45,92.0,100.0,0,0,0,,0,106.0,644,34,16,16.1,33.8,3.0,35.5,11.6,1,Saturday
fl_0001376,2024-06-01,DL,6718,MSP,DFW,MSP-DFW,13:15,-12.0,-13.0,1,1,0,,0,92.0,629,27,13,0.0,0.0,0.0,0.0,0.0,6,Saturday
fl_0001377,2024-06-14,AA,4734,BWI,CLT,BWI-CLT,13:00,-3.0,0.0,1,1,0,,0,314.0,2140,25,9,0.0,0.0,0.0,0.0,0.0,6,Friday
fl_0001378,2024-05-24,F9,5660,SFO,SAN,SFO-SAN,08:30,5.0,2.0,1,1,0,,0,294.0,2218,13,17,0.0,0.0,0.0,0.0,0.0,5,Friday
fl_0001379,2024-04-29,DL,6982,BOS,IAD,BOS-IAD,14:00,-13.0,-14.0,1,1,0,,0,60.0,314,22,10,0.0,0.0,0.0,0.0,0.0,4,Monday
fl_0001380,2024-04-02,B6,8365,BWI,ORD,BWI-ORD,14:00,42.0,49.0,0,0,0,,0,165.0,1203,27,10,2.9,39.1,0.9,1.5,4.5,4,Tuesday
fl_0001381,2024-02-13,DL,3586,PHL,SLC,PHL-SLC,17:30,7.0,2.0,1,1,0,,0,78.0,495,10,11,0.0,0.0,0.0,0.0,0.0,2,Tuesday
fl_0001382,2024-01-15,AA,6225,LGA,ORD,LGA-ORD,16:00,-10.0,-10.0,1,1,0,,0,295.0,2188,33,15,0.0,0.0,0.0,0.0,0.0,1,Monday
fl_0001383,2024-02-03,UA,7789,DEN,MCO,DEN-MCO,15:00,9.0,2.0,1,1,0,,0,345.0,2577,24,17,0.0,0.0,0.0,0.0,0.0,2,Saturday
fl_0001384,2024-03-17,AA,3067,FLL,SAN,FLL-SAN,16:00,-12.0,-14.0,1,1,0,,0,177.0,1309,15,16,0.0,0.0,0.0,0.0,0.0,3,Sunday
fl_0001385,2024-01-28,DL,2366,SEA,MSP,SEA-MSP,19:00,13.0,15.0,0,1,0,,0,256.0,1916,15,16,0.0,0.0,0.0,0.0,0.0,1,Sunday
fl_0001386,2024-05-11,AA,4479,LGA,MIA,LGA-MIA,18:30,-11.0,-12.0,1,1,0,,0,281.0,1991,18,6,0.0,0.0,0.0,0.0,0.0,5,Saturday
fl_0001387,2024-02-13,DL,6205,MSP,LAX,MSP-LAX,18:30,0.0,-3.0,1,1,0,,0,186.0,1373,32,14,0.0,0.0,0.0,0.0,0.0,2,Tuesday
fl_0001388,2024-03-11,NK,5889,SEA,CLT,SEA-CLT,18:15,-2.0,-12.0,1,1,0,,0,103.0,666,17,5,0.0,0.0,0.0,0.0,0.0,3,Monday
fl_0001389,2024-02-06,NK,8852,DFW,IAH,DFW-IAH,17:00,-11.0,-14.0,1,1,0,,0,335.0,2316,24,16,0.0,0.0,0.0,0.0,0.0,2,Tuesday
fl_0001390,2024-02-23,AA,6107,DFW,PHL,DFW-PHL,07:00,-3.0,-5.0,1,1,0,,0,318.0,2146,26,12,0.0,0.0,0.0,0.0,0.0,2,Friday
fl_0001391,2024-05-10,UA,6468,SLC,LAS,SLC-LAS,07:45,5.0,2.0,1,1,0,,0,125.0,884,10,7,0.0,0.0,0.0,0.0,0.0,5,Friday
fl_0001392,2024-01-15,AA,5742,SFO,JFK,SFO-JFK,18:30,4.0,-4.0,1,1,0,,0,82.0,526,23,11,0.0,0.0,0.0,0.0,0.0,1,Monday
fl_0001393,2024-02-21,DL,1811,SAN,ORD,SAN-ORD,12:45,7.0,-3.0,1,1,0,,0,279.0,2140,33,9,0.0,0.0,0.0,0.0,0.0,2,Wednesday
fl_0001394,2024-04-15,AA,2986,ATL,BWI,ATL-BWI,12:45,9.0,9.0,1,1,0,,0,94.0,580,16,15,0.0,0.0,0.0,0.0,0.0,4,Monday
fl_0001395,2024-04-20,AS,8971,CLT,SFO,CLT-SFO,13:30,4.0,5.0,1,1,0,,0,210.0,1393,19,13,0.0,0.0,0.0,0.0,0.0,4,Saturday
fl_0001396,2024-04-30,UA,5200,MIA,IAD,MIA-IAD,14:00,108.0,113.0,0,0,0,,0,225.0,1716,29,14,10.1,47.7,34.2,1.6,19.4,4,Tuesday
fl_0001397,2024-03-20,DL,7689,BOS,CLT,BOS-CLT,21:30,-3.0,-5.0,1,1,0,,0,207.0,1388,16,14,0.0,0.0,0.0,0.0,0.0,3,Wednesday
fl_0001398,2024-05-17,AA,5032,SEA,JFK,SEA-JFK,11:45,6.0,-4.0,1,1,0,,0,341.0,2376,20,9,0.0,0.0,0.0,0.0,0.0,5,Friday
fl_0001399,2024-03-07,AA,2632,ORD,BWI,ORD-BWI,13:15,1.0,-5.0,1,1,0,,0,352.0,2595,12,17,0.0,0.0,0.0,0.0,0.0,3,Thursday
fl_0001400,2024-06-21,AA,7457,SEA,DFW,SEA-DFW,17:15,9.0,12.0,1,1,0,,0,150.0,1015,26,18,0.0,0.0,0.0,0.0,0.0,6,Friday
fl_0001401,2024-06-16,DL,4251,MIA,LAX,MIA-LAX,19:30,1.0,-8.0,1,1,0,,0,203.0,1502,27,19,0.0,0.0,0.0,0.0,0.0,6,Sunday
fl_0001402,2024-04-06,AA,8422,IAH,LAS,IAH-LAS,08:45,-2.0,-4.0,1,1,0,,0,131.0,826,15,14,0.0,0.0,0.0,0.0,0.0,4,Saturday
fl_0001403,2024-03-20,F9,286,MCO,BWI,MCO-BWI,06:15,57.0,63.0,0,0,0,,0,224.0,1489,17,9,13.1,13.9,6.0,8.9,21.1,3,Wednesday
fl_0001404,2024-03-07,F9,188,SFO,LGA,SFO-LGA,16:30,-9.0,-14.0,1,1,0,,0,246.0,1819,30,8,0.0,0.0,0.0,0.0,0.0,3,Thursday
fl_0001405,2024-05-23,DL,6239,SAN,PHX,SAN-PHX,15:30,11.0,8.0,1,1,0,,0,195.0,1354,12,19,0.0,0.0,0.0,0.0,0.0,5,Thursday
fl_0001406,2024-04-22,DL,3248,FLL,PHL,FLL-PHL,21:15,12.0,5.0,1,1,0,,0,94.0,617,19,12,0.0,0.0,0.0,0.0,0.0,4,Monday
fl_0001407,2024-04-01,AA,8973,MIA,IAD,MIA-IAD,17:30,2.0,-3.0,1,1,0,,0,212.0,1538,25,15,0.0,0.0,0.0,0.0,0.0,4,Monday
fl_0001408,2024-02-27,DL,2506,ORD,DTW,ORD-DTW,12:30,13.0,7.0,1,1,0,,0,139.0,878,15,11,0.0,0.0,0.0,0.0,0.0,2,Tuesday
fl_0001409,2024-01-24,AA,3433,SFO,ATL,SFO-ATL,09:00,13.0,8.0,1,1,0,,0,195.0,1311,31,18,0.0,0.0,0.0,0.0,0.0,1,Wednesday
fl_0001410,2024-01-20,DL,249,PHL,PHX,PHL-PHX,06:45,-7.0,-3.0,1,1,0,,0,287.0,2034,14,10,0.0,0.0,0.0,0.0,0.0,1,Saturday
fl_0001411,2024-03-02,DL,5311,JFK,SFO,JFK-SFO,15:45,2.0,4.0,1,1,0,,0,185.0,1203,19,5,0.0,0.0,0.0,0.0,0.0,3,Saturday
fl_0001412,2024-04-25,DL,1405,SAN,IAD,SAN-IAD,16:00,2.0,-8.0,1,1,0,,0,107.0,727,33,5,0.0,0.0,0.0,0.0,0.0,4,Thursday
fl_0001413,2024-01-28,AA,7673,DEN,FLL,DEN-FLL,20:00,6.0,5.0,1,1,0,,0,245.0,1776,24,19,0.0,0.0,0.0,0.0,0.0,1,Sunday
fl_0001414,2024-02-01,AS,2803,MCO,SLC,MCO-SLC,22:15,33.0,36.0,0,0,0,,0,224.0,1499,15,11,5.4,7.3,3.3,1.1,18.8,2,Thursday
fl_0001415,2024-02-05,HA,6629,ORD,EWR,ORD-EWR,20:45,,,0,0,1,Weather,0,67.0,413,11,17,0.0,0.0,0.0,0.0,0.0,2,Monday
fl_0001416,2024-06-17,B6,5780,JFK,SFO,JFK-SFO,09:00,9.0,3.0,1,1,0,,0,290.0,2065,22,12,0.0,0.0,0.0,0.0,0.0,6,Monday
fl_0001417,2024-05-31,F9,5455,DFW,SEA,DFW-SEA,19:30,-15.0,-19.0,1,1,0,,0,240.0,1734,33,6,0.0,0.0,0.0,0.0,0.0,5,Friday
fl_0001418,2024-06-24,WN,5679,BOS,DEN,BOS-DEN,16:15,12.0,12.0,1,1,0,,0,247.0,1691,20,7,0.0,0.0,0.0,0.0,0.0,6,Monday
fl_0001419,2024-01-01,DL,7239,CLT,MSP,CLT-MSP,10:30,,,0,0,1,Carrier,0,77.0,473,20,10,0.0,0.0,0.0,0.0,0.0,1,Monday
fl_0001420,2024-03-12,WN,5476,DEN,MSP,DEN-MSP,09:30,-10.0,-15.0,1,1,0,,0,61.0,356,31,18,0.0,0.0,0.0,0.0,0.0,3,Tuesday
fl_0001421,2024-01-25,WN,434,DTW,PHX,DTW-PHX,19:45,22.0,27.0,0,0,0,,0,289.0,1929,33,16,13.2,1.2,1.7,3.5,7.4,1,Thursday
fl_0001422,2024-04-27,UA,6291,ATL,MSP,ATL-MSP,08:15,-10.0,-10.0,1,1,0,,0,202.0,1529,12,5,0.0,0.0,0.0,0.0,0.0,4,Saturday
fl_0001423,2024-05-16,DL,945,SLC,IAD,SLC-IAD,06:45,4.0,6.0,1,1,0,,0,138.0,902,13,17,0.0,0.0,0.0,0.0,0.0,5,Thursday
fl_0001424,2024-06-19,B6,7325,EWR,DTW,EWR-DTW,07:15,,,0,0,1,Weather,0,84.0,500,20,7,0.0,0.0,0.0,0.0,0.0,6,Wednesday
fl_0001425,2024-01-17,DL,7203,IAD,LAX,IAD-LAX,15:30,8.0,0.0,1,1,0,,0,151.0,1064,33,13,0.0,0.0,0.0,0.0,0.0,1,Wednesday
fl_0001426,2024-01-27,AA,4516,MCO,DFW,MCO-DFW,12:00,9.0,12.0,1,1,0,,0,78.0,483,11,11,0.0,0.0,0.0,0.0,0.0,1,Saturday
fl_0001427,2024-03-04,DL,7560,CLT,DFW,CLT-DFW,06:45,-13.0,-20.0,1,1,0,,0,88.0,549,12,5,0.0,0.0,0.0,0.0,0.0,3,Monday
fl_0001428,2024-02-20,AA,5212,FLL,SLC,FLL-SLC,15:15,-3.0,-4.0,1,1,0,,0,80.0,513,30,16,0.0,0.0,0.0,0.0,0.0,2,Tuesday
fl_0001429,2024-02-29,DL,1636,PHL,MIA,PHL-MIA,12:00,10.0,9.0,1,1,0,,0,251.0,1868,22,16,0.0,0.0,0.0,0.0,0.0,2,Thursday
fl_0001430,2024-01-24,UA,7928,BOS,JFK,BOS-JFK,13:30,-5.0,-10.0,1,1,0,,0,326.0,2479,23,17,0.0,0.0,0.0,0.0,0.0,1,Wednesday
fl_0001431,2024-02-28,AA,2272,MSP,LAS,MSP-LAS,06:30,12.0,16.0,0,1,0,,0,87.0,555,22,14,1.3,2.7,2.5,7.3,2.2,2,Wednesday
fl_0001432,2024-02-01,UA,1706,IAD,EWR,IAD-EWR,14:00,-12.0,-12.0,1,1,0,,0,178.0,1141,29,7,0.0,0.0,0.0,0.0,0.0,2,Thursday
fl_0001433,2024-05-11,WN,928,FLL,CLT,FLL-CLT,07:45,13.0,13.0,1,1,0,,0,192.0,1241,15,9,0.0,0.0,0.0,0.0,0.0,5,Saturday
fl_0001434,2024-04-26,F9,5108,DFW,LAS,DFW-LAS,16:00,-13.0,-12.0,1,1,0,,0,228.0,1631,19,19,0.0,0.0,0.0,0.0,0.0,4,Friday
fl_0001435,2024-06-05,UA,2608,LAS,DFW,LAS-DFW,15:00,0.0,2.0,1,1,0,,0,229.0,1539,11,8,0.0,0.0,0.0,0.0,0.0,6,Wednesday
fl_0001436,2024-04-24,WN,6094,LAX,MSP,LAX-MSP,22:30,-6.0,-4.0,1,1,0,,0,324.0,2354,25,8,0.0,0.0,0.0,0.0,0.0,4,Wednesday
fl_0001437,2024-05-13,DL,7007,ATL,MSP,ATL-MSP,14:00,-12.0,-10.0,1,1,0,,0,104.0,696,24,11,0.0,0.0,0.0,0.0,0.0,5,Monday
fl_0001438,2024-06-10,AA,6445,FLL,BOS,FLL-BOS,21:15,-12.0,-13.0,1,1,0,,0,288.0,2158,11,11,0.0,0.0,0.0,0.0,0.0,6,Monday
fl_0001439,2024-01-06,DL,304,LGA,BOS,LGA-BOS,09:15,-13.0,-18.0,1,1,0,,0,75.0,425,17,17,0.0,0.0,0.0,0.0,0.0,1,Saturday
fl_0001440,2024-05-28,AA,5982,PHL,DTW,PHL-DTW,19:30,-7.0,-11.0,1,1,0,,0,337.0,2311,27,9,0.0,0.0,0.0,0.0,0.0,5,Tuesday
fl_0001441,2024-03-14,HA,8639,ORD,SLC,ORD-SLC,19:45,4.0,6.0,1,1,0,,0,307.0,2208,22,12,0.0,0.0,0.0,0.0,0.0,3,Thursday
fl_0001442,2024-01-05,DL,3488,PHL,PHX,PHL-PHX,12:15,2.0,-7.0,1,1,0,,0,332.0,2470,31,9,0.0,0.0,0.0,0.0,0.0,1,Friday
fl_0001443,2024-04-21,UA,796,JFK,MCO,JFK-MCO,20:00,-12.0,-17.0,1,1,0,,0,219.0,1447,12,16,0.0,0.0,0.0,0.0,0.0,4,Sunday
fl_0001444,2024-03-30,DL,8309,IAH,ORD,IAH-ORD,21:30,33.0,40.0,0,0,0,,0,227.0,1608,13,16,1.2,27.7,0.1,3.7,7.3,3,Saturday
fl_0001445,2024-04-23,WN,1310,LAS,LGA,LAS-LGA,17:30,,,0,0,1,Carrier,0,319.0,2432,15,19,0.0,0.0,0.0,0.0,0.0,4,Tuesday
fl_0001446,2024-02-05,WN,8196,SFO,LAX,SFO-LAX,16:30,-12.0,-13.0,1,1,0,,0,132.0,823,26,14,0.0,0.0,0.0,0.0,0.0,2,Monday
fl_0001447,2024-03-01,UA,5758,SFO,MSP,SFO-MSP,13:30,22.0,28.0,0,0,0,,0,97.0,605,14,19,14.9,0.7,3.1,9.1,0.4,3,Friday
fl_0001448,2024-06-18,UA,3551,DEN,MCO,DEN-MCO,21:15,-15.0,-22.0,1,1,0,,0,62.0,342,10,14,0.0,0.0,0.0,0.0,0.0,6,Tuesday
fl_0001449,2024-03-18,AA,4735,ORD,LAS,ORD-LAS,06:45,-1.0,-10.0,1,1,0,,0,156.0,1114,25,8,0.0,0.0,0.0,0.0,0.0,3,Monday
fl_0001450,2024-04-03,DL,901,FLL,LAX,FLL-LAX,22:00,1.0,-5.0,1,1,0,,0,260.0,1922,22,18,0.0,0.0,0.0,0.0,0.0,4,Wednesday
fl_0001451,2024-06-20,UA,4048,LGA,SLC,LGA-SLC,17:15,-6.0,-8.0,1,1,0,,0,97.0,624,31,11,0.0,0.0,0.0,0.0,0.0,6,Thursday
fl_0001452,2024-01-08,WN,1402,IAH,JFK,IAH-JFK,19:45,-12.0,-13.0,1,1,0,,0,115.0,750,28,9,0.0,0.0,0.0,0.0,0.0,1,Monday
fl_0001453,2024-01-16,DL,5530,BOS,SAN,BOS-SAN,20:45,-15.0,-14.0,1,1,0,,0,279.0,2145,23,8,0.0,0.0,0.0,0.0,0.0,1,Tuesday
fl_0001454,2024-05-12,AS,8510,CLT,ATL,CLT-ATL,21:45,2.0,3.0,1,1,0,,0,346.0,2442,12,9,0.0,0.0,0.0,0.0,0.0,5,Sunday
fl_0001455,2024-01-21,WN,3136,IAD,JFK,IAD-JFK,06:45,-3.0,0.0,1,1,0,,0,177.0,1193,27,14,0.0,0.0,0.0,0.0,0.0,1,Sunday
fl_0001456,2024-02-26,UA,6784,DFW,EWR,DFW-EWR,08:30,5.0,4.0,1,1,0,,0,135.0,952,20,17,0.0,0.0,0.0,0.0,0.0,2,Monday
fl_0001457,2024-06-16,F9,2839,EWR,FLL,EWR-FLL,06:00,-10.0,-17.0,1,1,0,,0,373.0,2539,19,5,0.0,0.0,0.0,0.0,0.0,6,Sunday
fl_0001458,2024-02-26,DL,5305,IAD,IAH,IAD-IAH,11:30,-12.0,-13.0,1,1,0,,0,124.0,823,16,14,0.0,0.0,0.0,0.0,0.0,2,Monday
fl_0001459,2024-06-21,DL,6293,BWI,EWR,BWI-EWR,06:15,-4.0,-13.0,1,1,0,,0,106.0,708,16,18,0.0,0.0,0.0,0.0,0.0,6,Friday
fl_0001460,2024-06-15,AA,3840,DEN,CLT,DEN-CLT,07:30,4.0,,0,1,0,,1,206.0,1487,24,7,0.0,45.0,20.0,0.0,0.0,6,Saturday
fl_0001461,2024-02-15,HA,5279,PHX,PHL,PHX-PHL,14:00,-5.0,-9.0,1,1,0,,0,96.0,616,22,8,0.0,0.0,0.0,0.0,0.0,2,Thursday
fl_0001462,2024-06-15,DL,805,LGA,FLL,LGA-FLL,21:45,-4.0,-1.0,1,1,0,,0,106.0,707,25,11,0.0,0.0,0.0,0.0,0.0,6,Saturday
fl_0001463,2024-06-23,B6,1285,LAX,BWI,LAX-BWI,21:30,-13.0,-20.0,1,1,0,,0,159.0,1180,32,9,0.0,0.0,0.0,0.0,0.0,6,Sunday
fl_0001464,2024-06-10,DL,3578,CLT,MCO,CLT-MCO,06:30,-1.0,-7.0,1,1,0,,0,292.0,2260,30,13,0.0,0.0,0.0,0.0,0.0,6,Monday
fl_0001465,2024-06-13,AS,3031,SAN,LAX,SAN-LAX,19:30,1.0,-2.0,1,1,0,,0,71.0,450,11,18,0.0,0.0,0.0,0.0,0.0,6,Thursday
fl_0001466,2024-01-08,WN,6015,EWR,IAD,EWR-IAD,21:00,-9.0,-19.0,1,1,0,,0,332.0,2537,33,12,0.0,0.0,0.0,0.0,0.0,1,Monday
fl_0001467,2024-05-17,DL,6495,LAS,PHX,LAS-PHX,14:00,16.0,21.0,0,0,0,,0,171.0,1230,12,7,10.4,3.6,1.8,0.1,5.1,5,Friday
fl_0001468,2024-02-18,NK,2792,IAH,EWR,IAH-EWR,11:30,-9.0,-18.0,1,1,0,,0,276.0,1838,19,6,0.0,0.0,0.0,0.0,0.0,2,Sunday
fl_0001469,2024-05-03,UA,5754,DEN,MSP,DEN-MSP,11:30,10.0,12.0,1,1,0,,0,323.0,2255,27,16,0.0,0.0,0.0,0.0,0.0,5,Friday
fl_0001470,2024-06-24,B6,5161,BWI,CLT,BWI-CLT,21:15,-14.0,-15.0,1,1,0,,0,304.0,2044,22,7,0.0,0.0,0.0,0.0,0.0,6,Monday
fl_0001471,2024-04-09,DL,7419,MSP,JFK,MSP-JFK,14:45,-1.0,0.0,1,1,0,,0,281.0,2157,24,17,0.0,0.0,0.0,0.0,0.0,4,Tuesday
fl_0001472,2024-02-23,F9,6663,IAD,BWI,IAD-BWI,11:15,-14.0,-14.0,1,1,0,,0,160.0,1128,13,10,0.0,0.0,0.0,0.0,0.0,2,Friday
fl_0001473,2024-06-08,B6,8655,SEA,JFK,SEA-JFK,19:00,8.0,11.0,1,1,0,,0,167.0,1143,28,5,0.0,0.0,0.0,0.0,0.0,6,Saturday
fl_0001474,2024-04-11,AA,8576,PHX,LAS,PHX-LAS,20:30,12.0,6.0,1,1,0,,0,277.0,1935,23,15,0.0,0.0,0.0,0.0,0.0,4,Thursday
fl_0001475,2024-01-29,DL,105,ORD,DFW,ORD-DFW,10:45,106.0,111.0,0,0,0,,0,109.0,689,23,5,64.8,23.1,1.5,2.0,19.5,1,Monday
fl_0001476,2024-04-15,AA,7883,LAX,DEN,LAX-DEN,12:00,2.0,-3.0,1,1,0,,0,250.0,1917,18,12,0.0,0.0,0.0,0.0,0.0,4,Monday
fl_0001477,2024-01-06,UA,1799,DFW,JFK,DFW-JFK,09:15,19.0,22.0,0,0,0,,0,346.0,2447,24,17,6.3,0.9,13.4,1.5,0.1,1,Saturday
fl_0001478,2024-03-03,WN,2420,CLT,LAS,CLT-LAS,21:00,11.0,1.0,1,1,0,,0,123.0,789,10,7,0.0,0.0,0.0,0.0,0.0,3,Sunday
fl_0001479,2024-04-30,AA,8941,MCO,EWR,MCO-EWR,11:30,-14.0,-14.0,1,1,0,,0,210.0,1583,30,17,0.0,0.0,0.0,0.0,0.0,4,Tuesday
fl_0001480,2024-03-17,AA,3875,IAH,SEA,IAH-SEA,21:15,0.0,-1.0,1,1,0,,0,294.0,1984,32,12,0.0,0.0,0.0,0.0,0.0,3,Sunday
fl_0001481,2024-03-10,NK,3032,DTW,CLT,DTW-CLT,19:45,-14.0,-16.0,1,1,0,,0,92.0,591,28,16,0.0,0.0,0.0,0.0,0.0,3,Sunday
fl_0001482,2024-06-14,UA,7608,DEN,MCO,DEN-MCO,11:15,48.0,49.0,0,0,0,,0,57.0,310,30,15,10.6,9.1,14.3,5.6,9.3,6,Friday
fl_0001483,2024-03-17,F9,7292,JFK,MSP,JFK-MSP,16:45,-11.0,-12.0,1,1,0,,0,166.0,1191,15,7,0.0,0.0,0.0,0.0,0.0,3,Sunday
fl_0001484,2024-05-03,AA,7216,FLL,LAX,FLL-LAX,20:00,9.0,0.0,1,1,0,,0,197.0,1452,30,16,0.0,0.0,0.0,0.0,0.0,5,Friday
fl_0001485,2024-06-11,AS,2752,MCO,LAX,MCO-LAX,10:15,79.0,84.0,0,0,0,,0,194.0,1327,32,16,10.9,11.7,15.5,19.9,26.0,6,Tuesday
fl_0001486,2024-04-18,B6,1107,DFW,CLT,DFW-CLT,07:15,-2.0,-9.0,1,1,0,,0,354.0,2398,13,10,0.0,0.0,0.0,0.0,0.0,4,Thursday
fl_0001487,2024-02-23,G4,1199,PHL,IAD,PHL-IAD,12:45,-14.0,-21.0,1,1,0,,0,343.0,2343,22,19,0.0,0.0,0.0,0.0,0.0,2,Friday
fl_0001488,2024-03-22,DL,6745,DEN,PHX,DEN-PHX,14:15,-2.0,-8.0,1,1,0,,0,114.0,745,32,18,0.0,0.0,0.0,0.0,0.0,3,Friday
fl_0001489,2024-02-22,WN,4838,DTW,PHL,DTW-PHL,11:00,121.0,130.0,0,0,0,,0,351.0,2509,21,19,3.8,30.3,38.1,35.9,21.8,2,Thursday
fl_0001490,2024-01-17,UA,2945,DFW,MCO,DFW-MCO,11:00,6.0,8.0,1,1,0,,0,247.0,1710,28,17,0.0,0.0,0.0,0.0,0.0,1,Wednesday
fl_0001491,2024-04-06,F9,7702,ORD,EWR,ORD-EWR,22:45,28.0,28.0,0,0,0,,0,130.0,913,10,9,6.1,1.7,1.5,4.4,14.3,4,Saturday
fl_0001492,2024-06-17,UA,8468,DFW,LGA,DFW-LGA,14:45,8.0,-1.0,1,1,0,,0,349.0,2352,21,17,0.0,0.0,0.0,0.0,0.0,6,Monday
fl_0001493,2024-05-30,HA,404,DEN,PHL,DEN-PHL,17:00,17.0,25.0,0,0,0,,0,66.0,360,33,9,4.0,0.3,14.5,2.3,4.0,5,Thursday
fl_0001494,2024-03-26,AA,5435,BWI,MCO,BWI-MCO,15:30,-3.0,-5.0,1,1,0,,0,134.0,879,27,12,0.0,0.0,0.0,0.0,0.0,3,Tuesday
fl_0001495,2024-01-20,UA,8102,ORD,FLL,ORD-FLL,13:15,-15.0,-20.0,1,1,0,,0,233.0,1718,28,10,0.0,0.0,0.0,0.0,0.0,1,Saturday
fl_0001496,2024-06-01,UA,389,SFO,FLL,SFO-FLL,21:00,-10.0,-18.0,1,1,0,,0,99.0,592,29,8,0.0,0.0,0.0,0.0,0.0,6,Saturday
fl_0001497,2024-03-10,DL,3681,LAS,LGA,LAS-LGA,18:00,139.0,143.0,0,0,0,,0,157.0,1161,17,19,9.9,20.4,57.5,20.7,34.5,3,Sunday
fl_0001498,2024-01-18,UA,5700,IAH,FLL,IAH-FLL,07:00,11.0,13.0,1,1,0,,0,221.0,1616,11,10,0.0,0.0,0.0,0.0,0.0,1,Thursday
fl_0001499,2024-05-26,AS,2881,DFW,BOS,DFW-BOS,11:00,-11.0,-11.0,1,1,0,,0,118.0,815,28,6,0.0,0.0,0.0,0.0,0.0,5,Sunday
fl_0001500,2024-04-23,DL,465,JFK,DEN,JFK-DEN,17:45,46.0,48.0,0,0,0,,0,74.0,453,11,11,11.6,7.3,4.3,22.5,2.4,4,Tuesday
fl_0001501,2024-01-07,DL,8922,MIA,DFW,MIA-DFW,08:15,12.0,,0,1,0,,1,325.0,2349,30,13,0.0,45.0,20.0,0.0,0.0,1,Sunday
fl_0001502,2024-04-18,AA,6215,LGA,ORD,LGA-ORD,15:45,-8.0,-9.0,1,1,0,,0,286.0,1907,29,8,0.0,0.0,0.0,0.0,0.0,4,Thursday
fl_0001503,2024-02-07,WN,2529,SEA,MCO,SEA-MCO,11:15,-11.0,-19.0,1,1,0,,0,195.0,1350,15,19,0.0,0.0,0.0,0.0,0.0,2,Wednesday
fl_0001504,2024-04-07,WN,7902,DTW,SFO,DTW-SFO,16:15,-13.0,-15.0,1,1,0,,0,220.0,1595,30,8,0.0,0.0,0.0,0.0,0.0,4,Sunday
fl_0001505,2024-04-27,DL,4350,IAH,EWR,IAH-EWR,18:00,5.0,8.0,1,1,0,,0,266.0,1889,28,15,0.0,0.0,0.0,0.0,0.0,4,Saturday
fl_0001506,2024-01-26,B6,2447,FLL,PHL,FLL-PHL,13:30,0.0,-8.0,1,1,0,,0,221.0,1670,12,10,0.0,0.0,0.0,0.0,0.0,1,Friday
fl_0001507,2024-04-02,B6,1921,DEN,PHL,DEN-PHL,11:00,10.0,11.0,1,1,0,,0,161.0,1159,33,15,0.0,0.0,0.0,0.0,0.0,4,Tuesday
fl_0001508,2024-04-13,WN,2874,FLL,LAS,FLL-LAS,13:30,26.0,35.0,0,0,0,,0,112.0,777,16,13,3.7,1.7,17.0,6.1,6.6,4,Saturday
fl_0001509,2024-06-02,NK,7358,LAX,PHX,LAX-PHX,21:45,-2.0,-8.0,1,1,0,,0,244.0,1724,26,7,0.0,0.0,0.0,0.0,0.0,6,Sunday
fl_0001510,2024-05-01,DL,614,DFW,BWI,DFW-BWI,06:45,1.0,-7.0,1,1,0,,0,205.0,1362,23,14,0.0,0.0,0.0,0.0,0.0,5,Wednesday
fl_0001511,2024-03-31,UA,6330,MSP,LAS,MSP-LAS,17:00,-8.0,-13.0,1,1,0,,0,128.0,913,16,11,0.0,0.0,0.0,0.0,0.0,3,Sunday
fl_0001512,2024-04-28,AS,5166,CLT,IAD,CLT-IAD,21:45,193.0,200.0,0,0,0,,0,172.0,1275,30,9,14.2,40.4,28.7,37.1,79.6,4,Sunday
fl_0001513,2024-04-13,UA,5876,IAH,SEA,IAH-SEA,08:45,10.0,12.0,1,1,0,,0,317.0,2215,19,11,0.0,0.0,0.0,0.0,0.0,4,Saturday
fl_0001514,2024-04-15,UA,2932,IAD,PHX,IAD-PHX,10:15,45.0,52.0,0,0,0,,0,50.0,265,34,12,20.3,4.3,1.7,17.6,8.1,4,Monday
fl_0001515,2024-01-09,AA,3277,DTW,SFO,DTW-SFO,13:15,35.0,,0,0,0,,1,74.0,423,34,19,0.0,45.0,20.0,0.0,0.0,1,Tuesday
fl_0001516,2024-01-03,DL,8791,MSP,SAN,MSP-SAN,07:30,35.0,44.0,0,0,0,,0,184.0,1187,14,8,12.4,5.1,18.3,1.3,6.9,1,Wednesday
fl_0001517,2024-02-12,B6,1622,JFK,BWI,JFK-BWI,07:30,,,0,0,1,Weather,0,240.0,1787,13,18,0.0,0.0,0.0,0.0,0.0,2,Monday
fl_0001518,2024-01-02,NK,4021,PHL,SAN,PHL-SAN,06:15,-4.0,-13.0,1,1,0,,0,102.0,617,26,5,0.0,0.0,0.0,0.0,0.0,1,Tuesday
fl_0001519,2024-01-27,UA,5993,SLC,IAD,SLC-IAD,22:30,-6.0,-9.0,1,1,0,,0,188.0,1315,23,8,0.0,0.0,0.0,0.0,0.0,1,Saturday
fl_0001520,2024-05-18,B6,4234,DFW,DTW,DFW-DTW,09:30,-14.0,-16.0,1,1,0,,0,306.0,2053,13,11,0.0,0.0,0.0,0.0,0.0,5,Saturday
fl_0001521,2024-03-28,WN,5906,SFO,SLC,SFO-SLC,10:30,-9.0,-7.0,1,1,0,,0,247.0,1796,24,16,0.0,0.0,0.0,0.0,0.0,3,Thursday
fl_0001522,2024-01-09,AA,7932,CLT,IAH,CLT-IAH,14:15,-3.0,-5.0,1,1,0,,0,253.0,1732,21,5,0.0,0.0,0.0,0.0,0.0,1,Tuesday
fl_0001523,2024-05-26,UA,2247,MIA,ATL,MIA-ATL,13:15,-7.0,-9.0,1,1,0,,0,189.0,1292,13,6,0.0,0.0,0.0,0.0,0.0,5,Sunday
fl_0001524,2024-05-09,WN,5536,ATL,BOS,ATL-BOS,09:45,6.0,7.0,1,1,0,,0,190.0,1429,13,15,0.0,0.0,0.0,0.0,0.0,5,Thursday
fl_0001525,2024-02-07,UA,992,DFW,EWR,DFW-EWR,10:15,-9.0,-16.0,1,1,0,,0,287.0,1908,17,18,0.0,0.0,0.0,0.0,0.0,2,Wednesday
fl_0001526,2024-01-17,DL,8169,IAH,PHX,IAH-PHX,22:45,13.0,7.0,1,1,0,,0,69.0,407,11,19,0.0,0.0,0.0,0.0,0.0,1,Wednesday
fl_0001527,2024-06-25,AS,3270,CLT,SFO,CLT-SFO,15:30,80.0,88.0,0,0,0,,0,150.0,1065,24,11,8.5,30.7,15.0,24.4,9.4,6,Tuesday
fl_0001528,2024-03-17,AS,4665,SFO,DTW,SFO-DTW,21:30,-14.0,-14.0,1,1,0,,0,267.0,1784,19,12,0.0,0.0,0.0,0.0,0.0,3,Sunday
fl_0001529,2024-02-17,DL,3148,DFW,PHL,DFW-PHL,09:45,27.0,35.0,0,0,0,,0,246.0,1866,28,6,11.5,8.2,0.8,6.5,8.0,2,Saturday
fl_0001530,2024-06-03,WN,4679,IAD,LAX,IAD-LAX,22:45,0.0,-3.0,1,1,0,,0,243.0,1756,27,15,0.0,0.0,0.0,0.0,0.0,6,Monday
fl_0001531,2024-01-31,WN,6778,IAH,MIA,IAH-MIA,07:30,-5.0,-2.0,1,1,0,,0,283.0,2113,25,13,0.0,0.0,0.0,0.0,0.0,1,Wednesday
fl_0001532,2024-06-08,DL,8202,SAN,JFK,SAN-JFK,06:15,7.0,9.0,1,1,0,,0,121.0,762,31,19,0.0,0.0,0.0,0.0,0.0,6,Saturday
fl_0001533,2024-06-20,DL,8204,LAS,IAH,LAS-IAH,10:30,17.0,19.0,0,0,0,,0,245.0,1876,29,17,2.2,3.3,0.2,6.1,7.2,6,Thursday
fl_0001534,2024-05-01,F9,1025,MIA,IAH,MIA-IAH,13:15,43.0,52.0,0,0,0,,0,260.0,1821,30,16,1.2,8.8,7.0,24.0,11.0,5,Wednesday
fl_0001535,2024-01-20,DL,5772,MSP,IAH,MSP-IAH,11:45,3.0,-2.0,1,1,0,,0,194.0,1464,19,9,0.0,0.0,0.0,0.0,0.0,1,Saturday
fl_0001536,2024-06-26,AA,8619,IAD,FLL,IAD-FLL,08:15,11.0,7.0,1,1,0,,0,303.0,2234,12,14,0.0,0.0,0.0,0.0,0.0,6,Wednesday
fl_0001537,2024-03-19,DL,4428,ATL,SEA,ATL-SEA,11:15,1.0,1.0,1,1,0,,0,343.0,2505,14,12,0.0,0.0,0.0,0.0,0.0,3,Tuesday
fl_0001538,2024-02-23,UA,3507,BOS,BWI,BOS-BWI,09:15,10.0,10.0,1,1,0,,0,345.0,2435,15,16,0.0,0.0,0.0,0.0,0.0,2,Friday
fl_0001539,2024-04-22,NK,2061,DFW,LGA,DFW-LGA,22:30,-7.0,-16.0,1,1,0,,0,193.0,1453,20,12,0.0,0.0,0.0,0.0,0.0,4,Monday
fl_0001540,2024-03-19,G4,5865,BWI,PHX,BWI-PHX,16:30,10.0,18.0,0,1,0,,0,308.0,2088,21,6,0.1,5.4,1.5,9.6,1.4,3,Tuesday
fl_0001541,2024-01-12,AA,8862,BWI,BOS,BWI-BOS,08:30,-13.0,-9.0,1,1,0,,0,99.0,600,24,13,0.0,0.0,0.0,0.0,0.0,1,Friday
fl_0001542,2024-04-15,AA,3588,MCO,DEN,MCO-DEN,11:30,-11.0,-20.0,1,1,0,,0,330.0,2222,18,5,0.0,0.0,0.0,0.0,0.0,4,Monday
fl_0001543,2024-06-03,AA,3989,BWI,SAN,BWI-SAN,10:30,9.0,5.0,1,1,0,,0,148.0,1030,13,18,0.0,0.0,0.0,0.0,0.0,6,Monday
fl_0001544,2024-04-22,B6,4864,FLL,SFO,FLL-SFO,11:45,6.0,-2.0,1,1,0,,0,71.0,391,27,6,0.0,0.0,0.0,0.0,0.0,4,Monday
fl_0001545,2024-05-05,WN,3877,JFK,CLT,JFK-CLT,13:00,-15.0,-11.0,1,1,0,,0,118.0,748,24,11,0.0,0.0,0.0,0.0,0.0,5,Sunday
fl_0001546,2024-03-12,DL,3986,LAX,IAH,LAX-IAH,17:30,94.0,99.0,0,0,0,,0,270.0,1955,24,15,45.0,40.7,3.7,5.9,3.7,3,Tuesday
fl_0001547,2024-05-19,DL,1935,EWR,SEA,EWR-SEA,22:15,5.0,4.0,1,1,0,,0,326.0,2495,10,16,0.0,0.0,0.0,0.0,0.0,5,Sunday
fl_0001548,2024-06-09,WN,369,SLC,IAD,SLC-IAD,10:00,-4.0,-8.0,1,1,0,,0,123.0,877,19,7,0.0,0.0,0.0,0.0,0.0,6,Sunday
fl_0001549,2024-01-14,AA,755,SEA,BOS,SEA-BOS,12:15,-12.0,-20.0,1,1,0,,0,337.0,2492,17,9,0.0,0.0,0.0,0.0,0.0,1,Sunday
fl_0001550,2024-03-21,UA,7691,PHX,PHL,PHX-PHL,16:15,92.0,97.0,0,0,0,,0,281.0,1876,10,15,36.0,2.2,37.0,0.2,21.7,3,Thursday
fl_0001551,2024-01-18,B6,5722,LGA,IAH,LGA-IAH,06:15,-2.0,-6.0,1,1,0,,0,128.0,818,24,8,0.0,0.0,0.0,0.0,0.0,1,Thursday
fl_0001552,2024-04-26,DL,3230,CLT,SLC,CLT-SLC,18:30,5.0,7.0,1,1,0,,0,85.0,539,15,11,0.0,0.0,0.0,0.0,0.0,4,Friday
fl_0001553,2024-06-01,B6,5700,EWR,LAX,EWR-LAX,17:30,-9.0,-6.0,1,1,0,,0,207.0,1536,12,16,0.0,0.0,0.0,0.0,0.0,6,Saturday
fl_0001554,2024-04-26,UA,8712,IAD,SFO,IAD-SFO,16:00,-5.0,-9.0,1,1,0,,0,113.0,710,13,15,0.0,0.0,0.0,0.0,0.0,4,Friday
fl_0001555,2024-06-18,AA,7174,IAH,DTW,IAH-DTW,09:30,-13.0,-21.0,1,1,0,,0,159.0,1139,10,19,0.0,0.0,0.0,0.0,0.0,6,Tuesday
fl_0001556,2024-01-31,NK,6709,FLL,JFK,FLL-JFK,19:00,-14.0,-19.0,1,1,0,,0,340.0,2291,27,9,0.0,0.0,0.0,0.0,0.0,1,Wednesday
fl_0001557,2024-05-17,B6,5807,LAX,IAD,LAX-IAD,17:30,1.0,5.0,1,1,0,,0,106.0,663,27,17,0.0,0.0,0.0,0.0,0.0,5,Friday
fl_0001558,2024-01-05,DL,364,LGA,LAS,LGA-LAS,13:15,-14.0,-16.0,1,1,0,,0,70.0,421,17,6,0.0,0.0,0.0,0.0,0.0,1,Friday
fl_0001559,2024-03-31,AA,2578,MCO,LAS,MCO-LAS,14:45,-2.0,0.0,1,1,0,,0,320.0,2141,19,19,0.0,0.0,0.0,0.0,0.0,3,Sunday
fl_0001560,2024-04-18,DL,4515,MSP,LGA,MSP-LGA,18:45,11.0,15.0,0,1,0,,0,341.0,2384,15,14,0.0,0.0,0.0,0.0,0.0,4,Thursday
fl_0001561,2024-05-17,DL,3013,SAN,ORD,SAN-ORD,14:00,129.0,136.0,0,0,0,,0,220.0,1440,17,9,22.0,14.2,14.9,78.3,6.7,5,Friday
fl_0001562,2024-06-28,F9,5236,PHL,DEN,PHL-DEN,09:15,9.0,12.0,1,1,0,,0,307.0,2247,18,6,0.0,0.0,0.0,0.0,0.0,6,Friday
fl_0001563,2024-04-30,WN,5253,DEN,SFO,DEN-SFO,13:00,65.0,72.0,0,0,0,,0,318.0,2159,15,19,5.6,6.3,20.3,11.6,28.2,4,Tuesday
fl_0001564,2024-05-04,B6,3470,IAH,CLT,IAH-CLT,20:30,-14.0,-21.0,1,1,0,,0,220.0,1484,23,17,0.0,0.0,0.0,0.0,0.0,5,Saturday
fl_0001565,2024-02-09,WN,4701,PHX,SLC,PHX-SLC,07:30,0.0,-5.0,1,1,0,,0,92.0,581,15,6,0.0,0.0,0.0,0.0,0.0,2,Friday
fl_0001566,2024-04-25,AA,2040,LGA,DFW,LGA-DFW,15:15,10.0,3.0,1,1,0,,0,274.0,2083,12,10,0.0,0.0,0.0,0.0,0.0,4,Thursday
fl_0001567,2024-04-23,NK,7047,LAX,IAD,LAX-IAD,21:45,31.0,35.0,0,0,0,,0,187.0,1310,12,18,1.5,6.6,2.8,11.8,12.3,4,Tuesday
fl_0001568,2024-03-19,AA,7687,SAN,SFO,SAN-SFO,10:15,117.0,117.0,0,0,0,,0,211.0,1517,27,11,101.9,0.6,5.2,6.0,3.3,3,Tuesday
fl_0001569,2024-01-30,AA,6578,SAN,DFW,SAN-DFW,19:45,-12.0,-18.0,1,1,0,,0,56.0,312,33,5,0.0,0.0,0.0,0.0,0.0,1,Tuesday
fl_0001570,2024-05-15,WN,2835,MIA,LAX,MIA-LAX,12:45,0.0,4.0,1,1,0,,0,195.0,1388,29,6,0.0,0.0,0.0,0.0,0.0,5,Wednesday
fl_0001571,2024-01-02,F9,2401,MIA,SFO,MIA-SFO,15:30,5.0,9.0,1,1,0,,0,179.0,1185,27,10,0.0,0.0,0.0,0.0,0.0,1,Tuesday
fl_0001572,2024-02-28,B6,2259,CLT,IAH,CLT-IAH,18:00,8.0,9.0,1,1,0,,0,201.0,1344,24,13,0.0,0.0,0.0,0.0,0.0,2,Wednesday
fl_0001573,2024-02-20,B6,517,EWR,FLL,EWR-FLL,10:45,2.0,6.0,1,1,0,,0,211.0,1540,33,19,0.0,0.0,0.0,0.0,0.0,2,Tuesday
fl_0001574,2024-04-13,AA,1479,LAS,MCO,LAS-MCO,07:15,-12.0,-21.0,1,1,0,,0,214.0,1543,18,11,0.0,0.0,0.0,0.0,0.0,4,Saturday
fl_0001575,2024-04-21,NK,6148,DTW,MCO,DTW-MCO,15:15,-12.0,-8.0,1,1,0,,0,346.0,2578,34,6,0.0,0.0,0.0,0.0,0.0,4,Sunday
fl_0001576,2024-01-15,UA,1410,MCO,SEA,MCO-SEA,18:00,8.0,8.0,1,1,0,,0,77.0,471,10,15,0.0,0.0,0.0,0.0,0.0,1,Monday
fl_0001577,2024-05-04,HA,393,IAH,DFW,IAH-DFW,19:15,-2.0,-4.0,1,1,0,,0,246.0,1891,31,9,0.0,0.0,0.0,0.0,0.0,5,Saturday
fl_0001578,2024-06-22,B6,3252,DFW,ATL,DFW-ATL,17:00,1.0,-9.0,1,1,0,,0,220.0,1553,20,9,0.0,0.0,0.0,0.0,0.0,6,Saturday
fl_0001579,2024-05-28,WN,2054,SEA,DFW,SEA-DFW,14:30,8.0,9.0,1,1,0,,0,125.0,790,11,16,0.0,0.0,0.0,0.0,0.0,5,Tuesday
fl_0001580,2024-01-29,DL,8319,SFO,PHX,SFO-PHX,19:30,11.0,9.0,1,1,0,,0,208.0,1556,10,7,0.0,0.0,0.0,0.0,0.0,1,Monday
fl_0001581,2024-04-22,DL,2659,FLL,DEN,FLL-DEN,21:15,-15.0,-16.0,1,1,0,,0,183.0,1223,24,11,0.0,0.0,0.0,0.0,0.0,4,Monday
fl_0001582,2024-04-19,DL,5217,SAN,SFO,SAN-SFO,20:00,7.0,11.0,1,1,0,,0,238.0,1684,23,16,0.0,0.0,0.0,0.0,0.0,4,Friday
fl_0001583,2024-01-10,UA,6621,SFO,DFW,SFO-DFW,09:45,9.0,10.0,1,1,0,,0,327.0,2311,20,8,0.0,0.0,0.0,0.0,0.0,1,Wednesday
fl_0001584,2024-01-02,UA,6658,ORD,IAH,ORD-IAH,06:45,1.0,-9.0,1,1,0,,0,104.0,686,30,9,0.0,0.0,0.0,0.0,0.0,1,Tuesday
fl_0001585,2024-02-20,B6,2398,EWR,IAD,EWR-IAD,07:15,-2.0,-6.0,1,1,0,,0,68.0,387,21,14,0.0,0.0,0.0,0.0,0.0,2,Tuesday
fl_0001586,2024-03-06,DL,5290,SFO,FLL,SFO-FLL,09:30,-2.0,-6.0,1,1,0,,0,247.0,1705,30,16,0.0,0.0,0.0,0.0,0.0,3,Wednesday
fl_0001587,2024-06-09,WN,4744,DFW,ATL,DFW-ATL,17:00,-5.0,-5.0,1,1,0,,0,196.0,1411,29,11,0.0,0.0,0.0,0.0,0.0,6,Sunday
fl_0001588,2024-04-03,AA,8131,LAS,SEA,LAS-SEA,15:30,84.0,86.0,0,0,0,,0,51.0,265,22,12,7.7,13.0,44.2,18.8,2.3,4,Wednesday
fl_0001589,2024-03-11,DL,4753,ATL,BWI,ATL-BWI,08:15,5.0,0.0,1,1,0,,0,341.0,2318,11,9,0.0,0.0,0.0,0.0,0.0,3,Monday
fl_0001590,2024-05-13,NK,1130,SFO,MSP,SFO-MSP,07:00,-9.0,-19.0,1,1,0,,0,240.0,1817,18,9,0.0,0.0,0.0,0.0,0.0,5,Monday
fl_0001591,2024-05-14,WN,4356,BOS,MIA,BOS-MIA,22:15,61.0,67.0,0,0,0,,0,140.0,938,14,17,11.8,10.8,9.8,10.3,24.3,5,Tuesday
fl_0001592,2024-03-02,AA,3572,PHL,IAH,PHL-IAH,07:30,19.0,20.0,0,0,0,,0,206.0,1352,33,12,5.4,4.2,1.5,1.9,7.0,3,Saturday
fl_0001593,2024-05-31,UA,2218,MSP,MCO,MSP-MCO,07:15,15.0,17.0,0,0,0,,0,192.0,1389,34,12,1.2,10.8,1.4,2.7,0.9,5,Friday
fl_0001594,2024-03-11,DL,4706,MIA,JFK,MIA-JFK,07:45,,,0,0,1,Weather,0,221.0,1598,32,19,0.0,0.0,0.0,0.0,0.0,3,Monday
fl_0001595,2024-05-27,DL,846,LAX,SAN,LAX-SAN,17:15,2.0,-8.0,1,1,0,,0,88.0,523,32,15,0.0,0.0,0.0,0.0,0.0,5,Monday
fl_0001596,2024-05-02,NK,1225,SFO,CLT,SFO-CLT,07:15,1.0,-3.0,1,1,0,,0,357.0,2515,16,17,0.0,0.0,0.0,0.0,0.0,5,Thursday
fl_0001597,2024-06-03,DL,4459,DTW,LGA,DTW-LGA,16:45,-7.0,-3.0,1,1,0,,0,300.0,2306,12,10,0.0,0.0,0.0,0.0,0.0,6,Monday
fl_0001598,2024-04-15,WN,746,IAD,BWI,IAD-BWI,13:45,39.0,43.0,0,0,0,,0,254.0,1690,11,5,8.7,4.7,17.6,2.0,10.0,4,Monday
fl_0001599,2024-05-27,UA,7791,BOS,CLT,BOS-CLT,17:00,-9.0,-17.0,1,1,0,,0,239.0,1781,12,7,0.0,0.0,0.0,0.0,0.0,5,Monday
fl_0001600,2024-04-19,AS,2413,DFW,MCO,DFW-MCO,19:45,9.0,8.0,1,1,0,,0,146.0,940,13,10,0.0,0.0,0.0,0.0,0.0,4,Friday
fl_0001601,2024-04-22,UA,3779,MIA,PHX,MIA-PHX,20:45,155.0,158.0,0,0,0,,0,217.0,1602,13,16,1.3,100.2,44.3,7.5,4.6,4,Monday
fl_0001602,2024-04-02,AS,7137,LAX,ORD,LAX-ORD,13:45,-9.0,-9.0,1,1,0,,0,66.0,412,13,8,0.0,0.0,0.0,0.0,0.0,4,Tuesday
fl_0001603,2024-01-30,UA,3184,FLL,MSP,FLL-MSP,12:30,-5.0,-13.0,1,1,0,,0,196.0,1427,27,5,0.0,0.0,0.0,0.0,0.0,1,Tuesday
fl_0001604,2024-05-03,AA,7422,JFK,LAX,JFK-LAX,10:45,28.0,36.0,0,0,0,,0,139.0,932,20,9,9.7,8.4,8.9,2.9,6.0,5,Friday
fl_0001605,2024-03-13,WN,4497,MCO,MIA,MCO-MIA,07:00,-8.0,-8.0,1,1,0,,0,312.0,2217,11,19,0.0,0.0,0.0,0.0,0.0,3,Wednesday
fl_0001606,2024-01-08,DL,6104,MCO,MIA,MCO-MIA,12:30,-15.0,-11.0,1,1,0,,0,64.0,345,19,10,0.0,0.0,0.0,0.0,0.0,1,Monday
fl_0001607,2024-03-17,UA,4238,PHL,IAD,PHL-IAD,21:15,-11.0,-18.0,1,1,0,,0,188.0,1254,30,16,0.0,0.0,0.0,0.0,0.0,3,Sunday
fl_0001608,2024-05-30,WN,3489,IAD,MSP,IAD-MSP,11:00,11.0,1.0,1,1,0,,0,174.0,1181,18,16,0.0,0.0,0.0,0.0,0.0,5,Thursday
fl_0001609,2024-03-28,UA,5685,DFW,BWI,DFW-BWI,10:30,-10.0,-9.0,1,1,0,,0,235.0,1618,32,19,0.0,0.0,0.0,0.0,0.0,3,Thursday
fl_0001610,2024-03-05,B6,2162,SFO,JFK,SFO-JFK,07:00,-6.0,-6.0,1,1,0,,0,230.0,1553,32,19,0.0,0.0,0.0,0.0,0.0,3,Tuesday
fl_0001611,2024-02-27,WN,163,DEN,SLC,DEN-SLC,14:45,-1.0,-4.0,1,1,0,,0,323.0,2474,27,19,0.0,0.0,0.0,0.0,0.0,2,Tuesday
fl_0001612,2024-04-25,UA,2934,LGA,ATL,LGA-ATL,19:45,10.0,1.0,1,1,0,,0,350.0,2503,26,13,0.0,0.0,0.0,0.0,0.0,4,Thursday
fl_0001613,2024-05-22,DL,1580,ORD,PHX,ORD-PHX,21:15,12.0,12.0,1,1,0,,0,192.0,1278,15,6,0.0,0.0,0.0,0.0,0.0,5,Wednesday
fl_0001614,2024-05-27,WN,6435,BOS,ATL,BOS-ATL,06:30,-3.0,-12.0,1,1,0,,0,76.0,439,19,13,0.0,0.0,0.0,0.0,0.0,5,Monday
fl_0001615,2024-01-31,WN,1775,BWI,LGA,BWI-LGA,13:15,38.0,39.0,0,0,0,,0,48.0,254,25,19,2.8,9.0,17.6,8.2,1.4,1,Wednesday
fl_0001616,2024-01-27,WN,3163,FLL,DTW,FLL-DTW,16:45,-9.0,-7.0,1,1,0,,0,209.0,1413,33,7,0.0,0.0,0.0,0.0,0.0,1,Saturday
fl_0001617,2024-02-11,WN,2415,MSP,MCO,MSP-MCO,17:30,5.0,4.0,1,1,0,,0,71.0,449,11,18,0.0,0.0,0.0,0.0,0.0,2,Sunday
fl_0001618,2024-06-13,DL,877,DFW,MIA,DFW-MIA,12:15,19.0,27.0,0,0,0,,0,290.0,2132,14,13,1.3,1.2,11.2,9.9,3.4,6,Thursday
fl_0001619,2024-05-13,WN,7259,IAH,DEN,IAH-DEN,19:30,8.0,4.0,1,1,0,,0,164.0,1167,15,10,0.0,0.0,0.0,0.0,0.0,5,Monday
fl_0001620,2024-03-31,AA,4640,SLC,PHX,SLC-PHX,15:30,43.0,51.0,0,0,0,,0,83.0,540,21,12,6.9,6.8,12.6,11.5,13.1,3,Sunday
fl_0001621,2024-03-21,AA,7879,BWI,LAS,BWI-LAS,08:15,-9.0,-18.0,1,1,0,,0,264.0,1772,20,9,0.0,0.0,0.0,0.0,0.0,3,Thursday
fl_0001622,2024-05-01,AA,8863,SFO,FLL,SFO-FLL,18:45,102.0,108.0,0,0,0,,0,281.0,1893,23,13,24.3,11.5,40.1,28.1,4.0,5,Wednesday
fl_0001623,2024-03-19,WN,1140,IAD,LGA,IAD-LGA,15:15,0.0,-1.0,1,1,0,,0,320.0,2412,23,17,0.0,0.0,0.0,0.0,0.0,3,Tuesday
fl_0001624,2024-02-01,UA,3408,ATL,PHX,ATL-PHX,09:15,-3.0,-11.0,1,1,0,,0,254.0,1899,34,14,0.0,0.0,0.0,0.0,0.0,2,Thursday
fl_0001625,2024-05-02,AA,1660,JFK,MIA,JFK-MIA,20:45,-8.0,-15.0,1,1,0,,0,248.0,1697,33,6,0.0,0.0,0.0,0.0,0.0,5,Thursday
fl_0001626,2024-05-06,F9,2112,SLC,DTW,SLC-DTW,20:45,9.0,16.0,0,1,0,,0,136.0,983,24,17,2.6,6.3,0.7,3.7,2.7,5,Monday
fl_0001627,2024-06-23,HA,6527,SLC,ATL,SLC-ATL,14:15,7.0,-1.0,1,1,0,,0,58.0,344,24,15,0.0,0.0,0.0,0.0,0.0,6,Sunday
fl_0001628,2024-04-24,AA,7720,SAN,BOS,SAN-BOS,19:45,-9.0,-5.0,1,1,0,,0,245.0,1639,11,13,0.0,0.0,0.0,0.0,0.0,4,Wednesday
fl_0001629,2024-04-18,AA,1201,JFK,FLL,JFK-FLL,13:15,8.0,0.0,1,1,0,,0,231.0,1576,11,19,0.0,0.0,0.0,0.0,0.0,4,Thursday
fl_0001630,2024-01-21,AA,4162,MIA,MCO,MIA-MCO,11:45,10.0,14.0,1,1,0,,0,351.0,2479,11,12,0.0,0.0,0.0,0.0,0.0,1,Sunday
fl_0001631,2024-05-06,AA,4721,ATL,LAX,ATL-LAX,18:15,15.0,16.0,0,0,0,,0,128.0,905,31,16,7.6,5.6,0.8,1.8,0.2,5,Monday
fl_0001632,2024-06-14,UA,2400,LAS,BOS,LAS-BOS,12:45,13.0,10.0,1,1,0,,0,321.0,2358,28,9,0.0,0.0,0.0,0.0,0.0,6,Friday
fl_0001633,2024-05-27,B6,5699,SEA,PHX,SEA-PHX,16:30,-8.0,-8.0,1,1,0,,0,72.0,412,23,10,0.0,0.0,0.0,0.0,0.0,5,Monday
fl_0001634,2024-04-15,AA,4166,PHX,JFK,PHX-JFK,08:00,2.0,6.0,1,1,0,,0,149.0,1090,30,19,0.0,0.0,0.0,0.0,0.0,4,Monday
fl_0001635,2024-01-27,DL,1057,FLL,DTW,FLL-DTW,07:45,-3.0,-5.0,1,1,0,,0,161.0,1070,15,9,0.0,0.0,0.0,0.0,0.0,1,Saturday
fl_0001636,2024-02-03,UA,4330,FLL,JFK,FLL-JFK,22:45,-10.0,-20.0,1,1,0,,0,269.0,1811,11,15,0.0,0.0,0.0,0.0,0.0,2,Saturday
fl_0001637,2024-04-04,UA,5205,DFW,BWI,DFW-BWI,15:00,3.0,2.0,1,1,0,,0,305.0,2251,29,9,0.0,0.0,0.0,0.0,0.0,4,Thursday
fl_0001638,2024-01-06,DL,725,LAX,BWI,LAX-BWI,11:45,12.0,3.0,1,1,0,,0,73.0,456,30,14,0.0,0.0,0.0,0.0,0.0,1,Saturday
fl_0001639,2024-02-24,F9,4620,SEA,ATL,SEA-ATL,19:45,-15.0,-25.0,1,1,0,,0,174.0,1216,27,16,0.0,0.0,0.0,0.0,0.0,2,Saturday
fl_0001640,2024-05-19,DL,3116,SFO,JFK,SFO-JFK,20:45,2.0,1.0,1,1,0,,0,311.0,2249,16,14,0.0,0.0,0.0,0.0,0.0,5,Sunday
fl_0001641,2024-05-25,UA,1181,SAN,SEA,SAN-SEA,19:15,18.0,26.0,0,0,0,,0,265.0,1828,10,12,4.6,7.6,10.5,0.7,2.6,5,Saturday
fl_0001642,2024-02-14,AA,8030,CLT,LAX,CLT-LAX,09:45,-6.0,-4.0,1,1,0,,0,162.0,1202,27,18,0.0,0.0,0.0,0.0,0.0,2,Wednesday
fl_0001643,2024-01-28,UA,5124,MCO,LAS,MCO-LAS,16:30,-5.0,-14.0,1,1,0,,0,195.0,1464,12,19,0.0,0.0,0.0,0.0,0.0,1,Sunday
fl_0001644,2024-05-27,F9,5261,SEA,ORD,SEA-ORD,22:15,7.0,10.0,1,1,0,,0,46.0,254,15,12,0.0,0.0,0.0,0.0,0.0,5,Monday
fl_0001645,2024-02-19,DL,8781,CLT,LAS,CLT-LAS,09:15,3.0,-2.0,1,1,0,,0,332.0,2219,18,7,0.0,0.0,0.0,0.0,0.0,2,Monday
fl_0001646,2024-03-17,NK,387,IAH,EWR,IAH-EWR,13:00,-8.0,-12.0,1,1,0,,0,214.0,1419,32,14,0.0,0.0,0.0,0.0,0.0,3,Sunday
fl_0001647,2024-02-26,AA,8889,BWI,PHL,BWI-PHL,13:30,10.0,14.0,1,1,0,,0,232.0,1569,26,16,0.0,0.0,0.0,0.0,0.0,2,Monday
fl_0001648,2024-05-05,AA,1645,SFO,MSP,SFO-MSP,22:15,6.0,4.0,1,1,0,,0,318.0,2198,26,8,0.0,0.0,0.0,0.0,0.0,5,Sunday
fl_0001649,2024-01-07,WN,8156,SLC,ORD,SLC-ORD,11:30,11.0,15.0,0,1,0,,0,328.0,2555,22,8,0.0,0.0,0.0,0.0,0.0,1,Sunday
fl_0001650,2024-02-15,AA,7293,SLC,ORD,SLC-ORD,10:00,-15.0,-15.0,1,1,0,,0,115.0,721,11,17,0.0,0.0,0.0,0.0,0.0,2,Thursday
fl_0001651,2024-02-04,AA,4896,SFO,ORD,SFO-ORD,17:45,-10.0,-7.0,1,1,0,,0,74.0,451,26,8,0.0,0.0,0.0,0.0,0.0,2,Sunday
fl_0001652,2024-01-26,B6,1996,DEN,ORD,DEN-ORD,06:00,33.0,39.0,0,0,0,,0,334.0,2354,12,8,6.5,4.1,23.4,1.0,4.1,1,Friday
fl_0001653,2024-02-01,DL,6049,CLT,EWR,CLT-EWR,22:15,-5.0,-13.0,1,1,0,,0,233.0,1750,33,11,0.0,0.0,0.0,0.0,0.0,2,Thursday
fl_0001654,2024-05-14,DL,1626,IAH,LGA,IAH-LGA,15:30,-14.0,-22.0,1,1,0,,0,107.0,663,12,15,0.0,0.0,0.0,0.0,0.0,5,Tuesday
fl_0001655,2024-04-13,WN,8149,DFW,BWI,DFW-BWI,18:45,6.0,5.0,1,1,0,,0,99.0,624,30,12,0.0,0.0,0.0,0.0,0.0,4,Saturday
fl_0001656,2024-05-24,AA,5120,JFK,DFW,JFK-DFW,06:15,30.0,36.0,0,0,0,,0,311.0,2276,12,14,9.1,5.6,5.8,1.7,13.8,5,Friday
fl_0001657,2024-03-17,AA,6341,LAS,DTW,LAS-DTW,06:00,-12.0,-8.0,1,1,0,,0,88.0,580,28,19,0.0,0.0,0.0,0.0,0.0,3,Sunday
fl_0001658,2024-06-11,UA,142,ATL,MSP,ATL-MSP,13:45,8.0,8.0,1,1,0,,0,255.0,1935,27,5,0.0,0.0,0.0,0.0,0.0,6,Tuesday
fl_0001659,2024-04-01,WN,6046,MSP,PHL,MSP-PHL,12:30,-1.0,-8.0,1,1,0,,0,210.0,1371,19,11,0.0,0.0,0.0,0.0,0.0,4,Monday
fl_0001660,2024-04-23,G4,2398,MIA,LAS,MIA-LAS,08:45,10.0,5.0,1,1,0,,0,301.0,2286,31,17,0.0,0.0,0.0,0.0,0.0,4,Tuesday
fl_0001661,2024-01-27,UA,8665,ATL,SFO,ATL-SFO,12:15,-14.0,-15.0,1,1,0,,0,181.0,1299,28,7,0.0,0.0,0.0,0.0,0.0,1,Saturday
fl_0001662,2024-02-29,WN,3808,DEN,MIA,DEN-MIA,12:00,-6.0,-16.0,1,1,0,,0,188.0,1217,33,15,0.0,0.0,0.0,0.0,0.0,2,Thursday
fl_0001663,2024-02-12,NK,8322,BOS,JFK,BOS-JFK,13:00,8.0,-2.0,1,1,0,,0,232.0,1658,22,9,0.0,0.0,0.0,0.0,0.0,2,Monday
fl_0001664,2024-03-15,DL,7921,MSP,PHL,MSP-PHL,22:45,-4.0,-11.0,1,1,0,,0,240.0,1651,15,11,0.0,0.0,0.0,0.0,0.0,3,Friday
fl_0001665,2024-05-13,AA,8113,EWR,DFW,EWR-DFW,13:00,-14.0,-23.0,1,1,0,,0,229.0,1738,15,14,0.0,0.0,0.0,0.0,0.0,5,Monday
fl_0001666,2024-06-14,B6,3524,BOS,DEN,BOS-DEN,10:30,18.0,20.0,0,0,0,,0,256.0,1740,27,6,2.6,12.7,3.0,1.2,0.6,6,Friday
fl_0001667,2024-03-07,UA,5901,SEA,EWR,SEA-EWR,07:30,42.0,43.0,0,0,0,,0,353.0,2436,15,14,14.8,0.3,10.5,3.2,14.2,3,Thursday
fl_0001668,2024-03-01,NK,2514,MIA,IAH,MIA-IAH,10:00,7.0,9.0,1,1,0,,0,175.0,1197,19,10,0.0,0.0,0.0,0.0,0.0,3,Friday
fl_0001669,2024-01-27,WN,6719,SLC,SEA,SLC-SEA,17:15,13.0,17.0,0,1,0,,0,270.0,1799,19,14,0.0,0.0,0.0,0.0,0.0,1,Saturday
fl_0001670,2024-06-26,UA,4279,DEN,MIA,DEN-MIA,16:45,-10.0,-10.0,1,1,0,,0,169.0,1174,17,15,0.0,0.0,0.0,0.0,0.0,6,Wednesday
fl_0001671,2024-01-14,AA,4792,BWI,ORD,BWI-ORD,08:45,11.0,6.0,1,1,0,,0,341.0,2491,24,16,0.0,0.0,0.0,0.0,0.0,1,Sunday
fl_0001672,2024-02-11,UA,8608,LAX,SFO,LAX-SFO,13:45,6.0,-4.0,1,1,0,,0,258.0,1853,26,12,0.0,0.0,0.0,0.0,0.0,2,Sunday
fl_0001673,2024-04-16,UA,5031,CLT,BWI,CLT-BWI,22:15,-13.0,-11.0,1,1,0,,0,166.0,1137,28,19,0.0,0.0,0.0,0.0,0.0,4,Tuesday
fl_0001674,2024-01-17,WN,5649,MSP,JFK,MSP-JFK,14:00,-5.0,-3.0,1,1,0,,0,204.0,1415,26,8,0.0,0.0,0.0,0.0,0.0,1,Wednesday
fl_0001675,2024-02-21,HA,1129,MIA,IAD,MIA-IAD,17:30,3.0,-4.0,1,1,0,,0,130.0,891,10,6,0.0,0.0,0.0,0.0,0.0,2,Wednesday
fl_0001676,2024-01-22,DL,6665,LGA,MSP,LGA-MSP,18:45,24.0,26.0,0,0,0,,0,203.0,1451,20,7,1.7,1.2,1.5,14.3,7.3,1,Monday
fl_0001677,2024-06-11,HA,8945,PHL,JFK,PHL-JFK,19:00,-5.0,-6.0,1,1,0,,0,275.0,2083,20,8,0.0,0.0,0.0,0.0,0.0,6,Tuesday
fl_0001678,2024-01-06,WN,3377,PHL,FLL,PHL-FLL,21:30,-15.0,-19.0,1,1,0,,0,92.0,580,17,16,0.0,0.0,0.0,0.0,0.0,1,Saturday
fl_0001679,2024-02-19,AA,8237,DEN,MIA,DEN-MIA,14:30,-10.0,-9.0,1,1,0,,0,49.0,260,32,15,0.0,0.0,0.0,0.0,0.0,2,Monday
fl_0001680,2024-03-31,DL,5982,EWR,IAH,EWR-IAH,16:00,12.0,6.0,1,1,0,,0,139.0,974,28,6,0.0,0.0,0.0,0.0,0.0,3,Sunday
fl_0001681,2024-03-24,DL,1320,FLL,SLC,FLL-SLC,21:45,9.0,8.0,1,1,0,,0,230.0,1634,22,6,0.0,0.0,0.0,0.0,0.0,3,Sunday
fl_0001682,2024-04-22,WN,5533,PHX,MCO,PHX-MCO,21:00,6.0,7.0,1,1,0,,0,118.0,796,13,5,0.0,0.0,0.0,0.0,0.0,4,Monday
fl_0001683,2024-02-25,AA,557,PHX,MIA,PHX-MIA,08:30,,,0,0,1,Weather,0,137.0,864,30,5,0.0,0.0,0.0,0.0,0.0,2,Sunday
fl_0001684,2024-04-01,AA,7475,BWI,SLC,BWI-SLC,09:45,11.0,13.0,1,1,0,,0,157.0,1147,13,12,0.0,0.0,0.0,0.0,0.0,4,Monday
fl_0001685,2024-02-09,WN,7953,IAD,JFK,IAD-JFK,18:30,64.0,73.0,0,0,0,,0,238.0,1594,19,19,8.1,0.0,31.0,24.7,9.2,2,Friday
fl_0001686,2024-05-31,UA,7994,JFK,MCO,JFK-MCO,14:00,-8.0,-7.0,1,1,0,,0,308.0,2239,10,7,0.0,0.0,0.0,0.0,0.0,5,Friday
fl_0001687,2024-05-19,AA,4961,EWR,SEA,EWR-SEA,10:15,-1.0,-10.0,1,1,0,,0,196.0,1439,27,7,0.0,0.0,0.0,0.0,0.0,5,Sunday
fl_0001688,2024-06-07,AA,3068,DFW,SFO,DFW-SFO,07:00,63.0,68.0,0,0,0,,0,287.0,1969,10,17,1.4,7.4,24.3,25.2,9.6,6,Friday
fl_0001689,2024-01-29,AA,2555,BOS,SEA,BOS-SEA,19:00,5.0,-3.0,1,1,0,,0,207.0,1456,16,10,0.0,0.0,0.0,0.0,0.0,1,Monday
fl_0001690,2024-01-09,WN,1126,ORD,SAN,ORD-SAN,21:15,-1.0,-1.0,1,1,0,,0,169.0,1210,21,8,0.0,0.0,0.0,0.0,0.0,1,Tuesday
fl_0001691,2024-02-10,F9,1920,LAX,DTW,LAX-DTW,15:30,4.0,2.0,1,1,0,,0,199.0,1318,22,19,0.0,0.0,0.0,0.0,0.0,2,Saturday
fl_0001692,2024-01-25,UA,8656,DFW,IAH,DFW-IAH,22:45,0.0,1.0,1,1,0,,0,191.0,1322,12,13,0.0,0.0,0.0,0.0,0.0,1,Thursday
fl_0001693,2024-04-17,WN,3897,DFW,BOS,DFW-BOS,15:00,-4.0,-7.0,1,1,0,,0,274.0,1855,31,15,0.0,0.0,0.0,0.0,0.0,4,Wednesday
fl_0001694,2024-05-15,AA,5799,BWI,LAX,BWI-LAX,08:30,1.0,1.0,1,1,0,,0,167.0,1223,13,17,0.0,0.0,0.0,0.0,0.0,5,Wednesday
fl_0001695,2024-01-08,UA,5568,MSP,SAN,MSP-SAN,20:15,15.0,16.0,0,0,0,,0,255.0,1907,27,5,0.7,1.4,3.9,4.6,5.4,1,Monday
fl_0001696,2024-03-05,AA,2685,PHX,LAS,PHX-LAS,17:45,52.0,52.0,0,0,0,,0,193.0,1327,32,15,33.6,2.0,9.0,0.8,6.6,3,Tuesday
fl_0001697,2024-04-25,AS,620,LAS,IAD,LAS-IAD,18:00,6.0,4.0,1,1,0,,0,218.0,1620,30,16,0.0,0.0,0.0,0.0,0.0,4,Thursday
fl_0001698,2024-01-24,DL,4663,SEA,PHL,SEA-PHL,12:30,11.0,6.0,1,1,0,,0,216.0,1643,17,13,0.0,0.0,0.0,0.0,0.0,1,Wednesday
fl_0001699,2024-04-18,UA,3388,SLC,SFO,SLC-SFO,11:15,-9.0,-16.0,1,1,0,,0,200.0,1357,22,13,0.0,0.0,0.0,0.0,0.0,4,Thursday
fl_0001700,2024-02-19,WN,3859,IAD,SEA,IAD-SEA,21:45,13.0,4.0,1,1,0,,0,140.0,936,22,13,0.0,0.0,0.0,0.0,0.0,2,Monday
fl_0001701,2024-04-12,F9,8232,BOS,MCO,BOS-MCO,15:00,-14.0,-22.0,1,1,0,,0,198.0,1470,29,18,0.0,0.0,0.0,0.0,0.0,4,Friday
fl_0001702,2024-03-17,UA,2923,CLT,FLL,CLT-FLL,07:30,-4.0,-9.0,1,1,0,,0,187.0,1283,25,6,0.0,0.0,0.0,0.0,0.0,3,Sunday
fl_0001703,2024-03-27,WN,744,IAH,MCO,IAH-MCO,14:00,54.0,57.0,0,0,0,,0,159.0,1103,11,13,6.3,4.9,21.2,15.1,9.5,3,Wednesday
fl_0001704,2024-01-27,AA,2373,DTW,LGA,DTW-LGA,19:00,,,0,0,1,Weather,0,81.0,492,34,14,0.0,0.0,0.0,0.0,0.0,1,Saturday
fl_0001705,2024-02-21,DL,7975,BOS,EWR,BOS-EWR,09:45,57.0,65.0,0,0,0,,0,230.0,1755,27,7,6.5,12.8,10.7,13.5,21.6,2,Wednesday
fl_0001706,2024-06-01,WN,3691,LGA,SEA,LGA-SEA,10:30,11.0,6.0,1,1,0,,0,184.0,1188,30,5,0.0,0.0,0.0,0.0,0.0,6,Saturday
fl_0001707,2024-02-21,AS,5521,DFW,SLC,DFW-SLC,06:00,20.0,23.0,0,0,0,,0,168.0,1231,22,9,5.4,7.4,0.4,6.1,3.6,2,Wednesday
fl_0001708,2024-04-09,WN,2295,ATL,MCO,ATL-MCO,06:15,-15.0,-19.0,1,1,0,,0,129.0,895,16,10,0.0,0.0,0.0,0.0,0.0,4,Tuesday
fl_0001709,2024-02-18,WN,223,LAS,JFK,LAS-JFK,12:15,8.0,6.0,1,1,0,,0,253.0,1730,15,5,0.0,0.0,0.0,0.0,0.0,2,Sunday
fl_0001710,2024-01-20,HA,3227,IAH,MIA,IAH-MIA,13:00,-10.0,-11.0,1,1,0,,0,289.0,1969,27,18,0.0,0.0,0.0,0.0,0.0,1,Saturday
fl_0001711,2024-06-07,AA,6931,SLC,PHX,SLC-PHX,07:45,-13.0,-15.0,1,1,0,,0,231.0,1757,19,18,0.0,0.0,0.0,0.0,0.0,6,Friday
fl_0001712,2024-03-22,WN,3156,LAS,CLT,LAS-CLT,20:15,34.0,41.0,0,0,0,,0,349.0,2528,17,12,1.9,10.8,12.9,12.8,2.6,3,Friday
fl_0001713,2024-06-01,UA,4155,LGA,LAS,LGA-LAS,19:00,-3.0,-3.0,1,1,0,,0,323.0,2522,27,19,0.0,0.0,0.0,0.0,0.0,6,Saturday
fl_0001714,2024-03-24,AS,454,SEA,DFW,SEA-DFW,17:45,10.0,2.0,1,1,0,,0,301.0,2203,14,13,0.0,0.0,0.0,0.0,0.0,3,Sunday
fl_0001715,2024-01-03,F9,1430,PHX,BWI,PHX-BWI,14:00,-3.0,-9.0,1,1,0,,0,321.0,2278,21,6,0.0,0.0,0.0,0.0,0.0,1,Wednesday
fl_0001716,2024-04-06,B6,5671,LGA,SLC,LGA-SLC,07:00,-2.0,0.0,1,1,0,,0,75.0,445,28,9,0.0,0.0,0.0,0.0,0.0,4,Saturday
fl_0001717,2024-04-13,AA,6991,LAS,DFW,LAS-DFW,20:00,-3.0,-4.0,1,1,0,,0,173.0,1193,27,5,0.0,0.0,0.0,0.0,0.0,4,Saturday
fl_0001718,2024-01-19,AA,3911,SAN,SEA,SAN-SEA,07:00,21.0,25.0,0,0,0,,0,232.0,1562,10,8,4.9,0.8,4.4,6.7,8.3,1,Friday
fl_0001719,2024-03-24,WN,2175,DTW,SLC,DTW-SLC,21:45,33.0,38.0,0,0,0,,0,95.0,649,23,14,4.6,10.5,7.2,5.2,10.4,3,Sunday
fl_0001720,2024-04-19,UA,5441,ORD,MCO,ORD-MCO,20:45,10.0,0.0,1,1,0,,0,337.0,2557,28,8,0.0,0.0,0.0,0.0,0.0,4,Friday
fl_0001721,2024-06-21,DL,8887,ATL,MCO,ATL-MCO,18:45,-8.0,-7.0,1,1,0,,0,344.0,2449,25,6,0.0,0.0,0.0,0.0,0.0,6,Friday
fl_0001722,2024-03-03,DL,2854,IAD,DEN,IAD-DEN,20:45,-15.0,-24.0,1,1,0,,0,195.0,1282,33,19,0.0,0.0,0.0,0.0,0.0,3,Sunday
fl_0001723,2024-02-19,AA,1750,SFO,DFW,SFO-DFW,21:00,12.0,4.0,1,1,0,,0,346.0,2583,24,15,0.0,0.0,0.0,0.0,0.0,2,Monday
fl_0001724,2024-01-31,F9,7216,SEA,BWI,SEA-BWI,19:30,-15.0,-19.0,1,1,0,,0,364.0,2578,21,5,0.0,0.0,0.0,0.0,0.0,1,Wednesday
fl_0001725,2024-06-14,UA,7447,CLT,EWR,CLT-EWR,07:15,-15.0,-17.0,1,1,0,,0,287.0,1953,26,5,0.0,0.0,0.0,0.0,0.0,6,Friday
fl_0001726,2024-03-31,UA,6812,BWI,SAN,BWI-SAN,16:15,5.0,9.0,1,1,0,,0,197.0,1392,20,6,0.0,0.0,0.0,0.0,0.0,3,Sunday
fl_0001727,2024-01-08,NK,7169,FLL,BOS,FLL-BOS,08:00,-3.0,-10.0,1,1,0,,0,113.0,750,20,17,0.0,0.0,0.0,0.0,0.0,1,Monday
fl_0001728,2024-03-04,HA,8633,SAN,PHX,SAN-PHX,19:30,-2.0,-7.0,1,1,0,,0,145.0,934,11,5,0.0,0.0,0.0,0.0,0.0,3,Monday
fl_0001729,2024-02-21,G4,628,PHX,DTW,PHX-DTW,11:45,-3.0,-9.0,1,1,0,,0,124.0,877,15,13,0.0,0.0,0.0,0.0,0.0,2,Wednesday
fl_0001730,2024-04-03,B6,2084,SEA,JFK,SEA-JFK,06:30,-15.0,-25.0,1,1,0,,0,221.0,1447,10,6,0.0,0.0,0.0,0.0,0.0,4,Wednesday
fl_0001731,2024-05-10,AA,1257,DTW,MCO,DTW-MCO,17:15,6.0,10.0,1,1,0,,0,239.0,1831,30,17,0.0,0.0,0.0,0.0,0.0,5,Friday
fl_0001732,2024-02-20,WN,8028,DEN,MCO,DEN-MCO,19:15,1.0,4.0,1,1,0,,0,231.0,1519,17,13,0.0,0.0,0.0,0.0,0.0,2,Tuesday
fl_0001733,2024-03-07,UA,6526,SEA,BWI,SEA-BWI,22:15,-13.0,-11.0,1,1,0,,0,267.0,1915,26,12,0.0,0.0,0.0,0.0,0.0,3,Thursday
fl_0001734,2024-06-28,WN,5843,SEA,DFW,SEA-DFW,14:15,-10.0,-14.0,1,1,0,,0,182.0,1338,26,19,0.0,0.0,0.0,0.0,0.0,6,Friday
fl_0001735,2024-03-14,DL,8665,SEA,LAS,SEA-LAS,20:00,4.0,,0,1,0,,1,203.0,1499,21,16,0.0,45.0,20.0,0.0,0.0,3,Thursday
fl_0001736,2024-04-25,G4,8454,LAS,SAN,LAS-SAN,13:30,-13.0,-20.0,1,1,0,,0,234.0,1693,24,10,0.0,0.0,0.0,0.0,0.0,4,Thursday
fl_0001737,2024-02-16,AA,3917,SEA,FLL,SEA-FLL,13:00,-3.0,-4.0,1,1,0,,0,129.0,911,25,13,0.0,0.0,0.0,0.0,0.0,2,Friday
fl_0001738,2024-01-10,WN,5872,SLC,IAH,SLC-IAH,08:00,11.0,4.0,1,1,0,,0,87.0,563,16,15,0.0,0.0,0.0,0.0,0.0,1,Wednesday
fl_0001739,2024-01-23,F9,1177,CLT,PHL,CLT-PHL,17:15,-15.0,-15.0,1,1,0,,0,275.0,2028,17,19,0.0,0.0,0.0,0.0,0.0,1,Tuesday
fl_0001740,2024-02-15,DL,3431,IAH,LAS,IAH-LAS,07:30,0.0,-10.0,1,1,0,,0,107.0,689,15,6,0.0,0.0,0.0,0.0,0.0,2,Thursday
fl_0001741,2024-06-17,DL,727,BWI,SLC,BWI-SLC,20:00,51.0,59.0,0,0,0,,0,308.0,2227,31,9,4.2,30.4,4.0,11.5,8.8,6,Monday
fl_0001742,2024-04-21,WN,5094,DEN,SAN,DEN-SAN,09:30,13.0,5.0,1,1,0,,0,59.0,325,27,17,0.0,0.0,0.0,0.0,0.0,4,Sunday
fl_0001743,2024-01-24,AA,7136,SAN,DTW,SAN-DTW,22:15,-3.0,-9.0,1,1,0,,0,258.0,1948,15,8,0.0,0.0,0.0,0.0,0.0,1,Wednesday
fl_0001744,2024-03-18,AA,4458,CLT,ORD,CLT-ORD,15:45,23.0,,0,0,0,,1,104.0,686,13,14,0.0,45.0,20.0,0.0,0.0,3,Monday
fl_0001745,2024-03-04,AS,5149,JFK,SAN,JFK-SAN,09:45,63.0,69.0,0,0,0,,0,117.0,815,17,14,6.1,4.6,20.9,12.3,25.1,3,Monday
fl_0001746,2024-06-20,WN,1731,PHX,DTW,PHX-DTW,13:15,-8.0,-13.0,1,1,0,,0,62.0,387,15,5,0.0,0.0,0.0,0.0,0.0,6,Thursday
fl_0001747,2024-01-22,UA,1781,IAD,IAH,IAD-IAH,13:45,1.0,-4.0,1,1,0,,0,324.0,2395,27,19,0.0,0.0,0.0,0.0,0.0,1,Monday
fl_0001748,2024-01-18,NK,7579,JFK,BWI,JFK-BWI,10:45,1.0,3.0,1,1,0,,0,367.0,2508,28,13,0.0,0.0,0.0,0.0,0.0,1,Thursday
fl_0001749,2024-04-07,WN,8636,CLT,DEN,CLT-DEN,18:15,-12.0,-11.0,1,1,0,,0,174.0,1217,31,9,0.0,0.0,0.0,0.0,0.0,4,Sunday
fl_0001750,2024-04-18,NK,7041,MSP,PHL,MSP-PHL,08:45,1.0,5.0,1,1,0,,0,376.0,2530,13,13,0.0,0.0,0.0,0.0,0.0,4,Thursday
fl_0001751,2024-03-21,B6,2961,EWR,IAD,EWR-IAD,22:45,-15.0,-14.0,1,1,0,,0,62.0,346,22,18,0.0,0.0,0.0,0.0,0.0,3,Thursday
fl_0001752,2024-04-01,DL,1453,LAX,BOS,LAX-BOS,22:15,-3.0,-6.0,1,1,0,,0,349.0,2413,13,6,0.0,0.0,0.0,0.0,0.0,4,Monday
fl_0001753,2024-03-18,HA,1314,MCO,SEA,MCO-SEA,15:00,100.0,100.0,0,0,0,,0,272.0,1817,10,14,4.6,5.6,55.4,27.3,7.1,3,Monday
fl_0001754,2024-01-13,AA,4428,DFW,LAX,DFW-LAX,06:15,-5.0,-13.0,1,1,0,,0,214.0,1481,26,6,0.0,0.0,0.0,0.0,0.0,1,Saturday
fl_0001755,2024-04-15,WN,8069,FLL,SAN,FLL-SAN,07:00,-4.0,-12.0,1,1,0,,0,230.0,1765,19,5,0.0,0.0,0.0,0.0,0.0,4,Monday
fl_0001756,2024-01-28,WN,4908,PHL,CLT,PHL-CLT,18:30,76.0,85.0,0,0,0,,0,209.0,1556,11,15,29.1,3.7,2.0,20.1,30.1,1,Sunday
fl_0001757,2024-02-13,AA,3049,PHL,SAN,PHL-SAN,13:00,,,0,0,1,Weather,0,333.0,2376,13,19,0.0,0.0,0.0,0.0,0.0,2,Tuesday
fl_0001758,2024-03-25,AS,8934,BWI,DEN,BWI-DEN,06:15,8.0,6.0,1,1,0,,0,325.0,2377,32,10,0.0,0.0,0.0,0.0,0.0,3,Monday
fl_0001759,2024-05-24,AS,1147,SLC,ORD,SLC-ORD,13:15,30.0,35.0,0,0,0,,0,245.0,1728,33,6,7.1,8.6,0.9,12.1,6.3,5,Friday
fl_0001760,2024-02-19,UA,6052,LAS,DTW,LAS-DTW,08:30,-14.0,-23.0,1,1,0,,0,197.0,1341,17,10,0.0,0.0,0.0,0.0,0.0,2,Monday
fl_0001761,2024-02-16,WN,6612,SFO,SLC,SFO-SLC,11:15,8.0,0.0,1,1,0,,0,283.0,2163,28,10,0.0,0.0,0.0,0.0,0.0,2,Friday
fl_0001762,2024-04-05,DL,118,FLL,DEN,FLL-DEN,07:00,0.0,-9.0,1,1,0,,0,277.0,1949,10,15,0.0,0.0,0.0,0.0,0.0,4,Friday
fl_0001763,2024-05-12,UA,3358,LAX,LAS,LAX-LAS,07:00,117.0,122.0,0,0,0,,0,86.0,578,26,17,63.1,23.5,9.6,10.3,15.5,5,Sunday
fl_0001764,2024-02-27,AA,8228,MIA,ORD,MIA-ORD,07:15,105.0,112.0,0,0,0,,0,253.0,1876,18,17,27.3,7.1,65.9,3.8,7.8,2,Tuesday
fl_0001765,2024-01-05,AA,7689,LGA,ATL,LGA-ATL,11:15,12.0,17.0,0,1,0,,0,76.0,460,34,14,2.4,2.8,0.7,2.6,8.5,1,Friday
fl_0001766,2024-06-05,UA,8570,DFW,PHX,DFW-PHX,15:00,-4.0,-6.0,1,1,0,,0,318.0,2324,27,12,0.0,0.0,0.0,0.0,0.0,6,Wednesday
fl_0001767,2024-02-07,WN,4895,JFK,EWR,JFK-EWR,09:00,-11.0,-7.0,1,1,0,,0,361.0,2497,23,9,0.0,0.0,0.0,0.0,0.0,2,Wednesday
fl_0001768,2024-01-25,UA,3135,IAH,EWR,IAH-EWR,22:00,-4.0,0.0,1,1,0,,0,283.0,1927,32,17,0.0,0.0,0.0,0.0,0.0,1,Thursday
fl_0001769,2024-05-16,UA,1227,SLC,LAX,SLC-LAX,19:30,-4.0,0.0,1,1,0,,0,151.0,984,28,6,0.0,0.0,0.0,0.0,0.0,5,Thursday
fl_0001770,2024-02-19,DL,1082,BOS,DFW,BOS-DFW,19:00,10.0,3.0,1,1,0,,0,329.0,2570,28,16,0.0,0.0,0.0,0.0,0.0,2,Monday
fl_0001771,2024-02-09,NK,3909,FLL,ORD,FLL-ORD,13:30,-4.0,-1.0,1,1,0,,0,298.0,2082,30,16,0.0,0.0,0.0,0.0,0.0,2,Friday
fl_0001772,2024-05-26,AA,2027,IAH,BWI,IAH-BWI,13:15,23.0,30.0,0,0,0,,0,73.0,445,25,19,10.4,2.1,1.1,1.7,14.7,5,Sunday
fl_0001773,2024-01-19,DL,3974,SEA,EWR,SEA-EWR,12:45,19.0,23.0,0,0,0,,0,182.0,1285,28,14,4.3,0.3,7.9,8.4,2.1,1,Friday
fl_0001774,2024-03-07,DL,8729,IAH,LAS,IAH-LAS,22:00,-8.0,-6.0,1,1,0,,0,264.0,2023,30,13,0.0,0.0,0.0,0.0,0.0,3,Thursday
fl_0001775,2024-06-12,UA,5638,EWR,DFW,EWR-DFW,19:30,-15.0,-15.0,1,1,0,,0,320.0,2411,18,16,0.0,0.0,0.0,0.0,0.0,6,Wednesday
fl_0001776,2024-05-18,NK,5011,DEN,JFK,DEN-JFK,08:15,-5.0,-2.0,1,1,0,,0,255.0,1736,33,8,0.0,0.0,0.0,0.0,0.0,5,Saturday
fl_0001777,2024-02-07,DL,3395,SAN,ORD,SAN-ORD,07:00,-5.0,-12.0,1,1,0,,0,261.0,1845,32,11,0.0,0.0,0.0,0.0,0.0,2,Wednesday
fl_0001778,2024-03-18,DL,3947,MCO,IAD,MCO-IAD,18:45,-14.0,-17.0,1,1,0,,0,141.0,893,27,7,0.0,0.0,0.0,0.0,0.0,3,Monday
fl_0001779,2024-06-05,AA,562,DEN,EWR,DEN-EWR,08:15,-4.0,-12.0,1,1,0,,0,51.0,286,31,6,0.0,0.0,0.0,0.0,0.0,6,Wednesday
fl_0001780,2024-04-07,G4,8383,MIA,LAX,MIA-LAX,08:15,86.0,91.0,0,0,0,,0,142.0,1002,29,10,1.3,44.3,7.0,38.3,0.0,4,Sunday
fl_0001781,2024-06-26,UA,8980,LAX,BOS,LAX-BOS,12:00,-4.0,-13.0,1,1,0,,0,200.0,1372,23,9,0.0,0.0,0.0,0.0,0.0,6,Wednesday
fl_0001782,2024-04-09,B6,5281,DFW,PHL,DFW-PHL,13:15,-11.0,-18.0,1,1,0,,0,224.0,1713,32,9,0.0,0.0,0.0,0.0,0.0,4,Tuesday
fl_0001783,2024-02-29,AA,6492,ATL,DTW,ATL-DTW,15:00,-8.0,-13.0,1,1,0,,0,334.0,2440,10,14,0.0,0.0,0.0,0.0,0.0,2,Thursday
fl_0001784,2024-04-18,WN,8123,ATL,FLL,ATL-FLL,07:15,2.0,2.0,1,1,0,,0,142.0,1015,34,5,0.0,0.0,0.0,0.0,0.0,4,Thursday
fl_0001785,2024-05-25,WN,7896,LAX,SEA,LAX-SEA,14:00,-8.0,-8.0,1,1,0,,0,329.0,2549,30,5,0.0,0.0,0.0,0.0,0.0,5,Saturday
fl_0001786,2024-04-30,F9,6062,ATL,PHL,ATL-PHL,09:30,-4.0,-9.0,1,1,0,,0,126.0,780,28,16,0.0,0.0,0.0,0.0,0.0,4,Tuesday
fl_0001787,2024-01-28,HA,2147,DFW,SLC,DFW-SLC,12:45,5.0,4.0,1,1,0,,0,287.0,2048,28,16,0.0,0.0,0.0,0.0,0.0,1,Sunday
fl_0001788,2024-06-17,AS,2330,BWI,CLT,BWI-CLT,10:15,12.0,14.0,1,1,0,,0,289.0,1978,34,15,0.0,0.0,0.0,0.0,0.0,6,Monday
fl_0001789,2024-01-21,AA,1765,DEN,IAD,DEN-IAD,11:15,-15.0,-23.0,1,1,0,,0,344.0,2353,19,6,0.0,0.0,0.0,0.0,0.0,1,Sunday
fl_0001790,2024-04-07,WN,791,IAH,SEA,IAH-SEA,13:30,10.0,12.0,1,1,0,,0,153.0,1126,27,13,0.0,0.0,0.0,0.0,0.0,4,Sunday
fl_0001791,2024-05-03,UA,8391,SLC,CLT,SLC-CLT,10:45,0.0,-5.0,1,1,0,,0,260.0,1752,26,12,0.0,0.0,0.0,0.0,0.0,5,Friday
fl_0001792,2024-03-08,UA,7398,IAD,IAH,IAD-IAH,07:15,-4.0,-5.0,1,1,0,,0,311.0,2157,14,8,0.0,0.0,0.0,0.0,0.0,3,Friday
fl_0001793,2024-06-18,DL,8399,IAH,LGA,IAH-LGA,14:30,70.0,74.0,0,0,0,,0,316.0,2348,23,12,27.2,10.7,15.8,9.4,10.8,6,Tuesday
fl_0001794,2024-05-28,DL,1706,MIA,ORD,MIA-ORD,07:30,5.0,5.0,1,1,0,,0,340.0,2356,28,16,0.0,0.0,0.0,0.0,0.0,5,Tuesday
fl_0001795,2024-03-11,WN,4120,PHX,BWI,PHX-BWI,09:30,85.0,93.0,0,0,0,,0,242.0,1743,19,16,3.7,34.9,4.6,47.9,1.8,3,Monday
fl_0001796,2024-06-12,WN,4423,EWR,LAS,EWR-LAS,12:30,-3.0,-2.0,1,1,0,,0,302.0,2131,31,6,0.0,0.0,0.0,0.0,0.0,6,Wednesday
fl_0001797,2024-06-08,DL,4929,MIA,JFK,MIA-JFK,18:15,-4.0,-7.0,1,1,0,,0,211.0,1546,11,5,0.0,0.0,0.0,0.0,0.0,6,Saturday
fl_0001798,2024-01-22,UA,1950,LGA,SAN,LGA-SAN,07:15,-7.0,-10.0,1,1,0,,0,185.0,1336,16,12,0.0,0.0,0.0,0.0,0.0,1,Monday
fl_0001799,2024-05-17,DL,6677,EWR,LGA,EWR-LGA,15:30,-10.0,-19.0,1,1,0,,0,68.0,407,17,10,0.0,0.0,0.0,0.0,0.0,5,Friday
fl_0001800,2024-02-28,UA,4324,IAH,LAS,IAH-LAS,08:30,16.0,20.0,0,0,0,,0,127.0,912,26,5,1.8,2.8,3.0,3.5,8.9,2,Wednesday
fl_0001801,2024-04-20,WN,4416,SFO,MSP,SFO-MSP,15:00,-8.0,-13.0,1,1,0,,0,328.0,2438,23,14,0.0,0.0,0.0,0.0,0.0,4,Saturday
fl_0001802,2024-06-16,DL,2735,SLC,EWR,SLC-EWR,07:00,-4.0,0.0,1,1,0,,0,172.0,1220,32,14,0.0,0.0,0.0,0.0,0.0,6,Sunday
fl_0001803,2024-05-31,DL,4592,SLC,BOS,SLC-BOS,22:30,10.0,4.0,1,1,0,,0,341.0,2356,27,12,0.0,0.0,0.0,0.0,0.0,5,Friday
fl_0001804,2024-06-19,DL,4519,SLC,SFO,SLC-SFO,09:30,7.0,-3.0,1,1,0,,0,339.0,2550,16,8,0.0,0.0,0.0,0.0,0.0,6,Wednesday
fl_0001805,2024-06-07,DL,5400,DTW,DEN,DTW-DEN,06:30,-1.0,-6.0,1,1,0,,0,183.0,1373,19,15,0.0,0.0,0.0,0.0,0.0,6,Friday
fl_0001806,2024-03-17,AA,5816,BOS,SEA,BOS-SEA,06:15,-14.0,-22.0,1,1,0,,0,188.0,1280,22,12,0.0,0.0,0.0,0.0,0.0,3,Sunday
fl_0001807,2024-03-08,HA,5036,BWI,ORD,BWI-ORD,14:15,-13.0,-15.0,1,1,0,,0,128.0,816,25,19,0.0,0.0,0.0,0.0,0.0,3,Friday
fl_0001808,2024-03-12,AA,4663,CLT,ORD,CLT-ORD,06:45,-14.0,-15.0,1,1,0,,0,308.0,2117,23,16,0.0,0.0,0.0,0.0,0.0,3,Tuesday
fl_0001809,2024-05-15,UA,7689,DEN,MSP,DEN-MSP,13:15,-6.0,-12.0,1,1,0,,0,339.0,2322,23,18,0.0,0.0,0.0,0.0,0.0,5,Wednesday
fl_0001810,2024-04-18,UA,5176,MSP,LAS,MSP-LAS,22:45,-6.0,-2.0,1,1,0,,0,333.0,2455,25,6,0.0,0.0,0.0,0.0,0.0,4,Thursday
fl_0001811,2024-02-07,F9,8286,IAD,DEN,IAD-DEN,20:30,1.0,0.0,1,1,0,,0,136.0,965,12,7,0.0,0.0,0.0,0.0,0.0,2,Wednesday
fl_0001812,2024-02-08,B6,8177,PHX,LAS,PHX-LAS,10:30,49.0,52.0,0,0,0,,0,121.0,756,31,6,13.7,7.5,17.1,6.5,7.3,2,Thursday
fl_0001813,2024-06-27,UA,8182,LAX,LAS,LAX-LAS,15:30,-13.0,-23.0,1,1,0,,0,274.0,2102,24,18,0.0,0.0,0.0,0.0,0.0,6,Thursday
fl_0001814,2024-02-04,WN,322,SLC,LAS,SLC-LAS,14:00,12.0,13.0,1,1,0,,0,54.0,279,21,11,0.0,0.0,0.0,0.0,0.0,2,Sunday
fl_0001815,2024-06-25,DL,1783,IAD,BWI,IAD-BWI,22:00,-14.0,-24.0,1,1,0,,0,87.0,551,19,5,0.0,0.0,0.0,0.0,0.0,6,Tuesday
fl_0001816,2024-05-26,UA,4842,ORD,MSP,ORD-MSP,22:00,9.0,7.0,1,1,0,,0,225.0,1675,20,12,0.0,0.0,0.0,0.0,0.0,5,Sunday
fl_0001817,2024-04-25,F9,1663,LGA,SLC,LGA-SLC,08:30,1.0,-6.0,1,1,0,,0,188.0,1395,33,11,0.0,0.0,0.0,0.0,0.0,4,Thursday
fl_0001818,2024-03-07,B6,8342,MSP,BOS,MSP-BOS,12:15,24.0,,0,0,0,,1,82.0,520,29,9,0.0,45.0,20.0,0.0,0.0,3,Thursday
fl_0001819,2024-03-09,AA,1853,SLC,LAX,SLC-LAX,11:00,3.0,4.0,1,1,0,,0,136.0,931,21,7,0.0,0.0,0.0,0.0,0.0,3,Saturday
fl_0001820,2024-01-23,AA,6156,PHX,DFW,PHX-DFW,20:30,61.0,66.0,0,0,0,,0,173.0,1149,26,5,4.7,18.1,25.4,6.5,11.3,1,Tuesday
fl_0001821,2024-06-24,WN,6898,CLT,SFO,CLT-SFO,09:00,3.0,-2.0,1,1,0,,0,94.0,597,20,14,0.0,0.0,0.0,0.0,0.0,6,Monday
fl_0001822,2024-06-24,G4,3935,SFO,MSP,SFO-MSP,19:00,-14.0,-18.0,1,1,0,,0,102.0,708,23,6,0.0,0.0,0.0,0.0,0.0,6,Monday
fl_0001823,2024-06-02,UA,1131,SFO,PHL,SFO-PHL,07:45,,,0,0,1,Weather,0,312.0,2177,17,16,0.0,0.0,0.0,0.0,0.0,6,Sunday
fl_0001824,2024-06-23,G4,3769,SEA,ORD,SEA-ORD,07:00,0.0,-5.0,1,1,0,,0,183.0,1216,31,8,0.0,0.0,0.0,0.0,0.0,6,Sunday
fl_0001825,2024-04-10,AS,851,SLC,LGA,SLC-LGA,21:30,-8.0,-16.0,1,1,0,,0,374.0,2514,15,17,0.0,0.0,0.0,0.0,0.0,4,Wednesday
fl_0001826,2024-01-13,AA,745,LAX,JFK,LAX-JFK,12:30,7.0,-2.0,1,1,0,,0,184.0,1386,10,10,0.0,0.0,0.0,0.0,0.0,1,Saturday
fl_0001827,2024-05-17,B6,7960,BWI,MIA,BWI-MIA,08:45,-3.0,-1.0,1,1,0,,0,316.0,2355,32,9,0.0,0.0,0.0,0.0,0.0,5,Friday
fl_0001828,2024-03-07,B6,2901,PHX,LAS,PHX-LAS,11:30,18.0,27.0,0,0,0,,0,240.0,1731,12,15,11.5,8.9,3.6,0.7,2.4,3,Thursday
fl_0001829,2024-02-24,AA,4634,IAH,MIA,IAH-MIA,08:45,80.0,87.0,0,0,0,,0,117.0,782,19,11,3.4,23.7,27.9,20.7,11.2,2,Saturday
fl_0001830,2024-01-06,DL,3923,SEA,PHL,SEA-PHL,15:30,-15.0,-25.0,1,1,0,,0,267.0,1895,34,7,0.0,0.0,0.0,0.0,0.0,1,Saturday
fl_0001831,2024-04-23,AA,463,FLL,LAS,FLL-LAS,19:30,-14.0,-19.0,1,1,0,,0,366.0,2599,31,8,0.0,0.0,0.0,0.0,0.0,4,Tuesday
fl_0001832,2024-05-25,DL,2838,DEN,LAX,DEN-LAX,08:15,155.0,164.0,0,0,0,,0,295.0,2035,28,15,66.5,29.4,1.4,16.1,50.5,5,Saturday
fl_0001833,2024-04-23,B6,758,SFO,SLC,SFO-SLC,11:15,-10.0,-8.0,1,1,0,,0,188.0,1350,24,10,0.0,0.0,0.0,0.0,0.0,4,Tuesday
fl_0001834,2024-01-10,UA,1494,DEN,MIA,DEN-MIA,15:15,7.0,11.0,1,1,0,,0,323.0,2493,13,12,0.0,0.0,0.0,0.0,0.0,1,Wednesday
fl_0001835,2024-06-13,HA,7969,SLC,FLL,SLC-FLL,12:15,2.0,-8.0,1,1,0,,0,210.0,1588,20,8,0.0,0.0,0.0,0.0,0.0,6,Thursday
fl_0001836,2024-06-12,WN,1522,IAD,LAX,IAD-LAX,15:00,-2.0,-2.0,1,1,0,,0,276.0,2045,21,8,0.0,0.0,0.0,0.0,0.0,6,Wednesday
fl_0001837,2024-04-25,WN,3866,DEN,PHX,DEN-PHX,10:00,5.0,2.0,1,1,0,,0,131.0,891,19,18,0.0,0.0,0.0,0.0,0.0,4,Thursday
fl_0001838,2024-04-13,DL,2196,MIA,DTW,MIA-DTW,17:00,-10.0,-14.0,1,1,0,,0,258.0,1730,12,16,0.0,0.0,0.0,0.0,0.0,4,Saturday
fl_0001839,2024-02-26,AA,2036,CLT,DEN,CLT-DEN,06:00,-1.0,-11.0,1,1,0,,0,365.0,2526,15,14,0.0,0.0,0.0,0.0,0.0,2,Monday
fl_0001840,2024-05-27,UA,2025,JFK,SAN,JFK-SAN,20:30,-1.0,0.0,1,1,0,,0,71.0,395,22,7,0.0,0.0,0.0,0.0,0.0,5,Monday
fl_0001841,2024-03-03,UA,805,MSP,SFO,MSP-SFO,11:30,-14.0,-22.0,1,1,0,,0,85.0,494,21,10,0.0,0.0,0.0,0.0,0.0,3,Sunday
fl_0001842,2024-06-24,AS,3502,ATL,BWI,ATL-BWI,07:00,30.0,32.0,0,0,0,,0,123.0,755,15,10,2.6,3.9,21.7,1.6,2.3,6,Monday
fl_0001843,2024-06-25,UA,6456,DTW,BWI,DTW-BWI,18:00,-2.0,-3.0,1,1,0,,0,194.0,1324,21,16,0.0,0.0,0.0,0.0,0.0,6,Tuesday
fl_0001844,2024-01-08,UA,6428,FLL,ATL,FLL-ATL,18:30,1.0,-8.0,1,1,0,,0,154.0,1000,19,8,0.0,0.0,0.0,0.0,0.0,1,Monday
fl_0001845,2024-05-19,UA,4489,DEN,SFO,DEN-SFO,21:00,9.0,13.0,1,1,0,,0,162.0,1056,24,12,0.0,0.0,0.0,0.0,0.0,5,Sunday
fl_0001846,2024-06-28,WN,544,PHX,JFK,PHX-JFK,21:00,-12.0,-21.0,1,1,0,,0,134.0,863,13,11,0.0,0.0,0.0,0.0,0.0,6,Friday
fl_0001847,2024-02-20,UA,5119,MCO,ATL,MCO-ATL,07:15,20.0,,0,0,0,,1,189.0,1413,31,19,0.0,45.0,20.0,0.0,0.0,2,Tuesday
fl_0001848,2024-04-06,DL,3045,PHL,LAX,PHL-LAX,06:45,10.0,0.0,1,1,0,,0,71.0,402,22,19,0.0,0.0,0.0,0.0,0.0,4,Saturday
fl_0001849,2024-02-15,AA,8568,LGA,BOS,LGA-BOS,20:00,-12.0,-17.0,1,1,0,,0,89.0,590,21,18,0.0,0.0,0.0,0.0,0.0,2,Thursday
fl_0001850,2024-04-19,WN,2272,BOS,IAD,BOS-IAD,19:30,16.0,17.0,0,0,0,,0,189.0,1413,23,8,5.7,0.3,1.3,1.4,8.3,4,Friday
fl_0001851,2024-01-29,AA,7275,LAX,LAS,LAX-LAS,18:15,-2.0,-4.0,1,1,0,,0,220.0,1633,15,12,0.0,0.0,0.0,0.0,0.0,1,Monday
fl_0001852,2024-03-06,HA,2826,DFW,LAS,DFW-LAS,10:45,10.0,6.0,1,1,0,,0,191.0,1434,31,6,0.0,0.0,0.0,0.0,0.0,3,Wednesday
fl_0001853,2024-04-08,AA,4487,LAS,CLT,LAS-CLT,16:15,3.0,1.0,1,1,0,,0,286.0,1907,18,10,0.0,0.0,0.0,0.0,0.0,4,Monday
fl_0001854,2024-05-03,AA,7032,DEN,IAD,DEN-IAD,06:00,-12.0,-22.0,1,1,0,,0,197.0,1298,32,6,0.0,0.0,0.0,0.0,0.0,5,Friday
fl_0001855,2024-04-28,WN,7763,MIA,DFW,MIA-DFW,22:45,92.0,101.0,0,0,0,,0,322.0,2218,20,10,8.1,12.1,46.9,6.8,27.1,4,Sunday
fl_0001856,2024-05-27,WN,1550,SAN,SFO,SAN-SFO,14:15,-5.0,-10.0,1,1,0,,0,207.0,1464,23,6,0.0,0.0,0.0,0.0,0.0,5,Monday
fl_0001857,2024-06-11,DL,3941,SEA,SAN,SEA-SAN,20:30,6.0,9.0,1,1,0,,0,350.0,2377,28,8,0.0,0.0,0.0,0.0,0.0,6,Tuesday
fl_0001858,2024-06-28,DL,6330,LAX,FLL,LAX-FLL,07:30,76.0,77.0,0,0,0,,0,379.0,2576,33,8,24.4,14.6,28.3,0.7,9.1,6,Friday
fl_0001859,2024-02-03,DL,492,MSP,ATL,MSP-ATL,21:30,40.0,40.0,0,0,0,,0,238.0,1563,13,5,16.3,4.2,9.5,0.2,9.9,2,Saturday
fl_0001860,2024-04-12,F9,1724,CLT,ATL,CLT-ATL,20:30,-15.0,-20.0,1,1,0,,0,189.0,1353,28,17,0.0,0.0,0.0,0.0,0.0,4,Friday
fl_0001861,2024-04-10,DL,7074,EWR,ORD,EWR-ORD,16:15,10.0,,0,1,0,,1,74.0,473,34,13,0.0,45.0,20.0,0.0,0.0,4,Wednesday
fl_0001862,2024-01-02,DL,5076,SLC,MIA,SLC-MIA,06:15,-2.0,0.0,1,1,0,,0,188.0,1231,21,17,0.0,0.0,0.0,0.0,0.0,1,Tuesday
fl_0001863,2024-06-05,AA,6564,PHL,MSP,PHL-MSP,19:15,11.0,14.0,1,1,0,,0,376.0,2578,21,6,0.0,0.0,0.0,0.0,0.0,6,Wednesday
fl_0001864,2024-01-11,HA,7250,BWI,DFW,BWI-DFW,07:00,48.0,51.0,0,0,0,,0,201.0,1494,29,17,0.4,2.8,1.7,0.5,45.6,1,Thursday
fl_0001865,2024-05-21,AA,1881,SFO,ORD,SFO-ORD,14:30,11.0,2.0,1,1,0,,0,59.0,356,23,5,0.0,0.0,0.0,0.0,0.0,5,Tuesday
fl_0001866,2024-05-26,AS,8767,FLL,MIA,FLL-MIA,19:30,-1.0,-11.0,1,1,0,,0,146.0,929,23,14,0.0,0.0,0.0,0.0,0.0,5,Sunday
fl_0001867,2024-05-30,DL,6453,SFO,DTW,SFO-DTW,21:00,137.0,141.0,0,0,0,,0,198.0,1436,22,6,45.7,38.3,3.6,35.1,18.4,5,Thursday
fl_0001868,2024-05-30,DL,2333,LAS,IAH,LAS-IAH,16:00,-3.0,-12.0,1,1,0,,0,131.0,920,20,13,0.0,0.0,0.0,0.0,0.0,5,Thursday
fl_0001869,2024-04-30,AA,4755,MSP,IAD,MSP-IAD,13:45,-9.0,-16.0,1,1,0,,0,236.0,1721,19,12,0.0,0.0,0.0,0.0,0.0,4,Tuesday
fl_0001870,2024-02-06,WN,3171,BWI,PHL,BWI-PHL,13:15,-5.0,-13.0,1,1,0,,0,142.0,1028,23,16,0.0,0.0,0.0,0.0,0.0,2,Tuesday
fl_0001871,2024-04-17,DL,4755,BWI,BOS,BWI-BOS,09:00,5.0,-3.0,1,1,0,,0,82.0,515,12,16,0.0,0.0,0.0,0.0,0.0,4,Wednesday
fl_0001872,2024-05-10,UA,3780,ATL,BWI,ATL-BWI,12:15,199.0,204.0,0,0,0,,0,367.0,2532,24,9,12.3,15.6,26.0,34.0,116.1,5,Friday
fl_0001873,2024-01-15,NK,7816,MCO,MSP,MCO-MSP,20:30,8.0,-1.0,1,1,0,,0,68.0,377,21,7,0.0,0.0,0.0,0.0,0.0,1,Monday
fl_0001874,2024-03-06,WN,5370,PHL,PHX,PHL-PHX,12:45,-5.0,-1.0,1,1,0,,0,209.0,1373,10,16,0.0,0.0,0.0,0.0,0.0,3,Wednesday
fl_0001875,2024-04-23,AA,136,MCO,DFW,MCO-DFW,15:15,-14.0,-15.0,1,1,0,,0,320.0,2334,25,6,0.0,0.0,0.0,0.0,0.0,4,Tuesday
fl_0001876,2024-03-12,WN,4996,FLL,IAH,FLL-IAH,07:00,-8.0,-9.0,1,1,0,,0,243.0,1794,34,18,0.0,0.0,0.0,0.0,0.0,3,Tuesday
fl_0001877,2024-06-19,WN,6628,IAH,DTW,IAH-DTW,12:30,5.0,-4.0,1,1,0,,0,354.0,2598,21,9,0.0,0.0,0.0,0.0,0.0,6,Wednesday
fl_0001878,2024-05-21,F9,6147,SLC,LAS,SLC-LAS,10:30,11.0,10.0,1,1,0,,0,307.0,2127,25,14,0.0,0.0,0.0,0.0,0.0,5,Tuesday
fl_0001879,2024-01-07,HA,5187,LAX,PHL,LAX-PHL,09:45,-2.0,-8.0,1,1,0,,0,132.0,877,15,8,0.0,0.0,0.0,0.0,0.0,1,Sunday
fl_0001880,2024-06-05,F9,8378,SAN,PHX,SAN-PHX,14:30,11.0,5.0,1,1,0,,0,320.0,2430,14,9,0.0,0.0,0.0,0.0,0.0,6,Wednesday
fl_0001881,2024-03-20,UA,8171,ORD,PHL,ORD-PHL,21:00,9.0,6.0,1,1,0,,0,326.0,2477,19,11,0.0,0.0,0.0,0.0,0.0,3,Wednesday
fl_0001882,2024-03-11,UA,8408,SLC,PHL,SLC-PHL,19:00,0.0,-4.0,1,1,0,,0,83.0,499,22,14,0.0,0.0,0.0,0.0,0.0,3,Monday
fl_0001883,2024-05-31,WN,7365,SAN,PHL,SAN-PHL,15:00,-11.0,-10.0,1,1,0,,0,132.0,953,11,16,0.0,0.0,0.0,0.0,0.0,5,Friday
fl_0001884,2024-02-03,B6,246,BOS,MSP,BOS-MSP,19:00,-7.0,-7.0,1,1,0,,0,227.0,1714,20,11,0.0,0.0,0.0,0.0,0.0,2,Saturday
fl_0001885,2024-04-20,WN,392,ATL,IAH,ATL-IAH,08:45,9.0,8.0,1,1,0,,0,306.0,2245,19,16,0.0,0.0,0.0,0.0,0.0,4,Saturday
fl_0001886,2024-01-04,DL,697,SLC,PHX,SLC-PHX,14:45,-6.0,-3.0,1,1,0,,0,338.0,2318,21,6,0.0,0.0,0.0,0.0,0.0,1,Thursday
fl_0001887,2024-01-02,WN,8349,LAS,SFO,LAS-SFO,09:45,61.0,70.0,0,0,0,,0,225.0,1595,19,17,13.2,2.3,24.3,10.8,19.3,1,Tuesday
fl_0001888,2024-04-21,AS,3582,SEA,DFW,SEA-DFW,22:00,-13.0,-17.0,1,1,0,,0,314.0,2384,27,5,0.0,0.0,0.0,0.0,0.0,4,Sunday
fl_0001889,2024-03-21,AA,1095,BWI,DEN,BWI-DEN,22:00,-15.0,-23.0,1,1,0,,0,73.0,448,15,17,0.0,0.0,0.0,0.0,0.0,3,Thursday
fl_0001890,2024-02-24,AA,8401,SFO,JFK,SFO-JFK,14:45,2.0,2.0,1,1,0,,0,106.0,678,17,13,0.0,0.0,0.0,0.0,0.0,2,Saturday
fl_0001891,2024-01-31,UA,8748,BOS,SEA,BOS-SEA,17:00,5.0,-5.0,1,1,0,,0,277.0,2016,13,13,0.0,0.0,0.0,0.0,0.0,1,Wednesday
fl_0001892,2024-02-23,AS,3962,MIA,IAH,MIA-IAH,13:15,11.0,5.0,1,1,0,,0,257.0,1871,30,7,0.0,0.0,0.0,0.0,0.0,2,Friday
fl_0001893,2024-05-07,UA,8901,DTW,JFK,DTW-JFK,10:00,2.0,-5.0,1,1,0,,0,53.0,286,19,5,0.0,0.0,0.0,0.0,0.0,5,Tuesday
fl_0001894,2024-01-01,WN,7837,LGA,SFO,LGA-SFO,20:30,-9.0,-16.0,1,1,0,,0,67.0,385,27,5,0.0,0.0,0.0,0.0,0.0,1,Monday
fl_0001895,2024-03-04,WN,5464,LGA,CLT,LGA-CLT,18:15,-12.0,-19.0,1,1,0,,0,270.0,1860,17,7,0.0,0.0,0.0,0.0,0.0,3,Monday
fl_0001896,2024-01-31,B6,1396,DEN,IAH,DEN-IAH,14:00,4.0,4.0,1,1,0,,0,227.0,1731,19,14,0.0,0.0,0.0,0.0,0.0,1,Wednesday
fl_0001897,2024-02-06,AA,8444,BWI,MIA,BWI-MIA,14:00,2.0,1.0,1,1,0,,0,128.0,848,21,16,0.0,0.0,0.0,0.0,0.0,2,Tuesday
fl_0001898,2024-05-27,NK,1051,LAS,SLC,LAS-SLC,20:30,2.0,-4.0,1,1,0,,0,281.0,2144,26,16,0.0,0.0,0.0,0.0,0.0,5,Monday
fl_0001899,2024-04-03,UA,3653,IAD,LAX,IAD-LAX,17:00,-8.0,-5.0,1,1,0,,0,205.0,1431,17,10,0.0,0.0,0.0,0.0,0.0,4,Wednesday
fl_0001900,2024-04-19,WN,8143,BWI,LAX,BWI-LAX,21:00,-6.0,-11.0,1,1,0,,0,128.0,795,31,17,0.0,0.0,0.0,0.0,0.0,4,Friday
fl_0001901,2024-02-12,DL,4505,FLL,LGA,FLL-LGA,11:45,42.0,49.0,0,0,0,,0,275.0,1887,12,13,9.9,5.8,1.7,17.8,13.8,2,Monday
fl_0001902,2024-05-31,DL,1655,DFW,SLC,DFW-SLC,08:45,-2.0,-10.0,1,1,0,,0,318.0,2370,32,5,0.0,0.0,0.0,0.0,0.0,5,Friday
fl_0001903,2024-01-08,AA,1440,MIA,BWI,MIA-BWI,14:15,5.0,-1.0,1,1,0,,0,231.0,1702,30,15,0.0,0.0,0.0,0.0,0.0,1,Monday
fl_0001904,2024-01-10,WN,1458,LAS,SLC,LAS-SLC,20:45,11.0,11.0,1,1,0,,0,130.0,896,14,7,0.0,0.0,0.0,0.0,0.0,1,Wednesday
fl_0001905,2024-02-24,WN,6177,LAS,SLC,LAS-SLC,06:15,-1.0,-1.0,1,1,0,,0,259.0,1735,21,14,0.0,0.0,0.0,0.0,0.0,2,Saturday
fl_0001906,2024-04-01,UA,2969,LAX,LGA,LAX-LGA,22:15,5.0,-3.0,1,1,0,,0,108.0,699,28,19,0.0,0.0,0.0,0.0,0.0,4,Monday
fl_0001907,2024-04-01,DL,8667,EWR,IAD,EWR-IAD,14:15,-12.0,-12.0,1,1,0,,0,133.0,892,10,16,0.0,0.0,0.0,0.0,0.0,4,Monday
fl_0001908,2024-01-16,AA,1342,DTW,ATL,DTW-ATL,21:00,9.0,11.0,1,1,0,,0,47.0,251,21,9,0.0,0.0,0.0,0.0,0.0,1,Tuesday
fl_0001909,2024-05-25,UA,7564,ORD,FLL,ORD-FLL,17:30,-7.0,-11.0,1,1,0,,0,298.0,2203,29,15,0.0,0.0,0.0,0.0,0.0,5,Saturday
fl_0001910,2024-06-02,AA,4956,BOS,BWI,BOS-BWI,08:45,27.0,29.0,0,0,0,,0,212.0,1613,16,7,3.1,6.7,0.7,14.8,3.7,6,Sunday
fl_0001911,2024-06-05,UA,6797,EWR,SLC,EWR-SLC,21:30,,,0,0,1,Weather,0,103.0,670,20,17,0.0,0.0,0.0,0.0,0.0,6,Wednesday
fl_0001912,2024-04-25,AA,3264,ATL,FLL,ATL-FLL,17:30,4.0,2.0,1,1,0,,0,106.0,685,21,18,0.0,0.0,0.0,0.0,0.0,4,Thursday
fl_0001913,2024-03-07,NK,2355,LGA,MSP,LGA-MSP,21:00,-14.0,-23.0,1,1,0,,0,335.0,2372,26,7,0.0,0.0,0.0,0.0,0.0,3,Thursday
fl_0001914,2024-06-01,F9,4224,IAD,PHL,IAD-PHL,11:30,57.0,57.0,0,0,0,,0,132.0,820,22,10,24.4,5.4,6.4,6.9,14.0,6,Saturday
fl_0001915,2024-06-05,AA,4823,FLL,SEA,FLL-SEA,08:15,-11.0,-8.0,1,1,0,,0,124.0,825,16,15,0.0,0.0,0.0,0.0,0.0,6,Wednesday
fl_0001916,2024-04-02,DL,4507,DEN,LAS,DEN-LAS,20:15,-13.0,-11.0,1,1,0,,0,78.0,446,18,10,0.0,0.0,0.0,0.0,0.0,4,Tuesday
fl_0001917,2024-02-07,UA,2506,MSP,JFK,MSP-JFK,22:30,-11.0,-18.0,1,1,0,,0,137.0,968,29,17,0.0,0.0,0.0,0.0,0.0,2,Wednesday
fl_0001918,2024-01-31,UA,1701,EWR,ATL,EWR-ATL,22:00,-12.0,-14.0,1,1,0,,0,235.0,1735,22,9,0.0,0.0,0.0,0.0,0.0,1,Wednesday
fl_0001919,2024-06-10,B6,8051,SLC,ATL,SLC-ATL,06:00,-10.0,-7.0,1,1,0,,0,228.0,1695,28,17,0.0,0.0,0.0,0.0,0.0,6,Monday
fl_0001920,2024-01-10,WN,2968,JFK,SAN,JFK-SAN,09:30,13.0,15.0,0,1,0,,0,201.0,1372,21,7,0.0,0.0,0.0,0.0,0.0,1,Wednesday
fl_0001921,2024-02-01,AA,8333,JFK,LAX,JFK-LAX,16:45,-11.0,-17.0,1,1,0,,0,282.0,2180,21,15,0.0,0.0,0.0,0.0,0.0,2,Thursday
fl_0001922,2024-05-01,WN,2088,SEA,ORD,SEA-ORD,10:15,0.0,2.0,1,1,0,,0,327.0,2319,13,11,0.0,0.0,0.0,0.0,0.0,5,Wednesday
fl_0001923,2024-03-29,DL,8337,DFW,ORD,DFW-ORD,09:45,30.0,36.0,0,0,0,,0,191.0,1237,29,9,8.2,2.8,0.4,5.4,19.1,3,Friday
fl_0001924,2024-01-01,WN,5364,IAH,FLL,IAH-FLL,15:00,90.0,98.0,0,0,0,,0,217.0,1418,24,13,5.0,14.4,5.0,36.1,37.5,1,Monday
fl_0001925,2024-03-25,B6,5992,JFK,BOS,JFK-BOS,06:15,-2.0,-3.0,1,1,0,,0,154.0,1019,33,6,0.0,0.0,0.0,0.0,0.0,3,Monday
fl_0001926,2024-03-19,NK,6427,IAH,FLL,IAH-FLL,17:45,3.0,-4.0,1,1,0,,0,215.0,1488,24,19,0.0,0.0,0.0,0.0,0.0,3,Tuesday
fl_0001927,2024-04-28,AA,7185,SEA,BOS,SEA-BOS,09:30,12.0,3.0,1,1,0,,0,275.0,1886,33,12,0.0,0.0,0.0,0.0,0.0,4,Sunday
fl_0001928,2024-05-01,DL,1787,PHL,DTW,PHL-DTW,11:45,28.0,33.0,0,0,0,,0,122.0,853,17,7,10.2,5.1,13.1,3.6,1.0,5,Wednesday
fl_0001929,2024-02-24,AA,3521,MCO,SAN,MCO-SAN,15:30,15.0,20.0,0,0,0,,0,317.0,2171,19,11,0.5,4.9,0.3,4.5,9.7,2,Saturday
fl_0001930,2024-04-11,B6,619,ORD,LAX,ORD-LAX,22:45,2.0,-3.0,1,1,0,,0,299.0,2160,12,12,0.0,0.0,0.0,0.0,0.0,4,Thursday
fl_0001931,2024-02-06,DL,2131,LAS,SLC,LAS-SLC,12:15,5.0,6.0,1,1,0,,0,285.0,1924,21,8,0.0,0.0,0.0,0.0,0.0,2,Tuesday
fl_0001932,2024-06-27,DL,2644,ORD,JFK,ORD-JFK,11:45,5.0,-3.0,1,1,0,,0,188.0,1301,19,12,0.0,0.0,0.0,0.0,0.0,6,Thursday
fl_0001933,2024-04-14,AA,4632,ORD,JFK,ORD-JFK,07:00,4.0,-4.0,1,1,0,,0,215.0,1622,12,7,0.0,0.0,0.0,0.0,0.0,4,Sunday
fl_0001934,2024-06-09,DL,7302,CLT,FLL,CLT-FLL,21:45,12.0,13.0,1,1,0,,0,283.0,2141,10,17,0.0,0.0,0.0,0.0,0.0,6,Sunday
fl_0001935,2024-05-21,NK,2984,LAX,SEA,LAX-SEA,10:00,1.0,-5.0,1,1,0,,0,269.0,1790,19,5,0.0,0.0,0.0,0.0,0.0,5,Tuesday
fl_0001936,2024-04-07,DL,1038,SEA,DFW,SEA-DFW,22:00,-6.0,-2.0,1,1,0,,0,261.0,1769,10,19,0.0,0.0,0.0,0.0,0.0,4,Sunday
fl_0001937,2024-06-19,DL,1725,ORD,SFO,ORD-SFO,14:30,9.0,8.0,1,1,0,,0,91.0,595,16,7,0.0,0.0,0.0,0.0,0.0,6,Wednesday
fl_0001938,2024-01-18,F9,6810,BWI,LAX,BWI-LAX,11:30,55.0,59.0,0,0,0,,0,159.0,1099,13,13,15.2,3.9,20.1,12.1,7.6,1,Thursday
fl_0001939,2024-01-14,DL,3980,IAH,MCO,IAH-MCO,10:45,76.0,76.0,0,0,0,,0,83.0,531,10,13,9.9,5.0,14.3,8.2,38.5,1,Sunday
fl_0001940,2024-04-10,UA,8292,DFW,BWI,DFW-BWI,19:00,-10.0,-16.0,1,1,0,,0,273.0,2066,24,5,0.0,0.0,0.0,0.0,0.0,4,Wednesday
fl_0001941,2024-03-12,WN,3162,IAD,ATL,IAD-ATL,17:15,10.0,9.0,1,1,0,,0,70.0,426,21,9,0.0,0.0,0.0,0.0,0.0,3,Tuesday
fl_0001942,2024-04-08,WN,5975,BWI,LAX,BWI-LAX,19:30,6.0,3.0,1,1,0,,0,88.0,551,11,11,0.0,0.0,0.0,0.0,0.0,4,Monday
fl_0001943,2024-01-06,AA,4652,SAN,ORD,SAN-ORD,12:00,-3.0,1.0,1,1,0,,0,55.0,320,18,12,0.0,0.0,0.0,0.0,0.0,1,Saturday
fl_0001944,2024-01-07,WN,1025,LGA,EWR,LGA-EWR,12:45,-6.0,-15.0,1,1,0,,0,273.0,1843,19,7,0.0,0.0,0.0,0.0,0.0,1,Sunday
fl_0001945,2024-05-22,AA,4962,LAX,ORD,LAX-ORD,17:30,207.0,209.0,0,0,0,,0,310.0,2368,29,8,7.7,24.7,22.9,86.2,67.5,5,Wednesday
fl_0001946,2024-06-20,DL,8969,IAH,SLC,IAH-SLC,12:30,10.0,1.0,1,1,0,,0,168.0,1189,22,9,0.0,0.0,0.0,0.0,0.0,6,Thursday
fl_0001947,2024-03-08,NK,2902,SAN,PHX,SAN-PHX,17:15,,,0,0,1,NAS,0,293.0,2168,19,10,0.0,0.0,0.0,0.0,0.0,3,Friday
fl_0001948,2024-04-08,HA,6443,FLL,MCO,FLL-MCO,22:45,4.0,8.0,1,1,0,,0,354.0,2495,13,18,0.0,0.0,0.0,0.0,0.0,4,Monday
fl_0001949,2024-03-27,WN,1256,IAH,PHX,IAH-PHX,20:30,41.0,41.0,0,0,0,,0,62.0,362,34,11,0.5,5.2,27.6,3.2,4.5,3,Wednesday
fl_0001950,2024-02-12,DL,4579,JFK,MSP,JFK-MSP,13:15,-8.0,-9.0,1,1,0,,0,170.0,1119,25,18,0.0,0.0,0.0,0.0,0.0,2,Monday
fl_0001951,2024-02-14,DL,7990,MIA,SFO,MIA-SFO,08:45,-7.0,-13.0,1,1,0,,0,99.0,640,19,19,0.0,0.0,0.0,0.0,0.0,2,Wednesday
fl_0001952,2024-05-25,WN,5205,LAX,BOS,LAX-BOS,11:00,-13.0,-19.0,1,1,0,,0,232.0,1740,23,8,0.0,0.0,0.0,0.0,0.0,5,Saturday
fl_0001953,2024-02-07,UA,5511,PHL,DEN,PHL-DEN,12:30,-10.0,-20.0,1,1,0,,0,195.0,1430,27,7,0.0,0.0,0.0,0.0,0.0,2,Wednesday
fl_0001954,2024-04-16,UA,2752,DTW,JFK,DTW-JFK,13:45,11.0,7.0,1,1,0,,0,349.0,2538,13,17,0.0,0.0,0.0,0.0,0.0,4,Tuesday
fl_0001955,2024-02-25,UA,8333,MIA,FLL,MIA-FLL,22:30,-14.0,-24.0,1,1,0,,0,316.0,2371,29,16,0.0,0.0,0.0,0.0,0.0,2,Sunday
fl_0001956,2024-03-19,UA,8841,MSP,DEN,MSP-DEN,14:15,32.0,40.0,0,0,0,,0,63.0,394,34,12,15.0,8.2,13.3,0.3,3.1,3,Tuesday
fl_0001957,2024-02-18,DL,5058,SEA,DEN,SEA-DEN,16:30,4.0,2.0,1,1,0,,0,270.0,1996,30,10,0.0,0.0,0.0,0.0,0.0,2,Sunday
fl_0001958,2024-06-25,DL,6643,CLT,SAN,CLT-SAN,06:15,88.0,97.0,0,0,0,,0,284.0,2023,25,8,30.8,27.7,10.2,20.6,7.7,6,Tuesday
fl_0001959,2024-03-01,NK,4998,SAN,MSP,SAN-MSP,10:15,17.0,17.0,0,0,0,,0,78.0,514,11,9,0.1,1.0,6.3,8.7,0.9,3,Friday
fl_0001960,2024-05-26,AA,5612,SFO,SAN,SFO-SAN,14:15,36.0,37.0,0,0,0,,0,91.0,561,32,12,0.1,6.7,20.1,8.9,1.2,5,Sunday
fl_0001961,2024-02-11,DL,7655,DFW,JFK,DFW-JFK,19:45,8.0,7.0,1,1,0,,0,218.0,1568,22,10,0.0,0.0,0.0,0.0,0.0,2,Sunday
fl_0001962,2024-02-24,UA,4702,PHL,BOS,PHL-BOS,15:00,12.0,16.0,0,1,0,,0,126.0,777,30,11,0.0,0.0,0.0,0.0,0.0,2,Saturday
fl_0001963,2024-06-15,B6,6820,SAN,LGA,SAN-LGA,17:15,-14.0,-16.0,1,1,0,,0,190.0,1272,31,16,0.0,0.0,0.0,0.0,0.0,6,Saturday
fl_0001964,2024-04-18,AA,6440,LAX,JFK,LAX-JFK,09:45,74.0,81.0,0,0,0,,0,172.0,1203,28,8,11.1,4.7,35.3,19.1,10.7,4,Thursday
fl_0001965,2024-03-01,DL,1871,IAD,JFK,IAD-JFK,20:45,-3.0,-1.0,1,1,0,,0,302.0,2058,27,17,0.0,0.0,0.0,0.0,0.0,3,Friday
fl_0001966,2024-02-14,AS,6902,DFW,MCO,DFW-MCO,21:45,35.0,37.0,0,0,0,,0,331.0,2416,18,14,18.4,3.5,3.7,0.5,10.9,2,Wednesday
fl_0001967,2024-04-29,DL,6445,IAD,EWR,IAD-EWR,19:00,6.0,2.0,1,1,0,,0,268.0,1865,10,15,0.0,0.0,0.0,0.0,0.0,4,Monday
fl_0001968,2024-03-14,HA,8035,MSP,CLT,MSP-CLT,20:30,-2.0,-8.0,1,1,0,,0,287.0,2030,21,7,0.0,0.0,0.0,0.0,0.0,3,Thursday
fl_0001969,2024-01-10,UA,5562,ORD,MSP,ORD-MSP,16:15,-9.0,-8.0,1,1,0,,0,301.0,2170,28,10,0.0,0.0,0.0,0.0,0.0,1,Wednesday
fl_0001970,2024-06-01,HA,7343,SEA,MIA,SEA-MIA,22:45,-14.0,-11.0,1,1,0,,0,118.0,802,26,15,0.0,0.0,0.0,0.0,0.0,6,Saturday
fl_0001971,2024-04-15,B6,8430,FLL,LAS,FLL-LAS,19:15,1.0,-9.0,1,1,0,,0,101.0,671,14,11,0.0,0.0,0.0,0.0,0.0,4,Monday
fl_0001972,2024-03-22,AA,8720,EWR,DEN,EWR-DEN,21:30,-7.0,-7.0,1,1,0,,0,290.0,1998,26,8,0.0,0.0,0.0,0.0,0.0,3,Friday
fl_0001973,2024-01-20,B6,5139,DEN,MCO,DEN-MCO,22:15,2.0,-3.0,1,1,0,,0,209.0,1439,32,5,0.0,0.0,0.0,0.0,0.0,1,Saturday
fl_0001974,2024-03-21,UA,3111,JFK,CLT,JFK-CLT,14:00,4.0,4.0,1,1,0,,0,355.0,2491,13,6,0.0,0.0,0.0,0.0,0.0,3,Thursday
fl_0001975,2024-02-24,WN,7556,JFK,PHL,JFK-PHL,22:00,7.0,7.0,1,1,0,,0,209.0,1480,22,5,0.0,0.0,0.0,0.0,0.0,2,Saturday
fl_0001976,2024-03-20,UA,2998,ATL,FLL,ATL-FLL,11:30,1.0,-3.0,1,1,0,,0,200.0,1337,34,19,0.0,0.0,0.0,0.0,0.0,3,Wednesday
fl_0001977,2024-06-12,WN,3661,IAD,LAX,IAD-LAX,17:45,2.0,2.0,1,1,0,,0,354.0,2539,29,12,0.0,0.0,0.0,0.0,0.0,6,Wednesday
fl_0001978,2024-03-27,B6,2500,BWI,LGA,BWI-LGA,06:45,-3.0,-11.0,1,1,0,,0,155.0,1032,29,14,0.0,0.0,0.0,0.0,0.0,3,Wednesday
fl_0001979,2024-01-16,UA,4218,IAH,SLC,IAH-SLC,16:00,-11.0,-13.0,1,1,0,,0,158.0,1159,14,12,0.0,0.0,0.0,0.0,0.0,1,Tuesday
fl_0001980,2024-03-30,G4,8893,BWI,EWR,BWI-EWR,21:30,12.0,19.0,0,1,0,,0,315.0,2441,22,8,0.4,2.1,3.6,6.1,6.8,3,Saturday
fl_0001981,2024-02-12,DL,7816,DTW,LAX,DTW-LAX,14:15,-6.0,-16.0,1,1,0,,0,80.0,459,26,13,0.0,0.0,0.0,0.0,0.0,2,Monday
fl_0001982,2024-03-08,UA,6211,JFK,SFO,JFK-SFO,19:45,-10.0,-7.0,1,1,0,,0,165.0,1089,13,9,0.0,0.0,0.0,0.0,0.0,3,Friday
fl_0001983,2024-06-12,AA,6860,BOS,IAH,BOS-IAH,14:45,-12.0,-12.0,1,1,0,,0,329.0,2234,23,11,0.0,0.0,0.0,0.0,0.0,6,Wednesday
fl_0001984,2024-03-07,AA,985,ATL,DEN,ATL-DEN,20:15,-2.0,-11.0,1,1,0,,0,118.0,825,23,16,0.0,0.0,0.0,0.0,0.0,3,Thursday
fl_0001985,2024-03-30,AA,1727,IAD,ATL,IAD-ATL,16:15,15.0,22.0,0,0,0,,0,131.0,945,29,13,0.5,6.2,6.1,5.2,4.1,3,Saturday
fl_0001986,2024-05-06,F9,5491,DTW,ORD,DTW-ORD,13:15,-10.0,-13.0,1,1,0,,0,136.0,923,16,16,0.0,0.0,0.0,0.0,0.0,5,Monday
fl_0001987,2024-04-28,UA,581,LAS,MSP,LAS-MSP,09:30,3.0,-5.0,1,1,0,,0,288.0,1971,24,7,0.0,0.0,0.0,0.0,0.0,4,Sunday
fl_0001988,2024-01-05,UA,583,IAH,SEA,IAH-SEA,17:15,-12.0,-13.0,1,1,0,,0,322.0,2182,11,14,0.0,0.0,0.0,0.0,0.0,1,Friday
fl_0001989,2024-01-18,F9,5955,MIA,ATL,MIA-ATL,22:00,-13.0,-18.0,1,1,0,,0,91.0,555,23,10,0.0,0.0,0.0,0.0,0.0,1,Thursday
fl_0001990,2024-04-09,DL,820,MCO,IAD,MCO-IAD,13:45,8.0,-2.0,1,1,0,,0,320.0,2420,10,17,0.0,0.0,0.0,0.0,0.0,4,Tuesday
fl_0001991,2024-05-17,HA,2063,SFO,FLL,SFO-FLL,20:30,8.0,3.0,1,1,0,,0,64.0,375,28,10,0.0,0.0,0.0,0.0,0.0,5,Friday
fl_0001992,2024-05-21,AA,5029,LAS,SAN,LAS-SAN,13:45,1.0,,0,1,0,,1,213.0,1610,33,19,0.0,45.0,20.0,0.0,0.0,5,Tuesday
fl_0001993,2024-04-29,B6,3657,LAS,PHX,LAS-PHX,06:00,5.0,5.0,1,1,0,,0,70.0,449,30,15,0.0,0.0,0.0,0.0,0.0,4,Monday
fl_0001994,2024-04-21,DL,1605,FLL,SLC,FLL-SLC,07:45,-5.0,-13.0,1,1,0,,0,257.0,1904,26,18,0.0,0.0,0.0,0.0,0.0,4,Sunday
fl_0001995,2024-06-02,NK,7754,ATL,PHL,ATL-PHL,11:00,-3.0,-10.0,1,1,0,,0,58.0,349,24,15,0.0,0.0,0.0,0.0,0.0,6,Sunday
fl_0001996,2024-05-31,AA,710,JFK,DFW,JFK-DFW,07:00,-4.0,-5.0,1,1,0,,0,165.0,1167,11,12,0.0,0.0,0.0,0.0,0.0,5,Friday
fl_0001997,2024-02-27,AA,7087,CLT,IAD,CLT-IAD,12:15,0.0,-4.0,1,1,0,,0,47.0,253,34,17,0.0,0.0,0.0,0.0,0.0,2,Tuesday
fl_0001998,2024-03-05,UA,4717,CLT,EWR,CLT-EWR,11:30,11.0,11.0,1,1,0,,0,251.0,1657,34,7,0.0,0.0,0.0,0.0,0.0,3,Tuesday
fl_0001999,2024-05-01,DL,1532,DTW,LGA,DTW-LGA,06:45,4.0,-3.0,1,1,0,,0,337.0,2280,15,14,0.0,0.0,0.0,0.0,0.0,5,Wednesday
fl_0002000,2024-05-20,WN,4282,IAH,SEA,IAH-SEA,12:45,0.0,-10.0,1,1,0,,0,256.0,1972,32,12,0.0,0.0,0.0,0.0,0.0,5,Monday
fl_0002001,2024-03-03,WN,4863,SEA,SLC,SEA-SLC,07:30,-3.0,1.0,1,1,0,,0,180.0,1352,31,10,0.0,0.0,0.0,0.0,0.0,3,Sunday
fl_0002002,2024-02-06,AA,4786,IAH,DEN,IAH-DEN,11:15,12.0,9.0,1,1,0,,0,255.0,1905,19,5,0.0,0.0,0.0,0.0,0.0,2,Tuesday
fl_0002003,2024-03-28,AA,1031,SFO,JFK,SFO-JFK,18:00,-2.0,2.0,1,1,0,,0,231.0,1570,23,14,0.0,0.0,0.0,0.0,0.0,3,Thursday
fl_0002004,2024-04-20,UA,8995,DFW,MSP,DFW-MSP,07:45,-10.0,-6.0,1,1,0,,0,308.0,2161,12,6,0.0,0.0,0.0,0.0,0.0,4,Saturday
fl_0002005,2024-02-20,DL,5948,PHL,BWI,PHL-BWI,06:30,6.0,10.0,1,1,0,,0,90.0,606,10,17,0.0,0.0,0.0,0.0,0.0,2,Tuesday
fl_0002006,2024-05-30,F9,2559,IAH,PHX,IAH-PHX,13:30,-5.0,-5.0,1,1,0,,0,222.0,1690,34,6,0.0,0.0,0.0,0.0,0.0,5,Thursday
fl_0002007,2024-02-17,B6,3812,LAX,EWR,LAX-EWR,08:15,-6.0,-16.0,1,1,0,,0,231.0,1637,16,16,0.0,0.0,0.0,0.0,0.0,2,Saturday
fl_0002008,2024-02-11,UA,3299,LGA,ORD,LGA-ORD,19:15,46.0,48.0,0,0,0,,0,347.0,2488,34,13,3.9,10.3,12.0,2.2,19.6,2,Sunday
fl_0002009,2024-05-11,WN,6975,DEN,DTW,DEN-DTW,20:45,-13.0,-15.0,1,1,0,,0,233.0,1625,15,17,0.0,0.0,0.0,0.0,0.0,5,Saturday
fl_0002010,2024-03-06,AS,5320,BOS,SAN,BOS-SAN,20:45,-9.0,-5.0,1,1,0,,0,331.0,2471,16,11,0.0,0.0,0.0,0.0,0.0,3,Wednesday
fl_0002011,2024-04-22,DL,7848,DTW,MIA,DTW-MIA,12:15,4.0,-3.0,1,1,0,,0,255.0,1683,22,11,0.0,0.0,0.0,0.0,0.0,4,Monday
fl_0002012,2024-01-28,WN,6907,EWR,IAD,EWR-IAD,16:30,-5.0,-12.0,1,1,0,,0,63.0,355,25,11,0.0,0.0,0.0,0.0,0.0,1,Sunday
fl_0002013,2024-01-13,UA,3619,EWR,PHL,EWR-PHL,14:45,25.0,26.0,0,0,0,,0,183.0,1302,24,5,7.4,6.2,6.7,3.0,2.7,1,Saturday
fl_0002014,2024-04-23,AS,5227,PHL,DEN,PHL-DEN,18:00,-12.0,-16.0,1,1,0,,0,319.0,2277,19,16,0.0,0.0,0.0,0.0,0.0,4,Tuesday
fl_0002015,2024-06-12,UA,764,DFW,LAX,DFW-LAX,09:45,4.0,7.0,1,1,0,,0,195.0,1263,27,11,0.0,0.0,0.0,0.0,0.0,6,Wednesday
fl_0002016,2024-05-08,UA,4745,DEN,BOS,DEN-BOS,06:00,5.0,,0,1,0,,1,65.0,393,28,15,0.0,45.0,20.0,0.0,0.0,5,Wednesday
fl_0002017,2024-05-06,AA,8670,PHL,DFW,PHL-DFW,07:30,3.0,-2.0,1,1,0,,0,71.0,434,15,15,0.0,0.0,0.0,0.0,0.0,5,Monday
fl_0002018,2024-05-26,AS,7154,EWR,DTW,EWR-DTW,08:00,-6.0,-3.0,1,1,0,,0,120.0,837,31,18,0.0,0.0,0.0,0.0,0.0,5,Sunday
fl_0002019,2024-05-02,UA,7130,LAX,BWI,LAX-BWI,19:45,-14.0,-19.0,1,1,0,,0,245.0,1814,17,17,0.0,0.0,0.0,0.0,0.0,5,Thursday
fl_0002020,2024-02-10,AA,4286,MSP,PHL,MSP-PHL,15:45,-6.0,-16.0,1,1,0,,0,352.0,2413,23,9,0.0,0.0,0.0,0.0,0.0,2,Saturday
fl_0002021,2024-04-05,F9,290,JFK,DTW,JFK-DTW,09:15,-8.0,-9.0,1,1,0,,0,281.0,2129,16,15,0.0,0.0,0.0,0.0,0.0,4,Friday
fl_0002022,2024-02-25,UA,4713,ORD,DEN,ORD-DEN,11:00,-15.0,-18.0,1,1,0,,0,160.0,1116,15,19,0.0,0.0,0.0,0.0,0.0,2,Sunday
fl_0002023,2024-01-02,DL,4809,BWI,SLC,BWI-SLC,17:30,1.0,-7.0,1,1,0,,0,334.0,2595,18,15,0.0,0.0,0.0,0.0,0.0,1,Tuesday
fl_0002024,2024-02-02,UA,2174,SEA,PHL,SEA-PHL,19:30,-10.0,-20.0,1,1,0,,0,119.0,842,12,10,0.0,0.0,0.0,0.0,0.0,2,Friday
fl_0002025,2024-03-10,DL,2617,FLL,EWR,FLL-EWR,20:15,,,0,0,1,Weather,0,333.0,2474,18,17,0.0,0.0,0.0,0.0,0.0,3,Sunday
fl_0002026,2024-01-29,DL,8889,JFK,DEN,JFK-DEN,20:45,65.0,73.0,0,0,0,,0,49.0,259,29,6,7.9,0.6,20.6,8.6,35.3,1,Monday
fl_0002027,2024-03-12,WN,6765,LGA,SEA,LGA-SEA,11:00,-15.0,-13.0,1,1,0,,0,148.0,947,27,17,0.0,0.0,0.0,0.0,0.0,3,Tuesday
fl_0002028,2024-01-04,F9,4098,MCO,SLC,MCO-SLC,15:30,5.0,4.0,1,1,0,,0,263.0,1761,23,5,0.0,0.0,0.0,0.0,0.0,1,Thursday
fl_0002029,2024-05-15,F9,314,IAH,BWI,IAH-BWI,11:45,-8.0,-6.0,1,1,0,,0,222.0,1654,26,15,0.0,0.0,0.0,0.0,0.0,5,Wednesday
fl_0002030,2024-05-06,DL,7474,PHX,ATL,PHX-ATL,21:30,103.0,112.0,0,0,0,,0,317.0,2402,31,18,4.6,15.8,54.2,9.9,27.4,5,Monday
fl_0002031,2024-06-15,DL,5862,PHL,BOS,PHL-BOS,12:15,0.0,0.0,1,1,0,,0,308.0,2297,30,6,0.0,0.0,0.0,0.0,0.0,6,Saturday
fl_0002032,2024-02-01,F9,3895,EWR,LGA,EWR-LGA,07:45,4.0,0.0,1,1,0,,0,262.0,1771,18,19,0.0,0.0,0.0,0.0,0.0,2,Thursday
fl_0002033,2024-06-18,NK,1789,EWR,SAN,EWR-SAN,21:30,6.0,-1.0,1,1,0,,0,332.0,2587,31,16,0.0,0.0,0.0,0.0,0.0,6,Tuesday
fl_0002034,2024-04-02,UA,6048,FLL,DTW,FLL-DTW,22:15,-2.0,-12.0,1,1,0,,0,83.0,512,32,17,0.0,0.0,0.0,0.0,0.0,4,Tuesday
fl_0002035,2024-04-27,NK,6713,BOS,ORD,BOS-ORD,10:00,11.0,7.0,1,1,0,,0,199.0,1463,13,11,0.0,0.0,0.0,0.0,0.0,4,Saturday
fl_0002036,2024-03-18,B6,3375,ORD,LAX,ORD-LAX,06:45,9.0,3.0,1,1,0,,0,108.0,747,12,12,0.0,0.0,0.0,0.0,0.0,3,Monday
fl_0002037,2024-03-15,WN,8249,LAS,CLT,LAS-CLT,08:00,16.0,19.0,0,0,0,,0,233.0,1720,13,17,0.5,10.2,1.7,5.0,1.5,3,Friday
fl_0002038,2024-01-25,WN,6698,SLC,DEN,SLC-DEN,06:30,6.0,-1.0,1,1,0,,0,99.0,611,19,5,0.0,0.0,0.0,0.0,0.0,1,Thursday
fl_0002039,2024-01-19,F9,570,BOS,SLC,BOS-SLC,06:00,13.0,3.0,1,1,0,,0,220.0,1575,31,12,0.0,0.0,0.0,0.0,0.0,1,Friday
fl_0002040,2024-02-10,WN,8204,ATL,MSP,ATL-MSP,10:00,25.0,34.0,0,0,0,,0,69.0,379,10,18,3.9,20.6,2.0,4.2,3.3,2,Saturday
fl_0002041,2024-05-26,WN,2578,SLC,SAN,SLC-SAN,19:15,-8.0,-14.0,1,1,0,,0,172.0,1134,23,7,0.0,0.0,0.0,0.0,0.0,5,Sunday
fl_0002042,2024-03-20,AA,1107,SFO,MCO,SFO-MCO,13:30,6.0,0.0,1,1,0,,0,337.0,2394,16,15,0.0,0.0,0.0,0.0,0.0,3,Wednesday
fl_0002043,2024-06-05,UA,2686,ORD,MCO,ORD-MCO,21:15,-6.0,-4.0,1,1,0,,0,145.0,986,16,19,0.0,0.0,0.0,0.0,0.0,6,Wednesday
fl_0002044,2024-03-04,UA,3529,DFW,BWI,DFW-BWI,11:30,-5.0,-11.0,1,1,0,,0,294.0,2093,34,14,0.0,0.0,0.0,0.0,0.0,3,Monday
fl_0002045,2024-01-03,WN,323,BOS,LGA,BOS-LGA,22:00,12.0,2.0,1,1,0,,0,134.0,970,24,12,0.0,0.0,0.0,0.0,0.0,1,Wednesday
fl_0002046,2024-02-04,WN,2014,ATL,BWI,ATL-BWI,15:30,12.0,12.0,1,1,0,,0,85.0,533,24,8,0.0,0.0,0.0,0.0,0.0,2,Sunday
fl_0002047,2024-04-07,AA,121,LAS,BOS,LAS-BOS,19:15,4.0,3.0,1,1,0,,0,310.0,2218,11,14,0.0,0.0,0.0,0.0,0.0,4,Sunday
fl_0002048,2024-05-23,HA,2584,SFO,MIA,SFO-MIA,18:30,-3.0,-5.0,1,1,0,,0,320.0,2377,27,5,0.0,0.0,0.0,0.0,0.0,5,Thursday
fl_0002049,2024-03-22,WN,7189,BOS,BWI,BOS-BWI,10:15,-8.0,-14.0,1,1,0,,0,205.0,1536,34,10,0.0,0.0,0.0,0.0,0.0,3,Friday
fl_0002050,2024-03-24,AA,2931,SLC,SAN,SLC-SAN,21:00,-7.0,-10.0,1,1,0,,0,155.0,995,23,15,0.0,0.0,0.0,0.0,0.0,3,Sunday
fl_0002051,2024-04-22,AA,6616,LGA,FLL,LGA-FLL,16:15,8.0,8.0,1,1,0,,0,96.0,583,32,19,0.0,0.0,0.0,0.0,0.0,4,Monday
fl_0002052,2024-06-26,WN,3363,MCO,EWR,MCO-EWR,09:00,6.0,3.0,1,1,0,,0,56.0,304,11,11,0.0,0.0,0.0,0.0,0.0,6,Wednesday
fl_0002053,2024-03-30,AA,191,PHL,MSP,PHL-MSP,09:45,13.0,10.0,1,1,0,,0,258.0,1776,30,14,0.0,0.0,0.0,0.0,0.0,3,Saturday
fl_0002054,2024-01-29,AA,4804,DTW,IAH,DTW-IAH,19:45,-10.0,-15.0,1,1,0,,0,163.0,1041,31,16,0.0,0.0,0.0,0.0,0.0,1,Monday
fl_0002055,2024-04-16,AA,1963,ORD,PHL,ORD-PHL,22:00,-3.0,1.0,1,1,0,,0,116.0,739,34,10,0.0,0.0,0.0,0.0,0.0,4,Tuesday
fl_0002056,2024-02-27,AA,2853,SAN,CLT,SAN-CLT,09:45,-15.0,-20.0,1,1,0,,0,228.0,1717,16,11,0.0,0.0,0.0,0.0,0.0,2,Tuesday
fl_0002057,2024-02-21,WN,6924,SLC,SEA,SLC-SEA,13:00,1.0,-4.0,1,1,0,,0,309.0,2214,20,14,0.0,0.0,0.0,0.0,0.0,2,Wednesday
fl_0002058,2024-04-28,G4,4026,CLT,BWI,CLT-BWI,20:15,10.0,11.0,1,1,0,,0,285.0,2174,11,8,0.0,0.0,0.0,0.0,0.0,4,Sunday
fl_0002059,2024-01-19,UA,2869,CLT,IAH,CLT-IAH,16:45,-7.0,-7.0,1,1,0,,0,56.0,313,19,14,0.0,0.0,0.0,0.0,0.0,1,Friday
fl_0002060,2024-01-01,UA,1194,SLC,MCO,SLC-MCO,18:00,2.0,-2.0,1,1,0,,0,255.0,1775,25,12,0.0,0.0,0.0,0.0,0.0,1,Monday
fl_0002061,2024-05-27,DL,3599,SAN,PHX,SAN-PHX,10:45,4.0,2.0,1,1,0,,0,223.0,1543,31,12,0.0,0.0,0.0,0.0,0.0,5,Monday
fl_0002062,2024-03-24,HA,3739,PHX,DFW,PHX-DFW,08:45,1.0,-2.0,1,1,0,,0,271.0,2016,21,17,0.0,0.0,0.0,0.0,0.0,3,Sunday
fl_0002063,2024-05-02,WN,6980,SFO,ORD,SFO-ORD,11:00,-12.0,-16.0,1,1,0,,0,207.0,1481,29,19,0.0,0.0,0.0,0.0,0.0,5,Thursday
fl_0002064,2024-03-02,DL,136,LAS,SEA,LAS-SEA,10:00,-13.0,-15.0,1,1,0,,0,86.0,537,25,17,0.0,0.0,0.0,0.0,0.0,3,Saturday
fl_0002065,2024-05-17,B6,4744,MCO,MSP,MCO-MSP,07:15,15.0,,0,0,0,,1,295.0,2045,14,13,0.0,45.0,20.0,0.0,0.0,5,Friday
fl_0002066,2024-01-03,AA,5349,FLL,DFW,FLL-DFW,17:15,-13.0,-18.0,1,1,0,,0,162.0,1204,15,11,0.0,0.0,0.0,0.0,0.0,1,Wednesday
fl_0002067,2024-04-09,DL,8751,DFW,LAX,DFW-LAX,19:45,13.0,21.0,0,1,0,,0,92.0,543,28,5,8.2,4.2,0.1,0.0,8.3,4,Tuesday
fl_0002068,2024-04-16,UA,8850,DEN,DTW,DEN-DTW,19:15,11.0,,0,1,0,,1,225.0,1712,18,13,0.0,45.0,20.0,0.0,0.0,4,Tuesday
fl_0002069,2024-02-22,AA,901,SLC,SEA,SLC-SEA,20:30,-8.0,-16.0,1,1,0,,0,274.0,1914,19,5,0.0,0.0,0.0,0.0,0.0,2,Thursday
fl_0002070,2024-04-22,AA,4741,IAD,ATL,IAD-ATL,07:15,9.0,11.0,1,1,0,,0,283.0,1884,30,7,0.0,0.0,0.0,0.0,0.0,4,Monday
fl_0002071,2024-03-08,UA,4282,ORD,SFO,ORD-SFO,08:00,-11.0,-15.0,1,1,0,,0,230.0,1601,26,13,0.0,0.0,0.0,0.0,0.0,3,Friday
fl_0002072,2024-02-12,AA,1646,PHL,SFO,PHL-SFO,21:00,-11.0,-20.0,1,1,0,,0,133.0,965,25,19,0.0,0.0,0.0,0.0,0.0,2,Monday
fl_0002073,2024-02-21,DL,1358,FLL,SEA,FLL-SEA,18:00,-3.0,-11.0,1,1,0,,0,62.0,356,17,5,0.0,0.0,0.0,0.0,0.0,2,Wednesday
fl_0002074,2024-02-04,WN,7587,ATL,BWI,ATL-BWI,21:00,21.0,22.0,0,0,0,,0,186.0,1403,19,19,7.8,3.8,5.7,1.4,3.2,2,Sunday
fl_0002075,2024-03-22,AA,4574,PHL,BOS,PHL-BOS,14:45,13.0,9.0,1,1,0,,0,170.0,1229,10,19,0.0,0.0,0.0,0.0,0.0,3,Friday
fl_0002076,2024-06-01,UA,8950,BWI,SAN,BWI-SAN,10:15,13.0,8.0,1,1,0,,0,56.0,299,26,7,0.0,0.0,0.0,0.0,0.0,6,Saturday
fl_0002077,2024-06-05,WN,5408,FLL,SAN,FLL-SAN,22:00,-14.0,-14.0,1,1,0,,0,276.0,1894,24,18,0.0,0.0,0.0,0.0,0.0,6,Wednesday
fl_0002078,2024-04-10,WN,7904,MCO,DEN,MCO-DEN,19:15,11.0,13.0,1,1,0,,0,353.0,2539,12,6,0.0,0.0,0.0,0.0,0.0,4,Wednesday
fl_0002079,2024-03-20,B6,7541,CLT,FLL,CLT-FLL,22:00,-12.0,-12.0,1,1,0,,0,201.0,1378,25,14,0.0,0.0,0.0,0.0,0.0,3,Wednesday
fl_0002080,2024-02-05,AS,7761,SLC,DEN,SLC-DEN,15:00,8.0,11.0,1,1,0,,0,347.0,2366,14,8,0.0,0.0,0.0,0.0,0.0,2,Monday
fl_0002081,2024-05-21,AS,4038,LAX,FLL,LAX-FLL,21:00,-9.0,-9.0,1,1,0,,0,332.0,2293,25,9,0.0,0.0,0.0,0.0,0.0,5,Tuesday
fl_0002082,2024-04-26,AS,322,DTW,PHX,DTW-PHX,11:15,-12.0,-21.0,1,1,0,,0,97.0,584,16,13,0.0,0.0,0.0,0.0,0.0,4,Friday
fl_0002083,2024-05-13,NK,3011,LAS,SFO,LAS-SFO,22:15,-15.0,-14.0,1,1,0,,0,226.0,1698,21,17,0.0,0.0,0.0,0.0,0.0,5,Monday
fl_0002084,2024-02-23,DL,356,SEA,LAX,SEA-LAX,21:15,2.0,4.0,1,1,0,,0,162.0,1063,16,9,0.0,0.0,0.0,0.0,0.0,2,Friday
fl_0002085,2024-06-09,F9,7926,MIA,MSP,MIA-MSP,06:30,-13.0,-15.0,1,1,0,,0,138.0,864,20,16,0.0,0.0,0.0,0.0,0.0,6,Sunday
fl_0002086,2024-03-12,UA,3190,SLC,ATL,SLC-ATL,09:30,13.0,6.0,1,1,0,,0,318.0,2147,32,11,0.0,0.0,0.0,0.0,0.0,3,Tuesday
fl_0002087,2024-02-29,DL,8563,MSP,SEA,MSP-SEA,19:45,-4.0,-6.0,1,1,0,,0,165.0,1114,34,5,0.0,0.0,0.0,0.0,0.0,2,Thursday
fl_0002088,2024-05-22,HA,6096,FLL,LGA,FLL-LGA,09:00,55.0,59.0,0,0,0,,0,126.0,835,12,13,18.9,1.5,12.3,22.9,3.4,5,Wednesday
fl_0002089,2024-03-15,WN,5853,DFW,LAX,DFW-LAX,17:00,-15.0,-23.0,1,1,0,,0,254.0,1892,27,18,0.0,0.0,0.0,0.0,0.0,3,Friday
fl_0002090,2024-06-21,DL,185,SFO,LGA,SFO-LGA,18:30,36.0,37.0,0,0,0,,0,200.0,1426,30,17,6.9,0.6,10.3,7.0,12.3,6,Friday
fl_0002091,2024-02-03,WN,8921,ORD,BOS,ORD-BOS,15:00,-15.0,-15.0,1,1,0,,0,333.0,2397,29,18,0.0,0.0,0.0,0.0,0.0,2,Saturday
fl_0002092,2024-01-11,UA,328,DTW,MCO,DTW-MCO,09:00,12.0,16.0,0,1,0,,0,152.0,978,20,9,0.0,0.0,0.0,0.0,0.0,1,Thursday
fl_0002093,2024-03-07,WN,7227,LAS,BWI,LAS-BWI,11:00,9.0,6.0,1,1,0,,0,280.0,1987,22,9,0.0,0.0,0.0,0.0,0.0,3,Thursday
fl_0002094,2024-04-08,AA,2661,MCO,MIA,MCO-MIA,12:30,2.0,-8.0,1,1,0,,0,341.0,2518,22,19,0.0,0.0,0.0,0.0,0.0,4,Monday
fl_0002095,2024-06-25,DL,5548,BOS,LGA,BOS-LGA,16:00,-8.0,-5.0,1,1,0,,0,273.0,2016,14,8,0.0,0.0,0.0,0.0,0.0,6,Tuesday
fl_0002096,2024-03-12,NK,1430,SAN,LGA,SAN-LGA,18:30,3.0,-6.0,1,1,0,,0,231.0,1763,22,8,0.0,0.0,0.0,0.0,0.0,3,Tuesday
fl_0002097,2024-02-28,UA,4216,BWI,IAD,BWI-IAD,17:45,0.0,-8.0,1,1,0,,0,138.0,868,13,16,0.0,0.0,0.0,0.0,0.0,2,Wednesday
fl_0002098,2024-05-23,UA,6265,DFW,CLT,DFW-CLT,11:00,1.0,3.0,1,1,0,,0,53.0,275,28,7,0.0,0.0,0.0,0.0,0.0,5,Thursday
fl_0002099,2024-04-18,AA,8007,BOS,PHX,BOS-PHX,17:30,0.0,-4.0,1,1,0,,0,277.0,1997,14,15,0.0,0.0,0.0,0.0,0.0,4,Thursday
fl_0002100,2024-04-23,AA,592,EWR,JFK,EWR-JFK,11:30,-12.0,-18.0,1,1,0,,0,203.0,1334,12,19,0.0,0.0,0.0,0.0,0.0,4,Tuesday
fl_0002101,2024-01-17,B6,6989,JFK,MCO,JFK-MCO,12:30,-13.0,-23.0,1,1,0,,0,286.0,2127,24,11,0.0,0.0,0.0,0.0,0.0,1,Wednesday
fl_0002102,2024-05-17,DL,6299,MIA,DTW,MIA-DTW,18:30,47.0,50.0,0,0,0,,0,67.0,402,10,15,22.1,1.0,8.3,9.4,9.2,5,Friday
fl_0002103,2024-03-22,UA,7723,ORD,LAS,ORD-LAS,17:15,15.0,22.0,0,0,0,,0,118.0,735,19,5,2.4,1.4,2.1,14.5,1.6,3,Friday
fl_0002104,2024-02-17,AA,4847,FLL,IAH,FLL-IAH,11:00,-10.0,-10.0,1,1,0,,0,208.0,1374,10,18,0.0,0.0,0.0,0.0,0.0,2,Saturday
fl_0002105,2024-04-02,DL,8116,MCO,LAS,MCO-LAS,16:45,10.0,4.0,1,1,0,,0,119.0,831,18,6,0.0,0.0,0.0,0.0,0.0,4,Tuesday
fl_0002106,2024-01-28,NK,5872,PHX,SFO,PHX-SFO,18:15,,,0,0,1,Carrier,0,139.0,944,14,5,0.0,0.0,0.0,0.0,0.0,1,Sunday
fl_0002107,2024-04-16,G4,5408,LAS,IAH,LAS-IAH,22:15,1.0,1.0,1,1,0,,0,124.0,780,11,18,0.0,0.0,0.0,0.0,0.0,4,Tuesday
fl_0002108,2024-04-19,AA,8010,SFO,FLL,SFO-FLL,13:45,1.0,-9.0,1,1,0,,0,103.0,698,11,16,0.0,0.0,0.0,0.0,0.0,4,Friday
fl_0002109,2024-02-10,AA,3624,PHL,IAH,PHL-IAH,20:45,-1.0,-3.0,1,1,0,,0,91.0,537,25,18,0.0,0.0,0.0,0.0,0.0,2,Saturday
fl_0002110,2024-03-16,B6,8502,SFO,LAX,SFO-LAX,11:45,-8.0,-17.0,1,1,0,,0,60.0,348,10,11,0.0,0.0,0.0,0.0,0.0,3,Saturday
fl_0002111,2024-05-08,WN,1215,SEA,SFO,SEA-SFO,09:30,2.0,-4.0,1,1,0,,0,153.0,1069,33,11,0.0,0.0,0.0,0.0,0.0,5,Wednesday
fl_0002112,2024-02-29,DL,6325,PHL,BOS,PHL-BOS,20:15,7.0,1.0,1,1,0,,0,166.0,1148,11,14,0.0,0.0,0.0,0.0,0.0,2,Thursday
fl_0002113,2024-04-27,WN,8899,DTW,MCO,DTW-MCO,16:15,-13.0,-13.0,1,1,0,,0,114.0,806,10,19,0.0,0.0,0.0,0.0,0.0,4,Saturday
fl_0002114,2024-04-23,WN,4781,LAS,SFO,LAS-SFO,08:15,-14.0,-18.0,1,1,0,,0,121.0,751,20,18,0.0,0.0,0.0,0.0,0.0,4,Tuesday
fl_0002115,2024-05-02,DL,702,SLC,LAX,SLC-LAX,14:15,-9.0,-15.0,1,1,0,,0,283.0,1891,21,5,0.0,0.0,0.0,0.0,0.0,5,Thursday
fl_0002116,2024-05-02,F9,7319,PHX,SLC,PHX-SLC,11:15,5.0,4.0,1,1,0,,0,89.0,567,28,10,0.0,0.0,0.0,0.0,0.0,5,Thursday
fl_0002117,2024-04-15,UA,5336,SFO,BWI,SFO-BWI,07:30,12.0,3.0,1,1,0,,0,131.0,930,18,6,0.0,0.0,0.0,0.0,0.0,4,Monday
fl_0002118,2024-06-18,UA,8037,IAH,CLT,IAH-CLT,06:30,-2.0,0.0,1,1,0,,0,230.0,1637,19,6,0.0,0.0,0.0,0.0,0.0,6,Tuesday
fl_0002119,2024-02-11,F9,1469,DFW,DEN,DFW-DEN,19:30,10.0,3.0,1,1,0,,0,312.0,2322,19,10,0.0,0.0,0.0,0.0,0.0,2,Sunday
fl_0002120,2024-06-11,F9,8292,SLC,LAS,SLC-LAS,18:45,-1.0,-8.0,1,1,0,,0,77.0,441,24,18,0.0,0.0,0.0,0.0,0.0,6,Tuesday
fl_0002121,2024-01-10,DL,5072,LAS,PHX,LAS-PHX,19:30,-13.0,-14.0,1,1,0,,0,116.0,779,29,9,0.0,0.0,0.0,0.0,0.0,1,Wednesday
fl_0002122,2024-03-25,G4,7864,BOS,MIA,BOS-MIA,21:45,-5.0,-2.0,1,1,0,,0,122.0,789,32,14,0.0,0.0,0.0,0.0,0.0,3,Monday
fl_0002123,2024-01-13,B6,3967,MIA,JFK,MIA-JFK,10:45,28.0,34.0,0,0,0,,0,262.0,1744,22,9,1.8,1.0,6.9,1.2,23.2,1,Saturday
fl_0002124,2024-02-01,WN,6484,JFK,FLL,JFK-FLL,12:30,7.0,4.0,1,1,0,,0,336.0,2309,23,10,0.0,0.0,0.0,0.0,0.0,2,Thursday
fl_0002125,2024-05-20,UA,5893,CLT,LAS,CLT-LAS,19:00,-10.0,-14.0,1,1,0,,0,193.0,1410,12,8,0.0,0.0,0.0,0.0,0.0,5,Monday
fl_0002126,2024-05-01,AA,8767,JFK,SLC,JFK-SLC,06:45,21.0,24.0,0,0,0,,0,290.0,1969,15,11,7.8,8.7,0.9,2.8,3.7,5,Wednesday
fl_0002127,2024-01-04,DL,2702,SLC,ORD,SLC-ORD,19:45,-15.0,-20.0,1,1,0,,0,355.0,2551,17,5,0.0,0.0,0.0,0.0,0.0,1,Thursday
fl_0002128,2024-04-03,AA,1755,IAD,ORD,IAD-ORD,21:00,-13.0,-14.0,1,1,0,,0,218.0,1657,10,13,0.0,0.0,0.0,0.0,0.0,4,Wednesday
fl_0002129,2024-01-15,F9,5513,SAN,LGA,SAN-LGA,07:45,2.0,4.0,1,1,0,,0,324.0,2396,31,18,0.0,0.0,0.0,0.0,0.0,1,Monday
fl_0002130,2024-01-24,DL,6808,BWI,IAD,BWI-IAD,13:45,-13.0,-22.0,1,1,0,,0,171.0,1263,22,16,0.0,0.0,0.0,0.0,0.0,1,Wednesday
fl_0002131,2024-01-16,DL,7259,CLT,ORD,CLT-ORD,22:00,0.0,-1.0,1,1,0,,0,194.0,1353,34,14,0.0,0.0,0.0,0.0,0.0,1,Tuesday
fl_0002132,2024-05-18,DL,1726,PHL,ATL,PHL-ATL,12:30,-12.0,-8.0,1,1,0,,0,250.0,1754,31,8,0.0,0.0,0.0,0.0,0.0,5,Saturday
fl_0002133,2024-05-24,B6,3406,EWR,PHL,EWR-PHL,12:00,1.0,1.0,1,1,0,,0,239.0,1687,30,12,0.0,0.0,0.0,0.0,0.0,5,Friday
fl_0002134,2024-02-13,AA,1305,FLL,MSP,FLL-MSP,08:00,-12.0,-10.0,1,1,0,,0,60.0,354,24,15,0.0,0.0,0.0,0.0,0.0,2,Tuesday
fl_0002135,2024-04-04,AA,8227,MSP,DFW,MSP-DFW,20:30,-2.0,0.0,1,1,0,,0,167.0,1175,18,5,0.0,0.0,0.0,0.0,0.0,4,Thursday
fl_0002136,2024-04-25,UA,8723,SEA,IAD,SEA-IAD,12:15,27.0,36.0,0,0,0,,0,228.0,1630,22,14,5.8,0.4,10.5,14.3,5.1,4,Thursday
fl_0002137,2024-04-23,AA,8465,CLT,FLL,CLT-FLL,12:00,15.0,,0,0,0,,1,255.0,1784,20,19,0.0,45.0,20.0,0.0,0.0,4,Tuesday
fl_0002138,2024-05-05,UA,427,PHL,IAD,PHL-IAD,13:30,-9.0,-15.0,1,1,0,,0,53.0,284,15,17,0.0,0.0,0.0,0.0,0.0,5,Sunday
fl_0002139,2024-03-23,UA,4172,SLC,LAS,SLC-LAS,15:30,-10.0,-19.0,1,1,0,,0,224.0,1608,16,7,0.0,0.0,0.0,0.0,0.0,3,Saturday
fl_0002140,2024-03-24,B6,7018,MSP,LAS,MSP-LAS,11:30,1.0,3.0,1,1,0,,0,176.0,1133,23,6,0.0,0.0,0.0,0.0,0.0,3,Sunday
fl_0002141,2024-02-16,UA,1876,BWI,LAS,BWI-LAS,20:30,11.0,3.0,1,1,0,,0,120.0,797,32,8,0.0,0.0,0.0,0.0,0.0,2,Friday
fl_0002142,2024-05-05,AA,1132,CLT,BWI,CLT-BWI,12:30,10.0,13.0,1,1,0,,0,159.0,1070,28,9,0.0,0.0,0.0,0.0,0.0,5,Sunday
fl_0002143,2024-04-26,WN,6047,SLC,MCO,SLC-MCO,14:00,4.0,4.0,1,1,0,,0,274.0,1943,24,16,0.0,0.0,0.0,0.0,0.0,4,Friday
fl_0002144,2024-04-29,WN,4606,PHX,SEA,PHX-SEA,17:30,-15.0,-19.0,1,1,0,,0,290.0,2082,23,5,0.0,0.0,0.0,0.0,0.0,4,Monday
fl_0002145,2024-01-25,UA,6393,IAH,MSP,IAH-MSP,08:45,27.0,36.0,0,0,0,,0,302.0,2164,26,14,3.4,4.7,5.6,17.7,4.6,1,Thursday
fl_0002146,2024-01-18,WN,178,SEA,EWR,SEA-EWR,11:00,-1.0,-2.0,1,1,0,,0,271.0,1882,32,12,0.0,0.0,0.0,0.0,0.0,1,Thursday
fl_0002147,2024-01-03,UA,4405,LAS,EWR,LAS-EWR,14:00,5.0,0.0,1,1,0,,0,79.0,527,20,7,0.0,0.0,0.0,0.0,0.0,1,Wednesday
fl_0002148,2024-01-18,AA,1192,MIA,SLC,MIA-SLC,07:15,9.0,-1.0,1,1,0,,0,227.0,1661,30,5,0.0,0.0,0.0,0.0,0.0,1,Thursday
fl_0002149,2024-06-23,UA,6120,PHL,MIA,PHL-MIA,21:00,8.0,5.0,1,1,0,,0,261.0,2014,30,8,0.0,0.0,0.0,0.0,0.0,6,Sunday
fl_0002150,2024-03-05,UA,643,SAN,DTW,SAN-DTW,17:30,12.0,16.0,0,1,0,,0,306.0,2105,29,14,6.0,1.3,0.4,1.9,6.4,3,Tuesday
fl_0002151,2024-04-08,B6,464,IAH,EWR,IAH-EWR,20:30,-5.0,-3.0,1,1,0,,0,87.0,533,24,6,0.0,0.0,0.0,0.0,0.0,4,Monday
fl_0002152,2024-03-22,UA,3301,DTW,CLT,DTW-CLT,21:00,9.0,9.0,1,1,0,,0,214.0,1567,30,5,0.0,0.0,0.0,0.0,0.0,3,Friday
fl_0002153,2024-03-02,DL,3923,FLL,DEN,FLL-DEN,22:30,-7.0,-8.0,1,1,0,,0,64.0,351,23,16,0.0,0.0,0.0,0.0,0.0,3,Saturday
fl_0002154,2024-03-24,WN,6212,DFW,PHL,DFW-PHL,17:00,-9.0,-12.0,1,1,0,,0,249.0,1896,30,7,0.0,0.0,0.0,0.0,0.0,3,Sunday
fl_0002155,2024-06-09,UA,8401,PHX,BWI,PHX-BWI,07:30,-14.0,-10.0,1,1,0,,0,146.0,937,14,13,0.0,0.0,0.0,0.0,0.0,6,Sunday
fl_0002156,2024-06-23,DL,7782,PHL,MIA,PHL-MIA,21:15,2.0,-2.0,1,1,0,,0,175.0,1298,13,18,0.0,0.0,0.0,0.0,0.0,6,Sunday
fl_0002157,2024-01-05,B6,1172,IAD,LAX,IAD-LAX,06:45,28.0,31.0,0,0,0,,0,127.0,898,26,6,5.5,1.9,18.2,0.7,4.7,1,Friday
fl_0002158,2024-02-08,HA,4435,LAX,ORD,LAX-ORD,17:45,,,0,0,1,Weather,0,260.0,1758,25,11,0.0,0.0,0.0,0.0,0.0,2,Thursday
fl_0002159,2024-04-08,AS,8666,SAN,CLT,SAN-CLT,08:30,8.0,11.0,1,1,0,,0,335.0,2351,12,11,0.0,0.0,0.0,0.0,0.0,4,Monday
fl_0002160,2024-01-06,AA,4786,JFK,BWI,JFK-BWI,18:15,-14.0,-15.0,1,1,0,,0,90.0,544,28,15,0.0,0.0,0.0,0.0,0.0,1,Saturday
fl_0002161,2024-05-11,F9,8632,CLT,EWR,CLT-EWR,15:15,0.0,-10.0,1,1,0,,0,208.0,1391,23,5,0.0,0.0,0.0,0.0,0.0,5,Saturday
fl_0002162,2024-04-21,AA,8989,BOS,MSP,BOS-MSP,15:00,1.0,1.0,1,1,0,,0,313.0,2277,33,19,0.0,0.0,0.0,0.0,0.0,4,Sunday
fl_0002163,2024-03-08,AA,290,SLC,JFK,SLC-JFK,15:30,2.0,,0,1,0,,1,114.0,807,22,12,0.0,45.0,20.0,0.0,0.0,3,Friday
fl_0002164,2024-04-17,UA,8503,EWR,MIA,EWR-MIA,11:45,-3.0,-10.0,1,1,0,,0,177.0,1199,11,14,0.0,0.0,0.0,0.0,0.0,4,Wednesday
fl_0002165,2024-04-05,AA,1606,IAH,ATL,IAH-ATL,21:00,-6.0,-12.0,1,1,0,,0,306.0,2207,26,14,0.0,0.0,0.0,0.0,0.0,4,Friday
fl_0002166,2024-01-01,DL,8900,MIA,FLL,MIA-FLL,07:30,13.0,11.0,1,1,0,,0,330.0,2339,25,6,0.0,0.0,0.0,0.0,0.0,1,Monday
fl_0002167,2024-05-07,UA,3328,PHX,LAX,PHX-LAX,08:45,-9.0,-13.0,1,1,0,,0,214.0,1524,25,15,0.0,0.0,0.0,0.0,0.0,5,Tuesday
fl_0002168,2024-04-20,AA,8610,SFO,BOS,SFO-BOS,16:30,5.0,7.0,1,1,0,,0,213.0,1617,31,12,0.0,0.0,0.0,0.0,0.0,4,Saturday
fl_0002169,2024-04-25,WN,1168,LAX,PHL,LAX-PHL,08:30,12.0,10.0,1,1,0,,0,188.0,1381,15,14,0.0,0.0,0.0,0.0,0.0,4,Thursday
fl_0002170,2024-01-13,NK,8631,DFW,LAS,DFW-LAS,11:45,10.0,13.0,1,1,0,,0,257.0,1825,30,14,0.0,0.0,0.0,0.0,0.0,1,Saturday
fl_0002171,2024-06-22,AA,3325,LGA,SFO,LGA-SFO,19:00,6.0,-2.0,1,1,0,,0,340.0,2408,22,16,0.0,0.0,0.0,0.0,0.0,6,Saturday
fl_0002172,2024-01-26,AA,1761,PHL,LAX,PHL-LAX,16:30,-2.0,-12.0,1,1,0,,0,115.0,780,20,5,0.0,0.0,0.0,0.0,0.0,1,Friday
fl_0002173,2024-06-06,DL,1485,SEA,MIA,SEA-MIA,19:30,-5.0,-4.0,1,1,0,,0,343.0,2463,13,6,0.0,0.0,0.0,0.0,0.0,6,Thursday
fl_0002174,2024-04-27,G4,8832,IAH,LAS,IAH-LAS,09:00,-7.0,-14.0,1,1,0,,0,385.0,2597,16,17,0.0,0.0,0.0,0.0,0.0,4,Saturday
fl_0002175,2024-06-26,HA,2715,SFO,LAS,SFO-LAS,22:00,46.0,48.0,0,0,0,,0,221.0,1553,12,14,13.2,5.5,11.2,5.0,13.2,6,Wednesday
fl_0002176,2024-01-07,WN,6050,IAD,PHX,IAD-PHX,12:45,8.0,16.0,0,1,0,,0,334.0,2577,33,19,3.0,0.3,1.4,2.0,9.3,1,Sunday
fl_0002177,2024-03-31,DL,676,BOS,DEN,BOS-DEN,11:30,-13.0,-12.0,1,1,0,,0,251.0,1661,17,9,0.0,0.0,0.0,0.0,0.0,3,Sunday
fl_0002178,2024-02-20,WN,3375,DEN,FLL,DEN-FLL,19:30,-13.0,-21.0,1,1,0,,0,337.0,2549,29,16,0.0,0.0,0.0,0.0,0.0,2,Tuesday
fl_0002179,2024-04-28,WN,260,JFK,BWI,JFK-BWI,11:30,-10.0,-19.0,1,1,0,,0,98.0,623,32,9,0.0,0.0,0.0,0.0,0.0,4,Sunday
fl_0002180,2024-06-09,AA,3408,IAH,DFW,IAH-DFW,21:45,9.0,6.0,1,1,0,,0,203.0,1344,15,9,0.0,0.0,0.0,0.0,0.0,6,Sunday
fl_0002181,2024-01-08,DL,2694,SLC,PHL,SLC-PHL,22:15,-15.0,-23.0,1,1,0,,0,168.0,1155,11,7,0.0,0.0,0.0,0.0,0.0,1,Monday
fl_0002182,2024-04-15,AA,5773,EWR,SAN,EWR-SAN,11:45,0.0,-7.0,1,1,0,,0,90.0,569,17,15,0.0,0.0,0.0,0.0,0.0,4,Monday
fl_0002183,2024-01-06,DL,8121,BWI,SFO,BWI-SFO,13:45,-13.0,-17.0,1,1,0,,0,52.0,281,28,17,0.0,0.0,0.0,0.0,0.0,1,Saturday
fl_0002184,2024-06-23,WN,8797,CLT,SLC,CLT-SLC,20:00,45.0,54.0,0,0,0,,0,90.0,608,33,8,25.8,4.6,2.4,21.0,0.2,6,Sunday
fl_0002185,2024-02-28,UA,7506,FLL,LGA,FLL-LGA,15:15,-12.0,-10.0,1,1,0,,0,278.0,2009,28,17,0.0,0.0,0.0,0.0,0.0,2,Wednesday
fl_0002186,2024-04-22,B6,7141,SEA,DFW,SEA-DFW,17:15,,,0,0,1,Weather,0,195.0,1397,24,7,0.0,0.0,0.0,0.0,0.0,4,Monday
fl_0002187,2024-04-24,DL,5936,BOS,ORD,BOS-ORD,21:15,16.0,18.0,0,0,0,,0,223.0,1525,24,14,0.8,3.4,4.8,7.7,1.3,4,Wednesday
fl_0002188,2024-02-18,UA,6000,ORD,ATL,ORD-ATL,09:15,-4.0,-2.0,1,1,0,,0,123.0,875,34,7,0.0,0.0,0.0,0.0,0.0,2,Sunday
fl_0002189,2024-03-09,DL,6215,MCO,SAN,MCO-SAN,22:30,1.0,3.0,1,1,0,,0,125.0,880,34,12,0.0,0.0,0.0,0.0,0.0,3,Saturday
fl_0002190,2024-03-28,AA,6104,SEA,LAX,SEA-LAX,14:15,-10.0,-10.0,1,1,0,,0,207.0,1552,17,11,0.0,0.0,0.0,0.0,0.0,3,Thursday
fl_0002191,2024-03-27,UA,6042,SLC,LAS,SLC-LAS,10:45,91.0,98.0,0,0,0,,0,318.0,2388,11,6,10.5,11.3,6.0,9.8,60.3,3,Wednesday
fl_0002192,2024-06-19,AS,5336,BWI,LAS,BWI-LAS,08:15,10.0,5.0,1,1,0,,0,169.0,1252,29,6,0.0,0.0,0.0,0.0,0.0,6,Wednesday
fl_0002193,2024-06-01,NK,8989,PHL,JFK,PHL-JFK,15:15,97.0,104.0,0,0,0,,0,116.0,711,32,15,57.1,21.0,4.1,12.9,8.9,6,Saturday
fl_0002194,2024-02-19,DL,3035,DFW,ORD,DFW-ORD,07:15,-2.0,2.0,1,1,0,,0,210.0,1429,22,14,0.0,0.0,0.0,0.0,0.0,2,Monday
fl_0002195,2024-02-23,WN,1865,ATL,LAS,ATL-LAS,11:30,3.0,-6.0,1,1,0,,0,58.0,302,26,19,0.0,0.0,0.0,0.0,0.0,2,Friday
fl_0002196,2024-03-23,WN,6809,IAD,EWR,IAD-EWR,11:45,-9.0,-5.0,1,1,0,,0,322.0,2313,12,12,0.0,0.0,0.0,0.0,0.0,3,Saturday
fl_0002197,2024-03-02,B6,2598,PHX,SAN,PHX-SAN,13:30,7.0,0.0,1,1,0,,0,141.0,1005,30,11,0.0,0.0,0.0,0.0,0.0,3,Saturday
fl_0002198,2024-05-10,HA,8816,CLT,LAS,CLT-LAS,08:00,3.0,-1.0,1,1,0,,0,354.0,2442,19,9,0.0,0.0,0.0,0.0,0.0,5,Friday
fl_0002199,2024-03-20,WN,5355,EWR,SLC,EWR-SLC,20:30,4.0,5.0,1,1,0,,0,146.0,1031,23,6,0.0,0.0,0.0,0.0,0.0,3,Wednesday
fl_0002200,2024-02-01,WN,8173,BOS,ATL,BOS-ATL,22:30,-13.0,-11.0,1,1,0,,0,250.0,1916,17,7,0.0,0.0,0.0,0.0,0.0,2,Thursday
fl_0002201,2024-04-02,WN,7021,DTW,MCO,DTW-MCO,16:30,-7.0,-3.0,1,1,0,,0,280.0,2126,29,10,0.0,0.0,0.0,0.0,0.0,4,Tuesday
fl_0002202,2024-01-24,B6,841,CLT,SEA,CLT-SEA,14:45,10.0,9.0,1,1,0,,0,272.0,1823,15,5,0.0,0.0,0.0,0.0,0.0,1,Wednesday
fl_0002203,2024-05-22,HA,1415,ATL,BWI,ATL-BWI,18:45,2.0,-5.0,1,1,0,,0,242.0,1832,29,5,0.0,0.0,0.0,0.0,0.0,5,Wednesday
fl_0002204,2024-01-18,WN,5570,DEN,ORD,DEN-ORD,15:00,-12.0,-18.0,1,1,0,,0,243.0,1732,28,9,0.0,0.0,0.0,0.0,0.0,1,Thursday
fl_0002205,2024-04-04,AA,5478,SAN,PHX,SAN-PHX,14:00,-14.0,-13.0,1,1,0,,0,268.0,2034,32,9,0.0,0.0,0.0,0.0,0.0,4,Thursday
fl_0002206,2024-06-03,WN,768,ATL,FLL,ATL-FLL,11:15,6.0,7.0,1,1,0,,0,175.0,1235,22,13,0.0,0.0,0.0,0.0,0.0,6,Monday
fl_0002207,2024-04-07,DL,1556,SFO,MSP,SFO-MSP,18:00,-3.0,-2.0,1,1,0,,0,140.0,958,31,13,0.0,0.0,0.0,0.0,0.0,4,Sunday
fl_0002208,2024-04-08,AA,6046,MSP,JFK,MSP-JFK,22:45,-14.0,-24.0,1,1,0,,0,246.0,1890,11,11,0.0,0.0,0.0,0.0,0.0,4,Monday
fl_0002209,2024-01-01,DL,4573,LAX,LAS,LAX-LAS,08:15,-10.0,-16.0,1,1,0,,0,228.0,1673,12,14,0.0,0.0,0.0,0.0,0.0,1,Monday
fl_0002210,2024-06-25,AS,975,MIA,DFW,MIA-DFW,07:15,-14.0,-15.0,1,1,0,,0,222.0,1479,15,17,0.0,0.0,0.0,0.0,0.0,6,Tuesday
fl_0002211,2024-06-14,B6,445,DTW,EWR,DTW-EWR,07:15,-14.0,-23.0,1,1,0,,0,156.0,990,33,5,0.0,0.0,0.0,0.0,0.0,6,Friday
fl_0002212,2024-03-27,UA,7001,ORD,ATL,ORD-ATL,22:45,39.0,43.0,0,0,0,,0,208.0,1398,10,18,7.2,26.8,0.1,1.7,7.3,3,Wednesday
fl_0002213,2024-04-14,DL,4652,SLC,IAD,SLC-IAD,14:15,13.0,3.0,1,1,0,,0,282.0,2012,31,15,0.0,0.0,0.0,0.0,0.0,4,Sunday
fl_0002214,2024-03-09,AA,8294,LGA,EWR,LGA-EWR,09:45,-11.0,-15.0,1,1,0,,0,247.0,1874,28,17,0.0,0.0,0.0,0.0,0.0,3,Saturday
fl_0002215,2024-01-10,WN,713,SEA,PHX,SEA-PHX,13:30,44.0,48.0,0,0,0,,0,123.0,865,21,16,4.3,8.7,1.4,14.3,19.3,1,Wednesday
fl_0002216,2024-05-21,DL,3184,BWI,SFO,BWI-SFO,12:00,8.0,-1.0,1,1,0,,0,198.0,1391,25,19,0.0,0.0,0.0,0.0,0.0,5,Tuesday
fl_0002217,2024-02-02,WN,480,DTW,EWR,DTW-EWR,09:45,-13.0,-16.0,1,1,0,,0,70.0,430,29,17,0.0,0.0,0.0,0.0,0.0,2,Friday
fl_0002218,2024-04-01,B6,7875,ORD,DTW,ORD-DTW,21:00,-14.0,-12.0,1,1,0,,0,315.0,2260,19,6,0.0,0.0,0.0,0.0,0.0,4,Monday
fl_0002219,2024-06-26,UA,6296,MCO,DEN,MCO-DEN,09:15,13.0,5.0,1,1,0,,0,84.0,488,17,7,0.0,0.0,0.0,0.0,0.0,6,Wednesday
fl_0002220,2024-05-22,WN,1265,PHX,LGA,PHX-LGA,08:00,,,0,0,1,Weather,0,317.0,2435,14,13,0.0,0.0,0.0,0.0,0.0,5,Wednesday
fl_0002221,2024-05-12,UA,6125,PHX,MCO,PHX-MCO,17:45,-13.0,-16.0,1,1,0,,0,96.0,631,23,11,0.0,0.0,0.0,0.0,0.0,5,Sunday
fl_0002222,2024-06-07,UA,5899,LAX,IAD,LAX-IAD,12:00,-8.0,-5.0,1,1,0,,0,334.0,2586,23,8,0.0,0.0,0.0,0.0,0.0,6,Friday
fl_0002223,2024-01-21,DL,7873,DFW,CLT,DFW-CLT,16:15,31.0,33.0,0,0,0,,0,217.0,1586,20,14,9.9,0.7,17.5,4.4,0.5,1,Sunday
fl_0002224,2024-06-19,NK,7152,SLC,IAD,SLC-IAD,21:45,-7.0,-16.0,1,1,0,,0,264.0,1993,10,16,0.0,0.0,0.0,0.0,0.0,6,Wednesday
fl_0002225,2024-05-26,UA,7379,DTW,BWI,DTW-BWI,08:15,12.0,13.0,1,1,0,,0,70.0,427,18,18,0.0,0.0,0.0,0.0,0.0,5,Sunday
fl_0002226,2024-03-12,DL,5543,SAN,ATL,SAN-ATL,18:30,-6.0,-15.0,1,1,0,,0,327.0,2397,32,8,0.0,0.0,0.0,0.0,0.0,3,Tuesday
fl_0002227,2024-05-10,AA,1263,ATL,BWI,ATL-BWI,10:00,24.0,24.0,0,0,0,,0,58.0,345,21,15,1.0,6.1,6.9,3.2,6.7,5,Friday
fl_0002228,2024-06-08,AA,345,EWR,JFK,EWR-JFK,22:30,-5.0,-11.0,1,1,0,,0,169.0,1231,13,6,0.0,0.0,0.0,0.0,0.0,6,Saturday
fl_0002229,2024-01-19,AA,8649,LGA,FLL,LGA-FLL,10:30,13.0,16.0,0,1,0,,0,145.0,926,18,7,0.0,0.0,0.0,0.0,0.0,1,Friday
fl_0002230,2024-04-23,WN,7050,MIA,BOS,MIA-BOS,11:30,3.0,-5.0,1,1,0,,0,348.0,2359,25,17,0.0,0.0,0.0,0.0,0.0,4,Tuesday
fl_0002231,2024-04-08,DL,3672,BWI,FLL,BWI-FLL,14:00,8.0,12.0,1,1,0,,0,181.0,1237,13,5,0.0,0.0,0.0,0.0,0.0,4,Monday
fl_0002232,2024-03-10,AS,3096,JFK,MCO,JFK-MCO,19:00,-11.0,-16.0,1,1,0,,0,210.0,1415,19,18,0.0,0.0,0.0,0.0,0.0,3,Sunday
fl_0002233,2024-04-04,UA,2480,EWR,BWI,EWR-BWI,11:00,-2.0,-6.0,1,1,0,,0,310.0,2381,20,19,0.0,0.0,0.0,0.0,0.0,4,Thursday
fl_0002234,2024-06-23,DL,1241,IAD,IAH,IAD-IAH,14:00,-5.0,-6.0,1,1,0,,0,202.0,1518,24,5,0.0,0.0,0.0,0.0,0.0,6,Sunday
fl_0002235,2024-01-17,AS,6710,ORD,CLT,ORD-CLT,11:15,-1.0,-11.0,1,1,0,,0,276.0,1915,27,12,0.0,0.0,0.0,0.0,0.0,1,Wednesday
fl_0002236,2024-04-12,UA,4689,MIA,SAN,MIA-SAN,19:00,9.0,8.0,1,1,0,,0,154.0,1106,32,14,0.0,0.0,0.0,0.0,0.0,4,Friday
fl_0002237,2024-02-22,NK,3528,ATL,BWI,ATL-BWI,19:45,-2.0,-11.0,1,1,0,,0,325.0,2336,11,19,0.0,0.0,0.0,0.0,0.0,2,Thursday
fl_0002238,2024-01-24,DL,4207,IAD,ORD,IAD-ORD,19:30,-11.0,-16.0,1,1,0,,0,197.0,1283,27,19,0.0,0.0,0.0,0.0,0.0,1,Wednesday
fl_0002239,2024-01-25,UA,4690,SFO,EWR,SFO-EWR,17:00,-4.0,-11.0,1,1,0,,0,315.0,2445,15,15,0.0,0.0,0.0,0.0,0.0,1,Thursday
fl_0002240,2024-03-28,WN,3787,ATL,SAN,ATL-SAN,14:30,-5.0,-11.0,1,1,0,,0,189.0,1374,33,16,0.0,0.0,0.0,0.0,0.0,3,Thursday
fl_0002241,2024-02-20,AA,7054,IAH,LAX,IAH-LAX,19:30,-1.0,-2.0,1,1,0,,0,217.0,1425,24,5,0.0,0.0,0.0,0.0,0.0,2,Tuesday
fl_0002242,2024-04-20,UA,2303,PHX,BWI,PHX-BWI,22:00,-5.0,-13.0,1,1,0,,0,104.0,696,19,14,0.0,0.0,0.0,0.0,0.0,4,Saturday
fl_0002243,2024-01-10,AA,1527,SAN,ORD,SAN-ORD,22:45,9.0,-1.0,1,1,0,,0,289.0,2235,34,18,0.0,0.0,0.0,0.0,0.0,1,Wednesday
fl_0002244,2024-03-12,F9,2194,MCO,BWI,MCO-BWI,08:00,-9.0,-14.0,1,1,0,,0,185.0,1280,19,5,0.0,0.0,0.0,0.0,0.0,3,Tuesday
fl_0002245,2024-01-02,DL,1553,PHX,JFK,PHX-JFK,14:30,16.0,18.0,0,0,0,,0,117.0,761,13,8,5.7,0.7,3.3,8.3,0.1,1,Tuesday
fl_0002246,2024-02-08,WN,664,BOS,DTW,BOS-DTW,09:00,3.0,-1.0,1,1,0,,0,167.0,1162,33,16,0.0,0.0,0.0,0.0,0.0,2,Thursday
fl_0002247,2024-03-23,B6,3854,LAS,DTW,LAS-DTW,17:00,-3.0,-6.0,1,1,0,,0,358.0,2552,18,17,0.0,0.0,0.0,0.0,0.0,3,Saturday
fl_0002248,2024-02-23,AS,5968,SAN,BWI,SAN-BWI,07:30,-4.0,-8.0,1,1,0,,0,239.0,1731,25,12,0.0,0.0,0.0,0.0,0.0,2,Friday
fl_0002249,2024-05-01,AA,7579,ORD,LAX,ORD-LAX,11:30,-11.0,-14.0,1,1,0,,0,326.0,2342,18,10,0.0,0.0,0.0,0.0,0.0,5,Wednesday
fl_0002250,2024-02-13,WN,3997,ORD,MSP,ORD-MSP,11:30,,,0,0,1,Weather,0,200.0,1488,14,19,0.0,0.0,0.0,0.0,0.0,2,Tuesday
fl_0002251,2024-04-01,UA,6449,PHX,BWI,PHX-BWI,10:15,-13.0,-9.0,1,1,0,,0,232.0,1760,27,17,0.0,0.0,0.0,0.0,0.0,4,Monday
fl_0002252,2024-04-18,AA,2386,IAD,LAX,IAD-LAX,16:15,-5.0,-2.0,1,1,0,,0,334.0,2481,25,16,0.0,0.0,0.0,0.0,0.0,4,Thursday
fl_0002253,2024-06-16,UA,2905,SLC,DEN,SLC-DEN,18:30,4.0,-6.0,1,1,0,,0,209.0,1584,32,11,0.0,0.0,0.0,0.0,0.0,6,Sunday
fl_0002254,2024-03-23,UA,6727,IAD,ATL,IAD-ATL,11:45,-8.0,-4.0,1,1,0,,0,128.0,887,34,10,0.0,0.0,0.0,0.0,0.0,3,Saturday
fl_0002255,2024-01-14,DL,1409,CLT,IAH,CLT-IAH,19:30,25.0,30.0,0,0,0,,0,137.0,962,19,5,9.9,3.5,7.9,6.9,1.8,1,Sunday
fl_0002256,2024-01-08,UA,432,LGA,SEA,LGA-SEA,21:00,-12.0,-17.0,1,1,0,,0,109.0,672,32,12,0.0,0.0,0.0,0.0,0.0,1,Monday
fl_0002257,2024-01-22,AA,8061,CLT,SAN,CLT-SAN,19:15,-12.0,-17.0,1,1,0,,0,309.0,2177,12,16,0.0,0.0,0.0,0.0,0.0,1,Monday
fl_0002258,2024-03-20,WN,8306,DEN,MIA,DEN-MIA,22:30,-14.0,-21.0,1,1,0,,0,180.0,1306,34,5,0.0,0.0,0.0,0.0,0.0,3,Wednesday
fl_0002259,2024-06-25,UA,1938,CLT,LAS,CLT-LAS,17:45,56.0,65.0,0,0,0,,0,291.0,2066,12,15,36.2,1.4,1.8,22.2,3.3,6,Tuesday
fl_0002260,2024-04-13,DL,7376,LGA,JFK,LGA-JFK,09:15,9.0,-1.0,1,1,0,,0,208.0,1402,22,15,0.0,0.0,0.0,0.0,0.0,4,Saturday
fl_0002261,2024-02-27,F9,2373,ATL,MCO,ATL-MCO,19:15,30.0,39.0,0,0,0,,0,219.0,1447,27,17,11.7,12.3,4.6,8.2,2.1,2,Tuesday
fl_0002262,2024-06-19,WN,6683,IAH,SFO,IAH-SFO,10:30,-5.0,-1.0,1,1,0,,0,213.0,1610,16,14,0.0,0.0,0.0,0.0,0.0,6,Wednesday
fl_0002263,2024-05-26,WN,4384,SFO,SAN,SFO-SAN,11:00,25.0,27.0,0,0,0,,0,71.0,419,17,17,15.7,2.7,1.6,0.2,6.9,5,Sunday
fl_0002264,2024-04-02,F9,6538,MCO,SLC,MCO-SLC,16:15,-7.0,-15.0,1,1,0,,0,71.0,446,12,13,0.0,0.0,0.0,0.0,0.0,4,Tuesday
fl_0002265,2024-04-19,UA,2445,DEN,MIA,DEN-MIA,09:45,98.0,105.0,0,0,0,,0,152.0,961,10,19,13.6,40.9,19.3,31.1,0.0,4,Friday
fl_0002266,2024-02-25,DL,1195,SFO,MIA,SFO-MIA,09:15,,,0,0,1,Weather,0,170.0,1142,13,19,0.0,0.0,0.0,0.0,0.0,2,Sunday
fl_0002267,2024-05-01,DL,624,LAS,PHX,LAS-PHX,22:30,50.0,55.0,0,0,0,,0,157.0,1031,11,19,0.9,2.1,6.6,33.3,12.1,5,Wednesday
fl_0002268,2024-05-24,UA,4917,LGA,BOS,LGA-BOS,15:00,70.0,70.0,0,0,0,,0,364.0,2548,33,18,2.8,35.2,14.7,15.8,1.5,5,Friday
fl_0002269,2024-03-23,WN,1187,SFO,SEA,SFO-SEA,06:45,35.0,41.0,0,0,0,,0,292.0,2239,22,7,13.3,0.0,8.3,15.1,4.2,3,Saturday
fl_0002270,2024-06-14,DL,1788,SAN,MSP,SAN-MSP,19:15,6.0,10.0,1,1,0,,0,194.0,1304,15,6,0.0,0.0,0.0,0.0,0.0,6,Friday
fl_0002271,2024-05-27,B6,7172,ORD,SEA,ORD-SEA,07:45,-9.0,-7.0,1,1,0,,0,251.0,1815,34,9,0.0,0.0,0.0,0.0,0.0,5,Monday
fl_0002272,2024-06-26,DL,8217,IAD,CLT,IAD-CLT,20:30,6.0,-2.0,1,1,0,,0,107.0,738,26,17,0.0,0.0,0.0,0.0,0.0,6,Wednesday
fl_0002273,2024-03-18,B6,7561,SEA,MCO,SEA-MCO,14:00,-12.0,-14.0,1,1,0,,0,51.0,265,27,7,0.0,0.0,0.0,0.0,0.0,3,Monday
fl_0002274,2024-05-13,DL,6750,ORD,FLL,ORD-FLL,21:15,8.0,0.0,1,1,0,,0,120.0,773,21,14,0.0,0.0,0.0,0.0,0.0,5,Monday
fl_0002275,2024-04-24,UA,5999,DTW,SEA,DTW-SEA,12:30,12.0,13.0,1,1,0,,0,101.0,640,16,16,0.0,0.0,0.0,0.0,0.0,4,Wednesday
fl_0002276,2024-01-15,B6,5632,SLC,ATL,SLC-ATL,09:30,-6.0,-6.0,1,1,0,,0,285.0,2072,13,15,0.0,0.0,0.0,0.0,0.0,1,Monday
fl_0002277,2024-02-26,DL,294,LAS,PHX,LAS-PHX,06:45,7.0,,0,1,0,,1,184.0,1303,33,8,0.0,45.0,20.0,0.0,0.0,2,Monday
fl_0002278,2024-03-13,AA,7508,LAS,DEN,LAS-DEN,09:00,-7.0,-17.0,1,1,0,,0,341.0,2364,25,16,0.0,0.0,0.0,0.0,0.0,3,Wednesday
fl_0002279,2024-01-27,AA,8690,SAN,BOS,SAN-BOS,19:30,9.0,,0,1,0,,1,360.0,2496,28,11,0.0,45.0,20.0,0.0,0.0,1,Saturday
fl_0002280,2024-05-10,NK,5462,LGA,BWI,LGA-BWI,06:00,3.0,-6.0,1,1,0,,0,52.0,272,34,17,0.0,0.0,0.0,0.0,0.0,5,Friday
fl_0002281,2024-01-29,UA,1818,BOS,SAN,BOS-SAN,11:30,-1.0,1.0,1,1,0,,0,149.0,1074,31,14,0.0,0.0,0.0,0.0,0.0,1,Monday
fl_0002282,2024-03-23,F9,7596,LGA,LAX,LGA-LAX,19:30,8.0,6.0,1,1,0,,0,295.0,2074,22,19,0.0,0.0,0.0,0.0,0.0,3,Saturday
fl_0002283,2024-01-15,NK,7237,CLT,DFW,CLT-DFW,19:15,33.0,35.0,0,0,0,,0,126.0,813,34,11,3.5,12.2,3.9,9.6,5.8,1,Monday
fl_0002284,2024-03-03,DL,6277,ATL,DEN,ATL-DEN,19:00,4.0,-1.0,1,1,0,,0,170.0,1164,27,6,0.0,0.0,0.0,0.0,0.0,3,Sunday
fl_0002285,2024-03-30,UA,1456,LAS,PHX,LAS-PHX,08:00,5.0,2.0,1,1,0,,0,292.0,2189,26,19,0.0,0.0,0.0,0.0,0.0,3,Saturday
fl_0002286,2024-04-26,UA,542,PHL,SLC,PHL-SLC,14:15,-14.0,-12.0,1,1,0,,0,230.0,1520,21,9,0.0,0.0,0.0,0.0,0.0,4,Friday
fl_0002287,2024-04-02,HA,568,CLT,DTW,CLT-DTW,15:30,13.0,12.0,1,1,0,,0,145.0,1047,28,12,0.0,0.0,0.0,0.0,0.0,4,Tuesday
fl_0002288,2024-04-10,WN,8911,BWI,BOS,BWI-BOS,14:45,3.0,7.0,1,1,0,,0,85.0,526,26,7,0.0,0.0,0.0,0.0,0.0,4,Wednesday
fl_0002289,2024-06-13,WN,4829,JFK,SAN,JFK-SAN,09:30,10.0,11.0,1,1,0,,0,137.0,938,33,13,0.0,0.0,0.0,0.0,0.0,6,Thursday
fl_0002290,2024-02-12,AS,1024,MCO,BOS,MCO-BOS,15:15,,,0,0,1,Weather,0,241.0,1761,15,17,0.0,0.0,0.0,0.0,0.0,2,Monday
fl_0002291,2024-04-25,G4,2642,SFO,PHX,SFO-PHX,12:45,10.0,7.0,1,1,0,,0,329.0,2256,21,15,0.0,0.0,0.0,0.0,0.0,4,Thursday
fl_0002292,2024-02-21,WN,4527,ORD,PHL,ORD-PHL,18:15,-1.0,-2.0,1,1,0,,0,315.0,2275,12,14,0.0,0.0,0.0,0.0,0.0,2,Wednesday
fl_0002293,2024-02-13,DL,4051,SEA,BWI,SEA-BWI,15:00,8.0,0.0,1,1,0,,0,93.0,617,12,8,0.0,0.0,0.0,0.0,0.0,2,Tuesday
fl_0002294,2024-06-24,DL,8987,DEN,SAN,DEN-SAN,19:45,-5.0,-1.0,1,1,0,,0,200.0,1464,29,18,0.0,0.0,0.0,0.0,0.0,6,Monday
fl_0002295,2024-06-28,WN,4300,SLC,LGA,SLC-LGA,21:45,-7.0,-16.0,1,1,0,,0,180.0,1202,21,10,0.0,0.0,0.0,0.0,0.0,6,Friday
fl_0002296,2024-03-23,WN,8210,LGA,MIA,LGA-MIA,14:15,14.0,20.0,0,1,0,,0,342.0,2391,32,10,5.7,3.4,0.7,7.4,2.7,3,Saturday
fl_0002297,2024-04-26,UA,897,DTW,BOS,DTW-BOS,08:45,6.0,9.0,1,1,0,,0,351.0,2539,19,17,0.0,0.0,0.0,0.0,0.0,4,Friday
fl_0002298,2024-04-23,DL,2566,MIA,IAH,MIA-IAH,16:15,2.0,3.0,1,1,0,,0,225.0,1610,16,8,0.0,0.0,0.0,0.0,0.0,4,Tuesday
fl_0002299,2024-05-27,DL,1746,LAS,PHX,LAS-PHX,20:00,-5.0,-6.0,1,1,0,,0,105.0,681,14,17,0.0,0.0,0.0,0.0,0.0,5,Monday
fl_0002300,2024-05-13,B6,4975,SEA,FLL,SEA-FLL,07:45,9.0,6.0,1,1,0,,0,332.0,2316,27,6,0.0,0.0,0.0,0.0,0.0,5,Monday
fl_0002301,2024-04-18,DL,4271,LGA,DTW,LGA-DTW,13:45,7.0,3.0,1,1,0,,0,216.0,1636,29,14,0.0,0.0,0.0,0.0,0.0,4,Thursday
fl_0002302,2024-02-13,UA,5463,MSP,BOS,MSP-BOS,15:15,5.0,6.0,1,1,0,,0,231.0,1653,28,9,0.0,0.0,0.0,0.0,0.0,2,Tuesday
fl_0002303,2024-04-23,DL,3328,BOS,FLL,BOS-FLL,21:00,12.0,13.0,1,1,0,,0,159.0,1029,10,5,0.0,0.0,0.0,0.0,0.0,4,Tuesday
fl_0002304,2024-06-27,AA,1888,SLC,BOS,SLC-BOS,07:00,13.0,20.0,0,1,0,,0,218.0,1569,30,10,4.9,7.1,5.0,2.9,0.2,6,Thursday
fl_0002305,2024-03-27,AA,3698,CLT,LAS,CLT-LAS,22:00,-3.0,-9.0,1,1,0,,0,93.0,563,32,15,0.0,0.0,0.0,0.0,0.0,3,Wednesday
fl_0002306,2024-02-01,UA,6427,IAH,SAN,IAH-SAN,20:30,-15.0,-23.0,1,1,0,,0,319.0,2281,15,10,0.0,0.0,0.0,0.0,0.0,2,Thursday
fl_0002307,2024-02-19,DL,234,LAX,DEN,LAX-DEN,07:30,-8.0,-7.0,1,1,0,,0,174.0,1267,17,7,0.0,0.0,0.0,0.0,0.0,2,Monday
fl_0002308,2024-01-20,NK,2563,BWI,ATL,BWI-ATL,09:30,90.0,93.0,0,0,0,,0,326.0,2219,23,19,3.4,9.1,30.4,49.6,0.4,1,Saturday
fl_0002309,2024-01-29,B6,707,DFW,LGA,DFW-LGA,11:00,-13.0,-13.0,1,1,0,,0,62.0,332,34,18,0.0,0.0,0.0,0.0,0.0,1,Monday
fl_0002310,2024-06-07,DL,7853,JFK,PHX,JFK-PHX,11:30,-11.0,-15.0,1,1,0,,0,176.0,1235,26,15,0.0,0.0,0.0,0.0,0.0,6,Friday
fl_0002311,2024-05-10,WN,5030,EWR,IAH,EWR-IAH,09:30,12.0,14.0,1,1,0,,0,219.0,1646,33,17,0.0,0.0,0.0,0.0,0.0,5,Friday
fl_0002312,2024-03-05,UA,8358,PHL,LAS,PHL-LAS,20:00,-10.0,-15.0,1,1,0,,0,192.0,1248,33,11,0.0,0.0,0.0,0.0,0.0,3,Tuesday
fl_0002313,2024-06-12,UA,8785,CLT,MSP,CLT-MSP,13:00,-2.0,-9.0,1,1,0,,0,143.0,995,21,18,0.0,0.0,0.0,0.0,0.0,6,Wednesday
fl_0002314,2024-04-16,DL,354,SLC,MIA,SLC-MIA,21:00,9.0,11.0,1,1,0,,0,295.0,2120,14,17,0.0,0.0,0.0,0.0,0.0,4,Tuesday
fl_0002315,2024-06-21,F9,3016,LGA,LAX,LGA-LAX,19:30,11.0,14.0,1,1,0,,0,154.0,1071,15,7,0.0,0.0,0.0,0.0,0.0,6,Friday
fl_0002316,2024-04-29,AA,3879,ORD,LAS,ORD-LAS,07:00,7.0,11.0,1,1,0,,0,348.0,2382,15,9,0.0,0.0,0.0,0.0,0.0,4,Monday
fl_0002317,2024-06-12,HA,5643,ORD,BWI,ORD-BWI,20:30,14.0,23.0,0,1,0,,0,303.0,2358,30,10,5.3,8.0,6.4,2.1,1.2,6,Wednesday
fl_0002318,2024-05-04,DL,5662,IAH,LAS,IAH-LAS,21:45,59.0,63.0,0,0,0,,0,98.0,610,23,12,11.4,5.8,4.7,35.1,6.0,5,Saturday
fl_0002319,2024-02-21,DL,3021,DFW,LGA,DFW-LGA,19:30,-13.0,-14.0,1,1,0,,0,251.0,1759,28,6,0.0,0.0,0.0,0.0,0.0,2,Wednesday
fl_0002320,2024-01-14,NK,5637,SEA,DTW,SEA-DTW,20:15,9.0,-1.0,1,1,0,,0,325.0,2272,20,14,0.0,0.0,0.0,0.0,0.0,1,Sunday
fl_0002321,2024-01-24,DL,635,BWI,SFO,BWI-SFO,15:15,9.0,6.0,1,1,0,,0,197.0,1413,27,5,0.0,0.0,0.0,0.0,0.0,1,Wednesday
fl_0002322,2024-03-22,WN,1464,PHX,EWR,PHX-EWR,19:30,-7.0,-15.0,1,1,0,,0,361.0,2547,16,5,0.0,0.0,0.0,0.0,0.0,3,Friday
fl_0002323,2024-03-28,AA,1658,PHX,FLL,PHX-FLL,13:15,11.0,5.0,1,1,0,,0,356.0,2496,33,6,0.0,0.0,0.0,0.0,0.0,3,Thursday
fl_0002324,2024-04-29,F9,6520,MIA,EWR,MIA-EWR,21:45,5.0,2.0,1,1,0,,0,119.0,806,19,17,0.0,0.0,0.0,0.0,0.0,4,Monday
fl_0002325,2024-04-18,UA,6439,LGA,LAX,LGA-LAX,09:45,2.0,3.0,1,1,0,,0,130.0,920,25,15,0.0,0.0,0.0,0.0,0.0,4,Thursday
fl_0002326,2024-06-01,B6,3917,SFO,DFW,SFO-DFW,14:30,12.0,16.0,0,1,0,,0,143.0,1050,19,12,0.0,0.0,0.0,0.0,0.0,6,Saturday
fl_0002327,2024-02-12,WN,6662,SFO,IAH,SFO-IAH,14:45,16.0,16.0,0,0,0,,0,72.0,427,16,5,1.1,6.5,4.8,3.4,0.2,2,Monday
fl_0002328,2024-05-22,F9,3719,MCO,EWR,MCO-EWR,11:30,-15.0,-12.0,1,1,0,,0,252.0,1766,19,13,0.0,0.0,0.0,0.0,0.0,5,Wednesday
fl_0002329,2024-01-06,WN,4579,SFO,EWR,SFO-EWR,19:15,12.0,21.0,0,1,0,,0,197.0,1341,14,18,1.0,0.7,14.3,0.6,4.5,1,Saturday
fl_0002330,2024-04-17,WN,3573,BOS,BWI,BOS-BWI,13:45,89.0,91.0,0,0,0,,0,127.0,902,31,15,1.3,3.1,21.2,30.8,34.6,4,Wednesday
fl_0002331,2024-01-07,AS,7952,SLC,LGA,SLC-LGA,15:45,-14.0,-15.0,1,1,0,,0,121.0,743,25,19,0.0,0.0,0.0,0.0,0.0,1,Sunday
fl_0002332,2024-02-01,B6,8703,LAS,MIA,LAS-MIA,06:00,7.0,5.0,1,1,0,,0,138.0,916,16,15,0.0,0.0,0.0,0.0,0.0,2,Thursday
fl_0002333,2024-03-10,B6,3010,PHL,CLT,PHL-CLT,13:45,,,0,0,1,Weather,0,215.0,1559,28,5,0.0,0.0,0.0,0.0,0.0,3,Sunday
fl_0002334,2024-02-19,WN,6309,DFW,BOS,DFW-BOS,06:30,-4.0,-1.0,1,1,0,,0,181.0,1266,13,5,0.0,0.0,0.0,0.0,0.0,2,Monday
fl_0002335,2024-03-15,WN,4063,LGA,CLT,LGA-CLT,13:45,2.0,-5.0,1,1,0,,0,119.0,785,21,11,0.0,0.0,0.0,0.0,0.0,3,Friday
fl_0002336,2024-05-29,DL,2856,BWI,SLC,BWI-SLC,21:00,9.0,7.0,1,1,0,,0,305.0,2299,28,19,0.0,0.0,0.0,0.0,0.0,5,Wednesday
fl_0002337,2024-04-09,DL,5010,BOS,LGA,BOS-LGA,21:00,56.0,63.0,0,0,0,,0,136.0,939,23,14,4.7,17.9,9.3,30.1,1.1,4,Tuesday
fl_0002338,2024-01-21,F9,5863,MCO,PHX,MCO-PHX,15:45,-13.0,-14.0,1,1,0,,0,169.0,1261,10,18,0.0,0.0,0.0,0.0,0.0,1,Sunday
fl_0002339,2024-03-11,AS,6447,EWR,PHL,EWR-PHL,20:15,-2.0,-9.0,1,1,0,,0,230.0,1667,20,8,0.0,0.0,0.0,0.0,0.0,3,Monday
fl_0002340,2024-06-07,AA,8321,IAD,BWI,IAD-BWI,07:15,-12.0,-14.0,1,1,0,,0,57.0,310,14,14,0.0,0.0,0.0,0.0,0.0,6,Friday
fl_0002341,2024-05-11,NK,5776,BOS,MIA,BOS-MIA,09:15,31.0,31.0,0,0,0,,0,108.0,657,15,8,1.3,15.5,2.6,0.2,11.4,5,Saturday
fl_0002342,2024-02-17,NK,3224,LGA,MSP,LGA-MSP,20:45,-13.0,-13.0,1,1,0,,0,294.0,2120,34,19,0.0,0.0,0.0,0.0,0.0,2,Saturday
fl_0002343,2024-04-27,F9,6074,IAD,SEA,IAD-SEA,22:45,-8.0,-10.0,1,1,0,,0,121.0,794,25,5,0.0,0.0,0.0,0.0,0.0,4,Saturday
fl_0002344,2024-04-05,AS,3335,DEN,LAS,DEN-LAS,17:45,,,0,0,1,Weather,0,306.0,2193,13,6,0.0,0.0,0.0,0.0,0.0,4,Friday
fl_0002345,2024-01-04,NK,6923,CLT,MIA,CLT-MIA,06:30,-10.0,-12.0,1,1,0,,0,187.0,1287,27,6,0.0,0.0,0.0,0.0,0.0,1,Thursday
fl_0002346,2024-03-12,NK,6427,BOS,PHL,BOS-PHL,22:45,143.0,145.0,0,0,0,,0,60.0,339,34,17,55.4,40.0,3.8,10.0,35.7,3,Tuesday
fl_0002347,2024-05-29,UA,2635,PHL,ORD,PHL-ORD,17:30,-15.0,-13.0,1,1,0,,0,115.0,731,26,16,0.0,0.0,0.0,0.0,0.0,5,Wednesday
fl_0002348,2024-06-06,NK,2885,PHX,DEN,PHX-DEN,08:15,-10.0,-12.0,1,1,0,,0,221.0,1682,18,16,0.0,0.0,0.0,0.0,0.0,6,Thursday
fl_0002349,2024-05-04,WN,3649,CLT,MCO,CLT-MCO,06:00,3.0,1.0,1,1,0,,0,149.0,939,12,14,0.0,0.0,0.0,0.0,0.0,5,Saturday
fl_0002350,2024-04-25,UA,3498,ATL,IAD,ATL-IAD,21:45,-9.0,-12.0,1,1,0,,0,200.0,1302,23,17,0.0,0.0,0.0,0.0,0.0,4,Thursday
fl_0002351,2024-02-06,DL,5131,SAN,EWR,SAN-EWR,16:15,5.0,0.0,1,1,0,,0,279.0,2013,29,14,0.0,0.0,0.0,0.0,0.0,2,Tuesday
fl_0002352,2024-05-11,DL,3436,BOS,EWR,BOS-EWR,16:15,3.0,-5.0,1,1,0,,0,229.0,1604,20,10,0.0,0.0,0.0,0.0,0.0,5,Saturday
fl_0002353,2024-04-01,DL,6346,PHL,CLT,PHL-CLT,19:45,0.0,-8.0,1,1,0,,0,297.0,2188,16,11,0.0,0.0,0.0,0.0,0.0,4,Monday
fl_0002354,2024-01-12,WN,6153,CLT,SEA,CLT-SEA,08:00,-7.0,-6.0,1,1,0,,0,115.0,788,15,18,0.0,0.0,0.0,0.0,0.0,1,Friday
fl_0002355,2024-04-28,B6,977,SFO,DTW,SFO-DTW,07:00,2.0,-6.0,1,1,0,,0,301.0,2077,24,11,0.0,0.0,0.0,0.0,0.0,4,Sunday
fl_0002356,2024-05-28,WN,720,BOS,LGA,BOS-LGA,20:15,-6.0,-4.0,1,1,0,,0,57.0,333,15,15,0.0,0.0,0.0,0.0,0.0,5,Tuesday
fl_0002357,2024-02-10,WN,1833,MIA,FLL,MIA-FLL,20:30,-11.0,-19.0,1,1,0,,0,373.0,2541,23,7,0.0,0.0,0.0,0.0,0.0,2,Saturday
fl_0002358,2024-04-15,WN,7424,EWR,ORD,EWR-ORD,19:30,7.0,7.0,1,1,0,,0,141.0,903,12,19,0.0,0.0,0.0,0.0,0.0,4,Monday
fl_0002359,2024-01-14,AA,635,PHX,ATL,PHX-ATL,19:45,9.0,12.0,1,1,0,,0,54.0,310,34,9,0.0,0.0,0.0,0.0,0.0,1,Sunday
fl_0002360,2024-02-17,WN,2333,PHL,CLT,PHL-CLT,21:00,8.0,1.0,1,1,0,,0,363.0,2575,27,13,0.0,0.0,0.0,0.0,0.0,2,Saturday
fl_0002361,2024-02-03,NK,2394,SLC,BOS,SLC-BOS,15:00,8.0,12.0,1,1,0,,0,320.0,2217,32,13,0.0,0.0,0.0,0.0,0.0,2,Saturday
fl_0002362,2024-03-25,DL,3974,LGA,IAD,LGA-IAD,20:45,2.0,4.0,1,1,0,,0,291.0,1955,27,19,0.0,0.0,0.0,0.0,0.0,3,Monday
fl_0002363,2024-06-21,UA,8341,IAD,MIA,IAD-MIA,11:00,-9.0,-9.0,1,1,0,,0,253.0,1881,17,17,0.0,0.0,0.0,0.0,0.0,6,Friday
fl_0002364,2024-04-27,DL,8752,FLL,PHX,FLL-PHX,11:45,36.0,38.0,0,0,0,,0,129.0,835,31,10,22.1,0.2,10.1,4.6,1.0,4,Saturday
fl_0002365,2024-04-25,B6,7464,ORD,BWI,ORD-BWI,10:15,-4.0,-5.0,1,1,0,,0,326.0,2302,19,15,0.0,0.0,0.0,0.0,0.0,4,Thursday
fl_0002366,2024-04-16,G4,8186,ORD,SEA,ORD-SEA,20:00,29.0,33.0,0,0,0,,0,185.0,1335,22,5,2.2,16.0,3.0,8.9,2.9,4,Tuesday
fl_0002367,2024-01-20,AS,832,DTW,ORD,DTW-ORD,11:45,8.0,6.0,1,1,0,,0,121.0,742,24,6,0.0,0.0,0.0,0.0,0.0,1,Saturday
fl_0002368,2024-02-24,AA,7121,MCO,DFW,MCO-DFW,12:15,5.0,2.0,1,1,0,,0,51.0,269,10,10,0.0,0.0,0.0,0.0,0.0,2,Saturday
fl_0002369,2024-03-17,F9,6328,LGA,DTW,LGA-DTW,08:30,1.0,1.0,1,1,0,,0,293.0,1994,26,18,0.0,0.0,0.0,0.0,0.0,3,Sunday
fl_0002370,2024-03-01,AS,1622,MCO,DFW,MCO-DFW,20:45,-10.0,-7.0,1,1,0,,0,67.0,424,18,6,0.0,0.0,0.0,0.0,0.0,3,Friday
fl_0002371,2024-01-10,AA,6672,MSP,EWR,MSP-EWR,14:15,-13.0,-19.0,1,1,0,,0,158.0,1053,12,16,0.0,0.0,0.0,0.0,0.0,1,Wednesday
fl_0002372,2024-04-30,AS,113,EWR,SAN,EWR-SAN,11:00,203.0,203.0,0,0,0,,0,268.0,1782,34,15,40.7,8.2,39.3,99.5,15.3,4,Tuesday
fl_0002373,2024-03-06,AA,1708,BOS,FLL,BOS-FLL,14:45,1.0,0.0,1,1,0,,0,341.0,2372,13,9,0.0,0.0,0.0,0.0,0.0,3,Wednesday
fl_0002374,2024-06-27,AA,6340,ATL,SFO,ATL-SFO,17:00,-5.0,-1.0,1,1,0,,0,59.0,322,20,10,0.0,0.0,0.0,0.0,0.0,6,Thursday
fl_0002375,2024-02-29,AA,230,PHL,JFK,PHL-JFK,18:45,3.0,-3.0,1,1,0,,0,89.0,563,32,10,0.0,0.0,0.0,0.0,0.0,2,Thursday
fl_0002376,2024-01-08,WN,6885,IAD,BOS,IAD-BOS,06:30,11.0,6.0,1,1,0,,0,185.0,1211,11,16,0.0,0.0,0.0,0.0,0.0,1,Monday
fl_0002377,2024-06-08,DL,4083,LAS,DFW,LAS-DFW,11:15,,,0,0,1,Weather,0,322.0,2398,34,11,0.0,0.0,0.0,0.0,0.0,6,Saturday
fl_0002378,2024-06-24,AS,8236,PHX,DEN,PHX-DEN,13:00,8.0,0.0,1,1,0,,0,349.0,2578,32,6,0.0,0.0,0.0,0.0,0.0,6,Monday
fl_0002379,2024-06-15,AA,5388,SEA,DTW,SEA-DTW,12:00,-5.0,-8.0,1,1,0,,0,230.0,1731,16,8,0.0,0.0,0.0,0.0,0.0,6,Saturday
fl_0002380,2024-03-09,AA,7571,IAH,SAN,IAH-SAN,17:00,13.0,8.0,1,1,0,,0,336.0,2318,19,18,0.0,0.0,0.0,0.0,0.0,3,Saturday
fl_0002381,2024-01-01,NK,540,SFO,LAX,SFO-LAX,06:15,5.0,1.0,1,1,0,,0,164.0,1045,21,19,0.0,0.0,0.0,0.0,0.0,1,Monday
fl_0002382,2024-01-09,DL,2754,SAN,BOS,SAN-BOS,11:00,1.0,-2.0,1,1,0,,0,220.0,1478,12,17,0.0,0.0,0.0,0.0,0.0,1,Tuesday
fl_0002383,2024-01-26,AA,6518,PHX,LAS,PHX-LAS,18:45,-13.0,-19.0,1,1,0,,0,175.0,1187,23,9,0.0,0.0,0.0,0.0,0.0,1,Friday
fl_0002384,2024-01-15,AS,2697,JFK,SFO,JFK-SFO,16:00,-15.0,-21.0,1,1,0,,0,161.0,1148,33,17,0.0,0.0,0.0,0.0,0.0,1,Monday
fl_0002385,2024-06-18,UA,8971,SAN,IAD,SAN-IAD,13:30,17.0,26.0,0,0,0,,0,81.0,467,12,11,4.9,8.3,4.4,0.6,7.8,6,Tuesday
fl_0002386,2024-04-17,UA,5072,DFW,IAH,DFW-IAH,14:30,-12.0,-21.0,1,1,0,,0,170.0,1179,18,5,0.0,0.0,0.0,0.0,0.0,4,Wednesday
fl_0002387,2024-01-02,F9,5777,BOS,ATL,BOS-ATL,15:15,8.0,3.0,1,1,0,,0,81.0,528,23,6,0.0,0.0,0.0,0.0,0.0,1,Tuesday
fl_0002388,2024-05-26,WN,3785,SLC,LGA,SLC-LGA,10:45,18.0,22.0,0,0,0,,0,224.0,1534,12,5,6.3,2.5,8.3,1.1,3.8,5,Sunday
fl_0002389,2024-06-26,WN,7836,EWR,LAX,EWR-LAX,21:00,8.0,17.0,0,1,0,,0,98.0,610,16,10,6.6,1.6,6.4,1.5,0.9,6,Wednesday
fl_0002390,2024-02-28,B6,4836,BOS,CLT,BOS-CLT,15:15,4.0,8.0,1,1,0,,0,298.0,2255,18,5,0.0,0.0,0.0,0.0,0.0,2,Wednesday
fl_0002391,2024-03-18,AA,5258,BOS,SAN,BOS-SAN,19:45,3.0,-4.0,1,1,0,,0,92.0,607,18,9,0.0,0.0,0.0,0.0,0.0,3,Monday
fl_0002392,2024-03-19,WN,3565,SAN,BWI,SAN-BWI,19:30,-5.0,-10.0,1,1,0,,0,274.0,1852,18,17,0.0,0.0,0.0,0.0,0.0,3,Tuesday
fl_0002393,2024-04-05,AA,2616,DEN,CLT,DEN-CLT,18:15,6.0,4.0,1,1,0,,0,91.0,545,10,13,0.0,0.0,0.0,0.0,0.0,4,Friday
fl_0002394,2024-01-24,DL,4512,IAH,SAN,IAH-SAN,12:30,-10.0,-16.0,1,1,0,,0,324.0,2308,23,8,0.0,0.0,0.0,0.0,0.0,1,Wednesday
fl_0002395,2024-03-07,AS,6300,LGA,MCO,LGA-MCO,18:45,3.0,-5.0,1,1,0,,0,202.0,1517,12,9,0.0,0.0,0.0,0.0,0.0,3,Thursday
fl_0002396,2024-01-17,DL,4151,BOS,MIA,BOS-MIA,14:15,-14.0,-11.0,1,1,0,,0,174.0,1132,10,19,0.0,0.0,0.0,0.0,0.0,1,Wednesday
fl_0002397,2024-04-29,UA,7986,SAN,LGA,SAN-LGA,20:45,9.0,4.0,1,1,0,,0,212.0,1531,11,16,0.0,0.0,0.0,0.0,0.0,4,Monday
fl_0002398,2024-04-24,AA,5476,FLL,JFK,FLL-JFK,22:30,13.0,16.0,0,1,0,,0,379.0,2588,34,14,3.6,0.1,0.5,2.9,8.9,4,Wednesday
fl_0002399,2024-03-19,UA,8417,DEN,LAS,DEN-LAS,20:30,11.0,2.0,1,1,0,,0,128.0,814,26,12,0.0,0.0,0.0,0.0,0.0,3,Tuesday
fl_0002400,2024-03-13,WN,6669,PHX,DTW,PHX-DTW,20:45,5.0,2.0,1,1,0,,0,65.0,363,23,10,0.0,0.0,0.0,0.0,0.0,3,Wednesday
fl_0002401,2024-03-26,AA,5780,LAS,ATL,LAS-ATL,12:30,-10.0,-6.0,1,1,0,,0,325.0,2386,15,6,0.0,0.0,0.0,0.0,0.0,3,Tuesday
fl_0002402,2024-01-12,HA,6526,DEN,DTW,DEN-DTW,12:45,76.0,78.0,0,0,0,,0,129.0,903,17,15,2.6,1.8,7.8,55.6,10.2,1,Friday
fl_0002403,2024-06-24,UA,2036,SLC,PHL,SLC-PHL,11:45,-2.0,-5.0,1,1,0,,0,255.0,1954,34,17,0.0,0.0,0.0,0.0,0.0,6,Monday
fl_0002404,2024-05-26,AA,5426,PHL,SAN,PHL-SAN,16:30,10.0,17.0,0,1,0,,0,147.0,1009,34,15,5.1,1.5,4.5,5.7,0.2,5,Sunday
fl_0002405,2024-04-22,AA,519,IAH,PHL,IAH-PHL,17:30,-9.0,-11.0,1,1,0,,0,189.0,1318,14,16,0.0,0.0,0.0,0.0,0.0,4,Monday
fl_0002406,2024-03-18,AA,5923,DTW,PHX,DTW-PHX,18:30,48.0,,0,0,0,,1,153.0,1103,21,12,0.0,45.0,20.0,0.0,0.0,3,Monday
fl_0002407,2024-02-28,AS,3744,ATL,LGA,ATL-LGA,09:15,12.0,12.0,1,1,0,,0,252.0,1757,20,5,0.0,0.0,0.0,0.0,0.0,2,Wednesday
fl_0002408,2024-04-15,G4,671,DEN,DFW,DEN-DFW,22:15,-13.0,-19.0,1,1,0,,0,316.0,2306,31,8,0.0,0.0,0.0,0.0,0.0,4,Monday
fl_0002409,2024-02-25,B6,792,FLL,MSP,FLL-MSP,19:30,-9.0,-10.0,1,1,0,,0,376.0,2579,12,15,0.0,0.0,0.0,0.0,0.0,2,Sunday
fl_0002410,2024-03-22,WN,2749,LAX,MIA,LAX-MIA,21:15,16.0,19.0,0,0,0,,0,254.0,1884,13,8,1.1,4.7,3.1,5.5,4.6,3,Friday
fl_0002411,2024-06-05,G4,3997,LAS,MIA,LAS-MIA,15:45,1.0,-6.0,1,1,0,,0,245.0,1768,18,19,0.0,0.0,0.0,0.0,0.0,6,Wednesday
fl_0002412,2024-04-11,WN,3786,PHX,BWI,PHX-BWI,11:30,11.0,8.0,1,1,0,,0,119.0,738,13,9,0.0,0.0,0.0,0.0,0.0,4,Thursday
fl_0002413,2024-06-11,WN,1046,SLC,ORD,SLC-ORD,08:45,-13.0,-17.0,1,1,0,,0,274.0,1862,22,6,0.0,0.0,0.0,0.0,0.0,6,Tuesday
fl_0002414,2024-04-20,DL,7339,IAD,DFW,IAD-DFW,08:00,,,0,0,1,Weather,0,110.0,768,14,9,0.0,0.0,0.0,0.0,0.0,4,Saturday
fl_0002415,2024-03-22,AA,4592,BOS,MIA,BOS-MIA,22:30,6.0,-3.0,1,1,0,,0,184.0,1367,10,18,0.0,0.0,0.0,0.0,0.0,3,Friday
fl_0002416,2024-04-15,WN,6160,IAH,SLC,IAH-SLC,12:30,22.0,24.0,0,0,0,,0,301.0,2033,26,16,0.1,1.3,2.5,17.1,3.0,4,Monday
fl_0002417,2024-03-02,DL,6928,DTW,EWR,DTW-EWR,08:30,10.0,11.0,1,1,0,,0,322.0,2465,30,5,0.0,0.0,0.0,0.0,0.0,3,Saturday
fl_0002418,2024-02-09,DL,1525,MSP,JFK,MSP-JFK,19:45,-7.0,-8.0,1,1,0,,0,213.0,1398,14,9,0.0,0.0,0.0,0.0,0.0,2,Friday
fl_0002419,2024-04-26,WN,6058,SLC,SEA,SLC-SEA,19:00,13.0,14.0,1,1,0,,0,206.0,1550,15,11,0.0,0.0,0.0,0.0,0.0,4,Friday
fl_0002420,2024-01-03,WN,6569,LAX,MIA,LAX-MIA,09:30,7.0,-2.0,1,1,0,,0,117.0,838,21,14,0.0,0.0,0.0,0.0,0.0,1,Wednesday
fl_0002421,2024-01-12,AS,4646,DTW,SAN,DTW-SAN,07:15,-14.0,-17.0,1,1,0,,0,51.0,286,31,8,0.0,0.0,0.0,0.0,0.0,1,Friday
fl_0002422,2024-06-15,WN,4392,ATL,EWR,ATL-EWR,13:00,-13.0,-20.0,1,1,0,,0,172.0,1163,27,10,0.0,0.0,0.0,0.0,0.0,6,Saturday
fl_0002423,2024-01-10,AA,5125,ATL,SEA,ATL-SEA,19:00,-6.0,-3.0,1,1,0,,0,106.0,675,18,8,0.0,0.0,0.0,0.0,0.0,1,Wednesday
fl_0002424,2024-06-24,B6,5809,MIA,SEA,MIA-SEA,19:45,0.0,-3.0,1,1,0,,0,194.0,1409,18,5,0.0,0.0,0.0,0.0,0.0,6,Monday
fl_0002425,2024-02-22,DL,2946,ATL,BOS,ATL-BOS,11:15,-1.0,1.0,1,1,0,,0,247.0,1867,23,10,0.0,0.0,0.0,0.0,0.0,2,Thursday
fl_0002426,2024-06-26,F9,3792,JFK,IAD,JFK-IAD,19:45,0.0,-1.0,1,1,0,,0,154.0,983,27,16,0.0,0.0,0.0,0.0,0.0,6,Wednesday
fl_0002427,2024-01-22,UA,8302,MCO,PHX,MCO-PHX,06:00,-9.0,-18.0,1,1,0,,0,79.0,518,27,14,0.0,0.0,0.0,0.0,0.0,1,Monday
fl_0002428,2024-06-22,AA,6722,JFK,SFO,JFK-SFO,06:45,-14.0,-14.0,1,1,0,,0,226.0,1594,17,11,0.0,0.0,0.0,0.0,0.0,6,Saturday
fl_0002429,2024-04-30,DL,3714,MSP,LAS,MSP-LAS,09:15,6.0,1.0,1,1,0,,0,216.0,1546,15,11,0.0,0.0,0.0,0.0,0.0,4,Tuesday
fl_0002430,2024-02-29,DL,3090,IAH,MIA,IAH-MIA,12:00,-2.0,-5.0,1,1,0,,0,212.0,1440,20,13,0.0,0.0,0.0,0.0,0.0,2,Thursday
fl_0002431,2024-03-20,DL,1518,PHL,BWI,PHL-BWI,13:30,12.0,4.0,1,1,0,,0,229.0,1640,30,8,0.0,0.0,0.0,0.0,0.0,3,Wednesday
fl_0002432,2024-05-16,AA,548,BWI,IAD,BWI-IAD,11:00,17.0,21.0,0,0,0,,0,120.0,823,20,9,0.5,0.5,1.7,15.7,2.6,5,Thursday
fl_0002433,2024-05-21,HA,7194,SEA,BWI,SEA-BWI,10:30,-13.0,-21.0,1,1,0,,0,50.0,256,16,18,0.0,0.0,0.0,0.0,0.0,5,Tuesday
fl_0002434,2024-06-02,WN,2469,MCO,BOS,MCO-BOS,21:30,-15.0,-25.0,1,1,0,,0,212.0,1423,24,10,0.0,0.0,0.0,0.0,0.0,6,Sunday
fl_0002435,2024-02-14,WN,5838,PHL,MSP,PHL-MSP,19:00,-10.0,-20.0,1,1,0,,0,302.0,2143,20,10,0.0,0.0,0.0,0.0,0.0,2,Wednesday
fl_0002436,2024-04-27,UA,8604,DTW,MIA,DTW-MIA,13:00,39.0,45.0,0,0,0,,0,189.0,1356,22,19,7.9,1.0,7.4,19.0,9.7,4,Saturday
fl_0002437,2024-05-16,WN,6923,MCO,CLT,MCO-CLT,06:45,5.0,-4.0,1,1,0,,0,175.0,1121,25,11,0.0,0.0,0.0,0.0,0.0,5,Thursday
fl_0002438,2024-03-29,AA,7684,BOS,SAN,BOS-SAN,10:00,-13.0,-11.0,1,1,0,,0,136.0,949,20,13,0.0,0.0,0.0,0.0,0.0,3,Friday
fl_0002439,2024-04-19,AA,1882,MSP,PHL,MSP-PHL,09:30,-11.0,-21.0,1,1,0,,0,148.0,955,30,5,0.0,0.0,0.0,0.0,0.0,4,Friday
fl_0002440,2024-02-14,AA,8552,SFO,SAN,SFO-SAN,17:30,-14.0,-23.0,1,1,0,,0,226.0,1617,32,9,0.0,0.0,0.0,0.0,0.0,2,Wednesday
fl_0002441,2024-01-06,DL,3666,EWR,BOS,EWR-BOS,09:15,50.0,53.0,0,0,0,,0,88.0,519,13,9,2.8,12.0,17.1,9.8,11.4,1,Saturday
fl_0002442,2024-04-09,G4,5681,SEA,BOS,SEA-BOS,21:15,-2.0,-3.0,1,1,0,,0,270.0,1839,24,11,0.0,0.0,0.0,0.0,0.0,4,Tuesday
fl_0002443,2024-04-16,B6,7118,LAS,MCO,LAS-MCO,21:00,-7.0,-14.0,1,1,0,,0,323.0,2190,34,14,0.0,0.0,0.0,0.0,0.0,4,Tuesday
fl_0002444,2024-05-18,WN,5739,SEA,BOS,SEA-BOS,16:30,,,0,0,1,Weather,0,107.0,641,16,7,0.0,0.0,0.0,0.0,0.0,5,Saturday
fl_0002445,2024-03-30,UA,444,MCO,SAN,MCO-SAN,08:45,16.0,18.0,0,0,0,,0,264.0,1918,10,9,10.3,1.1,3.1,1.0,2.5,3,Saturday
fl_0002446,2024-05-18,DL,5776,DEN,LAX,DEN-LAX,06:30,11.0,2.0,1,1,0,,0,191.0,1413,22,5,0.0,0.0,0.0,0.0,0.0,5,Saturday
fl_0002447,2024-01-15,AA,7675,EWR,SLC,EWR-SLC,17:45,-2.0,-5.0,1,1,0,,0,97.0,671,14,11,0.0,0.0,0.0,0.0,0.0,1,Monday
fl_0002448,2024-01-26,WN,3506,IAD,SLC,IAD-SLC,06:30,9.0,3.0,1,1,0,,0,165.0,1071,26,18,0.0,0.0,0.0,0.0,0.0,1,Friday
fl_0002449,2024-02-04,WN,3264,MCO,JFK,MCO-JFK,08:15,,,0,0,1,Weather,0,64.0,379,30,6,0.0,0.0,0.0,0.0,0.0,2,Sunday
fl_0002450,2024-06-26,F9,1533,ATL,PHL,ATL-PHL,08:00,7.0,2.0,1,1,0,,0,88.0,539,21,16,0.0,0.0,0.0,0.0,0.0,6,Wednesday
fl_0002451,2024-01-14,UA,2533,LAS,EWR,LAS-EWR,16:30,-1.0,-10.0,1,1,0,,0,74.0,455,24,14,0.0,0.0,0.0,0.0,0.0,1,Sunday
fl_0002452,2024-04-04,UA,3711,BOS,SFO,BOS-SFO,14:30,2.0,1.0,1,1,0,,0,197.0,1438,23,19,0.0,0.0,0.0,0.0,0.0,4,Thursday
fl_0002453,2024-05-21,UA,3115,PHX,LGA,PHX-LGA,17:15,1.0,-3.0,1,1,0,,0,324.0,2402,25,12,0.0,0.0,0.0,0.0,0.0,5,Tuesday
fl_0002454,2024-02-13,DL,4815,IAH,PHL,IAH-PHL,10:30,0.0,0.0,1,1,0,,0,222.0,1634,23,11,0.0,0.0,0.0,0.0,0.0,2,Tuesday
fl_0002455,2024-04-20,UA,3490,FLL,SFO,FLL-SFO,14:45,5.0,3.0,1,1,0,,0,132.0,953,33,13,0.0,0.0,0.0,0.0,0.0,4,Saturday
fl_0002456,2024-04-25,AA,2173,ORD,DTW,ORD-DTW,22:00,-11.0,-21.0,1,1,0,,0,369.0,2490,24,17,0.0,0.0,0.0,0.0,0.0,4,Thursday
fl_0002457,2024-02-03,UA,8161,MCO,SFO,MCO-SFO,19:00,-6.0,-14.0,1,1,0,,0,315.0,2154,24,7,0.0,0.0,0.0,0.0,0.0,2,Saturday
fl_0002458,2024-03-28,UA,8642,LAX,PHX,LAX-PHX,10:45,0.0,3.0,1,1,0,,0,174.0,1298,31,7,0.0,0.0,0.0,0.0,0.0,3,Thursday
fl_0002459,2024-06-11,AA,3668,IAH,MIA,IAH-MIA,11:45,81.0,86.0,0,0,0,,0,78.0,454,10,8,3.8,8.7,21.0,18.2,34.2,6,Tuesday
fl_0002460,2024-02-23,AA,6543,EWR,IAD,EWR-IAD,22:15,8.0,3.0,1,1,0,,0,326.0,2533,27,5,0.0,0.0,0.0,0.0,0.0,2,Friday
fl_0002461,2024-04-09,DL,3543,FLL,LAX,FLL-LAX,19:00,7.0,11.0,1,1,0,,0,118.0,761,10,15,0.0,0.0,0.0,0.0,0.0,4,Tuesday
fl_0002462,2024-04-24,AA,249,DFW,MSP,DFW-MSP,12:45,9.0,8.0,1,1,0,,0,170.0,1229,15,16,0.0,0.0,0.0,0.0,0.0,4,Wednesday
fl_0002463,2024-05-16,AA,3845,MSP,ORD,MSP-ORD,22:45,3.0,-6.0,1,1,0,,0,324.0,2417,29,12,0.0,0.0,0.0,0.0,0.0,5,Thursday
fl_0002464,2024-01-26,WN,6856,MSP,BOS,MSP-BOS,18:00,3.0,-5.0,1,1,0,,0,77.0,475,20,14,0.0,0.0,0.0,0.0,0.0,1,Friday
fl_0002465,2024-04-23,AA,7332,BWI,ORD,BWI-ORD,16:15,,,0,0,1,Weather,0,74.0,477,31,15,0.0,0.0,0.0,0.0,0.0,4,Tuesday
fl_0002466,2024-06-16,F9,4842,MIA,MSP,MIA-MSP,10:45,-11.0,-7.0,1,1,0,,0,243.0,1828,13,6,0.0,0.0,0.0,0.0,0.0,6,Sunday
fl_0002467,2024-01-06,B6,458,LGA,IAD,LGA-IAD,13:45,29.0,36.0,0,0,0,,0,295.0,2098,22,17,0.8,2.4,14.6,14.9,3.3,1,Saturday
fl_0002468,2024-04-08,WN,3897,IAH,SFO,IAH-SFO,16:15,-9.0,-6.0,1,1,0,,0,163.0,1090,13,7,0.0,0.0,0.0,0.0,0.0,4,Monday
fl_0002469,2024-01-31,AA,5095,BWI,LAS,BWI-LAS,08:30,52.0,55.0,0,0,0,,0,84.0,505,27,9,18.0,2.0,5.2,20.7,9.2,1,Wednesday
fl_0002470,2024-02-20,AA,5641,PHX,DFW,PHX-DFW,11:45,-4.0,-6.0,1,1,0,,0,95.0,657,16,11,0.0,0.0,0.0,0.0,0.0,2,Tuesday
fl_0002471,2024-02-08,WN,3296,LAX,SFO,LAX-SFO,18:15,-2.0,-2.0,1,1,0,,0,304.0,2255,11,8,0.0,0.0,0.0,0.0,0.0,2,Thursday
fl_0002472,2024-05-17,F9,657,IAH,JFK,IAH-JFK,20:30,-14.0,-14.0,1,1,0,,0,230.0,1744,18,19,0.0,0.0,0.0,0.0,0.0,5,Friday
fl_0002473,2024-05-09,UA,6724,MIA,PHX,MIA-PHX,08:15,-2.0,-9.0,1,1,0,,0,232.0,1703,16,10,0.0,0.0,0.0,0.0,0.0,5,Thursday
fl_0002474,2024-04-27,AA,1539,LGA,IAD,LGA-IAD,07:15,92.0,94.0,0,0,0,,0,265.0,1866,30,19,24.8,3.1,44.0,16.0,6.1,4,Saturday
fl_0002475,2024-02-04,F9,2232,SAN,ORD,SAN-ORD,20:30,9.0,13.0,1,1,0,,0,224.0,1679,30,6,0.0,0.0,0.0,0.0,0.0,2,Sunday
fl_0002476,2024-04-19,UA,5299,MCO,DTW,MCO-DTW,09:15,1.0,-5.0,1,1,0,,0,365.0,2493,18,16,0.0,0.0,0.0,0.0,0.0,4,Friday
fl_0002477,2024-01-05,AA,3999,EWR,SFO,EWR-SFO,07:15,12.0,11.0,1,1,0,,0,108.0,706,18,7,0.0,0.0,0.0,0.0,0.0,1,Friday
fl_0002478,2024-05-26,WN,7375,MSP,LGA,MSP-LGA,06:30,-7.0,-8.0,1,1,0,,0,216.0,1429,27,12,0.0,0.0,0.0,0.0,0.0,5,Sunday
fl_0002479,2024-06-26,WN,6231,IAH,DEN,IAH-DEN,22:30,94.0,101.0,0,0,0,,0,275.0,1823,29,13,53.3,12.5,5.2,21.6,8.3,6,Wednesday
fl_0002480,2024-06-10,B6,481,IAD,LAS,IAD-LAS,21:30,-14.0,-21.0,1,1,0,,0,90.0,556,25,18,0.0,0.0,0.0,0.0,0.0,6,Monday
fl_0002481,2024-05-25,DL,556,LGA,SLC,LGA-SLC,10:15,-12.0,-21.0,1,1,0,,0,331.0,2578,22,15,0.0,0.0,0.0,0.0,0.0,5,Saturday
fl_0002482,2024-05-30,DL,3076,SFO,DFW,SFO-DFW,08:00,-3.0,-2.0,1,1,0,,0,273.0,1913,31,12,0.0,0.0,0.0,0.0,0.0,5,Thursday
fl_0002483,2024-02-12,B6,8116,MCO,SAN,MCO-SAN,09:15,13.0,14.0,1,1,0,,0,174.0,1290,22,8,0.0,0.0,0.0,0.0,0.0,2,Monday
fl_0002484,2024-05-09,WN,5695,ATL,ORD,ATL-ORD,13:15,2.0,-5.0,1,1,0,,0,99.0,606,14,6,0.0,0.0,0.0,0.0,0.0,5,Thursday
fl_0002485,2024-03-16,AS,7392,IAH,DFW,IAH-DFW,17:45,4.0,-5.0,1,1,0,,0,309.0,2385,30,9,0.0,0.0,0.0,0.0,0.0,3,Saturday
fl_0002486,2024-03-02,UA,3567,LGA,MSP,LGA-MSP,08:30,4.0,0.0,1,1,0,,0,270.0,1961,30,8,0.0,0.0,0.0,0.0,0.0,3,Saturday
fl_0002487,2024-05-12,DL,8553,SAN,LGA,SAN-LGA,17:45,-11.0,-18.0,1,1,0,,0,236.0,1756,26,13,0.0,0.0,0.0,0.0,0.0,5,Sunday
fl_0002488,2024-04-12,AA,5118,DFW,SEA,DFW-SEA,14:30,178.0,180.0,0,0,0,,0,270.0,1939,27,10,48.4,18.4,50.1,33.4,29.6,4,Friday
fl_0002489,2024-05-07,AA,5697,LAX,DTW,LAX-DTW,07:15,-3.0,-13.0,1,1,0,,0,49.0,273,31,19,0.0,0.0,0.0,0.0,0.0,5,Tuesday
fl_0002490,2024-01-21,HA,5883,BOS,CLT,BOS-CLT,13:00,2.0,-3.0,1,1,0,,0,330.0,2466,32,8,0.0,0.0,0.0,0.0,0.0,1,Sunday
fl_0002491,2024-05-09,F9,5315,LAX,CLT,LAX-CLT,09:30,-14.0,-20.0,1,1,0,,0,54.0,285,28,8,0.0,0.0,0.0,0.0,0.0,5,Thursday
fl_0002492,2024-04-28,UA,979,MSP,DTW,MSP-DTW,22:00,13.0,13.0,1,1,0,,0,157.0,1045,21,9,0.0,0.0,0.0,0.0,0.0,4,Sunday
fl_0002493,2024-06-19,B6,4949,MCO,DTW,MCO-DTW,18:00,114.0,121.0,0,0,0,,0,227.0,1650,19,15,35.8,9.4,43.5,27.8,4.4,6,Wednesday
fl_0002494,2024-04-25,NK,6704,IAH,LAS,IAH-LAS,21:30,9.0,12.0,1,1,0,,0,211.0,1515,32,18,0.0,0.0,0.0,0.0,0.0,4,Thursday
fl_0002495,2024-01-01,UA,4747,SAN,DFW,SAN-DFW,09:15,35.0,42.0,0,0,0,,0,148.0,950,33,15,0.3,7.4,0.9,10.5,22.8,1,Monday
fl_0002496,2024-02-26,WN,7921,SAN,IAD,SAN-IAD,06:00,6.0,-2.0,1,1,0,,0,115.0,753,14,8,0.0,0.0,0.0,0.0,0.0,2,Monday
fl_0002497,2024-01-09,DL,7066,LGA,DTW,LGA-DTW,22:00,-7.0,-7.0,1,1,0,,0,150.0,984,13,18,0.0,0.0,0.0,0.0,0.0,1,Tuesday
fl_0002498,2024-04-15,UA,5926,SFO,MCO,SFO-MCO,18:15,8.0,7.0,1,1,0,,0,334.0,2460,25,18,0.0,0.0,0.0,0.0,0.0,4,Monday
fl_0002499,2024-03-23,HA,2770,EWR,CLT,EWR-CLT,21:15,12.0,12.0,1,1,0,,0,254.0,1937,21,11,0.0,0.0,0.0,0.0,0.0,3,Saturday
fl_0002500,2024-03-12,WN,1119,ATL,LAX,ATL-LAX,09:45,-4.0,0.0,1,1,0,,0,109.0,669,17,17,0.0,0.0,0.0,0.0,0.0,3,Tuesday
