order_id,customer_id,order_status,order_purchase_timestamp,order_approved_at,order_delivered_carrier_date,order_delivered_customer_date,order_estimated_delivery_date,is_late_delivery,delivery_delay_days,order_year,order_month,order_year_month
ord_000001,c_001359,delivered,2017-03-12 00:00:00,2017-03-12 00:00:00,2017-03-15 00:00:00,2017-04-02 00:00:00,2017-03-24 00:00:00,1,9,2017,3,2017-03
ord_000002,c_001312,delivered,2018-08-13 00:00:00,2018-08-13 00:00:00,2018-08-16 00:00:00,2018-08-22 00:00:00,2018-08-30 00:00:00,0,0,2018,8,2018-08
ord_000003,c_000252,delivered,2017-05-10 00:00:00,2017-05-10 00:00:00,2017-05-13 00:00:00,2017-05-18 00:00:00,2017-05-28 00:00:00,0,0,2017,5,2017-05
ord_000004,c_001289,delivered,2017-02-12 00:00:00,2017-02-12 00:00:00,2017-02-13 00:00:00,2017-02-24 00:00:00,2017-03-11 00:00:00,0,0,2017,2,2017-02
ord_000005,c_000271,delivered,2018-06-04 00:00:00,2018-06-04 00:00:00,2018-06-05 00:00:00,2018-06-18 00:00:00,2018-06-29 00:00:00,0,0,2018,6,2018-06
ord_000006,c_000920,delivered,2017-01-13 00:00:00,2017-01-13 00:00:00,2017-01-14 00:00:00,2017-01-22 00:00:00,2017-02-04 00:00:00,0,0,2017,1,2017-01
ord_000007,c_000419,delivered,2018-06-19 00:00:00,2018-06-19 00:00:00,2018-06-22 00:00:00,2018-07-08 00:00:00,2018-07-15 00:00:00,0,0,2018,6,2018-06
ord_000008,c_000795,delivered,2017-10-29 00:00:00,2017-10-29 00:00:00,2017-10-31 00:00:00,2017-11-20 00:00:00,2017-11-13 00:00:00,1,7,2017,10,2017-10
ord_000009,c_001235,delivered,2018-06-11 00:00:00,2018-06-11 00:00:00,2018-06-14 00:00:00,2018-06-25 00:00:00,2018-07-06 00:00:00,0,0,2018,6,2018-06
ord_000010,c_001389,delivered,2018-07-27 00:00:00,2018-07-27 00:00:00,2018-07-29 00:00:00,2018-08-20 00:00:00,2018-08-09 00:00:00,1,11,2018,7,2018-07
ord_000011,c_001100,delivered,2017-04-25 00:00:00,2017-04-25 00:00:00,2017-04-28 00:00:00,2017-05-13 00:00:00,2017-05-22 00:00:00,0,0,2017,4,2017-04
ord_000012,c_001345,delivered,2018-04-05 00:00:00,2018-04-05 00:00:00,2018-04-07 00:00:00,2018-04-17 00:00:00,2018-04-26 00:00:00,0,0,2018,4,2018-04
ord_000013,c_000725,delivered,2018-05-20 00:00:00,2018-05-20 00:00:00,2018-05-23 00:00:00,2018-06-11 00:00:00,2018-06-09 00:00:00,1,2,2018,5,2018-05
ord_000014,c_000433,delivered,2017-11-04 00:00:00,2017-11-04 00:00:00,2017-11-07 00:00:00,2017-11-26 00:00:00,2017-12-01 00:00:00,0,0,2017,11,2017-11
ord_000015,c_000109,delivered,2017-11-21 00:00:00,2017-11-21 00:00:00,2017-11-23 00:00:00,2017-12-03 00:00:00,2017-12-09 00:00:00,0,0,2017,11,2017-11
ord_000016,c_000641,invoiced,2018-08-02 00:00:00,2018-08-02 00:00:00,2018-08-04 00:00:00,,2018-08-29 00:00:00,0,0,2018,8,2018-08
ord_000017,c_001071,delivered,2017-06-24 00:00:00,2017-06-24 00:00:00,2017-06-26 00:00:00,2017-07-07 00:00:00,2017-07-06 00:00:00,1,1,2017,6,2017-06
ord_000018,c_000379,delivered,2018-05-29 00:00:00,2018-05-29 00:00:00,2018-05-31 00:00:00,2018-06-10 00:00:00,2018-06-17 00:00:00,0,0,2018,5,2018-05
ord_000019,c_001120,delivered,2017-06-21 00:00:00,2017-06-21 00:00:00,2017-06-23 00:00:00,2017-07-13 00:00:00,2017-07-17 00:00:00,0,0,2017,6,2017-06
ord_000020,c_000958,delivered,2018-05-17 00:00:00,2018-05-17 00:00:00,2018-05-19 00:00:00,2018-06-04 00:00:00,2018-05-31 00:00:00,1,4,2018,5,2018-05
ord_000021,c_000103,delivered,2017-11-30 00:00:00,2017-11-30 00:00:00,2017-12-02 00:00:00,2017-12-22 00:00:00,2017-12-15 00:00:00,1,7,2017,11,2017-11
ord_000022,c_000892,shipped,2017-10-11 00:00:00,2017-10-11 00:00:00,2017-10-13 00:00:00,,2017-11-03 00:00:00,0,0,2017,10,2017-10
ord_000023,c_000854,delivered,2018-04-20 00:00:00,2018-04-20 00:00:00,2018-04-23 00:00:00,2018-05-03 00:00:00,2018-05-06 00:00:00,0,0,2018,4,2018-04
ord_000024,c_001170,delivered,2017-02-23 00:00:00,2017-02-23 00:00:00,2017-02-25 00:00:00,2017-03-17 00:00:00,2017-03-07 00:00:00,1,10,2017,2,2017-02
ord_000025,c_001051,delivered,2018-04-03 00:00:00,2018-04-03 00:00:00,2018-04-05 00:00:00,2018-04-23 00:00:00,2018-04-29 00:00:00,0,0,2018,4,2018-04
ord_000026,c_000530,delivered,2018-08-02 00:00:00,2018-08-02 00:00:00,2018-08-05 00:00:00,2018-08-25 00:00:00,2018-08-19 00:00:00,1,6,2018,8,2018-08
ord_000027,c_000679,delivered,2018-02-24 00:00:00,2018-02-24 00:00:00,2018-02-27 00:00:00,2018-03-20 00:00:00,2018-03-17 00:00:00,1,3,2018,2,2018-02
ord_000028,c_000989,delivered,2018-02-13 00:00:00,2018-02-13 00:00:00,2018-02-14 00:00:00,2018-02-18 00:00:00,2018-03-02 00:00:00,0,0,2018,2,2018-02
ord_000029,c_001106,delivered,2017-10-31 00:00:00,2017-10-31 00:00:00,2017-11-01 00:00:00,2017-11-22 00:00:00,2017-11-13 00:00:00,1,9,2017,10,2017-10
ord_000030,c_000428,delivered,2018-07-13 00:00:00,2018-07-13 00:00:00,2018-07-15 00:00:00,2018-08-02 00:00:00,2018-08-04 00:00:00,0,0,2018,7,2018-07
ord_000031,c_000822,shipped,2017-08-10 00:00:00,2017-08-10 00:00:00,2017-08-12 00:00:00,,2017-08-31 00:00:00,0,0,2017,8,2017-08
ord_000032,c_001186,delivered,2018-06-17 00:00:00,2018-06-17 00:00:00,2018-06-18 00:00:00,2018-07-07 00:00:00,2018-07-04 00:00:00,1,3,2018,6,2018-06
ord_000033,c_000932,delivered,2017-06-07 00:00:00,2017-06-07 00:00:00,2017-06-08 00:00:00,2017-06-12 00:00:00,2017-06-26 00:00:00,0,0,2017,6,2017-06
ord_000034,c_001426,delivered,2017-12-14 00:00:00,2017-12-14 00:00:00,2017-12-16 00:00:00,2018-01-05 00:00:00,2017-12-31 00:00:00,1,5,2017,12,2017-12
ord_000035,c_001062,delivered,2017-06-08 00:00:00,2017-06-08 00:00:00,2017-06-09 00:00:00,2017-06-12 00:00:00,2017-06-23 00:00:00,0,0,2017,6,2017-06
ord_000036,c_000511,delivered,2017-08-23 00:00:00,2017-08-23 00:00:00,2017-08-25 00:00:00,2017-09-06 00:00:00,2017-09-18 00:00:00,0,0,2017,8,2017-08
ord_000037,c_000393,delivered,2018-02-09 00:00:00,2018-02-09 00:00:00,2018-02-12 00:00:00,2018-02-22 00:00:00,2018-02-24 00:00:00,0,0,2018,2,2018-02
ord_000038,c_000713,delivered,2017-09-14 00:00:00,2017-09-14 00:00:00,2017-09-17 00:00:00,2017-09-22 00:00:00,2017-10-04 00:00:00,0,0,2017,9,2017-09
ord_000039,c_000494,delivered,2018-08-12 00:00:00,2018-08-12 00:00:00,2018-08-13 00:00:00,2018-08-31 00:00:00,2018-09-08 00:00:00,0,0,2018,8,2018-08
ord_000040,c_001224,delivered,2018-08-20 00:00:00,2018-08-20 00:00:00,2018-08-23 00:00:00,2018-08-28 00:00:00,2018-09-06 00:00:00,0,0,2018,8,2018-08
ord_000041,c_001279,delivered,2018-07-12 00:00:00,2018-07-12 00:00:00,2018-07-15 00:00:00,2018-07-27 00:00:00,2018-07-31 00:00:00,0,0,2018,7,2018-07
ord_000042,c_001203,delivered,2017-02-16 00:00:00,2017-02-16 00:00:00,2017-02-19 00:00:00,2017-02-23 00:00:00,2017-03-07 00:00:00,0,0,2017,2,2017-02
ord_000043,c_000547,delivered,2017-08-01 00:00:00,2017-08-01 00:00:00,2017-08-04 00:00:00,2017-08-10 00:00:00,2017-08-19 00:00:00,0,0,2017,8,2017-08
ord_000044,c_000594,delivered,2018-04-24 00:00:00,2018-04-24 00:00:00,2018-04-26 00:00:00,2018-05-16 00:00:00,2018-05-08 00:00:00,1,8,2018,4,2018-04
ord_000045,c_000389,delivered,2018-05-02 00:00:00,2018-05-02 00:00:00,2018-05-04 00:00:00,2018-05-14 00:00:00,2018-05-23 00:00:00,0,0,2018,5,2018-05
ord_000046,c_001422,delivered,2018-07-25 00:00:00,2018-07-25 00:00:00,2018-07-26 00:00:00,2018-08-09 00:00:00,2018-08-06 00:00:00,1,3,2018,7,2018-07
ord_000047,c_000158,delivered,2018-07-20 00:00:00,2018-07-20 00:00:00,2018-07-23 00:00:00,2018-08-07 00:00:00,2018-08-05 00:00:00,1,2,2018,7,2018-07
ord_000048,c_001028,delivered,2017-12-08 00:00:00,2017-12-08 00:00:00,2017-12-11 00:00:00,2017-12-27 00:00:00,2018-01-04 00:00:00,0,0,2017,12,2017-12
ord_000049,c_000167,delivered,2018-06-08 00:00:00,2018-06-08 00:00:00,2018-06-11 00:00:00,2018-06-24 00:00:00,2018-07-02 00:00:00,0,0,2018,6,2018-06
ord_000050,c_001492,delivered,2018-05-18 00:00:00,2018-05-18 00:00:00,2018-05-19 00:00:00,2018-06-11 00:00:00,2018-06-13 00:00:00,0,0,2018,5,2018-05
ord_000051,c_000960,delivered,2017-01-06 00:00:00,2017-01-06 00:00:00,2017-01-08 00:00:00,2017-01-16 00:00:00,2017-01-27 00:00:00,0,0,2017,1,2017-01
ord_000052,c_000409,delivered,2017-05-24 00:00:00,2017-05-24 00:00:00,2017-05-27 00:00:00,2017-06-16 00:00:00,2017-06-14 00:00:00,1,2,2017,5,2017-05
ord_000053,c_001436,delivered,2017-09-18 00:00:00,2017-09-18 00:00:00,2017-09-20 00:00:00,2017-09-25 00:00:00,2017-10-14 00:00:00,0,0,2017,9,2017-09
ord_000054,c_001228,delivered,2018-08-08 00:00:00,2018-08-08 00:00:00,2018-08-09 00:00:00,2018-08-22 00:00:00,2018-08-21 00:00:00,1,1,2018,8,2018-08
ord_000055,c_000194,delivered,2017-08-20 00:00:00,2017-08-20 00:00:00,2017-08-22 00:00:00,2017-08-31 00:00:00,2017-09-12 00:00:00,0,0,2017,8,2017-08
ord_000056,c_000235,delivered,2017-09-27 00:00:00,2017-09-27 00:00:00,2017-09-30 00:00:00,2017-10-06 00:00:00,2017-10-18 00:00:00,0,0,2017,9,2017-09
ord_000057,c_000718,delivered,2018-03-23 00:00:00,2018-03-23 00:00:00,2018-03-25 00:00:00,2018-04-05 00:00:00,2018-04-16 00:00:00,0,0,2018,3,2018-03
ord_000058,c_001174,delivered,2017-08-10 00:00:00,2017-08-10 00:00:00,2017-08-12 00:00:00,2017-08-20 00:00:00,2017-08-23 00:00:00,0,0,2017,8,2017-08
ord_000059,c_001183,delivered,2017-02-21 00:00:00,2017-02-21 00:00:00,2017-02-22 00:00:00,2017-03-03 00:00:00,2017-03-18 00:00:00,0,0,2017,2,2017-02
ord_000060,c_001303,delivered,2017-04-26 00:00:00,2017-04-26 00:00:00,2017-04-27 00:00:00,2017-05-03 00:00:00,2017-05-14 00:00:00,0,0,2017,4,2017-04
ord_000061,c_000816,delivered,2018-06-22 00:00:00,2018-06-22 00:00:00,2018-06-23 00:00:00,2018-06-28 00:00:00,2018-07-14 00:00:00,0,0,2018,6,2018-06
ord_000062,c_000404,delivered,2018-07-19 00:00:00,2018-07-19 00:00:00,2018-07-20 00:00:00,2018-07-29 00:00:00,2018-08-12 00:00:00,0,0,2018,7,2018-07
ord_000063,c_000893,delivered,2018-06-25 00:00:00,2018-06-25 00:00:00,2018-06-27 00:00:00,2018-07-02 00:00:00,2018-07-09 00:00:00,0,0,2018,6,2018-06
ord_000064,c_000678,invoiced,2017-01-19 00:00:00,2017-01-19 00:00:00,2017-01-21 00:00:00,,2017-02-12 00:00:00,0,0,2017,1,2017-01
ord_000065,c_001335,delivered,2018-01-27 00:00:00,2018-01-27 00:00:00,2018-01-28 00:00:00,2018-02-19 00:00:00,2018-02-15 00:00:00,1,4,2018,1,2018-01
ord_000066,c_000068,delivered,2018-02-23 00:00:00,2018-02-23 00:00:00,2018-02-24 00:00:00,2018-03-15 00:00:00,2018-03-15 00:00:00,0,0,2018,2,2018-02
ord_000067,c_001487,delivered,2017-11-05 00:00:00,2017-11-05 00:00:00,2017-11-08 00:00:00,2017-11-15 00:00:00,2017-11-30 00:00:00,0,0,2017,11,2017-11
ord_000068,c_000088,delivered,2017-07-05 00:00:00,2017-07-05 00:00:00,2017-07-08 00:00:00,2017-07-25 00:00:00,2017-07-29 00:00:00,0,0,2017,7,2017-07
ord_000069,c_000217,delivered,2017-09-18 00:00:00,2017-09-18 00:00:00,2017-09-19 00:00:00,2017-09-25 00:00:00,2017-10-07 00:00:00,0,0,2017,9,2017-09
ord_000070,c_000001,delivered,2018-06-12 00:00:00,2018-06-12 00:00:00,2018-06-14 00:00:00,2018-06-26 00:00:00,2018-06-29 00:00:00,0,0,2018,6,2018-06
ord_000071,c_001159,delivered,2017-09-30 00:00:00,2017-09-30 00:00:00,2017-10-01 00:00:00,2017-10-06 00:00:00,2017-10-16 00:00:00,0,0,2017,9,2017-09
ord_000072,c_001375,delivered,2017-06-09 00:00:00,2017-06-09 00:00:00,2017-06-11 00:00:00,2017-06-23 00:00:00,2017-06-23 00:00:00,0,0,2017,6,2017-06
ord_000073,c_000140,delivered,2017-08-12 00:00:00,2017-08-12 00:00:00,2017-08-14 00:00:00,2017-08-18 00:00:00,2017-08-26 00:00:00,0,0,2017,8,2017-08
ord_000074,c_000618,delivered,2017-09-13 00:00:00,2017-09-13 00:00:00,2017-09-16 00:00:00,2017-09-28 00:00:00,2017-10-01 00:00:00,0,0,2017,9,2017-09
ord_000075,c_000133,delivered,2017-06-29 00:00:00,2017-06-29 00:00:00,2017-06-30 00:00:00,2017-07-03 00:00:00,2017-07-23 00:00:00,0,0,2017,6,2017-06
ord_000076,c_000178,delivered,2017-01-20 00:00:00,2017-01-20 00:00:00,2017-01-21 00:00:00,2017-01-27 00:00:00,2017-02-05 00:00:00,0,0,2017,1,2017-01
ord_000077,c_000810,delivered,2018-04-13 00:00:00,2018-04-13 00:00:00,2018-04-15 00:00:00,2018-04-30 00:00:00,2018-05-06 00:00:00,0,0,2018,4,2018-04
ord_000078,c_001382,delivered,2017-07-29 00:00:00,2017-07-29 00:00:00,2017-07-30 00:00:00,2017-08-02 00:00:00,2017-08-23 00:00:00,0,0,2017,7,2017-07
ord_000079,c_000380,delivered,2018-05-28 00:00:00,2018-05-28 00:00:00,2018-05-31 00:00:00,2018-06-14 00:00:00,2018-06-14 00:00:00,0,0,2018,5,2018-05
ord_000080,c_000908,delivered,2017-02-27 00:00:00,2017-02-27 00:00:00,2017-03-02 00:00:00,2017-03-15 00:00:00,2017-03-24 00:00:00,0,0,2017,2,2017-02
ord_000081,c_000658,delivered,2017-04-03 00:00:00,2017-04-03 00:00:00,2017-04-04 00:00:00,2017-04-19 00:00:00,2017-04-20 00:00:00,0,0,2017,4,2017-04
ord_000082,c_000450,delivered,2017-08-09 00:00:00,2017-08-09 00:00:00,2017-08-10 00:00:00,2017-08-27 00:00:00,2017-08-29 00:00:00,0,0,2017,8,2017-08
ord_000083,c_000586,delivered,2017-08-20 00:00:00,2017-08-20 00:00:00,2017-08-23 00:00:00,2017-09-09 00:00:00,2017-09-01 00:00:00,1,8,2017,8,2017-08
ord_000084,c_000463,delivered,2017-12-30 00:00:00,2017-12-30 00:00:00,2017-12-31 00:00:00,2018-01-14 00:00:00,2018-01-18 00:00:00,0,0,2017,12,2017-12
ord_000085,c_000990,delivered,2018-07-16 00:00:00,2018-07-16 00:00:00,2018-07-18 00:00:00,2018-08-02 00:00:00,2018-08-06 00:00:00,0,0,2018,7,2018-07
ord_000086,c_001132,delivered,2018-01-09 00:00:00,2018-01-09 00:00:00,2018-01-10 00:00:00,2018-01-24 00:00:00,2018-02-02 00:00:00,0,0,2018,1,2018-01
ord_000087,c_000122,delivered,2018-04-01 00:00:00,2018-04-01 00:00:00,2018-04-03 00:00:00,2018-04-22 00:00:00,2018-04-25 00:00:00,0,0,2018,4,2018-04
ord_000088,c_000017,delivered,2017-03-29 00:00:00,2017-03-29 00:00:00,2017-03-30 00:00:00,2017-04-05 00:00:00,2017-04-14 00:00:00,0,0,2017,3,2017-03
ord_000089,c_001220,delivered,2017-01-20 00:00:00,2017-01-20 00:00:00,2017-01-21 00:00:00,2017-02-06 00:00:00,2017-02-13 00:00:00,0,0,2017,1,2017-01
ord_000090,c_000327,delivered,2017-01-14 00:00:00,2017-01-14 00:00:00,2017-01-17 00:00:00,2017-02-05 00:00:00,2017-01-31 00:00:00,1,5,2017,1,2017-01
ord_000091,c_000318,delivered,2017-05-13 00:00:00,2017-05-13 00:00:00,2017-05-15 00:00:00,2017-05-29 00:00:00,2017-05-30 00:00:00,0,0,2017,5,2017-05
ord_000092,c_000809,delivered,2017-02-03 00:00:00,2017-02-03 00:00:00,2017-02-06 00:00:00,2017-02-24 00:00:00,2017-02-15 00:00:00,1,9,2017,2,2017-02
ord_000093,c_001276,delivered,2017-07-27 00:00:00,2017-07-27 00:00:00,2017-07-28 00:00:00,2017-08-10 00:00:00,2017-08-10 00:00:00,0,0,2017,7,2017-07
ord_000094,c_000503,delivered,2017-07-18 00:00:00,2017-07-18 00:00:00,2017-07-21 00:00:00,2017-07-27 00:00:00,2017-08-10 00:00:00,0,0,2017,7,2017-07
ord_000095,c_000119,delivered,2018-08-15 00:00:00,2018-08-15 00:00:00,2018-08-16 00:00:00,2018-08-27 00:00:00,2018-09-01 00:00:00,0,0,2018,8,2018-08
ord_000096,c_000710,shipped,2018-08-06 00:00:00,2018-08-06 00:00:00,2018-08-07 00:00:00,,2018-08-31 00:00:00,0,0,2018,8,2018-08
ord_000097,c_000045,delivered,2017-06-04 00:00:00,2017-06-04 00:00:00,2017-06-05 00:00:00,2017-06-26 00:00:00,2017-06-30 00:00:00,0,0,2017,6,2017-06
ord_000098,c_000314,delivered,2018-08-13 00:00:00,2018-08-13 00:00:00,2018-08-15 00:00:00,2018-08-30 00:00:00,2018-09-07 00:00:00,0,0,2018,8,2018-08
ord_000099,c_001203,delivered,2017-03-19 00:00:00,2017-03-19 00:00:00,2017-03-21 00:00:00,2017-04-06 00:00:00,2017-04-10 00:00:00,0,0,2017,3,2017-03
ord_000100,c_000418,delivered,2017-06-21 00:00:00,2017-06-21 00:00:00,2017-06-23 00:00:00,2017-07-05 00:00:00,2017-07-13 00:00:00,0,0,2017,6,2017-06
ord_000101,c_000556,delivered,2017-10-16 00:00:00,2017-10-16 00:00:00,2017-10-19 00:00:00,2017-10-25 00:00:00,2017-11-05 00:00:00,0,0,2017,10,2017-10
ord_000102,c_001102,delivered,2018-06-29 00:00:00,2018-06-29 00:00:00,2018-06-30 00:00:00,2018-07-16 00:00:00,2018-07-16 00:00:00,0,0,2018,6,2018-06
ord_000103,c_000326,delivered,2018-02-24 00:00:00,2018-02-24 00:00:00,2018-02-27 00:00:00,2018-03-02 00:00:00,2018-03-23 00:00:00,0,0,2018,2,2018-02
ord_000104,c_001381,delivered,2017-01-07 00:00:00,2017-01-07 00:00:00,2017-01-10 00:00:00,2017-01-29 00:00:00,2017-02-02 00:00:00,0,0,2017,1,2017-01
ord_000105,c_001440,delivered,2017-06-09 00:00:00,2017-06-09 00:00:00,2017-06-10 00:00:00,2017-07-02 00:00:00,2017-07-02 00:00:00,0,0,2017,6,2017-06
ord_000106,c_000515,delivered,2017-08-28 00:00:00,2017-08-28 00:00:00,2017-08-31 00:00:00,2017-09-11 00:00:00,2017-09-21 00:00:00,0,0,2017,8,2017-08
ord_000107,c_000214,delivered,2018-02-27 00:00:00,2018-02-27 00:00:00,2018-02-28 00:00:00,2018-03-19 00:00:00,2018-03-16 00:00:00,1,3,2018,2,2018-02
ord_000108,c_000074,delivered,2018-06-20 00:00:00,2018-06-20 00:00:00,2018-06-21 00:00:00,2018-07-10 00:00:00,2018-07-02 00:00:00,1,8,2018,6,2018-06
ord_000109,c_000509,delivered,2017-03-11 00:00:00,2017-03-11 00:00:00,2017-03-12 00:00:00,2017-03-17 00:00:00,2017-03-31 00:00:00,0,0,2017,3,2017-03
ord_000110,c_000332,delivered,2017-08-04 00:00:00,2017-08-04 00:00:00,2017-08-05 00:00:00,2017-08-21 00:00:00,2017-08-31 00:00:00,0,0,2017,8,2017-08
ord_000111,c_001117,delivered,2017-04-14 00:00:00,2017-04-14 00:00:00,2017-04-17 00:00:00,2017-04-24 00:00:00,2017-04-29 00:00:00,0,0,2017,4,2017-04
ord_000112,c_000688,delivered,2017-02-23 00:00:00,2017-02-23 00:00:00,2017-02-26 00:00:00,2017-03-17 00:00:00,2017-03-21 00:00:00,0,0,2017,2,2017-02
ord_000113,c_000657,delivered,2017-11-26 00:00:00,2017-11-26 00:00:00,2017-11-29 00:00:00,2017-12-02 00:00:00,2017-12-09 00:00:00,0,0,2017,11,2017-11
ord_000114,c_001293,delivered,2017-07-22 00:00:00,2017-07-22 00:00:00,2017-07-24 00:00:00,2017-07-27 00:00:00,2017-08-03 00:00:00,0,0,2017,7,2017-07
ord_000115,c_001400,delivered,2017-10-15 00:00:00,2017-10-15 00:00:00,2017-10-18 00:00:00,2017-11-04 00:00:00,2017-10-29 00:00:00,1,6,2017,10,2017-10
ord_000116,c_001028,delivered,2017-02-14 00:00:00,2017-02-14 00:00:00,2017-02-17 00:00:00,2017-02-26 00:00:00,2017-02-28 00:00:00,0,0,2017,2,2017-02
ord_000117,c_001162,delivered,2017-07-17 00:00:00,2017-07-17 00:00:00,2017-07-19 00:00:00,2017-07-26 00:00:00,2017-08-02 00:00:00,0,0,2017,7,2017-07
ord_000118,c_001255,delivered,2017-08-04 00:00:00,2017-08-04 00:00:00,2017-08-05 00:00:00,2017-08-28 00:00:00,2017-08-16 00:00:00,1,12,2017,8,2017-08
ord_000119,c_000600,delivered,2018-04-26 00:00:00,2018-04-26 00:00:00,2018-04-27 00:00:00,2018-05-08 00:00:00,2018-05-14 00:00:00,0,0,2018,4,2018-04
ord_000120,c_001076,delivered,2017-11-05 00:00:00,2017-11-05 00:00:00,2017-11-06 00:00:00,2017-11-13 00:00:00,2017-11-29 00:00:00,0,0,2017,11,2017-11
ord_000121,c_000325,delivered,2018-03-11 00:00:00,2018-03-11 00:00:00,2018-03-13 00:00:00,2018-03-16 00:00:00,2018-03-23 00:00:00,0,0,2018,3,2018-03
ord_000122,c_000992,delivered,2017-11-28 00:00:00,2017-11-28 00:00:00,2017-12-01 00:00:00,2017-12-16 00:00:00,2017-12-13 00:00:00,1,3,2017,11,2017-11
ord_000123,c_000717,delivered,2017-01-27 00:00:00,2017-01-27 00:00:00,2017-01-30 00:00:00,2017-02-08 00:00:00,2017-02-13 00:00:00,0,0,2017,1,2017-01
ord_000124,c_000723,delivered,2017-06-15 00:00:00,2017-06-15 00:00:00,2017-06-18 00:00:00,2017-07-07 00:00:00,2017-07-11 00:00:00,0,0,2017,6,2017-06
ord_000125,c_000277,invoiced,2017-11-14 00:00:00,2017-11-14 00:00:00,2017-11-17 00:00:00,,2017-11-26 00:00:00,0,0,2017,11,2017-11
ord_000126,c_000536,delivered,2017-10-01 00:00:00,2017-10-01 00:00:00,2017-10-03 00:00:00,2017-10-08 00:00:00,2017-10-19 00:00:00,0,0,2017,10,2017-10
ord_000127,c_000152,delivered,2018-01-18 00:00:00,2018-01-18 00:00:00,2018-01-21 00:00:00,2018-01-31 00:00:00,2018-02-08 00:00:00,0,0,2018,1,2018-01
ord_000128,c_000955,delivered,2017-12-31 00:00:00,2017-12-31 00:00:00,2018-01-01 00:00:00,2018-01-11 00:00:00,2018-01-26 00:00:00,0,0,2017,12,2017-12
ord_000129,c_000259,delivered,2017-04-13 00:00:00,2017-04-13 00:00:00,2017-04-15 00:00:00,2017-04-29 00:00:00,2017-05-01 00:00:00,0,0,2017,4,2017-04
ord_000130,c_000324,delivered,2018-05-18 00:00:00,2018-05-18 00:00:00,2018-05-20 00:00:00,2018-05-28 00:00:00,2018-06-01 00:00:00,0,0,2018,5,2018-05
ord_000131,c_001017,delivered,2018-01-08 00:00:00,2018-01-08 00:00:00,2018-01-09 00:00:00,2018-01-18 00:00:00,2018-01-23 00:00:00,0,0,2018,1,2018-01
ord_000132,c_000869,delivered,2017-09-02 00:00:00,2017-09-02 00:00:00,2017-09-03 00:00:00,2017-09-09 00:00:00,2017-09-19 00:00:00,0,0,2017,9,2017-09
ord_000133,c_001192,delivered,2017-06-18 00:00:00,2017-06-18 00:00:00,2017-06-21 00:00:00,2017-07-06 00:00:00,2017-07-13 00:00:00,0,0,2017,6,2017-06
ord_000134,c_000688,delivered,2018-02-22 00:00:00,2018-02-22 00:00:00,2018-02-23 00:00:00,2018-03-09 00:00:00,2018-03-16 00:00:00,0,0,2018,2,2018-02
ord_000135,c_000310,delivered,2017-12-22 00:00:00,2017-12-22 00:00:00,2017-12-24 00:00:00,2018-01-10 00:00:00,2018-01-09 00:00:00,1,1,2017,12,2017-12
ord_000136,c_000803,delivered,2018-04-23 00:00:00,2018-04-23 00:00:00,2018-04-25 00:00:00,2018-05-02 00:00:00,2018-05-18 00:00:00,0,0,2018,4,2018-04
ord_000137,c_001080,delivered,2017-05-05 00:00:00,2017-05-05 00:00:00,2017-05-07 00:00:00,2017-05-17 00:00:00,2017-05-29 00:00:00,0,0,2017,5,2017-05
ord_000138,c_000620,delivered,2018-06-21 00:00:00,2018-06-21 00:00:00,2018-06-24 00:00:00,2018-06-27 00:00:00,2018-07-06 00:00:00,0,0,2018,6,2018-06
ord_000139,c_000473,delivered,2018-02-06 00:00:00,2018-02-06 00:00:00,2018-02-09 00:00:00,2018-02-17 00:00:00,2018-02-27 00:00:00,0,0,2018,2,2018-02
ord_000140,c_001320,delivered,2018-06-01 00:00:00,2018-06-01 00:00:00,2018-06-02 00:00:00,2018-06-11 00:00:00,2018-06-23 00:00:00,0,0,2018,6,2018-06
ord_000141,c_000461,delivered,2018-06-15 00:00:00,2018-06-15 00:00:00,2018-06-18 00:00:00,2018-06-22 00:00:00,2018-07-05 00:00:00,0,0,2018,6,2018-06
ord_000142,c_001348,delivered,2017-09-11 00:00:00,2017-09-11 00:00:00,2017-09-14 00:00:00,2017-09-27 00:00:00,2017-10-01 00:00:00,0,0,2017,9,2017-09
ord_000143,c_000814,delivered,2017-05-01 00:00:00,2017-05-01 00:00:00,2017-05-03 00:00:00,2017-05-23 00:00:00,2017-05-21 00:00:00,1,2,2017,5,2017-05
ord_000144,c_000846,delivered,2017-02-01 00:00:00,2017-02-01 00:00:00,2017-02-03 00:00:00,2017-02-11 00:00:00,2017-02-28 00:00:00,0,0,2017,2,2017-02
ord_000145,c_001165,delivered,2017-02-06 00:00:00,2017-02-06 00:00:00,2017-02-07 00:00:00,2017-02-19 00:00:00,2017-03-01 00:00:00,0,0,2017,2,2017-02
ord_000146,c_000667,delivered,2017-12-08 00:00:00,2017-12-08 00:00:00,2017-12-10 00:00:00,2017-12-23 00:00:00,2017-12-29 00:00:00,0,0,2017,12,2017-12
ord_000147,c_000262,delivered,2017-01-13 00:00:00,2017-01-13 00:00:00,2017-01-16 00:00:00,2017-01-19 00:00:00,2017-01-30 00:00:00,0,0,2017,1,2017-01
ord_000148,c_001444,delivered,2017-07-02 00:00:00,2017-07-02 00:00:00,2017-07-03 00:00:00,2017-07-17 00:00:00,2017-07-15 00:00:00,1,2,2017,7,2017-07
ord_000149,c_001265,delivered,2017-09-22 00:00:00,2017-09-22 00:00:00,2017-09-23 00:00:00,2017-10-14 00:00:00,2017-10-05 00:00:00,1,9,2017,9,2017-09
ord_000150,c_000355,delivered,2017-03-29 00:00:00,2017-03-29 00:00:00,2017-03-31 00:00:00,2017-04-16 00:00:00,2017-04-20 00:00:00,0,0,2017,3,2017-03
ord_000151,c_000770,delivered,2018-04-07 00:00:00,2018-04-07 00:00:00,2018-04-09 00:00:00,2018-04-18 00:00:00,2018-04-22 00:00:00,0,0,2018,4,2018-04
ord_000152,c_000180,delivered,2017-02-15 00:00:00,2017-02-15 00:00:00,2017-02-17 00:00:00,2017-03-02 00:00:00,2017-03-07 00:00:00,0,0,2017,2,2017-02
ord_000153,c_000066,delivered,2018-01-27 00:00:00,2018-01-27 00:00:00,2018-01-28 00:00:00,2018-02-19 00:00:00,2018-02-10 00:00:00,1,9,2018,1,2018-01
ord_000154,c_000820,delivered,2017-04-29 00:00:00,2017-04-29 00:00:00,2017-05-01 00:00:00,2017-05-08 00:00:00,2017-05-16 00:00:00,0,0,2017,4,2017-04
ord_000155,c_001372,delivered,2018-06-15 00:00:00,2018-06-15 00:00:00,2018-06-18 00:00:00,2018-06-28 00:00:00,2018-06-28 00:00:00,0,0,2018,6,2018-06
ord_000156,c_000171,delivered,2018-03-23 00:00:00,2018-03-23 00:00:00,2018-03-24 00:00:00,2018-03-28 00:00:00,2018-04-18 00:00:00,0,0,2018,3,2018-03
ord_000157,c_000474,delivered,2017-02-15 00:00:00,2017-02-15 00:00:00,2017-02-17 00:00:00,2017-03-03 00:00:00,2017-02-27 00:00:00,1,4,2017,2,2017-02
ord_000158,c_000534,delivered,2018-05-23 00:00:00,2018-05-23 00:00:00,2018-05-26 00:00:00,2018-06-02 00:00:00,2018-06-19 00:00:00,0,0,2018,5,2018-05
ord_000159,c_001391,delivered,2018-07-12 00:00:00,2018-07-12 00:00:00,2018-07-15 00:00:00,2018-07-23 00:00:00,2018-08-04 00:00:00,0,0,2018,7,2018-07
ord_000160,c_001131,delivered,2018-06-10 00:00:00,2018-06-10 00:00:00,2018-06-12 00:00:00,2018-06-29 00:00:00,2018-06-26 00:00:00,1,3,2018,6,2018-06
ord_000161,c_000439,delivered,2018-08-20 00:00:00,2018-08-20 00:00:00,2018-08-23 00:00:00,2018-09-03 00:00:00,2018-09-08 00:00:00,0,0,2018,8,2018-08
ord_000162,c_000835,delivered,2017-01-03 00:00:00,2017-01-03 00:00:00,2017-01-04 00:00:00,2017-01-10 00:00:00,2017-01-24 00:00:00,0,0,2017,1,2017-01
ord_000163,c_000227,delivered,2017-01-28 00:00:00,2017-01-28 00:00:00,2017-01-29 00:00:00,2017-02-17 00:00:00,2017-02-18 00:00:00,0,0,2017,1,2017-01
ord_000164,c_001468,delivered,2018-01-16 00:00:00,2018-01-16 00:00:00,2018-01-19 00:00:00,2018-02-04 00:00:00,2018-01-29 00:00:00,1,6,2018,1,2018-01
ord_000165,c_000442,delivered,2017-06-06 00:00:00,2017-06-06 00:00:00,2017-06-07 00:00:00,2017-06-28 00:00:00,2017-06-27 00:00:00,1,1,2017,6,2017-06
ord_000166,c_000396,delivered,2018-05-26 00:00:00,2018-05-26 00:00:00,2018-05-28 00:00:00,2018-06-09 00:00:00,2018-06-15 00:00:00,0,0,2018,5,2018-05
ord_000167,c_000728,delivered,2017-11-29 00:00:00,2017-11-29 00:00:00,2017-12-02 00:00:00,2017-12-09 00:00:00,2017-12-22 00:00:00,0,0,2017,11,2017-11
ord_000168,c_000084,delivered,2017-04-24 00:00:00,2017-04-24 00:00:00,2017-04-25 00:00:00,2017-05-10 00:00:00,2017-05-13 00:00:00,0,0,2017,4,2017-04
ord_000169,c_001037,delivered,2018-01-24 00:00:00,2018-01-24 00:00:00,2018-01-26 00:00:00,2018-02-15 00:00:00,2018-02-07 00:00:00,1,8,2018,1,2018-01
ord_000170,c_000693,delivered,2018-05-02 00:00:00,2018-05-02 00:00:00,2018-05-04 00:00:00,2018-05-22 00:00:00,2018-05-14 00:00:00,1,8,2018,5,2018-05
ord_000171,c_000493,delivered,2017-09-07 00:00:00,2017-09-07 00:00:00,2017-09-08 00:00:00,2017-09-23 00:00:00,2017-09-22 00:00:00,1,1,2017,9,2017-09
ord_000172,c_001292,delivered,2018-07-25 00:00:00,2018-07-25 00:00:00,2018-07-28 00:00:00,2018-08-09 00:00:00,2018-08-13 00:00:00,0,0,2018,7,2018-07
ord_000173,c_001144,delivered,2017-11-11 00:00:00,2017-11-11 00:00:00,2017-11-13 00:00:00,2017-11-21 00:00:00,2017-11-25 00:00:00,0,0,2017,11,2017-11
ord_000174,c_000970,delivered,2017-08-27 00:00:00,2017-08-27 00:00:00,2017-08-29 00:00:00,2017-08-31 00:00:00,2017-09-17 00:00:00,0,0,2017,8,2017-08
ord_000175,c_000353,delivered,2017-08-22 00:00:00,2017-08-22 00:00:00,2017-08-24 00:00:00,2017-08-26 00:00:00,2017-09-14 00:00:00,0,0,2017,8,2017-08
ord_000176,c_001081,delivered,2017-10-30 00:00:00,2017-10-30 00:00:00,2017-11-01 00:00:00,2017-11-22 00:00:00,2017-11-12 00:00:00,1,10,2017,10,2017-10
ord_000177,c_000040,delivered,2017-11-30 00:00:00,2017-11-30 00:00:00,2017-12-03 00:00:00,2017-12-17 00:00:00,2017-12-18 00:00:00,0,0,2017,11,2017-11
ord_000178,c_001360,delivered,2017-04-23 00:00:00,2017-04-23 00:00:00,2017-04-24 00:00:00,2017-05-11 00:00:00,2017-05-08 00:00:00,1,3,2017,4,2017-04
ord_000179,c_000640,delivered,2017-12-28 00:00:00,2017-12-28 00:00:00,2017-12-29 00:00:00,2018-01-11 00:00:00,2018-01-14 00:00:00,0,0,2017,12,2017-12
ord_000180,c_000173,delivered,2017-04-07 00:00:00,2017-04-07 00:00:00,2017-04-08 00:00:00,2017-04-19 00:00:00,2017-04-23 00:00:00,0,0,2017,4,2017-04
ord_000181,c_000259,delivered,2017-01-16 00:00:00,2017-01-16 00:00:00,2017-01-18 00:00:00,2017-02-05 00:00:00,2017-01-29 00:00:00,1,7,2017,1,2017-01
ord_000182,c_000517,delivered,2018-07-10 00:00:00,2018-07-10 00:00:00,2018-07-13 00:00:00,2018-07-17 00:00:00,2018-07-31 00:00:00,0,0,2018,7,2018-07
ord_000183,c_000730,delivered,2018-01-11 00:00:00,2018-01-11 00:00:00,2018-01-12 00:00:00,2018-02-03 00:00:00,2018-01-24 00:00:00,1,10,2018,1,2018-01
ord_000184,c_000523,delivered,2018-01-25 00:00:00,2018-01-25 00:00:00,2018-01-28 00:00:00,2018-02-16 00:00:00,2018-02-19 00:00:00,0,0,2018,1,2018-01
ord_000185,c_000839,delivered,2017-08-05 00:00:00,2017-08-05 00:00:00,2017-08-06 00:00:00,2017-08-15 00:00:00,2017-08-25 00:00:00,0,0,2017,8,2017-08
ord_000186,c_000117,delivered,2018-02-03 00:00:00,2018-02-03 00:00:00,2018-02-05 00:00:00,2018-02-07 00:00:00,2018-02-25 00:00:00,0,0,2018,2,2018-02
ord_000187,c_000184,delivered,2017-09-17 00:00:00,2017-09-17 00:00:00,2017-09-18 00:00:00,2017-09-29 00:00:00,2017-10-08 00:00:00,0,0,2017,9,2017-09
ord_000188,c_001140,delivered,2017-11-16 00:00:00,2017-11-16 00:00:00,2017-11-18 00:00:00,2017-12-02 00:00:00,2017-11-29 00:00:00,1,3,2017,11,2017-11
ord_000189,c_000162,delivered,2017-07-15 00:00:00,2017-07-15 00:00:00,2017-07-17 00:00:00,2017-07-20 00:00:00,2017-08-03 00:00:00,0,0,2017,7,2017-07
ord_000190,c_000543,delivered,2018-04-23 00:00:00,2018-04-23 00:00:00,2018-04-24 00:00:00,2018-04-28 00:00:00,2018-05-12 00:00:00,0,0,2018,4,2018-04
ord_000191,c_001261,delivered,2018-02-22 00:00:00,2018-02-22 00:00:00,2018-02-25 00:00:00,2018-03-12 00:00:00,2018-03-06 00:00:00,1,6,2018,2,2018-02
ord_000192,c_000839,delivered,2018-04-20 00:00:00,2018-04-20 00:00:00,2018-04-22 00:00:00,2018-05-10 00:00:00,2018-05-02 00:00:00,1,8,2018,4,2018-04
ord_000193,c_001090,delivered,2018-07-22 00:00:00,2018-07-22 00:00:00,2018-07-25 00:00:00,2018-08-07 00:00:00,2018-08-15 00:00:00,0,0,2018,7,2018-07
ord_000194,c_001094,delivered,2018-06-28 00:00:00,2018-06-28 00:00:00,2018-06-29 00:00:00,2018-07-08 00:00:00,2018-07-13 00:00:00,0,0,2018,6,2018-06
ord_000195,c_000447,delivered,2017-08-19 00:00:00,2017-08-19 00:00:00,2017-08-21 00:00:00,2017-08-31 00:00:00,2017-09-01 00:00:00,0,0,2017,8,2017-08
ord_000196,c_000416,delivered,2018-06-05 00:00:00,2018-06-05 00:00:00,2018-06-08 00:00:00,2018-06-20 00:00:00,2018-06-28 00:00:00,0,0,2018,6,2018-06
ord_000197,c_000532,delivered,2017-07-19 00:00:00,2017-07-19 00:00:00,2017-07-21 00:00:00,2017-07-25 00:00:00,2017-08-14 00:00:00,0,0,2017,7,2017-07
ord_000198,c_000441,delivered,2018-08-22 00:00:00,2018-08-22 00:00:00,2018-08-23 00:00:00,2018-09-09 00:00:00,2018-09-03 00:00:00,1,6,2018,8,2018-08
ord_000199,c_000738,delivered,2017-01-21 00:00:00,2017-01-21 00:00:00,2017-01-23 00:00:00,2017-01-31 00:00:00,2017-02-10 00:00:00,0,0,2017,1,2017-01
ord_000200,c_000464,delivered,2017-11-07 00:00:00,2017-11-07 00:00:00,2017-11-08 00:00:00,2017-11-11 00:00:00,2017-12-01 00:00:00,0,0,2017,11,2017-11
ord_000201,c_000396,delivered,2018-08-11 00:00:00,2018-08-11 00:00:00,2018-08-14 00:00:00,2018-08-28 00:00:00,2018-08-25 00:00:00,1,3,2018,8,2018-08
ord_000202,c_000711,delivered,2018-08-19 00:00:00,2018-08-19 00:00:00,2018-08-21 00:00:00,2018-09-10 00:00:00,2018-09-13 00:00:00,0,0,2018,8,2018-08
ord_000203,c_000395,delivered,2018-03-10 00:00:00,2018-03-10 00:00:00,2018-03-13 00:00:00,2018-03-29 00:00:00,2018-04-04 00:00:00,0,0,2018,3,2018-03
ord_000204,c_000326,delivered,2018-01-06 00:00:00,2018-01-06 00:00:00,2018-01-07 00:00:00,2018-01-19 00:00:00,2018-01-31 00:00:00,0,0,2018,1,2018-01
ord_000205,c_001115,delivered,2018-07-14 00:00:00,2018-07-14 00:00:00,2018-07-15 00:00:00,2018-07-18 00:00:00,2018-07-26 00:00:00,0,0,2018,7,2018-07
ord_000206,c_000750,delivered,2017-03-19 00:00:00,2017-03-19 00:00:00,2017-03-22 00:00:00,2017-03-27 00:00:00,2017-04-01 00:00:00,0,0,2017,3,2017-03
ord_000207,c_001094,delivered,2018-06-26 00:00:00,2018-06-26 00:00:00,2018-06-29 00:00:00,2018-07-02 00:00:00,2018-07-15 00:00:00,0,0,2018,6,2018-06
ord_000208,c_001190,delivered,2017-10-12 00:00:00,2017-10-12 00:00:00,2017-10-13 00:00:00,2017-11-01 00:00:00,2017-10-28 00:00:00,1,4,2017,10,2017-10
ord_000209,c_000642,delivered,2017-05-20 00:00:00,2017-05-20 00:00:00,2017-05-23 00:00:00,2017-06-10 00:00:00,2017-06-11 00:00:00,0,0,2017,5,2017-05
ord_000210,c_000214,delivered,2018-07-07 00:00:00,2018-07-07 00:00:00,2018-07-08 00:00:00,2018-07-31 00:00:00,2018-07-25 00:00:00,1,6,2018,7,2018-07
ord_000211,c_001359,delivered,2017-10-09 00:00:00,2017-10-09 00:00:00,2017-10-12 00:00:00,2017-10-31 00:00:00,2017-10-26 00:00:00,1,5,2017,10,2017-10
ord_000212,c_000369,delivered,2018-07-16 00:00:00,2018-07-16 00:00:00,2018-07-17 00:00:00,2018-08-06 00:00:00,2018-08-09 00:00:00,0,0,2018,7,2018-07
ord_000213,c_000049,delivered,2017-09-15 00:00:00,2017-09-15 00:00:00,2017-09-16 00:00:00,2017-10-04 00:00:00,2017-10-12 00:00:00,0,0,2017,9,2017-09
ord_000214,c_001076,delivered,2017-12-26 00:00:00,2017-12-26 00:00:00,2017-12-28 00:00:00,2017-12-31 00:00:00,2018-01-22 00:00:00,0,0,2017,12,2017-12
ord_000215,c_001313,delivered,2018-03-16 00:00:00,2018-03-16 00:00:00,2018-03-17 00:00:00,2018-04-03 00:00:00,2018-03-28 00:00:00,1,6,2018,3,2018-03
ord_000216,c_001263,shipped,2017-09-27 00:00:00,2017-09-27 00:00:00,2017-09-28 00:00:00,,2017-10-14 00:00:00,0,0,2017,9,2017-09
ord_000217,c_000133,delivered,2017-05-14 00:00:00,2017-05-14 00:00:00,2017-05-16 00:00:00,2017-05-30 00:00:00,2017-06-05 00:00:00,0,0,2017,5,2017-05
ord_000218,c_000999,delivered,2017-04-14 00:00:00,2017-04-14 00:00:00,2017-04-16 00:00:00,2017-05-03 00:00:00,2017-05-02 00:00:00,1,1,2017,4,2017-04
ord_000219,c_000786,delivered,2017-04-05 00:00:00,2017-04-05 00:00:00,2017-04-08 00:00:00,2017-04-16 00:00:00,2017-04-20 00:00:00,0,0,2017,4,2017-04
ord_000220,c_001190,delivered,2018-07-27 00:00:00,2018-07-27 00:00:00,2018-07-30 00:00:00,2018-08-10 00:00:00,2018-08-15 00:00:00,0,0,2018,7,2018-07
ord_000221,c_001398,delivered,2018-04-25 00:00:00,2018-04-25 00:00:00,2018-04-26 00:00:00,2018-05-06 00:00:00,2018-05-14 00:00:00,0,0,2018,4,2018-04
ord_000222,c_000373,delivered,2017-08-29 00:00:00,2017-08-29 00:00:00,2017-09-01 00:00:00,2017-09-11 00:00:00,2017-09-16 00:00:00,0,0,2017,8,2017-08
ord_000223,c_000479,delivered,2017-01-13 00:00:00,2017-01-13 00:00:00,2017-01-16 00:00:00,2017-01-17 00:00:00,2017-02-09 00:00:00,0,0,2017,1,2017-01
ord_000224,c_000832,delivered,2017-05-27 00:00:00,2017-05-27 00:00:00,2017-05-28 00:00:00,2017-06-11 00:00:00,2017-06-18 00:00:00,0,0,2017,5,2017-05
ord_000225,c_000650,delivered,2017-04-05 00:00:00,2017-04-05 00:00:00,2017-04-07 00:00:00,2017-04-17 00:00:00,2017-05-01 00:00:00,0,0,2017,4,2017-04
ord_000226,c_000682,delivered,2017-10-20 00:00:00,2017-10-20 00:00:00,2017-10-22 00:00:00,2017-10-28 00:00:00,2017-11-02 00:00:00,0,0,2017,10,2017-10
ord_000227,c_000688,delivered,2017-01-25 00:00:00,2017-01-25 00:00:00,2017-01-26 00:00:00,2017-02-06 00:00:00,2017-02-11 00:00:00,0,0,2017,1,2017-01
ord_000228,c_001324,delivered,2017-09-29 00:00:00,2017-09-29 00:00:00,2017-09-30 00:00:00,2017-10-18 00:00:00,2017-10-16 00:00:00,1,2,2017,9,2017-09
ord_000229,c_000082,shipped,2018-05-20 00:00:00,2018-05-20 00:00:00,2018-05-21 00:00:00,,2018-06-12 00:00:00,0,0,2018,5,2018-05
ord_000230,c_000087,delivered,2017-06-15 00:00:00,2017-06-15 00:00:00,2017-06-16 00:00:00,2017-06-26 00:00:00,2017-07-11 00:00:00,0,0,2017,6,2017-06
ord_000231,c_000225,delivered,2017-03-28 00:00:00,2017-03-28 00:00:00,2017-03-29 00:00:00,2017-04-11 00:00:00,2017-04-20 00:00:00,0,0,2017,3,2017-03
ord_000232,c_000016,delivered,2018-05-06 00:00:00,2018-05-06 00:00:00,2018-05-07 00:00:00,2018-05-29 00:00:00,2018-05-24 00:00:00,1,5,2018,5,2018-05
ord_000233,c_000822,delivered,2017-05-21 00:00:00,2017-05-21 00:00:00,2017-05-24 00:00:00,2017-06-12 00:00:00,2017-06-07 00:00:00,1,5,2017,5,2017-05
ord_000234,c_001382,delivered,2017-04-13 00:00:00,2017-04-13 00:00:00,2017-04-16 00:00:00,2017-04-20 00:00:00,2017-04-26 00:00:00,0,0,2017,4,2017-04
ord_000235,c_000163,delivered,2017-08-14 00:00:00,2017-08-14 00:00:00,2017-08-17 00:00:00,2017-09-06 00:00:00,2017-09-02 00:00:00,1,4,2017,8,2017-08
ord_000236,c_000514,delivered,2018-07-29 00:00:00,2018-07-29 00:00:00,2018-07-31 00:00:00,2018-08-11 00:00:00,2018-08-24 00:00:00,0,0,2018,7,2018-07
ord_000237,c_000350,delivered,2017-10-21 00:00:00,2017-10-21 00:00:00,2017-10-22 00:00:00,2017-11-06 00:00:00,2017-11-05 00:00:00,1,1,2017,10,2017-10
ord_000238,c_000681,delivered,2017-11-02 00:00:00,2017-11-02 00:00:00,2017-11-03 00:00:00,2017-11-25 00:00:00,2017-11-22 00:00:00,1,3,2017,11,2017-11
ord_000239,c_001488,delivered,2017-09-11 00:00:00,2017-09-11 00:00:00,2017-09-14 00:00:00,2017-09-28 00:00:00,2017-09-30 00:00:00,0,0,2017,9,2017-09
ord_000240,c_001399,delivered,2017-06-29 00:00:00,2017-06-29 00:00:00,2017-07-01 00:00:00,2017-07-23 00:00:00,2017-07-24 00:00:00,0,0,2017,6,2017-06
ord_000241,c_001116,delivered,2017-02-09 00:00:00,2017-02-09 00:00:00,2017-02-12 00:00:00,2017-02-14 00:00:00,2017-02-23 00:00:00,0,0,2017,2,2017-02
ord_000242,c_000181,delivered,2018-06-04 00:00:00,2018-06-04 00:00:00,2018-06-05 00:00:00,2018-06-11 00:00:00,2018-06-18 00:00:00,0,0,2018,6,2018-06
ord_000243,c_000743,delivered,2018-06-30 00:00:00,2018-06-30 00:00:00,2018-07-01 00:00:00,2018-07-10 00:00:00,2018-07-19 00:00:00,0,0,2018,6,2018-06
ord_000244,c_001325,delivered,2017-08-24 00:00:00,2017-08-24 00:00:00,2017-08-27 00:00:00,2017-09-15 00:00:00,2017-09-06 00:00:00,1,9,2017,8,2017-08
ord_000245,c_000660,delivered,2018-04-08 00:00:00,2018-04-08 00:00:00,2018-04-11 00:00:00,2018-04-28 00:00:00,2018-04-28 00:00:00,0,0,2018,4,2018-04
ord_000246,c_001213,delivered,2017-08-16 00:00:00,2017-08-16 00:00:00,2017-08-17 00:00:00,2017-09-04 00:00:00,2017-08-31 00:00:00,1,4,2017,8,2017-08
ord_000247,c_001338,delivered,2018-04-28 00:00:00,2018-04-28 00:00:00,2018-05-01 00:00:00,2018-05-14 00:00:00,2018-05-24 00:00:00,0,0,2018,4,2018-04
ord_000248,c_000493,delivered,2018-03-06 00:00:00,2018-03-06 00:00:00,2018-03-07 00:00:00,2018-03-27 00:00:00,2018-03-23 00:00:00,1,4,2018,3,2018-03
ord_000249,c_000923,delivered,2017-01-22 00:00:00,2017-01-22 00:00:00,2017-01-25 00:00:00,2017-02-15 00:00:00,2017-02-05 00:00:00,1,10,2017,1,2017-01
ord_000250,c_000128,delivered,2017-12-09 00:00:00,2017-12-09 00:00:00,2017-12-11 00:00:00,2017-12-24 00:00:00,2017-12-23 00:00:00,1,1,2017,12,2017-12
ord_000251,c_001450,delivered,2017-02-09 00:00:00,2017-02-09 00:00:00,2017-02-10 00:00:00,2017-02-13 00:00:00,2017-02-23 00:00:00,0,0,2017,2,2017-02
ord_000252,c_000565,delivered,2017-06-22 00:00:00,2017-06-22 00:00:00,2017-06-24 00:00:00,2017-07-10 00:00:00,2017-07-14 00:00:00,0,0,2017,6,2017-06
ord_000253,c_001211,delivered,2018-03-15 00:00:00,2018-03-15 00:00:00,2018-03-18 00:00:00,2018-03-21 00:00:00,2018-04-08 00:00:00,0,0,2018,3,2018-03
ord_000254,c_000550,delivered,2017-06-28 00:00:00,2017-06-28 00:00:00,2017-06-30 00:00:00,2017-07-07 00:00:00,2017-07-19 00:00:00,0,0,2017,6,2017-06
ord_000255,c_000453,delivered,2018-08-21 00:00:00,2018-08-21 00:00:00,2018-08-24 00:00:00,2018-09-07 00:00:00,2018-09-13 00:00:00,0,0,2018,8,2018-08
ord_000256,c_000471,delivered,2017-05-13 00:00:00,2017-05-13 00:00:00,2017-05-15 00:00:00,2017-05-22 00:00:00,2017-06-07 00:00:00,0,0,2017,5,2017-05
ord_000257,c_000988,delivered,2017-12-17 00:00:00,2017-12-17 00:00:00,2017-12-19 00:00:00,2017-12-21 00:00:00,2018-01-11 00:00:00,0,0,2017,12,2017-12
ord_000258,c_000738,delivered,2018-06-09 00:00:00,2018-06-09 00:00:00,2018-06-11 00:00:00,2018-07-02 00:00:00,2018-07-04 00:00:00,0,0,2018,6,2018-06
ord_000259,c_000224,delivered,2018-06-24 00:00:00,2018-06-24 00:00:00,2018-06-25 00:00:00,2018-07-03 00:00:00,2018-07-17 00:00:00,0,0,2018,6,2018-06
ord_000260,c_000154,delivered,2018-05-21 00:00:00,2018-05-21 00:00:00,2018-05-23 00:00:00,2018-06-01 00:00:00,2018-06-03 00:00:00,0,0,2018,5,2018-05
ord_000261,c_000560,delivered,2017-03-25 00:00:00,2017-03-25 00:00:00,2017-03-28 00:00:00,2017-04-12 00:00:00,2017-04-13 00:00:00,0,0,2017,3,2017-03
ord_000262,c_000351,delivered,2018-04-09 00:00:00,2018-04-09 00:00:00,2018-04-12 00:00:00,2018-04-26 00:00:00,2018-05-06 00:00:00,0,0,2018,4,2018-04
ord_000263,c_001171,delivered,2017-12-09 00:00:00,2017-12-09 00:00:00,2017-12-10 00:00:00,2017-12-28 00:00:00,2017-12-29 00:00:00,0,0,2017,12,2017-12
ord_000264,c_000349,delivered,2017-10-07 00:00:00,2017-10-07 00:00:00,2017-10-08 00:00:00,2017-10-30 00:00:00,2017-11-02 00:00:00,0,0,2017,10,2017-10
ord_000265,c_000182,delivered,2017-09-20 00:00:00,2017-09-20 00:00:00,2017-09-23 00:00:00,2017-10-09 00:00:00,2017-10-09 00:00:00,0,0,2017,9,2017-09
ord_000266,c_000637,delivered,2017-06-15 00:00:00,2017-06-15 00:00:00,2017-06-17 00:00:00,2017-07-07 00:00:00,2017-07-11 00:00:00,0,0,2017,6,2017-06
ord_000267,c_001018,delivered,2017-10-20 00:00:00,2017-10-20 00:00:00,2017-10-23 00:00:00,2017-10-24 00:00:00,2017-11-10 00:00:00,0,0,2017,10,2017-10
ord_000268,c_000179,delivered,2018-05-24 00:00:00,2018-05-24 00:00:00,2018-05-25 00:00:00,2018-05-31 00:00:00,2018-06-07 00:00:00,0,0,2018,5,2018-05
ord_000269,c_001063,delivered,2018-08-03 00:00:00,2018-08-03 00:00:00,2018-08-04 00:00:00,2018-08-16 00:00:00,2018-08-21 00:00:00,0,0,2018,8,2018-08
ord_000270,c_000772,delivered,2017-08-14 00:00:00,2017-08-14 00:00:00,2017-08-17 00:00:00,2017-09-06 00:00:00,2017-09-05 00:00:00,1,1,2017,8,2017-08
ord_000271,c_000894,delivered,2017-06-19 00:00:00,2017-06-19 00:00:00,2017-06-21 00:00:00,2017-07-10 00:00:00,2017-07-10 00:00:00,0,0,2017,6,2017-06
ord_000272,c_001027,delivered,2018-08-21 00:00:00,2018-08-21 00:00:00,2018-08-23 00:00:00,2018-08-26 00:00:00,2018-09-03 00:00:00,0,0,2018,8,2018-08
ord_000273,c_001016,delivered,2018-03-24 00:00:00,2018-03-24 00:00:00,2018-03-25 00:00:00,2018-03-31 00:00:00,2018-04-08 00:00:00,0,0,2018,3,2018-03
ord_000274,c_000064,delivered,2018-05-17 00:00:00,2018-05-17 00:00:00,2018-05-20 00:00:00,2018-06-04 00:00:00,2018-06-09 00:00:00,0,0,2018,5,2018-05
ord_000275,c_000029,delivered,2018-06-11 00:00:00,2018-06-11 00:00:00,2018-06-14 00:00:00,2018-06-18 00:00:00,2018-07-05 00:00:00,0,0,2018,6,2018-06
ord_000276,c_000372,delivered,2018-01-14 00:00:00,2018-01-14 00:00:00,2018-01-15 00:00:00,2018-02-02 00:00:00,2018-02-08 00:00:00,0,0,2018,1,2018-01
ord_000277,c_000097,delivered,2017-07-20 00:00:00,2017-07-20 00:00:00,2017-07-23 00:00:00,2017-08-07 00:00:00,2017-08-13 00:00:00,0,0,2017,7,2017-07
ord_000278,c_001466,delivered,2017-09-07 00:00:00,2017-09-07 00:00:00,2017-09-08 00:00:00,2017-09-28 00:00:00,2017-09-24 00:00:00,1,4,2017,9,2017-09
ord_000279,c_001227,delivered,2018-02-13 00:00:00,2018-02-13 00:00:00,2018-02-15 00:00:00,2018-02-23 00:00:00,2018-03-07 00:00:00,0,0,2018,2,2018-02
ord_000280,c_001435,delivered,2017-05-05 00:00:00,2017-05-05 00:00:00,2017-05-07 00:00:00,2017-05-23 00:00:00,2017-05-21 00:00:00,1,2,2017,5,2017-05
ord_000281,c_000993,delivered,2017-04-23 00:00:00,2017-04-23 00:00:00,2017-04-26 00:00:00,2017-05-07 00:00:00,2017-05-17 00:00:00,0,0,2017,4,2017-04
ord_000282,c_000021,delivered,2017-05-17 00:00:00,2017-05-17 00:00:00,2017-05-19 00:00:00,2017-06-08 00:00:00,2017-06-06 00:00:00,1,2,2017,5,2017-05
ord_000283,c_000735,delivered,2018-05-11 00:00:00,2018-05-11 00:00:00,2018-05-13 00:00:00,2018-05-22 00:00:00,2018-06-01 00:00:00,0,0,2018,5,2018-05
ord_000284,c_001126,delivered,2017-05-30 00:00:00,2017-05-30 00:00:00,2017-05-31 00:00:00,2017-06-03 00:00:00,2017-06-14 00:00:00,0,0,2017,5,2017-05
ord_000285,c_001070,delivered,2017-12-09 00:00:00,2017-12-09 00:00:00,2017-12-10 00:00:00,2017-12-15 00:00:00,2017-12-25 00:00:00,0,0,2017,12,2017-12
ord_000286,c_000066,delivered,2018-08-03 00:00:00,2018-08-03 00:00:00,2018-08-06 00:00:00,2018-08-11 00:00:00,2018-08-18 00:00:00,0,0,2018,8,2018-08
ord_000287,c_000603,delivered,2017-11-17 00:00:00,2017-11-17 00:00:00,2017-11-18 00:00:00,2017-12-08 00:00:00,2017-12-12 00:00:00,0,0,2017,11,2017-11
ord_000288,c_001188,delivered,2018-06-16 00:00:00,2018-06-16 00:00:00,2018-06-19 00:00:00,2018-07-01 00:00:00,2018-07-10 00:00:00,0,0,2018,6,2018-06
ord_000289,c_001135,delivered,2017-10-16 00:00:00,2017-10-16 00:00:00,2017-10-19 00:00:00,2017-10-31 00:00:00,2017-11-10 00:00:00,0,0,2017,10,2017-10
ord_000290,c_000338,delivered,2018-05-04 00:00:00,2018-05-04 00:00:00,2018-05-05 00:00:00,2018-05-28 00:00:00,2018-05-23 00:00:00,1,5,2018,5,2018-05
ord_000291,c_000123,delivered,2018-05-07 00:00:00,2018-05-07 00:00:00,2018-05-09 00:00:00,2018-05-29 00:00:00,2018-06-03 00:00:00,0,0,2018,5,2018-05
ord_000292,c_000447,delivered,2017-09-09 00:00:00,2017-09-09 00:00:00,2017-09-11 00:00:00,2017-09-21 00:00:00,2017-10-03 00:00:00,0,0,2017,9,2017-09
ord_000293,c_000611,delivered,2017-03-18 00:00:00,2017-03-18 00:00:00,2017-03-20 00:00:00,2017-04-01 00:00:00,2017-04-06 00:00:00,0,0,2017,3,2017-03
ord_000294,c_001315,delivered,2018-01-27 00:00:00,2018-01-27 00:00:00,2018-01-29 00:00:00,2018-02-16 00:00:00,2018-02-22 00:00:00,0,0,2018,1,2018-01
ord_000295,c_000671,delivered,2018-02-16 00:00:00,2018-02-16 00:00:00,2018-02-19 00:00:00,2018-03-07 00:00:00,2018-03-02 00:00:00,1,5,2018,2,2018-02
ord_000296,c_001436,delivered,2017-06-22 00:00:00,2017-06-22 00:00:00,2017-06-24 00:00:00,2017-06-29 00:00:00,2017-07-04 00:00:00,0,0,2017,6,2017-06
ord_000297,c_000615,delivered,2017-07-20 00:00:00,2017-07-20 00:00:00,2017-07-23 00:00:00,2017-08-02 00:00:00,2017-08-06 00:00:00,0,0,2017,7,2017-07
ord_000298,c_000897,delivered,2017-08-05 00:00:00,2017-08-05 00:00:00,2017-08-06 00:00:00,2017-08-23 00:00:00,2017-08-18 00:00:00,1,5,2017,8,2017-08
ord_000299,c_000281,delivered,2018-01-11 00:00:00,2018-01-11 00:00:00,2018-01-12 00:00:00,2018-02-02 00:00:00,2018-01-24 00:00:00,1,9,2018,1,2018-01
ord_000300,c_001067,delivered,2018-08-09 00:00:00,2018-08-09 00:00:00,2018-08-12 00:00:00,2018-08-15 00:00:00,2018-08-23 00:00:00,0,0,2018,8,2018-08
ord_000301,c_000596,delivered,2017-01-11 00:00:00,2017-01-11 00:00:00,2017-01-13 00:00:00,2017-02-04 00:00:00,2017-01-30 00:00:00,1,5,2017,1,2017-01
ord_000302,c_000703,delivered,2017-01-12 00:00:00,2017-01-12 00:00:00,2017-01-15 00:00:00,2017-01-20 00:00:00,2017-01-26 00:00:00,0,0,2017,1,2017-01
ord_000303,c_001075,delivered,2018-08-13 00:00:00,2018-08-13 00:00:00,2018-08-15 00:00:00,2018-08-27 00:00:00,2018-09-09 00:00:00,0,0,2018,8,2018-08
ord_000304,c_000210,invoiced,2018-03-11 00:00:00,2018-03-11 00:00:00,2018-03-13 00:00:00,,2018-03-29 00:00:00,0,0,2018,3,2018-03
ord_000305,c_000126,delivered,2018-01-08 00:00:00,2018-01-08 00:00:00,2018-01-11 00:00:00,2018-01-18 00:00:00,2018-01-29 00:00:00,0,0,2018,1,2018-01
ord_000306,c_000492,delivered,2017-09-30 00:00:00,2017-09-30 00:00:00,2017-10-03 00:00:00,2017-10-09 00:00:00,2017-10-25 00:00:00,0,0,2017,9,2017-09
ord_000307,c_000960,delivered,2018-07-30 00:00:00,2018-07-30 00:00:00,2018-08-01 00:00:00,2018-08-15 00:00:00,2018-08-20 00:00:00,0,0,2018,7,2018-07
ord_000308,c_000970,delivered,2018-05-24 00:00:00,2018-05-24 00:00:00,2018-05-27 00:00:00,2018-05-29 00:00:00,2018-06-13 00:00:00,0,0,2018,5,2018-05
ord_000309,c_000581,delivered,2017-05-12 00:00:00,2017-05-12 00:00:00,2017-05-14 00:00:00,2017-06-03 00:00:00,2017-06-05 00:00:00,0,0,2017,5,2017-05
ord_000310,c_000777,delivered,2017-11-15 00:00:00,2017-11-15 00:00:00,2017-11-18 00:00:00,2017-11-29 00:00:00,2017-12-04 00:00:00,0,0,2017,11,2017-11
ord_000311,c_000258,delivered,2017-06-17 00:00:00,2017-06-17 00:00:00,2017-06-18 00:00:00,2017-07-10 00:00:00,2017-06-29 00:00:00,1,11,2017,6,2017-06
ord_000312,c_001212,delivered,2018-02-01 00:00:00,2018-02-01 00:00:00,2018-02-03 00:00:00,2018-02-09 00:00:00,2018-02-19 00:00:00,0,0,2018,2,2018-02
ord_000313,c_000230,delivered,2017-06-29 00:00:00,2017-06-29 00:00:00,2017-06-30 00:00:00,2017-07-11 00:00:00,2017-07-17 00:00:00,0,0,2017,6,2017-06
ord_000314,c_000189,delivered,2017-02-27 00:00:00,2017-02-27 00:00:00,2017-03-02 00:00:00,2017-03-08 00:00:00,2017-03-18 00:00:00,0,0,2017,2,2017-02
ord_000315,c_001439,delivered,2018-04-25 00:00:00,2018-04-25 00:00:00,2018-04-26 00:00:00,2018-05-15 00:00:00,2018-05-22 00:00:00,0,0,2018,4,2018-04
ord_000316,c_000010,delivered,2018-08-14 00:00:00,2018-08-14 00:00:00,2018-08-17 00:00:00,2018-09-05 00:00:00,2018-09-04 00:00:00,1,1,2018,8,2018-08
ord_000317,c_001138,delivered,2018-04-05 00:00:00,2018-04-05 00:00:00,2018-04-07 00:00:00,2018-04-16 00:00:00,2018-04-21 00:00:00,0,0,2018,4,2018-04
ord_000318,c_001100,delivered,2017-03-02 00:00:00,2017-03-02 00:00:00,2017-03-05 00:00:00,2017-03-12 00:00:00,2017-03-23 00:00:00,0,0,2017,3,2017-03
ord_000319,c_000676,delivered,2018-01-04 00:00:00,2018-01-04 00:00:00,2018-01-07 00:00:00,2018-01-12 00:00:00,2018-01-24 00:00:00,0,0,2018,1,2018-01
ord_000320,c_000502,delivered,2017-05-01 00:00:00,2017-05-01 00:00:00,2017-05-03 00:00:00,2017-05-19 00:00:00,2017-05-21 00:00:00,0,0,2017,5,2017-05
ord_000321,c_000085,delivered,2018-06-30 00:00:00,2018-06-30 00:00:00,2018-07-03 00:00:00,2018-07-13 00:00:00,2018-07-19 00:00:00,0,0,2018,6,2018-06
ord_000322,c_000049,delivered,2018-08-05 00:00:00,2018-08-05 00:00:00,2018-08-07 00:00:00,2018-08-24 00:00:00,2018-08-22 00:00:00,1,2,2018,8,2018-08
ord_000323,c_000838,delivered,2017-01-17 00:00:00,2017-01-17 00:00:00,2017-01-20 00:00:00,2017-01-29 00:00:00,2017-02-03 00:00:00,0,0,2017,1,2017-01
ord_000324,c_001008,delivered,2018-05-11 00:00:00,2018-05-11 00:00:00,2018-05-13 00:00:00,2018-05-21 00:00:00,2018-05-23 00:00:00,0,0,2018,5,2018-05
ord_000325,c_000689,delivered,2018-05-12 00:00:00,2018-05-12 00:00:00,2018-05-13 00:00:00,2018-05-26 00:00:00,2018-06-05 00:00:00,0,0,2018,5,2018-05
ord_000326,c_000387,delivered,2018-05-20 00:00:00,2018-05-20 00:00:00,2018-05-23 00:00:00,2018-06-01 00:00:00,2018-06-16 00:00:00,0,0,2018,5,2018-05
ord_000327,c_000970,delivered,2018-06-16 00:00:00,2018-06-16 00:00:00,2018-06-19 00:00:00,2018-07-06 00:00:00,2018-07-12 00:00:00,0,0,2018,6,2018-06
ord_000328,c_001413,delivered,2017-11-11 00:00:00,2017-11-11 00:00:00,2017-11-14 00:00:00,2017-11-23 00:00:00,2017-11-28 00:00:00,0,0,2017,11,2017-11
ord_000329,c_001006,delivered,2017-03-10 00:00:00,2017-03-10 00:00:00,2017-03-12 00:00:00,2017-03-16 00:00:00,2017-04-04 00:00:00,0,0,2017,3,2017-03
ord_000330,c_000218,delivered,2017-06-10 00:00:00,2017-06-10 00:00:00,2017-06-13 00:00:00,2017-06-21 00:00:00,2017-06-25 00:00:00,0,0,2017,6,2017-06
ord_000331,c_001005,delivered,2017-05-25 00:00:00,2017-05-25 00:00:00,2017-05-27 00:00:00,2017-06-16 00:00:00,2017-06-09 00:00:00,1,7,2017,5,2017-05
ord_000332,c_001370,delivered,2018-07-23 00:00:00,2018-07-23 00:00:00,2018-07-26 00:00:00,2018-08-15 00:00:00,2018-08-17 00:00:00,0,0,2018,7,2018-07
ord_000333,c_001254,delivered,2018-08-18 00:00:00,2018-08-18 00:00:00,2018-08-19 00:00:00,2018-09-06 00:00:00,2018-08-31 00:00:00,1,6,2018,8,2018-08
ord_000334,c_000255,delivered,2018-01-20 00:00:00,2018-01-20 00:00:00,2018-01-23 00:00:00,2018-01-30 00:00:00,2018-02-13 00:00:00,0,0,2018,1,2018-01
ord_000335,c_000236,delivered,2017-09-26 00:00:00,2017-09-26 00:00:00,2017-09-27 00:00:00,2017-10-06 00:00:00,2017-10-18 00:00:00,0,0,2017,9,2017-09
ord_000336,c_001050,delivered,2018-03-30 00:00:00,2018-03-30 00:00:00,2018-04-01 00:00:00,2018-04-22 00:00:00,2018-04-24 00:00:00,0,0,2018,3,2018-03
ord_000337,c_001285,delivered,2018-06-02 00:00:00,2018-06-02 00:00:00,2018-06-03 00:00:00,2018-06-18 00:00:00,2018-06-17 00:00:00,1,1,2018,6,2018-06
ord_000338,c_000271,delivered,2017-12-16 00:00:00,2017-12-16 00:00:00,2017-12-19 00:00:00,2017-12-22 00:00:00,2018-01-01 00:00:00,0,0,2017,12,2017-12
ord_000339,c_000123,delivered,2017-04-20 00:00:00,2017-04-20 00:00:00,2017-04-23 00:00:00,2017-05-05 00:00:00,2017-05-14 00:00:00,0,0,2017,4,2017-04
ord_000340,c_000656,shipped,2018-04-28 00:00:00,2018-04-28 00:00:00,2018-04-30 00:00:00,,2018-05-21 00:00:00,0,0,2018,4,2018-04
ord_000341,c_001281,delivered,2018-02-11 00:00:00,2018-02-11 00:00:00,2018-02-14 00:00:00,2018-02-27 00:00:00,2018-03-10 00:00:00,0,0,2018,2,2018-02
ord_000342,c_001445,delivered,2017-02-20 00:00:00,2017-02-20 00:00:00,2017-02-23 00:00:00,2017-03-15 00:00:00,2017-03-08 00:00:00,1,7,2017,2,2017-02
ord_000343,c_000259,delivered,2018-02-07 00:00:00,2018-02-07 00:00:00,2018-02-09 00:00:00,2018-02-26 00:00:00,2018-03-06 00:00:00,0,0,2018,2,2018-02
ord_000344,c_000948,delivered,2018-07-17 00:00:00,2018-07-17 00:00:00,2018-07-19 00:00:00,2018-07-27 00:00:00,2018-08-02 00:00:00,0,0,2018,7,2018-07
ord_000345,c_000047,delivered,2018-04-21 00:00:00,2018-04-21 00:00:00,2018-04-22 00:00:00,2018-04-28 00:00:00,2018-05-06 00:00:00,0,0,2018,4,2018-04
ord_000346,c_000863,delivered,2017-03-28 00:00:00,2017-03-28 00:00:00,2017-03-30 00:00:00,2017-04-12 00:00:00,2017-04-09 00:00:00,1,3,2017,3,2017-03
ord_000347,c_000525,delivered,2017-03-09 00:00:00,2017-03-09 00:00:00,2017-03-12 00:00:00,2017-03-29 00:00:00,2017-04-03 00:00:00,0,0,2017,3,2017-03
ord_000348,c_000888,delivered,2018-08-19 00:00:00,2018-08-19 00:00:00,2018-08-21 00:00:00,2018-08-23 00:00:00,2018-09-09 00:00:00,0,0,2018,8,2018-08
ord_000349,c_000208,delivered,2017-02-11 00:00:00,2017-02-11 00:00:00,2017-02-14 00:00:00,2017-03-03 00:00:00,2017-03-02 00:00:00,1,1,2017,2,2017-02
ord_000350,c_001335,delivered,2017-02-26 00:00:00,2017-02-26 00:00:00,2017-02-27 00:00:00,2017-03-03 00:00:00,2017-03-12 00:00:00,0,0,2017,2,2017-02
ord_000351,c_000747,delivered,2017-07-15 00:00:00,2017-07-15 00:00:00,2017-07-17 00:00:00,2017-07-24 00:00:00,2017-07-28 00:00:00,0,0,2017,7,2017-07
ord_000352,c_000149,delivered,2017-03-03 00:00:00,2017-03-03 00:00:00,2017-03-06 00:00:00,2017-03-18 00:00:00,2017-03-23 00:00:00,0,0,2017,3,2017-03
ord_000353,c_000438,delivered,2017-09-20 00:00:00,2017-09-20 00:00:00,2017-09-22 00:00:00,2017-10-04 00:00:00,2017-10-08 00:00:00,0,0,2017,9,2017-09
ord_000354,c_000155,delivered,2017-04-22 00:00:00,2017-04-22 00:00:00,2017-04-24 00:00:00,2017-05-16 00:00:00,2017-05-12 00:00:00,1,4,2017,4,2017-04
ord_000355,c_001114,delivered,2017-06-27 00:00:00,2017-06-27 00:00:00,2017-06-29 00:00:00,2017-07-11 00:00:00,2017-07-21 00:00:00,0,0,2017,6,2017-06
ord_000356,c_000358,delivered,2017-01-26 00:00:00,2017-01-26 00:00:00,2017-01-28 00:00:00,2017-02-16 00:00:00,2017-02-08 00:00:00,1,8,2017,1,2017-01
ord_000357,c_001198,invoiced,2018-02-14 00:00:00,2018-02-14 00:00:00,2018-02-15 00:00:00,,2018-03-13 00:00:00,0,0,2018,2,2018-02
ord_000358,c_001241,delivered,2018-06-15 00:00:00,2018-06-15 00:00:00,2018-06-18 00:00:00,2018-06-25 00:00:00,2018-07-12 00:00:00,0,0,2018,6,2018-06
ord_000359,c_000456,delivered,2017-11-13 00:00:00,2017-11-13 00:00:00,2017-11-15 00:00:00,2017-11-30 00:00:00,2017-12-03 00:00:00,0,0,2017,11,2017-11
ord_000360,c_000776,delivered,2018-06-16 00:00:00,2018-06-16 00:00:00,2018-06-19 00:00:00,2018-07-05 00:00:00,2018-07-07 00:00:00,0,0,2018,6,2018-06
ord_000361,c_000629,delivered,2017-04-16 00:00:00,2017-04-16 00:00:00,2017-04-17 00:00:00,2017-05-01 00:00:00,2017-05-06 00:00:00,0,0,2017,4,2017-04
ord_000362,c_001223,delivered,2018-04-09 00:00:00,2018-04-09 00:00:00,2018-04-12 00:00:00,2018-04-21 00:00:00,2018-05-01 00:00:00,0,0,2018,4,2018-04
ord_000363,c_000832,delivered,2017-09-03 00:00:00,2017-09-03 00:00:00,2017-09-06 00:00:00,2017-09-26 00:00:00,2017-09-23 00:00:00,1,3,2017,9,2017-09
ord_000364,c_000486,delivered,2017-03-22 00:00:00,2017-03-22 00:00:00,2017-03-23 00:00:00,2017-04-15 00:00:00,2017-04-12 00:00:00,1,3,2017,3,2017-03
ord_000365,c_000533,delivered,2018-01-31 00:00:00,2018-01-31 00:00:00,2018-02-02 00:00:00,2018-02-19 00:00:00,2018-02-24 00:00:00,0,0,2018,1,2018-01
ord_000366,c_000200,delivered,2018-06-06 00:00:00,2018-06-06 00:00:00,2018-06-09 00:00:00,2018-06-30 00:00:00,2018-06-27 00:00:00,1,3,2018,6,2018-06
ord_000367,c_000371,shipped,2017-09-21 00:00:00,2017-09-21 00:00:00,2017-09-24 00:00:00,,2017-10-06 00:00:00,0,0,2017,9,2017-09
ord_000368,c_001014,delivered,2017-10-01 00:00:00,2017-10-01 00:00:00,2017-10-03 00:00:00,2017-10-20 00:00:00,2017-10-22 00:00:00,0,0,2017,10,2017-10
ord_000369,c_000853,invoiced,2017-06-21 00:00:00,2017-06-21 00:00:00,2017-06-23 00:00:00,,2017-07-05 00:00:00,0,0,2017,6,2017-06
ord_000370,c_001472,invoiced,2017-09-22 00:00:00,2017-09-22 00:00:00,2017-09-25 00:00:00,,2017-10-09 00:00:00,0,0,2017,9,2017-09
ord_000371,c_000248,delivered,2017-01-26 00:00:00,2017-01-26 00:00:00,2017-01-27 00:00:00,2017-02-03 00:00:00,2017-02-09 00:00:00,0,0,2017,1,2017-01
ord_000372,c_000788,delivered,2018-04-14 00:00:00,2018-04-14 00:00:00,2018-04-16 00:00:00,2018-05-06 00:00:00,2018-05-06 00:00:00,0,0,2018,4,2018-04
ord_000373,c_000264,delivered,2018-04-21 00:00:00,2018-04-21 00:00:00,2018-04-23 00:00:00,2018-05-04 00:00:00,2018-05-11 00:00:00,0,0,2018,4,2018-04
ord_000374,c_001082,delivered,2017-12-22 00:00:00,2017-12-22 00:00:00,2017-12-23 00:00:00,2018-01-01 00:00:00,2018-01-05 00:00:00,0,0,2017,12,2017-12
ord_000375,c_001326,delivered,2017-01-26 00:00:00,2017-01-26 00:00:00,2017-01-29 00:00:00,2017-02-07 00:00:00,2017-02-08 00:00:00,0,0,2017,1,2017-01
ord_000376,c_000031,shipped,2017-02-03 00:00:00,2017-02-03 00:00:00,2017-02-05 00:00:00,,2017-02-22 00:00:00,0,0,2017,2,2017-02
ord_000377,c_001273,delivered,2017-09-21 00:00:00,2017-09-21 00:00:00,2017-09-24 00:00:00,2017-10-09 00:00:00,2017-10-08 00:00:00,1,1,2017,9,2017-09
ord_000378,c_000605,delivered,2017-05-18 00:00:00,2017-05-18 00:00:00,2017-05-21 00:00:00,2017-06-03 00:00:00,2017-06-06 00:00:00,0,0,2017,5,2017-05
ord_000379,c_001295,delivered,2018-07-20 00:00:00,2018-07-20 00:00:00,2018-07-23 00:00:00,2018-08-02 00:00:00,2018-08-15 00:00:00,0,0,2018,7,2018-07
ord_000380,c_001418,delivered,2018-04-07 00:00:00,2018-04-07 00:00:00,2018-04-08 00:00:00,2018-04-24 00:00:00,2018-05-01 00:00:00,0,0,2018,4,2018-04
ord_000381,c_000502,delivered,2017-06-17 00:00:00,2017-06-17 00:00:00,2017-06-20 00:00:00,2017-07-11 00:00:00,2017-07-05 00:00:00,1,6,2017,6,2017-06
ord_000382,c_001108,delivered,2017-03-22 00:00:00,2017-03-22 00:00:00,2017-03-25 00:00:00,2017-04-06 00:00:00,2017-04-05 00:00:00,1,1,2017,3,2017-03
ord_000383,c_001389,delivered,2018-02-11 00:00:00,2018-02-11 00:00:00,2018-02-13 00:00:00,2018-03-05 00:00:00,2018-03-02 00:00:00,1,3,2018,2,2018-02
ord_000384,c_000886,delivered,2018-07-28 00:00:00,2018-07-28 00:00:00,2018-07-30 00:00:00,2018-08-06 00:00:00,2018-08-18 00:00:00,0,0,2018,7,2018-07
ord_000385,c_000549,delivered,2017-02-15 00:00:00,2017-02-15 00:00:00,2017-02-16 00:00:00,2017-03-02 00:00:00,2017-02-27 00:00:00,1,3,2017,2,2017-02
ord_000386,c_001366,delivered,2018-08-22 00:00:00,2018-08-22 00:00:00,2018-08-23 00:00:00,2018-09-07 00:00:00,2018-09-03 00:00:00,1,4,2018,8,2018-08
ord_000387,c_000839,delivered,2017-02-22 00:00:00,2017-02-22 00:00:00,2017-02-24 00:00:00,2017-03-05 00:00:00,2017-03-18 00:00:00,0,0,2017,2,2017-02
ord_000388,c_001431,delivered,2018-04-21 00:00:00,2018-04-21 00:00:00,2018-04-23 00:00:00,2018-05-10 00:00:00,2018-05-15 00:00:00,0,0,2018,4,2018-04
ord_000389,c_001449,delivered,2018-08-15 00:00:00,2018-08-15 00:00:00,2018-08-16 00:00:00,2018-08-20 00:00:00,2018-09-05 00:00:00,0,0,2018,8,2018-08
ord_000390,c_001117,delivered,2017-01-16 00:00:00,2017-01-16 00:00:00,2017-01-19 00:00:00,2017-01-26 00:00:00,2017-02-09 00:00:00,0,0,2017,1,2017-01
ord_000391,c_000848,delivered,2017-12-26 00:00:00,2017-12-26 00:00:00,2017-12-27 00:00:00,2018-01-10 00:00:00,2018-01-14 00:00:00,0,0,2017,12,2017-12
ord_000392,c_000614,delivered,2018-05-02 00:00:00,2018-05-02 00:00:00,2018-05-05 00:00:00,2018-05-12 00:00:00,2018-05-29 00:00:00,0,0,2018,5,2018-05
ord_000393,c_000412,delivered,2018-05-17 00:00:00,2018-05-17 00:00:00,2018-05-19 00:00:00,2018-06-08 00:00:00,2018-06-10 00:00:00,0,0,2018,5,2018-05
ord_000394,c_000432,delivered,2017-05-21 00:00:00,2017-05-21 00:00:00,2017-05-23 00:00:00,2017-06-07 00:00:00,2017-06-10 00:00:00,0,0,2017,5,2017-05
ord_000395,c_000678,delivered,2018-03-23 00:00:00,2018-03-23 00:00:00,2018-03-25 00:00:00,2018-04-04 00:00:00,2018-04-13 00:00:00,0,0,2018,3,2018-03
ord_000396,c_000159,delivered,2017-10-17 00:00:00,2017-10-17 00:00:00,2017-10-20 00:00:00,2017-11-07 00:00:00,2017-11-03 00:00:00,1,4,2017,10,2017-10
ord_000397,c_000014,delivered,2017-07-28 00:00:00,2017-07-28 00:00:00,2017-07-29 00:00:00,2017-08-11 00:00:00,2017-08-13 00:00:00,0,0,2017,7,2017-07
ord_000398,c_000373,delivered,2018-04-20 00:00:00,2018-04-20 00:00:00,2018-04-23 00:00:00,2018-05-09 00:00:00,2018-05-03 00:00:00,1,6,2018,4,2018-04
ord_000399,c_000225,delivered,2018-02-17 00:00:00,2018-02-17 00:00:00,2018-02-18 00:00:00,2018-03-11 00:00:00,2018-03-11 00:00:00,0,0,2018,2,2018-02
ord_000400,c_001097,delivered,2018-03-03 00:00:00,2018-03-03 00:00:00,2018-03-04 00:00:00,2018-03-17 00:00:00,2018-03-23 00:00:00,0,0,2018,3,2018-03
ord_000401,c_001273,delivered,2018-01-06 00:00:00,2018-01-06 00:00:00,2018-01-07 00:00:00,2018-01-27 00:00:00,2018-01-23 00:00:00,1,4,2018,1,2018-01
ord_000402,c_000511,delivered,2017-10-17 00:00:00,2017-10-17 00:00:00,2017-10-19 00:00:00,2017-10-31 00:00:00,2017-11-05 00:00:00,0,0,2017,10,2017-10
ord_000403,c_000603,delivered,2018-03-08 00:00:00,2018-03-08 00:00:00,2018-03-09 00:00:00,2018-03-15 00:00:00,2018-03-28 00:00:00,0,0,2018,3,2018-03
ord_000404,c_000216,delivered,2017-09-25 00:00:00,2017-09-25 00:00:00,2017-09-27 00:00:00,2017-10-16 00:00:00,2017-10-15 00:00:00,1,1,2017,9,2017-09
ord_000405,c_000988,canceled,2017-05-31 00:00:00,2017-05-31 00:00:00,2017-06-01 00:00:00,,2017-06-19 00:00:00,0,0,2017,5,2017-05
ord_000406,c_001244,delivered,2017-09-12 00:00:00,2017-09-12 00:00:00,2017-09-13 00:00:00,2017-09-28 00:00:00,2017-10-05 00:00:00,0,0,2017,9,2017-09
ord_000407,c_000840,delivered,2017-12-19 00:00:00,2017-12-19 00:00:00,2017-12-21 00:00:00,2017-12-26 00:00:00,2018-01-09 00:00:00,0,0,2017,12,2017-12
ord_000408,c_000727,delivered,2018-01-12 00:00:00,2018-01-12 00:00:00,2018-01-14 00:00:00,2018-01-25 00:00:00,2018-01-31 00:00:00,0,0,2018,1,2018-01
ord_000409,c_001245,delivered,2017-12-24 00:00:00,2017-12-24 00:00:00,2017-12-27 00:00:00,2018-01-01 00:00:00,2018-01-07 00:00:00,0,0,2017,12,2017-12
ord_000410,c_001413,delivered,2018-01-05 00:00:00,2018-01-05 00:00:00,2018-01-06 00:00:00,2018-01-11 00:00:00,2018-01-29 00:00:00,0,0,2018,1,2018-01
ord_000411,c_000554,delivered,2017-08-15 00:00:00,2017-08-15 00:00:00,2017-08-17 00:00:00,2017-09-03 00:00:00,2017-08-29 00:00:00,1,5,2017,8,2017-08
ord_000412,c_001066,delivered,2017-10-30 00:00:00,2017-10-30 00:00:00,2017-11-02 00:00:00,2017-11-10 00:00:00,2017-11-12 00:00:00,0,0,2017,10,2017-10
ord_000413,c_000676,delivered,2018-01-24 00:00:00,2018-01-24 00:00:00,2018-01-27 00:00:00,2018-02-03 00:00:00,2018-02-20 00:00:00,0,0,2018,1,2018-01
ord_000414,c_000873,delivered,2018-01-12 00:00:00,2018-01-12 00:00:00,2018-01-14 00:00:00,2018-02-03 00:00:00,2018-01-24 00:00:00,1,10,2018,1,2018-01
ord_000415,c_000283,delivered,2017-04-28 00:00:00,2017-04-28 00:00:00,2017-04-29 00:00:00,2017-05-15 00:00:00,2017-05-25 00:00:00,0,0,2017,4,2017-04
ord_000416,c_001082,delivered,2017-01-05 00:00:00,2017-01-05 00:00:00,2017-01-08 00:00:00,2017-01-23 00:00:00,2017-01-20 00:00:00,1,3,2017,1,2017-01
ord_000417,c_000834,delivered,2018-03-20 00:00:00,2018-03-20 00:00:00,2018-03-21 00:00:00,2018-04-09 00:00:00,2018-04-02 00:00:00,1,7,2018,3,2018-03
ord_000418,c_000537,delivered,2017-12-18 00:00:00,2017-12-18 00:00:00,2017-12-19 00:00:00,2018-01-11 00:00:00,2018-01-12 00:00:00,0,0,2017,12,2017-12
ord_000419,c_001097,delivered,2018-06-17 00:00:00,2018-06-17 00:00:00,2018-06-20 00:00:00,2018-06-21 00:00:00,2018-07-12 00:00:00,0,0,2018,6,2018-06
ord_000420,c_000923,delivered,2017-05-04 00:00:00,2017-05-04 00:00:00,2017-05-06 00:00:00,2017-05-13 00:00:00,2017-05-17 00:00:00,0,0,2017,5,2017-05
ord_000421,c_001153,delivered,2017-10-04 00:00:00,2017-10-04 00:00:00,2017-10-05 00:00:00,2017-10-22 00:00:00,2017-10-28 00:00:00,0,0,2017,10,2017-10
ord_000422,c_000842,delivered,2018-01-29 00:00:00,2018-01-29 00:00:00,2018-01-31 00:00:00,2018-02-13 00:00:00,2018-02-20 00:00:00,0,0,2018,1,2018-01
ord_000423,c_001450,delivered,2017-12-26 00:00:00,2017-12-26 00:00:00,2017-12-29 00:00:00,2018-01-19 00:00:00,2018-01-17 00:00:00,1,2,2017,12,2017-12
ord_000424,c_000948,delivered,2018-04-14 00:00:00,2018-04-14 00:00:00,2018-04-15 00:00:00,2018-05-07 00:00:00,2018-04-30 00:00:00,1,7,2018,4,2018-04
ord_000425,c_000665,delivered,2017-02-26 00:00:00,2017-02-26 00:00:00,2017-02-28 00:00:00,2017-03-03 00:00:00,2017-03-13 00:00:00,0,0,2017,2,2017-02
ord_000426,c_001149,delivered,2017-09-08 00:00:00,2017-09-08 00:00:00,2017-09-10 00:00:00,2017-09-16 00:00:00,2017-09-20 00:00:00,0,0,2017,9,2017-09
ord_000427,c_000067,delivered,2017-05-30 00:00:00,2017-05-30 00:00:00,2017-05-31 00:00:00,2017-06-11 00:00:00,2017-06-25 00:00:00,0,0,2017,5,2017-05
ord_000428,c_000006,delivered,2018-03-28 00:00:00,2018-03-28 00:00:00,2018-03-30 00:00:00,2018-04-20 00:00:00,2018-04-23 00:00:00,0,0,2018,3,2018-03
ord_000429,c_000637,delivered,2017-06-11 00:00:00,2017-06-11 00:00:00,2017-06-13 00:00:00,2017-06-28 00:00:00,2017-07-01 00:00:00,0,0,2017,6,2017-06
ord_000430,c_000314,delivered,2017-04-30 00:00:00,2017-04-30 00:00:00,2017-05-03 00:00:00,2017-05-21 00:00:00,2017-05-25 00:00:00,0,0,2017,4,2017-04
ord_000431,c_001350,delivered,2018-08-05 00:00:00,2018-08-05 00:00:00,2018-08-08 00:00:00,2018-08-16 00:00:00,2018-08-20 00:00:00,0,0,2018,8,2018-08
ord_000432,c_000565,delivered,2017-12-17 00:00:00,2017-12-17 00:00:00,2017-12-19 00:00:00,2017-12-22 00:00:00,2018-01-02 00:00:00,0,0,2017,12,2017-12
ord_000433,c_000826,delivered,2017-04-09 00:00:00,2017-04-09 00:00:00,2017-04-11 00:00:00,2017-04-21 00:00:00,2017-04-27 00:00:00,0,0,2017,4,2017-04
ord_000434,c_000506,delivered,2017-06-16 00:00:00,2017-06-16 00:00:00,2017-06-17 00:00:00,2017-06-26 00:00:00,2017-06-29 00:00:00,0,0,2017,6,2017-06
ord_000435,c_001106,delivered,2018-05-29 00:00:00,2018-05-29 00:00:00,2018-06-01 00:00:00,2018-06-19 00:00:00,2018-06-17 00:00:00,1,2,2018,5,2018-05
ord_000436,c_001026,delivered,2018-02-05 00:00:00,2018-02-05 00:00:00,2018-02-06 00:00:00,2018-02-24 00:00:00,2018-02-27 00:00:00,0,0,2018,2,2018-02
ord_000437,c_000204,delivered,2017-12-31 00:00:00,2017-12-31 00:00:00,2018-01-02 00:00:00,2018-01-24 00:00:00,2018-01-27 00:00:00,0,0,2017,12,2017-12
ord_000438,c_000662,delivered,2018-07-31 00:00:00,2018-07-31 00:00:00,2018-08-01 00:00:00,2018-08-08 00:00:00,2018-08-13 00:00:00,0,0,2018,7,2018-07
ord_000439,c_000805,delivered,2017-11-22 00:00:00,2017-11-22 00:00:00,2017-11-24 00:00:00,2017-12-10 00:00:00,2017-12-14 00:00:00,0,0,2017,11,2017-11
ord_000440,c_000404,delivered,2018-08-04 00:00:00,2018-08-04 00:00:00,2018-08-07 00:00:00,2018-08-12 00:00:00,2018-08-25 00:00:00,0,0,2018,8,2018-08
ord_000441,c_001127,delivered,2017-09-04 00:00:00,2017-09-04 00:00:00,2017-09-07 00:00:00,2017-09-18 00:00:00,2017-09-20 00:00:00,0,0,2017,9,2017-09
ord_000442,c_000536,delivered,2018-03-10 00:00:00,2018-03-10 00:00:00,2018-03-12 00:00:00,2018-03-27 00:00:00,2018-04-03 00:00:00,0,0,2018,3,2018-03
ord_000443,c_001392,shipped,2017-04-03 00:00:00,2017-04-03 00:00:00,2017-04-06 00:00:00,,2017-04-26 00:00:00,0,0,2017,4,2017-04
ord_000444,c_001236,delivered,2017-09-25 00:00:00,2017-09-25 00:00:00,2017-09-27 00:00:00,2017-10-01 00:00:00,2017-10-08 00:00:00,0,0,2017,9,2017-09
ord_000445,c_000577,delivered,2017-11-17 00:00:00,2017-11-17 00:00:00,2017-11-18 00:00:00,2017-11-30 00:00:00,2017-11-30 00:00:00,0,0,2017,11,2017-11
ord_000446,c_001233,delivered,2017-03-03 00:00:00,2017-03-03 00:00:00,2017-03-05 00:00:00,2017-03-12 00:00:00,2017-03-18 00:00:00,0,0,2017,3,2017-03
ord_000447,c_000763,delivered,2017-10-27 00:00:00,2017-10-27 00:00:00,2017-10-28 00:00:00,2017-11-02 00:00:00,2017-11-11 00:00:00,0,0,2017,10,2017-10
ord_000448,c_000117,canceled,2018-02-07 00:00:00,2018-02-07 00:00:00,2018-02-09 00:00:00,,2018-03-06 00:00:00,0,0,2018,2,2018-02
ord_000449,c_000628,delivered,2018-07-21 00:00:00,2018-07-21 00:00:00,2018-07-24 00:00:00,2018-08-06 00:00:00,2018-08-14 00:00:00,0,0,2018,7,2018-07
ord_000450,c_000749,delivered,2017-10-30 00:00:00,2017-10-30 00:00:00,2017-11-01 00:00:00,2017-11-20 00:00:00,2017-11-18 00:00:00,1,2,2017,10,2017-10
ord_000451,c_000105,delivered,2017-09-10 00:00:00,2017-09-10 00:00:00,2017-09-12 00:00:00,2017-09-15 00:00:00,2017-10-04 00:00:00,0,0,2017,9,2017-09
ord_000452,c_000495,delivered,2018-04-23 00:00:00,2018-04-23 00:00:00,2018-04-25 00:00:00,2018-05-11 00:00:00,2018-05-20 00:00:00,0,0,2018,4,2018-04
ord_000453,c_000046,delivered,2018-01-04 00:00:00,2018-01-04 00:00:00,2018-01-07 00:00:00,2018-01-12 00:00:00,2018-01-21 00:00:00,0,0,2018,1,2018-01
ord_000454,c_000823,delivered,2017-06-09 00:00:00,2017-06-09 00:00:00,2017-06-11 00:00:00,2017-06-27 00:00:00,2017-06-30 00:00:00,0,0,2017,6,2017-06
ord_000455,c_001355,delivered,2017-06-15 00:00:00,2017-06-15 00:00:00,2017-06-18 00:00:00,2017-07-09 00:00:00,2017-07-04 00:00:00,1,5,2017,6,2017-06
ord_000456,c_001240,delivered,2017-07-24 00:00:00,2017-07-24 00:00:00,2017-07-26 00:00:00,2017-08-13 00:00:00,2017-08-20 00:00:00,0,0,2017,7,2017-07
ord_000457,c_000982,delivered,2017-09-24 00:00:00,2017-09-24 00:00:00,2017-09-25 00:00:00,2017-09-29 00:00:00,2017-10-18 00:00:00,0,0,2017,9,2017-09
ord_000458,c_000960,delivered,2017-05-18 00:00:00,2017-05-18 00:00:00,2017-05-20 00:00:00,2017-06-08 00:00:00,2017-06-05 00:00:00,1,3,2017,5,2017-05
ord_000459,c_000845,delivered,2018-01-03 00:00:00,2018-01-03 00:00:00,2018-01-04 00:00:00,2018-01-21 00:00:00,2018-01-27 00:00:00,0,0,2018,1,2018-01
ord_000460,c_000449,delivered,2018-03-19 00:00:00,2018-03-19 00:00:00,2018-03-22 00:00:00,2018-04-11 00:00:00,2018-04-09 00:00:00,1,2,2018,3,2018-03
ord_000461,c_000536,delivered,2018-07-21 00:00:00,2018-07-21 00:00:00,2018-07-24 00:00:00,2018-07-27 00:00:00,2018-08-05 00:00:00,0,0,2018,7,2018-07
ord_000462,c_000511,delivered,2017-01-17 00:00:00,2017-01-17 00:00:00,2017-01-19 00:00:00,2017-01-25 00:00:00,2017-01-30 00:00:00,0,0,2017,1,2017-01
ord_000463,c_001482,delivered,2017-03-09 00:00:00,2017-03-09 00:00:00,2017-03-12 00:00:00,2017-03-23 00:00:00,2017-04-04 00:00:00,0,0,2017,3,2017-03
ord_000464,c_000540,delivered,2017-05-13 00:00:00,2017-05-13 00:00:00,2017-05-15 00:00:00,2017-05-25 00:00:00,2017-06-02 00:00:00,0,0,2017,5,2017-05
ord_000465,c_000016,delivered,2018-03-06 00:00:00,2018-03-06 00:00:00,2018-03-09 00:00:00,2018-03-14 00:00:00,2018-03-19 00:00:00,0,0,2018,3,2018-03
ord_000466,c_000243,delivered,2017-11-04 00:00:00,2017-11-04 00:00:00,2017-11-05 00:00:00,2017-11-08 00:00:00,2017-11-16 00:00:00,0,0,2017,11,2017-11
ord_000467,c_001231,delivered,2017-06-23 00:00:00,2017-06-23 00:00:00,2017-06-26 00:00:00,2017-07-10 00:00:00,2017-07-12 00:00:00,0,0,2017,6,2017-06
ord_000468,c_000912,delivered,2018-02-16 00:00:00,2018-02-16 00:00:00,2018-02-17 00:00:00,2018-02-24 00:00:00,2018-03-09 00:00:00,0,0,2018,2,2018-02
ord_000469,c_001295,delivered,2017-04-07 00:00:00,2017-04-07 00:00:00,2017-04-09 00:00:00,2017-04-18 00:00:00,2017-05-03 00:00:00,0,0,2017,4,2017-04
ord_000470,c_000761,delivered,2017-06-03 00:00:00,2017-06-03 00:00:00,2017-06-05 00:00:00,2017-06-27 00:00:00,2017-06-23 00:00:00,1,4,2017,6,2017-06
ord_000471,c_000705,delivered,2017-08-30 00:00:00,2017-08-30 00:00:00,2017-09-01 00:00:00,2017-09-16 00:00:00,2017-09-11 00:00:00,1,5,2017,8,2017-08
ord_000472,c_000115,delivered,2017-10-31 00:00:00,2017-10-31 00:00:00,2017-11-01 00:00:00,2017-11-19 00:00:00,2017-11-18 00:00:00,1,1,2017,10,2017-10
ord_000473,c_001323,delivered,2017-10-12 00:00:00,2017-10-12 00:00:00,2017-10-14 00:00:00,2017-10-21 00:00:00,2017-10-25 00:00:00,0,0,2017,10,2017-10
ord_000474,c_000397,delivered,2017-01-27 00:00:00,2017-01-27 00:00:00,2017-01-29 00:00:00,2017-02-07 00:00:00,2017-02-13 00:00:00,0,0,2017,1,2017-01
ord_000475,c_000394,delivered,2018-02-06 00:00:00,2018-02-06 00:00:00,2018-02-07 00:00:00,2018-02-11 00:00:00,2018-03-02 00:00:00,0,0,2018,2,2018-02
ord_000476,c_001099,delivered,2017-12-26 00:00:00,2017-12-26 00:00:00,2017-12-29 00:00:00,2018-01-17 00:00:00,2018-01-17 00:00:00,0,0,2017,12,2017-12
ord_000477,c_000978,delivered,2017-03-01 00:00:00,2017-03-01 00:00:00,2017-03-03 00:00:00,2017-03-13 00:00:00,2017-03-17 00:00:00,0,0,2017,3,2017-03
ord_000478,c_001127,delivered,2017-07-21 00:00:00,2017-07-21 00:00:00,2017-07-24 00:00:00,2017-07-29 00:00:00,2017-08-02 00:00:00,0,0,2017,7,2017-07
ord_000479,c_000297,delivered,2018-08-04 00:00:00,2018-08-04 00:00:00,2018-08-07 00:00:00,2018-08-12 00:00:00,2018-08-31 00:00:00,0,0,2018,8,2018-08
ord_000480,c_001002,delivered,2018-01-05 00:00:00,2018-01-05 00:00:00,2018-01-07 00:00:00,2018-01-27 00:00:00,2018-01-18 00:00:00,1,9,2018,1,2018-01
ord_000481,c_000178,delivered,2018-06-17 00:00:00,2018-06-17 00:00:00,2018-06-19 00:00:00,2018-06-24 00:00:00,2018-06-30 00:00:00,0,0,2018,6,2018-06
ord_000482,c_001239,delivered,2017-06-01 00:00:00,2017-06-01 00:00:00,2017-06-02 00:00:00,2017-06-20 00:00:00,2017-06-28 00:00:00,0,0,2017,6,2017-06
ord_000483,c_000967,delivered,2017-04-12 00:00:00,2017-04-12 00:00:00,2017-04-13 00:00:00,2017-05-01 00:00:00,2017-05-03 00:00:00,0,0,2017,4,2017-04
ord_000484,c_000315,delivered,2018-03-22 00:00:00,2018-03-22 00:00:00,2018-03-24 00:00:00,2018-04-10 00:00:00,2018-04-12 00:00:00,0,0,2018,3,2018-03
ord_000485,c_001063,delivered,2017-08-17 00:00:00,2017-08-17 00:00:00,2017-08-20 00:00:00,2017-08-27 00:00:00,2017-09-03 00:00:00,0,0,2017,8,2017-08
ord_000486,c_000259,delivered,2017-05-05 00:00:00,2017-05-05 00:00:00,2017-05-06 00:00:00,2017-05-26 00:00:00,2017-05-27 00:00:00,0,0,2017,5,2017-05
ord_000487,c_000007,delivered,2017-08-24 00:00:00,2017-08-24 00:00:00,2017-08-25 00:00:00,2017-09-17 00:00:00,2017-09-16 00:00:00,1,1,2017,8,2017-08
ord_000488,c_000049,shipped,2017-06-11 00:00:00,2017-06-11 00:00:00,2017-06-13 00:00:00,,2017-06-23 00:00:00,0,0,2017,6,2017-06
ord_000489,c_000161,delivered,2018-07-08 00:00:00,2018-07-08 00:00:00,2018-07-10 00:00:00,2018-07-14 00:00:00,2018-07-30 00:00:00,0,0,2018,7,2018-07
ord_000490,c_000176,delivered,2017-12-19 00:00:00,2017-12-19 00:00:00,2017-12-21 00:00:00,2018-01-12 00:00:00,2018-01-12 00:00:00,0,0,2017,12,2017-12
ord_000491,c_001026,shipped,2017-03-09 00:00:00,2017-03-09 00:00:00,2017-03-11 00:00:00,,2017-03-24 00:00:00,0,0,2017,3,2017-03
ord_000492,c_001001,delivered,2017-06-22 00:00:00,2017-06-22 00:00:00,2017-06-23 00:00:00,2017-06-26 00:00:00,2017-07-15 00:00:00,0,0,2017,6,2017-06
ord_000493,c_000455,delivered,2018-07-13 00:00:00,2018-07-13 00:00:00,2018-07-14 00:00:00,2018-07-23 00:00:00,2018-08-09 00:00:00,0,0,2018,7,2018-07
ord_000494,c_000276,delivered,2017-09-18 00:00:00,2017-09-18 00:00:00,2017-09-19 00:00:00,2017-09-28 00:00:00,2017-10-09 00:00:00,0,0,2017,9,2017-09
ord_000495,c_000498,delivered,2017-08-05 00:00:00,2017-08-05 00:00:00,2017-08-08 00:00:00,2017-08-16 00:00:00,2017-08-27 00:00:00,0,0,2017,8,2017-08
ord_000496,c_000676,delivered,2017-05-04 00:00:00,2017-05-04 00:00:00,2017-05-05 00:00:00,2017-05-26 00:00:00,2017-05-31 00:00:00,0,0,2017,5,2017-05
ord_000497,c_001052,delivered,2017-06-11 00:00:00,2017-06-11 00:00:00,2017-06-12 00:00:00,2017-07-01 00:00:00,2017-06-27 00:00:00,1,4,2017,6,2017-06
ord_000498,c_001357,delivered,2017-07-20 00:00:00,2017-07-20 00:00:00,2017-07-22 00:00:00,2017-08-03 00:00:00,2017-08-02 00:00:00,1,1,2017,7,2017-07
ord_000499,c_001025,delivered,2018-03-30 00:00:00,2018-03-30 00:00:00,2018-03-31 00:00:00,2018-04-17 00:00:00,2018-04-12 00:00:00,1,5,2018,3,2018-03
ord_000500,c_001212,delivered,2018-02-06 00:00:00,2018-02-06 00:00:00,2018-02-07 00:00:00,2018-02-18 00:00:00,2018-03-04 00:00:00,0,0,2018,2,2018-02
ord_000501,c_000056,delivered,2018-04-07 00:00:00,2018-04-07 00:00:00,2018-04-08 00:00:00,2018-04-27 00:00:00,2018-04-25 00:00:00,1,2,2018,4,2018-04
ord_000502,c_000547,delivered,2017-10-02 00:00:00,2017-10-02 00:00:00,2017-10-04 00:00:00,2017-10-16 00:00:00,2017-10-20 00:00:00,0,0,2017,10,2017-10
ord_000503,c_001136,delivered,2017-07-25 00:00:00,2017-07-25 00:00:00,2017-07-26 00:00:00,2017-08-03 00:00:00,2017-08-11 00:00:00,0,0,2017,7,2017-07
ord_000504,c_001334,delivered,2017-02-09 00:00:00,2017-02-09 00:00:00,2017-02-10 00:00:00,2017-02-21 00:00:00,2017-03-08 00:00:00,0,0,2017,2,2017-02
ord_000505,c_000036,delivered,2017-09-30 00:00:00,2017-09-30 00:00:00,2017-10-03 00:00:00,2017-10-21 00:00:00,2017-10-12 00:00:00,1,9,2017,9,2017-09
ord_000506,c_000439,delivered,2017-04-03 00:00:00,2017-04-03 00:00:00,2017-04-06 00:00:00,2017-04-26 00:00:00,2017-04-26 00:00:00,0,0,2017,4,2017-04
ord_000507,c_000595,shipped,2017-02-11 00:00:00,2017-02-11 00:00:00,2017-02-14 00:00:00,,2017-03-07 00:00:00,0,0,2017,2,2017-02
ord_000508,c_001349,delivered,2018-04-10 00:00:00,2018-04-10 00:00:00,2018-04-13 00:00:00,2018-04-17 00:00:00,2018-05-03 00:00:00,0,0,2018,4,2018-04
ord_000509,c_000307,delivered,2018-01-14 00:00:00,2018-01-14 00:00:00,2018-01-16 00:00:00,2018-02-04 00:00:00,2018-01-28 00:00:00,1,7,2018,1,2018-01
ord_000510,c_000619,delivered,2017-04-17 00:00:00,2017-04-17 00:00:00,2017-04-20 00:00:00,2017-04-21 00:00:00,2017-05-07 00:00:00,0,0,2017,4,2017-04
ord_000511,c_001133,delivered,2017-11-24 00:00:00,2017-11-24 00:00:00,2017-11-25 00:00:00,2017-12-08 00:00:00,2017-12-15 00:00:00,0,0,2017,11,2017-11
ord_000512,c_001396,delivered,2017-03-06 00:00:00,2017-03-06 00:00:00,2017-03-09 00:00:00,2017-03-12 00:00:00,2017-03-18 00:00:00,0,0,2017,3,2017-03
ord_000513,c_000357,delivered,2017-12-31 00:00:00,2017-12-31 00:00:00,2018-01-02 00:00:00,2018-01-11 00:00:00,2018-01-13 00:00:00,0,0,2017,12,2017-12
ord_000514,c_000181,delivered,2018-04-29 00:00:00,2018-04-29 00:00:00,2018-05-02 00:00:00,2018-05-07 00:00:00,2018-05-18 00:00:00,0,0,2018,4,2018-04
ord_000515,c_001380,delivered,2017-01-24 00:00:00,2017-01-24 00:00:00,2017-01-27 00:00:00,2017-02-16 00:00:00,2017-02-11 00:00:00,1,5,2017,1,2017-01
ord_000516,c_000068,delivered,2018-06-24 00:00:00,2018-06-24 00:00:00,2018-06-26 00:00:00,2018-07-18 00:00:00,2018-07-14 00:00:00,1,4,2018,6,2018-06
ord_000517,c_000292,delivered,2017-03-03 00:00:00,2017-03-03 00:00:00,2017-03-05 00:00:00,2017-03-11 00:00:00,2017-03-24 00:00:00,0,0,2017,3,2017-03
ord_000518,c_000692,delivered,2018-05-06 00:00:00,2018-05-06 00:00:00,2018-05-08 00:00:00,2018-05-20 00:00:00,2018-05-29 00:00:00,0,0,2018,5,2018-05
ord_000519,c_000181,delivered,2017-09-30 00:00:00,2017-09-30 00:00:00,2017-10-02 00:00:00,2017-10-15 00:00:00,2017-10-26 00:00:00,0,0,2017,9,2017-09
ord_000520,c_001490,delivered,2017-08-17 00:00:00,2017-08-17 00:00:00,2017-08-19 00:00:00,2017-08-29 00:00:00,2017-09-12 00:00:00,0,0,2017,8,2017-08
ord_000521,c_000434,delivered,2017-01-20 00:00:00,2017-01-20 00:00:00,2017-01-22 00:00:00,2017-02-13 00:00:00,2017-02-15 00:00:00,0,0,2017,1,2017-01
ord_000522,c_001488,delivered,2017-01-03 00:00:00,2017-01-03 00:00:00,2017-01-04 00:00:00,2017-01-19 00:00:00,2017-01-26 00:00:00,0,0,2017,1,2017-01
ord_000523,c_000914,delivered,2018-02-25 00:00:00,2018-02-25 00:00:00,2018-02-28 00:00:00,2018-03-20 00:00:00,2018-03-12 00:00:00,1,8,2018,2,2018-02
ord_000524,c_000066,canceled,2017-11-03 00:00:00,2017-11-03 00:00:00,2017-11-06 00:00:00,,2017-11-18 00:00:00,0,0,2017,11,2017-11
ord_000525,c_001045,canceled,2018-03-08 00:00:00,2018-03-08 00:00:00,2018-03-10 00:00:00,,2018-03-26 00:00:00,0,0,2018,3,2018-03
ord_000526,c_000384,delivered,2017-05-16 00:00:00,2017-05-16 00:00:00,2017-05-18 00:00:00,2017-05-30 00:00:00,2017-05-28 00:00:00,1,2,2017,5,2017-05
ord_000527,c_000039,delivered,2018-05-30 00:00:00,2018-05-30 00:00:00,2018-05-31 00:00:00,2018-06-13 00:00:00,2018-06-20 00:00:00,0,0,2018,5,2018-05
ord_000528,c_001309,delivered,2017-07-12 00:00:00,2017-07-12 00:00:00,2017-07-13 00:00:00,2017-08-05 00:00:00,2017-08-04 00:00:00,1,1,2017,7,2017-07
ord_000529,c_000822,delivered,2018-08-08 00:00:00,2018-08-08 00:00:00,2018-08-10 00:00:00,2018-08-31 00:00:00,2018-08-28 00:00:00,1,3,2018,8,2018-08
ord_000530,c_000602,delivered,2018-02-19 00:00:00,2018-02-19 00:00:00,2018-02-20 00:00:00,2018-03-15 00:00:00,2018-03-04 00:00:00,1,11,2018,2,2018-02
ord_000531,c_000785,delivered,2017-04-28 00:00:00,2017-04-28 00:00:00,2017-04-29 00:00:00,2017-05-08 00:00:00,2017-05-24 00:00:00,0,0,2017,4,2017-04
ord_000532,c_001360,delivered,2017-07-28 00:00:00,2017-07-28 00:00:00,2017-07-30 00:00:00,2017-08-17 00:00:00,2017-08-09 00:00:00,1,8,2017,7,2017-07
ord_000533,c_001212,delivered,2017-02-03 00:00:00,2017-02-03 00:00:00,2017-02-05 00:00:00,2017-02-22 00:00:00,2017-02-21 00:00:00,1,1,2017,2,2017-02
ord_000534,c_000671,delivered,2017-11-14 00:00:00,2017-11-14 00:00:00,2017-11-16 00:00:00,2017-12-01 00:00:00,2017-12-01 00:00:00,0,0,2017,11,2017-11
ord_000535,c_001267,delivered,2017-04-30 00:00:00,2017-04-30 00:00:00,2017-05-02 00:00:00,2017-05-04 00:00:00,2017-05-23 00:00:00,0,0,2017,4,2017-04
ord_000536,c_001097,delivered,2018-06-09 00:00:00,2018-06-09 00:00:00,2018-06-12 00:00:00,2018-06-23 00:00:00,2018-06-23 00:00:00,0,0,2018,6,2018-06
ord_000537,c_000479,delivered,2018-08-04 00:00:00,2018-08-04 00:00:00,2018-08-07 00:00:00,2018-08-20 00:00:00,2018-08-16 00:00:00,1,4,2018,8,2018-08
ord_000538,c_000561,delivered,2017-03-30 00:00:00,2017-03-30 00:00:00,2017-04-01 00:00:00,2017-04-03 00:00:00,2017-04-22 00:00:00,0,0,2017,3,2017-03
ord_000539,c_000101,delivered,2018-05-27 00:00:00,2018-05-27 00:00:00,2018-05-28 00:00:00,2018-06-01 00:00:00,2018-06-12 00:00:00,0,0,2018,5,2018-05
ord_000540,c_000514,delivered,2017-02-16 00:00:00,2017-02-16 00:00:00,2017-02-18 00:00:00,2017-02-28 00:00:00,2017-03-09 00:00:00,0,0,2017,2,2017-02
ord_000541,c_000176,delivered,2018-06-06 00:00:00,2018-06-06 00:00:00,2018-06-09 00:00:00,2018-06-22 00:00:00,2018-07-01 00:00:00,0,0,2018,6,2018-06
ord_000542,c_000238,delivered,2017-10-11 00:00:00,2017-10-11 00:00:00,2017-10-12 00:00:00,2017-10-19 00:00:00,2017-10-26 00:00:00,0,0,2017,10,2017-10
ord_000543,c_000910,delivered,2018-01-12 00:00:00,2018-01-12 00:00:00,2018-01-15 00:00:00,2018-01-24 00:00:00,2018-01-28 00:00:00,0,0,2018,1,2018-01
ord_000544,c_001083,delivered,2017-05-14 00:00:00,2017-05-14 00:00:00,2017-05-16 00:00:00,2017-05-30 00:00:00,2017-05-26 00:00:00,1,4,2017,5,2017-05
ord_000545,c_001123,delivered,2017-09-05 00:00:00,2017-09-05 00:00:00,2017-09-08 00:00:00,2017-09-13 00:00:00,2017-09-17 00:00:00,0,0,2017,9,2017-09
ord_000546,c_000871,invoiced,2017-11-14 00:00:00,2017-11-14 00:00:00,2017-11-17 00:00:00,,2017-11-30 00:00:00,0,0,2017,11,2017-11
ord_000547,c_000495,delivered,2018-03-12 00:00:00,2018-03-12 00:00:00,2018-03-15 00:00:00,2018-03-22 00:00:00,2018-03-29 00:00:00,0,0,2018,3,2018-03
ord_000548,c_000947,delivered,2017-06-25 00:00:00,2017-06-25 00:00:00,2017-06-26 00:00:00,2017-07-12 00:00:00,2017-07-11 00:00:00,1,1,2017,6,2017-06
ord_000549,c_000755,delivered,2018-08-09 00:00:00,2018-08-09 00:00:00,2018-08-12 00:00:00,2018-08-28 00:00:00,2018-08-22 00:00:00,1,6,2018,8,2018-08
ord_000550,c_001321,delivered,2017-12-17 00:00:00,2017-12-17 00:00:00,2017-12-18 00:00:00,2017-12-26 00:00:00,2018-01-06 00:00:00,0,0,2017,12,2017-12
ord_000551,c_000211,delivered,2017-05-23 00:00:00,2017-05-23 00:00:00,2017-05-25 00:00:00,2017-05-28 00:00:00,2017-06-08 00:00:00,0,0,2017,5,2017-05
ord_000552,c_001147,delivered,2018-02-02 00:00:00,2018-02-02 00:00:00,2018-02-04 00:00:00,2018-02-21 00:00:00,2018-02-24 00:00:00,0,0,2018,2,2018-02
ord_000553,c_001253,delivered,2018-01-04 00:00:00,2018-01-04 00:00:00,2018-01-07 00:00:00,2018-01-26 00:00:00,2018-01-26 00:00:00,0,0,2018,1,2018-01
ord_000554,c_001412,delivered,2018-05-16 00:00:00,2018-05-16 00:00:00,2018-05-17 00:00:00,2018-05-24 00:00:00,2018-06-01 00:00:00,0,0,2018,5,2018-05
ord_000555,c_000140,delivered,2018-01-05 00:00:00,2018-01-05 00:00:00,2018-01-07 00:00:00,2018-01-12 00:00:00,2018-01-26 00:00:00,0,0,2018,1,2018-01
ord_000556,c_000541,delivered,2018-08-02 00:00:00,2018-08-02 00:00:00,2018-08-03 00:00:00,2018-08-19 00:00:00,2018-08-22 00:00:00,0,0,2018,8,2018-08
ord_000557,c_001415,delivered,2018-01-17 00:00:00,2018-01-17 00:00:00,2018-01-18 00:00:00,2018-01-26 00:00:00,2018-01-31 00:00:00,0,0,2018,1,2018-01
ord_000558,c_000270,shipped,2017-03-27 00:00:00,2017-03-27 00:00:00,2017-03-30 00:00:00,,2017-04-12 00:00:00,0,0,2017,3,2017-03
ord_000559,c_001036,delivered,2018-04-05 00:00:00,2018-04-05 00:00:00,2018-04-08 00:00:00,2018-04-11 00:00:00,2018-05-01 00:00:00,0,0,2018,4,2018-04
ord_000560,c_001413,delivered,2017-11-21 00:00:00,2017-11-21 00:00:00,2017-11-22 00:00:00,2017-11-28 00:00:00,2017-12-15 00:00:00,0,0,2017,11,2017-11
ord_000561,c_001361,delivered,2018-06-06 00:00:00,2018-06-06 00:00:00,2018-06-07 00:00:00,2018-06-10 00:00:00,2018-06-29 00:00:00,0,0,2018,6,2018-06
ord_000562,c_000506,delivered,2018-05-04 00:00:00,2018-05-04 00:00:00,2018-05-07 00:00:00,2018-05-09 00:00:00,2018-05-20 00:00:00,0,0,2018,5,2018-05
ord_000563,c_001130,delivered,2018-02-01 00:00:00,2018-02-01 00:00:00,2018-02-02 00:00:00,2018-02-17 00:00:00,2018-02-14 00:00:00,1,3,2018,2,2018-02
ord_000564,c_000032,delivered,2017-12-21 00:00:00,2017-12-21 00:00:00,2017-12-24 00:00:00,2018-01-02 00:00:00,2018-01-12 00:00:00,0,0,2017,12,2017-12
ord_000565,c_001098,delivered,2017-10-15 00:00:00,2017-10-15 00:00:00,2017-10-16 00:00:00,2017-10-30 00:00:00,2017-10-30 00:00:00,0,0,2017,10,2017-10
ord_000566,c_001195,shipped,2018-04-04 00:00:00,2018-04-04 00:00:00,2018-04-07 00:00:00,,2018-04-26 00:00:00,0,0,2018,4,2018-04
ord_000567,c_001093,delivered,2018-06-20 00:00:00,2018-06-20 00:00:00,2018-06-21 00:00:00,2018-07-03 00:00:00,2018-07-12 00:00:00,0,0,2018,6,2018-06
ord_000568,c_000813,delivered,2017-10-18 00:00:00,2017-10-18 00:00:00,2017-10-21 00:00:00,2017-11-08 00:00:00,2017-10-31 00:00:00,1,8,2017,10,2017-10
ord_000569,c_000362,delivered,2017-06-17 00:00:00,2017-06-17 00:00:00,2017-06-18 00:00:00,2017-07-02 00:00:00,2017-07-03 00:00:00,0,0,2017,6,2017-06
ord_000570,c_001457,delivered,2018-03-04 00:00:00,2018-03-04 00:00:00,2018-03-06 00:00:00,2018-03-23 00:00:00,2018-03-25 00:00:00,0,0,2018,3,2018-03
ord_000571,c_000929,delivered,2018-05-05 00:00:00,2018-05-05 00:00:00,2018-05-07 00:00:00,2018-05-14 00:00:00,2018-05-29 00:00:00,0,0,2018,5,2018-05
ord_000572,c_000100,delivered,2017-12-21 00:00:00,2017-12-21 00:00:00,2017-12-22 00:00:00,2018-01-14 00:00:00,2018-01-13 00:00:00,1,1,2017,12,2017-12
ord_000573,c_000009,delivered,2017-07-15 00:00:00,2017-07-15 00:00:00,2017-07-17 00:00:00,2017-07-28 00:00:00,2017-07-28 00:00:00,0,0,2017,7,2017-07
ord_000574,c_000697,delivered,2018-06-29 00:00:00,2018-06-29 00:00:00,2018-06-30 00:00:00,2018-07-17 00:00:00,2018-07-20 00:00:00,0,0,2018,6,2018-06
ord_000575,c_001053,delivered,2017-01-11 00:00:00,2017-01-11 00:00:00,2017-01-12 00:00:00,2017-01-23 00:00:00,2017-02-06 00:00:00,0,0,2017,1,2017-01
ord_000576,c_001138,delivered,2018-08-05 00:00:00,2018-08-05 00:00:00,2018-08-07 00:00:00,2018-08-10 00:00:00,2018-08-30 00:00:00,0,0,2018,8,2018-08
ord_000577,c_000462,delivered,2017-09-13 00:00:00,2017-09-13 00:00:00,2017-09-14 00:00:00,2017-10-04 00:00:00,2017-10-03 00:00:00,1,1,2017,9,2017-09
ord_000578,c_000921,delivered,2018-01-31 00:00:00,2018-01-31 00:00:00,2018-02-03 00:00:00,2018-02-15 00:00:00,2018-02-21 00:00:00,0,0,2018,1,2018-01
ord_000579,c_001167,delivered,2018-02-13 00:00:00,2018-02-13 00:00:00,2018-02-14 00:00:00,2018-02-19 00:00:00,2018-03-02 00:00:00,0,0,2018,2,2018-02
ord_000580,c_000390,delivered,2017-12-28 00:00:00,2017-12-28 00:00:00,2017-12-29 00:00:00,2018-01-07 00:00:00,2018-01-16 00:00:00,0,0,2017,12,2017-12
ord_000581,c_000632,delivered,2017-09-16 00:00:00,2017-09-16 00:00:00,2017-09-18 00:00:00,2017-09-28 00:00:00,2017-10-06 00:00:00,0,0,2017,9,2017-09
ord_000582,c_000682,delivered,2017-01-03 00:00:00,2017-01-03 00:00:00,2017-01-06 00:00:00,2017-01-14 00:00:00,2017-01-29 00:00:00,0,0,2017,1,2017-01
ord_000583,c_000157,shipped,2017-03-25 00:00:00,2017-03-25 00:00:00,2017-03-26 00:00:00,,2017-04-18 00:00:00,0,0,2017,3,2017-03
ord_000584,c_000335,delivered,2017-06-05 00:00:00,2017-06-05 00:00:00,2017-06-06 00:00:00,2017-06-09 00:00:00,2017-06-24 00:00:00,0,0,2017,6,2017-06
ord_000585,c_000260,delivered,2017-06-25 00:00:00,2017-06-25 00:00:00,2017-06-26 00:00:00,2017-07-12 00:00:00,2017-07-11 00:00:00,1,1,2017,6,2017-06
ord_000586,c_000082,delivered,2018-04-17 00:00:00,2018-04-17 00:00:00,2018-04-18 00:00:00,2018-05-06 00:00:00,2018-05-03 00:00:00,1,3,2018,4,2018-04
ord_000587,c_000754,delivered,2018-02-28 00:00:00,2018-02-28 00:00:00,2018-03-01 00:00:00,2018-03-19 00:00:00,2018-03-17 00:00:00,1,2,2018,2,2018-02
ord_000588,c_001465,delivered,2017-05-14 00:00:00,2017-05-14 00:00:00,2017-05-15 00:00:00,2017-05-21 00:00:00,2017-06-08 00:00:00,0,0,2017,5,2017-05
ord_000589,c_001196,delivered,2018-01-15 00:00:00,2018-01-15 00:00:00,2018-01-18 00:00:00,2018-01-24 00:00:00,2018-01-27 00:00:00,0,0,2018,1,2018-01
ord_000590,c_001255,delivered,2017-10-04 00:00:00,2017-10-04 00:00:00,2017-10-07 00:00:00,2017-10-22 00:00:00,2017-10-28 00:00:00,0,0,2017,10,2017-10
ord_000591,c_000720,delivered,2017-08-24 00:00:00,2017-08-24 00:00:00,2017-08-25 00:00:00,2017-09-04 00:00:00,2017-09-15 00:00:00,0,0,2017,8,2017-08
ord_000592,c_000075,delivered,2017-01-13 00:00:00,2017-01-13 00:00:00,2017-01-14 00:00:00,2017-01-17 00:00:00,2017-02-01 00:00:00,0,0,2017,1,2017-01
ord_000593,c_001294,delivered,2017-12-08 00:00:00,2017-12-08 00:00:00,2017-12-10 00:00:00,2017-12-24 00:00:00,2017-12-21 00:00:00,1,3,2017,12,2017-12
ord_000594,c_000626,delivered,2017-02-04 00:00:00,2017-02-04 00:00:00,2017-02-07 00:00:00,2017-02-25 00:00:00,2017-02-21 00:00:00,1,4,2017,2,2017-02
ord_000595,c_000062,delivered,2018-07-13 00:00:00,2018-07-13 00:00:00,2018-07-16 00:00:00,2018-08-03 00:00:00,2018-08-07 00:00:00,0,0,2018,7,2018-07
ord_000596,c_000874,delivered,2017-08-02 00:00:00,2017-08-02 00:00:00,2017-08-03 00:00:00,2017-08-18 00:00:00,2017-08-27 00:00:00,0,0,2017,8,2017-08
ord_000597,c_000320,delivered,2018-02-16 00:00:00,2018-02-16 00:00:00,2018-02-19 00:00:00,2018-03-05 00:00:00,2018-03-08 00:00:00,0,0,2018,2,2018-02
ord_000598,c_000102,delivered,2018-02-09 00:00:00,2018-02-09 00:00:00,2018-02-12 00:00:00,2018-02-23 00:00:00,2018-03-05 00:00:00,0,0,2018,2,2018-02
ord_000599,c_001453,delivered,2018-05-09 00:00:00,2018-05-09 00:00:00,2018-05-11 00:00:00,2018-05-19 00:00:00,2018-05-23 00:00:00,0,0,2018,5,2018-05
ord_000600,c_000874,delivered,2017-06-08 00:00:00,2017-06-08 00:00:00,2017-06-10 00:00:00,2017-06-29 00:00:00,2017-06-21 00:00:00,1,8,2017,6,2017-06
ord_000601,c_000954,delivered,2017-04-20 00:00:00,2017-04-20 00:00:00,2017-04-23 00:00:00,2017-05-14 00:00:00,2017-05-11 00:00:00,1,3,2017,4,2017-04
ord_000602,c_000255,invoiced,2018-07-03 00:00:00,2018-07-03 00:00:00,2018-07-06 00:00:00,,2018-07-19 00:00:00,0,0,2018,7,2018-07
ord_000603,c_000570,delivered,2018-06-10 00:00:00,2018-06-10 00:00:00,2018-06-13 00:00:00,2018-06-30 00:00:00,2018-07-02 00:00:00,0,0,2018,6,2018-06
ord_000604,c_000112,delivered,2017-12-13 00:00:00,2017-12-13 00:00:00,2017-12-14 00:00:00,2018-01-04 00:00:00,2018-01-02 00:00:00,1,2,2017,12,2017-12
ord_000605,c_000985,delivered,2017-10-06 00:00:00,2017-10-06 00:00:00,2017-10-08 00:00:00,2017-10-23 00:00:00,2017-10-23 00:00:00,0,0,2017,10,2017-10
ord_000606,c_001337,shipped,2018-04-24 00:00:00,2018-04-24 00:00:00,2018-04-25 00:00:00,,2018-05-19 00:00:00,0,0,2018,4,2018-04
ord_000607,c_000998,delivered,2017-04-21 00:00:00,2017-04-21 00:00:00,2017-04-23 00:00:00,2017-04-30 00:00:00,2017-05-18 00:00:00,0,0,2017,4,2017-04
ord_000608,c_000461,delivered,2018-03-07 00:00:00,2018-03-07 00:00:00,2018-03-09 00:00:00,2018-03-28 00:00:00,2018-03-26 00:00:00,1,2,2018,3,2018-03
ord_000609,c_000708,delivered,2018-06-26 00:00:00,2018-06-26 00:00:00,2018-06-28 00:00:00,2018-07-03 00:00:00,2018-07-15 00:00:00,0,0,2018,6,2018-06
ord_000610,c_000887,delivered,2017-04-25 00:00:00,2017-04-25 00:00:00,2017-04-28 00:00:00,2017-05-09 00:00:00,2017-05-13 00:00:00,0,0,2017,4,2017-04
ord_000611,c_001486,delivered,2017-03-31 00:00:00,2017-03-31 00:00:00,2017-04-02 00:00:00,2017-04-16 00:00:00,2017-04-16 00:00:00,0,0,2017,3,2017-03
ord_000612,c_001116,delivered,2017-07-31 00:00:00,2017-07-31 00:00:00,2017-08-01 00:00:00,2017-08-11 00:00:00,2017-08-13 00:00:00,0,0,2017,7,2017-07
ord_000613,c_001076,delivered,2018-07-04 00:00:00,2018-07-04 00:00:00,2018-07-06 00:00:00,2018-07-17 00:00:00,2018-07-29 00:00:00,0,0,2018,7,2018-07
ord_000614,c_000520,delivered,2018-08-18 00:00:00,2018-08-18 00:00:00,2018-08-19 00:00:00,2018-09-01 00:00:00,2018-09-13 00:00:00,0,0,2018,8,2018-08
ord_000615,c_000812,delivered,2018-06-23 00:00:00,2018-06-23 00:00:00,2018-06-25 00:00:00,2018-06-29 00:00:00,2018-07-14 00:00:00,0,0,2018,6,2018-06
ord_000616,c_001122,delivered,2017-12-26 00:00:00,2017-12-26 00:00:00,2017-12-28 00:00:00,2018-01-13 00:00:00,2018-01-16 00:00:00,0,0,2017,12,2017-12
ord_000617,c_000236,delivered,2018-05-01 00:00:00,2018-05-01 00:00:00,2018-05-04 00:00:00,2018-05-12 00:00:00,2018-05-17 00:00:00,0,0,2018,5,2018-05
ord_000618,c_001398,delivered,2018-01-07 00:00:00,2018-01-07 00:00:00,2018-01-08 00:00:00,2018-01-30 00:00:00,2018-01-30 00:00:00,0,0,2018,1,2018-01
ord_000619,c_000927,delivered,2017-08-03 00:00:00,2017-08-03 00:00:00,2017-08-05 00:00:00,2017-08-24 00:00:00,2017-08-30 00:00:00,0,0,2017,8,2017-08
ord_000620,c_000557,delivered,2017-01-15 00:00:00,2017-01-15 00:00:00,2017-01-17 00:00:00,2017-02-08 00:00:00,2017-02-02 00:00:00,1,6,2017,1,2017-01
ord_000621,c_000649,canceled,2017-09-16 00:00:00,2017-09-16 00:00:00,2017-09-17 00:00:00,,2017-10-09 00:00:00,0,0,2017,9,2017-09
ord_000622,c_000234,delivered,2018-04-08 00:00:00,2018-04-08 00:00:00,2018-04-10 00:00:00,2018-04-19 00:00:00,2018-05-01 00:00:00,0,0,2018,4,2018-04
ord_000623,c_001056,delivered,2017-04-30 00:00:00,2017-04-30 00:00:00,2017-05-03 00:00:00,2017-05-06 00:00:00,2017-05-18 00:00:00,0,0,2017,4,2017-04
ord_000624,c_001313,delivered,2017-05-08 00:00:00,2017-05-08 00:00:00,2017-05-09 00:00:00,2017-05-12 00:00:00,2017-05-30 00:00:00,0,0,2017,5,2017-05
ord_000625,c_000579,delivered,2018-06-07 00:00:00,2018-06-07 00:00:00,2018-06-10 00:00:00,2018-06-30 00:00:00,2018-07-04 00:00:00,0,0,2018,6,2018-06
ord_000626,c_000542,delivered,2017-11-21 00:00:00,2017-11-21 00:00:00,2017-11-22 00:00:00,2017-12-10 00:00:00,2017-12-15 00:00:00,0,0,2017,11,2017-11
ord_000627,c_000114,delivered,2017-11-16 00:00:00,2017-11-16 00:00:00,2017-11-17 00:00:00,2017-11-28 00:00:00,2017-12-12 00:00:00,0,0,2017,11,2017-11
ord_000628,c_000204,delivered,2018-05-21 00:00:00,2018-05-21 00:00:00,2018-05-22 00:00:00,2018-06-10 00:00:00,2018-06-03 00:00:00,1,7,2018,5,2018-05
ord_000629,c_001053,delivered,2018-06-10 00:00:00,2018-06-10 00:00:00,2018-06-12 00:00:00,2018-06-29 00:00:00,2018-06-28 00:00:00,1,1,2018,6,2018-06
ord_000630,c_000643,delivered,2017-02-19 00:00:00,2017-02-19 00:00:00,2017-02-20 00:00:00,2017-02-28 00:00:00,2017-03-08 00:00:00,0,0,2017,2,2017-02
ord_000631,c_000474,delivered,2018-08-07 00:00:00,2018-08-07 00:00:00,2018-08-08 00:00:00,2018-08-17 00:00:00,2018-08-25 00:00:00,0,0,2018,8,2018-08
ord_000632,c_000697,delivered,2017-03-10 00:00:00,2017-03-10 00:00:00,2017-03-11 00:00:00,2017-03-29 00:00:00,2017-04-01 00:00:00,0,0,2017,3,2017-03
ord_000633,c_000253,delivered,2018-01-26 00:00:00,2018-01-26 00:00:00,2018-01-29 00:00:00,2018-02-06 00:00:00,2018-02-22 00:00:00,0,0,2018,1,2018-01
ord_000634,c_000905,delivered,2018-01-18 00:00:00,2018-01-18 00:00:00,2018-01-19 00:00:00,2018-01-31 00:00:00,2018-02-06 00:00:00,0,0,2018,1,2018-01
ord_000635,c_000386,delivered,2017-01-16 00:00:00,2017-01-16 00:00:00,2017-01-18 00:00:00,2017-02-02 00:00:00,2017-01-31 00:00:00,1,2,2017,1,2017-01
ord_000636,c_000062,delivered,2018-03-15 00:00:00,2018-03-15 00:00:00,2018-03-16 00:00:00,2018-03-29 00:00:00,2018-03-27 00:00:00,1,2,2018,3,2018-03
ord_000637,c_000515,delivered,2018-07-22 00:00:00,2018-07-22 00:00:00,2018-07-23 00:00:00,2018-07-27 00:00:00,2018-08-10 00:00:00,0,0,2018,7,2018-07
ord_000638,c_000430,delivered,2017-05-12 00:00:00,2017-05-12 00:00:00,2017-05-15 00:00:00,2017-05-27 00:00:00,2017-05-31 00:00:00,0,0,2017,5,2017-05
ord_000639,c_000580,delivered,2018-07-14 00:00:00,2018-07-14 00:00:00,2018-07-16 00:00:00,2018-08-06 00:00:00,2018-07-28 00:00:00,1,9,2018,7,2018-07
ord_000640,c_001165,delivered,2017-09-05 00:00:00,2017-09-05 00:00:00,2017-09-07 00:00:00,2017-09-28 00:00:00,2017-09-19 00:00:00,1,9,2017,9,2017-09
ord_000641,c_000743,delivered,2017-09-30 00:00:00,2017-09-30 00:00:00,2017-10-02 00:00:00,2017-10-16 00:00:00,2017-10-16 00:00:00,0,0,2017,9,2017-09
ord_000642,c_001324,delivered,2017-12-15 00:00:00,2017-12-15 00:00:00,2017-12-16 00:00:00,2018-01-02 00:00:00,2018-01-09 00:00:00,0,0,2017,12,2017-12
ord_000643,c_000675,delivered,2018-04-29 00:00:00,2018-04-29 00:00:00,2018-04-30 00:00:00,2018-05-14 00:00:00,2018-05-13 00:00:00,1,1,2018,4,2018-04
ord_000644,c_000311,delivered,2018-07-04 00:00:00,2018-07-04 00:00:00,2018-07-06 00:00:00,2018-07-20 00:00:00,2018-07-30 00:00:00,0,0,2018,7,2018-07
ord_000645,c_000471,delivered,2017-12-23 00:00:00,2017-12-23 00:00:00,2017-12-25 00:00:00,2018-01-03 00:00:00,2018-01-17 00:00:00,0,0,2017,12,2017-12
ord_000646,c_001417,delivered,2017-11-14 00:00:00,2017-11-14 00:00:00,2017-11-17 00:00:00,2017-12-03 00:00:00,2017-11-30 00:00:00,1,3,2017,11,2017-11
ord_000647,c_001469,delivered,2017-02-17 00:00:00,2017-02-17 00:00:00,2017-02-19 00:00:00,2017-02-23 00:00:00,2017-03-15 00:00:00,0,0,2017,2,2017-02
ord_000648,c_000809,delivered,2017-01-10 00:00:00,2017-01-10 00:00:00,2017-01-11 00:00:00,2017-01-26 00:00:00,2017-01-29 00:00:00,0,0,2017,1,2017-01
ord_000649,c_000172,delivered,2017-08-21 00:00:00,2017-08-21 00:00:00,2017-08-22 00:00:00,2017-09-05 00:00:00,2017-09-02 00:00:00,1,3,2017,8,2017-08
ord_000650,c_000576,delivered,2017-02-05 00:00:00,2017-02-05 00:00:00,2017-02-06 00:00:00,2017-02-27 00:00:00,2017-02-18 00:00:00,1,9,2017,2,2017-02
ord_000651,c_000031,delivered,2018-02-17 00:00:00,2018-02-17 00:00:00,2018-02-20 00:00:00,2018-02-22 00:00:00,2018-03-02 00:00:00,0,0,2018,2,2018-02
ord_000652,c_000047,delivered,2018-04-07 00:00:00,2018-04-07 00:00:00,2018-04-09 00:00:00,2018-04-11 00:00:00,2018-04-30 00:00:00,0,0,2018,4,2018-04
ord_000653,c_000130,delivered,2017-01-04 00:00:00,2017-01-04 00:00:00,2017-01-05 00:00:00,2017-01-15 00:00:00,2017-01-31 00:00:00,0,0,2017,1,2017-01
ord_000654,c_000352,delivered,2017-02-13 00:00:00,2017-02-13 00:00:00,2017-02-16 00:00:00,2017-02-25 00:00:00,2017-02-28 00:00:00,0,0,2017,2,2017-02
ord_000655,c_000978,delivered,2018-07-22 00:00:00,2018-07-22 00:00:00,2018-07-25 00:00:00,2018-08-02 00:00:00,2018-08-11 00:00:00,0,0,2018,7,2018-07
ord_000656,c_000058,delivered,2018-07-08 00:00:00,2018-07-08 00:00:00,2018-07-09 00:00:00,2018-08-01 00:00:00,2018-07-21 00:00:00,1,11,2018,7,2018-07
ord_000657,c_001130,delivered,2017-09-12 00:00:00,2017-09-12 00:00:00,2017-09-15 00:00:00,2017-10-02 00:00:00,2017-10-05 00:00:00,0,0,2017,9,2017-09
ord_000658,c_000812,delivered,2017-04-24 00:00:00,2017-04-24 00:00:00,2017-04-27 00:00:00,2017-05-06 00:00:00,2017-05-21 00:00:00,0,0,2017,4,2017-04
ord_000659,c_001354,delivered,2018-02-01 00:00:00,2018-02-01 00:00:00,2018-02-02 00:00:00,2018-02-10 00:00:00,2018-02-26 00:00:00,0,0,2018,2,2018-02
ord_000660,c_000768,delivered,2017-06-23 00:00:00,2017-06-23 00:00:00,2017-06-26 00:00:00,2017-07-11 00:00:00,2017-07-15 00:00:00,0,0,2017,6,2017-06
ord_000661,c_000683,delivered,2017-09-12 00:00:00,2017-09-12 00:00:00,2017-09-13 00:00:00,2017-09-28 00:00:00,2017-10-06 00:00:00,0,0,2017,9,2017-09
ord_000662,c_001407,delivered,2018-04-11 00:00:00,2018-04-11 00:00:00,2018-04-12 00:00:00,2018-05-05 00:00:00,2018-05-07 00:00:00,0,0,2018,4,2018-04
ord_000663,c_001186,delivered,2017-10-04 00:00:00,2017-10-04 00:00:00,2017-10-07 00:00:00,2017-10-19 00:00:00,2017-10-27 00:00:00,0,0,2017,10,2017-10
ord_000664,c_000997,delivered,2018-04-09 00:00:00,2018-04-09 00:00:00,2018-04-10 00:00:00,2018-04-25 00:00:00,2018-04-29 00:00:00,0,0,2018,4,2018-04
ord_000665,c_000286,delivered,2018-05-17 00:00:00,2018-05-17 00:00:00,2018-05-18 00:00:00,2018-05-27 00:00:00,2018-06-04 00:00:00,0,0,2018,5,2018-05
ord_000666,c_001095,delivered,2018-03-17 00:00:00,2018-03-17 00:00:00,2018-03-19 00:00:00,2018-04-07 00:00:00,2018-04-07 00:00:00,0,0,2018,3,2018-03
ord_000667,c_001478,delivered,2017-03-10 00:00:00,2017-03-10 00:00:00,2017-03-11 00:00:00,2017-03-27 00:00:00,2017-03-29 00:00:00,0,0,2017,3,2017-03
ord_000668,c_000886,delivered,2018-05-24 00:00:00,2018-05-24 00:00:00,2018-05-26 00:00:00,2018-06-07 00:00:00,2018-06-05 00:00:00,1,2,2018,5,2018-05
ord_000669,c_000397,delivered,2017-11-22 00:00:00,2017-11-22 00:00:00,2017-11-24 00:00:00,2017-12-09 00:00:00,2017-12-16 00:00:00,0,0,2017,11,2017-11
ord_000670,c_000026,delivered,2017-03-08 00:00:00,2017-03-08 00:00:00,2017-03-10 00:00:00,2017-03-28 00:00:00,2017-03-24 00:00:00,1,4,2017,3,2017-03
ord_000671,c_000313,delivered,2017-10-31 00:00:00,2017-10-31 00:00:00,2017-11-02 00:00:00,2017-11-24 00:00:00,2017-11-20 00:00:00,1,4,2017,10,2017-10
ord_000672,c_000126,delivered,2018-04-29 00:00:00,2018-04-29 00:00:00,2018-05-02 00:00:00,2018-05-04 00:00:00,2018-05-22 00:00:00,0,0,2018,4,2018-04
ord_000673,c_001432,delivered,2018-07-02 00:00:00,2018-07-02 00:00:00,2018-07-05 00:00:00,2018-07-24 00:00:00,2018-07-17 00:00:00,1,7,2018,7,2018-07
ord_000674,c_001222,delivered,2018-02-21 00:00:00,2018-02-21 00:00:00,2018-02-22 00:00:00,2018-03-12 00:00:00,2018-03-06 00:00:00,1,6,2018,2,2018-02
ord_000675,c_000811,delivered,2017-06-08 00:00:00,2017-06-08 00:00:00,2017-06-09 00:00:00,2017-06-21 00:00:00,2017-06-25 00:00:00,0,0,2017,6,2017-06
ord_000676,c_000188,delivered,2017-05-29 00:00:00,2017-05-29 00:00:00,2017-05-30 00:00:00,2017-06-09 00:00:00,2017-06-11 00:00:00,0,0,2017,5,2017-05
ord_000677,c_000698,delivered,2017-01-27 00:00:00,2017-01-27 00:00:00,2017-01-30 00:00:00,2017-02-20 00:00:00,2017-02-10 00:00:00,1,10,2017,1,2017-01
ord_000678,c_000810,delivered,2018-08-07 00:00:00,2018-08-07 00:00:00,2018-08-09 00:00:00,2018-08-15 00:00:00,2018-09-01 00:00:00,0,0,2018,8,2018-08
ord_000679,c_000716,delivered,2017-09-05 00:00:00,2017-09-05 00:00:00,2017-09-08 00:00:00,2017-09-15 00:00:00,2017-09-24 00:00:00,0,0,2017,9,2017-09
ord_000680,c_000450,delivered,2017-04-11 00:00:00,2017-04-11 00:00:00,2017-04-14 00:00:00,2017-04-27 00:00:00,2017-05-07 00:00:00,0,0,2017,4,2017-04
ord_000681,c_000523,delivered,2017-04-06 00:00:00,2017-04-06 00:00:00,2017-04-07 00:00:00,2017-04-25 00:00:00,2017-05-03 00:00:00,0,0,2017,4,2017-04
ord_000682,c_001378,delivered,2018-01-19 00:00:00,2018-01-19 00:00:00,2018-01-20 00:00:00,2018-01-27 00:00:00,2018-02-02 00:00:00,0,0,2018,1,2018-01
ord_000683,c_000986,delivered,2017-10-09 00:00:00,2017-10-09 00:00:00,2017-10-10 00:00:00,2017-10-28 00:00:00,2017-10-22 00:00:00,1,6,2017,10,2017-10
ord_000684,c_000658,delivered,2017-11-18 00:00:00,2017-11-18 00:00:00,2017-11-20 00:00:00,2017-12-06 00:00:00,2017-12-05 00:00:00,1,1,2017,11,2017-11
ord_000685,c_000597,delivered,2018-01-31 00:00:00,2018-01-31 00:00:00,2018-02-02 00:00:00,2018-02-12 00:00:00,2018-02-25 00:00:00,0,0,2018,1,2018-01
ord_000686,c_000100,delivered,2017-10-05 00:00:00,2017-10-05 00:00:00,2017-10-08 00:00:00,2017-10-20 00:00:00,2017-10-19 00:00:00,1,1,2017,10,2017-10
ord_000687,c_000616,delivered,2018-06-13 00:00:00,2018-06-13 00:00:00,2018-06-15 00:00:00,2018-06-24 00:00:00,2018-07-10 00:00:00,0,0,2018,6,2018-06
ord_000688,c_000948,delivered,2017-09-20 00:00:00,2017-09-20 00:00:00,2017-09-21 00:00:00,2017-10-06 00:00:00,2017-10-02 00:00:00,1,4,2017,9,2017-09
ord_000689,c_000556,delivered,2018-08-03 00:00:00,2018-08-03 00:00:00,2018-08-05 00:00:00,2018-08-11 00:00:00,2018-08-26 00:00:00,0,0,2018,8,2018-08
ord_000690,c_000278,delivered,2017-10-20 00:00:00,2017-10-20 00:00:00,2017-10-22 00:00:00,2017-11-06 00:00:00,2017-11-14 00:00:00,0,0,2017,10,2017-10
ord_000691,c_000491,delivered,2017-10-21 00:00:00,2017-10-21 00:00:00,2017-10-23 00:00:00,2017-11-09 00:00:00,2017-11-16 00:00:00,0,0,2017,10,2017-10
ord_000692,c_000255,delivered,2018-01-30 00:00:00,2018-01-30 00:00:00,2018-02-01 00:00:00,2018-02-13 00:00:00,2018-02-25 00:00:00,0,0,2018,1,2018-01
ord_000693,c_000381,delivered,2018-05-28 00:00:00,2018-05-28 00:00:00,2018-05-29 00:00:00,2018-06-20 00:00:00,2018-06-22 00:00:00,0,0,2018,5,2018-05
ord_000694,c_000892,delivered,2017-06-29 00:00:00,2017-06-29 00:00:00,2017-06-30 00:00:00,2017-07-14 00:00:00,2017-07-13 00:00:00,1,1,2017,6,2017-06
ord_000695,c_000542,delivered,2017-08-23 00:00:00,2017-08-23 00:00:00,2017-08-26 00:00:00,2017-09-10 00:00:00,2017-09-09 00:00:00,1,1,2017,8,2017-08
ord_000696,c_001288,delivered,2017-12-03 00:00:00,2017-12-03 00:00:00,2017-12-06 00:00:00,2017-12-18 00:00:00,2017-12-30 00:00:00,0,0,2017,12,2017-12
ord_000697,c_000825,delivered,2017-01-08 00:00:00,2017-01-08 00:00:00,2017-01-11 00:00:00,2017-01-20 00:00:00,2017-01-22 00:00:00,0,0,2017,1,2017-01
ord_000698,c_000879,delivered,2018-03-19 00:00:00,2018-03-19 00:00:00,2018-03-21 00:00:00,2018-03-23 00:00:00,2018-04-08 00:00:00,0,0,2018,3,2018-03
ord_000699,c_001353,delivered,2018-06-23 00:00:00,2018-06-23 00:00:00,2018-06-25 00:00:00,2018-06-29 00:00:00,2018-07-11 00:00:00,0,0,2018,6,2018-06
ord_000700,c_001139,delivered,2017-04-01 00:00:00,2017-04-01 00:00:00,2017-04-02 00:00:00,2017-04-16 00:00:00,2017-04-26 00:00:00,0,0,2017,4,2017-04
ord_000701,c_001300,delivered,2017-09-29 00:00:00,2017-09-29 00:00:00,2017-10-02 00:00:00,2017-10-22 00:00:00,2017-10-15 00:00:00,1,7,2017,9,2017-09
ord_000702,c_000281,delivered,2017-01-05 00:00:00,2017-01-05 00:00:00,2017-01-06 00:00:00,2017-01-21 00:00:00,2017-01-18 00:00:00,1,3,2017,1,2017-01
ord_000703,c_001299,delivered,2018-08-17 00:00:00,2018-08-17 00:00:00,2018-08-20 00:00:00,2018-08-26 00:00:00,2018-09-12 00:00:00,0,0,2018,8,2018-08
ord_000704,c_000773,delivered,2017-08-07 00:00:00,2017-08-07 00:00:00,2017-08-10 00:00:00,2017-08-20 00:00:00,2017-08-27 00:00:00,0,0,2017,8,2017-08
ord_000705,c_000843,delivered,2017-04-28 00:00:00,2017-04-28 00:00:00,2017-05-01 00:00:00,2017-05-11 00:00:00,2017-05-14 00:00:00,0,0,2017,4,2017-04
ord_000706,c_000719,delivered,2018-08-16 00:00:00,2018-08-16 00:00:00,2018-08-18 00:00:00,2018-09-04 00:00:00,2018-09-03 00:00:00,1,1,2018,8,2018-08
ord_000707,c_000328,delivered,2018-08-05 00:00:00,2018-08-05 00:00:00,2018-08-08 00:00:00,2018-08-09 00:00:00,2018-08-25 00:00:00,0,0,2018,8,2018-08
ord_000708,c_000211,delivered,2017-04-25 00:00:00,2017-04-25 00:00:00,2017-04-28 00:00:00,2017-05-14 00:00:00,2017-05-10 00:00:00,1,4,2017,4,2017-04
ord_000709,c_000727,delivered,2017-09-20 00:00:00,2017-09-20 00:00:00,2017-09-22 00:00:00,2017-09-27 00:00:00,2017-10-10 00:00:00,0,0,2017,9,2017-09
ord_000710,c_000923,delivered,2017-11-02 00:00:00,2017-11-02 00:00:00,2017-11-05 00:00:00,2017-11-11 00:00:00,2017-11-14 00:00:00,0,0,2017,11,2017-11
ord_000711,c_000552,delivered,2018-02-26 00:00:00,2018-02-26 00:00:00,2018-02-28 00:00:00,2018-03-20 00:00:00,2018-03-21 00:00:00,0,0,2018,2,2018-02
ord_000712,c_000026,delivered,2017-07-26 00:00:00,2017-07-26 00:00:00,2017-07-28 00:00:00,2017-07-31 00:00:00,2017-08-12 00:00:00,0,0,2017,7,2017-07
ord_000713,c_000027,delivered,2017-10-30 00:00:00,2017-10-30 00:00:00,2017-10-31 00:00:00,2017-11-20 00:00:00,2017-11-12 00:00:00,1,8,2017,10,2017-10
ord_000714,c_000702,delivered,2017-04-22 00:00:00,2017-04-22 00:00:00,2017-04-24 00:00:00,2017-05-05 00:00:00,2017-05-11 00:00:00,0,0,2017,4,2017-04
ord_000715,c_001107,delivered,2018-02-21 00:00:00,2018-02-21 00:00:00,2018-02-23 00:00:00,2018-02-28 00:00:00,2018-03-09 00:00:00,0,0,2018,2,2018-02
ord_000716,c_000682,delivered,2018-07-09 00:00:00,2018-07-09 00:00:00,2018-07-11 00:00:00,2018-07-13 00:00:00,2018-08-04 00:00:00,0,0,2018,7,2018-07
ord_000717,c_000413,delivered,2017-10-12 00:00:00,2017-10-12 00:00:00,2017-10-15 00:00:00,2017-10-30 00:00:00,2017-11-08 00:00:00,0,0,2017,10,2017-10
ord_000718,c_000167,delivered,2017-07-04 00:00:00,2017-07-04 00:00:00,2017-07-05 00:00:00,2017-07-17 00:00:00,2017-07-18 00:00:00,0,0,2017,7,2017-07
ord_000719,c_000169,delivered,2017-08-09 00:00:00,2017-08-09 00:00:00,2017-08-12 00:00:00,2017-08-30 00:00:00,2017-08-22 00:00:00,1,8,2017,8,2017-08
ord_000720,c_000229,delivered,2018-03-20 00:00:00,2018-03-20 00:00:00,2018-03-22 00:00:00,2018-04-08 00:00:00,2018-04-08 00:00:00,0,0,2018,3,2018-03
ord_000721,c_000367,delivered,2017-04-27 00:00:00,2017-04-27 00:00:00,2017-04-29 00:00:00,2017-05-13 00:00:00,2017-05-15 00:00:00,0,0,2017,4,2017-04
ord_000722,c_000528,delivered,2017-03-11 00:00:00,2017-03-11 00:00:00,2017-03-12 00:00:00,2017-03-29 00:00:00,2017-03-31 00:00:00,0,0,2017,3,2017-03
ord_000723,c_000791,delivered,2017-03-11 00:00:00,2017-03-11 00:00:00,2017-03-12 00:00:00,2017-03-16 00:00:00,2017-03-30 00:00:00,0,0,2017,3,2017-03
ord_000724,c_000524,canceled,2018-03-03 00:00:00,2018-03-03 00:00:00,2018-03-05 00:00:00,,2018-03-25 00:00:00,0,0,2018,3,2018-03
ord_000725,c_001096,shipped,2018-07-22 00:00:00,2018-07-22 00:00:00,2018-07-24 00:00:00,,2018-08-06 00:00:00,0,0,2018,7,2018-07
ord_000726,c_000106,delivered,2018-03-19 00:00:00,2018-03-19 00:00:00,2018-03-22 00:00:00,2018-03-23 00:00:00,2018-04-15 00:00:00,0,0,2018,3,2018-03
ord_000727,c_000732,invoiced,2017-05-17 00:00:00,2017-05-17 00:00:00,2017-05-19 00:00:00,,2017-05-30 00:00:00,0,0,2017,5,2017-05
ord_000728,c_000965,delivered,2018-05-19 00:00:00,2018-05-19 00:00:00,2018-05-22 00:00:00,2018-06-02 00:00:00,2018-06-13 00:00:00,0,0,2018,5,2018-05
ord_000729,c_001306,delivered,2017-05-11 00:00:00,2017-05-11 00:00:00,2017-05-12 00:00:00,2017-05-24 00:00:00,2017-06-04 00:00:00,0,0,2017,5,2017-05
ord_000730,c_000133,delivered,2017-08-06 00:00:00,2017-08-06 00:00:00,2017-08-09 00:00:00,2017-08-10 00:00:00,2017-08-19 00:00:00,0,0,2017,8,2017-08
ord_000731,c_000534,delivered,2017-06-20 00:00:00,2017-06-20 00:00:00,2017-06-22 00:00:00,2017-07-04 00:00:00,2017-07-03 00:00:00,1,1,2017,6,2017-06
ord_000732,c_000975,delivered,2018-04-20 00:00:00,2018-04-20 00:00:00,2018-04-23 00:00:00,2018-05-03 00:00:00,2018-05-15 00:00:00,0,0,2018,4,2018-04
ord_000733,c_000269,delivered,2017-05-09 00:00:00,2017-05-09 00:00:00,2017-05-12 00:00:00,2017-05-26 00:00:00,2017-05-31 00:00:00,0,0,2017,5,2017-05
ord_000734,c_001436,delivered,2017-02-26 00:00:00,2017-02-26 00:00:00,2017-02-27 00:00:00,2017-03-15 00:00:00,2017-03-21 00:00:00,0,0,2017,2,2017-02
ord_000735,c_000673,delivered,2017-06-30 00:00:00,2017-06-30 00:00:00,2017-07-03 00:00:00,2017-07-10 00:00:00,2017-07-17 00:00:00,0,0,2017,6,2017-06
ord_000736,c_000791,delivered,2017-09-03 00:00:00,2017-09-03 00:00:00,2017-09-05 00:00:00,2017-09-17 00:00:00,2017-09-21 00:00:00,0,0,2017,9,2017-09
ord_000737,c_000018,delivered,2017-05-24 00:00:00,2017-05-24 00:00:00,2017-05-27 00:00:00,2017-05-31 00:00:00,2017-06-16 00:00:00,0,0,2017,5,2017-05
ord_000738,c_000117,delivered,2017-02-20 00:00:00,2017-02-20 00:00:00,2017-02-23 00:00:00,2017-02-25 00:00:00,2017-03-09 00:00:00,0,0,2017,2,2017-02
ord_000739,c_000798,delivered,2018-01-03 00:00:00,2018-01-03 00:00:00,2018-01-06 00:00:00,2018-01-13 00:00:00,2018-01-16 00:00:00,0,0,2018,1,2018-01
ord_000740,c_001168,delivered,2018-04-04 00:00:00,2018-04-04 00:00:00,2018-04-06 00:00:00,2018-04-26 00:00:00,2018-04-19 00:00:00,1,7,2018,4,2018-04
ord_000741,c_000551,delivered,2017-08-06 00:00:00,2017-08-06 00:00:00,2017-08-09 00:00:00,2017-08-23 00:00:00,2017-08-20 00:00:00,1,3,2017,8,2017-08
ord_000742,c_000929,delivered,2018-07-21 00:00:00,2018-07-21 00:00:00,2018-07-23 00:00:00,2018-08-12 00:00:00,2018-08-12 00:00:00,0,0,2018,7,2018-07
ord_000743,c_000753,delivered,2017-09-14 00:00:00,2017-09-14 00:00:00,2017-09-17 00:00:00,2017-09-24 00:00:00,2017-10-08 00:00:00,0,0,2017,9,2017-09
ord_000744,c_000422,delivered,2017-06-05 00:00:00,2017-06-05 00:00:00,2017-06-06 00:00:00,2017-06-20 00:00:00,2017-06-20 00:00:00,0,0,2017,6,2017-06
ord_000745,c_001393,delivered,2018-07-19 00:00:00,2018-07-19 00:00:00,2018-07-20 00:00:00,2018-07-25 00:00:00,2018-08-04 00:00:00,0,0,2018,7,2018-07
ord_000746,c_000646,delivered,2018-03-18 00:00:00,2018-03-18 00:00:00,2018-03-19 00:00:00,2018-04-05 00:00:00,2018-04-05 00:00:00,0,0,2018,3,2018-03
ord_000747,c_000558,delivered,2017-01-25 00:00:00,2017-01-25 00:00:00,2017-01-27 00:00:00,2017-02-02 00:00:00,2017-02-19 00:00:00,0,0,2017,1,2017-01
ord_000748,c_000050,delivered,2018-06-20 00:00:00,2018-06-20 00:00:00,2018-06-22 00:00:00,2018-07-01 00:00:00,2018-07-10 00:00:00,0,0,2018,6,2018-06
ord_000749,c_000678,delivered,2017-03-01 00:00:00,2017-03-01 00:00:00,2017-03-03 00:00:00,2017-03-18 00:00:00,2017-03-27 00:00:00,0,0,2017,3,2017-03
ord_000750,c_000106,delivered,2018-04-12 00:00:00,2018-04-12 00:00:00,2018-04-15 00:00:00,2018-04-19 00:00:00,2018-05-04 00:00:00,0,0,2018,4,2018-04
ord_000751,c_001240,delivered,2018-03-10 00:00:00,2018-03-10 00:00:00,2018-03-12 00:00:00,2018-03-20 00:00:00,2018-03-23 00:00:00,0,0,2018,3,2018-03
ord_000752,c_000658,delivered,2017-03-07 00:00:00,2017-03-07 00:00:00,2017-03-09 00:00:00,2017-03-17 00:00:00,2017-03-26 00:00:00,0,0,2017,3,2017-03
ord_000753,c_001449,delivered,2018-07-19 00:00:00,2018-07-19 00:00:00,2018-07-21 00:00:00,2018-08-09 00:00:00,2018-08-02 00:00:00,1,7,2018,7,2018-07
ord_000754,c_001096,delivered,2017-04-16 00:00:00,2017-04-16 00:00:00,2017-04-18 00:00:00,2017-05-03 00:00:00,2017-05-06 00:00:00,0,0,2017,4,2017-04
ord_000755,c_000988,delivered,2017-04-06 00:00:00,2017-04-06 00:00:00,2017-04-07 00:00:00,2017-04-17 00:00:00,2017-04-27 00:00:00,0,0,2017,4,2017-04
ord_000756,c_000842,delivered,2018-07-05 00:00:00,2018-07-05 00:00:00,2018-07-08 00:00:00,2018-07-20 00:00:00,2018-07-28 00:00:00,0,0,2018,7,2018-07
ord_000757,c_000446,delivered,2017-06-17 00:00:00,2017-06-17 00:00:00,2017-06-18 00:00:00,2017-06-30 00:00:00,2017-07-14 00:00:00,0,0,2017,6,2017-06
ord_000758,c_001210,delivered,2017-02-11 00:00:00,2017-02-11 00:00:00,2017-02-14 00:00:00,2017-02-28 00:00:00,2017-02-26 00:00:00,1,2,2017,2,2017-02
ord_000759,c_000070,delivered,2017-04-14 00:00:00,2017-04-14 00:00:00,2017-04-17 00:00:00,2017-04-26 00:00:00,2017-05-10 00:00:00,0,0,2017,4,2017-04
ord_000760,c_000150,delivered,2017-07-23 00:00:00,2017-07-23 00:00:00,2017-07-24 00:00:00,2017-08-01 00:00:00,2017-08-19 00:00:00,0,0,2017,7,2017-07
ord_000761,c_001270,delivered,2018-06-04 00:00:00,2018-06-04 00:00:00,2018-06-06 00:00:00,2018-06-12 00:00:00,2018-06-18 00:00:00,0,0,2018,6,2018-06
ord_000762,c_000774,delivered,2017-10-09 00:00:00,2017-10-09 00:00:00,2017-10-10 00:00:00,2017-10-13 00:00:00,2017-10-30 00:00:00,0,0,2017,10,2017-10
ord_000763,c_001123,delivered,2017-02-12 00:00:00,2017-02-12 00:00:00,2017-02-15 00:00:00,2017-02-16 00:00:00,2017-03-01 00:00:00,0,0,2017,2,2017-02
ord_000764,c_001302,delivered,2017-04-20 00:00:00,2017-04-20 00:00:00,2017-04-23 00:00:00,2017-05-13 00:00:00,2017-05-17 00:00:00,0,0,2017,4,2017-04
ord_000765,c_000944,delivered,2017-07-29 00:00:00,2017-07-29 00:00:00,2017-07-31 00:00:00,2017-08-18 00:00:00,2017-08-19 00:00:00,0,0,2017,7,2017-07
ord_000766,c_000455,delivered,2017-02-18 00:00:00,2017-02-18 00:00:00,2017-02-19 00:00:00,2017-03-04 00:00:00,2017-03-14 00:00:00,0,0,2017,2,2017-02
ord_000767,c_001128,delivered,2017-04-25 00:00:00,2017-04-25 00:00:00,2017-04-28 00:00:00,2017-05-10 00:00:00,2017-05-15 00:00:00,0,0,2017,4,2017-04
ord_000768,c_000946,delivered,2017-06-04 00:00:00,2017-06-04 00:00:00,2017-06-05 00:00:00,2017-06-10 00:00:00,2017-06-22 00:00:00,0,0,2017,6,2017-06
ord_000769,c_000601,shipped,2018-05-18 00:00:00,2018-05-18 00:00:00,2018-05-20 00:00:00,,2018-06-02 00:00:00,0,0,2018,5,2018-05
ord_000770,c_000653,delivered,2017-03-12 00:00:00,2017-03-12 00:00:00,2017-03-14 00:00:00,2017-03-26 00:00:00,2017-03-26 00:00:00,0,0,2017,3,2017-03
ord_000771,c_000725,delivered,2018-06-03 00:00:00,2018-06-03 00:00:00,2018-06-06 00:00:00,2018-06-19 00:00:00,2018-06-24 00:00:00,0,0,2018,6,2018-06
ord_000772,c_000233,delivered,2017-12-02 00:00:00,2017-12-02 00:00:00,2017-12-04 00:00:00,2017-12-16 00:00:00,2017-12-17 00:00:00,0,0,2017,12,2017-12
ord_000773,c_001418,delivered,2017-03-08 00:00:00,2017-03-08 00:00:00,2017-03-11 00:00:00,2017-03-19 00:00:00,2017-03-22 00:00:00,0,0,2017,3,2017-03
ord_000774,c_000251,delivered,2018-05-08 00:00:00,2018-05-08 00:00:00,2018-05-11 00:00:00,2018-05-21 00:00:00,2018-06-04 00:00:00,0,0,2018,5,2018-05
ord_000775,c_000079,delivered,2017-08-01 00:00:00,2017-08-01 00:00:00,2017-08-03 00:00:00,2017-08-06 00:00:00,2017-08-24 00:00:00,0,0,2017,8,2017-08
ord_000776,c_001076,delivered,2017-06-30 00:00:00,2017-06-30 00:00:00,2017-07-02 00:00:00,2017-07-17 00:00:00,2017-07-14 00:00:00,1,3,2017,6,2017-06
ord_000777,c_000898,delivered,2018-08-22 00:00:00,2018-08-22 00:00:00,2018-08-23 00:00:00,2018-09-10 00:00:00,2018-09-14 00:00:00,0,0,2018,8,2018-08
ord_000778,c_000921,delivered,2017-09-05 00:00:00,2017-09-05 00:00:00,2017-09-06 00:00:00,2017-09-25 00:00:00,2017-09-30 00:00:00,0,0,2017,9,2017-09
ord_000779,c_000781,delivered,2017-08-02 00:00:00,2017-08-02 00:00:00,2017-08-05 00:00:00,2017-08-16 00:00:00,2017-08-26 00:00:00,0,0,2017,8,2017-08
ord_000780,c_000226,shipped,2017-12-25 00:00:00,2017-12-25 00:00:00,2017-12-26 00:00:00,,2018-01-14 00:00:00,0,0,2017,12,2017-12
ord_000781,c_001075,delivered,2017-09-06 00:00:00,2017-09-06 00:00:00,2017-09-09 00:00:00,2017-09-14 00:00:00,2017-09-21 00:00:00,0,0,2017,9,2017-09
ord_000782,c_001210,delivered,2018-05-31 00:00:00,2018-05-31 00:00:00,2018-06-02 00:00:00,2018-06-19 00:00:00,2018-06-20 00:00:00,0,0,2018,5,2018-05
ord_000783,c_001058,delivered,2017-03-29 00:00:00,2017-03-29 00:00:00,2017-03-31 00:00:00,2017-04-17 00:00:00,2017-04-21 00:00:00,0,0,2017,3,2017-03
ord_000784,c_000803,delivered,2017-06-25 00:00:00,2017-06-25 00:00:00,2017-06-26 00:00:00,2017-06-30 00:00:00,2017-07-21 00:00:00,0,0,2017,6,2017-06
ord_000785,c_000742,delivered,2018-03-02 00:00:00,2018-03-02 00:00:00,2018-03-05 00:00:00,2018-03-21 00:00:00,2018-03-23 00:00:00,0,0,2018,3,2018-03
ord_000786,c_000131,delivered,2017-03-22 00:00:00,2017-03-22 00:00:00,2017-03-25 00:00:00,2017-03-30 00:00:00,2017-04-07 00:00:00,0,0,2017,3,2017-03
ord_000787,c_001023,delivered,2017-05-18 00:00:00,2017-05-18 00:00:00,2017-05-19 00:00:00,2017-05-29 00:00:00,2017-06-05 00:00:00,0,0,2017,5,2017-05
ord_000788,c_000632,delivered,2018-03-09 00:00:00,2018-03-09 00:00:00,2018-03-12 00:00:00,2018-04-01 00:00:00,2018-04-03 00:00:00,0,0,2018,3,2018-03
ord_000789,c_001467,delivered,2018-04-15 00:00:00,2018-04-15 00:00:00,2018-04-18 00:00:00,2018-05-02 00:00:00,2018-05-01 00:00:00,1,1,2018,4,2018-04
ord_000790,c_000838,delivered,2017-12-16 00:00:00,2017-12-16 00:00:00,2017-12-18 00:00:00,2017-12-29 00:00:00,2017-12-28 00:00:00,1,1,2017,12,2017-12
ord_000791,c_000759,delivered,2017-05-06 00:00:00,2017-05-06 00:00:00,2017-05-09 00:00:00,2017-05-11 00:00:00,2017-05-19 00:00:00,0,0,2017,5,2017-05
ord_000792,c_001456,delivered,2017-11-05 00:00:00,2017-11-05 00:00:00,2017-11-08 00:00:00,2017-11-11 00:00:00,2017-11-27 00:00:00,0,0,2017,11,2017-11
ord_000793,c_000704,delivered,2017-08-18 00:00:00,2017-08-18 00:00:00,2017-08-21 00:00:00,2017-09-08 00:00:00,2017-09-13 00:00:00,0,0,2017,8,2017-08
ord_000794,c_000497,delivered,2018-04-05 00:00:00,2018-04-05 00:00:00,2018-04-06 00:00:00,2018-04-29 00:00:00,2018-04-21 00:00:00,1,8,2018,4,2018-04
ord_000795,c_001427,delivered,2017-12-11 00:00:00,2017-12-11 00:00:00,2017-12-12 00:00:00,2017-12-16 00:00:00,2017-12-28 00:00:00,0,0,2017,12,2017-12
ord_000796,c_000323,delivered,2017-11-06 00:00:00,2017-11-06 00:00:00,2017-11-07 00:00:00,2017-11-30 00:00:00,2017-11-24 00:00:00,1,6,2017,11,2017-11
ord_000797,c_001234,delivered,2017-01-20 00:00:00,2017-01-20 00:00:00,2017-01-23 00:00:00,2017-02-01 00:00:00,2017-02-02 00:00:00,0,0,2017,1,2017-01
ord_000798,c_000615,delivered,2018-07-15 00:00:00,2018-07-15 00:00:00,2018-07-18 00:00:00,2018-07-20 00:00:00,2018-08-05 00:00:00,0,0,2018,7,2018-07
ord_000799,c_000329,delivered,2018-06-25 00:00:00,2018-06-25 00:00:00,2018-06-26 00:00:00,2018-07-05 00:00:00,2018-07-15 00:00:00,0,0,2018,6,2018-06
ord_000800,c_001396,delivered,2018-07-14 00:00:00,2018-07-14 00:00:00,2018-07-15 00:00:00,2018-07-24 00:00:00,2018-07-31 00:00:00,0,0,2018,7,2018-07
ord_000801,c_001484,delivered,2018-04-22 00:00:00,2018-04-22 00:00:00,2018-04-25 00:00:00,2018-05-09 00:00:00,2018-05-05 00:00:00,1,4,2018,4,2018-04
ord_000802,c_000133,delivered,2017-09-26 00:00:00,2017-09-26 00:00:00,2017-09-29 00:00:00,2017-10-04 00:00:00,2017-10-23 00:00:00,0,0,2017,9,2017-09
ord_000803,c_000835,delivered,2017-01-03 00:00:00,2017-01-03 00:00:00,2017-01-05 00:00:00,2017-01-14 00:00:00,2017-01-16 00:00:00,0,0,2017,1,2017-01
ord_000804,c_000651,delivered,2017-01-16 00:00:00,2017-01-16 00:00:00,2017-01-17 00:00:00,2017-02-06 00:00:00,2017-01-30 00:00:00,1,7,2017,1,2017-01
ord_000805,c_000121,delivered,2017-12-24 00:00:00,2017-12-24 00:00:00,2017-12-27 00:00:00,2018-01-02 00:00:00,2018-01-05 00:00:00,0,0,2017,12,2017-12
ord_000806,c_000606,delivered,2017-05-13 00:00:00,2017-05-13 00:00:00,2017-05-14 00:00:00,2017-05-30 00:00:00,2017-06-02 00:00:00,0,0,2017,5,2017-05
ord_000807,c_001476,delivered,2017-11-08 00:00:00,2017-11-08 00:00:00,2017-11-09 00:00:00,2017-11-29 00:00:00,2017-12-03 00:00:00,0,0,2017,11,2017-11
ord_000808,c_000965,delivered,2018-04-27 00:00:00,2018-04-27 00:00:00,2018-04-28 00:00:00,2018-05-17 00:00:00,2018-05-18 00:00:00,0,0,2018,4,2018-04
ord_000809,c_000129,delivered,2018-06-28 00:00:00,2018-06-28 00:00:00,2018-06-30 00:00:00,2018-07-10 00:00:00,2018-07-20 00:00:00,0,0,2018,6,2018-06
ord_000810,c_001115,delivered,2017-11-01 00:00:00,2017-11-01 00:00:00,2017-11-04 00:00:00,2017-11-17 00:00:00,2017-11-16 00:00:00,1,1,2017,11,2017-11
ord_000811,c_000029,delivered,2017-09-26 00:00:00,2017-09-26 00:00:00,2017-09-29 00:00:00,2017-10-15 00:00:00,2017-10-12 00:00:00,1,3,2017,9,2017-09
ord_000812,c_000722,shipped,2018-02-18 00:00:00,2018-02-18 00:00:00,2018-02-19 00:00:00,,2018-03-17 00:00:00,0,0,2018,2,2018-02
ord_000813,c_000333,delivered,2017-01-25 00:00:00,2017-01-25 00:00:00,2017-01-28 00:00:00,2017-02-07 00:00:00,2017-02-12 00:00:00,0,0,2017,1,2017-01
ord_000814,c_001321,delivered,2017-11-12 00:00:00,2017-11-12 00:00:00,2017-11-14 00:00:00,2017-11-25 00:00:00,2017-11-24 00:00:00,1,1,2017,11,2017-11
ord_000815,c_001154,delivered,2018-07-25 00:00:00,2018-07-25 00:00:00,2018-07-26 00:00:00,2018-08-01 00:00:00,2018-08-08 00:00:00,0,0,2018,7,2018-07
ord_000816,c_001317,delivered,2017-10-03 00:00:00,2017-10-03 00:00:00,2017-10-05 00:00:00,2017-10-18 00:00:00,2017-10-28 00:00:00,0,0,2017,10,2017-10
ord_000817,c_001197,delivered,2018-01-24 00:00:00,2018-01-24 00:00:00,2018-01-26 00:00:00,2018-02-04 00:00:00,2018-02-07 00:00:00,0,0,2018,1,2018-01
ord_000818,c_000944,delivered,2018-03-20 00:00:00,2018-03-20 00:00:00,2018-03-23 00:00:00,2018-04-07 00:00:00,2018-04-02 00:00:00,1,5,2018,3,2018-03
ord_000819,c_001048,delivered,2018-03-03 00:00:00,2018-03-03 00:00:00,2018-03-06 00:00:00,2018-03-27 00:00:00,2018-03-22 00:00:00,1,5,2018,3,2018-03
ord_000820,c_001123,delivered,2017-02-26 00:00:00,2017-02-26 00:00:00,2017-02-28 00:00:00,2017-03-20 00:00:00,2017-03-14 00:00:00,1,6,2017,2,2017-02
ord_000821,c_001430,delivered,2018-07-20 00:00:00,2018-07-20 00:00:00,2018-07-23 00:00:00,2018-08-07 00:00:00,2018-08-01 00:00:00,1,6,2018,7,2018-07
ord_000822,c_000356,delivered,2018-01-03 00:00:00,2018-01-03 00:00:00,2018-01-05 00:00:00,2018-01-14 00:00:00,2018-01-26 00:00:00,0,0,2018,1,2018-01
ord_000823,c_000139,delivered,2017-12-08 00:00:00,2017-12-08 00:00:00,2017-12-10 00:00:00,2017-12-19 00:00:00,2017-12-21 00:00:00,0,0,2017,12,2017-12
ord_000824,c_001198,delivered,2017-10-31 00:00:00,2017-10-31 00:00:00,2017-11-01 00:00:00,2017-11-22 00:00:00,2017-11-12 00:00:00,1,10,2017,10,2017-10
ord_000825,c_000029,delivered,2018-01-09 00:00:00,2018-01-09 00:00:00,2018-01-11 00:00:00,2018-01-21 00:00:00,2018-02-04 00:00:00,0,0,2018,1,2018-01
ord_000826,c_000931,delivered,2017-04-22 00:00:00,2017-04-22 00:00:00,2017-04-24 00:00:00,2017-05-12 00:00:00,2017-05-09 00:00:00,1,3,2017,4,2017-04
ord_000827,c_000496,delivered,2017-01-06 00:00:00,2017-01-06 00:00:00,2017-01-09 00:00:00,2017-01-17 00:00:00,2017-01-26 00:00:00,0,0,2017,1,2017-01
ord_000828,c_001014,delivered,2017-10-06 00:00:00,2017-10-06 00:00:00,2017-10-07 00:00:00,2017-10-21 00:00:00,2017-10-28 00:00:00,0,0,2017,10,2017-10
ord_000829,c_000655,delivered,2018-01-17 00:00:00,2018-01-17 00:00:00,2018-01-20 00:00:00,2018-02-04 00:00:00,2018-02-04 00:00:00,0,0,2018,1,2018-01
ord_000830,c_000828,delivered,2017-01-13 00:00:00,2017-01-13 00:00:00,2017-01-14 00:00:00,2017-01-20 00:00:00,2017-01-29 00:00:00,0,0,2017,1,2017-01
ord_000831,c_000351,delivered,2017-10-30 00:00:00,2017-10-30 00:00:00,2017-11-02 00:00:00,2017-11-08 00:00:00,2017-11-26 00:00:00,0,0,2017,10,2017-10
ord_000832,c_000554,delivered,2018-07-10 00:00:00,2018-07-10 00:00:00,2018-07-12 00:00:00,2018-07-29 00:00:00,2018-08-02 00:00:00,0,0,2018,7,2018-07
ord_000833,c_000299,delivered,2017-06-09 00:00:00,2017-06-09 00:00:00,2017-06-10 00:00:00,2017-06-17 00:00:00,2017-07-03 00:00:00,0,0,2017,6,2017-06
ord_000834,c_001216,delivered,2017-06-03 00:00:00,2017-06-03 00:00:00,2017-06-04 00:00:00,2017-06-19 00:00:00,2017-06-17 00:00:00,1,2,2017,6,2017-06
ord_000835,c_000064,delivered,2017-06-30 00:00:00,2017-06-30 00:00:00,2017-07-01 00:00:00,2017-07-18 00:00:00,2017-07-23 00:00:00,0,0,2017,6,2017-06
ord_000836,c_000755,delivered,2018-06-10 00:00:00,2018-06-10 00:00:00,2018-06-11 00:00:00,2018-06-30 00:00:00,2018-07-03 00:00:00,0,0,2018,6,2018-06
ord_000837,c_000770,delivered,2017-06-29 00:00:00,2017-06-29 00:00:00,2017-07-02 00:00:00,2017-07-22 00:00:00,2017-07-18 00:00:00,1,4,2017,6,2017-06
ord_000838,c_001239,delivered,2018-01-12 00:00:00,2018-01-12 00:00:00,2018-01-15 00:00:00,2018-01-20 00:00:00,2018-02-02 00:00:00,0,0,2018,1,2018-01
ord_000839,c_000834,delivered,2017-06-17 00:00:00,2017-06-17 00:00:00,2017-06-18 00:00:00,2017-07-09 00:00:00,2017-07-02 00:00:00,1,7,2017,6,2017-06
ord_000840,c_000166,delivered,2017-08-02 00:00:00,2017-08-02 00:00:00,2017-08-03 00:00:00,2017-08-12 00:00:00,2017-08-22 00:00:00,0,0,2017,8,2017-08
ord_000841,c_001256,delivered,2017-05-30 00:00:00,2017-05-30 00:00:00,2017-05-31 00:00:00,2017-06-05 00:00:00,2017-06-15 00:00:00,0,0,2017,5,2017-05
ord_000842,c_001219,delivered,2017-01-16 00:00:00,2017-01-16 00:00:00,2017-01-19 00:00:00,2017-02-01 00:00:00,2017-02-10 00:00:00,0,0,2017,1,2017-01
ord_000843,c_000506,delivered,2017-04-01 00:00:00,2017-04-01 00:00:00,2017-04-02 00:00:00,2017-04-18 00:00:00,2017-04-18 00:00:00,0,0,2017,4,2017-04
ord_000844,c_001358,delivered,2017-04-30 00:00:00,2017-04-30 00:00:00,2017-05-01 00:00:00,2017-05-19 00:00:00,2017-05-16 00:00:00,1,3,2017,4,2017-04
ord_000845,c_000793,delivered,2017-09-10 00:00:00,2017-09-10 00:00:00,2017-09-11 00:00:00,2017-09-26 00:00:00,2017-10-01 00:00:00,0,0,2017,9,2017-09
ord_000846,c_001328,delivered,2017-03-01 00:00:00,2017-03-01 00:00:00,2017-03-04 00:00:00,2017-03-06 00:00:00,2017-03-24 00:00:00,0,0,2017,3,2017-03
ord_000847,c_000833,delivered,2017-09-23 00:00:00,2017-09-23 00:00:00,2017-09-25 00:00:00,2017-10-10 00:00:00,2017-10-15 00:00:00,0,0,2017,9,2017-09
ord_000848,c_001461,delivered,2018-02-13 00:00:00,2018-02-13 00:00:00,2018-02-15 00:00:00,2018-03-08 00:00:00,2018-03-03 00:00:00,1,5,2018,2,2018-02
ord_000849,c_001347,delivered,2017-01-31 00:00:00,2017-01-31 00:00:00,2017-02-03 00:00:00,2017-02-10 00:00:00,2017-02-18 00:00:00,0,0,2017,1,2017-01
ord_000850,c_000858,delivered,2017-01-21 00:00:00,2017-01-21 00:00:00,2017-01-23 00:00:00,2017-01-29 00:00:00,2017-02-02 00:00:00,0,0,2017,1,2017-01
ord_000851,c_001417,delivered,2018-08-16 00:00:00,2018-08-16 00:00:00,2018-08-17 00:00:00,2018-09-02 00:00:00,2018-08-29 00:00:00,1,4,2018,8,2018-08
ord_000852,c_000806,delivered,2017-10-16 00:00:00,2017-10-16 00:00:00,2017-10-17 00:00:00,2017-10-28 00:00:00,2017-11-03 00:00:00,0,0,2017,10,2017-10
ord_000853,c_001173,delivered,2018-06-27 00:00:00,2018-06-27 00:00:00,2018-06-30 00:00:00,2018-07-10 00:00:00,2018-07-16 00:00:00,0,0,2018,6,2018-06
ord_000854,c_000761,delivered,2018-05-13 00:00:00,2018-05-13 00:00:00,2018-05-16 00:00:00,2018-05-23 00:00:00,2018-06-09 00:00:00,0,0,2018,5,2018-05
ord_000855,c_000833,delivered,2018-04-19 00:00:00,2018-04-19 00:00:00,2018-04-21 00:00:00,2018-05-06 00:00:00,2018-05-04 00:00:00,1,2,2018,4,2018-04
ord_000856,c_001429,delivered,2018-02-09 00:00:00,2018-02-09 00:00:00,2018-02-11 00:00:00,2018-02-26 00:00:00,2018-02-26 00:00:00,0,0,2018,2,2018-02
ord_000857,c_000283,delivered,2018-07-02 00:00:00,2018-07-02 00:00:00,2018-07-03 00:00:00,2018-07-07 00:00:00,2018-07-24 00:00:00,0,0,2018,7,2018-07
ord_000858,c_001386,delivered,2017-05-12 00:00:00,2017-05-12 00:00:00,2017-05-15 00:00:00,2017-06-01 00:00:00,2017-06-04 00:00:00,0,0,2017,5,2017-05
ord_000859,c_000379,delivered,2017-11-20 00:00:00,2017-11-20 00:00:00,2017-11-22 00:00:00,2017-12-13 00:00:00,2017-12-11 00:00:00,1,2,2017,11,2017-11
ord_000860,c_000198,delivered,2017-05-12 00:00:00,2017-05-12 00:00:00,2017-05-14 00:00:00,2017-05-19 00:00:00,2017-06-08 00:00:00,0,0,2017,5,2017-05
ord_000861,c_001015,invoiced,2018-06-05 00:00:00,2018-06-05 00:00:00,2018-06-06 00:00:00,,2018-06-19 00:00:00,0,0,2018,6,2018-06
ord_000862,c_001024,delivered,2017-01-30 00:00:00,2017-01-30 00:00:00,2017-01-31 00:00:00,2017-02-20 00:00:00,2017-02-17 00:00:00,1,3,2017,1,2017-01
ord_000863,c_000556,delivered,2017-10-28 00:00:00,2017-10-28 00:00:00,2017-10-29 00:00:00,2017-11-03 00:00:00,2017-11-19 00:00:00,0,0,2017,10,2017-10
ord_000864,c_000356,delivered,2017-01-04 00:00:00,2017-01-04 00:00:00,2017-01-05 00:00:00,2017-01-26 00:00:00,2017-01-18 00:00:00,1,8,2017,1,2017-01
ord_000865,c_001453,delivered,2017-11-21 00:00:00,2017-11-21 00:00:00,2017-11-23 00:00:00,2017-11-29 00:00:00,2017-12-13 00:00:00,0,0,2017,11,2017-11
ord_000866,c_001041,delivered,2018-05-24 00:00:00,2018-05-24 00:00:00,2018-05-27 00:00:00,2018-05-28 00:00:00,2018-06-20 00:00:00,0,0,2018,5,2018-05
ord_000867,c_000639,delivered,2017-08-25 00:00:00,2017-08-25 00:00:00,2017-08-28 00:00:00,2017-09-06 00:00:00,2017-09-12 00:00:00,0,0,2017,8,2017-08
ord_000868,c_000379,delivered,2018-06-19 00:00:00,2018-06-19 00:00:00,2018-06-20 00:00:00,2018-06-30 00:00:00,2018-07-12 00:00:00,0,0,2018,6,2018-06
ord_000869,c_000680,delivered,2017-01-16 00:00:00,2017-01-16 00:00:00,2017-01-17 00:00:00,2017-01-22 00:00:00,2017-02-07 00:00:00,0,0,2017,1,2017-01
ord_000870,c_000506,delivered,2018-06-18 00:00:00,2018-06-18 00:00:00,2018-06-20 00:00:00,2018-06-23 00:00:00,2018-07-11 00:00:00,0,0,2018,6,2018-06
ord_000871,c_000899,delivered,2018-08-07 00:00:00,2018-08-07 00:00:00,2018-08-08 00:00:00,2018-08-11 00:00:00,2018-08-29 00:00:00,0,0,2018,8,2018-08
ord_000872,c_000076,delivered,2018-03-22 00:00:00,2018-03-22 00:00:00,2018-03-25 00:00:00,2018-04-06 00:00:00,2018-04-10 00:00:00,0,0,2018,3,2018-03
ord_000873,c_000231,delivered,2018-05-18 00:00:00,2018-05-18 00:00:00,2018-05-19 00:00:00,2018-06-03 00:00:00,2018-06-01 00:00:00,1,2,2018,5,2018-05
ord_000874,c_000962,delivered,2017-08-18 00:00:00,2017-08-18 00:00:00,2017-08-21 00:00:00,2017-08-31 00:00:00,2017-08-31 00:00:00,0,0,2017,8,2017-08
ord_000875,c_001272,delivered,2017-04-17 00:00:00,2017-04-17 00:00:00,2017-04-18 00:00:00,2017-05-07 00:00:00,2017-05-10 00:00:00,0,0,2017,4,2017-04
ord_000876,c_000302,delivered,2018-01-24 00:00:00,2018-01-24 00:00:00,2018-01-25 00:00:00,2018-02-07 00:00:00,2018-02-10 00:00:00,0,0,2018,1,2018-01
ord_000877,c_000726,delivered,2017-09-20 00:00:00,2017-09-20 00:00:00,2017-09-23 00:00:00,2017-09-28 00:00:00,2017-10-17 00:00:00,0,0,2017,9,2017-09
ord_000878,c_000215,delivered,2018-07-17 00:00:00,2018-07-17 00:00:00,2018-07-19 00:00:00,2018-07-29 00:00:00,2018-08-01 00:00:00,0,0,2018,7,2018-07
ord_000879,c_001182,delivered,2017-03-06 00:00:00,2017-03-06 00:00:00,2017-03-08 00:00:00,2017-03-22 00:00:00,2017-03-25 00:00:00,0,0,2017,3,2017-03
ord_000880,c_000069,delivered,2017-09-22 00:00:00,2017-09-22 00:00:00,2017-09-23 00:00:00,2017-10-15 00:00:00,2017-10-16 00:00:00,0,0,2017,9,2017-09
ord_000881,c_000393,delivered,2017-12-04 00:00:00,2017-12-04 00:00:00,2017-12-05 00:00:00,2017-12-18 00:00:00,2017-12-30 00:00:00,0,0,2017,12,2017-12
ord_000882,c_001109,delivered,2017-10-28 00:00:00,2017-10-28 00:00:00,2017-10-31 00:00:00,2017-11-04 00:00:00,2017-11-22 00:00:00,0,0,2017,10,2017-10
ord_000883,c_000267,delivered,2018-01-13 00:00:00,2018-01-13 00:00:00,2018-01-16 00:00:00,2018-02-06 00:00:00,2018-01-26 00:00:00,1,11,2018,1,2018-01
ord_000884,c_001093,delivered,2017-06-24 00:00:00,2017-06-24 00:00:00,2017-06-25 00:00:00,2017-07-08 00:00:00,2017-07-09 00:00:00,0,0,2017,6,2017-06
ord_000885,c_000611,delivered,2017-06-01 00:00:00,2017-06-01 00:00:00,2017-06-04 00:00:00,2017-06-13 00:00:00,2017-06-14 00:00:00,0,0,2017,6,2017-06
ord_000886,c_001371,shipped,2018-04-21 00:00:00,2018-04-21 00:00:00,2018-04-23 00:00:00,,2018-05-16 00:00:00,0,0,2018,4,2018-04
ord_000887,c_001009,delivered,2017-09-23 00:00:00,2017-09-23 00:00:00,2017-09-25 00:00:00,2017-10-12 00:00:00,2017-10-06 00:00:00,1,6,2017,9,2017-09
ord_000888,c_000962,delivered,2017-11-25 00:00:00,2017-11-25 00:00:00,2017-11-28 00:00:00,2017-12-03 00:00:00,2017-12-08 00:00:00,0,0,2017,11,2017-11
ord_000889,c_000728,delivered,2017-06-12 00:00:00,2017-06-12 00:00:00,2017-06-15 00:00:00,2017-06-21 00:00:00,2017-06-24 00:00:00,0,0,2017,6,2017-06
ord_000890,c_000673,delivered,2018-03-14 00:00:00,2018-03-14 00:00:00,2018-03-17 00:00:00,2018-04-05 00:00:00,2018-03-29 00:00:00,1,7,2018,3,2018-03
ord_000891,c_000423,delivered,2017-12-09 00:00:00,2017-12-09 00:00:00,2017-12-11 00:00:00,2017-12-13 00:00:00,2017-12-22 00:00:00,0,0,2017,12,2017-12
ord_000892,c_001198,delivered,2018-01-02 00:00:00,2018-01-02 00:00:00,2018-01-03 00:00:00,2018-01-21 00:00:00,2018-01-22 00:00:00,0,0,2018,1,2018-01
ord_000893,c_000115,delivered,2018-04-10 00:00:00,2018-04-10 00:00:00,2018-04-13 00:00:00,2018-05-01 00:00:00,2018-04-30 00:00:00,1,1,2018,4,2018-04
ord_000894,c_000220,delivered,2017-07-18 00:00:00,2017-07-18 00:00:00,2017-07-21 00:00:00,2017-08-03 00:00:00,2017-08-14 00:00:00,0,0,2017,7,2017-07
ord_000895,c_000031,delivered,2018-05-15 00:00:00,2018-05-15 00:00:00,2018-05-18 00:00:00,2018-05-19 00:00:00,2018-06-06 00:00:00,0,0,2018,5,2018-05
ord_000896,c_001367,delivered,2017-01-16 00:00:00,2017-01-16 00:00:00,2017-01-17 00:00:00,2017-01-29 00:00:00,2017-02-07 00:00:00,0,0,2017,1,2017-01
ord_000897,c_001401,delivered,2017-10-23 00:00:00,2017-10-23 00:00:00,2017-10-26 00:00:00,2017-11-02 00:00:00,2017-11-10 00:00:00,0,0,2017,10,2017-10
ord_000898,c_001154,delivered,2018-05-26 00:00:00,2018-05-26 00:00:00,2018-05-29 00:00:00,2018-06-03 00:00:00,2018-06-12 00:00:00,0,0,2018,5,2018-05
ord_000899,c_000617,delivered,2017-08-27 00:00:00,2017-08-27 00:00:00,2017-08-29 00:00:00,2017-09-12 00:00:00,2017-09-19 00:00:00,0,0,2017,8,2017-08
ord_000900,c_000539,delivered,2018-08-04 00:00:00,2018-08-04 00:00:00,2018-08-07 00:00:00,2018-08-23 00:00:00,2018-08-18 00:00:00,1,5,2018,8,2018-08
ord_000901,c_000739,delivered,2017-10-28 00:00:00,2017-10-28 00:00:00,2017-10-30 00:00:00,2017-11-20 00:00:00,2017-11-22 00:00:00,0,0,2017,10,2017-10
ord_000902,c_001026,delivered,2017-01-06 00:00:00,2017-01-06 00:00:00,2017-01-07 00:00:00,2017-01-23 00:00:00,2017-01-29 00:00:00,0,0,2017,1,2017-01
ord_000903,c_000871,delivered,2017-08-08 00:00:00,2017-08-08 00:00:00,2017-08-11 00:00:00,2017-08-22 00:00:00,2017-09-02 00:00:00,0,0,2017,8,2017-08
ord_000904,c_000101,delivered,2018-03-29 00:00:00,2018-03-29 00:00:00,2018-04-01 00:00:00,2018-04-20 00:00:00,2018-04-24 00:00:00,0,0,2018,3,2018-03
ord_000905,c_001082,delivered,2018-03-09 00:00:00,2018-03-09 00:00:00,2018-03-11 00:00:00,2018-03-14 00:00:00,2018-03-27 00:00:00,0,0,2018,3,2018-03
ord_000906,c_001413,delivered,2018-01-21 00:00:00,2018-01-21 00:00:00,2018-01-22 00:00:00,2018-02-01 00:00:00,2018-02-02 00:00:00,0,0,2018,1,2018-01
ord_000907,c_000692,delivered,2017-10-22 00:00:00,2017-10-22 00:00:00,2017-10-23 00:00:00,2017-11-07 00:00:00,2017-11-11 00:00:00,0,0,2017,10,2017-10
ord_000908,c_000941,shipped,2017-04-28 00:00:00,2017-04-28 00:00:00,2017-04-30 00:00:00,,2017-05-13 00:00:00,0,0,2017,4,2017-04
ord_000909,c_000341,delivered,2018-02-09 00:00:00,2018-02-09 00:00:00,2018-02-10 00:00:00,2018-02-24 00:00:00,2018-02-26 00:00:00,0,0,2018,2,2018-02
ord_000910,c_000861,delivered,2018-08-17 00:00:00,2018-08-17 00:00:00,2018-08-18 00:00:00,2018-08-28 00:00:00,2018-09-03 00:00:00,0,0,2018,8,2018-08
ord_000911,c_001044,delivered,2018-07-20 00:00:00,2018-07-20 00:00:00,2018-07-21 00:00:00,2018-08-08 00:00:00,2018-08-11 00:00:00,0,0,2018,7,2018-07
ord_000912,c_001279,delivered,2017-01-12 00:00:00,2017-01-12 00:00:00,2017-01-13 00:00:00,2017-02-02 00:00:00,2017-01-26 00:00:00,1,7,2017,1,2017-01
ord_000913,c_001341,delivered,2017-07-28 00:00:00,2017-07-28 00:00:00,2017-07-29 00:00:00,2017-08-19 00:00:00,2017-08-12 00:00:00,1,7,2017,7,2017-07
ord_000914,c_000038,delivered,2017-06-14 00:00:00,2017-06-14 00:00:00,2017-06-15 00:00:00,2017-06-21 00:00:00,2017-07-08 00:00:00,0,0,2017,6,2017-06
ord_000915,c_000660,delivered,2017-10-21 00:00:00,2017-10-21 00:00:00,2017-10-22 00:00:00,2017-11-05 00:00:00,2017-11-12 00:00:00,0,0,2017,10,2017-10
ord_000916,c_001410,delivered,2018-06-03 00:00:00,2018-06-03 00:00:00,2018-06-04 00:00:00,2018-06-22 00:00:00,2018-06-24 00:00:00,0,0,2018,6,2018-06
ord_000917,c_000928,delivered,2017-03-19 00:00:00,2017-03-19 00:00:00,2017-03-22 00:00:00,2017-04-12 00:00:00,2017-04-02 00:00:00,1,10,2017,3,2017-03
ord_000918,c_001050,delivered,2018-03-10 00:00:00,2018-03-10 00:00:00,2018-03-12 00:00:00,2018-03-30 00:00:00,2018-04-03 00:00:00,0,0,2018,3,2018-03
ord_000919,c_000454,delivered,2018-07-31 00:00:00,2018-07-31 00:00:00,2018-08-01 00:00:00,2018-08-07 00:00:00,2018-08-17 00:00:00,0,0,2018,7,2018-07
ord_000920,c_001347,delivered,2017-03-18 00:00:00,2017-03-18 00:00:00,2017-03-20 00:00:00,2017-04-10 00:00:00,2017-03-30 00:00:00,1,11,2017,3,2017-03
ord_000921,c_000737,delivered,2017-02-17 00:00:00,2017-02-17 00:00:00,2017-02-18 00:00:00,2017-03-01 00:00:00,2017-03-08 00:00:00,0,0,2017,2,2017-02
ord_000922,c_000819,delivered,2017-03-23 00:00:00,2017-03-23 00:00:00,2017-03-24 00:00:00,2017-03-31 00:00:00,2017-04-11 00:00:00,0,0,2017,3,2017-03
ord_000923,c_000773,delivered,2017-07-28 00:00:00,2017-07-28 00:00:00,2017-07-31 00:00:00,2017-08-17 00:00:00,2017-08-17 00:00:00,0,0,2017,7,2017-07
ord_000924,c_000013,delivered,2018-03-21 00:00:00,2018-03-21 00:00:00,2018-03-23 00:00:00,2018-04-10 00:00:00,2018-04-07 00:00:00,1,3,2018,3,2018-03
ord_000925,c_000915,delivered,2018-08-19 00:00:00,2018-08-19 00:00:00,2018-08-21 00:00:00,2018-08-24 00:00:00,2018-08-31 00:00:00,0,0,2018,8,2018-08
ord_000926,c_000921,delivered,2018-06-06 00:00:00,2018-06-06 00:00:00,2018-06-09 00:00:00,2018-06-11 00:00:00,2018-06-20 00:00:00,0,0,2018,6,2018-06
ord_000927,c_000825,delivered,2017-01-29 00:00:00,2017-01-29 00:00:00,2017-02-01 00:00:00,2017-02-22 00:00:00,2017-02-24 00:00:00,0,0,2017,1,2017-01
ord_000928,c_000371,delivered,2017-10-31 00:00:00,2017-10-31 00:00:00,2017-11-02 00:00:00,2017-11-10 00:00:00,2017-11-12 00:00:00,0,0,2017,10,2017-10
ord_000929,c_001315,delivered,2018-04-10 00:00:00,2018-04-10 00:00:00,2018-04-11 00:00:00,2018-04-17 00:00:00,2018-05-06 00:00:00,0,0,2018,4,2018-04
ord_000930,c_000332,delivered,2018-05-17 00:00:00,2018-05-17 00:00:00,2018-05-18 00:00:00,2018-06-02 00:00:00,2018-06-10 00:00:00,0,0,2018,5,2018-05
ord_000931,c_000261,delivered,2018-03-22 00:00:00,2018-03-22 00:00:00,2018-03-24 00:00:00,2018-04-14 00:00:00,2018-04-17 00:00:00,0,0,2018,3,2018-03
ord_000932,c_001229,delivered,2018-05-05 00:00:00,2018-05-05 00:00:00,2018-05-06 00:00:00,2018-05-19 00:00:00,2018-05-21 00:00:00,0,0,2018,5,2018-05
ord_000933,c_000697,delivered,2018-03-04 00:00:00,2018-03-04 00:00:00,2018-03-07 00:00:00,2018-03-10 00:00:00,2018-03-18 00:00:00,0,0,2018,3,2018-03
ord_000934,c_000687,delivered,2018-07-13 00:00:00,2018-07-13 00:00:00,2018-07-16 00:00:00,2018-07-18 00:00:00,2018-08-07 00:00:00,0,0,2018,7,2018-07
ord_000935,c_000950,delivered,2017-12-25 00:00:00,2017-12-25 00:00:00,2017-12-28 00:00:00,2018-01-13 00:00:00,2018-01-07 00:00:00,1,6,2017,12,2017-12
ord_000936,c_000387,delivered,2017-04-01 00:00:00,2017-04-01 00:00:00,2017-04-03 00:00:00,2017-04-07 00:00:00,2017-04-15 00:00:00,0,0,2017,4,2017-04
ord_000937,c_000821,delivered,2017-02-22 00:00:00,2017-02-22 00:00:00,2017-02-24 00:00:00,2017-03-12 00:00:00,2017-03-14 00:00:00,0,0,2017,2,2017-02
ord_000938,c_000468,delivered,2018-08-12 00:00:00,2018-08-12 00:00:00,2018-08-14 00:00:00,2018-09-01 00:00:00,2018-09-03 00:00:00,0,0,2018,8,2018-08
ord_000939,c_001439,delivered,2017-07-23 00:00:00,2017-07-23 00:00:00,2017-07-24 00:00:00,2017-08-11 00:00:00,2017-08-19 00:00:00,0,0,2017,7,2017-07
ord_000940,c_000069,shipped,2018-07-10 00:00:00,2018-07-10 00:00:00,2018-07-12 00:00:00,,2018-07-29 00:00:00,0,0,2018,7,2018-07
ord_000941,c_001496,canceled,2017-06-05 00:00:00,2017-06-05 00:00:00,2017-06-07 00:00:00,,2017-06-29 00:00:00,0,0,2017,6,2017-06
ord_000942,c_001128,delivered,2017-01-02 00:00:00,2017-01-02 00:00:00,2017-01-05 00:00:00,2017-01-21 00:00:00,2017-01-16 00:00:00,1,5,2017,1,2017-01
ord_000943,c_001185,delivered,2017-12-23 00:00:00,2017-12-23 00:00:00,2017-12-24 00:00:00,2017-12-31 00:00:00,2018-01-14 00:00:00,0,0,2017,12,2017-12
ord_000944,c_000200,delivered,2018-07-23 00:00:00,2018-07-23 00:00:00,2018-07-24 00:00:00,2018-07-28 00:00:00,2018-08-05 00:00:00,0,0,2018,7,2018-07
ord_000945,c_000216,delivered,2017-02-27 00:00:00,2017-02-27 00:00:00,2017-03-02 00:00:00,2017-03-03 00:00:00,2017-03-15 00:00:00,0,0,2017,2,2017-02
ord_000946,c_000212,delivered,2017-09-11 00:00:00,2017-09-11 00:00:00,2017-09-12 00:00:00,2017-09-27 00:00:00,2017-10-04 00:00:00,0,0,2017,9,2017-09
ord_000947,c_000508,delivered,2017-06-29 00:00:00,2017-06-29 00:00:00,2017-07-01 00:00:00,2017-07-18 00:00:00,2017-07-22 00:00:00,0,0,2017,6,2017-06
ord_000948,c_000016,delivered,2018-05-08 00:00:00,2018-05-08 00:00:00,2018-05-09 00:00:00,2018-05-16 00:00:00,2018-06-01 00:00:00,0,0,2018,5,2018-05
ord_000949,c_000884,delivered,2017-02-04 00:00:00,2017-02-04 00:00:00,2017-02-07 00:00:00,2017-02-10 00:00:00,2017-02-27 00:00:00,0,0,2017,2,2017-02
ord_000950,c_000332,delivered,2017-03-16 00:00:00,2017-03-16 00:00:00,2017-03-17 00:00:00,2017-04-03 00:00:00,2017-03-28 00:00:00,1,6,2017,3,2017-03
ord_000951,c_000717,delivered,2017-10-16 00:00:00,2017-10-16 00:00:00,2017-10-19 00:00:00,2017-11-04 00:00:00,2017-10-31 00:00:00,1,4,2017,10,2017-10
ord_000952,c_000551,delivered,2018-01-06 00:00:00,2018-01-06 00:00:00,2018-01-08 00:00:00,2018-01-20 00:00:00,2018-01-25 00:00:00,0,0,2018,1,2018-01
ord_000953,c_000942,delivered,2018-08-10 00:00:00,2018-08-10 00:00:00,2018-08-12 00:00:00,2018-09-01 00:00:00,2018-08-22 00:00:00,1,10,2018,8,2018-08
ord_000954,c_000256,delivered,2017-11-25 00:00:00,2017-11-25 00:00:00,2017-11-28 00:00:00,2017-12-16 00:00:00,2017-12-11 00:00:00,1,5,2017,11,2017-11
ord_000955,c_000992,delivered,2018-08-13 00:00:00,2018-08-13 00:00:00,2018-08-15 00:00:00,2018-09-06 00:00:00,2018-09-05 00:00:00,1,1,2018,8,2018-08
ord_000956,c_000728,delivered,2017-10-31 00:00:00,2017-10-31 00:00:00,2017-11-02 00:00:00,2017-11-12 00:00:00,2017-11-15 00:00:00,0,0,2017,10,2017-10
ord_000957,c_000880,delivered,2018-08-02 00:00:00,2018-08-02 00:00:00,2018-08-03 00:00:00,2018-08-13 00:00:00,2018-08-19 00:00:00,0,0,2018,8,2018-08
ord_000958,c_000815,delivered,2017-08-09 00:00:00,2017-08-09 00:00:00,2017-08-11 00:00:00,2017-08-31 00:00:00,2017-08-27 00:00:00,1,4,2017,8,2017-08
ord_000959,c_001196,delivered,2017-06-13 00:00:00,2017-06-13 00:00:00,2017-06-16 00:00:00,2017-06-21 00:00:00,2017-07-03 00:00:00,0,0,2017,6,2017-06
ord_000960,c_000649,delivered,2018-04-25 00:00:00,2018-04-25 00:00:00,2018-04-27 00:00:00,2018-05-15 00:00:00,2018-05-07 00:00:00,1,8,2018,4,2018-04
ord_000961,c_001000,delivered,2018-03-31 00:00:00,2018-03-31 00:00:00,2018-04-01 00:00:00,2018-04-08 00:00:00,2018-04-22 00:00:00,0,0,2018,3,2018-03
ord_000962,c_000471,delivered,2018-01-10 00:00:00,2018-01-10 00:00:00,2018-01-13 00:00:00,2018-01-27 00:00:00,2018-01-31 00:00:00,0,0,2018,1,2018-01
ord_000963,c_001408,delivered,2017-08-08 00:00:00,2017-08-08 00:00:00,2017-08-10 00:00:00,2017-08-18 00:00:00,2017-09-04 00:00:00,0,0,2017,8,2017-08
ord_000964,c_000690,delivered,2017-09-11 00:00:00,2017-09-11 00:00:00,2017-09-13 00:00:00,2017-09-23 00:00:00,2017-09-26 00:00:00,0,0,2017,9,2017-09
ord_000965,c_000700,delivered,2017-07-07 00:00:00,2017-07-07 00:00:00,2017-07-09 00:00:00,2017-07-27 00:00:00,2017-07-24 00:00:00,1,3,2017,7,2017-07
ord_000966,c_000507,delivered,2017-07-10 00:00:00,2017-07-10 00:00:00,2017-07-13 00:00:00,2017-07-16 00:00:00,2017-07-31 00:00:00,0,0,2017,7,2017-07
ord_000967,c_000992,delivered,2018-01-24 00:00:00,2018-01-24 00:00:00,2018-01-25 00:00:00,2018-02-04 00:00:00,2018-02-11 00:00:00,0,0,2018,1,2018-01
ord_000968,c_001010,delivered,2017-08-03 00:00:00,2017-08-03 00:00:00,2017-08-06 00:00:00,2017-08-19 00:00:00,2017-08-21 00:00:00,0,0,2017,8,2017-08
ord_000969,c_000804,delivered,2018-01-10 00:00:00,2018-01-10 00:00:00,2018-01-13 00:00:00,2018-01-29 00:00:00,2018-01-29 00:00:00,0,0,2018,1,2018-01
ord_000970,c_000831,delivered,2017-03-27 00:00:00,2017-03-27 00:00:00,2017-03-28 00:00:00,2017-04-20 00:00:00,2017-04-21 00:00:00,0,0,2017,3,2017-03
ord_000971,c_001349,delivered,2018-04-19 00:00:00,2018-04-19 00:00:00,2018-04-22 00:00:00,2018-05-02 00:00:00,2018-05-10 00:00:00,0,0,2018,4,2018-04
ord_000972,c_000214,delivered,2018-06-15 00:00:00,2018-06-15 00:00:00,2018-06-18 00:00:00,2018-07-06 00:00:00,2018-07-04 00:00:00,1,2,2018,6,2018-06
ord_000973,c_001232,delivered,2017-02-16 00:00:00,2017-02-16 00:00:00,2017-02-18 00:00:00,2017-02-22 00:00:00,2017-03-07 00:00:00,0,0,2017,2,2017-02
ord_000974,c_000169,delivered,2017-03-06 00:00:00,2017-03-06 00:00:00,2017-03-09 00:00:00,2017-03-21 00:00:00,2017-03-25 00:00:00,0,0,2017,3,2017-03
ord_000975,c_001354,delivered,2018-04-20 00:00:00,2018-04-20 00:00:00,2018-04-22 00:00:00,2018-05-09 00:00:00,2018-05-17 00:00:00,0,0,2018,4,2018-04
ord_000976,c_001304,delivered,2017-05-26 00:00:00,2017-05-26 00:00:00,2017-05-29 00:00:00,2017-06-16 00:00:00,2017-06-18 00:00:00,0,0,2017,5,2017-05
ord_000977,c_000978,delivered,2018-01-17 00:00:00,2018-01-17 00:00:00,2018-01-19 00:00:00,2018-02-06 00:00:00,2018-02-12 00:00:00,0,0,2018,1,2018-01
ord_000978,c_001329,delivered,2017-03-07 00:00:00,2017-03-07 00:00:00,2017-03-09 00:00:00,2017-03-17 00:00:00,2017-03-26 00:00:00,0,0,2017,3,2017-03
ord_000979,c_000146,delivered,2018-06-01 00:00:00,2018-06-01 00:00:00,2018-06-03 00:00:00,2018-06-23 00:00:00,2018-06-18 00:00:00,1,5,2018,6,2018-06
ord_000980,c_000516,delivered,2017-04-03 00:00:00,2017-04-03 00:00:00,2017-04-04 00:00:00,2017-04-14 00:00:00,2017-04-23 00:00:00,0,0,2017,4,2017-04
ord_000981,c_001114,delivered,2018-03-02 00:00:00,2018-03-02 00:00:00,2018-03-05 00:00:00,2018-03-22 00:00:00,2018-03-16 00:00:00,1,6,2018,3,2018-03
ord_000982,c_000453,delivered,2018-04-13 00:00:00,2018-04-13 00:00:00,2018-04-16 00:00:00,2018-05-07 00:00:00,2018-04-30 00:00:00,1,7,2018,4,2018-04
ord_000983,c_000060,delivered,2017-04-04 00:00:00,2017-04-04 00:00:00,2017-04-07 00:00:00,2017-04-14 00:00:00,2017-04-20 00:00:00,0,0,2017,4,2017-04
ord_000984,c_001335,delivered,2017-05-13 00:00:00,2017-05-13 00:00:00,2017-05-14 00:00:00,2017-05-17 00:00:00,2017-06-08 00:00:00,0,0,2017,5,2017-05
ord_000985,c_000528,delivered,2018-03-10 00:00:00,2018-03-10 00:00:00,2018-03-12 00:00:00,2018-03-21 00:00:00,2018-04-06 00:00:00,0,0,2018,3,2018-03
ord_000986,c_001251,delivered,2017-12-07 00:00:00,2017-12-07 00:00:00,2017-12-10 00:00:00,2017-12-29 00:00:00,2018-01-02 00:00:00,0,0,2017,12,2017-12
ord_000987,c_001024,delivered,2017-11-10 00:00:00,2017-11-10 00:00:00,2017-11-11 00:00:00,2017-12-03 00:00:00,2017-11-29 00:00:00,1,4,2017,11,2017-11
ord_000988,c_000474,delivered,2018-08-14 00:00:00,2018-08-14 00:00:00,2018-08-15 00:00:00,2018-09-06 00:00:00,2018-08-29 00:00:00,1,8,2018,8,2018-08
ord_000989,c_000757,delivered,2017-07-31 00:00:00,2017-07-31 00:00:00,2017-08-03 00:00:00,2017-08-13 00:00:00,2017-08-15 00:00:00,0,0,2017,7,2017-07
ord_000990,c_000782,delivered,2018-06-04 00:00:00,2018-06-04 00:00:00,2018-06-06 00:00:00,2018-06-19 00:00:00,2018-06-28 00:00:00,0,0,2018,6,2018-06
ord_000991,c_001103,delivered,2017-06-08 00:00:00,2017-06-08 00:00:00,2017-06-09 00:00:00,2017-06-12 00:00:00,2017-07-04 00:00:00,0,0,2017,6,2017-06
ord_000992,c_000433,delivered,2017-09-25 00:00:00,2017-09-25 00:00:00,2017-09-28 00:00:00,2017-10-19 00:00:00,2017-10-22 00:00:00,0,0,2017,9,2017-09
ord_000993,c_001177,delivered,2018-04-19 00:00:00,2018-04-19 00:00:00,2018-04-21 00:00:00,2018-04-26 00:00:00,2018-05-10 00:00:00,0,0,2018,4,2018-04
ord_000994,c_000401,delivered,2018-02-14 00:00:00,2018-02-14 00:00:00,2018-02-15 00:00:00,2018-02-21 00:00:00,2018-03-08 00:00:00,0,0,2018,2,2018-02
ord_000995,c_001303,delivered,2018-04-19 00:00:00,2018-04-19 00:00:00,2018-04-20 00:00:00,2018-05-01 00:00:00,2018-05-10 00:00:00,0,0,2018,4,2018-04
ord_000996,c_000057,delivered,2017-12-22 00:00:00,2017-12-22 00:00:00,2017-12-25 00:00:00,2018-01-09 00:00:00,2018-01-15 00:00:00,0,0,2017,12,2017-12
ord_000997,c_001003,delivered,2017-07-12 00:00:00,2017-07-12 00:00:00,2017-07-15 00:00:00,2017-07-30 00:00:00,2017-07-28 00:00:00,1,2,2017,7,2017-07
ord_000998,c_000186,delivered,2017-09-28 00:00:00,2017-09-28 00:00:00,2017-09-30 00:00:00,2017-10-08 00:00:00,2017-10-20 00:00:00,0,0,2017,9,2017-09
ord_000999,c_000398,delivered,2017-04-24 00:00:00,2017-04-24 00:00:00,2017-04-27 00:00:00,2017-05-09 00:00:00,2017-05-18 00:00:00,0,0,2017,4,2017-04
ord_001000,c_000605,delivered,2018-06-07 00:00:00,2018-06-07 00:00:00,2018-06-10 00:00:00,2018-06-13 00:00:00,2018-07-01 00:00:00,0,0,2018,6,2018-06
ord_001001,c_000788,delivered,2017-02-24 00:00:00,2017-02-24 00:00:00,2017-02-26 00:00:00,2017-03-19 00:00:00,2017-03-22 00:00:00,0,0,2017,2,2017-02
ord_001002,c_000158,delivered,2017-03-06 00:00:00,2017-03-06 00:00:00,2017-03-09 00:00:00,2017-03-18 00:00:00,2017-03-23 00:00:00,0,0,2017,3,2017-03
ord_001003,c_001383,delivered,2017-09-29 00:00:00,2017-09-29 00:00:00,2017-10-01 00:00:00,2017-10-16 00:00:00,2017-10-26 00:00:00,0,0,2017,9,2017-09
ord_001004,c_001464,delivered,2018-05-17 00:00:00,2018-05-17 00:00:00,2018-05-19 00:00:00,2018-06-02 00:00:00,2018-06-12 00:00:00,0,0,2018,5,2018-05
ord_001005,c_000589,delivered,2017-12-28 00:00:00,2017-12-28 00:00:00,2017-12-30 00:00:00,2018-01-12 00:00:00,2018-01-19 00:00:00,0,0,2017,12,2017-12
ord_001006,c_000466,delivered,2017-05-26 00:00:00,2017-05-26 00:00:00,2017-05-29 00:00:00,2017-05-30 00:00:00,2017-06-10 00:00:00,0,0,2017,5,2017-05
ord_001007,c_000446,delivered,2017-07-28 00:00:00,2017-07-28 00:00:00,2017-07-30 00:00:00,2017-08-19 00:00:00,2017-08-10 00:00:00,1,9,2017,7,2017-07
ord_001008,c_000801,delivered,2017-10-13 00:00:00,2017-10-13 00:00:00,2017-10-16 00:00:00,2017-11-01 00:00:00,2017-11-05 00:00:00,0,0,2017,10,2017-10
ord_001009,c_001097,delivered,2017-01-10 00:00:00,2017-01-10 00:00:00,2017-01-12 00:00:00,2017-01-25 00:00:00,2017-02-02 00:00:00,0,0,2017,1,2017-01
ord_001010,c_000929,delivered,2017-07-05 00:00:00,2017-07-05 00:00:00,2017-07-08 00:00:00,2017-07-18 00:00:00,2017-07-30 00:00:00,0,0,2017,7,2017-07
ord_001011,c_000017,canceled,2018-07-28 00:00:00,2018-07-28 00:00:00,2018-07-30 00:00:00,,2018-08-10 00:00:00,0,0,2018,7,2018-07
ord_001012,c_000731,delivered,2018-08-20 00:00:00,2018-08-20 00:00:00,2018-08-21 00:00:00,2018-09-10 00:00:00,2018-09-12 00:00:00,0,0,2018,8,2018-08
ord_001013,c_000326,delivered,2018-04-09 00:00:00,2018-04-09 00:00:00,2018-04-10 00:00:00,2018-04-25 00:00:00,2018-05-06 00:00:00,0,0,2018,4,2018-04
ord_001014,c_000995,delivered,2017-05-14 00:00:00,2017-05-14 00:00:00,2017-05-15 00:00:00,2017-05-23 00:00:00,2017-05-28 00:00:00,0,0,2017,5,2017-05
ord_001015,c_000613,delivered,2017-06-20 00:00:00,2017-06-20 00:00:00,2017-06-22 00:00:00,2017-07-05 00:00:00,2017-07-03 00:00:00,1,2,2017,6,2017-06
ord_001016,c_000546,delivered,2017-08-01 00:00:00,2017-08-01 00:00:00,2017-08-04 00:00:00,2017-08-08 00:00:00,2017-08-13 00:00:00,0,0,2017,8,2017-08
ord_001017,c_000596,delivered,2018-06-14 00:00:00,2018-06-14 00:00:00,2018-06-16 00:00:00,2018-06-18 00:00:00,2018-07-09 00:00:00,0,0,2018,6,2018-06
ord_001018,c_000921,delivered,2018-05-17 00:00:00,2018-05-17 00:00:00,2018-05-19 00:00:00,2018-05-31 00:00:00,2018-06-05 00:00:00,0,0,2018,5,2018-05
ord_001019,c_000842,delivered,2018-07-26 00:00:00,2018-07-26 00:00:00,2018-07-28 00:00:00,2018-08-06 00:00:00,2018-08-18 00:00:00,0,0,2018,7,2018-07
ord_001020,c_001226,delivered,2018-08-23 00:00:00,2018-08-23 00:00:00,2018-08-25 00:00:00,2018-08-28 00:00:00,2018-09-19 00:00:00,0,0,2018,8,2018-08
ord_001021,c_000344,delivered,2017-01-27 00:00:00,2017-01-27 00:00:00,2017-01-30 00:00:00,2017-02-01 00:00:00,2017-02-23 00:00:00,0,0,2017,1,2017-01
ord_001022,c_000859,delivered,2017-03-09 00:00:00,2017-03-09 00:00:00,2017-03-11 00:00:00,2017-03-28 00:00:00,2017-03-25 00:00:00,1,3,2017,3,2017-03
ord_001023,c_001424,delivered,2018-02-12 00:00:00,2018-02-12 00:00:00,2018-02-13 00:00:00,2018-02-16 00:00:00,2018-03-05 00:00:00,0,0,2018,2,2018-02
ord_001024,c_001242,shipped,2018-07-06 00:00:00,2018-07-06 00:00:00,2018-07-07 00:00:00,,2018-07-18 00:00:00,0,0,2018,7,2018-07
ord_001025,c_000445,delivered,2017-04-19 00:00:00,2017-04-19 00:00:00,2017-04-20 00:00:00,2017-04-28 00:00:00,2017-05-13 00:00:00,0,0,2017,4,2017-04
ord_001026,c_000222,delivered,2017-03-15 00:00:00,2017-03-15 00:00:00,2017-03-17 00:00:00,2017-04-08 00:00:00,2017-04-11 00:00:00,0,0,2017,3,2017-03
ord_001027,c_001407,delivered,2018-08-01 00:00:00,2018-08-01 00:00:00,2018-08-04 00:00:00,2018-08-24 00:00:00,2018-08-21 00:00:00,1,3,2018,8,2018-08
ord_001028,c_000592,delivered,2017-09-19 00:00:00,2017-09-19 00:00:00,2017-09-22 00:00:00,2017-10-06 00:00:00,2017-10-08 00:00:00,0,0,2017,9,2017-09
ord_001029,c_001031,delivered,2018-01-03 00:00:00,2018-01-03 00:00:00,2018-01-06 00:00:00,2018-01-26 00:00:00,2018-01-18 00:00:00,1,8,2018,1,2018-01
ord_001030,c_001296,delivered,2017-08-25 00:00:00,2017-08-25 00:00:00,2017-08-27 00:00:00,2017-09-12 00:00:00,2017-09-13 00:00:00,0,0,2017,8,2017-08
ord_001031,c_001018,delivered,2018-01-01 00:00:00,2018-01-01 00:00:00,2018-01-04 00:00:00,2018-01-11 00:00:00,2018-01-25 00:00:00,0,0,2018,1,2018-01
ord_001032,c_000016,canceled,2017-10-13 00:00:00,2017-10-13 00:00:00,2017-10-14 00:00:00,,2017-11-05 00:00:00,0,0,2017,10,2017-10
ord_001033,c_001448,delivered,2018-01-13 00:00:00,2018-01-13 00:00:00,2018-01-16 00:00:00,2018-02-03 00:00:00,2018-02-06 00:00:00,0,0,2018,1,2018-01
ord_001034,c_000524,delivered,2018-01-11 00:00:00,2018-01-11 00:00:00,2018-01-13 00:00:00,2018-01-16 00:00:00,2018-02-01 00:00:00,0,0,2018,1,2018-01
ord_001035,c_000803,delivered,2017-03-17 00:00:00,2017-03-17 00:00:00,2017-03-19 00:00:00,2017-04-09 00:00:00,2017-04-13 00:00:00,0,0,2017,3,2017-03
ord_001036,c_000021,delivered,2017-01-09 00:00:00,2017-01-09 00:00:00,2017-01-12 00:00:00,2017-01-27 00:00:00,2017-01-27 00:00:00,0,0,2017,1,2017-01
ord_001037,c_000228,delivered,2017-07-15 00:00:00,2017-07-15 00:00:00,2017-07-17 00:00:00,2017-07-19 00:00:00,2017-08-06 00:00:00,0,0,2017,7,2017-07
ord_001038,c_001008,delivered,2017-10-17 00:00:00,2017-10-17 00:00:00,2017-10-20 00:00:00,2017-11-10 00:00:00,2017-11-12 00:00:00,0,0,2017,10,2017-10
ord_001039,c_001312,delivered,2017-03-02 00:00:00,2017-03-02 00:00:00,2017-03-05 00:00:00,2017-03-22 00:00:00,2017-03-24 00:00:00,0,0,2017,3,2017-03
ord_001040,c_000809,delivered,2018-01-24 00:00:00,2018-01-24 00:00:00,2018-01-25 00:00:00,2018-02-16 00:00:00,2018-02-11 00:00:00,1,5,2018,1,2018-01
ord_001041,c_001158,delivered,2018-07-17 00:00:00,2018-07-17 00:00:00,2018-07-19 00:00:00,2018-08-02 00:00:00,2018-07-29 00:00:00,1,4,2018,7,2018-07
ord_001042,c_001307,delivered,2018-07-18 00:00:00,2018-07-18 00:00:00,2018-07-19 00:00:00,2018-08-02 00:00:00,2018-08-04 00:00:00,0,0,2018,7,2018-07
ord_001043,c_000404,delivered,2017-01-08 00:00:00,2017-01-08 00:00:00,2017-01-10 00:00:00,2017-01-26 00:00:00,2017-02-01 00:00:00,0,0,2017,1,2017-01
ord_001044,c_001090,delivered,2018-01-04 00:00:00,2018-01-04 00:00:00,2018-01-07 00:00:00,2018-01-12 00:00:00,2018-01-19 00:00:00,0,0,2018,1,2018-01
ord_001045,c_000437,delivered,2017-02-14 00:00:00,2017-02-14 00:00:00,2017-02-16 00:00:00,2017-02-24 00:00:00,2017-03-11 00:00:00,0,0,2017,2,2017-02
ord_001046,c_000829,delivered,2017-12-10 00:00:00,2017-12-10 00:00:00,2017-12-13 00:00:00,2017-12-21 00:00:00,2017-12-31 00:00:00,0,0,2017,12,2017-12
ord_001047,c_000934,delivered,2018-01-10 00:00:00,2018-01-10 00:00:00,2018-01-12 00:00:00,2018-01-27 00:00:00,2018-01-31 00:00:00,0,0,2018,1,2018-01
ord_001048,c_000259,delivered,2017-01-27 00:00:00,2017-01-27 00:00:00,2017-01-28 00:00:00,2017-02-03 00:00:00,2017-02-17 00:00:00,0,0,2017,1,2017-01
ord_001049,c_000103,delivered,2017-07-12 00:00:00,2017-07-12 00:00:00,2017-07-13 00:00:00,2017-08-05 00:00:00,2017-08-03 00:00:00,1,2,2017,7,2017-07
ord_001050,c_000993,delivered,2017-12-23 00:00:00,2017-12-23 00:00:00,2017-12-26 00:00:00,2018-01-09 00:00:00,2018-01-15 00:00:00,0,0,2017,12,2017-12
ord_001051,c_000769,delivered,2017-03-03 00:00:00,2017-03-03 00:00:00,2017-03-04 00:00:00,2017-03-16 00:00:00,2017-03-16 00:00:00,0,0,2017,3,2017-03
ord_001052,c_001125,delivered,2017-03-03 00:00:00,2017-03-03 00:00:00,2017-03-06 00:00:00,2017-03-22 00:00:00,2017-03-24 00:00:00,0,0,2017,3,2017-03
ord_001053,c_001222,delivered,2018-02-26 00:00:00,2018-02-26 00:00:00,2018-03-01 00:00:00,2018-03-12 00:00:00,2018-03-16 00:00:00,0,0,2018,2,2018-02
ord_001054,c_000813,delivered,2018-07-05 00:00:00,2018-07-05 00:00:00,2018-07-08 00:00:00,2018-07-22 00:00:00,2018-07-25 00:00:00,0,0,2018,7,2018-07
ord_001055,c_000226,delivered,2018-01-15 00:00:00,2018-01-15 00:00:00,2018-01-17 00:00:00,2018-02-01 00:00:00,2018-02-08 00:00:00,0,0,2018,1,2018-01
ord_001056,c_000943,delivered,2017-10-04 00:00:00,2017-10-04 00:00:00,2017-10-07 00:00:00,2017-10-09 00:00:00,2017-10-20 00:00:00,0,0,2017,10,2017-10
ord_001057,c_000463,delivered,2018-03-07 00:00:00,2018-03-07 00:00:00,2018-03-08 00:00:00,2018-03-23 00:00:00,2018-03-26 00:00:00,0,0,2018,3,2018-03
ord_001058,c_000237,delivered,2017-04-25 00:00:00,2017-04-25 00:00:00,2017-04-27 00:00:00,2017-05-01 00:00:00,2017-05-11 00:00:00,0,0,2017,4,2017-04
ord_001059,c_001050,delivered,2017-05-01 00:00:00,2017-05-01 00:00:00,2017-05-02 00:00:00,2017-05-22 00:00:00,2017-05-26 00:00:00,0,0,2017,5,2017-05
ord_001060,c_001145,delivered,2018-06-09 00:00:00,2018-06-09 00:00:00,2018-06-12 00:00:00,2018-06-16 00:00:00,2018-06-27 00:00:00,0,0,2018,6,2018-06
ord_001061,c_000506,delivered,2018-02-20 00:00:00,2018-02-20 00:00:00,2018-02-23 00:00:00,2018-03-16 00:00:00,2018-03-10 00:00:00,1,6,2018,2,2018-02
ord_001062,c_001206,delivered,2017-06-12 00:00:00,2017-06-12 00:00:00,2017-06-13 00:00:00,2017-07-06 00:00:00,2017-07-02 00:00:00,1,4,2017,6,2017-06
ord_001063,c_000814,delivered,2017-12-03 00:00:00,2017-12-03 00:00:00,2017-12-05 00:00:00,2017-12-25 00:00:00,2017-12-17 00:00:00,1,8,2017,12,2017-12
ord_001064,c_000767,delivered,2018-01-14 00:00:00,2018-01-14 00:00:00,2018-01-15 00:00:00,2018-02-02 00:00:00,2018-02-08 00:00:00,0,0,2018,1,2018-01
ord_001065,c_000634,delivered,2017-11-20 00:00:00,2017-11-20 00:00:00,2017-11-23 00:00:00,2017-11-27 00:00:00,2017-12-02 00:00:00,0,0,2017,11,2017-11
ord_001066,c_001339,delivered,2017-06-22 00:00:00,2017-06-22 00:00:00,2017-06-24 00:00:00,2017-07-14 00:00:00,2017-07-05 00:00:00,1,9,2017,6,2017-06
ord_001067,c_000991,delivered,2017-03-05 00:00:00,2017-03-05 00:00:00,2017-03-08 00:00:00,2017-03-23 00:00:00,2017-03-28 00:00:00,0,0,2017,3,2017-03
ord_001068,c_000618,delivered,2017-04-11 00:00:00,2017-04-11 00:00:00,2017-04-14 00:00:00,2017-04-15 00:00:00,2017-04-28 00:00:00,0,0,2017,4,2017-04
ord_001069,c_000273,delivered,2017-11-18 00:00:00,2017-11-18 00:00:00,2017-11-19 00:00:00,2017-12-07 00:00:00,2017-12-13 00:00:00,0,0,2017,11,2017-11
ord_001070,c_000232,delivered,2017-03-07 00:00:00,2017-03-07 00:00:00,2017-03-10 00:00:00,2017-03-25 00:00:00,2017-03-28 00:00:00,0,0,2017,3,2017-03
ord_001071,c_001444,delivered,2018-07-11 00:00:00,2018-07-11 00:00:00,2018-07-12 00:00:00,2018-07-30 00:00:00,2018-08-01 00:00:00,0,0,2018,7,2018-07
ord_001072,c_000768,delivered,2018-08-22 00:00:00,2018-08-22 00:00:00,2018-08-24 00:00:00,2018-09-14 00:00:00,2018-09-14 00:00:00,0,0,2018,8,2018-08
ord_001073,c_001466,invoiced,2018-04-03 00:00:00,2018-04-03 00:00:00,2018-04-06 00:00:00,,2018-04-27 00:00:00,0,0,2018,4,2018-04
ord_001074,c_000496,delivered,2018-08-02 00:00:00,2018-08-02 00:00:00,2018-08-05 00:00:00,2018-08-22 00:00:00,2018-08-27 00:00:00,0,0,2018,8,2018-08
ord_001075,c_001048,delivered,2018-03-29 00:00:00,2018-03-29 00:00:00,2018-03-31 00:00:00,2018-04-06 00:00:00,2018-04-18 00:00:00,0,0,2018,3,2018-03
ord_001076,c_001133,delivered,2017-09-16 00:00:00,2017-09-16 00:00:00,2017-09-17 00:00:00,2017-09-24 00:00:00,2017-09-30 00:00:00,0,0,2017,9,2017-09
ord_001077,c_000502,delivered,2018-03-02 00:00:00,2018-03-02 00:00:00,2018-03-05 00:00:00,2018-03-12 00:00:00,2018-03-23 00:00:00,0,0,2018,3,2018-03
ord_001078,c_000025,delivered,2017-06-27 00:00:00,2017-06-27 00:00:00,2017-06-29 00:00:00,2017-07-13 00:00:00,2017-07-10 00:00:00,1,3,2017,6,2017-06
ord_001079,c_001211,delivered,2017-10-07 00:00:00,2017-10-07 00:00:00,2017-10-10 00:00:00,2017-10-22 00:00:00,2017-10-29 00:00:00,0,0,2017,10,2017-10
ord_001080,c_000288,delivered,2017-12-10 00:00:00,2017-12-10 00:00:00,2017-12-11 00:00:00,2017-12-17 00:00:00,2017-12-22 00:00:00,0,0,2017,12,2017-12
ord_001081,c_000338,delivered,2017-01-17 00:00:00,2017-01-17 00:00:00,2017-01-18 00:00:00,2017-01-24 00:00:00,2017-02-13 00:00:00,0,0,2017,1,2017-01
ord_001082,c_001061,delivered,2017-10-23 00:00:00,2017-10-23 00:00:00,2017-10-24 00:00:00,2017-11-16 00:00:00,2017-11-05 00:00:00,1,11,2017,10,2017-10
ord_001083,c_000137,delivered,2017-07-21 00:00:00,2017-07-21 00:00:00,2017-07-22 00:00:00,2017-08-14 00:00:00,2017-08-04 00:00:00,1,10,2017,7,2017-07
ord_001084,c_000508,delivered,2017-07-13 00:00:00,2017-07-13 00:00:00,2017-07-15 00:00:00,2017-07-22 00:00:00,2017-07-31 00:00:00,0,0,2017,7,2017-07
ord_001085,c_000227,delivered,2017-05-29 00:00:00,2017-05-29 00:00:00,2017-06-01 00:00:00,2017-06-16 00:00:00,2017-06-11 00:00:00,1,5,2017,5,2017-05
ord_001086,c_000320,delivered,2018-01-10 00:00:00,2018-01-10 00:00:00,2018-01-12 00:00:00,2018-02-03 00:00:00,2018-02-03 00:00:00,0,0,2018,1,2018-01
ord_001087,c_000916,delivered,2017-02-04 00:00:00,2017-02-04 00:00:00,2017-02-05 00:00:00,2017-02-26 00:00:00,2017-02-20 00:00:00,1,6,2017,2,2017-02
ord_001088,c_001206,delivered,2018-01-04 00:00:00,2018-01-04 00:00:00,2018-01-05 00:00:00,2018-01-13 00:00:00,2018-01-17 00:00:00,0,0,2018,1,2018-01
ord_001089,c_000086,delivered,2017-01-29 00:00:00,2017-01-29 00:00:00,2017-01-30 00:00:00,2017-02-13 00:00:00,2017-02-16 00:00:00,0,0,2017,1,2017-01
ord_001090,c_001491,delivered,2017-08-09 00:00:00,2017-08-09 00:00:00,2017-08-10 00:00:00,2017-08-26 00:00:00,2017-08-30 00:00:00,0,0,2017,8,2017-08
ord_001091,c_000926,delivered,2017-02-22 00:00:00,2017-02-22 00:00:00,2017-02-25 00:00:00,2017-03-15 00:00:00,2017-03-13 00:00:00,1,2,2017,2,2017-02
ord_001092,c_000053,delivered,2017-12-19 00:00:00,2017-12-19 00:00:00,2017-12-20 00:00:00,2018-01-03 00:00:00,2018-01-07 00:00:00,0,0,2017,12,2017-12
ord_001093,c_000860,delivered,2018-01-27 00:00:00,2018-01-27 00:00:00,2018-01-30 00:00:00,2018-02-14 00:00:00,2018-02-20 00:00:00,0,0,2018,1,2018-01
ord_001094,c_000867,delivered,2017-03-17 00:00:00,2017-03-17 00:00:00,2017-03-18 00:00:00,2017-04-08 00:00:00,2017-04-13 00:00:00,0,0,2017,3,2017-03
ord_001095,c_001259,delivered,2018-05-09 00:00:00,2018-05-09 00:00:00,2018-05-12 00:00:00,2018-05-20 00:00:00,2018-06-04 00:00:00,0,0,2018,5,2018-05
ord_001096,c_000433,delivered,2018-06-06 00:00:00,2018-06-06 00:00:00,2018-06-09 00:00:00,2018-06-18 00:00:00,2018-06-25 00:00:00,0,0,2018,6,2018-06
ord_001097,c_000999,delivered,2017-04-27 00:00:00,2017-04-27 00:00:00,2017-04-28 00:00:00,2017-05-05 00:00:00,2017-05-18 00:00:00,0,0,2017,4,2017-04
ord_001098,c_000100,delivered,2017-10-07 00:00:00,2017-10-07 00:00:00,2017-10-09 00:00:00,2017-10-15 00:00:00,2017-11-02 00:00:00,0,0,2017,10,2017-10
ord_001099,c_000990,delivered,2017-06-24 00:00:00,2017-06-24 00:00:00,2017-06-26 00:00:00,2017-07-03 00:00:00,2017-07-14 00:00:00,0,0,2017,6,2017-06
ord_001100,c_000599,delivered,2017-10-22 00:00:00,2017-10-22 00:00:00,2017-10-24 00:00:00,2017-10-28 00:00:00,2017-11-03 00:00:00,0,0,2017,10,2017-10
ord_001101,c_000403,delivered,2018-03-27 00:00:00,2018-03-27 00:00:00,2018-03-29 00:00:00,2018-04-04 00:00:00,2018-04-19 00:00:00,0,0,2018,3,2018-03
ord_001102,c_000396,delivered,2018-06-02 00:00:00,2018-06-02 00:00:00,2018-06-04 00:00:00,2018-06-06 00:00:00,2018-06-14 00:00:00,0,0,2018,6,2018-06
ord_001103,c_000415,delivered,2017-01-21 00:00:00,2017-01-21 00:00:00,2017-01-22 00:00:00,2017-02-04 00:00:00,2017-02-15 00:00:00,0,0,2017,1,2017-01
ord_001104,c_000939,delivered,2017-03-14 00:00:00,2017-03-14 00:00:00,2017-03-15 00:00:00,2017-04-07 00:00:00,2017-04-09 00:00:00,0,0,2017,3,2017-03
ord_001105,c_000677,delivered,2017-02-05 00:00:00,2017-02-05 00:00:00,2017-02-06 00:00:00,2017-02-28 00:00:00,2017-03-02 00:00:00,0,0,2017,2,2017-02
ord_001106,c_000463,delivered,2018-05-22 00:00:00,2018-05-22 00:00:00,2018-05-23 00:00:00,2018-05-26 00:00:00,2018-06-16 00:00:00,0,0,2018,5,2018-05
ord_001107,c_000541,delivered,2017-08-21 00:00:00,2017-08-21 00:00:00,2017-08-22 00:00:00,2017-08-31 00:00:00,2017-09-11 00:00:00,0,0,2017,8,2017-08
ord_001108,c_001388,delivered,2018-05-12 00:00:00,2018-05-12 00:00:00,2018-05-13 00:00:00,2018-05-30 00:00:00,2018-05-25 00:00:00,1,5,2018,5,2018-05
ord_001109,c_001154,delivered,2017-07-25 00:00:00,2017-07-25 00:00:00,2017-07-28 00:00:00,2017-08-14 00:00:00,2017-08-16 00:00:00,0,0,2017,7,2017-07
ord_001110,c_000084,delivered,2018-03-02 00:00:00,2018-03-02 00:00:00,2018-03-05 00:00:00,2018-03-13 00:00:00,2018-03-28 00:00:00,0,0,2018,3,2018-03
ord_001111,c_000271,delivered,2017-02-13 00:00:00,2017-02-13 00:00:00,2017-02-14 00:00:00,2017-02-18 00:00:00,2017-03-02 00:00:00,0,0,2017,2,2017-02
ord_001112,c_000244,delivered,2017-04-01 00:00:00,2017-04-01 00:00:00,2017-04-02 00:00:00,2017-04-17 00:00:00,2017-04-26 00:00:00,0,0,2017,4,2017-04
ord_001113,c_000388,delivered,2018-04-15 00:00:00,2018-04-15 00:00:00,2018-04-18 00:00:00,2018-04-30 00:00:00,2018-04-27 00:00:00,1,3,2018,4,2018-04
ord_001114,c_000214,delivered,2018-04-12 00:00:00,2018-04-12 00:00:00,2018-04-15 00:00:00,2018-04-20 00:00:00,2018-04-28 00:00:00,0,0,2018,4,2018-04
ord_001115,c_000818,delivered,2018-03-30 00:00:00,2018-03-30 00:00:00,2018-03-31 00:00:00,2018-04-15 00:00:00,2018-04-25 00:00:00,0,0,2018,3,2018-03
ord_001116,c_001190,delivered,2018-08-18 00:00:00,2018-08-18 00:00:00,2018-08-21 00:00:00,2018-08-27 00:00:00,2018-09-03 00:00:00,0,0,2018,8,2018-08
ord_001117,c_000059,delivered,2017-11-29 00:00:00,2017-11-29 00:00:00,2017-12-01 00:00:00,2017-12-17 00:00:00,2017-12-25 00:00:00,0,0,2017,11,2017-11
ord_001118,c_000883,delivered,2018-05-22 00:00:00,2018-05-22 00:00:00,2018-05-24 00:00:00,2018-06-15 00:00:00,2018-06-17 00:00:00,0,0,2018,5,2018-05
ord_001119,c_000843,delivered,2018-04-15 00:00:00,2018-04-15 00:00:00,2018-04-17 00:00:00,2018-04-29 00:00:00,2018-04-30 00:00:00,0,0,2018,4,2018-04
ord_001120,c_000924,delivered,2017-01-21 00:00:00,2017-01-21 00:00:00,2017-01-24 00:00:00,2017-01-28 00:00:00,2017-02-12 00:00:00,0,0,2017,1,2017-01
ord_001121,c_000123,delivered,2017-08-16 00:00:00,2017-08-16 00:00:00,2017-08-17 00:00:00,2017-08-20 00:00:00,2017-09-01 00:00:00,0,0,2017,8,2017-08
ord_001122,c_001437,delivered,2018-01-11 00:00:00,2018-01-11 00:00:00,2018-01-12 00:00:00,2018-01-29 00:00:00,2018-02-03 00:00:00,0,0,2018,1,2018-01
ord_001123,c_001163,delivered,2017-05-10 00:00:00,2017-05-10 00:00:00,2017-05-11 00:00:00,2017-05-25 00:00:00,2017-05-22 00:00:00,1,3,2017,5,2017-05
ord_001124,c_001253,delivered,2018-02-18 00:00:00,2018-02-18 00:00:00,2018-02-21 00:00:00,2018-03-02 00:00:00,2018-03-12 00:00:00,0,0,2018,2,2018-02
ord_001125,c_001298,delivered,2017-03-12 00:00:00,2017-03-12 00:00:00,2017-03-15 00:00:00,2017-03-26 00:00:00,2017-04-03 00:00:00,0,0,2017,3,2017-03
ord_001126,c_000439,delivered,2018-02-08 00:00:00,2018-02-08 00:00:00,2018-02-10 00:00:00,2018-02-16 00:00:00,2018-02-25 00:00:00,0,0,2018,2,2018-02
ord_001127,c_001022,delivered,2018-07-16 00:00:00,2018-07-16 00:00:00,2018-07-19 00:00:00,2018-07-26 00:00:00,2018-08-03 00:00:00,0,0,2018,7,2018-07
ord_001128,c_000562,delivered,2018-02-01 00:00:00,2018-02-01 00:00:00,2018-02-03 00:00:00,2018-02-12 00:00:00,2018-02-20 00:00:00,0,0,2018,2,2018-02
ord_001129,c_000118,delivered,2017-12-03 00:00:00,2017-12-03 00:00:00,2017-12-05 00:00:00,2017-12-07 00:00:00,2017-12-29 00:00:00,0,0,2017,12,2017-12
ord_001130,c_000905,delivered,2018-05-20 00:00:00,2018-05-20 00:00:00,2018-05-21 00:00:00,2018-05-24 00:00:00,2018-06-02 00:00:00,0,0,2018,5,2018-05
ord_001131,c_000395,delivered,2017-10-03 00:00:00,2017-10-03 00:00:00,2017-10-06 00:00:00,2017-10-09 00:00:00,2017-10-29 00:00:00,0,0,2017,10,2017-10
ord_001132,c_000876,delivered,2017-01-13 00:00:00,2017-01-13 00:00:00,2017-01-14 00:00:00,2017-01-24 00:00:00,2017-02-08 00:00:00,0,0,2017,1,2017-01
ord_001133,c_001484,delivered,2017-01-03 00:00:00,2017-01-03 00:00:00,2017-01-04 00:00:00,2017-01-17 00:00:00,2017-01-21 00:00:00,0,0,2017,1,2017-01
ord_001134,c_000935,delivered,2017-08-12 00:00:00,2017-08-12 00:00:00,2017-08-15 00:00:00,2017-08-16 00:00:00,2017-08-29 00:00:00,0,0,2017,8,2017-08
ord_001135,c_001102,canceled,2017-06-24 00:00:00,2017-06-24 00:00:00,2017-06-27 00:00:00,,2017-07-14 00:00:00,0,0,2017,6,2017-06
ord_001136,c_000952,delivered,2018-01-20 00:00:00,2018-01-20 00:00:00,2018-01-22 00:00:00,2018-01-24 00:00:00,2018-02-15 00:00:00,0,0,2018,1,2018-01
ord_001137,c_001436,delivered,2017-08-29 00:00:00,2017-08-29 00:00:00,2017-08-31 00:00:00,2017-09-07 00:00:00,2017-09-17 00:00:00,0,0,2017,8,2017-08
ord_001138,c_000075,delivered,2018-07-01 00:00:00,2018-07-01 00:00:00,2018-07-03 00:00:00,2018-07-25 00:00:00,2018-07-26 00:00:00,0,0,2018,7,2018-07
ord_001139,c_000295,delivered,2017-01-14 00:00:00,2017-01-14 00:00:00,2017-01-16 00:00:00,2017-01-23 00:00:00,2017-02-10 00:00:00,0,0,2017,1,2017-01
ord_001140,c_000021,delivered,2017-07-14 00:00:00,2017-07-14 00:00:00,2017-07-15 00:00:00,2017-07-20 00:00:00,2017-08-05 00:00:00,0,0,2017,7,2017-07
ord_001141,c_001195,delivered,2018-02-01 00:00:00,2018-02-01 00:00:00,2018-02-02 00:00:00,2018-02-14 00:00:00,2018-02-26 00:00:00,0,0,2018,2,2018-02
ord_001142,c_001039,delivered,2018-03-07 00:00:00,2018-03-07 00:00:00,2018-03-10 00:00:00,2018-03-22 00:00:00,2018-04-02 00:00:00,0,0,2018,3,2018-03
ord_001143,c_001235,delivered,2017-11-02 00:00:00,2017-11-02 00:00:00,2017-11-04 00:00:00,2017-11-15 00:00:00,2017-11-17 00:00:00,0,0,2017,11,2017-11
ord_001144,c_000560,delivered,2017-11-30 00:00:00,2017-11-30 00:00:00,2017-12-02 00:00:00,2017-12-05 00:00:00,2017-12-25 00:00:00,0,0,2017,11,2017-11
ord_001145,c_001110,delivered,2018-02-14 00:00:00,2018-02-14 00:00:00,2018-02-16 00:00:00,2018-03-02 00:00:00,2018-03-10 00:00:00,0,0,2018,2,2018-02
ord_001146,c_001173,delivered,2017-01-03 00:00:00,2017-01-03 00:00:00,2017-01-04 00:00:00,2017-01-22 00:00:00,2017-01-23 00:00:00,0,0,2017,1,2017-01
ord_001147,c_000372,delivered,2018-07-06 00:00:00,2018-07-06 00:00:00,2018-07-09 00:00:00,2018-07-22 00:00:00,2018-07-18 00:00:00,1,4,2018,7,2018-07
ord_001148,c_000818,delivered,2018-03-28 00:00:00,2018-03-28 00:00:00,2018-03-29 00:00:00,2018-04-04 00:00:00,2018-04-19 00:00:00,0,0,2018,3,2018-03
ord_001149,c_001175,delivered,2018-05-10 00:00:00,2018-05-10 00:00:00,2018-05-13 00:00:00,2018-05-17 00:00:00,2018-05-27 00:00:00,0,0,2018,5,2018-05
ord_001150,c_001165,delivered,2018-02-21 00:00:00,2018-02-21 00:00:00,2018-02-24 00:00:00,2018-03-07 00:00:00,2018-03-20 00:00:00,0,0,2018,2,2018-02
ord_001151,c_001093,delivered,2018-01-26 00:00:00,2018-01-26 00:00:00,2018-01-27 00:00:00,2018-02-12 00:00:00,2018-02-14 00:00:00,0,0,2018,1,2018-01
ord_001152,c_001284,delivered,2018-01-08 00:00:00,2018-01-08 00:00:00,2018-01-09 00:00:00,2018-01-14 00:00:00,2018-01-30 00:00:00,0,0,2018,1,2018-01
ord_001153,c_000846,delivered,2017-02-21 00:00:00,2017-02-21 00:00:00,2017-02-24 00:00:00,2017-03-15 00:00:00,2017-03-15 00:00:00,0,0,2017,2,2017-02
ord_001154,c_000521,delivered,2018-01-11 00:00:00,2018-01-11 00:00:00,2018-01-12 00:00:00,2018-01-15 00:00:00,2018-01-26 00:00:00,0,0,2018,1,2018-01
ord_001155,c_000371,delivered,2018-01-30 00:00:00,2018-01-30 00:00:00,2018-01-31 00:00:00,2018-02-07 00:00:00,2018-02-12 00:00:00,0,0,2018,1,2018-01
ord_001156,c_001443,delivered,2017-05-22 00:00:00,2017-05-22 00:00:00,2017-05-25 00:00:00,2017-06-11 00:00:00,2017-06-13 00:00:00,0,0,2017,5,2017-05
ord_001157,c_000101,delivered,2017-03-27 00:00:00,2017-03-27 00:00:00,2017-03-30 00:00:00,2017-03-31 00:00:00,2017-04-09 00:00:00,0,0,2017,3,2017-03
ord_001158,c_000661,delivered,2018-04-09 00:00:00,2018-04-09 00:00:00,2018-04-11 00:00:00,2018-05-01 00:00:00,2018-05-06 00:00:00,0,0,2018,4,2018-04
ord_001159,c_000968,delivered,2017-02-15 00:00:00,2017-02-15 00:00:00,2017-02-16 00:00:00,2017-03-09 00:00:00,2017-03-08 00:00:00,1,1,2017,2,2017-02
ord_001160,c_000243,delivered,2017-08-26 00:00:00,2017-08-26 00:00:00,2017-08-29 00:00:00,2017-09-02 00:00:00,2017-09-07 00:00:00,0,0,2017,8,2017-08
ord_001161,c_000753,delivered,2017-01-10 00:00:00,2017-01-10 00:00:00,2017-01-11 00:00:00,2017-02-01 00:00:00,2017-02-06 00:00:00,0,0,2017,1,2017-01
ord_001162,c_000512,delivered,2018-07-27 00:00:00,2018-07-27 00:00:00,2018-07-28 00:00:00,2018-08-05 00:00:00,2018-08-12 00:00:00,0,0,2018,7,2018-07
ord_001163,c_000849,delivered,2018-06-14 00:00:00,2018-06-14 00:00:00,2018-06-17 00:00:00,2018-07-02 00:00:00,2018-07-11 00:00:00,0,0,2018,6,2018-06
ord_001164,c_000555,canceled,2018-08-21 00:00:00,2018-08-21 00:00:00,2018-08-23 00:00:00,,2018-09-14 00:00:00,0,0,2018,8,2018-08
ord_001165,c_001119,delivered,2017-06-27 00:00:00,2017-06-27 00:00:00,2017-06-30 00:00:00,2017-07-01 00:00:00,2017-07-14 00:00:00,0,0,2017,6,2017-06
ord_001166,c_000226,delivered,2017-01-06 00:00:00,2017-01-06 00:00:00,2017-01-09 00:00:00,2017-01-26 00:00:00,2017-01-21 00:00:00,1,5,2017,1,2017-01
ord_001167,c_000214,delivered,2017-11-03 00:00:00,2017-11-03 00:00:00,2017-11-04 00:00:00,2017-11-17 00:00:00,2017-11-18 00:00:00,0,0,2017,11,2017-11
ord_001168,c_000718,delivered,2018-07-02 00:00:00,2018-07-02 00:00:00,2018-07-04 00:00:00,2018-07-22 00:00:00,2018-07-18 00:00:00,1,4,2018,7,2018-07
ord_001169,c_000067,delivered,2017-11-23 00:00:00,2017-11-23 00:00:00,2017-11-26 00:00:00,2017-11-27 00:00:00,2017-12-18 00:00:00,0,0,2017,11,2017-11
ord_001170,c_000396,delivered,2017-12-22 00:00:00,2017-12-22 00:00:00,2017-12-23 00:00:00,2018-01-03 00:00:00,2018-01-18 00:00:00,0,0,2017,12,2017-12
ord_001171,c_000612,delivered,2018-01-30 00:00:00,2018-01-30 00:00:00,2018-02-02 00:00:00,2018-02-16 00:00:00,2018-02-25 00:00:00,0,0,2018,1,2018-01
ord_001172,c_001036,delivered,2017-10-27 00:00:00,2017-10-27 00:00:00,2017-10-28 00:00:00,2017-11-14 00:00:00,2017-11-12 00:00:00,1,2,2017,10,2017-10
ord_001173,c_001261,delivered,2018-06-10 00:00:00,2018-06-10 00:00:00,2018-06-13 00:00:00,2018-06-14 00:00:00,2018-07-07 00:00:00,0,0,2018,6,2018-06
ord_001174,c_000770,delivered,2017-10-12 00:00:00,2017-10-12 00:00:00,2017-10-14 00:00:00,2017-10-17 00:00:00,2017-11-06 00:00:00,0,0,2017,10,2017-10
ord_001175,c_001423,delivered,2017-11-26 00:00:00,2017-11-26 00:00:00,2017-11-29 00:00:00,2017-12-17 00:00:00,2017-12-21 00:00:00,0,0,2017,11,2017-11
ord_001176,c_000407,delivered,2017-02-19 00:00:00,2017-02-19 00:00:00,2017-02-20 00:00:00,2017-03-12 00:00:00,2017-03-16 00:00:00,0,0,2017,2,2017-02
ord_001177,c_000925,delivered,2018-01-13 00:00:00,2018-01-13 00:00:00,2018-01-16 00:00:00,2018-01-22 00:00:00,2018-02-07 00:00:00,0,0,2018,1,2018-01
ord_001178,c_000647,delivered,2018-08-23 00:00:00,2018-08-23 00:00:00,2018-08-25 00:00:00,2018-09-15 00:00:00,2018-09-12 00:00:00,1,3,2018,8,2018-08
ord_001179,c_000222,delivered,2018-06-22 00:00:00,2018-06-22 00:00:00,2018-06-24 00:00:00,2018-07-03 00:00:00,2018-07-11 00:00:00,0,0,2018,6,2018-06
ord_001180,c_001180,delivered,2017-05-24 00:00:00,2017-05-24 00:00:00,2017-05-26 00:00:00,2017-05-28 00:00:00,2017-06-13 00:00:00,0,0,2017,5,2017-05
ord_001181,c_000654,delivered,2017-03-01 00:00:00,2017-03-01 00:00:00,2017-03-03 00:00:00,2017-03-19 00:00:00,2017-03-25 00:00:00,0,0,2017,3,2017-03
ord_001182,c_000428,delivered,2017-03-16 00:00:00,2017-03-16 00:00:00,2017-03-17 00:00:00,2017-03-29 00:00:00,2017-04-10 00:00:00,0,0,2017,3,2017-03
ord_001183,c_001182,delivered,2017-01-03 00:00:00,2017-01-03 00:00:00,2017-01-06 00:00:00,2017-01-10 00:00:00,2017-01-17 00:00:00,0,0,2017,1,2017-01
ord_001184,c_000977,delivered,2018-07-29 00:00:00,2018-07-29 00:00:00,2018-07-31 00:00:00,2018-08-11 00:00:00,2018-08-23 00:00:00,0,0,2018,7,2018-07
ord_001185,c_001440,delivered,2018-03-24 00:00:00,2018-03-24 00:00:00,2018-03-27 00:00:00,2018-04-07 00:00:00,2018-04-07 00:00:00,0,0,2018,3,2018-03
ord_001186,c_001006,delivered,2017-10-02 00:00:00,2017-10-02 00:00:00,2017-10-03 00:00:00,2017-10-10 00:00:00,2017-10-14 00:00:00,0,0,2017,10,2017-10
ord_001187,c_001350,delivered,2018-06-14 00:00:00,2018-06-14 00:00:00,2018-06-17 00:00:00,2018-06-26 00:00:00,2018-07-09 00:00:00,0,0,2018,6,2018-06
ord_001188,c_000371,delivered,2018-08-15 00:00:00,2018-08-15 00:00:00,2018-08-18 00:00:00,2018-08-23 00:00:00,2018-09-05 00:00:00,0,0,2018,8,2018-08
ord_001189,c_001368,shipped,2017-08-03 00:00:00,2017-08-03 00:00:00,2017-08-05 00:00:00,,2017-08-27 00:00:00,0,0,2017,8,2017-08
ord_001190,c_001286,delivered,2018-04-30 00:00:00,2018-04-30 00:00:00,2018-05-02 00:00:00,2018-05-06 00:00:00,2018-05-17 00:00:00,0,0,2018,4,2018-04
ord_001191,c_001307,delivered,2017-11-25 00:00:00,2017-11-25 00:00:00,2017-11-26 00:00:00,2017-12-02 00:00:00,2017-12-10 00:00:00,0,0,2017,11,2017-11
ord_001192,c_000850,delivered,2017-09-12 00:00:00,2017-09-12 00:00:00,2017-09-15 00:00:00,2017-09-25 00:00:00,2017-10-04 00:00:00,0,0,2017,9,2017-09
ord_001193,c_000856,delivered,2018-01-22 00:00:00,2018-01-22 00:00:00,2018-01-23 00:00:00,2018-02-01 00:00:00,2018-02-17 00:00:00,0,0,2018,1,2018-01
ord_001194,c_000229,delivered,2017-05-06 00:00:00,2017-05-06 00:00:00,2017-05-07 00:00:00,2017-05-10 00:00:00,2017-06-01 00:00:00,0,0,2017,5,2017-05
ord_001195,c_000280,delivered,2018-08-07 00:00:00,2018-08-07 00:00:00,2018-08-08 00:00:00,2018-08-16 00:00:00,2018-09-01 00:00:00,0,0,2018,8,2018-08
ord_001196,c_001314,delivered,2018-07-04 00:00:00,2018-07-04 00:00:00,2018-07-06 00:00:00,2018-07-15 00:00:00,2018-07-23 00:00:00,0,0,2018,7,2018-07
ord_001197,c_001071,delivered,2017-11-20 00:00:00,2017-11-20 00:00:00,2017-11-22 00:00:00,2017-12-10 00:00:00,2017-12-03 00:00:00,1,7,2017,11,2017-11
ord_001198,c_000975,delivered,2017-07-23 00:00:00,2017-07-23 00:00:00,2017-07-26 00:00:00,2017-08-02 00:00:00,2017-08-14 00:00:00,0,0,2017,7,2017-07
ord_001199,c_001238,delivered,2017-06-21 00:00:00,2017-06-21 00:00:00,2017-06-24 00:00:00,2017-06-25 00:00:00,2017-07-04 00:00:00,0,0,2017,6,2017-06
ord_001200,c_000758,shipped,2017-08-05 00:00:00,2017-08-05 00:00:00,2017-08-08 00:00:00,,2017-08-23 00:00:00,0,0,2017,8,2017-08
ord_001201,c_001048,delivered,2017-09-02 00:00:00,2017-09-02 00:00:00,2017-09-04 00:00:00,2017-09-16 00:00:00,2017-09-26 00:00:00,0,0,2017,9,2017-09
ord_001202,c_000321,delivered,2017-12-02 00:00:00,2017-12-02 00:00:00,2017-12-04 00:00:00,2017-12-24 00:00:00,2017-12-28 00:00:00,0,0,2017,12,2017-12
ord_001203,c_000274,delivered,2017-10-25 00:00:00,2017-10-25 00:00:00,2017-10-26 00:00:00,2017-10-30 00:00:00,2017-11-10 00:00:00,0,0,2017,10,2017-10
ord_001204,c_000556,delivered,2017-07-01 00:00:00,2017-07-01 00:00:00,2017-07-03 00:00:00,2017-07-15 00:00:00,2017-07-25 00:00:00,0,0,2017,7,2017-07
ord_001205,c_000844,invoiced,2017-11-30 00:00:00,2017-11-30 00:00:00,2017-12-01 00:00:00,,2017-12-12 00:00:00,0,0,2017,11,2017-11
ord_001206,c_001337,delivered,2018-05-26 00:00:00,2018-05-26 00:00:00,2018-05-27 00:00:00,2018-06-15 00:00:00,2018-06-13 00:00:00,1,2,2018,5,2018-05
ord_001207,c_001387,delivered,2018-01-18 00:00:00,2018-01-18 00:00:00,2018-01-20 00:00:00,2018-01-31 00:00:00,2018-02-14 00:00:00,0,0,2018,1,2018-01
ord_001208,c_000668,delivered,2017-07-18 00:00:00,2017-07-18 00:00:00,2017-07-19 00:00:00,2017-07-24 00:00:00,2017-08-05 00:00:00,0,0,2017,7,2017-07
ord_001209,c_001000,delivered,2017-11-28 00:00:00,2017-11-28 00:00:00,2017-11-29 00:00:00,2017-12-04 00:00:00,2017-12-19 00:00:00,0,0,2017,11,2017-11
ord_001210,c_000380,delivered,2017-06-14 00:00:00,2017-06-14 00:00:00,2017-06-17 00:00:00,2017-07-08 00:00:00,2017-07-01 00:00:00,1,7,2017,6,2017-06
ord_001211,c_000711,delivered,2017-08-30 00:00:00,2017-08-30 00:00:00,2017-08-31 00:00:00,2017-09-09 00:00:00,2017-09-14 00:00:00,0,0,2017,8,2017-08
ord_001212,c_001494,delivered,2017-08-15 00:00:00,2017-08-15 00:00:00,2017-08-17 00:00:00,2017-08-20 00:00:00,2017-09-07 00:00:00,0,0,2017,8,2017-08
ord_001213,c_000746,shipped,2018-07-10 00:00:00,2018-07-10 00:00:00,2018-07-12 00:00:00,,2018-08-06 00:00:00,0,0,2018,7,2018-07
ord_001214,c_000675,invoiced,2018-03-27 00:00:00,2018-03-27 00:00:00,2018-03-28 00:00:00,,2018-04-20 00:00:00,0,0,2018,3,2018-03
ord_001215,c_000116,delivered,2017-07-15 00:00:00,2017-07-15 00:00:00,2017-07-18 00:00:00,2017-08-07 00:00:00,2017-08-03 00:00:00,1,4,2017,7,2017-07
ord_001216,c_000605,delivered,2017-07-23 00:00:00,2017-07-23 00:00:00,2017-07-25 00:00:00,2017-08-06 00:00:00,2017-08-15 00:00:00,0,0,2017,7,2017-07
ord_001217,c_001066,delivered,2018-04-03 00:00:00,2018-04-03 00:00:00,2018-04-05 00:00:00,2018-04-12 00:00:00,2018-04-30 00:00:00,0,0,2018,4,2018-04
ord_001218,c_000379,delivered,2017-09-14 00:00:00,2017-09-14 00:00:00,2017-09-17 00:00:00,2017-09-21 00:00:00,2017-10-06 00:00:00,0,0,2017,9,2017-09
ord_001219,c_001230,delivered,2018-06-13 00:00:00,2018-06-13 00:00:00,2018-06-14 00:00:00,2018-07-05 00:00:00,2018-06-26 00:00:00,1,9,2018,6,2018-06
ord_001220,c_000466,delivered,2017-09-29 00:00:00,2017-09-29 00:00:00,2017-10-01 00:00:00,2017-10-23 00:00:00,2017-10-12 00:00:00,1,11,2017,9,2017-09
ord_001221,c_000280,delivered,2017-01-09 00:00:00,2017-01-09 00:00:00,2017-01-10 00:00:00,2017-01-31 00:00:00,2017-02-05 00:00:00,0,0,2017,1,2017-01
ord_001222,c_000618,delivered,2017-07-20 00:00:00,2017-07-20 00:00:00,2017-07-21 00:00:00,2017-08-06 00:00:00,2017-08-02 00:00:00,1,4,2017,7,2017-07
ord_001223,c_000118,delivered,2017-02-28 00:00:00,2017-02-28 00:00:00,2017-03-01 00:00:00,2017-03-06 00:00:00,2017-03-14 00:00:00,0,0,2017,2,2017-02
ord_001224,c_001261,delivered,2018-01-28 00:00:00,2018-01-28 00:00:00,2018-01-29 00:00:00,2018-02-04 00:00:00,2018-02-14 00:00:00,0,0,2018,1,2018-01
ord_001225,c_000309,invoiced,2017-04-29 00:00:00,2017-04-29 00:00:00,2017-05-01 00:00:00,,2017-05-11 00:00:00,0,0,2017,4,2017-04
ord_001226,c_001480,delivered,2018-07-07 00:00:00,2018-07-07 00:00:00,2018-07-10 00:00:00,2018-07-28 00:00:00,2018-07-29 00:00:00,0,0,2018,7,2018-07
ord_001227,c_001499,delivered,2018-02-03 00:00:00,2018-02-03 00:00:00,2018-02-05 00:00:00,2018-02-10 00:00:00,2018-02-16 00:00:00,0,0,2018,2,2018-02
ord_001228,c_000100,delivered,2017-11-27 00:00:00,2017-11-27 00:00:00,2017-11-30 00:00:00,2017-12-11 00:00:00,2017-12-18 00:00:00,0,0,2017,11,2017-11
ord_001229,c_000261,delivered,2017-09-24 00:00:00,2017-09-24 00:00:00,2017-09-25 00:00:00,2017-10-13 00:00:00,2017-10-20 00:00:00,0,0,2017,9,2017-09
ord_001230,c_000993,canceled,2018-06-04 00:00:00,2018-06-04 00:00:00,2018-06-07 00:00:00,,2018-06-17 00:00:00,0,0,2018,6,2018-06
ord_001231,c_001329,delivered,2018-04-25 00:00:00,2018-04-25 00:00:00,2018-04-26 00:00:00,2018-05-05 00:00:00,2018-05-20 00:00:00,0,0,2018,4,2018-04
ord_001232,c_001378,delivered,2017-05-14 00:00:00,2017-05-14 00:00:00,2017-05-16 00:00:00,2017-05-19 00:00:00,2017-06-06 00:00:00,0,0,2017,5,2017-05
ord_001233,c_000286,delivered,2017-12-21 00:00:00,2017-12-21 00:00:00,2017-12-23 00:00:00,2017-12-25 00:00:00,2018-01-02 00:00:00,0,0,2017,12,2017-12
ord_001234,c_000328,delivered,2018-08-07 00:00:00,2018-08-07 00:00:00,2018-08-10 00:00:00,2018-08-11 00:00:00,2018-08-21 00:00:00,0,0,2018,8,2018-08
ord_001235,c_001127,delivered,2018-05-13 00:00:00,2018-05-13 00:00:00,2018-05-14 00:00:00,2018-05-22 00:00:00,2018-06-09 00:00:00,0,0,2018,5,2018-05
ord_001236,c_000063,delivered,2017-04-17 00:00:00,2017-04-17 00:00:00,2017-04-18 00:00:00,2017-05-09 00:00:00,2017-05-08 00:00:00,1,1,2017,4,2017-04
ord_001237,c_000687,delivered,2017-10-17 00:00:00,2017-10-17 00:00:00,2017-10-20 00:00:00,2017-10-27 00:00:00,2017-11-04 00:00:00,0,0,2017,10,2017-10
ord_001238,c_001306,delivered,2017-05-27 00:00:00,2017-05-27 00:00:00,2017-05-28 00:00:00,2017-06-04 00:00:00,2017-06-22 00:00:00,0,0,2017,5,2017-05
ord_001239,c_001465,delivered,2017-11-23 00:00:00,2017-11-23 00:00:00,2017-11-24 00:00:00,2017-12-17 00:00:00,2017-12-17 00:00:00,0,0,2017,11,2017-11
ord_001240,c_001317,delivered,2018-02-19 00:00:00,2018-02-19 00:00:00,2018-02-20 00:00:00,2018-03-12 00:00:00,2018-03-03 00:00:00,1,9,2018,2,2018-02
ord_001241,c_000738,delivered,2017-07-29 00:00:00,2017-07-29 00:00:00,2017-07-31 00:00:00,2017-08-14 00:00:00,2017-08-16 00:00:00,0,0,2017,7,2017-07
ord_001242,c_001031,delivered,2017-10-23 00:00:00,2017-10-23 00:00:00,2017-10-25 00:00:00,2017-10-27 00:00:00,2017-11-08 00:00:00,0,0,2017,10,2017-10
ord_001243,c_000639,delivered,2018-02-02 00:00:00,2018-02-02 00:00:00,2018-02-04 00:00:00,2018-02-15 00:00:00,2018-02-22 00:00:00,0,0,2018,2,2018-02
ord_001244,c_000936,delivered,2017-04-13 00:00:00,2017-04-13 00:00:00,2017-04-14 00:00:00,2017-04-25 00:00:00,2017-04-26 00:00:00,0,0,2017,4,2017-04
ord_001245,c_001116,delivered,2018-05-23 00:00:00,2018-05-23 00:00:00,2018-05-25 00:00:00,2018-06-12 00:00:00,2018-06-04 00:00:00,1,8,2018,5,2018-05
ord_001246,c_001214,delivered,2017-07-28 00:00:00,2017-07-28 00:00:00,2017-07-29 00:00:00,2017-08-01 00:00:00,2017-08-17 00:00:00,0,0,2017,7,2017-07
ord_001247,c_000476,delivered,2018-03-04 00:00:00,2018-03-04 00:00:00,2018-03-05 00:00:00,2018-03-08 00:00:00,2018-03-23 00:00:00,0,0,2018,3,2018-03
ord_001248,c_001486,delivered,2018-01-28 00:00:00,2018-01-28 00:00:00,2018-01-31 00:00:00,2018-02-07 00:00:00,2018-02-18 00:00:00,0,0,2018,1,2018-01
ord_001249,c_000053,delivered,2017-04-19 00:00:00,2017-04-19 00:00:00,2017-04-20 00:00:00,2017-04-26 00:00:00,2017-05-06 00:00:00,0,0,2017,4,2017-04
ord_001250,c_000754,delivered,2017-12-14 00:00:00,2017-12-14 00:00:00,2017-12-16 00:00:00,2018-01-07 00:00:00,2018-01-09 00:00:00,0,0,2017,12,2017-12
ord_001251,c_000486,delivered,2017-02-19 00:00:00,2017-02-19 00:00:00,2017-02-21 00:00:00,2017-03-06 00:00:00,2017-03-07 00:00:00,0,0,2017,2,2017-02
ord_001252,c_001388,delivered,2017-04-15 00:00:00,2017-04-15 00:00:00,2017-04-16 00:00:00,2017-05-04 00:00:00,2017-05-04 00:00:00,0,0,2017,4,2017-04
ord_001253,c_001136,delivered,2018-02-24 00:00:00,2018-02-24 00:00:00,2018-02-26 00:00:00,2018-03-13 00:00:00,2018-03-15 00:00:00,0,0,2018,2,2018-02
ord_001254,c_000409,delivered,2018-01-08 00:00:00,2018-01-08 00:00:00,2018-01-09 00:00:00,2018-01-21 00:00:00,2018-02-02 00:00:00,0,0,2018,1,2018-01
ord_001255,c_001031,delivered,2017-01-27 00:00:00,2017-01-27 00:00:00,2017-01-30 00:00:00,2017-02-13 00:00:00,2017-02-12 00:00:00,1,1,2017,1,2017-01
ord_001256,c_000668,delivered,2017-09-30 00:00:00,2017-09-30 00:00:00,2017-10-01 00:00:00,2017-10-10 00:00:00,2017-10-23 00:00:00,0,0,2017,9,2017-09
ord_001257,c_001221,delivered,2017-12-06 00:00:00,2017-12-06 00:00:00,2017-12-07 00:00:00,2017-12-13 00:00:00,2017-12-24 00:00:00,0,0,2017,12,2017-12
ord_001258,c_000835,delivered,2017-10-28 00:00:00,2017-10-28 00:00:00,2017-10-31 00:00:00,2017-11-02 00:00:00,2017-11-21 00:00:00,0,0,2017,10,2017-10
ord_001259,c_000876,delivered,2018-04-25 00:00:00,2018-04-25 00:00:00,2018-04-27 00:00:00,2018-05-16 00:00:00,2018-05-19 00:00:00,0,0,2018,4,2018-04
ord_001260,c_000367,delivered,2018-06-28 00:00:00,2018-06-28 00:00:00,2018-07-01 00:00:00,2018-07-17 00:00:00,2018-07-10 00:00:00,1,7,2018,6,2018-06
ord_001261,c_001002,delivered,2018-07-11 00:00:00,2018-07-11 00:00:00,2018-07-14 00:00:00,2018-07-23 00:00:00,2018-07-26 00:00:00,0,0,2018,7,2018-07
ord_001262,c_000250,shipped,2017-09-22 00:00:00,2017-09-22 00:00:00,2017-09-23 00:00:00,,2017-10-05 00:00:00,0,0,2017,9,2017-09
ord_001263,c_001264,delivered,2018-06-26 00:00:00,2018-06-26 00:00:00,2018-06-27 00:00:00,2018-07-08 00:00:00,2018-07-17 00:00:00,0,0,2018,6,2018-06
ord_001264,c_000380,delivered,2018-08-19 00:00:00,2018-08-19 00:00:00,2018-08-22 00:00:00,2018-08-30 00:00:00,2018-09-02 00:00:00,0,0,2018,8,2018-08
ord_001265,c_000872,delivered,2017-06-15 00:00:00,2017-06-15 00:00:00,2017-06-17 00:00:00,2017-07-08 00:00:00,2017-07-08 00:00:00,0,0,2017,6,2017-06
ord_001266,c_000835,delivered,2017-11-12 00:00:00,2017-11-12 00:00:00,2017-11-15 00:00:00,2017-12-01 00:00:00,2017-11-24 00:00:00,1,7,2017,11,2017-11
ord_001267,c_001495,delivered,2017-01-01 00:00:00,2017-01-01 00:00:00,2017-01-03 00:00:00,2017-01-24 00:00:00,2017-01-23 00:00:00,1,1,2017,1,2017-01
ord_001268,c_000775,delivered,2017-09-18 00:00:00,2017-09-18 00:00:00,2017-09-21 00:00:00,2017-10-09 00:00:00,2017-10-10 00:00:00,0,0,2017,9,2017-09
ord_001269,c_000919,delivered,2017-03-04 00:00:00,2017-03-04 00:00:00,2017-03-07 00:00:00,2017-03-11 00:00:00,2017-03-17 00:00:00,0,0,2017,3,2017-03
ord_001270,c_000455,invoiced,2018-04-28 00:00:00,2018-04-28 00:00:00,2018-04-30 00:00:00,,2018-05-22 00:00:00,0,0,2018,4,2018-04
ord_001271,c_000366,delivered,2017-11-17 00:00:00,2017-11-17 00:00:00,2017-11-20 00:00:00,2017-11-24 00:00:00,2017-11-29 00:00:00,0,0,2017,11,2017-11
ord_001272,c_001314,delivered,2017-07-20 00:00:00,2017-07-20 00:00:00,2017-07-21 00:00:00,2017-07-29 00:00:00,2017-08-08 00:00:00,0,0,2017,7,2017-07
ord_001273,c_000403,delivered,2017-08-10 00:00:00,2017-08-10 00:00:00,2017-08-13 00:00:00,2017-08-16 00:00:00,2017-09-06 00:00:00,0,0,2017,8,2017-08
ord_001274,c_000058,delivered,2017-06-01 00:00:00,2017-06-01 00:00:00,2017-06-02 00:00:00,2017-06-22 00:00:00,2017-06-16 00:00:00,1,6,2017,6,2017-06
ord_001275,c_000521,delivered,2018-04-07 00:00:00,2018-04-07 00:00:00,2018-04-09 00:00:00,2018-04-25 00:00:00,2018-04-21 00:00:00,1,4,2018,4,2018-04
ord_001276,c_001328,delivered,2017-08-05 00:00:00,2017-08-05 00:00:00,2017-08-07 00:00:00,2017-08-16 00:00:00,2017-08-17 00:00:00,0,0,2017,8,2017-08
ord_001277,c_001139,delivered,2017-07-15 00:00:00,2017-07-15 00:00:00,2017-07-16 00:00:00,2017-08-05 00:00:00,2017-07-28 00:00:00,1,8,2017,7,2017-07
ord_001278,c_000210,delivered,2017-07-21 00:00:00,2017-07-21 00:00:00,2017-07-24 00:00:00,2017-07-27 00:00:00,2017-08-04 00:00:00,0,0,2017,7,2017-07
ord_001279,c_001065,delivered,2017-08-22 00:00:00,2017-08-22 00:00:00,2017-08-23 00:00:00,2017-08-31 00:00:00,2017-09-05 00:00:00,0,0,2017,8,2017-08
ord_001280,c_000816,delivered,2017-05-21 00:00:00,2017-05-21 00:00:00,2017-05-22 00:00:00,2017-06-14 00:00:00,2017-06-07 00:00:00,1,7,2017,5,2017-05
ord_001281,c_000173,delivered,2018-05-13 00:00:00,2018-05-13 00:00:00,2018-05-15 00:00:00,2018-05-31 00:00:00,2018-06-03 00:00:00,0,0,2018,5,2018-05
ord_001282,c_000234,delivered,2018-07-09 00:00:00,2018-07-09 00:00:00,2018-07-10 00:00:00,2018-07-24 00:00:00,2018-07-28 00:00:00,0,0,2018,7,2018-07
ord_001283,c_000793,delivered,2017-02-26 00:00:00,2017-02-26 00:00:00,2017-03-01 00:00:00,2017-03-06 00:00:00,2017-03-15 00:00:00,0,0,2017,2,2017-02
ord_001284,c_000793,delivered,2018-05-19 00:00:00,2018-05-19 00:00:00,2018-05-20 00:00:00,2018-05-29 00:00:00,2018-06-01 00:00:00,0,0,2018,5,2018-05
ord_001285,c_001427,delivered,2017-05-22 00:00:00,2017-05-22 00:00:00,2017-05-24 00:00:00,2017-06-09 00:00:00,2017-06-04 00:00:00,1,5,2017,5,2017-05
ord_001286,c_001063,delivered,2018-08-07 00:00:00,2018-08-07 00:00:00,2018-08-10 00:00:00,2018-08-17 00:00:00,2018-09-01 00:00:00,0,0,2018,8,2018-08
ord_001287,c_000119,delivered,2018-06-23 00:00:00,2018-06-23 00:00:00,2018-06-25 00:00:00,2018-07-09 00:00:00,2018-07-20 00:00:00,0,0,2018,6,2018-06
ord_001288,c_000335,delivered,2017-04-16 00:00:00,2017-04-16 00:00:00,2017-04-17 00:00:00,2017-04-22 00:00:00,2017-05-04 00:00:00,0,0,2017,4,2017-04
ord_001289,c_001360,delivered,2017-06-14 00:00:00,2017-06-14 00:00:00,2017-06-15 00:00:00,2017-06-30 00:00:00,2017-06-26 00:00:00,1,4,2017,6,2017-06
ord_001290,c_001098,delivered,2017-08-03 00:00:00,2017-08-03 00:00:00,2017-08-05 00:00:00,2017-08-09 00:00:00,2017-08-15 00:00:00,0,0,2017,8,2017-08
ord_001291,c_001215,delivered,2017-03-12 00:00:00,2017-03-12 00:00:00,2017-03-14 00:00:00,2017-03-17 00:00:00,2017-03-30 00:00:00,0,0,2017,3,2017-03
ord_001292,c_000324,delivered,2018-08-02 00:00:00,2018-08-02 00:00:00,2018-08-05 00:00:00,2018-08-09 00:00:00,2018-08-22 00:00:00,0,0,2018,8,2018-08
ord_001293,c_001011,delivered,2017-03-31 00:00:00,2017-03-31 00:00:00,2017-04-02 00:00:00,2017-04-20 00:00:00,2017-04-16 00:00:00,1,4,2017,3,2017-03
ord_001294,c_001171,delivered,2017-08-16 00:00:00,2017-08-16 00:00:00,2017-08-18 00:00:00,2017-08-25 00:00:00,2017-09-07 00:00:00,0,0,2017,8,2017-08
ord_001295,c_000284,delivered,2017-03-20 00:00:00,2017-03-20 00:00:00,2017-03-21 00:00:00,2017-04-03 00:00:00,2017-04-01 00:00:00,1,2,2017,3,2017-03
ord_001296,c_000213,delivered,2017-12-15 00:00:00,2017-12-15 00:00:00,2017-12-16 00:00:00,2017-12-24 00:00:00,2017-12-31 00:00:00,0,0,2017,12,2017-12
ord_001297,c_000929,delivered,2017-09-03 00:00:00,2017-09-03 00:00:00,2017-09-05 00:00:00,2017-09-08 00:00:00,2017-09-25 00:00:00,0,0,2017,9,2017-09
ord_001298,c_000752,delivered,2017-09-29 00:00:00,2017-09-29 00:00:00,2017-10-01 00:00:00,2017-10-19 00:00:00,2017-10-11 00:00:00,1,8,2017,9,2017-09
ord_001299,c_001418,delivered,2018-02-07 00:00:00,2018-02-07 00:00:00,2018-02-08 00:00:00,2018-02-13 00:00:00,2018-02-28 00:00:00,0,0,2018,2,2018-02
ord_001300,c_000339,delivered,2017-04-26 00:00:00,2017-04-26 00:00:00,2017-04-29 00:00:00,2017-05-11 00:00:00,2017-05-22 00:00:00,0,0,2017,4,2017-04
ord_001301,c_001046,delivered,2018-03-11 00:00:00,2018-03-11 00:00:00,2018-03-14 00:00:00,2018-03-28 00:00:00,2018-04-03 00:00:00,0,0,2018,3,2018-03
ord_001302,c_000105,delivered,2018-06-14 00:00:00,2018-06-14 00:00:00,2018-06-17 00:00:00,2018-06-19 00:00:00,2018-07-04 00:00:00,0,0,2018,6,2018-06
ord_001303,c_001490,delivered,2018-03-18 00:00:00,2018-03-18 00:00:00,2018-03-21 00:00:00,2018-03-26 00:00:00,2018-04-02 00:00:00,0,0,2018,3,2018-03
ord_001304,c_001483,delivered,2017-06-21 00:00:00,2017-06-21 00:00:00,2017-06-22 00:00:00,2017-07-04 00:00:00,2017-07-11 00:00:00,0,0,2017,6,2017-06
ord_001305,c_001456,delivered,2017-01-16 00:00:00,2017-01-16 00:00:00,2017-01-18 00:00:00,2017-01-29 00:00:00,2017-01-29 00:00:00,0,0,2017,1,2017-01
ord_001306,c_000770,delivered,2017-02-25 00:00:00,2017-02-25 00:00:00,2017-02-28 00:00:00,2017-03-21 00:00:00,2017-03-15 00:00:00,1,6,2017,2,2017-02
ord_001307,c_000716,delivered,2018-08-14 00:00:00,2018-08-14 00:00:00,2018-08-15 00:00:00,2018-08-26 00:00:00,2018-09-10 00:00:00,0,0,2018,8,2018-08
ord_001308,c_000763,delivered,2017-04-13 00:00:00,2017-04-13 00:00:00,2017-04-15 00:00:00,2017-05-07 00:00:00,2017-05-09 00:00:00,0,0,2017,4,2017-04
ord_001309,c_001245,delivered,2017-10-11 00:00:00,2017-10-11 00:00:00,2017-10-14 00:00:00,2017-10-27 00:00:00,2017-11-03 00:00:00,0,0,2017,10,2017-10
ord_001310,c_000379,delivered,2018-06-01 00:00:00,2018-06-01 00:00:00,2018-06-03 00:00:00,2018-06-14 00:00:00,2018-06-25 00:00:00,0,0,2018,6,2018-06
ord_001311,c_001246,delivered,2017-10-05 00:00:00,2017-10-05 00:00:00,2017-10-08 00:00:00,2017-10-14 00:00:00,2017-10-18 00:00:00,0,0,2017,10,2017-10
ord_001312,c_001282,delivered,2017-09-26 00:00:00,2017-09-26 00:00:00,2017-09-28 00:00:00,2017-10-10 00:00:00,2017-10-19 00:00:00,0,0,2017,9,2017-09
ord_001313,c_000713,delivered,2018-02-04 00:00:00,2018-02-04 00:00:00,2018-02-07 00:00:00,2018-02-11 00:00:00,2018-02-19 00:00:00,0,0,2018,2,2018-02
ord_001314,c_001391,delivered,2018-05-18 00:00:00,2018-05-18 00:00:00,2018-05-21 00:00:00,2018-06-04 00:00:00,2018-06-04 00:00:00,0,0,2018,5,2018-05
ord_001315,c_001373,delivered,2017-03-27 00:00:00,2017-03-27 00:00:00,2017-03-29 00:00:00,2017-04-16 00:00:00,2017-04-21 00:00:00,0,0,2017,3,2017-03
ord_001316,c_000225,delivered,2017-11-16 00:00:00,2017-11-16 00:00:00,2017-11-18 00:00:00,2017-12-09 00:00:00,2017-11-29 00:00:00,1,10,2017,11,2017-11
ord_001317,c_000738,delivered,2017-02-01 00:00:00,2017-02-01 00:00:00,2017-02-03 00:00:00,2017-02-06 00:00:00,2017-02-14 00:00:00,0,0,2017,2,2017-02
ord_001318,c_000236,delivered,2017-12-02 00:00:00,2017-12-02 00:00:00,2017-12-03 00:00:00,2017-12-15 00:00:00,2017-12-15 00:00:00,0,0,2017,12,2017-12
ord_001319,c_000183,delivered,2017-02-20 00:00:00,2017-02-20 00:00:00,2017-02-21 00:00:00,2017-02-26 00:00:00,2017-03-06 00:00:00,0,0,2017,2,2017-02
ord_001320,c_000712,delivered,2017-03-20 00:00:00,2017-03-20 00:00:00,2017-03-22 00:00:00,2017-03-30 00:00:00,2017-04-05 00:00:00,0,0,2017,3,2017-03
ord_001321,c_000444,delivered,2017-06-23 00:00:00,2017-06-23 00:00:00,2017-06-24 00:00:00,2017-07-03 00:00:00,2017-07-13 00:00:00,0,0,2017,6,2017-06
ord_001322,c_000623,delivered,2018-05-16 00:00:00,2018-05-16 00:00:00,2018-05-19 00:00:00,2018-05-20 00:00:00,2018-06-12 00:00:00,0,0,2018,5,2018-05
ord_001323,c_001030,delivered,2018-07-29 00:00:00,2018-07-29 00:00:00,2018-07-31 00:00:00,2018-08-09 00:00:00,2018-08-15 00:00:00,0,0,2018,7,2018-07
ord_001324,c_001260,delivered,2017-03-17 00:00:00,2017-03-17 00:00:00,2017-03-18 00:00:00,2017-03-21 00:00:00,2017-04-12 00:00:00,0,0,2017,3,2017-03
ord_001325,c_001151,delivered,2017-11-12 00:00:00,2017-11-12 00:00:00,2017-11-14 00:00:00,2017-11-23 00:00:00,2017-12-08 00:00:00,0,0,2017,11,2017-11
ord_001326,c_001128,delivered,2018-01-08 00:00:00,2018-01-08 00:00:00,2018-01-11 00:00:00,2018-01-25 00:00:00,2018-01-31 00:00:00,0,0,2018,1,2018-01
ord_001327,c_000749,delivered,2017-03-22 00:00:00,2017-03-22 00:00:00,2017-03-25 00:00:00,2017-04-08 00:00:00,2017-04-16 00:00:00,0,0,2017,3,2017-03
ord_001328,c_000155,delivered,2017-03-12 00:00:00,2017-03-12 00:00:00,2017-03-13 00:00:00,2017-03-17 00:00:00,2017-04-01 00:00:00,0,0,2017,3,2017-03
ord_001329,c_000257,delivered,2017-03-12 00:00:00,2017-03-12 00:00:00,2017-03-15 00:00:00,2017-03-23 00:00:00,2017-04-02 00:00:00,0,0,2017,3,2017-03
ord_001330,c_000235,delivered,2017-02-15 00:00:00,2017-02-15 00:00:00,2017-02-17 00:00:00,2017-03-09 00:00:00,2017-03-13 00:00:00,0,0,2017,2,2017-02
ord_001331,c_000500,delivered,2017-02-16 00:00:00,2017-02-16 00:00:00,2017-02-17 00:00:00,2017-03-01 00:00:00,2017-03-13 00:00:00,0,0,2017,2,2017-02
ord_001332,c_000289,delivered,2018-08-14 00:00:00,2018-08-14 00:00:00,2018-08-16 00:00:00,2018-08-24 00:00:00,2018-09-07 00:00:00,0,0,2018,8,2018-08
ord_001333,c_000510,delivered,2018-02-26 00:00:00,2018-02-26 00:00:00,2018-02-28 00:00:00,2018-03-14 00:00:00,2018-03-14 00:00:00,0,0,2018,2,2018-02
ord_001334,c_000709,delivered,2017-05-29 00:00:00,2017-05-29 00:00:00,2017-05-31 00:00:00,2017-06-22 00:00:00,2017-06-25 00:00:00,0,0,2017,5,2017-05
ord_001335,c_000785,delivered,2017-05-10 00:00:00,2017-05-10 00:00:00,2017-05-13 00:00:00,2017-05-28 00:00:00,2017-06-01 00:00:00,0,0,2017,5,2017-05
ord_001336,c_000894,delivered,2018-04-01 00:00:00,2018-04-01 00:00:00,2018-04-03 00:00:00,2018-04-15 00:00:00,2018-04-18 00:00:00,0,0,2018,4,2018-04
ord_001337,c_000776,delivered,2018-05-20 00:00:00,2018-05-20 00:00:00,2018-05-23 00:00:00,2018-06-06 00:00:00,2018-06-10 00:00:00,0,0,2018,5,2018-05
ord_001338,c_000298,delivered,2017-09-01 00:00:00,2017-09-01 00:00:00,2017-09-03 00:00:00,2017-09-15 00:00:00,2017-09-24 00:00:00,0,0,2017,9,2017-09
ord_001339,c_000137,delivered,2018-04-19 00:00:00,2018-04-19 00:00:00,2018-04-22 00:00:00,2018-04-24 00:00:00,2018-05-08 00:00:00,0,0,2018,4,2018-04
ord_001340,c_000376,delivered,2018-01-17 00:00:00,2018-01-17 00:00:00,2018-01-20 00:00:00,2018-01-22 00:00:00,2018-02-13 00:00:00,0,0,2018,1,2018-01
ord_001341,c_000087,delivered,2017-04-13 00:00:00,2017-04-13 00:00:00,2017-04-16 00:00:00,2017-04-28 00:00:00,2017-04-27 00:00:00,1,1,2017,4,2017-04
ord_001342,c_001443,delivered,2018-05-04 00:00:00,2018-05-04 00:00:00,2018-05-06 00:00:00,2018-05-22 00:00:00,2018-05-17 00:00:00,1,5,2018,5,2018-05
ord_001343,c_001223,delivered,2017-02-06 00:00:00,2017-02-06 00:00:00,2017-02-08 00:00:00,2017-02-26 00:00:00,2017-03-05 00:00:00,0,0,2017,2,2017-02
ord_001344,c_001487,delivered,2018-07-03 00:00:00,2018-07-03 00:00:00,2018-07-06 00:00:00,2018-07-20 00:00:00,2018-07-17 00:00:00,1,3,2018,7,2018-07
ord_001345,c_000437,delivered,2018-06-04 00:00:00,2018-06-04 00:00:00,2018-06-06 00:00:00,2018-06-23 00:00:00,2018-06-29 00:00:00,0,0,2018,6,2018-06
ord_001346,c_001334,delivered,2017-11-29 00:00:00,2017-11-29 00:00:00,2017-12-02 00:00:00,2017-12-10 00:00:00,2017-12-19 00:00:00,0,0,2017,11,2017-11
ord_001347,c_001305,delivered,2018-02-01 00:00:00,2018-02-01 00:00:00,2018-02-03 00:00:00,2018-02-21 00:00:00,2018-02-28 00:00:00,0,0,2018,2,2018-02
ord_001348,c_001347,delivered,2017-10-23 00:00:00,2017-10-23 00:00:00,2017-10-26 00:00:00,2017-10-31 00:00:00,2017-11-18 00:00:00,0,0,2017,10,2017-10
ord_001349,c_000764,delivered,2017-04-17 00:00:00,2017-04-17 00:00:00,2017-04-20 00:00:00,2017-05-02 00:00:00,2017-05-04 00:00:00,0,0,2017,4,2017-04
ord_001350,c_000702,delivered,2018-06-14 00:00:00,2018-06-14 00:00:00,2018-06-15 00:00:00,2018-06-23 00:00:00,2018-07-05 00:00:00,0,0,2018,6,2018-06
ord_001351,c_000942,delivered,2017-03-24 00:00:00,2017-03-24 00:00:00,2017-03-26 00:00:00,2017-04-14 00:00:00,2017-04-16 00:00:00,0,0,2017,3,2017-03
ord_001352,c_000152,delivered,2017-10-15 00:00:00,2017-10-15 00:00:00,2017-10-17 00:00:00,2017-10-23 00:00:00,2017-10-30 00:00:00,0,0,2017,10,2017-10
ord_001353,c_001326,delivered,2018-04-06 00:00:00,2018-04-06 00:00:00,2018-04-07 00:00:00,2018-04-15 00:00:00,2018-04-27 00:00:00,0,0,2018,4,2018-04
ord_001354,c_001302,delivered,2017-08-03 00:00:00,2017-08-03 00:00:00,2017-08-06 00:00:00,2017-08-15 00:00:00,2017-08-17 00:00:00,0,0,2017,8,2017-08
ord_001355,c_001032,delivered,2017-10-08 00:00:00,2017-10-08 00:00:00,2017-10-11 00:00:00,2017-10-26 00:00:00,2017-11-01 00:00:00,0,0,2017,10,2017-10
ord_001356,c_000807,delivered,2018-04-04 00:00:00,2018-04-04 00:00:00,2018-04-05 00:00:00,2018-04-17 00:00:00,2018-04-17 00:00:00,0,0,2018,4,2018-04
ord_001357,c_000235,delivered,2017-12-10 00:00:00,2017-12-10 00:00:00,2017-12-11 00:00:00,2017-12-30 00:00:00,2018-01-05 00:00:00,0,0,2017,12,2017-12
ord_001358,c_000675,delivered,2017-07-13 00:00:00,2017-07-13 00:00:00,2017-07-16 00:00:00,2017-08-04 00:00:00,2017-08-09 00:00:00,0,0,2017,7,2017-07
ord_001359,c_000561,delivered,2017-06-07 00:00:00,2017-06-07 00:00:00,2017-06-09 00:00:00,2017-06-22 00:00:00,2017-07-02 00:00:00,0,0,2017,6,2017-06
ord_001360,c_001326,delivered,2018-04-10 00:00:00,2018-04-10 00:00:00,2018-04-11 00:00:00,2018-04-22 00:00:00,2018-04-25 00:00:00,0,0,2018,4,2018-04
ord_001361,c_000038,delivered,2017-04-14 00:00:00,2017-04-14 00:00:00,2017-04-15 00:00:00,2017-05-02 00:00:00,2017-05-04 00:00:00,0,0,2017,4,2017-04
ord_001362,c_001160,delivered,2017-02-03 00:00:00,2017-02-03 00:00:00,2017-02-04 00:00:00,2017-02-20 00:00:00,2017-02-18 00:00:00,1,2,2017,2,2017-02
ord_001363,c_000822,delivered,2017-04-12 00:00:00,2017-04-12 00:00:00,2017-04-13 00:00:00,2017-04-16 00:00:00,2017-05-06 00:00:00,0,0,2017,4,2017-04
ord_001364,c_000421,delivered,2017-11-21 00:00:00,2017-11-21 00:00:00,2017-11-22 00:00:00,2017-12-11 00:00:00,2017-12-18 00:00:00,0,0,2017,11,2017-11
ord_001365,c_001243,delivered,2018-08-15 00:00:00,2018-08-15 00:00:00,2018-08-16 00:00:00,2018-08-19 00:00:00,2018-09-07 00:00:00,0,0,2018,8,2018-08
ord_001366,c_000348,delivered,2017-05-21 00:00:00,2017-05-21 00:00:00,2017-05-24 00:00:00,2017-06-14 00:00:00,2017-06-06 00:00:00,1,8,2017,5,2017-05
ord_001367,c_001103,delivered,2018-04-19 00:00:00,2018-04-19 00:00:00,2018-04-22 00:00:00,2018-05-05 00:00:00,2018-05-16 00:00:00,0,0,2018,4,2018-04
ord_001368,c_000748,delivered,2017-01-31 00:00:00,2017-01-31 00:00:00,2017-02-01 00:00:00,2017-02-11 00:00:00,2017-02-26 00:00:00,0,0,2017,1,2017-01
ord_001369,c_000273,delivered,2017-03-04 00:00:00,2017-03-04 00:00:00,2017-03-07 00:00:00,2017-03-20 00:00:00,2017-03-23 00:00:00,0,0,2017,3,2017-03
ord_001370,c_001185,delivered,2018-07-14 00:00:00,2018-07-14 00:00:00,2018-07-16 00:00:00,2018-08-02 00:00:00,2018-07-27 00:00:00,1,6,2018,7,2018-07
ord_001371,c_000308,delivered,2017-03-28 00:00:00,2017-03-28 00:00:00,2017-03-30 00:00:00,2017-04-02 00:00:00,2017-04-20 00:00:00,0,0,2017,3,2017-03
ord_001372,c_001398,delivered,2017-10-31 00:00:00,2017-10-31 00:00:00,2017-11-01 00:00:00,2017-11-16 00:00:00,2017-11-22 00:00:00,0,0,2017,10,2017-10
ord_001373,c_000976,shipped,2017-03-02 00:00:00,2017-03-02 00:00:00,2017-03-04 00:00:00,,2017-03-27 00:00:00,0,0,2017,3,2017-03
ord_001374,c_000733,delivered,2018-01-31 00:00:00,2018-01-31 00:00:00,2018-02-02 00:00:00,2018-02-06 00:00:00,2018-02-14 00:00:00,0,0,2018,1,2018-01
ord_001375,c_001033,delivered,2017-11-30 00:00:00,2017-11-30 00:00:00,2017-12-03 00:00:00,2017-12-16 00:00:00,2017-12-17 00:00:00,0,0,2017,11,2017-11
ord_001376,c_000444,delivered,2018-02-15 00:00:00,2018-02-15 00:00:00,2018-02-18 00:00:00,2018-03-09 00:00:00,2018-03-10 00:00:00,0,0,2018,2,2018-02
ord_001377,c_001137,delivered,2017-10-11 00:00:00,2017-10-11 00:00:00,2017-10-14 00:00:00,2017-10-27 00:00:00,2017-10-29 00:00:00,0,0,2017,10,2017-10
ord_001378,c_001229,delivered,2018-04-11 00:00:00,2018-04-11 00:00:00,2018-04-14 00:00:00,2018-05-03 00:00:00,2018-04-26 00:00:00,1,7,2018,4,2018-04
ord_001379,c_000405,delivered,2017-03-21 00:00:00,2017-03-21 00:00:00,2017-03-23 00:00:00,2017-03-28 00:00:00,2017-04-15 00:00:00,0,0,2017,3,2017-03
ord_001380,c_000853,delivered,2017-03-18 00:00:00,2017-03-18 00:00:00,2017-03-19 00:00:00,2017-04-09 00:00:00,2017-04-13 00:00:00,0,0,2017,3,2017-03
ord_001381,c_001221,delivered,2018-06-24 00:00:00,2018-06-24 00:00:00,2018-06-27 00:00:00,2018-07-15 00:00:00,2018-07-06 00:00:00,1,9,2018,6,2018-06
ord_001382,c_000778,delivered,2017-12-27 00:00:00,2017-12-27 00:00:00,2017-12-29 00:00:00,2018-01-05 00:00:00,2018-01-14 00:00:00,0,0,2017,12,2017-12
ord_001383,c_000115,delivered,2017-03-18 00:00:00,2017-03-18 00:00:00,2017-03-21 00:00:00,2017-04-09 00:00:00,2017-04-10 00:00:00,0,0,2017,3,2017-03
ord_001384,c_001145,delivered,2018-05-24 00:00:00,2018-05-24 00:00:00,2018-05-26 00:00:00,2018-05-31 00:00:00,2018-06-13 00:00:00,0,0,2018,5,2018-05
ord_001385,c_000065,delivered,2017-06-13 00:00:00,2017-06-13 00:00:00,2017-06-16 00:00:00,2017-06-20 00:00:00,2017-06-25 00:00:00,0,0,2017,6,2017-06
ord_001386,c_001300,delivered,2017-01-09 00:00:00,2017-01-09 00:00:00,2017-01-10 00:00:00,2017-01-19 00:00:00,2017-02-03 00:00:00,0,0,2017,1,2017-01
ord_001387,c_000825,delivered,2017-06-24 00:00:00,2017-06-24 00:00:00,2017-06-27 00:00:00,2017-07-04 00:00:00,2017-07-06 00:00:00,0,0,2017,6,2017-06
ord_001388,c_000239,canceled,2018-04-07 00:00:00,2018-04-07 00:00:00,2018-04-08 00:00:00,,2018-04-19 00:00:00,0,0,2018,4,2018-04
ord_001389,c_000302,delivered,2017-11-03 00:00:00,2017-11-03 00:00:00,2017-11-06 00:00:00,2017-11-22 00:00:00,2017-11-24 00:00:00,0,0,2017,11,2017-11
ord_001390,c_001416,canceled,2018-08-11 00:00:00,2018-08-11 00:00:00,2018-08-14 00:00:00,,2018-08-29 00:00:00,0,0,2018,8,2018-08
ord_001391,c_000969,delivered,2017-09-02 00:00:00,2017-09-02 00:00:00,2017-09-05 00:00:00,2017-09-20 00:00:00,2017-09-29 00:00:00,0,0,2017,9,2017-09
ord_001392,c_000369,delivered,2017-05-02 00:00:00,2017-05-02 00:00:00,2017-05-04 00:00:00,2017-05-09 00:00:00,2017-05-24 00:00:00,0,0,2017,5,2017-05
ord_001393,c_000233,delivered,2017-07-04 00:00:00,2017-07-04 00:00:00,2017-07-06 00:00:00,2017-07-20 00:00:00,2017-07-24 00:00:00,0,0,2017,7,2017-07
ord_001394,c_000195,delivered,2017-02-01 00:00:00,2017-02-01 00:00:00,2017-02-02 00:00:00,2017-02-23 00:00:00,2017-02-28 00:00:00,0,0,2017,2,2017-02
ord_001395,c_000907,delivered,2018-07-23 00:00:00,2018-07-23 00:00:00,2018-07-24 00:00:00,2018-08-02 00:00:00,2018-08-06 00:00:00,0,0,2018,7,2018-07
ord_001396,c_001036,delivered,2017-11-06 00:00:00,2017-11-06 00:00:00,2017-11-08 00:00:00,2017-11-21 00:00:00,2017-11-25 00:00:00,0,0,2017,11,2017-11
ord_001397,c_000921,delivered,2018-01-07 00:00:00,2018-01-07 00:00:00,2018-01-08 00:00:00,2018-01-19 00:00:00,2018-01-27 00:00:00,0,0,2018,1,2018-01
ord_001398,c_000689,delivered,2018-08-19 00:00:00,2018-08-19 00:00:00,2018-08-20 00:00:00,2018-09-08 00:00:00,2018-09-02 00:00:00,1,6,2018,8,2018-08
ord_001399,c_000177,delivered,2017-02-25 00:00:00,2017-02-25 00:00:00,2017-02-27 00:00:00,2017-03-02 00:00:00,2017-03-20 00:00:00,0,0,2017,2,2017-02
ord_001400,c_000217,delivered,2017-09-30 00:00:00,2017-09-30 00:00:00,2017-10-02 00:00:00,2017-10-19 00:00:00,2017-10-23 00:00:00,0,0,2017,9,2017-09
ord_001401,c_001035,delivered,2018-04-09 00:00:00,2018-04-09 00:00:00,2018-04-11 00:00:00,2018-04-19 00:00:00,2018-04-23 00:00:00,0,0,2018,4,2018-04
ord_001402,c_001470,delivered,2018-04-01 00:00:00,2018-04-01 00:00:00,2018-04-03 00:00:00,2018-04-22 00:00:00,2018-04-27 00:00:00,0,0,2018,4,2018-04
ord_001403,c_000630,delivered,2017-09-06 00:00:00,2017-09-06 00:00:00,2017-09-09 00:00:00,2017-09-16 00:00:00,2017-09-18 00:00:00,0,0,2017,9,2017-09
ord_001404,c_000164,delivered,2017-03-19 00:00:00,2017-03-19 00:00:00,2017-03-21 00:00:00,2017-03-23 00:00:00,2017-04-01 00:00:00,0,0,2017,3,2017-03
ord_001405,c_000053,delivered,2018-06-18 00:00:00,2018-06-18 00:00:00,2018-06-19 00:00:00,2018-06-24 00:00:00,2018-07-15 00:00:00,0,0,2018,6,2018-06
ord_001406,c_000218,delivered,2017-04-18 00:00:00,2017-04-18 00:00:00,2017-04-21 00:00:00,2017-05-12 00:00:00,2017-05-06 00:00:00,1,6,2017,4,2017-04
ord_001407,c_000999,delivered,2017-09-30 00:00:00,2017-09-30 00:00:00,2017-10-03 00:00:00,2017-10-14 00:00:00,2017-10-14 00:00:00,0,0,2017,9,2017-09
ord_001408,c_000824,delivered,2017-01-15 00:00:00,2017-01-15 00:00:00,2017-01-16 00:00:00,2017-02-02 00:00:00,2017-02-02 00:00:00,0,0,2017,1,2017-01
ord_001409,c_001384,delivered,2018-01-05 00:00:00,2018-01-05 00:00:00,2018-01-08 00:00:00,2018-01-11 00:00:00,2018-02-01 00:00:00,0,0,2018,1,2018-01
ord_001410,c_000385,delivered,2017-10-31 00:00:00,2017-10-31 00:00:00,2017-11-01 00:00:00,2017-11-16 00:00:00,2017-11-16 00:00:00,0,0,2017,10,2017-10
ord_001411,c_000056,delivered,2017-07-24 00:00:00,2017-07-24 00:00:00,2017-07-27 00:00:00,2017-07-31 00:00:00,2017-08-14 00:00:00,0,0,2017,7,2017-07
ord_001412,c_000118,delivered,2017-04-23 00:00:00,2017-04-23 00:00:00,2017-04-26 00:00:00,2017-05-04 00:00:00,2017-05-12 00:00:00,0,0,2017,4,2017-04
ord_001413,c_000900,delivered,2017-09-10 00:00:00,2017-09-10 00:00:00,2017-09-11 00:00:00,2017-09-17 00:00:00,2017-09-26 00:00:00,0,0,2017,9,2017-09
ord_001414,c_001277,delivered,2018-03-17 00:00:00,2018-03-17 00:00:00,2018-03-18 00:00:00,2018-04-07 00:00:00,2018-04-13 00:00:00,0,0,2018,3,2018-03
ord_001415,c_000798,delivered,2017-07-05 00:00:00,2017-07-05 00:00:00,2017-07-06 00:00:00,2017-07-15 00:00:00,2017-08-01 00:00:00,0,0,2017,7,2017-07
ord_001416,c_000780,delivered,2017-08-15 00:00:00,2017-08-15 00:00:00,2017-08-16 00:00:00,2017-08-29 00:00:00,2017-08-29 00:00:00,0,0,2017,8,2017-08
ord_001417,c_001016,delivered,2018-06-12 00:00:00,2018-06-12 00:00:00,2018-06-14 00:00:00,2018-06-19 00:00:00,2018-07-02 00:00:00,0,0,2018,6,2018-06
ord_001418,c_000803,delivered,2017-12-20 00:00:00,2017-12-20 00:00:00,2017-12-22 00:00:00,2018-01-05 00:00:00,2018-01-15 00:00:00,0,0,2017,12,2017-12
ord_001419,c_000845,delivered,2017-01-01 00:00:00,2017-01-01 00:00:00,2017-01-02 00:00:00,2017-01-13 00:00:00,2017-01-19 00:00:00,0,0,2017,1,2017-01
ord_001420,c_001204,delivered,2018-07-07 00:00:00,2018-07-07 00:00:00,2018-07-09 00:00:00,2018-07-19 00:00:00,2018-07-23 00:00:00,0,0,2018,7,2018-07
ord_001421,c_001439,delivered,2018-07-14 00:00:00,2018-07-14 00:00:00,2018-07-15 00:00:00,2018-08-07 00:00:00,2018-08-01 00:00:00,1,6,2018,7,2018-07
ord_001422,c_001259,delivered,2018-02-24 00:00:00,2018-02-24 00:00:00,2018-02-25 00:00:00,2018-03-18 00:00:00,2018-03-18 00:00:00,0,0,2018,2,2018-02
ord_001423,c_000855,delivered,2017-06-10 00:00:00,2017-06-10 00:00:00,2017-06-13 00:00:00,2017-06-16 00:00:00,2017-07-01 00:00:00,0,0,2017,6,2017-06
ord_001424,c_000708,delivered,2017-06-10 00:00:00,2017-06-10 00:00:00,2017-06-11 00:00:00,2017-06-25 00:00:00,2017-06-30 00:00:00,0,0,2017,6,2017-06
ord_001425,c_001104,delivered,2017-05-08 00:00:00,2017-05-08 00:00:00,2017-05-09 00:00:00,2017-05-22 00:00:00,2017-05-24 00:00:00,0,0,2017,5,2017-05
ord_001426,c_000022,delivered,2017-05-31 00:00:00,2017-05-31 00:00:00,2017-06-01 00:00:00,2017-06-23 00:00:00,2017-06-18 00:00:00,1,5,2017,5,2017-05
ord_001427,c_000843,delivered,2018-03-20 00:00:00,2018-03-20 00:00:00,2018-03-21 00:00:00,2018-04-03 00:00:00,2018-04-11 00:00:00,0,0,2018,3,2018-03
ord_001428,c_001464,delivered,2018-04-16 00:00:00,2018-04-16 00:00:00,2018-04-19 00:00:00,2018-05-06 00:00:00,2018-05-06 00:00:00,0,0,2018,4,2018-04
ord_001429,c_001117,delivered,2018-04-08 00:00:00,2018-04-08 00:00:00,2018-04-09 00:00:00,2018-05-02 00:00:00,2018-04-20 00:00:00,1,12,2018,4,2018-04
ord_001430,c_000192,delivered,2017-01-30 00:00:00,2017-01-30 00:00:00,2017-02-02 00:00:00,2017-02-16 00:00:00,2017-02-14 00:00:00,1,2,2017,1,2017-01
ord_001431,c_001019,delivered,2018-04-18 00:00:00,2018-04-18 00:00:00,2018-04-19 00:00:00,2018-05-07 00:00:00,2018-04-30 00:00:00,1,7,2018,4,2018-04
ord_001432,c_001127,delivered,2018-07-11 00:00:00,2018-07-11 00:00:00,2018-07-14 00:00:00,2018-07-24 00:00:00,2018-07-30 00:00:00,0,0,2018,7,2018-07
ord_001433,c_000396,delivered,2017-03-21 00:00:00,2017-03-21 00:00:00,2017-03-23 00:00:00,2017-03-28 00:00:00,2017-04-04 00:00:00,0,0,2017,3,2017-03
ord_001434,c_001031,delivered,2017-02-08 00:00:00,2017-02-08 00:00:00,2017-02-11 00:00:00,2017-02-21 00:00:00,2017-02-21 00:00:00,0,0,2017,2,2017-02
ord_001435,c_000640,delivered,2017-08-28 00:00:00,2017-08-28 00:00:00,2017-08-31 00:00:00,2017-09-20 00:00:00,2017-09-22 00:00:00,0,0,2017,8,2017-08
ord_001436,c_001019,canceled,2018-07-11 00:00:00,2018-07-11 00:00:00,2018-07-12 00:00:00,,2018-07-26 00:00:00,0,0,2018,7,2018-07
ord_001437,c_000567,delivered,2018-08-13 00:00:00,2018-08-13 00:00:00,2018-08-16 00:00:00,2018-08-25 00:00:00,2018-09-04 00:00:00,0,0,2018,8,2018-08
ord_001438,c_000231,delivered,2017-12-03 00:00:00,2017-12-03 00:00:00,2017-12-06 00:00:00,2017-12-21 00:00:00,2017-12-17 00:00:00,1,4,2017,12,2017-12
ord_001439,c_000874,delivered,2017-10-07 00:00:00,2017-10-07 00:00:00,2017-10-08 00:00:00,2017-10-19 00:00:00,2017-10-29 00:00:00,0,0,2017,10,2017-10
ord_001440,c_000574,delivered,2017-04-26 00:00:00,2017-04-26 00:00:00,2017-04-28 00:00:00,2017-05-06 00:00:00,2017-05-12 00:00:00,0,0,2017,4,2017-04
ord_001441,c_000240,delivered,2017-09-26 00:00:00,2017-09-26 00:00:00,2017-09-28 00:00:00,2017-10-11 00:00:00,2017-10-22 00:00:00,0,0,2017,9,2017-09
ord_001442,c_000090,delivered,2017-12-01 00:00:00,2017-12-01 00:00:00,2017-12-03 00:00:00,2017-12-24 00:00:00,2017-12-25 00:00:00,0,0,2017,12,2017-12
ord_001443,c_000232,canceled,2017-11-08 00:00:00,2017-11-08 00:00:00,2017-11-11 00:00:00,,2017-11-27 00:00:00,0,0,2017,11,2017-11
ord_001444,c_000457,delivered,2017-02-22 00:00:00,2017-02-22 00:00:00,2017-02-23 00:00:00,2017-03-13 00:00:00,2017-03-15 00:00:00,0,0,2017,2,2017-02
ord_001445,c_000233,delivered,2017-03-09 00:00:00,2017-03-09 00:00:00,2017-03-11 00:00:00,2017-03-31 00:00:00,2017-03-28 00:00:00,1,3,2017,3,2017-03
ord_001446,c_000354,delivered,2017-02-03 00:00:00,2017-02-03 00:00:00,2017-02-05 00:00:00,2017-02-09 00:00:00,2017-02-25 00:00:00,0,0,2017,2,2017-02
ord_001447,c_001005,delivered,2018-01-21 00:00:00,2018-01-21 00:00:00,2018-01-23 00:00:00,2018-02-04 00:00:00,2018-02-08 00:00:00,0,0,2018,1,2018-01
ord_001448,c_001357,delivered,2017-09-06 00:00:00,2017-09-06 00:00:00,2017-09-08 00:00:00,2017-09-30 00:00:00,2017-09-25 00:00:00,1,5,2017,9,2017-09
ord_001449,c_000439,delivered,2017-04-21 00:00:00,2017-04-21 00:00:00,2017-04-22 00:00:00,2017-05-14 00:00:00,2017-05-15 00:00:00,0,0,2017,4,2017-04
ord_001450,c_001399,delivered,2017-04-04 00:00:00,2017-04-04 00:00:00,2017-04-06 00:00:00,2017-04-26 00:00:00,2017-04-28 00:00:00,0,0,2017,4,2017-04
ord_001451,c_001316,delivered,2018-02-14 00:00:00,2018-02-14 00:00:00,2018-02-17 00:00:00,2018-02-25 00:00:00,2018-03-02 00:00:00,0,0,2018,2,2018-02
ord_001452,c_000345,invoiced,2017-06-28 00:00:00,2017-06-28 00:00:00,2017-07-01 00:00:00,,2017-07-19 00:00:00,0,0,2017,6,2017-06
ord_001453,c_000664,delivered,2017-02-16 00:00:00,2017-02-16 00:00:00,2017-02-17 00:00:00,2017-02-27 00:00:00,2017-03-09 00:00:00,0,0,2017,2,2017-02
ord_001454,c_001452,delivered,2018-01-11 00:00:00,2018-01-11 00:00:00,2018-01-13 00:00:00,2018-01-17 00:00:00,2018-02-02 00:00:00,0,0,2018,1,2018-01
ord_001455,c_000657,delivered,2018-08-10 00:00:00,2018-08-10 00:00:00,2018-08-12 00:00:00,2018-08-23 00:00:00,2018-09-02 00:00:00,0,0,2018,8,2018-08
ord_001456,c_000130,delivered,2017-07-21 00:00:00,2017-07-21 00:00:00,2017-07-24 00:00:00,2017-08-06 00:00:00,2017-08-17 00:00:00,0,0,2017,7,2017-07
ord_001457,c_000141,delivered,2018-03-21 00:00:00,2018-03-21 00:00:00,2018-03-22 00:00:00,2018-04-02 00:00:00,2018-04-12 00:00:00,0,0,2018,3,2018-03
ord_001458,c_000415,delivered,2017-10-24 00:00:00,2017-10-24 00:00:00,2017-10-27 00:00:00,2017-11-02 00:00:00,2017-11-17 00:00:00,0,0,2017,10,2017-10
ord_001459,c_001117,delivered,2017-11-04 00:00:00,2017-11-04 00:00:00,2017-11-05 00:00:00,2017-11-22 00:00:00,2017-11-21 00:00:00,1,1,2017,11,2017-11
ord_001460,c_000626,delivered,2018-05-08 00:00:00,2018-05-08 00:00:00,2018-05-09 00:00:00,2018-05-27 00:00:00,2018-05-27 00:00:00,0,0,2018,5,2018-05
ord_001461,c_000284,delivered,2017-12-04 00:00:00,2017-12-04 00:00:00,2017-12-05 00:00:00,2017-12-12 00:00:00,2017-12-30 00:00:00,0,0,2017,12,2017-12
ord_001462,c_000223,delivered,2017-03-07 00:00:00,2017-03-07 00:00:00,2017-03-10 00:00:00,2017-03-31 00:00:00,2017-03-31 00:00:00,0,0,2017,3,2017-03
ord_001463,c_000744,delivered,2018-02-26 00:00:00,2018-02-26 00:00:00,2018-02-27 00:00:00,2018-03-14 00:00:00,2018-03-10 00:00:00,1,4,2018,2,2018-02
ord_001464,c_000463,delivered,2018-06-24 00:00:00,2018-06-24 00:00:00,2018-06-27 00:00:00,2018-07-16 00:00:00,2018-07-11 00:00:00,1,5,2018,6,2018-06
ord_001465,c_001300,delivered,2018-05-08 00:00:00,2018-05-08 00:00:00,2018-05-11 00:00:00,2018-05-13 00:00:00,2018-05-25 00:00:00,0,0,2018,5,2018-05
ord_001466,c_001164,delivered,2017-11-13 00:00:00,2017-11-13 00:00:00,2017-11-15 00:00:00,2017-11-22 00:00:00,2017-12-09 00:00:00,0,0,2017,11,2017-11
ord_001467,c_000357,delivered,2017-03-16 00:00:00,2017-03-16 00:00:00,2017-03-19 00:00:00,2017-03-20 00:00:00,2017-04-07 00:00:00,0,0,2017,3,2017-03
ord_001468,c_001047,delivered,2017-02-28 00:00:00,2017-02-28 00:00:00,2017-03-03 00:00:00,2017-03-18 00:00:00,2017-03-24 00:00:00,0,0,2017,2,2017-02
ord_001469,c_001294,delivered,2018-01-21 00:00:00,2018-01-21 00:00:00,2018-01-23 00:00:00,2018-02-08 00:00:00,2018-02-06 00:00:00,1,2,2018,1,2018-01
ord_001470,c_000859,delivered,2017-01-15 00:00:00,2017-01-15 00:00:00,2017-01-17 00:00:00,2017-02-01 00:00:00,2017-01-30 00:00:00,1,2,2017,1,2017-01
ord_001471,c_000665,delivered,2017-08-19 00:00:00,2017-08-19 00:00:00,2017-08-21 00:00:00,2017-08-29 00:00:00,2017-08-31 00:00:00,0,0,2017,8,2017-08
ord_001472,c_001357,delivered,2017-07-18 00:00:00,2017-07-18 00:00:00,2017-07-19 00:00:00,2017-07-26 00:00:00,2017-08-09 00:00:00,0,0,2017,7,2017-07
ord_001473,c_001015,delivered,2017-12-20 00:00:00,2017-12-20 00:00:00,2017-12-21 00:00:00,2018-01-12 00:00:00,2018-01-10 00:00:00,1,2,2017,12,2017-12
ord_001474,c_000085,delivered,2017-02-04 00:00:00,2017-02-04 00:00:00,2017-02-06 00:00:00,2017-02-23 00:00:00,2017-02-26 00:00:00,0,0,2017,2,2017-02
ord_001475,c_000621,delivered,2017-06-11 00:00:00,2017-06-11 00:00:00,2017-06-12 00:00:00,2017-07-01 00:00:00,2017-07-08 00:00:00,0,0,2017,6,2017-06
ord_001476,c_001055,delivered,2018-04-16 00:00:00,2018-04-16 00:00:00,2018-04-18 00:00:00,2018-04-30 00:00:00,2018-05-05 00:00:00,0,0,2018,4,2018-04
ord_001477,c_000240,delivered,2018-06-15 00:00:00,2018-06-15 00:00:00,2018-06-16 00:00:00,2018-07-03 00:00:00,2018-07-02 00:00:00,1,1,2018,6,2018-06
ord_001478,c_000363,canceled,2018-02-27 00:00:00,2018-02-27 00:00:00,2018-03-02 00:00:00,,2018-03-13 00:00:00,0,0,2018,2,2018-02
ord_001479,c_000822,delivered,2017-12-14 00:00:00,2017-12-14 00:00:00,2017-12-15 00:00:00,2018-01-02 00:00:00,2018-01-06 00:00:00,0,0,2017,12,2017-12
ord_001480,c_001413,delivered,2017-05-27 00:00:00,2017-05-27 00:00:00,2017-05-28 00:00:00,2017-06-02 00:00:00,2017-06-10 00:00:00,0,0,2017,5,2017-05
ord_001481,c_000668,delivered,2018-01-09 00:00:00,2018-01-09 00:00:00,2018-01-12 00:00:00,2018-01-18 00:00:00,2018-02-01 00:00:00,0,0,2018,1,2018-01
ord_001482,c_001323,delivered,2018-02-20 00:00:00,2018-02-20 00:00:00,2018-02-22 00:00:00,2018-03-16 00:00:00,2018-03-09 00:00:00,1,7,2018,2,2018-02
ord_001483,c_001395,delivered,2018-05-09 00:00:00,2018-05-09 00:00:00,2018-05-10 00:00:00,2018-05-25 00:00:00,2018-06-01 00:00:00,0,0,2018,5,2018-05
ord_001484,c_000099,delivered,2018-07-13 00:00:00,2018-07-13 00:00:00,2018-07-14 00:00:00,2018-07-17 00:00:00,2018-08-08 00:00:00,0,0,2018,7,2018-07
ord_001485,c_000047,shipped,2017-09-13 00:00:00,2017-09-13 00:00:00,2017-09-16 00:00:00,,2017-10-01 00:00:00,0,0,2017,9,2017-09
ord_001486,c_000839,delivered,2017-04-13 00:00:00,2017-04-13 00:00:00,2017-04-16 00:00:00,2017-04-30 00:00:00,2017-05-02 00:00:00,0,0,2017,4,2017-04
ord_001487,c_000422,delivered,2017-05-01 00:00:00,2017-05-01 00:00:00,2017-05-04 00:00:00,2017-05-06 00:00:00,2017-05-17 00:00:00,0,0,2017,5,2017-05
ord_001488,c_000062,delivered,2018-02-23 00:00:00,2018-02-23 00:00:00,2018-02-26 00:00:00,2018-02-28 00:00:00,2018-03-16 00:00:00,0,0,2018,2,2018-02
ord_001489,c_001133,delivered,2017-12-16 00:00:00,2017-12-16 00:00:00,2017-12-18 00:00:00,2018-01-03 00:00:00,2018-01-02 00:00:00,1,1,2017,12,2017-12
ord_001490,c_001143,delivered,2017-02-11 00:00:00,2017-02-11 00:00:00,2017-02-12 00:00:00,2017-03-04 00:00:00,2017-03-10 00:00:00,0,0,2017,2,2017-02
ord_001491,c_001010,delivered,2018-01-02 00:00:00,2018-01-02 00:00:00,2018-01-03 00:00:00,2018-01-14 00:00:00,2018-01-25 00:00:00,0,0,2018,1,2018-01
ord_001492,c_000598,delivered,2017-01-29 00:00:00,2017-01-29 00:00:00,2017-01-30 00:00:00,2017-02-04 00:00:00,2017-02-10 00:00:00,0,0,2017,1,2017-01
ord_001493,c_001406,delivered,2017-01-14 00:00:00,2017-01-14 00:00:00,2017-01-15 00:00:00,2017-01-21 00:00:00,2017-01-31 00:00:00,0,0,2017,1,2017-01
ord_001494,c_000392,shipped,2018-04-30 00:00:00,2018-04-30 00:00:00,2018-05-02 00:00:00,,2018-05-20 00:00:00,0,0,2018,4,2018-04
ord_001495,c_000977,delivered,2017-07-08 00:00:00,2017-07-08 00:00:00,2017-07-09 00:00:00,2017-07-16 00:00:00,2017-07-29 00:00:00,0,0,2017,7,2017-07
ord_001496,c_001076,delivered,2017-10-22 00:00:00,2017-10-22 00:00:00,2017-10-24 00:00:00,2017-11-14 00:00:00,2017-11-06 00:00:00,1,8,2017,10,2017-10
ord_001497,c_000603,delivered,2017-07-02 00:00:00,2017-07-02 00:00:00,2017-07-04 00:00:00,2017-07-25 00:00:00,2017-07-27 00:00:00,0,0,2017,7,2017-07
ord_001498,c_001313,delivered,2018-07-02 00:00:00,2018-07-02 00:00:00,2018-07-05 00:00:00,2018-07-10 00:00:00,2018-07-27 00:00:00,0,0,2018,7,2018-07
ord_001499,c_000337,delivered,2017-02-06 00:00:00,2017-02-06 00:00:00,2017-02-09 00:00:00,2017-02-19 00:00:00,2017-02-27 00:00:00,0,0,2017,2,2017-02
ord_001500,c_000810,delivered,2017-01-14 00:00:00,2017-01-14 00:00:00,2017-01-15 00:00:00,2017-02-02 00:00:00,2017-02-07 00:00:00,0,0,2017,1,2017-01
ord_001501,c_001228,delivered,2018-08-18 00:00:00,2018-08-18 00:00:00,2018-08-20 00:00:00,2018-09-02 00:00:00,2018-08-30 00:00:00,1,3,2018,8,2018-08
ord_001502,c_001262,delivered,2017-06-08 00:00:00,2017-06-08 00:00:00,2017-06-11 00:00:00,2017-06-25 00:00:00,2017-07-03 00:00:00,0,0,2017,6,2017-06
ord_001503,c_001406,delivered,2018-05-09 00:00:00,2018-05-09 00:00:00,2018-05-11 00:00:00,2018-05-23 00:00:00,2018-05-31 00:00:00,0,0,2018,5,2018-05
ord_001504,c_000752,delivered,2017-11-25 00:00:00,2017-11-25 00:00:00,2017-11-28 00:00:00,2017-12-17 00:00:00,2017-12-15 00:00:00,1,2,2017,11,2017-11
ord_001505,c_001160,delivered,2017-03-24 00:00:00,2017-03-24 00:00:00,2017-03-26 00:00:00,2017-04-02 00:00:00,2017-04-20 00:00:00,0,0,2017,3,2017-03
ord_001506,c_001431,delivered,2018-07-10 00:00:00,2018-07-10 00:00:00,2018-07-11 00:00:00,2018-07-23 00:00:00,2018-07-25 00:00:00,0,0,2018,7,2018-07
ord_001507,c_001386,delivered,2018-08-03 00:00:00,2018-08-03 00:00:00,2018-08-04 00:00:00,2018-08-26 00:00:00,2018-08-16 00:00:00,1,10,2018,8,2018-08
ord_001508,c_001405,delivered,2018-07-14 00:00:00,2018-07-14 00:00:00,2018-07-16 00:00:00,2018-07-20 00:00:00,2018-08-10 00:00:00,0,0,2018,7,2018-07
ord_001509,c_000881,delivered,2018-07-23 00:00:00,2018-07-23 00:00:00,2018-07-26 00:00:00,2018-08-10 00:00:00,2018-08-04 00:00:00,1,6,2018,7,2018-07
ord_001510,c_000635,delivered,2018-08-10 00:00:00,2018-08-10 00:00:00,2018-08-13 00:00:00,2018-08-24 00:00:00,2018-08-24 00:00:00,0,0,2018,8,2018-08
ord_001511,c_000254,delivered,2017-01-22 00:00:00,2017-01-22 00:00:00,2017-01-23 00:00:00,2017-01-27 00:00:00,2017-02-09 00:00:00,0,0,2017,1,2017-01
ord_001512,c_001138,delivered,2017-05-12 00:00:00,2017-05-12 00:00:00,2017-05-13 00:00:00,2017-05-21 00:00:00,2017-06-03 00:00:00,0,0,2017,5,2017-05
ord_001513,c_000020,delivered,2018-04-10 00:00:00,2018-04-10 00:00:00,2018-04-11 00:00:00,2018-04-30 00:00:00,2018-05-07 00:00:00,0,0,2018,4,2018-04
ord_001514,c_000528,delivered,2018-04-01 00:00:00,2018-04-01 00:00:00,2018-04-04 00:00:00,2018-04-22 00:00:00,2018-04-22 00:00:00,0,0,2018,4,2018-04
ord_001515,c_001169,delivered,2017-10-29 00:00:00,2017-10-29 00:00:00,2017-11-01 00:00:00,2017-11-05 00:00:00,2017-11-25 00:00:00,0,0,2017,10,2017-10
ord_001516,c_001232,delivered,2017-09-24 00:00:00,2017-09-24 00:00:00,2017-09-25 00:00:00,2017-10-06 00:00:00,2017-10-07 00:00:00,0,0,2017,9,2017-09
ord_001517,c_000376,delivered,2018-01-30 00:00:00,2018-01-30 00:00:00,2018-02-01 00:00:00,2018-02-12 00:00:00,2018-02-25 00:00:00,0,0,2018,1,2018-01
ord_001518,c_000166,delivered,2017-04-30 00:00:00,2017-04-30 00:00:00,2017-05-03 00:00:00,2017-05-24 00:00:00,2017-05-20 00:00:00,1,4,2017,4,2017-04
ord_001519,c_001205,delivered,2017-09-03 00:00:00,2017-09-03 00:00:00,2017-09-04 00:00:00,2017-09-08 00:00:00,2017-09-26 00:00:00,0,0,2017,9,2017-09
ord_001520,c_000861,delivered,2018-07-22 00:00:00,2018-07-22 00:00:00,2018-07-24 00:00:00,2018-08-05 00:00:00,2018-08-15 00:00:00,0,0,2018,7,2018-07
ord_001521,c_000617,delivered,2017-02-07 00:00:00,2017-02-07 00:00:00,2017-02-10 00:00:00,2017-02-21 00:00:00,2017-03-01 00:00:00,0,0,2017,2,2017-02
ord_001522,c_000612,invoiced,2017-09-02 00:00:00,2017-09-02 00:00:00,2017-09-04 00:00:00,,2017-09-15 00:00:00,0,0,2017,9,2017-09
ord_001523,c_001468,delivered,2017-01-21 00:00:00,2017-01-21 00:00:00,2017-01-23 00:00:00,2017-01-25 00:00:00,2017-02-06 00:00:00,0,0,2017,1,2017-01
ord_001524,c_001356,delivered,2017-04-20 00:00:00,2017-04-20 00:00:00,2017-04-23 00:00:00,2017-05-07 00:00:00,2017-05-09 00:00:00,0,0,2017,4,2017-04
ord_001525,c_000503,delivered,2018-01-29 00:00:00,2018-01-29 00:00:00,2018-01-30 00:00:00,2018-02-02 00:00:00,2018-02-22 00:00:00,0,0,2018,1,2018-01
ord_001526,c_000913,delivered,2018-02-14 00:00:00,2018-02-14 00:00:00,2018-02-16 00:00:00,2018-03-10 00:00:00,2018-03-10 00:00:00,0,0,2018,2,2018-02
ord_001527,c_000079,delivered,2017-01-08 00:00:00,2017-01-08 00:00:00,2017-01-09 00:00:00,2017-01-20 00:00:00,2017-01-31 00:00:00,0,0,2017,1,2017-01
ord_001528,c_000585,delivered,2018-03-20 00:00:00,2018-03-20 00:00:00,2018-03-23 00:00:00,2018-03-24 00:00:00,2018-04-10 00:00:00,0,0,2018,3,2018-03
ord_001529,c_000688,delivered,2017-11-24 00:00:00,2017-11-24 00:00:00,2017-11-26 00:00:00,2017-12-18 00:00:00,2017-12-13 00:00:00,1,5,2017,11,2017-11
ord_001530,c_000396,delivered,2017-10-17 00:00:00,2017-10-17 00:00:00,2017-10-19 00:00:00,2017-10-24 00:00:00,2017-10-31 00:00:00,0,0,2017,10,2017-10
ord_001531,c_001127,delivered,2018-05-26 00:00:00,2018-05-26 00:00:00,2018-05-28 00:00:00,2018-05-30 00:00:00,2018-06-08 00:00:00,0,0,2018,5,2018-05
ord_001532,c_000402,delivered,2017-12-27 00:00:00,2017-12-27 00:00:00,2017-12-29 00:00:00,2018-01-18 00:00:00,2018-01-16 00:00:00,1,2,2017,12,2017-12
ord_001533,c_000975,delivered,2018-08-22 00:00:00,2018-08-22 00:00:00,2018-08-24 00:00:00,2018-09-04 00:00:00,2018-09-18 00:00:00,0,0,2018,8,2018-08
ord_001534,c_000224,delivered,2017-08-07 00:00:00,2017-08-07 00:00:00,2017-08-10 00:00:00,2017-08-25 00:00:00,2017-08-21 00:00:00,1,4,2017,8,2017-08
ord_001535,c_000518,delivered,2018-02-10 00:00:00,2018-02-10 00:00:00,2018-02-12 00:00:00,2018-03-05 00:00:00,2018-03-01 00:00:00,1,4,2018,2,2018-02
ord_001536,c_000634,delivered,2017-08-08 00:00:00,2017-08-08 00:00:00,2017-08-11 00:00:00,2017-08-15 00:00:00,2017-08-21 00:00:00,0,0,2017,8,2017-08
ord_001537,c_000236,delivered,2018-08-18 00:00:00,2018-08-18 00:00:00,2018-08-19 00:00:00,2018-09-10 00:00:00,2018-09-01 00:00:00,1,9,2018,8,2018-08
ord_001538,c_001451,delivered,2017-04-17 00:00:00,2017-04-17 00:00:00,2017-04-20 00:00:00,2017-05-04 00:00:00,2017-04-29 00:00:00,1,5,2017,4,2017-04
ord_001539,c_000116,delivered,2018-08-04 00:00:00,2018-08-04 00:00:00,2018-08-06 00:00:00,2018-08-12 00:00:00,2018-08-29 00:00:00,0,0,2018,8,2018-08
ord_001540,c_001187,delivered,2017-10-13 00:00:00,2017-10-13 00:00:00,2017-10-14 00:00:00,2017-10-31 00:00:00,2017-11-04 00:00:00,0,0,2017,10,2017-10
ord_001541,c_000226,delivered,2017-01-08 00:00:00,2017-01-08 00:00:00,2017-01-11 00:00:00,2017-01-26 00:00:00,2017-01-25 00:00:00,1,1,2017,1,2017-01
ord_001542,c_000230,delivered,2017-07-08 00:00:00,2017-07-08 00:00:00,2017-07-11 00:00:00,2017-07-27 00:00:00,2017-08-01 00:00:00,0,0,2017,7,2017-07
ord_001543,c_000182,delivered,2017-03-22 00:00:00,2017-03-22 00:00:00,2017-03-25 00:00:00,2017-04-10 00:00:00,2017-04-09 00:00:00,1,1,2017,3,2017-03
ord_001544,c_001273,delivered,2017-04-18 00:00:00,2017-04-18 00:00:00,2017-04-20 00:00:00,2017-04-25 00:00:00,2017-05-15 00:00:00,0,0,2017,4,2017-04
ord_001545,c_001342,delivered,2017-11-17 00:00:00,2017-11-17 00:00:00,2017-11-19 00:00:00,2017-11-29 00:00:00,2017-12-02 00:00:00,0,0,2017,11,2017-11
ord_001546,c_000210,delivered,2018-08-02 00:00:00,2018-08-02 00:00:00,2018-08-05 00:00:00,2018-08-06 00:00:00,2018-08-14 00:00:00,0,0,2018,8,2018-08
ord_001547,c_001416,delivered,2017-12-12 00:00:00,2017-12-12 00:00:00,2017-12-15 00:00:00,2017-12-20 00:00:00,2017-12-26 00:00:00,0,0,2017,12,2017-12
ord_001548,c_000096,delivered,2017-11-24 00:00:00,2017-11-24 00:00:00,2017-11-25 00:00:00,2017-12-06 00:00:00,2017-12-14 00:00:00,0,0,2017,11,2017-11
ord_001549,c_000894,delivered,2018-07-09 00:00:00,2018-07-09 00:00:00,2018-07-11 00:00:00,2018-08-01 00:00:00,2018-07-25 00:00:00,1,7,2018,7,2018-07
ord_001550,c_000756,delivered,2017-10-29 00:00:00,2017-10-29 00:00:00,2017-10-31 00:00:00,2017-11-06 00:00:00,2017-11-15 00:00:00,0,0,2017,10,2017-10
ord_001551,c_001110,delivered,2017-07-19 00:00:00,2017-07-19 00:00:00,2017-07-20 00:00:00,2017-07-26 00:00:00,2017-08-03 00:00:00,0,0,2017,7,2017-07
ord_001552,c_000415,delivered,2018-02-23 00:00:00,2018-02-23 00:00:00,2018-02-26 00:00:00,2018-03-14 00:00:00,2018-03-07 00:00:00,1,7,2018,2,2018-02
ord_001553,c_000394,delivered,2017-02-08 00:00:00,2017-02-08 00:00:00,2017-02-11 00:00:00,2017-02-13 00:00:00,2017-03-05 00:00:00,0,0,2017,2,2017-02
ord_001554,c_000696,delivered,2017-11-03 00:00:00,2017-11-03 00:00:00,2017-11-04 00:00:00,2017-11-22 00:00:00,2017-11-19 00:00:00,1,3,2017,11,2017-11
ord_001555,c_000844,delivered,2017-01-04 00:00:00,2017-01-04 00:00:00,2017-01-07 00:00:00,2017-01-25 00:00:00,2017-01-20 00:00:00,1,5,2017,1,2017-01
ord_001556,c_000604,delivered,2017-03-18 00:00:00,2017-03-18 00:00:00,2017-03-21 00:00:00,2017-03-23 00:00:00,2017-04-03 00:00:00,0,0,2017,3,2017-03
ord_001557,c_000582,delivered,2018-04-13 00:00:00,2018-04-13 00:00:00,2018-04-14 00:00:00,2018-05-02 00:00:00,2018-05-10 00:00:00,0,0,2018,4,2018-04
ord_001558,c_000133,delivered,2017-06-28 00:00:00,2017-06-28 00:00:00,2017-06-29 00:00:00,2017-07-02 00:00:00,2017-07-24 00:00:00,0,0,2017,6,2017-06
ord_001559,c_000791,delivered,2017-10-03 00:00:00,2017-10-03 00:00:00,2017-10-04 00:00:00,2017-10-22 00:00:00,2017-10-30 00:00:00,0,0,2017,10,2017-10
ord_001560,c_000649,delivered,2017-06-01 00:00:00,2017-06-01 00:00:00,2017-06-04 00:00:00,2017-06-07 00:00:00,2017-06-18 00:00:00,0,0,2017,6,2017-06
ord_001561,c_001338,delivered,2017-06-13 00:00:00,2017-06-13 00:00:00,2017-06-14 00:00:00,2017-07-01 00:00:00,2017-07-05 00:00:00,0,0,2017,6,2017-06
ord_001562,c_000221,delivered,2017-10-17 00:00:00,2017-10-17 00:00:00,2017-10-20 00:00:00,2017-10-31 00:00:00,2017-10-30 00:00:00,1,1,2017,10,2017-10
ord_001563,c_000976,delivered,2018-01-13 00:00:00,2018-01-13 00:00:00,2018-01-15 00:00:00,2018-01-26 00:00:00,2018-01-25 00:00:00,1,1,2018,1,2018-01
ord_001564,c_001462,delivered,2017-11-06 00:00:00,2017-11-06 00:00:00,2017-11-08 00:00:00,2017-11-26 00:00:00,2017-12-02 00:00:00,0,0,2017,11,2017-11
ord_001565,c_001070,delivered,2018-01-24 00:00:00,2018-01-24 00:00:00,2018-01-25 00:00:00,2018-01-31 00:00:00,2018-02-06 00:00:00,0,0,2018,1,2018-01
ord_001566,c_001216,delivered,2017-07-02 00:00:00,2017-07-02 00:00:00,2017-07-05 00:00:00,2017-07-22 00:00:00,2017-07-26 00:00:00,0,0,2017,7,2017-07
ord_001567,c_001403,delivered,2017-11-02 00:00:00,2017-11-02 00:00:00,2017-11-05 00:00:00,2017-11-09 00:00:00,2017-11-23 00:00:00,0,0,2017,11,2017-11
ord_001568,c_000788,delivered,2017-03-13 00:00:00,2017-03-13 00:00:00,2017-03-16 00:00:00,2017-04-04 00:00:00,2017-03-30 00:00:00,1,5,2017,3,2017-03
ord_001569,c_000691,delivered,2017-08-07 00:00:00,2017-08-07 00:00:00,2017-08-08 00:00:00,2017-08-11 00:00:00,2017-09-03 00:00:00,0,0,2017,8,2017-08
ord_001570,c_001358,delivered,2017-06-22 00:00:00,2017-06-22 00:00:00,2017-06-25 00:00:00,2017-07-09 00:00:00,2017-07-08 00:00:00,1,1,2017,6,2017-06
ord_001571,c_000039,delivered,2017-09-29 00:00:00,2017-09-29 00:00:00,2017-10-02 00:00:00,2017-10-13 00:00:00,2017-10-26 00:00:00,0,0,2017,9,2017-09
ord_001572,c_001317,delivered,2018-04-13 00:00:00,2018-04-13 00:00:00,2018-04-16 00:00:00,2018-04-23 00:00:00,2018-05-09 00:00:00,0,0,2018,4,2018-04
ord_001573,c_000690,delivered,2017-09-26 00:00:00,2017-09-26 00:00:00,2017-09-28 00:00:00,2017-10-16 00:00:00,2017-10-12 00:00:00,1,4,2017,9,2017-09
ord_001574,c_000162,invoiced,2017-01-20 00:00:00,2017-01-20 00:00:00,2017-01-23 00:00:00,,2017-02-12 00:00:00,0,0,2017,1,2017-01
ord_001575,c_001355,delivered,2018-08-01 00:00:00,2018-08-01 00:00:00,2018-08-03 00:00:00,2018-08-14 00:00:00,2018-08-24 00:00:00,0,0,2018,8,2018-08
ord_001576,c_001128,delivered,2018-05-18 00:00:00,2018-05-18 00:00:00,2018-05-21 00:00:00,2018-06-07 00:00:00,2018-06-13 00:00:00,0,0,2018,5,2018-05
ord_001577,c_000161,delivered,2017-05-27 00:00:00,2017-05-27 00:00:00,2017-05-30 00:00:00,2017-06-03 00:00:00,2017-06-13 00:00:00,0,0,2017,5,2017-05
ord_001578,c_001078,canceled,2018-03-05 00:00:00,2018-03-05 00:00:00,2018-03-08 00:00:00,,2018-03-30 00:00:00,0,0,2018,3,2018-03
ord_001579,c_001058,delivered,2017-06-14 00:00:00,2017-06-14 00:00:00,2017-06-16 00:00:00,2017-07-05 00:00:00,2017-07-05 00:00:00,0,0,2017,6,2017-06
ord_001580,c_000242,delivered,2017-11-06 00:00:00,2017-11-06 00:00:00,2017-11-09 00:00:00,2017-11-26 00:00:00,2017-11-24 00:00:00,1,2,2017,11,2017-11
ord_001581,c_000967,delivered,2018-06-02 00:00:00,2018-06-02 00:00:00,2018-06-03 00:00:00,2018-06-11 00:00:00,2018-06-29 00:00:00,0,0,2018,6,2018-06
ord_001582,c_000890,delivered,2017-01-14 00:00:00,2017-01-14 00:00:00,2017-01-17 00:00:00,2017-01-24 00:00:00,2017-02-03 00:00:00,0,0,2017,1,2017-01
ord_001583,c_000113,delivered,2017-05-12 00:00:00,2017-05-12 00:00:00,2017-05-14 00:00:00,2017-05-21 00:00:00,2017-05-30 00:00:00,0,0,2017,5,2017-05
ord_001584,c_001014,delivered,2018-03-15 00:00:00,2018-03-15 00:00:00,2018-03-17 00:00:00,2018-03-30 00:00:00,2018-03-28 00:00:00,1,2,2018,3,2018-03
ord_001585,c_000318,delivered,2017-09-20 00:00:00,2017-09-20 00:00:00,2017-09-21 00:00:00,2017-10-02 00:00:00,2017-10-07 00:00:00,0,0,2017,9,2017-09
ord_001586,c_000023,delivered,2017-08-13 00:00:00,2017-08-13 00:00:00,2017-08-14 00:00:00,2017-09-03 00:00:00,2017-09-02 00:00:00,1,1,2017,8,2017-08
ord_001587,c_000824,delivered,2017-09-15 00:00:00,2017-09-15 00:00:00,2017-09-16 00:00:00,2017-09-20 00:00:00,2017-10-03 00:00:00,0,0,2017,9,2017-09
ord_001588,c_001142,delivered,2017-08-22 00:00:00,2017-08-22 00:00:00,2017-08-24 00:00:00,2017-09-11 00:00:00,2017-09-04 00:00:00,1,7,2017,8,2017-08
ord_001589,c_000701,delivered,2017-12-02 00:00:00,2017-12-02 00:00:00,2017-12-05 00:00:00,2017-12-26 00:00:00,2017-12-16 00:00:00,1,10,2017,12,2017-12
ord_001590,c_001019,delivered,2018-02-13 00:00:00,2018-02-13 00:00:00,2018-02-16 00:00:00,2018-02-17 00:00:00,2018-03-04 00:00:00,0,0,2018,2,2018-02
ord_001591,c_001236,delivered,2017-01-24 00:00:00,2017-01-24 00:00:00,2017-01-25 00:00:00,2017-02-05 00:00:00,2017-02-15 00:00:00,0,0,2017,1,2017-01
ord_001592,c_001442,delivered,2017-09-28 00:00:00,2017-09-28 00:00:00,2017-09-29 00:00:00,2017-10-07 00:00:00,2017-10-25 00:00:00,0,0,2017,9,2017-09
ord_001593,c_001137,delivered,2017-04-05 00:00:00,2017-04-05 00:00:00,2017-04-08 00:00:00,2017-04-10 00:00:00,2017-04-25 00:00:00,0,0,2017,4,2017-04
ord_001594,c_001068,delivered,2017-05-22 00:00:00,2017-05-22 00:00:00,2017-05-23 00:00:00,2017-05-31 00:00:00,2017-06-06 00:00:00,0,0,2017,5,2017-05
ord_001595,c_000128,delivered,2017-03-22 00:00:00,2017-03-22 00:00:00,2017-03-25 00:00:00,2017-04-03 00:00:00,2017-04-18 00:00:00,0,0,2017,3,2017-03
ord_001596,c_000876,delivered,2017-10-01 00:00:00,2017-10-01 00:00:00,2017-10-04 00:00:00,2017-10-07 00:00:00,2017-10-21 00:00:00,0,0,2017,10,2017-10
ord_001597,c_000158,delivered,2017-10-03 00:00:00,2017-10-03 00:00:00,2017-10-06 00:00:00,2017-10-22 00:00:00,2017-10-16 00:00:00,1,6,2017,10,2017-10
ord_001598,c_000827,delivered,2018-04-10 00:00:00,2018-04-10 00:00:00,2018-04-13 00:00:00,2018-04-28 00:00:00,2018-05-04 00:00:00,0,0,2018,4,2018-04
ord_001599,c_001418,delivered,2017-07-27 00:00:00,2017-07-27 00:00:00,2017-07-29 00:00:00,2017-08-11 00:00:00,2017-08-18 00:00:00,0,0,2017,7,2017-07
ord_001600,c_000852,delivered,2017-10-23 00:00:00,2017-10-23 00:00:00,2017-10-26 00:00:00,2017-11-03 00:00:00,2017-11-08 00:00:00,0,0,2017,10,2017-10
ord_001601,c_000512,delivered,2017-02-08 00:00:00,2017-02-08 00:00:00,2017-02-09 00:00:00,2017-02-17 00:00:00,2017-03-02 00:00:00,0,0,2017,2,2017-02
ord_001602,c_000045,delivered,2017-10-15 00:00:00,2017-10-15 00:00:00,2017-10-16 00:00:00,2017-10-21 00:00:00,2017-10-28 00:00:00,0,0,2017,10,2017-10
ord_001603,c_001132,delivered,2017-05-04 00:00:00,2017-05-04 00:00:00,2017-05-05 00:00:00,2017-05-11 00:00:00,2017-05-26 00:00:00,0,0,2017,5,2017-05
ord_001604,c_000219,delivered,2017-10-10 00:00:00,2017-10-10 00:00:00,2017-10-11 00:00:00,2017-10-23 00:00:00,2017-10-22 00:00:00,1,1,2017,10,2017-10
ord_001605,c_000443,delivered,2017-06-29 00:00:00,2017-06-29 00:00:00,2017-07-01 00:00:00,2017-07-16 00:00:00,2017-07-23 00:00:00,0,0,2017,6,2017-06
ord_001606,c_000315,delivered,2017-04-07 00:00:00,2017-04-07 00:00:00,2017-04-10 00:00:00,2017-05-01 00:00:00,2017-05-02 00:00:00,0,0,2017,4,2017-04
ord_001607,c_000177,delivered,2017-07-10 00:00:00,2017-07-10 00:00:00,2017-07-13 00:00:00,2017-07-28 00:00:00,2017-07-26 00:00:00,1,2,2017,7,2017-07
ord_001608,c_000228,delivered,2017-03-15 00:00:00,2017-03-15 00:00:00,2017-03-16 00:00:00,2017-03-25 00:00:00,2017-03-28 00:00:00,0,0,2017,3,2017-03
ord_001609,c_000267,delivered,2018-03-23 00:00:00,2018-03-23 00:00:00,2018-03-24 00:00:00,2018-04-02 00:00:00,2018-04-17 00:00:00,0,0,2018,3,2018-03
ord_001610,c_000870,delivered,2018-05-12 00:00:00,2018-05-12 00:00:00,2018-05-13 00:00:00,2018-05-23 00:00:00,2018-06-05 00:00:00,0,0,2018,5,2018-05
ord_001611,c_000838,delivered,2018-07-15 00:00:00,2018-07-15 00:00:00,2018-07-18 00:00:00,2018-07-28 00:00:00,2018-08-11 00:00:00,0,0,2018,7,2018-07
ord_001612,c_001403,delivered,2018-04-29 00:00:00,2018-04-29 00:00:00,2018-05-01 00:00:00,2018-05-21 00:00:00,2018-05-17 00:00:00,1,4,2018,4,2018-04
ord_001613,c_000489,delivered,2017-04-26 00:00:00,2017-04-26 00:00:00,2017-04-28 00:00:00,2017-05-18 00:00:00,2017-05-15 00:00:00,1,3,2017,4,2017-04
ord_001614,c_000702,delivered,2018-06-19 00:00:00,2018-06-19 00:00:00,2018-06-21 00:00:00,2018-06-24 00:00:00,2018-07-02 00:00:00,0,0,2018,6,2018-06
ord_001615,c_000687,delivered,2017-04-08 00:00:00,2017-04-08 00:00:00,2017-04-10 00:00:00,2017-04-26 00:00:00,2017-04-26 00:00:00,0,0,2017,4,2017-04
ord_001616,c_001314,delivered,2017-11-24 00:00:00,2017-11-24 00:00:00,2017-11-25 00:00:00,2017-11-28 00:00:00,2017-12-09 00:00:00,0,0,2017,11,2017-11
ord_001617,c_000996,delivered,2018-02-11 00:00:00,2018-02-11 00:00:00,2018-02-14 00:00:00,2018-02-24 00:00:00,2018-02-23 00:00:00,1,1,2018,2,2018-02
ord_001618,c_000357,shipped,2017-11-09 00:00:00,2017-11-09 00:00:00,2017-11-10 00:00:00,,2017-12-06 00:00:00,0,0,2017,11,2017-11
ord_001619,c_000872,delivered,2017-05-28 00:00:00,2017-05-28 00:00:00,2017-05-30 00:00:00,2017-06-13 00:00:00,2017-06-19 00:00:00,0,0,2017,5,2017-05
ord_001620,c_000204,delivered,2017-12-08 00:00:00,2017-12-08 00:00:00,2017-12-09 00:00:00,2017-12-21 00:00:00,2018-01-03 00:00:00,0,0,2017,12,2017-12
ord_001621,c_001237,delivered,2018-05-10 00:00:00,2018-05-10 00:00:00,2018-05-12 00:00:00,2018-05-25 00:00:00,2018-05-24 00:00:00,1,1,2018,5,2018-05
ord_001622,c_000552,delivered,2017-01-23 00:00:00,2017-01-23 00:00:00,2017-01-26 00:00:00,2017-02-01 00:00:00,2017-02-14 00:00:00,0,0,2017,1,2017-01
ord_001623,c_000323,delivered,2017-04-15 00:00:00,2017-04-15 00:00:00,2017-04-17 00:00:00,2017-04-24 00:00:00,2017-05-08 00:00:00,0,0,2017,4,2017-04
ord_001624,c_000594,delivered,2018-08-02 00:00:00,2018-08-02 00:00:00,2018-08-03 00:00:00,2018-08-06 00:00:00,2018-08-14 00:00:00,0,0,2018,8,2018-08
ord_001625,c_000181,delivered,2018-07-12 00:00:00,2018-07-12 00:00:00,2018-07-15 00:00:00,2018-07-27 00:00:00,2018-07-28 00:00:00,0,0,2018,7,2018-07
ord_001626,c_000499,delivered,2018-08-16 00:00:00,2018-08-16 00:00:00,2018-08-18 00:00:00,2018-08-29 00:00:00,2018-09-11 00:00:00,0,0,2018,8,2018-08
ord_001627,c_001344,invoiced,2017-08-10 00:00:00,2017-08-10 00:00:00,2017-08-12 00:00:00,,2017-09-03 00:00:00,0,0,2017,8,2017-08
ord_001628,c_000083,delivered,2017-01-15 00:00:00,2017-01-15 00:00:00,2017-01-18 00:00:00,2017-02-02 00:00:00,2017-02-03 00:00:00,0,0,2017,1,2017-01
ord_001629,c_000303,delivered,2017-03-19 00:00:00,2017-03-19 00:00:00,2017-03-20 00:00:00,2017-03-26 00:00:00,2017-03-31 00:00:00,0,0,2017,3,2017-03
ord_001630,c_000262,delivered,2017-11-18 00:00:00,2017-11-18 00:00:00,2017-11-21 00:00:00,2017-11-22 00:00:00,2017-12-13 00:00:00,0,0,2017,11,2017-11
ord_001631,c_000784,delivered,2017-08-29 00:00:00,2017-08-29 00:00:00,2017-08-30 00:00:00,2017-09-09 00:00:00,2017-09-18 00:00:00,0,0,2017,8,2017-08
ord_001632,c_001224,delivered,2017-01-18 00:00:00,2017-01-18 00:00:00,2017-01-20 00:00:00,2017-01-24 00:00:00,2017-02-01 00:00:00,0,0,2017,1,2017-01
ord_001633,c_001264,delivered,2018-03-30 00:00:00,2018-03-30 00:00:00,2018-04-01 00:00:00,2018-04-16 00:00:00,2018-04-15 00:00:00,1,1,2018,3,2018-03
ord_001634,c_000914,shipped,2018-03-19 00:00:00,2018-03-19 00:00:00,2018-03-22 00:00:00,,2018-04-08 00:00:00,0,0,2018,3,2018-03
ord_001635,c_000692,delivered,2017-10-04 00:00:00,2017-10-04 00:00:00,2017-10-06 00:00:00,2017-10-09 00:00:00,2017-10-20 00:00:00,0,0,2017,10,2017-10
ord_001636,c_000944,delivered,2018-02-28 00:00:00,2018-02-28 00:00:00,2018-03-03 00:00:00,2018-03-18 00:00:00,2018-03-20 00:00:00,0,0,2018,2,2018-02
ord_001637,c_000683,delivered,2018-04-21 00:00:00,2018-04-21 00:00:00,2018-04-23 00:00:00,2018-04-30 00:00:00,2018-05-12 00:00:00,0,0,2018,4,2018-04
ord_001638,c_001319,delivered,2017-01-27 00:00:00,2017-01-27 00:00:00,2017-01-29 00:00:00,2017-02-04 00:00:00,2017-02-15 00:00:00,0,0,2017,1,2017-01
ord_001639,c_000689,delivered,2018-05-29 00:00:00,2018-05-29 00:00:00,2018-05-30 00:00:00,2018-06-15 00:00:00,2018-06-16 00:00:00,0,0,2018,5,2018-05
ord_001640,c_000396,delivered,2018-04-09 00:00:00,2018-04-09 00:00:00,2018-04-12 00:00:00,2018-05-01 00:00:00,2018-05-01 00:00:00,0,0,2018,4,2018-04
ord_001641,c_001162,delivered,2017-12-29 00:00:00,2017-12-29 00:00:00,2018-01-01 00:00:00,2018-01-10 00:00:00,2018-01-10 00:00:00,0,0,2017,12,2017-12
ord_001642,c_000839,delivered,2018-01-18 00:00:00,2018-01-18 00:00:00,2018-01-20 00:00:00,2018-01-29 00:00:00,2018-02-02 00:00:00,0,0,2018,1,2018-01
ord_001643,c_000878,delivered,2018-06-09 00:00:00,2018-06-09 00:00:00,2018-06-10 00:00:00,2018-06-15 00:00:00,2018-06-29 00:00:00,0,0,2018,6,2018-06
ord_001644,c_000823,delivered,2018-01-17 00:00:00,2018-01-17 00:00:00,2018-01-18 00:00:00,2018-02-07 00:00:00,2018-02-07 00:00:00,0,0,2018,1,2018-01
ord_001645,c_001153,delivered,2017-07-03 00:00:00,2017-07-03 00:00:00,2017-07-06 00:00:00,2017-07-14 00:00:00,2017-07-22 00:00:00,0,0,2017,7,2017-07
ord_001646,c_000049,delivered,2017-07-13 00:00:00,2017-07-13 00:00:00,2017-07-16 00:00:00,2017-08-01 00:00:00,2017-07-28 00:00:00,1,4,2017,7,2017-07
ord_001647,c_000789,delivered,2018-04-07 00:00:00,2018-04-07 00:00:00,2018-04-09 00:00:00,2018-04-25 00:00:00,2018-04-30 00:00:00,0,0,2018,4,2018-04
ord_001648,c_000293,delivered,2017-02-25 00:00:00,2017-02-25 00:00:00,2017-02-28 00:00:00,2017-03-21 00:00:00,2017-03-24 00:00:00,0,0,2017,2,2017-02
ord_001649,c_000536,delivered,2017-08-18 00:00:00,2017-08-18 00:00:00,2017-08-20 00:00:00,2017-09-05 00:00:00,2017-08-30 00:00:00,1,6,2017,8,2017-08
ord_001650,c_000311,delivered,2018-05-04 00:00:00,2018-05-04 00:00:00,2018-05-05 00:00:00,2018-05-23 00:00:00,2018-05-25 00:00:00,0,0,2018,5,2018-05
ord_001651,c_000537,delivered,2017-01-28 00:00:00,2017-01-28 00:00:00,2017-01-31 00:00:00,2017-02-01 00:00:00,2017-02-12 00:00:00,0,0,2017,1,2017-01
ord_001652,c_000639,delivered,2018-08-06 00:00:00,2018-08-06 00:00:00,2018-08-07 00:00:00,2018-08-19 00:00:00,2018-09-01 00:00:00,0,0,2018,8,2018-08
ord_001653,c_000234,delivered,2017-07-03 00:00:00,2017-07-03 00:00:00,2017-07-04 00:00:00,2017-07-25 00:00:00,2017-07-17 00:00:00,1,8,2017,7,2017-07
ord_001654,c_001233,delivered,2018-03-01 00:00:00,2018-03-01 00:00:00,2018-03-03 00:00:00,2018-03-09 00:00:00,2018-03-18 00:00:00,0,0,2018,3,2018-03
ord_001655,c_000605,delivered,2018-01-10 00:00:00,2018-01-10 00:00:00,2018-01-11 00:00:00,2018-01-31 00:00:00,2018-02-01 00:00:00,0,0,2018,1,2018-01
ord_001656,c_000094,delivered,2017-02-10 00:00:00,2017-02-10 00:00:00,2017-02-12 00:00:00,2017-02-16 00:00:00,2017-02-26 00:00:00,0,0,2017,2,2017-02
ord_001657,c_000327,delivered,2018-04-29 00:00:00,2018-04-29 00:00:00,2018-05-01 00:00:00,2018-05-06 00:00:00,2018-05-15 00:00:00,0,0,2018,4,2018-04
ord_001658,c_000225,delivered,2017-09-17 00:00:00,2017-09-17 00:00:00,2017-09-18 00:00:00,2017-09-24 00:00:00,2017-09-30 00:00:00,0,0,2017,9,2017-09
ord_001659,c_000967,shipped,2018-03-17 00:00:00,2018-03-17 00:00:00,2018-03-18 00:00:00,,2018-04-09 00:00:00,0,0,2018,3,2018-03
ord_001660,c_000890,delivered,2017-03-25 00:00:00,2017-03-25 00:00:00,2017-03-27 00:00:00,2017-04-06 00:00:00,2017-04-08 00:00:00,0,0,2017,3,2017-03
ord_001661,c_000011,delivered,2017-02-15 00:00:00,2017-02-15 00:00:00,2017-02-17 00:00:00,2017-02-19 00:00:00,2017-03-09 00:00:00,0,0,2017,2,2017-02
ord_001662,c_001353,delivered,2018-03-16 00:00:00,2018-03-16 00:00:00,2018-03-17 00:00:00,2018-04-04 00:00:00,2018-04-02 00:00:00,1,2,2018,3,2018-03
ord_001663,c_001036,delivered,2018-06-03 00:00:00,2018-06-03 00:00:00,2018-06-05 00:00:00,2018-06-15 00:00:00,2018-06-16 00:00:00,0,0,2018,6,2018-06
ord_001664,c_000035,delivered,2018-03-14 00:00:00,2018-03-14 00:00:00,2018-03-16 00:00:00,2018-03-28 00:00:00,2018-04-09 00:00:00,0,0,2018,3,2018-03
ord_001665,c_000447,delivered,2017-05-16 00:00:00,2017-05-16 00:00:00,2017-05-19 00:00:00,2017-05-25 00:00:00,2017-05-31 00:00:00,0,0,2017,5,2017-05
ord_001666,c_001476,delivered,2017-07-02 00:00:00,2017-07-02 00:00:00,2017-07-05 00:00:00,2017-07-22 00:00:00,2017-07-15 00:00:00,1,7,2017,7,2017-07
ord_001667,c_001244,delivered,2017-06-21 00:00:00,2017-06-21 00:00:00,2017-06-24 00:00:00,2017-07-06 00:00:00,2017-07-11 00:00:00,0,0,2017,6,2017-06
ord_001668,c_000441,delivered,2018-08-13 00:00:00,2018-08-13 00:00:00,2018-08-16 00:00:00,2018-08-24 00:00:00,2018-08-27 00:00:00,0,0,2018,8,2018-08
ord_001669,c_000653,delivered,2018-06-23 00:00:00,2018-06-23 00:00:00,2018-06-26 00:00:00,2018-07-12 00:00:00,2018-07-14 00:00:00,0,0,2018,6,2018-06
ord_001670,c_000595,delivered,2017-04-30 00:00:00,2017-04-30 00:00:00,2017-05-02 00:00:00,2017-05-08 00:00:00,2017-05-21 00:00:00,0,0,2017,4,2017-04
ord_001671,c_000229,delivered,2017-10-08 00:00:00,2017-10-08 00:00:00,2017-10-10 00:00:00,2017-11-01 00:00:00,2017-10-25 00:00:00,1,7,2017,10,2017-10
ord_001672,c_000344,delivered,2017-11-04 00:00:00,2017-11-04 00:00:00,2017-11-07 00:00:00,2017-11-08 00:00:00,2017-11-30 00:00:00,0,0,2017,11,2017-11
ord_001673,c_001104,delivered,2017-10-04 00:00:00,2017-10-04 00:00:00,2017-10-05 00:00:00,2017-10-24 00:00:00,2017-10-16 00:00:00,1,8,2017,10,2017-10
ord_001674,c_001377,delivered,2018-06-14 00:00:00,2018-06-14 00:00:00,2018-06-17 00:00:00,2018-07-08 00:00:00,2018-07-08 00:00:00,0,0,2018,6,2018-06
ord_001675,c_001420,delivered,2017-10-22 00:00:00,2017-10-22 00:00:00,2017-10-23 00:00:00,2017-11-02 00:00:00,2017-11-13 00:00:00,0,0,2017,10,2017-10
ord_001676,c_001314,delivered,2017-02-22 00:00:00,2017-02-22 00:00:00,2017-02-24 00:00:00,2017-03-07 00:00:00,2017-03-19 00:00:00,0,0,2017,2,2017-02
ord_001677,c_001479,delivered,2018-03-08 00:00:00,2018-03-08 00:00:00,2018-03-09 00:00:00,2018-03-29 00:00:00,2018-04-03 00:00:00,0,0,2018,3,2018-03
ord_001678,c_000989,delivered,2017-02-21 00:00:00,2017-02-21 00:00:00,2017-02-23 00:00:00,2017-03-11 00:00:00,2017-03-19 00:00:00,0,0,2017,2,2017-02
ord_001679,c_001152,invoiced,2017-03-13 00:00:00,2017-03-13 00:00:00,2017-03-14 00:00:00,,2017-04-03 00:00:00,0,0,2017,3,2017-03
ord_001680,c_000909,delivered,2017-01-28 00:00:00,2017-01-28 00:00:00,2017-01-30 00:00:00,2017-02-13 00:00:00,2017-02-11 00:00:00,1,2,2017,1,2017-01
ord_001681,c_001383,delivered,2018-04-14 00:00:00,2018-04-14 00:00:00,2018-04-16 00:00:00,2018-04-27 00:00:00,2018-05-03 00:00:00,0,0,2018,4,2018-04
ord_001682,c_000527,delivered,2018-07-01 00:00:00,2018-07-01 00:00:00,2018-07-04 00:00:00,2018-07-13 00:00:00,2018-07-17 00:00:00,0,0,2018,7,2018-07
ord_001683,c_001337,delivered,2018-02-05 00:00:00,2018-02-05 00:00:00,2018-02-07 00:00:00,2018-02-21 00:00:00,2018-03-04 00:00:00,0,0,2018,2,2018-02
ord_001684,c_000075,delivered,2017-07-20 00:00:00,2017-07-20 00:00:00,2017-07-23 00:00:00,2017-07-26 00:00:00,2017-08-08 00:00:00,0,0,2017,7,2017-07
ord_001685,c_000196,delivered,2018-04-11 00:00:00,2018-04-11 00:00:00,2018-04-14 00:00:00,2018-04-17 00:00:00,2018-05-08 00:00:00,0,0,2018,4,2018-04
ord_001686,c_000029,delivered,2018-08-18 00:00:00,2018-08-18 00:00:00,2018-08-21 00:00:00,2018-08-22 00:00:00,2018-09-13 00:00:00,0,0,2018,8,2018-08
ord_001687,c_000706,delivered,2018-07-14 00:00:00,2018-07-14 00:00:00,2018-07-15 00:00:00,2018-07-19 00:00:00,2018-07-27 00:00:00,0,0,2018,7,2018-07
ord_001688,c_001021,delivered,2018-01-14 00:00:00,2018-01-14 00:00:00,2018-01-15 00:00:00,2018-01-28 00:00:00,2018-02-01 00:00:00,0,0,2018,1,2018-01
ord_001689,c_000016,delivered,2017-06-26 00:00:00,2017-06-26 00:00:00,2017-06-28 00:00:00,2017-07-13 00:00:00,2017-07-16 00:00:00,0,0,2017,6,2017-06
ord_001690,c_001447,delivered,2017-02-21 00:00:00,2017-02-21 00:00:00,2017-02-24 00:00:00,2017-03-06 00:00:00,2017-03-11 00:00:00,0,0,2017,2,2017-02
ord_001691,c_000805,delivered,2017-03-20 00:00:00,2017-03-20 00:00:00,2017-03-23 00:00:00,2017-03-30 00:00:00,2017-04-03 00:00:00,0,0,2017,3,2017-03
ord_001692,c_001429,delivered,2018-01-20 00:00:00,2018-01-20 00:00:00,2018-01-22 00:00:00,2018-01-24 00:00:00,2018-02-07 00:00:00,0,0,2018,1,2018-01
ord_001693,c_000940,delivered,2018-07-30 00:00:00,2018-07-30 00:00:00,2018-08-02 00:00:00,2018-08-09 00:00:00,2018-08-25 00:00:00,0,0,2018,7,2018-07
ord_001694,c_000967,delivered,2017-01-08 00:00:00,2017-01-08 00:00:00,2017-01-10 00:00:00,2017-01-26 00:00:00,2017-01-27 00:00:00,0,0,2017,1,2017-01
ord_001695,c_001101,delivered,2017-08-02 00:00:00,2017-08-02 00:00:00,2017-08-05 00:00:00,2017-08-16 00:00:00,2017-08-27 00:00:00,0,0,2017,8,2017-08
ord_001696,c_000229,delivered,2017-01-25 00:00:00,2017-01-25 00:00:00,2017-01-26 00:00:00,2017-02-03 00:00:00,2017-02-06 00:00:00,0,0,2017,1,2017-01
ord_001697,c_000962,delivered,2018-03-26 00:00:00,2018-03-26 00:00:00,2018-03-28 00:00:00,2018-04-05 00:00:00,2018-04-19 00:00:00,0,0,2018,3,2018-03
ord_001698,c_001321,delivered,2018-04-02 00:00:00,2018-04-02 00:00:00,2018-04-04 00:00:00,2018-04-12 00:00:00,2018-04-26 00:00:00,0,0,2018,4,2018-04
ord_001699,c_000715,delivered,2018-04-06 00:00:00,2018-04-06 00:00:00,2018-04-07 00:00:00,2018-04-10 00:00:00,2018-04-20 00:00:00,0,0,2018,4,2018-04
ord_001700,c_000984,delivered,2017-07-17 00:00:00,2017-07-17 00:00:00,2017-07-19 00:00:00,2017-07-30 00:00:00,2017-08-02 00:00:00,0,0,2017,7,2017-07
ord_001701,c_000573,delivered,2017-04-04 00:00:00,2017-04-04 00:00:00,2017-04-05 00:00:00,2017-04-28 00:00:00,2017-04-27 00:00:00,1,1,2017,4,2017-04
ord_001702,c_000615,delivered,2018-03-13 00:00:00,2018-03-13 00:00:00,2018-03-16 00:00:00,2018-03-31 00:00:00,2018-03-30 00:00:00,1,1,2018,3,2018-03
ord_001703,c_000326,delivered,2018-06-11 00:00:00,2018-06-11 00:00:00,2018-06-12 00:00:00,2018-06-22 00:00:00,2018-06-25 00:00:00,0,0,2018,6,2018-06
ord_001704,c_001387,delivered,2018-01-13 00:00:00,2018-01-13 00:00:00,2018-01-14 00:00:00,2018-02-04 00:00:00,2018-02-08 00:00:00,0,0,2018,1,2018-01
ord_001705,c_000875,delivered,2018-08-10 00:00:00,2018-08-10 00:00:00,2018-08-12 00:00:00,2018-08-16 00:00:00,2018-08-25 00:00:00,0,0,2018,8,2018-08
ord_001706,c_000359,delivered,2017-04-14 00:00:00,2017-04-14 00:00:00,2017-04-17 00:00:00,2017-05-02 00:00:00,2017-04-30 00:00:00,1,2,2017,4,2017-04
ord_001707,c_000324,delivered,2017-02-08 00:00:00,2017-02-08 00:00:00,2017-02-09 00:00:00,2017-02-15 00:00:00,2017-03-06 00:00:00,0,0,2017,2,2017-02
ord_001708,c_001350,delivered,2018-04-03 00:00:00,2018-04-03 00:00:00,2018-04-06 00:00:00,2018-04-12 00:00:00,2018-04-17 00:00:00,0,0,2018,4,2018-04
ord_001709,c_000165,delivered,2017-12-30 00:00:00,2017-12-30 00:00:00,2017-12-31 00:00:00,2018-01-12 00:00:00,2018-01-26 00:00:00,0,0,2017,12,2017-12
ord_001710,c_000798,delivered,2017-05-15 00:00:00,2017-05-15 00:00:00,2017-05-17 00:00:00,2017-06-05 00:00:00,2017-05-30 00:00:00,1,6,2017,5,2017-05
ord_001711,c_000455,delivered,2018-01-09 00:00:00,2018-01-09 00:00:00,2018-01-10 00:00:00,2018-01-28 00:00:00,2018-01-25 00:00:00,1,3,2018,1,2018-01
ord_001712,c_001177,delivered,2017-08-20 00:00:00,2017-08-20 00:00:00,2017-08-21 00:00:00,2017-09-10 00:00:00,2017-09-02 00:00:00,1,8,2017,8,2017-08
ord_001713,c_001151,delivered,2017-02-08 00:00:00,2017-02-08 00:00:00,2017-02-11 00:00:00,2017-02-17 00:00:00,2017-03-01 00:00:00,0,0,2017,2,2017-02
ord_001714,c_000193,canceled,2017-02-16 00:00:00,2017-02-16 00:00:00,2017-02-17 00:00:00,,2017-03-08 00:00:00,0,0,2017,2,2017-02
ord_001715,c_000627,delivered,2017-02-05 00:00:00,2017-02-05 00:00:00,2017-02-07 00:00:00,2017-02-25 00:00:00,2017-02-26 00:00:00,0,0,2017,2,2017-02
ord_001716,c_000530,delivered,2017-04-05 00:00:00,2017-04-05 00:00:00,2017-04-07 00:00:00,2017-04-26 00:00:00,2017-04-24 00:00:00,1,2,2017,4,2017-04
ord_001717,c_001034,delivered,2017-12-27 00:00:00,2017-12-27 00:00:00,2017-12-28 00:00:00,2018-01-12 00:00:00,2018-01-19 00:00:00,0,0,2017,12,2017-12
ord_001718,c_000092,delivered,2018-06-09 00:00:00,2018-06-09 00:00:00,2018-06-10 00:00:00,2018-06-19 00:00:00,2018-07-06 00:00:00,0,0,2018,6,2018-06
ord_001719,c_000139,delivered,2017-05-26 00:00:00,2017-05-26 00:00:00,2017-05-29 00:00:00,2017-06-18 00:00:00,2017-06-12 00:00:00,1,6,2017,5,2017-05
ord_001720,c_000481,delivered,2018-01-03 00:00:00,2018-01-03 00:00:00,2018-01-06 00:00:00,2018-01-18 00:00:00,2018-01-24 00:00:00,0,0,2018,1,2018-01
ord_001721,c_000449,delivered,2017-03-06 00:00:00,2017-03-06 00:00:00,2017-03-08 00:00:00,2017-03-11 00:00:00,2017-03-28 00:00:00,0,0,2017,3,2017-03
ord_001722,c_001357,delivered,2017-08-16 00:00:00,2017-08-16 00:00:00,2017-08-19 00:00:00,2017-08-31 00:00:00,2017-08-30 00:00:00,1,1,2017,8,2017-08
ord_001723,c_000869,delivered,2018-06-04 00:00:00,2018-06-04 00:00:00,2018-06-05 00:00:00,2018-06-19 00:00:00,2018-06-26 00:00:00,0,0,2018,6,2018-06
ord_001724,c_000340,delivered,2018-07-09 00:00:00,2018-07-09 00:00:00,2018-07-11 00:00:00,2018-07-16 00:00:00,2018-07-22 00:00:00,0,0,2018,7,2018-07
ord_001725,c_001076,delivered,2017-06-30 00:00:00,2017-06-30 00:00:00,2017-07-03 00:00:00,2017-07-07 00:00:00,2017-07-18 00:00:00,0,0,2017,6,2017-06
ord_001726,c_000466,delivered,2018-05-16 00:00:00,2018-05-16 00:00:00,2018-05-18 00:00:00,2018-06-06 00:00:00,2018-06-04 00:00:00,1,2,2018,5,2018-05
ord_001727,c_000718,delivered,2018-08-20 00:00:00,2018-08-20 00:00:00,2018-08-21 00:00:00,2018-09-08 00:00:00,2018-09-10 00:00:00,0,0,2018,8,2018-08
ord_001728,c_000799,delivered,2017-06-04 00:00:00,2017-06-04 00:00:00,2017-06-07 00:00:00,2017-06-21 00:00:00,2017-06-16 00:00:00,1,5,2017,6,2017-06
ord_001729,c_000475,delivered,2018-06-19 00:00:00,2018-06-19 00:00:00,2018-06-20 00:00:00,2018-07-09 00:00:00,2018-07-14 00:00:00,0,0,2018,6,2018-06
ord_001730,c_000401,delivered,2018-03-11 00:00:00,2018-03-11 00:00:00,2018-03-12 00:00:00,2018-03-31 00:00:00,2018-04-06 00:00:00,0,0,2018,3,2018-03
ord_001731,c_001463,delivered,2017-04-09 00:00:00,2017-04-09 00:00:00,2017-04-11 00:00:00,2017-04-15 00:00:00,2017-04-26 00:00:00,0,0,2017,4,2017-04
ord_001732,c_000605,delivered,2018-01-07 00:00:00,2018-01-07 00:00:00,2018-01-09 00:00:00,2018-01-16 00:00:00,2018-01-25 00:00:00,0,0,2018,1,2018-01
ord_001733,c_000932,delivered,2018-07-17 00:00:00,2018-07-17 00:00:00,2018-07-19 00:00:00,2018-08-02 00:00:00,2018-08-12 00:00:00,0,0,2018,7,2018-07
ord_001734,c_000997,delivered,2017-12-28 00:00:00,2017-12-28 00:00:00,2017-12-31 00:00:00,2018-01-09 00:00:00,2018-01-21 00:00:00,0,0,2017,12,2017-12
ord_001735,c_000922,delivered,2017-04-22 00:00:00,2017-04-22 00:00:00,2017-04-25 00:00:00,2017-05-16 00:00:00,2017-05-12 00:00:00,1,4,2017,4,2017-04
ord_001736,c_000821,shipped,2018-03-29 00:00:00,2018-03-29 00:00:00,2018-03-31 00:00:00,,2018-04-21 00:00:00,0,0,2018,3,2018-03
ord_001737,c_000657,delivered,2017-06-18 00:00:00,2017-06-18 00:00:00,2017-06-21 00:00:00,2017-06-29 00:00:00,2017-07-02 00:00:00,0,0,2017,6,2017-06
ord_001738,c_000598,delivered,2018-08-07 00:00:00,2018-08-07 00:00:00,2018-08-10 00:00:00,2018-08-27 00:00:00,2018-08-20 00:00:00,1,7,2018,8,2018-08
ord_001739,c_001177,delivered,2017-05-19 00:00:00,2017-05-19 00:00:00,2017-05-21 00:00:00,2017-06-07 00:00:00,2017-06-04 00:00:00,1,3,2017,5,2017-05
ord_001740,c_000514,delivered,2017-08-19 00:00:00,2017-08-19 00:00:00,2017-08-20 00:00:00,2017-09-07 00:00:00,2017-09-12 00:00:00,0,0,2017,8,2017-08
ord_001741,c_001030,delivered,2017-08-27 00:00:00,2017-08-27 00:00:00,2017-08-30 00:00:00,2017-09-18 00:00:00,2017-09-22 00:00:00,0,0,2017,8,2017-08
ord_001742,c_000500,delivered,2017-09-10 00:00:00,2017-09-10 00:00:00,2017-09-13 00:00:00,2017-09-29 00:00:00,2017-10-01 00:00:00,0,0,2017,9,2017-09
ord_001743,c_000717,delivered,2018-03-12 00:00:00,2018-03-12 00:00:00,2018-03-13 00:00:00,2018-03-29 00:00:00,2018-03-24 00:00:00,1,5,2018,3,2018-03
ord_001744,c_001142,delivered,2018-07-15 00:00:00,2018-07-15 00:00:00,2018-07-16 00:00:00,2018-08-07 00:00:00,2018-08-08 00:00:00,0,0,2018,7,2018-07
ord_001745,c_000601,delivered,2018-02-26 00:00:00,2018-02-26 00:00:00,2018-02-27 00:00:00,2018-03-15 00:00:00,2018-03-15 00:00:00,0,0,2018,2,2018-02
ord_001746,c_000666,delivered,2017-10-30 00:00:00,2017-10-30 00:00:00,2017-11-01 00:00:00,2017-11-16 00:00:00,2017-11-19 00:00:00,0,0,2017,10,2017-10
ord_001747,c_000468,delivered,2017-03-13 00:00:00,2017-03-13 00:00:00,2017-03-14 00:00:00,2017-03-30 00:00:00,2017-04-03 00:00:00,0,0,2017,3,2017-03
ord_001748,c_000161,delivered,2017-09-20 00:00:00,2017-09-20 00:00:00,2017-09-22 00:00:00,2017-10-05 00:00:00,2017-10-16 00:00:00,0,0,2017,9,2017-09
ord_001749,c_000270,delivered,2017-08-10 00:00:00,2017-08-10 00:00:00,2017-08-11 00:00:00,2017-08-19 00:00:00,2017-08-30 00:00:00,0,0,2017,8,2017-08
ord_001750,c_001080,delivered,2017-03-18 00:00:00,2017-03-18 00:00:00,2017-03-19 00:00:00,2017-04-10 00:00:00,2017-04-05 00:00:00,1,5,2017,3,2017-03
ord_001751,c_000228,delivered,2017-03-03 00:00:00,2017-03-03 00:00:00,2017-03-05 00:00:00,2017-03-19 00:00:00,2017-03-28 00:00:00,0,0,2017,3,2017-03
ord_001752,c_000849,delivered,2018-04-16 00:00:00,2018-04-16 00:00:00,2018-04-18 00:00:00,2018-05-05 00:00:00,2018-05-08 00:00:00,0,0,2018,4,2018-04
ord_001753,c_000149,delivered,2017-06-06 00:00:00,2017-06-06 00:00:00,2017-06-07 00:00:00,2017-06-18 00:00:00,2017-06-24 00:00:00,0,0,2017,6,2017-06
ord_001754,c_001070,delivered,2017-05-05 00:00:00,2017-05-05 00:00:00,2017-05-06 00:00:00,2017-05-10 00:00:00,2017-05-31 00:00:00,0,0,2017,5,2017-05
ord_001755,c_001168,delivered,2017-06-10 00:00:00,2017-06-10 00:00:00,2017-06-11 00:00:00,2017-06-16 00:00:00,2017-06-29 00:00:00,0,0,2017,6,2017-06
ord_001756,c_000632,delivered,2018-06-25 00:00:00,2018-06-25 00:00:00,2018-06-28 00:00:00,2018-07-08 00:00:00,2018-07-16 00:00:00,0,0,2018,6,2018-06
ord_001757,c_001364,delivered,2018-08-14 00:00:00,2018-08-14 00:00:00,2018-08-15 00:00:00,2018-09-06 00:00:00,2018-09-08 00:00:00,0,0,2018,8,2018-08
ord_001758,c_000413,delivered,2018-06-19 00:00:00,2018-06-19 00:00:00,2018-06-21 00:00:00,2018-06-24 00:00:00,2018-07-02 00:00:00,0,0,2018,6,2018-06
ord_001759,c_000520,delivered,2017-04-16 00:00:00,2017-04-16 00:00:00,2017-04-19 00:00:00,2017-04-29 00:00:00,2017-05-11 00:00:00,0,0,2017,4,2017-04
ord_001760,c_001368,delivered,2017-05-11 00:00:00,2017-05-11 00:00:00,2017-05-13 00:00:00,2017-05-22 00:00:00,2017-05-28 00:00:00,0,0,2017,5,2017-05
ord_001761,c_000387,delivered,2017-12-23 00:00:00,2017-12-23 00:00:00,2017-12-26 00:00:00,2018-01-12 00:00:00,2018-01-08 00:00:00,1,4,2017,12,2017-12
ord_001762,c_001497,delivered,2017-01-02 00:00:00,2017-01-02 00:00:00,2017-01-05 00:00:00,2017-01-06 00:00:00,2017-01-18 00:00:00,0,0,2017,1,2017-01
ord_001763,c_000275,delivered,2017-08-21 00:00:00,2017-08-21 00:00:00,2017-08-23 00:00:00,2017-08-30 00:00:00,2017-09-14 00:00:00,0,0,2017,8,2017-08
ord_001764,c_000353,delivered,2018-01-04 00:00:00,2018-01-04 00:00:00,2018-01-07 00:00:00,2018-01-14 00:00:00,2018-01-18 00:00:00,0,0,2018,1,2018-01
ord_001765,c_001090,delivered,2017-09-08 00:00:00,2017-09-08 00:00:00,2017-09-10 00:00:00,2017-09-26 00:00:00,2017-09-22 00:00:00,1,4,2017,9,2017-09
ord_001766,c_001103,delivered,2017-04-18 00:00:00,2017-04-18 00:00:00,2017-04-19 00:00:00,2017-05-09 00:00:00,2017-05-05 00:00:00,1,4,2017,4,2017-04
ord_001767,c_000598,delivered,2017-10-03 00:00:00,2017-10-03 00:00:00,2017-10-06 00:00:00,2017-10-15 00:00:00,2017-10-26 00:00:00,0,0,2017,10,2017-10
ord_001768,c_001226,delivered,2017-06-29 00:00:00,2017-06-29 00:00:00,2017-07-01 00:00:00,2017-07-10 00:00:00,2017-07-20 00:00:00,0,0,2017,6,2017-06
ord_001769,c_000558,delivered,2017-10-20 00:00:00,2017-10-20 00:00:00,2017-10-23 00:00:00,2017-11-02 00:00:00,2017-11-13 00:00:00,0,0,2017,10,2017-10
ord_001770,c_000113,delivered,2018-08-07 00:00:00,2018-08-07 00:00:00,2018-08-09 00:00:00,2018-08-14 00:00:00,2018-08-28 00:00:00,0,0,2018,8,2018-08
ord_001771,c_001115,delivered,2017-06-24 00:00:00,2017-06-24 00:00:00,2017-06-25 00:00:00,2017-07-17 00:00:00,2017-07-12 00:00:00,1,5,2017,6,2017-06
ord_001772,c_000141,delivered,2017-05-03 00:00:00,2017-05-03 00:00:00,2017-05-04 00:00:00,2017-05-14 00:00:00,2017-05-28 00:00:00,0,0,2017,5,2017-05
ord_001773,c_001313,delivered,2017-08-15 00:00:00,2017-08-15 00:00:00,2017-08-18 00:00:00,2017-08-19 00:00:00,2017-08-27 00:00:00,0,0,2017,8,2017-08
ord_001774,c_000730,delivered,2018-03-20 00:00:00,2018-03-20 00:00:00,2018-03-23 00:00:00,2018-03-31 00:00:00,2018-04-14 00:00:00,0,0,2018,3,2018-03
ord_001775,c_000589,delivered,2018-03-04 00:00:00,2018-03-04 00:00:00,2018-03-06 00:00:00,2018-03-19 00:00:00,2018-03-18 00:00:00,1,1,2018,3,2018-03
ord_001776,c_000411,shipped,2017-03-24 00:00:00,2017-03-24 00:00:00,2017-03-26 00:00:00,,2017-04-16 00:00:00,0,0,2017,3,2017-03
ord_001777,c_000377,delivered,2017-03-06 00:00:00,2017-03-06 00:00:00,2017-03-09 00:00:00,2017-03-22 00:00:00,2017-03-18 00:00:00,1,4,2017,3,2017-03
ord_001778,c_001408,delivered,2017-10-08 00:00:00,2017-10-08 00:00:00,2017-10-10 00:00:00,2017-10-27 00:00:00,2017-10-29 00:00:00,0,0,2017,10,2017-10
ord_001779,c_001176,delivered,2018-01-26 00:00:00,2018-01-26 00:00:00,2018-01-28 00:00:00,2018-02-16 00:00:00,2018-02-09 00:00:00,1,7,2018,1,2018-01
ord_001780,c_000751,delivered,2018-03-04 00:00:00,2018-03-04 00:00:00,2018-03-06 00:00:00,2018-03-08 00:00:00,2018-03-20 00:00:00,0,0,2018,3,2018-03
ord_001781,c_000627,delivered,2017-04-17 00:00:00,2017-04-17 00:00:00,2017-04-20 00:00:00,2017-05-07 00:00:00,2017-05-07 00:00:00,0,0,2017,4,2017-04
ord_001782,c_001343,delivered,2018-07-02 00:00:00,2018-07-02 00:00:00,2018-07-03 00:00:00,2018-07-21 00:00:00,2018-07-16 00:00:00,1,5,2018,7,2018-07
ord_001783,c_001393,delivered,2017-09-19 00:00:00,2017-09-19 00:00:00,2017-09-20 00:00:00,2017-09-27 00:00:00,2017-10-10 00:00:00,0,0,2017,9,2017-09
ord_001784,c_000995,delivered,2017-06-08 00:00:00,2017-06-08 00:00:00,2017-06-10 00:00:00,2017-07-01 00:00:00,2017-07-03 00:00:00,0,0,2017,6,2017-06
ord_001785,c_000703,delivered,2017-09-22 00:00:00,2017-09-22 00:00:00,2017-09-25 00:00:00,2017-10-16 00:00:00,2017-10-13 00:00:00,1,3,2017,9,2017-09
ord_001786,c_000462,delivered,2018-04-13 00:00:00,2018-04-13 00:00:00,2018-04-15 00:00:00,2018-04-26 00:00:00,2018-05-03 00:00:00,0,0,2018,4,2018-04
ord_001787,c_000012,delivered,2017-07-21 00:00:00,2017-07-21 00:00:00,2017-07-22 00:00:00,2017-07-30 00:00:00,2017-08-17 00:00:00,0,0,2017,7,2017-07
ord_001788,c_001180,delivered,2017-06-04 00:00:00,2017-06-04 00:00:00,2017-06-06 00:00:00,2017-06-19 00:00:00,2017-06-16 00:00:00,1,3,2017,6,2017-06
ord_001789,c_000477,delivered,2017-01-13 00:00:00,2017-01-13 00:00:00,2017-01-14 00:00:00,2017-01-26 00:00:00,2017-01-30 00:00:00,0,0,2017,1,2017-01
ord_001790,c_000939,delivered,2017-10-24 00:00:00,2017-10-24 00:00:00,2017-10-27 00:00:00,2017-11-13 00:00:00,2017-11-13 00:00:00,0,0,2017,10,2017-10
ord_001791,c_000401,delivered,2018-05-13 00:00:00,2018-05-13 00:00:00,2018-05-15 00:00:00,2018-05-18 00:00:00,2018-06-05 00:00:00,0,0,2018,5,2018-05
ord_001792,c_000808,delivered,2018-08-20 00:00:00,2018-08-20 00:00:00,2018-08-23 00:00:00,2018-09-11 00:00:00,2018-09-05 00:00:00,1,6,2018,8,2018-08
ord_001793,c_000177,delivered,2017-09-02 00:00:00,2017-09-02 00:00:00,2017-09-04 00:00:00,2017-09-25 00:00:00,2017-09-24 00:00:00,1,1,2017,9,2017-09
ord_001794,c_001365,delivered,2017-10-27 00:00:00,2017-10-27 00:00:00,2017-10-29 00:00:00,2017-11-05 00:00:00,2017-11-21 00:00:00,0,0,2017,10,2017-10
ord_001795,c_000057,delivered,2017-12-28 00:00:00,2017-12-28 00:00:00,2017-12-30 00:00:00,2018-01-13 00:00:00,2018-01-18 00:00:00,0,0,2017,12,2017-12
ord_001796,c_000448,delivered,2017-12-20 00:00:00,2017-12-20 00:00:00,2017-12-22 00:00:00,2018-01-01 00:00:00,2018-01-02 00:00:00,0,0,2017,12,2017-12
ord_001797,c_000203,shipped,2018-06-05 00:00:00,2018-06-05 00:00:00,2018-06-07 00:00:00,,2018-06-21 00:00:00,0,0,2018,6,2018-06
ord_001798,c_000738,delivered,2018-01-21 00:00:00,2018-01-21 00:00:00,2018-01-24 00:00:00,2018-02-11 00:00:00,2018-02-02 00:00:00,1,9,2018,1,2018-01
ord_001799,c_000202,delivered,2017-11-08 00:00:00,2017-11-08 00:00:00,2017-11-11 00:00:00,2017-11-19 00:00:00,2017-11-28 00:00:00,0,0,2017,11,2017-11
ord_001800,c_001354,delivered,2018-02-18 00:00:00,2018-02-18 00:00:00,2018-02-19 00:00:00,2018-03-11 00:00:00,2018-03-11 00:00:00,0,0,2018,2,2018-02
ord_001801,c_000363,delivered,2017-10-05 00:00:00,2017-10-05 00:00:00,2017-10-07 00:00:00,2017-10-10 00:00:00,2017-10-29 00:00:00,0,0,2017,10,2017-10
ord_001802,c_000892,delivered,2018-08-16 00:00:00,2018-08-16 00:00:00,2018-08-17 00:00:00,2018-08-27 00:00:00,2018-09-06 00:00:00,0,0,2018,8,2018-08
ord_001803,c_000454,delivered,2017-12-22 00:00:00,2017-12-22 00:00:00,2017-12-25 00:00:00,2018-01-04 00:00:00,2018-01-11 00:00:00,0,0,2017,12,2017-12
ord_001804,c_000356,delivered,2018-06-09 00:00:00,2018-06-09 00:00:00,2018-06-10 00:00:00,2018-06-21 00:00:00,2018-06-26 00:00:00,0,0,2018,6,2018-06
ord_001805,c_000216,delivered,2017-01-16 00:00:00,2017-01-16 00:00:00,2017-01-19 00:00:00,2017-02-06 00:00:00,2017-02-07 00:00:00,0,0,2017,1,2017-01
ord_001806,c_000972,delivered,2017-02-14 00:00:00,2017-02-14 00:00:00,2017-02-16 00:00:00,2017-02-25 00:00:00,2017-03-06 00:00:00,0,0,2017,2,2017-02
ord_001807,c_000555,delivered,2017-11-17 00:00:00,2017-11-17 00:00:00,2017-11-18 00:00:00,2017-12-09 00:00:00,2017-12-12 00:00:00,0,0,2017,11,2017-11
ord_001808,c_000887,delivered,2017-11-22 00:00:00,2017-11-22 00:00:00,2017-11-23 00:00:00,2017-11-28 00:00:00,2017-12-06 00:00:00,0,0,2017,11,2017-11
ord_001809,c_000023,delivered,2017-05-28 00:00:00,2017-05-28 00:00:00,2017-05-29 00:00:00,2017-06-09 00:00:00,2017-06-23 00:00:00,0,0,2017,5,2017-05
ord_001810,c_000155,delivered,2017-12-21 00:00:00,2017-12-21 00:00:00,2017-12-22 00:00:00,2018-01-06 00:00:00,2018-01-05 00:00:00,1,1,2017,12,2017-12
ord_001811,c_001210,delivered,2017-08-24 00:00:00,2017-08-24 00:00:00,2017-08-26 00:00:00,2017-09-05 00:00:00,2017-09-17 00:00:00,0,0,2017,8,2017-08
ord_001812,c_000249,delivered,2017-04-15 00:00:00,2017-04-15 00:00:00,2017-04-18 00:00:00,2017-05-08 00:00:00,2017-05-02 00:00:00,1,6,2017,4,2017-04
ord_001813,c_000749,delivered,2018-04-19 00:00:00,2018-04-19 00:00:00,2018-04-22 00:00:00,2018-05-04 00:00:00,2018-05-04 00:00:00,0,0,2018,4,2018-04
ord_001814,c_000805,delivered,2018-01-31 00:00:00,2018-01-31 00:00:00,2018-02-02 00:00:00,2018-02-16 00:00:00,2018-02-12 00:00:00,1,4,2018,1,2018-01
ord_001815,c_000134,delivered,2018-03-22 00:00:00,2018-03-22 00:00:00,2018-03-25 00:00:00,2018-04-02 00:00:00,2018-04-09 00:00:00,0,0,2018,3,2018-03
ord_001816,c_000321,delivered,2017-08-08 00:00:00,2017-08-08 00:00:00,2017-08-09 00:00:00,2017-08-26 00:00:00,2017-08-24 00:00:00,1,2,2017,8,2017-08
ord_001817,c_000390,shipped,2018-03-18 00:00:00,2018-03-18 00:00:00,2018-03-20 00:00:00,,2018-04-12 00:00:00,0,0,2018,3,2018-03
ord_001818,c_000434,delivered,2017-01-28 00:00:00,2017-01-28 00:00:00,2017-01-31 00:00:00,2017-02-21 00:00:00,2017-02-23 00:00:00,0,0,2017,1,2017-01
ord_001819,c_001046,delivered,2018-04-20 00:00:00,2018-04-20 00:00:00,2018-04-22 00:00:00,2018-05-06 00:00:00,2018-05-09 00:00:00,0,0,2018,4,2018-04
ord_001820,c_000873,delivered,2017-11-01 00:00:00,2017-11-01 00:00:00,2017-11-03 00:00:00,2017-11-21 00:00:00,2017-11-21 00:00:00,0,0,2017,11,2017-11
ord_001821,c_001149,delivered,2018-02-09 00:00:00,2018-02-09 00:00:00,2018-02-12 00:00:00,2018-02-27 00:00:00,2018-02-25 00:00:00,1,2,2018,2,2018-02
ord_001822,c_001103,invoiced,2018-05-28 00:00:00,2018-05-28 00:00:00,2018-05-31 00:00:00,,2018-06-16 00:00:00,0,0,2018,5,2018-05
ord_001823,c_000858,delivered,2018-05-17 00:00:00,2018-05-17 00:00:00,2018-05-19 00:00:00,2018-05-23 00:00:00,2018-06-10 00:00:00,0,0,2018,5,2018-05
ord_001824,c_000051,delivered,2017-12-14 00:00:00,2017-12-14 00:00:00,2017-12-16 00:00:00,2017-12-31 00:00:00,2017-12-26 00:00:00,1,5,2017,12,2017-12
ord_001825,c_000176,delivered,2017-08-28 00:00:00,2017-08-28 00:00:00,2017-08-31 00:00:00,2017-09-10 00:00:00,2017-09-09 00:00:00,1,1,2017,8,2017-08
ord_001826,c_000870,delivered,2018-07-24 00:00:00,2018-07-24 00:00:00,2018-07-26 00:00:00,2018-08-13 00:00:00,2018-08-11 00:00:00,1,2,2018,7,2018-07
ord_001827,c_000253,delivered,2017-12-03 00:00:00,2017-12-03 00:00:00,2017-12-06 00:00:00,2017-12-14 00:00:00,2017-12-29 00:00:00,0,0,2017,12,2017-12
ord_001828,c_000966,delivered,2017-01-26 00:00:00,2017-01-26 00:00:00,2017-01-28 00:00:00,2017-02-16 00:00:00,2017-02-12 00:00:00,1,4,2017,1,2017-01
ord_001829,c_001270,shipped,2018-02-13 00:00:00,2018-02-13 00:00:00,2018-02-15 00:00:00,,2018-03-01 00:00:00,0,0,2018,2,2018-02
ord_001830,c_000739,delivered,2017-03-18 00:00:00,2017-03-18 00:00:00,2017-03-20 00:00:00,2017-04-07 00:00:00,2017-04-12 00:00:00,0,0,2017,3,2017-03
ord_001831,c_001130,delivered,2017-08-05 00:00:00,2017-08-05 00:00:00,2017-08-08 00:00:00,2017-08-19 00:00:00,2017-08-31 00:00:00,0,0,2017,8,2017-08
ord_001832,c_001217,delivered,2017-11-24 00:00:00,2017-11-24 00:00:00,2017-11-25 00:00:00,2017-12-06 00:00:00,2017-12-10 00:00:00,0,0,2017,11,2017-11
ord_001833,c_001340,delivered,2017-01-23 00:00:00,2017-01-23 00:00:00,2017-01-26 00:00:00,2017-02-10 00:00:00,2017-02-17 00:00:00,0,0,2017,1,2017-01
ord_001834,c_000302,delivered,2017-11-06 00:00:00,2017-11-06 00:00:00,2017-11-08 00:00:00,2017-11-18 00:00:00,2017-11-26 00:00:00,0,0,2017,11,2017-11
ord_001835,c_000548,delivered,2018-08-22 00:00:00,2018-08-22 00:00:00,2018-08-23 00:00:00,2018-09-06 00:00:00,2018-09-03 00:00:00,1,3,2018,8,2018-08
ord_001836,c_000716,delivered,2017-09-24 00:00:00,2017-09-24 00:00:00,2017-09-25 00:00:00,2017-10-08 00:00:00,2017-10-13 00:00:00,0,0,2017,9,2017-09
ord_001837,c_000779,delivered,2018-02-19 00:00:00,2018-02-19 00:00:00,2018-02-21 00:00:00,2018-03-11 00:00:00,2018-03-04 00:00:00,1,7,2018,2,2018-02
ord_001838,c_000268,delivered,2017-09-24 00:00:00,2017-09-24 00:00:00,2017-09-27 00:00:00,2017-10-03 00:00:00,2017-10-12 00:00:00,0,0,2017,9,2017-09
ord_001839,c_001194,delivered,2017-11-29 00:00:00,2017-11-29 00:00:00,2017-11-30 00:00:00,2017-12-10 00:00:00,2017-12-16 00:00:00,0,0,2017,11,2017-11
ord_001840,c_001010,delivered,2018-03-26 00:00:00,2018-03-26 00:00:00,2018-03-27 00:00:00,2018-04-08 00:00:00,2018-04-16 00:00:00,0,0,2018,3,2018-03
ord_001841,c_000551,delivered,2018-07-19 00:00:00,2018-07-19 00:00:00,2018-07-22 00:00:00,2018-08-06 00:00:00,2018-08-01 00:00:00,1,5,2018,7,2018-07
ord_001842,c_001479,invoiced,2017-09-04 00:00:00,2017-09-04 00:00:00,2017-09-07 00:00:00,,2017-09-27 00:00:00,0,0,2017,9,2017-09
ord_001843,c_001316,delivered,2017-02-05 00:00:00,2017-02-05 00:00:00,2017-02-06 00:00:00,2017-02-26 00:00:00,2017-03-01 00:00:00,0,0,2017,2,2017-02
ord_001844,c_001165,delivered,2018-02-05 00:00:00,2018-02-05 00:00:00,2018-02-08 00:00:00,2018-02-19 00:00:00,2018-02-19 00:00:00,0,0,2018,2,2018-02
ord_001845,c_001170,delivered,2017-01-28 00:00:00,2017-01-28 00:00:00,2017-01-29 00:00:00,2017-02-09 00:00:00,2017-02-12 00:00:00,0,0,2017,1,2017-01
ord_001846,c_001449,delivered,2017-08-08 00:00:00,2017-08-08 00:00:00,2017-08-10 00:00:00,2017-08-20 00:00:00,2017-08-26 00:00:00,0,0,2017,8,2017-08
ord_001847,c_000314,delivered,2018-02-10 00:00:00,2018-02-10 00:00:00,2018-02-13 00:00:00,2018-02-21 00:00:00,2018-03-01 00:00:00,0,0,2018,2,2018-02
ord_001848,c_000184,delivered,2017-09-28 00:00:00,2017-09-28 00:00:00,2017-09-29 00:00:00,2017-10-04 00:00:00,2017-10-22 00:00:00,0,0,2017,9,2017-09
ord_001849,c_000713,delivered,2018-05-26 00:00:00,2018-05-26 00:00:00,2018-05-29 00:00:00,2018-06-19 00:00:00,2018-06-17 00:00:00,1,2,2018,5,2018-05
ord_001850,c_000128,delivered,2017-10-13 00:00:00,2017-10-13 00:00:00,2017-10-16 00:00:00,2017-11-03 00:00:00,2017-10-26 00:00:00,1,8,2017,10,2017-10
ord_001851,c_001311,delivered,2018-03-30 00:00:00,2018-03-30 00:00:00,2018-03-31 00:00:00,2018-04-16 00:00:00,2018-04-18 00:00:00,0,0,2018,3,2018-03
ord_001852,c_001277,delivered,2017-11-13 00:00:00,2017-11-13 00:00:00,2017-11-15 00:00:00,2017-11-19 00:00:00,2017-12-05 00:00:00,0,0,2017,11,2017-11
ord_001853,c_000700,delivered,2018-08-13 00:00:00,2018-08-13 00:00:00,2018-08-14 00:00:00,2018-09-02 00:00:00,2018-09-02 00:00:00,0,0,2018,8,2018-08
ord_001854,c_000386,delivered,2017-10-24 00:00:00,2017-10-24 00:00:00,2017-10-27 00:00:00,2017-10-31 00:00:00,2017-11-11 00:00:00,0,0,2017,10,2017-10
ord_001855,c_001254,delivered,2017-12-04 00:00:00,2017-12-04 00:00:00,2017-12-05 00:00:00,2017-12-28 00:00:00,2017-12-31 00:00:00,0,0,2017,12,2017-12
ord_001856,c_000271,delivered,2017-11-03 00:00:00,2017-11-03 00:00:00,2017-11-06 00:00:00,2017-11-24 00:00:00,2017-11-15 00:00:00,1,9,2017,11,2017-11
ord_001857,c_000811,delivered,2018-03-04 00:00:00,2018-03-04 00:00:00,2018-03-05 00:00:00,2018-03-22 00:00:00,2018-03-21 00:00:00,1,1,2018,3,2018-03
ord_001858,c_000415,delivered,2017-12-17 00:00:00,2017-12-17 00:00:00,2017-12-19 00:00:00,2018-01-08 00:00:00,2018-01-13 00:00:00,0,0,2017,12,2017-12
ord_001859,c_000198,delivered,2018-05-26 00:00:00,2018-05-26 00:00:00,2018-05-28 00:00:00,2018-06-04 00:00:00,2018-06-14 00:00:00,0,0,2018,5,2018-05
ord_001860,c_001347,delivered,2018-06-09 00:00:00,2018-06-09 00:00:00,2018-06-11 00:00:00,2018-06-27 00:00:00,2018-06-25 00:00:00,1,2,2018,6,2018-06
ord_001861,c_001080,delivered,2018-05-07 00:00:00,2018-05-07 00:00:00,2018-05-09 00:00:00,2018-05-17 00:00:00,2018-05-30 00:00:00,0,0,2018,5,2018-05
ord_001862,c_000831,delivered,2018-08-17 00:00:00,2018-08-17 00:00:00,2018-08-18 00:00:00,2018-09-01 00:00:00,2018-09-12 00:00:00,0,0,2018,8,2018-08
ord_001863,c_001227,delivered,2017-01-09 00:00:00,2017-01-09 00:00:00,2017-01-11 00:00:00,2017-01-28 00:00:00,2017-01-22 00:00:00,1,6,2017,1,2017-01
ord_001864,c_000628,delivered,2018-05-12 00:00:00,2018-05-12 00:00:00,2018-05-13 00:00:00,2018-05-24 00:00:00,2018-06-07 00:00:00,0,0,2018,5,2018-05
ord_001865,c_000604,delivered,2018-07-14 00:00:00,2018-07-14 00:00:00,2018-07-17 00:00:00,2018-08-06 00:00:00,2018-07-30 00:00:00,1,7,2018,7,2018-07
ord_001866,c_001162,delivered,2018-07-15 00:00:00,2018-07-15 00:00:00,2018-07-18 00:00:00,2018-07-23 00:00:00,2018-08-03 00:00:00,0,0,2018,7,2018-07
ord_001867,c_001446,delivered,2018-03-16 00:00:00,2018-03-16 00:00:00,2018-03-19 00:00:00,2018-03-30 00:00:00,2018-03-29 00:00:00,1,1,2018,3,2018-03
ord_001868,c_001081,delivered,2018-07-06 00:00:00,2018-07-06 00:00:00,2018-07-08 00:00:00,2018-07-11 00:00:00,2018-07-18 00:00:00,0,0,2018,7,2018-07
ord_001869,c_001010,delivered,2017-04-18 00:00:00,2017-04-18 00:00:00,2017-04-20 00:00:00,2017-05-07 00:00:00,2017-05-14 00:00:00,0,0,2017,4,2017-04
ord_001870,c_000071,delivered,2017-09-02 00:00:00,2017-09-02 00:00:00,2017-09-04 00:00:00,2017-09-09 00:00:00,2017-09-17 00:00:00,0,0,2017,9,2017-09
ord_001871,c_000911,delivered,2017-09-12 00:00:00,2017-09-12 00:00:00,2017-09-15 00:00:00,2017-09-20 00:00:00,2017-09-27 00:00:00,0,0,2017,9,2017-09
ord_001872,c_000594,delivered,2017-02-02 00:00:00,2017-02-02 00:00:00,2017-02-05 00:00:00,2017-02-12 00:00:00,2017-02-22 00:00:00,0,0,2017,2,2017-02
ord_001873,c_001396,delivered,2017-01-23 00:00:00,2017-01-23 00:00:00,2017-01-26 00:00:00,2017-02-01 00:00:00,2017-02-06 00:00:00,0,0,2017,1,2017-01
ord_001874,c_000600,delivered,2018-07-20 00:00:00,2018-07-20 00:00:00,2018-07-23 00:00:00,2018-08-02 00:00:00,2018-08-04 00:00:00,0,0,2018,7,2018-07
ord_001875,c_000514,delivered,2017-02-18 00:00:00,2017-02-18 00:00:00,2017-02-19 00:00:00,2017-03-07 00:00:00,2017-03-04 00:00:00,1,3,2017,2,2017-02
ord_001876,c_000084,delivered,2018-04-07 00:00:00,2018-04-07 00:00:00,2018-04-08 00:00:00,2018-04-18 00:00:00,2018-04-20 00:00:00,0,0,2018,4,2018-04
ord_001877,c_000994,delivered,2018-08-13 00:00:00,2018-08-13 00:00:00,2018-08-15 00:00:00,2018-08-30 00:00:00,2018-08-28 00:00:00,1,2,2018,8,2018-08
ord_001878,c_001067,delivered,2017-12-02 00:00:00,2017-12-02 00:00:00,2017-12-04 00:00:00,2017-12-19 00:00:00,2017-12-27 00:00:00,0,0,2017,12,2017-12
ord_001879,c_000839,delivered,2017-12-24 00:00:00,2017-12-24 00:00:00,2017-12-27 00:00:00,2018-01-16 00:00:00,2018-01-12 00:00:00,1,4,2017,12,2017-12
ord_001880,c_000606,delivered,2017-05-02 00:00:00,2017-05-02 00:00:00,2017-05-03 00:00:00,2017-05-08 00:00:00,2017-05-14 00:00:00,0,0,2017,5,2017-05
ord_001881,c_000810,delivered,2018-03-20 00:00:00,2018-03-20 00:00:00,2018-03-21 00:00:00,2018-03-24 00:00:00,2018-04-08 00:00:00,0,0,2018,3,2018-03
ord_001882,c_000133,delivered,2017-12-25 00:00:00,2017-12-25 00:00:00,2017-12-27 00:00:00,2018-01-06 00:00:00,2018-01-13 00:00:00,0,0,2017,12,2017-12
ord_001883,c_001419,canceled,2017-12-12 00:00:00,2017-12-12 00:00:00,2017-12-13 00:00:00,,2018-01-07 00:00:00,0,0,2017,12,2017-12
ord_001884,c_001089,delivered,2017-07-12 00:00:00,2017-07-12 00:00:00,2017-07-14 00:00:00,2017-07-17 00:00:00,2017-07-26 00:00:00,0,0,2017,7,2017-07
ord_001885,c_000290,delivered,2018-02-20 00:00:00,2018-02-20 00:00:00,2018-02-23 00:00:00,2018-03-11 00:00:00,2018-03-17 00:00:00,0,0,2018,2,2018-02
ord_001886,c_000376,delivered,2018-01-12 00:00:00,2018-01-12 00:00:00,2018-01-15 00:00:00,2018-01-23 00:00:00,2018-02-02 00:00:00,0,0,2018,1,2018-01
ord_001887,c_000769,delivered,2018-04-08 00:00:00,2018-04-08 00:00:00,2018-04-10 00:00:00,2018-04-17 00:00:00,2018-04-29 00:00:00,0,0,2018,4,2018-04
ord_001888,c_000467,delivered,2017-05-26 00:00:00,2017-05-26 00:00:00,2017-05-29 00:00:00,2017-06-11 00:00:00,2017-06-18 00:00:00,0,0,2017,5,2017-05
ord_001889,c_001237,delivered,2018-04-23 00:00:00,2018-04-23 00:00:00,2018-04-26 00:00:00,2018-04-27 00:00:00,2018-05-16 00:00:00,0,0,2018,4,2018-04
ord_001890,c_001172,canceled,2018-02-12 00:00:00,2018-02-12 00:00:00,2018-02-13 00:00:00,,2018-03-01 00:00:00,0,0,2018,2,2018-02
ord_001891,c_000471,delivered,2017-10-13 00:00:00,2017-10-13 00:00:00,2017-10-14 00:00:00,2017-10-31 00:00:00,2017-11-06 00:00:00,0,0,2017,10,2017-10
ord_001892,c_000149,delivered,2017-04-21 00:00:00,2017-04-21 00:00:00,2017-04-22 00:00:00,2017-04-25 00:00:00,2017-05-15 00:00:00,0,0,2017,4,2017-04
ord_001893,c_000088,delivered,2017-02-19 00:00:00,2017-02-19 00:00:00,2017-02-20 00:00:00,2017-03-04 00:00:00,2017-03-06 00:00:00,0,0,2017,2,2017-02
ord_001894,c_001348,delivered,2017-01-14 00:00:00,2017-01-14 00:00:00,2017-01-15 00:00:00,2017-01-18 00:00:00,2017-02-07 00:00:00,0,0,2017,1,2017-01
ord_001895,c_000396,delivered,2017-05-14 00:00:00,2017-05-14 00:00:00,2017-05-16 00:00:00,2017-05-29 00:00:00,2017-05-26 00:00:00,1,3,2017,5,2017-05
ord_001896,c_000790,delivered,2018-08-11 00:00:00,2018-08-11 00:00:00,2018-08-13 00:00:00,2018-08-25 00:00:00,2018-09-05 00:00:00,0,0,2018,8,2018-08
ord_001897,c_001428,delivered,2018-08-19 00:00:00,2018-08-19 00:00:00,2018-08-20 00:00:00,2018-09-08 00:00:00,2018-08-31 00:00:00,1,8,2018,8,2018-08
ord_001898,c_001106,delivered,2017-12-09 00:00:00,2017-12-09 00:00:00,2017-12-12 00:00:00,2017-12-16 00:00:00,2017-12-25 00:00:00,0,0,2017,12,2017-12
ord_001899,c_001310,delivered,2017-10-13 00:00:00,2017-10-13 00:00:00,2017-10-16 00:00:00,2017-10-23 00:00:00,2017-11-05 00:00:00,0,0,2017,10,2017-10
ord_001900,c_001406,delivered,2017-11-10 00:00:00,2017-11-10 00:00:00,2017-11-12 00:00:00,2017-11-25 00:00:00,2017-12-07 00:00:00,0,0,2017,11,2017-11
ord_001901,c_000865,shipped,2017-10-24 00:00:00,2017-10-24 00:00:00,2017-10-26 00:00:00,,2017-11-12 00:00:00,0,0,2017,10,2017-10
ord_001902,c_001294,delivered,2018-07-23 00:00:00,2018-07-23 00:00:00,2018-07-25 00:00:00,2018-07-31 00:00:00,2018-08-04 00:00:00,0,0,2018,7,2018-07
ord_001903,c_001316,delivered,2017-06-13 00:00:00,2017-06-13 00:00:00,2017-06-16 00:00:00,2017-06-22 00:00:00,2017-06-26 00:00:00,0,0,2017,6,2017-06
ord_001904,c_001477,delivered,2018-05-12 00:00:00,2018-05-12 00:00:00,2018-05-14 00:00:00,2018-05-17 00:00:00,2018-05-30 00:00:00,0,0,2018,5,2018-05
ord_001905,c_000024,delivered,2017-01-16 00:00:00,2017-01-16 00:00:00,2017-01-19 00:00:00,2017-02-09 00:00:00,2017-02-12 00:00:00,0,0,2017,1,2017-01
ord_001906,c_000956,delivered,2017-12-10 00:00:00,2017-12-10 00:00:00,2017-12-12 00:00:00,2017-12-20 00:00:00,2017-12-29 00:00:00,0,0,2017,12,2017-12
ord_001907,c_000311,delivered,2017-03-19 00:00:00,2017-03-19 00:00:00,2017-03-22 00:00:00,2017-04-05 00:00:00,2017-04-11 00:00:00,0,0,2017,3,2017-03
ord_001908,c_001485,delivered,2017-12-12 00:00:00,2017-12-12 00:00:00,2017-12-14 00:00:00,2017-12-29 00:00:00,2018-01-06 00:00:00,0,0,2017,12,2017-12
ord_001909,c_001232,delivered,2017-03-13 00:00:00,2017-03-13 00:00:00,2017-03-15 00:00:00,2017-03-26 00:00:00,2017-03-27 00:00:00,0,0,2017,3,2017-03
ord_001910,c_000664,delivered,2017-09-27 00:00:00,2017-09-27 00:00:00,2017-09-30 00:00:00,2017-10-04 00:00:00,2017-10-19 00:00:00,0,0,2017,9,2017-09
ord_001911,c_000438,delivered,2017-10-14 00:00:00,2017-10-14 00:00:00,2017-10-16 00:00:00,2017-10-20 00:00:00,2017-11-06 00:00:00,0,0,2017,10,2017-10
ord_001912,c_000706,delivered,2017-03-07 00:00:00,2017-03-07 00:00:00,2017-03-08 00:00:00,2017-03-24 00:00:00,2017-03-31 00:00:00,0,0,2017,3,2017-03
ord_001913,c_001360,delivered,2017-03-09 00:00:00,2017-03-09 00:00:00,2017-03-12 00:00:00,2017-03-18 00:00:00,2017-04-05 00:00:00,0,0,2017,3,2017-03
ord_001914,c_000422,delivered,2017-07-12 00:00:00,2017-07-12 00:00:00,2017-07-14 00:00:00,2017-07-30 00:00:00,2017-07-31 00:00:00,0,0,2017,7,2017-07
ord_001915,c_000321,delivered,2017-02-24 00:00:00,2017-02-24 00:00:00,2017-02-27 00:00:00,2017-03-07 00:00:00,2017-03-08 00:00:00,0,0,2017,2,2017-02
ord_001916,c_000587,delivered,2018-01-14 00:00:00,2018-01-14 00:00:00,2018-01-16 00:00:00,2018-01-22 00:00:00,2018-02-03 00:00:00,0,0,2018,1,2018-01
ord_001917,c_000947,delivered,2017-06-17 00:00:00,2017-06-17 00:00:00,2017-06-18 00:00:00,2017-06-23 00:00:00,2017-07-10 00:00:00,0,0,2017,6,2017-06
ord_001918,c_001187,delivered,2018-02-13 00:00:00,2018-02-13 00:00:00,2018-02-15 00:00:00,2018-02-19 00:00:00,2018-02-26 00:00:00,0,0,2018,2,2018-02
ord_001919,c_001189,shipped,2018-05-23 00:00:00,2018-05-23 00:00:00,2018-05-25 00:00:00,,2018-06-17 00:00:00,0,0,2018,5,2018-05
ord_001920,c_000849,delivered,2018-06-21 00:00:00,2018-06-21 00:00:00,2018-06-22 00:00:00,2018-06-26 00:00:00,2018-07-15 00:00:00,0,0,2018,6,2018-06
ord_001921,c_001319,delivered,2017-04-12 00:00:00,2017-04-12 00:00:00,2017-04-15 00:00:00,2017-04-16 00:00:00,2017-05-09 00:00:00,0,0,2017,4,2017-04
ord_001922,c_000042,delivered,2018-02-26 00:00:00,2018-02-26 00:00:00,2018-02-28 00:00:00,2018-03-13 00:00:00,2018-03-11 00:00:00,1,2,2018,2,2018-02
ord_001923,c_001309,delivered,2018-04-23 00:00:00,2018-04-23 00:00:00,2018-04-25 00:00:00,2018-05-04 00:00:00,2018-05-08 00:00:00,0,0,2018,4,2018-04
ord_001924,c_000939,delivered,2017-04-30 00:00:00,2017-04-30 00:00:00,2017-05-01 00:00:00,2017-05-22 00:00:00,2017-05-23 00:00:00,0,0,2017,4,2017-04
ord_001925,c_000387,delivered,2017-10-18 00:00:00,2017-10-18 00:00:00,2017-10-21 00:00:00,2017-10-30 00:00:00,2017-11-14 00:00:00,0,0,2017,10,2017-10
ord_001926,c_001162,delivered,2018-05-03 00:00:00,2018-05-03 00:00:00,2018-05-06 00:00:00,2018-05-20 00:00:00,2018-05-24 00:00:00,0,0,2018,5,2018-05
ord_001927,c_001211,delivered,2017-06-10 00:00:00,2017-06-10 00:00:00,2017-06-11 00:00:00,2017-07-01 00:00:00,2017-06-24 00:00:00,1,7,2017,6,2017-06
ord_001928,c_000910,shipped,2017-03-19 00:00:00,2017-03-19 00:00:00,2017-03-20 00:00:00,,2017-04-03 00:00:00,0,0,2017,3,2017-03
ord_001929,c_000716,delivered,2017-02-07 00:00:00,2017-02-07 00:00:00,2017-02-09 00:00:00,2017-02-19 00:00:00,2017-02-24 00:00:00,0,0,2017,2,2017-02
ord_001930,c_000431,delivered,2018-01-29 00:00:00,2018-01-29 00:00:00,2018-01-30 00:00:00,2018-02-07 00:00:00,2018-02-16 00:00:00,0,0,2018,1,2018-01
ord_001931,c_000554,delivered,2018-03-17 00:00:00,2018-03-17 00:00:00,2018-03-18 00:00:00,2018-03-21 00:00:00,2018-04-02 00:00:00,0,0,2018,3,2018-03
ord_001932,c_001440,shipped,2018-06-24 00:00:00,2018-06-24 00:00:00,2018-06-25 00:00:00,,2018-07-07 00:00:00,0,0,2018,6,2018-06
ord_001933,c_000800,delivered,2018-04-07 00:00:00,2018-04-07 00:00:00,2018-04-10 00:00:00,2018-04-20 00:00:00,2018-04-21 00:00:00,0,0,2018,4,2018-04
ord_001934,c_000426,delivered,2017-10-21 00:00:00,2017-10-21 00:00:00,2017-10-22 00:00:00,2017-11-06 00:00:00,2017-11-11 00:00:00,0,0,2017,10,2017-10
ord_001935,c_001440,delivered,2018-02-04 00:00:00,2018-02-04 00:00:00,2018-02-06 00:00:00,2018-02-11 00:00:00,2018-02-26 00:00:00,0,0,2018,2,2018-02
ord_001936,c_000026,delivered,2017-04-02 00:00:00,2017-04-02 00:00:00,2017-04-04 00:00:00,2017-04-06 00:00:00,2017-04-16 00:00:00,0,0,2017,4,2017-04
ord_001937,c_001395,delivered,2017-01-06 00:00:00,2017-01-06 00:00:00,2017-01-08 00:00:00,2017-01-30 00:00:00,2017-01-31 00:00:00,0,0,2017,1,2017-01
ord_001938,c_000385,delivered,2017-09-28 00:00:00,2017-09-28 00:00:00,2017-09-29 00:00:00,2017-10-03 00:00:00,2017-10-14 00:00:00,0,0,2017,9,2017-09
ord_001939,c_000056,delivered,2018-07-13 00:00:00,2018-07-13 00:00:00,2018-07-16 00:00:00,2018-07-20 00:00:00,2018-08-05 00:00:00,0,0,2018,7,2018-07
ord_001940,c_001277,delivered,2017-04-09 00:00:00,2017-04-09 00:00:00,2017-04-10 00:00:00,2017-04-29 00:00:00,2017-05-01 00:00:00,0,0,2017,4,2017-04
ord_001941,c_000634,delivered,2018-06-10 00:00:00,2018-06-10 00:00:00,2018-06-11 00:00:00,2018-06-23 00:00:00,2018-07-03 00:00:00,0,0,2018,6,2018-06
ord_001942,c_000106,delivered,2017-07-13 00:00:00,2017-07-13 00:00:00,2017-07-15 00:00:00,2017-07-28 00:00:00,2017-07-29 00:00:00,0,0,2017,7,2017-07
ord_001943,c_001154,delivered,2017-06-06 00:00:00,2017-06-06 00:00:00,2017-06-07 00:00:00,2017-06-11 00:00:00,2017-06-21 00:00:00,0,0,2017,6,2017-06
ord_001944,c_000849,delivered,2017-04-25 00:00:00,2017-04-25 00:00:00,2017-04-28 00:00:00,2017-05-01 00:00:00,2017-05-14 00:00:00,0,0,2017,4,2017-04
ord_001945,c_000670,delivered,2018-01-31 00:00:00,2018-01-31 00:00:00,2018-02-02 00:00:00,2018-02-17 00:00:00,2018-02-17 00:00:00,0,0,2018,1,2018-01
ord_001946,c_000376,delivered,2018-06-06 00:00:00,2018-06-06 00:00:00,2018-06-09 00:00:00,2018-06-24 00:00:00,2018-06-23 00:00:00,1,1,2018,6,2018-06
ord_001947,c_000743,delivered,2017-08-02 00:00:00,2017-08-02 00:00:00,2017-08-05 00:00:00,2017-08-18 00:00:00,2017-08-14 00:00:00,1,4,2017,8,2017-08
ord_001948,c_000967,invoiced,2018-06-17 00:00:00,2018-06-17 00:00:00,2018-06-20 00:00:00,,2018-07-04 00:00:00,0,0,2018,6,2018-06
ord_001949,c_000308,canceled,2017-01-15 00:00:00,2017-01-15 00:00:00,2017-01-16 00:00:00,,2017-01-29 00:00:00,0,0,2017,1,2017-01
ord_001950,c_000091,delivered,2018-02-23 00:00:00,2018-02-23 00:00:00,2018-02-24 00:00:00,2018-03-17 00:00:00,2018-03-19 00:00:00,0,0,2018,2,2018-02
ord_001951,c_001417,delivered,2018-01-03 00:00:00,2018-01-03 00:00:00,2018-01-04 00:00:00,2018-01-22 00:00:00,2018-01-20 00:00:00,1,2,2018,1,2018-01
ord_001952,c_000802,delivered,2017-08-01 00:00:00,2017-08-01 00:00:00,2017-08-02 00:00:00,2017-08-15 00:00:00,2017-08-22 00:00:00,0,0,2017,8,2017-08
ord_001953,c_000110,delivered,2017-01-05 00:00:00,2017-01-05 00:00:00,2017-01-07 00:00:00,2017-01-20 00:00:00,2017-01-29 00:00:00,0,0,2017,1,2017-01
ord_001954,c_000585,delivered,2017-08-19 00:00:00,2017-08-19 00:00:00,2017-08-20 00:00:00,2017-08-23 00:00:00,2017-09-10 00:00:00,0,0,2017,8,2017-08
ord_001955,c_000340,delivered,2017-07-20 00:00:00,2017-07-20 00:00:00,2017-07-22 00:00:00,2017-07-25 00:00:00,2017-08-13 00:00:00,0,0,2017,7,2017-07
ord_001956,c_000979,delivered,2018-02-06 00:00:00,2018-02-06 00:00:00,2018-02-09 00:00:00,2018-02-25 00:00:00,2018-02-23 00:00:00,1,2,2018,2,2018-02
ord_001957,c_000356,delivered,2017-05-29 00:00:00,2017-05-29 00:00:00,2017-05-31 00:00:00,2017-06-03 00:00:00,2017-06-11 00:00:00,0,0,2017,5,2017-05
ord_001958,c_000168,delivered,2018-08-07 00:00:00,2018-08-07 00:00:00,2018-08-08 00:00:00,2018-08-29 00:00:00,2018-08-19 00:00:00,1,10,2018,8,2018-08
ord_001959,c_000557,delivered,2018-05-07 00:00:00,2018-05-07 00:00:00,2018-05-09 00:00:00,2018-05-20 00:00:00,2018-05-29 00:00:00,0,0,2018,5,2018-05
ord_001960,c_001476,delivered,2017-08-14 00:00:00,2017-08-14 00:00:00,2017-08-15 00:00:00,2017-09-05 00:00:00,2017-09-09 00:00:00,0,0,2017,8,2017-08
ord_001961,c_000905,delivered,2018-08-09 00:00:00,2018-08-09 00:00:00,2018-08-10 00:00:00,2018-08-22 00:00:00,2018-09-05 00:00:00,0,0,2018,8,2018-08
ord_001962,c_000105,delivered,2017-06-18 00:00:00,2017-06-18 00:00:00,2017-06-20 00:00:00,2017-07-07 00:00:00,2017-07-02 00:00:00,1,5,2017,6,2017-06
ord_001963,c_000150,delivered,2017-06-01 00:00:00,2017-06-01 00:00:00,2017-06-03 00:00:00,2017-06-17 00:00:00,2017-06-17 00:00:00,0,0,2017,6,2017-06
ord_001964,c_000146,delivered,2017-08-12 00:00:00,2017-08-12 00:00:00,2017-08-15 00:00:00,2017-08-31 00:00:00,2017-09-07 00:00:00,0,0,2017,8,2017-08
ord_001965,c_000716,delivered,2018-05-19 00:00:00,2018-05-19 00:00:00,2018-05-22 00:00:00,2018-06-09 00:00:00,2018-06-14 00:00:00,0,0,2018,5,2018-05
ord_001966,c_000874,delivered,2018-07-04 00:00:00,2018-07-04 00:00:00,2018-07-07 00:00:00,2018-07-15 00:00:00,2018-07-19 00:00:00,0,0,2018,7,2018-07
ord_001967,c_000299,delivered,2017-02-13 00:00:00,2017-02-13 00:00:00,2017-02-16 00:00:00,2017-03-06 00:00:00,2017-03-03 00:00:00,1,3,2017,2,2017-02
ord_001968,c_001191,delivered,2018-05-19 00:00:00,2018-05-19 00:00:00,2018-05-22 00:00:00,2018-06-04 00:00:00,2018-06-03 00:00:00,1,1,2018,5,2018-05
ord_001969,c_000646,delivered,2017-08-29 00:00:00,2017-08-29 00:00:00,2017-08-31 00:00:00,2017-09-08 00:00:00,2017-09-17 00:00:00,0,0,2017,8,2017-08
ord_001970,c_000723,delivered,2017-12-17 00:00:00,2017-12-17 00:00:00,2017-12-20 00:00:00,2018-01-10 00:00:00,2018-01-04 00:00:00,1,6,2017,12,2017-12
ord_001971,c_001072,delivered,2017-01-23 00:00:00,2017-01-23 00:00:00,2017-01-25 00:00:00,2017-02-13 00:00:00,2017-02-13 00:00:00,0,0,2017,1,2017-01
ord_001972,c_000638,delivered,2018-08-21 00:00:00,2018-08-21 00:00:00,2018-08-24 00:00:00,2018-08-30 00:00:00,2018-09-10 00:00:00,0,0,2018,8,2018-08
ord_001973,c_000239,delivered,2017-02-12 00:00:00,2017-02-12 00:00:00,2017-02-13 00:00:00,2017-02-24 00:00:00,2017-02-24 00:00:00,0,0,2017,2,2017-02
ord_001974,c_001031,delivered,2018-04-11 00:00:00,2018-04-11 00:00:00,2018-04-14 00:00:00,2018-04-20 00:00:00,2018-05-07 00:00:00,0,0,2018,4,2018-04
ord_001975,c_000464,delivered,2017-02-09 00:00:00,2017-02-09 00:00:00,2017-02-10 00:00:00,2017-03-02 00:00:00,2017-02-25 00:00:00,1,5,2017,2,2017-02
ord_001976,c_000453,delivered,2017-10-30 00:00:00,2017-10-30 00:00:00,2017-11-01 00:00:00,2017-11-19 00:00:00,2017-11-23 00:00:00,0,0,2017,10,2017-10
ord_001977,c_000784,delivered,2017-06-24 00:00:00,2017-06-24 00:00:00,2017-06-27 00:00:00,2017-07-09 00:00:00,2017-07-09 00:00:00,0,0,2017,6,2017-06
ord_001978,c_000897,delivered,2018-06-16 00:00:00,2018-06-16 00:00:00,2018-06-18 00:00:00,2018-06-22 00:00:00,2018-07-03 00:00:00,0,0,2018,6,2018-06
ord_001979,c_000371,delivered,2018-04-06 00:00:00,2018-04-06 00:00:00,2018-04-09 00:00:00,2018-04-14 00:00:00,2018-04-18 00:00:00,0,0,2018,4,2018-04
ord_001980,c_000487,delivered,2017-07-12 00:00:00,2017-07-12 00:00:00,2017-07-14 00:00:00,2017-07-22 00:00:00,2017-07-29 00:00:00,0,0,2017,7,2017-07
ord_001981,c_001235,delivered,2017-09-01 00:00:00,2017-09-01 00:00:00,2017-09-04 00:00:00,2017-09-14 00:00:00,2017-09-13 00:00:00,1,1,2017,9,2017-09
ord_001982,c_000165,delivered,2017-10-07 00:00:00,2017-10-07 00:00:00,2017-10-10 00:00:00,2017-10-20 00:00:00,2017-11-01 00:00:00,0,0,2017,10,2017-10
ord_001983,c_001149,delivered,2017-02-05 00:00:00,2017-02-05 00:00:00,2017-02-06 00:00:00,2017-02-27 00:00:00,2017-03-02 00:00:00,0,0,2017,2,2017-02
ord_001984,c_001361,delivered,2018-07-11 00:00:00,2018-07-11 00:00:00,2018-07-13 00:00:00,2018-07-18 00:00:00,2018-07-23 00:00:00,0,0,2018,7,2018-07
ord_001985,c_000192,delivered,2018-06-24 00:00:00,2018-06-24 00:00:00,2018-06-26 00:00:00,2018-07-07 00:00:00,2018-07-13 00:00:00,0,0,2018,6,2018-06
ord_001986,c_000730,delivered,2017-06-03 00:00:00,2017-06-03 00:00:00,2017-06-05 00:00:00,2017-06-24 00:00:00,2017-06-16 00:00:00,1,8,2017,6,2017-06
ord_001987,c_000214,delivered,2017-01-23 00:00:00,2017-01-23 00:00:00,2017-01-25 00:00:00,2017-01-29 00:00:00,2017-02-13 00:00:00,0,0,2017,1,2017-01
ord_001988,c_000574,delivered,2017-04-01 00:00:00,2017-04-01 00:00:00,2017-04-03 00:00:00,2017-04-25 00:00:00,2017-04-25 00:00:00,0,0,2017,4,2017-04
ord_001989,c_001352,delivered,2018-01-25 00:00:00,2018-01-25 00:00:00,2018-01-26 00:00:00,2018-01-31 00:00:00,2018-02-19 00:00:00,0,0,2018,1,2018-01
ord_001990,c_000957,delivered,2017-12-25 00:00:00,2017-12-25 00:00:00,2017-12-28 00:00:00,2018-01-02 00:00:00,2018-01-11 00:00:00,0,0,2017,12,2017-12
ord_001991,c_000381,delivered,2018-07-04 00:00:00,2018-07-04 00:00:00,2018-07-05 00:00:00,2018-07-23 00:00:00,2018-07-31 00:00:00,0,0,2018,7,2018-07
ord_001992,c_000673,delivered,2017-08-16 00:00:00,2017-08-16 00:00:00,2017-08-18 00:00:00,2017-09-08 00:00:00,2017-09-10 00:00:00,0,0,2017,8,2017-08
ord_001993,c_000798,delivered,2017-07-21 00:00:00,2017-07-21 00:00:00,2017-07-23 00:00:00,2017-08-06 00:00:00,2017-08-17 00:00:00,0,0,2017,7,2017-07
ord_001994,c_000239,delivered,2017-12-16 00:00:00,2017-12-16 00:00:00,2017-12-19 00:00:00,2017-12-30 00:00:00,2018-01-02 00:00:00,0,0,2017,12,2017-12
ord_001995,c_000700,delivered,2017-02-07 00:00:00,2017-02-07 00:00:00,2017-02-08 00:00:00,2017-02-23 00:00:00,2017-02-24 00:00:00,0,0,2017,2,2017-02
ord_001996,c_001106,delivered,2018-05-15 00:00:00,2018-05-15 00:00:00,2018-05-18 00:00:00,2018-06-06 00:00:00,2018-06-03 00:00:00,1,3,2018,5,2018-05
ord_001997,c_001387,delivered,2017-02-12 00:00:00,2017-02-12 00:00:00,2017-02-15 00:00:00,2017-02-21 00:00:00,2017-02-27 00:00:00,0,0,2017,2,2017-02
ord_001998,c_000505,delivered,2018-06-01 00:00:00,2018-06-01 00:00:00,2018-06-02 00:00:00,2018-06-17 00:00:00,2018-06-15 00:00:00,1,2,2018,6,2018-06
ord_001999,c_000202,delivered,2017-03-09 00:00:00,2017-03-09 00:00:00,2017-03-12 00:00:00,2017-03-16 00:00:00,2017-03-26 00:00:00,0,0,2017,3,2017-03
ord_002000,c_000920,delivered,2017-05-03 00:00:00,2017-05-03 00:00:00,2017-05-04 00:00:00,2017-05-11 00:00:00,2017-05-18 00:00:00,0,0,2017,5,2017-05
