trip_id,vendor_id,pickup_datetime,dropoff_datetime,passenger_count,trip_distance_miles,pickup_location_id,dropoff_location_id,rate_code_id,payment_type,fare_amount,extra_surcharge,mta_tax,tip_amount,tolls_amount,congestion_surcharge,total_amount,trip_duration_minutes,pickup_hour,pickup_day_of_week,pickup_date,pickup_year_month
trip_0000001,2,2024-05-18 05:43:00,2024-05-18 06:07:59,2,8.83,33,230,1,Credit Card,39.78,1.0,0.5,5.97,0.0,2.75,50.0,25.0,5,Saturday,2024-05-18,2024-05
trip_0000002,1,2024-06-02 18:48:00,2024-06-02 19:05:58,1,5.04,141,79,1,Credit Card,25.85,2.5,0.5,5.17,0.0,2.75,36.77,18.0,18,Sunday,2024-06-02,2024-06
trip_0000003,2,2024-03-26 14:38:00,2024-03-26 14:52:13,3,5.34,164,162,1,Credit Card,24.79,1.0,0.5,3.72,0.0,2.75,32.76,14.2,14,Tuesday,2024-03-26,2024-03
trip_0000004,2,2024-04-27 04:08:00,2024-04-27 04:22:15,1,6.09,100,80,1,Credit Card,26.88,1.0,0.5,5.38,0.0,2.75,36.51,14.3,4,Saturday,2024-04-27,2024-04
trip_0000005,1,2024-06-16 02:00:00,2024-06-16 02:11:13,1,2.13,236,255,1,Credit Card,14.47,1.0,0.5,2.17,0.0,2.75,20.89,11.2,2,Sunday,2024-06-16,2024-06
trip_0000006,1,2024-06-01 19:21:00,2024-06-01 19:38:15,1,4.64,141,143,1,Cash,24.39,2.5,0.5,3.66,0.0,2.75,33.8,17.3,19,Saturday,2024-06-01,2024-06
trip_0000007,1,2024-03-22 22:43:00,2024-03-22 23:08:31,2,19.3,138,145,2,Credit Card,68.84,1.0,0.5,0.0,6.55,2.75,79.64,25.5,22,Friday,2024-03-22,2024-03
trip_0000008,2,2024-03-19 15:11:00,2024-03-19 15:18:40,5,2.65,143,186,1,Credit Card,14.13,1.0,0.5,2.12,0.0,2.75,20.5,7.7,15,Tuesday,2024-03-19,2024-03
trip_0000009,1,2024-02-09 17:00:00,2024-02-09 17:19:00,4,5.39,79,7,1,Cash,27.33,2.5,0.5,4.1,0.0,2.75,37.18,19.0,17,Friday,2024-02-09,2024-02
trip_0000010,1,2024-05-07 05:20:00,2024-05-07 05:54:27,6,20.54,255,138,2,Cash,76.71,1.0,0.5,15.34,6.55,2.75,102.85,34.5,5,Tuesday,2024-05-07,2024-05
trip_0000011,1,2024-01-06 21:46:00,2024-01-06 22:09:04,1,15.63,1,48,1,Credit Card,57.52,1.0,0.5,8.63,0.0,2.75,70.4,23.1,21,Saturday,2024-01-06,2024-01
trip_0000012,1,2024-05-03 16:23:00,2024-05-03 16:43:05,3,8.66,90,80,1,Credit Card,36.86,2.5,0.5,5.53,0.0,2.75,48.14,20.1,16,Friday,2024-05-03,2024-05
trip_0000013,2,2024-05-18 07:23:00,2024-05-18 07:44:21,1,6.93,142,163,1,Credit Card,32.74,1.0,0.5,6.55,0.0,2.75,43.54,21.4,7,Saturday,2024-05-18,2024-05
trip_0000014,1,2024-04-19 04:24:00,2024-04-19 04:41:21,1,3.61,256,100,1,Credit Card,21.61,1.0,0.5,3.24,0.0,2.75,29.1,17.4,4,Friday,2024-04-19,2024-04
trip_0000015,1,2024-03-29 15:01:00,2024-03-29 15:20:41,1,4.91,186,61,1,Credit Card,26.35,1.0,0.5,5.27,0.0,2.75,35.87,19.7,15,Friday,2024-03-29,2024-03
trip_0000016,1,2024-05-16 03:30:00,2024-05-16 03:42:50,2,19.57,132,145,2,Credit Card,63.24,1.0,0.5,12.65,6.55,2.75,86.69,12.8,3,Thursday,2024-05-16,2024-05
trip_0000017,2,2024-02-11 16:11:00,2024-02-11 16:20:02,2,2.35,256,33,1,Credit Card,13.98,2.5,0.5,3.5,0.0,2.75,23.23,9.0,16,Sunday,2024-02-11,2024-02
trip_0000018,2,2024-02-02 15:03:00,2024-02-02 15:21:44,1,7.5,145,163,1,Credit Card,32.99,1.0,0.5,8.25,0.0,2.75,45.49,18.7,15,Friday,2024-02-02,2024-02
trip_0000019,2,2024-05-02 18:53:00,2024-05-02 19:06:55,1,21.89,132,236,2,Credit Card,70.16,2.5,0.5,14.03,6.55,2.75,96.49,13.9,18,Thursday,2024-05-02,2024-05
trip_0000020,1,2024-05-08 06:06:00,2024-05-08 06:15:58,1,3.39,186,230,1,Cash,17.31,1.0,0.5,3.46,0.0,2.75,25.02,10.0,6,Wednesday,2024-05-08,2024-05
trip_0000021,2,2024-06-14 18:20:00,2024-06-14 18:33:10,1,3.78,140,234,1,Credit Card,19.98,2.5,0.5,3.0,0.0,2.75,28.73,13.2,18,Friday,2024-06-14,2024-06
trip_0000022,2,2024-06-01 11:14:00,2024-06-01 11:20:45,1,2.76,142,255,1,Credit Card,13.97,1.0,0.5,0.0,0.0,2.75,18.22,6.8,11,Saturday,2024-06-01,2024-06
trip_0000023,2,2024-06-23 09:47:00,2024-06-23 10:22:09,1,9.26,33,90,1,Credit Card,46.04,1.0,0.5,11.51,0.0,2.75,61.8,35.2,9,Sunday,2024-06-23,2024-06
trip_0000024,1,2024-06-20 23:55:00,2024-06-21 00:02:37,1,1.6,236,231,1,Credit Card,11.21,1.0,0.5,2.24,0.0,2.75,17.7,7.6,23,Thursday,2024-06-20,2024-06
trip_0000025,2,2024-04-18 17:22:00,2024-04-18 17:40:42,1,16.56,1,141,1,Credit Card,57.89,2.5,0.5,11.58,0.0,2.75,75.22,18.7,17,Thursday,2024-04-18,2024-04
trip_0000026,2,2024-01-04 18:22:00,2024-01-04 18:45:39,2,11.7,138,61,2,Credit Card,47.0,2.5,0.5,7.05,6.55,2.75,66.35,23.7,18,Thursday,2024-01-04,2024-01
trip_0000027,1,2024-01-26 01:40:00,2024-01-26 01:50:09,1,17.68,132,256,2,Credit Card,56.7,1.0,0.5,8.51,6.55,2.75,76.01,10.2,1,Friday,2024-01-26,2024-01
trip_0000028,2,2024-04-18 12:38:00,2024-04-18 12:49:00,1,2.97,18,145,1,No Charge,16.67,1.0,0.5,3.33,0.0,2.75,24.25,11.0,12,Thursday,2024-04-18,2024-04
trip_0000029,1,2024-06-27 14:49:00,2024-06-27 14:58:58,2,3.55,186,162,1,Cash,17.75,1.0,0.5,4.44,0.0,2.75,26.44,10.0,14,Thursday,2024-06-27,2024-06
trip_0000030,2,2024-03-18 05:25:00,2024-03-18 05:48:09,2,10.33,193,161,1,Credit Card,42.99,1.0,0.5,8.6,0.0,2.75,55.84,23.2,5,Monday,2024-03-18,2024-03
trip_0000031,2,2024-05-04 02:44:00,2024-05-04 02:53:25,1,2.19,255,80,1,Cash,13.74,1.0,0.5,2.75,0.0,2.75,20.74,9.4,2,Saturday,2024-05-04,2024-05
trip_0000032,1,2024-01-21 06:33:00,2024-01-21 06:53:06,1,8.55,107,186,1,Credit Card,36.57,1.0,0.5,7.31,0.0,2.75,48.13,20.1,6,Sunday,2024-01-21,2024-01
trip_0000033,2,2024-05-25 21:02:00,2024-05-25 21:08:42,1,2.64,140,163,1,Credit Card,13.62,1.0,0.5,0.0,0.0,2.75,17.87,6.7,21,Saturday,2024-05-25,2024-05
trip_0000034,1,2024-03-05 04:45:00,2024-03-05 05:09:06,1,18.77,138,231,2,Credit Card,66.67,1.0,0.5,16.67,6.55,2.75,94.14,24.1,4,Tuesday,2024-03-05,2024-03
trip_0000035,2,2024-02-03 02:41:00,2024-02-03 03:07:56,2,6.28,170,239,1,Credit Card,33.74,1.0,0.5,6.75,0.0,2.75,44.74,26.9,2,Saturday,2024-02-03,2024-02
trip_0000036,2,2024-02-02 19:37:00,2024-02-02 20:19:20,1,17.41,107,170,1,Credit Card,72.05,2.5,0.5,18.01,0.0,2.75,95.81,42.3,19,Friday,2024-02-02,2024-02
trip_0000037,2,2024-05-03 09:28:00,2024-05-03 09:35:33,2,3.37,162,161,1,Credit Card,16.04,1.0,0.5,3.21,0.0,2.75,23.5,7.6,9,Friday,2024-05-03,2024-05
trip_0000038,2,2024-02-25 15:07:00,2024-02-25 15:17:18,2,12.8,1,256,1,Cash,43.36,1.0,0.5,6.5,0.0,2.75,54.11,10.3,15,Sunday,2024-02-25,2024-02
trip_0000039,1,2024-05-24 14:42:00,2024-05-24 15:01:35,1,16.56,142,1,1,Credit Card,58.33,1.0,0.5,0.0,0.0,2.75,62.58,19.6,14,Friday,2024-05-24,2024-05
trip_0000040,2,2024-03-23 22:44:00,2024-03-23 22:56:35,2,3.36,164,249,1,Cash,18.54,1.0,0.5,2.78,0.0,2.75,25.57,12.6,22,Saturday,2024-03-23,2024-03
trip_0000041,2,2024-01-03 23:08:00,2024-01-03 23:32:11,5,4.55,141,48,1,Credit Card,27.61,1.0,0.5,0.0,0.0,2.75,31.86,24.2,23,Wednesday,2024-01-03,2024-01
trip_0000042,2,2024-04-25 18:48:00,2024-04-25 19:05:33,1,5.65,162,145,1,Credit Card,27.31,2.5,0.5,5.46,0.0,2.75,38.52,17.6,18,Thursday,2024-04-25,2024-04
trip_0000043,1,2024-05-05 10:55:00,2024-05-05 11:12:08,1,3.71,7,249,1,Credit Card,21.77,1.0,0.5,5.44,0.0,2.75,31.46,17.1,10,Sunday,2024-05-05,2024-05
trip_0000044,2,2024-03-07 10:10:00,2024-03-07 10:21:39,1,3.94,256,68,1,Credit Card,19.66,1.0,0.5,3.93,0.0,2.75,27.84,11.7,10,Thursday,2024-03-07,2024-03
trip_0000045,2,2024-04-28 10:38:00,2024-04-28 10:59:53,2,7.02,237,68,1,Credit Card,33.25,1.0,0.5,6.65,0.0,2.75,44.15,21.9,10,Sunday,2024-04-28,2024-04
trip_0000046,2,2024-01-22 02:59:00,2024-01-22 03:08:10,3,12.26,18,1,1,Credit Card,41.3,1.0,0.5,0.0,0.0,2.75,45.55,9.2,2,Monday,2024-01-22,2024-01
trip_0000047,1,2024-01-16 19:14:00,2024-01-16 19:27:04,1,5.25,186,140,1,Credit Card,23.97,2.5,0.5,4.79,0.0,2.75,34.51,13.1,19,Tuesday,2024-01-16,2024-01
trip_0000048,2,2024-01-29 17:39:00,2024-01-29 17:52:04,2,4.09,193,18,1,Cash,20.78,2.5,0.5,3.12,0.0,2.75,29.65,13.1,17,Monday,2024-01-29,2024-01
trip_0000049,1,2024-04-30 08:13:00,2024-04-30 08:28:14,1,4.92,80,141,1,Credit Card,24.15,1.0,0.5,3.62,0.0,2.75,32.02,15.2,8,Tuesday,2024-04-30,2024-04
trip_0000050,1,2024-03-09 15:53:00,2024-03-09 16:12:44,1,7.47,140,80,1,Credit Card,33.41,1.0,0.5,6.68,0.0,2.75,44.34,19.7,15,Saturday,2024-03-09,2024-03
trip_0000051,2,2024-02-10 23:28:00,2024-02-10 23:39:26,1,2.93,230,90,1,Credit Card,16.78,1.0,0.5,2.52,0.0,2.75,23.55,11.4,23,Saturday,2024-02-10,2024-02
trip_0000052,1,2024-04-04 01:48:00,2024-04-04 02:14:49,1,7.96,249,256,1,Credit Card,38.3,1.0,0.5,5.74,0.0,2.75,48.29,26.8,1,Thursday,2024-04-04,2024-04
trip_0000053,2,2024-05-07 22:29:00,2024-05-07 23:00:24,2,13.51,132,236,2,Credit Card,55.85,1.0,0.5,11.17,6.55,2.75,77.82,31.4,22,Tuesday,2024-05-07,2024-05
trip_0000054,1,2024-06-15 15:33:00,2024-06-15 15:51:35,1,7.63,234,68,1,Credit Card,33.28,1.0,0.5,4.99,0.0,2.75,42.52,18.6,15,Saturday,2024-06-15,2024-06
trip_0000055,1,2024-06-04 17:42:00,2024-06-04 17:58:29,1,6.13,239,140,1,Credit Card,28.11,2.5,0.5,4.22,0.0,2.75,38.08,16.5,17,Tuesday,2024-06-04,2024-06
trip_0000056,2,2024-02-21 21:26:00,2024-02-21 21:43:08,2,5.26,236,79,1,Credit Card,26.04,1.0,0.5,3.91,0.0,2.75,34.2,17.1,21,Wednesday,2024-02-21,2024-02
trip_0000057,2,2024-01-10 15:55:00,2024-01-10 16:19:12,1,10.16,43,163,1,Credit Card,43.04,1.0,0.5,6.46,0.0,2.75,53.75,24.2,15,Wednesday,2024-01-10,2024-01
trip_0000058,2,2024-04-10 10:22:00,2024-04-10 10:30:33,1,2.0,234,186,1,Credit Card,12.78,1.0,0.5,0.0,0.0,2.75,17.03,8.6,10,Wednesday,2024-04-10,2024-04
trip_0000059,1,2024-02-01 23:24:00,2024-02-01 23:32:04,1,20.58,138,68,2,Cash,63.63,1.0,0.5,12.73,6.55,2.75,87.16,8.1,23,Thursday,2024-02-01,2024-02
trip_0000060,2,2024-03-18 07:26:00,2024-03-18 07:38:14,1,3.62,50,100,1,Credit Card,19.07,1.0,0.5,3.81,0.0,2.75,27.13,12.2,7,Monday,2024-03-18,2024-03
trip_0000061,2,2024-01-15 02:51:00,2024-01-15 02:57:54,1,1.31,170,61,1,Credit Card,10.06,1.0,0.5,2.01,0.0,2.75,16.32,6.9,2,Monday,2024-01-15,2024-01
trip_0000062,1,2024-06-08 06:27:00,2024-06-08 06:44:21,2,3.42,255,43,1,Credit Card,21.09,1.0,0.5,3.16,0.0,2.75,28.5,17.4,6,Saturday,2024-06-08,2024-06
trip_0000063,2,2024-06-25 21:11:00,2024-06-25 21:21:30,3,2.06,141,249,1,Cash,13.92,1.0,0.5,0.0,0.0,2.75,18.17,10.5,21,Tuesday,2024-06-25,2024-06
trip_0000064,1,2024-01-20 06:21:00,2024-01-20 06:34:30,1,4.83,140,141,1,Cash,23.04,1.0,0.5,4.61,0.0,2.75,31.9,13.5,6,Saturday,2024-01-20,2024-01
trip_0000065,2,2024-05-13 02:46:00,2024-05-13 02:55:10,2,3.7,80,142,1,Credit Card,17.76,1.0,0.5,3.55,0.0,2.75,25.56,9.2,2,Monday,2024-05-13,2024-05
trip_0000066,2,2024-01-23 20:35:00,2024-01-23 20:51:47,1,5.25,193,68,1,Credit Card,25.83,1.0,0.5,3.87,0.0,2.75,33.95,16.8,20,Tuesday,2024-01-23,2024-01
trip_0000067,2,2024-03-02 16:00:00,2024-03-02 16:25:50,5,8.52,255,145,1,Credit Card,39.35,2.5,0.5,5.9,0.0,2.75,51.0,25.8,16,Saturday,2024-03-02,2024-03
trip_0000068,1,2024-02-16 10:04:00,2024-02-16 10:35:42,1,6.58,68,68,1,Credit Card,36.95,1.0,0.5,5.54,0.0,2.75,46.74,31.7,10,Friday,2024-02-16,2024-02
trip_0000069,2,2024-02-12 10:52:00,2024-02-12 11:05:05,2,4.72,186,234,1,Cash,22.53,1.0,0.5,4.51,0.0,2.75,31.29,13.1,10,Monday,2024-02-12,2024-02
trip_0000070,1,2024-01-07 10:25:00,2024-01-07 10:44:25,1,7.2,230,162,1,Credit Card,32.52,1.0,0.5,6.5,0.0,2.75,43.27,19.4,10,Sunday,2024-01-07,2024-01
trip_0000071,1,2024-05-01 16:23:00,2024-05-01 16:31:42,1,2.36,161,237,1,Credit Card,13.85,2.5,0.5,2.77,0.0,2.75,22.37,8.7,16,Wednesday,2024-05-01,2024-05
trip_0000072,1,2024-01-27 18:36:00,2024-01-27 18:51:12,2,5.0,90,230,1,Credit Card,24.36,2.5,0.5,4.87,0.0,2.75,34.98,15.2,18,Saturday,2024-01-27,2024-01
trip_0000073,2,2024-02-10 01:46:00,2024-02-10 02:04:27,1,4.51,90,107,1,Cash,24.63,1.0,0.5,0.0,0.0,2.75,28.88,18.5,1,Saturday,2024-02-10,2024-02
trip_0000074,2,2024-06-11 01:16:00,2024-06-11 01:28:49,1,2.67,100,239,1,Dispute,16.76,1.0,0.5,2.51,0.0,2.75,23.52,12.8,1,Tuesday,2024-06-11,2024-06
trip_0000075,1,2024-04-12 20:26:00,2024-04-12 20:51:35,1,6.77,237,50,1,Credit Card,34.42,1.0,0.5,6.88,0.0,2.75,45.55,25.6,20,Friday,2024-04-12,2024-04
trip_0000076,2,2024-05-04 16:31:00,2024-05-04 16:43:11,1,2.86,43,249,1,Credit Card,16.96,2.5,0.5,0.0,0.0,2.75,22.71,12.2,16,Saturday,2024-05-04,2024-05
trip_0000077,2,2024-03-09 13:44:00,2024-03-09 13:56:41,1,3.81,107,142,1,Cash,19.83,1.0,0.5,3.97,0.0,2.75,28.05,12.7,13,Saturday,2024-03-09,2024-03
trip_0000078,1,2024-02-23 05:57:00,2024-02-23 06:13:50,1,3.46,43,249,1,Credit Card,20.93,1.0,0.5,4.19,0.0,2.75,29.37,16.8,5,Friday,2024-02-23,2024-02
trip_0000079,1,2024-01-16 17:48:00,2024-01-16 18:05:52,1,5.26,79,50,1,Credit Card,26.4,2.5,0.5,5.28,0.0,2.75,37.43,17.9,17,Tuesday,2024-01-16,2024-01
trip_0000080,1,2024-03-05 03:04:00,2024-03-05 03:25:25,6,9.59,236,33,1,Credit Card,40.08,1.0,0.5,6.01,0.0,2.75,50.34,21.4,3,Tuesday,2024-03-05,2024-03
trip_0000081,1,2024-06-03 02:18:00,2024-06-03 02:41:32,1,4.61,193,140,1,Credit Card,27.45,1.0,0.5,5.49,0.0,2.75,37.19,23.5,2,Monday,2024-06-03,2024-06
trip_0000082,2,2024-01-10 17:53:00,2024-01-10 18:09:25,1,6.18,162,50,1,Credit Card,28.21,2.5,0.5,4.23,0.0,2.75,38.19,16.4,17,Wednesday,2024-01-10,2024-01
trip_0000083,1,2024-01-15 00:57:00,2024-01-15 01:11:15,5,2.76,145,50,1,Credit Card,17.72,1.0,0.5,2.66,0.0,2.75,24.63,14.3,0,Monday,2024-01-15,2024-01
trip_0000084,1,2024-05-03 05:59:00,2024-05-03 06:06:08,1,2.41,68,230,1,Credit Card,13.2,1.0,0.5,2.64,0.0,2.75,20.09,7.1,5,Friday,2024-05-03,2024-05
trip_0000085,2,2024-03-16 22:44:00,2024-03-16 23:01:24,2,4.66,170,79,1,Credit Card,24.52,1.0,0.5,3.68,0.0,2.75,32.45,17.4,22,Saturday,2024-03-16,2024-03
trip_0000086,1,2024-06-01 13:44:00,2024-06-01 14:11:25,1,8.79,143,162,1,Credit Card,40.88,1.0,0.5,8.18,0.0,2.75,53.31,27.4,13,Saturday,2024-06-01,2024-06
trip_0000087,1,2024-05-03 19:27:00,2024-05-03 19:58:16,1,11.91,68,249,1,Cash,51.39,2.5,0.5,7.71,0.0,2.75,64.85,31.3,19,Friday,2024-05-03,2024-05
trip_0000088,1,2024-03-23 20:10:00,2024-03-23 20:26:03,1,5.1,43,48,1,Cash,25.06,1.0,0.5,0.0,0.0,2.75,29.31,16.1,20,Saturday,2024-03-23,2024-03
trip_0000089,1,2024-03-11 05:38:00,2024-03-11 06:00:09,3,7.09,256,107,1,Credit Card,33.58,1.0,0.5,0.0,0.0,2.75,37.83,22.2,5,Monday,2024-03-11,2024-03
trip_0000090,2,2024-01-27 11:55:00,2024-01-27 12:10:16,2,4.44,234,163,1,Credit Card,22.85,1.0,0.5,4.57,0.0,2.75,31.67,15.3,11,Saturday,2024-01-27,2024-01
trip_0000091,1,2024-02-19 20:21:00,2024-02-19 20:48:09,1,10.86,231,236,1,Credit Card,46.44,1.0,0.5,6.97,0.0,2.75,57.66,27.2,20,Monday,2024-02-19,2024-02
trip_0000092,2,2024-03-30 07:25:00,2024-03-30 07:49:59,3,8.14,231,234,1,Cash,37.88,1.0,0.5,7.58,0.0,2.75,49.71,25.0,7,Saturday,2024-03-30,2024-03
trip_0000093,1,2024-01-25 04:12:00,2024-01-25 04:20:53,1,3.47,164,141,1,Credit Card,16.99,1.0,0.5,2.55,0.0,2.75,23.79,8.9,4,Thursday,2024-01-25,2024-01
trip_0000094,1,2024-04-19 15:46:00,2024-04-19 15:53:48,4,3.12,236,61,1,Credit Card,15.48,1.0,0.5,0.0,0.0,2.75,19.73,7.8,15,Friday,2024-04-19,2024-04
trip_0000095,2,2024-03-11 13:32:00,2024-03-11 13:42:30,2,3.71,80,164,1,Cash,18.45,1.0,0.5,3.69,0.0,2.75,26.39,10.5,13,Monday,2024-03-11,2024-03
trip_0000096,2,2024-02-16 15:13:00,2024-02-16 15:34:39,1,8.71,18,239,1,Credit Card,37.79,1.0,0.5,9.45,0.0,2.75,51.49,21.7,15,Friday,2024-02-16,2024-02
trip_0000097,2,2024-06-03 22:02:00,2024-06-03 22:11:46,2,2.35,107,79,1,Credit Card,14.35,1.0,0.5,2.87,0.0,2.75,21.47,9.8,22,Monday,2024-06-03,2024-06
trip_0000098,2,2024-03-13 05:54:00,2024-03-13 06:18:13,1,4.99,230,50,1,Credit Card,28.84,1.0,0.5,5.77,0.0,2.75,38.86,24.2,5,Wednesday,2024-03-13,2024-03
trip_0000099,1,2024-04-03 13:36:00,2024-04-03 13:48:52,1,3.71,249,186,1,Cash,19.64,1.0,0.5,3.93,0.0,2.75,27.82,12.9,13,Wednesday,2024-04-03,2024-04
trip_0000100,1,2024-02-15 06:01:00,2024-02-15 06:10:48,1,2.73,141,33,1,Credit Card,15.41,1.0,0.5,2.31,0.0,2.75,21.97,9.8,6,Thursday,2024-02-15,2024-02
trip_0000101,1,2024-04-21 07:49:00,2024-04-21 07:59:53,2,4.36,90,7,1,Credit Card,20.43,1.0,0.5,4.09,0.0,2.75,28.77,10.9,7,Sunday,2024-04-21,2024-04
trip_0000102,1,2024-05-21 04:13:00,2024-05-21 04:28:49,1,3.14,234,61,1,Credit Card,19.55,1.0,0.5,2.93,0.0,2.75,26.73,15.8,4,Tuesday,2024-05-21,2024-05
trip_0000103,2,2024-03-17 20:53:00,2024-03-17 20:59:08,1,2.19,238,249,1,Credit Card,12.09,1.0,0.5,2.42,0.0,2.75,18.76,6.1,20,Sunday,2024-03-17,2024-03
trip_0000104,1,2024-04-08 05:31:00,2024-04-08 05:47:24,1,5.8,170,143,1,Credit Card,27.15,1.0,0.5,4.07,0.0,2.75,35.47,16.4,5,Monday,2024-04-08,2024-04
trip_0000105,1,2024-01-05 05:46:00,2024-01-05 05:52:01,2,1.63,143,231,1,Credit Card,10.5,1.0,0.5,2.1,0.0,2.75,16.85,6.0,5,Friday,2024-01-05,2024-01
trip_0000106,2,2024-05-11 20:23:00,2024-05-11 20:34:48,1,11.63,68,1,1,Credit Card,40.89,1.0,0.5,6.13,0.0,2.75,51.27,11.8,20,Saturday,2024-05-11,2024-05
trip_0000107,1,2024-01-12 07:13:00,2024-01-12 07:26:48,1,2.55,161,48,1,Cash,16.91,1.0,0.5,0.0,0.0,2.75,21.16,13.8,7,Friday,2024-01-12,2024-01
trip_0000108,2,2024-05-05 10:42:00,2024-05-05 10:59:31,1,6.52,236,141,1,Credit Card,29.69,1.0,0.5,4.45,0.0,2.75,38.39,17.5,10,Sunday,2024-05-05,2024-05
trip_0000109,2,2024-04-07 18:00:00,2024-04-07 18:09:13,1,17.19,143,132,2,Credit Card,54.88,2.5,0.5,8.23,6.55,2.75,75.41,9.2,18,Sunday,2024-04-07,2024-04
trip_0000110,2,2024-01-18 09:23:00,2024-01-18 09:34:52,2,2.18,237,90,1,Credit Card,14.93,1.0,0.5,2.24,0.0,2.75,21.42,11.9,9,Thursday,2024-01-18,2024-01
trip_0000111,1,2024-03-05 21:05:00,2024-03-05 21:10:02,1,1.04,230,90,1,Credit Card,8.38,1.0,0.5,0.0,0.0,2.75,12.63,5.0,21,Tuesday,2024-03-05,2024-03
trip_0000112,2,2024-03-12 06:02:00,2024-03-12 06:14:34,1,20.39,1,79,1,Credit Card,65.36,1.0,0.5,13.07,0.0,2.75,82.68,12.6,6,Tuesday,2024-03-12,2024-03
trip_0000113,2,2024-01-16 06:44:00,2024-01-16 06:54:49,2,3.01,256,80,1,Dispute,16.69,1.0,0.5,4.17,0.0,2.75,25.11,10.8,6,Tuesday,2024-01-16,2024-01
trip_0000114,1,2024-01-17 14:17:00,2024-01-17 14:41:18,1,6.36,141,164,1,Credit Card,32.65,1.0,0.5,8.16,0.0,2.75,45.06,24.3,14,Wednesday,2024-01-17,2024-01
trip_0000115,1,2024-05-11 15:17:00,2024-05-11 15:31:42,5,2.69,249,193,1,Credit Card,17.75,1.0,0.5,3.55,0.0,2.75,25.55,14.7,15,Saturday,2024-05-11,2024-05
trip_0000116,2,2024-04-09 01:57:00,2024-04-09 02:12:37,2,16.7,7,1,1,Credit Card,56.74,1.0,0.5,11.35,0.0,2.75,72.34,15.6,1,Tuesday,2024-04-09,2024-04
trip_0000117,2,2024-04-04 14:30:00,2024-04-04 14:53:06,2,9.81,237,236,1,Credit Card,41.53,1.0,0.5,8.31,0.0,2.75,54.09,23.1,14,Thursday,2024-04-04,2024-04
trip_0000118,1,2024-03-04 02:36:00,2024-03-04 02:49:52,1,11.73,18,132,2,Credit Card,42.19,1.0,0.5,6.33,6.55,2.75,59.32,13.9,2,Monday,2024-03-04,2024-03
trip_0000119,1,2024-03-17 18:21:00,2024-03-17 18:35:56,2,21.56,138,161,2,Cash,69.76,2.5,0.5,10.46,6.55,2.75,92.52,14.9,18,Sunday,2024-03-17,2024-03
trip_0000120,1,2024-03-24 06:30:00,2024-03-24 06:44:10,1,3.41,68,107,1,Credit Card,19.46,1.0,0.5,3.89,0.0,2.75,27.6,14.2,6,Sunday,2024-03-24,2024-03
trip_0000121,2,2024-01-04 06:21:00,2024-01-04 06:37:25,1,3.19,48,61,1,Credit Card,19.99,1.0,0.5,4.0,0.0,2.75,28.24,16.4,6,Thursday,2024-01-04,2024-01
trip_0000122,2,2024-06-21 00:18:00,2024-06-21 00:35:03,4,7.52,162,61,1,Credit Card,32.21,1.0,0.5,6.44,0.0,2.75,42.9,17.1,0,Friday,2024-06-21,2024-06
trip_0000123,1,2024-04-04 11:51:00,2024-04-04 12:19:03,2,8.7,79,163,1,Credit Card,40.95,1.0,0.5,6.14,0.0,2.75,51.34,28.1,11,Thursday,2024-04-04,2024-04
trip_0000124,1,2024-02-11 23:03:00,2024-02-11 23:23:29,1,4.56,79,100,1,Credit Card,25.79,1.0,0.5,5.16,0.0,2.75,35.2,20.5,23,Sunday,2024-02-11,2024-02
trip_0000125,1,2024-03-09 15:45:00,2024-03-09 16:01:40,1,7.09,18,170,1,Credit Card,30.83,1.0,0.5,0.0,0.0,2.75,35.08,16.7,15,Saturday,2024-03-09,2024-03
trip_0000126,1,2024-06-01 13:19:00,2024-06-01 13:34:29,4,3.86,170,68,1,Credit Card,21.36,1.0,0.5,5.34,0.0,2.75,30.95,15.5,13,Saturday,2024-06-01,2024-06
trip_0000127,2,2024-06-19 03:54:00,2024-06-19 04:02:52,1,2.87,161,170,1,Credit Card,15.33,1.0,0.5,3.07,0.0,2.75,22.65,8.9,3,Wednesday,2024-06-19,2024-06
trip_0000128,1,2024-01-30 13:54:00,2024-01-30 14:06:39,1,3.87,255,193,1,Credit Card,19.97,1.0,0.5,3.99,0.0,2.75,28.21,12.7,13,Tuesday,2024-01-30,2024-01
trip_0000129,2,2024-01-13 04:53:00,2024-01-13 05:17:33,1,10.27,164,80,1,Credit Card,43.53,1.0,0.5,8.71,0.0,2.75,56.49,24.6,4,Saturday,2024-01-13,2024-01
trip_0000130,2,2024-02-17 20:05:00,2024-02-17 20:18:06,1,2.96,236,255,1,Credit Card,17.7,1.0,0.5,3.54,0.0,2.75,25.49,13.1,20,Saturday,2024-02-17,2024-02
trip_0000131,2,2024-06-07 01:21:00,2024-06-07 01:39:11,6,20.19,163,138,2,Credit Card,67.62,1.0,0.5,13.52,6.55,2.75,91.94,18.2,1,Friday,2024-06-07,2024-06
trip_0000132,2,2024-06-09 17:18:00,2024-06-09 17:30:06,1,4.67,100,142,1,Credit Card,21.89,2.5,0.5,4.38,0.0,2.75,32.02,12.1,17,Sunday,2024-06-09,2024-06
trip_0000133,1,2024-04-13 20:31:00,2024-04-13 20:38:38,1,2.05,107,249,1,Credit Card,12.46,1.0,0.5,0.0,0.0,2.75,16.71,7.6,20,Saturday,2024-04-13,2024-04
trip_0000134,1,2024-06-07 05:41:00,2024-06-07 06:00:21,3,6.36,230,79,1,Credit Card,30.17,1.0,0.5,7.54,0.0,2.75,41.96,19.4,5,Friday,2024-06-07,2024-06
trip_0000135,2,2024-03-11 12:42:00,2024-03-11 13:02:16,1,8.63,140,170,1,Credit Card,36.87,1.0,0.5,5.53,0.0,2.75,46.65,20.3,12,Monday,2024-03-11,2024-03
trip_0000136,1,2024-01-01 17:57:00,2024-01-01 18:06:46,1,3.11,61,43,1,Cash,16.44,2.5,0.5,4.11,0.0,2.75,26.3,9.8,17,Monday,2024-01-01,2024-01
trip_0000137,1,2024-01-16 18:15:00,2024-01-16 18:55:49,3,14.63,236,230,1,Credit Card,63.64,2.5,0.5,9.55,0.0,2.75,78.94,40.8,18,Tuesday,2024-01-16,2024-01
trip_0000138,1,2024-06-19 01:41:00,2024-06-19 02:01:46,2,5.81,234,162,1,Cash,29.37,1.0,0.5,4.41,0.0,2.75,38.03,20.8,1,Wednesday,2024-06-19,2024-06
trip_0000139,2,2024-05-21 01:38:00,2024-05-21 02:06:57,3,8.54,231,61,1,Credit Card,40.96,1.0,0.5,8.19,0.0,2.75,53.4,29.0,1,Tuesday,2024-05-21,2024-05
trip_0000140,2,2024-02-16 01:48:00,2024-02-16 02:05:00,1,3.68,239,145,1,Credit Card,21.62,1.0,0.5,3.24,0.0,2.75,29.11,17.0,1,Friday,2024-02-16,2024-02
trip_0000141,2,2024-05-02 11:10:00,2024-05-02 11:28:17,1,4.84,142,186,1,Credit Card,25.46,1.0,0.5,3.82,0.0,2.75,33.53,18.3,11,Thursday,2024-05-02,2024-05
trip_0000142,2,2024-05-02 18:40:00,2024-05-02 18:57:33,2,7.02,50,234,1,Credit Card,31.09,2.5,0.5,0.0,0.0,2.75,36.84,17.6,18,Thursday,2024-05-02,2024-05
trip_0000143,1,2024-01-17 09:57:00,2024-01-17 10:31:51,1,10.72,164,256,1,Credit Card,49.91,1.0,0.5,7.49,0.0,2.75,61.65,34.9,9,Wednesday,2024-01-17,2024-01
trip_0000144,2,2024-02-13 14:04:00,2024-02-13 14:27:48,1,8.78,48,18,1,Credit Card,39.05,1.0,0.5,7.81,0.0,2.75,51.11,23.8,14,Tuesday,2024-02-13,2024-02
trip_0000145,2,2024-04-04 00:07:00,2024-04-04 00:25:22,5,5.92,238,238,1,Credit Card,28.47,1.0,0.5,4.27,0.0,2.75,36.99,18.4,0,Thursday,2024-04-04,2024-04
trip_0000146,1,2024-04-24 19:50:00,2024-04-24 20:05:14,1,19.92,50,1,1,Credit Card,65.4,2.5,0.5,16.35,0.0,2.75,87.5,15.2,19,Wednesday,2024-04-24,2024-04
trip_0000147,1,2024-06-19 22:30:00,2024-06-19 22:40:08,1,4.23,163,193,1,Credit Card,19.7,1.0,0.5,0.0,0.0,2.75,23.95,10.1,22,Wednesday,2024-06-19,2024-06
trip_0000148,2,2024-01-28 19:39:00,2024-01-28 19:57:22,1,4.58,50,33,1,Credit Card,24.78,2.5,0.5,3.72,0.0,2.75,34.25,18.4,19,Sunday,2024-01-28,2024-01
trip_0000149,2,2024-01-10 08:30:00,2024-01-10 08:38:11,1,1.63,237,237,1,Credit Card,11.58,1.0,0.5,0.0,0.0,2.75,15.83,8.2,8,Wednesday,2024-01-10,2024-01
trip_0000150,1,2024-03-13 20:44:00,2024-03-13 21:01:39,1,6.43,162,80,1,Credit Card,29.52,1.0,0.5,0.0,0.0,2.75,33.77,17.7,20,Wednesday,2024-03-13,2024-03
trip_0000151,1,2024-03-27 04:35:00,2024-03-27 05:03:56,1,12.79,256,170,1,Credit Card,52.64,1.0,0.5,10.53,0.0,2.75,67.42,28.9,4,Wednesday,2024-03-27,2024-03
trip_0000152,1,2024-01-04 21:03:00,2024-01-04 21:08:30,1,2.38,100,50,1,Credit Card,12.3,1.0,0.5,2.46,0.0,2.75,19.01,5.5,21,Thursday,2024-01-04,2024-01
trip_0000153,1,2024-02-08 14:30:00,2024-02-08 14:51:44,4,4.12,255,140,1,Credit Card,25.2,1.0,0.5,3.78,0.0,2.75,33.23,21.7,14,Thursday,2024-02-08,2024-02
trip_0000154,2,2024-02-20 09:14:00,2024-02-20 09:37:30,1,6.65,234,236,1,Credit Card,33.04,1.0,0.5,4.96,0.0,2.75,42.25,23.5,9,Tuesday,2024-02-20,2024-02
trip_0000155,2,2024-05-28 19:48:00,2024-05-28 20:19:11,3,9.93,230,143,1,Cash,45.9,2.5,0.5,9.18,0.0,2.75,60.83,31.2,19,Tuesday,2024-05-28,2024-05
trip_0000156,2,2024-06-01 21:24:00,2024-06-01 21:33:01,1,3.54,238,239,1,Credit Card,17.24,1.0,0.5,3.45,0.0,2.75,24.94,9.0,21,Saturday,2024-06-01,2024-06
trip_0000157,1,2024-05-21 08:32:00,2024-05-21 08:53:37,1,9.41,7,140,1,Credit Card,39.69,1.0,0.5,0.0,0.0,2.75,43.94,21.6,8,Tuesday,2024-05-21,2024-05
trip_0000158,1,2024-03-15 09:19:00,2024-03-15 09:27:16,2,2.95,107,18,1,Cash,15.25,1.0,0.5,3.05,0.0,2.75,22.55,8.3,9,Friday,2024-03-15,2024-03
trip_0000159,2,2024-01-29 20:54:00,2024-01-29 21:33:35,1,15.24,132,164,2,Credit Card,64.71,1.0,0.5,12.94,6.55,2.75,88.45,39.6,20,Monday,2024-01-29,2024-01
trip_0000160,2,2024-03-13 12:14:00,2024-03-13 12:23:34,2,1.86,163,79,1,Credit Card,12.9,1.0,0.5,2.58,0.0,2.75,19.73,9.6,12,Wednesday,2024-03-13,2024-03
trip_0000161,1,2024-05-17 12:42:00,2024-05-17 12:49:42,1,2.01,256,18,1,Credit Card,12.38,1.0,0.5,2.48,0.0,2.75,19.11,7.7,12,Friday,2024-05-17,2024-05
trip_0000162,1,2024-06-23 05:50:00,2024-06-23 06:07:44,1,13.87,1,1,1,Cash,50.01,1.0,0.5,7.5,0.0,2.75,61.76,17.7,5,Sunday,2024-06-23,2024-06
trip_0000163,2,2024-01-09 07:51:00,2024-01-09 08:02:34,1,5.07,163,68,1,Cash,22.73,1.0,0.5,4.55,0.0,2.75,31.53,11.6,7,Tuesday,2024-01-09,2024-01
trip_0000164,2,2024-03-01 02:49:00,2024-03-01 02:55:19,1,1.87,193,256,1,Credit Card,11.3,1.0,0.5,2.82,0.0,2.75,18.37,6.3,2,Friday,2024-03-01,2024-03
trip_0000165,2,2024-06-13 19:33:00,2024-06-13 20:05:29,1,6.71,238,50,1,Cash,37.7,2.5,0.5,5.66,0.0,2.75,49.11,32.5,19,Thursday,2024-06-13,2024-06
trip_0000166,2,2024-03-08 16:42:00,2024-03-08 16:57:11,2,3.86,33,80,1,Credit Card,21.21,2.5,0.5,3.18,0.0,2.75,30.14,15.2,16,Friday,2024-03-08,2024-03
trip_0000167,1,2024-05-10 07:13:00,2024-05-10 07:28:42,1,7.0,141,80,1,Credit Card,30.1,1.0,0.5,0.0,0.0,2.75,34.35,15.7,7,Friday,2024-05-10,2024-05
trip_0000168,1,2024-02-26 13:24:00,2024-02-26 13:51:13,1,11.12,132,163,2,Credit Card,47.19,1.0,0.5,0.0,6.55,2.75,57.99,27.2,13,Monday,2024-02-26,2024-02
trip_0000169,2,2024-02-13 10:27:00,2024-02-13 10:37:46,1,3.25,141,100,1,Credit Card,17.33,1.0,0.5,4.33,0.0,2.75,25.91,10.8,10,Tuesday,2024-02-13,2024-02
trip_0000170,1,2024-06-09 14:35:00,2024-06-09 15:12:24,1,15.94,142,162,1,Credit Card,65.54,1.0,0.5,13.11,0.0,2.75,82.9,37.4,14,Sunday,2024-06-09,2024-06
trip_0000171,1,2024-06-24 19:18:00,2024-06-24 19:23:38,1,1.71,162,18,1,Credit Card,10.53,2.5,0.5,2.11,0.0,2.75,18.39,5.6,19,Monday,2024-06-24,2024-06
trip_0000172,2,2024-04-17 15:56:00,2024-04-17 16:07:04,3,4.72,234,7,1,Credit Card,21.52,1.0,0.5,4.3,0.0,2.75,30.07,11.1,15,Wednesday,2024-04-17,2024-04
trip_0000173,1,2024-04-23 14:27:00,2024-04-23 14:48:38,1,6.9,43,142,1,Credit Card,32.79,1.0,0.5,4.92,0.0,2.75,41.96,21.6,14,Tuesday,2024-04-23,2024-04
trip_0000174,1,2024-02-12 16:03:00,2024-02-12 16:12:27,1,2.11,50,238,1,Cash,13.53,2.5,0.5,2.71,0.0,2.75,21.99,9.5,16,Monday,2024-02-12,2024-02
trip_0000175,2,2024-01-23 17:35:00,2024-01-23 17:41:50,2,2.36,48,256,1,Credit Card,12.91,2.5,0.5,3.23,0.0,2.75,21.89,6.8,17,Tuesday,2024-01-23,2024-01
trip_0000176,1,2024-01-29 22:48:00,2024-01-29 23:06:42,1,7.64,145,107,1,Dispute,33.37,1.0,0.5,0.0,0.0,2.75,37.62,18.7,22,Monday,2024-01-29,2024-01
trip_0000177,2,2024-03-14 21:01:00,2024-03-14 21:08:47,1,3.0,43,249,1,Credit Card,15.14,1.0,0.5,3.03,0.0,2.75,22.42,7.8,21,Thursday,2024-03-14,2024-03
trip_0000178,1,2024-05-17 16:30:00,2024-05-17 16:39:10,2,3.55,193,164,1,Cash,17.35,2.5,0.5,0.0,0.0,2.75,23.1,9.2,16,Friday,2024-05-17,2024-05
trip_0000179,1,2024-04-16 18:55:00,2024-04-16 19:13:38,6,3.53,43,143,1,Credit Card,22.03,2.5,0.5,0.0,0.0,2.75,27.78,18.6,18,Tuesday,2024-04-16,2024-04
trip_0000180,2,2024-05-23 00:27:00,2024-05-23 00:47:23,1,7.11,33,238,1,Credit Card,32.75,1.0,0.5,4.91,0.0,2.75,41.91,20.4,0,Thursday,2024-05-23,2024-05
trip_0000181,2,2024-03-08 14:26:00,2024-03-08 14:44:57,1,7.51,162,237,1,Cash,33.13,1.0,0.5,6.63,0.0,2.75,44.01,19.0,14,Friday,2024-03-08,2024-03
trip_0000182,1,2024-03-19 04:12:00,2024-03-19 04:25:18,1,2.87,231,234,1,Cash,17.55,1.0,0.5,3.51,0.0,2.75,25.31,13.3,4,Tuesday,2024-03-19,2024-03
trip_0000183,2,2024-01-11 14:29:00,2024-01-11 14:39:41,1,4.8,68,79,1,Credit Card,21.54,1.0,0.5,0.0,0.0,2.75,25.79,10.7,14,Thursday,2024-01-11,2024-01
trip_0000184,2,2024-01-29 16:07:00,2024-01-29 16:23:26,1,20.17,138,79,2,Credit Card,66.69,2.5,0.5,0.0,6.55,2.75,78.99,16.4,16,Monday,2024-01-29,2024-01
trip_0000185,2,2024-06-18 16:21:00,2024-06-18 16:45:51,1,8.54,256,140,1,Credit Card,38.91,2.5,0.5,5.84,0.0,2.75,50.5,24.9,16,Tuesday,2024-06-18,2024-06
trip_0000186,1,2024-03-15 09:48:00,2024-03-15 10:13:50,1,21.77,80,138,2,Credit Card,75.79,1.0,0.5,18.95,6.55,2.75,105.54,25.8,9,Friday,2024-03-15,2024-03
trip_0000187,2,2024-02-26 03:33:00,2024-02-26 03:52:26,1,4.0,193,163,1,Credit Card,23.72,1.0,0.5,4.74,0.0,2.75,32.71,19.4,3,Monday,2024-02-26,2024-02
trip_0000188,2,2024-05-07 14:53:00,2024-05-07 15:10:39,1,7.13,237,61,1,Credit Card,31.43,1.0,0.5,6.29,0.0,2.75,41.97,17.7,14,Tuesday,2024-05-07,2024-05
trip_0000189,2,2024-01-03 21:35:00,2024-01-03 21:59:31,2,10.9,80,237,1,Credit Card,45.24,1.0,0.5,9.05,0.0,2.75,58.54,24.5,21,Wednesday,2024-01-03,2024-01
trip_0000190,1,2024-01-02 16:36:00,2024-01-02 16:58:57,1,4.56,234,193,1,Cash,27.02,2.5,0.5,6.76,0.0,2.75,39.53,23.0,16,Tuesday,2024-01-02,2024-01
trip_0000191,2,2024-03-06 01:03:00,2024-03-06 01:13:46,1,3.03,164,249,1,Credit Card,16.72,1.0,0.5,3.34,0.0,2.75,24.31,10.8,1,Wednesday,2024-03-06,2024-03
trip_0000192,1,2024-05-01 23:43:00,2024-05-02 00:02:13,3,4.19,79,236,1,Credit Card,24.14,1.0,0.5,4.83,0.0,2.75,33.22,19.2,23,Wednesday,2024-05-01,2024-05
trip_0000193,1,2024-02-09 21:19:00,2024-02-09 21:24:22,1,2.38,164,79,1,Cash,12.23,1.0,0.5,2.45,0.0,2.75,18.93,5.4,21,Friday,2024-02-09,2024-02
trip_0000194,2,2024-04-14 09:20:00,2024-04-14 09:44:08,2,5.21,170,141,1,Credit Card,29.4,1.0,0.5,4.41,0.0,2.75,38.06,24.1,9,Sunday,2024-04-14,2024-04
trip_0000195,1,2024-04-06 14:18:00,2024-04-06 14:47:38,1,9.3,186,239,1,Credit Card,43.4,1.0,0.5,10.85,0.0,2.75,58.5,29.6,14,Saturday,2024-04-06,2024-04
trip_0000196,1,2024-01-13 22:57:00,2024-01-13 23:19:19,1,6.4,170,145,1,Credit Card,31.76,1.0,0.5,4.76,0.0,2.75,40.77,22.3,22,Saturday,2024-01-13,2024-01
trip_0000197,2,2024-03-24 21:46:00,2024-03-24 21:58:56,1,5.29,107,255,1,Credit Card,24.02,1.0,0.5,6.0,0.0,2.75,34.27,12.9,21,Sunday,2024-03-24,2024-03
trip_0000198,2,2024-01-18 12:45:00,2024-01-18 12:55:57,2,2.47,68,164,1,Credit Card,15.27,1.0,0.5,3.05,0.0,2.75,22.57,11.0,12,Thursday,2024-01-18,2024-01
trip_0000199,2,2024-06-17 00:01:00,2024-06-17 00:25:47,4,5.67,145,61,1,Cash,30.98,1.0,0.5,6.2,0.0,2.75,41.43,24.8,0,Monday,2024-06-17,2024-06
trip_0000200,2,2024-02-10 13:51:00,2024-02-10 14:00:30,1,2.45,142,79,1,Credit Card,14.49,1.0,0.5,2.9,0.0,2.75,21.64,9.5,13,Saturday,2024-02-10,2024-02
trip_0000201,2,2024-04-21 01:51:00,2024-04-21 02:10:26,3,8.44,80,164,1,Credit Card,35.93,1.0,0.5,5.39,0.0,2.75,45.57,19.4,1,Sunday,2024-04-21,2024-04
trip_0000202,2,2024-02-21 12:03:00,2024-02-21 12:18:08,1,4.52,230,239,1,Cash,23.0,1.0,0.5,5.75,0.0,2.75,33.0,15.1,12,Wednesday,2024-02-21,2024-02
trip_0000203,2,2024-01-06 15:22:00,2024-01-06 15:31:29,1,2.44,90,161,1,Credit Card,14.45,1.0,0.5,2.17,0.0,2.75,20.87,9.5,15,Saturday,2024-01-06,2024-01
trip_0000204,2,2024-01-19 01:48:00,2024-01-19 02:19:04,1,18.88,138,140,2,Credit Card,70.46,1.0,0.5,10.57,6.55,2.75,91.83,31.1,1,Friday,2024-01-19,2024-01
trip_0000205,1,2024-04-11 08:45:00,2024-04-11 08:58:51,5,5.91,145,237,1,Credit Card,26.18,1.0,0.5,3.93,0.0,2.75,34.36,13.9,8,Thursday,2024-04-11,2024-04
trip_0000206,2,2024-02-26 19:13:00,2024-02-26 19:35:40,3,7.85,90,170,1,No Charge,35.92,2.5,0.5,8.98,0.0,2.75,50.65,22.7,19,Monday,2024-02-26,2024-02
trip_0000207,1,2024-02-19 19:51:00,2024-02-19 19:57:23,1,1.19,238,162,1,Credit Card,9.47,2.5,0.5,1.89,0.0,2.75,17.11,6.4,19,Monday,2024-02-19,2024-02
trip_0000208,2,2024-03-21 00:04:00,2024-03-21 00:09:30,1,1.69,161,239,1,Credit Card,10.4,1.0,0.5,2.6,0.0,2.75,17.25,5.5,0,Thursday,2024-03-21,2024-03
trip_0000209,1,2024-05-06 21:28:00,2024-05-06 21:49:29,1,5.24,255,68,1,Credit Card,28.15,1.0,0.5,5.63,0.0,2.75,38.03,21.5,21,Monday,2024-05-06,2024-05
trip_0000210,1,2024-04-28 01:09:00,2024-04-28 01:22:45,3,6.08,140,164,1,Credit Card,26.6,1.0,0.5,3.99,0.0,2.75,34.84,13.8,1,Sunday,2024-04-28,2024-04
trip_0000211,2,2024-03-08 07:15:00,2024-03-08 07:36:34,1,9.31,141,230,1,Credit Card,39.39,1.0,0.5,5.91,0.0,2.75,49.55,21.6,7,Friday,2024-03-08,2024-03
trip_0000212,1,2024-06-26 05:24:00,2024-06-26 05:38:57,1,5.34,7,68,1,Credit Card,25.17,1.0,0.5,3.78,0.0,2.75,33.2,15.0,5,Wednesday,2024-06-26,2024-06
trip_0000213,1,2024-04-13 02:14:00,2024-04-13 02:45:37,1,12.24,138,249,2,Credit Card,52.47,1.0,0.5,0.0,6.55,2.75,63.27,31.6,2,Saturday,2024-04-13,2024-04
trip_0000214,2,2024-02-17 09:13:00,2024-02-17 09:32:14,1,4.83,230,163,1,Credit Card,25.9,1.0,0.5,5.18,0.0,2.75,35.33,19.2,9,Saturday,2024-02-17,2024-02
trip_0000215,2,2024-05-02 13:31:00,2024-05-02 13:42:47,4,15.22,170,138,2,Credit Card,50.75,1.0,0.5,0.0,6.55,2.75,61.55,11.8,13,Thursday,2024-05-02,2024-05
trip_0000216,2,2024-02-16 12:31:00,2024-02-16 12:48:57,1,7.02,80,239,1,Credit Card,31.28,1.0,0.5,0.0,0.0,2.75,35.53,18.0,12,Friday,2024-02-16,2024-02
trip_0000217,1,2024-05-21 01:55:00,2024-05-21 02:26:16,1,5.85,68,33,1,Credit Card,34.73,1.0,0.5,5.21,0.0,2.75,44.19,31.3,1,Tuesday,2024-05-21,2024-05
trip_0000218,2,2024-02-15 17:11:00,2024-02-15 17:25:04,1,5.79,256,61,1,Credit Card,25.96,2.5,0.5,5.19,0.0,2.75,36.9,14.1,17,Thursday,2024-02-15,2024-02
trip_0000219,1,2024-04-14 16:20:00,2024-04-14 16:39:38,1,7.77,249,48,1,Credit Card,34.19,2.5,0.5,5.13,0.0,2.75,45.07,19.6,16,Sunday,2024-04-14,2024-04
trip_0000220,2,2024-03-05 17:17:00,2024-03-05 17:34:03,1,7.66,164,164,1,Credit Card,32.59,2.5,0.5,4.89,0.0,2.75,43.23,17.1,17,Tuesday,2024-03-05,2024-03
trip_0000221,1,2024-04-07 09:06:00,2024-04-07 09:16:26,4,2.47,107,234,1,Credit Card,15.01,1.0,0.5,3.0,0.0,2.75,22.26,10.4,9,Sunday,2024-04-07,2024-04
trip_0000222,1,2024-06-11 18:28:00,2024-06-11 18:45:25,3,4.28,238,236,1,Credit Card,23.48,2.5,0.5,0.0,0.0,2.75,29.23,17.4,18,Tuesday,2024-06-11,2024-06
trip_0000223,1,2024-01-15 05:41:00,2024-01-15 05:48:21,1,2.31,80,234,1,Cash,13.03,1.0,0.5,1.95,0.0,2.75,19.23,7.4,5,Monday,2024-01-15,2024-01
trip_0000224,2,2024-03-24 06:44:00,2024-03-24 06:57:53,1,5.53,231,236,1,Credit Card,25.16,1.0,0.5,5.03,0.0,2.75,34.44,13.9,6,Sunday,2024-03-24,2024-03
trip_0000225,1,2024-04-29 21:12:00,2024-04-29 21:17:01,3,2.12,256,164,1,Credit Card,11.34,1.0,0.5,0.0,0.0,2.75,15.59,5.0,21,Monday,2024-04-29,2024-04
trip_0000226,2,2024-05-12 20:53:00,2024-05-12 21:05:09,2,4.95,100,238,1,Credit Card,22.69,1.0,0.5,3.4,0.0,2.75,30.34,12.2,20,Sunday,2024-05-12,2024-05
trip_0000227,1,2024-06-19 00:34:00,2024-06-19 00:56:18,1,7.59,100,239,1,Cash,35.03,1.0,0.5,8.76,0.0,2.75,48.04,22.3,0,Wednesday,2024-06-19,2024-06
trip_0000228,2,2024-05-08 11:39:00,2024-05-08 11:52:41,1,20.72,141,1,1,Credit Card,66.82,1.0,0.5,13.36,0.0,2.75,84.43,13.7,11,Wednesday,2024-05-08,2024-05
trip_0000229,2,2024-06-09 10:28:00,2024-06-09 10:36:48,1,1.79,7,141,1,Credit Card,12.33,1.0,0.5,2.47,0.0,2.75,19.05,8.8,10,Sunday,2024-06-09,2024-06
trip_0000230,1,2024-05-10 08:25:00,2024-05-10 08:58:39,1,10.45,145,163,1,Credit Card,48.56,1.0,0.5,7.28,0.0,2.75,60.09,33.7,8,Friday,2024-05-10,2024-05
trip_0000231,1,2024-06-23 07:28:00,2024-06-23 07:46:06,1,3.94,61,140,1,Credit Card,22.89,1.0,0.5,4.58,0.0,2.75,31.72,18.1,7,Sunday,2024-06-23,2024-06
trip_0000232,1,2024-01-01 17:23:00,2024-01-01 17:30:06,1,2.35,236,50,1,Credit Card,13.01,2.5,0.5,2.6,0.0,2.75,21.36,7.1,17,Monday,2024-01-01,2024-01
trip_0000233,1,2024-05-21 14:48:00,2024-05-21 15:05:17,1,3.94,161,256,1,Credit Card,22.48,1.0,0.5,3.37,0.0,2.75,30.1,17.3,14,Tuesday,2024-05-21,2024-05
trip_0000234,2,2024-05-16 07:52:00,2024-05-16 08:00:31,1,2.33,231,249,1,Credit Card,13.67,1.0,0.5,3.42,0.0,2.75,21.34,8.5,7,Thursday,2024-05-16,2024-05
trip_0000235,2,2024-05-23 01:43:00,2024-05-23 01:57:45,1,3.09,239,50,1,Credit Card,18.88,1.0,0.5,3.78,0.0,2.75,26.91,14.8,1,Thursday,2024-05-23,2024-05
trip_0000236,2,2024-04-02 08:06:00,2024-04-02 08:10:17,1,1.33,161,239,1,Credit Card,8.81,1.0,0.5,1.76,0.0,2.75,14.82,4.3,8,Tuesday,2024-04-02,2024-04
trip_0000237,2,2024-04-14 21:57:00,2024-04-14 22:27:02,1,11.52,230,18,1,Cash,49.7,1.0,0.5,9.94,0.0,2.75,63.89,30.0,21,Sunday,2024-04-14,2024-04
trip_0000238,2,2024-03-17 11:05:00,2024-03-17 11:24:03,1,6.57,48,140,1,Credit Card,30.59,1.0,0.5,6.12,0.0,2.75,40.96,19.1,11,Sunday,2024-03-17,2024-03
trip_0000239,2,2024-06-20 08:17:00,2024-06-20 08:28:57,1,2.2,100,234,1,Credit Card,15.03,1.0,0.5,0.0,0.0,2.75,19.28,12.0,8,Thursday,2024-06-20,2024-06
trip_0000240,2,2024-05-08 19:52:00,2024-05-08 20:04:02,2,3.76,238,186,1,Credit Card,19.36,2.5,0.5,2.9,0.0,2.75,28.01,12.0,19,Wednesday,2024-05-08,2024-05
trip_0000241,2,2024-04-13 00:46:00,2024-04-13 01:05:21,1,5.07,61,231,1,Credit Card,26.62,1.0,0.5,5.32,0.0,2.75,36.19,19.4,0,Saturday,2024-04-13,2024-04
trip_0000242,2,2024-04-24 05:03:00,2024-04-24 05:21:56,4,6.36,61,163,1,Credit Card,29.96,1.0,0.5,0.0,0.0,2.75,34.21,18.9,5,Wednesday,2024-04-24,2024-04
trip_0000243,2,2024-04-09 20:13:00,2024-04-09 20:35:12,5,4.99,33,230,1,Credit Card,27.83,1.0,0.5,5.57,0.0,2.75,37.65,22.2,20,Tuesday,2024-04-09,2024-04
trip_0000244,2,2024-01-24 16:42:00,2024-01-24 16:56:49,1,5.62,162,145,1,Credit Card,25.87,2.5,0.5,5.17,0.0,2.75,36.79,14.8,16,Wednesday,2024-01-24,2024-01
trip_0000245,1,2024-06-04 01:20:00,2024-06-04 01:34:03,1,6.31,236,50,1,Credit Card,27.38,1.0,0.5,6.84,0.0,2.75,38.47,14.1,1,Tuesday,2024-06-04,2024-06
trip_0000246,1,2024-05-30 10:32:00,2024-05-30 10:43:19,1,2.54,234,230,1,Credit Card,15.65,1.0,0.5,2.35,0.0,2.75,22.25,11.3,10,Thursday,2024-05-30,2024-05
trip_0000247,2,2024-01-31 23:27:00,2024-01-31 23:45:47,1,4.46,80,163,1,Cash,24.66,1.0,0.5,0.0,0.0,2.75,28.91,18.8,23,Wednesday,2024-01-31,2024-01
trip_0000248,2,2024-06-03 13:11:00,2024-06-03 13:22:52,1,4.37,107,239,1,Credit Card,20.95,1.0,0.5,4.19,0.0,2.75,29.39,11.9,13,Monday,2024-06-03,2024-06
trip_0000249,2,2024-01-11 15:18:00,2024-01-11 15:36:25,1,3.54,237,50,1,Credit Card,21.95,1.0,0.5,4.39,0.0,2.75,30.59,18.4,15,Thursday,2024-01-11,2024-01
trip_0000250,2,2024-02-27 06:55:00,2024-02-27 07:07:32,1,5.53,18,68,1,Credit Card,24.48,1.0,0.5,3.67,0.0,2.75,32.4,12.5,6,Tuesday,2024-02-27,2024-02
trip_0000251,1,2024-06-12 07:12:00,2024-06-12 07:38:45,1,10.85,33,234,1,Credit Card,46.22,1.0,0.5,9.24,0.0,2.75,59.71,26.8,7,Wednesday,2024-06-12,2024-06
trip_0000252,2,2024-02-19 02:36:00,2024-02-19 02:51:46,1,4.37,163,230,1,Credit Card,22.91,1.0,0.5,0.0,0.0,2.75,27.16,15.8,2,Monday,2024-02-19,2024-02
trip_0000253,2,2024-06-21 00:30:00,2024-06-21 00:45:35,1,4.66,236,68,1,Credit Card,23.61,1.0,0.5,4.72,0.0,2.75,32.58,15.6,0,Friday,2024-06-21,2024-06
trip_0000254,2,2024-01-18 22:28:00,2024-01-18 22:49:33,1,4.57,234,239,1,Credit Card,26.35,1.0,0.5,3.95,0.0,2.75,34.55,21.6,22,Thursday,2024-01-18,2024-01
trip_0000255,2,2024-02-09 14:57:00,2024-02-09 15:21:42,2,11.05,61,107,1,Credit Card,45.74,1.0,0.5,6.86,0.0,2.75,56.85,24.7,14,Friday,2024-02-09,2024-02
trip_0000256,1,2024-03-08 03:16:00,2024-03-08 03:22:19,2,1.68,68,61,1,Credit Card,10.78,1.0,0.5,2.16,0.0,2.75,17.19,6.3,3,Friday,2024-03-08,2024-03
trip_0000257,2,2024-05-22 22:17:00,2024-05-22 22:45:37,1,7.67,142,255,1,No Charge,38.4,1.0,0.5,9.6,0.0,2.75,52.25,28.6,22,Wednesday,2024-05-22,2024-05
trip_0000258,1,2024-05-07 06:01:00,2024-05-07 06:09:15,1,2.66,107,164,1,Credit Card,14.45,1.0,0.5,0.0,0.0,2.75,18.7,8.3,6,Tuesday,2024-05-07,2024-05
trip_0000259,2,2024-02-01 16:47:00,2024-02-01 17:21:04,1,21.49,138,132,2,Cash,79.13,2.5,0.5,15.83,6.55,2.75,107.26,34.1,16,Thursday,2024-02-01,2024-02
trip_0000260,2,2024-06-26 17:08:00,2024-06-26 17:27:14,1,8.59,236,170,1,Credit Card,36.24,2.5,0.5,0.0,0.0,2.75,41.99,19.2,17,Wednesday,2024-06-26,2024-06
trip_0000261,2,2024-03-07 20:17:00,2024-03-07 20:28:38,4,2.15,33,43,1,Credit Card,14.73,1.0,0.5,2.21,0.0,2.75,21.19,11.6,20,Thursday,2024-03-07,2024-03
trip_0000262,1,2024-05-25 16:05:00,2024-05-25 16:32:56,5,12.06,1,107,1,Credit Card,50.14,2.5,0.5,7.52,0.0,2.75,63.41,27.9,16,Saturday,2024-05-25,2024-05
trip_0000263,1,2024-01-18 23:37:00,2024-01-18 23:54:59,1,21.49,237,138,2,Credit Card,71.09,1.0,0.5,17.77,6.55,2.75,99.66,18.0,23,Thursday,2024-01-18,2024-01
trip_0000264,1,2024-06-07 23:00:00,2024-06-07 23:12:41,1,4.88,142,161,1,Cash,22.77,1.0,0.5,4.55,0.0,2.75,31.57,12.7,23,Friday,2024-06-07,2024-06
trip_0000265,2,2024-01-04 04:31:00,2024-01-04 04:36:07,1,2.05,256,186,1,Credit Card,11.2,1.0,0.5,2.8,0.0,2.75,18.25,5.1,4,Thursday,2024-01-04,2024-01
trip_0000266,2,2024-06-12 08:17:00,2024-06-12 08:28:53,5,18.68,186,1,1,Credit Card,60.32,1.0,0.5,12.06,0.0,2.75,76.63,11.9,8,Wednesday,2024-06-12,2024-06
trip_0000267,2,2024-06-10 23:24:00,2024-06-11 00:08:13,2,17.92,33,90,1,Credit Card,74.39,1.0,0.5,14.88,0.0,2.75,93.52,44.2,23,Monday,2024-06-10,2024-06
trip_0000268,2,2024-04-14 06:44:00,2024-04-14 07:01:09,5,6.93,79,237,1,Credit Card,30.64,1.0,0.5,6.13,0.0,2.75,41.02,17.2,6,Sunday,2024-04-14,2024-04
trip_0000269,2,2024-02-11 15:50:00,2024-02-11 16:13:57,1,5.24,90,234,1,Credit Card,29.39,1.0,0.5,5.88,0.0,2.75,39.52,24.0,15,Sunday,2024-02-11,2024-02
trip_0000270,1,2024-06-07 17:43:00,2024-06-07 18:02:46,3,4.57,107,18,1,Credit Card,25.46,2.5,0.5,5.09,0.0,2.75,36.3,19.8,17,Friday,2024-06-07,2024-06
trip_0000271,2,2024-01-27 02:44:00,2024-01-27 03:12:48,1,20.52,138,7,2,Credit Card,73.83,1.0,0.5,14.77,6.55,2.75,99.4,28.8,2,Saturday,2024-01-27,2024-01
trip_0000272,1,2024-01-05 22:37:00,2024-01-05 22:48:18,1,4.56,234,161,1,Credit Card,21.19,1.0,0.5,3.18,0.0,2.75,28.62,11.3,22,Friday,2024-01-05,2024-01
trip_0000273,2,2024-04-13 23:21:00,2024-04-13 23:27:56,2,2.58,161,163,1,Cash,13.57,1.0,0.5,2.71,0.0,2.75,20.53,6.9,23,Saturday,2024-04-13,2024-04
trip_0000274,2,2024-04-23 21:59:00,2024-04-23 22:10:16,1,2.5,7,142,1,Credit Card,15.51,1.0,0.5,3.88,0.0,2.75,23.64,11.3,21,Tuesday,2024-04-23,2024-04
trip_0000275,1,2024-04-03 03:13:00,2024-04-03 03:40:44,1,8.32,238,230,1,Cash,39.75,1.0,0.5,5.96,0.0,2.75,49.96,27.7,3,Wednesday,2024-04-03,2024-04
trip_0000276,2,2024-03-14 09:03:00,2024-03-14 09:16:51,1,4.69,164,170,1,Cash,22.83,1.0,0.5,4.57,0.0,2.75,31.65,13.9,9,Thursday,2024-03-14,2024-03
trip_0000277,2,2024-02-20 04:23:00,2024-02-20 04:29:50,1,1.82,61,79,1,Credit Card,11.43,1.0,0.5,1.71,0.0,2.75,17.39,6.8,4,Tuesday,2024-02-20,2024-02
trip_0000278,1,2024-05-10 23:32:00,2024-05-10 23:41:24,1,3.86,186,170,1,Credit Card,18.32,1.0,0.5,3.66,0.0,2.75,26.23,9.4,23,Friday,2024-05-10,2024-05
trip_0000279,2,2024-04-01 17:31:00,2024-04-01 17:47:28,6,4.25,7,141,1,Credit Card,22.93,2.5,0.5,4.59,0.0,2.75,33.27,16.5,17,Monday,2024-04-01,2024-04
trip_0000280,2,2024-02-07 10:55:00,2024-02-07 11:01:32,1,1.32,249,237,1,Credit Card,9.9,1.0,0.5,2.48,0.0,2.75,16.63,6.5,10,Wednesday,2024-02-07,2024-02
trip_0000281,1,2024-03-31 03:49:00,2024-03-31 03:55:58,1,1.82,143,50,1,Credit Card,11.49,1.0,0.5,2.87,0.0,2.75,18.61,7.0,3,Sunday,2024-03-31,2024-03
trip_0000282,2,2024-02-08 08:14:00,2024-02-08 08:29:11,1,6.41,100,90,1,Credit Card,28.23,1.0,0.5,5.65,0.0,2.75,38.13,15.2,8,Thursday,2024-02-08,2024-02
trip_0000283,2,2024-06-10 03:33:00,2024-06-10 03:39:25,1,2.53,162,141,1,Credit Card,13.17,1.0,0.5,1.98,0.0,2.75,19.4,6.4,3,Monday,2024-06-10,2024-06
trip_0000284,1,2024-02-16 22:40:00,2024-02-16 23:11:05,1,6.65,255,18,1,Credit Card,36.84,1.0,0.5,7.37,0.0,2.75,48.46,31.1,22,Friday,2024-02-16,2024-02
trip_0000285,2,2024-06-16 13:30:00,2024-06-16 13:39:39,4,3.75,170,230,1,Credit Card,18.14,1.0,0.5,3.63,0.0,2.75,26.02,9.7,13,Sunday,2024-06-16,2024-06
trip_0000286,1,2024-03-13 02:00:00,2024-03-13 02:10:05,4,2.05,80,7,1,Credit Card,13.68,1.0,0.5,2.74,0.0,2.75,20.67,10.1,2,Wednesday,2024-03-13,2024-03
trip_0000287,2,2024-05-11 21:12:00,2024-05-11 21:33:23,6,5.39,48,79,1,Credit Card,28.52,1.0,0.5,5.7,0.0,2.75,38.47,21.4,21,Saturday,2024-05-11,2024-05
trip_0000288,1,2024-03-16 06:43:00,2024-03-16 06:51:19,3,3.16,170,162,1,Credit Card,15.85,1.0,0.5,0.0,0.0,2.75,20.1,8.3,6,Saturday,2024-03-16,2024-03
trip_0000289,2,2024-05-31 16:48:00,2024-05-31 17:06:39,1,3.98,145,230,1,Credit Card,23.27,2.5,0.5,5.82,0.0,2.75,34.84,18.7,16,Friday,2024-05-31,2024-05
trip_0000290,2,2024-03-24 06:15:00,2024-03-24 06:33:53,1,5.04,90,231,1,Credit Card,26.31,1.0,0.5,5.26,0.0,2.75,35.82,18.9,6,Sunday,2024-03-24,2024-03
trip_0000291,1,2024-03-28 16:24:00,2024-03-28 16:39:08,1,6.3,186,234,1,Credit Card,27.89,2.5,0.5,4.18,0.0,2.75,37.82,15.1,16,Thursday,2024-03-28,2024-03
trip_0000292,1,2024-01-06 09:19:00,2024-01-06 09:33:17,1,3.19,249,61,1,Credit Card,18.92,1.0,0.5,0.0,0.0,2.75,23.17,14.3,9,Saturday,2024-01-06,2024-01
trip_0000293,1,2024-03-30 12:29:00,2024-03-30 12:42:15,1,4.35,239,7,1,Credit Card,21.59,1.0,0.5,0.0,0.0,2.75,25.84,13.3,12,Saturday,2024-03-30,2024-03
trip_0000294,2,2024-05-12 12:54:00,2024-05-12 13:10:49,1,3.1,230,170,1,Credit Card,19.94,1.0,0.5,2.99,0.0,2.75,27.18,16.8,12,Sunday,2024-05-12,2024-05
trip_0000295,2,2024-03-23 03:42:00,2024-03-23 03:48:21,1,1.32,236,170,1,Credit Card,9.81,1.0,0.5,1.96,0.0,2.75,16.02,6.4,3,Saturday,2024-03-23,2024-03
trip_0000296,1,2024-04-01 19:34:00,2024-04-01 19:41:16,6,2.34,230,231,1,Credit Card,13.07,2.5,0.5,3.27,0.0,2.75,22.09,7.3,19,Monday,2024-04-01,2024-04
trip_0000297,2,2024-01-31 11:48:00,2024-01-31 12:05:39,2,4.31,164,234,1,Credit Card,23.68,1.0,0.5,0.0,0.0,2.75,27.93,17.7,11,Wednesday,2024-01-31,2024-01
trip_0000298,1,2024-06-14 23:46:00,2024-06-14 23:56:43,5,13.65,1,230,1,Credit Card,45.9,1.0,0.5,9.18,0.0,2.75,59.33,10.7,23,Friday,2024-06-14,2024-06
trip_0000299,1,2024-03-31 18:39:00,2024-03-31 19:05:02,1,10.36,79,140,1,Credit Card,44.51,2.5,0.5,8.9,0.0,2.75,59.16,26.0,18,Sunday,2024-03-31,2024-03
trip_0000300,2,2024-03-09 05:32:00,2024-03-09 05:48:14,1,5.3,140,107,1,Credit Card,25.69,1.0,0.5,5.14,0.0,2.75,35.08,16.2,5,Saturday,2024-03-09,2024-03
trip_0000301,2,2024-02-15 03:11:00,2024-02-15 03:54:36,1,15.51,170,61,1,Cash,67.46,1.0,0.5,0.0,0.0,2.75,71.71,43.6,3,Thursday,2024-02-15,2024-02
trip_0000302,2,2024-04-26 06:23:00,2024-04-26 06:34:39,1,4.57,43,238,1,Credit Card,21.4,1.0,0.5,4.28,0.0,2.75,29.93,11.7,6,Friday,2024-04-26,2024-04
trip_0000303,2,2024-06-04 03:48:00,2024-06-04 04:22:48,1,21.95,256,138,2,Cash,80.77,1.0,0.5,16.15,6.55,2.75,107.72,34.8,3,Tuesday,2024-06-04,2024-06
trip_0000304,1,2024-05-28 09:40:00,2024-05-28 09:55:32,2,16.04,138,140,2,Credit Card,54.88,1.0,0.5,8.23,6.55,2.75,73.91,15.5,9,Tuesday,2024-05-28,2024-05
trip_0000305,1,2024-03-20 08:41:00,2024-03-20 08:59:30,4,6.85,90,170,1,Credit Card,31.1,1.0,0.5,0.0,0.0,2.75,35.35,18.5,8,Wednesday,2024-03-20,2024-03
trip_0000306,2,2024-01-31 13:21:00,2024-01-31 13:56:37,5,11.72,43,237,1,Credit Card,53.04,1.0,0.5,10.61,0.0,2.75,67.9,35.6,13,Wednesday,2024-01-31,2024-01
trip_0000307,1,2024-05-01 08:55:00,2024-05-01 09:30:32,1,14.51,193,80,1,Credit Card,60.67,1.0,0.5,9.1,0.0,2.75,74.02,35.5,8,Wednesday,2024-05-01,2024-05
trip_0000308,1,2024-06-25 23:33:00,2024-06-25 23:59:11,2,5.12,162,164,1,Credit Card,30.18,1.0,0.5,6.04,0.0,2.75,40.47,26.2,23,Tuesday,2024-06-25,2024-06
trip_0000309,1,2024-05-10 05:05:00,2024-05-10 05:20:08,2,4.37,107,80,1,Credit Card,22.59,1.0,0.5,3.39,0.0,2.75,30.23,15.1,5,Friday,2024-05-10,2024-05
trip_0000310,1,2024-03-29 12:07:00,2024-03-29 12:15:49,1,1.81,43,141,1,Credit Card,12.39,1.0,0.5,2.48,0.0,2.75,19.12,8.8,12,Friday,2024-03-29,2024-03
trip_0000311,2,2024-06-16 19:46:00,2024-06-16 20:23:40,1,7.18,107,80,1,Credit Card,41.58,2.5,0.5,8.32,0.0,2.75,55.65,37.7,19,Sunday,2024-06-16,2024-06
trip_0000312,2,2024-05-19 21:13:00,2024-05-19 21:47:05,1,7.98,249,249,1,Credit Card,41.99,1.0,0.5,8.4,0.0,2.75,54.64,34.1,21,Sunday,2024-05-19,2024-05
trip_0000313,1,2024-03-05 17:39:00,2024-03-05 17:49:51,1,4.54,7,43,1,Credit Card,20.91,2.5,0.5,3.14,0.0,2.75,29.8,10.9,17,Tuesday,2024-03-05,2024-03
trip_0000314,2,2024-05-16 06:18:00,2024-05-16 06:49:33,1,11.93,18,230,1,Credit Card,51.58,1.0,0.5,7.74,0.0,2.75,63.57,31.6,6,Thursday,2024-05-16,2024-05
trip_0000315,2,2024-06-25 16:10:00,2024-06-25 16:50:04,1,9.12,249,161,1,Credit Card,48.11,2.5,0.5,0.0,0.0,2.75,53.86,40.1,16,Tuesday,2024-06-25,2024-06
trip_0000316,1,2024-01-21 10:30:00,2024-01-21 10:36:33,4,1.63,50,68,1,Credit Card,10.77,1.0,0.5,2.15,0.0,2.75,17.17,6.6,10,Sunday,2024-01-21,2024-01
trip_0000317,1,2024-05-16 01:23:00,2024-05-16 01:33:33,1,21.21,68,1,1,Credit Card,66.6,1.0,0.5,13.32,0.0,2.75,84.17,10.6,1,Thursday,2024-05-16,2024-05
trip_0000318,1,2024-05-04 23:22:00,2024-05-04 23:36:52,5,4.88,100,50,1,Credit Card,23.86,1.0,0.5,4.77,0.0,2.75,32.88,14.9,23,Saturday,2024-05-04,2024-05
trip_0000319,1,2024-04-24 08:23:00,2024-04-24 08:44:26,1,5.09,68,231,1,Credit Card,27.72,1.0,0.5,6.93,0.0,2.75,38.9,21.4,8,Wednesday,2024-04-24,2024-04
trip_0000320,2,2024-03-12 18:19:00,2024-03-12 18:29:26,3,11.98,132,256,2,Cash,41.16,2.5,0.5,8.23,6.55,2.75,61.69,10.4,18,Tuesday,2024-03-12,2024-03
trip_0000321,1,2024-05-09 10:38:00,2024-05-09 10:47:22,1,3.54,237,140,1,Credit Card,17.42,1.0,0.5,3.48,0.0,2.75,25.15,9.4,10,Thursday,2024-05-09,2024-05
trip_0000322,2,2024-04-18 15:40:00,2024-04-18 15:58:40,1,17.15,68,132,2,Credit Card,59.5,1.0,0.5,11.9,6.55,2.75,82.2,18.7,15,Thursday,2024-04-18,2024-04
trip_0000323,1,2024-02-05 18:42:00,2024-02-05 19:04:23,1,9.32,141,161,1,Credit Card,39.82,2.5,0.5,5.97,0.0,2.75,51.54,22.4,18,Monday,2024-02-05,2024-02
trip_0000324,2,2024-01-01 14:18:00,2024-01-01 14:36:00,1,3.44,90,145,1,Credit Card,21.46,1.0,0.5,5.36,0.0,2.75,31.07,18.0,14,Monday,2024-01-01,2024-01
trip_0000325,1,2024-01-27 15:31:00,2024-01-27 15:50:15,1,7.43,255,50,1,Credit Card,33.06,1.0,0.5,0.0,0.0,2.75,37.31,19.3,15,Saturday,2024-01-27,2024-01
trip_0000326,2,2024-05-25 12:33:00,2024-05-25 12:51:28,3,7.51,230,141,1,Credit Card,32.89,1.0,0.5,0.0,0.0,2.75,37.14,18.5,12,Saturday,2024-05-25,2024-05
trip_0000327,1,2024-03-21 23:27:00,2024-03-21 23:43:09,4,6.24,162,231,1,Credit Card,28.24,1.0,0.5,4.24,0.0,2.75,36.73,16.2,23,Thursday,2024-03-21,2024-03
trip_0000328,1,2024-05-16 11:55:00,2024-05-16 12:05:47,1,21.09,138,237,2,Credit Card,66.39,1.0,0.5,9.96,6.55,2.75,87.15,10.8,11,Thursday,2024-05-16,2024-05
trip_0000329,1,2024-05-01 10:14:00,2024-05-01 10:21:27,2,3.27,90,100,1,Cash,15.73,1.0,0.5,2.36,0.0,2.75,22.34,7.5,10,Wednesday,2024-05-01,2024-05
trip_0000330,2,2024-03-02 21:24:00,2024-03-02 21:52:11,1,12.02,7,7,1,Credit Card,50.15,1.0,0.5,10.03,0.0,2.75,64.43,28.2,21,Saturday,2024-03-02,2024-03
trip_0000331,1,2024-04-17 23:43:00,2024-04-18 00:02:20,2,6.37,249,80,1,Credit Card,30.19,1.0,0.5,6.04,0.0,2.75,40.48,19.3,23,Wednesday,2024-04-17,2024-04
trip_0000332,2,2024-02-20 16:09:00,2024-02-20 16:25:46,5,3.5,162,48,1,Credit Card,21.01,2.5,0.5,5.25,0.0,2.75,32.01,16.8,16,Tuesday,2024-02-20,2024-02
trip_0000333,2,2024-03-24 08:42:00,2024-03-24 08:59:23,4,12.63,132,186,2,Credit Card,46.42,1.0,0.5,9.28,6.55,2.75,66.5,17.4,8,Sunday,2024-03-24,2024-03
trip_0000334,1,2024-05-15 01:55:00,2024-05-15 02:18:07,1,6.52,68,170,1,Cash,32.49,1.0,0.5,8.12,0.0,2.75,44.86,23.1,1,Wednesday,2024-05-15,2024-05
trip_0000335,1,2024-01-12 23:52:00,2024-01-13 00:03:54,1,2.51,237,33,1,Credit Card,15.86,1.0,0.5,2.38,0.0,2.75,22.49,11.9,23,Friday,2024-01-12,2024-01
trip_0000336,2,2024-05-07 09:35:00,2024-05-07 09:52:57,1,21.27,132,140,2,Credit Card,70.48,1.0,0.5,0.0,6.55,2.75,81.28,18.0,9,Tuesday,2024-05-07,2024-05
trip_0000337,1,2024-02-26 20:38:00,2024-02-26 20:46:23,4,2.31,237,145,1,Credit Card,13.55,1.0,0.5,2.71,0.0,2.75,20.51,8.4,20,Monday,2024-02-26,2024-02
trip_0000338,1,2024-05-23 04:11:00,2024-05-23 04:21:15,1,4.18,256,140,1,Cash,19.62,1.0,0.5,3.92,0.0,2.75,27.79,10.3,4,Thursday,2024-05-23,2024-05
trip_0000339,1,2024-05-09 08:39:00,2024-05-09 08:52:02,2,2.41,255,141,1,Credit Card,16.15,1.0,0.5,3.23,0.0,2.75,23.63,13.0,8,Thursday,2024-05-09,2024-05
trip_0000340,1,2024-03-09 13:21:00,2024-03-09 13:35:37,2,21.46,33,1,1,Credit Card,69.33,1.0,0.5,13.87,0.0,2.75,87.45,14.6,13,Saturday,2024-03-09,2024-03
trip_0000341,1,2024-05-25 14:40:00,2024-05-25 15:02:40,2,9.13,90,90,1,Cash,39.45,1.0,0.5,5.92,0.0,2.75,49.62,22.7,14,Saturday,2024-05-25,2024-05
trip_0000342,2,2024-04-08 04:36:00,2024-04-08 05:10:32,3,9.6,50,61,1,Credit Card,46.67,1.0,0.5,11.67,0.0,2.75,62.59,34.5,4,Monday,2024-04-08,2024-04
trip_0000343,2,2024-05-28 03:38:00,2024-05-28 04:01:19,1,7.38,170,237,1,Credit Card,34.95,1.0,0.5,5.24,0.0,2.75,44.44,23.3,3,Tuesday,2024-05-28,2024-05
trip_0000344,1,2024-04-15 08:19:00,2024-04-15 08:44:18,1,10.94,50,7,1,Credit Card,45.74,1.0,0.5,0.0,0.0,2.75,49.99,25.3,8,Monday,2024-04-15,2024-04
trip_0000345,2,2024-06-28 14:51:00,2024-06-28 15:04:08,2,2.61,237,234,1,Credit Card,16.75,1.0,0.5,4.19,0.0,2.75,25.19,13.1,14,Friday,2024-06-28,2024-06
trip_0000346,1,2024-03-13 06:28:00,2024-03-13 06:56:55,4,7.92,161,237,1,Cash,39.24,1.0,0.5,5.89,0.0,2.75,49.38,28.9,6,Wednesday,2024-03-13,2024-03
trip_0000347,1,2024-06-11 10:33:00,2024-06-11 10:49:48,1,7.27,161,239,1,Credit Card,31.4,1.0,0.5,4.71,0.0,2.75,40.36,16.8,10,Tuesday,2024-06-11,2024-06
trip_0000348,1,2024-06-13 18:22:00,2024-06-13 18:36:08,1,12.45,161,132,2,Credit Card,44.31,2.5,0.5,8.86,6.55,2.75,65.47,14.1,18,Thursday,2024-06-13,2024-06
trip_0000349,2,2024-06-17 04:11:00,2024-06-17 04:46:23,1,6.99,249,255,1,Credit Card,39.92,1.0,0.5,7.98,0.0,2.75,52.15,35.4,4,Monday,2024-06-17,2024-06
trip_0000350,1,2024-05-27 05:08:00,2024-05-27 05:22:26,2,4.91,79,100,1,Cash,23.72,1.0,0.5,3.56,0.0,2.75,31.53,14.4,5,Monday,2024-05-27,2024-05
trip_0000351,1,2024-03-09 09:54:00,2024-03-09 10:26:12,1,13.42,231,50,1,Credit Card,56.01,1.0,0.5,8.4,0.0,2.75,68.66,32.2,9,Saturday,2024-03-09,2024-03
trip_0000352,2,2024-06-06 07:45:00,2024-06-06 08:06:53,3,7.26,80,238,1,Credit Card,33.91,1.0,0.5,5.09,0.0,2.75,43.25,21.9,7,Thursday,2024-06-06,2024-06
trip_0000353,2,2024-02-16 19:02:00,2024-02-16 19:11:52,2,3.7,237,163,1,Credit Card,18.12,2.5,0.5,2.72,0.0,2.75,26.59,9.9,19,Friday,2024-02-16,2024-02
trip_0000354,1,2024-04-21 21:46:00,2024-04-21 22:20:02,1,10.14,162,237,1,Credit Card,47.9,1.0,0.5,7.18,0.0,2.75,59.33,34.0,21,Sunday,2024-04-21,2024-04
trip_0000355,2,2024-06-17 08:04:00,2024-06-17 08:11:37,1,1.67,48,68,1,Credit Card,11.41,1.0,0.5,2.28,0.0,2.75,17.94,7.6,8,Monday,2024-06-17,2024-06
trip_0000356,1,2024-04-17 14:17:00,2024-04-17 14:28:31,3,3.68,256,33,1,Credit Card,18.89,1.0,0.5,0.0,0.0,2.75,23.14,11.5,14,Wednesday,2024-04-17,2024-04
trip_0000357,1,2024-04-08 02:59:00,2024-04-08 03:23:36,1,7.22,43,237,1,Cash,35.16,1.0,0.5,5.27,0.0,2.75,44.68,24.6,2,Monday,2024-04-08,2024-04
trip_0000358,1,2024-03-21 22:25:00,2024-03-21 22:55:52,1,12.51,236,164,1,Credit Card,52.84,1.0,0.5,7.93,0.0,2.75,65.02,30.9,22,Thursday,2024-03-21,2024-03
trip_0000359,2,2024-04-14 01:19:00,2024-04-14 01:32:42,1,4.58,50,141,1,Credit Card,22.45,1.0,0.5,3.37,0.0,2.75,30.07,13.7,1,Sunday,2024-04-14,2024-04
trip_0000360,2,2024-01-19 18:28:00,2024-01-19 18:43:33,1,6.53,163,186,1,Credit Card,28.74,2.5,0.5,4.31,0.0,2.75,38.8,15.6,18,Friday,2024-01-19,2024-01
trip_0000361,1,2024-06-20 05:38:00,2024-06-20 06:03:17,1,4.99,238,256,1,Cash,29.37,1.0,0.5,4.41,0.0,2.75,38.03,25.3,5,Thursday,2024-06-20,2024-06
trip_0000362,2,2024-06-18 23:58:00,2024-06-19 00:24:40,2,8.36,193,231,1,Credit Card,39.33,1.0,0.5,5.9,0.0,2.75,49.48,26.7,23,Tuesday,2024-06-18,2024-06
trip_0000363,2,2024-03-08 23:03:00,2024-03-08 23:11:08,1,1.66,80,43,1,Credit Card,11.64,1.0,0.5,2.33,0.0,2.75,18.22,8.1,23,Friday,2024-03-08,2024-03
trip_0000364,1,2024-05-17 23:55:00,2024-05-18 00:28:25,1,18.95,132,143,2,Dispute,71.82,1.0,0.5,0.0,6.55,2.75,82.62,33.4,23,Friday,2024-05-17,2024-05
trip_0000365,2,2024-05-29 10:49:00,2024-05-29 10:58:18,5,4.03,239,239,1,Credit Card,18.74,1.0,0.5,3.75,0.0,2.75,26.74,9.3,10,Wednesday,2024-05-29,2024-05
trip_0000366,1,2024-03-09 01:26:00,2024-03-09 01:37:43,1,4.51,236,193,1,Credit Card,21.27,1.0,0.5,4.25,0.0,2.75,29.77,11.7,1,Saturday,2024-03-09,2024-03
trip_0000367,1,2024-02-14 01:46:00,2024-02-14 02:06:41,2,6.68,48,230,1,Cash,31.71,1.0,0.5,6.34,0.0,2.75,42.3,20.7,1,Wednesday,2024-02-14,2024-02
trip_0000368,2,2024-06-27 13:52:00,2024-06-27 14:15:08,3,7.34,238,161,1,Cash,34.75,1.0,0.5,6.95,0.0,2.75,45.95,23.1,13,Thursday,2024-06-27,2024-06
trip_0000369,2,2024-06-06 07:31:00,2024-06-06 07:50:27,1,3.54,100,236,1,Credit Card,22.46,1.0,0.5,4.49,0.0,2.75,31.2,19.5,7,Thursday,2024-06-06,2024-06
trip_0000370,2,2024-04-12 05:47:00,2024-04-12 05:57:15,4,3.36,7,236,1,Cash,17.37,1.0,0.5,0.0,0.0,2.75,21.62,10.3,5,Friday,2024-04-12,2024-04
trip_0000371,2,2024-01-02 01:53:00,2024-01-02 02:04:15,1,4.79,255,239,1,Credit Card,21.8,1.0,0.5,3.27,0.0,2.75,29.32,11.3,1,Tuesday,2024-01-02,2024-01
trip_0000372,1,2024-03-15 20:39:00,2024-03-15 20:49:27,4,3.9,163,237,1,Credit Card,18.96,1.0,0.5,3.79,0.0,2.75,27.0,10.5,20,Friday,2024-03-15,2024-03
trip_0000373,1,2024-05-05 17:32:00,2024-05-05 17:46:08,1,2.84,33,163,1,Credit Card,17.88,2.5,0.5,0.0,0.0,2.75,23.63,14.1,17,Sunday,2024-05-05,2024-05
trip_0000374,2,2024-02-13 14:32:00,2024-02-13 14:47:35,1,5.99,141,145,1,Cash,27.27,1.0,0.5,5.45,0.0,2.75,36.97,15.6,14,Tuesday,2024-02-13,2024-02
trip_0000375,1,2024-05-28 06:02:00,2024-05-28 06:47:13,1,16.4,234,33,1,Credit Card,70.71,1.0,0.5,10.61,0.0,2.75,85.57,45.2,6,Tuesday,2024-05-28,2024-05
trip_0000376,1,2024-04-21 12:50:00,2024-04-21 13:14:27,1,7.5,162,141,1,Credit Card,35.85,1.0,0.5,7.17,0.0,2.75,47.27,24.5,12,Sunday,2024-04-21,2024-04
trip_0000377,1,2024-04-24 03:49:00,2024-04-24 04:01:55,1,4.54,33,79,1,Credit Card,21.94,1.0,0.5,3.29,0.0,2.75,29.48,12.9,3,Wednesday,2024-04-24,2024-04
trip_0000378,2,2024-01-24 20:55:00,2024-01-24 21:05:42,1,2.55,249,255,1,Credit Card,15.37,1.0,0.5,3.84,0.0,2.75,23.46,10.7,20,Wednesday,2024-01-24,2024-01
trip_0000379,2,2024-02-16 22:13:00,2024-02-16 22:27:55,2,3.06,186,79,1,Credit Card,18.87,1.0,0.5,2.83,0.0,2.75,25.95,14.9,22,Friday,2024-02-16,2024-02
trip_0000380,1,2024-01-26 09:14:00,2024-01-26 09:30:58,1,4.9,90,107,1,Cash,24.97,1.0,0.5,0.0,0.0,2.75,29.22,17.0,9,Friday,2024-01-26,2024-01
trip_0000381,2,2024-05-18 03:12:00,2024-05-18 03:23:21,1,4.3,48,142,1,Credit Card,20.51,1.0,0.5,4.1,0.0,2.75,28.86,11.4,3,Saturday,2024-05-18,2024-05
trip_0000382,1,2024-02-20 05:45:00,2024-02-20 06:22:21,1,12.42,143,132,2,Credit Card,55.84,1.0,0.5,11.17,6.55,2.75,77.81,37.4,5,Tuesday,2024-02-20,2024-02
trip_0000383,2,2024-01-25 09:58:00,2024-01-25 10:26:47,2,10.82,236,100,1,Cash,47.15,1.0,0.5,7.07,0.0,2.75,58.47,28.8,9,Thursday,2024-01-25,2024-01
trip_0000384,1,2024-04-29 19:18:00,2024-04-29 19:37:28,1,6.72,255,140,1,Cash,31.22,2.5,0.5,4.68,0.0,2.75,41.65,19.5,19,Monday,2024-04-29,2024-04
trip_0000385,2,2024-05-26 13:53:00,2024-05-26 13:59:36,1,2.25,100,234,1,Credit Card,12.49,1.0,0.5,2.5,0.0,2.75,19.24,6.6,13,Sunday,2024-05-26,2024-05
trip_0000386,1,2024-06-14 00:31:00,2024-06-14 00:57:36,2,10.58,90,43,1,Credit Card,45.4,1.0,0.5,9.08,0.0,2.75,58.73,26.6,0,Friday,2024-06-14,2024-06
trip_0000387,2,2024-05-02 06:22:00,2024-05-02 06:33:51,1,3.48,68,186,1,Cash,18.5,1.0,0.5,0.0,0.0,2.75,22.75,11.9,6,Thursday,2024-05-02,2024-05
trip_0000388,2,2024-03-30 12:38:00,2024-03-30 12:48:32,1,4.18,142,170,1,Credit Card,19.76,1.0,0.5,3.95,0.0,2.75,27.96,10.5,12,Saturday,2024-03-30,2024-03
trip_0000389,1,2024-05-24 21:49:00,2024-05-24 22:06:43,2,5.4,239,90,1,Credit Card,26.71,1.0,0.5,4.01,0.0,2.75,34.97,17.7,21,Friday,2024-05-24,2024-05
trip_0000390,2,2024-03-19 23:03:00,2024-03-19 23:17:18,1,5.08,61,193,1,Credit Card,24.12,1.0,0.5,6.03,0.0,2.75,34.4,14.3,23,Tuesday,2024-03-19,2024-03
trip_0000391,2,2024-04-20 01:07:00,2024-04-20 01:21:30,1,4.64,236,230,1,Credit Card,23.02,1.0,0.5,3.45,0.0,2.75,30.72,14.5,1,Saturday,2024-04-20,2024-04
trip_0000392,2,2024-03-17 01:33:00,2024-03-17 01:42:55,1,2.55,140,68,1,Credit Card,14.97,1.0,0.5,2.99,0.0,2.75,22.21,9.9,1,Sunday,2024-03-17,2024-03
trip_0000393,1,2024-02-28 23:56:00,2024-02-29 00:09:50,2,14.2,193,1,1,Credit Card,48.97,1.0,0.5,0.0,0.0,2.75,53.22,13.8,23,Wednesday,2024-02-28,2024-02
trip_0000394,1,2024-05-11 23:42:00,2024-05-11 23:56:39,1,5.66,7,61,1,Dispute,25.9,1.0,0.5,3.88,0.0,2.75,34.03,14.7,23,Saturday,2024-05-11,2024-05
trip_0000395,2,2024-06-20 06:32:00,2024-06-20 06:50:14,2,20.64,1,90,1,Credit Card,68.88,1.0,0.5,10.33,0.0,2.75,83.46,18.2,6,Thursday,2024-06-20,2024-06
trip_0000396,2,2024-05-02 01:43:00,2024-05-02 02:08:48,2,6.92,33,79,1,Cash,34.93,1.0,0.5,5.24,0.0,2.75,44.42,25.8,1,Thursday,2024-05-02,2024-05
trip_0000397,2,2024-04-21 09:53:00,2024-04-21 10:05:31,1,4.34,68,162,1,Credit Card,21.19,1.0,0.5,0.0,0.0,2.75,25.44,12.5,9,Sunday,2024-04-21,2024-04
trip_0000398,2,2024-03-20 14:07:00,2024-03-20 14:17:47,2,2.51,237,239,1,Credit Card,15.3,1.0,0.5,2.3,0.0,2.75,21.85,10.8,14,Wednesday,2024-03-20,2024-03
trip_0000399,2,2024-02-13 07:59:00,2024-02-13 08:21:23,1,4.34,256,141,1,Credit Card,26.13,1.0,0.5,0.0,0.0,2.75,30.38,22.4,7,Tuesday,2024-02-13,2024-02
trip_0000400,2,2024-05-09 19:32:00,2024-05-09 19:56:25,1,4.5,33,61,1,Credit Card,27.59,2.5,0.5,0.0,0.0,2.75,33.34,24.4,19,Thursday,2024-05-09,2024-05
trip_0000401,1,2024-04-08 14:09:00,2024-04-08 14:26:09,4,6.86,237,80,1,Credit Card,30.44,1.0,0.5,6.09,0.0,2.75,40.78,17.2,14,Monday,2024-04-08,2024-04
trip_0000402,2,2024-05-18 13:42:00,2024-05-18 13:55:37,1,21.39,138,255,2,Credit Card,68.63,1.0,0.5,17.16,6.55,2.75,96.59,13.6,13,Saturday,2024-05-18,2024-05
trip_0000403,2,2024-02-16 07:34:00,2024-02-16 08:00:43,1,6.14,33,50,1,Credit Card,33.25,1.0,0.5,4.99,0.0,2.75,42.49,26.7,7,Friday,2024-02-16,2024-02
trip_0000404,2,2024-02-22 20:47:00,2024-02-22 21:08:56,3,6.96,143,48,1,Credit Card,33.11,1.0,0.5,8.28,0.0,2.75,45.64,21.9,20,Thursday,2024-02-22,2024-02
trip_0000405,1,2024-04-24 13:59:00,2024-04-24 14:13:09,1,2.84,193,107,1,Credit Card,17.89,1.0,0.5,3.58,0.0,2.75,25.72,14.2,13,Wednesday,2024-04-24,2024-04
trip_0000406,2,2024-02-13 09:06:00,2024-02-13 09:14:36,1,1.92,50,80,1,Credit Card,12.58,1.0,0.5,1.89,0.0,2.75,18.72,8.6,9,Tuesday,2024-02-13,2024-02
trip_0000407,1,2024-01-18 03:12:00,2024-01-18 03:19:59,2,1.96,164,163,1,Credit Card,12.39,1.0,0.5,0.0,0.0,2.75,16.64,8.0,3,Thursday,2024-01-18,2024-01
trip_0000408,1,2024-03-15 06:18:00,2024-03-15 06:34:24,1,5.24,234,239,1,Credit Card,25.62,1.0,0.5,3.84,0.0,2.75,33.71,16.4,6,Friday,2024-03-15,2024-03
trip_0000409,1,2024-02-21 10:22:00,2024-02-21 11:04:47,2,15.82,80,170,1,Credit Card,67.9,1.0,0.5,10.18,0.0,2.75,82.33,42.8,10,Wednesday,2024-02-21,2024-02
trip_0000410,1,2024-01-21 19:56:00,2024-01-21 20:06:19,1,4.15,18,140,1,Cash,19.58,2.5,0.5,0.0,0.0,2.75,25.33,10.3,19,Sunday,2024-01-21,2024-01
trip_0000411,1,2024-03-08 06:26:00,2024-03-08 07:08:52,1,8.76,234,50,1,Cash,48.53,1.0,0.5,7.28,0.0,2.75,60.06,42.9,6,Friday,2024-03-08,2024-03
trip_0000412,2,2024-06-18 04:49:00,2024-06-18 05:09:53,2,8.19,7,162,1,Credit Card,35.97,1.0,0.5,8.99,0.0,2.75,49.21,20.9,4,Tuesday,2024-06-18,2024-06
trip_0000413,2,2024-01-02 16:13:00,2024-01-02 16:39:05,1,7.17,255,140,1,Credit Card,35.76,2.5,0.5,8.94,0.0,2.75,50.45,26.1,16,Tuesday,2024-01-02,2024-01
trip_0000414,2,2024-02-10 06:59:00,2024-02-10 07:15:04,4,13.51,79,138,2,Credit Card,48.19,1.0,0.5,0.0,6.55,2.75,58.99,16.1,6,Saturday,2024-02-10,2024-02
trip_0000415,1,2024-03-26 13:07:00,2024-03-26 13:15:42,1,1.97,43,239,1,Dispute,12.77,1.0,0.5,1.92,0.0,2.75,18.94,8.7,13,Tuesday,2024-03-26,2024-03
trip_0000416,1,2024-01-02 13:12:00,2024-01-02 13:44:07,1,16.01,1,132,2,Cash,63.09,1.0,0.5,9.46,6.55,2.75,83.35,32.1,13,Tuesday,2024-01-02,2024-01
trip_0000417,1,2024-04-11 23:10:00,2024-04-11 23:31:02,1,5.86,142,7,1,Credit Card,29.63,1.0,0.5,5.93,0.0,2.75,39.81,21.0,23,Thursday,2024-04-11,2024-04
trip_0000418,2,2024-06-13 18:09:00,2024-06-13 18:18:54,2,2.24,239,256,1,Credit Card,14.11,2.5,0.5,2.12,0.0,2.75,21.98,9.9,18,Thursday,2024-06-13,2024-06
trip_0000419,1,2024-01-04 15:22:00,2024-01-04 15:34:02,1,4.83,50,234,1,Credit Card,22.3,1.0,0.5,5.58,0.0,2.75,32.13,12.0,15,Thursday,2024-01-04,2024-01
trip_0000420,2,2024-05-24 11:39:00,2024-05-24 12:00:30,1,7.01,107,48,1,Credit Card,33.03,1.0,0.5,6.61,0.0,2.75,43.89,21.5,11,Friday,2024-05-24,2024-05
trip_0000421,1,2024-02-27 06:25:00,2024-02-27 06:38:19,1,2.63,43,68,1,Credit Card,16.9,1.0,0.5,3.38,0.0,2.75,24.53,13.3,6,Tuesday,2024-02-27,2024-02
trip_0000422,2,2024-06-15 06:45:00,2024-06-15 07:01:24,1,3.88,142,48,1,Credit Card,21.88,1.0,0.5,3.28,0.0,2.75,29.41,16.4,6,Saturday,2024-06-15,2024-06
trip_0000423,1,2024-04-10 15:25:00,2024-04-10 15:32:24,1,1.98,145,50,1,Credit Card,12.15,1.0,0.5,2.43,0.0,2.75,18.83,7.4,15,Wednesday,2024-04-10,2024-04
trip_0000424,2,2024-06-26 04:10:00,2024-06-26 04:37:19,1,6.94,68,256,1,Dispute,35.75,1.0,0.5,5.36,0.0,2.75,45.36,27.3,4,Wednesday,2024-06-26,2024-06
trip_0000425,1,2024-02-07 15:31:00,2024-02-07 16:00:37,1,7.13,61,231,1,Credit Card,37.42,1.0,0.5,7.48,0.0,2.75,49.15,29.6,15,Wednesday,2024-02-07,2024-02
trip_0000426,2,2024-06-08 04:33:00,2024-06-08 04:44:53,1,2.61,249,162,1,Credit Card,16.13,1.0,0.5,4.03,0.0,2.75,24.41,11.9,4,Saturday,2024-06-08,2024-06
trip_0000427,2,2024-06-06 01:31:00,2024-06-06 01:41:53,1,4.13,107,50,1,Cash,19.8,1.0,0.5,2.97,0.0,2.75,27.02,10.9,1,Thursday,2024-06-06,2024-06
trip_0000428,2,2024-03-31 08:47:00,2024-03-31 08:55:09,2,1.84,50,33,1,Credit Card,12.14,1.0,0.5,1.82,0.0,2.75,18.21,8.2,8,Sunday,2024-03-31,2024-03
trip_0000429,2,2024-04-04 21:10:00,2024-04-04 21:40:36,3,14.38,138,141,2,Credit Card,57.85,1.0,0.5,14.46,6.55,2.75,83.11,30.6,21,Thursday,2024-04-04,2024-04
trip_0000430,1,2024-01-26 20:56:00,2024-01-26 21:14:04,1,7.76,90,68,1,Credit Card,33.38,1.0,0.5,8.35,0.0,2.75,45.98,18.1,20,Friday,2024-01-26,2024-01
trip_0000431,1,2024-01-18 23:57:00,2024-01-19 00:26:40,1,13.25,239,7,1,Credit Card,54.28,1.0,0.5,10.86,0.0,2.75,69.39,29.7,23,Thursday,2024-01-18,2024-01
trip_0000432,2,2024-06-11 02:57:00,2024-06-11 03:11:10,1,5.97,50,140,1,Credit Card,26.51,1.0,0.5,3.98,0.0,2.75,34.74,14.2,2,Tuesday,2024-06-11,2024-06
trip_0000433,2,2024-03-14 02:01:00,2024-03-14 02:28:08,1,5.57,234,141,1,Dispute,31.89,1.0,0.5,6.38,0.0,2.75,42.52,27.1,2,Thursday,2024-03-14,2024-03
trip_0000434,1,2024-05-05 15:50:00,2024-05-05 16:25:31,4,10.89,249,237,1,Credit Card,50.71,1.0,0.5,7.61,0.0,2.75,62.57,35.5,15,Sunday,2024-05-05,2024-05
trip_0000435,1,2024-02-23 11:08:00,2024-02-23 11:16:35,2,2.29,161,68,1,Credit Card,13.6,1.0,0.5,2.04,0.0,2.75,19.89,8.6,11,Friday,2024-02-23,2024-02
trip_0000436,1,2024-06-05 07:27:00,2024-06-05 07:39:39,1,4.96,140,230,1,Credit Card,22.97,1.0,0.5,3.45,0.0,2.75,30.67,12.7,7,Wednesday,2024-06-05,2024-06
trip_0000437,1,2024-03-28 10:42:00,2024-03-28 10:54:00,1,2.85,68,48,1,Credit Card,16.84,1.0,0.5,3.37,0.0,2.75,24.46,12.0,10,Thursday,2024-03-28,2024-03
trip_0000438,2,2024-02-22 22:45:00,2024-02-22 22:57:01,1,3.46,80,239,1,Credit Card,18.53,1.0,0.5,0.0,0.0,2.75,22.78,12.0,22,Thursday,2024-02-22,2024-02
trip_0000439,2,2024-05-02 04:54:00,2024-05-02 05:05:01,6,2.16,18,33,1,Credit Card,14.45,1.0,0.5,2.17,0.0,2.75,20.87,11.0,4,Thursday,2024-05-02,2024-05
trip_0000440,1,2024-06-18 17:07:00,2024-06-18 17:24:02,1,4.81,170,141,1,Credit Card,24.75,2.5,0.5,4.95,0.0,2.75,35.45,17.0,17,Tuesday,2024-06-18,2024-06
trip_0000441,1,2024-02-17 19:19:00,2024-02-17 19:32:37,2,11.55,43,1,1,Credit Card,41.58,2.5,0.5,0.0,0.0,2.75,47.33,13.6,19,Saturday,2024-02-17,2024-02
trip_0000442,1,2024-01-14 19:40:00,2024-01-14 19:49:56,4,3.61,170,236,1,Credit Card,17.9,2.5,0.5,3.58,0.0,2.75,27.23,9.9,19,Sunday,2024-01-14,2024-01
trip_0000443,2,2024-06-06 03:11:00,2024-06-06 03:22:12,1,3.86,50,193,1,Credit Card,19.22,1.0,0.5,2.88,0.0,2.75,26.35,11.2,3,Thursday,2024-06-06,2024-06
trip_0000444,1,2024-03-08 23:49:00,2024-03-09 00:37:13,1,12.16,7,161,1,Credit Card,60.56,1.0,0.5,0.0,0.0,2.75,64.81,48.2,23,Friday,2024-03-08,2024-03
trip_0000445,1,2024-06-20 06:46:00,2024-06-20 06:51:50,1,12.42,230,138,2,Credit Card,40.08,1.0,0.5,6.01,6.55,2.75,56.89,5.8,6,Thursday,2024-06-20,2024-06
trip_0000446,2,2024-02-05 05:45:00,2024-02-05 05:57:45,1,16.95,138,249,2,Credit Card,55.99,1.0,0.5,11.2,6.55,2.75,77.99,12.8,5,Monday,2024-02-05,2024-02
trip_0000447,1,2024-03-20 07:54:00,2024-03-20 07:59:41,1,2.27,236,48,1,Credit Card,12.09,1.0,0.5,2.42,0.0,2.75,18.76,5.7,7,Wednesday,2024-03-20,2024-03
trip_0000448,2,2024-04-09 07:54:00,2024-04-09 08:07:52,3,4.53,143,18,1,Credit Card,22.39,1.0,0.5,4.48,0.0,2.75,31.12,13.9,7,Tuesday,2024-04-09,2024-04
trip_0000449,1,2024-06-02 21:13:00,2024-06-02 21:24:23,2,2.7,33,237,1,Credit Card,16.12,1.0,0.5,2.42,0.0,2.75,22.79,11.4,21,Sunday,2024-06-02,2024-06
trip_0000450,2,2024-03-16 07:15:00,2024-03-16 07:30:49,1,6.71,163,249,1,Credit Card,29.36,1.0,0.5,4.4,0.0,2.75,38.01,15.8,7,Saturday,2024-03-16,2024-03
trip_0000451,2,2024-06-21 05:11:00,2024-06-21 05:37:55,1,6.32,236,142,1,Credit Card,33.84,1.0,0.5,5.08,0.0,2.75,43.17,26.9,5,Friday,2024-06-21,2024-06
trip_0000452,2,2024-01-21 23:03:00,2024-01-21 23:19:43,1,15.41,132,48,2,Credit Card,53.74,1.0,0.5,0.0,6.55,2.75,64.54,16.7,23,Sunday,2024-01-21,2024-01
trip_0000453,2,2024-05-24 21:00:00,2024-05-24 21:13:28,6,3.87,161,143,1,Credit Card,20.38,1.0,0.5,3.06,0.0,2.75,27.69,13.5,21,Friday,2024-05-24,2024-05
trip_0000454,2,2024-05-06 01:54:00,2024-05-06 02:06:11,1,4.49,186,161,1,Credit Card,21.44,1.0,0.5,0.0,0.0,2.75,25.69,12.2,1,Monday,2024-05-06,2024-05
trip_0000455,2,2024-03-26 01:35:00,2024-03-26 01:50:16,1,5.91,239,100,1,Credit Card,26.89,1.0,0.5,5.38,0.0,2.75,36.52,15.3,1,Tuesday,2024-03-26,2024-03
trip_0000456,1,2024-05-23 13:30:00,2024-05-23 13:54:21,1,8.41,230,170,1,Cash,38.31,1.0,0.5,7.66,0.0,2.75,50.22,24.4,13,Thursday,2024-05-23,2024-05
trip_0000457,1,2024-03-04 13:19:00,2024-03-04 13:33:21,1,5.15,161,164,1,Credit Card,24.34,1.0,0.5,6.08,0.0,2.75,34.67,14.4,13,Monday,2024-03-04,2024-03
trip_0000458,1,2024-03-08 07:57:00,2024-03-08 08:12:13,1,5.31,100,43,1,Credit Card,25.21,1.0,0.5,5.04,0.0,2.75,34.5,15.2,7,Friday,2024-03-08,2024-03
trip_0000459,2,2024-06-10 22:47:00,2024-06-10 23:01:44,5,5.26,256,164,1,Cash,24.84,1.0,0.5,4.97,0.0,2.75,34.06,14.7,22,Monday,2024-06-10,2024-06
trip_0000460,1,2024-03-28 12:38:00,2024-03-28 12:42:23,1,15.47,234,138,2,Credit Card,47.74,1.0,0.5,7.16,6.55,2.75,65.7,4.4,12,Thursday,2024-03-28,2024-03
trip_0000461,2,2024-06-15 18:12:00,2024-06-15 18:19:06,1,3.06,68,170,1,Credit Card,14.97,2.5,0.5,3.74,0.0,2.75,24.46,7.1,18,Saturday,2024-06-15,2024-06
trip_0000462,2,2024-02-06 01:59:00,2024-02-06 02:15:49,1,12.93,132,107,2,Credit Card,46.97,1.0,0.5,0.0,6.55,2.75,57.77,16.8,1,Tuesday,2024-02-06,2024-02
trip_0000463,1,2024-06-08 19:56:00,2024-06-08 20:04:27,2,1.84,43,61,1,Credit Card,12.29,2.5,0.5,1.84,0.0,2.75,19.88,8.5,19,Saturday,2024-06-08,2024-06
trip_0000464,1,2024-01-27 20:58:00,2024-01-27 21:13:47,1,6.35,100,68,1,Credit Card,28.36,1.0,0.5,5.67,0.0,2.75,38.28,15.8,20,Saturday,2024-01-27,2024-01
trip_0000465,2,2024-05-29 14:48:00,2024-05-29 15:09:39,2,19.06,90,138,2,Credit Card,66.25,1.0,0.5,9.94,6.55,2.75,86.99,21.7,14,Wednesday,2024-05-29,2024-05
trip_0000466,1,2024-05-21 21:49:00,2024-05-21 22:10:32,1,6.53,237,107,1,Credit Card,31.73,1.0,0.5,4.76,0.0,2.75,40.74,21.5,21,Tuesday,2024-05-21,2024-05
trip_0000467,1,2024-05-01 17:49:00,2024-05-01 18:12:05,1,6.57,142,239,1,Credit Card,32.61,2.5,0.5,6.52,0.0,2.75,44.88,23.1,17,Wednesday,2024-05-01,2024-05
trip_0000468,1,2024-05-03 16:25:00,2024-05-03 16:41:51,1,4.51,100,255,1,Credit Card,23.84,2.5,0.5,4.77,0.0,2.75,34.36,16.9,16,Friday,2024-05-03,2024-05
trip_0000469,1,2024-04-16 01:53:00,2024-04-16 02:23:22,2,8.23,90,236,1,Credit Card,40.82,1.0,0.5,6.12,0.0,2.75,51.19,30.4,1,Tuesday,2024-04-16,2024-04
trip_0000470,1,2024-06-14 08:33:00,2024-06-14 08:42:06,1,3.04,170,239,1,Credit Card,15.92,1.0,0.5,2.39,0.0,2.75,22.56,9.1,8,Friday,2024-06-14,2024-06
trip_0000471,2,2024-01-31 13:07:00,2024-01-31 13:18:37,2,16.16,132,145,2,Credit Card,53.25,1.0,0.5,13.31,6.55,2.75,77.36,11.6,13,Wednesday,2024-01-31,2024-01
trip_0000472,2,2024-02-25 09:31:00,2024-02-25 09:58:32,1,10.73,255,18,1,Credit Card,46.28,1.0,0.5,6.94,0.0,2.75,57.47,27.5,9,Sunday,2024-02-25,2024-02
trip_0000473,2,2024-06-08 13:04:00,2024-06-08 13:23:35,1,5.67,231,256,1,Credit Card,28.39,1.0,0.5,4.26,0.0,2.75,36.9,19.6,13,Saturday,2024-06-08,2024-06
trip_0000474,1,2024-01-21 09:46:00,2024-01-21 09:56:49,1,3.12,145,33,1,Cash,16.99,1.0,0.5,0.0,0.0,2.75,21.24,10.8,9,Sunday,2024-01-21,2024-01
trip_0000475,2,2024-06-07 02:47:00,2024-06-07 03:06:49,1,7.28,163,48,1,Cash,32.93,1.0,0.5,4.94,0.0,2.75,42.12,19.8,2,Friday,2024-06-07,2024-06
trip_0000476,1,2024-04-05 06:16:00,2024-04-05 06:25:13,1,3.2,256,43,1,Credit Card,16.41,1.0,0.5,2.46,0.0,2.75,23.12,9.2,6,Friday,2024-04-05,2024-04
trip_0000477,1,2024-06-25 16:44:00,2024-06-25 17:09:19,1,6.43,163,145,1,Credit Card,33.34,2.5,0.5,6.67,0.0,2.75,45.76,25.3,16,Tuesday,2024-06-25,2024-06
trip_0000478,2,2024-02-01 05:16:00,2024-02-01 05:39:48,2,6.63,43,231,1,Credit Card,33.14,1.0,0.5,6.63,0.0,2.75,44.02,23.8,5,Thursday,2024-02-01,2024-02
trip_0000479,2,2024-03-28 15:35:00,2024-03-28 15:49:03,1,10.53,132,249,2,Cash,38.99,1.0,0.5,5.85,6.55,2.75,55.64,14.1,15,Thursday,2024-03-28,2024-03
trip_0000480,2,2024-06-24 22:09:00,2024-06-24 22:27:51,3,13.18,132,18,2,Cash,48.67,1.0,0.5,0.0,6.55,2.75,59.47,18.9,22,Monday,2024-06-24,2024-06
trip_0000481,1,2024-03-26 02:35:00,2024-03-26 02:49:40,1,11.89,234,1,1,Credit Card,43.03,1.0,0.5,6.45,0.0,2.75,53.73,14.7,2,Tuesday,2024-03-26,2024-03
trip_0000482,1,2024-03-10 10:35:00,2024-03-10 10:48:44,3,3.91,163,145,1,Credit Card,20.62,1.0,0.5,4.12,0.0,2.75,28.99,13.7,10,Sunday,2024-03-10,2024-03
trip_0000483,1,2024-02-04 16:05:00,2024-02-04 16:21:13,1,4.69,164,164,1,Credit Card,24.01,2.5,0.5,4.8,0.0,2.75,34.56,16.2,16,Sunday,2024-02-04,2024-02
trip_0000484,2,2024-01-17 21:08:00,2024-01-17 21:30:24,3,8.58,234,231,1,Credit Card,37.8,1.0,0.5,7.56,0.0,2.75,49.61,22.4,21,Wednesday,2024-01-17,2024-01
trip_0000485,1,2024-01-07 23:55:00,2024-01-08 00:04:38,2,2.94,162,50,1,Credit Card,15.91,1.0,0.5,2.39,0.0,2.75,22.55,9.6,23,Sunday,2024-01-07,2024-01
trip_0000486,1,2024-01-17 10:23:00,2024-01-17 10:36:31,1,4.61,170,236,1,Credit Card,22.44,1.0,0.5,4.49,0.0,2.75,31.18,13.5,10,Wednesday,2024-01-17,2024-01
trip_0000487,2,2024-04-13 22:20:00,2024-04-13 22:45:37,1,8.97,43,80,1,Credit Card,40.48,1.0,0.5,0.0,0.0,2.75,44.73,25.6,22,Saturday,2024-04-13,2024-04
trip_0000488,1,2024-01-13 21:34:00,2024-01-13 21:56:02,5,6.68,50,7,1,Credit Card,32.39,1.0,0.5,6.48,0.0,2.75,43.12,22.0,21,Saturday,2024-01-13,2024-01
trip_0000489,2,2024-06-25 07:00:00,2024-06-25 07:15:00,2,4.71,50,100,1,Credit Card,23.46,1.0,0.5,4.69,0.0,2.75,32.4,15.0,7,Tuesday,2024-06-25,2024-06
trip_0000490,2,2024-05-29 17:53:00,2024-05-29 18:00:23,1,2.81,33,163,1,Credit Card,14.42,2.5,0.5,0.0,0.0,2.75,20.17,7.4,17,Wednesday,2024-05-29,2024-05
trip_0000491,1,2024-05-23 16:18:00,2024-05-23 16:46:48,2,5.47,161,18,1,Credit Card,32.45,2.5,0.5,0.0,0.0,2.75,38.2,28.8,16,Thursday,2024-05-23,2024-05
trip_0000492,2,2024-03-19 16:09:00,2024-03-19 16:31:13,1,6.88,100,141,1,Credit Card,33.03,2.5,0.5,4.95,0.0,2.75,43.73,22.2,16,Tuesday,2024-03-19,2024-03
trip_0000493,1,2024-03-20 01:22:00,2024-03-20 01:41:15,1,5.49,90,164,1,Cash,27.72,1.0,0.5,6.93,0.0,2.75,38.9,19.3,1,Wednesday,2024-03-20,2024-03
trip_0000494,2,2024-03-16 17:45:00,2024-03-16 18:02:30,1,7.73,145,234,1,Credit Card,33.01,2.5,0.5,8.25,0.0,2.75,47.01,17.5,17,Saturday,2024-03-16,2024-03
trip_0000495,1,2024-04-22 10:30:00,2024-04-22 10:38:11,1,1.72,33,143,1,Credit Card,11.83,1.0,0.5,2.37,0.0,2.75,18.45,8.2,10,Monday,2024-04-22,2024-04
trip_0000496,2,2024-03-02 05:18:00,2024-03-02 05:22:03,1,1.36,79,256,1,Credit Card,8.77,1.0,0.5,2.19,0.0,2.75,15.21,4.1,5,Saturday,2024-03-02,2024-03
trip_0000497,2,2024-06-21 21:00:00,2024-06-21 21:20:22,2,7.68,100,237,1,Credit Card,34.31,1.0,0.5,5.15,0.0,2.75,43.71,20.4,21,Friday,2024-06-21,2024-06
trip_0000498,1,2024-01-04 03:40:00,2024-01-04 04:20:03,1,15.82,230,33,1,Credit Card,66.53,1.0,0.5,9.98,0.0,2.75,80.76,40.1,3,Thursday,2024-01-04,2024-01
trip_0000499,1,2024-05-02 22:23:00,2024-05-02 22:37:38,1,3.66,170,145,1,Credit Card,20.39,1.0,0.5,0.0,0.0,2.75,24.64,14.6,22,Thursday,2024-05-02,2024-05
trip_0000500,1,2024-03-12 14:11:00,2024-03-12 14:21:59,1,3.13,50,249,1,Credit Card,17.1,1.0,0.5,0.0,0.0,2.75,21.35,11.0,14,Tuesday,2024-03-12,2024-03
trip_0000501,1,2024-04-07 07:59:00,2024-04-07 08:08:34,1,3.84,236,161,1,Credit Card,18.35,1.0,0.5,3.67,0.0,2.75,26.27,9.6,7,Sunday,2024-04-07,2024-04
trip_0000502,1,2024-03-19 18:42:00,2024-03-19 18:55:01,1,4.95,236,186,1,Credit Card,23.12,2.5,0.5,0.0,0.0,2.75,28.87,13.0,18,Tuesday,2024-03-19,2024-03
trip_0000503,1,2024-05-10 03:04:00,2024-05-10 03:10:34,1,2.47,43,33,1,Credit Card,13.08,1.0,0.5,2.62,0.0,2.75,19.95,6.6,3,Friday,2024-05-10,2024-05
trip_0000504,2,2024-04-20 14:16:00,2024-04-20 14:29:26,1,11.42,1,90,1,Credit Card,41.12,1.0,0.5,6.17,0.0,2.75,51.54,13.4,14,Saturday,2024-04-20,2024-04
trip_0000505,1,2024-01-15 23:11:00,2024-01-15 23:26:02,1,3.28,100,145,1,Cash,19.54,1.0,0.5,3.91,0.0,2.75,27.7,15.0,23,Monday,2024-01-15,2024-01
trip_0000506,1,2024-01-22 16:51:00,2024-01-22 17:10:59,1,6.69,256,230,1,Credit Card,31.4,2.5,0.5,0.0,0.0,2.75,37.15,20.0,16,Monday,2024-01-22,2024-01
trip_0000507,1,2024-03-15 13:59:00,2024-03-15 14:03:03,1,1.15,7,161,1,Credit Card,8.19,1.0,0.5,1.23,0.0,2.75,13.67,4.1,13,Friday,2024-03-15,2024-03
trip_0000508,2,2024-01-26 06:33:00,2024-01-26 06:55:58,1,7.28,170,239,1,Credit Card,34.51,1.0,0.5,5.18,0.0,2.75,43.94,23.0,6,Friday,2024-01-26,2024-01
trip_0000509,1,2024-04-11 06:40:00,2024-04-11 06:51:25,1,14.82,1,142,1,Credit Card,49.47,1.0,0.5,7.42,0.0,2.75,61.14,11.4,6,Thursday,2024-04-11,2024-04
trip_0000510,2,2024-06-15 10:35:00,2024-06-15 10:40:52,1,2.22,48,145,1,Cash,12.04,1.0,0.5,3.01,0.0,2.75,19.3,5.9,10,Saturday,2024-06-15,2024-06
trip_0000511,1,2024-01-22 03:12:00,2024-01-22 03:35:04,2,5.07,140,50,1,Credit Card,28.48,1.0,0.5,7.12,0.0,2.75,39.85,23.1,3,Monday,2024-01-22,2024-01
trip_0000512,2,2024-06-06 03:36:00,2024-06-06 04:00:42,1,5.95,234,161,1,Credit Card,31.72,1.0,0.5,0.0,0.0,2.75,35.97,24.7,3,Thursday,2024-06-06,2024-06
trip_0000513,2,2024-05-24 10:57:00,2024-05-24 11:19:54,3,10.21,50,142,1,Cash,42.53,1.0,0.5,0.0,0.0,2.75,46.78,22.9,10,Friday,2024-05-24,2024-05
trip_0000514,2,2024-05-20 23:14:00,2024-05-20 23:31:08,6,5.22,142,231,1,Credit Card,25.92,1.0,0.5,6.48,0.0,2.75,36.65,17.1,23,Monday,2024-05-20,2024-05
trip_0000515,1,2024-02-13 02:14:00,2024-02-13 02:43:10,1,6.63,7,163,1,Credit Card,35.82,1.0,0.5,8.96,0.0,2.75,49.03,29.2,2,Tuesday,2024-02-13,2024-02
trip_0000516,1,2024-03-04 16:11:00,2024-03-04 16:42:09,1,10.02,162,230,1,Credit Card,46.13,2.5,0.5,9.23,0.0,2.75,61.11,31.2,16,Monday,2024-03-04,2024-03
trip_0000517,1,2024-03-30 07:21:00,2024-03-30 07:29:30,1,14.31,107,138,2,Credit Card,46.6,1.0,0.5,9.32,6.55,2.75,66.72,8.5,7,Saturday,2024-03-30,2024-03
trip_0000518,1,2024-05-22 15:06:00,2024-05-22 15:31:43,1,4.84,48,142,1,Credit Card,29.18,1.0,0.5,5.84,0.0,2.75,39.27,25.7,15,Wednesday,2024-05-22,2024-05
trip_0000519,1,2024-01-01 01:18:00,2024-01-01 01:48:19,1,12.52,79,164,1,Credit Card,52.59,1.0,0.5,7.89,0.0,2.75,64.73,30.3,1,Monday,2024-01-01,2024-01
trip_0000520,1,2024-03-17 00:02:00,2024-03-17 00:21:56,1,7.74,48,43,1,Credit Card,34.25,1.0,0.5,8.56,0.0,2.75,47.06,19.9,0,Sunday,2024-03-17,2024-03
trip_0000521,1,2024-06-18 12:25:00,2024-06-18 12:46:43,1,11.91,90,138,2,Credit Card,46.61,1.0,0.5,9.32,6.55,2.75,66.73,21.7,12,Tuesday,2024-06-18,2024-06
trip_0000522,1,2024-01-26 19:29:00,2024-01-26 19:41:36,2,2.6,68,80,1,Credit Card,16.46,2.5,0.5,3.29,0.0,2.75,25.5,12.6,19,Friday,2024-01-26,2024-01
trip_0000523,2,2024-04-07 01:02:00,2024-04-07 01:17:57,1,3.89,255,7,1,Cash,21.68,1.0,0.5,3.25,0.0,2.75,29.18,16.0,1,Sunday,2024-04-07,2024-04
trip_0000524,2,2024-06-06 15:18:00,2024-06-06 15:43:19,1,10.68,50,238,1,Credit Card,45.03,1.0,0.5,0.0,0.0,2.75,49.28,25.3,15,Thursday,2024-06-06,2024-06
trip_0000525,2,2024-03-06 04:08:00,2024-03-06 04:18:19,5,2.03,249,249,1,Cash,13.75,1.0,0.5,2.75,0.0,2.75,20.75,10.3,4,Wednesday,2024-03-06,2024-03
trip_0000526,2,2024-05-29 16:28:00,2024-05-29 16:43:37,1,3.44,161,238,1,Credit Card,20.27,2.5,0.5,4.05,0.0,2.75,30.07,15.6,16,Wednesday,2024-05-29,2024-05
trip_0000527,1,2024-05-06 01:53:00,2024-05-06 02:18:05,1,10.97,142,18,1,Credit Card,45.71,1.0,0.5,6.86,0.0,2.75,56.82,25.1,1,Monday,2024-05-06,2024-05
trip_0000528,1,2024-03-23 15:59:00,2024-03-23 16:07:24,1,1.9,79,193,1,Credit Card,12.43,1.0,0.5,1.86,0.0,2.75,18.54,8.4,15,Saturday,2024-03-23,2024-03
trip_0000529,2,2024-06-03 18:10:00,2024-06-03 18:42:10,1,11.34,236,170,1,Credit Card,50.27,2.5,0.5,10.05,0.0,2.75,66.07,32.2,18,Monday,2024-06-03,2024-06
trip_0000530,2,2024-04-13 01:05:00,2024-04-13 01:17:27,4,4.19,143,145,1,Credit Card,20.75,1.0,0.5,4.15,0.0,2.75,29.15,12.5,1,Saturday,2024-04-13,2024-04
trip_0000531,1,2024-04-07 17:13:00,2024-04-07 17:30:56,1,7.67,170,161,1,Credit Card,33.06,2.5,0.5,4.96,0.0,2.75,43.77,17.9,17,Sunday,2024-04-07,2024-04
trip_0000532,2,2024-04-14 19:58:00,2024-04-14 20:28:56,1,6.44,18,236,1,Credit Card,36.18,2.5,0.5,9.04,0.0,2.75,50.97,30.9,19,Sunday,2024-04-14,2024-04
trip_0000533,2,2024-06-26 21:44:00,2024-06-26 22:02:46,1,6.73,79,236,1,Credit Card,30.89,1.0,0.5,6.18,0.0,2.75,41.32,18.8,21,Wednesday,2024-06-26,2024-06
trip_0000534,1,2024-03-20 13:25:00,2024-03-20 13:42:47,3,7.99,238,43,1,Cash,33.87,1.0,0.5,0.0,0.0,2.75,38.12,17.8,13,Wednesday,2024-03-20,2024-03
trip_0000535,2,2024-04-29 10:37:00,2024-04-29 11:04:01,1,6.7,234,68,1,Credit Card,34.93,1.0,0.5,5.24,0.0,2.75,44.42,27.0,10,Monday,2024-04-29,2024-04
trip_0000536,1,2024-03-07 07:24:00,2024-03-07 07:47:25,1,4.66,107,162,1,Cash,27.53,1.0,0.5,5.51,0.0,2.75,37.29,23.4,7,Thursday,2024-03-07,2024-03
trip_0000537,1,2024-04-15 07:13:00,2024-04-15 07:22:35,3,3.88,50,170,1,Credit Card,18.46,1.0,0.5,4.62,0.0,2.75,27.33,9.6,7,Monday,2024-04-15,2024-04
trip_0000538,1,2024-03-02 14:44:00,2024-03-02 14:58:20,1,4.52,186,48,1,Credit Card,22.6,1.0,0.5,3.39,0.0,2.75,30.24,14.3,14,Saturday,2024-03-02,2024-03
trip_0000539,1,2024-02-05 08:16:00,2024-02-05 08:30:14,6,3.87,186,164,1,Credit Card,20.77,1.0,0.5,3.12,0.0,2.75,28.14,14.2,8,Monday,2024-02-05,2024-02
trip_0000540,1,2024-02-07 13:41:00,2024-02-07 13:56:44,1,5.95,79,163,1,Credit Card,27.23,1.0,0.5,5.45,0.0,2.75,36.93,15.7,13,Wednesday,2024-02-07,2024-02
trip_0000541,2,2024-04-29 02:16:00,2024-04-29 02:30:07,1,3.9,238,68,1,Credit Card,20.79,1.0,0.5,3.12,0.0,2.75,28.16,14.1,2,Monday,2024-04-29,2024-04
trip_0000542,1,2024-02-10 00:21:00,2024-02-10 00:59:15,1,9.25,163,256,1,Cash,47.57,1.0,0.5,0.0,0.0,2.75,51.82,38.3,0,Saturday,2024-02-10,2024-02
trip_0000543,1,2024-06-14 09:37:00,2024-06-14 10:06:24,2,8.45,48,143,1,Credit Card,40.94,1.0,0.5,6.14,0.0,2.75,51.33,29.4,9,Friday,2024-06-14,2024-06
trip_0000544,2,2024-04-21 18:49:00,2024-04-21 19:02:21,1,3.65,50,68,1,Cash,19.71,2.5,0.5,2.96,0.0,2.75,28.42,13.4,18,Sunday,2024-04-21,2024-04
trip_0000545,2,2024-03-08 01:34:00,2024-03-08 01:53:23,1,14.92,138,90,2,Credit Card,53.72,1.0,0.5,10.74,6.55,2.75,75.26,19.4,1,Friday,2024-03-08,2024-03
trip_0000546,2,2024-02-07 04:27:00,2024-02-07 04:38:42,5,5.19,43,237,1,Cash,23.13,1.0,0.5,3.47,0.0,2.75,30.85,11.7,4,Wednesday,2024-02-07,2024-02
trip_0000547,1,2024-03-20 04:19:00,2024-03-20 04:34:57,1,3.1,48,256,1,Credit Card,19.51,1.0,0.5,3.9,0.0,2.75,27.66,16.0,4,Wednesday,2024-03-20,2024-03
trip_0000548,1,2024-06-28 07:20:00,2024-06-28 07:31:35,1,2.79,237,234,1,Credit Card,16.47,1.0,0.5,3.29,0.0,2.75,24.01,11.6,7,Friday,2024-06-28,2024-06
trip_0000549,2,2024-06-18 01:36:00,2024-06-18 02:03:04,2,10.72,230,170,1,Credit Card,46.01,1.0,0.5,0.0,0.0,2.75,50.26,27.1,1,Tuesday,2024-06-18,2024-06
trip_0000550,2,2024-05-05 21:36:00,2024-05-05 21:47:09,1,3.46,164,170,1,Credit Card,18.09,1.0,0.5,3.62,0.0,2.75,25.96,11.2,21,Sunday,2024-05-05,2024-05
trip_0000551,1,2024-04-22 06:25:00,2024-04-22 06:43:23,1,6.62,231,145,1,Credit Card,30.4,1.0,0.5,0.0,0.0,2.75,34.65,18.4,6,Monday,2024-04-22,2024-04
trip_0000552,1,2024-01-27 14:19:00,2024-01-27 14:44:14,1,5.53,7,145,1,Cash,30.83,1.0,0.5,4.62,0.0,2.75,39.7,25.2,14,Saturday,2024-01-27,2024-01
trip_0000553,1,2024-05-08 06:40:00,2024-05-08 06:52:12,1,5.13,18,161,1,Credit Card,23.21,1.0,0.5,0.0,0.0,2.75,27.46,12.2,6,Wednesday,2024-05-08,2024-05
trip_0000554,2,2024-04-06 13:22:00,2024-04-06 13:40:26,2,5.04,256,33,1,Credit Card,26.08,1.0,0.5,5.22,0.0,2.75,35.55,18.4,13,Saturday,2024-04-06,2024-04
trip_0000555,2,2024-05-18 20:54:00,2024-05-18 21:19:21,1,6.19,61,234,1,Credit Card,32.7,1.0,0.5,6.54,0.0,2.75,43.49,25.4,20,Saturday,2024-05-18,2024-05
trip_0000556,1,2024-02-25 10:09:00,2024-02-25 10:20:58,1,4.46,90,143,1,Cash,21.25,1.0,0.5,5.31,0.0,2.75,30.81,12.0,10,Sunday,2024-02-25,2024-02
trip_0000557,2,2024-05-19 11:22:00,2024-05-19 11:44:07,1,7.9,142,238,1,Dispute,35.79,1.0,0.5,0.0,0.0,2.75,40.04,22.1,11,Sunday,2024-05-19,2024-05
trip_0000558,2,2024-01-16 19:16:00,2024-01-16 19:33:15,2,6.61,186,193,1,Credit Card,29.8,2.5,0.5,7.45,0.0,2.75,43.0,17.3,19,Tuesday,2024-01-16,2024-01
trip_0000559,1,2024-03-26 15:26:00,2024-03-26 15:41:06,3,6.28,7,161,1,Credit Card,27.82,1.0,0.5,5.56,0.0,2.75,37.63,15.1,15,Tuesday,2024-03-26,2024-03
trip_0000560,1,2024-05-16 16:55:00,2024-05-16 17:07:34,1,2.42,142,48,1,Credit Card,15.94,2.5,0.5,0.0,0.0,2.75,21.69,12.6,16,Thursday,2024-05-16,2024-05
trip_0000561,2,2024-01-21 09:01:00,2024-01-21 09:18:06,1,5.04,231,170,1,Credit Card,25.41,1.0,0.5,3.81,0.0,2.75,33.47,17.1,9,Sunday,2024-01-21,2024-01
trip_0000562,2,2024-05-24 12:05:00,2024-05-24 12:28:08,4,6.88,230,256,1,Credit Card,33.49,1.0,0.5,6.7,0.0,2.75,44.44,23.1,12,Friday,2024-05-24,2024-05
trip_0000563,2,2024-04-19 13:42:00,2024-04-19 13:54:18,1,2.22,143,142,1,Credit Card,15.26,1.0,0.5,2.29,0.0,2.75,21.8,12.3,13,Friday,2024-04-19,2024-04
trip_0000564,2,2024-01-25 12:06:00,2024-01-25 12:31:40,5,7.84,193,161,1,Credit Card,37.4,1.0,0.5,5.61,0.0,2.75,47.26,25.7,12,Thursday,2024-01-25,2024-01
trip_0000565,2,2024-05-08 21:43:00,2024-05-08 22:03:51,2,11.36,79,132,2,Credit Card,44.67,1.0,0.5,8.93,6.55,2.75,64.4,20.9,21,Wednesday,2024-05-08,2024-05
trip_0000566,1,2024-06-04 23:57:00,2024-06-05 00:15:40,1,6.03,186,61,1,Cash,28.92,1.0,0.5,5.78,0.0,2.75,38.95,18.7,23,Tuesday,2024-06-04,2024-06
trip_0000567,2,2024-01-27 03:07:00,2024-01-27 03:21:20,1,3.77,141,50,1,Credit Card,20.54,1.0,0.5,4.11,0.0,2.75,28.9,14.3,3,Saturday,2024-01-27,2024-01
trip_0000568,2,2024-03-22 15:36:00,2024-03-22 15:59:07,6,6.03,255,256,1,Credit Card,31.14,1.0,0.5,7.78,0.0,2.75,43.17,23.1,15,Friday,2024-03-22,2024-03
trip_0000569,2,2024-04-22 04:35:00,2024-04-22 04:45:42,2,2.16,145,237,1,Credit Card,14.3,1.0,0.5,3.58,0.0,2.75,22.13,10.7,4,Monday,2024-04-22,2024-04
trip_0000570,2,2024-06-10 04:22:00,2024-06-10 04:41:39,6,8.46,43,61,1,Credit Card,36.09,1.0,0.5,7.22,0.0,2.75,47.56,19.7,4,Monday,2024-06-10,2024-06
trip_0000571,1,2024-03-10 09:14:00,2024-03-10 09:26:58,4,2.78,141,100,1,Credit Card,17.13,1.0,0.5,0.0,0.0,2.75,21.38,13.0,9,Sunday,2024-03-10,2024-03
trip_0000572,2,2024-06-22 08:59:00,2024-06-22 09:09:34,1,2.06,141,80,1,Credit Card,13.95,1.0,0.5,2.09,0.0,2.75,20.29,10.6,8,Saturday,2024-06-22,2024-06
trip_0000573,2,2024-05-20 19:51:00,2024-05-20 20:00:23,1,2.46,186,163,1,Credit Card,14.46,2.5,0.5,3.62,0.0,2.75,23.83,9.4,19,Monday,2024-05-20,2024-05
trip_0000574,2,2024-03-09 16:12:00,2024-03-09 16:31:27,1,3.91,238,145,1,Credit Card,23.48,2.5,0.5,4.7,0.0,2.75,33.93,19.5,16,Saturday,2024-03-09,2024-03
trip_0000575,2,2024-01-18 18:55:00,2024-01-18 19:09:54,2,5.61,61,48,1,Cash,25.89,2.5,0.5,6.47,0.0,2.75,38.11,14.9,18,Thursday,2024-01-18,2024-01
trip_0000576,1,2024-05-24 13:41:00,2024-05-24 14:00:17,3,7.02,43,163,1,Cash,31.95,1.0,0.5,6.39,0.0,2.75,42.59,19.3,13,Friday,2024-05-24,2024-05
trip_0000577,1,2024-02-25 11:14:00,2024-02-25 11:27:06,3,4.58,249,141,1,Cash,22.15,1.0,0.5,0.0,0.0,2.75,26.4,13.1,11,Sunday,2024-02-25,2024-02
trip_0000578,2,2024-05-24 06:16:00,2024-05-24 06:29:30,6,16.55,80,1,1,Credit Card,55.27,1.0,0.5,0.0,0.0,2.75,59.52,13.5,6,Friday,2024-05-24,2024-05
trip_0000579,1,2024-04-07 14:10:00,2024-04-07 14:16:11,4,1.65,255,79,1,Credit Card,10.64,1.0,0.5,2.13,0.0,2.75,17.02,6.2,14,Sunday,2024-04-07,2024-04
trip_0000580,1,2024-01-22 11:49:00,2024-01-22 12:02:00,1,5.24,234,163,1,Credit Card,23.91,1.0,0.5,4.78,0.0,2.75,32.94,13.0,11,Monday,2024-01-22,2024-01
trip_0000581,1,2024-02-02 11:37:00,2024-02-02 11:59:36,3,6.27,140,7,1,Cash,31.54,1.0,0.5,7.88,0.0,2.75,43.67,22.6,11,Friday,2024-02-02,2024-02
trip_0000582,1,2024-04-02 01:31:00,2024-04-02 01:50:06,1,4.93,164,239,1,Credit Card,26.11,1.0,0.5,0.0,0.0,2.75,30.36,19.1,1,Tuesday,2024-04-02,2024-04
trip_0000583,2,2024-05-01 02:13:00,2024-05-01 02:17:26,1,1.39,90,50,1,Credit Card,9.05,1.0,0.5,0.0,0.0,2.75,13.3,4.4,2,Wednesday,2024-05-01,2024-05
trip_0000584,2,2024-05-23 14:19:00,2024-05-23 14:40:29,1,8.44,231,249,1,Credit Card,36.95,1.0,0.5,5.54,0.0,2.75,46.74,21.5,14,Thursday,2024-05-23,2024-05
trip_0000585,1,2024-03-12 20:28:00,2024-03-12 20:35:36,1,18.99,79,1,1,Credit Card,59.03,1.0,0.5,0.0,0.0,2.75,63.28,7.6,20,Tuesday,2024-03-12,2024-03
trip_0000586,1,2024-01-14 18:43:00,2024-01-14 19:08:44,1,5.95,90,140,1,Credit Card,32.23,2.5,0.5,0.0,0.0,2.75,37.98,25.7,18,Sunday,2024-01-14,2024-01
trip_0000587,2,2024-02-28 20:55:00,2024-02-28 21:07:06,1,20.16,256,138,2,Credit Card,64.49,1.0,0.5,9.67,6.55,2.75,84.96,12.1,20,Wednesday,2024-02-28,2024-02
trip_0000588,2,2024-03-11 14:34:00,2024-03-11 14:45:20,2,2.67,234,140,1,Credit Card,16.01,1.0,0.5,2.4,0.0,2.75,22.66,11.3,14,Monday,2024-03-11,2024-03
trip_0000589,2,2024-03-02 12:06:00,2024-03-02 12:20:18,1,4.5,140,33,1,Cash,22.53,1.0,0.5,5.63,0.0,2.75,32.41,14.3,12,Saturday,2024-03-02,2024-03
trip_0000590,1,2024-04-10 22:44:00,2024-04-10 22:55:00,2,3.22,48,230,1,Credit Card,17.36,1.0,0.5,2.6,0.0,2.75,24.21,11.0,22,Wednesday,2024-04-10,2024-04
trip_0000591,2,2024-05-13 09:50:00,2024-05-13 10:01:12,3,4.09,143,239,1,Credit Card,19.86,1.0,0.5,3.97,0.0,2.75,28.08,11.2,9,Monday,2024-05-13,2024-05
trip_0000592,1,2024-02-25 20:30:00,2024-02-25 20:42:15,2,18.14,132,7,2,Credit Card,59.02,1.0,0.5,11.8,6.55,2.75,81.62,12.3,20,Sunday,2024-02-25,2024-02
trip_0000593,2,2024-02-26 10:53:00,2024-02-26 11:03:41,1,3.93,239,107,1,No Charge,19.16,1.0,0.5,0.0,0.0,2.75,23.41,10.7,10,Monday,2024-02-26,2024-02
trip_0000594,1,2024-05-15 20:30:00,2024-05-15 20:37:09,2,2.55,163,231,1,Cash,13.59,1.0,0.5,2.04,0.0,2.75,19.88,7.2,20,Wednesday,2024-05-15,2024-05
trip_0000595,2,2024-05-21 00:49:00,2024-05-21 01:21:08,3,20.57,1,61,1,Credit Card,75.64,1.0,0.5,15.13,0.0,2.75,95.02,32.1,0,Tuesday,2024-05-21,2024-05
trip_0000596,1,2024-02-07 00:24:00,2024-02-07 00:43:55,2,3.86,164,140,1,Credit Card,23.58,1.0,0.5,4.72,0.0,2.75,32.55,19.9,0,Wednesday,2024-02-07,2024-02
trip_0000597,2,2024-03-02 05:18:00,2024-03-02 05:30:27,1,12.83,230,138,2,Credit Card,44.51,1.0,0.5,8.9,6.55,2.75,64.21,12.5,5,Saturday,2024-03-02,2024-03
trip_0000598,1,2024-02-02 10:58:00,2024-02-02 11:14:10,1,5.25,50,50,1,Credit Card,25.53,1.0,0.5,0.0,0.0,2.75,29.78,16.2,10,Friday,2024-02-02,2024-02
trip_0000599,1,2024-06-08 11:21:00,2024-06-08 11:37:15,1,4.89,230,249,1,Credit Card,24.58,1.0,0.5,6.14,0.0,2.75,34.97,16.3,11,Saturday,2024-06-08,2024-06
trip_0000600,1,2024-03-25 01:12:00,2024-03-25 01:20:37,1,2.66,80,61,1,Credit Card,14.62,1.0,0.5,2.92,0.0,2.75,21.79,8.6,1,Monday,2024-03-25,2024-03
trip_0000601,1,2024-05-17 04:34:00,2024-05-17 04:50:14,1,2.97,239,170,1,Dispute,19.29,1.0,0.5,0.0,0.0,2.75,23.54,16.2,4,Friday,2024-05-17,2024-05
trip_0000602,2,2024-04-19 05:04:00,2024-04-19 05:16:50,1,2.64,237,163,1,Cash,16.68,1.0,0.5,0.0,0.0,2.75,20.93,12.8,5,Friday,2024-04-19,2024-04
trip_0000603,1,2024-06-20 19:16:00,2024-06-20 19:24:23,1,2.44,231,164,1,Cash,13.9,2.5,0.5,2.08,0.0,2.75,21.73,8.4,19,Thursday,2024-06-20,2024-06
trip_0000604,2,2024-06-08 05:30:00,2024-06-08 06:01:27,2,11.95,140,238,1,Credit Card,51.6,1.0,0.5,10.32,0.0,2.75,66.17,31.5,5,Saturday,2024-06-08,2024-06
trip_0000605,2,2024-05-01 18:48:00,2024-05-01 19:04:33,1,3.37,61,107,1,Credit Card,20.54,2.5,0.5,3.08,0.0,2.75,29.37,16.6,18,Wednesday,2024-05-01,2024-05
trip_0000606,2,2024-02-06 10:53:00,2024-02-06 11:04:54,2,4.8,186,100,1,Credit Card,22.15,1.0,0.5,5.54,0.0,2.75,31.94,11.9,10,Tuesday,2024-02-06,2024-02
trip_0000607,2,2024-05-15 06:38:00,2024-05-15 06:51:42,1,5.51,143,186,1,Credit Card,25.01,1.0,0.5,3.75,0.0,2.75,33.01,13.7,6,Wednesday,2024-05-15,2024-05
trip_0000608,2,2024-05-28 18:13:00,2024-05-28 18:42:11,1,7.73,90,256,1,Credit Card,38.86,2.5,0.5,7.77,0.0,2.75,52.38,29.2,18,Tuesday,2024-05-28,2024-05
trip_0000609,2,2024-01-06 07:45:00,2024-01-06 08:15:10,3,5.71,100,164,1,Dispute,33.79,1.0,0.5,0.0,0.0,2.75,38.04,30.2,7,Saturday,2024-01-06,2024-01
trip_0000610,2,2024-01-22 01:44:00,2024-01-22 01:58:40,1,5.51,249,161,1,Credit Card,25.49,1.0,0.5,0.0,0.0,2.75,29.74,14.7,1,Monday,2024-01-22,2024-01
trip_0000611,1,2024-06-01 14:27:00,2024-06-01 14:45:49,1,5.17,255,186,1,Cash,26.63,1.0,0.5,0.0,0.0,2.75,30.88,18.8,14,Saturday,2024-06-01,2024-06
trip_0000612,1,2024-02-17 13:22:00,2024-02-17 13:38:52,1,5.54,100,186,1,Credit Card,26.67,1.0,0.5,5.33,0.0,2.75,36.25,16.9,13,Saturday,2024-02-17,2024-02
trip_0000613,1,2024-05-08 21:50:00,2024-05-08 22:14:01,1,8.77,7,161,1,Credit Card,39.13,1.0,0.5,0.0,0.0,2.75,43.38,24.0,21,Wednesday,2024-05-08,2024-05
trip_0000614,1,2024-04-23 22:11:00,2024-04-23 22:23:42,1,5.34,107,164,1,Credit Card,24.04,1.0,0.5,6.01,0.0,2.75,34.3,12.7,22,Tuesday,2024-04-23,2024-04
trip_0000615,2,2024-02-02 21:56:00,2024-02-02 22:09:51,1,3.01,236,140,1,Credit Card,18.21,1.0,0.5,0.0,0.0,2.75,22.46,13.9,21,Friday,2024-02-02,2024-02
trip_0000616,1,2024-05-02 01:55:00,2024-05-02 02:04:20,1,4.02,239,18,1,Credit Card,18.73,1.0,0.5,3.75,0.0,2.75,26.73,9.3,1,Thursday,2024-05-02,2024-05
trip_0000617,1,2024-05-12 04:58:00,2024-05-12 05:09:23,1,4.31,161,230,1,Credit Card,20.55,1.0,0.5,4.11,0.0,2.75,28.91,11.4,4,Sunday,2024-05-12,2024-05
trip_0000618,2,2024-02-19 00:42:00,2024-02-19 01:05:25,1,9.12,231,256,1,Credit Card,39.79,1.0,0.5,0.0,0.0,2.75,44.04,23.4,0,Monday,2024-02-19,2024-02
trip_0000619,2,2024-01-20 13:56:00,2024-01-20 14:05:43,1,3.81,162,161,1,Credit Card,18.34,1.0,0.5,2.75,0.0,2.75,25.34,9.7,13,Saturday,2024-01-20,2024-01
trip_0000620,2,2024-01-13 15:13:00,2024-01-13 15:27:19,1,13.25,1,142,1,Credit Card,46.6,1.0,0.5,6.99,0.0,2.75,57.84,14.3,15,Saturday,2024-01-13,2024-01
trip_0000621,2,2024-01-21 08:47:00,2024-01-21 08:58:59,1,2.33,50,48,1,Credit Card,15.41,1.0,0.5,2.31,0.0,2.75,21.97,12.0,8,Sunday,2024-01-21,2024-01
trip_0000622,1,2024-02-26 20:02:00,2024-02-26 20:13:21,2,4.38,234,193,1,Credit Card,20.72,1.0,0.5,3.11,0.0,2.75,28.08,11.4,20,Monday,2024-02-26,2024-02
trip_0000623,2,2024-03-18 22:03:00,2024-03-18 22:16:22,1,4.72,186,249,1,Credit Card,22.67,1.0,0.5,3.4,0.0,2.75,30.32,13.4,22,Monday,2024-03-18,2024-03
trip_0000624,2,2024-05-18 11:42:00,2024-05-18 12:18:57,2,14.19,143,239,1,Credit Card,60.5,1.0,0.5,12.1,0.0,2.75,76.85,37.0,11,Saturday,2024-05-18,2024-05
trip_0000625,2,2024-02-04 11:33:00,2024-02-04 12:06:05,4,6.04,90,237,1,Credit Card,36.15,1.0,0.5,5.42,0.0,2.75,45.82,33.1,11,Sunday,2024-02-04,2024-02
trip_0000626,2,2024-04-26 04:04:00,2024-04-26 04:13:45,3,4.31,162,193,1,Credit Card,19.73,1.0,0.5,2.96,0.0,2.75,26.94,9.8,4,Friday,2024-04-26,2024-04
trip_0000627,1,2024-04-19 05:49:00,2024-04-19 06:03:48,3,3.07,141,239,1,Credit Card,18.84,1.0,0.5,4.71,0.0,2.75,27.8,14.8,5,Friday,2024-04-19,2024-04
trip_0000628,2,2024-03-25 13:59:00,2024-03-25 14:13:39,3,3.04,100,230,1,Credit Card,18.69,1.0,0.5,0.0,0.0,2.75,22.94,14.7,13,Monday,2024-03-25,2024-03
trip_0000629,1,2024-03-14 12:21:00,2024-03-14 12:40:23,4,5.57,18,231,1,Credit Card,28.01,1.0,0.5,0.0,0.0,2.75,32.26,19.4,12,Thursday,2024-03-14,2024-03
trip_0000630,2,2024-05-09 05:11:00,2024-05-09 05:33:23,1,8.57,142,140,1,Cash,37.76,1.0,0.5,0.0,0.0,2.75,42.01,22.4,5,Thursday,2024-05-09,2024-05
trip_0000631,2,2024-05-17 02:59:00,2024-05-17 03:17:24,1,5.99,143,161,1,Cash,28.68,1.0,0.5,0.0,0.0,2.75,32.93,18.4,2,Friday,2024-05-17,2024-05
trip_0000632,2,2024-04-09 09:07:00,2024-04-09 09:23:48,1,4.24,256,193,1,Cash,23.07,1.0,0.5,5.77,0.0,2.75,33.09,16.8,9,Tuesday,2024-04-09,2024-04
trip_0000633,1,2024-03-29 14:37:00,2024-03-29 14:52:41,1,4.88,231,43,1,Credit Card,24.27,1.0,0.5,3.64,0.0,2.75,32.16,15.7,14,Friday,2024-03-29,2024-03
trip_0000634,1,2024-04-24 16:56:00,2024-04-24 17:04:47,1,3.54,255,164,1,Cash,17.13,2.5,0.5,2.57,0.0,2.75,25.45,8.8,16,Wednesday,2024-04-24,2024-04
trip_0000635,1,2024-04-11 06:21:00,2024-04-11 06:54:11,1,11.04,230,239,1,Credit Card,49.95,1.0,0.5,9.99,0.0,2.75,64.19,33.2,6,Thursday,2024-04-11,2024-04
trip_0000636,2,2024-02-21 00:25:00,2024-02-21 00:34:58,3,2.18,100,161,1,Credit Card,13.99,1.0,0.5,2.1,0.0,2.75,20.34,10.0,0,Wednesday,2024-02-21,2024-02
trip_0000637,1,2024-01-27 19:27:00,2024-01-27 19:39:29,1,5.57,161,100,1,Credit Card,24.56,2.5,0.5,0.0,0.0,2.75,30.31,12.5,19,Saturday,2024-01-27,2024-01
trip_0000638,1,2024-06-15 18:48:00,2024-06-15 18:54:33,1,1.24,186,143,1,Credit Card,9.69,2.5,0.5,1.94,0.0,2.75,17.38,6.6,18,Saturday,2024-06-15,2024-06
trip_0000639,2,2024-02-20 13:55:00,2024-02-20 14:03:04,1,1.88,162,238,1,Credit Card,12.21,1.0,0.5,3.05,0.0,2.75,19.51,8.1,13,Tuesday,2024-02-20,2024-02
trip_0000640,2,2024-03-22 12:21:00,2024-03-22 12:43:04,1,5.95,7,164,1,Credit Card,30.4,1.0,0.5,6.08,0.0,2.75,40.73,22.1,12,Friday,2024-03-22,2024-03
trip_0000641,2,2024-06-06 16:09:00,2024-06-06 16:32:35,1,4.72,7,50,1,Credit Card,27.78,2.5,0.5,4.17,0.0,2.75,37.7,23.6,16,Thursday,2024-06-06,2024-06
trip_0000642,2,2024-01-27 10:48:00,2024-01-27 11:08:56,1,4.23,141,141,1,Credit Card,25.1,1.0,0.5,5.02,0.0,2.75,34.37,20.9,10,Saturday,2024-01-27,2024-01
trip_0000643,1,2024-01-07 06:04:00,2024-01-07 06:19:33,1,3.45,256,50,1,Credit Card,20.27,1.0,0.5,5.07,0.0,2.75,29.59,15.6,6,Sunday,2024-01-07,2024-01
trip_0000644,2,2024-01-23 11:36:00,2024-01-23 11:47:09,5,2.15,68,230,1,Credit Card,14.49,1.0,0.5,2.9,0.0,2.75,21.64,11.2,11,Tuesday,2024-01-23,2024-01
trip_0000645,1,2024-01-28 07:48:00,2024-01-28 08:05:48,1,4.74,143,236,1,Credit Card,24.94,1.0,0.5,3.74,0.0,2.75,32.93,17.8,7,Sunday,2024-01-28,2024-01
trip_0000646,1,2024-06-07 14:17:00,2024-06-07 14:24:44,3,1.47,68,234,1,Credit Card,10.92,1.0,0.5,1.64,0.0,2.75,16.81,7.7,14,Friday,2024-06-07,2024-06
trip_0000647,2,2024-03-17 11:32:00,2024-03-17 11:43:34,1,4.84,61,18,1,Credit Card,22.09,1.0,0.5,0.0,0.0,2.75,26.34,11.6,11,Sunday,2024-03-17,2024-03
trip_0000648,1,2024-04-02 22:31:00,2024-04-02 22:52:38,5,14.48,132,234,2,Cash,53.64,1.0,0.5,10.73,6.55,2.75,75.17,21.6,22,Tuesday,2024-04-02,2024-04
trip_0000649,1,2024-04-14 02:51:00,2024-04-14 03:10:31,3,21.09,138,163,2,Credit Card,70.76,1.0,0.5,14.15,6.55,2.75,95.71,19.5,2,Sunday,2024-04-14,2024-04
trip_0000650,2,2024-01-02 10:37:00,2024-01-02 10:57:16,1,7.84,143,230,1,Credit Card,34.7,1.0,0.5,5.2,0.0,2.75,44.15,20.3,10,Tuesday,2024-01-02,2024-01
trip_0000651,2,2024-05-07 04:40:00,2024-05-07 04:57:04,1,13.53,162,1,1,Credit Card,48.74,1.0,0.5,7.31,0.0,2.75,60.3,17.1,4,Tuesday,2024-05-07,2024-05
trip_0000652,1,2024-05-16 06:36:00,2024-05-16 06:57:11,1,7.7,90,238,1,Credit Card,34.77,1.0,0.5,8.69,0.0,2.75,47.71,21.2,6,Thursday,2024-05-16,2024-05
trip_0000653,1,2024-03-28 03:01:00,2024-03-28 03:09:11,1,10.63,7,1,1,Credit Card,36.33,1.0,0.5,5.45,0.0,2.75,46.03,8.2,3,Thursday,2024-03-28,2024-03
trip_0000654,2,2024-06-03 02:14:00,2024-06-03 02:19:20,2,1.24,256,107,1,Credit Card,9.08,1.0,0.5,1.82,0.0,2.75,15.15,5.3,2,Monday,2024-06-03,2024-06
trip_0000655,2,2024-05-20 00:07:00,2024-05-20 00:17:41,1,3.59,162,43,1,Credit Card,18.22,1.0,0.5,0.0,0.0,2.75,22.47,10.7,0,Monday,2024-05-20,2024-05
trip_0000656,1,2024-01-09 13:21:00,2024-01-09 13:44:35,1,4.81,238,256,1,Credit Card,28.03,1.0,0.5,5.61,0.0,2.75,37.89,23.6,13,Tuesday,2024-01-09,2024-01
trip_0000657,2,2024-04-15 04:04:00,2024-04-15 04:28:19,2,9.07,18,234,1,Credit Card,40.1,1.0,0.5,8.02,0.0,2.75,52.37,24.3,4,Monday,2024-04-15,2024-04
trip_0000658,1,2024-03-19 10:14:00,2024-03-19 10:50:03,1,12.29,80,79,1,Credit Card,54.83,1.0,0.5,0.0,0.0,2.75,59.08,36.1,10,Tuesday,2024-03-19,2024-03
trip_0000659,1,2024-01-24 11:36:00,2024-01-24 11:51:46,1,5.51,79,145,1,Credit Card,26.04,1.0,0.5,6.51,0.0,2.75,36.8,15.8,11,Wednesday,2024-01-24,2024-01
trip_0000660,2,2024-04-13 16:20:00,2024-04-13 16:38:53,1,6.75,90,140,1,Credit Card,31.01,2.5,0.5,7.75,0.0,2.75,44.51,18.9,16,Saturday,2024-04-13,2024-04
trip_0000661,2,2024-02-18 15:39:00,2024-02-18 16:13:10,4,14.51,161,79,1,Credit Card,59.99,1.0,0.5,0.0,0.0,2.75,64.24,34.2,15,Sunday,2024-02-18,2024-02
trip_0000662,2,2024-02-21 23:25:00,2024-02-21 23:38:36,1,5.37,68,50,1,Credit Card,24.58,1.0,0.5,4.92,0.0,2.75,33.75,13.6,23,Wednesday,2024-02-21,2024-02
trip_0000663,1,2024-05-26 14:47:00,2024-05-26 15:07:22,2,17.31,1,234,1,Credit Card,60.79,1.0,0.5,9.12,0.0,2.75,74.16,20.4,14,Sunday,2024-05-26,2024-05
trip_0000664,2,2024-02-01 07:25:00,2024-02-01 08:04:01,4,8.88,236,237,1,Credit Card,46.93,1.0,0.5,9.39,0.0,2.75,60.57,39.0,7,Thursday,2024-02-01,2024-02
trip_0000665,2,2024-01-26 23:38:00,2024-01-27 00:03:00,1,9.93,163,90,1,Credit Card,42.81,1.0,0.5,6.42,0.0,2.75,53.48,25.0,23,Friday,2024-01-26,2024-01
trip_0000666,2,2024-03-26 22:58:00,2024-03-26 23:06:12,2,2.08,230,61,1,Cash,12.83,1.0,0.5,1.92,0.0,2.75,19.0,8.2,22,Tuesday,2024-03-26,2024-03
trip_0000667,1,2024-04-02 18:14:00,2024-04-02 18:23:39,1,3.33,237,18,1,Credit Card,16.98,2.5,0.5,0.0,0.0,2.75,22.73,9.7,18,Tuesday,2024-04-02,2024-04
trip_0000668,1,2024-01-13 05:27:00,2024-01-13 05:55:22,1,11.46,238,236,1,Cash,48.7,1.0,0.5,0.0,0.0,2.75,52.95,28.4,5,Saturday,2024-01-13,2024-01
trip_0000669,2,2024-04-30 20:08:00,2024-04-30 20:28:50,4,9.22,140,100,1,Credit Card,38.77,1.0,0.5,5.82,0.0,2.75,48.84,20.8,20,Tuesday,2024-04-30,2024-04
trip_0000670,1,2024-01-12 23:46:00,2024-01-12 23:59:14,1,13.69,161,132,2,Cash,47.27,1.0,0.5,7.09,6.55,2.75,65.16,13.2,23,Friday,2024-01-12,2024-01
trip_0000671,1,2024-03-10 18:26:00,2024-03-10 18:33:32,1,15.09,7,1,1,Credit Card,48.27,2.5,0.5,12.07,0.0,2.75,66.09,7.5,18,Sunday,2024-03-10,2024-03
trip_0000672,2,2024-03-07 01:46:00,2024-03-07 02:05:44,1,6.92,48,140,1,Dispute,31.9,1.0,0.5,6.38,0.0,2.75,42.53,19.7,1,Thursday,2024-03-07,2024-03
trip_0000673,1,2024-06-02 15:07:00,2024-06-02 15:27:23,1,12.31,132,61,2,Credit Card,47.05,1.0,0.5,7.06,6.55,2.75,64.91,20.4,15,Sunday,2024-06-02,2024-06
trip_0000674,1,2024-05-25 15:41:00,2024-05-25 15:59:23,2,5.89,161,50,1,Credit Card,28.39,1.0,0.5,7.1,0.0,2.75,39.74,18.4,15,Saturday,2024-05-25,2024-05
trip_0000675,1,2024-04-20 00:36:00,2024-04-20 00:50:43,2,11.49,43,1,1,Credit Card,41.96,1.0,0.5,6.29,0.0,2.75,52.5,14.7,0,Saturday,2024-04-20,2024-04
trip_0000676,2,2024-05-31 22:15:00,2024-05-31 22:35:24,2,4.48,255,231,1,Credit Card,25.52,1.0,0.5,5.1,0.0,2.75,34.87,20.4,22,Friday,2024-05-31,2024-05
trip_0000677,1,2024-03-19 23:42:00,2024-03-20 00:08:09,1,11.54,163,61,1,Credit Card,47.82,1.0,0.5,9.56,0.0,2.75,61.63,26.2,23,Tuesday,2024-03-19,2024-03
trip_0000678,1,2024-01-23 00:30:00,2024-01-23 00:48:03,2,6.47,164,143,1,Cash,29.82,1.0,0.5,4.47,0.0,2.75,38.54,18.1,0,Tuesday,2024-01-23,2024-01
trip_0000679,1,2024-03-27 19:04:00,2024-03-27 19:20:06,1,5.94,249,249,1,Credit Card,27.39,2.5,0.5,5.48,0.0,2.75,38.62,16.1,19,Wednesday,2024-03-27,2024-03
trip_0000680,1,2024-02-24 08:28:00,2024-02-24 08:36:47,1,1.84,7,80,1,Credit Card,12.46,1.0,0.5,2.49,0.0,2.75,19.2,8.8,8,Saturday,2024-02-24,2024-02
trip_0000681,1,2024-02-19 01:39:00,2024-02-19 01:43:54,2,1.18,161,249,1,Credit Card,8.7,1.0,0.5,1.3,0.0,2.75,14.25,4.9,1,Monday,2024-02-19,2024-02
trip_0000682,2,2024-05-26 00:36:00,2024-05-26 01:01:57,1,7.14,231,50,1,Credit Card,35.62,1.0,0.5,7.12,0.0,2.75,46.99,26.0,0,Sunday,2024-05-26,2024-05
trip_0000683,2,2024-05-07 00:27:00,2024-05-07 00:54:31,1,9.93,238,43,1,Credit Card,44.07,1.0,0.5,6.61,0.0,2.75,54.93,27.5,0,Tuesday,2024-05-07,2024-05
trip_0000684,1,2024-02-20 17:54:00,2024-02-20 18:13:13,1,16.33,61,132,2,Cash,57.52,2.5,0.5,0.0,6.55,2.75,69.82,19.2,17,Tuesday,2024-02-20,2024-02
trip_0000685,1,2024-06-20 12:09:00,2024-06-20 12:17:43,1,3.38,18,68,1,Credit Card,16.66,1.0,0.5,4.16,0.0,2.75,25.07,8.7,12,Thursday,2024-06-20,2024-06
trip_0000686,1,2024-04-09 09:34:00,2024-04-09 10:00:32,1,20.62,1,164,1,Credit Card,72.98,1.0,0.5,14.6,0.0,2.75,91.83,26.5,9,Tuesday,2024-04-09,2024-04
trip_0000687,2,2024-04-20 13:53:00,2024-04-20 14:16:34,1,9.98,230,7,1,Credit Card,42.23,1.0,0.5,0.0,0.0,2.75,46.48,23.6,13,Saturday,2024-04-20,2024-04
trip_0000688,2,2024-04-02 12:11:00,2024-04-02 12:43:02,1,10.25,100,90,1,Credit Card,47.21,1.0,0.5,9.44,0.0,2.75,60.9,32.0,12,Tuesday,2024-04-02,2024-04
trip_0000689,2,2024-03-10 14:48:00,2024-03-10 15:16:04,1,11.6,142,143,1,Credit Card,48.94,1.0,0.5,0.0,0.0,2.75,53.19,28.1,14,Sunday,2024-03-10,2024-03
trip_0000690,2,2024-03-25 14:53:00,2024-03-25 15:25:24,1,9.89,33,140,1,Credit Card,46.4,1.0,0.5,6.96,0.0,2.75,57.61,32.4,14,Monday,2024-03-25,2024-03
trip_0000691,1,2024-05-22 15:30:00,2024-05-22 15:37:49,1,1.67,80,162,1,Credit Card,11.51,1.0,0.5,2.88,0.0,2.75,18.64,7.8,15,Wednesday,2024-05-22,2024-05
trip_0000692,2,2024-03-31 04:01:00,2024-03-31 04:20:58,1,8.61,79,48,1,Credit Card,36.67,1.0,0.5,5.5,0.0,2.75,46.42,20.0,4,Sunday,2024-03-31,2024-03
trip_0000693,2,2024-01-22 03:16:00,2024-01-22 03:27:29,1,3.45,237,43,1,Credit Card,18.24,1.0,0.5,3.65,0.0,2.75,26.14,11.5,3,Monday,2024-01-22,2024-01
trip_0000694,1,2024-05-31 14:24:00,2024-05-31 14:34:56,1,3.23,18,237,1,Credit Card,17.35,1.0,0.5,3.47,0.0,2.75,25.07,10.9,14,Friday,2024-05-31,2024-05
trip_0000695,2,2024-06-01 22:44:00,2024-06-01 23:00:01,1,12.18,138,68,2,Credit Card,44.51,1.0,0.5,6.68,6.55,2.75,61.99,16.0,22,Saturday,2024-06-01,2024-06
trip_0000696,2,2024-05-21 17:14:00,2024-05-21 17:32:31,1,4.82,162,142,1,Credit Card,25.51,2.5,0.5,0.0,0.0,2.75,31.26,18.5,17,Tuesday,2024-05-21,2024-05
trip_0000697,2,2024-06-19 23:25:00,2024-06-19 23:41:35,1,21.05,140,132,2,Credit Card,69.18,1.0,0.5,13.84,6.55,2.75,93.82,16.6,23,Wednesday,2024-06-19,2024-06
trip_0000698,2,2024-03-06 11:51:00,2024-03-06 12:02:31,1,2.57,80,79,1,Credit Card,15.83,1.0,0.5,3.17,0.0,2.75,23.25,11.5,11,Wednesday,2024-03-06,2024-03
trip_0000699,1,2024-04-09 11:16:00,2024-04-09 11:32:21,2,6.09,100,18,1,Credit Card,27.93,1.0,0.5,5.59,0.0,2.75,37.77,16.4,11,Tuesday,2024-04-09,2024-04
trip_0000700,2,2024-04-05 01:09:00,2024-04-05 01:35:50,1,6.71,239,140,1,Credit Card,34.88,1.0,0.5,5.23,0.0,2.75,44.36,26.8,1,Friday,2024-04-05,2024-04
trip_0000701,2,2024-01-31 17:10:00,2024-01-31 17:37:28,2,11.4,7,142,1,Credit Card,48.09,2.5,0.5,0.0,0.0,2.75,53.84,27.5,17,Wednesday,2024-01-31,2024-01
trip_0000702,2,2024-03-29 21:21:00,2024-03-29 21:39:10,1,18.11,1,249,1,Cash,61.89,1.0,0.5,12.38,0.0,2.75,78.52,18.2,21,Friday,2024-03-29,2024-03
trip_0000703,2,2024-06-14 09:08:00,2024-06-14 09:17:15,2,4.0,234,231,1,Credit Card,18.63,1.0,0.5,4.66,0.0,2.75,27.54,9.3,9,Friday,2024-06-14,2024-06
trip_0000704,2,2024-03-27 09:53:00,2024-03-27 10:02:43,1,1.86,256,61,1,Credit Card,12.98,1.0,0.5,2.6,0.0,2.75,19.83,9.7,9,Wednesday,2024-03-27,2024-03
trip_0000705,2,2024-01-10 08:34:00,2024-01-10 08:51:51,1,5.79,33,142,1,Credit Card,27.85,1.0,0.5,5.57,0.0,2.75,37.67,17.9,8,Wednesday,2024-01-10,2024-01
trip_0000706,1,2024-03-25 12:10:00,2024-03-25 12:21:52,1,3.84,234,163,1,Credit Card,19.5,1.0,0.5,2.92,0.0,2.75,26.67,11.9,12,Monday,2024-03-25,2024-03
trip_0000707,1,2024-02-06 08:55:00,2024-02-06 09:10:36,1,2.99,239,50,1,Credit Card,19.03,1.0,0.5,0.0,0.0,2.75,23.28,15.6,8,Tuesday,2024-02-06,2024-02
trip_0000708,2,2024-06-04 14:59:00,2024-06-04 15:24:53,1,6.26,68,33,1,Credit Card,33.16,1.0,0.5,4.97,0.0,2.75,42.38,25.9,14,Tuesday,2024-06-04,2024-06
trip_0000709,1,2024-05-28 13:36:00,2024-05-28 13:47:58,2,15.84,138,231,2,Credit Card,52.55,1.0,0.5,7.88,6.55,2.75,71.23,12.0,13,Tuesday,2024-05-28,2024-05
trip_0000710,1,2024-05-14 19:00:00,2024-05-14 19:20:27,2,3.81,256,143,1,Credit Card,23.7,2.5,0.5,3.56,0.0,2.75,33.01,20.5,19,Tuesday,2024-05-14,2024-05
trip_0000711,1,2024-01-30 21:45:00,2024-01-30 22:01:32,1,4.49,48,161,1,Credit Card,23.62,1.0,0.5,0.0,0.0,2.75,27.87,16.5,21,Tuesday,2024-01-30,2024-01
trip_0000712,2,2024-01-18 22:25:00,2024-01-18 22:40:41,1,6.26,162,48,1,Credit Card,28.06,1.0,0.5,4.21,0.0,2.75,36.52,15.7,22,Thursday,2024-01-18,2024-01
trip_0000713,2,2024-03-16 10:02:00,2024-03-16 10:29:11,2,5.26,48,237,1,Cash,31.06,1.0,0.5,4.66,0.0,2.75,39.97,27.2,10,Saturday,2024-03-16,2024-03
trip_0000714,2,2024-06-23 06:40:00,2024-06-23 06:48:56,1,21.78,140,138,2,Credit Card,67.37,1.0,0.5,16.84,6.55,2.75,95.01,8.9,6,Sunday,2024-06-23,2024-06
trip_0000715,2,2024-05-11 20:06:00,2024-05-11 20:14:46,3,19.69,234,132,2,Credit Card,61.53,1.0,0.5,15.38,6.55,2.75,87.71,8.8,20,Saturday,2024-05-11,2024-05
trip_0000716,2,2024-01-08 12:34:00,2024-01-08 13:00:18,2,8.32,145,164,1,Credit Card,39.03,1.0,0.5,5.85,0.0,2.75,49.13,26.3,12,Monday,2024-01-08,2024-01
trip_0000717,2,2024-06-11 10:47:00,2024-06-11 11:08:59,2,9.82,141,193,1,Credit Card,41.0,1.0,0.5,6.15,0.0,2.75,51.4,22.0,10,Tuesday,2024-06-11,2024-06
trip_0000718,1,2024-05-29 13:26:00,2024-05-29 13:37:54,1,3.24,61,236,1,Credit Card,17.86,1.0,0.5,3.57,0.0,2.75,25.68,11.9,13,Wednesday,2024-05-29,2024-05
trip_0000719,2,2024-01-09 18:38:00,2024-01-09 18:48:59,1,2.28,68,18,1,Credit Card,14.76,2.5,0.5,3.69,0.0,2.75,24.2,11.0,18,Tuesday,2024-01-09,2024-01
trip_0000720,1,2024-02-20 16:42:00,2024-02-20 16:49:32,6,1.81,33,164,1,Credit Card,11.75,2.5,0.5,2.35,0.0,2.75,19.85,7.5,16,Tuesday,2024-02-20,2024-02
trip_0000721,1,2024-06-25 14:18:00,2024-06-25 14:29:50,1,3.7,80,236,1,Credit Card,19.1,1.0,0.5,4.78,0.0,2.75,28.13,11.8,14,Tuesday,2024-06-25,2024-06
trip_0000722,2,2024-02-17 18:11:00,2024-02-17 18:35:30,6,10.97,163,43,1,Credit Card,45.42,2.5,0.5,11.36,0.0,2.75,62.53,24.5,18,Saturday,2024-02-17,2024-02
trip_0000723,2,2024-04-24 17:35:00,2024-04-24 17:40:49,1,1.69,163,238,1,Credit Card,10.56,2.5,0.5,0.0,0.0,2.75,16.31,5.8,17,Wednesday,2024-04-24,2024-04
trip_0000724,2,2024-01-26 20:02:00,2024-01-26 20:06:44,1,1.58,80,80,1,Cash,9.72,1.0,0.5,1.94,0.0,2.75,15.91,4.7,20,Friday,2024-01-26,2024-01
trip_0000725,1,2024-06-06 21:51:00,2024-06-06 22:08:27,4,4.86,238,163,1,Credit Card,25.1,1.0,0.5,3.76,0.0,2.75,33.11,17.5,21,Thursday,2024-06-06,2024-06
trip_0000726,1,2024-01-06 02:37:00,2024-01-06 02:50:25,2,5.24,140,80,1,Credit Card,24.12,1.0,0.5,4.82,0.0,2.75,33.19,13.4,2,Saturday,2024-01-06,2024-01
trip_0000727,2,2024-05-26 00:15:00,2024-05-26 00:31:15,4,5.53,234,161,1,Credit Card,26.33,1.0,0.5,5.27,0.0,2.75,35.85,16.3,0,Sunday,2024-05-26,2024-05
trip_0000728,1,2024-01-22 22:32:00,2024-01-22 22:38:50,1,2.48,7,68,1,Credit Card,13.24,1.0,0.5,1.99,0.0,2.75,19.48,6.8,22,Monday,2024-01-22,2024-01
trip_0000729,1,2024-04-23 13:21:00,2024-04-23 13:37:45,1,7.02,237,50,1,Credit Card,30.69,1.0,0.5,4.6,0.0,2.75,39.54,16.8,13,Tuesday,2024-04-23,2024-04
trip_0000730,1,2024-04-06 14:14:00,2024-04-06 14:30:41,1,6.82,80,193,1,Credit Card,30.1,1.0,0.5,6.02,0.0,2.75,40.37,16.7,14,Saturday,2024-04-06,2024-04
trip_0000731,2,2024-04-17 23:20:00,2024-04-17 23:34:00,6,11.69,161,132,2,Credit Card,42.15,1.0,0.5,8.43,6.55,2.75,61.38,14.0,23,Wednesday,2024-04-17,2024-04
trip_0000732,2,2024-02-04 09:15:00,2024-02-04 09:26:33,1,2.6,107,256,1,Credit Card,15.93,1.0,0.5,3.98,0.0,2.75,24.16,11.6,9,Sunday,2024-02-04,2024-02
trip_0000733,1,2024-05-12 16:35:00,2024-05-12 16:50:31,1,5.53,186,145,1,Cash,25.97,2.5,0.5,3.9,0.0,2.75,35.62,15.5,16,Sunday,2024-05-12,2024-05
trip_0000734,2,2024-06-21 20:12:00,2024-06-21 20:34:03,1,8.0,141,193,1,Credit Card,36.03,1.0,0.5,5.4,0.0,2.75,45.68,22.1,20,Friday,2024-06-21,2024-06
trip_0000735,1,2024-05-03 09:11:00,2024-05-03 09:23:41,1,2.48,164,238,1,Credit Card,16.17,1.0,0.5,3.23,0.0,2.75,23.65,12.7,9,Friday,2024-05-03,2024-05
trip_0000736,1,2024-04-04 22:51:00,2024-04-04 23:09:56,1,5.62,107,79,1,Credit Card,27.93,1.0,0.5,4.19,0.0,2.75,36.37,18.9,22,Thursday,2024-04-04,2024-04
trip_0000737,2,2024-03-26 01:17:00,2024-03-26 01:40:03,1,9.78,236,249,1,Credit Card,41.42,1.0,0.5,8.28,0.0,2.75,53.95,23.1,1,Tuesday,2024-03-26,2024-03
trip_0000738,2,2024-03-05 12:00:00,2024-03-05 12:09:55,1,3.6,256,170,1,Credit Card,17.86,1.0,0.5,2.68,0.0,2.75,24.79,9.9,12,Tuesday,2024-03-05,2024-03
trip_0000739,1,2024-05-10 07:02:00,2024-05-10 07:28:05,1,8.74,142,255,1,Credit Card,40.08,1.0,0.5,8.02,0.0,2.75,52.35,26.1,7,Friday,2024-05-10,2024-05
trip_0000740,1,2024-06-05 09:19:00,2024-06-05 09:32:42,1,3.9,255,142,1,Cash,20.58,1.0,0.5,3.09,0.0,2.75,27.92,13.7,9,Wednesday,2024-06-05,2024-06
trip_0000741,1,2024-05-24 22:53:00,2024-05-24 22:58:40,1,1.98,230,231,1,Credit Card,11.28,1.0,0.5,2.26,0.0,2.75,17.79,5.7,22,Friday,2024-05-24,2024-05
trip_0000742,2,2024-06-13 04:35:00,2024-06-13 05:08:34,1,7.33,234,255,1,Credit Card,39.94,1.0,0.5,7.99,0.0,2.75,52.18,33.6,4,Thursday,2024-06-13,2024-06
trip_0000743,1,2024-05-27 04:20:00,2024-05-27 04:45:27,1,10.73,100,79,1,Credit Card,45.24,1.0,0.5,6.79,0.0,2.75,56.28,25.5,4,Monday,2024-05-27,2024-05
trip_0000744,1,2024-06-02 22:05:00,2024-06-02 22:22:55,1,5.87,140,90,1,Credit Card,28.11,1.0,0.5,5.62,0.0,2.75,37.98,17.9,22,Sunday,2024-06-02,2024-06
trip_0000745,1,2024-05-14 03:47:00,2024-05-14 04:00:08,6,4.45,162,18,1,Credit Card,21.8,1.0,0.5,4.36,0.0,2.75,30.41,13.1,3,Tuesday,2024-05-14,2024-05
trip_0000746,2,2024-05-22 03:31:00,2024-05-22 04:02:16,1,8.82,33,256,1,Credit Card,42.89,1.0,0.5,6.43,0.0,2.75,53.57,31.3,3,Wednesday,2024-05-22,2024-05
trip_0000747,1,2024-06-08 18:05:00,2024-06-08 18:21:22,1,6.69,236,145,1,Credit Card,29.59,2.5,0.5,4.44,0.0,2.75,39.78,16.4,18,Saturday,2024-06-08,2024-06
trip_0000748,2,2024-04-14 13:15:00,2024-04-14 13:35:11,4,4.5,163,7,1,Cash,25.47,1.0,0.5,3.82,0.0,2.75,33.54,20.2,13,Sunday,2024-04-14,2024-04
trip_0000749,1,2024-01-17 10:50:00,2024-01-17 11:16:02,1,11.21,33,141,1,Credit Card,46.85,1.0,0.5,7.03,0.0,2.75,58.13,26.0,10,Wednesday,2024-01-17,2024-01
trip_0000750,2,2024-05-30 08:34:00,2024-05-30 08:47:35,1,5.8,239,7,1,Cash,25.75,1.0,0.5,5.15,0.0,2.75,35.15,13.6,8,Thursday,2024-05-30,2024-05
trip_0000751,2,2024-04-12 19:52:00,2024-04-12 20:14:14,1,4.96,239,193,1,Credit Card,27.76,2.5,0.5,6.94,0.0,2.75,40.45,22.2,19,Friday,2024-04-12,2024-04
trip_0000752,2,2024-01-29 14:09:00,2024-01-29 14:36:45,1,9.34,162,161,1,Cash,42.56,1.0,0.5,6.38,0.0,2.75,53.19,27.8,14,Monday,2024-01-29,2024-01
trip_0000753,1,2024-06-10 00:42:00,2024-06-10 01:05:17,1,4.48,80,140,1,Credit Card,26.97,1.0,0.5,6.74,0.0,2.75,37.96,23.3,0,Monday,2024-06-10,2024-06
trip_0000754,2,2024-04-07 21:49:00,2024-04-07 22:09:49,1,5.66,48,7,1,Credit Card,28.98,1.0,0.5,0.0,0.0,2.75,33.23,20.8,21,Sunday,2024-04-07,2024-04
trip_0000755,2,2024-01-06 00:22:00,2024-01-06 00:33:00,1,4.13,231,18,1,Credit Card,19.86,1.0,0.5,3.97,0.0,2.75,28.08,11.0,0,Saturday,2024-01-06,2024-01
trip_0000756,2,2024-05-08 15:34:00,2024-05-08 15:52:18,1,5.16,145,145,1,Credit Card,26.35,1.0,0.5,3.95,0.0,2.75,34.55,18.3,15,Wednesday,2024-05-08,2024-05
trip_0000757,1,2024-05-01 09:00:00,2024-05-01 09:20:18,1,7.31,239,80,1,Cash,33.26,1.0,0.5,6.65,0.0,2.75,44.16,20.3,9,Wednesday,2024-05-01,2024-05
trip_0000758,1,2024-05-08 03:31:00,2024-05-08 03:39:38,2,20.72,164,1,1,Credit Card,64.3,1.0,0.5,9.64,0.0,2.75,78.19,8.6,3,Wednesday,2024-05-08,2024-05
trip_0000759,1,2024-04-30 13:40:00,2024-04-30 14:08:51,1,11.96,162,231,1,Cash,50.32,1.0,0.5,7.55,0.0,2.75,62.12,28.9,13,Tuesday,2024-04-30,2024-04
trip_0000760,1,2024-04-19 18:04:00,2024-04-19 18:36:15,1,6.78,256,230,1,Cash,37.77,2.5,0.5,5.67,0.0,2.75,49.19,32.3,18,Friday,2024-04-19,2024-04
trip_0000761,2,2024-04-11 17:41:00,2024-04-11 17:52:02,1,2.04,80,239,1,Credit Card,14.13,2.5,0.5,2.12,0.0,2.75,22.0,11.0,17,Thursday,2024-04-11,2024-04
trip_0000762,1,2024-04-11 22:17:00,2024-04-11 22:25:04,2,19.49,255,1,1,Credit Card,60.63,1.0,0.5,0.0,0.0,2.75,64.88,8.1,22,Thursday,2024-04-11,2024-04
trip_0000763,1,2024-04-12 09:28:00,2024-04-12 09:41:24,1,5.4,145,79,1,Credit Card,24.55,1.0,0.5,4.91,0.0,2.75,33.71,13.4,9,Friday,2024-04-12,2024-04
trip_0000764,2,2024-05-26 23:37:00,2024-05-26 23:47:48,2,20.82,138,7,2,Credit Card,65.66,1.0,0.5,9.85,6.55,2.75,86.31,10.8,23,Sunday,2024-05-26,2024-05
trip_0000765,2,2024-05-28 05:17:00,2024-05-28 05:30:41,1,3.34,143,249,1,Cash,19.03,1.0,0.5,2.85,0.0,2.75,26.13,13.7,5,Tuesday,2024-05-28,2024-05
trip_0000766,1,2024-04-16 22:47:00,2024-04-16 22:59:51,1,4.45,249,79,1,Credit Card,21.67,1.0,0.5,3.25,0.0,2.75,29.17,12.9,22,Tuesday,2024-04-16,2024-04
trip_0000767,1,2024-02-05 01:25:00,2024-02-05 01:31:58,1,1.5,142,61,1,Credit Card,10.61,1.0,0.5,1.59,0.0,2.75,16.45,7.0,1,Monday,2024-02-05,2024-02
trip_0000768,1,2024-04-15 03:28:00,2024-04-15 03:37:28,1,19.57,1,140,1,Credit Card,61.56,1.0,0.5,12.31,0.0,2.75,78.12,9.5,3,Monday,2024-04-15,2024-04
trip_0000769,1,2024-04-07 18:26:00,2024-04-07 18:44:02,1,5.76,231,161,1,Credit Card,27.86,2.5,0.5,6.96,0.0,2.75,40.57,18.0,18,Sunday,2024-04-07,2024-04
trip_0000770,2,2024-02-27 13:41:00,2024-02-27 14:14:33,5,8.79,79,100,1,Credit Card,43.95,1.0,0.5,10.99,0.0,2.75,59.19,33.6,13,Tuesday,2024-02-27,2024-02
trip_0000771,2,2024-01-26 21:54:00,2024-01-26 22:16:04,1,8.72,145,79,1,Credit Card,38.02,1.0,0.5,0.0,0.0,2.75,42.27,22.1,21,Friday,2024-01-26,2024-01
trip_0000772,1,2024-04-17 08:57:00,2024-04-17 09:23:02,1,7.96,236,107,1,Credit Card,37.91,1.0,0.5,0.0,0.0,2.75,42.16,26.0,8,Wednesday,2024-04-17,2024-04
trip_0000773,1,2024-06-05 22:00:00,2024-06-05 22:16:13,1,11.22,161,138,2,Credit Card,41.97,1.0,0.5,0.0,6.55,2.75,52.77,16.2,22,Wednesday,2024-06-05,2024-06
trip_0000774,1,2024-01-11 03:05:00,2024-01-11 03:25:42,2,4.25,255,237,1,Credit Card,25.04,1.0,0.5,0.0,0.0,2.75,29.29,20.7,3,Thursday,2024-01-11,2024-01
trip_0000775,1,2024-04-01 06:25:00,2024-04-01 06:40:16,1,6.61,238,239,1,Credit Card,28.82,1.0,0.5,4.32,0.0,2.75,37.39,15.3,6,Monday,2024-04-01,2024-04
trip_0000776,2,2024-03-26 21:16:00,2024-03-26 21:51:18,1,8.34,170,18,1,Credit Card,43.59,1.0,0.5,8.72,0.0,2.75,56.56,35.3,21,Tuesday,2024-03-26,2024-03
trip_0000777,2,2024-05-27 08:43:00,2024-05-27 09:01:53,1,6.31,163,143,1,No Charge,29.8,1.0,0.5,4.47,0.0,2.75,38.52,18.9,8,Monday,2024-05-27,2024-05
trip_0000778,2,2024-01-31 07:03:00,2024-01-31 07:42:38,1,9.51,238,80,1,Credit Card,48.98,1.0,0.5,7.35,0.0,2.75,60.58,39.6,7,Wednesday,2024-01-31,2024-01
trip_0000779,1,2024-05-13 09:13:00,2024-05-13 09:31:09,1,4.99,162,236,1,Cash,25.8,1.0,0.5,5.16,0.0,2.75,35.21,18.2,9,Monday,2024-05-13,2024-05
trip_0000780,1,2024-03-31 14:02:00,2024-03-31 14:24:46,1,4.92,231,170,1,Credit Card,27.92,1.0,0.5,5.58,0.0,2.75,37.75,22.8,14,Sunday,2024-03-31,2024-03
trip_0000781,2,2024-01-22 23:13:00,2024-01-22 23:46:27,1,14.3,48,61,1,Credit Card,59.05,1.0,0.5,11.81,0.0,2.75,75.11,33.5,23,Monday,2024-01-22,2024-01
trip_0000782,2,2024-01-01 12:38:00,2024-01-01 12:45:32,1,2.66,237,161,1,Credit Card,14.09,1.0,0.5,2.82,0.0,2.75,21.16,7.5,12,Monday,2024-01-01,2024-01
trip_0000783,2,2024-04-11 08:19:00,2024-04-11 08:27:16,1,2.99,236,256,1,Credit Card,15.36,1.0,0.5,3.07,0.0,2.75,22.68,8.3,8,Thursday,2024-04-11,2024-04
trip_0000784,1,2024-02-26 20:33:00,2024-02-26 20:52:21,1,7.02,161,249,1,Cash,31.98,1.0,0.5,4.8,0.0,2.75,41.03,19.4,20,Monday,2024-02-26,2024-02
trip_0000785,2,2024-02-19 03:16:00,2024-02-19 03:32:49,1,5.89,161,61,1,Credit Card,27.61,1.0,0.5,6.9,0.0,2.75,38.76,16.8,3,Monday,2024-02-19,2024-02
trip_0000786,1,2024-05-23 11:20:00,2024-05-23 11:28:25,6,1.75,79,43,1,Credit Card,12.02,1.0,0.5,2.4,0.0,2.75,18.67,8.4,11,Thursday,2024-05-23,2024-05
trip_0000787,1,2024-05-05 14:12:00,2024-05-05 14:33:56,6,5.26,7,255,1,Credit Card,28.44,1.0,0.5,4.27,0.0,2.75,36.96,21.9,14,Sunday,2024-05-05,2024-05
trip_0000788,1,2024-05-28 14:01:00,2024-05-28 14:15:30,1,6.4,107,230,1,Credit Card,27.86,1.0,0.5,5.57,0.0,2.75,37.68,14.5,14,Tuesday,2024-05-28,2024-05
trip_0000789,2,2024-02-18 14:45:00,2024-02-18 15:00:12,1,5.13,50,238,1,Credit Card,24.71,1.0,0.5,4.94,0.0,2.75,33.9,15.2,14,Sunday,2024-02-18,2024-02
trip_0000790,1,2024-04-10 05:49:00,2024-04-10 05:59:17,1,2.88,50,186,1,Cash,16.07,1.0,0.5,2.41,0.0,2.75,22.73,10.3,5,Wednesday,2024-04-10,2024-04
trip_0000791,1,2024-02-04 18:50:00,2024-02-04 19:11:17,1,5.43,162,237,1,Credit Card,28.58,2.5,0.5,7.14,0.0,2.75,41.47,21.3,18,Sunday,2024-02-04,2024-02
trip_0000792,1,2024-05-28 07:20:00,2024-05-28 07:41:29,1,4.53,163,68,1,Credit Card,26.21,1.0,0.5,5.24,0.0,2.75,35.7,21.5,7,Tuesday,2024-05-28,2024-05
trip_0000793,1,2024-01-15 23:04:00,2024-01-15 23:41:03,1,14.15,141,237,1,Cash,60.44,1.0,0.5,12.09,0.0,2.75,76.78,37.1,23,Monday,2024-01-15,2024-01
trip_0000794,1,2024-02-21 04:30:00,2024-02-21 04:50:56,1,4.45,231,100,1,Credit Card,25.71,1.0,0.5,5.14,0.0,2.75,35.1,20.9,4,Wednesday,2024-02-21,2024-02
trip_0000795,2,2024-01-30 16:29:00,2024-01-30 16:36:57,3,15.25,164,1,1,Credit Card,48.92,2.5,0.5,9.78,0.0,2.75,64.45,8.0,16,Tuesday,2024-01-30,2024-01
trip_0000796,1,2024-04-19 20:51:00,2024-04-19 21:01:23,1,11.84,132,18,2,Credit Card,40.75,1.0,0.5,6.11,6.55,2.75,57.66,10.4,20,Friday,2024-04-19,2024-04
trip_0000797,2,2024-04-13 21:07:00,2024-04-13 21:13:55,1,1.74,236,80,1,Credit Card,11.24,1.0,0.5,1.69,0.0,2.75,17.18,6.9,21,Saturday,2024-04-13,2024-04
trip_0000798,1,2024-01-02 10:01:00,2024-01-02 10:15:52,4,16.97,162,138,2,Cash,57.1,1.0,0.5,8.56,6.55,2.75,76.46,14.9,10,Tuesday,2024-01-02,2024-01
trip_0000799,2,2024-01-16 16:06:00,2024-01-16 16:37:56,1,11.36,256,237,1,Credit Card,50.21,2.5,0.5,7.53,0.0,2.75,63.49,31.9,16,Tuesday,2024-01-16,2024-01
trip_0000800,1,2024-04-18 03:47:00,2024-04-18 04:04:28,1,3.27,164,107,1,Credit Card,20.73,1.0,0.5,3.11,0.0,2.75,28.09,17.5,3,Thursday,2024-04-18,2024-04
trip_0000801,1,2024-05-29 12:49:00,2024-05-29 12:58:10,6,2.27,145,236,1,Credit Card,13.83,1.0,0.5,0.0,0.0,2.75,18.08,9.2,12,Wednesday,2024-05-29,2024-05
trip_0000802,1,2024-02-04 19:58:00,2024-02-04 20:06:26,6,2.13,237,163,1,Credit Card,13.08,2.5,0.5,2.62,0.0,2.75,21.45,8.4,19,Sunday,2024-02-04,2024-02
trip_0000803,1,2024-04-25 06:56:00,2024-04-25 07:12:39,2,6.55,236,142,1,Credit Card,29.34,1.0,0.5,4.4,0.0,2.75,37.99,16.7,6,Thursday,2024-04-25,2024-04
trip_0000804,1,2024-03-02 20:37:00,2024-03-02 20:54:03,1,4.54,238,90,1,Credit Card,24.02,1.0,0.5,4.8,0.0,2.75,33.07,17.1,20,Saturday,2024-03-02,2024-03
trip_0000805,1,2024-01-27 00:42:00,2024-01-27 01:02:29,3,15.04,1,238,1,Credit Card,54.6,1.0,0.5,0.0,0.0,2.75,58.85,20.5,0,Saturday,2024-01-27,2024-01
trip_0000806,2,2024-03-08 17:49:00,2024-03-08 17:58:09,3,1.86,239,33,1,Credit Card,12.69,2.5,0.5,1.9,0.0,2.75,20.34,9.2,17,Friday,2024-03-08,2024-03
trip_0000807,1,2024-06-02 01:49:00,2024-06-02 02:07:20,2,18.3,238,138,2,Credit Card,62.5,1.0,0.5,12.5,6.55,2.75,85.8,18.3,1,Sunday,2024-06-02,2024-06
trip_0000808,1,2024-05-06 09:26:00,2024-05-06 09:33:50,1,3.15,236,161,1,Credit Card,15.59,1.0,0.5,2.34,0.0,2.75,22.18,7.8,9,Monday,2024-05-06,2024-05
trip_0000809,1,2024-03-07 00:58:00,2024-03-07 01:21:19,2,9.59,170,249,1,Credit Card,41.03,1.0,0.5,6.15,0.0,2.75,51.43,23.3,0,Thursday,2024-03-07,2024-03
trip_0000810,2,2024-04-06 07:26:00,2024-04-06 07:44:01,6,11.47,61,138,2,Credit Card,43.56,1.0,0.5,0.0,6.55,2.75,54.36,18.0,7,Saturday,2024-04-06,2024-04
trip_0000811,2,2024-06-19 22:17:00,2024-06-19 22:56:56,1,11.41,33,236,1,Credit Card,54.35,1.0,0.5,10.87,0.0,2.75,69.47,39.9,22,Wednesday,2024-06-19,2024-06
trip_0000812,1,2024-05-12 07:17:00,2024-05-12 07:31:11,2,3.04,140,234,1,Credit Card,18.45,1.0,0.5,2.77,0.0,2.75,25.47,14.2,7,Sunday,2024-05-12,2024-05
trip_0000813,1,2024-06-25 14:51:00,2024-06-25 15:13:51,1,6.49,142,193,1,Credit Card,32.27,1.0,0.5,0.0,0.0,2.75,36.52,22.9,14,Tuesday,2024-06-25,2024-06
trip_0000814,1,2024-02-26 00:21:00,2024-02-26 00:43:42,1,8.64,234,230,1,Credit Card,38.11,1.0,0.5,7.62,0.0,2.75,49.98,22.7,0,Monday,2024-02-26,2024-02
trip_0000815,1,2024-01-18 10:14:00,2024-01-18 10:43:22,1,5.83,163,141,1,Credit Card,33.72,1.0,0.5,0.0,0.0,2.75,37.97,29.4,10,Thursday,2024-01-18,2024-01
trip_0000816,1,2024-05-08 11:57:00,2024-05-08 12:20:09,1,6.68,193,140,1,Credit Card,32.95,1.0,0.5,0.0,0.0,2.75,37.2,23.2,11,Wednesday,2024-05-08,2024-05
trip_0000817,2,2024-02-19 20:11:00,2024-02-19 20:32:56,1,4.92,18,162,1,Credit Card,27.5,1.0,0.5,5.5,0.0,2.75,37.25,21.9,20,Monday,2024-02-19,2024-02
trip_0000818,1,2024-04-15 11:10:00,2024-04-15 11:37:50,1,21.77,143,132,2,Credit Card,76.79,1.0,0.5,15.36,6.55,2.75,102.95,27.8,11,Monday,2024-04-15,2024-04
trip_0000819,2,2024-06-07 11:05:00,2024-06-07 11:26:17,1,7.54,239,256,1,Credit Card,34.38,1.0,0.5,5.16,0.0,2.75,43.79,21.3,11,Friday,2024-06-07,2024-06
trip_0000820,1,2024-04-16 03:46:00,2024-04-16 04:03:16,1,6.4,107,61,1,Credit Card,29.24,1.0,0.5,7.31,0.0,2.75,40.8,17.3,3,Tuesday,2024-04-16,2024-04
trip_0000821,2,2024-05-12 10:24:00,2024-05-12 10:30:24,1,1.34,230,79,1,Cash,9.89,1.0,0.5,1.98,0.0,2.75,16.12,6.4,10,Sunday,2024-05-12,2024-05
trip_0000822,2,2024-02-13 21:48:00,2024-02-13 21:57:51,1,2.76,231,68,1,Credit Card,15.52,1.0,0.5,3.1,0.0,2.75,22.87,9.9,21,Tuesday,2024-02-13,2024-02
trip_0000823,2,2024-03-31 23:59:00,2024-04-01 00:17:09,4,4.67,143,238,1,Credit Card,24.92,1.0,0.5,4.98,0.0,2.75,34.15,18.2,23,Sunday,2024-03-31,2024-03
trip_0000824,1,2024-02-11 07:43:00,2024-02-11 08:00:07,1,17.73,132,90,2,Credit Card,60.32,1.0,0.5,12.06,6.55,2.75,83.18,17.1,7,Sunday,2024-02-11,2024-02
trip_0000825,2,2024-01-26 20:24:00,2024-01-26 20:31:35,1,2.89,80,7,1,Credit Card,14.74,1.0,0.5,2.21,0.0,2.75,21.2,7.6,20,Friday,2024-01-26,2024-01
trip_0000826,1,2024-03-07 14:27:00,2024-03-07 14:57:31,1,7.49,145,231,1,Credit Card,38.86,1.0,0.5,0.0,0.0,2.75,43.11,30.5,14,Thursday,2024-03-07,2024-03
trip_0000827,1,2024-02-02 10:42:00,2024-02-02 11:05:00,5,15.12,79,132,2,Credit Card,56.08,1.0,0.5,14.02,6.55,2.75,80.9,23.0,10,Friday,2024-02-02,2024-02
trip_0000828,2,2024-04-01 19:52:00,2024-04-01 20:06:25,1,4.02,43,145,1,Credit Card,21.27,2.5,0.5,0.0,0.0,2.75,27.02,14.4,19,Monday,2024-04-01,2024-04
trip_0000829,2,2024-05-07 10:34:00,2024-05-07 10:48:29,1,3.84,162,238,1,Credit Card,20.81,1.0,0.5,4.16,0.0,2.75,29.22,14.5,10,Tuesday,2024-05-07,2024-05
trip_0000830,2,2024-05-23 02:14:00,2024-05-23 02:35:34,2,5.33,170,238,1,Credit Card,28.44,1.0,0.5,7.11,0.0,2.75,39.8,21.6,2,Thursday,2024-05-23,2024-05
trip_0000831,2,2024-03-11 18:55:00,2024-03-11 19:11:28,1,4.77,141,239,1,Credit Card,24.36,2.5,0.5,4.87,0.0,2.75,34.98,16.5,18,Monday,2024-03-11,2024-03
trip_0000832,2,2024-03-01 04:58:00,2024-03-01 05:14:08,1,4.45,33,255,1,Credit Card,23.31,1.0,0.5,4.66,0.0,2.75,32.22,16.1,4,Friday,2024-03-01,2024-03
trip_0000833,2,2024-05-13 15:27:00,2024-05-13 15:41:35,1,5.4,50,43,1,Credit Card,25.15,1.0,0.5,0.0,0.0,2.75,29.4,14.6,15,Monday,2024-05-13,2024-05
trip_0000834,1,2024-03-06 06:42:00,2024-03-06 06:59:51,1,4.09,143,193,1,Credit Card,23.18,1.0,0.5,4.64,0.0,2.75,32.07,17.9,6,Wednesday,2024-03-06,2024-03
trip_0000835,2,2024-01-22 15:36:00,2024-01-22 16:01:07,1,5.75,231,161,1,Credit Card,31.37,1.0,0.5,6.27,0.0,2.75,41.89,25.1,15,Monday,2024-01-22,2024-01
trip_0000836,2,2024-02-05 20:57:00,2024-02-05 21:06:48,1,17.61,50,138,2,Credit Card,56.33,1.0,0.5,14.08,6.55,2.75,81.21,9.8,20,Monday,2024-02-05,2024-02
trip_0000837,2,2024-03-14 19:35:00,2024-03-14 20:02:23,1,12.28,163,141,1,Cash,50.46,2.5,0.5,7.57,0.0,2.75,63.78,27.4,19,Thursday,2024-03-14,2024-03
trip_0000838,2,2024-02-17 04:27:00,2024-02-17 04:52:03,2,11.28,43,170,1,Cash,46.55,1.0,0.5,9.31,0.0,2.75,60.11,25.1,4,Saturday,2024-02-17,2024-02
trip_0000839,2,2024-01-15 01:50:00,2024-01-15 02:04:55,1,2.92,142,68,1,Credit Card,18.49,1.0,0.5,2.77,0.0,2.75,25.51,14.9,1,Monday,2024-01-15,2024-01
trip_0000840,2,2024-05-30 06:01:00,2024-05-30 06:20:01,1,3.74,33,7,1,Credit Card,22.8,1.0,0.5,0.0,0.0,2.75,27.05,19.0,6,Thursday,2024-05-30,2024-05
trip_0000841,1,2024-05-23 06:07:00,2024-05-23 06:18:34,1,2.41,100,143,1,Credit Card,15.41,1.0,0.5,0.0,0.0,2.75,19.66,11.6,6,Thursday,2024-05-23,2024-05
trip_0000842,2,2024-01-07 02:03:00,2024-01-07 02:21:06,1,5.82,48,100,1,Credit Card,28.06,1.0,0.5,5.61,0.0,2.75,37.92,18.1,2,Sunday,2024-01-07,2024-01
trip_0000843,2,2024-06-02 03:03:00,2024-06-02 03:18:31,6,20.05,43,132,2,Cash,65.9,1.0,0.5,9.88,6.55,2.75,86.58,15.5,3,Sunday,2024-06-02,2024-06
trip_0000844,1,2024-05-31 14:55:00,2024-05-31 15:13:01,2,3.46,145,236,1,Credit Card,21.52,1.0,0.5,4.3,0.0,2.75,30.07,18.0,14,Friday,2024-05-31,2024-05
trip_0000845,1,2024-06-20 05:32:00,2024-06-20 05:51:28,5,6.55,163,249,1,Credit Card,30.75,1.0,0.5,7.69,0.0,2.75,42.69,19.5,5,Thursday,2024-06-20,2024-06
trip_0000846,1,2024-01-31 08:39:00,2024-01-31 08:56:48,5,3.81,193,236,1,Credit Card,22.38,1.0,0.5,0.0,0.0,2.75,26.63,17.8,8,Wednesday,2024-01-31,2024-01
trip_0000847,1,2024-04-17 19:00:00,2024-04-17 19:12:16,3,2.85,231,255,1,Credit Card,16.98,2.5,0.5,0.0,0.0,2.75,22.73,12.3,19,Wednesday,2024-04-17,2024-04
trip_0000848,2,2024-02-04 14:07:00,2024-02-04 14:22:32,1,17.17,7,132,2,Credit Card,57.99,1.0,0.5,11.6,6.55,2.75,80.39,15.5,14,Sunday,2024-02-04,2024-02
trip_0000849,2,2024-03-29 13:52:00,2024-03-29 14:04:15,1,4.69,68,256,1,Credit Card,22.02,1.0,0.5,4.4,0.0,2.75,30.67,12.3,13,Friday,2024-03-29,2024-03
trip_0000850,2,2024-05-27 20:10:00,2024-05-27 20:26:29,1,3.19,236,50,1,Credit Card,20.02,1.0,0.5,5.0,0.0,2.75,29.27,16.5,20,Monday,2024-05-27,2024-05
trip_0000851,2,2024-06-11 02:45:00,2024-06-11 03:11:32,1,5.54,18,238,1,Cash,31.51,1.0,0.5,7.88,0.0,2.75,43.64,26.5,2,Tuesday,2024-06-11,2024-06
trip_0000852,2,2024-06-13 07:38:00,2024-06-13 08:07:32,2,9.92,237,107,1,Credit Card,45.05,1.0,0.5,6.76,0.0,2.75,56.06,29.5,7,Thursday,2024-06-13,2024-06
trip_0000853,1,2024-06-28 16:29:00,2024-06-28 16:45:43,1,6.39,249,256,1,No Charge,28.93,2.5,0.5,0.0,0.0,2.75,34.68,16.7,16,Friday,2024-06-28,2024-06
trip_0000854,1,2024-06-19 16:22:00,2024-06-19 16:43:01,1,7.9,170,18,1,Credit Card,35.24,2.5,0.5,5.29,0.0,2.75,46.28,21.0,16,Wednesday,2024-06-19,2024-06
trip_0000855,2,2024-03-13 04:00:00,2024-03-13 04:29:29,1,12.18,239,18,1,Credit Card,51.24,1.0,0.5,10.25,0.0,2.75,65.74,29.5,4,Wednesday,2024-03-13,2024-03
trip_0000856,1,2024-05-07 23:37:00,2024-05-07 23:51:19,2,3.67,141,79,1,Credit Card,20.26,1.0,0.5,4.05,0.0,2.75,28.56,14.3,23,Tuesday,2024-05-07,2024-05
trip_0000857,2,2024-02-10 09:23:00,2024-02-10 09:40:15,1,3.11,142,239,1,Credit Card,20.18,1.0,0.5,3.03,0.0,2.75,27.46,17.3,9,Saturday,2024-02-10,2024-02
trip_0000858,2,2024-04-27 01:54:00,2024-04-27 02:26:30,2,8.71,100,170,1,Credit Card,43.2,1.0,0.5,10.8,0.0,2.75,58.25,32.5,1,Saturday,2024-04-27,2024-04
trip_0000859,1,2024-03-20 06:55:00,2024-03-20 07:04:35,2,10.77,1,100,1,Cash,37.41,1.0,0.5,7.48,0.0,2.75,49.14,9.6,6,Wednesday,2024-03-20,2024-03
trip_0000860,1,2024-04-20 22:34:00,2024-04-20 22:49:31,3,4.78,162,50,1,Credit Card,23.91,1.0,0.5,3.59,0.0,2.75,31.75,15.5,22,Saturday,2024-04-20,2024-04
trip_0000861,1,2024-04-11 01:36:00,2024-04-11 01:50:49,1,5.02,170,90,1,Credit Card,24.22,1.0,0.5,4.84,0.0,2.75,33.31,14.8,1,Thursday,2024-04-11,2024-04
trip_0000862,2,2024-05-05 09:17:00,2024-05-05 09:37:55,2,5.72,100,141,1,Credit Card,29.19,1.0,0.5,5.84,0.0,2.75,39.28,20.9,9,Sunday,2024-05-05,2024-05
trip_0000863,2,2024-05-31 13:15:00,2024-05-31 13:25:52,1,4.83,256,68,1,Credit Card,21.72,1.0,0.5,3.26,0.0,2.75,29.23,10.9,13,Friday,2024-05-31,2024-05
trip_0000864,1,2024-06-01 09:03:00,2024-06-01 09:12:28,1,3.39,141,43,1,Credit Card,17.06,1.0,0.5,3.41,0.0,2.75,24.72,9.5,9,Saturday,2024-06-01,2024-06
trip_0000865,2,2024-05-05 20:45:00,2024-05-05 21:05:22,1,6.82,237,142,1,Credit Card,31.94,1.0,0.5,0.0,0.0,2.75,36.19,20.4,20,Sunday,2024-05-05,2024-05
trip_0000866,2,2024-04-06 07:32:00,2024-04-06 07:47:02,1,6.68,43,48,1,Credit Card,28.89,1.0,0.5,7.22,0.0,2.75,40.36,15.0,7,Saturday,2024-04-06,2024-04
trip_0000867,2,2024-05-11 13:02:00,2024-05-11 13:19:56,1,4.37,143,33,1,Credit Card,23.99,1.0,0.5,3.6,0.0,2.75,31.84,17.9,13,Saturday,2024-05-11,2024-05
trip_0000868,2,2024-06-08 18:46:00,2024-06-08 19:02:07,1,3.45,90,43,1,Credit Card,20.55,2.5,0.5,3.08,0.0,2.75,29.38,16.1,18,Saturday,2024-06-08,2024-06
trip_0000869,1,2024-02-04 15:48:00,2024-02-04 15:59:51,2,14.99,1,238,1,Credit Card,50.15,1.0,0.5,12.54,0.0,2.75,66.94,11.9,15,Sunday,2024-02-04,2024-02
trip_0000870,2,2024-05-03 15:55:00,2024-05-03 16:12:34,1,4.78,230,186,1,Credit Card,24.93,1.0,0.5,3.74,0.0,2.75,32.92,17.6,15,Friday,2024-05-03,2024-05
trip_0000871,1,2024-02-23 22:22:00,2024-02-23 22:27:42,1,2.52,234,238,1,Credit Card,12.79,1.0,0.5,3.2,0.0,2.75,20.24,5.7,22,Friday,2024-02-23,2024-02
trip_0000872,2,2024-02-15 14:31:00,2024-02-15 14:47:57,1,5.76,140,142,1,Credit Card,27.32,1.0,0.5,4.1,0.0,2.75,35.67,17.0,14,Thursday,2024-02-15,2024-02
trip_0000873,2,2024-03-31 14:50:00,2024-03-31 15:47:55,1,10.71,170,141,1,Credit Card,61.41,1.0,0.5,15.35,0.0,2.75,81.01,57.9,14,Sunday,2024-03-31,2024-03
trip_0000874,1,2024-04-22 10:03:00,2024-04-22 10:29:43,1,5.08,162,80,1,Credit Card,30.33,1.0,0.5,6.07,0.0,2.75,40.65,26.7,10,Monday,2024-04-22,2024-04
trip_0000875,2,2024-06-01 04:47:00,2024-06-01 05:10:34,1,17.0,48,138,2,Cash,61.53,1.0,0.5,9.23,6.55,2.75,81.56,23.6,4,Saturday,2024-06-01,2024-06
trip_0000876,1,2024-05-26 09:56:00,2024-05-26 10:08:22,4,3.25,256,33,1,Credit Card,18.13,1.0,0.5,3.63,0.0,2.75,26.01,12.4,9,Sunday,2024-05-26,2024-05
trip_0000877,2,2024-03-29 10:54:00,2024-03-29 11:14:16,1,4.96,186,231,1,Credit Card,26.78,1.0,0.5,5.36,0.0,2.75,36.39,20.3,10,Friday,2024-03-29,2024-03
trip_0000878,1,2024-02-05 21:40:00,2024-02-05 22:01:09,1,8.03,145,33,1,Credit Card,35.66,1.0,0.5,7.13,0.0,2.75,47.04,21.2,21,Monday,2024-02-05,2024-02
trip_0000879,2,2024-02-13 14:41:00,2024-02-13 15:07:49,1,17.86,138,170,2,Credit Card,65.53,1.0,0.5,13.11,6.55,2.75,89.44,26.8,14,Tuesday,2024-02-13,2024-02
trip_0000880,1,2024-04-18 17:53:00,2024-04-18 18:02:17,1,3.21,238,238,1,Credit Card,16.47,2.5,0.5,4.12,0.0,2.75,26.34,9.3,17,Thursday,2024-04-18,2024-04
trip_0000881,2,2024-01-02 09:34:00,2024-01-02 10:07:58,1,6.26,230,193,1,Cash,37.2,1.0,0.5,5.58,0.0,2.75,47.03,34.0,9,Tuesday,2024-01-02,2024-01
trip_0000882,1,2024-01-03 20:53:00,2024-01-03 21:02:21,5,3.97,236,163,1,Credit Card,18.6,1.0,0.5,2.79,0.0,2.75,25.64,9.4,20,Wednesday,2024-01-03,2024-01
trip_0000883,1,2024-03-21 22:05:00,2024-03-21 22:16:47,5,4.08,142,164,1,Credit Card,20.12,1.0,0.5,5.03,0.0,2.75,29.4,11.8,22,Thursday,2024-03-21,2024-03
trip_0000884,1,2024-04-12 21:30:00,2024-04-12 21:55:34,1,8.78,162,236,1,Credit Card,39.93,1.0,0.5,0.0,0.0,2.75,44.18,25.6,21,Friday,2024-04-12,2024-04
trip_0000885,2,2024-02-23 06:28:00,2024-02-23 07:13:49,1,11.55,239,163,1,Credit Card,57.68,1.0,0.5,0.0,0.0,2.75,61.93,45.8,6,Friday,2024-02-23,2024-02
trip_0000886,1,2024-02-15 11:02:00,2024-02-15 11:20:56,2,6.27,18,90,1,Cash,29.72,1.0,0.5,7.43,0.0,2.75,41.4,18.9,11,Thursday,2024-02-15,2024-02
trip_0000887,1,2024-04-14 22:56:00,2024-04-14 23:09:50,1,12.08,231,132,2,Credit Card,43.14,1.0,0.5,0.0,6.55,2.75,53.94,13.8,22,Sunday,2024-04-14,2024-04
trip_0000888,2,2024-05-15 19:43:00,2024-05-15 20:08:44,1,5.66,43,80,1,Credit Card,31.44,2.5,0.5,6.29,0.0,2.75,43.48,25.7,19,Wednesday,2024-05-15,2024-05
trip_0000889,1,2024-02-12 16:19:00,2024-02-12 16:37:44,1,16.3,164,1,1,Credit Card,57.2,2.5,0.5,8.58,0.0,2.75,71.53,18.7,16,Monday,2024-02-12,2024-02
trip_0000890,1,2024-05-27 16:50:00,2024-05-27 17:08:52,1,4.62,255,141,1,Credit Card,25.15,2.5,0.5,5.03,0.0,2.75,35.93,18.9,16,Monday,2024-05-27,2024-05
trip_0000891,1,2024-03-31 19:59:00,2024-03-31 20:16:54,1,5.64,90,107,1,Credit Card,27.46,2.5,0.5,0.0,0.0,2.75,33.21,17.9,19,Sunday,2024-03-31,2024-03
trip_0000892,1,2024-04-04 04:10:00,2024-04-04 04:24:16,1,4.52,142,33,1,Credit Card,22.57,1.0,0.5,3.39,0.0,2.75,30.21,14.3,4,Thursday,2024-04-04,2024-04
trip_0000893,2,2024-06-14 09:33:00,2024-06-14 09:48:56,1,3.66,143,79,1,Credit Card,21.04,1.0,0.5,4.21,0.0,2.75,29.5,15.9,9,Friday,2024-06-14,2024-06
trip_0000894,1,2024-06-03 20:52:00,2024-06-03 21:10:02,2,21.67,1,80,1,Credit Card,71.61,1.0,0.5,0.0,0.0,2.75,75.86,18.0,20,Monday,2024-06-03,2024-06
trip_0000895,1,2024-06-19 17:54:00,2024-06-19 18:17:26,5,4.72,43,164,1,Credit Card,27.7,2.5,0.5,4.15,0.0,2.75,37.6,23.4,17,Wednesday,2024-06-19,2024-06
trip_0000896,1,2024-05-06 03:17:00,2024-05-06 03:33:16,1,17.21,48,132,2,Credit Card,58.46,1.0,0.5,11.69,6.55,2.75,80.95,16.3,3,Monday,2024-05-06,2024-05
trip_0000897,2,2024-01-16 09:39:00,2024-01-16 09:52:27,1,19.15,132,33,2,Credit Card,62.39,1.0,0.5,12.48,6.55,2.75,85.67,13.5,9,Tuesday,2024-01-16,2024-01
trip_0000898,2,2024-03-21 18:25:00,2024-03-21 18:40:47,3,5.12,256,18,1,Credit Card,24.98,2.5,0.5,3.75,0.0,2.75,34.48,15.8,18,Thursday,2024-03-21,2024-03
trip_0000899,1,2024-02-21 16:51:00,2024-02-21 17:02:07,1,3.24,79,68,1,Credit Card,17.48,2.5,0.5,3.5,0.0,2.75,26.73,11.1,16,Wednesday,2024-02-21,2024-02
trip_0000900,1,2024-01-22 13:04:00,2024-01-22 13:27:08,1,7.74,90,33,1,Credit Card,35.86,1.0,0.5,0.0,0.0,2.75,40.11,23.1,13,Monday,2024-01-22,2024-01
trip_0000901,2,2024-05-12 19:58:00,2024-05-12 20:19:01,1,4.8,107,143,1,Credit Card,26.71,2.5,0.5,4.01,0.0,2.75,36.47,21.0,19,Sunday,2024-05-12,2024-05
trip_0000902,2,2024-06-16 21:17:00,2024-06-16 21:22:22,1,19.83,138,256,2,Credit Card,60.22,1.0,0.5,12.04,6.55,2.75,83.06,5.4,21,Sunday,2024-06-16,2024-06
trip_0000903,1,2024-06-07 12:22:00,2024-06-07 12:31:02,1,3.27,237,43,1,Credit Card,16.51,1.0,0.5,0.0,0.0,2.75,20.76,9.0,12,Friday,2024-06-07,2024-06
trip_0000904,2,2024-01-28 13:40:00,2024-01-28 13:50:40,1,4.11,80,164,1,No Charge,19.64,1.0,0.5,3.93,0.0,2.75,27.82,10.7,13,Sunday,2024-01-28,2024-01
trip_0000905,1,2024-01-05 09:00:00,2024-01-05 09:07:04,1,13.36,43,1,1,Credit Card,43.28,1.0,0.5,8.66,0.0,2.75,56.19,7.1,9,Friday,2024-01-05,2024-01
trip_0000906,2,2024-04-25 16:08:00,2024-04-25 16:40:48,1,10.04,162,90,1,Credit Card,47.01,2.5,0.5,0.0,0.0,2.75,52.76,32.8,16,Thursday,2024-04-25,2024-04
trip_0000907,2,2024-04-16 19:52:00,2024-04-16 20:02:27,1,3.64,249,186,1,Credit Card,18.24,2.5,0.5,2.74,0.0,2.75,26.73,10.5,19,Tuesday,2024-04-16,2024-04
trip_0000908,2,2024-05-08 00:41:00,2024-05-08 00:52:55,1,3.41,161,164,1,No Charge,18.34,1.0,0.5,3.67,0.0,2.75,26.26,11.9,0,Wednesday,2024-05-08,2024-05
trip_0000909,2,2024-03-27 12:40:00,2024-03-27 12:57:00,1,15.92,132,255,2,Credit Card,55.28,1.0,0.5,8.29,6.55,2.75,74.37,17.0,12,Wednesday,2024-03-27,2024-03
trip_0000910,1,2024-01-08 10:01:00,2024-01-08 10:18:37,3,6.13,164,141,1,Credit Card,28.67,1.0,0.5,4.3,0.0,2.75,37.22,17.6,10,Monday,2024-01-08,2024-01
trip_0000911,1,2024-02-01 19:44:00,2024-02-01 19:57:52,1,4.52,238,164,1,Cash,22.37,2.5,0.5,0.0,0.0,2.75,28.12,13.9,19,Thursday,2024-02-01,2024-02
trip_0000912,2,2024-03-11 18:06:00,2024-03-11 18:29:32,1,5.14,162,48,1,Credit Card,28.91,2.5,0.5,5.78,0.0,2.75,40.44,23.5,18,Monday,2024-03-11,2024-03
trip_0000913,2,2024-03-12 19:43:00,2024-03-12 19:53:59,1,3.51,162,161,1,Credit Card,18.14,2.5,0.5,3.63,0.0,2.75,27.52,11.0,19,Tuesday,2024-03-12,2024-03
trip_0000914,2,2024-03-19 14:26:00,2024-03-19 14:47:56,2,4.03,100,256,1,Credit Card,25.05,1.0,0.5,0.0,0.0,2.75,29.3,21.9,14,Tuesday,2024-03-19,2024-03
trip_0000915,1,2024-06-25 23:23:00,2024-06-25 23:42:02,2,8.26,142,7,1,Credit Card,35.24,1.0,0.5,0.0,0.0,2.75,39.49,19.0,23,Tuesday,2024-06-25,2024-06
trip_0000916,1,2024-03-04 02:22:00,2024-03-04 02:47:21,1,9.86,255,236,1,Credit Card,42.8,1.0,0.5,6.42,0.0,2.75,53.47,25.4,2,Monday,2024-03-04,2024-03
trip_0000917,2,2024-02-03 12:52:00,2024-02-03 13:05:21,2,5.71,236,163,1,Cash,25.38,1.0,0.5,3.81,0.0,2.75,33.44,13.4,12,Saturday,2024-02-03,2024-02
trip_0000918,1,2024-06-11 22:00:00,2024-06-11 22:17:19,1,4.23,142,79,1,Credit Card,23.29,1.0,0.5,0.0,0.0,2.75,27.54,17.3,22,Tuesday,2024-06-11,2024-06
trip_0000919,2,2024-02-29 11:01:00,2024-02-29 11:27:04,1,18.57,132,79,2,Credit Card,67.1,1.0,0.5,10.06,6.55,2.75,87.96,26.1,11,Thursday,2024-02-29,2024-02
trip_0000920,1,2024-01-26 01:55:00,2024-01-26 02:30:52,1,18.0,140,132,2,Credit Card,70.43,1.0,0.5,14.09,6.55,2.75,95.32,35.9,1,Friday,2024-01-26,2024-01
trip_0000921,2,2024-05-25 04:39:00,2024-05-25 04:47:25,1,1.92,7,50,1,Credit Card,12.49,1.0,0.5,2.5,0.0,2.75,19.24,8.4,4,Saturday,2024-05-25,2024-05
trip_0000922,1,2024-04-10 20:08:00,2024-04-10 20:32:30,1,6.58,50,68,1,Credit Card,33.35,1.0,0.5,0.0,0.0,2.75,37.6,24.5,20,Wednesday,2024-04-10,2024-04
trip_0000923,1,2024-04-06 14:09:00,2024-04-06 14:41:05,1,5.86,33,230,1,Credit Card,35.16,1.0,0.5,5.27,0.0,2.75,44.68,32.1,14,Saturday,2024-04-06,2024-04
trip_0000924,2,2024-02-20 03:35:00,2024-02-20 03:44:12,1,2.63,61,230,1,Cash,14.84,1.0,0.5,2.97,0.0,2.75,22.06,9.2,3,Tuesday,2024-02-20,2024-02
trip_0000925,1,2024-01-18 16:11:00,2024-01-18 16:30:12,1,8.18,48,249,1,Credit Card,35.1,2.5,0.5,5.26,0.0,2.75,46.11,19.2,16,Thursday,2024-01-18,2024-01
trip_0000926,2,2024-03-21 08:09:00,2024-03-21 08:18:37,1,2.33,141,239,1,Credit Card,14.22,1.0,0.5,2.84,0.0,2.75,21.31,9.6,8,Thursday,2024-03-21,2024-03
trip_0000927,2,2024-06-09 21:09:00,2024-06-09 21:22:13,1,3.97,186,79,1,Credit Card,20.53,1.0,0.5,5.13,0.0,2.75,29.91,13.2,21,Sunday,2024-06-09,2024-06
trip_0000928,1,2024-03-19 23:59:00,2024-03-20 00:43:01,1,12.77,140,80,1,Credit Card,60.13,1.0,0.5,12.03,0.0,2.75,76.41,44.0,23,Tuesday,2024-03-19,2024-03
trip_0000929,2,2024-02-16 00:38:00,2024-02-16 00:47:18,2,3.17,107,43,1,Credit Card,16.37,1.0,0.5,3.27,0.0,2.75,23.89,9.3,0,Friday,2024-02-16,2024-02
trip_0000930,2,2024-06-21 05:56:00,2024-06-21 06:13:17,2,3.15,249,237,1,Credit Card,20.31,1.0,0.5,3.05,0.0,2.75,27.61,17.3,5,Friday,2024-06-21,2024-06
trip_0000931,1,2024-05-31 15:22:00,2024-05-31 15:38:31,1,3.5,256,68,1,Credit Card,20.89,1.0,0.5,0.0,0.0,2.75,25.14,16.5,15,Friday,2024-05-31,2024-05
trip_0000932,2,2024-02-27 14:18:00,2024-02-27 14:30:11,1,5.39,163,162,1,Credit Card,23.92,1.0,0.5,4.78,0.0,2.75,32.95,12.2,14,Tuesday,2024-02-27,2024-02
trip_0000933,2,2024-03-23 05:08:00,2024-03-23 05:22:48,1,3.05,7,255,1,Credit Card,18.79,1.0,0.5,2.82,0.0,2.75,25.86,14.8,5,Saturday,2024-03-23,2024-03
trip_0000934,1,2024-02-18 21:01:00,2024-02-18 21:13:46,5,2.47,100,236,1,Credit Card,16.18,1.0,0.5,2.43,0.0,2.75,22.86,12.8,21,Sunday,2024-02-18,2024-02
trip_0000935,2,2024-05-23 03:59:00,2024-05-23 04:04:21,3,2.33,33,43,1,Cash,12.09,1.0,0.5,2.42,0.0,2.75,18.76,5.4,3,Thursday,2024-05-23,2024-05
trip_0000936,2,2024-05-02 11:57:00,2024-05-02 12:06:48,1,4.38,143,107,1,Credit Card,19.95,1.0,0.5,3.99,0.0,2.75,28.19,9.8,11,Thursday,2024-05-02,2024-05
trip_0000937,2,2024-04-23 02:15:00,2024-04-23 02:38:24,1,4.38,100,50,1,Credit Card,26.75,1.0,0.5,4.01,0.0,2.75,35.01,23.4,2,Tuesday,2024-04-23,2024-04
trip_0000938,2,2024-02-18 08:59:00,2024-02-18 09:16:10,2,3.61,249,80,1,Credit Card,21.51,1.0,0.5,0.0,0.0,2.75,25.76,17.2,8,Sunday,2024-02-18,2024-02
trip_0000939,2,2024-05-07 06:58:00,2024-05-07 07:19:20,1,7.9,61,79,1,Credit Card,35.4,1.0,0.5,7.08,0.0,2.75,46.73,21.3,6,Tuesday,2024-05-07,2024-05
trip_0000940,1,2024-06-13 10:45:00,2024-06-13 11:05:06,1,4.51,141,231,1,Cash,25.46,1.0,0.5,3.82,0.0,2.75,33.53,20.1,10,Thursday,2024-06-13,2024-06
trip_0000941,1,2024-01-24 14:25:00,2024-01-24 14:33:56,2,1.67,143,107,1,Credit Card,12.06,1.0,0.5,3.02,0.0,2.75,19.33,8.9,14,Wednesday,2024-01-24,2024-01
trip_0000942,1,2024-01-05 14:41:00,2024-01-05 14:56:23,1,5.97,80,100,1,Credit Card,27.12,1.0,0.5,4.07,0.0,2.75,35.44,15.4,14,Friday,2024-01-05,2024-01
trip_0000943,2,2024-04-29 07:31:00,2024-04-29 07:49:22,1,3.86,18,256,1,Credit Card,22.8,1.0,0.5,0.0,0.0,2.75,27.05,18.4,7,Monday,2024-04-29,2024-04
trip_0000944,2,2024-02-19 07:59:00,2024-02-19 08:15:01,1,5.1,142,143,1,Credit Card,25.04,1.0,0.5,5.01,0.0,2.75,34.3,16.0,7,Monday,2024-02-19,2024-02
trip_0000945,1,2024-06-07 20:02:00,2024-06-07 20:20:47,1,5.74,43,234,1,Cash,28.18,1.0,0.5,4.23,0.0,2.75,36.66,18.8,20,Friday,2024-06-07,2024-06
trip_0000946,1,2024-04-08 12:48:00,2024-04-08 13:08:44,1,4.09,43,100,1,Cash,24.62,1.0,0.5,6.16,0.0,2.75,35.03,20.7,12,Monday,2024-04-08,2024-04
trip_0000947,1,2024-05-04 06:03:00,2024-05-04 06:11:43,1,1.62,100,162,1,Credit Card,11.81,1.0,0.5,2.95,0.0,2.75,19.01,8.7,6,Saturday,2024-05-04,2024-05
trip_0000948,2,2024-03-16 02:25:00,2024-03-16 02:37:05,1,3.67,68,61,1,Credit Card,19.14,1.0,0.5,0.0,0.0,2.75,23.39,12.1,2,Saturday,2024-03-16,2024-03
trip_0000949,2,2024-01-25 01:51:00,2024-01-25 02:13:38,5,6.28,170,170,1,Credit Card,31.59,1.0,0.5,4.74,0.0,2.75,40.58,22.6,1,Thursday,2024-01-25,2024-01
trip_0000950,2,2024-04-15 11:51:00,2024-04-15 12:00:03,6,13.99,138,193,2,Credit Card,46.0,1.0,0.5,6.9,6.55,2.75,63.7,9.1,11,Monday,2024-04-15,2024-04
trip_0000951,1,2024-05-15 01:31:00,2024-05-15 01:39:06,1,3.43,142,193,1,Credit Card,16.48,1.0,0.5,2.47,0.0,2.75,23.2,8.1,1,Wednesday,2024-05-15,2024-05
trip_0000952,2,2024-01-08 15:29:00,2024-01-08 15:40:25,1,14.29,80,138,2,Cash,48.01,1.0,0.5,9.6,6.55,2.75,68.41,11.4,15,Monday,2024-01-08,2024-01
trip_0000953,1,2024-04-15 07:00:00,2024-04-15 07:18:37,2,3.87,141,230,1,Credit Card,22.95,1.0,0.5,0.0,0.0,2.75,27.2,18.6,7,Monday,2024-04-15,2024-04
trip_0000954,2,2024-05-30 12:46:00,2024-05-30 12:56:10,4,2.6,33,143,1,Credit Card,15.23,1.0,0.5,3.05,0.0,2.75,22.53,10.2,12,Thursday,2024-05-30,2024-05
trip_0000955,2,2024-03-24 11:21:00,2024-03-24 11:26:34,1,1.81,249,50,1,Credit Card,10.77,1.0,0.5,1.62,0.0,2.75,16.64,5.6,11,Sunday,2024-03-24,2024-03
trip_0000956,2,2024-02-17 19:38:00,2024-02-17 19:44:01,1,2.11,237,143,1,Credit Card,11.81,2.5,0.5,2.95,0.0,2.75,20.51,6.0,19,Saturday,2024-02-17,2024-02
trip_0000957,2,2024-04-02 11:23:00,2024-04-02 11:41:08,1,18.32,140,1,1,Credit Card,62.45,1.0,0.5,12.49,0.0,2.75,79.19,18.1,11,Tuesday,2024-04-02,2024-04
trip_0000958,1,2024-01-12 11:46:00,2024-01-12 11:58:09,1,11.79,1,48,1,Credit Card,41.5,1.0,0.5,6.22,0.0,2.75,51.97,12.2,11,Friday,2024-01-12,2024-01
trip_0000959,2,2024-01-26 13:30:00,2024-01-26 13:42:59,1,2.47,141,231,1,Cash,16.28,1.0,0.5,3.26,0.0,2.75,23.79,13.0,13,Friday,2024-01-26,2024-01
trip_0000960,1,2024-03-28 21:15:00,2024-03-28 21:33:34,1,17.05,18,1,1,Credit Card,59.18,1.0,0.5,0.0,0.0,2.75,63.43,18.6,21,Thursday,2024-03-28,2024-03
trip_0000961,1,2024-01-02 23:15:00,2024-01-02 23:24:15,2,2.94,142,255,1,Credit Card,15.71,1.0,0.5,3.14,0.0,2.75,23.1,9.3,23,Tuesday,2024-01-02,2024-01
trip_0000962,2,2024-03-02 03:51:00,2024-03-02 04:05:16,2,12.7,1,239,1,Credit Card,45.07,1.0,0.5,0.0,0.0,2.75,49.32,14.3,3,Saturday,2024-03-02,2024-03
trip_0000963,2,2024-03-29 16:59:00,2024-03-29 17:15:19,4,11.82,1,48,1,Credit Card,43.67,2.5,0.5,8.73,0.0,2.75,58.15,16.3,16,Friday,2024-03-29,2024-03
trip_0000964,2,2024-01-04 03:26:00,2024-01-04 03:49:44,1,9.65,162,100,1,Credit Card,41.41,1.0,0.5,6.21,0.0,2.75,51.87,23.7,3,Thursday,2024-01-04,2024-01
trip_0000965,1,2024-06-08 13:29:00,2024-06-08 13:37:14,1,3.65,163,7,1,Credit Card,17.16,1.0,0.5,4.29,0.0,2.75,25.7,8.2,13,Saturday,2024-06-08,2024-06
trip_0000966,1,2024-04-05 23:02:00,2024-04-05 23:28:40,2,6.4,238,100,1,Credit Card,33.93,1.0,0.5,6.79,0.0,2.75,44.97,26.7,23,Friday,2024-04-05,2024-04
trip_0000967,2,2024-02-29 09:52:00,2024-02-29 10:03:56,2,4.23,162,33,1,Credit Card,20.61,1.0,0.5,5.15,0.0,2.75,30.01,11.9,9,Thursday,2024-02-29,2024-02
trip_0000968,2,2024-04-21 13:47:00,2024-04-21 14:25:34,1,12.49,231,161,1,Credit Card,56.64,1.0,0.5,11.33,0.0,2.75,72.22,38.6,13,Sunday,2024-04-21,2024-04
trip_0000969,2,2024-03-04 18:50:00,2024-03-04 19:00:04,1,4.39,145,141,1,Credit Card,20.11,2.5,0.5,4.02,0.0,2.75,29.88,10.1,18,Monday,2024-03-04,2024-03
trip_0000970,1,2024-06-28 02:56:00,2024-06-28 03:16:49,1,6.94,80,237,1,Credit Card,32.49,1.0,0.5,6.5,0.0,2.75,43.24,20.8,2,Friday,2024-06-28,2024-06
trip_0000971,1,2024-03-18 14:14:00,2024-03-18 14:30:51,5,6.59,90,249,1,Credit Card,29.55,1.0,0.5,0.0,0.0,2.75,33.8,16.9,14,Monday,2024-03-18,2024-03
trip_0000972,2,2024-04-02 21:32:00,2024-04-02 21:48:58,1,3.52,48,140,1,Credit Card,21.16,1.0,0.5,0.0,0.0,2.75,25.41,17.0,21,Tuesday,2024-04-02,2024-04
trip_0000973,2,2024-04-11 08:01:00,2024-04-11 08:20:04,1,18.7,256,138,2,Credit Card,63.96,1.0,0.5,12.79,6.55,2.75,87.55,19.1,8,Thursday,2024-04-11,2024-04
trip_0000974,2,2024-04-20 08:27:00,2024-04-20 08:36:13,2,16.94,132,18,2,Cash,54.2,1.0,0.5,10.84,6.55,2.75,75.84,9.2,8,Saturday,2024-04-20,2024-04
trip_0000975,1,2024-05-05 21:16:00,2024-05-05 21:26:54,2,4.49,48,164,1,Credit Card,20.8,1.0,0.5,0.0,0.0,2.75,25.05,10.9,21,Sunday,2024-05-05,2024-05
trip_0000976,2,2024-05-18 07:09:00,2024-05-18 07:27:41,1,3.91,256,143,1,Credit Card,23.1,1.0,0.5,3.47,0.0,2.75,30.82,18.7,7,Saturday,2024-05-18,2024-05
trip_0000977,1,2024-06-21 16:01:00,2024-06-21 16:11:08,1,2.5,145,141,1,Credit Card,14.95,2.5,0.5,3.74,0.0,2.75,24.44,10.1,16,Friday,2024-06-21,2024-06
trip_0000978,2,2024-02-06 19:56:00,2024-02-06 20:09:37,1,5.37,33,249,1,Credit Card,24.58,2.5,0.5,4.92,0.0,2.75,35.25,13.6,19,Tuesday,2024-02-06,2024-02
trip_0000979,2,2024-02-03 01:27:00,2024-02-03 01:40:49,1,3.43,161,236,1,Credit Card,19.35,1.0,0.5,3.87,0.0,2.75,27.47,13.8,1,Saturday,2024-02-03,2024-02
trip_0000980,2,2024-03-25 16:01:00,2024-03-25 16:22:38,1,6.54,237,162,1,Credit Card,31.81,2.5,0.5,4.77,0.0,2.75,42.33,21.6,16,Monday,2024-03-25,2024-03
trip_0000981,2,2024-01-28 09:47:00,2024-01-28 09:54:36,1,2.02,7,161,1,Credit Card,12.36,1.0,0.5,0.0,0.0,2.75,16.61,7.6,9,Sunday,2024-01-28,2024-01
trip_0000982,1,2024-06-27 22:15:00,2024-06-27 22:35:46,1,4.27,238,230,1,Cash,25.13,1.0,0.5,6.28,0.0,2.75,35.66,20.8,22,Thursday,2024-06-27,2024-06
trip_0000983,1,2024-06-06 02:20:00,2024-06-06 02:43:25,1,10.4,236,230,1,Credit Card,43.31,1.0,0.5,8.66,0.0,2.75,56.22,23.4,2,Thursday,2024-06-06,2024-06
trip_0000984,2,2024-02-17 04:28:00,2024-02-17 04:39:54,1,18.55,138,234,2,Credit Card,59.97,1.0,0.5,11.99,6.55,2.75,82.76,11.9,4,Saturday,2024-02-17,2024-02
trip_0000985,1,2024-02-28 14:40:00,2024-02-28 15:01:14,1,4.7,161,162,1,Credit Card,26.54,1.0,0.5,6.64,0.0,2.75,37.43,21.2,14,Wednesday,2024-02-28,2024-02
trip_0000986,2,2024-04-26 11:18:00,2024-04-26 11:44:46,1,8.66,237,238,1,Credit Card,40.2,1.0,0.5,8.04,0.0,2.75,52.49,26.8,11,Friday,2024-04-26,2024-04
trip_0000987,1,2024-04-01 15:31:00,2024-04-01 15:43:53,1,3.88,48,79,1,Cash,20.12,1.0,0.5,4.02,0.0,2.75,28.39,12.9,15,Monday,2024-04-01,2024-04
trip_0000988,2,2024-05-05 05:44:00,2024-05-05 06:00:22,1,4.7,61,230,1,Credit Card,24.11,1.0,0.5,0.0,0.0,2.75,28.36,16.4,5,Sunday,2024-05-05,2024-05
trip_0000989,2,2024-05-19 11:07:00,2024-05-19 11:19:58,1,5.04,193,50,1,Credit Card,23.35,1.0,0.5,3.5,0.0,2.75,31.1,13.0,11,Sunday,2024-05-19,2024-05
trip_0000990,1,2024-03-22 07:29:00,2024-03-22 07:41:48,1,3.3,163,33,1,Credit Card,18.48,1.0,0.5,3.7,0.0,2.75,26.43,12.8,7,Friday,2024-03-22,2024-03
trip_0000991,2,2024-05-18 12:09:00,2024-05-18 12:24:44,6,13.83,68,138,2,Credit Card,48.91,1.0,0.5,0.0,6.55,2.75,59.71,15.7,12,Saturday,2024-05-18,2024-05
trip_0000992,2,2024-04-16 20:56:00,2024-04-16 21:10:14,1,3.74,231,193,1,Credit Card,20.41,1.0,0.5,3.06,0.0,2.75,27.72,14.2,20,Tuesday,2024-04-16,2024-04
trip_0000993,2,2024-01-10 19:24:00,2024-01-10 19:37:08,1,3.95,140,79,1,Credit Card,20.44,2.5,0.5,0.0,0.0,2.75,26.19,13.1,19,Wednesday,2024-01-10,2024-01
trip_0000994,1,2024-05-28 18:45:00,2024-05-28 18:54:43,1,3.85,170,61,1,Credit Card,18.45,2.5,0.5,2.77,0.0,2.75,26.97,9.7,18,Tuesday,2024-05-28,2024-05
trip_0000995,1,2024-03-29 17:42:00,2024-03-29 17:58:18,2,6.74,234,256,1,Credit Card,29.69,2.5,0.5,4.45,0.0,2.75,39.89,16.3,17,Friday,2024-03-29,2024-03
trip_0000996,1,2024-05-12 09:45:00,2024-05-12 09:59:04,2,2.68,61,141,1,Credit Card,17.41,1.0,0.5,0.0,0.0,2.75,21.66,14.1,9,Sunday,2024-05-12,2024-05
trip_0000997,1,2024-05-24 18:57:00,2024-05-24 19:13:34,3,4.51,68,33,1,Credit Card,23.69,2.5,0.5,0.0,0.0,2.75,29.44,16.6,18,Friday,2024-05-24,2024-05
trip_0000998,1,2024-01-17 01:36:00,2024-01-17 01:50:40,1,18.74,163,132,2,Credit Card,61.87,1.0,0.5,0.0,6.55,2.75,72.67,14.7,1,Wednesday,2024-01-17,2024-01
trip_0000999,1,2024-03-21 16:35:00,2024-03-21 16:59:07,1,8.97,164,68,1,Cash,39.73,2.5,0.5,7.95,0.0,2.75,53.43,24.1,16,Thursday,2024-03-21,2024-03
trip_0001000,1,2024-03-29 14:29:00,2024-03-29 14:36:46,1,2.97,163,238,1,Credit Card,15.06,1.0,0.5,3.01,0.0,2.75,22.32,7.8,14,Friday,2024-03-29,2024-03
trip_0001001,2,2024-05-28 09:50:00,2024-05-28 10:04:13,2,3.4,107,48,1,Credit Card,19.46,1.0,0.5,0.0,0.0,2.75,23.71,14.2,9,Tuesday,2024-05-28,2024-05
trip_0001002,1,2024-02-23 11:43:00,2024-02-23 12:08:26,1,8.73,231,50,1,Credit Card,39.73,1.0,0.5,9.93,0.0,2.75,53.91,25.4,11,Friday,2024-02-23,2024-02
trip_0001003,1,2024-05-05 23:37:00,2024-05-06 00:07:03,1,12.06,162,80,1,Credit Card,51.2,1.0,0.5,7.68,0.0,2.75,63.13,30.1,23,Sunday,2024-05-05,2024-05
trip_0001004,2,2024-05-15 09:36:00,2024-05-15 09:40:28,1,16.93,132,236,2,Credit Card,51.79,1.0,0.5,0.0,6.55,2.75,62.59,4.5,9,Wednesday,2024-05-15,2024-05
trip_0001005,2,2024-05-30 13:20:00,2024-05-30 13:59:30,2,7.58,90,231,1,Credit Card,43.6,1.0,0.5,6.54,0.0,2.75,54.39,39.5,13,Thursday,2024-05-30,2024-05
trip_0001006,2,2024-06-08 05:18:00,2024-06-08 05:44:27,1,6.85,239,90,1,Credit Card,35.06,1.0,0.5,7.01,0.0,2.75,46.32,26.5,5,Saturday,2024-06-08,2024-06
trip_0001007,1,2024-05-05 03:58:00,2024-05-05 04:06:48,1,3.35,249,142,1,Credit Card,16.62,1.0,0.5,3.32,0.0,2.75,24.19,8.8,3,Sunday,2024-05-05,2024-05
trip_0001008,2,2024-04-04 06:35:00,2024-04-04 06:48:19,1,3.08,141,68,1,Credit Card,18.13,1.0,0.5,3.63,0.0,2.75,26.01,13.3,6,Thursday,2024-04-04,2024-04
trip_0001009,1,2024-03-05 20:39:00,2024-03-05 20:49:35,4,4.5,170,186,1,Credit Card,20.67,1.0,0.5,4.13,0.0,2.75,29.05,10.6,20,Tuesday,2024-03-05,2024-03
trip_0001010,1,2024-01-26 14:25:00,2024-01-26 14:51:54,3,9.96,48,237,1,Credit Card,43.84,1.0,0.5,0.0,0.0,2.75,48.09,26.9,14,Friday,2024-01-26,2024-01
trip_0001011,2,2024-05-03 13:16:00,2024-05-03 13:33:34,1,3.5,236,140,1,Credit Card,21.41,1.0,0.5,0.0,0.0,2.75,25.66,17.6,13,Friday,2024-05-03,2024-05
trip_0001012,1,2024-06-23 12:02:00,2024-06-23 12:12:43,1,3.99,236,107,1,Credit Card,19.33,1.0,0.5,2.9,0.0,2.75,26.48,10.7,12,Sunday,2024-06-23,2024-06
trip_0001013,2,2024-04-03 21:00:00,2024-04-03 21:10:38,3,2.17,163,43,1,Cash,14.29,1.0,0.5,3.57,0.0,2.75,22.11,10.6,21,Wednesday,2024-04-03,2024-04
trip_0001014,1,2024-05-23 00:06:00,2024-05-23 00:23:34,1,16.94,33,1,1,Credit Card,58.37,1.0,0.5,14.59,0.0,2.75,77.21,17.6,0,Thursday,2024-05-23,2024-05
trip_0001015,2,2024-06-16 12:25:00,2024-06-16 12:36:38,1,5.01,107,163,1,Credit Card,22.6,1.0,0.5,4.52,0.0,2.75,31.37,11.6,12,Sunday,2024-06-16,2024-06
trip_0001016,1,2024-02-04 01:33:00,2024-02-04 02:02:42,1,15.93,1,140,1,Cash,61.67,1.0,0.5,12.33,0.0,2.75,78.25,29.7,1,Sunday,2024-02-04,2024-02
trip_0001017,1,2024-03-26 23:47:00,2024-03-27 00:04:19,1,5.35,236,142,1,Credit Card,26.37,1.0,0.5,3.96,0.0,2.75,34.58,17.3,23,Tuesday,2024-03-26,2024-03
trip_0001018,1,2024-05-09 05:04:00,2024-05-09 05:23:31,1,20.93,1,237,1,Credit Card,70.32,1.0,0.5,14.06,0.0,2.75,88.63,19.5,5,Thursday,2024-05-09,2024-05
trip_0001019,2,2024-05-14 02:47:00,2024-05-14 03:08:10,1,9.5,7,142,1,Credit Card,39.71,1.0,0.5,0.0,0.0,2.75,43.96,21.2,2,Tuesday,2024-05-14,2024-05
trip_0001020,1,2024-01-15 21:19:00,2024-01-15 21:34:06,1,4.6,237,50,1,Credit Card,23.2,1.0,0.5,4.64,0.0,2.75,32.09,15.1,21,Monday,2024-01-15,2024-01
trip_0001021,2,2024-04-20 23:16:00,2024-04-20 23:30:18,1,5.34,43,145,1,Cash,24.84,1.0,0.5,6.21,0.0,2.75,35.3,14.3,23,Saturday,2024-04-20,2024-04
trip_0001022,2,2024-06-24 08:00:00,2024-06-24 08:21:49,1,7.33,249,163,1,Credit Card,34.07,1.0,0.5,6.81,0.0,2.75,45.13,21.8,8,Monday,2024-06-24,2024-06
trip_0001023,2,2024-04-14 14:31:00,2024-04-14 14:46:15,1,5.43,162,234,1,Credit Card,25.56,1.0,0.5,3.83,0.0,2.75,33.64,15.3,14,Sunday,2024-04-14,2024-04
trip_0001024,2,2024-01-25 04:37:00,2024-01-25 04:48:36,1,4.05,249,234,1,Credit Card,19.95,1.0,0.5,3.99,0.0,2.75,28.19,11.6,4,Thursday,2024-01-25,2024-01
trip_0001025,1,2024-02-15 16:33:00,2024-02-15 16:57:25,1,5.89,68,33,1,Credit Card,31.41,2.5,0.5,6.28,0.0,2.75,43.44,24.4,16,Thursday,2024-02-15,2024-02
trip_0001026,2,2024-03-17 19:30:00,2024-03-17 19:46:52,1,7.55,162,256,1,Cash,32.2,2.5,0.5,0.0,0.0,2.75,37.95,16.9,19,Sunday,2024-03-17,2024-03
trip_0001027,2,2024-03-09 00:49:00,2024-03-09 01:01:16,2,5.27,236,186,1,Credit Card,23.63,1.0,0.5,3.54,0.0,2.75,31.42,12.3,0,Saturday,2024-03-09,2024-03
trip_0001028,1,2024-04-24 10:15:00,2024-04-24 10:30:30,1,6.5,236,256,1,Credit Card,28.63,1.0,0.5,0.0,0.0,2.75,32.88,15.5,10,Wednesday,2024-04-24,2024-04
trip_0001029,2,2024-02-06 09:34:00,2024-02-06 09:46:40,1,3.44,193,68,1,Credit Card,18.8,1.0,0.5,3.76,0.0,2.75,26.81,12.7,9,Tuesday,2024-02-06,2024-02
trip_0001030,2,2024-06-22 11:22:00,2024-06-22 11:51:59,1,11.81,33,61,1,Credit Card,50.47,1.0,0.5,12.62,0.0,2.75,67.34,30.0,11,Saturday,2024-06-22,2024-06
trip_0001031,2,2024-06-13 21:47:00,2024-06-13 22:18:33,2,14.32,132,239,2,Credit Card,58.16,1.0,0.5,11.63,6.55,2.75,80.59,31.6,21,Thursday,2024-06-13,2024-06
trip_0001032,2,2024-05-19 03:27:00,2024-05-19 03:38:48,1,4.91,33,141,1,Credit Card,22.4,1.0,0.5,3.36,0.0,2.75,30.01,11.8,3,Sunday,2024-05-19,2024-05
trip_0001033,1,2024-05-23 00:07:00,2024-05-23 00:20:05,1,3.71,164,43,1,Credit Card,19.75,1.0,0.5,3.95,0.0,2.75,27.95,13.1,0,Thursday,2024-05-23,2024-05
trip_0001034,2,2024-03-29 01:39:00,2024-03-29 01:51:12,1,3.65,236,230,1,Cash,19.14,1.0,0.5,0.0,0.0,2.75,23.39,12.2,1,Friday,2024-03-29,2024-03
trip_0001035,2,2024-02-01 12:31:00,2024-02-01 12:57:59,6,8.05,79,237,1,Credit Card,38.63,1.0,0.5,5.79,0.0,2.75,48.67,27.0,12,Thursday,2024-02-01,2024-02
trip_0001036,2,2024-03-05 04:13:00,2024-03-05 04:29:39,1,4.87,193,162,1,Credit Card,24.72,1.0,0.5,6.18,0.0,2.75,35.15,16.7,4,Tuesday,2024-03-05,2024-03
trip_0001037,1,2024-05-14 23:04:00,2024-05-14 23:16:12,3,3.68,142,48,1,Credit Card,19.22,1.0,0.5,2.88,0.0,2.75,26.35,12.2,23,Tuesday,2024-05-14,2024-05
trip_0001038,2,2024-04-10 13:46:00,2024-04-10 13:59:26,1,2.81,256,143,1,Credit Card,17.44,1.0,0.5,2.62,0.0,2.75,24.31,13.4,13,Wednesday,2024-04-10,2024-04
trip_0001039,1,2024-04-08 05:02:00,2024-04-08 05:15:50,2,5.01,140,164,1,Credit Card,23.7,1.0,0.5,4.74,0.0,2.75,32.69,13.8,5,Monday,2024-04-08,2024-04
trip_0001040,1,2024-02-23 02:59:00,2024-02-23 03:15:33,3,6.19,18,33,1,Credit Card,28.3,1.0,0.5,4.24,0.0,2.75,36.79,16.6,2,Friday,2024-02-23,2024-02
trip_0001041,2,2024-02-04 13:41:00,2024-02-04 14:13:48,2,14.76,193,100,1,Cash,59.99,1.0,0.5,12.0,0.0,2.75,76.24,32.8,13,Sunday,2024-02-04,2024-02
trip_0001042,1,2024-03-17 06:05:00,2024-03-17 06:18:25,2,4.84,7,234,1,Cash,23.02,1.0,0.5,4.6,0.0,2.75,31.87,13.4,6,Sunday,2024-03-17,2024-03
trip_0001043,2,2024-06-28 10:07:00,2024-06-28 10:20:12,3,18.35,236,1,1,Cash,60.07,1.0,0.5,9.01,0.0,2.75,73.33,13.2,10,Friday,2024-06-28,2024-06
trip_0001044,1,2024-03-12 10:34:00,2024-03-12 10:43:38,1,2.47,107,142,1,Credit Card,14.62,1.0,0.5,0.0,0.0,2.75,18.87,9.6,10,Tuesday,2024-03-12,2024-03
trip_0001045,1,2024-01-27 19:18:00,2024-01-27 19:32:57,1,6.53,238,145,1,Credit Card,28.44,2.5,0.5,7.11,0.0,2.75,41.3,15.0,19,Saturday,2024-01-27,2024-01
trip_0001046,1,2024-02-12 21:29:00,2024-02-12 21:39:47,1,3.75,237,80,1,Credit Card,18.71,1.0,0.5,3.74,0.0,2.75,26.7,10.8,21,Monday,2024-02-12,2024-02
trip_0001047,2,2024-01-11 07:26:00,2024-01-11 07:31:49,2,2.05,79,33,1,Cash,11.55,1.0,0.5,2.31,0.0,2.75,18.11,5.8,7,Thursday,2024-01-11,2024-01
trip_0001048,2,2024-05-11 05:01:00,2024-05-11 05:14:06,6,4.11,142,61,1,Credit Card,20.86,1.0,0.5,3.13,0.0,2.75,28.24,13.1,5,Saturday,2024-05-11,2024-05
trip_0001049,2,2024-03-28 19:27:00,2024-03-28 19:41:46,1,5.95,234,193,1,Credit Card,26.75,2.5,0.5,0.0,0.0,2.75,32.5,14.8,19,Thursday,2024-03-28,2024-03
trip_0001050,1,2024-01-09 23:11:00,2024-01-09 23:23:21,4,4.18,162,107,1,Cash,20.68,1.0,0.5,0.0,0.0,2.75,24.93,12.4,23,Tuesday,2024-01-09,2024-01
trip_0001051,2,2024-03-15 14:05:00,2024-03-15 14:12:55,3,3.11,237,18,1,Credit Card,15.51,1.0,0.5,3.1,0.0,2.75,22.86,7.9,14,Friday,2024-03-15,2024-03
trip_0001052,2,2024-01-24 17:21:00,2024-01-24 17:43:37,1,7.71,238,145,1,Cash,35.52,2.5,0.5,7.1,0.0,2.75,48.37,22.6,17,Wednesday,2024-01-24,2024-01
trip_0001053,1,2024-04-04 23:27:00,2024-04-04 23:48:41,2,9.05,140,256,1,Credit Card,38.73,1.0,0.5,5.81,0.0,2.75,48.79,21.7,23,Thursday,2024-04-04,2024-04
trip_0001054,1,2024-05-02 00:13:00,2024-05-02 00:36:32,1,9.53,140,161,1,Credit Card,40.97,1.0,0.5,8.19,0.0,2.75,53.41,23.5,0,Thursday,2024-05-02,2024-05
trip_0001055,1,2024-03-09 21:10:00,2024-03-09 21:57:29,1,16.27,140,238,1,Credit Card,71.49,1.0,0.5,14.3,0.0,2.75,90.04,47.5,21,Saturday,2024-03-09,2024-03
trip_0001056,1,2024-02-01 23:31:00,2024-02-01 23:45:30,1,6.22,161,68,1,Cash,27.36,1.0,0.5,4.1,0.0,2.75,35.71,14.5,23,Thursday,2024-02-01,2024-02
trip_0001057,2,2024-02-21 01:03:00,2024-02-21 01:16:51,1,2.66,80,33,1,Credit Card,17.24,1.0,0.5,2.59,0.0,2.75,24.08,13.9,1,Wednesday,2024-02-21,2024-02
trip_0001058,2,2024-05-01 06:54:00,2024-05-01 07:08:15,2,3.31,256,33,1,Cash,19.23,1.0,0.5,2.88,0.0,2.75,26.36,14.3,6,Wednesday,2024-05-01,2024-05
trip_0001059,2,2024-02-03 02:24:00,2024-02-03 02:46:30,4,9.65,50,164,1,Credit Card,40.79,1.0,0.5,6.12,0.0,2.75,51.16,22.5,2,Saturday,2024-02-03,2024-02
trip_0001060,2,2024-01-05 05:24:00,2024-01-05 05:40:10,5,3.11,33,236,1,Credit Card,19.64,1.0,0.5,0.0,0.0,2.75,23.89,16.2,5,Friday,2024-01-05,2024-01
trip_0001061,2,2024-02-16 19:47:00,2024-02-16 19:58:11,1,3.96,107,43,1,Cash,19.49,2.5,0.5,0.0,0.0,2.75,25.24,11.2,19,Friday,2024-02-16,2024-02
trip_0001062,2,2024-05-22 14:38:00,2024-05-22 14:48:07,1,4.07,7,141,1,Credit Card,19.25,1.0,0.5,3.85,0.0,2.75,27.35,10.1,14,Wednesday,2024-05-22,2024-05
trip_0001063,1,2024-05-13 01:07:00,2024-05-13 01:13:57,5,2.98,107,193,1,Credit Card,14.67,1.0,0.5,3.67,0.0,2.75,22.59,7.0,1,Monday,2024-05-13,2024-05
trip_0001064,1,2024-02-12 15:14:00,2024-02-12 15:26:09,1,3.89,68,18,1,Credit Card,19.78,1.0,0.5,3.96,0.0,2.75,27.99,12.2,15,Monday,2024-02-12,2024-02
trip_0001065,1,2024-03-28 05:54:00,2024-03-28 06:13:33,5,8.19,186,90,1,No Charge,35.3,1.0,0.5,7.06,0.0,2.75,46.61,19.6,5,Thursday,2024-03-28,2024-03
trip_0001066,1,2024-06-10 19:40:00,2024-06-10 20:09:09,1,9.97,48,50,1,Credit Card,44.99,2.5,0.5,0.0,0.0,2.75,50.74,29.2,19,Monday,2024-06-10,2024-06
trip_0001067,1,2024-03-20 01:50:00,2024-03-20 02:04:04,1,3.19,90,256,1,Credit Card,18.81,1.0,0.5,2.82,0.0,2.75,25.88,14.1,1,Wednesday,2024-03-20,2024-03
trip_0001068,2,2024-05-15 15:24:00,2024-05-15 15:31:59,1,3.36,90,239,1,Credit Card,16.24,1.0,0.5,2.44,0.0,2.75,22.93,8.0,15,Wednesday,2024-05-15,2024-05
trip_0001069,1,2024-05-19 08:00:00,2024-05-19 08:04:48,1,1.25,162,143,1,Credit Card,8.84,1.0,0.5,0.0,0.0,2.75,13.09,4.8,8,Sunday,2024-05-19,2024-05
trip_0001070,1,2024-01-29 10:01:00,2024-01-29 10:20:58,1,3.83,231,163,1,Credit Card,23.52,1.0,0.5,5.88,0.0,2.75,33.65,20.0,10,Monday,2024-01-29,2024-01
trip_0001071,1,2024-03-30 16:41:00,2024-03-30 16:59:19,1,5.51,43,7,1,Credit Card,27.32,2.5,0.5,5.46,0.0,2.75,38.53,18.3,16,Saturday,2024-03-30,2024-03
trip_0001072,1,2024-03-26 18:28:00,2024-03-26 18:37:37,1,3.66,43,161,1,Credit Card,17.88,2.5,0.5,2.68,0.0,2.75,26.31,9.6,18,Tuesday,2024-03-26,2024-03
trip_0001073,1,2024-01-06 14:58:00,2024-01-06 15:18:32,1,6.68,43,90,1,Credit Card,31.64,1.0,0.5,0.0,0.0,2.75,35.89,20.5,14,Saturday,2024-01-06,2024-01
trip_0001074,1,2024-06-25 08:31:00,2024-06-25 08:42:31,3,2.87,79,230,1,Credit Card,16.65,1.0,0.5,0.0,0.0,2.75,20.9,11.5,8,Tuesday,2024-06-25,2024-06
trip_0001075,2,2024-04-30 07:53:00,2024-04-30 08:03:55,2,4.14,143,68,1,Credit Card,19.85,1.0,0.5,2.98,0.0,2.75,27.08,10.9,7,Tuesday,2024-04-30,2024-04
trip_0001076,2,2024-03-17 17:13:00,2024-03-17 17:19:44,1,1.85,236,161,1,Credit Card,11.46,2.5,0.5,1.72,0.0,2.75,18.93,6.7,17,Sunday,2024-03-17,2024-03
trip_0001077,1,2024-06-08 10:42:00,2024-06-08 11:09:34,1,20.2,132,18,2,Cash,72.33,1.0,0.5,10.85,6.55,2.75,93.98,27.6,10,Saturday,2024-06-08,2024-06
trip_0001078,1,2024-04-04 10:14:00,2024-04-04 10:26:26,4,11.8,132,50,2,Credit Card,41.67,1.0,0.5,6.25,6.55,2.75,58.72,12.4,10,Thursday,2024-04-04,2024-04
trip_0001079,2,2024-04-13 09:29:00,2024-04-13 09:46:44,2,4.03,164,143,1,Credit Card,22.95,1.0,0.5,3.44,0.0,2.75,30.64,17.7,9,Saturday,2024-04-13,2024-04
trip_0001080,2,2024-05-28 12:58:00,2024-05-28 13:09:38,1,14.38,1,164,1,Credit Card,48.37,1.0,0.5,7.26,0.0,2.75,59.88,11.6,12,Tuesday,2024-05-28,2024-05
trip_0001081,2,2024-02-20 05:56:00,2024-02-20 06:08:34,1,4.2,236,145,1,Credit Card,20.83,1.0,0.5,4.17,0.0,2.75,29.25,12.6,5,Tuesday,2024-02-20,2024-02
trip_0001082,2,2024-05-30 02:33:00,2024-05-30 02:55:48,1,5.06,239,48,1,Cash,28.32,1.0,0.5,5.66,0.0,2.75,38.23,22.8,2,Thursday,2024-05-30,2024-05
trip_0001083,1,2024-01-08 03:55:00,2024-01-08 04:04:57,3,3.2,256,68,1,Credit Card,16.78,1.0,0.5,0.0,0.0,2.75,21.03,10.0,3,Monday,2024-01-08,2024-01
trip_0001084,1,2024-03-16 23:18:00,2024-03-16 23:27:07,5,1.83,236,140,1,Credit Card,12.59,1.0,0.5,1.89,0.0,2.75,18.73,9.1,23,Saturday,2024-03-16,2024-03
trip_0001085,2,2024-06-22 11:41:00,2024-06-22 12:02:00,1,7.2,33,50,1,Credit Card,33.3,1.0,0.5,6.66,0.0,2.75,44.21,21.0,11,Saturday,2024-06-22,2024-06
trip_0001086,1,2024-05-24 11:06:00,2024-05-24 11:29:24,4,6.96,80,90,1,Cash,33.84,1.0,0.5,6.77,0.0,2.75,44.86,23.4,11,Friday,2024-05-24,2024-05
trip_0001087,1,2024-06-14 16:04:00,2024-06-14 16:18:13,1,5.8,61,50,1,Credit Card,26.07,2.5,0.5,3.91,0.0,2.75,35.73,14.2,16,Friday,2024-06-14,2024-06
trip_0001088,1,2024-05-19 01:34:00,2024-05-19 01:51:44,1,6.75,249,100,1,Credit Card,30.43,1.0,0.5,7.61,0.0,2.75,42.29,17.7,1,Sunday,2024-05-19,2024-05
trip_0001089,1,2024-06-10 12:06:00,2024-06-10 12:34:04,1,8.34,143,162,1,Credit Card,39.97,1.0,0.5,9.99,0.0,2.75,54.21,28.1,12,Monday,2024-06-10,2024-06
trip_0001090,1,2024-05-08 03:14:00,2024-05-08 03:19:39,1,2.16,231,68,1,Cash,11.77,1.0,0.5,1.77,0.0,2.75,17.79,5.7,3,Wednesday,2024-05-08,2024-05
trip_0001091,2,2024-03-12 04:17:00,2024-03-12 04:40:04,1,9.72,161,143,1,Credit Card,41.27,1.0,0.5,8.25,0.0,2.75,53.77,23.1,4,Tuesday,2024-03-12,2024-03
trip_0001092,2,2024-01-25 12:11:00,2024-01-25 12:22:54,5,20.77,145,138,2,Cash,66.07,1.0,0.5,13.21,6.55,2.75,90.08,11.9,12,Thursday,2024-01-25,2024-01
trip_0001093,1,2024-03-23 22:44:00,2024-03-23 23:21:51,1,12.27,256,170,1,Cash,55.67,1.0,0.5,11.13,0.0,2.75,71.05,37.9,22,Saturday,2024-03-23,2024-03
trip_0001094,1,2024-05-07 03:45:00,2024-05-07 03:56:19,1,3.86,163,163,1,Credit Card,19.28,1.0,0.5,4.82,0.0,2.75,28.35,11.3,3,Tuesday,2024-05-07,2024-05
trip_0001095,2,2024-05-06 14:26:00,2024-05-06 14:49:06,2,4.79,162,238,1,Credit Card,27.73,1.0,0.5,4.16,0.0,2.75,36.14,23.1,14,Monday,2024-05-06,2024-05
trip_0001096,1,2024-01-07 00:19:00,2024-01-07 00:33:53,1,3.89,142,236,1,Cash,21.14,1.0,0.5,3.17,0.0,2.75,28.56,14.9,0,Sunday,2024-01-07,2024-01
trip_0001097,1,2024-01-21 11:29:00,2024-01-21 11:41:57,1,4.06,256,143,1,Credit Card,20.65,1.0,0.5,4.13,0.0,2.75,29.03,13.0,11,Sunday,2024-01-21,2024-01
trip_0001098,1,2024-03-11 14:00:00,2024-03-11 14:07:55,1,3.35,186,90,1,Cash,16.18,1.0,0.5,3.24,0.0,2.75,23.67,7.9,14,Monday,2024-03-11,2024-03
trip_0001099,2,2024-02-01 00:43:00,2024-02-01 01:18:58,1,16.06,7,161,1,Credit Card,65.15,1.0,0.5,9.77,0.0,2.75,79.17,36.0,0,Thursday,2024-02-01,2024-02
trip_0001100,1,2024-01-01 02:02:00,2024-01-01 02:11:31,1,4.03,50,90,1,Cash,18.85,1.0,0.5,3.77,0.0,2.75,26.87,9.5,2,Monday,2024-01-01,2024-01
trip_0001101,2,2024-02-20 14:08:00,2024-02-20 14:18:56,1,2.53,238,249,1,Credit Card,15.43,1.0,0.5,0.0,0.0,2.75,19.68,10.9,14,Tuesday,2024-02-20,2024-02
trip_0001102,2,2024-01-12 05:51:00,2024-01-12 06:06:03,5,5.05,249,164,1,Credit Card,24.42,1.0,0.5,0.0,0.0,2.75,28.67,15.1,5,Friday,2024-01-12,2024-01
trip_0001103,1,2024-02-16 04:51:00,2024-02-16 05:10:51,2,5.59,48,140,1,Credit Card,28.3,1.0,0.5,5.66,0.0,2.75,38.21,19.9,4,Friday,2024-02-16,2024-02
trip_0001104,2,2024-01-09 15:48:00,2024-01-09 16:05:30,1,6.2,143,237,1,Credit Card,28.81,1.0,0.5,5.76,0.0,2.75,38.82,17.5,15,Tuesday,2024-01-09,2024-01
trip_0001105,1,2024-02-24 00:21:00,2024-02-24 00:35:25,1,4.44,140,255,1,Cash,22.42,1.0,0.5,5.6,0.0,2.75,32.27,14.4,0,Saturday,2024-02-24,2024-02
trip_0001106,2,2024-06-23 20:27:00,2024-06-23 20:48:53,1,5.15,161,33,1,Credit Card,28.11,1.0,0.5,4.22,0.0,2.75,36.58,21.9,20,Sunday,2024-06-23,2024-06
trip_0001107,2,2024-04-22 18:08:00,2024-04-22 18:17:38,3,4.18,255,186,1,Credit Card,19.32,2.5,0.5,2.9,0.0,2.75,27.97,9.6,18,Monday,2024-04-22,2024-04
trip_0001108,2,2024-04-18 21:33:00,2024-04-18 21:48:59,1,4.41,239,239,1,Credit Card,23.13,1.0,0.5,4.63,0.0,2.75,32.01,16.0,21,Thursday,2024-04-18,2024-04
trip_0001109,1,2024-05-27 12:21:00,2024-05-27 12:35:51,6,11.59,132,33,2,Credit Card,42.3,1.0,0.5,8.46,6.55,2.75,61.56,14.9,12,Monday,2024-05-27,2024-05
trip_0001110,2,2024-02-08 08:17:00,2024-02-08 08:33:55,6,16.54,164,132,2,Credit Card,56.94,1.0,0.5,11.39,6.55,2.75,79.13,16.9,8,Thursday,2024-02-08,2024-02
trip_0001111,2,2024-03-22 17:34:00,2024-03-22 17:45:43,1,21.03,142,132,2,Credit Card,66.69,2.5,0.5,10.0,6.55,2.75,88.99,11.7,17,Friday,2024-03-22,2024-03
trip_0001112,1,2024-04-22 21:38:00,2024-04-22 21:43:26,1,2.08,186,142,1,Credit Card,11.44,1.0,0.5,2.29,0.0,2.75,17.98,5.4,21,Monday,2024-04-22,2024-04
trip_0001113,1,2024-05-04 12:41:00,2024-05-04 13:15:39,2,10.33,141,193,1,Credit Card,48.74,1.0,0.5,9.75,0.0,2.75,62.74,34.7,12,Saturday,2024-05-04,2024-05
trip_0001114,2,2024-04-27 23:38:00,2024-04-28 00:00:37,1,4.86,193,140,1,Cash,27.68,1.0,0.5,5.54,0.0,2.75,37.47,22.6,23,Saturday,2024-04-27,2024-04
trip_0001115,1,2024-02-27 04:59:00,2024-02-27 05:09:50,5,2.58,193,231,1,Credit Card,15.52,1.0,0.5,2.33,0.0,2.75,22.1,10.8,4,Tuesday,2024-02-27,2024-02
trip_0001116,2,2024-03-13 12:45:00,2024-03-13 12:52:23,1,2.39,186,50,1,Credit Card,13.27,1.0,0.5,3.32,0.0,2.75,20.84,7.4,12,Wednesday,2024-03-13,2024-03
trip_0001117,2,2024-06-28 19:11:00,2024-06-28 19:46:38,1,21.11,1,1,1,Credit Card,78.87,2.5,0.5,19.72,0.0,2.75,104.34,35.6,19,Friday,2024-06-28,2024-06
trip_0001118,2,2024-05-21 15:07:00,2024-05-21 15:34:45,1,8.58,237,145,1,Cash,40.47,1.0,0.5,6.07,0.0,2.75,50.79,27.8,15,Tuesday,2024-05-21,2024-05
trip_0001119,2,2024-02-17 05:58:00,2024-02-17 06:22:14,1,12.56,236,138,2,Credit Card,49.66,1.0,0.5,12.42,6.55,2.75,72.88,24.2,5,Saturday,2024-02-17,2024-02
trip_0001120,1,2024-05-29 10:46:00,2024-05-29 11:00:15,2,20.63,161,132,2,Credit Card,66.86,1.0,0.5,10.03,6.55,2.75,87.69,14.3,10,Wednesday,2024-05-29,2024-05
trip_0001121,1,2024-05-22 02:29:00,2024-05-22 02:40:28,1,4.12,249,145,1,Credit Card,20.06,1.0,0.5,4.01,0.0,2.75,28.32,11.5,2,Wednesday,2024-05-22,2024-05
trip_0001122,2,2024-01-12 06:00:00,2024-01-12 06:15:43,1,18.57,249,132,2,Cash,61.93,1.0,0.5,9.29,6.55,2.75,82.02,15.7,6,Friday,2024-01-12,2024-01
trip_0001123,2,2024-03-11 04:36:00,2024-03-11 04:46:40,1,3.09,231,90,1,Credit Card,16.84,1.0,0.5,2.53,0.0,2.75,23.62,10.7,4,Monday,2024-03-11,2024-03
trip_0001124,1,2024-04-25 08:52:00,2024-04-25 09:05:27,1,5.66,68,48,1,Credit Card,25.29,1.0,0.5,6.32,0.0,2.75,35.86,13.5,8,Thursday,2024-04-25,2024-04
trip_0001125,2,2024-06-20 11:08:00,2024-06-20 11:21:15,5,3.38,140,236,1,Credit Card,18.93,1.0,0.5,2.84,0.0,2.75,26.02,13.3,11,Thursday,2024-06-20,2024-06
trip_0001126,1,2024-04-21 05:16:00,2024-04-21 05:29:08,1,20.33,255,138,2,Credit Card,65.48,1.0,0.5,0.0,6.55,2.75,76.28,13.1,5,Sunday,2024-04-21,2024-04
trip_0001127,1,2024-06-10 18:44:00,2024-06-10 18:54:58,1,4.49,231,7,1,Credit Card,20.84,2.5,0.5,4.17,0.0,2.75,30.76,11.0,18,Monday,2024-06-10,2024-06
trip_0001128,1,2024-02-17 01:20:00,2024-02-17 01:39:56,1,6.51,142,186,1,Credit Card,30.88,1.0,0.5,6.18,0.0,2.75,41.31,19.9,1,Saturday,2024-02-17,2024-02
trip_0001129,1,2024-01-04 17:28:00,2024-01-04 17:36:16,1,1.83,163,79,1,Credit Card,12.17,2.5,0.5,2.43,0.0,2.75,20.35,8.3,17,Thursday,2024-01-04,2024-01
trip_0001130,2,2024-05-05 14:20:00,2024-05-05 14:53:03,1,12.07,142,140,1,Credit Card,52.72,1.0,0.5,7.91,0.0,2.75,64.88,33.1,14,Sunday,2024-05-05,2024-05
trip_0001131,2,2024-06-14 00:00:00,2024-06-14 00:19:05,1,7.19,234,80,1,Cash,32.31,1.0,0.5,6.46,0.0,2.75,43.02,19.1,0,Friday,2024-06-14,2024-06
trip_0001132,2,2024-05-07 17:08:00,2024-05-07 17:24:33,1,7.3,230,164,1,Credit Card,31.36,2.5,0.5,4.7,0.0,2.75,41.81,16.6,17,Tuesday,2024-05-07,2024-05
trip_0001133,2,2024-03-25 17:17:00,2024-03-25 17:38:40,1,9.47,80,231,1,Cash,39.88,2.5,0.5,5.98,0.0,2.75,51.61,21.7,17,Monday,2024-03-25,2024-03
trip_0001134,1,2024-01-20 05:09:00,2024-01-20 05:19:00,1,2.72,193,145,1,Credit Card,15.49,1.0,0.5,3.1,0.0,2.75,22.84,10.0,5,Saturday,2024-01-20,2024-01
trip_0001135,1,2024-06-10 11:42:00,2024-06-10 12:02:02,5,7.56,80,193,1,Credit Card,33.81,1.0,0.5,0.0,0.0,2.75,38.06,20.0,11,Monday,2024-06-10,2024-06
trip_0001136,1,2024-05-21 12:41:00,2024-05-21 12:59:38,1,8.16,193,43,1,Credit Card,34.76,1.0,0.5,6.95,0.0,2.75,45.96,18.6,12,Tuesday,2024-05-21,2024-05
trip_0001137,2,2024-06-24 21:08:00,2024-06-24 21:35:30,1,9.21,61,140,1,Credit Card,42.08,1.0,0.5,8.42,0.0,2.75,54.75,27.5,21,Monday,2024-06-24,2024-06
trip_0001138,1,2024-05-16 00:27:00,2024-05-16 00:41:32,1,3.19,18,162,1,Credit Card,19.04,1.0,0.5,4.76,0.0,2.75,28.05,14.5,0,Thursday,2024-05-16,2024-05
trip_0001139,2,2024-01-18 03:55:00,2024-01-18 04:13:24,2,4.61,164,100,1,Credit Card,24.88,1.0,0.5,3.73,0.0,2.75,32.86,18.4,3,Thursday,2024-01-18,2024-01
trip_0001140,2,2024-04-21 22:27:00,2024-04-21 22:37:49,1,16.55,132,107,2,Credit Card,53.92,1.0,0.5,10.78,6.55,2.75,75.5,10.8,22,Sunday,2024-04-21,2024-04
trip_0001141,2,2024-01-12 21:40:00,2024-01-12 21:51:22,1,3.47,255,145,1,Credit Card,18.23,1.0,0.5,2.73,0.0,2.75,25.21,11.4,21,Friday,2024-01-12,2024-01
trip_0001142,2,2024-04-21 01:07:00,2024-04-21 01:16:54,1,2.7,141,170,1,Credit Card,15.38,1.0,0.5,3.84,0.0,2.75,23.47,9.9,1,Sunday,2024-04-21,2024-04
trip_0001143,2,2024-06-20 05:14:00,2024-06-20 05:20:08,2,2.24,238,236,1,Credit Card,12.23,1.0,0.5,2.45,0.0,2.75,18.93,6.1,5,Thursday,2024-06-20,2024-06
trip_0001144,2,2024-02-19 08:08:00,2024-02-19 08:32:36,1,5.42,145,50,1,Credit Card,30.21,1.0,0.5,4.53,0.0,2.75,38.99,24.6,8,Monday,2024-02-19,2024-02
trip_0001145,1,2024-02-24 10:01:00,2024-02-24 10:13:06,2,4.11,256,163,1,Credit Card,20.36,1.0,0.5,0.0,0.0,2.75,24.61,12.1,10,Saturday,2024-02-24,2024-02
trip_0001146,2,2024-02-25 00:46:00,2024-02-25 01:08:55,1,9.68,256,50,1,Credit Card,41.08,1.0,0.5,8.22,0.0,2.75,53.55,22.9,0,Sunday,2024-02-25,2024-02
trip_0001147,2,2024-02-12 19:22:00,2024-02-12 19:35:56,1,3.31,141,236,1,Credit Card,19.08,2.5,0.5,3.82,0.0,2.75,28.65,13.9,19,Monday,2024-02-12,2024-02
trip_0001148,1,2024-01-16 08:23:00,2024-01-16 08:37:27,2,4.57,43,239,1,Credit Card,22.8,1.0,0.5,3.42,0.0,2.75,30.47,14.5,8,Tuesday,2024-01-16,2024-01
trip_0001149,2,2024-03-08 23:00:00,2024-03-08 23:05:37,1,2.01,145,80,1,No Charge,11.34,1.0,0.5,2.27,0.0,2.75,17.86,5.6,23,Friday,2024-03-08,2024-03
trip_0001150,2,2024-06-02 23:01:00,2024-06-02 23:16:27,1,17.03,1,90,1,Cash,57.56,1.0,0.5,11.51,0.0,2.75,73.32,15.5,23,Sunday,2024-06-02,2024-06
trip_0001151,1,2024-04-23 02:21:00,2024-04-23 02:37:58,1,5.81,142,43,1,Credit Card,27.46,1.0,0.5,6.86,0.0,2.75,38.57,17.0,2,Tuesday,2024-04-23,2024-04
trip_0001152,1,2024-06-27 03:28:00,2024-06-27 03:51:04,2,4.91,68,142,1,Credit Card,28.04,1.0,0.5,4.21,0.0,2.75,36.5,23.1,3,Thursday,2024-06-27,2024-06
trip_0001153,2,2024-03-14 17:02:00,2024-03-14 17:24:13,4,6.14,61,162,1,Credit Card,31.0,2.5,0.5,7.75,0.0,2.75,44.5,22.2,17,Thursday,2024-03-14,2024-03
trip_0001154,2,2024-06-25 15:47:00,2024-06-25 16:26:40,5,14.99,236,33,1,Cash,64.06,1.0,0.5,16.02,0.0,2.75,84.33,39.7,15,Tuesday,2024-06-25,2024-06
trip_0001155,2,2024-02-08 21:51:00,2024-02-08 21:57:32,1,1.55,90,48,1,Credit Card,10.54,1.0,0.5,1.58,0.0,2.75,16.37,6.5,21,Thursday,2024-02-08,2024-02
trip_0001156,2,2024-01-11 02:17:00,2024-01-11 02:35:39,1,3.49,164,90,1,Credit Card,21.93,1.0,0.5,0.0,0.0,2.75,26.18,18.7,2,Thursday,2024-01-11,2024-01
trip_0001157,2,2024-03-22 22:46:00,2024-03-22 23:14:14,2,5.86,170,143,1,Credit Card,33.23,1.0,0.5,6.65,0.0,2.75,44.13,28.2,22,Friday,2024-03-22,2024-03
trip_0001158,2,2024-01-17 03:46:00,2024-01-17 04:05:48,1,7.63,79,239,1,Credit Card,33.89,1.0,0.5,6.78,0.0,2.75,44.92,19.8,3,Wednesday,2024-01-17,2024-01
trip_0001159,2,2024-02-24 00:35:00,2024-02-24 00:43:44,1,15.03,238,138,2,Credit Card,48.7,1.0,0.5,9.74,6.55,2.75,69.24,8.7,0,Saturday,2024-02-24,2024-02
trip_0001160,1,2024-03-15 13:10:00,2024-03-15 13:19:22,1,3.12,163,43,1,Credit Card,16.26,1.0,0.5,3.25,0.0,2.75,23.76,9.4,13,Friday,2024-03-15,2024-03
trip_0001161,1,2024-04-30 10:22:00,2024-04-30 10:38:52,1,3.41,186,239,1,Credit Card,20.81,1.0,0.5,3.12,0.0,2.75,28.18,16.9,10,Tuesday,2024-04-30,2024-04
trip_0001162,1,2024-06-03 16:35:00,2024-06-03 16:47:57,1,2.92,163,249,1,Credit Card,17.51,2.5,0.5,0.0,0.0,2.75,23.26,13.0,16,Monday,2024-06-03,2024-06
trip_0001163,2,2024-01-29 11:47:00,2024-01-29 12:13:09,6,6.57,163,100,1,Credit Card,34.14,1.0,0.5,5.12,0.0,2.75,43.51,26.2,11,Monday,2024-01-29,2024-01
trip_0001164,1,2024-02-28 00:39:00,2024-02-28 00:53:43,1,4.21,145,140,1,Credit Card,21.94,1.0,0.5,4.39,0.0,2.75,30.58,14.7,0,Wednesday,2024-02-28,2024-02
trip_0001165,2,2024-01-02 14:54:00,2024-01-02 15:41:03,6,14.22,256,141,1,Cash,65.63,1.0,0.5,9.84,0.0,2.75,79.72,47.1,14,Tuesday,2024-01-02,2024-01
trip_0001166,2,2024-05-14 04:38:00,2024-05-14 04:46:28,1,2.95,234,170,1,Credit Card,15.35,1.0,0.5,2.3,0.0,2.75,21.9,8.5,4,Tuesday,2024-05-14,2024-05
trip_0001167,1,2024-04-28 04:04:00,2024-04-28 04:21:09,6,6.23,33,186,1,Credit Card,28.71,1.0,0.5,5.74,0.0,2.75,38.7,17.2,4,Sunday,2024-04-28,2024-04
trip_0001168,2,2024-01-29 07:02:00,2024-01-29 07:15:52,1,3.23,230,48,1,Credit Card,18.82,1.0,0.5,2.82,0.0,2.75,25.89,13.9,7,Monday,2024-01-29,2024-01
trip_0001169,1,2024-02-23 00:15:00,2024-02-23 00:27:57,1,3.86,255,193,1,Credit Card,20.1,1.0,0.5,4.02,0.0,2.75,28.37,13.0,0,Friday,2024-02-23,2024-02
trip_0001170,2,2024-02-09 19:53:00,2024-02-09 20:15:59,1,19.78,132,61,2,Credit Card,68.89,2.5,0.5,13.78,6.55,2.75,94.97,23.0,19,Friday,2024-02-09,2024-02
trip_0001171,1,2024-02-06 16:02:00,2024-02-06 16:19:00,5,19.05,142,1,1,Credit Card,63.89,2.5,0.5,9.58,0.0,2.75,79.22,17.0,16,Tuesday,2024-02-06,2024-02
trip_0001172,2,2024-03-14 22:07:00,2024-03-14 22:21:07,1,17.9,230,132,2,Credit Card,59.29,1.0,0.5,8.89,6.55,2.75,78.98,14.1,22,Thursday,2024-03-14,2024-03
trip_0001173,1,2024-06-11 21:28:00,2024-06-11 21:42:53,1,5.25,163,170,1,Credit Card,24.89,1.0,0.5,4.98,0.0,2.75,34.12,14.9,21,Tuesday,2024-06-11,2024-06
trip_0001174,1,2024-03-21 00:42:00,2024-03-21 00:52:20,1,2.1,143,141,1,Credit Card,13.95,1.0,0.5,2.79,0.0,2.75,20.99,10.3,0,Thursday,2024-03-21,2024-03
trip_0001175,1,2024-04-17 14:38:00,2024-04-17 14:52:51,1,3.33,61,230,1,Credit Card,19.58,1.0,0.5,0.0,0.0,2.75,23.83,14.9,14,Wednesday,2024-04-17,2024-04
trip_0001176,1,2024-06-10 01:09:00,2024-06-10 01:22:16,2,5.19,236,236,1,Credit Card,23.91,1.0,0.5,3.59,0.0,2.75,31.75,13.3,1,Monday,2024-06-10,2024-06
trip_0001177,1,2024-05-14 23:29:00,2024-05-15 00:01:53,2,13.96,143,193,1,Credit Card,57.84,1.0,0.5,11.57,0.0,2.75,73.66,32.9,23,Tuesday,2024-05-14,2024-05
trip_0001178,2,2024-03-03 06:03:00,2024-03-03 06:33:11,1,10.28,249,236,1,Credit Card,46.37,1.0,0.5,0.0,0.0,2.75,50.62,30.2,6,Sunday,2024-03-03,2024-03
trip_0001179,2,2024-02-15 10:52:00,2024-02-15 11:18:07,5,8.84,186,18,1,Credit Card,40.37,1.0,0.5,0.0,0.0,2.75,44.62,26.1,10,Thursday,2024-02-15,2024-02
trip_0001180,2,2024-02-06 06:22:00,2024-02-06 06:34:35,1,3.37,230,256,1,Credit Card,18.56,1.0,0.5,3.71,0.0,2.75,26.52,12.6,6,Tuesday,2024-02-06,2024-02
trip_0001181,1,2024-06-09 02:25:00,2024-06-09 02:51:05,1,5.35,231,162,1,Credit Card,30.76,1.0,0.5,0.0,0.0,2.75,35.01,26.1,2,Sunday,2024-06-09,2024-06
trip_0001182,1,2024-05-10 01:46:00,2024-05-10 01:54:53,4,2.19,61,18,1,Cash,13.47,1.0,0.5,0.0,0.0,2.75,17.72,8.9,1,Friday,2024-05-10,2024-05
trip_0001183,2,2024-05-27 15:14:00,2024-05-27 15:26:44,1,5.68,237,80,1,Credit Card,24.99,1.0,0.5,5.0,0.0,2.75,34.24,12.7,15,Monday,2024-05-27,2024-05
trip_0001184,1,2024-06-20 05:09:00,2024-06-20 05:19:43,1,21.74,48,138,2,Cash,68.15,1.0,0.5,10.22,6.55,2.75,89.17,10.7,5,Thursday,2024-06-20,2024-06
trip_0001185,1,2024-06-12 17:57:00,2024-06-12 18:11:16,1,3.57,193,193,1,Credit Card,19.96,2.5,0.5,4.99,0.0,2.75,30.7,14.3,17,Wednesday,2024-06-12,2024-06
trip_0001186,2,2024-03-27 14:41:00,2024-03-27 15:09:19,1,11.79,90,255,1,Credit Card,49.58,1.0,0.5,9.92,0.0,2.75,63.75,28.3,14,Wednesday,2024-03-27,2024-03
trip_0001187,1,2024-01-03 16:28:00,2024-01-03 16:50:52,1,7.94,140,143,1,Credit Card,36.27,2.5,0.5,5.44,0.0,2.75,47.46,22.9,16,Wednesday,2024-01-03,2024-01
trip_0001188,1,2024-04-13 08:06:00,2024-04-13 08:17:40,2,3.25,239,170,1,Credit Card,17.77,1.0,0.5,4.44,0.0,2.75,26.46,11.7,8,Saturday,2024-04-13,2024-04
trip_0001189,1,2024-05-20 19:59:00,2024-05-20 20:25:14,2,7.54,142,230,1,Credit Card,36.85,2.5,0.5,7.37,0.0,2.75,49.97,26.2,19,Monday,2024-05-20,2024-05
trip_0001190,2,2024-02-23 01:56:00,2024-02-23 02:03:57,1,1.83,230,33,1,Credit Card,12.01,1.0,0.5,1.8,0.0,2.75,18.06,8.0,1,Friday,2024-02-23,2024-02
trip_0001191,2,2024-04-21 21:32:00,2024-04-21 22:04:59,1,11.56,107,68,1,Credit Card,51.29,1.0,0.5,10.26,0.0,2.75,65.8,33.0,21,Sunday,2024-04-21,2024-04
trip_0001192,1,2024-01-31 10:40:00,2024-01-31 10:54:33,1,3.42,256,50,1,Credit Card,19.69,1.0,0.5,4.92,0.0,2.75,28.86,14.6,10,Wednesday,2024-01-31,2024-01
trip_0001193,1,2024-06-14 07:16:00,2024-06-14 07:25:30,1,3.56,255,33,1,Credit Card,17.54,1.0,0.5,2.63,0.0,2.75,24.42,9.5,7,Friday,2024-06-14,2024-06
trip_0001194,1,2024-06-09 20:05:00,2024-06-09 20:14:00,1,2.46,79,249,1,Credit Card,14.27,1.0,0.5,0.0,0.0,2.75,18.52,9.0,20,Sunday,2024-06-09,2024-06
trip_0001195,1,2024-01-15 20:52:00,2024-01-15 20:59:37,1,3.14,236,100,1,Credit Card,15.45,1.0,0.5,3.09,0.0,2.75,22.79,7.6,20,Monday,2024-01-15,2024-01
trip_0001196,2,2024-06-12 10:27:00,2024-06-12 10:45:19,1,8.18,79,142,1,Credit Card,34.66,1.0,0.5,0.0,0.0,2.75,38.91,18.3,10,Wednesday,2024-06-12,2024-06
trip_0001197,2,2024-04-15 14:46:00,2024-04-15 15:08:22,5,5.85,234,162,1,Credit Card,30.28,1.0,0.5,4.54,0.0,2.75,39.07,22.4,14,Monday,2024-04-15,2024-04
trip_0001198,1,2024-02-09 10:29:00,2024-02-09 10:46:22,1,3.4,163,193,1,Credit Card,21.03,1.0,0.5,3.15,0.0,2.75,28.43,17.4,10,Friday,2024-02-09,2024-02
trip_0001199,1,2024-03-30 04:48:00,2024-03-30 05:00:05,1,2.78,141,231,1,Credit Card,16.69,1.0,0.5,2.5,0.0,2.75,23.44,12.1,4,Saturday,2024-03-30,2024-03
trip_0001200,1,2024-06-05 05:24:00,2024-06-05 05:50:23,5,6.9,143,239,1,Credit Card,35.17,1.0,0.5,7.03,0.0,2.75,46.45,26.4,5,Wednesday,2024-06-05,2024-06
trip_0001201,1,2024-02-23 13:49:00,2024-02-23 14:03:55,1,4.84,48,61,1,Credit Card,23.77,1.0,0.5,4.75,0.0,2.75,32.77,14.9,13,Friday,2024-02-23,2024-02
trip_0001202,1,2024-03-03 23:44:00,2024-03-04 00:13:58,1,11.71,236,186,1,Cash,50.19,1.0,0.5,0.0,0.0,2.75,54.44,30.0,23,Sunday,2024-03-03,2024-03
trip_0001203,1,2024-06-21 21:06:00,2024-06-21 21:15:01,2,3.23,236,238,1,Cash,16.4,1.0,0.5,2.46,0.0,2.75,23.11,9.0,21,Friday,2024-06-21,2024-06
trip_0001204,1,2024-05-03 08:45:00,2024-05-03 09:05:41,1,4.1,50,230,1,Credit Card,24.62,1.0,0.5,4.92,0.0,2.75,33.79,20.7,8,Friday,2024-05-03,2024-05
trip_0001205,1,2024-03-26 19:51:00,2024-03-26 20:24:35,2,11.21,249,255,1,Credit Card,50.63,2.5,0.5,0.0,0.0,2.75,56.38,33.6,19,Tuesday,2024-03-26,2024-03
trip_0001206,2,2024-05-26 05:19:00,2024-05-26 05:32:21,1,3.76,90,164,1,Cash,20.02,1.0,0.5,3.0,0.0,2.75,27.27,13.4,5,Sunday,2024-05-26,2024-05
trip_0001207,2,2024-01-28 02:49:00,2024-01-28 03:00:10,1,2.86,236,50,1,Credit Card,16.45,1.0,0.5,2.47,0.0,2.75,23.17,11.2,2,Sunday,2024-01-28,2024-01
trip_0001208,2,2024-05-09 17:13:00,2024-05-09 17:22:10,2,2.27,238,100,1,Credit Card,13.83,2.5,0.5,2.77,0.0,2.75,22.35,9.2,17,Thursday,2024-05-09,2024-05
trip_0001209,1,2024-06-10 16:12:00,2024-06-10 16:27:35,1,3.87,234,100,1,Credit Card,21.44,2.5,0.5,0.0,0.0,2.75,27.19,15.6,16,Monday,2024-06-10,2024-06
trip_0001210,2,2024-04-25 22:09:00,2024-04-25 22:39:18,4,12.83,143,140,1,Credit Card,53.44,1.0,0.5,0.0,0.0,2.75,57.69,30.3,22,Thursday,2024-04-25,2024-04
trip_0001211,1,2024-04-27 04:34:00,2024-04-27 04:46:06,1,3.76,33,142,1,Credit Card,19.4,1.0,0.5,4.85,0.0,2.75,28.5,12.1,4,Saturday,2024-04-27,2024-04
trip_0001212,1,2024-06-08 22:24:00,2024-06-08 22:33:57,1,4.19,143,230,1,Cash,19.5,1.0,0.5,2.92,0.0,2.75,26.67,10.0,22,Saturday,2024-06-08,2024-06
trip_0001213,2,2024-01-19 12:04:00,2024-01-19 12:11:33,5,2.89,238,234,1,Cash,14.72,1.0,0.5,2.94,0.0,2.75,21.91,7.6,12,Friday,2024-01-19,2024-01
trip_0001214,1,2024-03-22 02:44:00,2024-03-22 03:25:27,1,14.92,43,79,1,Cash,64.76,1.0,0.5,0.0,0.0,2.75,69.01,41.5,2,Friday,2024-03-22,2024-03
trip_0001215,2,2024-02-29 19:46:00,2024-02-29 19:55:53,1,3.77,234,140,1,Cash,18.31,2.5,0.5,3.66,0.0,2.75,27.72,9.9,19,Thursday,2024-02-29,2024-02
trip_0001216,1,2024-03-09 23:27:00,2024-03-09 23:38:53,1,2.58,234,239,1,Credit Card,16.04,1.0,0.5,0.0,0.0,2.75,20.29,11.9,23,Saturday,2024-03-09,2024-03
trip_0001217,1,2024-01-15 18:08:00,2024-01-15 18:30:57,6,10.24,61,143,1,Credit Card,42.64,2.5,0.5,6.4,0.0,2.75,54.79,23.0,18,Monday,2024-01-15,2024-01
trip_0001218,2,2024-04-25 13:39:00,2024-04-25 13:52:53,2,2.9,90,43,1,Credit Card,17.92,1.0,0.5,2.69,0.0,2.75,24.86,13.9,13,Thursday,2024-04-25,2024-04
trip_0001219,2,2024-05-05 10:59:00,2024-05-05 11:05:06,4,2.73,237,256,1,Cash,13.56,1.0,0.5,2.03,0.0,2.75,19.84,6.1,10,Sunday,2024-05-05,2024-05
trip_0001220,1,2024-05-01 19:17:00,2024-05-01 19:46:06,3,5.94,249,237,1,Dispute,33.89,2.5,0.5,6.78,0.0,2.75,46.42,29.1,19,Wednesday,2024-05-01,2024-05
trip_0001221,2,2024-06-21 01:35:00,2024-06-21 01:44:46,1,2.0,68,90,1,Credit Card,13.39,1.0,0.5,0.0,0.0,2.75,17.64,9.8,1,Friday,2024-06-21,2024-06
trip_0001222,2,2024-01-09 17:31:00,2024-01-09 17:46:35,1,14.24,138,140,2,Credit Card,49.95,2.5,0.5,12.49,6.55,2.75,74.74,15.6,17,Tuesday,2024-01-09,2024-01
trip_0001223,2,2024-06-22 02:36:00,2024-06-22 03:06:24,1,11.78,79,140,1,Cash,50.6,1.0,0.5,10.12,0.0,2.75,64.97,30.4,2,Saturday,2024-06-22,2024-06
trip_0001224,1,2024-06-11 20:57:00,2024-06-11 21:08:11,1,12.86,230,132,2,Credit Card,43.96,1.0,0.5,6.59,6.55,2.75,61.35,11.2,20,Tuesday,2024-06-11,2024-06
trip_0001225,2,2024-04-23 19:56:00,2024-04-23 20:07:22,1,4.83,80,249,1,Credit Card,21.97,2.5,0.5,0.0,0.0,2.75,27.72,11.4,19,Tuesday,2024-04-23,2024-04
trip_0001226,2,2024-02-23 17:08:00,2024-02-23 17:20:40,6,14.28,138,68,2,Credit Card,48.61,2.5,0.5,0.0,6.55,2.75,60.91,12.7,17,Friday,2024-02-23,2024-02
trip_0001227,2,2024-01-29 14:20:00,2024-01-29 14:41:34,1,14.07,141,1,1,Cash,52.48,1.0,0.5,10.5,0.0,2.75,67.23,21.6,14,Monday,2024-01-29,2024-01
trip_0001228,1,2024-06-13 01:50:00,2024-06-13 02:09:10,2,4.38,231,68,1,Credit Card,24.63,1.0,0.5,4.93,0.0,2.75,33.81,19.2,1,Thursday,2024-06-13,2024-06
trip_0001229,1,2024-02-16 04:44:00,2024-02-16 05:01:34,1,4.05,80,142,1,Credit Card,22.93,1.0,0.5,3.44,0.0,2.75,30.62,17.6,4,Friday,2024-02-16,2024-02
trip_0001230,1,2024-03-08 02:55:00,2024-03-08 03:22:17,1,6.1,90,80,1,Credit Card,33.42,1.0,0.5,5.01,0.0,2.75,42.68,27.3,2,Friday,2024-03-08,2024-03
trip_0001231,2,2024-04-17 19:26:00,2024-04-17 19:34:18,1,20.27,1,48,1,Credit Card,62.89,2.5,0.5,12.58,0.0,2.75,81.22,8.3,19,Wednesday,2024-04-17,2024-04
trip_0001232,2,2024-05-18 14:37:00,2024-05-18 14:46:48,1,1.92,164,186,1,Credit Card,13.18,1.0,0.5,0.0,0.0,2.75,17.43,9.8,14,Saturday,2024-05-18,2024-05
trip_0001233,1,2024-05-10 19:10:00,2024-05-10 19:27:23,5,7.45,33,193,1,Cash,32.18,2.5,0.5,8.04,0.0,2.75,45.97,17.4,19,Friday,2024-05-10,2024-05
trip_0001234,2,2024-02-13 00:24:00,2024-02-13 00:38:21,5,3.75,238,164,1,Credit Card,20.49,1.0,0.5,0.0,0.0,2.75,24.74,14.4,0,Tuesday,2024-02-13,2024-02
trip_0001235,2,2024-01-12 11:02:00,2024-01-12 11:13:12,1,3.83,100,48,1,Credit Card,19.14,1.0,0.5,3.83,0.0,2.75,27.22,11.2,11,Friday,2024-01-12,2024-01
trip_0001236,2,2024-01-28 03:46:00,2024-01-28 03:57:59,2,3.22,255,237,1,Credit Card,17.85,1.0,0.5,4.46,0.0,2.75,26.56,12.0,3,Sunday,2024-01-28,2024-01
trip_0001237,1,2024-04-10 12:24:00,2024-04-10 12:55:16,1,7.01,90,43,1,Credit Card,37.92,1.0,0.5,5.69,0.0,2.75,47.86,31.3,12,Wednesday,2024-04-10,2024-04
trip_0001238,1,2024-02-17 17:08:00,2024-02-17 17:23:42,1,4.34,33,90,1,Credit Card,22.79,2.5,0.5,4.56,0.0,2.75,33.1,15.7,17,Saturday,2024-02-17,2024-02
trip_0001239,2,2024-03-18 00:00:00,2024-03-18 00:23:15,1,20.12,1,237,1,Cash,69.96,1.0,0.5,13.99,0.0,2.75,88.2,23.3,0,Monday,2024-03-18,2024-03
trip_0001240,2,2024-06-08 01:10:00,2024-06-08 01:42:39,1,13.06,7,100,1,Cash,55.24,1.0,0.5,13.81,0.0,2.75,73.3,32.7,1,Saturday,2024-06-08,2024-06
trip_0001241,1,2024-05-21 15:20:00,2024-05-21 15:31:33,5,3.67,164,230,1,Credit Card,18.87,1.0,0.5,2.83,0.0,2.75,25.95,11.6,15,Tuesday,2024-05-21,2024-05
trip_0001242,1,2024-01-20 10:24:00,2024-01-20 10:38:20,1,2.71,162,249,1,Cash,17.62,1.0,0.5,3.52,0.0,2.75,25.39,14.3,10,Saturday,2024-01-20,2024-01
trip_0001243,2,2024-04-17 09:04:00,2024-04-17 09:32:08,1,10.16,79,80,1,Credit Card,45.01,1.0,0.5,0.0,0.0,2.75,49.26,28.1,9,Wednesday,2024-04-17,2024-04
trip_0001244,1,2024-04-12 02:15:00,2024-04-12 02:37:34,1,8.53,143,231,1,Credit Card,37.74,1.0,0.5,0.0,0.0,2.75,41.99,22.6,2,Friday,2024-04-12,2024-04
trip_0001245,2,2024-02-18 00:08:00,2024-02-18 00:23:25,1,4.93,230,140,1,Credit Card,24.27,1.0,0.5,4.85,0.0,2.75,33.37,15.4,0,Sunday,2024-02-18,2024-02
trip_0001246,2,2024-02-14 18:35:00,2024-02-14 18:45:37,3,2.32,140,7,1,Credit Card,14.69,2.5,0.5,2.94,0.0,2.75,23.38,10.6,18,Wednesday,2024-02-14,2024-02
trip_0001247,1,2024-05-28 10:56:00,2024-05-28 11:12:58,1,3.12,230,164,1,Credit Card,20.07,1.0,0.5,4.01,0.0,2.75,28.33,17.0,10,Tuesday,2024-05-28,2024-05
trip_0001248,1,2024-01-30 02:39:00,2024-01-30 02:49:47,5,3.42,163,145,1,Credit Card,17.8,1.0,0.5,2.67,0.0,2.75,24.72,10.8,2,Tuesday,2024-01-30,2024-01
trip_0001249,2,2024-04-27 09:39:00,2024-04-27 10:24:05,1,17.68,61,237,1,Credit Card,74.16,1.0,0.5,14.83,0.0,2.75,93.24,45.1,9,Saturday,2024-04-27,2024-04
trip_0001250,1,2024-03-10 08:33:00,2024-03-10 08:52:41,2,3.83,234,33,1,Credit Card,23.38,1.0,0.5,3.51,0.0,2.75,31.14,19.7,8,Sunday,2024-03-10,2024-03
trip_0001251,1,2024-02-14 03:23:00,2024-02-14 03:47:01,1,7.5,238,238,1,Cash,35.64,1.0,0.5,7.13,0.0,2.75,47.02,24.0,3,Wednesday,2024-02-14,2024-02
trip_0001252,1,2024-03-28 13:50:00,2024-03-28 13:57:39,2,3.24,237,170,1,Credit Card,15.74,1.0,0.5,3.15,0.0,2.75,23.14,7.7,13,Thursday,2024-03-28,2024-03
trip_0001253,1,2024-05-06 19:19:00,2024-05-06 19:31:07,2,3.1,7,230,1,Cash,17.58,2.5,0.5,2.64,0.0,2.75,25.97,12.1,19,Monday,2024-05-06,2024-05
trip_0001254,2,2024-02-17 09:32:00,2024-02-17 09:38:28,3,2.2,18,234,1,Credit Card,12.28,1.0,0.5,2.46,0.0,2.75,18.99,6.5,9,Saturday,2024-02-17,2024-02
trip_0001255,1,2024-03-01 00:23:00,2024-03-01 00:52:32,5,11.63,170,18,1,Credit Card,49.76,1.0,0.5,9.95,0.0,2.75,63.96,29.5,0,Friday,2024-03-01,2024-03
trip_0001256,1,2024-05-21 01:20:00,2024-05-21 01:46:05,1,10.97,237,61,1,Credit Card,46.22,1.0,0.5,9.24,0.0,2.75,59.71,26.1,1,Tuesday,2024-05-21,2024-05
trip_0001257,2,2024-05-09 20:22:00,2024-05-09 20:38:17,1,3.57,100,231,1,Credit Card,20.97,1.0,0.5,4.19,0.0,2.75,29.41,16.3,20,Thursday,2024-05-09,2024-05
trip_0001258,1,2024-05-18 04:18:00,2024-05-18 04:39:36,1,9.43,170,7,1,Cash,39.74,1.0,0.5,7.95,0.0,2.75,51.94,21.6,4,Saturday,2024-05-18,2024-05
trip_0001259,2,2024-01-10 06:29:00,2024-01-10 06:53:58,1,11.0,79,132,2,Credit Card,45.73,1.0,0.5,0.0,6.55,2.75,56.53,25.0,6,Wednesday,2024-01-10,2024-01
trip_0001260,1,2024-05-20 14:04:00,2024-05-20 14:29:05,1,5.95,256,7,1,Credit Card,31.91,1.0,0.5,4.79,0.0,2.75,40.95,25.1,14,Monday,2024-05-20,2024-05
trip_0001261,1,2024-05-05 01:11:00,2024-05-05 01:36:16,1,7.36,7,100,1,Cash,35.88,1.0,0.5,5.38,0.0,2.75,45.51,25.3,1,Sunday,2024-05-05,2024-05
trip_0001262,1,2024-05-22 19:13:00,2024-05-22 19:26:50,1,6.0,79,236,1,Credit Card,26.42,2.5,0.5,0.0,0.0,2.75,32.17,13.8,19,Wednesday,2024-05-22,2024-05
trip_0001263,1,2024-02-11 18:51:00,2024-02-11 19:30:06,1,18.36,145,1,1,Credit Card,73.04,2.5,0.5,14.61,0.0,2.75,93.4,39.1,18,Sunday,2024-02-11,2024-02
trip_0001264,2,2024-03-28 06:47:00,2024-03-28 07:04:31,1,20.46,256,132,2,Credit Card,68.03,1.0,0.5,0.0,6.55,2.75,78.83,17.5,6,Thursday,2024-03-28,2024-03
trip_0001265,2,2024-06-05 06:05:00,2024-06-05 06:15:09,1,2.45,80,107,1,Credit Card,14.81,1.0,0.5,3.7,0.0,2.75,22.76,10.2,6,Wednesday,2024-06-05,2024-06
trip_0001266,1,2024-03-03 11:32:00,2024-03-03 11:40:54,1,2.53,143,79,1,Credit Card,14.41,1.0,0.5,2.88,0.0,2.75,21.54,8.9,11,Sunday,2024-03-03,2024-03
trip_0001267,1,2024-05-16 07:28:00,2024-05-16 07:45:49,1,19.14,237,132,2,Credit Card,64.55,1.0,0.5,12.91,6.55,2.75,88.26,17.8,7,Thursday,2024-05-16,2024-05
trip_0001268,1,2024-01-23 02:57:00,2024-01-23 03:07:51,1,2.18,161,236,1,Credit Card,14.42,1.0,0.5,2.88,0.0,2.75,21.55,10.9,2,Tuesday,2024-01-23,2024-01
trip_0001269,1,2024-06-18 19:53:00,2024-06-18 20:05:49,1,4.84,164,234,1,Credit Card,22.73,2.5,0.5,3.41,0.0,2.75,31.89,12.8,19,Tuesday,2024-06-18,2024-06
trip_0001270,2,2024-06-07 04:34:00,2024-06-07 05:01:25,1,8.98,107,48,1,Credit Card,41.41,1.0,0.5,6.21,0.0,2.75,51.87,27.4,4,Friday,2024-06-07,2024-06
trip_0001271,2,2024-04-09 01:00:00,2024-04-09 01:13:46,1,4.48,143,90,1,Credit Card,22.2,1.0,0.5,4.44,0.0,2.75,30.89,13.8,1,Tuesday,2024-04-09,2024-04
trip_0001272,2,2024-05-22 22:19:00,2024-05-22 22:36:35,1,4.27,237,140,1,Credit Card,23.54,1.0,0.5,0.0,0.0,2.75,27.79,17.6,22,Wednesday,2024-05-22,2024-05
trip_0001273,2,2024-04-16 06:01:00,2024-04-16 06:09:47,1,2.29,142,170,1,Credit Card,13.69,1.0,0.5,2.74,0.0,2.75,20.68,8.8,6,Tuesday,2024-04-16,2024-04
trip_0001274,2,2024-04-17 05:52:00,2024-04-17 06:11:38,1,5.82,193,33,1,Credit Card,28.83,1.0,0.5,4.32,0.0,2.75,37.4,19.6,5,Wednesday,2024-04-17,2024-04
trip_0001275,1,2024-05-12 02:18:00,2024-05-12 02:34:51,1,14.83,132,43,2,Credit Card,52.22,1.0,0.5,7.83,6.55,2.75,70.85,16.9,2,Sunday,2024-05-12,2024-05
trip_0001276,1,2024-05-07 07:47:00,2024-05-07 08:01:01,1,18.79,1,50,1,Credit Card,61.69,1.0,0.5,15.42,0.0,2.75,81.36,14.0,7,Tuesday,2024-05-07,2024-05
trip_0001277,2,2024-05-31 09:45:00,2024-05-31 10:04:20,6,7.35,61,256,1,Credit Card,32.88,1.0,0.5,8.22,0.0,2.75,45.35,19.3,9,Friday,2024-05-31,2024-05
trip_0001278,2,2024-03-25 11:58:00,2024-03-25 12:15:00,1,6.35,68,142,1,Credit Card,28.97,1.0,0.5,4.35,0.0,2.75,37.57,17.0,11,Monday,2024-03-25,2024-03
trip_0001279,2,2024-04-03 03:31:00,2024-04-03 03:42:32,1,3.27,68,18,1,Credit Card,17.76,1.0,0.5,3.55,0.0,2.75,25.56,11.5,3,Wednesday,2024-04-03,2024-04
trip_0001280,1,2024-01-17 19:22:00,2024-01-17 19:47:10,1,10.61,33,231,1,Credit Card,44.77,2.5,0.5,11.19,0.0,2.75,61.71,25.2,19,Wednesday,2024-01-17,2024-01
trip_0001281,2,2024-04-07 05:50:00,2024-04-07 05:59:56,1,3.16,100,140,1,Credit Card,16.66,1.0,0.5,2.5,0.0,2.75,23.41,9.9,5,Sunday,2024-04-07,2024-04
trip_0001282,1,2024-02-03 00:53:00,2024-02-03 01:17:31,3,8.3,145,256,1,Credit Card,38.09,1.0,0.5,7.62,0.0,2.75,49.96,24.5,0,Saturday,2024-02-03,2024-02
trip_0001283,2,2024-04-08 07:15:00,2024-04-08 07:31:54,6,5.97,48,100,1,Credit Card,27.87,1.0,0.5,5.57,0.0,2.75,37.69,16.9,7,Monday,2024-04-08,2024-04
trip_0001284,1,2024-02-05 20:41:00,2024-02-05 21:03:08,1,16.83,132,231,2,Credit Card,60.35,1.0,0.5,9.05,6.55,2.75,80.2,22.1,20,Monday,2024-02-05,2024-02
trip_0001285,1,2024-02-02 11:25:00,2024-02-02 11:48:59,1,8.77,142,231,1,Credit Card,39.11,1.0,0.5,9.78,0.0,2.75,53.14,24.0,11,Friday,2024-02-02,2024-02
trip_0001286,1,2024-04-25 22:22:00,2024-04-25 22:41:55,1,6.24,237,230,1,Credit Card,30.12,1.0,0.5,6.02,0.0,2.75,40.39,19.9,22,Thursday,2024-04-25,2024-04
trip_0001287,1,2024-03-01 03:06:00,2024-03-01 03:23:54,1,5.01,43,7,1,Credit Card,25.73,1.0,0.5,3.86,0.0,2.75,33.84,17.9,3,Friday,2024-03-01,2024-03
trip_0001288,1,2024-05-13 08:05:00,2024-05-13 08:12:12,2,10.83,145,138,2,Credit Card,36.38,1.0,0.5,7.28,6.55,2.75,54.46,7.2,8,Monday,2024-05-13,2024-05
trip_0001289,1,2024-04-13 03:13:00,2024-04-13 03:26:17,1,4.03,90,186,1,Cash,20.72,1.0,0.5,4.14,0.0,2.75,29.11,13.3,3,Saturday,2024-04-13,2024-04
trip_0001290,1,2024-05-29 17:43:00,2024-05-29 17:55:06,4,3.27,170,231,1,Credit Card,18.05,2.5,0.5,0.0,0.0,2.75,23.8,12.1,17,Wednesday,2024-05-29,2024-05
trip_0001291,2,2024-04-28 13:37:00,2024-04-28 13:53:15,1,4.51,143,50,1,Cash,23.53,1.0,0.5,4.71,0.0,2.75,32.49,16.3,13,Sunday,2024-04-28,2024-04
trip_0001292,1,2024-04-24 19:13:00,2024-04-24 19:28:06,1,6.35,68,236,1,Credit Card,28.01,2.5,0.5,7.0,0.0,2.75,40.76,15.1,19,Wednesday,2024-04-24,2024-04
trip_0001293,1,2024-02-29 01:13:00,2024-02-29 01:19:45,5,1.84,163,18,1,Credit Card,11.44,1.0,0.5,2.29,0.0,2.75,17.98,6.8,1,Thursday,2024-02-29,2024-02
trip_0001294,2,2024-01-02 02:03:00,2024-01-02 02:08:39,3,2.1,68,236,1,Cash,11.61,1.0,0.5,1.74,0.0,2.75,17.6,5.7,2,Tuesday,2024-01-02,2024-01
trip_0001295,2,2024-03-01 10:56:00,2024-03-01 11:11:01,1,3.09,236,170,1,Credit Card,19.01,1.0,0.5,2.85,0.0,2.75,26.11,15.0,10,Friday,2024-03-01,2024-03
trip_0001296,1,2024-06-22 23:39:00,2024-06-22 23:48:36,1,2.47,234,68,1,Credit Card,14.6,1.0,0.5,3.65,0.0,2.75,22.5,9.6,23,Saturday,2024-06-22,2024-06
trip_0001297,2,2024-01-23 23:35:00,2024-01-23 23:47:36,1,16.07,132,142,2,Credit Card,53.49,1.0,0.5,8.02,6.55,2.75,72.31,12.6,23,Tuesday,2024-01-23,2024-01
trip_0001298,2,2024-03-13 13:35:00,2024-03-13 13:47:03,4,5.2,33,90,1,Dispute,23.33,1.0,0.5,0.0,0.0,2.75,27.58,12.1,13,Wednesday,2024-03-13,2024-03
trip_0001299,2,2024-02-23 01:39:00,2024-02-23 02:01:30,1,9.37,163,143,1,Credit Card,40.03,1.0,0.5,0.0,0.0,2.75,44.28,22.5,1,Friday,2024-02-23,2024-02
trip_0001300,2,2024-03-22 19:36:00,2024-03-22 20:00:19,1,9.26,50,43,1,Credit Card,40.63,2.5,0.5,8.13,0.0,2.75,54.51,24.3,19,Friday,2024-03-22,2024-03
trip_0001301,2,2024-06-23 17:36:00,2024-06-23 17:53:51,1,5.71,236,237,1,Credit Card,27.63,2.5,0.5,4.14,0.0,2.75,37.52,17.9,17,Sunday,2024-06-23,2024-06
trip_0001302,2,2024-06-25 06:11:00,2024-06-25 06:24:08,1,4.43,90,7,1,Credit Card,21.76,1.0,0.5,0.0,0.0,2.75,26.01,13.1,6,Tuesday,2024-06-25,2024-06
trip_0001303,2,2024-03-24 16:17:00,2024-03-24 16:32:49,2,5.76,249,50,1,Credit Card,26.75,2.5,0.5,5.35,0.0,2.75,37.85,15.8,16,Sunday,2024-03-24,2024-03
trip_0001304,1,2024-02-17 23:15:00,2024-02-17 23:44:11,1,11.07,249,161,1,Credit Card,48.04,1.0,0.5,0.0,0.0,2.75,52.29,29.2,23,Saturday,2024-02-17,2024-02
trip_0001305,1,2024-03-22 19:20:00,2024-03-22 19:34:42,5,4.83,249,238,1,Credit Card,23.64,2.5,0.5,4.73,0.0,2.75,34.12,14.7,19,Friday,2024-03-22,2024-03
trip_0001306,2,2024-03-02 01:29:00,2024-03-02 01:49:30,1,3.94,162,142,1,Credit Card,24.09,1.0,0.5,3.61,0.0,2.75,31.95,20.5,1,Saturday,2024-03-02,2024-03
trip_0001307,1,2024-05-25 04:39:00,2024-05-25 04:57:17,1,7.32,107,80,1,Cash,32.28,1.0,0.5,8.07,0.0,2.75,44.6,18.3,4,Saturday,2024-05-25,2024-05
trip_0001308,1,2024-05-14 19:55:00,2024-05-14 20:07:59,1,3.38,7,230,1,Credit Card,18.79,2.5,0.5,3.76,0.0,2.75,28.3,13.0,19,Tuesday,2024-05-14,2024-05
trip_0001309,2,2024-03-16 22:55:00,2024-03-16 23:16:13,1,9.0,50,170,1,Credit Card,38.36,1.0,0.5,5.75,0.0,2.75,48.36,21.2,22,Saturday,2024-03-16,2024-03
trip_0001310,1,2024-05-17 09:12:00,2024-05-17 09:38:14,1,6.94,7,50,1,Credit Card,35.21,1.0,0.5,5.28,0.0,2.75,44.74,26.2,9,Friday,2024-05-17,2024-05
trip_0001311,2,2024-02-18 09:41:00,2024-02-18 10:01:24,1,6.99,68,143,1,Credit Card,32.42,1.0,0.5,6.48,0.0,2.75,43.15,20.4,9,Sunday,2024-02-18,2024-02
trip_0001312,2,2024-03-02 22:32:00,2024-03-02 22:58:44,1,7.44,68,237,1,Credit Card,36.83,1.0,0.5,9.21,0.0,2.75,50.29,26.7,22,Saturday,2024-03-02,2024-03
trip_0001313,1,2024-04-16 01:41:00,2024-04-16 01:53:32,1,2.92,100,48,1,Credit Card,17.3,1.0,0.5,3.46,0.0,2.75,25.01,12.5,1,Tuesday,2024-04-16,2024-04
trip_0001314,1,2024-01-03 09:43:00,2024-01-03 09:57:08,3,5.14,79,161,1,Credit Card,24.21,1.0,0.5,4.84,0.0,2.75,33.3,14.1,9,Wednesday,2024-01-03,2024-01
trip_0001315,2,2024-03-19 13:55:00,2024-03-19 14:13:19,6,6.51,50,7,1,Credit Card,30.07,1.0,0.5,4.51,0.0,2.75,38.83,18.3,13,Tuesday,2024-03-19,2024-03
trip_0001316,1,2024-04-22 02:27:00,2024-04-22 02:41:06,2,2.8,90,33,1,Credit Card,17.76,1.0,0.5,2.66,0.0,2.75,24.67,14.1,2,Monday,2024-04-22,2024-04
trip_0001317,2,2024-01-17 09:45:00,2024-01-17 09:58:46,1,5.57,142,61,1,Credit Card,25.21,1.0,0.5,5.04,0.0,2.75,34.5,13.8,9,Wednesday,2024-01-17,2024-01
trip_0001318,1,2024-06-15 11:31:00,2024-06-15 11:57:32,1,11.64,132,237,2,Credit Card,48.28,1.0,0.5,12.07,6.55,2.75,71.15,26.5,11,Saturday,2024-06-15,2024-06
trip_0001319,1,2024-03-31 12:39:00,2024-03-31 12:57:01,1,3.29,48,90,1,Credit Card,21.06,1.0,0.5,3.16,0.0,2.75,28.47,18.0,12,Sunday,2024-03-31,2024-03
trip_0001320,2,2024-05-09 21:04:00,2024-05-09 21:36:27,1,10.42,230,142,1,Credit Card,47.88,1.0,0.5,7.18,0.0,2.75,59.31,32.5,21,Thursday,2024-05-09,2024-05
trip_0001321,2,2024-04-19 21:08:00,2024-04-19 21:17:58,1,2.53,43,164,1,Credit Card,14.94,1.0,0.5,2.99,0.0,2.75,22.18,10.0,21,Friday,2024-04-19,2024-04
trip_0001322,2,2024-02-11 11:29:00,2024-02-11 11:38:00,2,3.06,164,238,1,Credit Card,15.92,1.0,0.5,0.0,0.0,2.75,20.17,9.0,11,Sunday,2024-02-11,2024-02
trip_0001323,2,2024-05-14 04:52:00,2024-05-14 05:15:38,1,7.55,161,50,1,Credit Card,35.59,1.0,0.5,5.34,0.0,2.75,45.18,23.6,4,Tuesday,2024-05-14,2024-05
trip_0001324,2,2024-03-27 04:12:00,2024-03-27 04:43:04,3,11.18,234,48,1,Credit Card,49.28,1.0,0.5,7.39,0.0,2.75,60.92,31.1,4,Wednesday,2024-03-27,2024-03
trip_0001325,1,2024-06-06 11:32:00,2024-06-06 12:09:11,5,12.84,145,186,1,Credit Card,56.91,1.0,0.5,8.54,0.0,2.75,69.7,37.2,11,Thursday,2024-06-06,2024-06
trip_0001326,2,2024-02-14 07:13:00,2024-02-14 07:22:52,1,2.62,107,107,1,Credit Card,15.15,1.0,0.5,2.27,0.0,2.75,21.67,9.9,7,Wednesday,2024-02-14,2024-02
trip_0001327,1,2024-05-14 09:08:00,2024-05-14 09:16:09,2,12.47,1,138,2,Credit Card,41.37,1.0,0.5,8.27,6.55,2.75,60.44,8.2,9,Tuesday,2024-05-14,2024-05
trip_0001328,1,2024-03-09 23:19:00,2024-03-09 23:51:24,1,10.95,100,141,1,Credit Card,49.32,1.0,0.5,9.86,0.0,2.75,63.43,32.4,23,Saturday,2024-03-09,2024-03
trip_0001329,2,2024-03-08 00:57:00,2024-03-08 01:11:59,1,3.29,107,239,1,Credit Card,19.54,1.0,0.5,0.0,0.0,2.75,23.79,15.0,0,Friday,2024-03-08,2024-03
trip_0001330,1,2024-01-19 22:01:00,2024-01-19 22:12:25,1,5.05,142,33,1,Cash,22.6,1.0,0.5,0.0,0.0,2.75,26.85,11.4,22,Friday,2024-01-19,2024-01
trip_0001331,2,2024-02-05 04:54:00,2024-02-05 05:29:49,1,14.33,255,107,1,Credit Card,60.32,1.0,0.5,9.05,0.0,2.75,73.62,35.8,4,Monday,2024-02-05,2024-02
trip_0001332,1,2024-04-14 13:44:00,2024-04-14 14:05:08,2,4.78,50,90,1,Credit Card,26.72,1.0,0.5,6.68,0.0,2.75,37.65,21.1,13,Sunday,2024-04-14,2024-04
trip_0001333,2,2024-03-24 19:44:00,2024-03-24 20:08:22,2,8.38,161,79,1,Credit Card,38.24,2.5,0.5,0.0,0.0,2.75,43.99,24.4,19,Sunday,2024-03-24,2024-03
trip_0001334,2,2024-04-02 09:32:00,2024-04-02 09:43:16,1,3.02,50,43,1,Credit Card,16.94,1.0,0.5,4.24,0.0,2.75,25.43,11.3,9,Tuesday,2024-04-02,2024-04
trip_0001335,2,2024-04-29 23:12:00,2024-04-29 23:44:57,1,6.98,237,164,1,Credit Card,38.68,1.0,0.5,7.74,0.0,2.75,50.67,33.0,23,Monday,2024-04-29,2024-04
trip_0001336,2,2024-05-18 01:03:00,2024-05-18 01:13:45,4,2.88,162,234,1,Credit Card,16.3,1.0,0.5,0.0,0.0,2.75,20.55,10.8,1,Saturday,2024-05-18,2024-05
trip_0001337,1,2024-06-16 16:06:00,2024-06-16 16:21:26,1,4.9,249,48,1,Credit Card,24.2,2.5,0.5,3.63,0.0,2.75,33.58,15.4,16,Sunday,2024-06-16,2024-06
trip_0001338,1,2024-01-22 19:28:00,2024-01-22 19:52:13,3,7.63,237,80,1,Credit Card,36.09,2.5,0.5,5.41,0.0,2.75,47.25,24.2,19,Monday,2024-01-22,2024-01
trip_0001339,2,2024-04-15 16:51:00,2024-04-15 17:09:32,2,5.09,193,256,1,Cash,26.27,2.5,0.5,5.25,0.0,2.75,37.27,18.5,16,Monday,2024-04-15,2024-04
trip_0001340,2,2024-01-23 15:54:00,2024-01-23 16:04:56,1,2.99,255,140,1,Credit Card,16.69,1.0,0.5,4.17,0.0,2.75,25.11,10.9,15,Tuesday,2024-01-23,2024-01
trip_0001341,2,2024-06-21 16:22:00,2024-06-21 16:42:02,1,5.89,234,231,1,Credit Card,29.22,2.5,0.5,0.0,0.0,2.75,34.97,20.0,16,Friday,2024-06-21,2024-06
trip_0001342,1,2024-05-19 07:48:00,2024-05-19 07:59:37,3,4.8,79,48,1,Credit Card,22.01,1.0,0.5,4.4,0.0,2.75,30.66,11.6,7,Sunday,2024-05-19,2024-05
trip_0001343,1,2024-01-12 22:09:00,2024-01-12 22:26:00,3,14.05,132,61,2,Credit Card,50.14,1.0,0.5,0.0,6.55,2.75,60.94,17.0,22,Friday,2024-01-12,2024-01
trip_0001344,1,2024-02-02 15:41:00,2024-02-02 15:48:05,1,2.04,186,68,1,Credit Card,12.15,1.0,0.5,1.82,0.0,2.75,18.22,7.1,15,Friday,2024-02-02,2024-02
trip_0001345,1,2024-05-25 19:49:00,2024-05-25 20:14:21,1,5.51,50,142,1,Credit Card,30.83,2.5,0.5,6.17,0.0,2.75,42.75,25.4,19,Saturday,2024-05-25,2024-05
trip_0001346,1,2024-04-28 13:53:00,2024-04-28 14:09:35,1,3.24,238,239,1,Cash,20.21,1.0,0.5,3.03,0.0,2.75,27.49,16.6,13,Sunday,2024-04-28,2024-04
trip_0001347,1,2024-02-25 04:33:00,2024-02-25 04:54:22,1,9.12,33,237,1,Credit Card,38.76,1.0,0.5,7.75,0.0,2.75,50.76,21.4,4,Sunday,2024-02-25,2024-02
trip_0001348,1,2024-01-23 10:53:00,2024-01-23 10:58:47,1,1.62,43,7,1,Credit Card,10.35,1.0,0.5,1.55,0.0,2.75,16.15,5.8,10,Tuesday,2024-01-23,2024-01
trip_0001349,2,2024-01-03 19:16:00,2024-01-03 19:36:10,1,9.06,238,100,1,Credit Card,38.0,2.5,0.5,7.6,0.0,2.75,51.35,20.2,19,Wednesday,2024-01-03,2024-01
trip_0001350,1,2024-04-12 22:49:00,2024-04-12 23:02:58,3,4.65,236,143,1,Cash,22.77,1.0,0.5,0.0,0.0,2.75,27.02,14.0,22,Friday,2024-04-12,2024-04
trip_0001351,2,2024-06-22 19:23:00,2024-06-22 19:44:03,6,19.93,234,132,2,Credit Card,68.33,2.5,0.5,0.0,6.55,2.75,80.63,21.1,19,Saturday,2024-06-22,2024-06
trip_0001352,2,2024-02-14 02:18:00,2024-02-14 02:34:13,1,3.91,234,193,1,Cash,21.86,1.0,0.5,4.37,0.0,2.75,30.48,16.2,2,Wednesday,2024-02-14,2024-02
trip_0001353,1,2024-02-14 01:00:00,2024-02-14 01:23:36,3,6.46,163,79,1,Credit Card,32.57,1.0,0.5,4.89,0.0,2.75,41.71,23.6,1,Wednesday,2024-02-14,2024-02
trip_0001354,1,2024-01-10 18:51:00,2024-01-10 19:03:55,2,16.77,107,132,2,Credit Card,55.58,2.5,0.5,11.12,6.55,2.75,79.0,12.9,18,Wednesday,2024-01-10,2024-01
trip_0001355,1,2024-03-22 21:45:00,2024-03-22 21:53:17,3,3.58,107,161,1,Credit Card,16.99,1.0,0.5,2.55,0.0,2.75,23.79,8.3,21,Friday,2024-03-22,2024-03
trip_0001356,1,2024-03-24 16:15:00,2024-03-24 16:23:44,1,18.57,170,1,1,Credit Card,58.44,2.5,0.5,8.77,0.0,2.75,72.96,8.7,16,Sunday,2024-03-24,2024-03
trip_0001357,2,2024-04-18 00:25:00,2024-04-18 00:59:49,2,7.2,33,90,1,Credit Card,40.21,1.0,0.5,6.03,0.0,2.75,50.49,34.8,0,Thursday,2024-04-18,2024-04
trip_0001358,1,2024-03-02 09:19:00,2024-03-02 09:27:00,4,1.51,100,163,1,Credit Card,11.16,1.0,0.5,1.67,0.0,2.75,17.08,8.0,9,Saturday,2024-03-02,2024-03
trip_0001359,2,2024-01-18 02:27:00,2024-01-18 02:47:17,1,4.07,255,48,1,Cash,24.34,1.0,0.5,0.0,0.0,2.75,28.59,20.3,2,Thursday,2024-01-18,2024-01
trip_0001360,1,2024-05-24 08:57:00,2024-05-24 09:12:42,1,5.53,161,164,1,Credit Card,26.06,1.0,0.5,6.52,0.0,2.75,36.83,15.7,8,Friday,2024-05-24,2024-05
trip_0001361,1,2024-02-08 13:04:00,2024-02-08 13:12:25,1,3.77,68,255,1,Credit Card,17.58,1.0,0.5,2.64,0.0,2.75,24.47,8.4,13,Thursday,2024-02-08,2024-02
trip_0001362,2,2024-04-30 20:14:00,2024-04-30 20:39:17,1,8.63,79,50,1,Credit Card,39.37,1.0,0.5,5.91,0.0,2.75,49.53,25.3,20,Tuesday,2024-04-30,2024-04
trip_0001363,1,2024-03-26 12:47:00,2024-03-26 12:54:43,1,2.28,43,231,1,Credit Card,13.13,1.0,0.5,2.63,0.0,2.75,20.01,7.7,12,Tuesday,2024-03-26,2024-03
trip_0001364,1,2024-04-06 07:51:00,2024-04-06 08:16:57,2,10.04,7,107,1,Credit Card,43.59,1.0,0.5,6.54,0.0,2.75,54.38,26.0,7,Saturday,2024-04-06,2024-04
trip_0001365,1,2024-03-09 01:57:00,2024-03-09 02:07:20,1,2.28,161,249,1,Credit Card,14.44,1.0,0.5,2.89,0.0,2.75,21.58,10.3,1,Saturday,2024-03-09,2024-03
trip_0001366,2,2024-05-31 06:39:00,2024-05-31 07:01:56,1,6.8,256,186,1,Credit Card,33.17,1.0,0.5,6.63,0.0,2.75,44.05,22.9,6,Friday,2024-05-31,2024-05
trip_0001367,2,2024-03-13 11:41:00,2024-03-13 11:51:45,6,19.89,164,138,2,Cash,63.07,1.0,0.5,9.46,6.55,2.75,83.33,10.8,11,Wednesday,2024-03-13,2024-03
trip_0001368,1,2024-05-22 01:42:00,2024-05-22 01:59:08,1,7.69,170,80,1,Credit Card,32.72,1.0,0.5,4.91,0.0,2.75,41.88,17.1,1,Wednesday,2024-05-22,2024-05
trip_0001369,2,2024-04-02 09:43:00,2024-04-02 10:07:23,1,9.0,161,68,1,Credit Card,39.94,1.0,0.5,5.99,0.0,2.75,50.18,24.4,9,Tuesday,2024-04-02,2024-04
trip_0001370,2,2024-05-11 18:14:00,2024-05-11 18:28:13,1,16.96,256,132,2,Cash,56.75,2.5,0.5,8.51,6.55,2.75,77.56,14.2,18,Saturday,2024-05-11,2024-05
trip_0001371,2,2024-03-03 07:16:00,2024-03-03 07:36:11,2,8.08,255,237,1,Credit Card,35.32,1.0,0.5,7.06,0.0,2.75,46.63,20.2,7,Sunday,2024-03-03,2024-03
trip_0001372,1,2024-06-05 17:35:00,2024-06-05 17:52:42,1,6.85,164,79,1,Credit Card,30.7,2.5,0.5,4.6,0.0,2.75,41.05,17.7,17,Wednesday,2024-06-05,2024-06
trip_0001373,2,2024-03-01 07:22:00,2024-03-01 07:33:43,1,2.21,230,234,1,Credit Card,14.94,1.0,0.5,2.24,0.0,2.75,21.43,11.7,7,Friday,2024-03-01,2024-03
trip_0001374,1,2024-03-20 11:32:00,2024-03-20 11:44:42,5,3.57,239,238,1,Credit Card,19.17,1.0,0.5,2.88,0.0,2.75,26.3,12.7,11,Wednesday,2024-03-20,2024-03
trip_0001375,2,2024-01-01 05:59:00,2024-01-01 06:23:17,1,9.79,79,43,1,Credit Card,42.07,1.0,0.5,8.41,0.0,2.75,54.73,24.3,5,Monday,2024-01-01,2024-01
trip_0001376,1,2024-05-06 22:32:00,2024-05-06 22:35:22,1,1.12,142,33,1,Credit Card,7.76,1.0,0.5,0.0,0.0,2.75,12.01,3.4,22,Monday,2024-05-06,2024-05
trip_0001377,1,2024-06-20 20:37:00,2024-06-20 21:10:37,1,9.0,256,7,1,Credit Card,44.57,1.0,0.5,8.91,0.0,2.75,57.73,33.6,20,Thursday,2024-06-20,2024-06
trip_0001378,1,2024-05-30 10:51:00,2024-05-30 11:18:50,2,9.94,230,186,1,Credit Card,44.25,1.0,0.5,6.64,0.0,2.75,55.14,27.8,10,Thursday,2024-05-30,2024-05
trip_0001379,2,2024-03-04 20:00:00,2024-03-04 20:15:08,1,5.79,143,249,1,Cash,26.49,1.0,0.5,5.3,0.0,2.75,36.04,15.1,20,Monday,2024-03-04,2024-03
trip_0001380,2,2024-04-28 10:50:00,2024-04-28 11:08:08,1,7.84,236,100,1,Credit Card,33.63,1.0,0.5,0.0,0.0,2.75,37.88,18.1,10,Sunday,2024-04-28,2024-04
trip_0001381,2,2024-01-09 11:43:00,2024-01-09 12:03:28,2,4.17,142,61,1,Cash,24.7,1.0,0.5,4.94,0.0,2.75,33.89,20.5,11,Tuesday,2024-01-09,2024-01
trip_0001382,1,2024-03-16 10:26:00,2024-03-16 10:45:01,1,7.54,163,234,1,Cash,33.24,1.0,0.5,6.65,0.0,2.75,44.14,19.0,10,Saturday,2024-03-16,2024-03
trip_0001383,1,2024-04-23 14:15:00,2024-04-23 14:39:02,1,13.65,33,1,1,Credit Card,52.56,1.0,0.5,13.14,0.0,2.75,69.95,24.0,14,Tuesday,2024-04-23,2024-04
trip_0001384,1,2024-02-02 04:07:00,2024-02-02 04:34:41,1,13.78,249,138,2,Credit Card,54.74,1.0,0.5,10.95,6.55,2.75,76.49,27.7,4,Friday,2024-02-02,2024-02
trip_0001385,2,2024-02-18 06:11:00,2024-02-18 06:52:22,1,17.4,239,193,1,Credit Card,71.54,1.0,0.5,17.89,0.0,2.75,93.68,41.4,6,Sunday,2024-02-18,2024-02
trip_0001386,1,2024-06-06 13:07:00,2024-06-06 13:30:25,5,10.27,140,256,1,Credit Card,42.96,1.0,0.5,8.59,0.0,2.75,55.8,23.4,13,Thursday,2024-06-06,2024-06
trip_0001387,2,2024-05-02 18:23:00,2024-05-02 18:38:25,1,6.66,237,141,1,Credit Card,29.03,2.5,0.5,4.35,0.0,2.75,39.13,15.4,18,Thursday,2024-05-02,2024-05
trip_0001388,1,2024-03-28 05:58:00,2024-03-28 06:08:35,1,3.17,18,249,1,Credit Card,17.01,1.0,0.5,2.55,0.0,2.75,23.81,10.6,5,Thursday,2024-03-28,2024-03
trip_0001389,2,2024-01-28 12:18:00,2024-01-28 12:30:00,2,4.72,68,230,1,Credit Card,21.99,1.0,0.5,3.3,0.0,2.75,29.54,12.0,12,Sunday,2024-01-28,2024-01
trip_0001390,1,2024-05-22 07:27:00,2024-05-22 07:43:13,1,6.69,80,255,1,Credit Card,29.51,1.0,0.5,5.9,0.0,2.75,39.66,16.2,7,Wednesday,2024-05-22,2024-05
trip_0001391,2,2024-02-17 06:42:00,2024-02-17 07:09:06,1,4.9,100,164,1,Cash,30.03,1.0,0.5,7.51,0.0,2.75,41.79,27.1,6,Saturday,2024-02-17,2024-02
trip_0001392,2,2024-06-09 19:43:00,2024-06-09 20:04:53,2,5.87,230,50,1,Credit Card,30.09,2.5,0.5,6.02,0.0,2.75,41.86,21.9,19,Sunday,2024-06-09,2024-06
trip_0001393,2,2024-05-16 22:31:00,2024-05-16 22:48:24,2,4.97,255,140,1,Credit Card,25.37,1.0,0.5,6.34,0.0,2.75,35.96,17.4,22,Thursday,2024-05-16,2024-05
trip_0001394,2,2024-05-17 16:28:00,2024-05-17 16:43:31,1,4.74,100,142,1,Credit Card,23.8,2.5,0.5,3.57,0.0,2.75,33.12,15.5,16,Friday,2024-05-17,2024-05
trip_0001395,1,2024-06-12 04:43:00,2024-06-12 04:58:39,2,4.75,50,68,1,Credit Card,23.89,1.0,0.5,5.97,0.0,2.75,34.11,15.7,4,Wednesday,2024-06-12,2024-06
trip_0001396,1,2024-01-09 16:03:00,2024-01-09 16:27:10,1,21.79,163,132,2,Cash,75.01,2.5,0.5,15.0,6.55,2.75,102.31,24.2,16,Tuesday,2024-01-09,2024-01
trip_0001397,2,2024-02-29 11:43:00,2024-02-29 12:02:38,1,20.58,186,138,2,Credit Card,69.42,1.0,0.5,13.88,6.55,2.75,94.1,19.6,11,Thursday,2024-02-29,2024-02
trip_0001398,1,2024-01-19 07:49:00,2024-01-19 08:12:45,1,4.61,231,140,1,Credit Card,27.56,1.0,0.5,4.13,0.0,2.75,35.94,23.8,7,Friday,2024-01-19,2024-01
trip_0001399,2,2024-02-02 14:53:00,2024-02-02 15:20:18,1,9.63,79,256,1,Credit Card,43.14,1.0,0.5,6.47,0.0,2.75,53.86,27.3,14,Friday,2024-02-02,2024-02
trip_0001400,2,2024-03-29 00:10:00,2024-03-29 00:44:53,1,10.84,143,145,1,Credit Card,50.26,1.0,0.5,0.0,0.0,2.75,54.51,34.9,0,Friday,2024-03-29,2024-03
trip_0001401,1,2024-01-09 18:41:00,2024-01-09 19:06:55,2,10.77,170,249,1,Credit Card,45.58,2.5,0.5,9.12,0.0,2.75,60.45,25.9,18,Tuesday,2024-01-09,2024-01
trip_0001402,2,2024-01-07 02:55:00,2024-01-07 03:23:42,1,12.19,234,256,1,Cash,50.88,1.0,0.5,0.0,0.0,2.75,55.13,28.7,2,Sunday,2024-01-07,2024-01
trip_0001403,2,2024-06-19 10:33:00,2024-06-19 10:44:30,1,3.85,43,143,1,Cash,19.34,1.0,0.5,0.0,0.0,2.75,23.59,11.5,10,Wednesday,2024-06-19,2024-06
trip_0001404,1,2024-05-07 10:26:00,2024-05-07 10:56:03,1,8.13,249,33,1,No Charge,40.39,1.0,0.5,0.0,0.0,2.75,44.64,30.1,10,Tuesday,2024-05-07,2024-05
trip_0001405,2,2024-04-21 03:02:00,2024-04-21 03:30:56,1,10.97,142,68,1,Credit Card,47.64,1.0,0.5,0.0,0.0,2.75,51.89,28.9,3,Sunday,2024-04-21,2024-04
trip_0001406,2,2024-06-22 03:57:00,2024-06-22 04:09:30,1,5.62,163,230,1,Credit Card,24.71,1.0,0.5,4.94,0.0,2.75,33.9,12.5,3,Saturday,2024-06-22,2024-06
trip_0001407,1,2024-06-15 04:39:00,2024-06-15 04:54:34,1,3.38,164,249,1,Credit Card,20.08,1.0,0.5,4.02,0.0,2.75,28.35,15.6,4,Saturday,2024-06-15,2024-06
trip_0001408,2,2024-02-23 22:25:00,2024-02-23 22:43:54,1,6.87,193,90,1,Cash,31.34,1.0,0.5,0.0,0.0,2.75,35.59,18.9,22,Friday,2024-02-23,2024-02
trip_0001409,1,2024-05-07 11:37:00,2024-05-07 11:53:00,1,3.71,163,230,1,Credit Card,21.21,1.0,0.5,3.18,0.0,2.75,28.64,16.0,11,Tuesday,2024-05-07,2024-05
trip_0001410,2,2024-03-15 02:37:00,2024-03-15 03:06:44,1,7.89,80,255,1,Credit Card,39.57,1.0,0.5,0.0,0.0,2.75,43.82,29.7,2,Friday,2024-03-15,2024-03
trip_0001411,2,2024-05-28 03:23:00,2024-05-28 03:38:20,1,4.9,50,80,1,Credit Card,24.15,1.0,0.5,4.83,0.0,2.75,33.23,15.3,3,Tuesday,2024-05-28,2024-05
trip_0001412,1,2024-05-28 04:26:00,2024-05-28 04:40:30,1,3.51,80,33,1,Credit Card,19.9,1.0,0.5,3.98,0.0,2.75,28.13,14.5,4,Tuesday,2024-05-28,2024-05
trip_0001413,2,2024-02-08 23:11:00,2024-02-08 23:26:04,3,6.02,231,50,1,Credit Card,27.09,1.0,0.5,5.42,0.0,2.75,36.76,15.1,23,Thursday,2024-02-08,2024-02
trip_0001414,1,2024-04-25 04:11:00,2024-04-25 04:22:17,1,3.72,249,48,1,Credit Card,18.88,1.0,0.5,4.72,0.0,2.75,27.85,11.3,4,Thursday,2024-04-25,2024-04
trip_0001415,1,2024-05-14 15:15:00,2024-05-14 15:36:34,1,8.02,145,100,1,Credit Card,35.84,1.0,0.5,7.17,0.0,2.75,47.26,21.6,15,Tuesday,2024-05-14,2024-05
trip_0001416,1,2024-05-15 15:18:00,2024-05-15 15:30:12,2,3.98,141,80,1,Cash,20.05,1.0,0.5,4.01,0.0,2.75,28.31,12.2,15,Wednesday,2024-05-15,2024-05
trip_0001417,2,2024-03-28 13:50:00,2024-03-28 14:01:55,6,5.02,50,145,1,Cash,22.77,1.0,0.5,3.42,0.0,2.75,30.44,11.9,13,Thursday,2024-03-28,2024-03
trip_0001418,2,2024-05-17 16:05:00,2024-05-17 16:26:00,1,6.86,170,143,1,Credit Card,32.37,2.5,0.5,8.09,0.0,2.75,46.21,21.0,16,Friday,2024-05-17,2024-05
trip_0001419,2,2024-05-03 22:25:00,2024-05-03 22:33:57,4,3.32,50,80,1,No Charge,16.61,1.0,0.5,3.32,0.0,2.75,24.18,9.0,22,Friday,2024-05-03,2024-05
trip_0001420,1,2024-05-10 00:17:00,2024-05-10 00:34:54,1,21.45,170,138,2,Credit Card,70.94,1.0,0.5,17.74,6.55,2.75,99.48,17.9,0,Friday,2024-05-10,2024-05
trip_0001421,2,2024-05-24 16:55:00,2024-05-24 17:02:21,1,1.59,236,249,1,Credit Card,11.05,2.5,0.5,2.21,0.0,2.75,19.01,7.4,16,Friday,2024-05-24,2024-05
trip_0001422,2,2024-01-01 21:12:00,2024-01-01 21:19:51,1,1.9,145,193,1,Credit Card,12.15,1.0,0.5,1.82,0.0,2.75,18.22,7.9,21,Monday,2024-01-01,2024-01
trip_0001423,2,2024-01-10 07:19:00,2024-01-10 07:43:51,1,6.93,143,186,1,Credit Card,34.49,1.0,0.5,6.9,0.0,2.75,45.64,24.9,7,Wednesday,2024-01-10,2024-01
trip_0001424,1,2024-05-22 14:51:00,2024-05-22 15:30:31,1,9.41,238,231,1,Credit Card,48.64,1.0,0.5,7.3,0.0,2.75,60.19,39.5,14,Wednesday,2024-05-22,2024-05
trip_0001425,2,2024-03-13 05:47:00,2024-03-13 06:14:15,4,5.37,43,145,1,Credit Card,31.4,1.0,0.5,0.0,0.0,2.75,35.65,27.3,5,Wednesday,2024-03-13,2024-03
trip_0001426,2,2024-02-12 16:17:00,2024-02-12 16:24:55,1,3.16,7,140,1,Cash,15.66,2.5,0.5,3.92,0.0,2.75,25.33,7.9,16,Monday,2024-02-12,2024-02
trip_0001427,2,2024-02-14 16:12:00,2024-02-14 16:30:25,2,7.47,162,33,1,Credit Card,32.75,2.5,0.5,6.55,0.0,2.75,45.05,18.4,16,Wednesday,2024-02-14,2024-02
trip_0001428,1,2024-04-17 19:01:00,2024-04-17 19:12:30,1,3.68,7,143,1,Credit Card,18.88,2.5,0.5,0.0,0.0,2.75,24.63,11.5,19,Wednesday,2024-04-17,2024-04
trip_0001429,2,2024-04-21 07:58:00,2024-04-21 08:15:33,1,4.41,79,145,1,Credit Card,23.91,1.0,0.5,3.59,0.0,2.75,31.75,17.6,7,Sunday,2024-04-21,2024-04
trip_0001430,1,2024-05-04 05:30:00,2024-05-04 05:36:39,2,1.33,163,186,1,Credit Card,9.98,1.0,0.5,2.5,0.0,2.75,16.73,6.7,5,Saturday,2024-05-04,2024-05
trip_0001431,1,2024-04-19 21:52:00,2024-04-19 22:06:59,1,16.56,138,1,2,Credit Card,56.04,1.0,0.5,14.01,6.55,2.75,80.85,15.0,21,Friday,2024-04-19,2024-04
trip_0001432,2,2024-05-26 05:12:00,2024-05-26 05:54:59,3,12.41,100,249,1,Cash,58.62,1.0,0.5,0.0,0.0,2.75,62.87,43.0,5,Sunday,2024-05-26,2024-05
trip_0001433,2,2024-05-11 16:28:00,2024-05-11 16:42:41,5,6.27,48,239,1,Credit Card,27.59,2.5,0.5,5.52,0.0,2.75,38.86,14.7,16,Saturday,2024-05-11,2024-05
trip_0001434,2,2024-06-15 02:25:00,2024-06-15 02:44:34,4,3.83,231,249,1,No Charge,23.32,1.0,0.5,3.5,0.0,2.75,31.07,19.6,2,Saturday,2024-06-15,2024-06
trip_0001435,1,2024-03-21 02:55:00,2024-03-21 03:22:38,1,11.18,162,48,1,Cash,47.57,1.0,0.5,9.51,0.0,2.75,61.33,27.6,2,Thursday,2024-03-21,2024-03
trip_0001436,2,2024-02-22 13:50:00,2024-02-22 14:03:52,1,4.49,186,231,1,Credit Card,22.29,1.0,0.5,0.0,0.0,2.75,26.54,13.9,13,Thursday,2024-02-22,2024-02
trip_0001437,2,2024-06-12 10:20:00,2024-06-12 10:40:11,1,12.02,138,100,2,Credit Card,46.15,1.0,0.5,6.92,6.55,2.75,63.87,20.2,10,Wednesday,2024-06-12,2024-06
trip_0001438,2,2024-01-15 23:19:00,2024-01-15 23:42:19,4,7.14,61,143,1,Credit Card,34.3,1.0,0.5,0.0,0.0,2.75,38.55,23.3,23,Monday,2024-01-15,2024-01
trip_0001439,2,2024-01-12 07:30:00,2024-01-12 08:08:22,6,12.87,255,43,1,Credit Card,57.58,1.0,0.5,8.64,0.0,2.75,70.47,38.4,7,Friday,2024-01-12,2024-01
trip_0001440,2,2024-06-16 11:17:00,2024-06-16 11:28:37,1,4.83,238,18,1,Credit Card,22.1,1.0,0.5,5.52,0.0,2.75,31.87,11.6,11,Sunday,2024-06-16,2024-06
trip_0001441,2,2024-01-18 09:57:00,2024-01-18 10:07:33,2,3.02,162,7,1,Cash,16.58,1.0,0.5,0.0,0.0,2.75,20.83,10.6,9,Thursday,2024-01-18,2024-01
trip_0001442,2,2024-05-12 04:24:00,2024-05-12 04:41:16,1,19.66,170,138,2,Credit Card,65.7,1.0,0.5,13.14,6.55,2.75,89.64,17.3,4,Sunday,2024-05-12,2024-05
trip_0001443,1,2024-05-16 23:55:00,2024-05-17 00:34:26,1,10.1,79,249,1,Credit Card,50.5,1.0,0.5,7.57,0.0,2.75,62.32,39.4,23,Thursday,2024-05-16,2024-05
trip_0001444,2,2024-01-26 06:43:00,2024-01-26 06:58:18,1,6.21,141,186,1,Cash,27.73,1.0,0.5,5.55,0.0,2.75,37.53,15.3,6,Friday,2024-01-26,2024-01
trip_0001445,2,2024-04-04 15:40:00,2024-04-04 15:51:35,2,20.74,1,43,1,Cash,65.83,1.0,0.5,13.17,0.0,2.75,83.25,11.6,15,Thursday,2024-04-04,2024-04
trip_0001446,1,2024-03-11 23:55:00,2024-03-12 00:21:36,1,11.94,68,68,1,Credit Card,49.14,1.0,0.5,0.0,0.0,2.75,53.39,26.6,23,Monday,2024-03-11,2024-03
trip_0001447,1,2024-03-03 09:16:00,2024-03-03 09:33:31,2,6.62,238,142,1,Credit Card,29.97,1.0,0.5,4.5,0.0,2.75,38.72,17.5,9,Sunday,2024-03-03,2024-03
trip_0001448,1,2024-03-17 05:15:00,2024-03-17 05:27:59,2,2.79,143,79,1,Credit Card,17.17,1.0,0.5,2.58,0.0,2.75,24.0,13.0,5,Sunday,2024-03-17,2024-03
trip_0001449,2,2024-04-26 08:15:00,2024-04-26 08:40:52,3,15.24,138,230,2,Credit Card,57.84,1.0,0.5,0.0,6.55,2.75,68.64,25.9,8,Friday,2024-04-26,2024-04
trip_0001450,2,2024-05-15 18:14:00,2024-05-15 18:29:29,1,13.32,164,132,2,Credit Card,47.37,2.5,0.5,7.11,6.55,2.75,66.78,15.5,18,Wednesday,2024-05-15,2024-05
trip_0001451,2,2024-05-30 04:52:00,2024-05-30 05:09:47,5,5.0,249,18,1,No Charge,25.64,1.0,0.5,3.85,0.0,2.75,33.74,17.8,4,Thursday,2024-05-30,2024-05
trip_0001452,1,2024-06-18 05:49:00,2024-06-18 06:06:59,1,7.56,162,255,1,Credit Card,32.79,1.0,0.5,6.56,0.0,2.75,43.6,18.0,5,Tuesday,2024-06-18,2024-06
trip_0001453,1,2024-05-03 09:02:00,2024-05-03 09:12:13,1,4.07,18,140,1,Credit Card,19.31,1.0,0.5,2.9,0.0,2.75,26.46,10.2,9,Friday,2024-05-03,2024-05
trip_0001454,2,2024-03-12 00:40:00,2024-03-12 01:00:38,1,7.59,256,143,1,Credit Card,34.19,1.0,0.5,6.84,0.0,2.75,45.28,20.6,0,Tuesday,2024-03-12,2024-03
trip_0001455,1,2024-03-06 14:28:00,2024-03-06 14:42:05,1,5.86,236,50,1,Credit Card,26.16,1.0,0.5,5.23,0.0,2.75,35.64,14.1,14,Wednesday,2024-03-06,2024-03
trip_0001456,1,2024-05-07 18:16:00,2024-05-07 18:30:19,1,3.46,164,234,1,Credit Card,19.68,2.5,0.5,2.95,0.0,2.75,28.38,14.3,18,Tuesday,2024-05-07,2024-05
trip_0001457,2,2024-05-17 10:40:00,2024-05-17 11:16:03,1,15.81,236,43,1,Credit Card,64.51,1.0,0.5,12.9,0.0,2.75,81.66,36.1,10,Friday,2024-05-17,2024-05
trip_0001458,1,2024-04-03 06:05:00,2024-04-03 06:17:53,2,5.69,80,161,1,Credit Card,25.1,1.0,0.5,5.02,0.0,2.75,34.37,12.9,6,Wednesday,2024-04-03,2024-04
trip_0001459,1,2024-01-22 18:13:00,2024-01-22 18:27:04,2,5.29,61,249,1,Credit Card,24.58,2.5,0.5,3.69,0.0,2.75,34.02,14.1,18,Monday,2024-01-22,2024-01
trip_0001460,1,2024-05-07 13:07:00,2024-05-07 13:28:42,1,14.85,141,138,2,Credit Card,54.69,1.0,0.5,10.94,6.55,2.75,76.43,21.7,13,Tuesday,2024-05-07,2024-05
trip_0001461,2,2024-03-09 06:12:00,2024-03-09 06:39:03,1,6.91,7,90,1,Credit Card,35.54,1.0,0.5,0.0,0.0,2.75,39.79,27.1,6,Saturday,2024-03-09,2024-03
trip_0001462,1,2024-01-10 21:56:00,2024-01-10 22:09:37,1,5.04,256,161,1,Cash,23.67,1.0,0.5,0.0,0.0,2.75,27.92,13.6,21,Wednesday,2024-01-10,2024-01
trip_0001463,1,2024-04-07 00:06:00,2024-04-07 00:25:52,1,7.78,163,142,1,Credit Card,34.33,1.0,0.5,5.15,0.0,2.75,43.73,19.9,0,Sunday,2024-04-07,2024-04
trip_0001464,1,2024-01-18 09:36:00,2024-01-18 09:52:23,1,6.18,79,249,1,Credit Card,28.19,1.0,0.5,5.64,0.0,2.75,38.08,16.4,9,Thursday,2024-01-18,2024-01
trip_0001465,2,2024-02-29 21:41:00,2024-02-29 21:45:14,1,1.44,186,234,1,Credit Card,9.08,1.0,0.5,0.0,0.0,2.75,13.33,4.2,21,Thursday,2024-02-29,2024-02
trip_0001466,2,2024-02-15 14:41:00,2024-02-15 14:55:09,1,3.75,231,141,1,Credit Card,20.39,1.0,0.5,4.08,0.0,2.75,28.72,14.2,14,Thursday,2024-02-15,2024-02
trip_0001467,1,2024-03-21 00:37:00,2024-03-21 01:04:42,1,11.19,249,163,1,Credit Card,47.63,1.0,0.5,0.0,0.0,2.75,51.88,27.7,0,Thursday,2024-03-21,2024-03
trip_0001468,1,2024-03-15 13:26:00,2024-03-15 13:41:54,1,5.12,143,186,1,Credit Card,25.04,1.0,0.5,5.01,0.0,2.75,34.3,15.9,13,Friday,2024-03-15,2024-03
trip_0001469,2,2024-02-10 21:51:00,2024-02-10 22:17:58,1,11.63,231,164,1,Cash,48.47,1.0,0.5,9.69,0.0,2.75,62.41,27.0,21,Saturday,2024-02-10,2024-02
trip_0001470,1,2024-06-19 01:38:00,2024-06-19 01:57:45,1,8.7,43,7,1,Credit Card,36.81,1.0,0.5,7.36,0.0,2.75,48.42,19.8,1,Wednesday,2024-06-19,2024-06
trip_0001471,1,2024-02-20 14:29:00,2024-02-20 14:37:54,1,1.87,33,164,1,Credit Card,12.6,1.0,0.5,2.52,0.0,2.75,19.37,8.9,14,Tuesday,2024-02-20,2024-02
trip_0001472,1,2024-03-24 09:01:00,2024-03-24 09:12:52,1,4.89,164,231,1,Credit Card,22.38,1.0,0.5,4.48,0.0,2.75,31.11,11.9,9,Sunday,2024-03-24,2024-03
trip_0001473,1,2024-02-13 09:31:00,2024-02-13 09:47:27,1,3.12,249,164,1,No Charge,19.81,1.0,0.5,3.96,0.0,2.75,28.02,16.5,9,Tuesday,2024-02-13,2024-02
trip_0001474,1,2024-06-25 17:37:00,2024-06-25 18:11:03,1,8.78,143,18,1,Credit Card,44.18,2.5,0.5,8.84,0.0,2.75,58.77,34.1,17,Tuesday,2024-06-25,2024-06
trip_0001475,1,2024-01-27 04:37:00,2024-01-27 04:52:03,5,4.06,68,234,1,Credit Card,21.69,1.0,0.5,0.0,0.0,2.75,25.94,15.1,4,Saturday,2024-01-27,2024-01
trip_0001476,2,2024-04-27 09:01:00,2024-04-27 09:11:44,6,4.34,193,161,1,Credit Card,20.31,1.0,0.5,3.05,0.0,2.75,27.61,10.7,9,Saturday,2024-04-27,2024-04
trip_0001477,1,2024-04-04 16:30:00,2024-04-04 16:46:03,1,5.5,239,186,1,Cash,26.16,2.5,0.5,3.92,0.0,2.75,35.83,16.1,16,Thursday,2024-04-04,2024-04
trip_0001478,2,2024-05-09 07:27:00,2024-05-09 07:48:00,1,7.59,79,234,1,Cash,34.38,1.0,0.5,5.16,0.0,2.75,43.79,21.0,7,Thursday,2024-05-09,2024-05
trip_0001479,1,2024-03-29 20:27:00,2024-03-29 21:00:03,1,6.5,186,33,1,Cash,37.4,1.0,0.5,5.61,0.0,2.75,47.26,33.1,20,Friday,2024-03-29,2024-03
trip_0001480,1,2024-04-22 04:40:00,2024-04-22 04:53:40,1,5.55,164,234,1,Credit Card,25.1,1.0,0.5,5.02,0.0,2.75,34.37,13.7,4,Monday,2024-04-22,2024-04
trip_0001481,1,2024-04-02 10:07:00,2024-04-02 10:25:31,1,4.62,249,230,1,Credit Card,24.96,1.0,0.5,0.0,0.0,2.75,29.21,18.5,10,Tuesday,2024-04-02,2024-04
trip_0001482,2,2024-03-28 13:16:00,2024-03-28 13:35:29,1,6.91,143,50,1,Credit Card,31.74,1.0,0.5,4.76,0.0,2.75,40.75,19.5,13,Thursday,2024-03-28,2024-03
trip_0001483,1,2024-06-27 05:30:00,2024-06-27 05:51:17,1,8.08,145,79,1,Credit Card,35.87,1.0,0.5,5.38,0.0,2.75,45.5,21.3,5,Thursday,2024-06-27,2024-06
trip_0001484,2,2024-05-25 09:46:00,2024-05-25 10:00:56,1,5.62,230,186,1,Cash,25.93,1.0,0.5,0.0,0.0,2.75,30.18,14.9,9,Saturday,2024-05-25,2024-05
trip_0001485,2,2024-04-29 01:22:00,2024-04-29 01:43:08,2,14.21,138,68,2,Credit Card,52.65,1.0,0.5,7.9,6.55,2.75,71.35,21.1,1,Monday,2024-04-29,2024-04
trip_0001486,2,2024-06-28 16:18:00,2024-06-28 16:36:17,1,6.37,80,234,1,Credit Card,29.67,2.5,0.5,4.45,0.0,2.75,39.87,18.3,16,Friday,2024-06-28,2024-06
trip_0001487,1,2024-04-10 02:55:00,2024-04-10 03:17:46,2,5.26,237,170,1,Credit Card,28.86,1.0,0.5,5.77,0.0,2.75,38.88,22.8,2,Wednesday,2024-04-10,2024-04
trip_0001488,2,2024-01-30 01:49:00,2024-01-30 02:05:33,1,3.6,255,140,1,Credit Card,21.18,1.0,0.5,5.3,0.0,2.75,30.73,16.6,1,Tuesday,2024-01-30,2024-01
trip_0001489,1,2024-04-22 17:54:00,2024-04-22 18:07:58,2,5.13,239,237,1,Credit Card,24.1,2.5,0.5,4.82,0.0,2.75,34.67,14.0,17,Monday,2024-04-22,2024-04
trip_0001490,1,2024-01-14 04:44:00,2024-01-14 04:51:52,1,3.17,239,7,1,Credit Card,15.65,1.0,0.5,3.91,0.0,2.75,23.81,7.9,4,Sunday,2024-01-14,2024-01
trip_0001491,2,2024-03-28 12:05:00,2024-03-28 12:38:15,2,18.63,132,239,2,Cash,70.87,1.0,0.5,10.63,6.55,2.75,92.3,33.3,12,Thursday,2024-03-28,2024-03
trip_0001492,2,2024-04-01 05:17:00,2024-04-01 05:26:22,2,3.2,236,50,1,Credit Card,16.49,1.0,0.5,3.3,0.0,2.75,24.04,9.4,5,Monday,2024-04-01,2024-04
trip_0001493,2,2024-02-13 02:03:00,2024-02-13 02:24:28,1,14.06,43,132,2,Credit Card,52.4,1.0,0.5,7.86,6.55,2.75,71.06,21.5,2,Tuesday,2024-02-13,2024-02
trip_0001494,2,2024-04-24 18:05:00,2024-04-24 18:14:11,1,2.55,140,161,1,Credit Card,14.61,2.5,0.5,3.65,0.0,2.75,24.01,9.2,18,Wednesday,2024-04-24,2024-04
trip_0001495,1,2024-02-10 05:27:00,2024-02-10 05:49:26,1,5.23,141,140,1,Credit Card,28.6,1.0,0.5,4.29,0.0,2.75,37.14,22.4,5,Saturday,2024-02-10,2024-02
trip_0001496,1,2024-03-03 02:17:00,2024-03-03 02:47:26,2,6.32,230,143,1,Cash,35.6,1.0,0.5,5.34,0.0,2.75,45.19,30.4,2,Sunday,2024-03-03,2024-03
trip_0001497,1,2024-01-09 21:36:00,2024-01-09 21:48:28,1,2.48,236,237,1,Credit Card,16.06,1.0,0.5,0.0,0.0,2.75,20.31,12.5,21,Tuesday,2024-01-09,2024-01
trip_0001498,2,2024-05-09 00:13:00,2024-05-09 00:25:04,2,5.34,100,18,1,Credit Card,23.73,1.0,0.5,4.75,0.0,2.75,32.73,12.1,0,Thursday,2024-05-09,2024-05
trip_0001499,2,2024-01-15 06:53:00,2024-01-15 07:08:42,1,6.43,18,90,1,Credit Card,28.54,1.0,0.5,5.71,0.0,2.75,38.5,15.7,6,Monday,2024-01-15,2024-01
trip_0001500,2,2024-01-16 05:36:00,2024-01-16 05:57:31,1,19.53,237,138,2,Cash,67.47,1.0,0.5,13.49,6.55,2.75,91.76,21.5,5,Tuesday,2024-01-16,2024-01
trip_0001501,1,2024-05-19 09:00:00,2024-05-19 09:10:59,1,4.55,170,79,1,Credit Card,21.01,1.0,0.5,3.15,0.0,2.75,28.41,11.0,9,Sunday,2024-05-19,2024-05
trip_0001502,2,2024-03-16 08:42:00,2024-03-16 08:56:36,1,20.59,43,1,1,Credit Card,66.92,1.0,0.5,10.04,0.0,2.75,81.21,14.6,8,Saturday,2024-03-16,2024-03
trip_0001503,2,2024-02-26 14:41:00,2024-02-26 15:02:31,1,9.08,237,90,1,Cash,38.74,1.0,0.5,5.81,0.0,2.75,48.8,21.5,14,Monday,2024-02-26,2024-02
trip_0001504,1,2024-04-04 07:40:00,2024-04-04 08:11:56,1,12.57,163,234,1,Credit Card,53.54,1.0,0.5,8.03,0.0,2.75,65.82,31.9,7,Thursday,2024-04-04,2024-04
trip_0001505,1,2024-04-04 15:54:00,2024-04-04 16:10:42,5,4.63,237,256,1,Credit Card,24.09,1.0,0.5,0.0,0.0,2.75,28.34,16.7,15,Thursday,2024-04-04,2024-04
trip_0001506,2,2024-06-25 18:33:00,2024-06-25 18:52:44,1,7.12,238,236,1,Credit Card,32.45,2.5,0.5,4.87,0.0,2.75,43.07,19.7,18,Tuesday,2024-06-25,2024-06
trip_0001507,1,2024-06-15 11:44:00,2024-06-15 12:10:09,1,20.06,90,138,2,Credit Card,71.25,1.0,0.5,17.81,6.55,2.75,99.86,26.2,11,Saturday,2024-06-15,2024-06
trip_0001508,2,2024-04-05 03:33:00,2024-04-05 04:03:55,2,5.94,68,79,1,Credit Card,34.8,1.0,0.5,0.0,0.0,2.75,39.05,30.9,3,Friday,2024-04-05,2024-04
trip_0001509,1,2024-06-13 14:42:00,2024-06-13 15:02:02,1,3.85,145,68,1,Credit Card,23.61,1.0,0.5,4.72,0.0,2.75,32.58,20.0,14,Thursday,2024-06-13,2024-06
trip_0001510,1,2024-04-21 10:08:00,2024-04-21 10:27:17,1,6.15,161,236,1,Credit Card,29.56,1.0,0.5,0.0,0.0,2.75,33.81,19.3,10,Sunday,2024-04-21,2024-04
trip_0001511,2,2024-01-05 04:59:00,2024-01-05 05:27:30,1,6.94,80,162,1,Credit Card,36.34,1.0,0.5,5.45,0.0,2.75,46.04,28.5,4,Friday,2024-01-05,2024-01
trip_0001512,1,2024-05-14 06:13:00,2024-05-14 06:27:28,2,11.62,18,1,1,Credit Card,42.2,1.0,0.5,10.55,0.0,2.75,57.0,14.5,6,Tuesday,2024-05-14,2024-05
trip_0001513,1,2024-01-04 03:48:00,2024-01-04 03:55:11,1,2.29,163,164,1,Credit Card,12.9,1.0,0.5,1.94,0.0,2.75,19.09,7.2,3,Thursday,2024-01-04,2024-01
trip_0001514,2,2024-01-29 22:33:00,2024-01-29 22:47:10,1,5.25,107,142,1,Cash,24.52,1.0,0.5,3.68,0.0,2.75,32.45,14.2,22,Monday,2024-01-29,2024-01
trip_0001515,2,2024-02-29 12:22:00,2024-02-29 12:39:33,6,5.08,230,193,1,Credit Card,25.75,1.0,0.5,0.0,0.0,2.75,30.0,17.6,12,Thursday,2024-02-29,2024-02
trip_0001516,2,2024-04-03 22:44:00,2024-04-03 23:10:28,2,5.97,249,107,1,Credit Card,32.65,1.0,0.5,4.9,0.0,2.75,41.8,26.5,22,Wednesday,2024-04-03,2024-04
trip_0001517,2,2024-02-20 03:13:00,2024-02-20 03:37:45,1,14.26,230,138,2,Credit Card,54.59,1.0,0.5,8.19,6.55,2.75,73.58,24.8,3,Tuesday,2024-02-20,2024-02
trip_0001518,1,2024-06-19 08:09:00,2024-06-19 08:34:25,2,6.04,186,236,1,Credit Card,32.32,1.0,0.5,6.46,0.0,2.75,43.03,25.4,8,Wednesday,2024-06-19,2024-06
trip_0001519,2,2024-01-10 08:39:00,2024-01-10 08:56:15,1,6.21,161,90,1,Credit Card,28.7,1.0,0.5,0.0,0.0,2.75,32.95,17.3,8,Wednesday,2024-01-10,2024-01
trip_0001520,1,2024-01-20 01:44:00,2024-01-20 02:07:39,1,7.11,234,141,1,Cash,34.38,1.0,0.5,6.88,0.0,2.75,45.51,23.7,1,Saturday,2024-01-20,2024-01
trip_0001521,1,2024-03-08 16:27:00,2024-03-08 16:50:08,2,6.86,7,80,1,Credit Card,33.44,2.5,0.5,5.02,0.0,2.75,44.21,23.1,16,Friday,2024-03-08,2024-03
trip_0001522,2,2024-05-07 09:47:00,2024-05-07 09:53:12,1,1.29,68,236,1,Credit Card,9.65,1.0,0.5,1.45,0.0,2.75,15.35,6.2,9,Tuesday,2024-05-07,2024-05
trip_0001523,1,2024-06-10 21:06:00,2024-06-10 21:19:05,1,17.6,142,1,1,Credit Card,57.94,1.0,0.5,8.69,0.0,2.75,70.88,13.1,21,Monday,2024-06-10,2024-06
trip_0001524,2,2024-02-02 04:45:00,2024-02-02 04:59:22,5,13.34,138,140,2,Cash,46.87,1.0,0.5,11.72,6.55,2.75,69.39,14.4,4,Friday,2024-02-02,2024-02
trip_0001525,1,2024-04-07 20:00:00,2024-04-07 20:20:49,1,6.11,231,186,1,Credit Card,30.22,1.0,0.5,4.53,0.0,2.75,39.0,20.8,20,Sunday,2024-04-07,2024-04
trip_0001526,1,2024-02-29 15:43:00,2024-02-29 15:58:10,1,5.94,107,7,1,Credit Card,26.93,1.0,0.5,5.39,0.0,2.75,36.57,15.2,15,Thursday,2024-02-29,2024-02
trip_0001527,2,2024-05-01 20:37:00,2024-05-01 21:15:48,2,17.13,142,170,1,Credit Card,69.51,1.0,0.5,10.43,0.0,2.75,84.19,38.8,20,Wednesday,2024-05-01,2024-05
trip_0001528,1,2024-05-13 14:46:00,2024-05-13 14:58:24,1,2.72,143,145,1,Credit Card,16.68,1.0,0.5,3.34,0.0,2.75,24.27,12.4,14,Monday,2024-05-13,2024-05
trip_0001529,2,2024-05-04 12:24:00,2024-05-04 12:32:54,1,11.3,50,1,1,Credit Card,38.53,1.0,0.5,0.0,0.0,2.75,42.78,8.9,12,Saturday,2024-05-04,2024-05
trip_0001530,1,2024-04-23 21:01:00,2024-04-23 21:29:02,1,5.45,100,100,1,Credit Card,32.0,1.0,0.5,0.0,0.0,2.75,36.25,28.0,21,Tuesday,2024-04-23,2024-04
trip_0001531,2,2024-05-06 18:52:00,2024-05-06 19:01:34,1,2.38,237,231,1,Credit Card,14.34,2.5,0.5,2.15,0.0,2.75,22.24,9.6,18,Monday,2024-05-06,2024-05
trip_0001532,1,2024-04-25 17:14:00,2024-04-25 17:37:32,1,18.1,249,132,2,Credit Card,64.55,2.5,0.5,12.91,6.55,2.75,89.76,23.5,17,Thursday,2024-04-25,2024-04
trip_0001533,1,2024-05-31 05:26:00,2024-05-31 05:58:53,5,11.97,79,68,1,Credit Card,52.36,1.0,0.5,7.85,0.0,2.75,64.46,32.9,5,Friday,2024-05-31,2024-05
trip_0001534,2,2024-03-10 17:40:00,2024-03-10 17:48:07,1,2.86,236,7,1,Credit Card,14.93,2.5,0.5,2.99,0.0,2.75,23.67,8.1,17,Sunday,2024-03-10,2024-03
trip_0001535,2,2024-05-02 23:31:00,2024-05-02 23:50:54,1,3.74,140,236,1,Credit Card,23.24,1.0,0.5,0.0,0.0,2.75,27.49,19.9,23,Thursday,2024-05-02,2024-05
trip_0001536,1,2024-04-08 15:03:00,2024-04-08 15:33:32,1,8.76,164,143,1,Credit Card,42.36,1.0,0.5,0.0,0.0,2.75,46.61,30.5,15,Monday,2024-04-08,2024-04
trip_0001537,1,2024-03-26 10:43:00,2024-03-26 11:03:17,1,3.89,107,48,1,Credit Card,23.84,1.0,0.5,5.96,0.0,2.75,34.05,20.3,10,Tuesday,2024-03-26,2024-03
trip_0001538,1,2024-03-31 23:16:00,2024-03-31 23:33:40,1,5.8,237,256,1,Credit Card,27.79,1.0,0.5,0.0,0.0,2.75,32.04,17.7,23,Sunday,2024-03-31,2024-03
trip_0001539,2,2024-04-01 11:04:00,2024-04-01 11:16:21,2,21.41,164,1,1,Credit Card,68.06,1.0,0.5,13.61,0.0,2.75,85.92,12.4,11,Monday,2024-04-01,2024-04
trip_0001540,2,2024-03-14 15:42:00,2024-03-14 16:06:51,2,5.73,238,239,1,Cash,31.19,1.0,0.5,6.24,0.0,2.75,41.68,24.9,15,Thursday,2024-03-14,2024-03
trip_0001541,2,2024-01-21 20:27:00,2024-01-21 20:41:16,1,17.42,107,1,1,Cash,58.04,1.0,0.5,11.61,0.0,2.75,73.9,14.3,20,Sunday,2024-01-21,2024-01
trip_0001542,2,2024-05-03 04:58:00,2024-05-03 05:08:01,3,2.67,163,256,1,Cash,15.35,1.0,0.5,0.0,0.0,2.75,19.6,10.0,4,Friday,2024-05-03,2024-05
trip_0001543,2,2024-04-23 14:20:00,2024-04-23 14:31:35,2,2.59,141,7,1,Credit Card,15.91,1.0,0.5,3.18,0.0,2.75,23.34,11.6,14,Tuesday,2024-04-23,2024-04
trip_0001544,2,2024-01-31 01:58:00,2024-01-31 02:07:11,3,2.46,238,186,1,Credit Card,14.36,1.0,0.5,2.87,0.0,2.75,21.48,9.2,1,Wednesday,2024-01-31,2024-01
trip_0001545,2,2024-05-14 14:39:00,2024-05-14 14:54:06,2,3.03,231,164,1,Credit Card,18.88,1.0,0.5,2.83,0.0,2.75,25.96,15.1,14,Tuesday,2024-05-14,2024-05
trip_0001546,2,2024-02-23 02:23:00,2024-02-23 02:40:35,1,7.17,140,236,1,Credit Card,31.52,1.0,0.5,0.0,0.0,2.75,35.77,17.6,2,Friday,2024-02-23,2024-02
trip_0001547,1,2024-02-21 20:59:00,2024-02-21 21:41:51,1,10.13,100,90,1,Credit Card,52.29,1.0,0.5,13.07,0.0,2.75,69.61,42.9,20,Wednesday,2024-02-21,2024-02
trip_0001548,1,2024-03-25 11:18:00,2024-03-25 11:27:17,5,4.04,238,7,1,Credit Card,18.75,1.0,0.5,3.75,0.0,2.75,26.75,9.3,11,Monday,2024-03-25,2024-03
trip_0001549,1,2024-06-02 08:28:00,2024-06-02 08:45:16,1,5.89,230,231,1,Credit Card,27.83,1.0,0.5,5.57,0.0,2.75,37.65,17.3,8,Sunday,2024-06-02,2024-06
trip_0001550,1,2024-01-04 23:36:00,2024-01-04 23:41:42,1,1.14,238,163,1,Credit Card,8.99,1.0,0.5,0.0,0.0,2.75,13.24,5.7,23,Thursday,2024-01-04,2024-01
trip_0001551,1,2024-02-21 21:42:00,2024-02-21 21:57:50,1,4.09,79,238,1,Credit Card,22.17,1.0,0.5,3.33,0.0,2.75,29.75,15.8,21,Wednesday,2024-02-21,2024-02
trip_0001552,1,2024-01-16 16:15:00,2024-01-16 16:25:22,1,2.74,237,186,1,Cash,15.72,2.5,0.5,3.14,0.0,2.75,24.61,10.4,16,Tuesday,2024-01-16,2024-01
trip_0001553,2,2024-05-12 22:02:00,2024-05-12 22:09:25,6,2.95,141,161,1,Credit Card,14.83,1.0,0.5,0.0,0.0,2.75,19.08,7.4,22,Sunday,2024-05-12,2024-05
trip_0001554,2,2024-02-26 15:01:00,2024-02-26 15:35:55,2,6.44,143,239,1,Credit Card,38.17,1.0,0.5,7.63,0.0,2.75,50.05,34.9,15,Monday,2024-02-26,2024-02
trip_0001555,1,2024-05-12 01:16:00,2024-05-12 01:23:02,5,3.16,43,90,1,Credit Card,15.21,1.0,0.5,3.04,0.0,2.75,22.5,7.0,1,Sunday,2024-05-12,2024-05
trip_0001556,1,2024-06-24 08:55:00,2024-06-24 09:19:15,1,8.71,163,236,1,Credit Card,39.08,1.0,0.5,7.82,0.0,2.75,51.15,24.3,8,Monday,2024-06-24,2024-06
trip_0001557,1,2024-04-25 22:52:00,2024-04-25 23:07:05,2,5.91,170,7,1,Credit Card,26.8,1.0,0.5,5.36,0.0,2.75,36.41,15.1,22,Thursday,2024-04-25,2024-04
trip_0001558,1,2024-06-18 17:09:00,2024-06-18 17:24:26,3,13.08,1,255,1,Dispute,46.69,2.5,0.5,9.34,0.0,2.75,61.78,15.4,17,Tuesday,2024-06-18,2024-06
trip_0001559,1,2024-04-19 07:40:00,2024-04-19 08:07:18,1,21.88,170,132,2,Credit Card,76.82,1.0,0.5,15.36,6.55,2.75,102.98,27.3,7,Friday,2024-04-19,2024-04
trip_0001560,1,2024-04-17 14:11:00,2024-04-17 14:18:37,1,14.21,141,138,2,Cash,45.89,1.0,0.5,11.47,6.55,2.75,68.16,7.6,14,Wednesday,2024-04-17,2024-04
trip_0001561,2,2024-01-08 07:15:00,2024-01-08 07:39:04,4,14.93,1,186,1,Credit Card,56.09,1.0,0.5,8.41,0.0,2.75,68.75,24.1,7,Monday,2024-01-08,2024-01
trip_0001562,2,2024-03-26 15:59:00,2024-03-26 16:24:03,5,5.62,163,162,1,Cash,30.98,1.0,0.5,4.65,0.0,2.75,39.88,25.1,15,Tuesday,2024-03-26,2024-03
trip_0001563,1,2024-03-28 16:39:00,2024-03-28 16:57:56,1,5.75,186,68,1,Credit Card,28.29,2.5,0.5,7.07,0.0,2.75,41.11,18.9,16,Thursday,2024-03-28,2024-03
trip_0001564,1,2024-05-24 00:21:00,2024-05-24 00:36:21,1,4.05,162,237,1,Dispute,21.81,1.0,0.5,4.36,0.0,2.75,30.42,15.4,0,Friday,2024-05-24,2024-05
trip_0001565,2,2024-06-04 06:11:00,2024-06-04 06:28:54,3,7.39,230,193,1,Credit Card,32.28,1.0,0.5,6.46,0.0,2.75,42.99,17.9,6,Tuesday,2024-06-04,2024-06
trip_0001566,1,2024-01-22 14:30:00,2024-01-22 14:47:21,1,4.45,256,107,1,Credit Card,23.92,1.0,0.5,4.78,0.0,2.75,32.95,17.4,14,Monday,2024-01-22,2024-01
trip_0001567,2,2024-04-18 05:43:00,2024-04-18 06:06:21,1,10.39,18,48,1,Credit Card,43.26,1.0,0.5,10.82,0.0,2.75,58.33,23.4,5,Thursday,2024-04-18,2024-04
trip_0001568,2,2024-04-01 20:28:00,2024-04-01 20:45:24,1,6.18,186,61,1,Credit Card,28.7,1.0,0.5,0.0,0.0,2.75,32.95,17.4,20,Monday,2024-04-01,2024-04
trip_0001569,2,2024-02-12 01:39:00,2024-02-12 02:03:33,1,7.52,107,61,1,Credit Card,35.96,1.0,0.5,0.0,0.0,2.75,40.21,24.6,1,Monday,2024-02-12,2024-02
trip_0001570,2,2024-05-05 19:55:00,2024-05-05 20:09:05,1,4.03,145,256,1,Credit Card,21.13,2.5,0.5,0.0,0.0,2.75,26.88,14.1,19,Sunday,2024-05-05,2024-05
trip_0001571,2,2024-05-28 08:07:00,2024-05-28 08:34:39,1,19.09,43,132,2,Credit Card,69.33,1.0,0.5,13.87,6.55,2.75,94.0,27.7,8,Tuesday,2024-05-28,2024-05
trip_0001572,1,2024-01-11 18:23:00,2024-01-11 18:48:57,1,7.82,79,170,1,Cash,37.48,2.5,0.5,5.62,0.0,2.75,48.85,26.0,18,Thursday,2024-01-11,2024-01
trip_0001573,2,2024-02-23 19:19:00,2024-02-23 19:38:37,1,6.66,193,140,1,Cash,31.13,2.5,0.5,6.23,0.0,2.75,43.11,19.6,19,Friday,2024-02-23,2024-02
trip_0001574,1,2024-01-21 19:36:00,2024-01-21 19:49:39,1,4.07,237,50,1,Credit Card,21.02,2.5,0.5,4.2,0.0,2.75,30.97,13.7,19,Sunday,2024-01-21,2024-01
trip_0001575,1,2024-03-02 05:17:00,2024-03-02 05:51:52,1,13.92,238,186,1,Credit Card,58.72,1.0,0.5,8.81,0.0,2.75,71.78,34.9,5,Saturday,2024-03-02,2024-03
trip_0001576,1,2024-04-03 14:32:00,2024-04-03 14:47:24,1,4.99,145,162,1,Credit Card,24.43,1.0,0.5,4.89,0.0,2.75,33.57,15.4,14,Wednesday,2024-04-03,2024-04
trip_0001577,2,2024-02-21 14:43:00,2024-02-21 14:55:03,1,4.6,107,239,1,Credit Card,21.68,1.0,0.5,4.34,0.0,2.75,30.27,12.1,14,Wednesday,2024-02-21,2024-02
trip_0001578,2,2024-06-06 10:29:00,2024-06-06 10:38:22,1,11.93,1,164,1,Credit Card,40.49,1.0,0.5,10.12,0.0,2.75,54.86,9.4,10,Thursday,2024-06-06,2024-06
trip_0001579,2,2024-06-03 14:28:00,2024-06-03 14:44:05,5,6.19,238,236,1,Credit Card,28.07,1.0,0.5,0.0,0.0,2.75,32.32,16.1,14,Monday,2024-06-03,2024-06
trip_0001580,1,2024-03-04 00:12:00,2024-03-04 00:30:24,1,7.92,161,90,1,Cash,33.99,1.0,0.5,0.0,0.0,2.75,38.24,18.4,0,Monday,2024-03-04,2024-03
trip_0001581,2,2024-03-10 08:59:00,2024-03-10 09:13:18,5,6.27,100,80,1,Cash,27.4,1.0,0.5,4.11,0.0,2.75,35.76,14.3,8,Sunday,2024-03-10,2024-03
trip_0001582,2,2024-02-10 20:15:00,2024-02-10 20:31:33,1,4.93,142,80,1,Credit Card,24.83,1.0,0.5,3.72,0.0,2.75,32.8,16.6,20,Saturday,2024-02-10,2024-02
trip_0001583,2,2024-01-23 04:35:00,2024-01-23 04:53:36,1,3.67,170,236,1,Credit Card,22.4,1.0,0.5,4.48,0.0,2.75,31.13,18.6,4,Tuesday,2024-01-23,2024-01
trip_0001584,2,2024-04-24 16:23:00,2024-04-24 16:31:23,1,2.92,237,230,1,Credit Card,15.23,2.5,0.5,3.81,0.0,2.75,24.79,8.4,16,Wednesday,2024-04-24,2024-04
trip_0001585,2,2024-06-17 00:33:00,2024-06-17 00:47:55,1,4.81,61,249,1,Credit Card,23.69,1.0,0.5,4.74,0.0,2.75,32.68,14.9,0,Monday,2024-06-17,2024-06
trip_0001586,2,2024-06-12 12:57:00,2024-06-12 13:13:34,1,3.67,256,237,1,Credit Card,21.38,1.0,0.5,0.0,0.0,2.75,25.63,16.6,12,Wednesday,2024-06-12,2024-06
trip_0001587,1,2024-04-16 10:10:00,2024-04-16 10:21:55,1,3.27,79,18,1,Credit Card,17.95,1.0,0.5,3.59,0.0,2.75,25.79,11.9,10,Tuesday,2024-04-16,2024-04
trip_0001588,2,2024-03-30 10:04:00,2024-03-30 10:23:00,1,4.01,100,163,1,Credit Card,23.54,1.0,0.5,4.71,0.0,2.75,32.5,19.0,10,Saturday,2024-03-30,2024-03
trip_0001589,2,2024-04-22 08:52:00,2024-04-22 08:58:42,1,2.78,68,163,1,Credit Card,14.0,1.0,0.5,2.8,0.0,2.75,21.05,6.7,8,Monday,2024-04-22,2024-04
trip_0001590,2,2024-05-05 20:53:00,2024-05-05 21:05:31,1,4.55,237,193,1,Cash,21.78,1.0,0.5,0.0,0.0,2.75,26.03,12.5,20,Sunday,2024-05-05,2024-05
trip_0001591,2,2024-01-05 05:09:00,2024-01-05 05:37:20,2,12.11,193,170,1,Credit Card,50.47,1.0,0.5,10.09,0.0,2.75,64.81,28.3,5,Friday,2024-01-05,2024-01
trip_0001592,1,2024-02-09 22:29:00,2024-02-09 22:39:19,1,11.49,1,90,1,Credit Card,39.76,1.0,0.5,7.95,0.0,2.75,51.96,10.3,22,Friday,2024-02-09,2024-02
trip_0001593,1,2024-04-15 14:13:00,2024-04-15 14:32:53,3,6.57,68,107,1,Credit Card,31.02,1.0,0.5,6.2,0.0,2.75,41.47,19.9,14,Monday,2024-04-15,2024-04
trip_0001594,1,2024-04-05 20:17:00,2024-04-05 20:34:25,1,6.8,256,234,1,Credit Card,30.41,1.0,0.5,7.6,0.0,2.75,42.26,17.4,20,Friday,2024-04-05,2024-04
trip_0001595,2,2024-01-21 11:09:00,2024-01-21 11:27:26,1,5.05,162,239,1,Credit Card,26.11,1.0,0.5,3.92,0.0,2.75,34.28,18.4,11,Sunday,2024-01-21,2024-01
trip_0001596,1,2024-01-16 06:32:00,2024-01-16 06:56:08,5,13.33,132,145,2,Credit Card,51.72,1.0,0.5,10.34,6.55,2.75,72.86,24.1,6,Tuesday,2024-01-16,2024-01
trip_0001597,1,2024-04-27 02:06:00,2024-04-27 02:39:38,1,11.42,79,145,1,Credit Card,51.22,1.0,0.5,0.0,0.0,2.75,55.47,33.6,2,Saturday,2024-04-27,2024-04
trip_0001598,1,2024-04-04 15:12:00,2024-04-04 15:20:00,1,2.62,249,143,1,Cash,14.21,1.0,0.5,2.13,0.0,2.75,20.59,8.0,15,Thursday,2024-04-04,2024-04
trip_0001599,1,2024-05-23 03:01:00,2024-05-23 03:23:40,1,5.92,163,163,1,Credit Card,30.61,1.0,0.5,6.12,0.0,2.75,40.98,22.7,3,Thursday,2024-05-23,2024-05
trip_0001600,2,2024-05-09 01:39:00,2024-05-09 01:57:06,3,7.6,186,68,1,Credit Card,32.95,1.0,0.5,4.94,0.0,2.75,42.14,18.1,1,Thursday,2024-05-09,2024-05
trip_0001601,2,2024-05-22 14:39:00,2024-05-22 14:45:19,1,1.93,141,163,1,Cash,11.47,1.0,0.5,2.29,0.0,2.75,18.01,6.3,14,Wednesday,2024-05-22,2024-05
trip_0001602,1,2024-01-11 00:31:00,2024-01-11 00:36:54,1,12.2,100,132,2,Credit Card,39.51,1.0,0.5,5.93,6.55,2.75,56.24,5.9,0,Thursday,2024-01-11,2024-01
trip_0001603,2,2024-01-28 13:10:00,2024-01-28 13:31:49,4,8.95,145,236,1,Cash,38.53,1.0,0.5,0.0,0.0,2.75,42.78,21.8,13,Sunday,2024-01-28,2024-01
trip_0001604,2,2024-03-07 08:27:00,2024-03-07 08:35:44,4,3.35,107,230,1,Cash,16.58,1.0,0.5,0.0,0.0,2.75,20.83,8.7,8,Thursday,2024-03-07,2024-03
trip_0001605,2,2024-05-30 09:46:00,2024-05-30 09:58:21,1,4.0,239,170,1,Credit Card,20.18,1.0,0.5,0.0,0.0,2.75,24.43,12.4,9,Thursday,2024-05-30,2024-05
trip_0001606,2,2024-01-28 19:45:00,2024-01-28 20:01:28,2,4.8,249,256,1,Cash,24.44,2.5,0.5,4.89,0.0,2.75,35.08,16.5,19,Sunday,2024-01-28,2024-01
trip_0001607,1,2024-03-03 13:01:00,2024-03-03 13:07:17,2,2.56,238,230,1,Credit Card,13.19,1.0,0.5,2.64,0.0,2.75,20.08,6.3,13,Sunday,2024-03-03,2024-03
trip_0001608,2,2024-04-11 08:31:00,2024-04-11 08:44:11,5,21.54,1,43,1,Credit Card,68.83,1.0,0.5,10.32,0.0,2.75,83.4,13.2,8,Thursday,2024-04-11,2024-04
trip_0001609,2,2024-04-24 16:19:00,2024-04-24 16:35:53,1,3.5,234,7,1,Credit Card,21.07,2.5,0.5,3.16,0.0,2.75,29.98,16.9,16,Wednesday,2024-04-24,2024-04
trip_0001610,1,2024-05-11 03:09:00,2024-05-11 03:33:26,1,7.54,161,18,1,Credit Card,35.95,1.0,0.5,7.19,0.0,2.75,47.39,24.4,3,Saturday,2024-05-11,2024-05
trip_0001611,1,2024-02-22 23:44:00,2024-02-23 00:11:29,1,6.93,249,170,1,Cash,35.81,1.0,0.5,7.16,0.0,2.75,47.22,27.5,23,Thursday,2024-02-22,2024-02
trip_0001612,2,2024-01-22 11:03:00,2024-01-22 11:16:48,1,5.46,140,186,1,Credit Card,24.92,1.0,0.5,4.98,0.0,2.75,34.15,13.8,11,Monday,2024-01-22,2024-01
trip_0001613,2,2024-01-24 11:33:00,2024-01-24 11:43:57,1,4.38,236,186,1,No Charge,20.53,1.0,0.5,0.0,0.0,2.75,24.78,11.0,11,Wednesday,2024-01-24,2024-01
trip_0001614,1,2024-05-28 00:25:00,2024-05-28 00:41:54,6,6.98,239,230,1,Credit Card,30.65,1.0,0.5,6.13,0.0,2.75,41.03,16.9,0,Tuesday,2024-05-28,2024-05
trip_0001615,1,2024-01-18 19:24:00,2024-01-18 19:50:02,1,9.95,79,100,1,Credit Card,43.38,2.5,0.5,10.84,0.0,2.75,59.97,26.0,19,Thursday,2024-01-18,2024-01
trip_0001616,2,2024-04-20 06:24:00,2024-04-20 06:38:31,1,11.2,50,138,2,Credit Card,41.06,1.0,0.5,8.21,6.55,2.75,60.07,14.5,6,Saturday,2024-04-20,2024-04
trip_0001617,2,2024-05-07 12:20:00,2024-05-07 12:40:31,2,6.11,230,161,1,Cash,30.07,1.0,0.5,7.52,0.0,2.75,41.84,20.5,12,Tuesday,2024-05-07,2024-05
trip_0001618,2,2024-05-23 05:06:00,2024-05-23 05:23:28,1,3.95,80,238,1,Credit Card,22.6,1.0,0.5,4.52,0.0,2.75,31.37,17.5,5,Thursday,2024-05-23,2024-05
trip_0001619,2,2024-02-06 06:00:00,2024-02-06 06:36:45,1,9.94,162,255,1,Dispute,48.71,1.0,0.5,7.31,0.0,2.75,60.27,36.8,6,Tuesday,2024-02-06,2024-02
trip_0001620,2,2024-03-14 15:49:00,2024-03-14 16:30:00,2,12.81,138,79,2,Cash,58.73,1.0,0.5,11.75,6.55,2.75,81.28,41.0,15,Thursday,2024-03-14,2024-03
trip_0001621,2,2024-01-30 11:24:00,2024-01-30 11:50:08,1,7.75,161,256,1,Cash,37.39,1.0,0.5,7.48,0.0,2.75,49.12,26.1,11,Tuesday,2024-01-30,2024-01
trip_0001622,2,2024-03-13 18:21:00,2024-03-13 18:34:26,1,3.95,255,33,1,Credit Card,20.59,2.5,0.5,3.09,0.0,2.75,29.43,13.4,18,Wednesday,2024-03-13,2024-03
trip_0001623,1,2024-04-14 09:12:00,2024-04-14 09:20:34,1,3.12,238,186,1,Credit Card,15.86,1.0,0.5,0.0,0.0,2.75,20.11,8.6,9,Sunday,2024-04-14,2024-04
trip_0001624,2,2024-01-30 17:28:00,2024-01-30 17:44:23,1,4.52,145,61,1,Credit Card,23.63,2.5,0.5,5.91,0.0,2.75,35.29,16.4,17,Tuesday,2024-01-30,2024-01
trip_0001625,2,2024-01-13 00:57:00,2024-01-13 01:07:13,1,11.78,256,138,2,Credit Card,40.51,1.0,0.5,10.13,6.55,2.75,61.44,10.2,0,Saturday,2024-01-13,2024-01
trip_0001626,1,2024-05-02 07:46:00,2024-05-02 07:59:43,1,2.61,231,68,1,Credit Card,17.04,1.0,0.5,4.26,0.0,2.75,25.55,13.7,7,Thursday,2024-05-02,2024-05
trip_0001627,2,2024-04-08 14:05:00,2024-04-08 14:14:31,1,3.94,237,48,1,Credit Card,18.6,1.0,0.5,3.72,0.0,2.75,26.57,9.5,14,Monday,2024-04-08,2024-04
trip_0001628,2,2024-01-03 18:46:00,2024-01-03 19:02:42,1,3.42,50,141,1,Credit Card,20.76,2.5,0.5,4.15,0.0,2.75,30.66,16.7,18,Wednesday,2024-01-03,2024-01
trip_0001629,2,2024-06-05 13:49:00,2024-06-05 14:13:53,1,5.97,234,238,1,Credit Card,31.86,1.0,0.5,7.96,0.0,2.75,44.07,24.9,13,Wednesday,2024-06-05,2024-06
trip_0001630,2,2024-02-02 16:13:00,2024-02-02 16:29:58,1,3.35,230,80,1,Credit Card,20.7,2.5,0.5,3.1,0.0,2.75,29.55,17.0,16,Friday,2024-02-02,2024-02
trip_0001631,1,2024-04-16 12:25:00,2024-04-16 12:39:05,1,3.22,238,237,1,Credit Card,18.9,1.0,0.5,3.78,0.0,2.75,26.93,14.1,12,Tuesday,2024-04-16,2024-04
trip_0001632,2,2024-04-23 08:39:00,2024-04-23 08:58:49,1,4.58,50,145,1,Credit Card,25.51,1.0,0.5,5.1,0.0,2.75,34.86,19.8,8,Tuesday,2024-04-23,2024-04
trip_0001633,1,2024-06-13 14:43:00,2024-06-13 14:55:50,1,4.57,50,239,1,Cash,21.99,1.0,0.5,4.4,0.0,2.75,30.64,12.8,14,Thursday,2024-06-13,2024-06
trip_0001634,2,2024-02-04 21:44:00,2024-02-04 22:01:07,1,5.82,33,33,1,Credit Card,27.57,1.0,0.5,4.14,0.0,2.75,35.96,17.1,21,Sunday,2024-02-04,2024-02
trip_0001635,2,2024-05-10 04:12:00,2024-05-10 04:18:52,5,1.29,255,162,1,Credit Card,9.98,1.0,0.5,2.5,0.0,2.75,16.73,6.9,4,Friday,2024-05-10,2024-05
trip_0001636,1,2024-01-24 21:17:00,2024-01-24 21:28:20,1,3.2,231,249,1,Credit Card,17.47,1.0,0.5,3.49,0.0,2.75,25.21,11.3,21,Wednesday,2024-01-24,2024-01
trip_0001637,2,2024-03-13 01:41:00,2024-03-13 01:59:43,2,8.31,193,107,1,Cash,35.22,1.0,0.5,0.0,0.0,2.75,39.47,18.7,1,Wednesday,2024-03-13,2024-03
trip_0001638,2,2024-02-29 12:46:00,2024-02-29 12:58:37,3,4.58,90,255,1,Credit Card,21.91,1.0,0.5,3.29,0.0,2.75,29.45,12.6,12,Thursday,2024-02-29,2024-02
trip_0001639,2,2024-05-26 05:49:00,2024-05-26 06:09:32,1,7.09,170,48,1,Credit Card,32.77,1.0,0.5,0.0,0.0,2.75,37.02,20.5,5,Sunday,2024-05-26,2024-05
trip_0001640,2,2024-03-12 01:28:00,2024-03-12 01:49:56,2,7.27,141,145,1,Cash,33.96,1.0,0.5,6.79,0.0,2.75,45.0,21.9,1,Tuesday,2024-03-12,2024-03
trip_0001641,2,2024-04-02 19:51:00,2024-04-02 20:06:47,1,3.38,234,142,1,Credit Card,20.19,2.5,0.5,3.03,0.0,2.75,28.97,15.8,19,Tuesday,2024-04-02,2024-04
trip_0001642,2,2024-05-04 00:11:00,2024-05-04 00:15:24,1,1.35,145,48,1,Credit Card,8.91,1.0,0.5,1.78,0.0,2.75,14.94,4.4,0,Saturday,2024-05-04,2024-05
trip_0001643,2,2024-03-15 18:13:00,2024-03-15 18:22:11,1,11.78,132,61,2,No Charge,39.99,2.5,0.5,6.0,6.55,2.75,58.29,9.2,18,Friday,2024-03-15,2024-03
trip_0001644,1,2024-01-05 10:22:00,2024-01-05 10:42:29,1,10.84,138,48,2,Cash,43.05,1.0,0.5,6.46,6.55,2.75,60.31,20.5,10,Friday,2024-01-05,2024-01
trip_0001645,2,2024-06-04 16:49:00,2024-06-04 16:56:48,1,19.23,33,132,2,Credit Card,59.79,2.5,0.5,0.0,6.55,2.75,72.09,7.8,16,Tuesday,2024-06-04,2024-06
trip_0001646,2,2024-05-08 06:35:00,2024-05-08 06:57:54,1,9.96,61,80,1,Credit Card,41.85,1.0,0.5,6.28,0.0,2.75,52.38,22.9,6,Wednesday,2024-05-08,2024-05
trip_0001647,1,2024-06-23 06:13:00,2024-06-23 06:36:04,1,6.13,79,170,1,Credit Card,31.4,1.0,0.5,4.71,0.0,2.75,40.36,23.1,6,Sunday,2024-06-23,2024-06
trip_0001648,1,2024-06-11 08:33:00,2024-06-11 08:42:50,1,2.89,18,107,1,Credit Card,15.87,1.0,0.5,2.38,0.0,2.75,22.5,9.8,8,Tuesday,2024-06-11,2024-06
trip_0001649,1,2024-05-26 20:50:00,2024-05-26 21:13:30,2,5.03,145,161,1,Credit Card,28.59,1.0,0.5,0.0,0.0,2.75,32.84,23.5,20,Sunday,2024-05-26,2024-05
trip_0001650,1,2024-05-29 17:09:00,2024-05-29 17:19:02,2,2.67,145,255,1,Credit Card,15.37,2.5,0.5,3.07,0.0,2.75,24.19,10.0,17,Wednesday,2024-05-29,2024-05
trip_0001651,1,2024-05-27 00:02:00,2024-05-27 00:18:53,1,4.0,164,231,1,Cash,22.45,1.0,0.5,0.0,0.0,2.75,26.7,16.9,0,Monday,2024-05-27,2024-05
trip_0001652,1,2024-03-15 13:04:00,2024-03-15 13:22:14,1,12.13,132,170,2,Credit Card,45.47,1.0,0.5,0.0,6.55,2.75,56.27,18.2,13,Friday,2024-03-15,2024-03
trip_0001653,1,2024-03-16 23:57:00,2024-03-17 00:23:56,1,6.53,18,163,1,Credit Card,34.42,1.0,0.5,0.0,0.0,2.75,38.67,26.9,23,Saturday,2024-03-16,2024-03
trip_0001654,2,2024-05-21 01:11:00,2024-05-21 01:23:06,1,2.43,33,50,1,Credit Card,15.74,1.0,0.5,3.15,0.0,2.75,23.14,12.1,1,Tuesday,2024-05-21,2024-05
trip_0001655,1,2024-03-17 01:26:00,2024-03-17 01:41:09,1,4.6,186,141,1,Credit Card,23.23,1.0,0.5,5.81,0.0,2.75,33.29,15.2,1,Sunday,2024-03-17,2024-03
trip_0001656,2,2024-04-12 12:00:00,2024-04-12 12:04:35,5,1.9,143,107,1,Credit Card,10.52,1.0,0.5,1.58,0.0,2.75,16.35,4.6,12,Friday,2024-04-12,2024-04
trip_0001657,2,2024-03-05 09:38:00,2024-03-05 09:49:17,1,3.05,193,164,1,Credit Card,17.03,1.0,0.5,2.55,0.0,2.75,23.83,11.3,9,Tuesday,2024-03-05,2024-03
trip_0001658,2,2024-06-08 02:42:00,2024-06-08 02:55:44,1,6.0,161,162,1,Cash,26.37,1.0,0.5,6.59,0.0,2.75,37.21,13.7,2,Saturday,2024-06-08,2024-06
trip_0001659,1,2024-02-05 10:18:00,2024-02-05 10:28:43,1,3.98,100,141,1,Credit Card,19.31,1.0,0.5,0.0,0.0,2.75,23.56,10.7,10,Monday,2024-02-05,2024-02
trip_0001660,2,2024-02-21 03:58:00,2024-02-21 04:20:35,1,4.9,237,80,1,Credit Card,27.77,1.0,0.5,0.0,0.0,2.75,32.02,22.6,3,Wednesday,2024-02-21,2024-02
trip_0001661,2,2024-06-17 16:48:00,2024-06-17 16:56:07,1,3.21,33,79,1,Cash,15.89,2.5,0.5,2.38,0.0,2.75,24.02,8.1,16,Monday,2024-06-17,2024-06
trip_0001662,1,2024-01-07 16:12:00,2024-01-07 16:25:05,1,11.2,138,18,2,Cash,40.35,2.5,0.5,6.05,6.55,2.75,58.7,13.1,16,Sunday,2024-01-07,2024-01
trip_0001663,2,2024-05-02 07:31:00,2024-05-02 07:46:09,1,4.77,33,107,1,Cash,23.7,1.0,0.5,4.74,0.0,2.75,32.69,15.2,7,Thursday,2024-05-02,2024-05
trip_0001664,2,2024-02-02 00:55:00,2024-02-02 01:12:45,4,7.52,142,234,1,Credit Card,32.56,1.0,0.5,6.51,0.0,2.75,43.32,17.8,0,Friday,2024-02-02,2024-02
trip_0001665,2,2024-04-01 07:48:00,2024-04-01 07:58:18,1,3.21,141,142,1,Credit Card,16.98,1.0,0.5,3.4,0.0,2.75,24.63,10.3,7,Monday,2024-04-01,2024-04
trip_0001666,1,2024-04-30 05:10:00,2024-04-30 05:42:35,2,7.24,238,107,1,Credit Card,39.2,1.0,0.5,7.84,0.0,2.75,51.29,32.6,5,Tuesday,2024-04-30,2024-04
trip_0001667,1,2024-05-25 16:33:00,2024-05-25 17:00:57,1,21.14,231,138,2,Credit Card,75.11,2.5,0.5,15.02,6.55,2.75,102.43,28.0,16,Saturday,2024-05-25,2024-05
trip_0001668,2,2024-01-30 01:36:00,2024-01-30 01:53:10,1,7.25,231,79,1,Credit Card,31.53,1.0,0.5,6.31,0.0,2.75,42.09,17.2,1,Tuesday,2024-01-30,2024-01
trip_0001669,2,2024-01-29 12:18:00,2024-01-29 12:50:03,1,13.59,143,230,1,Cash,56.4,1.0,0.5,0.0,0.0,2.75,60.65,32.1,12,Monday,2024-01-29,2024-01
trip_0001670,2,2024-01-16 01:20:00,2024-01-16 01:30:00,1,2.66,79,239,1,Credit Card,15.32,1.0,0.5,3.06,0.0,2.75,22.63,10.0,1,Tuesday,2024-01-16,2024-01
trip_0001671,2,2024-02-23 18:17:00,2024-02-23 18:38:28,2,5.12,186,193,1,Credit Card,27.82,2.5,0.5,5.56,0.0,2.75,39.13,21.5,18,Friday,2024-02-23,2024-02
trip_0001672,2,2024-06-01 18:29:00,2024-06-01 18:57:44,1,10.37,50,163,1,Credit Card,45.89,2.5,0.5,0.0,0.0,2.75,51.64,28.7,18,Saturday,2024-06-01,2024-06
trip_0001673,2,2024-05-23 03:56:00,2024-05-23 04:14:05,4,3.74,100,230,1,Credit Card,22.33,1.0,0.5,3.35,0.0,2.75,29.93,18.1,3,Thursday,2024-05-23,2024-05
trip_0001674,2,2024-05-31 20:10:00,2024-05-31 20:31:56,1,13.65,138,1,2,Credit Card,51.51,1.0,0.5,10.3,6.55,2.75,72.61,21.9,20,Friday,2024-05-31,2024-05
trip_0001675,2,2024-02-01 05:40:00,2024-02-01 05:55:27,3,5.25,249,236,1,Credit Card,25.17,1.0,0.5,3.78,0.0,2.75,33.2,15.5,5,Thursday,2024-02-01,2024-02
trip_0001676,2,2024-03-03 04:46:00,2024-03-03 04:54:02,1,3.08,193,143,1,Credit Card,15.49,1.0,0.5,2.32,0.0,2.75,22.06,8.0,4,Sunday,2024-03-03,2024-03
trip_0001677,1,2024-05-22 01:00:00,2024-05-22 01:22:48,1,5.41,7,100,1,Credit Card,29.28,1.0,0.5,5.86,0.0,2.75,39.39,22.8,1,Wednesday,2024-05-22,2024-05
trip_0001678,1,2024-03-07 16:22:00,2024-03-07 16:43:34,1,4.68,7,90,1,Credit Card,26.66,2.5,0.5,6.66,0.0,2.75,39.07,21.6,16,Thursday,2024-03-07,2024-03
trip_0001679,2,2024-04-06 00:08:00,2024-04-06 00:19:52,2,2.59,256,170,1,Cash,16.06,1.0,0.5,4.01,0.0,2.75,24.32,11.9,0,Saturday,2024-04-06,2024-04
trip_0001680,2,2024-05-14 14:11:00,2024-05-14 14:21:58,1,11.03,1,140,1,Credit Card,38.82,1.0,0.5,7.76,0.0,2.75,50.83,11.0,14,Tuesday,2024-05-14,2024-05
trip_0001681,2,2024-05-08 07:13:00,2024-05-08 07:37:13,6,10.61,48,249,1,Credit Card,44.29,1.0,0.5,8.86,0.0,2.75,57.4,24.2,7,Wednesday,2024-05-08,2024-05
trip_0001682,2,2024-04-06 08:40:00,2024-04-06 08:48:43,6,19.62,164,138,2,Cash,61.31,1.0,0.5,15.33,6.55,2.75,87.44,8.7,8,Saturday,2024-04-06,2024-04
trip_0001683,2,2024-03-27 17:12:00,2024-03-27 17:23:22,1,3.44,107,234,1,Credit Card,18.15,2.5,0.5,3.63,0.0,2.75,27.53,11.4,17,Wednesday,2024-03-27,2024-03
trip_0001684,1,2024-03-14 00:24:00,2024-03-14 00:36:57,1,2.43,48,43,1,Credit Card,16.16,1.0,0.5,0.0,0.0,2.75,20.41,13.0,0,Thursday,2024-03-14,2024-03
trip_0001685,2,2024-02-04 18:24:00,2024-02-04 18:45:07,1,4.66,236,193,1,Credit Card,26.37,2.5,0.5,5.27,0.0,2.75,37.39,21.1,18,Sunday,2024-02-04,2024-02
trip_0001686,1,2024-06-05 08:38:00,2024-06-05 08:47:16,2,1.91,163,256,1,Credit Card,12.89,1.0,0.5,2.58,0.0,2.75,19.72,9.3,8,Wednesday,2024-06-05,2024-06
trip_0001687,1,2024-03-04 18:23:00,2024-03-04 18:35:23,1,2.41,239,143,1,Cash,15.82,2.5,0.5,0.0,0.0,2.75,21.57,12.4,18,Monday,2024-03-04,2024-03
trip_0001688,2,2024-03-28 12:43:00,2024-03-28 12:58:13,2,15.9,43,132,2,Credit Card,54.34,1.0,0.5,8.15,6.55,2.75,73.29,15.2,12,Thursday,2024-03-28,2024-03
trip_0001689,1,2024-03-04 13:15:00,2024-03-04 13:31:42,2,6.49,145,238,1,Credit Card,29.21,1.0,0.5,0.0,0.0,2.75,33.46,16.7,13,Monday,2024-03-04,2024-03
trip_0001690,1,2024-06-17 20:40:00,2024-06-17 20:53:27,1,5.88,68,164,1,Credit Card,25.9,1.0,0.5,5.18,0.0,2.75,35.33,13.5,20,Monday,2024-06-17,2024-06
trip_0001691,1,2024-02-25 21:21:00,2024-02-25 21:34:11,1,5.67,143,80,1,Credit Card,25.19,1.0,0.5,5.04,0.0,2.75,34.48,13.2,21,Sunday,2024-02-25,2024-02
trip_0001692,1,2024-05-07 20:21:00,2024-05-07 20:28:54,1,2.55,230,33,1,Credit Card,13.97,1.0,0.5,3.49,0.0,2.75,21.71,7.9,20,Tuesday,2024-05-07,2024-05
trip_0001693,1,2024-01-16 11:08:00,2024-01-16 11:25:09,1,16.09,1,33,1,Credit Card,55.83,1.0,0.5,13.96,0.0,2.75,74.04,17.2,11,Tuesday,2024-01-16,2024-01
trip_0001694,1,2024-02-16 22:56:00,2024-02-16 23:12:26,4,6.88,43,140,1,Credit Card,30.14,1.0,0.5,6.03,0.0,2.75,40.42,16.4,22,Friday,2024-02-16,2024-02
trip_0001695,2,2024-01-15 19:11:00,2024-01-15 19:29:15,1,4.74,256,255,1,Cash,25.16,2.5,0.5,5.03,0.0,2.75,35.94,18.3,19,Monday,2024-01-15,2024-01
trip_0001696,1,2024-05-09 15:50:00,2024-05-09 16:15:23,4,8.7,238,193,1,Cash,39.62,1.0,0.5,5.94,0.0,2.75,49.81,25.4,15,Thursday,2024-05-09,2024-05
trip_0001697,1,2024-01-01 17:56:00,2024-01-01 18:21:57,6,6.15,164,145,1,Credit Card,32.9,2.5,0.5,6.58,0.0,2.75,45.23,26.0,17,Monday,2024-01-01,2024-01
trip_0001698,1,2024-01-03 23:34:00,2024-01-03 23:48:52,1,5.26,234,162,1,Credit Card,24.9,1.0,0.5,4.98,0.0,2.75,34.13,14.9,23,Wednesday,2024-01-03,2024-01
trip_0001699,1,2024-01-31 22:58:00,2024-01-31 23:17:31,1,8.46,33,68,1,Cash,36.03,1.0,0.5,5.4,0.0,2.75,45.68,19.5,22,Wednesday,2024-01-31,2024-01
trip_0001700,1,2024-03-08 19:22:00,2024-03-08 19:50:47,2,15.69,193,1,1,Cash,60.54,2.5,0.5,12.11,0.0,2.75,78.4,28.8,19,Friday,2024-03-08,2024-03
trip_0001701,1,2024-02-06 11:34:00,2024-02-06 12:01:04,6,11.06,186,238,1,Credit Card,46.96,1.0,0.5,0.0,0.0,2.75,51.21,27.1,11,Tuesday,2024-02-06,2024-02
trip_0001702,1,2024-03-24 14:25:00,2024-03-24 14:43:21,2,6.49,107,142,1,Credit Card,30.03,1.0,0.5,0.0,0.0,2.75,34.28,18.4,14,Sunday,2024-03-24,2024-03
trip_0001703,2,2024-02-17 19:23:00,2024-02-17 19:58:24,1,19.08,132,234,2,Credit Card,73.17,2.5,0.5,0.0,6.55,2.75,85.47,35.4,19,Saturday,2024-02-17,2024-02
trip_0001704,1,2024-03-06 07:29:00,2024-03-06 07:39:36,1,3.32,141,141,1,Credit Card,17.44,1.0,0.5,0.0,0.0,2.75,21.69,10.6,7,Wednesday,2024-03-06,2024-03
trip_0001705,2,2024-01-15 05:22:00,2024-01-15 05:47:13,6,5.57,239,100,1,Credit Card,30.93,1.0,0.5,0.0,0.0,2.75,35.18,25.2,5,Monday,2024-01-15,2024-01
trip_0001706,1,2024-06-11 19:39:00,2024-06-11 19:47:24,1,3.46,18,18,1,Credit Card,16.72,2.5,0.5,0.0,0.0,2.75,22.47,8.4,19,Tuesday,2024-06-11,2024-06
trip_0001707,1,2024-03-29 01:42:00,2024-03-29 02:23:19,1,16.35,50,48,1,Credit Card,68.63,1.0,0.5,10.29,0.0,2.75,83.17,41.3,1,Friday,2024-03-29,2024-03
trip_0001708,1,2024-01-18 03:45:00,2024-01-18 04:01:36,1,3.69,163,237,1,Credit Card,21.45,1.0,0.5,4.29,0.0,2.75,29.99,16.6,3,Thursday,2024-01-18,2024-01
trip_0001709,1,2024-01-03 08:31:00,2024-01-03 09:06:11,1,18.53,1,186,1,Credit Card,71.56,1.0,0.5,10.73,0.0,2.75,86.54,35.2,8,Wednesday,2024-01-03,2024-01
trip_0001710,2,2024-03-27 21:00:00,2024-03-27 21:06:21,1,13.51,132,107,2,Credit Card,43.33,1.0,0.5,8.67,6.55,2.75,62.8,6.4,21,Wednesday,2024-03-27,2024-03
trip_0001711,2,2024-02-21 16:47:00,2024-02-21 16:55:26,3,2.53,162,18,1,Cash,14.18,2.5,0.5,2.84,0.0,2.75,22.77,8.4,16,Wednesday,2024-02-21,2024-02
trip_0001712,1,2024-03-19 07:01:00,2024-03-19 07:09:06,1,3.25,48,193,1,Credit Card,15.99,1.0,0.5,3.2,0.0,2.75,23.44,8.1,7,Tuesday,2024-03-19,2024-03
trip_0001713,2,2024-06-23 15:32:00,2024-06-23 15:43:22,1,2.82,48,145,1,Credit Card,16.44,1.0,0.5,0.0,0.0,2.75,20.69,11.4,15,Sunday,2024-06-23,2024-06
trip_0001714,2,2024-04-23 16:27:00,2024-04-23 16:52:02,1,10.57,255,43,1,Credit Card,44.59,2.5,0.5,11.15,0.0,2.75,61.49,25.0,16,Tuesday,2024-04-23,2024-04
trip_0001715,1,2024-01-02 22:38:00,2024-01-02 22:45:32,1,12.38,239,138,2,Credit Card,40.81,1.0,0.5,0.0,6.55,2.75,51.61,7.5,22,Tuesday,2024-01-02,2024-01
trip_0001716,1,2024-02-17 04:48:00,2024-02-17 05:11:32,1,7.78,193,234,1,Credit Card,36.17,1.0,0.5,7.23,0.0,2.75,47.65,23.5,4,Saturday,2024-02-17,2024-02
trip_0001717,2,2024-05-13 15:55:00,2024-05-13 16:11:24,1,4.29,231,18,1,Credit Card,23.01,1.0,0.5,0.0,0.0,2.75,27.26,16.4,15,Monday,2024-05-13,2024-05
trip_0001718,1,2024-05-14 02:31:00,2024-05-14 02:45:09,2,5.07,236,141,1,Credit Card,24.02,1.0,0.5,0.0,0.0,2.75,28.27,14.2,2,Tuesday,2024-05-14,2024-05
trip_0001719,1,2024-04-28 15:25:00,2024-04-28 15:35:18,1,11.25,1,90,1,Credit Card,39.09,1.0,0.5,7.82,0.0,2.75,51.16,10.3,15,Sunday,2024-04-28,2024-04
trip_0001720,2,2024-04-15 02:43:00,2024-04-15 03:03:49,1,18.27,230,138,2,Credit Card,63.66,1.0,0.5,12.73,6.55,2.75,87.19,20.8,2,Monday,2024-04-15,2024-04
trip_0001721,1,2024-01-24 08:22:00,2024-01-24 08:25:32,1,1.46,231,237,1,Cash,8.79,1.0,0.5,0.0,0.0,2.75,13.04,3.5,8,Wednesday,2024-01-24,2024-01
trip_0001722,2,2024-06-26 00:05:00,2024-06-26 00:18:17,1,4.39,43,80,1,Credit Card,21.72,1.0,0.5,5.43,0.0,2.75,31.4,13.3,0,Wednesday,2024-06-26,2024-06
trip_0001723,1,2024-04-07 10:48:00,2024-04-07 10:58:15,2,2.28,238,140,1,Credit Card,14.4,1.0,0.5,0.0,0.0,2.75,18.65,10.3,10,Sunday,2024-04-07,2024-04
trip_0001724,2,2024-02-07 10:32:00,2024-02-07 10:50:18,5,4.7,61,234,1,Credit Card,25.08,1.0,0.5,3.76,0.0,2.75,33.09,18.3,10,Wednesday,2024-02-07,2024-02
trip_0001725,1,2024-04-11 01:14:00,2024-04-11 01:38:41,5,5.04,50,236,1,Credit Card,29.2,1.0,0.5,5.84,0.0,2.75,39.29,24.7,1,Thursday,2024-04-11,2024-04
trip_0001726,2,2024-01-30 17:15:00,2024-01-30 17:39:08,1,10.5,50,163,1,Credit Card,43.94,2.5,0.5,8.79,0.0,2.75,58.48,24.1,17,Tuesday,2024-01-30,2024-01
trip_0001727,1,2024-05-22 11:08:00,2024-05-22 11:27:17,1,7.6,50,239,1,Credit Card,33.54,1.0,0.5,6.71,0.0,2.75,44.5,19.3,11,Wednesday,2024-05-22,2024-05
trip_0001728,2,2024-02-13 21:04:00,2024-02-13 21:15:08,2,13.67,1,142,1,Credit Card,46.16,1.0,0.5,6.92,0.0,2.75,57.33,11.1,21,Tuesday,2024-02-13,2024-02
trip_0001729,2,2024-05-25 19:19:00,2024-05-25 19:32:50,5,4.4,239,50,1,Credit Card,22.02,2.5,0.5,0.0,0.0,2.75,27.77,13.8,19,Saturday,2024-05-25,2024-05
trip_0001730,1,2024-02-22 11:39:00,2024-02-22 12:05:01,1,5.12,239,231,1,Credit Card,30.09,1.0,0.5,0.0,0.0,2.75,34.34,26.0,11,Thursday,2024-02-22,2024-02
trip_0001731,1,2024-01-22 10:58:00,2024-01-22 11:12:51,2,17.78,100,1,1,Credit Card,59.32,1.0,0.5,14.83,0.0,2.75,78.4,14.9,10,Monday,2024-01-22,2024-01
trip_0001732,2,2024-06-17 22:38:00,2024-06-17 22:50:12,1,3.77,238,68,1,Credit Card,19.47,1.0,0.5,3.89,0.0,2.75,27.61,12.2,22,Monday,2024-06-17,2024-06
trip_0001733,2,2024-04-30 05:51:00,2024-04-30 06:05:41,3,6.22,80,68,1,Credit Card,27.45,1.0,0.5,0.0,0.0,2.75,31.7,14.7,5,Tuesday,2024-04-30,2024-04
trip_0001734,1,2024-06-04 11:36:00,2024-06-04 11:48:56,1,2.78,230,231,1,Credit Card,17.12,1.0,0.5,2.57,0.0,2.75,23.94,12.9,11,Tuesday,2024-06-04,2024-06
trip_0001735,2,2024-06-18 07:14:00,2024-06-18 07:34:13,1,5.8,230,90,1,Credit Card,29.06,1.0,0.5,4.36,0.0,2.75,37.67,20.2,7,Tuesday,2024-06-18,2024-06
trip_0001736,2,2024-02-24 20:33:00,2024-02-24 20:57:48,5,6.12,230,186,1,Cash,32.23,1.0,0.5,4.83,0.0,2.75,41.31,24.8,20,Saturday,2024-02-24,2024-02
trip_0001737,1,2024-06-06 08:10:00,2024-06-06 08:19:18,2,12.53,138,43,2,Credit Card,42.11,1.0,0.5,6.32,6.55,2.75,59.23,9.3,8,Thursday,2024-06-06,2024-06
trip_0001738,1,2024-02-12 16:56:00,2024-02-12 17:01:35,1,1.08,107,234,1,Cash,8.77,2.5,0.5,2.19,0.0,2.75,16.71,5.6,16,Monday,2024-02-12,2024-02
trip_0001739,1,2024-06-25 09:00:00,2024-06-25 09:22:57,2,4.76,50,68,1,Credit Card,27.57,1.0,0.5,4.14,0.0,2.75,35.96,23.0,9,Tuesday,2024-06-25,2024-06
trip_0001740,1,2024-05-01 04:23:00,2024-05-01 04:35:39,3,4.47,18,80,1,Credit Card,21.62,1.0,0.5,3.24,0.0,2.75,29.11,12.7,4,Wednesday,2024-05-01,2024-05
trip_0001741,2,2024-05-12 01:30:00,2024-05-12 01:42:30,1,4.12,164,170,1,Credit Card,20.58,1.0,0.5,3.09,0.0,2.75,27.92,12.5,1,Sunday,2024-05-12,2024-05
trip_0001742,1,2024-04-22 05:46:00,2024-04-22 06:10:34,1,8.01,48,236,1,Cash,37.31,1.0,0.5,0.0,0.0,2.75,41.56,24.6,5,Monday,2024-04-22,2024-04
trip_0001743,1,2024-03-11 18:40:00,2024-03-11 18:48:40,1,3.16,90,145,1,Credit Card,16.03,2.5,0.5,3.21,0.0,2.75,24.99,8.7,18,Monday,2024-03-11,2024-03
trip_0001744,2,2024-04-10 11:44:00,2024-04-10 12:06:25,2,9.42,107,61,1,Cash,40.12,1.0,0.5,6.02,0.0,2.75,50.39,22.4,11,Wednesday,2024-04-10,2024-04
trip_0001745,1,2024-02-08 15:44:00,2024-02-08 15:56:27,4,4.42,170,234,1,Credit Card,21.38,1.0,0.5,3.21,0.0,2.75,28.84,12.5,15,Thursday,2024-02-08,2024-02
trip_0001746,2,2024-03-05 22:11:00,2024-03-05 22:34:13,1,18.51,138,141,2,Cash,65.52,1.0,0.5,0.0,6.55,2.75,76.32,23.2,22,Tuesday,2024-03-05,2024-03
trip_0001747,1,2024-03-19 12:52:00,2024-03-19 13:13:26,1,8.99,256,237,1,Credit Card,38.45,1.0,0.5,7.69,0.0,2.75,50.39,21.4,12,Tuesday,2024-03-19,2024-03
trip_0001748,2,2024-02-20 06:06:00,2024-02-20 06:18:20,1,2.97,90,236,1,Credit Card,17.34,1.0,0.5,3.47,0.0,2.75,25.06,12.3,6,Tuesday,2024-02-20,2024-02
trip_0001749,1,2024-01-20 05:05:00,2024-01-20 05:45:55,1,11.71,249,161,1,Credit Card,55.66,1.0,0.5,13.92,0.0,2.75,73.83,40.9,5,Saturday,2024-01-20,2024-01
trip_0001750,1,2024-03-01 17:06:00,2024-03-01 17:11:19,1,12.22,18,1,1,Credit Card,39.27,2.5,0.5,5.89,0.0,2.75,50.91,5.3,17,Friday,2024-03-01,2024-03
trip_0001751,2,2024-06-17 05:48:00,2024-06-17 06:11:07,5,5.69,249,50,1,Credit Card,30.21,1.0,0.5,4.53,0.0,2.75,38.99,23.1,5,Monday,2024-06-17,2024-06
trip_0001752,2,2024-05-24 04:42:00,2024-05-24 05:06:23,1,5.87,161,249,1,Credit Card,31.34,1.0,0.5,6.27,0.0,2.75,41.86,24.4,4,Friday,2024-05-24,2024-05
trip_0001753,2,2024-02-15 21:03:00,2024-02-15 21:15:15,4,4.22,231,170,1,Credit Card,20.73,1.0,0.5,4.15,0.0,2.75,29.13,12.3,21,Thursday,2024-02-15,2024-02
trip_0001754,1,2024-01-18 05:45:00,2024-01-18 06:04:29,1,4.42,162,231,1,Credit Card,24.9,1.0,0.5,0.0,0.0,2.75,29.15,19.5,5,Thursday,2024-01-18,2024-01
trip_0001755,1,2024-05-23 17:08:00,2024-05-23 17:33:39,1,17.77,7,138,2,Credit Card,64.7,2.5,0.5,9.7,6.55,2.75,86.7,25.7,17,Thursday,2024-05-23,2024-05
trip_0001756,1,2024-01-22 06:06:00,2024-01-22 06:26:27,2,6.9,140,164,1,Credit Card,32.2,1.0,0.5,6.44,0.0,2.75,42.89,20.5,6,Monday,2024-01-22,2024-01
trip_0001757,1,2024-06-27 00:58:00,2024-06-27 01:06:42,1,2.84,61,7,1,Credit Card,15.16,1.0,0.5,3.79,0.0,2.75,23.2,8.7,0,Thursday,2024-06-27,2024-06
trip_0001758,2,2024-02-15 11:35:00,2024-02-15 11:40:27,3,1.52,238,170,1,Credit Card,9.91,1.0,0.5,1.98,0.0,2.75,16.14,5.5,11,Thursday,2024-02-15,2024-02
trip_0001759,2,2024-04-25 09:15:00,2024-04-25 09:33:38,1,7.33,255,193,1,Credit Card,32.48,1.0,0.5,6.5,0.0,2.75,43.23,18.6,9,Thursday,2024-04-25,2024-04
trip_0001760,2,2024-06-17 07:18:00,2024-06-17 07:39:03,5,20.49,138,142,2,Credit Card,69.88,1.0,0.5,13.98,6.55,2.75,94.66,21.1,7,Monday,2024-06-17,2024-06
trip_0001761,1,2024-06-28 04:48:00,2024-06-28 05:03:35,1,5.6,145,162,1,Credit Card,26.2,1.0,0.5,6.55,0.0,2.75,37.0,15.6,4,Friday,2024-06-28,2024-06
trip_0001762,2,2024-01-11 06:50:00,2024-01-11 07:05:29,5,4.36,43,140,1,Credit Card,22.73,1.0,0.5,3.41,0.0,2.75,30.39,15.5,6,Thursday,2024-01-11,2024-01
trip_0001763,2,2024-04-23 19:43:00,2024-04-23 19:57:59,1,16.52,107,138,2,Credit Card,55.92,2.5,0.5,8.39,6.55,2.75,76.61,15.0,19,Tuesday,2024-04-23,2024-04
trip_0001764,1,2024-04-04 09:37:00,2024-04-04 09:51:43,1,4.79,163,231,1,Credit Card,23.54,1.0,0.5,5.88,0.0,2.75,33.67,14.7,9,Thursday,2024-04-04,2024-04
trip_0001765,1,2024-05-12 18:08:00,2024-05-12 18:11:07,1,1.32,238,256,1,Credit Card,8.2,2.5,0.5,1.23,0.0,2.75,15.18,3.1,18,Sunday,2024-05-12,2024-05
trip_0001766,2,2024-02-09 20:14:00,2024-02-09 20:33:32,1,8.47,170,43,1,Credit Card,36.06,1.0,0.5,7.21,0.0,2.75,47.52,19.5,20,Friday,2024-02-09,2024-02
trip_0001767,1,2024-01-30 01:51:00,2024-01-30 02:12:31,1,6.63,164,236,1,Credit Card,32.0,1.0,0.5,4.8,0.0,2.75,41.05,21.5,1,Tuesday,2024-01-30,2024-01
trip_0001768,2,2024-04-19 00:18:00,2024-04-19 00:29:12,2,12.24,132,33,2,Cash,42.26,1.0,0.5,8.45,6.55,2.75,61.51,11.2,0,Friday,2024-04-19,2024-04
trip_0001769,2,2024-02-11 07:18:00,2024-02-11 07:28:17,1,3.81,107,80,1,Credit Card,18.63,1.0,0.5,3.73,0.0,2.75,26.61,10.3,7,Sunday,2024-02-11,2024-02
trip_0001770,2,2024-02-04 07:15:00,2024-02-04 07:29:21,1,13.09,1,79,1,Credit Card,46.18,1.0,0.5,9.24,0.0,2.75,59.67,14.4,7,Sunday,2024-02-04,2024-02
trip_0001771,2,2024-01-27 09:22:00,2024-01-27 09:30:54,1,15.88,238,132,2,Credit Card,51.13,1.0,0.5,12.78,6.55,2.75,74.71,8.9,9,Saturday,2024-01-27,2024-01
trip_0001772,1,2024-01-26 21:58:00,2024-01-26 22:27:55,2,8.86,236,186,1,Credit Card,42.33,1.0,0.5,6.35,0.0,2.75,52.93,29.9,21,Friday,2024-01-26,2024-01
trip_0001773,2,2024-06-27 16:01:00,2024-06-27 16:10:51,1,2.71,237,231,1,Credit Card,15.38,2.5,0.5,0.0,0.0,2.75,21.13,9.9,16,Thursday,2024-06-27,2024-06
trip_0001774,1,2024-03-19 08:25:00,2024-03-19 08:42:05,2,3.12,170,249,1,Credit Card,20.12,1.0,0.5,3.02,0.0,2.75,27.39,17.1,8,Tuesday,2024-03-19,2024-03
trip_0001775,1,2024-06-23 23:09:00,2024-06-23 23:32:49,2,7.21,186,90,1,Credit Card,34.74,1.0,0.5,0.0,0.0,2.75,38.99,23.8,23,Sunday,2024-06-23,2024-06
trip_0001776,2,2024-02-05 15:06:00,2024-02-05 15:10:26,1,1.31,68,161,1,Credit Card,8.82,1.0,0.5,2.2,0.0,2.75,15.27,4.4,15,Monday,2024-02-05,2024-02
trip_0001777,2,2024-03-21 20:29:00,2024-03-21 20:44:31,1,3.28,107,186,1,Credit Card,19.79,1.0,0.5,3.96,0.0,2.75,28.0,15.5,20,Thursday,2024-03-21,2024-03
trip_0001778,1,2024-05-02 20:40:00,2024-05-02 21:02:38,1,5.47,164,100,1,Credit Card,29.37,1.0,0.5,0.0,0.0,2.75,33.62,22.6,20,Thursday,2024-05-02,2024-05
trip_0001779,2,2024-04-04 17:57:00,2024-04-04 18:03:24,1,1.83,80,256,1,Cash,11.24,2.5,0.5,2.25,0.0,2.75,19.24,6.4,17,Thursday,2024-04-04,2024-04
trip_0001780,2,2024-01-18 15:58:00,2024-01-18 16:18:24,1,5.09,238,107,1,Credit Card,27.2,1.0,0.5,5.44,0.0,2.75,36.89,20.4,15,Thursday,2024-01-18,2024-01
trip_0001781,1,2024-01-24 08:41:00,2024-01-24 09:08:14,1,6.05,33,80,1,Credit Card,33.26,1.0,0.5,6.65,0.0,2.75,44.16,27.2,8,Wednesday,2024-01-24,2024-01
trip_0001782,2,2024-02-22 20:11:00,2024-02-22 20:19:37,1,12.29,132,132,2,Dispute,41.11,1.0,0.5,0.0,6.55,2.75,51.91,8.6,20,Thursday,2024-02-22,2024-02
trip_0001783,1,2024-04-15 05:53:00,2024-04-15 06:12:19,1,6.09,163,145,1,Credit Card,29.41,1.0,0.5,7.35,0.0,2.75,41.01,19.3,5,Monday,2024-04-15,2024-04
trip_0001784,1,2024-05-14 16:46:00,2024-05-14 17:13:32,1,7.8,161,61,1,Credit Card,38.22,2.5,0.5,5.73,0.0,2.75,49.7,27.5,16,Tuesday,2024-05-14,2024-05
trip_0001785,1,2024-04-27 23:28:00,2024-04-27 23:40:33,1,4.81,236,237,1,Credit Card,22.5,1.0,0.5,3.38,0.0,2.75,30.13,12.6,23,Saturday,2024-04-27,2024-04
trip_0001786,2,2024-06-07 08:14:00,2024-06-07 08:44:59,1,13.48,18,186,1,Credit Card,55.56,1.0,0.5,8.33,0.0,2.75,68.14,31.0,8,Friday,2024-06-07,2024-06
trip_0001787,1,2024-03-20 02:45:00,2024-03-20 02:58:05,1,4.36,140,107,1,Credit Card,21.54,1.0,0.5,0.0,0.0,2.75,25.79,13.1,2,Wednesday,2024-03-20,2024-03
trip_0001788,2,2024-06-23 22:22:00,2024-06-23 22:30:47,1,2.22,100,100,1,Credit Card,13.5,1.0,0.5,2.7,0.0,2.75,20.45,8.8,22,Sunday,2024-06-23,2024-06
trip_0001789,1,2024-02-28 15:16:00,2024-02-28 15:26:29,3,3.12,186,236,1,Credit Card,16.83,1.0,0.5,0.0,0.0,2.75,21.08,10.5,15,Wednesday,2024-02-28,2024-02
trip_0001790,1,2024-03-11 12:15:00,2024-03-11 12:28:23,1,5.61,238,234,1,Credit Card,25.13,1.0,0.5,6.28,0.0,2.75,35.66,13.4,12,Monday,2024-03-11,2024-03
trip_0001791,2,2024-02-20 19:46:00,2024-02-20 19:57:44,1,2.14,161,142,1,Credit Card,14.76,2.5,0.5,2.95,0.0,2.75,23.46,11.7,19,Tuesday,2024-02-20,2024-02
trip_0001792,1,2024-03-22 03:03:00,2024-03-22 03:15:00,2,4.58,48,18,1,Credit Card,21.6,1.0,0.5,4.32,0.0,2.75,30.17,12.0,3,Friday,2024-03-22,2024-03
trip_0001793,2,2024-02-10 22:10:00,2024-02-10 22:16:56,1,2.68,161,80,1,Credit Card,13.84,1.0,0.5,2.08,0.0,2.75,20.17,6.9,22,Saturday,2024-02-10,2024-02
trip_0001794,2,2024-06-14 01:04:00,2024-06-14 01:19:27,1,5.48,18,33,1,Credit Card,25.8,1.0,0.5,5.16,0.0,2.75,35.21,15.5,1,Friday,2024-06-14,2024-06
trip_0001795,1,2024-03-31 00:14:00,2024-03-31 00:20:18,1,1.61,163,33,1,Credit Card,10.58,1.0,0.5,1.59,0.0,2.75,16.42,6.3,0,Sunday,2024-03-31,2024-03
trip_0001796,2,2024-03-16 01:51:00,2024-03-16 02:21:49,1,12.27,7,163,1,Credit Card,52.15,1.0,0.5,10.43,0.0,2.75,66.83,30.8,1,Saturday,2024-03-16,2024-03
trip_0001797,1,2024-03-11 22:35:00,2024-03-11 23:07:08,1,9.17,50,79,1,Cash,44.29,1.0,0.5,6.64,0.0,2.75,55.18,32.1,22,Monday,2024-03-11,2024-03
trip_0001798,1,2024-04-11 22:30:00,2024-04-11 22:55:24,1,11.05,164,61,1,Credit Card,46.09,1.0,0.5,6.91,0.0,2.75,57.25,25.4,22,Thursday,2024-04-11,2024-04
trip_0001799,1,2024-01-06 00:12:00,2024-01-06 00:25:16,1,2.48,236,18,1,Credit Card,16.45,1.0,0.5,2.47,0.0,2.75,23.17,13.3,0,Saturday,2024-01-06,2024-01
trip_0001800,1,2024-02-23 06:05:00,2024-02-23 06:22:12,1,4.97,193,18,1,Credit Card,25.28,1.0,0.5,0.0,0.0,2.75,29.53,17.2,6,Friday,2024-02-23,2024-02
trip_0001801,2,2024-03-16 21:36:00,2024-03-16 21:48:12,5,5.23,164,255,1,Credit Card,23.49,1.0,0.5,0.0,0.0,2.75,27.74,12.2,21,Saturday,2024-03-16,2024-03
trip_0001802,2,2024-01-02 21:43:00,2024-01-02 21:50:29,1,2.05,238,18,1,Credit Card,12.39,1.0,0.5,3.1,0.0,2.75,19.74,7.5,21,Tuesday,2024-01-02,2024-01
trip_0001803,1,2024-04-01 17:52:00,2024-04-01 18:08:11,1,5.06,170,255,1,Credit Card,25.01,2.5,0.5,0.0,0.0,2.75,30.76,16.2,17,Monday,2024-04-01,2024-04
trip_0001804,2,2024-03-23 13:04:00,2024-03-23 13:16:03,1,3.18,90,162,1,Credit Card,17.78,1.0,0.5,3.56,0.0,2.75,25.59,12.1,13,Saturday,2024-03-23,2024-03
trip_0001805,2,2024-05-24 19:30:00,2024-05-24 19:46:28,1,5.51,231,18,1,Cash,26.39,2.5,0.5,5.28,0.0,2.75,37.42,16.5,19,Friday,2024-05-24,2024-05
trip_0001806,2,2024-04-15 22:45:00,2024-04-15 23:03:27,1,3.72,249,145,1,Cash,22.46,1.0,0.5,4.49,0.0,2.75,31.2,18.5,22,Monday,2024-04-15,2024-04
trip_0001807,2,2024-04-23 12:47:00,2024-04-23 13:11:20,1,9.25,230,100,1,Credit Card,40.61,1.0,0.5,6.09,0.0,2.75,50.95,24.3,12,Tuesday,2024-04-23,2024-04
trip_0001808,2,2024-06-15 02:20:00,2024-06-15 02:41:51,1,6.28,80,145,1,Credit Card,31.2,1.0,0.5,4.68,0.0,2.75,40.13,21.9,2,Saturday,2024-06-15,2024-06
trip_0001809,2,2024-04-17 13:16:00,2024-04-17 13:22:32,2,1.19,230,48,1,Cash,9.54,1.0,0.5,1.43,0.0,2.75,15.22,6.5,13,Wednesday,2024-04-17,2024-04
trip_0001810,2,2024-06-16 10:06:00,2024-06-16 10:22:25,1,11.0,68,1,1,Credit Card,41.46,1.0,0.5,8.29,0.0,2.75,54.0,16.4,10,Sunday,2024-06-16,2024-06
trip_0001811,2,2024-04-13 10:21:00,2024-04-13 10:38:25,2,6.39,48,68,1,Credit Card,29.28,1.0,0.5,5.86,0.0,2.75,39.39,17.4,10,Saturday,2024-04-13,2024-04
trip_0001812,1,2024-04-30 23:42:00,2024-05-01 00:04:14,1,8.27,162,256,1,Credit Card,36.87,1.0,0.5,5.53,0.0,2.75,46.65,22.2,23,Tuesday,2024-04-30,2024-04
trip_0001813,2,2024-02-14 21:49:00,2024-02-14 21:57:41,1,3.72,7,231,1,Credit Card,17.58,1.0,0.5,2.64,0.0,2.75,24.47,8.7,21,Wednesday,2024-02-14,2024-02
trip_0001814,2,2024-02-21 18:50:00,2024-02-21 19:05:34,5,5.97,100,100,1,Cash,27.2,2.5,0.5,4.08,0.0,2.75,37.03,15.6,18,Wednesday,2024-02-21,2024-02
trip_0001815,1,2024-02-02 11:47:00,2024-02-02 11:59:16,2,4.76,79,231,1,Cash,22.22,1.0,0.5,0.0,0.0,2.75,26.47,12.3,11,Friday,2024-02-02,2024-02
trip_0001816,1,2024-06-11 19:29:00,2024-06-11 19:43:24,4,4.84,140,43,1,Credit Card,23.52,2.5,0.5,4.7,0.0,2.75,33.97,14.4,19,Tuesday,2024-06-11,2024-06
trip_0001817,2,2024-03-04 05:23:00,2024-03-04 05:46:30,1,9.54,107,186,1,Credit Card,40.99,1.0,0.5,6.15,0.0,2.75,51.39,23.5,5,Monday,2024-03-04,2024-03
trip_0001818,2,2024-02-22 17:37:00,2024-02-22 17:55:13,1,8.16,249,170,1,Cash,34.56,2.5,0.5,0.0,0.0,2.75,40.31,18.2,17,Thursday,2024-02-22,2024-02
trip_0001819,1,2024-03-07 05:21:00,2024-03-07 05:47:19,1,7.03,100,90,1,Credit Card,35.49,1.0,0.5,5.32,0.0,2.75,45.06,26.3,5,Thursday,2024-03-07,2024-03
trip_0001820,2,2024-05-26 05:21:00,2024-05-26 05:51:14,1,12.19,237,107,1,Credit Card,51.64,1.0,0.5,10.33,0.0,2.75,66.22,30.2,5,Sunday,2024-05-26,2024-05
trip_0001821,2,2024-05-31 05:16:00,2024-05-31 05:34:50,5,6.31,143,161,1,Credit Card,29.77,1.0,0.5,7.44,0.0,2.75,41.46,18.8,5,Friday,2024-05-31,2024-05
trip_0001822,2,2024-04-17 17:27:00,2024-04-17 17:34:20,2,2.4,162,255,1,Cash,13.27,2.5,0.5,0.0,0.0,2.75,19.02,7.3,17,Wednesday,2024-04-17,2024-04
trip_0001823,2,2024-03-30 03:25:00,2024-03-30 03:31:56,1,2.5,145,100,1,Credit Card,13.35,1.0,0.5,2.67,0.0,2.75,20.27,6.9,3,Saturday,2024-03-30,2024-03
trip_0001824,2,2024-02-26 20:08:00,2024-02-26 20:16:03,1,1.99,162,163,1,Credit Card,12.5,1.0,0.5,0.0,0.0,2.75,16.75,8.1,20,Monday,2024-02-26,2024-02
trip_0001825,2,2024-04-06 16:16:00,2024-04-06 16:25:01,1,2.67,68,170,1,Credit Card,14.86,2.5,0.5,2.23,0.0,2.75,22.84,9.0,16,Saturday,2024-04-06,2024-04
trip_0001826,2,2024-02-11 06:41:00,2024-02-11 07:00:21,1,4.59,170,140,1,Credit Card,25.3,1.0,0.5,0.0,0.0,2.75,29.55,19.4,6,Sunday,2024-02-11,2024-02
trip_0001827,2,2024-06-05 10:07:00,2024-06-05 10:21:51,2,3.21,145,186,1,Credit Card,19.26,1.0,0.5,4.82,0.0,2.75,28.33,14.9,10,Wednesday,2024-06-05,2024-06
trip_0001828,1,2024-01-03 01:50:00,2024-01-03 02:05:34,1,3.59,61,255,1,Cash,20.66,1.0,0.5,4.13,0.0,2.75,29.04,15.6,1,Wednesday,2024-01-03,2024-01
trip_0001829,2,2024-02-28 00:13:00,2024-02-28 00:18:42,1,1.35,231,100,1,Credit Card,9.56,1.0,0.5,1.91,0.0,2.75,15.72,5.7,0,Wednesday,2024-02-28,2024-02
trip_0001830,1,2024-06-02 11:03:00,2024-06-02 11:15:24,1,5.13,164,7,1,Cash,23.31,1.0,0.5,4.66,0.0,2.75,32.22,12.4,11,Sunday,2024-06-02,2024-06
trip_0001831,1,2024-06-19 13:25:00,2024-06-19 13:38:45,1,5.92,162,249,1,Credit Card,26.16,1.0,0.5,3.92,0.0,2.75,34.33,13.8,13,Wednesday,2024-06-19,2024-06
trip_0001832,1,2024-02-25 01:15:00,2024-02-25 01:36:18,1,8.44,140,170,1,Credit Card,36.87,1.0,0.5,5.53,0.0,2.75,46.65,21.3,1,Sunday,2024-02-25,2024-02
trip_0001833,1,2024-03-02 08:25:00,2024-03-02 08:56:19,1,7.1,236,170,1,Credit Card,38.19,1.0,0.5,9.55,0.0,2.75,51.99,31.3,8,Saturday,2024-03-02,2024-03
trip_0001834,2,2024-04-12 13:55:00,2024-04-12 14:21:23,4,7.83,107,48,1,Credit Card,37.73,1.0,0.5,7.55,0.0,2.75,49.53,26.4,13,Friday,2024-04-12,2024-04
trip_0001835,1,2024-06-12 17:09:00,2024-06-12 17:21:46,2,4.09,186,249,1,Cash,20.64,2.5,0.5,3.1,0.0,2.75,29.49,12.8,17,Wednesday,2024-06-12,2024-06
trip_0001836,1,2024-06-17 01:19:00,2024-06-17 01:44:19,1,13.39,138,163,2,Credit Card,52.49,1.0,0.5,10.5,6.55,2.75,73.79,25.3,1,Monday,2024-06-17,2024-06
trip_0001837,1,2024-04-21 12:15:00,2024-04-21 12:24:49,3,2.45,50,238,1,Credit Card,14.65,1.0,0.5,0.0,0.0,2.75,18.9,9.8,12,Sunday,2024-04-21,2024-04
trip_0001838,2,2024-01-18 07:49:00,2024-01-18 08:02:49,6,5.91,163,140,1,Credit Card,26.17,1.0,0.5,3.93,0.0,2.75,34.35,13.8,7,Thursday,2024-01-18,2024-01
trip_0001839,1,2024-04-24 14:39:00,2024-04-24 14:54:39,1,5.44,7,193,1,Cash,25.79,1.0,0.5,6.45,0.0,2.75,36.49,15.7,14,Wednesday,2024-04-24,2024-04
trip_0001840,1,2024-04-23 20:17:00,2024-04-23 20:35:12,2,4.89,61,143,1,Credit Card,25.55,1.0,0.5,6.39,0.0,2.75,36.19,18.2,20,Tuesday,2024-04-23,2024-04
trip_0001841,2,2024-04-19 07:04:00,2024-04-19 07:12:45,2,1.76,61,18,1,Credit Card,12.22,1.0,0.5,2.44,0.0,2.75,18.91,8.8,7,Friday,2024-04-19,2024-04
trip_0001842,1,2024-04-01 22:13:00,2024-04-01 22:43:59,3,11.82,234,170,1,Cash,51.0,1.0,0.5,10.2,0.0,2.75,65.45,31.0,22,Monday,2024-04-01,2024-04
trip_0001843,1,2024-04-04 03:36:00,2024-04-04 03:58:53,1,5.59,50,143,1,Cash,29.82,1.0,0.5,5.96,0.0,2.75,40.03,22.9,3,Thursday,2024-04-04,2024-04
trip_0001844,1,2024-04-05 12:01:00,2024-04-05 12:25:09,2,10.66,162,43,1,No Charge,44.4,1.0,0.5,0.0,0.0,2.75,48.65,24.2,12,Friday,2024-04-05,2024-04
trip_0001845,1,2024-01-30 02:01:00,2024-01-30 02:11:36,1,4.76,170,90,1,Credit Card,21.4,1.0,0.5,3.21,0.0,2.75,28.86,10.6,2,Tuesday,2024-01-30,2024-01
trip_0001846,1,2024-04-04 19:55:00,2024-04-04 20:06:43,1,2.36,80,186,1,Credit Card,15.35,2.5,0.5,0.0,0.0,2.75,21.1,11.7,19,Thursday,2024-04-04,2024-04
trip_0001847,1,2024-05-14 05:55:00,2024-05-14 06:10:28,1,6.94,255,239,1,Credit Card,29.82,1.0,0.5,5.96,0.0,2.75,40.03,15.5,5,Tuesday,2024-05-14,2024-05
trip_0001848,2,2024-03-26 04:26:00,2024-03-26 04:49:47,1,8.6,238,161,1,Credit Card,38.54,1.0,0.5,7.71,0.0,2.75,50.5,23.8,4,Tuesday,2024-03-26,2024-03
trip_0001849,1,2024-05-30 04:59:00,2024-05-30 05:22:24,1,20.33,1,33,1,Cash,70.61,1.0,0.5,10.59,0.0,2.75,85.45,23.4,4,Thursday,2024-05-30,2024-05
trip_0001850,1,2024-01-21 10:38:00,2024-01-21 11:09:48,1,5.87,230,161,1,Credit Card,35.05,1.0,0.5,8.76,0.0,2.75,48.06,31.8,10,Sunday,2024-01-21,2024-01
trip_0001851,1,2024-04-27 03:48:00,2024-04-27 04:05:20,1,5.33,256,238,1,Cash,26.33,1.0,0.5,0.0,0.0,2.75,30.58,17.3,3,Saturday,2024-04-27,2024-04
trip_0001852,2,2024-02-26 13:33:00,2024-02-26 13:52:44,1,8.4,234,18,1,Credit Card,35.97,1.0,0.5,7.19,0.0,2.75,47.41,19.7,13,Monday,2024-02-26,2024-02
trip_0001853,2,2024-03-06 07:33:00,2024-03-06 07:54:14,1,9.26,256,163,1,Cash,39.08,1.0,0.5,7.82,0.0,2.75,51.15,21.2,7,Wednesday,2024-03-06,2024-03
trip_0001854,1,2024-01-28 21:17:00,2024-01-28 21:36:19,1,5.29,80,164,1,Credit Card,27.21,1.0,0.5,4.08,0.0,2.75,35.54,19.3,21,Sunday,2024-01-28,2024-01
trip_0001855,1,2024-03-28 17:12:00,2024-03-28 17:55:31,1,8.31,231,249,1,Cash,47.62,2.5,0.5,0.0,0.0,2.75,53.37,43.5,17,Thursday,2024-03-28,2024-03
trip_0001856,2,2024-02-26 21:53:00,2024-02-26 22:04:09,1,4.77,249,238,1,Cash,21.7,1.0,0.5,4.34,0.0,2.75,30.29,11.2,21,Monday,2024-02-26,2024-02
trip_0001857,2,2024-06-01 09:02:00,2024-06-01 09:29:12,2,8.41,48,249,1,Credit Card,39.73,1.0,0.5,9.93,0.0,2.75,53.91,27.2,9,Saturday,2024-06-01,2024-06
trip_0001858,1,2024-01-04 02:28:00,2024-01-04 02:52:11,1,9.43,145,50,1,Credit Card,41.03,1.0,0.5,8.21,0.0,2.75,53.49,24.2,2,Thursday,2024-01-04,2024-01
trip_0001859,1,2024-04-15 03:59:00,2024-04-15 04:17:02,1,16.57,138,162,2,Credit Card,57.59,1.0,0.5,14.4,6.55,2.75,82.79,18.0,3,Monday,2024-04-15,2024-04
trip_0001860,1,2024-06-01 21:46:00,2024-06-01 22:05:18,1,6.94,80,100,1,Credit Card,31.74,1.0,0.5,6.35,0.0,2.75,42.34,19.3,21,Saturday,2024-06-01,2024-06
trip_0001861,2,2024-05-01 12:44:00,2024-05-01 13:02:08,1,7.92,193,79,1,Credit Card,33.85,1.0,0.5,0.0,0.0,2.75,38.1,18.1,12,Wednesday,2024-05-01,2024-05
trip_0001862,1,2024-06-25 11:41:00,2024-06-25 12:10:29,1,12.35,170,79,1,Credit Card,51.71,1.0,0.5,10.34,0.0,2.75,66.3,29.5,11,Tuesday,2024-06-25,2024-06
trip_0001863,1,2024-04-23 14:29:00,2024-04-23 14:46:11,1,6.11,79,80,1,Credit Card,28.4,1.0,0.5,5.68,0.0,2.75,38.33,17.2,14,Tuesday,2024-04-23,2024-04
trip_0001864,2,2024-05-27 18:12:00,2024-05-27 18:37:19,1,5.63,48,162,1,Credit Card,31.14,2.5,0.5,7.78,0.0,2.75,44.67,25.3,18,Monday,2024-05-27,2024-05
trip_0001865,2,2024-04-08 21:16:00,2024-04-08 21:33:43,1,11.02,138,1,2,Credit Card,42.17,1.0,0.5,6.33,6.55,2.75,59.3,17.7,21,Monday,2024-04-08,2024-04
trip_0001866,1,2024-06-25 22:58:00,2024-06-25 23:17:17,1,4.42,162,33,1,Credit Card,24.8,1.0,0.5,4.96,0.0,2.75,34.01,19.3,22,Tuesday,2024-06-25,2024-06
trip_0001867,2,2024-06-18 02:48:00,2024-06-18 03:06:20,1,5.95,186,33,1,Credit Card,28.53,1.0,0.5,4.28,0.0,2.75,37.06,18.3,2,Tuesday,2024-06-18,2024-06
trip_0001868,1,2024-03-25 11:21:00,2024-03-25 11:44:27,1,4.92,236,239,1,Credit Card,28.26,1.0,0.5,7.06,0.0,2.75,39.57,23.5,11,Monday,2024-03-25,2024-03
trip_0001869,2,2024-01-10 05:09:00,2024-01-10 05:19:56,5,2.24,68,170,1,Credit Card,14.63,1.0,0.5,2.93,0.0,2.75,21.81,10.9,5,Wednesday,2024-01-10,2024-01
trip_0001870,2,2024-06-25 17:24:00,2024-06-25 17:47:55,1,6.87,142,100,1,Credit Card,33.86,2.5,0.5,0.0,0.0,2.75,39.61,23.9,17,Tuesday,2024-06-25,2024-06
trip_0001871,2,2024-04-07 21:08:00,2024-04-07 21:29:14,1,6.98,249,140,1,Credit Card,32.82,1.0,0.5,4.92,0.0,2.75,41.99,21.2,21,Sunday,2024-04-07,2024-04
trip_0001872,2,2024-06-07 18:35:00,2024-06-07 18:53:28,1,7.45,7,170,1,Credit Card,32.72,2.5,0.5,0.0,0.0,2.75,38.47,18.5,18,Friday,2024-06-07,2024-06
trip_0001873,2,2024-02-09 21:40:00,2024-02-09 21:53:49,1,5.94,161,237,1,Credit Card,26.25,1.0,0.5,5.25,0.0,2.75,35.75,13.8,21,Friday,2024-02-09,2024-02
trip_0001874,1,2024-02-12 11:31:00,2024-02-12 11:38:45,1,1.71,100,143,1,Credit Card,11.58,1.0,0.5,1.74,0.0,2.75,17.57,7.8,11,Monday,2024-02-12,2024-02
trip_0001875,1,2024-06-22 21:30:00,2024-06-22 21:42:40,1,21.73,143,132,2,Credit Card,69.1,1.0,0.5,0.0,6.55,2.75,79.9,12.7,21,Saturday,2024-06-22,2024-06
trip_0001876,1,2024-04-07 18:29:00,2024-04-07 18:36:08,1,3.02,100,163,1,Cash,14.88,2.5,0.5,2.23,0.0,2.75,22.86,7.1,18,Sunday,2024-04-07,2024-04
trip_0001877,1,2024-06-22 10:30:00,2024-06-22 10:48:43,5,13.19,186,1,1,Credit Card,48.64,1.0,0.5,7.3,0.0,2.75,60.19,18.7,10,Saturday,2024-06-22,2024-06
trip_0001878,1,2024-01-19 05:41:00,2024-01-19 05:56:54,2,3.63,230,238,1,Credit Card,20.94,1.0,0.5,3.14,0.0,2.75,28.33,15.9,5,Friday,2024-01-19,2024-01
trip_0001879,2,2024-02-01 19:10:00,2024-02-01 19:41:43,1,7.67,161,143,1,Credit Card,39.95,2.5,0.5,5.99,0.0,2.75,51.69,31.7,19,Thursday,2024-02-01,2024-02
trip_0001880,2,2024-02-03 16:28:00,2024-02-03 16:52:23,1,5.02,231,164,1,Credit Card,29.0,2.5,0.5,7.25,0.0,2.75,42.0,24.4,16,Saturday,2024-02-03,2024-02
trip_0001881,1,2024-01-24 06:35:00,2024-01-24 06:51:28,3,3.47,238,142,1,Credit Card,20.78,1.0,0.5,3.12,0.0,2.75,28.15,16.5,6,Wednesday,2024-01-24,2024-01
trip_0001882,1,2024-02-24 02:26:00,2024-02-24 02:46:37,2,4.56,234,234,1,Credit Card,25.85,1.0,0.5,6.46,0.0,2.75,36.56,20.6,2,Saturday,2024-02-24,2024-02
trip_0001883,2,2024-06-17 23:38:00,2024-06-17 23:51:58,2,5.26,237,142,1,Credit Card,24.45,1.0,0.5,0.0,0.0,2.75,28.7,14.0,23,Monday,2024-06-17,2024-06
trip_0001884,1,2024-03-14 00:35:00,2024-03-14 00:45:03,1,2.8,236,234,1,Credit Card,15.73,1.0,0.5,0.0,0.0,2.75,19.98,10.1,0,Thursday,2024-03-14,2024-03
trip_0001885,2,2024-04-14 18:54:00,2024-04-14 19:07:57,1,5.42,170,141,1,Credit Card,24.89,2.5,0.5,0.0,0.0,2.75,30.64,14.0,18,Sunday,2024-04-14,2024-04
trip_0001886,1,2024-05-19 13:40:00,2024-05-19 14:07:19,5,17.45,138,255,2,Cash,64.65,1.0,0.5,12.93,6.55,2.75,88.38,27.3,13,Sunday,2024-05-19,2024-05
trip_0001887,2,2024-01-14 05:57:00,2024-01-14 06:43:36,2,12.16,163,68,1,Credit Card,59.75,1.0,0.5,14.94,0.0,2.75,78.94,46.6,5,Sunday,2024-01-14,2024-01
trip_0001888,1,2024-01-04 23:53:00,2024-01-05 00:07:42,1,5.05,50,231,1,Credit Card,24.24,1.0,0.5,0.0,0.0,2.75,28.49,14.7,23,Thursday,2024-01-04,2024-01
trip_0001889,1,2024-04-14 05:02:00,2024-04-14 05:12:20,1,2.25,236,79,1,Credit Card,14.36,1.0,0.5,2.87,0.0,2.75,21.48,10.3,5,Sunday,2024-04-14,2024-04
trip_0001890,2,2024-01-19 04:51:00,2024-01-19 05:07:25,1,19.99,1,61,1,Credit Card,66.18,1.0,0.5,9.93,0.0,2.75,80.36,16.4,4,Friday,2024-01-19,2024-01
trip_0001891,2,2024-04-21 15:41:00,2024-04-21 15:54:19,1,3.99,90,107,1,Credit Card,20.63,1.0,0.5,4.13,0.0,2.75,29.01,13.3,15,Sunday,2024-04-21,2024-04
trip_0001892,1,2024-05-04 23:52:00,2024-05-05 00:25:00,1,6.72,238,230,1,Credit Card,37.98,1.0,0.5,7.6,0.0,2.75,49.83,33.0,23,Saturday,2024-05-04,2024-05
trip_0001893,2,2024-05-09 02:15:00,2024-05-09 02:30:30,2,2.84,164,18,1,Cash,18.57,1.0,0.5,3.71,0.0,2.75,26.53,15.5,2,Thursday,2024-05-09,2024-05
trip_0001894,1,2024-02-28 07:31:00,2024-02-28 07:46:28,1,4.95,238,234,1,Cash,24.35,1.0,0.5,4.87,0.0,2.75,33.47,15.5,7,Wednesday,2024-02-28,2024-02
trip_0001895,2,2024-01-03 17:25:00,2024-01-03 17:38:21,2,5.1,255,61,1,Credit Card,23.7,2.5,0.5,3.56,0.0,2.75,33.01,13.4,17,Wednesday,2024-01-03,2024-01
trip_0001896,2,2024-03-16 07:50:00,2024-03-16 07:54:52,1,2.07,48,234,1,Cash,11.13,1.0,0.5,1.67,0.0,2.75,17.05,4.9,7,Saturday,2024-03-16,2024-03
trip_0001897,1,2024-01-02 03:37:00,2024-01-02 03:49:16,1,3.34,238,231,1,Credit Card,18.32,1.0,0.5,3.66,0.0,2.75,26.23,12.3,3,Tuesday,2024-01-02,2024-01
trip_0001898,2,2024-04-12 14:54:00,2024-04-12 15:08:38,2,6.37,237,237,1,Credit Card,27.83,1.0,0.5,5.57,0.0,2.75,37.65,14.6,14,Friday,2024-04-12,2024-04
trip_0001899,1,2024-05-27 16:14:00,2024-05-27 16:31:20,1,6.7,43,164,1,Credit Card,30.1,2.5,0.5,6.02,0.0,2.75,41.87,17.3,16,Monday,2024-05-27,2024-05
trip_0001900,2,2024-02-10 00:28:00,2024-02-10 00:38:24,1,2.15,107,236,1,Credit Card,14.12,1.0,0.5,2.12,0.0,2.75,20.49,10.4,0,Saturday,2024-02-10,2024-02
trip_0001901,2,2024-01-17 07:25:00,2024-01-17 07:32:24,1,2.87,164,79,1,Credit Card,14.59,1.0,0.5,2.92,0.0,2.75,21.76,7.4,7,Wednesday,2024-01-17,2024-01
trip_0001902,2,2024-06-13 06:53:00,2024-06-13 07:09:01,1,12.84,1,236,1,Credit Card,46.32,1.0,0.5,9.26,0.0,2.75,59.83,16.0,6,Thursday,2024-06-13,2024-06
trip_0001903,1,2024-05-18 11:42:00,2024-05-18 11:59:02,1,5.92,48,239,1,Credit Card,27.8,1.0,0.5,4.17,0.0,2.75,36.22,17.0,11,Saturday,2024-05-18,2024-05
trip_0001904,1,2024-06-27 19:18:00,2024-06-27 19:36:00,1,15.33,138,234,2,Cash,54.16,2.5,0.5,10.83,6.55,2.75,77.29,18.0,19,Thursday,2024-06-27,2024-06
trip_0001905,2,2024-04-09 12:30:00,2024-04-09 12:50:58,1,15.19,230,132,2,Cash,55.26,1.0,0.5,11.05,6.55,2.75,77.11,21.0,12,Tuesday,2024-04-09,2024-04
trip_0001906,1,2024-01-28 09:09:00,2024-01-28 09:53:07,1,11.53,193,161,1,Credit Card,56.77,1.0,0.5,0.0,0.0,2.75,61.02,44.1,9,Sunday,2024-01-28,2024-01
trip_0001907,2,2024-04-21 11:00:00,2024-04-21 11:23:26,1,6.06,48,230,1,Credit Card,31.38,1.0,0.5,4.71,0.0,2.75,40.34,23.4,11,Sunday,2024-04-21,2024-04
trip_0001908,1,2024-01-10 13:52:00,2024-01-10 14:13:18,1,6.73,107,239,1,Credit Card,32.16,1.0,0.5,4.82,0.0,2.75,41.23,21.3,13,Wednesday,2024-01-10,2024-01
trip_0001909,2,2024-02-05 10:02:00,2024-02-05 10:10:54,5,3.81,33,79,1,Credit Card,17.93,1.0,0.5,0.0,0.0,2.75,22.18,8.9,10,Monday,2024-02-05,2024-02
trip_0001910,2,2024-04-29 16:26:00,2024-04-29 16:44:02,3,15.98,256,138,2,Credit Card,55.96,2.5,0.5,0.0,6.55,2.75,68.26,18.0,16,Monday,2024-04-29,2024-04
trip_0001911,2,2024-03-27 03:22:00,2024-03-27 03:34:38,4,4.3,236,193,1,Credit Card,21.15,1.0,0.5,3.17,0.0,2.75,28.57,12.6,3,Wednesday,2024-03-27,2024-03
trip_0001912,1,2024-03-15 02:41:00,2024-03-15 02:57:23,1,3.72,170,239,1,Credit Card,21.43,1.0,0.5,4.29,0.0,2.75,29.97,16.4,2,Friday,2024-03-15,2024-03
trip_0001913,1,2024-02-26 20:53:00,2024-02-26 20:59:14,1,2.02,161,143,1,Credit Card,11.68,1.0,0.5,1.75,0.0,2.75,17.68,6.2,20,Monday,2024-02-26,2024-02
trip_0001914,2,2024-03-04 03:55:00,2024-03-04 04:00:17,2,1.73,100,236,1,Credit Card,10.41,1.0,0.5,1.56,0.0,2.75,16.22,5.3,3,Monday,2024-03-04,2024-03
trip_0001915,2,2024-03-07 20:42:00,2024-03-07 20:58:44,1,3.17,107,255,1,Credit Card,20.09,1.0,0.5,0.0,0.0,2.75,24.34,16.7,20,Thursday,2024-03-07,2024-03
trip_0001916,2,2024-02-22 17:16:00,2024-02-22 17:41:24,1,4.62,170,90,1,Credit Card,28.41,2.5,0.5,5.68,0.0,2.75,39.84,25.4,17,Thursday,2024-02-22,2024-02
trip_0001917,1,2024-03-20 15:49:00,2024-03-20 15:59:16,1,1.86,142,141,1,Credit Card,13.25,1.0,0.5,0.0,0.0,2.75,17.5,10.3,15,Wednesday,2024-03-20,2024-03
trip_0001918,2,2024-01-12 09:21:00,2024-01-12 09:27:58,1,2.15,48,249,1,Cash,12.4,1.0,0.5,1.86,0.0,2.75,18.51,7.0,9,Friday,2024-01-12,2024-01
trip_0001919,1,2024-01-17 09:44:00,2024-01-17 09:50:17,3,2.35,80,145,1,Credit Card,12.61,1.0,0.5,3.15,0.0,2.75,20.01,6.3,9,Wednesday,2024-01-17,2024-01
trip_0001920,1,2024-04-02 08:19:00,2024-04-02 08:40:16,5,7.89,80,145,1,Cash,35.33,1.0,0.5,5.3,0.0,2.75,44.88,21.3,8,Tuesday,2024-04-02,2024-04
trip_0001921,2,2024-03-21 15:14:00,2024-03-21 15:30:42,1,6.62,80,90,1,Credit Card,29.56,1.0,0.5,0.0,0.0,2.75,33.81,16.7,15,Thursday,2024-03-21,2024-03
trip_0001922,1,2024-06-06 15:58:00,2024-06-06 16:25:25,1,6.9,68,141,1,Credit Card,35.69,1.0,0.5,7.14,0.0,2.75,47.08,27.4,15,Thursday,2024-06-06,2024-06
trip_0001923,2,2024-03-01 19:36:00,2024-03-01 19:46:52,1,19.78,164,1,1,Credit Card,62.83,2.5,0.5,12.57,0.0,2.75,81.15,10.9,19,Friday,2024-03-01,2024-03
trip_0001924,2,2024-04-21 23:56:00,2024-04-22 00:11:11,1,15.8,132,142,2,Credit Card,54.04,1.0,0.5,8.11,6.55,2.75,72.95,15.2,23,Sunday,2024-04-21,2024-04
trip_0001925,2,2024-02-02 15:39:00,2024-02-02 15:48:35,1,2.07,256,234,1,Credit Card,13.49,1.0,0.5,2.02,0.0,2.75,19.76,9.6,15,Friday,2024-02-02,2024-02
trip_0001926,1,2024-01-09 01:40:00,2024-01-09 01:53:04,1,17.01,142,138,2,Cash,56.31,1.0,0.5,11.26,6.55,2.75,78.37,13.1,1,Tuesday,2024-01-09,2024-01
trip_0001927,2,2024-05-04 23:36:00,2024-05-04 23:45:41,1,2.34,193,61,1,Credit Card,14.28,1.0,0.5,2.14,0.0,2.75,20.67,9.7,23,Saturday,2024-05-04,2024-05
trip_0001928,1,2024-01-31 14:03:00,2024-01-31 14:32:43,1,10.62,61,140,1,Credit Card,47.07,1.0,0.5,9.41,0.0,2.75,60.73,29.7,14,Wednesday,2024-01-31,2024-01
trip_0001929,1,2024-04-06 12:07:00,2024-04-06 12:21:55,2,6.56,61,107,1,Cash,28.5,1.0,0.5,4.27,0.0,2.75,37.02,14.9,12,Saturday,2024-04-06,2024-04
trip_0001930,1,2024-02-03 00:45:00,2024-02-03 01:34:57,4,15.9,18,249,1,Credit Card,71.71,1.0,0.5,10.76,0.0,2.75,86.72,50.0,0,Saturday,2024-02-03,2024-02
trip_0001931,2,2024-06-26 10:49:00,2024-06-26 10:57:41,4,3.37,238,237,1,Credit Card,16.61,1.0,0.5,4.15,0.0,2.75,25.01,8.7,10,Wednesday,2024-06-26,2024-06
trip_0001932,2,2024-01-20 20:38:00,2024-01-20 20:57:19,2,7.29,255,107,1,Credit Card,32.71,1.0,0.5,0.0,0.0,2.75,36.96,19.3,20,Saturday,2024-01-20,2024-01
trip_0001933,2,2024-04-16 05:48:00,2024-04-16 05:56:17,1,1.91,186,231,1,Cash,12.4,1.0,0.5,2.48,0.0,2.75,19.13,8.3,5,Tuesday,2024-04-16,2024-04
trip_0001934,2,2024-03-24 18:06:00,2024-03-24 18:19:10,1,5.32,140,237,1,Cash,24.22,2.5,0.5,3.63,0.0,2.75,33.6,13.2,18,Sunday,2024-03-24,2024-03
trip_0001935,1,2024-03-27 16:00:00,2024-03-27 16:18:12,1,4.3,249,161,1,Dispute,23.93,2.5,0.5,4.79,0.0,2.75,34.47,18.2,16,Wednesday,2024-03-27,2024-03
trip_0001936,2,2024-03-22 05:21:00,2024-03-22 05:28:54,2,3.19,145,90,1,Credit Card,15.73,1.0,0.5,3.15,0.0,2.75,23.13,7.9,5,Friday,2024-03-22,2024-03
trip_0001937,1,2024-02-23 19:04:00,2024-02-23 19:12:07,1,1.48,231,140,1,Credit Card,11.13,2.5,0.5,1.67,0.0,2.75,18.55,8.1,19,Friday,2024-02-23,2024-02
trip_0001938,2,2024-05-27 22:45:00,2024-05-27 23:08:38,2,4.57,237,142,1,Credit Card,27.39,1.0,0.5,4.11,0.0,2.75,35.75,23.6,22,Monday,2024-05-27,2024-05
trip_0001939,2,2024-05-10 07:58:00,2024-05-10 08:11:14,1,4.5,145,163,1,Credit Card,22.0,1.0,0.5,0.0,0.0,2.75,26.25,13.2,7,Friday,2024-05-10,2024-05
trip_0001940,2,2024-05-26 03:19:00,2024-05-26 03:32:01,1,5.3,33,231,1,Credit Card,24.09,1.0,0.5,4.82,0.0,2.75,33.16,13.0,3,Sunday,2024-05-26,2024-05
trip_0001941,2,2024-05-11 20:54:00,2024-05-11 21:10:56,1,3.31,163,236,1,Credit Card,20.57,1.0,0.5,5.14,0.0,2.75,29.96,16.9,20,Saturday,2024-05-11,2024-05
trip_0001942,1,2024-03-29 01:33:00,2024-03-29 01:39:03,1,1.77,80,80,1,Credit Card,10.9,1.0,0.5,0.0,0.0,2.75,15.15,6.1,1,Friday,2024-03-29,2024-03
trip_0001943,1,2024-06-04 07:56:00,2024-06-04 08:30:51,1,6.86,141,79,1,Credit Card,39.3,1.0,0.5,5.9,0.0,2.75,49.45,34.9,7,Tuesday,2024-06-04,2024-06
trip_0001944,1,2024-05-26 16:29:00,2024-05-26 16:42:09,1,2.92,193,145,1,Credit Card,17.61,2.5,0.5,2.64,0.0,2.75,26.0,13.2,16,Sunday,2024-05-26,2024-05
trip_0001945,2,2024-01-15 06:16:00,2024-01-15 06:26:14,1,18.97,249,1,1,Cash,60.29,1.0,0.5,15.07,0.0,2.75,79.61,10.2,6,Monday,2024-01-15,2024-01
trip_0001946,1,2024-02-21 22:17:00,2024-02-21 22:37:10,1,3.9,162,18,1,Cash,23.82,1.0,0.5,4.76,0.0,2.75,32.83,20.2,22,Wednesday,2024-02-21,2024-02
trip_0001947,2,2024-04-23 09:48:00,2024-04-23 10:06:44,1,6.65,79,68,1,Credit Card,30.66,1.0,0.5,6.13,0.0,2.75,41.04,18.7,9,Tuesday,2024-04-23,2024-04
trip_0001948,2,2024-04-19 12:27:00,2024-04-19 12:35:03,1,2.32,33,107,1,Credit Card,13.41,1.0,0.5,2.01,0.0,2.75,19.67,8.1,12,Friday,2024-04-19,2024-04
trip_0001949,2,2024-05-01 18:10:00,2024-05-01 18:16:14,2,2.03,7,162,1,Credit Card,11.71,2.5,0.5,2.34,0.0,2.75,19.8,6.2,18,Wednesday,2024-05-01,2024-05
trip_0001950,2,2024-03-24 22:37:00,2024-03-24 23:00:34,1,8.25,234,170,1,Credit Card,37.47,1.0,0.5,0.0,0.0,2.75,41.72,23.6,22,Sunday,2024-03-24,2024-03
trip_0001951,2,2024-06-19 01:16:00,2024-06-19 01:25:22,1,1.97,61,161,1,Cash,13.11,1.0,0.5,3.28,0.0,2.75,20.64,9.4,1,Wednesday,2024-06-19,2024-06
trip_0001952,2,2024-04-03 05:41:00,2024-04-03 05:52:54,1,4.03,68,163,1,Credit Card,20.04,1.0,0.5,4.01,0.0,2.75,28.3,11.9,5,Wednesday,2024-04-03,2024-04
trip_0001953,1,2024-06-07 17:03:00,2024-06-07 17:14:05,1,4.74,234,90,1,Credit Card,21.58,2.5,0.5,4.32,0.0,2.75,31.65,11.1,17,Friday,2024-06-07,2024-06
trip_0001954,1,2024-06-22 12:23:00,2024-06-22 12:37:17,2,6.02,48,186,1,Credit Card,26.7,1.0,0.5,4.0,0.0,2.75,34.95,14.3,12,Saturday,2024-06-22,2024-06
trip_0001955,1,2024-04-20 23:47:00,2024-04-20 23:57:25,1,4.45,236,80,1,Credit Card,20.45,1.0,0.5,3.07,0.0,2.75,27.77,10.4,23,Saturday,2024-04-20,2024-04
trip_0001956,1,2024-06-26 04:08:00,2024-06-26 04:21:39,2,6.06,163,142,1,Credit Card,26.49,1.0,0.5,3.97,0.0,2.75,34.71,13.7,4,Wednesday,2024-06-26,2024-06
trip_0001957,1,2024-06-26 02:04:00,2024-06-26 02:19:52,2,5.43,33,145,1,Cash,25.87,1.0,0.5,0.0,0.0,2.75,30.12,15.9,2,Wednesday,2024-06-26,2024-06
trip_0001958,2,2024-01-25 02:34:00,2024-01-25 03:03:32,1,6.65,50,239,1,Credit Card,36.06,1.0,0.5,7.21,0.0,2.75,47.52,29.5,2,Thursday,2024-01-25,2024-01
trip_0001959,1,2024-03-26 06:30:00,2024-03-26 06:49:58,1,7.79,143,186,1,Credit Card,34.41,1.0,0.5,8.6,0.0,2.75,47.26,20.0,6,Tuesday,2024-03-26,2024-03
trip_0001960,2,2024-01-16 14:28:00,2024-01-16 14:36:37,1,3.51,61,107,1,Credit Card,16.97,1.0,0.5,2.55,0.0,2.75,23.77,8.6,14,Tuesday,2024-01-16,2024-01
trip_0001961,1,2024-06-15 19:11:00,2024-06-15 19:20:50,1,3.47,79,90,1,Credit Card,17.46,2.5,0.5,3.49,0.0,2.75,26.7,9.8,19,Saturday,2024-06-15,2024-06
trip_0001962,1,2024-02-01 12:50:00,2024-02-01 13:19:36,1,5.55,61,163,1,Credit Card,33.06,1.0,0.5,0.0,0.0,2.75,37.31,29.6,12,Thursday,2024-02-01,2024-02
trip_0001963,1,2024-06-01 17:40:00,2024-06-01 17:57:41,1,7.89,79,61,1,Credit Card,33.54,2.5,0.5,5.03,0.0,2.75,44.32,17.7,17,Saturday,2024-06-01,2024-06
trip_0001964,2,2024-03-06 15:20:00,2024-03-06 15:53:22,1,14.23,170,33,1,Cash,58.82,1.0,0.5,11.76,0.0,2.75,74.83,33.4,15,Wednesday,2024-03-06,2024-03
trip_0001965,2,2024-04-26 17:56:00,2024-04-26 18:05:35,1,1.8,162,80,1,Credit Card,12.75,2.5,0.5,0.0,0.0,2.75,18.5,9.6,17,Friday,2024-04-26,2024-04
trip_0001966,1,2024-06-02 11:00:00,2024-06-02 11:16:45,1,7.2,80,236,1,Credit Card,31.18,1.0,0.5,6.24,0.0,2.75,41.67,16.8,11,Sunday,2024-06-02,2024-06
trip_0001967,2,2024-03-25 00:49:00,2024-03-25 01:10:07,1,7.06,50,143,1,Cash,32.98,1.0,0.5,4.95,0.0,2.75,42.18,21.1,0,Monday,2024-03-25,2024-03
trip_0001968,2,2024-02-20 02:48:00,2024-02-20 02:58:02,1,1.87,140,142,1,Credit Card,13.17,1.0,0.5,3.29,0.0,2.75,20.71,10.0,2,Tuesday,2024-02-20,2024-02
trip_0001969,1,2024-05-29 16:16:00,2024-05-29 16:26:03,1,17.19,1,61,1,Cash,55.3,2.5,0.5,8.3,0.0,2.75,69.35,10.1,16,Wednesday,2024-05-29,2024-05
trip_0001970,2,2024-01-28 19:59:00,2024-01-28 20:10:29,1,2.8,90,80,1,Credit Card,16.44,2.5,0.5,3.29,0.0,2.75,25.48,11.5,19,Sunday,2024-01-28,2024-01
trip_0001971,1,2024-06-11 01:13:00,2024-06-11 01:26:42,2,5.24,141,239,1,Credit Card,24.26,1.0,0.5,4.85,0.0,2.75,33.36,13.7,1,Tuesday,2024-06-11,2024-06
trip_0001972,1,2024-01-28 05:28:00,2024-01-28 05:49:55,5,4.84,193,141,1,Credit Card,27.27,1.0,0.5,5.45,0.0,2.75,36.97,21.9,5,Sunday,2024-01-28,2024-01
trip_0001973,2,2024-03-27 05:42:00,2024-03-27 06:01:30,1,6.06,43,236,1,Credit Card,29.42,1.0,0.5,5.88,0.0,2.75,39.55,19.5,5,Wednesday,2024-03-27,2024-03
trip_0001974,1,2024-06-24 00:55:00,2024-06-24 01:08:29,1,3.57,237,100,1,Credit Card,19.56,1.0,0.5,3.91,0.0,2.75,27.72,13.5,0,Monday,2024-06-24,2024-06
trip_0001975,2,2024-05-12 07:09:00,2024-05-12 07:33:27,1,6.01,163,193,1,Credit Card,31.76,1.0,0.5,7.94,0.0,2.75,43.95,24.5,7,Sunday,2024-05-12,2024-05
trip_0001976,2,2024-03-29 15:21:00,2024-03-29 15:55:01,1,7.98,107,140,1,Cash,41.96,1.0,0.5,0.0,0.0,2.75,46.21,34.0,15,Friday,2024-03-29,2024-03
trip_0001977,1,2024-02-19 01:04:00,2024-02-19 01:11:01,4,1.63,239,145,1,Credit Card,11.0,1.0,0.5,2.2,0.0,2.75,17.45,7.0,1,Monday,2024-02-19,2024-02
trip_0001978,1,2024-02-24 04:44:00,2024-02-24 05:16:14,6,11.61,164,90,1,Credit Card,51.04,1.0,0.5,10.21,0.0,2.75,65.5,32.2,4,Saturday,2024-02-24,2024-02
trip_0001979,1,2024-04-28 14:55:00,2024-04-28 15:14:20,2,6.78,142,163,1,Credit Card,31.31,1.0,0.5,6.26,0.0,2.75,41.82,19.3,14,Sunday,2024-04-28,2024-04
trip_0001980,2,2024-06-23 15:44:00,2024-06-23 15:58:35,1,6.19,237,256,1,Credit Card,27.32,1.0,0.5,6.83,0.0,2.75,38.4,14.6,15,Sunday,2024-06-23,2024-06
trip_0001981,1,2024-01-10 20:01:00,2024-01-10 20:11:00,1,2.76,239,256,1,Credit Card,15.59,1.0,0.5,3.12,0.0,2.75,22.96,10.0,20,Wednesday,2024-01-10,2024-01
trip_0001982,2,2024-04-14 21:44:00,2024-04-14 21:50:33,1,14.33,238,1,1,Credit Card,45.68,1.0,0.5,9.14,0.0,2.75,59.07,6.6,21,Sunday,2024-04-14,2024-04
trip_0001983,2,2024-06-06 21:56:00,2024-06-06 22:20:14,1,10.67,100,256,1,Credit Card,44.46,1.0,0.5,11.12,0.0,2.75,59.83,24.2,21,Thursday,2024-06-06,2024-06
trip_0001984,1,2024-02-29 17:02:00,2024-02-29 17:28:59,1,9.01,61,234,1,Credit Card,41.28,2.5,0.5,6.19,0.0,2.75,53.22,27.0,17,Thursday,2024-02-29,2024-02
trip_0001985,1,2024-06-11 10:19:00,2024-06-11 10:29:26,1,4.0,50,249,1,Credit Card,19.22,1.0,0.5,3.84,0.0,2.75,27.31,10.4,10,Tuesday,2024-06-11,2024-06
trip_0001986,1,2024-05-20 10:28:00,2024-05-20 10:45:15,2,7.47,140,145,1,Credit Card,32.17,1.0,0.5,8.04,0.0,2.75,44.46,17.3,10,Monday,2024-05-20,2024-05
trip_0001987,1,2024-04-13 05:52:00,2024-04-13 06:02:16,1,21.5,163,1,1,Cash,67.27,1.0,0.5,10.09,0.0,2.75,81.61,10.3,5,Saturday,2024-04-13,2024-04
trip_0001988,2,2024-04-14 06:48:00,2024-04-14 07:08:56,1,8.52,236,141,1,Credit Card,36.9,1.0,0.5,0.0,0.0,2.75,41.15,20.9,6,Sunday,2024-04-14,2024-04
trip_0001989,1,2024-02-21 21:21:00,2024-02-21 21:43:16,1,8.05,61,170,1,Credit Card,36.28,1.0,0.5,0.0,0.0,2.75,40.53,22.3,21,Wednesday,2024-02-21,2024-02
trip_0001990,1,2024-02-22 03:57:00,2024-02-22 04:09:53,2,3.33,255,68,1,Credit Card,18.6,1.0,0.5,3.72,0.0,2.75,26.57,12.9,3,Thursday,2024-02-22,2024-02
trip_0001991,2,2024-02-20 21:55:00,2024-02-20 22:17:15,1,4.88,163,236,1,Credit Card,27.55,1.0,0.5,5.51,0.0,2.75,37.31,22.3,21,Tuesday,2024-02-20,2024-02
trip_0001992,1,2024-04-11 02:14:00,2024-04-11 02:36:17,1,7.46,231,107,1,Credit Card,34.66,1.0,0.5,5.2,0.0,2.75,44.11,22.3,2,Thursday,2024-04-11,2024-04
trip_0001993,2,2024-05-03 23:45:00,2024-05-03 23:55:29,1,3.1,237,43,1,Credit Card,16.77,1.0,0.5,3.35,0.0,2.75,24.37,10.5,23,Friday,2024-05-03,2024-05
trip_0001994,2,2024-04-02 21:37:00,2024-04-02 21:53:47,3,6.95,141,256,1,Cash,30.51,1.0,0.5,4.58,0.0,2.75,39.34,16.8,21,Tuesday,2024-04-02,2024-04
trip_0001995,2,2024-04-26 23:45:00,2024-04-26 23:54:16,1,3.83,48,7,1,Credit Card,18.17,1.0,0.5,2.73,0.0,2.75,25.15,9.3,23,Friday,2024-04-26,2024-04
trip_0001996,2,2024-02-08 11:59:00,2024-02-08 12:06:55,1,1.7,141,186,1,Credit Card,11.64,1.0,0.5,2.33,0.0,2.75,18.22,7.9,11,Thursday,2024-02-08,2024-02
trip_0001997,2,2024-04-04 08:50:00,2024-04-04 09:04:00,4,4.23,255,80,1,Credit Card,21.64,1.0,0.5,3.25,0.0,2.75,29.14,14.0,8,Thursday,2024-04-04,2024-04
trip_0001998,1,2024-04-06 21:38:00,2024-04-06 22:00:00,1,21.35,138,132,2,Credit Card,72.72,1.0,0.5,14.54,6.55,2.75,98.06,22.0,21,Saturday,2024-04-06,2024-04
trip_0001999,2,2024-05-14 03:23:00,2024-05-14 03:33:27,1,3.04,140,80,1,Cash,16.59,1.0,0.5,2.49,0.0,2.75,23.33,10.5,3,Tuesday,2024-05-14,2024-05
trip_0002000,2,2024-01-05 17:33:00,2024-01-05 17:52:11,2,4.66,193,68,1,Credit Card,25.41,2.5,0.5,5.08,0.0,2.75,36.24,19.2,17,Friday,2024-01-05,2024-01
trip_0002001,1,2024-03-02 20:59:00,2024-03-02 21:34:12,1,9.22,79,230,1,Credit Card,45.96,1.0,0.5,0.0,0.0,2.75,50.21,35.2,20,Saturday,2024-03-02,2024-03
trip_0002002,1,2024-01-03 21:27:00,2024-01-03 21:45:40,1,5.65,33,48,1,Credit Card,27.88,1.0,0.5,0.0,0.0,2.75,32.13,18.7,21,Wednesday,2024-01-03,2024-01
trip_0002003,2,2024-04-21 06:53:00,2024-04-21 07:07:54,2,13.78,231,138,2,Cash,48.35,1.0,0.5,12.09,6.55,2.75,71.24,14.9,6,Sunday,2024-04-21,2024-04
trip_0002004,2,2024-06-10 15:39:00,2024-06-10 15:53:01,1,15.33,138,1,2,Credit Card,52.17,1.0,0.5,10.43,6.55,2.75,73.4,14.0,15,Monday,2024-06-10,2024-06
trip_0002005,1,2024-02-05 09:40:00,2024-02-05 10:01:54,3,19.81,132,68,2,Credit Card,68.43,1.0,0.5,0.0,6.55,2.75,79.23,21.9,9,Monday,2024-02-05,2024-02
trip_0002006,1,2024-04-18 23:53:00,2024-04-19 00:00:28,1,18.01,255,132,2,Credit Card,56.27,1.0,0.5,11.25,6.55,2.75,78.32,7.5,23,Thursday,2024-04-18,2024-04
trip_0002007,2,2024-06-17 15:40:00,2024-06-17 15:52:14,3,3.97,107,163,1,Credit Card,20.04,1.0,0.5,0.0,0.0,2.75,24.29,12.2,15,Monday,2024-06-17,2024-06
trip_0002008,2,2024-02-13 10:05:00,2024-02-13 10:26:51,1,5.63,170,238,1,Credit Card,29.41,1.0,0.5,5.88,0.0,2.75,39.54,21.9,10,Tuesday,2024-02-13,2024-02
trip_0002009,1,2024-01-14 21:16:00,2024-01-14 21:30:48,1,3.01,143,238,1,Credit Card,18.68,1.0,0.5,3.74,0.0,2.75,26.67,14.8,21,Sunday,2024-01-14,2024-01
trip_0002010,2,2024-01-19 05:55:00,2024-01-19 06:05:49,1,3.97,238,145,1,Cash,19.33,1.0,0.5,2.9,0.0,2.75,26.48,10.8,5,Friday,2024-01-19,2024-01
trip_0002011,1,2024-04-24 14:22:00,2024-04-24 15:05:59,1,11.01,230,48,1,Cash,55.27,1.0,0.5,13.82,0.0,2.75,73.34,44.0,14,Wednesday,2024-04-24,2024-04
trip_0002012,1,2024-02-25 01:29:00,2024-02-25 01:47:21,1,6.36,140,236,1,Credit Card,29.67,1.0,0.5,0.0,0.0,2.75,33.92,18.4,1,Sunday,2024-02-25,2024-02
trip_0002013,2,2024-05-20 17:13:00,2024-05-20 17:25:39,1,13.95,79,132,2,Credit Card,47.69,2.5,0.5,9.54,6.55,2.75,69.53,12.7,17,Monday,2024-05-20,2024-05
trip_0002014,2,2024-04-04 17:42:00,2024-04-04 17:58:00,1,5.63,145,80,1,Cash,26.49,2.5,0.5,5.3,0.0,2.75,37.54,16.0,17,Thursday,2024-04-04,2024-04
trip_0002015,2,2024-04-29 12:42:00,2024-04-29 12:50:06,1,1.76,236,140,1,Credit Card,11.89,1.0,0.5,1.78,0.0,2.75,17.92,8.1,12,Monday,2024-04-29,2024-04
trip_0002016,2,2024-02-14 04:25:00,2024-02-14 04:50:11,1,10.18,140,256,1,Credit Card,43.59,1.0,0.5,8.72,0.0,2.75,56.56,25.2,4,Wednesday,2024-02-14,2024-02
trip_0002017,2,2024-06-08 00:53:00,2024-06-08 01:14:54,1,6.11,145,33,1,Credit Card,30.76,1.0,0.5,4.61,0.0,2.75,39.62,21.9,0,Saturday,2024-06-08,2024-06
trip_0002018,1,2024-06-14 00:00:00,2024-06-14 00:17:31,1,7.32,163,161,1,Credit Card,31.89,1.0,0.5,7.97,0.0,2.75,44.11,17.5,0,Friday,2024-06-14,2024-06
trip_0002019,1,2024-03-23 14:07:00,2024-03-23 14:27:16,1,7.57,48,256,1,Cash,33.96,1.0,0.5,8.49,0.0,2.75,46.7,20.3,14,Saturday,2024-03-23,2024-03
trip_0002020,1,2024-01-26 05:51:00,2024-01-26 05:58:33,1,2.34,61,162,1,Cash,13.21,1.0,0.5,1.98,0.0,2.75,19.44,7.6,5,Friday,2024-01-26,2024-01
trip_0002021,1,2024-03-27 12:50:00,2024-03-27 13:00:01,1,11.53,230,1,1,Cash,39.72,1.0,0.5,5.96,0.0,2.75,49.93,10.0,12,Wednesday,2024-03-27,2024-03
trip_0002022,1,2024-02-06 05:35:00,2024-02-06 06:05:17,1,10.87,142,50,1,Cash,48.03,1.0,0.5,12.01,0.0,2.75,64.29,30.3,5,Tuesday,2024-02-06,2024-02
trip_0002023,2,2024-06-12 12:56:00,2024-06-12 13:13:19,1,7.41,100,255,1,Credit Card,32.04,1.0,0.5,4.81,0.0,2.75,41.1,17.3,12,Wednesday,2024-06-12,2024-06
trip_0002024,1,2024-05-13 14:48:00,2024-05-13 15:01:20,2,4.11,142,230,1,Credit Card,20.97,1.0,0.5,5.24,0.0,2.75,30.46,13.3,14,Monday,2024-05-13,2024-05
trip_0002025,1,2024-01-14 06:57:00,2024-01-14 07:20:05,1,8.66,7,231,1,Credit Card,38.36,1.0,0.5,7.67,0.0,2.75,50.28,23.1,6,Sunday,2024-01-14,2024-01
trip_0002026,2,2024-06-17 13:10:00,2024-06-17 13:39:18,2,7.53,7,236,1,Credit Card,38.36,1.0,0.5,9.59,0.0,2.75,52.2,29.3,13,Monday,2024-06-17,2024-06
trip_0002027,2,2024-05-24 21:06:00,2024-05-24 21:19:27,3,2.99,145,90,1,Credit Card,17.95,1.0,0.5,2.69,0.0,2.75,24.89,13.5,21,Friday,2024-05-24,2024-05
trip_0002028,2,2024-06-01 11:59:00,2024-06-01 12:49:35,1,15.41,7,161,1,Credit Card,70.67,1.0,0.5,14.13,0.0,2.75,89.05,50.6,11,Saturday,2024-06-01,2024-06
trip_0002029,1,2024-05-31 17:21:00,2024-05-31 17:40:29,1,6.54,140,68,1,No Charge,30.73,2.5,0.5,6.15,0.0,2.75,42.63,19.5,17,Friday,2024-05-31,2024-05
trip_0002030,2,2024-06-07 12:49:00,2024-06-07 13:07:42,4,6.83,249,170,1,Credit Card,31.14,1.0,0.5,7.78,0.0,2.75,43.17,18.7,12,Friday,2024-06-07,2024-06
trip_0002031,2,2024-06-25 16:18:00,2024-06-25 16:46:31,1,8.59,234,238,1,Credit Card,40.89,2.5,0.5,6.13,0.0,2.75,52.77,28.5,16,Tuesday,2024-06-25,2024-06
trip_0002032,1,2024-06-28 14:00:00,2024-06-28 14:24:04,5,7.7,170,236,1,Credit Card,36.21,1.0,0.5,0.0,0.0,2.75,40.46,24.1,14,Friday,2024-06-28,2024-06
trip_0002033,1,2024-06-10 20:17:00,2024-06-10 20:27:59,3,4.09,170,48,1,Credit Card,19.74,1.0,0.5,0.0,0.0,2.75,23.99,11.0,20,Monday,2024-06-10,2024-06
trip_0002034,1,2024-01-29 03:43:00,2024-01-29 04:05:26,1,9.3,18,100,1,Cash,39.8,1.0,0.5,0.0,0.0,2.75,44.05,22.4,3,Monday,2024-01-29,2024-01
trip_0002035,2,2024-04-23 23:51:00,2024-04-24 00:08:31,1,14.18,138,90,2,Credit Card,50.76,1.0,0.5,12.69,6.55,2.75,74.25,17.5,23,Tuesday,2024-04-23,2024-04
trip_0002036,2,2024-04-02 21:12:00,2024-04-02 21:28:12,3,6.95,170,143,1,Credit Card,30.22,1.0,0.5,7.56,0.0,2.75,42.03,16.2,21,Tuesday,2024-04-02,2024-04
trip_0002037,1,2024-01-19 11:16:00,2024-01-19 11:37:51,1,9.24,140,50,1,Credit Card,39.34,1.0,0.5,7.87,0.0,2.75,51.46,21.9,11,Friday,2024-01-19,2024-01
trip_0002038,1,2024-04-07 16:09:00,2024-04-07 16:29:01,2,7.82,238,238,1,Credit Card,34.51,2.5,0.5,6.9,0.0,2.75,47.16,20.0,16,Sunday,2024-04-07,2024-04
trip_0002039,2,2024-03-30 20:29:00,2024-03-30 20:35:30,1,1.62,256,238,1,Credit Card,10.71,1.0,0.5,0.0,0.0,2.75,14.96,6.5,20,Saturday,2024-03-30,2024-03
trip_0002040,2,2024-02-05 05:59:00,2024-02-05 06:27:17,1,21.99,193,1,1,Credit Card,77.62,1.0,0.5,11.64,0.0,2.75,93.51,28.3,5,Monday,2024-02-05,2024-02
trip_0002041,2,2024-02-01 04:31:00,2024-02-01 04:37:24,1,2.41,48,249,1,Credit Card,12.83,1.0,0.5,2.57,0.0,2.75,19.65,6.4,4,Thursday,2024-02-01,2024-02
trip_0002042,1,2024-01-29 01:05:00,2024-01-29 01:21:44,2,6.33,80,170,1,Credit Card,28.78,1.0,0.5,4.32,0.0,2.75,37.35,16.7,1,Monday,2024-01-29,2024-01
trip_0002043,2,2024-06-04 18:06:00,2024-06-04 18:23:59,1,6.66,7,161,1,Cash,30.31,2.5,0.5,4.55,0.0,2.75,40.61,18.0,18,Tuesday,2024-06-04,2024-06
trip_0002044,1,2024-01-10 00:02:00,2024-01-10 00:38:58,1,13.68,90,142,1,Credit Card,59.11,1.0,0.5,8.87,0.0,2.75,72.23,37.0,0,Wednesday,2024-01-10,2024-01
trip_0002045,2,2024-06-10 05:36:00,2024-06-10 05:56:51,2,5.35,142,193,1,Credit Card,28.14,1.0,0.5,5.63,0.0,2.75,38.02,20.9,5,Monday,2024-06-10,2024-06
trip_0002046,1,2024-05-06 16:35:00,2024-05-06 16:43:29,1,2.63,237,141,1,Credit Card,14.48,2.5,0.5,2.9,0.0,2.75,23.13,8.5,16,Monday,2024-05-06,2024-05
trip_0002047,2,2024-06-24 11:50:00,2024-06-24 12:11:05,1,8.2,163,141,1,Credit Card,36.09,1.0,0.5,5.41,0.0,2.75,45.75,21.1,11,Monday,2024-06-24,2024-06
trip_0002048,2,2024-06-19 06:31:00,2024-06-19 07:10:37,1,11.98,48,236,1,No Charge,55.76,1.0,0.5,8.36,0.0,2.75,68.37,39.6,6,Wednesday,2024-06-19,2024-06
trip_0002049,1,2024-02-28 20:24:00,2024-02-28 20:50:30,1,6.02,79,68,1,Credit Card,32.81,1.0,0.5,6.56,0.0,2.75,43.62,26.5,20,Wednesday,2024-02-28,2024-02
trip_0002050,2,2024-05-22 15:58:00,2024-05-22 16:07:52,1,3.37,255,141,1,Credit Card,17.2,1.0,0.5,2.58,0.0,2.75,24.03,9.9,15,Wednesday,2024-05-22,2024-05
trip_0002051,2,2024-05-18 09:47:00,2024-05-18 10:00:16,5,4.22,249,68,1,Credit Card,21.24,1.0,0.5,0.0,0.0,2.75,25.49,13.3,9,Saturday,2024-05-18,2024-05
trip_0002052,2,2024-02-25 20:39:00,2024-02-25 20:57:51,3,5.33,162,43,1,Credit Card,27.09,1.0,0.5,6.77,0.0,2.75,38.11,18.9,20,Sunday,2024-02-25,2024-02
trip_0002053,2,2024-03-05 13:35:00,2024-03-05 14:08:02,1,8.85,18,230,1,Credit Card,43.86,1.0,0.5,0.0,0.0,2.75,48.11,33.0,13,Tuesday,2024-03-05,2024-03
trip_0002054,1,2024-06-14 20:26:00,2024-06-14 20:32:03,1,1.12,237,164,1,Credit Card,9.11,1.0,0.5,1.82,0.0,2.75,15.18,6.1,20,Friday,2024-06-14,2024-06
trip_0002055,2,2024-02-06 00:12:00,2024-02-06 00:27:33,3,3.51,239,7,1,Credit Card,20.43,1.0,0.5,0.0,0.0,2.75,24.68,15.6,0,Tuesday,2024-02-06,2024-02
trip_0002056,1,2024-01-07 03:20:00,2024-01-07 03:52:24,2,14.16,255,230,1,Cash,58.14,1.0,0.5,14.54,0.0,2.75,76.93,32.4,3,Sunday,2024-01-07,2024-01
trip_0002057,1,2024-05-01 15:15:00,2024-05-01 15:24:47,1,4.14,61,164,1,Credit Card,19.28,1.0,0.5,3.86,0.0,2.75,27.39,9.8,15,Wednesday,2024-05-01,2024-05
trip_0002058,1,2024-04-13 15:26:00,2024-04-13 15:51:36,2,6.19,79,239,1,Cash,32.83,1.0,0.5,6.57,0.0,2.75,43.65,25.6,15,Saturday,2024-04-13,2024-04
trip_0002059,2,2024-05-13 21:53:00,2024-05-13 22:17:23,3,6.52,79,234,1,Credit Card,33.13,1.0,0.5,8.28,0.0,2.75,45.66,24.4,21,Monday,2024-05-13,2024-05
trip_0002060,1,2024-06-26 21:23:00,2024-06-26 21:58:33,1,13.2,100,80,1,Credit Card,57.08,1.0,0.5,0.0,0.0,2.75,61.33,35.6,21,Wednesday,2024-06-26,2024-06
trip_0002061,1,2024-05-15 03:25:00,2024-05-15 03:51:02,1,11.62,231,90,1,Credit Card,47.97,1.0,0.5,0.0,0.0,2.75,52.22,26.0,3,Wednesday,2024-05-15,2024-05
trip_0002062,1,2024-05-29 19:02:00,2024-05-29 19:15:23,1,5.1,236,239,1,Credit Card,23.72,2.5,0.5,3.56,0.0,2.75,33.03,13.4,19,Wednesday,2024-05-29,2024-05
trip_0002063,2,2024-04-22 00:50:00,2024-04-22 00:58:49,4,3.12,90,193,1,Credit Card,16.0,1.0,0.5,0.0,0.0,2.75,20.25,8.8,0,Monday,2024-04-22,2024-04
trip_0002064,1,2024-04-20 21:35:00,2024-04-20 21:42:10,2,2.89,90,90,1,Credit Card,14.53,1.0,0.5,2.18,0.0,2.75,20.96,7.2,21,Saturday,2024-04-20,2024-04
trip_0002065,2,2024-05-06 12:04:00,2024-05-06 12:19:12,1,4.0,236,255,1,Credit Card,21.61,1.0,0.5,0.0,0.0,2.75,25.86,15.2,12,Monday,2024-05-06,2024-05
trip_0002066,2,2024-06-12 17:47:00,2024-06-12 17:56:27,1,3.73,18,80,1,Credit Card,17.99,2.5,0.5,3.6,0.0,2.75,27.34,9.5,17,Wednesday,2024-06-12,2024-06
trip_0002067,2,2024-03-10 08:21:00,2024-03-10 08:29:00,1,1.9,234,18,1,Credit Card,12.23,1.0,0.5,2.45,0.0,2.75,18.93,8.0,8,Sunday,2024-03-10,2024-03
trip_0002068,2,2024-04-09 08:43:00,2024-04-09 09:24:45,1,15.59,164,170,1,Credit Card,66.75,1.0,0.5,10.01,0.0,2.75,81.01,41.8,8,Tuesday,2024-04-09,2024-04
trip_0002069,2,2024-01-16 20:02:00,2024-01-16 20:20:06,2,7.03,90,193,1,Cash,31.39,1.0,0.5,6.28,0.0,2.75,41.92,18.1,20,Tuesday,2024-01-16,2024-01
trip_0002070,1,2024-02-01 15:52:00,2024-02-01 16:06:37,2,18.78,1,79,1,Credit Card,61.95,1.0,0.5,9.29,0.0,2.75,75.49,14.6,15,Thursday,2024-02-01,2024-02
trip_0002071,1,2024-01-21 22:54:00,2024-01-21 23:09:04,1,4.08,68,230,1,No Charge,21.76,1.0,0.5,0.0,0.0,2.75,26.01,15.1,22,Sunday,2024-01-21,2024-01
trip_0002072,2,2024-03-25 09:27:00,2024-03-25 10:43:46,3,28.55,7,141,1,Credit Card,119.9,1.0,0.5,17.98,0.0,2.75,142.13,76.8,9,Monday,2024-03-25,2024-03
trip_0002073,1,2024-04-19 22:36:00,2024-04-19 22:41:53,3,2.52,107,145,1,Credit Card,12.88,1.0,0.5,3.22,0.0,2.75,20.35,5.9,22,Friday,2024-04-19,2024-04
trip_0002074,1,2024-03-13 01:07:00,2024-03-13 01:28:52,1,20.85,1,162,1,Cash,71.27,1.0,0.5,10.69,0.0,2.75,86.21,21.9,1,Wednesday,2024-03-13,2024-03
trip_0002075,1,2024-02-29 03:17:00,2024-02-29 03:30:22,1,5.76,43,162,1,Credit Card,25.53,1.0,0.5,5.11,0.0,2.75,34.89,13.4,3,Thursday,2024-02-29,2024-02
trip_0002076,1,2024-05-02 04:45:00,2024-05-02 04:53:06,1,2.0,50,230,1,Credit Card,12.55,1.0,0.5,1.88,0.0,2.75,18.68,8.1,4,Thursday,2024-05-02,2024-05
trip_0002077,1,2024-03-11 06:54:00,2024-03-11 07:06:16,1,3.79,107,68,1,Credit Card,19.56,1.0,0.5,2.93,0.0,2.75,26.74,12.3,6,Monday,2024-03-11,2024-03
trip_0002078,2,2024-04-10 09:43:00,2024-04-10 09:54:14,2,2.95,61,7,1,Credit Card,16.73,1.0,0.5,2.51,0.0,2.75,23.49,11.2,9,Wednesday,2024-04-10,2024-04
trip_0002079,1,2024-05-23 08:27:00,2024-05-23 08:39:32,3,5.53,48,170,1,Credit Card,24.48,1.0,0.5,0.0,0.0,2.75,28.73,12.5,8,Thursday,2024-05-23,2024-05
trip_0002080,2,2024-02-10 06:03:00,2024-02-10 06:13:51,2,3.79,170,68,1,Credit Card,18.85,1.0,0.5,2.83,0.0,2.75,25.93,10.9,6,Saturday,2024-02-10,2024-02
trip_0002081,1,2024-04-04 02:55:00,2024-04-04 03:13:50,1,7.46,61,162,1,Cash,32.93,1.0,0.5,0.0,0.0,2.75,37.18,18.8,2,Thursday,2024-04-04,2024-04
trip_0002082,1,2024-03-10 11:14:00,2024-03-10 11:35:02,2,7.85,90,50,1,Credit Card,35.11,1.0,0.5,8.78,0.0,2.75,48.14,21.0,11,Sunday,2024-03-10,2024-03
trip_0002083,2,2024-05-28 03:27:00,2024-05-28 03:43:41,1,4.64,170,234,1,Credit Card,24.11,1.0,0.5,4.82,0.0,2.75,33.18,16.7,3,Tuesday,2024-05-28,2024-05
trip_0002084,2,2024-03-13 07:34:00,2024-03-13 07:59:38,2,9.78,249,61,1,Credit Card,42.71,1.0,0.5,0.0,0.0,2.75,46.96,25.6,7,Wednesday,2024-03-13,2024-03
trip_0002085,1,2024-03-12 01:52:00,2024-03-12 02:12:24,1,4.67,249,256,1,Cash,26.05,1.0,0.5,5.21,0.0,2.75,35.51,20.4,1,Tuesday,2024-03-12,2024-03
trip_0002086,1,2024-06-18 15:27:00,2024-06-18 15:47:20,3,8.86,186,231,1,Credit Card,37.54,1.0,0.5,5.63,0.0,2.75,47.42,20.3,15,Tuesday,2024-06-18,2024-06
trip_0002087,1,2024-03-03 03:31:00,2024-03-03 04:07:05,1,14.48,138,236,2,Cash,60.87,1.0,0.5,15.22,6.55,2.75,86.89,36.1,3,Sunday,2024-03-03,2024-03
trip_0002088,1,2024-04-16 18:10:00,2024-04-16 18:44:48,2,13.43,90,107,1,Credit Card,57.34,2.5,0.5,11.47,0.0,2.75,74.56,34.8,18,Tuesday,2024-04-16,2024-04
trip_0002089,1,2024-03-10 20:32:00,2024-03-10 20:48:28,1,5.64,162,48,1,Credit Card,26.75,1.0,0.5,4.01,0.0,2.75,35.01,16.5,20,Sunday,2024-03-10,2024-03
trip_0002090,2,2024-06-06 08:00:00,2024-06-06 08:31:05,1,13.79,132,161,2,Credit Card,56.47,1.0,0.5,0.0,6.55,2.75,67.27,31.1,8,Thursday,2024-06-06,2024-06
trip_0002091,2,2024-01-18 03:28:00,2024-01-18 04:02:04,1,12.51,50,79,1,Credit Card,54.44,1.0,0.5,8.17,0.0,2.75,66.86,34.1,3,Thursday,2024-01-18,2024-01
trip_0002092,1,2024-01-30 18:36:00,2024-01-30 18:46:16,1,3.1,161,48,1,Credit Card,16.66,2.5,0.5,2.5,0.0,2.75,24.91,10.3,18,Tuesday,2024-01-30,2024-01
trip_0002093,1,2024-04-04 02:43:00,2024-04-04 03:09:18,1,13.39,138,164,2,Cash,52.98,1.0,0.5,10.6,6.55,2.75,74.38,26.3,2,Thursday,2024-04-04,2024-04
trip_0002094,2,2024-04-03 08:01:00,2024-04-03 08:22:54,3,7.43,100,140,1,Credit Card,34.39,1.0,0.5,8.6,0.0,2.75,47.24,21.9,8,Wednesday,2024-04-03,2024-04
trip_0002095,1,2024-06-28 21:33:00,2024-06-28 21:40:10,1,1.6,43,237,1,Credit Card,10.99,1.0,0.5,0.0,0.0,2.75,15.24,7.2,21,Friday,2024-06-28,2024-06
trip_0002096,2,2024-04-26 15:45:00,2024-04-26 16:01:52,1,7.21,255,143,1,Credit Card,31.26,1.0,0.5,4.69,0.0,2.75,40.2,16.9,15,Friday,2024-04-26,2024-04
trip_0002097,1,2024-04-02 06:54:00,2024-04-02 07:15:19,1,14.13,231,138,2,Credit Card,52.52,1.0,0.5,10.5,6.55,2.75,73.82,21.3,6,Tuesday,2024-04-02,2024-04
trip_0002098,1,2024-06-05 07:30:00,2024-06-05 07:48:26,1,19.26,132,238,2,Credit Card,65.19,1.0,0.5,9.78,6.55,2.75,85.77,18.4,7,Wednesday,2024-06-05,2024-06
trip_0002099,1,2024-04-05 07:16:00,2024-04-05 07:31:29,1,5.75,80,234,1,Credit Card,26.56,1.0,0.5,3.98,0.0,2.75,34.79,15.5,7,Friday,2024-04-05,2024-04
trip_0002100,1,2024-02-03 04:39:00,2024-02-03 04:59:56,2,5.37,237,238,1,Credit Card,28.24,1.0,0.5,7.06,0.0,2.75,39.55,20.9,4,Saturday,2024-02-03,2024-02
trip_0002101,1,2024-05-16 21:00:00,2024-05-16 21:13:57,1,4.04,163,61,1,Cash,21.09,1.0,0.5,3.16,0.0,2.75,28.5,14.0,21,Thursday,2024-05-16,2024-05
trip_0002102,2,2024-06-13 11:49:00,2024-06-13 12:02:08,1,3.91,230,230,1,Credit Card,20.32,1.0,0.5,4.06,0.0,2.75,28.63,13.1,11,Thursday,2024-06-13,2024-06
trip_0002103,2,2024-01-17 04:03:00,2024-01-17 04:14:20,1,2.16,79,61,1,Credit Card,14.61,1.0,0.5,2.19,0.0,2.75,21.05,11.3,4,Wednesday,2024-01-17,2024-01
trip_0002104,2,2024-03-07 13:13:00,2024-03-07 13:23:26,5,2.8,141,237,1,Credit Card,15.92,1.0,0.5,3.18,0.0,2.75,23.35,10.4,13,Thursday,2024-03-07,2024-03
trip_0002105,1,2024-01-14 04:53:00,2024-01-14 05:08:25,1,5.21,161,80,1,Credit Card,25.04,1.0,0.5,3.76,0.0,2.75,33.05,15.4,4,Sunday,2024-01-14,2024-01
trip_0002106,1,2024-01-14 18:48:00,2024-01-14 18:54:46,1,2.99,231,145,1,Credit Card,14.61,2.5,0.5,3.65,0.0,2.75,24.01,6.8,18,Sunday,2024-01-14,2024-01
trip_0002107,1,2024-05-09 17:22:00,2024-05-09 17:43:00,1,14.31,132,162,2,Credit Card,52.86,2.5,0.5,0.0,6.55,2.75,65.16,21.0,17,Thursday,2024-05-09,2024-05
trip_0002108,1,2024-03-20 12:33:00,2024-03-20 12:49:12,1,4.04,50,90,1,Credit Card,22.21,1.0,0.5,4.44,0.0,2.75,30.9,16.2,12,Wednesday,2024-03-20,2024-03
trip_0002109,1,2024-05-19 20:34:00,2024-05-19 20:57:59,2,8.01,186,48,1,Credit Card,37.02,1.0,0.5,9.26,0.0,2.75,50.53,24.0,20,Sunday,2024-05-19,2024-05
trip_0002110,1,2024-05-11 18:35:00,2024-05-11 18:42:24,1,1.36,33,33,1,Credit Card,10.44,2.5,0.5,2.09,0.0,2.75,18.28,7.4,18,Saturday,2024-05-11,2024-05
trip_0002111,2,2024-05-28 11:36:00,2024-05-28 11:42:40,1,2.68,231,48,1,Credit Card,13.71,1.0,0.5,2.06,0.0,2.75,20.02,6.7,11,Tuesday,2024-05-28,2024-05
trip_0002112,1,2024-01-02 11:59:00,2024-01-02 12:14:52,1,3.85,18,100,1,Credit Card,21.53,1.0,0.5,3.23,0.0,2.75,29.01,15.9,11,Tuesday,2024-01-02,2024-01
trip_0002113,2,2024-05-01 07:07:00,2024-05-01 07:19:18,1,4.17,145,48,1,Credit Card,20.63,1.0,0.5,0.0,0.0,2.75,24.88,12.3,7,Wednesday,2024-05-01,2024-05
trip_0002114,1,2024-04-25 07:47:00,2024-04-25 07:54:22,3,3.05,164,141,1,Credit Card,15.07,1.0,0.5,0.0,0.0,2.75,19.32,7.4,7,Thursday,2024-04-25,2024-04
trip_0002115,1,2024-03-11 12:03:00,2024-03-11 12:21:19,1,4.26,50,18,1,Credit Card,23.88,1.0,0.5,4.78,0.0,2.75,32.91,18.3,12,Monday,2024-03-11,2024-03
trip_0002116,1,2024-04-26 20:06:00,2024-04-26 20:33:07,5,11.15,132,231,2,Credit Card,47.23,1.0,0.5,11.81,6.55,2.75,69.84,27.1,20,Friday,2024-04-26,2024-04
trip_0002117,1,2024-05-21 11:31:00,2024-05-21 11:42:15,1,2.48,170,234,1,Credit Card,15.45,1.0,0.5,2.32,0.0,2.75,22.02,11.3,11,Tuesday,2024-05-21,2024-05
trip_0002118,2,2024-03-03 11:49:00,2024-03-03 12:02:17,1,5.6,142,145,1,Cash,25.05,1.0,0.5,5.01,0.0,2.75,34.31,13.3,11,Sunday,2024-03-03,2024-03
trip_0002119,1,2024-04-12 03:35:00,2024-04-12 03:45:08,1,3.09,43,33,1,Cash,16.57,1.0,0.5,4.14,0.0,2.75,24.96,10.1,3,Friday,2024-04-12,2024-04
trip_0002120,1,2024-04-15 23:20:00,2024-04-15 23:28:33,1,2.22,164,90,1,Credit Card,13.38,1.0,0.5,2.68,0.0,2.75,20.31,8.6,23,Monday,2024-04-15,2024-04
trip_0002121,2,2024-01-24 07:55:00,2024-01-24 08:16:13,5,5.01,141,239,1,Credit Card,27.39,1.0,0.5,5.48,0.0,2.75,37.12,21.2,7,Wednesday,2024-01-24,2024-01
trip_0002122,2,2024-05-13 10:36:00,2024-05-13 10:41:13,2,1.93,50,237,1,Cash,10.92,1.0,0.5,1.64,0.0,2.75,16.81,5.2,10,Monday,2024-05-13,2024-05
trip_0002123,1,2024-04-08 05:41:00,2024-04-08 05:53:36,1,13.5,234,1,1,Credit Card,46.43,1.0,0.5,6.96,0.0,2.75,57.64,12.6,5,Monday,2024-04-08,2024-04
trip_0002124,1,2024-05-09 00:08:00,2024-05-09 00:21:18,1,2.78,79,100,1,Credit Card,17.3,1.0,0.5,0.0,0.0,2.75,21.55,13.3,0,Thursday,2024-05-09,2024-05
trip_0002125,1,2024-05-18 07:03:00,2024-05-18 07:29:25,1,11.52,193,138,2,Credit Card,47.89,1.0,0.5,7.18,6.55,2.75,65.87,26.4,7,Saturday,2024-05-18,2024-05
trip_0002126,2,2024-02-01 20:47:00,2024-02-01 21:01:23,1,4.48,186,68,1,Credit Card,22.51,1.0,0.5,4.5,0.0,2.75,31.26,14.4,20,Thursday,2024-02-01,2024-02
trip_0002127,2,2024-04-11 02:05:00,2024-04-11 02:13:24,1,2.32,143,164,1,Credit Card,13.59,1.0,0.5,2.72,0.0,2.75,20.56,8.4,2,Thursday,2024-04-11,2024-04
trip_0002128,2,2024-03-18 11:38:00,2024-03-18 11:46:39,1,1.7,43,107,1,Cash,12.01,1.0,0.5,2.4,0.0,2.75,18.66,8.7,11,Monday,2024-03-18,2024-03
trip_0002129,1,2024-03-20 16:51:00,2024-03-20 16:59:33,2,2.76,230,143,1,Credit Card,14.87,2.5,0.5,2.97,0.0,2.75,23.59,8.6,16,Wednesday,2024-03-20,2024-03
trip_0002130,1,2024-01-07 07:23:00,2024-01-07 07:35:56,1,3.3,193,141,1,Credit Card,18.55,1.0,0.5,2.78,0.0,2.75,25.58,12.9,7,Sunday,2024-01-07,2024-01
trip_0002131,1,2024-06-10 14:30:00,2024-06-10 14:39:08,1,3.38,237,161,1,Cash,16.87,1.0,0.5,3.37,0.0,2.75,24.49,9.1,14,Monday,2024-06-10,2024-06
trip_0002132,1,2024-03-06 04:28:00,2024-03-06 04:43:18,1,14.08,132,170,2,Credit Card,49.38,1.0,0.5,9.88,6.55,2.75,70.06,15.3,4,Wednesday,2024-03-06,2024-03
trip_0002133,2,2024-01-30 00:23:00,2024-01-30 00:42:29,5,4.09,193,161,1,Credit Card,23.99,1.0,0.5,3.6,0.0,2.75,31.84,19.5,0,Tuesday,2024-01-30,2024-01
trip_0002134,1,2024-06-14 14:06:00,2024-06-14 14:15:20,1,3.29,238,33,1,Cash,16.72,1.0,0.5,3.34,0.0,2.75,24.31,9.3,14,Friday,2024-06-14,2024-06
trip_0002135,1,2024-02-06 21:58:00,2024-02-06 22:16:09,1,4.54,68,142,1,Credit Card,24.56,1.0,0.5,3.68,0.0,2.75,32.49,18.2,21,Tuesday,2024-02-06,2024-02
trip_0002136,2,2024-06-22 08:45:00,2024-06-22 08:54:58,1,3.01,79,141,1,Credit Card,16.27,1.0,0.5,2.44,0.0,2.75,22.96,10.0,8,Saturday,2024-06-22,2024-06
trip_0002137,2,2024-05-26 22:12:00,2024-05-26 22:23:27,1,15.87,132,162,2,Credit Card,52.37,1.0,0.5,10.47,6.55,2.75,73.64,11.5,22,Sunday,2024-05-26,2024-05
trip_0002138,1,2024-01-29 18:52:00,2024-01-29 18:59:29,1,2.03,256,43,1,Credit Card,12.33,2.5,0.5,2.47,0.0,2.75,20.55,7.5,18,Monday,2024-01-29,2024-01
trip_0002139,1,2024-05-15 15:08:00,2024-05-15 15:24:21,5,3.55,193,100,1,Credit Card,20.94,1.0,0.5,3.14,0.0,2.75,28.33,16.4,15,Wednesday,2024-05-15,2024-05
trip_0002140,2,2024-06-07 19:21:00,2024-06-07 19:35:56,1,17.01,1,164,1,Credit Card,57.25,2.5,0.5,11.45,0.0,2.75,74.45,14.9,19,Friday,2024-06-07,2024-06
trip_0002141,1,2024-06-13 18:50:00,2024-06-13 19:07:45,1,6.77,162,140,1,Cash,30.5,2.5,0.5,6.1,0.0,2.75,42.35,17.8,18,Thursday,2024-06-13,2024-06
trip_0002142,2,2024-01-08 14:47:00,2024-01-08 14:56:03,1,2.17,249,79,1,Cash,13.5,1.0,0.5,0.0,0.0,2.75,17.75,9.1,14,Monday,2024-01-08,2024-01
trip_0002143,1,2024-05-08 21:55:00,2024-05-08 22:09:51,6,3.32,48,68,1,Credit Card,19.56,1.0,0.5,2.93,0.0,2.75,26.74,14.9,21,Wednesday,2024-05-08,2024-05
trip_0002144,2,2024-05-01 01:37:00,2024-05-01 01:50:03,1,14.14,1,162,1,Credit Card,48.41,1.0,0.5,0.0,0.0,2.75,52.66,13.1,1,Wednesday,2024-05-01,2024-05
trip_0002145,2,2024-03-05 09:12:00,2024-03-05 09:18:57,5,2.22,140,255,1,Credit Card,12.58,1.0,0.5,0.0,0.0,2.75,16.83,7.0,9,Tuesday,2024-03-05,2024-03
trip_0002146,2,2024-02-06 10:35:00,2024-02-06 10:48:46,1,3.87,142,170,1,Credit Card,20.53,1.0,0.5,4.11,0.0,2.75,28.89,13.8,10,Tuesday,2024-02-06,2024-02
trip_0002147,1,2024-04-21 00:27:00,2024-04-21 00:42:33,1,5.85,236,107,1,Credit Card,26.86,1.0,0.5,4.03,0.0,2.75,35.14,15.6,0,Sunday,2024-04-21,2024-04
trip_0002148,2,2024-06-10 04:28:00,2024-06-10 04:40:15,1,4.76,43,249,1,Credit Card,22.22,1.0,0.5,4.44,0.0,2.75,30.91,12.3,4,Monday,2024-06-10,2024-06
trip_0002149,1,2024-02-23 03:12:00,2024-02-23 03:36:40,1,9.38,236,100,1,Cash,41.13,1.0,0.5,0.0,0.0,2.75,45.38,24.7,3,Friday,2024-02-23,2024-02
trip_0002150,2,2024-04-23 09:29:00,2024-04-23 09:38:54,1,2.93,90,193,1,Credit Card,16.01,1.0,0.5,0.0,0.0,2.75,20.26,9.9,9,Tuesday,2024-04-23,2024-04
trip_0002151,2,2024-04-27 16:39:00,2024-04-27 16:52:24,3,4.89,100,79,1,Credit Card,23.16,2.5,0.5,0.0,0.0,2.75,28.91,13.4,16,Saturday,2024-04-27,2024-04
trip_0002152,2,2024-04-06 04:57:00,2024-04-06 05:06:55,1,3.48,68,236,1,Credit Card,17.53,1.0,0.5,2.63,0.0,2.75,24.41,9.9,4,Saturday,2024-04-06,2024-04
trip_0002153,1,2024-05-15 21:43:00,2024-05-15 22:02:01,1,5.86,142,18,1,Credit Card,28.63,1.0,0.5,5.73,0.0,2.75,38.61,19.0,21,Wednesday,2024-05-15,2024-05
trip_0002154,1,2024-02-15 03:56:00,2024-02-15 04:14:24,1,7.51,142,193,1,Credit Card,32.86,1.0,0.5,4.93,0.0,2.75,42.04,18.4,3,Thursday,2024-02-15,2024-02
trip_0002155,2,2024-01-02 14:13:00,2024-01-02 14:24:39,1,3.61,249,48,1,Credit Card,18.75,1.0,0.5,2.81,0.0,2.75,25.81,11.7,14,Tuesday,2024-01-02,2024-01
trip_0002156,1,2024-05-20 09:51:00,2024-05-20 10:09:45,1,11.82,1,161,1,Credit Card,44.88,1.0,0.5,6.73,0.0,2.75,55.86,18.8,9,Monday,2024-05-20,2024-05
trip_0002157,1,2024-01-19 09:51:00,2024-01-19 09:59:03,1,2.28,230,141,1,Credit Card,13.3,1.0,0.5,3.32,0.0,2.75,20.87,8.1,9,Friday,2024-01-19,2024-01
trip_0002158,1,2024-04-16 16:58:00,2024-04-16 17:13:21,4,4.02,48,170,1,Credit Card,21.73,2.5,0.5,5.43,0.0,2.75,32.91,15.4,16,Tuesday,2024-04-16,2024-04
trip_0002159,1,2024-04-21 08:58:00,2024-04-21 09:18:02,1,4.59,142,193,1,Credit Card,25.64,1.0,0.5,3.85,0.0,2.75,33.74,20.0,8,Sunday,2024-04-21,2024-04
trip_0002160,2,2024-05-17 14:17:00,2024-05-17 14:32:54,1,5.96,140,18,1,Credit Card,27.34,1.0,0.5,0.0,0.0,2.75,31.59,15.9,14,Friday,2024-05-17,2024-05
trip_0002161,2,2024-06-26 04:58:00,2024-06-26 05:08:21,5,2.94,61,170,1,Credit Card,16.26,1.0,0.5,2.44,0.0,2.75,22.95,10.4,4,Wednesday,2024-06-26,2024-06
trip_0002162,1,2024-02-12 21:32:00,2024-02-12 21:43:52,3,5.17,164,161,1,Credit Card,23.15,1.0,0.5,5.79,0.0,2.75,33.19,11.9,21,Monday,2024-02-12,2024-02
trip_0002163,2,2024-02-02 03:37:00,2024-02-02 03:59:09,1,4.1,48,141,1,Credit Card,25.35,1.0,0.5,5.07,0.0,2.75,34.67,22.2,3,Friday,2024-02-02,2024-02
trip_0002164,2,2024-01-09 11:00:00,2024-01-09 11:14:24,5,4.94,170,249,1,Cash,23.79,1.0,0.5,4.76,0.0,2.75,32.8,14.4,11,Tuesday,2024-01-09,2024-01
trip_0002165,1,2024-01-29 21:03:00,2024-01-29 21:25:08,2,8.15,43,234,1,Credit Card,36.48,1.0,0.5,7.3,0.0,2.75,48.03,22.1,21,Monday,2024-01-29,2024-01
trip_0002166,1,2024-05-20 03:24:00,2024-05-20 03:46:22,1,8.65,100,193,1,Credit Card,37.97,1.0,0.5,7.59,0.0,2.75,49.81,22.4,3,Monday,2024-05-20,2024-05
trip_0002167,1,2024-04-09 21:20:00,2024-04-09 21:31:15,1,2.42,7,249,1,Cash,15.28,1.0,0.5,3.06,0.0,2.75,22.59,11.3,21,Tuesday,2024-04-09,2024-04
trip_0002168,2,2024-03-13 10:02:00,2024-03-13 10:12:38,1,4.34,161,79,1,Cash,20.25,1.0,0.5,4.05,0.0,2.75,28.55,10.6,10,Wednesday,2024-03-13,2024-03
trip_0002169,1,2024-04-14 13:49:00,2024-04-14 14:01:02,1,2.42,61,237,1,Credit Card,15.68,1.0,0.5,3.14,0.0,2.75,23.07,12.0,13,Sunday,2024-04-14,2024-04
trip_0002170,1,2024-01-14 21:55:00,2024-01-14 22:08:01,1,4.72,238,249,1,Credit Card,22.49,1.0,0.5,4.5,0.0,2.75,31.24,13.0,21,Sunday,2024-01-14,2024-01
trip_0002171,2,2024-04-18 09:58:00,2024-04-18 10:13:39,1,4.57,43,186,1,Credit Card,23.4,1.0,0.5,3.51,0.0,2.75,31.16,15.7,9,Thursday,2024-04-18,2024-04
trip_0002172,1,2024-04-18 23:58:00,2024-04-19 00:29:03,1,12.29,161,237,1,Credit Card,52.33,1.0,0.5,13.08,0.0,2.75,69.66,31.1,23,Thursday,2024-04-18,2024-04
trip_0002173,1,2024-02-21 04:18:00,2024-02-21 04:31:44,2,4.44,145,141,1,Cash,22.08,1.0,0.5,4.42,0.0,2.75,30.75,13.7,4,Wednesday,2024-02-21,2024-02
trip_0002174,2,2024-06-10 13:18:00,2024-06-10 13:25:23,2,1.43,90,230,1,Credit Card,10.63,1.0,0.5,2.13,0.0,2.75,17.01,7.4,13,Monday,2024-06-10,2024-06
trip_0002175,1,2024-02-15 23:10:00,2024-02-15 23:34:36,2,4.95,249,141,1,Credit Card,28.92,1.0,0.5,7.23,0.0,2.75,40.4,24.6,23,Thursday,2024-02-15,2024-02
trip_0002176,1,2024-04-29 15:31:00,2024-04-29 15:46:43,1,5.73,145,142,1,Credit Card,26.62,1.0,0.5,3.99,0.0,2.75,34.86,15.7,15,Monday,2024-04-29,2024-04
trip_0002177,1,2024-01-01 08:57:00,2024-01-01 09:22:13,1,10.89,80,43,1,Cash,45.56,1.0,0.5,6.83,0.0,2.75,56.64,25.2,8,Monday,2024-01-01,2024-01
trip_0002178,2,2024-02-18 03:25:00,2024-02-18 03:48:26,1,21.22,1,239,1,Credit Card,73.08,1.0,0.5,10.96,0.0,2.75,88.29,23.4,3,Sunday,2024-02-18,2024-02
trip_0002179,1,2024-06-27 07:46:00,2024-06-27 07:57:25,1,3.68,193,236,1,Credit Card,18.83,1.0,0.5,2.82,0.0,2.75,25.9,11.4,7,Thursday,2024-06-27,2024-06
trip_0002180,2,2024-06-13 01:54:00,2024-06-13 02:10:52,2,3.82,231,164,1,Credit Card,21.94,1.0,0.5,3.29,0.0,2.75,29.48,16.9,1,Thursday,2024-06-13,2024-06
trip_0002181,1,2024-03-09 09:01:00,2024-03-09 09:24:48,3,7.04,79,80,1,Credit Card,34.26,1.0,0.5,8.56,0.0,2.75,47.07,23.8,9,Saturday,2024-03-09,2024-03
trip_0002182,1,2024-02-22 08:03:00,2024-02-22 08:11:49,1,1.84,145,163,1,Cash,12.47,1.0,0.5,2.49,0.0,2.75,19.21,8.8,8,Thursday,2024-02-22,2024-02
trip_0002183,1,2024-01-19 20:57:00,2024-01-19 21:05:02,1,1.65,193,186,1,Credit Card,11.56,1.0,0.5,2.89,0.0,2.75,18.7,8.0,20,Friday,2024-01-19,2024-01
trip_0002184,2,2024-04-16 19:04:00,2024-04-16 19:16:38,2,2.74,18,142,1,Credit Card,16.85,2.5,0.5,0.0,0.0,2.75,22.6,12.6,19,Tuesday,2024-04-16,2024-04
trip_0002185,1,2024-04-12 05:25:00,2024-04-12 05:40:31,1,5.43,142,142,1,Cash,25.69,1.0,0.5,5.14,0.0,2.75,35.08,15.5,5,Friday,2024-04-12,2024-04
trip_0002186,1,2024-04-03 15:37:00,2024-04-03 15:44:29,1,19.03,7,1,1,Credit Card,59.07,1.0,0.5,0.0,0.0,2.75,63.32,7.5,15,Wednesday,2024-04-03,2024-04
trip_0002187,1,2024-03-25 15:34:00,2024-03-25 15:48:27,1,4.18,142,50,1,Credit Card,21.72,1.0,0.5,3.26,0.0,2.75,29.23,14.5,15,Monday,2024-03-25,2024-03
trip_0002188,1,2024-03-28 22:40:00,2024-03-28 22:55:50,1,6.11,186,231,1,Credit Card,27.72,1.0,0.5,0.0,0.0,2.75,31.97,15.8,22,Thursday,2024-03-28,2024-03
trip_0002189,2,2024-01-04 10:46:00,2024-01-04 10:58:13,4,4.64,68,43,1,Cash,21.87,1.0,0.5,4.37,0.0,2.75,30.49,12.2,10,Thursday,2024-01-04,2024-01
trip_0002190,2,2024-03-30 14:17:00,2024-03-30 14:23:07,1,2.42,7,68,1,Credit Card,12.72,1.0,0.5,1.91,0.0,2.75,18.88,6.1,14,Saturday,2024-03-30,2024-03
trip_0002191,1,2024-04-12 22:54:00,2024-04-12 23:13:16,1,6.36,236,238,1,Credit Card,30.13,1.0,0.5,6.03,0.0,2.75,40.41,19.3,22,Friday,2024-04-12,2024-04
trip_0002192,1,2024-01-03 22:26:00,2024-01-03 22:45:53,1,8.52,142,33,1,Credit Card,36.37,1.0,0.5,5.46,0.0,2.75,46.08,19.9,22,Wednesday,2024-01-03,2024-01
trip_0002193,1,2024-02-23 18:44:00,2024-02-23 18:58:40,1,20.75,50,138,2,Cash,67.4,2.5,0.5,16.85,6.55,2.75,96.55,14.7,18,Friday,2024-02-23,2024-02
trip_0002194,2,2024-06-25 14:15:00,2024-06-25 14:35:15,1,6.02,170,141,1,Cash,29.69,1.0,0.5,0.0,0.0,2.75,33.94,20.3,14,Tuesday,2024-06-25,2024-06
trip_0002195,1,2024-02-13 02:51:00,2024-02-13 03:00:20,1,3.67,161,186,1,Credit Card,17.77,1.0,0.5,0.0,0.0,2.75,22.02,9.3,2,Tuesday,2024-02-13,2024-02
trip_0002196,1,2024-05-27 16:44:00,2024-05-27 16:50:34,1,2.05,141,33,1,Credit Card,11.93,2.5,0.5,2.98,0.0,2.75,20.66,6.6,16,Monday,2024-05-27,2024-05
trip_0002197,2,2024-03-11 13:35:00,2024-03-11 13:55:13,1,6.42,43,163,1,Cash,30.77,1.0,0.5,4.62,0.0,2.75,39.64,20.2,13,Monday,2024-03-11,2024-03
trip_0002198,1,2024-02-15 08:02:00,2024-02-15 08:32:45,1,12.98,80,162,1,Credit Card,54.08,1.0,0.5,0.0,0.0,2.75,58.33,30.8,8,Thursday,2024-02-15,2024-02
trip_0002199,1,2024-06-13 17:13:00,2024-06-13 17:31:31,1,6.8,238,231,1,Credit Card,30.96,2.5,0.5,4.64,0.0,2.75,41.35,18.5,17,Thursday,2024-06-13,2024-06
trip_0002200,2,2024-05-26 07:41:00,2024-05-26 07:54:03,1,11.43,141,1,1,Credit Card,40.96,1.0,0.5,8.19,0.0,2.75,53.4,13.1,7,Sunday,2024-05-26,2024-05
trip_0002201,1,2024-03-13 02:44:00,2024-03-13 02:52:24,1,2.32,170,90,1,Credit Card,13.58,1.0,0.5,3.4,0.0,2.75,21.23,8.4,2,Wednesday,2024-03-13,2024-03
trip_0002202,1,2024-06-15 21:32:00,2024-06-15 21:46:00,1,4.9,107,170,1,Credit Card,23.48,1.0,0.5,0.0,0.0,2.75,27.73,14.0,21,Saturday,2024-06-15,2024-06
trip_0002203,1,2024-06-21 08:37:00,2024-06-21 08:56:15,1,5.99,7,80,1,Credit Card,29.1,1.0,0.5,7.28,0.0,2.75,40.63,19.3,8,Friday,2024-06-21,2024-06
trip_0002204,1,2024-01-08 03:36:00,2024-01-08 03:44:02,6,1.85,162,256,1,Cash,12.11,1.0,0.5,1.82,0.0,2.75,18.18,8.0,3,Monday,2024-01-08,2024-01
trip_0002205,1,2024-05-31 14:39:00,2024-05-31 14:52:53,1,3.06,231,238,1,Credit Card,18.36,1.0,0.5,2.75,0.0,2.75,25.36,13.9,14,Friday,2024-05-31,2024-05
trip_0002206,2,2024-04-28 01:20:00,2024-04-28 01:33:39,1,3.74,255,186,1,Credit Card,20.11,1.0,0.5,0.0,0.0,2.75,24.36,13.7,1,Sunday,2024-04-28,2024-04
trip_0002207,1,2024-04-07 19:16:00,2024-04-07 19:33:34,1,5.07,193,193,1,Credit Card,25.73,2.5,0.5,3.86,0.0,2.75,35.34,17.6,19,Sunday,2024-04-07,2024-04
trip_0002208,1,2024-04-09 04:06:00,2024-04-09 04:16:13,2,3.71,236,50,1,Credit Card,18.32,1.0,0.5,3.66,0.0,2.75,26.23,10.2,4,Tuesday,2024-04-09,2024-04
trip_0002209,2,2024-01-05 05:12:00,2024-01-05 05:30:54,1,11.09,142,132,2,Cash,42.96,1.0,0.5,8.59,6.55,2.75,62.35,18.9,5,Friday,2024-01-05,2024-01
trip_0002210,2,2024-04-21 23:42:00,2024-04-21 23:54:36,2,3.66,237,170,1,Credit Card,19.37,1.0,0.5,2.91,0.0,2.75,26.53,12.6,23,Sunday,2024-04-21,2024-04
trip_0002211,1,2024-05-03 09:15:00,2024-05-03 09:38:34,1,4.37,230,170,1,Credit Card,26.8,1.0,0.5,0.0,0.0,2.75,31.05,23.6,9,Friday,2024-05-03,2024-05
trip_0002212,2,2024-03-10 08:43:00,2024-03-10 09:16:15,1,6.32,33,239,1,Credit Card,37.01,1.0,0.5,5.55,0.0,2.75,46.81,33.3,8,Sunday,2024-03-10,2024-03
trip_0002213,2,2024-02-07 03:10:00,2024-02-07 03:20:50,3,3.46,249,18,1,Credit Card,17.93,1.0,0.5,2.69,0.0,2.75,24.87,10.8,3,Wednesday,2024-02-07,2024-02
trip_0002214,2,2024-02-24 14:37:00,2024-02-24 14:48:23,1,12.33,138,231,2,Credit Card,42.6,1.0,0.5,8.52,6.55,2.75,61.92,11.4,14,Saturday,2024-02-24,2024-02
trip_0002215,1,2024-01-11 16:01:00,2024-01-11 16:33:50,1,11.97,61,61,1,Credit Card,52.34,2.5,0.5,10.47,0.0,2.75,68.56,32.8,16,Thursday,2024-01-11,2024-01
trip_0002216,1,2024-01-09 17:38:00,2024-01-09 17:45:29,1,1.37,238,140,1,Credit Card,10.51,2.5,0.5,2.1,0.0,2.75,18.36,7.5,17,Tuesday,2024-01-09,2024-01
trip_0002217,1,2024-01-14 18:57:00,2024-01-14 19:07:12,2,1.97,231,249,1,Credit Card,13.53,2.5,0.5,2.03,0.0,2.75,21.31,10.2,18,Sunday,2024-01-14,2024-01
trip_0002218,1,2024-06-01 08:04:00,2024-06-01 08:28:43,5,21.73,238,138,2,Credit Card,75.12,1.0,0.5,11.27,6.55,2.75,97.19,24.7,8,Saturday,2024-06-01,2024-06
trip_0002219,1,2024-05-26 18:11:00,2024-05-26 18:26:53,1,6.51,161,162,1,Cash,28.85,2.5,0.5,5.77,0.0,2.75,40.37,15.9,18,Sunday,2024-05-26,2024-05
trip_0002220,2,2024-06-17 21:41:00,2024-06-17 21:54:17,3,3.68,238,238,1,Credit Card,19.77,1.0,0.5,2.97,0.0,2.75,26.99,13.3,21,Monday,2024-06-17,2024-06
trip_0002221,2,2024-02-02 13:27:00,2024-02-02 13:40:26,3,5.28,90,100,1,Credit Card,24.24,1.0,0.5,4.85,0.0,2.75,33.34,13.4,13,Friday,2024-02-02,2024-02
trip_0002222,2,2024-03-16 00:28:00,2024-03-16 00:44:48,1,5.51,107,143,1,Credit Card,26.55,1.0,0.5,3.98,0.0,2.75,34.78,16.8,0,Saturday,2024-03-16,2024-03
trip_0002223,1,2024-01-20 02:32:00,2024-01-20 02:55:57,1,5.62,234,79,1,Credit Card,30.44,1.0,0.5,6.09,0.0,2.75,40.78,24.0,2,Saturday,2024-01-20,2024-01
trip_0002224,1,2024-05-01 05:49:00,2024-05-01 05:58:45,2,16.27,138,48,2,Credit Card,52.63,1.0,0.5,10.53,6.55,2.75,73.96,9.8,5,Wednesday,2024-05-01,2024-05
trip_0002225,2,2024-03-20 16:32:00,2024-03-20 16:46:27,1,5.54,48,61,1,Credit Card,25.46,2.5,0.5,0.0,0.0,2.75,31.21,14.5,16,Wednesday,2024-03-20,2024-03
trip_0002226,2,2024-01-16 07:16:00,2024-01-16 07:25:07,1,3.15,143,234,1,Credit Card,16.23,1.0,0.5,2.43,0.0,2.75,22.91,9.1,7,Tuesday,2024-01-16,2024-01
trip_0002227,1,2024-05-25 23:05:00,2024-05-25 23:16:56,1,3.27,79,238,1,Credit Card,17.96,1.0,0.5,3.59,0.0,2.75,25.8,11.9,23,Saturday,2024-05-25,2024-05
trip_0002228,2,2024-03-10 16:45:00,2024-03-10 17:07:39,2,8.75,234,256,1,Credit Card,38.39,2.5,0.5,0.0,0.0,2.75,44.14,22.7,16,Sunday,2024-03-10,2024-03
trip_0002229,2,2024-03-30 03:17:00,2024-03-30 03:41:22,1,8.12,141,61,1,Credit Card,37.52,1.0,0.5,7.5,0.0,2.75,49.27,24.4,3,Saturday,2024-03-30,2024-03
trip_0002230,2,2024-05-12 07:34:00,2024-05-12 07:48:56,1,4.35,141,79,1,Credit Card,22.44,1.0,0.5,3.37,0.0,2.75,30.06,14.9,7,Sunday,2024-05-12,2024-05
trip_0002231,2,2024-06-26 11:31:00,2024-06-26 11:53:56,1,7.56,43,50,1,Credit Card,35.26,1.0,0.5,7.05,0.0,2.75,46.56,22.9,11,Wednesday,2024-06-26,2024-06
trip_0002232,1,2024-04-03 19:17:00,2024-04-03 19:36:04,4,5.82,163,43,1,Credit Card,28.54,2.5,0.5,5.71,0.0,2.75,40.0,19.1,19,Wednesday,2024-04-03,2024-04
trip_0002233,1,2024-01-07 05:32:00,2024-01-07 05:43:55,1,5.18,230,256,1,Credit Card,23.21,1.0,0.5,4.64,0.0,2.75,32.1,11.9,5,Sunday,2024-01-07,2024-01
trip_0002234,2,2024-02-09 16:13:00,2024-02-09 16:26:13,1,2.88,48,68,1,Credit Card,17.53,2.5,0.5,0.0,0.0,2.75,23.28,13.2,16,Friday,2024-02-09,2024-02
trip_0002235,2,2024-03-02 06:38:00,2024-03-02 06:53:22,1,5.07,238,43,1,Credit Card,24.63,1.0,0.5,3.69,0.0,2.75,32.57,15.4,6,Saturday,2024-03-02,2024-03
trip_0002236,1,2024-06-24 04:58:00,2024-06-24 05:10:16,2,2.55,193,68,1,Cash,16.15,1.0,0.5,2.42,0.0,2.75,22.82,12.3,4,Monday,2024-06-24,2024-06
trip_0002237,1,2024-05-04 16:02:00,2024-05-04 16:22:31,1,11.87,237,132,2,Credit Card,45.91,2.5,0.5,11.48,6.55,2.75,69.69,20.5,16,Saturday,2024-05-04,2024-05
trip_0002238,2,2024-05-09 19:34:00,2024-05-09 19:47:08,1,5.46,230,163,1,Credit Card,24.59,2.5,0.5,4.92,0.0,2.75,35.26,13.1,19,Thursday,2024-05-09,2024-05
trip_0002239,1,2024-01-27 21:20:00,2024-01-27 21:26:32,1,1.65,107,164,1,Credit Card,10.81,1.0,0.5,2.16,0.0,2.75,17.22,6.5,21,Saturday,2024-01-27,2024-01
trip_0002240,1,2024-01-23 11:46:00,2024-01-23 11:59:23,6,11.83,1,186,1,Cash,42.23,1.0,0.5,8.45,0.0,2.75,54.93,13.4,11,Tuesday,2024-01-23,2024-01
trip_0002241,2,2024-02-09 16:58:00,2024-02-09 17:26:53,1,10.96,61,43,1,Credit Card,47.59,2.5,0.5,7.14,0.0,2.75,60.48,28.9,16,Friday,2024-02-09,2024-02
trip_0002242,1,2024-03-29 09:49:00,2024-03-29 10:11:07,1,5.23,255,7,1,Credit Card,28.44,1.0,0.5,4.27,0.0,2.75,36.96,22.1,9,Friday,2024-03-29,2024-03
trip_0002243,1,2024-01-07 10:00:00,2024-01-07 10:15:04,1,6.3,145,68,1,Credit Card,27.87,1.0,0.5,6.97,0.0,2.75,39.09,15.1,10,Sunday,2024-01-07,2024-01
trip_0002244,1,2024-06-09 10:09:00,2024-06-09 10:24:23,1,6.32,140,186,1,Dispute,28.08,1.0,0.5,4.21,0.0,2.75,36.54,15.4,10,Sunday,2024-06-09,2024-06
trip_0002245,1,2024-06-03 01:05:00,2024-06-03 01:19:45,1,4.42,249,142,1,Cash,22.54,1.0,0.5,4.51,0.0,2.75,31.3,14.8,1,Monday,2024-06-03,2024-06
trip_0002246,2,2024-04-08 07:24:00,2024-04-08 07:40:49,1,6.29,234,162,1,Credit Card,28.71,1.0,0.5,0.0,0.0,2.75,32.96,16.8,7,Monday,2024-04-08,2024-04
trip_0002247,2,2024-05-04 02:59:00,2024-05-04 03:12:51,2,2.74,238,163,1,Cash,17.46,1.0,0.5,2.62,0.0,2.75,24.33,13.9,2,Saturday,2024-05-04,2024-05
trip_0002248,2,2024-02-05 20:10:00,2024-02-05 20:18:27,1,2.65,143,239,1,Credit Card,14.52,1.0,0.5,3.63,0.0,2.75,22.4,8.5,20,Monday,2024-02-05,2024-02
trip_0002249,2,2024-01-29 19:22:00,2024-01-29 19:34:15,1,18.59,145,132,2,Credit Card,60.25,2.5,0.5,12.05,6.55,2.75,84.6,12.3,19,Monday,2024-01-29,2024-01
trip_0002250,1,2024-06-10 23:31:00,2024-06-10 23:43:01,1,2.67,170,161,1,Cash,16.36,1.0,0.5,3.27,0.0,2.75,23.88,12.0,23,Monday,2024-06-10,2024-06
trip_0002251,2,2024-02-15 22:17:00,2024-02-15 22:21:20,1,0.98,163,18,1,Credit Card,7.87,1.0,0.5,1.57,0.0,2.75,13.69,4.3,22,Thursday,2024-02-15,2024-02
trip_0002252,1,2024-02-29 08:25:00,2024-02-29 08:50:52,1,5.83,100,193,1,Credit Card,31.97,1.0,0.5,4.8,0.0,2.75,41.02,25.9,8,Thursday,2024-02-29,2024-02
trip_0002253,1,2024-03-08 18:25:00,2024-03-08 18:32:59,1,3.43,249,230,1,Credit Card,16.43,2.5,0.5,3.29,0.0,2.75,25.47,8.0,18,Friday,2024-03-08,2024-03
trip_0002254,2,2024-05-09 07:44:00,2024-05-09 07:52:54,1,11.26,100,138,2,Credit Card,38.42,1.0,0.5,7.68,6.55,2.75,56.9,8.9,7,Thursday,2024-05-09,2024-05
trip_0002255,1,2024-01-19 15:49:00,2024-01-19 16:10:10,1,4.52,186,161,1,Credit Card,26.01,1.0,0.5,3.9,0.0,2.75,34.16,21.2,15,Friday,2024-01-19,2024-01
trip_0002256,1,2024-05-07 04:44:00,2024-05-07 04:53:17,1,3.59,236,170,1,Credit Card,17.52,1.0,0.5,2.63,0.0,2.75,24.4,9.3,4,Tuesday,2024-05-07,2024-05
trip_0002257,2,2024-06-19 21:41:00,2024-06-19 21:53:48,5,3.65,161,193,1,Credit Card,19.44,1.0,0.5,3.89,0.0,2.75,27.58,12.8,21,Wednesday,2024-06-19,2024-06
trip_0002258,1,2024-02-23 21:15:00,2024-02-23 21:27:09,1,5.11,238,145,1,Cash,23.14,1.0,0.5,3.47,0.0,2.75,30.86,12.2,21,Friday,2024-02-23,2024-02
trip_0002259,1,2024-01-30 23:21:00,2024-01-31 00:18:13,1,21.7,138,231,2,Credit Card,91.29,1.0,0.5,22.82,6.55,2.75,124.91,57.2,23,Tuesday,2024-01-30,2024-01
trip_0002260,2,2024-01-23 01:34:00,2024-01-23 01:46:43,1,5.38,249,170,1,Credit Card,24.16,1.0,0.5,4.83,0.0,2.75,33.24,12.7,1,Tuesday,2024-01-23,2024-01
trip_0002261,1,2024-05-09 06:44:00,2024-05-09 07:13:59,2,10.83,163,7,1,Credit Card,47.78,1.0,0.5,7.17,0.0,2.75,59.2,30.0,6,Thursday,2024-05-09,2024-05
trip_0002262,1,2024-06-19 15:34:00,2024-06-19 15:54:22,1,5.72,170,50,1,Credit Card,28.92,1.0,0.5,5.78,0.0,2.75,38.95,20.4,15,Wednesday,2024-06-19,2024-06
trip_0002263,2,2024-02-15 02:09:00,2024-02-15 02:21:36,1,4.61,141,238,1,Credit Card,21.98,1.0,0.5,3.3,0.0,2.75,29.53,12.6,2,Thursday,2024-02-15,2024-02
trip_0002264,1,2024-03-08 15:11:00,2024-03-08 15:22:17,1,3.6,162,61,1,Credit Card,18.54,1.0,0.5,0.0,0.0,2.75,22.79,11.3,15,Friday,2024-03-08,2024-03
trip_0002265,1,2024-01-03 10:57:00,2024-01-03 11:24:40,1,10.13,236,238,1,Credit Card,44.69,1.0,0.5,11.17,0.0,2.75,60.11,27.7,10,Wednesday,2024-01-03,2024-01
trip_0002266,2,2024-06-10 10:31:00,2024-06-10 11:15:40,1,18.38,107,145,1,Credit Card,75.89,1.0,0.5,11.38,0.0,2.75,91.52,44.7,10,Monday,2024-06-10,2024-06
trip_0002267,2,2024-01-09 02:34:00,2024-01-09 02:43:19,1,3.37,186,107,1,Cash,16.93,1.0,0.5,2.54,0.0,2.75,23.72,9.3,2,Tuesday,2024-01-09,2024-01
trip_0002268,1,2024-06-10 13:00:00,2024-06-10 13:10:50,2,20.13,132,1,2,Credit Card,63.78,1.0,0.5,9.57,6.55,2.75,84.15,10.8,13,Monday,2024-06-10,2024-06
trip_0002269,1,2024-01-14 18:04:00,2024-01-14 18:27:17,2,9.01,80,100,1,Credit Card,39.43,2.5,0.5,5.91,0.0,2.75,51.09,23.3,18,Sunday,2024-01-14,2024-01
trip_0002270,2,2024-02-11 11:49:00,2024-02-11 11:57:37,1,3.41,161,234,1,Credit Card,16.69,1.0,0.5,0.0,0.0,2.75,20.94,8.6,11,Sunday,2024-02-11,2024-02
trip_0002271,1,2024-04-26 04:53:00,2024-04-26 05:01:42,5,2.41,231,238,1,Credit Card,13.98,1.0,0.5,2.8,0.0,2.75,21.03,8.7,4,Friday,2024-04-26,2024-04
trip_0002272,1,2024-03-02 03:12:00,2024-03-02 03:26:27,1,3.51,170,90,1,Credit Card,19.88,1.0,0.5,3.98,0.0,2.75,28.11,14.5,3,Saturday,2024-03-02,2024-03
trip_0002273,1,2024-02-29 22:31:00,2024-02-29 22:48:03,4,5.98,238,161,1,Credit Card,27.97,1.0,0.5,5.59,0.0,2.75,37.81,17.1,22,Thursday,2024-02-29,2024-02
trip_0002274,1,2024-03-17 11:13:00,2024-03-17 11:19:32,2,2.67,107,237,1,Cash,13.61,1.0,0.5,2.72,0.0,2.75,20.58,6.5,11,Sunday,2024-03-17,2024-03
trip_0002275,1,2024-01-26 07:53:00,2024-01-26 08:19:01,3,16.14,1,145,1,Credit Card,60.4,1.0,0.5,12.08,0.0,2.75,76.73,26.0,7,Friday,2024-01-26,2024-01
trip_0002276,1,2024-06-06 18:48:00,2024-06-06 19:05:59,1,7.91,43,256,1,Credit Card,33.75,2.5,0.5,6.75,0.0,2.75,46.25,18.0,18,Thursday,2024-06-06,2024-06
trip_0002277,2,2024-03-31 04:02:00,2024-03-31 04:27:18,2,15.1,1,90,1,Credit Card,57.18,1.0,0.5,0.0,0.0,2.75,61.43,25.3,4,Sunday,2024-03-31,2024-03
trip_0002278,2,2024-03-31 13:59:00,2024-03-31 14:09:03,1,3.89,61,18,1,Credit Card,18.73,1.0,0.5,2.81,0.0,2.75,25.79,10.1,13,Sunday,2024-03-31,2024-03
trip_0002279,1,2024-04-04 23:43:00,2024-04-04 23:59:30,3,6.93,231,231,1,Cash,30.31,1.0,0.5,7.58,0.0,2.75,42.14,16.5,23,Thursday,2024-04-04,2024-04
trip_0002280,1,2024-03-13 08:17:00,2024-03-13 08:44:41,1,16.73,256,138,2,Credit Card,62.85,1.0,0.5,9.43,6.55,2.75,83.08,27.7,8,Wednesday,2024-03-13,2024-03
trip_0002281,1,2024-01-04 14:43:00,2024-01-04 14:59:21,1,7.16,141,142,1,Credit Card,30.87,1.0,0.5,0.0,0.0,2.75,35.12,16.4,14,Thursday,2024-01-04,2024-01
trip_0002282,1,2024-03-30 20:59:00,2024-03-30 21:13:22,1,4.42,141,143,1,Credit Card,22.34,1.0,0.5,0.0,0.0,2.75,26.59,14.4,20,Saturday,2024-03-30,2024-03
trip_0002283,1,2024-04-23 23:21:00,2024-04-23 23:55:45,4,13.21,162,236,1,Credit Card,56.7,1.0,0.5,8.51,0.0,2.75,69.46,34.8,23,Tuesday,2024-04-23,2024-04
trip_0002284,2,2024-05-12 01:58:00,2024-05-12 02:26:54,3,12.07,1,193,1,Credit Card,50.65,1.0,0.5,12.66,0.0,2.75,67.56,28.9,1,Sunday,2024-05-12,2024-05
trip_0002285,2,2024-06-08 21:29:00,2024-06-08 21:44:45,2,12.55,234,138,2,Credit Card,45.39,1.0,0.5,6.81,6.55,2.75,63.0,15.8,21,Saturday,2024-06-08,2024-06
trip_0002286,1,2024-04-04 14:50:00,2024-04-04 15:02:24,1,20.11,1,256,1,Credit Card,64.5,1.0,0.5,12.9,0.0,2.75,81.65,12.4,14,Thursday,2024-04-04,2024-04
trip_0002287,2,2024-04-10 13:26:00,2024-04-10 13:50:45,1,6.32,234,43,1,Cash,32.76,1.0,0.5,0.0,0.0,2.75,37.01,24.8,13,Wednesday,2024-04-10,2024-04
trip_0002288,2,2024-05-24 08:04:00,2024-05-24 08:29:53,1,11.34,238,238,1,Credit Card,47.13,1.0,0.5,9.43,0.0,2.75,60.81,25.9,8,Friday,2024-05-24,2024-05
trip_0002289,1,2024-02-19 13:22:00,2024-02-19 13:57:26,1,6.91,68,238,1,Credit Card,39.72,1.0,0.5,5.96,0.0,2.75,49.93,35.4,13,Monday,2024-02-19,2024-02
trip_0002290,2,2024-03-28 13:12:00,2024-03-28 13:32:31,2,19.44,143,132,2,Credit Card,66.72,1.0,0.5,10.01,6.55,2.75,87.53,20.5,13,Thursday,2024-03-28,2024-03
trip_0002291,1,2024-03-07 16:50:00,2024-03-07 17:08:16,1,4.07,145,256,1,Credit Card,23.33,2.5,0.5,4.67,0.0,2.75,33.75,18.3,16,Thursday,2024-03-07,2024-03
trip_0002292,1,2024-02-06 00:30:00,2024-02-06 00:39:18,1,4.19,193,61,1,Cash,19.18,1.0,0.5,3.84,0.0,2.75,27.27,9.3,0,Tuesday,2024-02-06,2024-02
trip_0002293,2,2024-04-11 16:36:00,2024-04-11 16:51:06,1,2.93,145,80,1,Credit Card,18.62,2.5,0.5,2.79,0.0,2.75,27.16,15.1,16,Thursday,2024-04-11,2024-04
trip_0002294,2,2024-06-06 02:37:00,2024-06-06 02:41:25,1,1.3,61,143,1,Credit Card,8.79,1.0,0.5,1.76,0.0,2.75,14.8,4.4,2,Thursday,2024-06-06,2024-06
trip_0002295,2,2024-06-11 02:10:00,2024-06-11 02:25:48,1,5.05,238,234,1,Credit Card,24.8,1.0,0.5,3.72,0.0,2.75,32.77,15.8,2,Tuesday,2024-06-11,2024-06
trip_0002296,2,2024-01-02 21:06:00,2024-01-02 21:15:16,1,1.92,68,7,1,Credit Card,12.91,1.0,0.5,0.0,0.0,2.75,17.16,9.3,21,Tuesday,2024-01-02,2024-01
trip_0002297,2,2024-05-08 06:03:00,2024-05-08 06:47:39,1,16.39,140,50,1,Credit Card,70.4,1.0,0.5,0.0,0.0,2.75,74.65,44.7,6,Wednesday,2024-05-08,2024-05
trip_0002298,1,2024-03-15 00:52:00,2024-03-15 01:17:14,2,7.23,164,43,1,Credit Card,35.5,1.0,0.5,5.32,0.0,2.75,45.07,25.2,0,Friday,2024-03-15,2024-03
trip_0002299,2,2024-06-16 18:14:00,2024-06-16 18:38:05,1,9.37,141,186,1,Cash,40.81,2.5,0.5,8.16,0.0,2.75,54.72,24.1,18,Sunday,2024-06-16,2024-06
trip_0002300,2,2024-01-18 09:23:00,2024-01-18 09:43:03,1,5.44,43,90,1,Cash,27.99,1.0,0.5,5.6,0.0,2.75,37.84,20.1,9,Thursday,2024-01-18,2024-01
trip_0002301,2,2024-06-12 13:14:00,2024-06-12 13:35:24,1,6.09,163,141,1,Credit Card,30.45,1.0,0.5,4.57,0.0,2.75,39.27,21.4,13,Wednesday,2024-06-12,2024-06
trip_0002302,1,2024-05-26 19:17:00,2024-05-26 19:27:37,2,4.68,164,90,1,Credit Card,21.18,2.5,0.5,4.24,0.0,2.75,31.17,10.6,19,Sunday,2024-05-26,2024-05
trip_0002303,2,2024-02-29 21:36:00,2024-02-29 22:04:52,1,8.5,145,79,1,Cash,40.81,1.0,0.5,8.16,0.0,2.75,53.22,28.9,21,Thursday,2024-02-29,2024-02
trip_0002304,2,2024-04-09 04:06:00,2024-04-09 04:20:17,1,5.73,140,68,1,Credit Card,25.91,1.0,0.5,3.89,0.0,2.75,34.05,14.3,4,Tuesday,2024-04-09,2024-04
trip_0002305,2,2024-05-08 05:25:00,2024-05-08 05:34:54,1,2.73,61,193,1,Credit Card,15.47,1.0,0.5,0.0,0.0,2.75,19.72,9.9,5,Wednesday,2024-05-08,2024-05
trip_0002306,1,2024-01-22 02:26:00,2024-01-22 02:42:43,1,6.34,143,68,1,Credit Card,28.8,1.0,0.5,0.0,0.0,2.75,33.05,16.7,2,Monday,2024-01-22,2024-01
trip_0002307,2,2024-05-31 21:20:00,2024-05-31 21:36:08,1,6.16,48,68,1,Credit Card,28.01,1.0,0.5,5.6,0.0,2.75,37.86,16.1,21,Friday,2024-05-31,2024-05
trip_0002308,2,2024-02-19 09:52:00,2024-02-19 10:03:43,2,3.83,107,255,1,Credit Card,19.39,1.0,0.5,0.0,0.0,2.75,23.64,11.7,9,Monday,2024-02-19,2024-02
trip_0002309,1,2024-01-03 01:53:00,2024-01-03 02:00:45,2,2.27,234,80,1,Credit Card,13.12,1.0,0.5,3.28,0.0,2.75,20.65,7.8,1,Wednesday,2024-01-03,2024-01
trip_0002310,1,2024-01-06 16:27:00,2024-01-06 16:41:28,1,12.78,141,132,2,Dispute,45.39,2.5,0.5,9.08,6.55,2.75,66.77,14.5,16,Saturday,2024-01-06,2024-01
trip_0002311,1,2024-06-08 21:19:00,2024-06-08 21:32:00,1,12.53,7,1,1,Cash,43.96,1.0,0.5,0.0,0.0,2.75,48.21,13.0,21,Saturday,2024-06-08,2024-06
trip_0002312,2,2024-02-11 08:52:00,2024-02-11 09:00:15,1,2.59,145,140,1,Cash,14.25,1.0,0.5,2.14,0.0,2.75,20.64,8.3,8,Sunday,2024-02-11,2024-02
trip_0002313,2,2024-05-05 13:39:00,2024-05-05 14:14:48,1,16.98,132,238,2,Credit Card,67.6,1.0,0.5,0.0,6.55,2.75,78.4,35.8,13,Sunday,2024-05-05,2024-05
trip_0002314,2,2024-04-20 19:11:00,2024-04-20 19:28:32,1,4.38,255,7,1,Credit Card,23.81,2.5,0.5,4.76,0.0,2.75,34.32,17.5,19,Saturday,2024-04-20,2024-04
trip_0002315,2,2024-06-19 02:23:00,2024-06-19 02:34:25,1,3.56,140,90,1,Credit Card,18.5,1.0,0.5,3.7,0.0,2.75,26.45,11.4,2,Wednesday,2024-06-19,2024-06
trip_0002316,2,2024-05-13 21:58:00,2024-05-13 22:21:28,2,17.58,143,1,1,Credit Card,63.08,1.0,0.5,9.46,0.0,2.75,76.79,23.5,21,Monday,2024-05-13,2024-05
trip_0002317,2,2024-01-28 19:31:00,2024-01-28 20:02:33,5,8.4,48,237,1,Credit Card,41.88,2.5,0.5,8.38,0.0,2.75,56.01,31.6,19,Sunday,2024-01-28,2024-01
trip_0002318,2,2024-05-14 04:41:00,2024-05-14 05:00:36,1,8.37,80,164,1,Credit Card,35.82,1.0,0.5,0.0,0.0,2.75,40.07,19.6,4,Tuesday,2024-05-14,2024-05
trip_0002319,2,2024-06-28 02:54:00,2024-06-28 03:20:39,1,5.49,50,256,1,Credit Card,31.42,1.0,0.5,4.71,0.0,2.75,40.38,26.7,2,Friday,2024-06-28,2024-06
trip_0002320,1,2024-02-08 10:34:00,2024-02-08 10:58:36,1,10.93,249,145,1,Credit Card,45.36,1.0,0.5,9.07,0.0,2.75,58.68,24.6,10,Thursday,2024-02-08,2024-02
trip_0002321,2,2024-01-30 15:02:00,2024-01-30 15:14:18,1,3.09,255,230,1,Credit Card,17.65,1.0,0.5,3.53,0.0,2.75,25.43,12.3,15,Tuesday,2024-01-30,2024-01
trip_0002322,1,2024-02-09 16:14:00,2024-02-09 16:46:30,4,16.7,138,237,2,Cash,65.18,2.5,0.5,13.04,6.55,2.75,90.52,32.5,16,Friday,2024-02-09,2024-02
trip_0002323,2,2024-02-10 17:59:00,2024-02-10 18:09:48,2,4.6,234,234,1,Credit Card,21.06,2.5,0.5,3.16,0.0,2.75,29.97,10.8,17,Saturday,2024-02-10,2024-02
trip_0002324,2,2024-04-05 21:09:00,2024-04-05 21:19:22,3,4.05,48,18,1,Credit Card,19.32,1.0,0.5,3.86,0.0,2.75,27.43,10.4,21,Friday,2024-04-05,2024-04
trip_0002325,1,2024-01-31 11:24:00,2024-01-31 12:02:58,3,15.44,145,193,1,Credit Card,64.95,1.0,0.5,12.99,0.0,2.75,82.19,39.0,11,Wednesday,2024-01-31,2024-01
trip_0002326,1,2024-06-13 20:21:00,2024-06-13 20:50:32,1,8.64,162,90,1,Credit Card,41.53,1.0,0.5,0.0,0.0,2.75,45.78,29.5,20,Thursday,2024-06-13,2024-06
trip_0002327,2,2024-04-24 20:51:00,2024-04-24 21:10:19,1,4.62,239,140,1,Credit Card,25.37,1.0,0.5,0.0,0.0,2.75,29.62,19.3,20,Wednesday,2024-04-24,2024-04
trip_0002328,2,2024-03-24 16:49:00,2024-03-24 17:04:02,2,2.91,43,170,1,Credit Card,18.52,2.5,0.5,4.63,0.0,2.75,28.9,15.0,16,Sunday,2024-03-24,2024-03
trip_0002329,2,2024-01-12 00:49:00,2024-01-12 01:04:58,1,4.33,43,68,1,Credit Card,22.89,1.0,0.5,4.58,0.0,2.75,31.72,16.0,0,Friday,2024-01-12,2024-01
trip_0002330,1,2024-02-21 14:48:00,2024-02-21 14:54:50,1,2.88,141,7,1,Credit Card,14.34,1.0,0.5,2.87,0.0,2.75,21.46,6.8,14,Wednesday,2024-02-21,2024-02
trip_0002331,2,2024-03-21 07:59:00,2024-03-21 08:21:44,1,4.47,256,18,1,No Charge,26.66,1.0,0.5,6.66,0.0,2.75,37.57,22.7,7,Thursday,2024-03-21,2024-03
trip_0002332,2,2024-02-18 02:22:00,2024-02-18 02:43:42,1,8.97,141,141,1,Credit Card,38.52,1.0,0.5,7.7,0.0,2.75,50.47,21.7,2,Sunday,2024-02-18,2024-02
trip_0002333,2,2024-01-10 19:19:00,2024-01-10 19:21:52,2,21.7,132,143,2,Credit Card,64.11,2.5,0.5,12.82,6.55,2.75,89.23,2.9,19,Wednesday,2024-01-10,2024-01
trip_0002334,2,2024-02-17 23:15:00,2024-02-17 23:42:23,1,9.09,80,238,1,Credit Card,41.69,1.0,0.5,6.25,0.0,2.75,52.19,27.4,23,Saturday,2024-02-17,2024-02
trip_0002335,2,2024-04-02 14:06:00,2024-04-02 14:10:58,1,2.1,161,236,1,Credit Card,11.27,1.0,0.5,1.69,0.0,2.75,17.21,5.0,14,Tuesday,2024-04-02,2024-04
trip_0002336,2,2024-04-17 01:40:00,2024-04-17 01:54:13,1,2.59,143,163,1,Cash,17.23,1.0,0.5,2.58,0.0,2.75,24.06,14.2,1,Wednesday,2024-04-17,2024-04
trip_0002337,2,2024-03-22 21:49:00,2024-03-22 22:03:36,3,5.33,140,256,1,Credit Card,24.97,1.0,0.5,3.75,0.0,2.75,32.97,14.6,21,Friday,2024-03-22,2024-03
trip_0002338,2,2024-04-08 20:48:00,2024-04-08 20:57:14,1,2.59,231,43,1,Credit Card,14.74,1.0,0.5,0.0,0.0,2.75,18.99,9.2,20,Monday,2024-04-08,2024-04
trip_0002339,1,2024-01-15 17:35:00,2024-01-15 18:03:34,1,7.28,231,236,1,Credit Card,37.31,2.5,0.5,7.46,0.0,2.75,50.52,28.6,17,Monday,2024-01-15,2024-01
trip_0002340,2,2024-04-08 13:27:00,2024-04-08 13:44:46,2,7.68,163,231,1,Credit Card,33.01,1.0,0.5,0.0,0.0,2.75,37.26,17.8,13,Monday,2024-04-08,2024-04
trip_0002341,1,2024-04-30 21:54:00,2024-04-30 22:09:56,1,3.06,186,7,1,Credit Card,19.38,1.0,0.5,3.88,0.0,2.75,27.51,15.9,21,Tuesday,2024-04-30,2024-04
trip_0002342,2,2024-01-14 17:06:00,2024-01-14 17:22:09,1,21.82,48,132,2,Cash,71.09,2.5,0.5,14.22,6.55,2.75,97.61,16.2,17,Sunday,2024-01-14,2024-01
trip_0002343,2,2024-01-06 21:04:00,2024-01-06 21:20:38,2,4.06,43,79,1,Credit Card,22.48,1.0,0.5,0.0,0.0,2.75,26.73,16.6,21,Saturday,2024-01-06,2024-01
trip_0002344,1,2024-03-01 03:09:00,2024-03-01 03:19:21,1,2.23,107,170,1,Credit Card,14.31,1.0,0.5,2.86,0.0,2.75,21.42,10.4,3,Friday,2024-03-01,2024-03
trip_0002345,1,2024-06-26 16:21:00,2024-06-26 16:48:15,1,6.72,186,249,1,Cash,35.11,2.5,0.5,7.02,0.0,2.75,47.88,27.3,16,Wednesday,2024-06-26,2024-06
trip_0002346,1,2024-03-30 09:48:00,2024-03-30 09:54:19,1,1.87,238,33,1,Credit Card,11.31,1.0,0.5,0.0,0.0,2.75,15.56,6.3,9,Saturday,2024-03-30,2024-03
trip_0002347,2,2024-06-02 03:20:00,2024-06-02 03:51:34,1,8.28,48,80,1,Credit Card,41.56,1.0,0.5,6.23,0.0,2.75,52.04,31.6,3,Sunday,2024-06-02,2024-06
trip_0002348,2,2024-03-30 11:41:00,2024-03-30 12:12:20,1,6.68,170,142,1,Credit Card,37.04,1.0,0.5,9.26,0.0,2.75,50.55,31.3,11,Saturday,2024-03-30,2024-03
trip_0002349,1,2024-03-24 14:36:00,2024-03-24 15:05:01,1,10.32,161,43,1,Credit Card,45.89,1.0,0.5,9.18,0.0,2.75,59.32,29.0,14,Sunday,2024-03-24,2024-03
trip_0002350,1,2024-04-18 01:40:00,2024-04-18 01:52:43,1,2.68,239,50,1,Cash,16.73,1.0,0.5,2.51,0.0,2.75,23.49,12.7,1,Thursday,2024-04-18,2024-04
trip_0002351,2,2024-04-20 08:23:00,2024-04-20 08:38:35,1,6.33,256,140,1,Credit Card,28.21,1.0,0.5,0.0,0.0,2.75,32.46,15.6,8,Saturday,2024-04-20,2024-04
trip_0002352,2,2024-04-07 07:26:00,2024-04-07 07:38:28,1,4.13,164,43,1,Cash,20.59,1.0,0.5,4.12,0.0,2.75,28.96,12.5,7,Sunday,2024-04-07,2024-04
trip_0002353,1,2024-03-20 15:14:00,2024-03-20 15:31:11,1,6.22,33,236,1,Credit Card,28.7,1.0,0.5,5.74,0.0,2.75,38.69,17.2,15,Wednesday,2024-03-20,2024-03
trip_0002354,2,2024-04-29 15:38:00,2024-04-29 15:56:30,1,10.59,132,100,2,Credit Card,41.38,1.0,0.5,8.28,6.55,2.75,60.46,18.5,15,Monday,2024-04-29,2024-04
trip_0002355,1,2024-05-10 21:18:00,2024-05-10 21:31:09,1,5.27,163,255,1,Cash,24.07,1.0,0.5,3.61,0.0,2.75,31.93,13.2,21,Friday,2024-05-10,2024-05
trip_0002356,1,2024-06-12 15:35:00,2024-06-12 15:49:01,2,3.02,141,236,1,Credit Card,18.32,1.0,0.5,3.66,0.0,2.75,26.23,14.0,15,Wednesday,2024-06-12,2024-06
trip_0002357,2,2024-05-15 03:37:00,2024-05-15 03:53:19,6,3.55,239,107,1,Cash,20.92,1.0,0.5,0.0,0.0,2.75,25.17,16.3,3,Wednesday,2024-05-15,2024-05
trip_0002358,1,2024-02-25 04:27:00,2024-02-25 04:40:06,1,4.88,43,79,1,Credit Card,22.97,1.0,0.5,4.59,0.0,2.75,31.81,13.1,4,Sunday,2024-02-25,2024-02
trip_0002359,1,2024-02-28 03:07:00,2024-02-28 03:30:23,1,4.69,255,68,1,Credit Card,27.6,1.0,0.5,4.14,0.0,2.75,35.99,23.4,3,Wednesday,2024-02-28,2024-02
trip_0002360,1,2024-05-10 22:19:00,2024-05-10 22:42:19,1,8.53,145,68,1,Credit Card,38.12,1.0,0.5,0.0,0.0,2.75,42.37,23.3,22,Friday,2024-05-10,2024-05
trip_0002361,1,2024-06-17 20:38:00,2024-06-17 21:09:32,1,7.1,193,249,1,Cash,38.29,1.0,0.5,0.0,0.0,2.75,42.54,31.5,20,Monday,2024-06-17,2024-06
trip_0002362,1,2024-05-12 14:50:00,2024-05-12 14:57:26,1,1.47,142,239,1,Credit Card,10.76,1.0,0.5,2.15,0.0,2.75,17.16,7.4,14,Sunday,2024-05-12,2024-05
trip_0002363,1,2024-03-13 13:51:00,2024-03-13 14:24:31,1,11.05,145,90,1,Credit Card,50.15,1.0,0.5,10.03,0.0,2.75,64.43,33.5,13,Wednesday,2024-03-13,2024-03
trip_0002364,2,2024-02-13 22:35:00,2024-02-13 22:51:06,1,6.83,33,230,1,Credit Card,29.83,1.0,0.5,5.97,0.0,2.75,40.05,16.1,22,Tuesday,2024-02-13,2024-02
trip_0002365,1,2024-05-27 13:28:00,2024-05-27 13:47:39,1,18.26,142,1,1,Credit Card,63.04,1.0,0.5,9.46,0.0,2.75,76.75,19.7,13,Monday,2024-05-27,2024-05
trip_0002366,1,2024-06-28 15:34:00,2024-06-28 15:44:31,1,3.88,80,80,1,Cash,18.93,1.0,0.5,2.84,0.0,2.75,26.02,10.5,15,Friday,2024-06-28,2024-06
trip_0002367,1,2024-03-29 21:34:00,2024-03-29 21:41:38,1,2.12,50,237,1,Credit Card,12.65,1.0,0.5,1.9,0.0,2.75,18.8,7.6,21,Friday,2024-03-29,2024-03
trip_0002368,2,2024-01-20 02:45:00,2024-01-20 03:04:01,1,8.24,164,43,1,Credit Card,35.17,1.0,0.5,5.28,0.0,2.75,44.7,19.0,2,Saturday,2024-01-20,2024-01
trip_0002369,1,2024-01-10 15:26:00,2024-01-10 15:36:49,1,12.5,138,239,2,Credit Card,42.78,1.0,0.5,6.42,6.55,2.75,60.0,10.8,15,Wednesday,2024-01-10,2024-01
trip_0002370,2,2024-04-25 03:34:00,2024-04-25 03:40:24,1,2.55,61,143,1,Credit Card,13.22,1.0,0.5,3.3,0.0,2.75,20.77,6.4,3,Thursday,2024-04-25,2024-04
trip_0002371,2,2024-01-04 11:42:00,2024-01-04 12:20:34,2,13.57,161,61,1,Credit Card,59.6,1.0,0.5,8.94,0.0,2.75,72.79,38.6,11,Thursday,2024-01-04,2024-01
trip_0002372,1,2024-05-04 23:20:00,2024-05-04 23:29:35,1,2.07,100,143,1,Credit Card,13.49,1.0,0.5,3.37,0.0,2.75,21.11,9.6,23,Saturday,2024-05-04,2024-05
trip_0002373,1,2024-04-15 12:27:00,2024-04-15 12:49:52,1,4.14,162,68,1,Credit Card,25.82,1.0,0.5,0.0,0.0,2.75,30.07,22.9,12,Monday,2024-04-15,2024-04
trip_0002374,1,2024-04-13 14:38:00,2024-04-13 14:52:12,1,16.95,33,138,2,Credit Card,56.72,1.0,0.5,11.34,6.55,2.75,78.86,14.2,14,Saturday,2024-04-13,2024-04
trip_0002375,1,2024-04-26 18:30:00,2024-04-26 18:52:49,1,19.44,230,1,1,Credit Card,67.88,2.5,0.5,0.0,0.0,2.75,73.63,22.8,18,Friday,2024-04-26,2024-04
trip_0002376,2,2024-02-13 07:59:00,2024-02-13 08:29:24,1,7.59,68,43,1,Credit Card,39.08,1.0,0.5,5.86,0.0,2.75,49.19,30.4,7,Tuesday,2024-02-13,2024-02
trip_0002377,2,2024-03-12 17:23:00,2024-03-12 17:48:28,6,5.03,256,234,1,Credit Card,29.57,2.5,0.5,5.91,0.0,2.75,41.23,25.5,17,Tuesday,2024-03-12,2024-03
trip_0002378,1,2024-01-19 02:39:00,2024-01-19 02:55:06,1,6.58,79,255,1,Credit Card,29.15,1.0,0.5,0.0,0.0,2.75,33.4,16.1,2,Friday,2024-01-19,2024-01
trip_0002379,2,2024-05-29 01:53:00,2024-05-29 02:07:30,1,3.35,234,236,1,Cash,19.47,1.0,0.5,2.92,0.0,2.75,26.64,14.5,1,Wednesday,2024-05-29,2024-05
trip_0002380,2,2024-02-02 21:28:00,2024-02-02 21:40:47,2,4.33,170,162,1,Credit Card,21.3,1.0,0.5,3.2,0.0,2.75,28.75,12.8,21,Friday,2024-02-02,2024-02
trip_0002381,1,2024-01-29 06:35:00,2024-01-29 06:45:34,1,3.94,90,163,1,Credit Card,19.12,1.0,0.5,3.82,0.0,2.75,27.19,10.6,6,Monday,2024-01-29,2024-01
trip_0002382,2,2024-02-04 03:34:00,2024-02-04 03:50:22,6,6.69,164,145,1,Credit Card,29.59,1.0,0.5,7.4,0.0,2.75,41.24,16.4,3,Sunday,2024-02-04,2024-02
trip_0002383,1,2024-01-06 02:26:00,2024-01-06 02:41:44,1,5.94,79,141,1,Credit Card,27.21,1.0,0.5,5.44,0.0,2.75,36.9,15.7,2,Saturday,2024-01-06,2024-01
trip_0002384,2,2024-02-04 08:52:00,2024-02-04 09:07:33,2,4.49,186,162,1,Cash,23.12,1.0,0.5,4.62,0.0,2.75,31.99,15.6,8,Sunday,2024-02-04,2024-02
trip_0002385,2,2024-06-05 21:51:00,2024-06-05 22:04:51,1,3.67,107,61,1,Credit Card,20.03,1.0,0.5,4.01,0.0,2.75,28.29,13.9,21,Wednesday,2024-06-05,2024-06
trip_0002386,2,2024-06-26 16:55:00,2024-06-26 17:18:29,1,5.99,100,107,1,Credit Card,31.22,2.5,0.5,7.8,0.0,2.75,44.77,23.5,16,Wednesday,2024-06-26,2024-06
trip_0002387,1,2024-03-18 15:46:00,2024-03-18 16:19:32,1,16.88,132,79,2,Credit Card,66.19,1.0,0.5,13.24,6.55,2.75,90.23,33.5,15,Monday,2024-03-18,2024-03
trip_0002388,2,2024-06-14 15:55:00,2024-06-14 16:03:06,3,2.03,48,162,1,Credit Card,12.64,1.0,0.5,2.53,0.0,2.75,19.42,8.1,15,Friday,2024-06-14,2024-06
trip_0002389,1,2024-01-22 05:09:00,2024-01-22 05:17:46,1,3.95,142,161,1,Dispute,18.25,1.0,0.5,3.65,0.0,2.75,26.15,8.8,5,Monday,2024-01-22,2024-01
trip_0002390,2,2024-03-21 09:22:00,2024-03-21 09:39:07,1,5.6,143,140,1,Credit Card,26.96,1.0,0.5,4.04,0.0,2.75,35.25,17.1,9,Thursday,2024-03-21,2024-03
trip_0002391,2,2024-05-24 06:21:00,2024-05-24 06:33:35,1,14.94,143,1,1,Credit Card,50.38,1.0,0.5,12.6,0.0,2.75,67.23,12.6,6,Friday,2024-05-24,2024-05
trip_0002392,2,2024-03-07 04:49:00,2024-03-07 05:01:51,1,4.78,80,140,1,Credit Card,22.58,1.0,0.5,3.39,0.0,2.75,30.22,12.9,4,Thursday,2024-03-07,2024-03
trip_0002393,1,2024-05-31 03:36:00,2024-05-31 03:41:35,1,11.8,138,231,2,Credit Card,38.25,1.0,0.5,0.0,6.55,2.75,49.05,5.6,3,Friday,2024-05-31,2024-05
trip_0002394,2,2024-04-24 21:42:00,2024-04-24 22:21:54,1,9.47,237,68,1,Credit Card,49.0,1.0,0.5,9.8,0.0,2.75,63.05,39.9,21,Wednesday,2024-04-24,2024-04
trip_0002395,1,2024-01-02 12:37:00,2024-01-02 12:52:21,1,4.83,234,43,1,Credit Card,23.96,1.0,0.5,0.0,0.0,2.75,28.21,15.4,12,Tuesday,2024-01-02,2024-01
trip_0002396,2,2024-01-05 21:06:00,2024-01-05 21:33:59,1,7.94,231,7,1,Cash,38.83,1.0,0.5,5.82,0.0,2.75,48.9,28.0,21,Friday,2024-01-05,2024-01
trip_0002397,2,2024-03-23 00:04:00,2024-03-23 00:14:42,1,4.71,18,80,1,Credit Card,21.31,1.0,0.5,4.26,0.0,2.75,29.82,10.7,0,Saturday,2024-03-23,2024-03
trip_0002398,1,2024-03-18 04:39:00,2024-03-18 05:00:03,1,6.06,33,43,1,Credit Card,30.2,1.0,0.5,4.53,0.0,2.75,38.98,21.1,4,Monday,2024-03-18,2024-03
trip_0002399,2,2024-01-15 04:49:00,2024-01-15 05:06:35,2,18.54,234,1,1,Credit Card,62.78,1.0,0.5,12.56,0.0,2.75,79.59,17.6,4,Monday,2024-01-15,2024-01
trip_0002400,2,2024-02-04 05:24:00,2024-02-04 05:31:30,2,2.09,238,145,1,Cash,12.5,1.0,0.5,0.0,0.0,2.75,16.75,7.5,5,Sunday,2024-02-04,2024-02
trip_0002401,1,2024-02-03 13:41:00,2024-02-03 14:03:14,3,20.71,1,143,1,Credit Card,71.07,1.0,0.5,10.66,0.0,2.75,85.98,22.2,13,Saturday,2024-02-03,2024-02
trip_0002402,1,2024-03-17 10:44:00,2024-03-17 11:13:24,1,11.3,237,238,1,Credit Card,48.78,1.0,0.5,0.0,0.0,2.75,53.03,29.4,10,Sunday,2024-03-17,2024-03
trip_0002403,1,2024-05-10 07:11:00,2024-05-10 07:41:45,1,9.0,249,68,1,Credit Card,43.13,1.0,0.5,6.47,0.0,2.75,53.85,30.8,7,Friday,2024-05-10,2024-05
trip_0002404,2,2024-01-13 09:14:00,2024-01-13 09:41:04,2,5.49,43,239,1,Credit Card,31.64,1.0,0.5,6.33,0.0,2.75,42.22,27.1,9,Saturday,2024-01-13,2024-01
trip_0002405,1,2024-05-31 01:21:00,2024-05-31 01:33:45,1,4.24,80,239,1,Credit Card,21.04,1.0,0.5,4.21,0.0,2.75,29.5,12.8,1,Friday,2024-05-31,2024-05
trip_0002406,1,2024-05-13 10:43:00,2024-05-13 10:47:32,1,1.34,249,80,1,Credit Card,8.95,1.0,0.5,1.34,0.0,2.75,14.54,4.5,10,Monday,2024-05-13,2024-05
trip_0002407,1,2024-03-31 13:23:00,2024-03-31 13:36:20,1,5.5,238,33,1,Cash,24.8,1.0,0.5,4.96,0.0,2.75,34.01,13.3,13,Sunday,2024-03-31,2024-03
trip_0002408,1,2024-04-18 11:52:00,2024-04-18 12:08:53,3,3.65,164,80,1,Cash,21.49,1.0,0.5,3.22,0.0,2.75,28.96,16.9,11,Thursday,2024-04-18,2024-04
trip_0002409,2,2024-05-14 23:00:00,2024-05-14 23:08:41,1,3.36,162,145,1,Credit Card,16.59,1.0,0.5,4.15,0.0,2.75,24.99,8.7,23,Tuesday,2024-05-14,2024-05
trip_0002410,1,2024-03-22 08:13:00,2024-03-22 08:58:26,1,9.95,161,68,1,Credit Card,53.09,1.0,0.5,10.62,0.0,2.75,67.96,45.4,8,Friday,2024-03-22,2024-03
trip_0002411,2,2024-01-29 20:56:00,2024-01-29 21:13:21,1,4.87,50,161,1,Credit Card,25.07,1.0,0.5,3.76,0.0,2.75,33.08,17.4,20,Monday,2024-01-29,2024-01
trip_0002412,2,2024-02-26 03:23:00,2024-02-26 03:35:44,2,4.77,238,107,1,Cash,22.48,1.0,0.5,3.37,0.0,2.75,30.1,12.7,3,Monday,2024-02-26,2024-02
trip_0002413,1,2024-01-24 16:22:00,2024-01-24 16:27:46,1,1.36,186,141,1,Credit Card,9.63,2.5,0.5,2.41,0.0,2.75,17.79,5.8,16,Wednesday,2024-01-24,2024-01
trip_0002414,1,2024-06-16 18:13:00,2024-06-16 18:34:20,1,17.37,239,132,2,Credit Card,61.44,2.5,0.5,9.22,6.55,2.75,82.96,21.3,18,Sunday,2024-06-16,2024-06
trip_0002415,2,2024-01-24 13:42:00,2024-01-24 13:55:24,1,5.21,90,162,1,Credit Card,24.04,1.0,0.5,6.01,0.0,2.75,34.3,13.4,13,Wednesday,2024-01-24,2024-01
trip_0002416,2,2024-03-27 20:47:00,2024-03-27 21:11:15,1,4.43,239,33,1,Credit Card,27.31,1.0,0.5,5.46,0.0,2.75,37.02,24.3,20,Wednesday,2024-03-27,2024-03
trip_0002417,1,2024-03-13 13:26:00,2024-03-13 13:31:04,3,1.8,107,50,1,No Charge,10.48,1.0,0.5,2.1,0.0,2.75,16.83,5.1,13,Wednesday,2024-03-13,2024-03
trip_0002418,1,2024-06-15 07:46:00,2024-06-15 07:56:41,1,3.69,170,256,1,Credit Card,18.5,1.0,0.5,4.62,0.0,2.75,27.37,10.7,7,Saturday,2024-06-15,2024-06
trip_0002419,1,2024-05-16 00:56:00,2024-05-16 01:07:30,4,3.49,145,231,1,Credit Card,18.35,1.0,0.5,3.67,0.0,2.75,26.27,11.5,0,Thursday,2024-05-16,2024-05
trip_0002420,1,2024-05-25 12:33:00,2024-05-25 12:46:55,2,19.66,249,1,1,Credit Card,64.03,1.0,0.5,9.6,0.0,2.75,77.88,13.9,12,Saturday,2024-05-25,2024-05
trip_0002421,1,2024-04-15 05:08:00,2024-04-15 05:12:21,3,19.45,1,143,1,Credit Card,58.67,1.0,0.5,14.67,0.0,2.75,77.59,4.4,5,Monday,2024-04-15,2024-04
trip_0002422,2,2024-04-22 23:09:00,2024-04-22 23:22:09,2,4.56,90,237,1,Cash,22.12,1.0,0.5,4.42,0.0,2.75,30.79,13.2,23,Monday,2024-04-22,2024-04
trip_0002423,2,2024-04-16 16:08:00,2024-04-16 16:41:52,2,13.75,186,255,1,Cash,57.75,2.5,0.5,8.66,0.0,2.75,72.16,33.9,16,Tuesday,2024-04-16,2024-04
trip_0002424,1,2024-05-13 09:16:00,2024-05-13 09:27:20,4,12.33,132,163,2,Credit Card,42.58,1.0,0.5,6.39,6.55,2.75,59.77,11.3,9,Monday,2024-05-13,2024-05
trip_0002425,1,2024-02-07 23:07:00,2024-02-07 23:28:37,1,8.08,143,43,1,Credit Card,36.03,1.0,0.5,5.4,0.0,2.75,45.68,21.6,23,Wednesday,2024-02-07,2024-02
trip_0002426,2,2024-06-25 07:37:00,2024-06-25 08:02:20,1,8.06,145,249,1,Cash,37.84,1.0,0.5,9.46,0.0,2.75,51.55,25.3,7,Tuesday,2024-06-25,2024-06
trip_0002427,2,2024-01-23 13:10:00,2024-01-23 13:22:46,2,4.25,18,234,1,Credit Card,21.08,1.0,0.5,4.22,0.0,2.75,29.55,12.8,13,Tuesday,2024-01-23,2024-01
trip_0002428,1,2024-03-24 07:02:00,2024-03-24 07:23:22,1,5.91,161,107,1,Cash,29.94,1.0,0.5,5.99,0.0,2.75,40.18,21.4,7,Sunday,2024-03-24,2024-03
trip_0002429,2,2024-05-12 07:10:00,2024-05-12 07:31:29,2,9.11,90,50,1,Credit Card,38.8,1.0,0.5,5.82,0.0,2.75,48.87,21.5,7,Sunday,2024-05-12,2024-05
trip_0002430,1,2024-02-20 09:30:00,2024-02-20 09:51:27,1,4.87,230,255,1,Credit Card,27.12,1.0,0.5,5.42,0.0,2.75,36.79,21.5,9,Tuesday,2024-02-20,2024-02
trip_0002431,1,2024-02-03 05:14:00,2024-02-03 05:32:38,1,4.48,164,145,1,Credit Card,24.64,1.0,0.5,4.93,0.0,2.75,33.82,18.6,5,Saturday,2024-02-03,2024-02
trip_0002432,1,2024-02-01 13:09:00,2024-02-01 13:16:36,1,1.78,33,186,1,Credit Card,11.7,1.0,0.5,2.92,0.0,2.75,18.87,7.6,13,Thursday,2024-02-01,2024-02
trip_0002433,2,2024-05-17 17:57:00,2024-05-17 18:10:39,1,4.09,163,100,1,Credit Card,21.08,2.5,0.5,3.16,0.0,2.75,29.99,13.7,17,Friday,2024-05-17,2024-05
trip_0002434,1,2024-04-17 03:16:00,2024-04-17 03:38:12,1,5.6,145,68,1,Cash,29.5,1.0,0.5,0.0,0.0,2.75,33.75,22.2,3,Wednesday,2024-04-17,2024-04
trip_0002435,2,2024-04-01 08:20:00,2024-04-01 08:41:55,2,6.87,193,100,1,Credit Card,32.85,1.0,0.5,8.21,0.0,2.75,45.31,21.9,8,Monday,2024-04-01,2024-04
trip_0002436,2,2024-04-04 10:50:00,2024-04-04 11:04:33,1,6.25,107,161,1,Credit Card,27.47,1.0,0.5,5.49,0.0,2.75,37.21,14.6,10,Thursday,2024-04-04,2024-04
trip_0002437,2,2024-04-07 02:44:00,2024-04-07 03:09:52,1,8.72,7,141,1,Credit Card,39.92,1.0,0.5,9.98,0.0,2.75,54.15,25.9,2,Sunday,2024-04-07,2024-04
trip_0002438,2,2024-03-21 18:01:00,2024-03-21 18:14:29,1,4.98,236,7,1,Cash,23.44,2.5,0.5,0.0,0.0,2.75,29.19,13.5,18,Thursday,2024-03-21,2024-03
trip_0002439,1,2024-03-22 20:57:00,2024-03-22 21:14:42,1,4.4,90,7,1,No Charge,23.95,1.0,0.5,4.79,0.0,2.75,32.99,17.7,20,Friday,2024-03-22,2024-03
trip_0002440,2,2024-03-30 23:58:00,2024-03-31 00:10:29,1,3.13,238,145,1,Credit Card,17.85,1.0,0.5,2.68,0.0,2.75,24.78,12.5,23,Saturday,2024-03-30,2024-03
trip_0002441,1,2024-01-05 08:16:00,2024-01-05 08:26:02,1,4.02,256,186,1,Credit Card,19.07,1.0,0.5,3.81,0.0,2.75,27.13,10.0,8,Friday,2024-01-05,2024-01
trip_0002442,1,2024-03-16 04:30:00,2024-03-16 04:49:26,2,4.25,141,237,1,Credit Card,24.41,1.0,0.5,3.66,0.0,2.75,32.32,19.4,4,Saturday,2024-03-16,2024-03
trip_0002443,1,2024-05-19 00:08:00,2024-05-19 00:31:39,1,10.03,170,48,1,Credit Card,42.41,1.0,0.5,6.36,0.0,2.75,53.02,23.7,0,Sunday,2024-05-19,2024-05
trip_0002444,1,2024-04-11 23:26:00,2024-04-12 00:00:05,1,7.45,33,140,1,Credit Card,40.54,1.0,0.5,6.08,0.0,2.75,50.87,34.1,23,Thursday,2024-04-11,2024-04
trip_0002445,2,2024-05-22 03:26:00,2024-05-22 03:41:57,5,5.85,162,230,1,Credit Card,27.07,1.0,0.5,4.06,0.0,2.75,35.38,16.0,3,Wednesday,2024-05-22,2024-05
trip_0002446,2,2024-01-21 19:28:00,2024-01-21 19:46:20,4,5.33,238,140,1,Credit Card,26.82,2.5,0.5,4.02,0.0,2.75,36.59,18.3,19,Sunday,2024-01-21,2024-01
trip_0002447,2,2024-02-02 20:32:00,2024-02-02 20:50:05,1,4.46,7,193,1,Cash,24.31,1.0,0.5,0.0,0.0,2.75,28.56,18.1,20,Friday,2024-02-02,2024-02
trip_0002448,2,2024-03-09 04:03:00,2024-03-09 04:13:50,1,12.91,138,236,2,Credit Card,43.92,1.0,0.5,0.0,6.55,2.75,54.72,10.8,4,Saturday,2024-03-09,2024-03
trip_0002449,2,2024-06-07 08:48:00,2024-06-07 09:05:29,1,19.11,79,132,2,Credit Card,64.3,1.0,0.5,12.86,6.55,2.75,87.96,17.5,8,Friday,2024-06-07,2024-06
trip_0002450,2,2024-06-17 18:16:00,2024-06-17 18:42:31,1,4.86,50,193,1,Cash,29.63,2.5,0.5,0.0,0.0,2.75,35.38,26.5,18,Monday,2024-06-17,2024-06
trip_0002451,1,2024-04-26 23:15:00,2024-04-26 23:57:40,6,17.85,138,1,2,Credit Card,73.42,1.0,0.5,11.01,6.55,2.75,95.23,42.7,23,Friday,2024-04-26,2024-04
trip_0002452,1,2024-05-22 18:31:00,2024-05-22 19:19:18,1,15.17,140,48,1,Credit Card,68.87,2.5,0.5,10.33,0.0,2.75,84.95,48.3,18,Wednesday,2024-05-22,2024-05
trip_0002453,1,2024-04-12 10:12:00,2024-04-12 10:33:43,1,9.74,33,43,1,Cash,40.65,1.0,0.5,6.1,0.0,2.75,51.0,21.7,10,Friday,2024-04-12,2024-04
trip_0002454,2,2024-02-26 15:29:00,2024-02-26 15:39:21,2,3.06,237,256,1,Cash,16.6,1.0,0.5,4.15,0.0,2.75,25.0,10.4,15,Monday,2024-02-26,2024-02
trip_0002455,1,2024-06-11 00:42:00,2024-06-11 00:51:58,1,2.84,239,141,1,Credit Card,15.8,1.0,0.5,2.37,0.0,2.75,22.42,10.0,0,Tuesday,2024-06-11,2024-06
trip_0002456,1,2024-03-11 11:09:00,2024-03-11 11:21:53,1,3.79,18,107,1,Credit Card,19.87,1.0,0.5,4.97,0.0,2.75,29.09,12.9,11,Monday,2024-03-11,2024-03
trip_0002457,1,2024-04-25 08:50:00,2024-04-25 09:09:23,1,7.75,43,186,1,Credit Card,34.01,1.0,0.5,8.5,0.0,2.75,46.76,19.4,8,Thursday,2024-04-25,2024-04
trip_0002458,2,2024-01-20 17:41:00,2024-01-20 18:06:04,5,9.35,256,140,1,Credit Card,41.25,2.5,0.5,6.19,0.0,2.75,53.19,25.1,17,Saturday,2024-01-20,2024-01
trip_0002459,1,2024-05-12 13:46:00,2024-05-12 13:56:45,1,21.3,132,48,2,Credit Card,66.95,1.0,0.5,10.04,6.55,2.75,87.79,10.8,13,Sunday,2024-05-12,2024-05
trip_0002460,2,2024-01-21 08:00:00,2024-01-21 08:34:40,1,12.76,145,186,1,Credit Card,55.43,1.0,0.5,0.0,0.0,2.75,59.68,34.7,8,Sunday,2024-01-21,2024-01
trip_0002461,1,2024-04-25 09:48:00,2024-04-25 10:08:10,1,5.35,239,80,1,Credit Card,27.8,1.0,0.5,5.56,0.0,2.75,37.61,20.2,9,Thursday,2024-04-25,2024-04
trip_0002462,1,2024-01-28 13:31:00,2024-01-28 13:40:57,1,4.05,239,164,1,Credit Card,19.12,1.0,0.5,2.87,0.0,2.75,26.24,10.0,13,Sunday,2024-01-28,2024-01
trip_0002463,1,2024-03-08 11:34:00,2024-03-08 11:42:32,1,2.86,164,164,1,Cash,15.14,1.0,0.5,0.0,0.0,2.75,19.39,8.5,11,Friday,2024-03-08,2024-03
trip_0002464,2,2024-06-06 05:00:00,2024-06-06 05:13:27,5,2.54,161,141,1,No Charge,16.72,1.0,0.5,4.18,0.0,2.75,25.15,13.5,5,Thursday,2024-06-06,2024-06
trip_0002465,2,2024-05-10 02:22:00,2024-05-10 02:38:52,1,6.12,100,143,1,Credit Card,28.27,1.0,0.5,5.65,0.0,2.75,38.17,16.9,2,Friday,2024-05-10,2024-05
trip_0002466,1,2024-05-07 00:53:00,2024-05-07 01:18:24,1,4.91,7,249,1,Credit Card,29.21,1.0,0.5,5.84,0.0,2.75,39.3,25.4,0,Tuesday,2024-05-07,2024-05
trip_0002467,1,2024-03-12 17:11:00,2024-03-12 17:25:08,3,3.95,18,141,1,Credit Card,20.93,2.5,0.5,4.19,0.0,2.75,30.87,14.1,17,Tuesday,2024-03-12,2024-03
trip_0002468,2,2024-01-06 19:54:00,2024-01-06 20:10:18,1,5.01,80,141,1,Credit Card,24.93,2.5,0.5,3.74,0.0,2.75,34.42,16.3,19,Saturday,2024-01-06,2024-01
trip_0002469,2,2024-04-20 07:56:00,2024-04-20 08:10:39,1,4.44,163,236,1,Credit Card,22.54,1.0,0.5,3.38,0.0,2.75,30.17,14.7,7,Saturday,2024-04-20,2024-04
trip_0002470,2,2024-03-25 01:23:00,2024-03-25 01:31:10,2,2.54,90,68,1,Credit Card,14.07,1.0,0.5,2.11,0.0,2.75,20.43,8.2,1,Monday,2024-03-25,2024-03
trip_0002471,2,2024-06-23 14:21:00,2024-06-23 14:35:11,1,4.21,256,239,1,Cash,21.68,1.0,0.5,4.34,0.0,2.75,30.27,14.2,14,Sunday,2024-06-23,2024-06
trip_0002472,1,2024-06-08 13:41:00,2024-06-08 13:48:37,4,1.6,141,239,1,Credit Card,11.22,1.0,0.5,2.24,0.0,2.75,17.71,7.6,13,Saturday,2024-06-08,2024-06
trip_0002473,2,2024-03-16 19:33:00,2024-03-16 19:47:21,1,4.09,163,239,1,Credit Card,21.43,2.5,0.5,4.29,0.0,2.75,31.47,14.4,19,Saturday,2024-03-16,2024-03
trip_0002474,2,2024-02-22 17:27:00,2024-02-22 17:55:27,1,5.81,145,107,1,No Charge,33.21,2.5,0.5,4.98,0.0,2.75,43.94,28.5,17,Thursday,2024-02-22,2024-02
trip_0002475,1,2024-03-08 10:28:00,2024-03-08 10:44:41,1,3.61,100,141,1,Credit Card,21.27,1.0,0.5,0.0,0.0,2.75,25.52,16.7,10,Friday,2024-03-08,2024-03
trip_0002476,1,2024-06-08 12:27:00,2024-06-08 12:45:00,1,3.33,7,231,1,Credit Card,21.17,1.0,0.5,3.18,0.0,2.75,28.6,18.0,12,Saturday,2024-06-08,2024-06
trip_0002477,1,2024-06-24 06:18:00,2024-06-24 06:26:36,2,1.88,163,145,1,Cash,12.47,1.0,0.5,1.87,0.0,2.75,18.59,8.6,6,Monday,2024-06-24,2024-06
trip_0002478,2,2024-06-04 14:29:00,2024-06-04 14:38:25,1,2.66,90,163,1,Cash,15.03,1.0,0.5,3.01,0.0,2.75,22.29,9.4,14,Tuesday,2024-06-04,2024-06
trip_0002479,1,2024-06-20 01:03:00,2024-06-20 01:11:49,2,3.58,7,237,1,Credit Card,17.26,1.0,0.5,2.59,0.0,2.75,24.1,8.8,1,Thursday,2024-06-20,2024-06
trip_0002480,1,2024-03-07 17:27:00,2024-03-07 17:44:17,1,15.37,138,256,2,Credit Card,53.92,2.5,0.5,10.78,6.55,2.75,77.0,17.3,17,Thursday,2024-03-07,2024-03
trip_0002481,2,2024-01-30 11:04:00,2024-01-30 11:15:38,1,19.27,132,143,2,No Charge,61.81,1.0,0.5,12.36,6.55,2.75,84.97,11.6,11,Tuesday,2024-01-30,2024-01
trip_0002482,1,2024-04-29 03:14:00,2024-04-29 03:26:40,3,2.36,90,90,1,Credit Card,15.82,1.0,0.5,3.16,0.0,2.75,23.23,12.7,3,Monday,2024-04-29,2024-04
trip_0002483,1,2024-04-17 21:11:00,2024-04-17 21:15:16,1,17.32,1,79,1,Credit Card,52.77,1.0,0.5,13.19,0.0,2.75,70.21,4.3,21,Wednesday,2024-04-17,2024-04
trip_0002484,1,2024-05-04 22:01:00,2024-05-04 22:23:34,1,4.36,163,141,1,Credit Card,26.28,1.0,0.5,5.26,0.0,2.75,35.79,22.6,22,Saturday,2024-05-04,2024-05
trip_0002485,1,2024-06-08 21:50:00,2024-06-08 22:03:44,1,18.0,141,138,2,Credit Card,59.37,1.0,0.5,0.0,6.55,2.75,70.17,13.7,21,Saturday,2024-06-08,2024-06
trip_0002486,1,2024-04-10 19:14:00,2024-04-10 19:40:12,1,4.87,68,238,1,Credit Card,29.49,2.5,0.5,5.9,0.0,2.75,41.14,26.2,19,Wednesday,2024-04-10,2024-04
trip_0002487,1,2024-04-22 11:20:00,2024-04-22 11:39:51,1,3.76,140,43,1,No Charge,23.27,1.0,0.5,3.49,0.0,2.75,31.01,19.9,11,Monday,2024-04-22,2024-04
trip_0002488,2,2024-04-12 11:29:00,2024-04-12 11:36:41,2,3.21,162,18,1,Credit Card,15.68,1.0,0.5,2.35,0.0,2.75,22.28,7.7,11,Friday,2024-04-12,2024-04
trip_0002489,2,2024-06-23 08:51:00,2024-06-23 09:27:56,1,14.64,193,142,1,Credit Card,61.73,1.0,0.5,12.35,0.0,2.75,78.33,36.9,8,Sunday,2024-06-23,2024-06
trip_0002490,1,2024-01-07 12:44:00,2024-01-07 13:09:35,1,4.88,230,50,1,Credit Card,29.22,1.0,0.5,0.0,0.0,2.75,33.47,25.6,12,Sunday,2024-01-07,2024-01
trip_0002491,2,2024-06-09 20:32:00,2024-06-09 20:49:23,1,5.39,80,61,1,Credit Card,26.52,1.0,0.5,6.63,0.0,2.75,37.4,17.4,20,Sunday,2024-06-09,2024-06
trip_0002492,2,2024-02-02 16:27:00,2024-02-02 16:34:16,1,3.12,68,234,1,Credit Card,15.21,2.5,0.5,3.04,0.0,2.75,24.0,7.3,16,Friday,2024-02-02,2024-02
trip_0002493,2,2024-02-12 19:13:00,2024-02-12 19:28:55,3,6.24,142,107,1,Credit Card,28.12,2.5,0.5,5.62,0.0,2.75,39.49,15.9,19,Monday,2024-02-12,2024-02
trip_0002494,1,2024-04-02 18:59:00,2024-04-02 19:14:53,1,3.42,141,163,1,Cash,20.35,2.5,0.5,5.09,0.0,2.75,31.19,15.9,18,Tuesday,2024-04-02,2024-04
trip_0002495,1,2024-02-09 20:08:00,2024-02-09 20:16:44,1,11.28,48,132,2,Credit Card,38.39,1.0,0.5,9.6,6.55,2.75,58.79,8.7,20,Friday,2024-02-09,2024-02
trip_0002496,2,2024-03-16 02:34:00,2024-03-16 03:01:11,1,6.21,100,100,1,Credit Card,33.67,1.0,0.5,0.0,0.0,2.75,37.92,27.2,2,Saturday,2024-03-16,2024-03
trip_0002497,1,2024-06-18 07:29:00,2024-06-18 07:42:28,3,5.71,163,80,1,Credit Card,25.44,1.0,0.5,0.0,0.0,2.75,29.69,13.5,7,Tuesday,2024-06-18,2024-06
trip_0002498,2,2024-05-19 23:15:00,2024-05-19 23:25:43,1,2.28,162,61,1,Credit Card,14.63,1.0,0.5,2.19,0.0,2.75,21.07,10.7,23,Sunday,2024-05-19,2024-05
trip_0002499,2,2024-04-08 22:05:00,2024-04-08 22:14:05,1,15.01,161,1,1,Cash,48.83,1.0,0.5,7.32,0.0,2.75,60.4,9.1,22,Monday,2024-04-08,2024-04
trip_0002500,1,2024-02-20 11:45:00,2024-02-20 12:07:29,1,7.09,90,48,1,Credit Card,33.74,1.0,0.5,5.06,0.0,2.75,43.05,22.5,11,Tuesday,2024-02-20,2024-02
