case_number,incident_date,primary_type,crime_category,description,location_description,arrest,domestic,district,ward,community_area,fbi_code,year,month,day_of_week,hour_of_day,year_month
JB000001,2023-07-28 14:56:00,DECEPTIVE PRACTICE,Financial/Cyber,REPORTED DECEPTIVE PRACTICE INCIDENT,PARKING LOT / GARAGE,0,0,3,33,75,26,2023,7,Friday,14,2023-07
JB000002,2023-12-12 08:41:00,BATTERY,Violent,REPORTED BATTERY INCIDENT,SMALL RETAIL STORE,0,1,3,21,59,03,2023,12,Tuesday,8,2023-12
JB000003,2022-05-06 14:52:00,BURGLARY,Property,REPORTED BURGLARY INCIDENT,RESIDENCE,0,0,20,39,63,26,2022,5,Friday,14,2022-05
JB000004,2023-03-15 17:00:00,BATTERY,Violent,REPORTED BATTERY INCIDENT,COMMERCIAL / BUSINESS OFFICE,0,0,18,22,18,07,2023,3,Wednesday,17,2023-03
JB000005,2022-04-29 11:23:00,THEFT,Property,REPORTED THEFT INCIDENT,RESTAURANT,0,0,10,25,51,03,2022,4,Friday,11,2022-04
JB000006,2022-06-18 08:36:00,NARCOTICS,Public Order,REPORTED NARCOTICS INCIDENT,APARTMENT,1,0,14,3,1,26,2022,6,Saturday,8,2022-06
JB000007,2023-04-10 02:42:00,CRIMINAL DAMAGE,Property,REPORTED CRIMINAL DAMAGE INCIDENT,APARTMENT,0,0,4,27,22,26,2023,4,Monday,2,2023-04
JB000008,2023-02-04 19:23:00,THEFT,Property,REPORTED THEFT INCIDENT,PARKING LOT / GARAGE,0,0,4,41,35,07,2023,2,Saturday,19,2023-02
JB000009,2022-10-02 03:13:00,CRIMINAL DAMAGE,Property,REPORTED CRIMINAL DAMAGE INCIDENT,STREET,0,0,2,4,72,18,2022,10,Sunday,3,2022-10
JB000010,2023-08-27 20:28:00,ROBBERY,Violent,REPORTED ROBBERY INCIDENT,SIDEWALK,0,0,2,23,7,18,2023,8,Sunday,20,2023-08
JB000011,2023-10-26 20:59:00,MOTOR VEHICLE THEFT,Property,REPORTED MOTOR VEHICLE THEFT INCIDENT,GROCERY FOOD STORE,0,0,19,48,30,05,2023,10,Thursday,20,2023-10
JB000012,2023-08-18 19:09:00,BATTERY,Violent,REPORTED BATTERY INCIDENT,STREET,0,0,7,6,7,14,2023,8,Friday,19,2023-08
JB000013,2022-01-18 18:54:00,BATTERY,Violent,REPORTED BATTERY INCIDENT,STREET,0,1,6,42,47,06,2022,1,Tuesday,18,2022-01
JB000014,2022-11-28 15:23:00,OTHER OFFENSE,Other,REPORTED OTHER OFFENSE INCIDENT,RESTAURANT,0,0,2,45,36,11,2022,11,Monday,15,2022-11
JB000015,2023-06-03 00:34:00,DECEPTIVE PRACTICE,Financial/Cyber,REPORTED DECEPTIVE PRACTICE INCIDENT,SIDEWALK,0,0,7,28,28,08B,2023,6,Saturday,0,2023-06
JB000016,2023-10-08 06:01:00,ASSAULT,Violent,REPORTED ASSAULT INCIDENT,RESIDENCE,0,0,24,9,51,26,2023,10,Sunday,6,2023-10
JB000017,2023-05-25 10:18:00,OTHER OFFENSE,Other,REPORTED OTHER OFFENSE INCIDENT,RESIDENCE,0,0,25,27,53,08A,2023,5,Thursday,10,2023-05
JB000018,2022-08-29 15:52:00,OTHER OFFENSE,Other,REPORTED OTHER OFFENSE INCIDENT,STREET,0,0,24,13,7,26,2022,8,Monday,15,2022-08
JB000019,2023-07-04 03:44:00,THEFT,Property,REPORTED THEFT INCIDENT,PARKING LOT / GARAGE,0,0,8,26,27,11,2023,7,Tuesday,3,2023-07
JB000020,2022-08-24 21:04:00,OTHER OFFENSE,Other,REPORTED OTHER OFFENSE INCIDENT,COMMERCIAL / BUSINESS OFFICE,0,0,2,18,30,18,2022,8,Wednesday,21,2022-08
JB000021,2023-08-14 00:29:00,BATTERY,Violent,REPORTED BATTERY INCIDENT,COMMERCIAL / BUSINESS OFFICE,0,1,19,31,71,06,2023,8,Monday,0,2023-08
JB000022,2023-08-14 08:37:00,CRIMINAL TRESPASS,Property,REPORTED CRIMINAL TRESPASS INCIDENT,STREET,1,0,14,44,11,18,2023,8,Monday,8,2023-08
JB000023,2023-11-25 20:18:00,BURGLARY,Property,REPORTED BURGLARY INCIDENT,STREET,0,0,17,16,39,11,2023,11,Saturday,20,2023-11
JB000024,2023-12-24 06:36:00,OTHER OFFENSE,Other,REPORTED OTHER OFFENSE INCIDENT,SMALL RETAIL STORE,0,0,2,20,6,26,2023,12,Sunday,6,2023-12
JB000025,2022-09-17 12:12:00,BATTERY,Violent,REPORTED BATTERY INCIDENT,RESIDENCE,1,0,17,10,43,05,2022,9,Saturday,12,2022-09
JB000026,2023-04-27 19:34:00,BATTERY,Violent,REPORTED BATTERY INCIDENT,PARKING LOT / GARAGE,0,0,6,49,32,08A,2023,4,Thursday,19,2023-04
JB000027,2022-10-24 11:52:00,THEFT,Property,REPORTED THEFT INCIDENT,RESIDENCE,0,0,5,19,58,14,2022,10,Monday,11,2022-10
JB000028,2023-09-03 15:29:00,THEFT,Property,REPORTED THEFT INCIDENT,APARTMENT,0,0,14,8,10,03,2023,9,Sunday,15,2023-09
JB000029,2022-08-16 13:20:00,ROBBERY,Violent,REPORTED ROBBERY INCIDENT,STREET,0,0,19,28,26,08A,2022,8,Tuesday,13,2022-08
JB000030,2022-09-17 04:23:00,THEFT,Property,REPORTED THEFT INCIDENT,SMALL RETAIL STORE,0,0,5,31,64,11,2022,9,Saturday,4,2022-09
JB000031,2022-01-25 06:51:00,OTHER OFFENSE,Other,REPORTED OTHER OFFENSE INCIDENT,APARTMENT,0,0,14,38,13,03,2022,1,Tuesday,6,2022-01
JB000032,2023-09-17 02:58:00,THEFT,Property,REPORTED THEFT INCIDENT,RESTAURANT,0,0,22,25,21,18,2023,9,Sunday,2,2023-09
JB000033,2023-01-20 10:13:00,OTHER OFFENSE,Other,REPORTED OTHER OFFENSE INCIDENT,RESIDENCE,0,0,3,43,13,07,2023,1,Friday,10,2023-01
JB000034,2022-05-31 21:15:00,THEFT,Property,REPORTED THEFT INCIDENT,STREET,0,0,11,11,63,05,2022,5,Tuesday,21,2022-05
JB000035,2022-12-02 11:42:00,CRIMINAL TRESPASS,Property,REPORTED CRIMINAL TRESPASS INCIDENT,SIDEWALK,1,0,14,23,36,14,2022,12,Friday,11,2022-12
JB000036,2023-10-15 08:05:00,ASSAULT,Violent,REPORTED ASSAULT INCIDENT,SIDEWALK,0,1,19,9,67,18,2023,10,Sunday,8,2023-10
JB000037,2022-02-11 22:57:00,MOTOR VEHICLE THEFT,Property,REPORTED MOTOR VEHICLE THEFT INCIDENT,STREET,1,0,6,8,63,06,2022,2,Friday,22,2022-02
JB000038,2022-11-16 23:55:00,THEFT,Property,REPORTED THEFT INCIDENT,RESIDENCE,0,0,12,6,37,11,2022,11,Wednesday,23,2022-11
JB000039,2022-11-08 21:30:00,BATTERY,Violent,REPORTED BATTERY INCIDENT,RESTAURANT,0,1,19,37,13,14,2022,11,Tuesday,21,2022-11
JB000040,2022-06-28 06:10:00,THEFT,Property,REPORTED THEFT INCIDENT,RESIDENCE,0,0,20,24,73,26,2022,6,Tuesday,6,2022-06
JB000041,2023-09-01 12:47:00,CRIMINAL DAMAGE,Property,REPORTED CRIMINAL DAMAGE INCIDENT,SIDEWALK,1,0,3,30,3,08B,2023,9,Friday,12,2023-09
JB000042,2022-11-23 20:03:00,CRIMINAL TRESPASS,Property,REPORTED CRIMINAL TRESPASS INCIDENT,RESIDENCE,1,0,11,31,76,08B,2022,11,Wednesday,20,2022-11
JB000043,2023-10-17 08:58:00,THEFT,Property,REPORTED THEFT INCIDENT,RESIDENCE,0,0,7,30,11,06,2023,10,Tuesday,8,2023-10
JB000044,2023-08-01 13:52:00,BATTERY,Violent,REPORTED BATTERY INCIDENT,GROCERY FOOD STORE,1,0,8,36,62,03,2023,8,Tuesday,13,2023-08
JB000045,2023-10-03 13:21:00,BATTERY,Violent,REPORTED BATTERY INCIDENT,PARKING LOT / GARAGE,0,1,20,8,49,11,2023,10,Tuesday,13,2023-10
JB000046,2023-02-17 07:43:00,NARCOTICS,Public Order,REPORTED NARCOTICS INCIDENT,STREET,1,0,3,9,33,14,2023,2,Friday,7,2023-02
JB000047,2022-01-22 08:17:00,WEAPONS VIOLATION,Public Safety,REPORTED WEAPONS VIOLATION INCIDENT,APARTMENT,1,0,17,8,10,14,2022,1,Saturday,8,2022-01
JB000048,2022-09-27 16:58:00,BATTERY,Violent,REPORTED BATTERY INCIDENT,SIDEWALK,0,0,24,41,35,08B,2022,9,Tuesday,16,2022-09
JB000049,2022-05-10 13:57:00,CRIMINAL DAMAGE,Property,REPORTED CRIMINAL DAMAGE INCIDENT,STREET,0,0,2,47,14,14,2022,5,Tuesday,13,2022-05
JB000050,2023-05-19 15:08:00,OTHER OFFENSE,Other,REPORTED OTHER OFFENSE INCIDENT,STREET,0,0,20,18,72,18,2023,5,Friday,15,2023-05
JB000051,2023-09-30 12:45:00,OTHER OFFENSE,Other,REPORTED OTHER OFFENSE INCIDENT,STREET,1,0,5,41,2,26,2023,9,Saturday,12,2023-09
JB000052,2023-09-05 01:12:00,OTHER OFFENSE,Other,REPORTED OTHER OFFENSE INCIDENT,CTA TRAIN / STATION,0,0,6,10,45,08A,2023,9,Tuesday,1,2023-09
JB000053,2023-07-18 10:04:00,BATTERY,Violent,REPORTED BATTERY INCIDENT,SMALL RETAIL STORE,1,1,2,48,3,03,2023,7,Tuesday,10,2023-07
JB000054,2022-02-23 03:29:00,THEFT,Property,REPORTED THEFT INCIDENT,RESIDENCE,0,0,2,32,27,08A,2022,2,Wednesday,3,2022-02
JB000055,2023-07-08 09:20:00,ASSAULT,Violent,REPORTED ASSAULT INCIDENT,PARKING LOT / GARAGE,0,0,4,38,52,08A,2023,7,Saturday,9,2023-07
JB000056,2023-06-27 18:01:00,DECEPTIVE PRACTICE,Financial/Cyber,REPORTED DECEPTIVE PRACTICE INCIDENT,STREET,0,0,8,28,12,26,2023,6,Tuesday,18,2023-06
JB000057,2022-11-11 09:50:00,CRIMINAL TRESPASS,Property,REPORTED CRIMINAL TRESPASS INCIDENT,STREET,1,0,4,9,53,08B,2022,11,Friday,9,2022-11
JB000058,2022-08-18 14:55:00,THEFT,Property,REPORTED THEFT INCIDENT,SMALL RETAIL STORE,0,0,16,37,58,11,2022,8,Thursday,14,2022-08
JB000059,2022-03-31 03:02:00,ROBBERY,Violent,REPORTED ROBBERY INCIDENT,STREET,0,0,11,29,4,03,2022,3,Thursday,3,2022-03
JB000060,2022-12-15 06:55:00,THEFT,Property,REPORTED THEFT INCIDENT,COMMERCIAL / BUSINESS OFFICE,0,0,19,16,73,08B,2022,12,Thursday,6,2022-12
JB000061,2022-12-18 01:07:00,CRIMINAL DAMAGE,Property,REPORTED CRIMINAL DAMAGE INCIDENT,RESTAURANT,0,0,17,46,34,08B,2022,12,Sunday,1,2022-12
JB000062,2022-12-30 12:38:00,OTHER OFFENSE,Other,REPORTED OTHER OFFENSE INCIDENT,STREET,0,0,7,35,43,07,2022,12,Friday,12,2022-12
JB000063,2023-06-17 04:23:00,THEFT,Property,REPORTED THEFT INCIDENT,APARTMENT,0,0,2,23,5,18,2023,6,Saturday,4,2023-06
JB000064,2022-05-28 02:03:00,BATTERY,Violent,REPORTED BATTERY INCIDENT,STREET,0,0,5,15,34,05,2022,5,Saturday,2,2022-05
JB000065,2023-09-27 09:19:00,CRIMINAL DAMAGE,Property,REPORTED CRIMINAL DAMAGE INCIDENT,SIDEWALK,0,0,25,21,47,18,2023,9,Wednesday,9,2023-09
JB000066,2022-03-16 11:08:00,DECEPTIVE PRACTICE,Financial/Cyber,REPORTED DECEPTIVE PRACTICE INCIDENT,STREET,0,0,18,33,59,08B,2022,3,Wednesday,11,2022-03
JB000067,2023-04-02 10:40:00,CRIMINAL DAMAGE,Property,REPORTED CRIMINAL DAMAGE INCIDENT,APARTMENT,0,0,14,28,4,06,2023,4,Sunday,10,2023-04
JB000068,2023-01-25 22:58:00,THEFT,Property,REPORTED THEFT INCIDENT,STREET,0,0,1,25,17,06,2023,1,Wednesday,22,2023-01
JB000069,2023-01-20 01:57:00,THEFT,Property,REPORTED THEFT INCIDENT,RESIDENCE,0,0,24,14,45,14,2023,1,Friday,1,2023-01
JB000070,2022-02-25 08:19:00,BATTERY,Violent,REPORTED BATTERY INCIDENT,APARTMENT,0,0,16,42,45,07,2022,2,Friday,8,2022-02
JB000071,2023-09-27 15:43:00,THEFT,Property,REPORTED THEFT INCIDENT,STREET,1,0,3,33,27,08B,2023,9,Wednesday,15,2023-09
JB000072,2023-06-26 06:57:00,ROBBERY,Violent,REPORTED ROBBERY INCIDENT,COMMERCIAL / BUSINESS OFFICE,0,0,8,2,56,11,2023,6,Monday,6,2023-06
JB000073,2023-03-01 03:48:00,OTHER OFFENSE,Other,REPORTED OTHER OFFENSE INCIDENT,SIDEWALK,0,0,25,45,40,06,2023,3,Wednesday,3,2023-03
JB000074,2022-10-29 15:14:00,BATTERY,Violent,REPORTED BATTERY INCIDENT,APARTMENT,0,0,25,15,20,08A,2022,10,Saturday,15,2022-10
JB000075,2022-05-15 23:22:00,ASSAULT,Violent,REPORTED ASSAULT INCIDENT,PARKING LOT / GARAGE,0,1,5,9,47,26,2022,5,Sunday,23,2022-05
JB000076,2022-02-16 13:22:00,ASSAULT,Violent,REPORTED ASSAULT INCIDENT,APARTMENT,0,0,17,29,48,14,2022,2,Wednesday,13,2022-02
JB000077,2023-04-05 08:15:00,MOTOR VEHICLE THEFT,Property,REPORTED MOTOR VEHICLE THEFT INCIDENT,RESIDENCE,0,0,1,15,69,06,2023,4,Wednesday,8,2023-04
JB000078,2023-05-20 03:57:00,THEFT,Property,REPORTED THEFT INCIDENT,PARKING LOT / GARAGE,0,0,12,17,72,03,2023,5,Saturday,3,2023-05
JB000079,2022-01-02 12:13:00,WEAPONS VIOLATION,Public Safety,REPORTED WEAPONS VIOLATION INCIDENT,RESTAURANT,1,0,1,8,49,03,2022,1,Sunday,12,2022-01
JB000080,2022-10-22 01:22:00,ROBBERY,Violent,REPORTED ROBBERY INCIDENT,SMALL RETAIL STORE,0,0,25,33,62,08B,2022,10,Saturday,1,2022-10
JB000081,2022-10-09 01:26:00,CRIMINAL TRESPASS,Property,REPORTED CRIMINAL TRESPASS INCIDENT,STREET,0,0,2,27,54,26,2022,10,Sunday,1,2022-10
JB000082,2023-09-25 15:42:00,BATTERY,Violent,REPORTED BATTERY INCIDENT,STREET,0,0,3,1,6,14,2023,9,Monday,15,2023-09
JB000083,2022-01-23 12:09:00,THEFT,Property,REPORTED THEFT INCIDENT,RESIDENCE,0,0,15,43,52,14,2022,1,Sunday,12,2022-01
JB000084,2022-10-05 08:32:00,NARCOTICS,Public Order,REPORTED NARCOTICS INCIDENT,SIDEWALK,1,0,19,13,3,08A,2022,10,Wednesday,8,2022-10
JB000085,2022-02-16 07:01:00,ASSAULT,Violent,REPORTED ASSAULT INCIDENT,STREET,0,0,8,36,62,05,2022,2,Wednesday,7,2022-02
JB000086,2022-12-24 19:53:00,THEFT,Property,REPORTED THEFT INCIDENT,RESTAURANT,0,0,25,27,30,07,2022,12,Saturday,19,2022-12
JB000087,2022-07-05 16:23:00,CRIMINAL DAMAGE,Property,REPORTED CRIMINAL DAMAGE INCIDENT,APARTMENT,0,0,6,44,70,18,2022,7,Tuesday,16,2022-07
JB000088,2022-04-25 06:50:00,BATTERY,Violent,REPORTED BATTERY INCIDENT,APARTMENT,1,1,1,17,26,03,2022,4,Monday,6,2022-04
JB000089,2022-12-03 03:40:00,ASSAULT,Violent,REPORTED ASSAULT INCIDENT,SIDEWALK,0,0,15,32,33,26,2022,12,Saturday,3,2022-12
JB000090,2023-08-18 16:33:00,CRIMINAL DAMAGE,Property,REPORTED CRIMINAL DAMAGE INCIDENT,STREET,0,0,6,3,18,07,2023,8,Friday,16,2023-08
JB000091,2022-03-10 11:03:00,THEFT,Property,REPORTED THEFT INCIDENT,SIDEWALK,0,0,1,37,24,07,2022,3,Thursday,11,2022-03
JB000092,2023-05-01 10:29:00,BATTERY,Violent,REPORTED BATTERY INCIDENT,APARTMENT,0,1,20,17,20,11,2023,5,Monday,10,2023-05
JB000093,2023-07-14 15:41:00,CRIMINAL DAMAGE,Property,REPORTED CRIMINAL DAMAGE INCIDENT,RESIDENCE,0,0,9,42,17,26,2023,7,Friday,15,2023-07
JB000094,2022-05-17 01:19:00,THEFT,Property,REPORTED THEFT INCIDENT,STREET,0,0,3,38,42,08A,2022,5,Tuesday,1,2022-05
JB000095,2022-02-11 14:55:00,CRIMINAL DAMAGE,Property,REPORTED CRIMINAL DAMAGE INCIDENT,SMALL RETAIL STORE,0,0,6,28,66,07,2022,2,Friday,14,2022-02
JB000096,2023-01-20 07:15:00,THEFT,Property,REPORTED THEFT INCIDENT,RESIDENCE,0,0,18,39,6,03,2023,1,Friday,7,2023-01
JB000097,2023-10-03 22:34:00,THEFT,Property,REPORTED THEFT INCIDENT,APARTMENT,0,0,22,5,56,03,2023,10,Tuesday,22,2023-10
JB000098,2023-03-22 23:16:00,BATTERY,Violent,REPORTED BATTERY INCIDENT,STREET,0,0,25,24,43,14,2023,3,Wednesday,23,2023-03
JB000099,2023-03-02 09:17:00,CRIMINAL DAMAGE,Property,REPORTED CRIMINAL DAMAGE INCIDENT,RESTAURANT,0,0,15,11,3,05,2023,3,Thursday,9,2023-03
JB000100,2022-01-11 17:55:00,CRIMINAL DAMAGE,Property,REPORTED CRIMINAL DAMAGE INCIDENT,RESIDENCE,0,0,4,20,11,18,2022,1,Tuesday,17,2022-01
JB000101,2023-08-17 16:10:00,BATTERY,Violent,REPORTED BATTERY INCIDENT,STREET,0,0,1,3,40,07,2023,8,Thursday,16,2023-08
JB000102,2023-04-20 10:09:00,ASSAULT,Violent,REPORTED ASSAULT INCIDENT,APARTMENT,0,0,10,3,44,05,2023,4,Thursday,10,2023-04
JB000103,2022-11-11 08:02:00,CRIMINAL DAMAGE,Property,REPORTED CRIMINAL DAMAGE INCIDENT,GROCERY FOOD STORE,0,0,12,18,71,08B,2022,11,Friday,8,2022-11
JB000104,2022-09-19 22:09:00,DECEPTIVE PRACTICE,Financial/Cyber,REPORTED DECEPTIVE PRACTICE INCIDENT,RESIDENCE,0,0,17,12,38,26,2022,9,Monday,22,2022-09
JB000105,2022-01-01 15:29:00,THEFT,Property,REPORTED THEFT INCIDENT,RESIDENCE,0,0,19,5,72,07,2022,1,Saturday,15,2022-01
JB000106,2022-12-06 04:43:00,BURGLARY,Property,REPORTED BURGLARY INCIDENT,GROCERY FOOD STORE,0,0,12,7,63,18,2022,12,Tuesday,4,2022-12
JB000107,2023-04-06 23:38:00,OTHER OFFENSE,Other,REPORTED OTHER OFFENSE INCIDENT,APARTMENT,1,0,12,2,41,05,2023,4,Thursday,23,2023-04
JB000108,2023-12-20 03:45:00,ROBBERY,Violent,REPORTED ROBBERY INCIDENT,RESIDENCE,1,0,3,18,11,08B,2023,12,Wednesday,3,2023-12
JB000109,2023-09-20 22:58:00,DECEPTIVE PRACTICE,Financial/Cyber,REPORTED DECEPTIVE PRACTICE INCIDENT,RESIDENCE,0,0,16,29,77,05,2023,9,Wednesday,22,2023-09
JB000110,2022-08-10 06:03:00,CRIMINAL DAMAGE,Property,REPORTED CRIMINAL DAMAGE INCIDENT,STREET,0,0,15,29,31,08B,2022,8,Wednesday,6,2022-08
JB000111,2022-02-08 07:53:00,CRIMINAL DAMAGE,Property,REPORTED CRIMINAL DAMAGE INCIDENT,RESIDENCE,0,0,7,17,38,26,2022,2,Tuesday,7,2022-02
JB000112,2023-06-10 11:26:00,ASSAULT,Violent,REPORTED ASSAULT INCIDENT,CTA TRAIN / STATION,0,0,3,23,69,08A,2023,6,Saturday,11,2023-06
JB000113,2022-06-09 05:41:00,THEFT,Property,REPORTED THEFT INCIDENT,GROCERY FOOD STORE,0,0,14,30,7,11,2022,6,Thursday,5,2022-06
JB000114,2023-12-05 10:40:00,BATTERY,Violent,REPORTED BATTERY INCIDENT,SIDEWALK,1,1,17,23,2,26,2023,12,Tuesday,10,2023-12
JB000115,2022-03-24 18:21:00,ROBBERY,Violent,REPORTED ROBBERY INCIDENT,RESIDENCE,1,0,7,8,1,08A,2022,3,Thursday,18,2022-03
JB000116,2022-12-27 20:06:00,ROBBERY,Violent,REPORTED ROBBERY INCIDENT,STREET,0,0,8,10,57,08A,2022,12,Tuesday,20,2022-12
JB000117,2023-10-05 19:23:00,ROBBERY,Violent,REPORTED ROBBERY INCIDENT,RESIDENCE,0,0,16,38,75,11,2023,10,Thursday,19,2023-10
JB000118,2022-01-16 00:37:00,BATTERY,Violent,REPORTED BATTERY INCIDENT,STREET,1,0,17,41,52,18,2022,1,Sunday,0,2022-01
JB000119,2023-07-05 21:00:00,MOTOR VEHICLE THEFT,Property,REPORTED MOTOR VEHICLE THEFT INCIDENT,STREET,0,0,5,5,50,08B,2023,7,Wednesday,21,2023-07
JB000120,2022-12-18 13:25:00,NARCOTICS,Public Order,REPORTED NARCOTICS INCIDENT,STREET,1,0,9,25,61,03,2022,12,Sunday,13,2022-12
JB000121,2022-08-30 23:13:00,THEFT,Property,REPORTED THEFT INCIDENT,SIDEWALK,0,0,24,18,23,14,2022,8,Tuesday,23,2022-08
JB000122,2022-07-08 17:19:00,CRIMINAL DAMAGE,Property,REPORTED CRIMINAL DAMAGE INCIDENT,STREET,0,0,25,16,45,06,2022,7,Friday,17,2022-07
JB000123,2023-12-26 06:22:00,THEFT,Property,REPORTED THEFT INCIDENT,CTA TRAIN / STATION,0,0,3,19,56,11,2023,12,Tuesday,6,2023-12
JB000124,2023-03-09 22:35:00,THEFT,Property,REPORTED THEFT INCIDENT,SIDEWALK,0,0,25,2,4,18,2023,3,Thursday,22,2023-03
JB000125,2023-09-12 20:13:00,THEFT,Property,REPORTED THEFT INCIDENT,APARTMENT,0,0,8,19,76,08B,2023,9,Tuesday,20,2023-09
JB000126,2022-12-30 09:46:00,DECEPTIVE PRACTICE,Financial/Cyber,REPORTED DECEPTIVE PRACTICE INCIDENT,STREET,0,0,6,7,65,11,2022,12,Friday,9,2022-12
JB000127,2022-03-21 14:27:00,OTHER OFFENSE,Other,REPORTED OTHER OFFENSE INCIDENT,SIDEWALK,0,0,10,15,33,06,2022,3,Monday,14,2022-03
JB000128,2023-01-22 11:07:00,BATTERY,Violent,REPORTED BATTERY INCIDENT,STREET,0,0,25,38,30,11,2023,1,Sunday,11,2023-01
JB000129,2023-06-22 01:47:00,DECEPTIVE PRACTICE,Financial/Cyber,REPORTED DECEPTIVE PRACTICE INCIDENT,APARTMENT,0,0,3,27,35,06,2023,6,Thursday,1,2023-06
JB000130,2022-10-26 23:14:00,THEFT,Property,REPORTED THEFT INCIDENT,APARTMENT,0,0,18,46,1,18,2022,10,Wednesday,23,2022-10
JB000131,2023-12-15 06:36:00,THEFT,Property,REPORTED THEFT INCIDENT,RESIDENCE,0,0,8,21,21,07,2023,12,Friday,6,2023-12
JB000132,2022-08-24 00:53:00,ASSAULT,Violent,REPORTED ASSAULT INCIDENT,APARTMENT,0,0,8,10,26,26,2022,8,Wednesday,0,2022-08
JB000133,2023-03-07 15:16:00,CRIMINAL TRESPASS,Property,REPORTED CRIMINAL TRESPASS INCIDENT,GROCERY FOOD STORE,1,0,6,32,16,11,2023,3,Tuesday,15,2023-03
JB000134,2022-06-04 15:01:00,THEFT,Property,REPORTED THEFT INCIDENT,CTA TRAIN / STATION,0,0,16,46,7,18,2022,6,Saturday,15,2022-06
JB000135,2023-08-02 18:59:00,DECEPTIVE PRACTICE,Financial/Cyber,REPORTED DECEPTIVE PRACTICE INCIDENT,SMALL RETAIL STORE,0,0,18,3,25,08A,2023,8,Wednesday,18,2023-08
JB000136,2023-07-02 00:51:00,MOTOR VEHICLE THEFT,Property,REPORTED MOTOR VEHICLE THEFT INCIDENT,RESIDENCE,0,0,22,32,38,05,2023,7,Sunday,0,2023-07
JB000137,2023-07-24 21:01:00,DECEPTIVE PRACTICE,Financial/Cyber,REPORTED DECEPTIVE PRACTICE INCIDENT,CTA TRAIN / STATION,0,0,9,32,36,14,2023,7,Monday,21,2023-07
JB000138,2022-01-30 17:06:00,THEFT,Property,REPORTED THEFT INCIDENT,RESIDENCE,1,0,12,15,59,18,2022,1,Sunday,17,2022-01
JB000139,2023-05-06 04:39:00,THEFT,Property,REPORTED THEFT INCIDENT,APARTMENT,0,0,14,12,60,07,2023,5,Saturday,4,2023-05
JB000140,2022-06-11 03:29:00,BATTERY,Violent,REPORTED BATTERY INCIDENT,APARTMENT,0,0,14,49,57,03,2022,6,Saturday,3,2022-06
JB000141,2023-10-12 08:30:00,BATTERY,Violent,REPORTED BATTERY INCIDENT,SMALL RETAIL STORE,0,1,11,7,39,05,2023,10,Thursday,8,2023-10
JB000142,2023-09-28 22:44:00,BATTERY,Violent,REPORTED BATTERY INCIDENT,STREET,0,0,8,7,29,06,2023,9,Thursday,22,2023-09
JB000143,2023-07-04 13:48:00,CRIMINAL DAMAGE,Property,REPORTED CRIMINAL DAMAGE INCIDENT,STREET,0,0,17,38,58,18,2023,7,Tuesday,13,2023-07
JB000144,2022-03-03 21:48:00,CRIMINAL TRESPASS,Property,REPORTED CRIMINAL TRESPASS INCIDENT,RESTAURANT,0,0,24,14,12,26,2022,3,Thursday,21,2022-03
JB000145,2022-03-02 23:55:00,CRIMINAL DAMAGE,Property,REPORTED CRIMINAL DAMAGE INCIDENT,SIDEWALK,0,0,16,15,53,14,2022,3,Wednesday,23,2022-03
JB000146,2023-11-27 19:29:00,CRIMINAL DAMAGE,Property,REPORTED CRIMINAL DAMAGE INCIDENT,GROCERY FOOD STORE,0,0,8,49,31,08A,2023,11,Monday,19,2023-11
JB000147,2022-08-25 00:30:00,ASSAULT,Violent,REPORTED ASSAULT INCIDENT,STREET,0,1,17,20,22,03,2022,8,Thursday,0,2022-08
JB000148,2022-10-13 07:32:00,CRIMINAL TRESPASS,Property,REPORTED CRIMINAL TRESPASS INCIDENT,CTA TRAIN / STATION,1,0,9,29,63,03,2022,10,Thursday,7,2022-10
JB000149,2023-06-02 20:16:00,DECEPTIVE PRACTICE,Financial/Cyber,REPORTED DECEPTIVE PRACTICE INCIDENT,APARTMENT,1,0,5,10,60,07,2023,6,Friday,20,2023-06
JB000150,2023-11-05 19:54:00,BATTERY,Violent,REPORTED BATTERY INCIDENT,STREET,0,0,14,13,19,06,2023,11,Sunday,19,2023-11
JB000151,2022-12-21 23:05:00,BATTERY,Violent,REPORTED BATTERY INCIDENT,APARTMENT,1,0,24,37,39,05,2022,12,Wednesday,23,2022-12
JB000152,2022-04-29 15:57:00,CRIMINAL TRESPASS,Property,REPORTED CRIMINAL TRESPASS INCIDENT,STREET,1,0,9,48,37,08A,2022,4,Friday,15,2022-04
JB000153,2023-12-24 03:54:00,THEFT,Property,REPORTED THEFT INCIDENT,RESIDENCE,0,0,11,47,55,08B,2023,12,Sunday,3,2023-12
JB000154,2022-11-07 23:47:00,BURGLARY,Property,REPORTED BURGLARY INCIDENT,RESIDENCE,0,0,22,1,9,18,2022,11,Monday,23,2022-11
JB000155,2022-05-30 22:11:00,ASSAULT,Violent,REPORTED ASSAULT INCIDENT,RESIDENCE,0,0,17,41,18,06,2022,5,Monday,22,2022-05
JB000156,2023-03-13 01:10:00,BATTERY,Violent,REPORTED BATTERY INCIDENT,APARTMENT,0,1,8,6,59,26,2023,3,Monday,1,2023-03
JB000157,2023-11-29 02:50:00,THEFT,Property,REPORTED THEFT INCIDENT,STREET,0,0,9,42,2,06,2023,11,Wednesday,2,2023-11
JB000158,2022-04-26 09:11:00,ASSAULT,Violent,REPORTED ASSAULT INCIDENT,PARKING LOT / GARAGE,0,0,7,22,62,11,2022,4,Tuesday,9,2022-04
JB000159,2022-03-12 16:53:00,MOTOR VEHICLE THEFT,Property,REPORTED MOTOR VEHICLE THEFT INCIDENT,CTA TRAIN / STATION,1,0,7,7,50,08B,2022,3,Saturday,16,2022-03
JB000160,2023-09-19 19:55:00,THEFT,Property,REPORTED THEFT INCIDENT,RESIDENCE,0,0,20,14,13,14,2023,9,Tuesday,19,2023-09
JB000161,2023-12-16 21:30:00,DECEPTIVE PRACTICE,Financial/Cyber,REPORTED DECEPTIVE PRACTICE INCIDENT,APARTMENT,0,0,5,15,62,05,2023,12,Saturday,21,2023-12
JB000162,2023-09-28 12:57:00,OTHER OFFENSE,Other,REPORTED OTHER OFFENSE INCIDENT,STREET,0,0,12,32,60,07,2023,9,Thursday,12,2023-09
JB000163,2022-06-30 01:10:00,CRIMINAL DAMAGE,Property,REPORTED CRIMINAL DAMAGE INCIDENT,RESIDENCE,0,0,24,2,18,11,2022,6,Thursday,1,2022-06
JB000164,2023-11-04 21:17:00,BATTERY,Violent,REPORTED BATTERY INCIDENT,APARTMENT,0,0,22,28,45,06,2023,11,Saturday,21,2023-11
JB000165,2022-03-25 22:18:00,THEFT,Property,REPORTED THEFT INCIDENT,CTA TRAIN / STATION,0,0,19,6,77,11,2022,3,Friday,22,2022-03
JB000166,2022-01-14 05:15:00,CRIMINAL DAMAGE,Property,REPORTED CRIMINAL DAMAGE INCIDENT,STREET,0,0,24,39,48,07,2022,1,Friday,5,2022-01
JB000167,2023-01-19 00:36:00,BATTERY,Violent,REPORTED BATTERY INCIDENT,PARKING LOT / GARAGE,0,0,3,35,73,05,2023,1,Thursday,0,2023-01
JB000168,2023-07-02 11:51:00,MOTOR VEHICLE THEFT,Property,REPORTED MOTOR VEHICLE THEFT INCIDENT,APARTMENT,0,0,16,18,48,03,2023,7,Sunday,11,2023-07
JB000169,2023-11-21 00:06:00,ASSAULT,Violent,REPORTED ASSAULT INCIDENT,SMALL RETAIL STORE,0,0,11,5,47,14,2023,11,Tuesday,0,2023-11
JB000170,2023-07-23 13:19:00,CRIMINAL DAMAGE,Property,REPORTED CRIMINAL DAMAGE INCIDENT,SIDEWALK,0,0,8,43,18,06,2023,7,Sunday,13,2023-07
JB000171,2023-05-05 22:11:00,NARCOTICS,Public Order,REPORTED NARCOTICS INCIDENT,PARKING LOT / GARAGE,1,0,14,24,38,07,2023,5,Friday,22,2023-05
JB000172,2022-05-12 03:07:00,DECEPTIVE PRACTICE,Financial/Cyber,REPORTED DECEPTIVE PRACTICE INCIDENT,STREET,0,0,15,10,62,05,2022,5,Thursday,3,2022-05
JB000173,2023-09-26 17:16:00,ASSAULT,Violent,REPORTED ASSAULT INCIDENT,RESIDENCE,0,0,9,28,15,26,2023,9,Tuesday,17,2023-09
JB000174,2022-12-01 06:55:00,CRIMINAL DAMAGE,Property,REPORTED CRIMINAL DAMAGE INCIDENT,SMALL RETAIL STORE,0,0,8,43,11,11,2022,12,Thursday,6,2022-12
JB000175,2022-12-19 02:53:00,ASSAULT,Violent,REPORTED ASSAULT INCIDENT,APARTMENT,0,0,14,44,60,14,2022,12,Monday,2,2022-12
JB000176,2022-03-03 23:23:00,ASSAULT,Violent,REPORTED ASSAULT INCIDENT,RESIDENCE,0,1,1,12,59,18,2022,3,Thursday,23,2022-03
JB000177,2022-11-14 20:13:00,DECEPTIVE PRACTICE,Financial/Cyber,REPORTED DECEPTIVE PRACTICE INCIDENT,RESIDENCE,0,0,20,46,76,08B,2022,11,Monday,20,2022-11
JB000178,2022-07-15 13:34:00,NARCOTICS,Public Order,REPORTED NARCOTICS INCIDENT,SMALL RETAIL STORE,1,0,24,42,60,18,2022,7,Friday,13,2022-07
JB000179,2022-11-20 02:22:00,OTHER OFFENSE,Other,REPORTED OTHER OFFENSE INCIDENT,STREET,1,0,6,6,77,11,2022,11,Sunday,2,2022-11
JB000180,2023-03-30 18:24:00,THEFT,Property,REPORTED THEFT INCIDENT,PARKING LOT / GARAGE,0,0,2,10,31,18,2023,3,Thursday,18,2023-03
JB000181,2022-08-28 02:40:00,CRIMINAL DAMAGE,Property,REPORTED CRIMINAL DAMAGE INCIDENT,RESIDENCE,0,0,8,50,7,11,2022,8,Sunday,2,2022-08
JB000182,2022-04-09 07:41:00,THEFT,Property,REPORTED THEFT INCIDENT,RESIDENCE,0,0,8,33,42,06,2022,4,Saturday,7,2022-04
JB000183,2022-06-28 05:34:00,THEFT,Property,REPORTED THEFT INCIDENT,GROCERY FOOD STORE,0,0,2,33,71,07,2022,6,Tuesday,5,2022-06
JB000184,2023-10-07 18:26:00,ROBBERY,Violent,REPORTED ROBBERY INCIDENT,PARKING LOT / GARAGE,0,0,18,46,29,08A,2023,10,Saturday,18,2023-10
JB000185,2022-01-25 21:52:00,BATTERY,Violent,REPORTED BATTERY INCIDENT,SMALL RETAIL STORE,0,0,18,45,35,08A,2022,1,Tuesday,21,2022-01
JB000186,2023-05-05 00:02:00,BATTERY,Violent,REPORTED BATTERY INCIDENT,RESIDENCE,0,1,12,34,40,11,2023,5,Friday,0,2023-05
JB000187,2022-12-25 15:25:00,CRIMINAL DAMAGE,Property,REPORTED CRIMINAL DAMAGE INCIDENT,GROCERY FOOD STORE,0,0,11,41,60,08B,2022,12,Sunday,15,2022-12
JB000188,2023-01-16 23:45:00,DECEPTIVE PRACTICE,Financial/Cyber,REPORTED DECEPTIVE PRACTICE INCIDENT,COMMERCIAL / BUSINESS OFFICE,0,0,10,50,49,08A,2023,1,Monday,23,2023-01
JB000189,2022-05-11 01:26:00,DECEPTIVE PRACTICE,Financial/Cyber,REPORTED DECEPTIVE PRACTICE INCIDENT,GROCERY FOOD STORE,0,0,15,11,36,05,2022,5,Wednesday,1,2022-05
JB000190,2023-04-28 01:51:00,BURGLARY,Property,REPORTED BURGLARY INCIDENT,RESIDENCE,0,0,19,50,36,14,2023,4,Friday,1,2023-04
JB000191,2022-01-02 14:44:00,WEAPONS VIOLATION,Public Safety,REPORTED WEAPONS VIOLATION INCIDENT,STREET,1,0,19,6,65,08B,2022,1,Sunday,14,2022-01
JB000192,2023-05-14 18:16:00,CRIMINAL TRESPASS,Property,REPORTED CRIMINAL TRESPASS INCIDENT,SMALL RETAIL STORE,1,0,9,4,47,18,2023,5,Sunday,18,2023-05
JB000193,2023-01-01 23:05:00,BURGLARY,Property,REPORTED BURGLARY INCIDENT,RESTAURANT,0,0,12,6,18,03,2023,1,Sunday,23,2023-01
JB000194,2022-06-04 08:39:00,WEAPONS VIOLATION,Public Safety,REPORTED WEAPONS VIOLATION INCIDENT,STREET,0,0,25,44,67,05,2022,6,Saturday,8,2022-06
JB000195,2022-08-24 22:25:00,BATTERY,Violent,REPORTED BATTERY INCIDENT,GROCERY FOOD STORE,0,0,9,19,8,14,2022,8,Wednesday,22,2022-08
JB000196,2022-04-01 01:49:00,MOTOR VEHICLE THEFT,Property,REPORTED MOTOR VEHICLE THEFT INCIDENT,SMALL RETAIL STORE,0,0,17,49,77,05,2022,4,Friday,1,2022-04
JB000197,2022-06-10 00:47:00,BATTERY,Violent,REPORTED BATTERY INCIDENT,RESIDENCE,0,0,15,32,42,08A,2022,6,Friday,0,2022-06
JB000198,2022-06-23 16:40:00,ASSAULT,Violent,REPORTED ASSAULT INCIDENT,APARTMENT,0,0,5,46,61,08B,2022,6,Thursday,16,2022-06
JB000199,2023-04-04 20:10:00,OTHER OFFENSE,Other,REPORTED OTHER OFFENSE INCIDENT,RESIDENCE,1,0,8,8,7,06,2023,4,Tuesday,20,2023-04
JB000200,2022-03-31 04:18:00,THEFT,Property,REPORTED THEFT INCIDENT,SIDEWALK,0,0,22,31,76,06,2022,3,Thursday,4,2022-03
JB000201,2023-04-05 06:46:00,NARCOTICS,Public Order,REPORTED NARCOTICS INCIDENT,STREET,1,0,8,29,2,03,2023,4,Wednesday,6,2023-04
JB000202,2022-01-03 17:08:00,THEFT,Property,REPORTED THEFT INCIDENT,PARKING LOT / GARAGE,0,0,15,46,1,03,2022,1,Monday,17,2022-01
JB000203,2023-06-08 15:26:00,BATTERY,Violent,REPORTED BATTERY INCIDENT,SIDEWALK,0,0,25,16,4,18,2023,6,Thursday,15,2023-06
JB000204,2023-06-04 18:52:00,BATTERY,Violent,REPORTED BATTERY INCIDENT,STREET,0,0,3,20,59,26,2023,6,Sunday,18,2023-06
JB000205,2022-06-22 13:21:00,CRIMINAL TRESPASS,Property,REPORTED CRIMINAL TRESPASS INCIDENT,PARKING LOT / GARAGE,0,0,11,16,37,26,2022,6,Wednesday,13,2022-06
JB000206,2022-03-18 04:15:00,THEFT,Property,REPORTED THEFT INCIDENT,CTA TRAIN / STATION,0,0,12,3,21,07,2022,3,Friday,4,2022-03
JB000207,2022-12-11 22:49:00,CRIMINAL DAMAGE,Property,REPORTED CRIMINAL DAMAGE INCIDENT,SMALL RETAIL STORE,1,0,12,1,8,06,2022,12,Sunday,22,2022-12
JB000208,2023-08-28 02:08:00,MOTOR VEHICLE THEFT,Property,REPORTED MOTOR VEHICLE THEFT INCIDENT,RESIDENCE,1,0,10,10,13,07,2023,8,Monday,2,2023-08
JB000209,2022-04-03 09:05:00,CRIMINAL DAMAGE,Property,REPORTED CRIMINAL DAMAGE INCIDENT,STREET,0,0,11,8,47,05,2022,4,Sunday,9,2022-04
JB000210,2022-02-16 19:56:00,DECEPTIVE PRACTICE,Financial/Cyber,REPORTED DECEPTIVE PRACTICE INCIDENT,APARTMENT,0,0,24,47,28,06,2022,2,Wednesday,19,2022-02
JB000211,2023-09-02 08:53:00,ASSAULT,Violent,REPORTED ASSAULT INCIDENT,SIDEWALK,0,0,16,12,24,08A,2023,9,Saturday,8,2023-09
JB000212,2023-10-16 10:03:00,WEAPONS VIOLATION,Public Safety,REPORTED WEAPONS VIOLATION INCIDENT,APARTMENT,0,0,19,9,58,18,2023,10,Monday,10,2023-10
JB000213,2023-09-02 09:33:00,THEFT,Property,REPORTED THEFT INCIDENT,STREET,0,0,16,24,51,08B,2023,9,Saturday,9,2023-09
JB000214,2023-10-09 11:10:00,CRIMINAL DAMAGE,Property,REPORTED CRIMINAL DAMAGE INCIDENT,STREET,0,0,3,10,44,06,2023,10,Monday,11,2023-10
JB000215,2023-08-14 18:49:00,ASSAULT,Violent,REPORTED ASSAULT INCIDENT,PARKING LOT / GARAGE,0,0,6,33,50,18,2023,8,Monday,18,2023-08
JB000216,2022-09-19 19:34:00,THEFT,Property,REPORTED THEFT INCIDENT,APARTMENT,0,0,2,29,11,08A,2022,9,Monday,19,2022-09
JB000217,2022-10-06 07:47:00,DECEPTIVE PRACTICE,Financial/Cyber,REPORTED DECEPTIVE PRACTICE INCIDENT,RESTAURANT,0,0,15,5,61,07,2022,10,Thursday,7,2022-10
JB000218,2022-12-23 06:16:00,ASSAULT,Violent,REPORTED ASSAULT INCIDENT,SIDEWALK,0,0,5,50,27,03,2022,12,Friday,6,2022-12
JB000219,2022-09-02 16:13:00,OTHER OFFENSE,Other,REPORTED OTHER OFFENSE INCIDENT,COMMERCIAL / BUSINESS OFFICE,0,0,22,18,74,08B,2022,9,Friday,16,2022-09
JB000220,2023-04-23 18:07:00,THEFT,Property,REPORTED THEFT INCIDENT,APARTMENT,0,0,14,45,50,07,2023,4,Sunday,18,2023-04
JB000221,2022-08-12 13:48:00,BATTERY,Violent,REPORTED BATTERY INCIDENT,RESTAURANT,1,1,18,39,25,08A,2022,8,Friday,13,2022-08
JB000222,2022-05-29 20:34:00,CRIMINAL DAMAGE,Property,REPORTED CRIMINAL DAMAGE INCIDENT,STREET,0,0,5,11,28,06,2022,5,Sunday,20,2022-05
JB000223,2023-10-09 21:11:00,THEFT,Property,REPORTED THEFT INCIDENT,PARKING LOT / GARAGE,0,0,25,48,25,14,2023,10,Monday,21,2023-10
JB000224,2023-02-12 09:04:00,ROBBERY,Violent,REPORTED ROBBERY INCIDENT,STREET,0,0,15,10,5,11,2023,2,Sunday,9,2023-02
JB000225,2023-10-02 20:11:00,OTHER OFFENSE,Other,REPORTED OTHER OFFENSE INCIDENT,APARTMENT,0,0,10,19,29,08B,2023,10,Monday,20,2023-10
JB000226,2022-01-16 01:05:00,THEFT,Property,REPORTED THEFT INCIDENT,COMMERCIAL / BUSINESS OFFICE,0,0,7,3,34,05,2022,1,Sunday,1,2022-01
JB000227,2023-04-26 09:38:00,NARCOTICS,Public Order,REPORTED NARCOTICS INCIDENT,PARKING LOT / GARAGE,1,0,11,42,26,06,2023,4,Wednesday,9,2023-04
JB000228,2022-07-20 23:17:00,OTHER OFFENSE,Other,REPORTED OTHER OFFENSE INCIDENT,RESIDENCE,0,0,25,32,43,08B,2022,7,Wednesday,23,2022-07
JB000229,2023-05-31 15:44:00,CRIMINAL DAMAGE,Property,REPORTED CRIMINAL DAMAGE INCIDENT,STREET,1,0,19,42,41,07,2023,5,Wednesday,15,2023-05
JB000230,2023-07-02 11:44:00,MOTOR VEHICLE THEFT,Property,REPORTED MOTOR VEHICLE THEFT INCIDENT,SMALL RETAIL STORE,0,0,8,47,59,18,2023,7,Sunday,11,2023-07
JB000231,2023-02-16 03:50:00,ASSAULT,Violent,REPORTED ASSAULT INCIDENT,COMMERCIAL / BUSINESS OFFICE,0,1,22,33,33,11,2023,2,Thursday,3,2023-02
JB000232,2022-06-20 10:51:00,BURGLARY,Property,REPORTED BURGLARY INCIDENT,APARTMENT,0,0,14,34,61,11,2022,6,Monday,10,2022-06
JB000233,2023-08-29 17:16:00,CRIMINAL DAMAGE,Property,REPORTED CRIMINAL DAMAGE INCIDENT,SIDEWALK,0,0,19,43,3,06,2023,8,Tuesday,17,2023-08
JB000234,2023-07-26 04:43:00,BURGLARY,Property,REPORTED BURGLARY INCIDENT,STREET,0,0,22,37,5,08A,2023,7,Wednesday,4,2023-07
JB000235,2022-09-28 15:44:00,THEFT,Property,REPORTED THEFT INCIDENT,APARTMENT,0,0,18,48,17,05,2022,9,Wednesday,15,2022-09
JB000236,2023-12-14 01:00:00,NARCOTICS,Public Order,REPORTED NARCOTICS INCIDENT,APARTMENT,1,0,15,3,55,06,2023,12,Thursday,1,2023-12
JB000237,2023-02-19 21:06:00,DECEPTIVE PRACTICE,Financial/Cyber,REPORTED DECEPTIVE PRACTICE INCIDENT,STREET,0,0,12,50,75,11,2023,2,Sunday,21,2023-02
JB000238,2022-05-15 15:43:00,ASSAULT,Violent,REPORTED ASSAULT INCIDENT,STREET,1,1,17,17,36,14,2022,5,Sunday,15,2022-05
JB000239,2023-05-28 11:09:00,BATTERY,Violent,REPORTED BATTERY INCIDENT,RESIDENCE,0,0,6,13,23,05,2023,5,Sunday,11,2023-05
JB000240,2022-10-05 19:28:00,BATTERY,Violent,REPORTED BATTERY INCIDENT,PARKING LOT / GARAGE,1,0,2,4,11,14,2022,10,Wednesday,19,2022-10
JB000241,2022-02-23 02:43:00,ASSAULT,Violent,REPORTED ASSAULT INCIDENT,STREET,0,0,20,4,66,03,2022,2,Wednesday,2,2022-02
JB000242,2023-05-08 14:43:00,THEFT,Property,REPORTED THEFT INCIDENT,RESIDENCE,1,0,3,10,44,11,2023,5,Monday,14,2023-05
JB000243,2022-09-22 22:49:00,BATTERY,Violent,REPORTED BATTERY INCIDENT,APARTMENT,0,1,1,16,2,05,2022,9,Thursday,22,2022-09
JB000244,2022-04-03 18:51:00,THEFT,Property,REPORTED THEFT INCIDENT,RESIDENCE,0,0,9,33,25,08A,2022,4,Sunday,18,2022-04
JB000245,2022-05-31 02:28:00,ASSAULT,Violent,REPORTED ASSAULT INCIDENT,CTA TRAIN / STATION,0,0,1,12,54,11,2022,5,Tuesday,2,2022-05
JB000246,2023-12-26 16:52:00,ROBBERY,Violent,REPORTED ROBBERY INCIDENT,RESIDENCE,0,0,9,36,9,03,2023,12,Tuesday,16,2023-12
JB000247,2022-05-18 03:14:00,THEFT,Property,REPORTED THEFT INCIDENT,PARKING LOT / GARAGE,0,0,11,7,46,06,2022,5,Wednesday,3,2022-05
JB000248,2023-07-21 11:48:00,ROBBERY,Violent,REPORTED ROBBERY INCIDENT,SMALL RETAIL STORE,1,0,19,43,22,11,2023,7,Friday,11,2023-07
JB000249,2023-08-22 08:13:00,ASSAULT,Violent,REPORTED ASSAULT INCIDENT,SMALL RETAIL STORE,0,1,15,15,57,07,2023,8,Tuesday,8,2023-08
JB000250,2022-09-02 06:25:00,ASSAULT,Violent,REPORTED ASSAULT INCIDENT,STREET,0,1,2,46,18,26,2022,9,Friday,6,2022-09
JB000251,2023-05-22 12:09:00,ASSAULT,Violent,REPORTED ASSAULT INCIDENT,STREET,0,0,1,8,40,18,2023,5,Monday,12,2023-05
JB000252,2022-10-24 19:20:00,BATTERY,Violent,REPORTED BATTERY INCIDENT,APARTMENT,0,1,16,9,30,05,2022,10,Monday,19,2022-10
JB000253,2023-04-07 09:07:00,DECEPTIVE PRACTICE,Financial/Cyber,REPORTED DECEPTIVE PRACTICE INCIDENT,STREET,0,0,7,33,17,11,2023,4,Friday,9,2023-04
JB000254,2023-11-20 02:42:00,DECEPTIVE PRACTICE,Financial/Cyber,REPORTED DECEPTIVE PRACTICE INCIDENT,RESIDENCE,0,0,5,19,71,07,2023,11,Monday,2,2023-11
JB000255,2023-03-07 05:39:00,DECEPTIVE PRACTICE,Financial/Cyber,REPORTED DECEPTIVE PRACTICE INCIDENT,RESIDENCE,0,0,25,11,68,03,2023,3,Tuesday,5,2023-03
JB000256,2023-06-29 18:15:00,BATTERY,Violent,REPORTED BATTERY INCIDENT,APARTMENT,1,1,3,34,41,11,2023,6,Thursday,18,2023-06
JB000257,2023-08-16 00:09:00,BURGLARY,Property,REPORTED BURGLARY INCIDENT,STREET,0,0,14,15,28,05,2023,8,Wednesday,0,2023-08
JB000258,2022-04-08 15:18:00,CRIMINAL DAMAGE,Property,REPORTED CRIMINAL DAMAGE INCIDENT,RESIDENCE,0,0,18,6,75,18,2022,4,Friday,15,2022-04
JB000259,2023-07-30 08:49:00,THEFT,Property,REPORTED THEFT INCIDENT,APARTMENT,0,0,16,31,5,07,2023,7,Sunday,8,2023-07
JB000260,2022-09-13 09:38:00,DECEPTIVE PRACTICE,Financial/Cyber,REPORTED DECEPTIVE PRACTICE INCIDENT,SMALL RETAIL STORE,0,0,15,1,28,06,2022,9,Tuesday,9,2022-09
JB000261,2023-12-14 08:55:00,DECEPTIVE PRACTICE,Financial/Cyber,REPORTED DECEPTIVE PRACTICE INCIDENT,RESIDENCE,0,0,5,6,77,18,2023,12,Thursday,8,2023-12
JB000262,2022-08-29 19:53:00,BATTERY,Violent,REPORTED BATTERY INCIDENT,RESIDENCE,1,0,1,13,72,08B,2022,8,Monday,19,2022-08
JB000263,2023-12-12 09:29:00,ASSAULT,Violent,REPORTED ASSAULT INCIDENT,RESIDENCE,0,0,20,48,2,08A,2023,12,Tuesday,9,2023-12
JB000264,2022-09-25 02:56:00,THEFT,Property,REPORTED THEFT INCIDENT,STREET,0,0,18,31,50,03,2022,9,Sunday,2,2022-09
JB000265,2023-08-21 12:09:00,BATTERY,Violent,REPORTED BATTERY INCIDENT,STREET,1,1,1,28,43,03,2023,8,Monday,12,2023-08
JB000266,2023-03-30 12:33:00,THEFT,Property,REPORTED THEFT INCIDENT,APARTMENT,0,0,1,50,39,18,2023,3,Thursday,12,2023-03
JB000267,2022-08-04 21:49:00,THEFT,Property,REPORTED THEFT INCIDENT,RESIDENCE,0,0,4,13,75,18,2022,8,Thursday,21,2022-08
JB000268,2023-01-02 10:24:00,OTHER OFFENSE,Other,REPORTED OTHER OFFENSE INCIDENT,APARTMENT,0,0,10,32,10,07,2023,1,Monday,10,2023-01
JB000269,2022-11-26 15:32:00,THEFT,Property,REPORTED THEFT INCIDENT,STREET,0,0,10,50,52,07,2022,11,Saturday,15,2022-11
JB000270,2023-10-16 08:08:00,NARCOTICS,Public Order,REPORTED NARCOTICS INCIDENT,APARTMENT,1,0,6,5,77,05,2023,10,Monday,8,2023-10
JB000271,2022-04-11 05:35:00,NARCOTICS,Public Order,REPORTED NARCOTICS INCIDENT,SMALL RETAIL STORE,1,0,11,18,46,05,2022,4,Monday,5,2022-04
JB000272,2022-02-10 06:45:00,THEFT,Property,REPORTED THEFT INCIDENT,GROCERY FOOD STORE,0,0,14,36,64,08A,2022,2,Thursday,6,2022-02
JB000273,2022-11-30 07:08:00,BURGLARY,Property,REPORTED BURGLARY INCIDENT,RESIDENCE,1,0,4,17,72,05,2022,11,Wednesday,7,2022-11
JB000274,2023-03-19 13:03:00,CRIMINAL DAMAGE,Property,REPORTED CRIMINAL DAMAGE INCIDENT,STREET,0,0,8,37,68,07,2023,3,Sunday,13,2023-03
JB000275,2023-01-28 12:40:00,OTHER OFFENSE,Other,REPORTED OTHER OFFENSE INCIDENT,STREET,0,0,19,35,20,14,2023,1,Saturday,12,2023-01
JB000276,2022-10-02 07:23:00,CRIMINAL DAMAGE,Property,REPORTED CRIMINAL DAMAGE INCIDENT,RESIDENCE,0,0,19,4,46,06,2022,10,Sunday,7,2022-10
JB000277,2022-11-29 21:23:00,THEFT,Property,REPORTED THEFT INCIDENT,RESIDENCE,0,0,15,6,45,06,2022,11,Tuesday,21,2022-11
JB000278,2023-01-25 14:00:00,ROBBERY,Violent,REPORTED ROBBERY INCIDENT,STREET,1,0,6,40,44,11,2023,1,Wednesday,14,2023-01
JB000279,2023-10-09 12:41:00,THEFT,Property,REPORTED THEFT INCIDENT,RESIDENCE,0,0,25,33,30,26,2023,10,Monday,12,2023-10
JB000280,2022-04-01 09:27:00,THEFT,Property,REPORTED THEFT INCIDENT,RESIDENCE,1,0,18,12,72,07,2022,4,Friday,9,2022-04
JB000281,2022-09-28 00:47:00,DECEPTIVE PRACTICE,Financial/Cyber,REPORTED DECEPTIVE PRACTICE INCIDENT,APARTMENT,0,0,25,28,1,08B,2022,9,Wednesday,0,2022-09
JB000282,2022-07-27 12:47:00,NARCOTICS,Public Order,REPORTED NARCOTICS INCIDENT,STREET,1,0,7,5,36,08A,2022,7,Wednesday,12,2022-07
JB000283,2022-06-17 00:55:00,THEFT,Property,REPORTED THEFT INCIDENT,RESIDENCE,0,0,12,3,65,11,2022,6,Friday,0,2022-06
JB000284,2023-08-07 19:47:00,THEFT,Property,REPORTED THEFT INCIDENT,RESIDENCE,0,0,10,15,73,08B,2023,8,Monday,19,2023-08
JB000285,2023-09-11 00:52:00,DECEPTIVE PRACTICE,Financial/Cyber,REPORTED DECEPTIVE PRACTICE INCIDENT,RESIDENCE,0,0,18,44,76,26,2023,9,Monday,0,2023-09
JB000286,2022-08-04 09:44:00,OTHER OFFENSE,Other,REPORTED OTHER OFFENSE INCIDENT,RESIDENCE,0,0,24,23,12,26,2022,8,Thursday,9,2022-08
JB000287,2022-08-12 19:31:00,OTHER OFFENSE,Other,REPORTED OTHER OFFENSE INCIDENT,STREET,0,0,6,10,9,07,2022,8,Friday,19,2022-08
JB000288,2022-10-22 01:16:00,CRIMINAL DAMAGE,Property,REPORTED CRIMINAL DAMAGE INCIDENT,STREET,0,0,17,45,50,07,2022,10,Saturday,1,2022-10
JB000289,2023-10-29 04:48:00,OTHER OFFENSE,Other,REPORTED OTHER OFFENSE INCIDENT,CTA TRAIN / STATION,0,0,3,35,38,18,2023,10,Sunday,4,2023-10
JB000290,2022-03-05 16:32:00,CRIMINAL DAMAGE,Property,REPORTED CRIMINAL DAMAGE INCIDENT,APARTMENT,0,0,25,1,57,06,2022,3,Saturday,16,2022-03
JB000291,2022-03-26 10:45:00,ASSAULT,Violent,REPORTED ASSAULT INCIDENT,STREET,0,1,24,6,72,06,2022,3,Saturday,10,2022-03
JB000292,2023-07-12 22:24:00,THEFT,Property,REPORTED THEFT INCIDENT,RESIDENCE,0,0,9,7,33,08A,2023,7,Wednesday,22,2023-07
JB000293,2022-03-10 02:08:00,BATTERY,Violent,REPORTED BATTERY INCIDENT,RESIDENCE,0,0,4,10,13,14,2022,3,Thursday,2,2022-03
JB000294,2023-12-06 17:41:00,CRIMINAL DAMAGE,Property,REPORTED CRIMINAL DAMAGE INCIDENT,SIDEWALK,0,0,25,48,54,07,2023,12,Wednesday,17,2023-12
JB000295,2022-04-28 19:34:00,CRIMINAL DAMAGE,Property,REPORTED CRIMINAL DAMAGE INCIDENT,APARTMENT,0,0,25,26,13,18,2022,4,Thursday,19,2022-04
JB000296,2022-07-02 00:19:00,THEFT,Property,REPORTED THEFT INCIDENT,APARTMENT,0,0,5,8,1,18,2022,7,Saturday,0,2022-07
JB000297,2022-02-10 04:29:00,MOTOR VEHICLE THEFT,Property,REPORTED MOTOR VEHICLE THEFT INCIDENT,RESIDENCE,0,0,20,2,41,11,2022,2,Thursday,4,2022-02
JB000298,2022-01-26 08:26:00,ASSAULT,Violent,REPORTED ASSAULT INCIDENT,STREET,0,1,10,13,33,26,2022,1,Wednesday,8,2022-01
JB000299,2023-11-12 19:05:00,CRIMINAL DAMAGE,Property,REPORTED CRIMINAL DAMAGE INCIDENT,STREET,1,0,12,22,70,11,2023,11,Sunday,19,2023-11
JB000300,2023-03-23 05:55:00,OTHER OFFENSE,Other,REPORTED OTHER OFFENSE INCIDENT,GROCERY FOOD STORE,0,0,24,46,10,03,2023,3,Thursday,5,2023-03
JB000301,2022-10-30 15:04:00,BATTERY,Violent,REPORTED BATTERY INCIDENT,RESIDENCE,0,0,7,3,66,11,2022,10,Sunday,15,2022-10
JB000302,2022-09-07 05:11:00,THEFT,Property,REPORTED THEFT INCIDENT,SMALL RETAIL STORE,0,0,6,40,10,08B,2022,9,Wednesday,5,2022-09
JB000303,2022-11-02 12:34:00,BATTERY,Violent,REPORTED BATTERY INCIDENT,SMALL RETAIL STORE,0,0,25,17,7,07,2022,11,Wednesday,12,2022-11
JB000304,2022-07-04 17:06:00,THEFT,Property,REPORTED THEFT INCIDENT,RESIDENCE,0,0,20,4,2,14,2022,7,Monday,17,2022-07
JB000305,2023-04-06 21:48:00,THEFT,Property,REPORTED THEFT INCIDENT,RESIDENCE,0,0,15,3,62,18,2023,4,Thursday,21,2023-04
JB000306,2022-02-23 11:27:00,BATTERY,Violent,REPORTED BATTERY INCIDENT,STREET,1,1,6,13,43,06,2022,2,Wednesday,11,2022-02
JB000307,2022-12-17 14:49:00,DECEPTIVE PRACTICE,Financial/Cyber,REPORTED DECEPTIVE PRACTICE INCIDENT,STREET,0,0,24,50,47,05,2022,12,Saturday,14,2022-12
JB000308,2023-05-02 22:59:00,WEAPONS VIOLATION,Public Safety,REPORTED WEAPONS VIOLATION INCIDENT,RESIDENCE,1,0,24,41,23,08B,2023,5,Tuesday,22,2023-05
JB000309,2022-05-24 19:47:00,MOTOR VEHICLE THEFT,Property,REPORTED MOTOR VEHICLE THEFT INCIDENT,RESIDENCE,0,0,20,22,36,06,2022,5,Tuesday,19,2022-05
JB000310,2022-10-31 00:22:00,BATTERY,Violent,REPORTED BATTERY INCIDENT,APARTMENT,0,1,11,48,74,08B,2022,10,Monday,0,2022-10
JB000311,2022-01-30 20:34:00,CRIMINAL TRESPASS,Property,REPORTED CRIMINAL TRESPASS INCIDENT,APARTMENT,1,0,17,17,34,14,2022,1,Sunday,20,2022-01
JB000312,2022-01-25 01:26:00,WEAPONS VIOLATION,Public Safety,REPORTED WEAPONS VIOLATION INCIDENT,APARTMENT,1,0,7,13,77,18,2022,1,Tuesday,1,2022-01
JB000313,2023-12-04 02:22:00,CRIMINAL DAMAGE,Property,REPORTED CRIMINAL DAMAGE INCIDENT,CTA TRAIN / STATION,0,0,16,27,66,03,2023,12,Monday,2,2023-12
JB000314,2022-01-03 20:52:00,THEFT,Property,REPORTED THEFT INCIDENT,RESIDENCE,0,0,24,34,44,07,2022,1,Monday,20,2022-01
JB000315,2023-05-02 04:14:00,MOTOR VEHICLE THEFT,Property,REPORTED MOTOR VEHICLE THEFT INCIDENT,PARKING LOT / GARAGE,0,0,25,20,75,07,2023,5,Tuesday,4,2023-05
JB000316,2023-03-09 19:58:00,BATTERY,Violent,REPORTED BATTERY INCIDENT,SMALL RETAIL STORE,0,1,11,10,31,18,2023,3,Thursday,19,2023-03
JB000317,2022-12-29 11:33:00,ROBBERY,Violent,REPORTED ROBBERY INCIDENT,RESIDENCE,0,0,9,6,11,11,2022,12,Thursday,11,2022-12
JB000318,2023-07-22 08:07:00,BATTERY,Violent,REPORTED BATTERY INCIDENT,RESIDENCE,0,1,20,36,46,11,2023,7,Saturday,8,2023-07
JB000319,2022-06-05 11:15:00,THEFT,Property,REPORTED THEFT INCIDENT,SIDEWALK,0,0,15,26,15,03,2022,6,Sunday,11,2022-06
JB000320,2022-04-06 19:02:00,MOTOR VEHICLE THEFT,Property,REPORTED MOTOR VEHICLE THEFT INCIDENT,STREET,0,0,24,42,22,11,2022,4,Wednesday,19,2022-04
JB000321,2023-01-02 09:11:00,BATTERY,Violent,REPORTED BATTERY INCIDENT,STREET,1,0,12,24,23,14,2023,1,Monday,9,2023-01
JB000322,2022-01-01 19:25:00,CRIMINAL TRESPASS,Property,REPORTED CRIMINAL TRESPASS INCIDENT,RESIDENCE,0,0,7,1,42,11,2022,1,Saturday,19,2022-01
JB000323,2022-01-20 17:48:00,THEFT,Property,REPORTED THEFT INCIDENT,SMALL RETAIL STORE,0,0,17,25,16,26,2022,1,Thursday,17,2022-01
JB000324,2022-12-24 02:01:00,CRIMINAL TRESPASS,Property,REPORTED CRIMINAL TRESPASS INCIDENT,RESIDENCE,0,0,20,8,12,14,2022,12,Saturday,2,2022-12
JB000325,2022-05-25 17:00:00,BATTERY,Violent,REPORTED BATTERY INCIDENT,STREET,1,0,19,43,14,08B,2022,5,Wednesday,17,2022-05
JB000326,2023-07-12 03:54:00,NARCOTICS,Public Order,REPORTED NARCOTICS INCIDENT,CTA TRAIN / STATION,1,0,20,7,65,14,2023,7,Wednesday,3,2023-07
JB000327,2022-01-11 20:31:00,NARCOTICS,Public Order,REPORTED NARCOTICS INCIDENT,RESIDENCE,1,0,22,40,41,03,2022,1,Tuesday,20,2022-01
JB000328,2023-11-12 01:47:00,CRIMINAL DAMAGE,Property,REPORTED CRIMINAL DAMAGE INCIDENT,APARTMENT,0,0,19,17,54,07,2023,11,Sunday,1,2023-11
JB000329,2023-08-15 05:10:00,NARCOTICS,Public Order,REPORTED NARCOTICS INCIDENT,STREET,1,0,4,23,42,03,2023,8,Tuesday,5,2023-08
JB000330,2023-07-30 14:49:00,CRIMINAL TRESPASS,Property,REPORTED CRIMINAL TRESPASS INCIDENT,SIDEWALK,1,0,2,4,63,08B,2023,7,Sunday,14,2023-07
JB000331,2023-01-06 16:00:00,THEFT,Property,REPORTED THEFT INCIDENT,APARTMENT,1,0,1,41,6,05,2023,1,Friday,16,2023-01
JB000332,2023-07-02 15:56:00,BATTERY,Violent,REPORTED BATTERY INCIDENT,STREET,1,1,18,45,12,06,2023,7,Sunday,15,2023-07
JB000333,2023-05-31 11:35:00,CRIMINAL DAMAGE,Property,REPORTED CRIMINAL DAMAGE INCIDENT,RESIDENCE,0,0,4,45,50,18,2023,5,Wednesday,11,2023-05
JB000334,2022-01-19 06:23:00,THEFT,Property,REPORTED THEFT INCIDENT,RESTAURANT,0,0,22,45,32,08B,2022,1,Wednesday,6,2022-01
JB000335,2023-12-28 20:24:00,DECEPTIVE PRACTICE,Financial/Cyber,REPORTED DECEPTIVE PRACTICE INCIDENT,STREET,0,0,5,20,22,06,2023,12,Thursday,20,2023-12
JB000336,2022-02-26 12:20:00,MOTOR VEHICLE THEFT,Property,REPORTED MOTOR VEHICLE THEFT INCIDENT,STREET,0,0,25,40,68,26,2022,2,Saturday,12,2022-02
JB000337,2022-04-07 01:08:00,ROBBERY,Violent,REPORTED ROBBERY INCIDENT,RESIDENCE,0,0,25,15,7,03,2022,4,Thursday,1,2022-04
JB000338,2022-11-26 23:33:00,WEAPONS VIOLATION,Public Safety,REPORTED WEAPONS VIOLATION INCIDENT,SMALL RETAIL STORE,1,0,24,23,63,11,2022,11,Saturday,23,2022-11
JB000339,2022-07-14 19:18:00,THEFT,Property,REPORTED THEFT INCIDENT,STREET,0,0,18,28,55,11,2022,7,Thursday,19,2022-07
JB000340,2022-09-23 06:41:00,THEFT,Property,REPORTED THEFT INCIDENT,STREET,0,0,16,20,45,08A,2022,9,Friday,6,2022-09
JB000341,2022-02-28 11:29:00,BATTERY,Violent,REPORTED BATTERY INCIDENT,STREET,0,0,7,38,36,03,2022,2,Monday,11,2022-02
JB000342,2023-06-15 08:54:00,THEFT,Property,REPORTED THEFT INCIDENT,SIDEWALK,0,0,17,44,16,26,2023,6,Thursday,8,2023-06
JB000343,2022-07-26 10:23:00,THEFT,Property,REPORTED THEFT INCIDENT,STREET,0,0,22,30,31,08B,2022,7,Tuesday,10,2022-07
JB000344,2023-07-04 15:46:00,CRIMINAL DAMAGE,Property,REPORTED CRIMINAL DAMAGE INCIDENT,STREET,0,0,12,4,69,06,2023,7,Tuesday,15,2023-07
JB000345,2022-04-16 14:08:00,BATTERY,Violent,REPORTED BATTERY INCIDENT,STREET,0,0,24,22,45,06,2022,4,Saturday,14,2022-04
JB000346,2023-06-22 15:07:00,CRIMINAL TRESPASS,Property,REPORTED CRIMINAL TRESPASS INCIDENT,SIDEWALK,0,0,1,31,70,08B,2023,6,Thursday,15,2023-06
JB000347,2023-08-04 23:37:00,OTHER OFFENSE,Other,REPORTED OTHER OFFENSE INCIDENT,SIDEWALK,0,0,14,5,73,26,2023,8,Friday,23,2023-08
JB000348,2023-09-11 09:16:00,DECEPTIVE PRACTICE,Financial/Cyber,REPORTED DECEPTIVE PRACTICE INCIDENT,RESIDENCE,0,0,16,17,44,07,2023,9,Monday,9,2023-09
JB000349,2022-05-08 15:47:00,THEFT,Property,REPORTED THEFT INCIDENT,STREET,1,0,5,17,34,08A,2022,5,Sunday,15,2022-05
JB000350,2022-02-20 04:53:00,ROBBERY,Violent,REPORTED ROBBERY INCIDENT,STREET,0,0,24,42,49,18,2022,2,Sunday,4,2022-02
JB000351,2023-11-04 15:14:00,THEFT,Property,REPORTED THEFT INCIDENT,RESIDENCE,0,0,22,23,76,03,2023,11,Saturday,15,2023-11
JB000352,2022-03-14 02:34:00,CRIMINAL DAMAGE,Property,REPORTED CRIMINAL DAMAGE INCIDENT,CTA TRAIN / STATION,0,0,1,50,37,14,2022,3,Monday,2,2022-03
JB000353,2022-04-11 18:02:00,THEFT,Property,REPORTED THEFT INCIDENT,RESIDENCE,0,0,18,27,74,14,2022,4,Monday,18,2022-04
JB000354,2022-01-26 19:38:00,DECEPTIVE PRACTICE,Financial/Cyber,REPORTED DECEPTIVE PRACTICE INCIDENT,APARTMENT,0,0,11,4,17,08B,2022,1,Wednesday,19,2022-01
JB000355,2023-12-08 09:52:00,BATTERY,Violent,REPORTED BATTERY INCIDENT,SMALL RETAIL STORE,0,0,3,10,34,08B,2023,12,Friday,9,2023-12
JB000356,2022-12-23 12:30:00,THEFT,Property,REPORTED THEFT INCIDENT,STREET,0,0,11,17,45,11,2022,12,Friday,12,2022-12
JB000357,2022-11-22 14:33:00,CRIMINAL TRESPASS,Property,REPORTED CRIMINAL TRESPASS INCIDENT,SMALL RETAIL STORE,1,0,12,21,61,08A,2022,11,Tuesday,14,2022-11
JB000358,2022-07-09 21:43:00,BATTERY,Violent,REPORTED BATTERY INCIDENT,RESIDENCE,0,0,25,36,64,26,2022,7,Saturday,21,2022-07
JB000359,2022-05-05 09:38:00,OTHER OFFENSE,Other,REPORTED OTHER OFFENSE INCIDENT,STREET,0,0,4,22,18,03,2022,5,Thursday,9,2022-05
JB000360,2023-09-12 08:15:00,BATTERY,Violent,REPORTED BATTERY INCIDENT,APARTMENT,0,1,3,3,65,03,2023,9,Tuesday,8,2023-09
JB000361,2023-03-06 13:19:00,CRIMINAL DAMAGE,Property,REPORTED CRIMINAL DAMAGE INCIDENT,SIDEWALK,0,0,20,27,7,26,2023,3,Monday,13,2023-03
JB000362,2022-01-04 05:15:00,THEFT,Property,REPORTED THEFT INCIDENT,STREET,0,0,19,31,13,26,2022,1,Tuesday,5,2022-01
JB000363,2023-12-23 21:19:00,ASSAULT,Violent,REPORTED ASSAULT INCIDENT,RESIDENCE,0,0,11,38,45,18,2023,12,Saturday,21,2023-12
JB000364,2023-10-26 03:31:00,BATTERY,Violent,REPORTED BATTERY INCIDENT,RESIDENCE,0,0,17,36,48,07,2023,10,Thursday,3,2023-10
JB000365,2023-12-21 23:57:00,THEFT,Property,REPORTED THEFT INCIDENT,SIDEWALK,0,0,4,38,15,08B,2023,12,Thursday,23,2023-12
JB000366,2023-01-20 09:22:00,MOTOR VEHICLE THEFT,Property,REPORTED MOTOR VEHICLE THEFT INCIDENT,SMALL RETAIL STORE,0,0,8,49,30,11,2023,1,Friday,9,2023-01
JB000367,2022-10-21 03:08:00,CRIMINAL DAMAGE,Property,REPORTED CRIMINAL DAMAGE INCIDENT,STREET,0,0,10,23,40,18,2022,10,Friday,3,2022-10
JB000368,2023-09-03 15:19:00,OTHER OFFENSE,Other,REPORTED OTHER OFFENSE INCIDENT,RESIDENCE,1,0,10,4,30,14,2023,9,Sunday,15,2023-09
JB000369,2022-10-05 02:04:00,BURGLARY,Property,REPORTED BURGLARY INCIDENT,APARTMENT,0,0,14,1,14,07,2022,10,Wednesday,2,2022-10
JB000370,2022-01-13 23:12:00,MOTOR VEHICLE THEFT,Property,REPORTED MOTOR VEHICLE THEFT INCIDENT,STREET,0,0,20,22,13,14,2022,1,Thursday,23,2022-01
JB000371,2022-04-03 16:25:00,ROBBERY,Violent,REPORTED ROBBERY INCIDENT,SIDEWALK,0,0,1,23,30,08B,2022,4,Sunday,16,2022-04
JB000372,2023-04-14 18:23:00,THEFT,Property,REPORTED THEFT INCIDENT,SMALL RETAIL STORE,0,0,22,12,42,05,2023,4,Friday,18,2023-04
JB000373,2022-02-10 13:21:00,ASSAULT,Violent,REPORTED ASSAULT INCIDENT,STREET,0,0,15,24,16,18,2022,2,Thursday,13,2022-02
JB000374,2022-01-03 01:20:00,WEAPONS VIOLATION,Public Safety,REPORTED WEAPONS VIOLATION INCIDENT,STREET,1,0,18,6,68,08A,2022,1,Monday,1,2022-01
JB000375,2023-03-19 08:33:00,ASSAULT,Violent,REPORTED ASSAULT INCIDENT,SIDEWALK,0,0,4,41,6,08B,2023,3,Sunday,8,2023-03
JB000376,2023-07-12 03:18:00,THEFT,Property,REPORTED THEFT INCIDENT,CTA TRAIN / STATION,0,0,4,13,12,03,2023,7,Wednesday,3,2023-07
JB000377,2023-08-03 20:37:00,ROBBERY,Violent,REPORTED ROBBERY INCIDENT,RESIDENCE,0,0,19,33,41,03,2023,8,Thursday,20,2023-08
JB000378,2022-01-26 12:44:00,DECEPTIVE PRACTICE,Financial/Cyber,REPORTED DECEPTIVE PRACTICE INCIDENT,PARKING LOT / GARAGE,0,0,17,46,40,14,2022,1,Wednesday,12,2022-01
JB000379,2022-02-25 03:52:00,THEFT,Property,REPORTED THEFT INCIDENT,SIDEWALK,0,0,9,4,6,11,2022,2,Friday,3,2022-02
JB000380,2023-09-06 10:36:00,BATTERY,Violent,REPORTED BATTERY INCIDENT,RESTAURANT,0,0,7,2,9,03,2023,9,Wednesday,10,2023-09
JB000381,2023-09-06 19:55:00,DECEPTIVE PRACTICE,Financial/Cyber,REPORTED DECEPTIVE PRACTICE INCIDENT,STREET,0,0,3,14,65,26,2023,9,Wednesday,19,2023-09
JB000382,2022-08-25 18:12:00,OTHER OFFENSE,Other,REPORTED OTHER OFFENSE INCIDENT,APARTMENT,0,0,2,47,18,08B,2022,8,Thursday,18,2022-08
JB000383,2022-08-15 15:10:00,BATTERY,Violent,REPORTED BATTERY INCIDENT,RESIDENCE,1,0,5,38,52,11,2022,8,Monday,15,2022-08
JB000384,2022-03-05 00:30:00,BATTERY,Violent,REPORTED BATTERY INCIDENT,STREET,0,0,1,39,42,06,2022,3,Saturday,0,2022-03
JB000385,2023-05-03 23:51:00,BATTERY,Violent,REPORTED BATTERY INCIDENT,RESIDENCE,0,1,4,26,47,06,2023,5,Wednesday,23,2023-05
JB000386,2022-10-05 17:10:00,THEFT,Property,REPORTED THEFT INCIDENT,APARTMENT,0,0,1,11,48,26,2022,10,Wednesday,17,2022-10
JB000387,2022-04-12 13:59:00,THEFT,Property,REPORTED THEFT INCIDENT,PARKING LOT / GARAGE,1,0,19,28,30,05,2022,4,Tuesday,13,2022-04
JB000388,2022-07-23 05:25:00,BATTERY,Violent,REPORTED BATTERY INCIDENT,GROCERY FOOD STORE,1,0,20,13,26,11,2022,7,Saturday,5,2022-07
JB000389,2023-05-26 03:01:00,BATTERY,Violent,REPORTED BATTERY INCIDENT,STREET,0,0,1,47,76,03,2023,5,Friday,3,2023-05
JB000390,2022-01-28 08:59:00,OTHER OFFENSE,Other,REPORTED OTHER OFFENSE INCIDENT,GROCERY FOOD STORE,0,0,24,35,4,14,2022,1,Friday,8,2022-01
JB000391,2023-04-04 00:15:00,THEFT,Property,REPORTED THEFT INCIDENT,APARTMENT,0,0,22,19,45,05,2023,4,Tuesday,0,2023-04
JB000392,2023-09-10 14:29:00,NARCOTICS,Public Order,REPORTED NARCOTICS INCIDENT,SMALL RETAIL STORE,1,0,8,12,74,06,2023,9,Sunday,14,2023-09
JB000393,2023-09-03 20:35:00,NARCOTICS,Public Order,REPORTED NARCOTICS INCIDENT,SMALL RETAIL STORE,1,0,5,13,14,26,2023,9,Sunday,20,2023-09
JB000394,2023-10-18 11:38:00,OTHER OFFENSE,Other,REPORTED OTHER OFFENSE INCIDENT,RESIDENCE,0,0,1,38,23,06,2023,10,Wednesday,11,2023-10
JB000395,2022-03-03 08:01:00,ASSAULT,Violent,REPORTED ASSAULT INCIDENT,RESIDENCE,0,0,15,32,38,07,2022,3,Thursday,8,2022-03
JB000396,2023-07-08 10:14:00,BATTERY,Violent,REPORTED BATTERY INCIDENT,STREET,0,1,1,43,54,11,2023,7,Saturday,10,2023-07
JB000397,2022-09-13 19:56:00,CRIMINAL TRESPASS,Property,REPORTED CRIMINAL TRESPASS INCIDENT,RESIDENCE,0,0,16,38,46,06,2022,9,Tuesday,19,2022-09
JB000398,2022-09-05 00:23:00,CRIMINAL DAMAGE,Property,REPORTED CRIMINAL DAMAGE INCIDENT,RESIDENCE,0,0,10,29,73,11,2022,9,Monday,0,2022-09
JB000399,2023-09-29 13:32:00,ASSAULT,Violent,REPORTED ASSAULT INCIDENT,RESIDENCE,0,1,18,46,70,26,2023,9,Friday,13,2023-09
JB000400,2023-11-12 12:38:00,THEFT,Property,REPORTED THEFT INCIDENT,SIDEWALK,0,0,25,44,41,08A,2023,11,Sunday,12,2023-11
JB000401,2022-12-28 07:34:00,CRIMINAL DAMAGE,Property,REPORTED CRIMINAL DAMAGE INCIDENT,CTA TRAIN / STATION,0,0,2,20,40,18,2022,12,Wednesday,7,2022-12
JB000402,2022-10-01 09:56:00,BATTERY,Violent,REPORTED BATTERY INCIDENT,STREET,0,0,8,33,11,14,2022,10,Saturday,9,2022-10
JB000403,2023-04-16 04:29:00,THEFT,Property,REPORTED THEFT INCIDENT,RESIDENCE,1,0,25,35,57,26,2023,4,Sunday,4,2023-04
JB000404,2023-11-29 05:49:00,BATTERY,Violent,REPORTED BATTERY INCIDENT,APARTMENT,0,0,1,5,58,14,2023,11,Wednesday,5,2023-11
JB000405,2023-12-12 07:23:00,THEFT,Property,REPORTED THEFT INCIDENT,RESIDENCE,1,0,1,23,30,14,2023,12,Tuesday,7,2023-12
JB000406,2022-11-20 08:59:00,OTHER OFFENSE,Other,REPORTED OTHER OFFENSE INCIDENT,APARTMENT,0,0,4,22,69,14,2022,11,Sunday,8,2022-11
JB000407,2022-09-03 04:10:00,THEFT,Property,REPORTED THEFT INCIDENT,STREET,1,0,17,45,75,11,2022,9,Saturday,4,2022-09
JB000408,2022-07-21 23:45:00,NARCOTICS,Public Order,REPORTED NARCOTICS INCIDENT,COMMERCIAL / BUSINESS OFFICE,1,0,17,20,33,05,2022,7,Thursday,23,2022-07
JB000409,2022-01-25 02:00:00,DECEPTIVE PRACTICE,Financial/Cyber,REPORTED DECEPTIVE PRACTICE INCIDENT,RESIDENCE,0,0,24,17,59,14,2022,1,Tuesday,2,2022-01
JB000410,2023-12-04 10:04:00,DECEPTIVE PRACTICE,Financial/Cyber,REPORTED DECEPTIVE PRACTICE INCIDENT,COMMERCIAL / BUSINESS OFFICE,0,0,25,43,42,07,2023,12,Monday,10,2023-12
JB000411,2023-07-18 13:41:00,DECEPTIVE PRACTICE,Financial/Cyber,REPORTED DECEPTIVE PRACTICE INCIDENT,PARKING LOT / GARAGE,0,0,16,21,30,03,2023,7,Tuesday,13,2023-07
JB000412,2022-02-21 22:51:00,BATTERY,Violent,REPORTED BATTERY INCIDENT,RESTAURANT,0,0,20,49,28,06,2022,2,Monday,22,2022-02
JB000413,2022-01-16 22:33:00,OTHER OFFENSE,Other,REPORTED OTHER OFFENSE INCIDENT,RESIDENCE,1,0,10,50,17,08B,2022,1,Sunday,22,2022-01
JB000414,2023-07-07 23:06:00,THEFT,Property,REPORTED THEFT INCIDENT,RESIDENCE,0,0,25,13,7,05,2023,7,Friday,23,2023-07
JB000415,2023-12-30 00:46:00,CRIMINAL DAMAGE,Property,REPORTED CRIMINAL DAMAGE INCIDENT,RESIDENCE,0,0,18,11,23,08A,2023,12,Saturday,0,2023-12
JB000416,2023-12-08 03:10:00,BATTERY,Violent,REPORTED BATTERY INCIDENT,SIDEWALK,0,0,7,48,38,05,2023,12,Friday,3,2023-12
JB000417,2022-12-07 20:51:00,CRIMINAL DAMAGE,Property,REPORTED CRIMINAL DAMAGE INCIDENT,STREET,0,0,3,32,59,06,2022,12,Wednesday,20,2022-12
JB000418,2023-09-23 06:22:00,CRIMINAL DAMAGE,Property,REPORTED CRIMINAL DAMAGE INCIDENT,APARTMENT,0,0,2,14,52,08A,2023,9,Saturday,6,2023-09
JB000419,2023-03-17 09:52:00,OTHER OFFENSE,Other,REPORTED OTHER OFFENSE INCIDENT,STREET,0,0,2,24,29,06,2023,3,Friday,9,2023-03
JB000420,2022-11-23 01:35:00,ROBBERY,Violent,REPORTED ROBBERY INCIDENT,SMALL RETAIL STORE,1,0,6,48,70,11,2022,11,Wednesday,1,2022-11
JB000421,2022-09-09 18:39:00,THEFT,Property,REPORTED THEFT INCIDENT,RESIDENCE,1,0,22,10,22,07,2022,9,Friday,18,2022-09
JB000422,2023-11-19 21:51:00,BURGLARY,Property,REPORTED BURGLARY INCIDENT,PARKING LOT / GARAGE,0,0,20,50,46,14,2023,11,Sunday,21,2023-11
JB000423,2022-12-10 01:58:00,BATTERY,Violent,REPORTED BATTERY INCIDENT,APARTMENT,1,0,18,20,23,08A,2022,12,Saturday,1,2022-12
JB000424,2023-01-17 21:46:00,THEFT,Property,REPORTED THEFT INCIDENT,RESIDENCE,0,0,7,46,50,07,2023,1,Tuesday,21,2023-01
JB000425,2022-01-20 02:25:00,THEFT,Property,REPORTED THEFT INCIDENT,CTA TRAIN / STATION,0,0,8,5,7,03,2022,1,Thursday,2,2022-01
JB000426,2022-05-30 01:50:00,NARCOTICS,Public Order,REPORTED NARCOTICS INCIDENT,RESIDENCE,1,0,3,25,68,14,2022,5,Monday,1,2022-05
JB000427,2023-12-19 13:18:00,THEFT,Property,REPORTED THEFT INCIDENT,APARTMENT,0,0,2,1,11,26,2023,12,Tuesday,13,2023-12
JB000428,2023-09-12 19:35:00,BATTERY,Violent,REPORTED BATTERY INCIDENT,RESIDENCE,0,0,24,41,11,14,2023,9,Tuesday,19,2023-09
JB000429,2022-09-03 04:58:00,THEFT,Property,REPORTED THEFT INCIDENT,RESIDENCE,0,0,19,47,35,03,2022,9,Saturday,4,2022-09
JB000430,2023-04-17 06:01:00,THEFT,Property,REPORTED THEFT INCIDENT,STREET,0,0,6,3,45,03,2023,4,Monday,6,2023-04
JB000431,2023-08-27 19:48:00,BURGLARY,Property,REPORTED BURGLARY INCIDENT,SIDEWALK,0,0,10,2,54,07,2023,8,Sunday,19,2023-08
JB000432,2023-05-20 01:28:00,CRIMINAL DAMAGE,Property,REPORTED CRIMINAL DAMAGE INCIDENT,SMALL RETAIL STORE,0,0,7,37,55,14,2023,5,Saturday,1,2023-05
JB000433,2023-11-08 04:54:00,ROBBERY,Violent,REPORTED ROBBERY INCIDENT,RESTAURANT,0,0,11,5,49,06,2023,11,Wednesday,4,2023-11
JB000434,2022-02-01 00:43:00,BATTERY,Violent,REPORTED BATTERY INCIDENT,STREET,0,0,14,21,11,03,2022,2,Tuesday,0,2022-02
JB000435,2022-03-07 03:30:00,DECEPTIVE PRACTICE,Financial/Cyber,REPORTED DECEPTIVE PRACTICE INCIDENT,SMALL RETAIL STORE,0,0,7,9,72,08A,2022,3,Monday,3,2022-03
JB000436,2022-03-18 01:28:00,OTHER OFFENSE,Other,REPORTED OTHER OFFENSE INCIDENT,RESIDENCE,0,0,4,30,73,05,2022,3,Friday,1,2022-03
JB000437,2023-07-20 13:19:00,THEFT,Property,REPORTED THEFT INCIDENT,APARTMENT,0,0,5,28,8,14,2023,7,Thursday,13,2023-07
JB000438,2023-07-24 13:09:00,CRIMINAL TRESPASS,Property,REPORTED CRIMINAL TRESPASS INCIDENT,PARKING LOT / GARAGE,0,0,14,5,52,08B,2023,7,Monday,13,2023-07
JB000439,2022-03-20 13:10:00,MOTOR VEHICLE THEFT,Property,REPORTED MOTOR VEHICLE THEFT INCIDENT,STREET,0,0,3,20,64,07,2022,3,Sunday,13,2022-03
JB000440,2022-10-03 12:15:00,THEFT,Property,REPORTED THEFT INCIDENT,SMALL RETAIL STORE,0,0,16,18,3,26,2022,10,Monday,12,2022-10
JB000441,2023-02-03 19:32:00,BATTERY,Violent,REPORTED BATTERY INCIDENT,STREET,0,0,1,44,18,03,2023,2,Friday,19,2023-02
JB000442,2022-10-23 16:03:00,CRIMINAL DAMAGE,Property,REPORTED CRIMINAL DAMAGE INCIDENT,STREET,0,0,8,27,75,18,2022,10,Sunday,16,2022-10
JB000443,2022-11-30 06:34:00,DECEPTIVE PRACTICE,Financial/Cyber,REPORTED DECEPTIVE PRACTICE INCIDENT,STREET,0,0,25,1,7,18,2022,11,Wednesday,6,2022-11
JB000444,2022-03-14 05:26:00,THEFT,Property,REPORTED THEFT INCIDENT,PARKING LOT / GARAGE,0,0,12,6,47,07,2022,3,Monday,5,2022-03
JB000445,2022-10-20 03:27:00,THEFT,Property,REPORTED THEFT INCIDENT,APARTMENT,0,0,10,4,74,07,2022,10,Thursday,3,2022-10
JB000446,2023-12-22 13:19:00,BATTERY,Violent,REPORTED BATTERY INCIDENT,STREET,0,1,2,46,45,26,2023,12,Friday,13,2023-12
JB000447,2023-03-31 04:08:00,DECEPTIVE PRACTICE,Financial/Cyber,REPORTED DECEPTIVE PRACTICE INCIDENT,STREET,0,0,14,19,60,26,2023,3,Friday,4,2023-03
JB000448,2022-01-15 13:47:00,THEFT,Property,REPORTED THEFT INCIDENT,STREET,0,0,15,25,66,14,2022,1,Saturday,13,2022-01
JB000449,2023-03-20 13:57:00,BATTERY,Violent,REPORTED BATTERY INCIDENT,STREET,0,0,19,11,5,26,2023,3,Monday,13,2023-03
JB000450,2023-02-16 12:33:00,BATTERY,Violent,REPORTED BATTERY INCIDENT,SIDEWALK,0,0,2,7,62,18,2023,2,Thursday,12,2023-02
JB000451,2022-12-23 12:48:00,ASSAULT,Violent,REPORTED ASSAULT INCIDENT,PARKING LOT / GARAGE,0,0,11,23,41,03,2022,12,Friday,12,2022-12
JB000452,2023-03-18 21:37:00,ASSAULT,Violent,REPORTED ASSAULT INCIDENT,STREET,1,1,9,39,48,06,2023,3,Saturday,21,2023-03
JB000453,2022-02-02 09:39:00,THEFT,Property,REPORTED THEFT INCIDENT,SMALL RETAIL STORE,0,0,17,7,5,18,2022,2,Wednesday,9,2022-02
JB000454,2023-12-27 13:04:00,BATTERY,Violent,REPORTED BATTERY INCIDENT,COMMERCIAL / BUSINESS OFFICE,0,0,10,29,21,26,2023,12,Wednesday,13,2023-12
JB000455,2022-06-17 20:05:00,ASSAULT,Violent,REPORTED ASSAULT INCIDENT,PARKING LOT / GARAGE,0,1,6,26,25,14,2022,6,Friday,20,2022-06
JB000456,2023-04-28 10:05:00,CRIMINAL DAMAGE,Property,REPORTED CRIMINAL DAMAGE INCIDENT,STREET,0,0,5,17,22,07,2023,4,Friday,10,2023-04
JB000457,2023-05-03 07:49:00,THEFT,Property,REPORTED THEFT INCIDENT,RESTAURANT,0,0,22,8,54,03,2023,5,Wednesday,7,2023-05
JB000458,2022-12-18 19:19:00,CRIMINAL DAMAGE,Property,REPORTED CRIMINAL DAMAGE INCIDENT,SIDEWALK,0,0,12,4,6,08B,2022,12,Sunday,19,2022-12
JB000459,2022-10-11 08:14:00,CRIMINAL DAMAGE,Property,REPORTED CRIMINAL DAMAGE INCIDENT,RESIDENCE,0,0,4,22,42,06,2022,10,Tuesday,8,2022-10
JB000460,2022-02-23 04:37:00,BATTERY,Violent,REPORTED BATTERY INCIDENT,SMALL RETAIL STORE,0,0,22,1,63,08A,2022,2,Wednesday,4,2022-02
JB000461,2023-01-11 01:15:00,CRIMINAL TRESPASS,Property,REPORTED CRIMINAL TRESPASS INCIDENT,CTA TRAIN / STATION,0,0,15,50,47,26,2023,1,Wednesday,1,2023-01
JB000462,2022-11-06 09:52:00,CRIMINAL DAMAGE,Property,REPORTED CRIMINAL DAMAGE INCIDENT,SIDEWALK,0,0,14,48,56,03,2022,11,Sunday,9,2022-11
JB000463,2022-07-11 01:16:00,THEFT,Property,REPORTED THEFT INCIDENT,COMMERCIAL / BUSINESS OFFICE,1,0,22,50,66,06,2022,7,Monday,1,2022-07
JB000464,2022-01-30 16:32:00,CRIMINAL DAMAGE,Property,REPORTED CRIMINAL DAMAGE INCIDENT,SMALL RETAIL STORE,0,0,24,27,28,08B,2022,1,Sunday,16,2022-01
JB000465,2022-06-19 22:03:00,BATTERY,Violent,REPORTED BATTERY INCIDENT,STREET,0,1,6,33,5,05,2022,6,Sunday,22,2022-06
JB000466,2022-09-05 07:15:00,THEFT,Property,REPORTED THEFT INCIDENT,STREET,0,0,22,15,68,06,2022,9,Monday,7,2022-09
JB000467,2022-09-19 18:03:00,NARCOTICS,Public Order,REPORTED NARCOTICS INCIDENT,APARTMENT,1,0,16,8,14,06,2022,9,Monday,18,2022-09
JB000468,2023-07-15 22:18:00,BATTERY,Violent,REPORTED BATTERY INCIDENT,SIDEWALK,0,0,15,9,7,07,2023,7,Saturday,22,2023-07
JB000469,2023-03-24 04:36:00,BATTERY,Violent,REPORTED BATTERY INCIDENT,SIDEWALK,1,1,9,21,67,07,2023,3,Friday,4,2023-03
JB000470,2023-05-13 17:32:00,MOTOR VEHICLE THEFT,Property,REPORTED MOTOR VEHICLE THEFT INCIDENT,RESIDENCE,0,0,11,3,62,26,2023,5,Saturday,17,2023-05
JB000471,2022-10-20 10:35:00,CRIMINAL DAMAGE,Property,REPORTED CRIMINAL DAMAGE INCIDENT,STREET,0,0,3,26,24,11,2022,10,Thursday,10,2022-10
JB000472,2023-05-22 03:11:00,MOTOR VEHICLE THEFT,Property,REPORTED MOTOR VEHICLE THEFT INCIDENT,RESIDENCE,0,0,14,10,35,05,2023,5,Monday,3,2023-05
JB000473,2023-08-30 06:58:00,NARCOTICS,Public Order,REPORTED NARCOTICS INCIDENT,APARTMENT,1,0,16,7,1,18,2023,8,Wednesday,6,2023-08
JB000474,2023-04-06 09:40:00,BATTERY,Violent,REPORTED BATTERY INCIDENT,STREET,0,1,4,9,30,18,2023,4,Thursday,9,2023-04
JB000475,2023-10-05 11:19:00,BATTERY,Violent,REPORTED BATTERY INCIDENT,RESTAURANT,0,0,8,47,29,14,2023,10,Thursday,11,2023-10
JB000476,2022-12-26 03:41:00,CRIMINAL DAMAGE,Property,REPORTED CRIMINAL DAMAGE INCIDENT,STREET,0,0,12,50,27,06,2022,12,Monday,3,2022-12
JB000477,2022-02-17 22:14:00,OTHER OFFENSE,Other,REPORTED OTHER OFFENSE INCIDENT,RESIDENCE,0,0,12,48,49,08A,2022,2,Thursday,22,2022-02
JB000478,2022-01-06 05:18:00,ROBBERY,Violent,REPORTED ROBBERY INCIDENT,STREET,0,0,16,27,31,18,2022,1,Thursday,5,2022-01
JB000479,2022-01-12 09:26:00,CRIMINAL DAMAGE,Property,REPORTED CRIMINAL DAMAGE INCIDENT,SIDEWALK,0,0,19,49,30,11,2022,1,Wednesday,9,2022-01
JB000480,2023-08-27 21:58:00,NARCOTICS,Public Order,REPORTED NARCOTICS INCIDENT,PARKING LOT / GARAGE,1,0,20,3,32,08A,2023,8,Sunday,21,2023-08
JB000481,2022-08-06 17:32:00,ROBBERY,Violent,REPORTED ROBBERY INCIDENT,APARTMENT,0,0,20,28,23,11,2022,8,Saturday,17,2022-08
JB000482,2022-11-21 03:45:00,THEFT,Property,REPORTED THEFT INCIDENT,APARTMENT,0,0,22,42,27,14,2022,11,Monday,3,2022-11
JB000483,2023-12-16 04:19:00,THEFT,Property,REPORTED THEFT INCIDENT,STREET,0,0,10,38,40,08B,2023,12,Saturday,4,2023-12
JB000484,2022-03-04 07:01:00,THEFT,Property,REPORTED THEFT INCIDENT,RESIDENCE,0,0,2,26,65,08B,2022,3,Friday,7,2022-03
JB000485,2022-02-15 09:58:00,WEAPONS VIOLATION,Public Safety,REPORTED WEAPONS VIOLATION INCIDENT,PARKING LOT / GARAGE,1,0,8,28,28,11,2022,2,Tuesday,9,2022-02
JB000486,2023-06-08 17:49:00,THEFT,Property,REPORTED THEFT INCIDENT,STREET,0,0,7,17,17,26,2023,6,Thursday,17,2023-06
JB000487,2023-05-02 06:09:00,MOTOR VEHICLE THEFT,Property,REPORTED MOTOR VEHICLE THEFT INCIDENT,APARTMENT,0,0,6,15,7,07,2023,5,Tuesday,6,2023-05
JB000488,2023-05-22 23:40:00,BURGLARY,Property,REPORTED BURGLARY INCIDENT,APARTMENT,0,0,5,22,40,11,2023,5,Monday,23,2023-05
JB000489,2023-09-23 19:08:00,MOTOR VEHICLE THEFT,Property,REPORTED MOTOR VEHICLE THEFT INCIDENT,RESIDENCE,0,0,7,19,45,07,2023,9,Saturday,19,2023-09
JB000490,2023-04-22 12:49:00,THEFT,Property,REPORTED THEFT INCIDENT,APARTMENT,0,0,19,10,56,05,2023,4,Saturday,12,2023-04
JB000491,2022-11-09 14:59:00,NARCOTICS,Public Order,REPORTED NARCOTICS INCIDENT,APARTMENT,1,0,3,22,40,18,2022,11,Wednesday,14,2022-11
JB000492,2023-09-29 11:57:00,ASSAULT,Violent,REPORTED ASSAULT INCIDENT,SIDEWALK,0,0,17,48,67,14,2023,9,Friday,11,2023-09
JB000493,2023-01-05 08:18:00,BATTERY,Violent,REPORTED BATTERY INCIDENT,APARTMENT,0,1,4,7,73,03,2023,1,Thursday,8,2023-01
JB000494,2023-04-24 16:51:00,ASSAULT,Violent,REPORTED ASSAULT INCIDENT,STREET,0,0,22,33,19,18,2023,4,Monday,16,2023-04
JB000495,2023-12-04 13:32:00,ASSAULT,Violent,REPORTED ASSAULT INCIDENT,APARTMENT,0,1,15,4,49,08B,2023,12,Monday,13,2023-12
JB000496,2023-06-15 16:58:00,CRIMINAL DAMAGE,Property,REPORTED CRIMINAL DAMAGE INCIDENT,APARTMENT,0,0,20,23,50,14,2023,6,Thursday,16,2023-06
JB000497,2022-12-20 06:11:00,ASSAULT,Violent,REPORTED ASSAULT INCIDENT,STREET,1,1,22,27,49,11,2022,12,Tuesday,6,2022-12
JB000498,2022-08-19 17:28:00,ROBBERY,Violent,REPORTED ROBBERY INCIDENT,RESIDENCE,0,0,18,31,56,26,2022,8,Friday,17,2022-08
JB000499,2022-08-08 09:00:00,THEFT,Property,REPORTED THEFT INCIDENT,GROCERY FOOD STORE,0,0,5,4,20,05,2022,8,Monday,9,2022-08
JB000500,2023-08-01 17:15:00,THEFT,Property,REPORTED THEFT INCIDENT,RESIDENCE,0,0,12,40,72,14,2023,8,Tuesday,17,2023-08
JB000501,2022-02-28 14:40:00,BATTERY,Violent,REPORTED BATTERY INCIDENT,SIDEWALK,1,1,24,42,64,18,2022,2,Monday,14,2022-02
JB000502,2023-04-13 22:17:00,CRIMINAL DAMAGE,Property,REPORTED CRIMINAL DAMAGE INCIDENT,RESIDENCE,1,0,14,18,68,03,2023,4,Thursday,22,2023-04
JB000503,2022-04-12 11:29:00,THEFT,Property,REPORTED THEFT INCIDENT,RESIDENCE,0,0,10,37,26,18,2022,4,Tuesday,11,2022-04
JB000504,2023-05-05 10:35:00,ROBBERY,Violent,REPORTED ROBBERY INCIDENT,STREET,0,0,11,19,29,06,2023,5,Friday,10,2023-05
JB000505,2022-07-13 07:28:00,BURGLARY,Property,REPORTED BURGLARY INCIDENT,RESIDENCE,0,0,20,38,24,14,2022,7,Wednesday,7,2022-07
JB000506,2022-11-08 08:56:00,CRIMINAL TRESPASS,Property,REPORTED CRIMINAL TRESPASS INCIDENT,COMMERCIAL / BUSINESS OFFICE,0,0,11,26,17,03,2022,11,Tuesday,8,2022-11
JB000507,2023-10-19 10:52:00,BATTERY,Violent,REPORTED BATTERY INCIDENT,COMMERCIAL / BUSINESS OFFICE,0,1,20,30,58,08B,2023,10,Thursday,10,2023-10
JB000508,2022-07-05 01:56:00,BATTERY,Violent,REPORTED BATTERY INCIDENT,STREET,0,0,15,47,11,08B,2022,7,Tuesday,1,2022-07
JB000509,2023-06-14 03:40:00,CRIMINAL TRESPASS,Property,REPORTED CRIMINAL TRESPASS INCIDENT,RESIDENCE,0,0,6,1,34,11,2023,6,Wednesday,3,2023-06
JB000510,2023-04-14 13:13:00,ROBBERY,Violent,REPORTED ROBBERY INCIDENT,APARTMENT,0,0,8,33,20,06,2023,4,Friday,13,2023-04
JB000511,2022-03-14 06:27:00,BATTERY,Violent,REPORTED BATTERY INCIDENT,APARTMENT,1,0,19,15,37,11,2022,3,Monday,6,2022-03
JB000512,2023-02-10 01:55:00,CRIMINAL TRESPASS,Property,REPORTED CRIMINAL TRESPASS INCIDENT,STREET,0,0,10,25,5,26,2023,2,Friday,1,2023-02
JB000513,2023-09-08 17:22:00,MOTOR VEHICLE THEFT,Property,REPORTED MOTOR VEHICLE THEFT INCIDENT,RESIDENCE,0,0,3,40,41,06,2023,9,Friday,17,2023-09
JB000514,2022-03-10 09:28:00,NARCOTICS,Public Order,REPORTED NARCOTICS INCIDENT,SIDEWALK,0,0,10,18,53,07,2022,3,Thursday,9,2022-03
JB000515,2022-04-24 03:13:00,BURGLARY,Property,REPORTED BURGLARY INCIDENT,COMMERCIAL / BUSINESS OFFICE,1,0,20,16,33,26,2022,4,Sunday,3,2022-04
JB000516,2022-10-14 23:14:00,BATTERY,Violent,REPORTED BATTERY INCIDENT,APARTMENT,0,1,4,34,23,11,2022,10,Friday,23,2022-10
JB000517,2023-05-20 11:51:00,CRIMINAL DAMAGE,Property,REPORTED CRIMINAL DAMAGE INCIDENT,SMALL RETAIL STORE,0,0,4,49,41,08B,2023,5,Saturday,11,2023-05
JB000518,2022-10-20 10:04:00,THEFT,Property,REPORTED THEFT INCIDENT,RESIDENCE,0,0,10,30,67,05,2022,10,Thursday,10,2022-10
JB000519,2023-12-14 18:27:00,ASSAULT,Violent,REPORTED ASSAULT INCIDENT,STREET,0,1,3,42,58,03,2023,12,Thursday,18,2023-12
JB000520,2022-07-20 22:21:00,OTHER OFFENSE,Other,REPORTED OTHER OFFENSE INCIDENT,APARTMENT,0,0,19,24,37,14,2022,7,Wednesday,22,2022-07
JB000521,2023-04-28 20:32:00,BATTERY,Violent,REPORTED BATTERY INCIDENT,PARKING LOT / GARAGE,0,1,6,38,16,11,2023,4,Friday,20,2023-04
JB000522,2023-06-27 17:53:00,THEFT,Property,REPORTED THEFT INCIDENT,SMALL RETAIL STORE,0,0,8,27,26,26,2023,6,Tuesday,17,2023-06
JB000523,2023-03-07 05:45:00,DECEPTIVE PRACTICE,Financial/Cyber,REPORTED DECEPTIVE PRACTICE INCIDENT,SIDEWALK,0,0,7,43,40,07,2023,3,Tuesday,5,2023-03
JB000524,2022-04-15 17:56:00,OTHER OFFENSE,Other,REPORTED OTHER OFFENSE INCIDENT,STREET,0,0,11,40,42,05,2022,4,Friday,17,2022-04
JB000525,2022-03-20 22:24:00,NARCOTICS,Public Order,REPORTED NARCOTICS INCIDENT,STREET,1,0,19,37,18,26,2022,3,Sunday,22,2022-03
JB000526,2022-02-02 07:18:00,CRIMINAL DAMAGE,Property,REPORTED CRIMINAL DAMAGE INCIDENT,RESIDENCE,0,0,22,42,66,05,2022,2,Wednesday,7,2022-02
JB000527,2022-04-13 22:37:00,OTHER OFFENSE,Other,REPORTED OTHER OFFENSE INCIDENT,PARKING LOT / GARAGE,0,0,7,30,60,08B,2022,4,Wednesday,22,2022-04
JB000528,2022-05-22 06:04:00,NARCOTICS,Public Order,REPORTED NARCOTICS INCIDENT,PARKING LOT / GARAGE,1,0,16,14,45,03,2022,5,Sunday,6,2022-05
JB000529,2023-10-03 23:05:00,THEFT,Property,REPORTED THEFT INCIDENT,APARTMENT,0,0,19,43,72,07,2023,10,Tuesday,23,2023-10
JB000530,2022-09-17 08:20:00,BATTERY,Violent,REPORTED BATTERY INCIDENT,APARTMENT,0,1,7,42,39,05,2022,9,Saturday,8,2022-09
JB000531,2023-11-14 07:51:00,MOTOR VEHICLE THEFT,Property,REPORTED MOTOR VEHICLE THEFT INCIDENT,APARTMENT,0,0,4,25,5,08B,2023,11,Tuesday,7,2023-11
JB000532,2023-04-17 23:02:00,BATTERY,Violent,REPORTED BATTERY INCIDENT,STREET,1,0,2,1,57,26,2023,4,Monday,23,2023-04
JB000533,2023-02-06 10:08:00,BURGLARY,Property,REPORTED BURGLARY INCIDENT,STREET,0,0,4,20,60,05,2023,2,Monday,10,2023-02
JB000534,2022-09-05 02:35:00,THEFT,Property,REPORTED THEFT INCIDENT,STREET,0,0,5,47,39,08A,2022,9,Monday,2,2022-09
JB000535,2022-05-29 06:35:00,ASSAULT,Violent,REPORTED ASSAULT INCIDENT,STREET,1,1,7,23,36,18,2022,5,Sunday,6,2022-05
JB000536,2022-09-23 03:57:00,BATTERY,Violent,REPORTED BATTERY INCIDENT,STREET,0,0,25,15,14,07,2022,9,Friday,3,2022-09
JB000537,2022-06-28 21:37:00,THEFT,Property,REPORTED THEFT INCIDENT,RESIDENCE,0,0,19,33,77,05,2022,6,Tuesday,21,2022-06
JB000538,2022-04-07 08:50:00,BATTERY,Violent,REPORTED BATTERY INCIDENT,STREET,0,0,15,9,60,07,2022,4,Thursday,8,2022-04
JB000539,2022-12-08 23:23:00,BATTERY,Violent,REPORTED BATTERY INCIDENT,STREET,0,0,16,11,52,08A,2022,12,Thursday,23,2022-12
JB000540,2023-07-08 11:03:00,OTHER OFFENSE,Other,REPORTED OTHER OFFENSE INCIDENT,PARKING LOT / GARAGE,1,0,4,16,1,08A,2023,7,Saturday,11,2023-07
JB000541,2023-04-23 19:26:00,BATTERY,Violent,REPORTED BATTERY INCIDENT,STREET,0,0,20,37,51,06,2023,4,Sunday,19,2023-04
JB000542,2022-10-15 01:08:00,DECEPTIVE PRACTICE,Financial/Cyber,REPORTED DECEPTIVE PRACTICE INCIDENT,APARTMENT,0,0,8,29,69,05,2022,10,Saturday,1,2022-10
JB000543,2022-05-23 20:23:00,THEFT,Property,REPORTED THEFT INCIDENT,STREET,0,0,12,28,40,18,2022,5,Monday,20,2022-05
JB000544,2022-08-01 08:50:00,CRIMINAL DAMAGE,Property,REPORTED CRIMINAL DAMAGE INCIDENT,STREET,1,0,24,43,61,08B,2022,8,Monday,8,2022-08
JB000545,2022-11-22 15:42:00,ASSAULT,Violent,REPORTED ASSAULT INCIDENT,STREET,1,0,25,30,15,06,2022,11,Tuesday,15,2022-11
JB000546,2022-02-05 19:36:00,THEFT,Property,REPORTED THEFT INCIDENT,PARKING LOT / GARAGE,0,0,6,4,74,18,2022,2,Saturday,19,2022-02
JB000547,2022-05-04 21:55:00,ASSAULT,Violent,REPORTED ASSAULT INCIDENT,SMALL RETAIL STORE,0,0,12,30,46,11,2022,5,Wednesday,21,2022-05
JB000548,2023-01-06 14:52:00,BATTERY,Violent,REPORTED BATTERY INCIDENT,STREET,1,0,14,47,46,11,2023,1,Friday,14,2023-01
JB000549,2022-11-25 00:07:00,DECEPTIVE PRACTICE,Financial/Cyber,REPORTED DECEPTIVE PRACTICE INCIDENT,PARKING LOT / GARAGE,0,0,1,14,22,08B,2022,11,Friday,0,2022-11
JB000550,2023-11-23 14:05:00,CRIMINAL DAMAGE,Property,REPORTED CRIMINAL DAMAGE INCIDENT,STREET,0,0,19,23,25,05,2023,11,Thursday,14,2023-11
JB000551,2022-07-17 11:35:00,THEFT,Property,REPORTED THEFT INCIDENT,APARTMENT,0,0,3,4,33,26,2022,7,Sunday,11,2022-07
JB000552,2023-06-09 13:59:00,BATTERY,Violent,REPORTED BATTERY INCIDENT,RESIDENCE,1,0,16,22,28,08B,2023,6,Friday,13,2023-06
JB000553,2023-05-02 02:05:00,CRIMINAL DAMAGE,Property,REPORTED CRIMINAL DAMAGE INCIDENT,SIDEWALK,0,0,24,29,68,26,2023,5,Tuesday,2,2023-05
JB000554,2022-02-26 13:01:00,BATTERY,Violent,REPORTED BATTERY INCIDENT,CTA TRAIN / STATION,0,1,14,32,74,11,2022,2,Saturday,13,2022-02
JB000555,2022-01-16 20:20:00,OTHER OFFENSE,Other,REPORTED OTHER OFFENSE INCIDENT,APARTMENT,0,0,5,38,13,11,2022,1,Sunday,20,2022-01
JB000556,2023-11-08 12:27:00,BATTERY,Violent,REPORTED BATTERY INCIDENT,RESIDENCE,0,1,25,5,74,11,2023,11,Wednesday,12,2023-11
JB000557,2022-04-30 03:22:00,DECEPTIVE PRACTICE,Financial/Cyber,REPORTED DECEPTIVE PRACTICE INCIDENT,PARKING LOT / GARAGE,0,0,11,9,5,06,2022,4,Saturday,3,2022-04
JB000558,2022-10-21 04:48:00,THEFT,Property,REPORTED THEFT INCIDENT,SIDEWALK,0,0,11,45,30,18,2022,10,Friday,4,2022-10
JB000559,2023-09-16 20:26:00,CRIMINAL DAMAGE,Property,REPORTED CRIMINAL DAMAGE INCIDENT,SIDEWALK,0,0,22,9,69,05,2023,9,Saturday,20,2023-09
JB000560,2023-07-06 10:38:00,BURGLARY,Property,REPORTED BURGLARY INCIDENT,CTA TRAIN / STATION,0,0,5,37,38,11,2023,7,Thursday,10,2023-07
JB000561,2023-09-05 01:29:00,OTHER OFFENSE,Other,REPORTED OTHER OFFENSE INCIDENT,SIDEWALK,1,0,17,20,62,06,2023,9,Tuesday,1,2023-09
JB000562,2023-03-14 04:05:00,WEAPONS VIOLATION,Public Safety,REPORTED WEAPONS VIOLATION INCIDENT,RESIDENCE,1,0,7,21,59,14,2023,3,Tuesday,4,2023-03
JB000563,2023-01-02 16:06:00,CRIMINAL DAMAGE,Property,REPORTED CRIMINAL DAMAGE INCIDENT,STREET,0,0,18,5,6,03,2023,1,Monday,16,2023-01
JB000564,2022-04-12 14:58:00,BATTERY,Violent,REPORTED BATTERY INCIDENT,CTA TRAIN / STATION,0,0,16,50,12,26,2022,4,Tuesday,14,2022-04
JB000565,2023-11-15 14:06:00,DECEPTIVE PRACTICE,Financial/Cyber,REPORTED DECEPTIVE PRACTICE INCIDENT,CTA TRAIN / STATION,0,0,1,46,34,11,2023,11,Wednesday,14,2023-11
JB000566,2022-11-12 23:43:00,THEFT,Property,REPORTED THEFT INCIDENT,STREET,0,0,18,41,14,18,2022,11,Saturday,23,2022-11
JB000567,2023-02-17 23:13:00,DECEPTIVE PRACTICE,Financial/Cyber,REPORTED DECEPTIVE PRACTICE INCIDENT,STREET,0,0,12,8,42,18,2023,2,Friday,23,2023-02
JB000568,2022-02-19 02:59:00,ASSAULT,Violent,REPORTED ASSAULT INCIDENT,STREET,0,0,18,39,7,26,2022,2,Saturday,2,2022-02
JB000569,2023-08-14 11:26:00,THEFT,Property,REPORTED THEFT INCIDENT,SMALL RETAIL STORE,1,0,2,12,6,14,2023,8,Monday,11,2023-08
JB000570,2022-03-07 10:41:00,THEFT,Property,REPORTED THEFT INCIDENT,STREET,0,0,19,8,64,07,2022,3,Monday,10,2022-03
JB000571,2022-03-31 18:39:00,CRIMINAL DAMAGE,Property,REPORTED CRIMINAL DAMAGE INCIDENT,APARTMENT,1,0,4,23,26,18,2022,3,Thursday,18,2022-03
JB000572,2022-12-20 04:31:00,BATTERY,Violent,REPORTED BATTERY INCIDENT,STREET,0,1,17,48,20,05,2022,12,Tuesday,4,2022-12
JB000573,2023-10-06 11:36:00,MOTOR VEHICLE THEFT,Property,REPORTED MOTOR VEHICLE THEFT INCIDENT,PARKING LOT / GARAGE,0,0,4,38,33,08B,2023,10,Friday,11,2023-10
JB000574,2023-04-20 11:28:00,MOTOR VEHICLE THEFT,Property,REPORTED MOTOR VEHICLE THEFT INCIDENT,STREET,0,0,5,13,70,11,2023,4,Thursday,11,2023-04
JB000575,2022-04-15 00:28:00,ROBBERY,Violent,REPORTED ROBBERY INCIDENT,SIDEWALK,0,0,3,48,10,18,2022,4,Friday,0,2022-04
JB000576,2022-12-15 06:12:00,BATTERY,Violent,REPORTED BATTERY INCIDENT,APARTMENT,0,0,3,20,75,14,2022,12,Thursday,6,2022-12
JB000577,2022-09-25 19:53:00,THEFT,Property,REPORTED THEFT INCIDENT,STREET,0,0,11,26,76,14,2022,9,Sunday,19,2022-09
JB000578,2022-05-18 17:11:00,ASSAULT,Violent,REPORTED ASSAULT INCIDENT,STREET,0,1,9,25,75,05,2022,5,Wednesday,17,2022-05
JB000579,2023-07-15 19:06:00,MOTOR VEHICLE THEFT,Property,REPORTED MOTOR VEHICLE THEFT INCIDENT,RESTAURANT,0,0,8,8,8,03,2023,7,Saturday,19,2023-07
JB000580,2022-03-06 01:55:00,CRIMINAL DAMAGE,Property,REPORTED CRIMINAL DAMAGE INCIDENT,STREET,0,0,20,32,2,07,2022,3,Sunday,1,2022-03
JB000581,2023-12-29 07:08:00,CRIMINAL DAMAGE,Property,REPORTED CRIMINAL DAMAGE INCIDENT,RESIDENCE,0,0,17,7,54,05,2023,12,Friday,7,2023-12
JB000582,2023-11-11 00:30:00,ROBBERY,Violent,REPORTED ROBBERY INCIDENT,RESIDENCE,0,0,7,32,51,05,2023,11,Saturday,0,2023-11
JB000583,2023-03-13 12:09:00,DECEPTIVE PRACTICE,Financial/Cyber,REPORTED DECEPTIVE PRACTICE INCIDENT,STREET,0,0,12,7,50,05,2023,3,Monday,12,2023-03
JB000584,2022-09-02 23:35:00,BURGLARY,Property,REPORTED BURGLARY INCIDENT,SMALL RETAIL STORE,0,0,19,24,45,07,2022,9,Friday,23,2022-09
JB000585,2022-09-30 01:03:00,ASSAULT,Violent,REPORTED ASSAULT INCIDENT,STREET,0,0,15,11,47,08A,2022,9,Friday,1,2022-09
JB000586,2023-07-27 06:06:00,ROBBERY,Violent,REPORTED ROBBERY INCIDENT,SIDEWALK,0,0,2,12,11,18,2023,7,Thursday,6,2023-07
JB000587,2023-08-29 05:00:00,BATTERY,Violent,REPORTED BATTERY INCIDENT,APARTMENT,0,0,2,4,54,03,2023,8,Tuesday,5,2023-08
JB000588,2023-08-11 12:33:00,THEFT,Property,REPORTED THEFT INCIDENT,SIDEWALK,0,0,14,11,35,08B,2023,8,Friday,12,2023-08
JB000589,2023-10-30 21:47:00,THEFT,Property,REPORTED THEFT INCIDENT,CTA TRAIN / STATION,0,0,1,47,32,14,2023,10,Monday,21,2023-10
JB000590,2023-04-19 15:33:00,ROBBERY,Violent,REPORTED ROBBERY INCIDENT,SMALL RETAIL STORE,0,0,3,19,29,14,2023,4,Wednesday,15,2023-04
JB000591,2022-04-09 06:33:00,BATTERY,Violent,REPORTED BATTERY INCIDENT,RESTAURANT,0,0,10,22,25,08A,2022,4,Saturday,6,2022-04
JB000592,2023-02-06 10:27:00,BATTERY,Violent,REPORTED BATTERY INCIDENT,PARKING LOT / GARAGE,1,1,6,23,37,18,2023,2,Monday,10,2023-02
JB000593,2022-02-27 20:33:00,NARCOTICS,Public Order,REPORTED NARCOTICS INCIDENT,RESIDENCE,1,0,18,41,57,06,2022,2,Sunday,20,2022-02
JB000594,2023-08-24 20:52:00,CRIMINAL DAMAGE,Property,REPORTED CRIMINAL DAMAGE INCIDENT,COMMERCIAL / BUSINESS OFFICE,0,0,5,50,76,08B,2023,8,Thursday,20,2023-08
JB000595,2023-09-23 05:55:00,ASSAULT,Violent,REPORTED ASSAULT INCIDENT,APARTMENT,1,0,20,18,59,03,2023,9,Saturday,5,2023-09
JB000596,2023-09-14 14:55:00,THEFT,Property,REPORTED THEFT INCIDENT,RESIDENCE,1,0,18,4,28,07,2023,9,Thursday,14,2023-09
JB000597,2022-09-22 06:30:00,CRIMINAL DAMAGE,Property,REPORTED CRIMINAL DAMAGE INCIDENT,STREET,0,0,16,48,10,07,2022,9,Thursday,6,2022-09
JB000598,2023-12-02 01:20:00,CRIMINAL DAMAGE,Property,REPORTED CRIMINAL DAMAGE INCIDENT,STREET,0,0,24,19,33,11,2023,12,Saturday,1,2023-12
JB000599,2022-01-29 23:56:00,BATTERY,Violent,REPORTED BATTERY INCIDENT,SIDEWALK,1,0,25,15,23,08A,2022,1,Saturday,23,2022-01
JB000600,2023-03-30 22:47:00,NARCOTICS,Public Order,REPORTED NARCOTICS INCIDENT,STREET,1,0,17,47,27,14,2023,3,Thursday,22,2023-03
JB000601,2023-02-19 00:24:00,CRIMINAL TRESPASS,Property,REPORTED CRIMINAL TRESPASS INCIDENT,SIDEWALK,0,0,18,48,31,26,2023,2,Sunday,0,2023-02
JB000602,2023-09-30 03:11:00,BATTERY,Violent,REPORTED BATTERY INCIDENT,APARTMENT,0,1,2,41,40,18,2023,9,Saturday,3,2023-09
JB000603,2022-12-07 07:32:00,THEFT,Property,REPORTED THEFT INCIDENT,STREET,0,0,20,44,22,07,2022,12,Wednesday,7,2022-12
JB000604,2022-10-06 09:02:00,ASSAULT,Violent,REPORTED ASSAULT INCIDENT,RESIDENCE,1,1,2,36,74,26,2022,10,Thursday,9,2022-10
JB000605,2022-08-12 23:56:00,THEFT,Property,REPORTED THEFT INCIDENT,SIDEWALK,0,0,15,31,76,18,2022,8,Friday,23,2022-08
JB000606,2022-01-23 04:32:00,DECEPTIVE PRACTICE,Financial/Cyber,REPORTED DECEPTIVE PRACTICE INCIDENT,STREET,0,0,19,50,24,14,2022,1,Sunday,4,2022-01
JB000607,2023-02-09 12:12:00,DECEPTIVE PRACTICE,Financial/Cyber,REPORTED DECEPTIVE PRACTICE INCIDENT,PARKING LOT / GARAGE,0,0,17,25,46,11,2023,2,Thursday,12,2023-02
JB000608,2023-01-25 16:13:00,CRIMINAL TRESPASS,Property,REPORTED CRIMINAL TRESPASS INCIDENT,COMMERCIAL / BUSINESS OFFICE,1,0,10,18,77,06,2023,1,Wednesday,16,2023-01
JB000609,2023-07-09 10:50:00,THEFT,Property,REPORTED THEFT INCIDENT,APARTMENT,0,0,7,17,6,14,2023,7,Sunday,10,2023-07
JB000610,2023-09-27 14:01:00,CRIMINAL DAMAGE,Property,REPORTED CRIMINAL DAMAGE INCIDENT,RESIDENCE,0,0,3,1,21,03,2023,9,Wednesday,14,2023-09
JB000611,2023-08-08 23:40:00,WEAPONS VIOLATION,Public Safety,REPORTED WEAPONS VIOLATION INCIDENT,STREET,1,0,14,41,28,08B,2023,8,Tuesday,23,2023-08
JB000612,2023-06-10 06:04:00,THEFT,Property,REPORTED THEFT INCIDENT,STREET,0,0,6,1,72,05,2023,6,Saturday,6,2023-06
JB000613,2023-10-10 18:09:00,DECEPTIVE PRACTICE,Financial/Cyber,REPORTED DECEPTIVE PRACTICE INCIDENT,RESIDENCE,0,0,5,21,37,05,2023,10,Tuesday,18,2023-10
JB000614,2023-06-18 12:48:00,NARCOTICS,Public Order,REPORTED NARCOTICS INCIDENT,RESIDENCE,1,0,14,32,21,08A,2023,6,Sunday,12,2023-06
JB000615,2023-11-08 01:06:00,CRIMINAL DAMAGE,Property,REPORTED CRIMINAL DAMAGE INCIDENT,SMALL RETAIL STORE,0,0,17,18,41,18,2023,11,Wednesday,1,2023-11
JB000616,2023-10-01 10:47:00,ASSAULT,Violent,REPORTED ASSAULT INCIDENT,RESIDENCE,0,1,19,47,15,26,2023,10,Sunday,10,2023-10
JB000617,2023-02-02 22:08:00,CRIMINAL TRESPASS,Property,REPORTED CRIMINAL TRESPASS INCIDENT,RESIDENCE,0,0,8,22,54,07,2023,2,Thursday,22,2023-02
JB000618,2022-12-20 08:46:00,THEFT,Property,REPORTED THEFT INCIDENT,RESIDENCE,1,0,22,22,19,14,2022,12,Tuesday,8,2022-12
JB000619,2022-03-06 10:56:00,ASSAULT,Violent,REPORTED ASSAULT INCIDENT,STREET,0,1,2,3,44,26,2022,3,Sunday,10,2022-03
JB000620,2023-05-29 08:28:00,ASSAULT,Violent,REPORTED ASSAULT INCIDENT,STREET,0,0,16,35,50,06,2023,5,Monday,8,2023-05
JB000621,2023-07-28 20:47:00,OTHER OFFENSE,Other,REPORTED OTHER OFFENSE INCIDENT,RESIDENCE,1,0,2,43,67,08A,2023,7,Friday,20,2023-07
JB000622,2022-01-12 04:24:00,CRIMINAL DAMAGE,Property,REPORTED CRIMINAL DAMAGE INCIDENT,RESIDENCE,0,0,14,33,1,07,2022,1,Wednesday,4,2022-01
JB000623,2023-08-19 23:50:00,OTHER OFFENSE,Other,REPORTED OTHER OFFENSE INCIDENT,RESIDENCE,1,0,7,1,49,08A,2023,8,Saturday,23,2023-08
JB000624,2022-12-17 01:03:00,MOTOR VEHICLE THEFT,Property,REPORTED MOTOR VEHICLE THEFT INCIDENT,APARTMENT,0,0,22,38,72,06,2022,12,Saturday,1,2022-12
JB000625,2022-03-20 15:15:00,MOTOR VEHICLE THEFT,Property,REPORTED MOTOR VEHICLE THEFT INCIDENT,STREET,0,0,17,9,42,05,2022,3,Sunday,15,2022-03
JB000626,2023-07-07 18:16:00,THEFT,Property,REPORTED THEFT INCIDENT,APARTMENT,0,0,7,9,64,11,2023,7,Friday,18,2023-07
JB000627,2023-04-04 15:32:00,THEFT,Property,REPORTED THEFT INCIDENT,STREET,0,0,20,21,44,08B,2023,4,Tuesday,15,2023-04
JB000628,2022-12-16 00:38:00,BATTERY,Violent,REPORTED BATTERY INCIDENT,STREET,0,1,25,48,29,03,2022,12,Friday,0,2022-12
JB000629,2022-05-05 00:40:00,CRIMINAL DAMAGE,Property,REPORTED CRIMINAL DAMAGE INCIDENT,APARTMENT,0,0,20,40,9,07,2022,5,Thursday,0,2022-05
JB000630,2023-03-12 05:18:00,THEFT,Property,REPORTED THEFT INCIDENT,STREET,1,0,8,19,5,08A,2023,3,Sunday,5,2023-03
JB000631,2022-01-01 08:11:00,DECEPTIVE PRACTICE,Financial/Cyber,REPORTED DECEPTIVE PRACTICE INCIDENT,SMALL RETAIL STORE,0,0,22,40,37,07,2022,1,Saturday,8,2022-01
JB000632,2022-12-27 07:12:00,ASSAULT,Violent,REPORTED ASSAULT INCIDENT,STREET,0,0,1,24,47,08B,2022,12,Tuesday,7,2022-12
JB000633,2023-08-13 04:12:00,THEFT,Property,REPORTED THEFT INCIDENT,PARKING LOT / GARAGE,0,0,5,32,44,07,2023,8,Sunday,4,2023-08
JB000634,2022-09-12 08:51:00,CRIMINAL DAMAGE,Property,REPORTED CRIMINAL DAMAGE INCIDENT,RESIDENCE,0,0,8,14,16,14,2022,9,Monday,8,2022-09
JB000635,2022-07-19 11:32:00,BATTERY,Violent,REPORTED BATTERY INCIDENT,STREET,0,0,3,2,37,11,2022,7,Tuesday,11,2022-07
JB000636,2022-10-26 07:23:00,CRIMINAL DAMAGE,Property,REPORTED CRIMINAL DAMAGE INCIDENT,APARTMENT,0,0,7,44,12,08A,2022,10,Wednesday,7,2022-10
JB000637,2022-02-13 00:19:00,OTHER OFFENSE,Other,REPORTED OTHER OFFENSE INCIDENT,RESIDENCE,0,0,8,33,18,08B,2022,2,Sunday,0,2022-02
JB000638,2023-03-31 12:01:00,THEFT,Property,REPORTED THEFT INCIDENT,PARKING LOT / GARAGE,0,0,1,24,53,08B,2023,3,Friday,12,2023-03
JB000639,2023-10-22 17:02:00,MOTOR VEHICLE THEFT,Property,REPORTED MOTOR VEHICLE THEFT INCIDENT,RESIDENCE,0,0,8,36,60,08B,2023,10,Sunday,17,2023-10
JB000640,2022-12-05 07:30:00,ROBBERY,Violent,REPORTED ROBBERY INCIDENT,RESIDENCE,0,0,11,3,27,26,2022,12,Monday,7,2022-12
JB000641,2022-07-30 00:00:00,DECEPTIVE PRACTICE,Financial/Cyber,REPORTED DECEPTIVE PRACTICE INCIDENT,STREET,0,0,19,21,22,26,2022,7,Saturday,0,2022-07
JB000642,2022-06-16 10:14:00,BATTERY,Violent,REPORTED BATTERY INCIDENT,STREET,0,0,15,8,21,06,2022,6,Thursday,10,2022-06
JB000643,2023-06-04 17:48:00,BATTERY,Violent,REPORTED BATTERY INCIDENT,SMALL RETAIL STORE,0,0,1,41,63,05,2023,6,Sunday,17,2023-06
JB000644,2022-01-19 22:50:00,OTHER OFFENSE,Other,REPORTED OTHER OFFENSE INCIDENT,RESTAURANT,0,0,20,32,71,08A,2022,1,Wednesday,22,2022-01
JB000645,2023-12-12 12:15:00,THEFT,Property,REPORTED THEFT INCIDENT,COMMERCIAL / BUSINESS OFFICE,0,0,14,44,7,06,2023,12,Tuesday,12,2023-12
JB000646,2022-07-23 05:45:00,BATTERY,Violent,REPORTED BATTERY INCIDENT,PARKING LOT / GARAGE,1,0,16,50,76,26,2022,7,Saturday,5,2022-07
JB000647,2022-03-16 08:48:00,MOTOR VEHICLE THEFT,Property,REPORTED MOTOR VEHICLE THEFT INCIDENT,APARTMENT,0,0,10,45,56,08B,2022,3,Wednesday,8,2022-03
JB000648,2023-07-10 11:33:00,THEFT,Property,REPORTED THEFT INCIDENT,PARKING LOT / GARAGE,0,0,18,14,32,08B,2023,7,Monday,11,2023-07
JB000649,2023-12-10 00:29:00,THEFT,Property,REPORTED THEFT INCIDENT,RESIDENCE,0,0,25,31,32,11,2023,12,Sunday,0,2023-12
JB000650,2022-04-11 02:42:00,CRIMINAL DAMAGE,Property,REPORTED CRIMINAL DAMAGE INCIDENT,PARKING LOT / GARAGE,0,0,10,21,67,06,2022,4,Monday,2,2022-04
JB000651,2022-12-17 12:55:00,THEFT,Property,REPORTED THEFT INCIDENT,SMALL RETAIL STORE,0,0,25,34,29,18,2022,12,Saturday,12,2022-12
JB000652,2022-05-06 12:54:00,ASSAULT,Violent,REPORTED ASSAULT INCIDENT,SIDEWALK,0,0,25,15,54,11,2022,5,Friday,12,2022-05
JB000653,2022-03-23 16:36:00,ASSAULT,Violent,REPORTED ASSAULT INCIDENT,SIDEWALK,0,0,11,10,8,05,2022,3,Wednesday,16,2022-03
JB000654,2022-01-24 05:21:00,NARCOTICS,Public Order,REPORTED NARCOTICS INCIDENT,SIDEWALK,1,0,14,44,75,08B,2022,1,Monday,5,2022-01
JB000655,2022-04-19 02:26:00,THEFT,Property,REPORTED THEFT INCIDENT,RESIDENCE,0,0,14,12,18,05,2022,4,Tuesday,2,2022-04
JB000656,2022-07-20 20:23:00,THEFT,Property,REPORTED THEFT INCIDENT,APARTMENT,0,0,18,5,35,07,2022,7,Wednesday,20,2022-07
JB000657,2022-11-20 12:15:00,THEFT,Property,REPORTED THEFT INCIDENT,COMMERCIAL / BUSINESS OFFICE,0,0,7,18,55,07,2022,11,Sunday,12,2022-11
JB000658,2023-01-22 10:14:00,BATTERY,Violent,REPORTED BATTERY INCIDENT,APARTMENT,1,1,6,29,3,07,2023,1,Sunday,10,2023-01
JB000659,2022-05-16 11:33:00,BATTERY,Violent,REPORTED BATTERY INCIDENT,STREET,1,0,24,47,42,26,2022,5,Monday,11,2022-05
JB000660,2022-05-02 09:02:00,NARCOTICS,Public Order,REPORTED NARCOTICS INCIDENT,STREET,1,0,10,29,16,08A,2022,5,Monday,9,2022-05
JB000661,2023-08-28 22:05:00,BATTERY,Violent,REPORTED BATTERY INCIDENT,APARTMENT,0,0,19,27,46,06,2023,8,Monday,22,2023-08
JB000662,2023-10-13 06:35:00,THEFT,Property,REPORTED THEFT INCIDENT,RESTAURANT,0,0,10,43,31,18,2023,10,Friday,6,2023-10
JB000663,2023-10-30 12:40:00,BATTERY,Violent,REPORTED BATTERY INCIDENT,STREET,0,1,17,15,2,08A,2023,10,Monday,12,2023-10
JB000664,2023-04-03 03:37:00,THEFT,Property,REPORTED THEFT INCIDENT,COMMERCIAL / BUSINESS OFFICE,0,0,2,24,54,06,2023,4,Monday,3,2023-04
JB000665,2022-09-21 05:20:00,MOTOR VEHICLE THEFT,Property,REPORTED MOTOR VEHICLE THEFT INCIDENT,APARTMENT,0,0,1,42,21,14,2022,9,Wednesday,5,2022-09
JB000666,2023-03-16 11:31:00,MOTOR VEHICLE THEFT,Property,REPORTED MOTOR VEHICLE THEFT INCIDENT,STREET,0,0,11,23,60,05,2023,3,Thursday,11,2023-03
JB000667,2022-06-20 06:41:00,THEFT,Property,REPORTED THEFT INCIDENT,RESIDENCE,0,0,19,12,41,07,2022,6,Monday,6,2022-06
JB000668,2023-04-24 09:53:00,BATTERY,Violent,REPORTED BATTERY INCIDENT,STREET,0,0,6,48,77,08B,2023,4,Monday,9,2023-04
JB000669,2023-08-03 22:26:00,CRIMINAL DAMAGE,Property,REPORTED CRIMINAL DAMAGE INCIDENT,APARTMENT,0,0,3,4,34,07,2023,8,Thursday,22,2023-08
JB000670,2023-12-24 03:57:00,ASSAULT,Violent,REPORTED ASSAULT INCIDENT,RESIDENCE,0,0,25,3,66,11,2023,12,Sunday,3,2023-12
JB000671,2022-10-22 12:56:00,THEFT,Property,REPORTED THEFT INCIDENT,APARTMENT,0,0,5,9,8,07,2022,10,Saturday,12,2022-10
JB000672,2023-09-14 03:52:00,BATTERY,Violent,REPORTED BATTERY INCIDENT,RESTAURANT,0,0,20,3,63,05,2023,9,Thursday,3,2023-09
JB000673,2023-01-01 03:36:00,THEFT,Property,REPORTED THEFT INCIDENT,RESIDENCE,0,0,22,14,38,07,2023,1,Sunday,3,2023-01
JB000674,2023-11-29 20:04:00,MOTOR VEHICLE THEFT,Property,REPORTED MOTOR VEHICLE THEFT INCIDENT,RESIDENCE,0,0,24,9,23,03,2023,11,Wednesday,20,2023-11
JB000675,2022-01-10 11:23:00,BATTERY,Violent,REPORTED BATTERY INCIDENT,APARTMENT,0,0,15,2,39,08B,2022,1,Monday,11,2022-01
JB000676,2023-05-09 10:33:00,WEAPONS VIOLATION,Public Safety,REPORTED WEAPONS VIOLATION INCIDENT,PARKING LOT / GARAGE,1,0,4,47,56,08B,2023,5,Tuesday,10,2023-05
JB000677,2023-03-07 21:36:00,ASSAULT,Violent,REPORTED ASSAULT INCIDENT,APARTMENT,1,1,22,31,25,07,2023,3,Tuesday,21,2023-03
JB000678,2022-09-01 08:49:00,BATTERY,Violent,REPORTED BATTERY INCIDENT,STREET,0,0,8,50,59,08A,2022,9,Thursday,8,2022-09
JB000679,2023-09-01 19:26:00,BATTERY,Violent,REPORTED BATTERY INCIDENT,RESIDENCE,0,1,11,44,13,06,2023,9,Friday,19,2023-09
JB000680,2022-02-25 12:10:00,BATTERY,Violent,REPORTED BATTERY INCIDENT,STREET,0,0,9,20,20,14,2022,2,Friday,12,2022-02
JB000681,2023-03-19 13:52:00,BATTERY,Violent,REPORTED BATTERY INCIDENT,STREET,0,0,3,24,70,03,2023,3,Sunday,13,2023-03
JB000682,2023-11-10 16:52:00,THEFT,Property,REPORTED THEFT INCIDENT,SIDEWALK,0,0,9,2,43,03,2023,11,Friday,16,2023-11
JB000683,2023-12-11 16:10:00,OTHER OFFENSE,Other,REPORTED OTHER OFFENSE INCIDENT,APARTMENT,1,0,11,35,33,26,2023,12,Monday,16,2023-12
JB000684,2022-08-09 08:51:00,CRIMINAL DAMAGE,Property,REPORTED CRIMINAL DAMAGE INCIDENT,RESIDENCE,0,0,7,39,19,08B,2022,8,Tuesday,8,2022-08
JB000685,2023-01-25 10:38:00,BATTERY,Violent,REPORTED BATTERY INCIDENT,RESTAURANT,1,0,15,30,52,06,2023,1,Wednesday,10,2023-01
JB000686,2022-09-24 09:12:00,THEFT,Property,REPORTED THEFT INCIDENT,STREET,0,0,18,41,46,14,2022,9,Saturday,9,2022-09
JB000687,2023-12-02 11:01:00,DECEPTIVE PRACTICE,Financial/Cyber,REPORTED DECEPTIVE PRACTICE INCIDENT,RESIDENCE,0,0,7,23,25,03,2023,12,Saturday,11,2023-12
JB000688,2022-12-03 04:49:00,THEFT,Property,REPORTED THEFT INCIDENT,SIDEWALK,0,0,19,38,34,06,2022,12,Saturday,4,2022-12
JB000689,2023-06-27 14:28:00,BATTERY,Violent,REPORTED BATTERY INCIDENT,SIDEWALK,0,1,9,11,13,05,2023,6,Tuesday,14,2023-06
JB000690,2022-08-24 11:40:00,CRIMINAL TRESPASS,Property,REPORTED CRIMINAL TRESPASS INCIDENT,PARKING LOT / GARAGE,0,0,6,11,19,18,2022,8,Wednesday,11,2022-08
JB000691,2022-11-27 20:41:00,BATTERY,Violent,REPORTED BATTERY INCIDENT,RESIDENCE,1,0,20,13,35,06,2022,11,Sunday,20,2022-11
JB000692,2022-12-18 07:27:00,THEFT,Property,REPORTED THEFT INCIDENT,STREET,0,0,12,18,46,06,2022,12,Sunday,7,2022-12
JB000693,2023-09-22 15:53:00,MOTOR VEHICLE THEFT,Property,REPORTED MOTOR VEHICLE THEFT INCIDENT,RESIDENCE,0,0,12,33,57,08B,2023,9,Friday,15,2023-09
JB000694,2022-12-16 06:37:00,MOTOR VEHICLE THEFT,Property,REPORTED MOTOR VEHICLE THEFT INCIDENT,SIDEWALK,0,0,5,32,68,05,2022,12,Friday,6,2022-12
JB000695,2022-06-08 18:58:00,OTHER OFFENSE,Other,REPORTED OTHER OFFENSE INCIDENT,RESIDENCE,0,0,17,25,62,03,2022,6,Wednesday,18,2022-06
JB000696,2022-08-21 23:38:00,THEFT,Property,REPORTED THEFT INCIDENT,SIDEWALK,0,0,14,15,6,18,2022,8,Sunday,23,2022-08
JB000697,2023-02-21 07:43:00,THEFT,Property,REPORTED THEFT INCIDENT,PARKING LOT / GARAGE,0,0,14,17,70,18,2023,2,Tuesday,7,2023-02
JB000698,2022-01-30 11:13:00,THEFT,Property,REPORTED THEFT INCIDENT,PARKING LOT / GARAGE,0,0,2,20,3,26,2022,1,Sunday,11,2022-01
JB000699,2023-03-26 03:52:00,DECEPTIVE PRACTICE,Financial/Cyber,REPORTED DECEPTIVE PRACTICE INCIDENT,RESIDENCE,0,0,19,18,68,14,2023,3,Sunday,3,2023-03
JB000700,2023-10-15 14:49:00,CRIMINAL DAMAGE,Property,REPORTED CRIMINAL DAMAGE INCIDENT,STREET,0,0,16,16,34,05,2023,10,Sunday,14,2023-10
JB000701,2022-06-17 01:10:00,BATTERY,Violent,REPORTED BATTERY INCIDENT,STREET,0,0,17,35,70,18,2022,6,Friday,1,2022-06
JB000702,2022-02-27 22:06:00,CRIMINAL DAMAGE,Property,REPORTED CRIMINAL DAMAGE INCIDENT,STREET,0,0,20,42,52,03,2022,2,Sunday,22,2022-02
JB000703,2023-02-27 19:14:00,ASSAULT,Violent,REPORTED ASSAULT INCIDENT,STREET,0,1,17,33,11,26,2023,2,Monday,19,2023-02
JB000704,2022-11-28 04:01:00,OTHER OFFENSE,Other,REPORTED OTHER OFFENSE INCIDENT,PARKING LOT / GARAGE,1,0,16,4,72,14,2022,11,Monday,4,2022-11
JB000705,2022-08-15 09:21:00,ROBBERY,Violent,REPORTED ROBBERY INCIDENT,STREET,0,0,17,50,49,06,2022,8,Monday,9,2022-08
JB000706,2023-05-26 13:00:00,THEFT,Property,REPORTED THEFT INCIDENT,RESIDENCE,0,0,3,7,62,03,2023,5,Friday,13,2023-05
JB000707,2023-12-25 07:57:00,CRIMINAL DAMAGE,Property,REPORTED CRIMINAL DAMAGE INCIDENT,RESIDENCE,0,0,20,1,72,05,2023,12,Monday,7,2023-12
JB000708,2022-11-07 19:42:00,ROBBERY,Violent,REPORTED ROBBERY INCIDENT,STREET,0,0,17,47,4,26,2022,11,Monday,19,2022-11
JB000709,2022-09-18 11:59:00,DECEPTIVE PRACTICE,Financial/Cyber,REPORTED DECEPTIVE PRACTICE INCIDENT,STREET,0,0,1,29,52,07,2022,9,Sunday,11,2022-09
JB000710,2023-03-16 18:36:00,THEFT,Property,REPORTED THEFT INCIDENT,STREET,1,0,25,27,52,18,2023,3,Thursday,18,2023-03
JB000711,2022-01-16 00:08:00,WEAPONS VIOLATION,Public Safety,REPORTED WEAPONS VIOLATION INCIDENT,STREET,1,0,19,39,26,18,2022,1,Sunday,0,2022-01
JB000712,2023-06-03 01:14:00,CRIMINAL DAMAGE,Property,REPORTED CRIMINAL DAMAGE INCIDENT,APARTMENT,0,0,24,45,55,26,2023,6,Saturday,1,2023-06
JB000713,2022-06-03 02:06:00,CRIMINAL DAMAGE,Property,REPORTED CRIMINAL DAMAGE INCIDENT,SIDEWALK,1,0,15,21,26,18,2022,6,Friday,2,2022-06
JB000714,2023-09-09 06:00:00,BATTERY,Violent,REPORTED BATTERY INCIDENT,APARTMENT,1,1,9,14,71,06,2023,9,Saturday,6,2023-09
JB000715,2022-11-13 03:43:00,BATTERY,Violent,REPORTED BATTERY INCIDENT,SMALL RETAIL STORE,0,1,24,10,17,08A,2022,11,Sunday,3,2022-11
JB000716,2023-07-22 02:01:00,BATTERY,Violent,REPORTED BATTERY INCIDENT,COMMERCIAL / BUSINESS OFFICE,0,0,6,50,56,06,2023,7,Saturday,2,2023-07
JB000717,2022-11-24 11:00:00,THEFT,Property,REPORTED THEFT INCIDENT,SIDEWALK,0,0,25,23,50,05,2022,11,Thursday,11,2022-11
JB000718,2023-03-29 02:20:00,BATTERY,Violent,REPORTED BATTERY INCIDENT,APARTMENT,0,0,11,8,18,05,2023,3,Wednesday,2,2023-03
JB000719,2023-07-18 15:22:00,ASSAULT,Violent,REPORTED ASSAULT INCIDENT,STREET,0,0,24,47,75,11,2023,7,Tuesday,15,2023-07
JB000720,2022-07-12 16:29:00,CRIMINAL DAMAGE,Property,REPORTED CRIMINAL DAMAGE INCIDENT,RESIDENCE,0,0,8,12,31,07,2022,7,Tuesday,16,2022-07
JB000721,2023-08-09 00:49:00,BATTERY,Violent,REPORTED BATTERY INCIDENT,PARKING LOT / GARAGE,0,0,16,6,76,03,2023,8,Wednesday,0,2023-08
JB000722,2023-03-28 12:51:00,THEFT,Property,REPORTED THEFT INCIDENT,RESIDENCE,0,0,17,44,51,26,2023,3,Tuesday,12,2023-03
JB000723,2022-07-27 06:57:00,NARCOTICS,Public Order,REPORTED NARCOTICS INCIDENT,SIDEWALK,1,0,12,39,43,18,2022,7,Wednesday,6,2022-07
JB000724,2023-07-20 13:46:00,BATTERY,Violent,REPORTED BATTERY INCIDENT,STREET,1,1,19,15,19,14,2023,7,Thursday,13,2023-07
JB000725,2023-09-09 20:17:00,THEFT,Property,REPORTED THEFT INCIDENT,STREET,1,0,4,13,31,05,2023,9,Saturday,20,2023-09
JB000726,2022-08-18 03:39:00,NARCOTICS,Public Order,REPORTED NARCOTICS INCIDENT,STREET,1,0,11,24,13,06,2022,8,Thursday,3,2022-08
JB000727,2022-09-05 10:51:00,OTHER OFFENSE,Other,REPORTED OTHER OFFENSE INCIDENT,SMALL RETAIL STORE,0,0,14,47,2,06,2022,9,Monday,10,2022-09
JB000728,2023-08-03 20:27:00,CRIMINAL DAMAGE,Property,REPORTED CRIMINAL DAMAGE INCIDENT,SMALL RETAIL STORE,0,0,20,32,41,07,2023,8,Thursday,20,2023-08
JB000729,2022-05-26 17:51:00,THEFT,Property,REPORTED THEFT INCIDENT,SMALL RETAIL STORE,0,0,15,37,52,05,2022,5,Thursday,17,2022-05
JB000730,2022-03-25 19:07:00,THEFT,Property,REPORTED THEFT INCIDENT,PARKING LOT / GARAGE,0,0,20,24,6,26,2022,3,Friday,19,2022-03
JB000731,2022-11-12 17:20:00,DECEPTIVE PRACTICE,Financial/Cyber,REPORTED DECEPTIVE PRACTICE INCIDENT,SIDEWALK,1,0,19,23,52,03,2022,11,Saturday,17,2022-11
JB000732,2023-10-14 19:21:00,THEFT,Property,REPORTED THEFT INCIDENT,PARKING LOT / GARAGE,0,0,5,15,45,26,2023,10,Saturday,19,2023-10
JB000733,2023-06-15 22:11:00,BATTERY,Violent,REPORTED BATTERY INCIDENT,PARKING LOT / GARAGE,0,1,19,43,69,03,2023,6,Thursday,22,2023-06
JB000734,2022-11-01 14:14:00,DECEPTIVE PRACTICE,Financial/Cyber,REPORTED DECEPTIVE PRACTICE INCIDENT,RESIDENCE,0,0,10,5,11,11,2022,11,Tuesday,14,2022-11
JB000735,2022-04-27 10:41:00,BATTERY,Violent,REPORTED BATTERY INCIDENT,CTA TRAIN / STATION,1,1,9,20,74,05,2022,4,Wednesday,10,2022-04
JB000736,2022-12-26 11:32:00,BATTERY,Violent,REPORTED BATTERY INCIDENT,RESIDENCE,1,0,15,43,8,05,2022,12,Monday,11,2022-12
JB000737,2023-03-01 10:42:00,CRIMINAL DAMAGE,Property,REPORTED CRIMINAL DAMAGE INCIDENT,RESIDENCE,0,0,20,45,14,26,2023,3,Wednesday,10,2023-03
JB000738,2022-06-12 19:37:00,ROBBERY,Violent,REPORTED ROBBERY INCIDENT,STREET,0,0,18,29,54,03,2022,6,Sunday,19,2022-06
JB000739,2023-02-22 08:50:00,BATTERY,Violent,REPORTED BATTERY INCIDENT,APARTMENT,0,1,12,3,29,26,2023,2,Wednesday,8,2023-02
JB000740,2022-05-15 11:02:00,BATTERY,Violent,REPORTED BATTERY INCIDENT,RESIDENCE,0,0,12,33,14,08B,2022,5,Sunday,11,2022-05
JB000741,2022-06-01 08:53:00,OTHER OFFENSE,Other,REPORTED OTHER OFFENSE INCIDENT,STREET,0,0,17,9,33,08A,2022,6,Wednesday,8,2022-06
JB000742,2023-09-02 05:31:00,CRIMINAL DAMAGE,Property,REPORTED CRIMINAL DAMAGE INCIDENT,RESTAURANT,0,0,25,5,41,05,2023,9,Saturday,5,2023-09
JB000743,2022-06-24 02:46:00,MOTOR VEHICLE THEFT,Property,REPORTED MOTOR VEHICLE THEFT INCIDENT,STREET,0,0,5,44,65,07,2022,6,Friday,2,2022-06
JB000744,2023-07-26 22:27:00,BATTERY,Violent,REPORTED BATTERY INCIDENT,APARTMENT,1,1,4,20,32,26,2023,7,Wednesday,22,2023-07
JB000745,2022-07-24 05:35:00,DECEPTIVE PRACTICE,Financial/Cyber,REPORTED DECEPTIVE PRACTICE INCIDENT,RESIDENCE,0,0,16,11,38,06,2022,7,Sunday,5,2022-07
JB000746,2023-07-29 09:52:00,CRIMINAL DAMAGE,Property,REPORTED CRIMINAL DAMAGE INCIDENT,RESIDENCE,0,0,18,9,64,08B,2023,7,Saturday,9,2023-07
JB000747,2022-06-24 07:49:00,CRIMINAL DAMAGE,Property,REPORTED CRIMINAL DAMAGE INCIDENT,STREET,0,0,12,37,57,18,2022,6,Friday,7,2022-06
JB000748,2023-02-19 10:51:00,THEFT,Property,REPORTED THEFT INCIDENT,STREET,0,0,15,12,20,03,2023,2,Sunday,10,2023-02
JB000749,2023-01-17 03:23:00,THEFT,Property,REPORTED THEFT INCIDENT,SIDEWALK,0,0,1,42,3,18,2023,1,Tuesday,3,2023-01
JB000750,2022-05-12 15:23:00,CRIMINAL DAMAGE,Property,REPORTED CRIMINAL DAMAGE INCIDENT,STREET,0,0,10,1,7,11,2022,5,Thursday,15,2022-05
JB000751,2023-02-01 17:01:00,THEFT,Property,REPORTED THEFT INCIDENT,RESTAURANT,0,0,25,7,61,08B,2023,2,Wednesday,17,2023-02
JB000752,2022-03-27 07:23:00,MOTOR VEHICLE THEFT,Property,REPORTED MOTOR VEHICLE THEFT INCIDENT,APARTMENT,0,0,20,8,71,05,2022,3,Sunday,7,2022-03
JB000753,2023-07-30 11:54:00,CRIMINAL DAMAGE,Property,REPORTED CRIMINAL DAMAGE INCIDENT,SIDEWALK,0,0,15,33,66,08B,2023,7,Sunday,11,2023-07
JB000754,2022-08-20 18:29:00,THEFT,Property,REPORTED THEFT INCIDENT,STREET,0,0,22,7,62,08B,2022,8,Saturday,18,2022-08
JB000755,2023-05-14 16:59:00,NARCOTICS,Public Order,REPORTED NARCOTICS INCIDENT,RESIDENCE,1,0,18,5,63,26,2023,5,Sunday,16,2023-05
JB000756,2022-08-27 12:41:00,BATTERY,Violent,REPORTED BATTERY INCIDENT,RESIDENCE,0,1,9,42,24,11,2022,8,Saturday,12,2022-08
JB000757,2022-07-09 11:32:00,THEFT,Property,REPORTED THEFT INCIDENT,SMALL RETAIL STORE,0,0,7,25,3,06,2022,7,Saturday,11,2022-07
JB000758,2022-05-22 16:53:00,BURGLARY,Property,REPORTED BURGLARY INCIDENT,PARKING LOT / GARAGE,0,0,25,25,33,26,2022,5,Sunday,16,2022-05
JB000759,2022-03-11 15:42:00,THEFT,Property,REPORTED THEFT INCIDENT,PARKING LOT / GARAGE,0,0,20,28,38,06,2022,3,Friday,15,2022-03
JB000760,2023-08-15 19:57:00,CRIMINAL DAMAGE,Property,REPORTED CRIMINAL DAMAGE INCIDENT,SIDEWALK,0,0,5,25,7,14,2023,8,Tuesday,19,2023-08
JB000761,2022-07-05 14:41:00,THEFT,Property,REPORTED THEFT INCIDENT,STREET,0,0,14,6,45,07,2022,7,Tuesday,14,2022-07
JB000762,2023-09-14 17:07:00,BATTERY,Violent,REPORTED BATTERY INCIDENT,SMALL RETAIL STORE,0,0,15,4,17,06,2023,9,Thursday,17,2023-09
JB000763,2023-09-10 02:00:00,THEFT,Property,REPORTED THEFT INCIDENT,RESIDENCE,0,0,1,43,68,08B,2023,9,Sunday,2,2023-09
JB000764,2023-10-18 16:16:00,BATTERY,Violent,REPORTED BATTERY INCIDENT,STREET,1,0,4,16,28,07,2023,10,Wednesday,16,2023-10
JB000765,2023-07-01 16:56:00,MOTOR VEHICLE THEFT,Property,REPORTED MOTOR VEHICLE THEFT INCIDENT,PARKING LOT / GARAGE,0,0,25,21,55,03,2023,7,Saturday,16,2023-07
JB000766,2022-07-31 22:57:00,THEFT,Property,REPORTED THEFT INCIDENT,STREET,0,0,9,36,48,14,2022,7,Sunday,22,2022-07
JB000767,2023-09-27 06:38:00,MOTOR VEHICLE THEFT,Property,REPORTED MOTOR VEHICLE THEFT INCIDENT,SIDEWALK,0,0,3,49,16,03,2023,9,Wednesday,6,2023-09
JB000768,2023-10-29 12:48:00,THEFT,Property,REPORTED THEFT INCIDENT,APARTMENT,0,0,17,5,49,05,2023,10,Sunday,12,2023-10
JB000769,2022-07-08 12:26:00,DECEPTIVE PRACTICE,Financial/Cyber,REPORTED DECEPTIVE PRACTICE INCIDENT,SMALL RETAIL STORE,0,0,24,42,35,06,2022,7,Friday,12,2022-07
JB000770,2023-04-30 14:41:00,BATTERY,Violent,REPORTED BATTERY INCIDENT,APARTMENT,0,0,9,28,27,07,2023,4,Sunday,14,2023-04
JB000771,2023-12-23 00:37:00,CRIMINAL DAMAGE,Property,REPORTED CRIMINAL DAMAGE INCIDENT,STREET,0,0,9,33,61,14,2023,12,Saturday,0,2023-12
JB000772,2022-07-13 02:27:00,BURGLARY,Property,REPORTED BURGLARY INCIDENT,GROCERY FOOD STORE,0,0,11,37,61,08B,2022,7,Wednesday,2,2022-07
JB000773,2023-11-29 02:28:00,MOTOR VEHICLE THEFT,Property,REPORTED MOTOR VEHICLE THEFT INCIDENT,STREET,0,0,1,26,12,14,2023,11,Wednesday,2,2023-11
JB000774,2022-02-05 01:19:00,THEFT,Property,REPORTED THEFT INCIDENT,STREET,0,0,8,33,55,08B,2022,2,Saturday,1,2022-02
JB000775,2023-09-20 09:51:00,MOTOR VEHICLE THEFT,Property,REPORTED MOTOR VEHICLE THEFT INCIDENT,RESIDENCE,0,0,5,7,1,08B,2023,9,Wednesday,9,2023-09
JB000776,2023-06-07 17:21:00,MOTOR VEHICLE THEFT,Property,REPORTED MOTOR VEHICLE THEFT INCIDENT,GROCERY FOOD STORE,0,0,1,10,45,06,2023,6,Wednesday,17,2023-06
JB000777,2023-03-22 07:44:00,THEFT,Property,REPORTED THEFT INCIDENT,PARKING LOT / GARAGE,0,0,16,6,30,07,2023,3,Wednesday,7,2023-03
JB000778,2023-04-12 00:48:00,BATTERY,Violent,REPORTED BATTERY INCIDENT,APARTMENT,0,1,24,35,11,08B,2023,4,Wednesday,0,2023-04
JB000779,2023-12-10 22:25:00,WEAPONS VIOLATION,Public Safety,REPORTED WEAPONS VIOLATION INCIDENT,STREET,1,0,14,32,45,03,2023,12,Sunday,22,2023-12
JB000780,2022-08-04 03:46:00,THEFT,Property,REPORTED THEFT INCIDENT,RESIDENCE,0,0,25,15,18,26,2022,8,Thursday,3,2022-08
JB000781,2023-05-25 19:24:00,THEFT,Property,REPORTED THEFT INCIDENT,APARTMENT,0,0,15,27,65,07,2023,5,Thursday,19,2023-05
JB000782,2023-05-01 14:00:00,BATTERY,Violent,REPORTED BATTERY INCIDENT,STREET,0,1,4,28,74,03,2023,5,Monday,14,2023-05
JB000783,2023-04-12 16:21:00,MOTOR VEHICLE THEFT,Property,REPORTED MOTOR VEHICLE THEFT INCIDENT,PARKING LOT / GARAGE,0,0,3,49,14,26,2023,4,Wednesday,16,2023-04
JB000784,2022-06-03 00:56:00,CRIMINAL DAMAGE,Property,REPORTED CRIMINAL DAMAGE INCIDENT,STREET,0,0,4,8,14,26,2022,6,Friday,0,2022-06
JB000785,2023-09-27 11:30:00,THEFT,Property,REPORTED THEFT INCIDENT,STREET,0,0,25,44,2,07,2023,9,Wednesday,11,2023-09
JB000786,2022-05-06 09:08:00,MOTOR VEHICLE THEFT,Property,REPORTED MOTOR VEHICLE THEFT INCIDENT,RESIDENCE,0,0,20,2,67,06,2022,5,Friday,9,2022-05
JB000787,2022-09-24 18:24:00,BURGLARY,Property,REPORTED BURGLARY INCIDENT,RESIDENCE,0,0,18,38,17,14,2022,9,Saturday,18,2022-09
JB000788,2022-08-31 01:50:00,BATTERY,Violent,REPORTED BATTERY INCIDENT,RESIDENCE,1,0,24,7,3,18,2022,8,Wednesday,1,2022-08
JB000789,2023-03-20 17:44:00,BURGLARY,Property,REPORTED BURGLARY INCIDENT,RESIDENCE,0,0,17,7,14,11,2023,3,Monday,17,2023-03
JB000790,2022-06-08 03:55:00,THEFT,Property,REPORTED THEFT INCIDENT,STREET,0,0,8,45,62,08B,2022,6,Wednesday,3,2022-06
JB000791,2023-04-22 17:47:00,ASSAULT,Violent,REPORTED ASSAULT INCIDENT,COMMERCIAL / BUSINESS OFFICE,0,1,8,37,39,14,2023,4,Saturday,17,2023-04
JB000792,2022-02-08 22:10:00,CRIMINAL DAMAGE,Property,REPORTED CRIMINAL DAMAGE INCIDENT,RESIDENCE,0,0,10,6,51,06,2022,2,Tuesday,22,2022-02
JB000793,2023-10-02 08:09:00,ROBBERY,Violent,REPORTED ROBBERY INCIDENT,APARTMENT,0,0,2,37,45,18,2023,10,Monday,8,2023-10
JB000794,2022-06-15 17:22:00,THEFT,Property,REPORTED THEFT INCIDENT,SIDEWALK,0,0,7,32,47,14,2022,6,Wednesday,17,2022-06
JB000795,2022-11-12 02:09:00,ASSAULT,Violent,REPORTED ASSAULT INCIDENT,RESIDENCE,0,1,11,36,8,07,2022,11,Saturday,2,2022-11
JB000796,2023-10-23 14:06:00,DECEPTIVE PRACTICE,Financial/Cyber,REPORTED DECEPTIVE PRACTICE INCIDENT,APARTMENT,0,0,24,45,12,14,2023,10,Monday,14,2023-10
JB000797,2022-02-22 17:38:00,DECEPTIVE PRACTICE,Financial/Cyber,REPORTED DECEPTIVE PRACTICE INCIDENT,APARTMENT,0,0,5,47,32,03,2022,2,Tuesday,17,2022-02
JB000798,2022-12-03 03:46:00,CRIMINAL DAMAGE,Property,REPORTED CRIMINAL DAMAGE INCIDENT,APARTMENT,0,0,18,45,12,03,2022,12,Saturday,3,2022-12
JB000799,2022-04-16 07:32:00,DECEPTIVE PRACTICE,Financial/Cyber,REPORTED DECEPTIVE PRACTICE INCIDENT,RESIDENCE,0,0,17,48,65,18,2022,4,Saturday,7,2022-04
JB000800,2022-04-29 16:30:00,OTHER OFFENSE,Other,REPORTED OTHER OFFENSE INCIDENT,APARTMENT,0,0,3,36,11,08A,2022,4,Friday,16,2022-04
JB000801,2022-08-04 00:19:00,BATTERY,Violent,REPORTED BATTERY INCIDENT,SMALL RETAIL STORE,0,1,16,30,27,03,2022,8,Thursday,0,2022-08
JB000802,2023-10-25 00:53:00,BATTERY,Violent,REPORTED BATTERY INCIDENT,SIDEWALK,1,0,18,6,50,03,2023,10,Wednesday,0,2023-10
JB000803,2023-12-25 18:39:00,CRIMINAL DAMAGE,Property,REPORTED CRIMINAL DAMAGE INCIDENT,APARTMENT,1,0,9,23,49,18,2023,12,Monday,18,2023-12
JB000804,2022-10-07 19:57:00,THEFT,Property,REPORTED THEFT INCIDENT,APARTMENT,0,0,17,31,26,08B,2022,10,Friday,19,2022-10
JB000805,2023-09-06 00:43:00,OTHER OFFENSE,Other,REPORTED OTHER OFFENSE INCIDENT,RESIDENCE,1,0,18,10,6,03,2023,9,Wednesday,0,2023-09
JB000806,2023-11-13 15:01:00,OTHER OFFENSE,Other,REPORTED OTHER OFFENSE INCIDENT,SIDEWALK,0,0,22,37,18,26,2023,11,Monday,15,2023-11
JB000807,2023-10-15 03:09:00,ASSAULT,Violent,REPORTED ASSAULT INCIDENT,SMALL RETAIL STORE,1,0,7,35,75,03,2023,10,Sunday,3,2023-10
JB000808,2022-08-06 09:20:00,THEFT,Property,REPORTED THEFT INCIDENT,STREET,0,0,17,37,15,08A,2022,8,Saturday,9,2022-08
JB000809,2022-08-09 05:03:00,CRIMINAL DAMAGE,Property,REPORTED CRIMINAL DAMAGE INCIDENT,PARKING LOT / GARAGE,0,0,8,8,69,11,2022,8,Tuesday,5,2022-08
JB000810,2022-05-06 04:28:00,ASSAULT,Violent,REPORTED ASSAULT INCIDENT,RESIDENCE,0,0,15,35,44,18,2022,5,Friday,4,2022-05
JB000811,2022-09-05 21:06:00,BATTERY,Violent,REPORTED BATTERY INCIDENT,STREET,0,0,7,15,32,08A,2022,9,Monday,21,2022-09
JB000812,2023-09-05 00:32:00,BATTERY,Violent,REPORTED BATTERY INCIDENT,STREET,0,1,1,45,72,08B,2023,9,Tuesday,0,2023-09
JB000813,2022-09-30 16:09:00,BATTERY,Violent,REPORTED BATTERY INCIDENT,APARTMENT,0,0,3,10,75,06,2022,9,Friday,16,2022-09
JB000814,2022-09-12 05:06:00,DECEPTIVE PRACTICE,Financial/Cyber,REPORTED DECEPTIVE PRACTICE INCIDENT,APARTMENT,0,0,5,15,34,06,2022,9,Monday,5,2022-09
JB000815,2022-09-28 00:16:00,BATTERY,Violent,REPORTED BATTERY INCIDENT,APARTMENT,0,1,22,11,47,26,2022,9,Wednesday,0,2022-09
JB000816,2022-01-31 12:08:00,OTHER OFFENSE,Other,REPORTED OTHER OFFENSE INCIDENT,SMALL RETAIL STORE,1,0,10,45,39,08A,2022,1,Monday,12,2022-01
JB000817,2023-07-06 05:59:00,THEFT,Property,REPORTED THEFT INCIDENT,SIDEWALK,0,0,4,31,57,11,2023,7,Thursday,5,2023-07
JB000818,2022-10-10 11:13:00,THEFT,Property,REPORTED THEFT INCIDENT,PARKING LOT / GARAGE,0,0,15,7,27,08B,2022,10,Monday,11,2022-10
JB000819,2023-10-13 03:18:00,THEFT,Property,REPORTED THEFT INCIDENT,RESIDENCE,0,0,7,12,33,11,2023,10,Friday,3,2023-10
JB000820,2022-07-24 02:24:00,BATTERY,Violent,REPORTED BATTERY INCIDENT,STREET,0,1,15,48,72,26,2022,7,Sunday,2,2022-07
JB000821,2023-04-12 15:56:00,OTHER OFFENSE,Other,REPORTED OTHER OFFENSE INCIDENT,RESIDENCE,0,0,5,30,2,26,2023,4,Wednesday,15,2023-04
JB000822,2022-03-27 14:33:00,CRIMINAL DAMAGE,Property,REPORTED CRIMINAL DAMAGE INCIDENT,APARTMENT,0,0,19,16,52,18,2022,3,Sunday,14,2022-03
JB000823,2022-12-17 00:34:00,DECEPTIVE PRACTICE,Financial/Cyber,REPORTED DECEPTIVE PRACTICE INCIDENT,STREET,0,0,10,17,33,03,2022,12,Saturday,0,2022-12
JB000824,2023-09-28 21:52:00,BATTERY,Violent,REPORTED BATTERY INCIDENT,RESIDENCE,1,1,15,15,62,14,2023,9,Thursday,21,2023-09
JB000825,2023-09-07 02:38:00,THEFT,Property,REPORTED THEFT INCIDENT,SIDEWALK,0,0,2,28,2,03,2023,9,Thursday,2,2023-09
JB000826,2022-07-25 01:25:00,ROBBERY,Violent,REPORTED ROBBERY INCIDENT,SIDEWALK,0,0,19,43,55,26,2022,7,Monday,1,2022-07
JB000827,2022-01-09 02:37:00,THEFT,Property,REPORTED THEFT INCIDENT,STREET,0,0,12,21,75,06,2022,1,Sunday,2,2022-01
JB000828,2022-04-04 04:20:00,CRIMINAL DAMAGE,Property,REPORTED CRIMINAL DAMAGE INCIDENT,PARKING LOT / GARAGE,0,0,16,31,2,03,2022,4,Monday,4,2022-04
JB000829,2022-10-19 16:56:00,MOTOR VEHICLE THEFT,Property,REPORTED MOTOR VEHICLE THEFT INCIDENT,SIDEWALK,0,0,10,20,25,26,2022,10,Wednesday,16,2022-10
JB000830,2023-08-23 16:25:00,BATTERY,Violent,REPORTED BATTERY INCIDENT,STREET,0,0,3,47,17,14,2023,8,Wednesday,16,2023-08
JB000831,2022-02-19 08:51:00,THEFT,Property,REPORTED THEFT INCIDENT,SIDEWALK,1,0,6,25,31,08A,2022,2,Saturday,8,2022-02
JB000832,2023-04-08 13:18:00,THEFT,Property,REPORTED THEFT INCIDENT,RESIDENCE,0,0,11,40,50,03,2023,4,Saturday,13,2023-04
JB000833,2023-09-03 19:12:00,THEFT,Property,REPORTED THEFT INCIDENT,RESIDENCE,0,0,9,24,7,08A,2023,9,Sunday,19,2023-09
JB000834,2023-09-30 00:33:00,THEFT,Property,REPORTED THEFT INCIDENT,RESIDENCE,0,0,10,26,70,14,2023,9,Saturday,0,2023-09
JB000835,2022-02-06 17:27:00,DECEPTIVE PRACTICE,Financial/Cyber,REPORTED DECEPTIVE PRACTICE INCIDENT,STREET,0,0,16,48,7,14,2022,2,Sunday,17,2022-02
JB000836,2022-01-15 17:32:00,BATTERY,Violent,REPORTED BATTERY INCIDENT,APARTMENT,1,0,5,28,39,06,2022,1,Saturday,17,2022-01
JB000837,2023-04-22 08:27:00,BATTERY,Violent,REPORTED BATTERY INCIDENT,STREET,0,0,25,22,63,07,2023,4,Saturday,8,2023-04
JB000838,2023-10-17 21:57:00,BATTERY,Violent,REPORTED BATTERY INCIDENT,RESIDENCE,1,0,5,4,65,05,2023,10,Tuesday,21,2023-10
JB000839,2023-09-19 08:10:00,ROBBERY,Violent,REPORTED ROBBERY INCIDENT,STREET,0,0,9,49,72,05,2023,9,Tuesday,8,2023-09
JB000840,2023-07-24 20:23:00,ROBBERY,Violent,REPORTED ROBBERY INCIDENT,RESIDENCE,0,0,18,9,63,18,2023,7,Monday,20,2023-07
JB000841,2022-08-21 16:16:00,BURGLARY,Property,REPORTED BURGLARY INCIDENT,CTA TRAIN / STATION,0,0,14,46,7,03,2022,8,Sunday,16,2022-08
JB000842,2023-07-22 03:42:00,OTHER OFFENSE,Other,REPORTED OTHER OFFENSE INCIDENT,RESIDENCE,0,0,17,20,74,26,2023,7,Saturday,3,2023-07
JB000843,2023-01-14 09:52:00,DECEPTIVE PRACTICE,Financial/Cyber,REPORTED DECEPTIVE PRACTICE INCIDENT,RESIDENCE,0,0,8,7,36,07,2023,1,Saturday,9,2023-01
JB000844,2022-01-10 08:59:00,BURGLARY,Property,REPORTED BURGLARY INCIDENT,RESIDENCE,0,0,5,40,48,08A,2022,1,Monday,8,2022-01
JB000845,2022-12-21 10:23:00,MOTOR VEHICLE THEFT,Property,REPORTED MOTOR VEHICLE THEFT INCIDENT,SIDEWALK,0,0,3,16,42,07,2022,12,Wednesday,10,2022-12
JB000846,2023-05-18 09:40:00,CRIMINAL DAMAGE,Property,REPORTED CRIMINAL DAMAGE INCIDENT,COMMERCIAL / BUSINESS OFFICE,0,0,20,2,5,11,2023,5,Thursday,9,2023-05
JB000847,2022-08-10 16:07:00,DECEPTIVE PRACTICE,Financial/Cyber,REPORTED DECEPTIVE PRACTICE INCIDENT,APARTMENT,0,0,12,49,19,11,2022,8,Wednesday,16,2022-08
JB000848,2023-08-16 18:17:00,CRIMINAL DAMAGE,Property,REPORTED CRIMINAL DAMAGE INCIDENT,RESIDENCE,0,0,24,36,72,06,2023,8,Wednesday,18,2023-08
JB000849,2022-10-31 19:17:00,BATTERY,Violent,REPORTED BATTERY INCIDENT,COMMERCIAL / BUSINESS OFFICE,0,1,11,17,34,08B,2022,10,Monday,19,2022-10
JB000850,2022-06-24 18:47:00,BATTERY,Violent,REPORTED BATTERY INCIDENT,CTA TRAIN / STATION,0,1,19,48,69,26,2022,6,Friday,18,2022-06
JB000851,2023-06-05 11:27:00,THEFT,Property,REPORTED THEFT INCIDENT,RESIDENCE,0,0,7,31,56,03,2023,6,Monday,11,2023-06
JB000852,2023-11-22 09:06:00,THEFT,Property,REPORTED THEFT INCIDENT,SIDEWALK,1,0,14,13,72,07,2023,11,Wednesday,9,2023-11
JB000853,2022-02-13 12:34:00,CRIMINAL DAMAGE,Property,REPORTED CRIMINAL DAMAGE INCIDENT,STREET,0,0,15,26,42,08B,2022,2,Sunday,12,2022-02
JB000854,2023-11-17 23:47:00,DECEPTIVE PRACTICE,Financial/Cyber,REPORTED DECEPTIVE PRACTICE INCIDENT,APARTMENT,0,0,24,50,7,08B,2023,11,Friday,23,2023-11
JB000855,2023-04-01 14:34:00,CRIMINAL DAMAGE,Property,REPORTED CRIMINAL DAMAGE INCIDENT,RESIDENCE,0,0,20,15,22,18,2023,4,Saturday,14,2023-04
JB000856,2022-09-28 13:52:00,THEFT,Property,REPORTED THEFT INCIDENT,STREET,0,0,2,31,14,18,2022,9,Wednesday,13,2022-09
JB000857,2022-01-24 15:49:00,DECEPTIVE PRACTICE,Financial/Cyber,REPORTED DECEPTIVE PRACTICE INCIDENT,STREET,0,0,8,39,45,08A,2022,1,Monday,15,2022-01
JB000858,2022-12-17 13:02:00,DECEPTIVE PRACTICE,Financial/Cyber,REPORTED DECEPTIVE PRACTICE INCIDENT,RESIDENCE,0,0,10,23,69,18,2022,12,Saturday,13,2022-12
JB000859,2023-10-06 20:44:00,ROBBERY,Violent,REPORTED ROBBERY INCIDENT,STREET,0,0,8,35,20,07,2023,10,Friday,20,2023-10
JB000860,2022-12-21 07:33:00,MOTOR VEHICLE THEFT,Property,REPORTED MOTOR VEHICLE THEFT INCIDENT,SMALL RETAIL STORE,0,0,12,2,68,05,2022,12,Wednesday,7,2022-12
JB000861,2022-08-14 15:46:00,CRIMINAL DAMAGE,Property,REPORTED CRIMINAL DAMAGE INCIDENT,STREET,0,0,2,12,21,14,2022,8,Sunday,15,2022-08
JB000862,2022-03-21 23:01:00,CRIMINAL DAMAGE,Property,REPORTED CRIMINAL DAMAGE INCIDENT,RESIDENCE,0,0,1,40,40,07,2022,3,Monday,23,2022-03
JB000863,2022-06-27 23:45:00,THEFT,Property,REPORTED THEFT INCIDENT,RESIDENCE,0,0,12,12,59,26,2022,6,Monday,23,2022-06
JB000864,2022-01-29 09:57:00,THEFT,Property,REPORTED THEFT INCIDENT,STREET,0,0,3,19,26,14,2022,1,Saturday,9,2022-01
JB000865,2022-03-26 08:06:00,OTHER OFFENSE,Other,REPORTED OTHER OFFENSE INCIDENT,STREET,1,0,14,21,33,06,2022,3,Saturday,8,2022-03
JB000866,2022-07-18 09:15:00,THEFT,Property,REPORTED THEFT INCIDENT,PARKING LOT / GARAGE,0,0,1,26,39,14,2022,7,Monday,9,2022-07
JB000867,2022-07-10 19:38:00,OTHER OFFENSE,Other,REPORTED OTHER OFFENSE INCIDENT,RESIDENCE,1,0,17,16,72,11,2022,7,Sunday,19,2022-07
JB000868,2023-02-26 13:09:00,THEFT,Property,REPORTED THEFT INCIDENT,SMALL RETAIL STORE,0,0,2,2,53,18,2023,2,Sunday,13,2023-02
JB000869,2023-10-23 08:58:00,CRIMINAL DAMAGE,Property,REPORTED CRIMINAL DAMAGE INCIDENT,PARKING LOT / GARAGE,0,0,8,6,37,06,2023,10,Monday,8,2023-10
JB000870,2023-09-29 18:36:00,THEFT,Property,REPORTED THEFT INCIDENT,RESIDENCE,0,0,4,15,75,18,2023,9,Friday,18,2023-09
JB000871,2023-11-13 15:56:00,CRIMINAL TRESPASS,Property,REPORTED CRIMINAL TRESPASS INCIDENT,RESIDENCE,0,0,18,21,70,18,2023,11,Monday,15,2023-11
JB000872,2023-10-31 18:55:00,BATTERY,Violent,REPORTED BATTERY INCIDENT,SIDEWALK,0,1,6,22,7,07,2023,10,Tuesday,18,2023-10
JB000873,2022-07-26 22:31:00,BATTERY,Violent,REPORTED BATTERY INCIDENT,APARTMENT,1,1,9,13,25,03,2022,7,Tuesday,22,2022-07
JB000874,2023-11-06 04:29:00,OTHER OFFENSE,Other,REPORTED OTHER OFFENSE INCIDENT,STREET,0,0,19,24,27,08A,2023,11,Monday,4,2023-11
JB000875,2023-05-28 20:46:00,BATTERY,Violent,REPORTED BATTERY INCIDENT,SMALL RETAIL STORE,0,1,17,31,63,18,2023,5,Sunday,20,2023-05
JB000876,2022-04-23 14:38:00,MOTOR VEHICLE THEFT,Property,REPORTED MOTOR VEHICLE THEFT INCIDENT,SIDEWALK,0,0,22,21,38,08A,2022,4,Saturday,14,2022-04
JB000877,2022-02-23 13:29:00,THEFT,Property,REPORTED THEFT INCIDENT,APARTMENT,0,0,25,20,30,06,2022,2,Wednesday,13,2022-02
JB000878,2023-01-27 02:10:00,DECEPTIVE PRACTICE,Financial/Cyber,REPORTED DECEPTIVE PRACTICE INCIDENT,PARKING LOT / GARAGE,0,0,16,33,8,06,2023,1,Friday,2,2023-01
JB000879,2023-08-03 06:43:00,BATTERY,Violent,REPORTED BATTERY INCIDENT,APARTMENT,0,0,19,4,6,08A,2023,8,Thursday,6,2023-08
JB000880,2022-11-26 10:46:00,BATTERY,Violent,REPORTED BATTERY INCIDENT,SIDEWALK,1,0,25,32,60,07,2022,11,Saturday,10,2022-11
JB000881,2023-07-01 08:16:00,THEFT,Property,REPORTED THEFT INCIDENT,STREET,1,0,19,8,17,08B,2023,7,Saturday,8,2023-07
JB000882,2022-01-07 17:58:00,THEFT,Property,REPORTED THEFT INCIDENT,RESIDENCE,0,0,7,8,9,26,2022,1,Friday,17,2022-01
JB000883,2022-09-18 07:12:00,BATTERY,Violent,REPORTED BATTERY INCIDENT,RESIDENCE,0,0,5,47,24,06,2022,9,Sunday,7,2022-09
JB000884,2022-05-09 04:09:00,CRIMINAL DAMAGE,Property,REPORTED CRIMINAL DAMAGE INCIDENT,CTA TRAIN / STATION,0,0,20,36,40,03,2022,5,Monday,4,2022-05
JB000885,2022-05-09 13:12:00,NARCOTICS,Public Order,REPORTED NARCOTICS INCIDENT,RESIDENCE,1,0,18,36,6,14,2022,5,Monday,13,2022-05
JB000886,2023-03-09 07:50:00,DECEPTIVE PRACTICE,Financial/Cyber,REPORTED DECEPTIVE PRACTICE INCIDENT,RESIDENCE,1,0,24,41,57,06,2023,3,Thursday,7,2023-03
JB000887,2022-11-22 14:18:00,OTHER OFFENSE,Other,REPORTED OTHER OFFENSE INCIDENT,PARKING LOT / GARAGE,0,0,24,44,13,06,2022,11,Tuesday,14,2022-11
JB000888,2023-09-28 14:04:00,THEFT,Property,REPORTED THEFT INCIDENT,RESIDENCE,0,0,19,30,62,08B,2023,9,Thursday,14,2023-09
JB000889,2022-04-14 08:08:00,ASSAULT,Violent,REPORTED ASSAULT INCIDENT,APARTMENT,0,0,9,38,13,06,2022,4,Thursday,8,2022-04
JB000890,2023-11-12 17:16:00,CRIMINAL DAMAGE,Property,REPORTED CRIMINAL DAMAGE INCIDENT,RESTAURANT,0,0,5,45,34,18,2023,11,Sunday,17,2023-11
JB000891,2023-06-10 15:34:00,CRIMINAL DAMAGE,Property,REPORTED CRIMINAL DAMAGE INCIDENT,RESIDENCE,0,0,3,28,50,08B,2023,6,Saturday,15,2023-06
JB000892,2023-10-02 05:49:00,OTHER OFFENSE,Other,REPORTED OTHER OFFENSE INCIDENT,SIDEWALK,0,0,18,31,15,26,2023,10,Monday,5,2023-10
JB000893,2022-08-16 06:13:00,CRIMINAL DAMAGE,Property,REPORTED CRIMINAL DAMAGE INCIDENT,RESIDENCE,0,0,18,23,9,08B,2022,8,Tuesday,6,2022-08
JB000894,2023-04-26 23:59:00,OTHER OFFENSE,Other,REPORTED OTHER OFFENSE INCIDENT,STREET,0,0,16,39,21,26,2023,4,Wednesday,23,2023-04
JB000895,2023-01-18 00:34:00,CRIMINAL TRESPASS,Property,REPORTED CRIMINAL TRESPASS INCIDENT,STREET,1,0,9,5,5,05,2023,1,Wednesday,0,2023-01
JB000896,2023-11-12 19:22:00,BURGLARY,Property,REPORTED BURGLARY INCIDENT,SIDEWALK,1,0,5,9,54,26,2023,11,Sunday,19,2023-11
JB000897,2022-07-09 17:02:00,THEFT,Property,REPORTED THEFT INCIDENT,RESIDENCE,0,0,20,16,31,07,2022,7,Saturday,17,2022-07
JB000898,2023-07-10 20:54:00,CRIMINAL DAMAGE,Property,REPORTED CRIMINAL DAMAGE INCIDENT,STREET,0,0,10,44,27,03,2023,7,Monday,20,2023-07
JB000899,2023-01-15 18:28:00,OTHER OFFENSE,Other,REPORTED OTHER OFFENSE INCIDENT,RESIDENCE,0,0,25,4,42,11,2023,1,Sunday,18,2023-01
JB000900,2023-02-20 17:14:00,THEFT,Property,REPORTED THEFT INCIDENT,STREET,0,0,12,20,29,03,2023,2,Monday,17,2023-02
JB000901,2023-10-13 10:00:00,THEFT,Property,REPORTED THEFT INCIDENT,GROCERY FOOD STORE,0,0,24,44,59,07,2023,10,Friday,10,2023-10
JB000902,2023-03-15 22:21:00,MOTOR VEHICLE THEFT,Property,REPORTED MOTOR VEHICLE THEFT INCIDENT,STREET,0,0,2,37,14,05,2023,3,Wednesday,22,2023-03
JB000903,2023-12-08 23:32:00,ROBBERY,Violent,REPORTED ROBBERY INCIDENT,STREET,0,0,25,2,67,06,2023,12,Friday,23,2023-12
JB000904,2023-06-28 06:45:00,THEFT,Property,REPORTED THEFT INCIDENT,RESIDENCE,0,0,5,48,59,03,2023,6,Wednesday,6,2023-06
JB000905,2022-11-23 22:22:00,BATTERY,Violent,REPORTED BATTERY INCIDENT,SIDEWALK,1,1,16,8,16,26,2022,11,Wednesday,22,2022-11
JB000906,2022-02-12 00:15:00,CRIMINAL DAMAGE,Property,REPORTED CRIMINAL DAMAGE INCIDENT,RESIDENCE,0,0,14,17,48,06,2022,2,Saturday,0,2022-02
JB000907,2023-08-26 11:37:00,BATTERY,Violent,REPORTED BATTERY INCIDENT,STREET,0,0,1,9,20,05,2023,8,Saturday,11,2023-08
JB000908,2023-11-04 02:40:00,THEFT,Property,REPORTED THEFT INCIDENT,SMALL RETAIL STORE,0,0,12,8,4,08B,2023,11,Saturday,2,2023-11
JB000909,2023-07-04 06:40:00,NARCOTICS,Public Order,REPORTED NARCOTICS INCIDENT,STREET,1,0,15,48,69,26,2023,7,Tuesday,6,2023-07
JB000910,2023-12-15 01:59:00,CRIMINAL DAMAGE,Property,REPORTED CRIMINAL DAMAGE INCIDENT,RESIDENCE,0,0,25,12,32,26,2023,12,Friday,1,2023-12
JB000911,2022-01-14 23:45:00,NARCOTICS,Public Order,REPORTED NARCOTICS INCIDENT,RESIDENCE,1,0,11,31,3,08B,2022,1,Friday,23,2022-01
JB000912,2023-11-25 03:10:00,OTHER OFFENSE,Other,REPORTED OTHER OFFENSE INCIDENT,APARTMENT,0,0,12,5,62,05,2023,11,Saturday,3,2023-11
JB000913,2023-08-17 01:23:00,THEFT,Property,REPORTED THEFT INCIDENT,STREET,0,0,6,2,15,05,2023,8,Thursday,1,2023-08
JB000914,2023-07-18 20:58:00,BATTERY,Violent,REPORTED BATTERY INCIDENT,CTA TRAIN / STATION,1,0,11,34,37,11,2023,7,Tuesday,20,2023-07
JB000915,2022-09-22 01:45:00,CRIMINAL DAMAGE,Property,REPORTED CRIMINAL DAMAGE INCIDENT,RESIDENCE,0,0,7,12,55,06,2022,9,Thursday,1,2022-09
JB000916,2022-12-18 18:29:00,DECEPTIVE PRACTICE,Financial/Cyber,REPORTED DECEPTIVE PRACTICE INCIDENT,RESIDENCE,0,0,8,22,58,06,2022,12,Sunday,18,2022-12
JB000917,2023-07-31 22:45:00,OTHER OFFENSE,Other,REPORTED OTHER OFFENSE INCIDENT,STREET,0,0,25,2,52,06,2023,7,Monday,22,2023-07
JB000918,2022-05-07 00:06:00,ASSAULT,Violent,REPORTED ASSAULT INCIDENT,RESIDENCE,0,1,6,46,10,08A,2022,5,Saturday,0,2022-05
JB000919,2023-10-19 15:19:00,ROBBERY,Violent,REPORTED ROBBERY INCIDENT,RESIDENCE,0,0,15,31,26,11,2023,10,Thursday,15,2023-10
JB000920,2023-10-02 21:01:00,THEFT,Property,REPORTED THEFT INCIDENT,STREET,0,0,12,26,34,26,2023,10,Monday,21,2023-10
JB000921,2023-04-02 03:54:00,CRIMINAL TRESPASS,Property,REPORTED CRIMINAL TRESPASS INCIDENT,APARTMENT,1,0,9,46,39,11,2023,4,Sunday,3,2023-04
JB000922,2023-12-07 18:54:00,ASSAULT,Violent,REPORTED ASSAULT INCIDENT,RESIDENCE,0,1,15,20,40,11,2023,12,Thursday,18,2023-12
JB000923,2022-01-24 02:21:00,MOTOR VEHICLE THEFT,Property,REPORTED MOTOR VEHICLE THEFT INCIDENT,STREET,0,0,2,36,7,18,2022,1,Monday,2,2022-01
JB000924,2022-07-26 06:49:00,THEFT,Property,REPORTED THEFT INCIDENT,STREET,0,0,5,25,31,03,2022,7,Tuesday,6,2022-07
JB000925,2023-05-06 10:54:00,CRIMINAL DAMAGE,Property,REPORTED CRIMINAL DAMAGE INCIDENT,CTA TRAIN / STATION,0,0,8,50,52,07,2023,5,Saturday,10,2023-05
JB000926,2022-08-23 08:17:00,THEFT,Property,REPORTED THEFT INCIDENT,STREET,0,0,18,50,44,14,2022,8,Tuesday,8,2022-08
JB000927,2022-04-04 07:20:00,OTHER OFFENSE,Other,REPORTED OTHER OFFENSE INCIDENT,RESIDENCE,1,0,12,9,9,18,2022,4,Monday,7,2022-04
JB000928,2022-07-14 16:27:00,THEFT,Property,REPORTED THEFT INCIDENT,STREET,1,0,10,26,23,06,2022,7,Thursday,16,2022-07
JB000929,2022-09-09 12:56:00,THEFT,Property,REPORTED THEFT INCIDENT,RESIDENCE,1,0,20,7,74,18,2022,9,Friday,12,2022-09
JB000930,2023-08-14 13:30:00,DECEPTIVE PRACTICE,Financial/Cyber,REPORTED DECEPTIVE PRACTICE INCIDENT,RESIDENCE,0,0,7,6,49,26,2023,8,Monday,13,2023-08
JB000931,2023-04-06 13:42:00,CRIMINAL TRESPASS,Property,REPORTED CRIMINAL TRESPASS INCIDENT,RESIDENCE,1,0,22,43,14,06,2023,4,Thursday,13,2023-04
JB000932,2023-03-06 06:11:00,THEFT,Property,REPORTED THEFT INCIDENT,RESIDENCE,0,0,25,19,17,05,2023,3,Monday,6,2023-03
JB000933,2023-09-30 22:26:00,THEFT,Property,REPORTED THEFT INCIDENT,COMMERCIAL / BUSINESS OFFICE,0,0,20,20,53,18,2023,9,Saturday,22,2023-09
JB000934,2022-05-04 08:30:00,BATTERY,Violent,REPORTED BATTERY INCIDENT,STREET,0,0,1,47,15,08B,2022,5,Wednesday,8,2022-05
JB000935,2022-04-21 04:10:00,ASSAULT,Violent,REPORTED ASSAULT INCIDENT,STREET,0,0,16,10,14,06,2022,4,Thursday,4,2022-04
JB000936,2022-12-28 09:32:00,ASSAULT,Violent,REPORTED ASSAULT INCIDENT,STREET,0,0,14,31,54,03,2022,12,Wednesday,9,2022-12
JB000937,2022-03-18 21:40:00,ASSAULT,Violent,REPORTED ASSAULT INCIDENT,SMALL RETAIL STORE,0,0,15,42,32,11,2022,3,Friday,21,2022-03
JB000938,2022-10-25 16:47:00,THEFT,Property,REPORTED THEFT INCIDENT,APARTMENT,0,0,8,26,57,03,2022,10,Tuesday,16,2022-10
JB000939,2022-03-20 17:18:00,ASSAULT,Violent,REPORTED ASSAULT INCIDENT,PARKING LOT / GARAGE,0,0,17,5,61,03,2022,3,Sunday,17,2022-03
JB000940,2023-11-13 06:39:00,MOTOR VEHICLE THEFT,Property,REPORTED MOTOR VEHICLE THEFT INCIDENT,STREET,0,0,16,11,54,14,2023,11,Monday,6,2023-11
JB000941,2022-08-28 05:45:00,THEFT,Property,REPORTED THEFT INCIDENT,RESIDENCE,0,0,4,44,74,26,2022,8,Sunday,5,2022-08
JB000942,2022-04-21 01:51:00,MOTOR VEHICLE THEFT,Property,REPORTED MOTOR VEHICLE THEFT INCIDENT,RESIDENCE,0,0,4,14,34,06,2022,4,Thursday,1,2022-04
JB000943,2022-07-05 17:23:00,BURGLARY,Property,REPORTED BURGLARY INCIDENT,RESIDENCE,0,0,25,9,21,06,2022,7,Tuesday,17,2022-07
JB000944,2023-01-11 21:49:00,CRIMINAL DAMAGE,Property,REPORTED CRIMINAL DAMAGE INCIDENT,RESIDENCE,0,0,19,2,8,05,2023,1,Wednesday,21,2023-01
JB000945,2022-05-13 04:34:00,CRIMINAL DAMAGE,Property,REPORTED CRIMINAL DAMAGE INCIDENT,SIDEWALK,0,0,22,44,67,06,2022,5,Friday,4,2022-05
JB000946,2023-07-13 11:52:00,ROBBERY,Violent,REPORTED ROBBERY INCIDENT,STREET,0,0,11,12,65,08B,2023,7,Thursday,11,2023-07
JB000947,2023-12-21 10:34:00,THEFT,Property,REPORTED THEFT INCIDENT,RESIDENCE,0,0,3,33,13,18,2023,12,Thursday,10,2023-12
JB000948,2022-05-28 16:10:00,THEFT,Property,REPORTED THEFT INCIDENT,RESIDENCE,0,0,14,39,14,08A,2022,5,Saturday,16,2022-05
JB000949,2022-03-18 22:48:00,BURGLARY,Property,REPORTED BURGLARY INCIDENT,RESIDENCE,0,0,20,27,75,14,2022,3,Friday,22,2022-03
JB000950,2023-08-19 14:05:00,DECEPTIVE PRACTICE,Financial/Cyber,REPORTED DECEPTIVE PRACTICE INCIDENT,APARTMENT,0,0,15,5,76,07,2023,8,Saturday,14,2023-08
JB000951,2022-09-14 05:16:00,BATTERY,Violent,REPORTED BATTERY INCIDENT,RESIDENCE,0,0,14,44,30,14,2022,9,Wednesday,5,2022-09
JB000952,2023-04-13 13:34:00,CRIMINAL DAMAGE,Property,REPORTED CRIMINAL DAMAGE INCIDENT,STREET,0,0,20,3,54,08A,2023,4,Thursday,13,2023-04
JB000953,2022-08-28 08:03:00,BURGLARY,Property,REPORTED BURGLARY INCIDENT,RESIDENCE,0,0,14,45,76,11,2022,8,Sunday,8,2022-08
JB000954,2023-12-14 01:29:00,THEFT,Property,REPORTED THEFT INCIDENT,RESIDENCE,0,0,8,35,77,14,2023,12,Thursday,1,2023-12
JB000955,2023-03-19 07:49:00,CRIMINAL TRESPASS,Property,REPORTED CRIMINAL TRESPASS INCIDENT,STREET,1,0,22,36,6,14,2023,3,Sunday,7,2023-03
JB000956,2023-02-28 22:48:00,CRIMINAL DAMAGE,Property,REPORTED CRIMINAL DAMAGE INCIDENT,SIDEWALK,0,0,2,9,45,14,2023,2,Tuesday,22,2023-02
JB000957,2022-05-01 23:28:00,ROBBERY,Violent,REPORTED ROBBERY INCIDENT,RESIDENCE,0,0,16,27,57,03,2022,5,Sunday,23,2022-05
JB000958,2023-12-19 11:18:00,NARCOTICS,Public Order,REPORTED NARCOTICS INCIDENT,STREET,1,0,3,36,19,26,2023,12,Tuesday,11,2023-12
JB000959,2023-02-07 03:31:00,CRIMINAL TRESPASS,Property,REPORTED CRIMINAL TRESPASS INCIDENT,RESIDENCE,0,0,24,5,16,06,2023,2,Tuesday,3,2023-02
JB000960,2022-07-27 19:23:00,ASSAULT,Violent,REPORTED ASSAULT INCIDENT,STREET,0,0,17,21,28,14,2022,7,Wednesday,19,2022-07
JB000961,2022-03-12 23:40:00,CRIMINAL DAMAGE,Property,REPORTED CRIMINAL DAMAGE INCIDENT,STREET,0,0,14,43,41,26,2022,3,Saturday,23,2022-03
JB000962,2023-06-22 06:26:00,THEFT,Property,REPORTED THEFT INCIDENT,RESTAURANT,0,0,18,9,47,14,2023,6,Thursday,6,2023-06
JB000963,2022-06-08 11:26:00,CRIMINAL DAMAGE,Property,REPORTED CRIMINAL DAMAGE INCIDENT,APARTMENT,0,0,15,28,8,07,2022,6,Wednesday,11,2022-06
JB000964,2023-08-09 14:30:00,THEFT,Property,REPORTED THEFT INCIDENT,STREET,0,0,8,27,27,05,2023,8,Wednesday,14,2023-08
JB000965,2023-11-26 21:20:00,ASSAULT,Violent,REPORTED ASSAULT INCIDENT,SIDEWALK,0,0,15,1,24,11,2023,11,Sunday,21,2023-11
JB000966,2022-04-08 06:19:00,BATTERY,Violent,REPORTED BATTERY INCIDENT,STREET,1,0,25,43,8,14,2022,4,Friday,6,2022-04
JB000967,2022-03-07 07:10:00,BATTERY,Violent,REPORTED BATTERY INCIDENT,PARKING LOT / GARAGE,0,0,11,28,7,14,2022,3,Monday,7,2022-03
JB000968,2022-04-09 22:42:00,THEFT,Property,REPORTED THEFT INCIDENT,PARKING LOT / GARAGE,0,0,5,15,53,18,2022,4,Saturday,22,2022-04
JB000969,2023-11-26 20:38:00,BATTERY,Violent,REPORTED BATTERY INCIDENT,STREET,0,0,6,23,11,14,2023,11,Sunday,20,2023-11
JB000970,2023-09-16 04:15:00,MOTOR VEHICLE THEFT,Property,REPORTED MOTOR VEHICLE THEFT INCIDENT,RESTAURANT,0,0,22,45,42,03,2023,9,Saturday,4,2023-09
JB000971,2023-12-15 00:02:00,CRIMINAL DAMAGE,Property,REPORTED CRIMINAL DAMAGE INCIDENT,RESIDENCE,0,0,19,39,61,08A,2023,12,Friday,0,2023-12
JB000972,2022-04-07 11:09:00,THEFT,Property,REPORTED THEFT INCIDENT,STREET,0,0,1,14,24,03,2022,4,Thursday,11,2022-04
JB000973,2022-03-28 05:52:00,DECEPTIVE PRACTICE,Financial/Cyber,REPORTED DECEPTIVE PRACTICE INCIDENT,SIDEWALK,0,0,5,16,10,11,2022,3,Monday,5,2022-03
JB000974,2022-11-17 02:40:00,ROBBERY,Violent,REPORTED ROBBERY INCIDENT,RESIDENCE,0,0,25,45,12,05,2022,11,Thursday,2,2022-11
JB000975,2022-06-09 11:39:00,THEFT,Property,REPORTED THEFT INCIDENT,RESIDENCE,0,0,9,10,45,08B,2022,6,Thursday,11,2022-06
JB000976,2023-11-21 15:05:00,CRIMINAL DAMAGE,Property,REPORTED CRIMINAL DAMAGE INCIDENT,RESIDENCE,0,0,10,48,67,26,2023,11,Tuesday,15,2023-11
JB000977,2022-12-14 16:49:00,DECEPTIVE PRACTICE,Financial/Cyber,REPORTED DECEPTIVE PRACTICE INCIDENT,SIDEWALK,0,0,14,39,18,08B,2022,12,Wednesday,16,2022-12
JB000978,2023-06-01 19:43:00,ROBBERY,Violent,REPORTED ROBBERY INCIDENT,STREET,1,0,2,13,54,08A,2023,6,Thursday,19,2023-06
JB000979,2022-11-15 09:00:00,BATTERY,Violent,REPORTED BATTERY INCIDENT,APARTMENT,0,0,24,5,28,03,2022,11,Tuesday,9,2022-11
JB000980,2023-04-26 02:25:00,ASSAULT,Violent,REPORTED ASSAULT INCIDENT,STREET,0,0,11,40,49,11,2023,4,Wednesday,2,2023-04
JB000981,2022-10-25 01:32:00,CRIMINAL TRESPASS,Property,REPORTED CRIMINAL TRESPASS INCIDENT,STREET,0,0,19,29,63,26,2022,10,Tuesday,1,2022-10
JB000982,2022-03-08 17:45:00,THEFT,Property,REPORTED THEFT INCIDENT,STREET,0,0,3,6,19,14,2022,3,Tuesday,17,2022-03
JB000983,2023-01-20 15:53:00,THEFT,Property,REPORTED THEFT INCIDENT,SMALL RETAIL STORE,0,0,22,33,52,11,2023,1,Friday,15,2023-01
JB000984,2023-10-21 19:38:00,BATTERY,Violent,REPORTED BATTERY INCIDENT,STREET,1,0,9,15,17,07,2023,10,Saturday,19,2023-10
JB000985,2022-12-15 17:36:00,THEFT,Property,REPORTED THEFT INCIDENT,APARTMENT,0,0,19,39,75,08B,2022,12,Thursday,17,2022-12
JB000986,2023-02-10 11:29:00,BATTERY,Violent,REPORTED BATTERY INCIDENT,APARTMENT,0,0,18,13,31,14,2023,2,Friday,11,2023-02
JB000987,2023-10-09 19:03:00,CRIMINAL TRESPASS,Property,REPORTED CRIMINAL TRESPASS INCIDENT,RESIDENCE,0,0,6,30,54,14,2023,10,Monday,19,2023-10
JB000988,2022-08-11 08:45:00,THEFT,Property,REPORTED THEFT INCIDENT,PARKING LOT / GARAGE,0,0,16,29,76,05,2022,8,Thursday,8,2022-08
JB000989,2022-03-09 10:01:00,ASSAULT,Violent,REPORTED ASSAULT INCIDENT,PARKING LOT / GARAGE,0,1,24,15,49,08B,2022,3,Wednesday,10,2022-03
JB000990,2022-03-21 21:59:00,BURGLARY,Property,REPORTED BURGLARY INCIDENT,STREET,0,0,14,22,10,11,2022,3,Monday,21,2022-03
JB000991,2023-06-21 23:32:00,CRIMINAL TRESPASS,Property,REPORTED CRIMINAL TRESPASS INCIDENT,SIDEWALK,0,0,12,39,38,11,2023,6,Wednesday,23,2023-06
JB000992,2022-08-05 00:11:00,NARCOTICS,Public Order,REPORTED NARCOTICS INCIDENT,APARTMENT,1,0,22,1,37,07,2022,8,Friday,0,2022-08
JB000993,2022-12-14 15:58:00,BATTERY,Violent,REPORTED BATTERY INCIDENT,STREET,0,0,2,25,15,18,2022,12,Wednesday,15,2022-12
JB000994,2022-04-02 06:58:00,THEFT,Property,REPORTED THEFT INCIDENT,RESIDENCE,0,0,11,16,39,08A,2022,4,Saturday,6,2022-04
JB000995,2022-05-17 07:01:00,ASSAULT,Violent,REPORTED ASSAULT INCIDENT,RESIDENCE,0,0,4,43,6,03,2022,5,Tuesday,7,2022-05
JB000996,2023-05-28 09:38:00,BURGLARY,Property,REPORTED BURGLARY INCIDENT,STREET,0,0,2,23,9,26,2023,5,Sunday,9,2023-05
JB000997,2022-11-09 12:38:00,DECEPTIVE PRACTICE,Financial/Cyber,REPORTED DECEPTIVE PRACTICE INCIDENT,SIDEWALK,0,0,6,19,75,11,2022,11,Wednesday,12,2022-11
JB000998,2022-11-17 19:25:00,THEFT,Property,REPORTED THEFT INCIDENT,STREET,0,0,4,40,24,26,2022,11,Thursday,19,2022-11
JB000999,2023-01-23 10:36:00,NARCOTICS,Public Order,REPORTED NARCOTICS INCIDENT,STREET,1,0,16,11,45,07,2023,1,Monday,10,2023-01
JB001000,2023-12-26 11:11:00,DECEPTIVE PRACTICE,Financial/Cyber,REPORTED DECEPTIVE PRACTICE INCIDENT,STREET,0,0,6,19,46,05,2023,12,Tuesday,11,2023-12
JB001001,2022-05-24 14:22:00,BATTERY,Violent,REPORTED BATTERY INCIDENT,SMALL RETAIL STORE,0,1,20,44,48,26,2022,5,Tuesday,14,2022-05
JB001002,2022-09-05 13:13:00,THEFT,Property,REPORTED THEFT INCIDENT,STREET,0,0,7,48,57,08A,2022,9,Monday,13,2022-09
JB001003,2023-01-09 16:45:00,CRIMINAL DAMAGE,Property,REPORTED CRIMINAL DAMAGE INCIDENT,STREET,0,0,12,47,50,03,2023,1,Monday,16,2023-01
JB001004,2022-06-27 00:06:00,THEFT,Property,REPORTED THEFT INCIDENT,COMMERCIAL / BUSINESS OFFICE,0,0,11,37,52,08A,2022,6,Monday,0,2022-06
JB001005,2022-12-12 03:52:00,WEAPONS VIOLATION,Public Safety,REPORTED WEAPONS VIOLATION INCIDENT,RESIDENCE,0,0,5,12,22,06,2022,12,Monday,3,2022-12
JB001006,2023-03-04 05:17:00,THEFT,Property,REPORTED THEFT INCIDENT,STREET,0,0,19,32,49,14,2023,3,Saturday,5,2023-03
JB001007,2022-11-02 14:23:00,BATTERY,Violent,REPORTED BATTERY INCIDENT,SIDEWALK,1,1,11,42,47,11,2022,11,Wednesday,14,2022-11
JB001008,2022-02-03 21:20:00,MOTOR VEHICLE THEFT,Property,REPORTED MOTOR VEHICLE THEFT INCIDENT,STREET,0,0,6,23,33,05,2022,2,Thursday,21,2022-02
JB001009,2023-08-02 14:08:00,ASSAULT,Violent,REPORTED ASSAULT INCIDENT,RESIDENCE,0,1,24,36,33,06,2023,8,Wednesday,14,2023-08
JB001010,2023-01-17 21:09:00,ASSAULT,Violent,REPORTED ASSAULT INCIDENT,RESIDENCE,0,0,22,18,42,03,2023,1,Tuesday,21,2023-01
JB001011,2023-07-02 13:41:00,DECEPTIVE PRACTICE,Financial/Cyber,REPORTED DECEPTIVE PRACTICE INCIDENT,SMALL RETAIL STORE,0,0,4,42,44,14,2023,7,Sunday,13,2023-07
JB001012,2023-01-11 02:15:00,THEFT,Property,REPORTED THEFT INCIDENT,PARKING LOT / GARAGE,1,0,24,38,39,05,2023,1,Wednesday,2,2023-01
JB001013,2022-12-18 09:41:00,THEFT,Property,REPORTED THEFT INCIDENT,RESIDENCE,0,0,11,50,22,07,2022,12,Sunday,9,2022-12
JB001014,2023-08-01 13:57:00,BATTERY,Violent,REPORTED BATTERY INCIDENT,CTA TRAIN / STATION,0,0,7,16,16,11,2023,8,Tuesday,13,2023-08
JB001015,2023-04-18 20:41:00,CRIMINAL DAMAGE,Property,REPORTED CRIMINAL DAMAGE INCIDENT,RESIDENCE,0,0,16,8,9,03,2023,4,Tuesday,20,2023-04
JB001016,2023-11-03 06:39:00,DECEPTIVE PRACTICE,Financial/Cyber,REPORTED DECEPTIVE PRACTICE INCIDENT,RESIDENCE,0,0,7,24,34,14,2023,11,Friday,6,2023-11
JB001017,2023-01-15 08:13:00,ASSAULT,Violent,REPORTED ASSAULT INCIDENT,STREET,0,1,11,13,27,03,2023,1,Sunday,8,2023-01
JB001018,2023-12-06 02:23:00,WEAPONS VIOLATION,Public Safety,REPORTED WEAPONS VIOLATION INCIDENT,STREET,0,0,4,46,77,07,2023,12,Wednesday,2,2023-12
JB001019,2023-11-05 15:22:00,ROBBERY,Violent,REPORTED ROBBERY INCIDENT,RESTAURANT,0,0,16,16,6,08B,2023,11,Sunday,15,2023-11
JB001020,2023-08-18 13:47:00,ASSAULT,Violent,REPORTED ASSAULT INCIDENT,APARTMENT,0,1,11,6,40,11,2023,8,Friday,13,2023-08
JB001021,2023-07-25 08:37:00,THEFT,Property,REPORTED THEFT INCIDENT,STREET,1,0,1,38,10,11,2023,7,Tuesday,8,2023-07
JB001022,2022-03-10 18:18:00,OTHER OFFENSE,Other,REPORTED OTHER OFFENSE INCIDENT,COMMERCIAL / BUSINESS OFFICE,1,0,18,29,70,18,2022,3,Thursday,18,2022-03
JB001023,2022-12-22 07:13:00,ASSAULT,Violent,REPORTED ASSAULT INCIDENT,COMMERCIAL / BUSINESS OFFICE,0,0,9,36,57,03,2022,12,Thursday,7,2022-12
JB001024,2022-05-05 22:52:00,OTHER OFFENSE,Other,REPORTED OTHER OFFENSE INCIDENT,RESIDENCE,0,0,15,14,7,06,2022,5,Thursday,22,2022-05
JB001025,2023-01-26 12:47:00,MOTOR VEHICLE THEFT,Property,REPORTED MOTOR VEHICLE THEFT INCIDENT,STREET,0,0,9,23,23,03,2023,1,Thursday,12,2023-01
JB001026,2023-08-20 13:55:00,ASSAULT,Violent,REPORTED ASSAULT INCIDENT,STREET,0,0,14,14,43,26,2023,8,Sunday,13,2023-08
JB001027,2023-01-18 06:36:00,THEFT,Property,REPORTED THEFT INCIDENT,STREET,0,0,25,3,33,11,2023,1,Wednesday,6,2023-01
JB001028,2022-09-26 21:43:00,ROBBERY,Violent,REPORTED ROBBERY INCIDENT,APARTMENT,0,0,19,46,76,14,2022,9,Monday,21,2022-09
JB001029,2023-10-23 17:51:00,BATTERY,Violent,REPORTED BATTERY INCIDENT,SIDEWALK,0,0,6,13,9,05,2023,10,Monday,17,2023-10
JB001030,2023-05-17 12:50:00,THEFT,Property,REPORTED THEFT INCIDENT,PARKING LOT / GARAGE,0,0,25,13,14,26,2023,5,Wednesday,12,2023-05
JB001031,2022-12-05 14:33:00,DECEPTIVE PRACTICE,Financial/Cyber,REPORTED DECEPTIVE PRACTICE INCIDENT,APARTMENT,0,0,7,9,30,11,2022,12,Monday,14,2022-12
JB001032,2023-07-30 07:58:00,THEFT,Property,REPORTED THEFT INCIDENT,RESIDENCE,1,0,9,14,26,07,2023,7,Sunday,7,2023-07
JB001033,2022-05-29 19:52:00,THEFT,Property,REPORTED THEFT INCIDENT,STREET,0,0,3,30,62,18,2022,5,Sunday,19,2022-05
JB001034,2022-08-31 03:48:00,DECEPTIVE PRACTICE,Financial/Cyber,REPORTED DECEPTIVE PRACTICE INCIDENT,STREET,0,0,3,3,42,18,2022,8,Wednesday,3,2022-08
JB001035,2023-10-08 20:09:00,DECEPTIVE PRACTICE,Financial/Cyber,REPORTED DECEPTIVE PRACTICE INCIDENT,SIDEWALK,0,0,17,5,26,18,2023,10,Sunday,20,2023-10
JB001036,2022-09-28 17:55:00,ASSAULT,Violent,REPORTED ASSAULT INCIDENT,SIDEWALK,0,1,24,25,37,08A,2022,9,Wednesday,17,2022-09
JB001037,2022-08-12 03:24:00,BATTERY,Violent,REPORTED BATTERY INCIDENT,RESIDENCE,1,0,11,35,57,11,2022,8,Friday,3,2022-08
JB001038,2022-04-01 12:30:00,THEFT,Property,REPORTED THEFT INCIDENT,COMMERCIAL / BUSINESS OFFICE,0,0,20,49,15,18,2022,4,Friday,12,2022-04
JB001039,2023-02-10 10:49:00,OTHER OFFENSE,Other,REPORTED OTHER OFFENSE INCIDENT,RESIDENCE,1,0,1,12,56,14,2023,2,Friday,10,2023-02
JB001040,2023-06-03 11:23:00,THEFT,Property,REPORTED THEFT INCIDENT,RESIDENCE,0,0,4,36,63,08A,2023,6,Saturday,11,2023-06
JB001041,2022-07-02 12:01:00,CRIMINAL DAMAGE,Property,REPORTED CRIMINAL DAMAGE INCIDENT,CTA TRAIN / STATION,0,0,8,48,40,08A,2022,7,Saturday,12,2022-07
JB001042,2022-10-30 00:06:00,THEFT,Property,REPORTED THEFT INCIDENT,RESIDENCE,0,0,15,2,70,05,2022,10,Sunday,0,2022-10
JB001043,2023-09-03 05:24:00,BATTERY,Violent,REPORTED BATTERY INCIDENT,APARTMENT,0,1,22,27,69,03,2023,9,Sunday,5,2023-09
JB001044,2022-03-01 15:41:00,THEFT,Property,REPORTED THEFT INCIDENT,GROCERY FOOD STORE,0,0,22,32,22,08A,2022,3,Tuesday,15,2022-03
JB001045,2022-11-15 15:23:00,BATTERY,Violent,REPORTED BATTERY INCIDENT,STREET,0,0,25,31,24,03,2022,11,Tuesday,15,2022-11
JB001046,2023-02-21 14:59:00,CRIMINAL TRESPASS,Property,REPORTED CRIMINAL TRESPASS INCIDENT,SIDEWALK,0,0,25,23,69,14,2023,2,Tuesday,14,2023-02
JB001047,2023-03-14 12:18:00,BURGLARY,Property,REPORTED BURGLARY INCIDENT,RESTAURANT,0,0,10,40,63,14,2023,3,Tuesday,12,2023-03
JB001048,2023-02-23 14:11:00,BATTERY,Violent,REPORTED BATTERY INCIDENT,PARKING LOT / GARAGE,0,1,16,28,42,06,2023,2,Thursday,14,2023-02
JB001049,2022-03-21 09:20:00,THEFT,Property,REPORTED THEFT INCIDENT,STREET,0,0,9,48,6,14,2022,3,Monday,9,2022-03
JB001050,2022-08-16 16:34:00,WEAPONS VIOLATION,Public Safety,REPORTED WEAPONS VIOLATION INCIDENT,RESIDENCE,1,0,12,12,6,08B,2022,8,Tuesday,16,2022-08
JB001051,2023-06-26 07:49:00,DECEPTIVE PRACTICE,Financial/Cyber,REPORTED DECEPTIVE PRACTICE INCIDENT,RESIDENCE,0,0,15,8,53,08B,2023,6,Monday,7,2023-06
JB001052,2022-05-03 23:18:00,THEFT,Property,REPORTED THEFT INCIDENT,STREET,0,0,9,43,41,08B,2022,5,Tuesday,23,2022-05
JB001053,2022-08-18 15:37:00,BATTERY,Violent,REPORTED BATTERY INCIDENT,RESIDENCE,1,1,3,23,4,05,2022,8,Thursday,15,2022-08
JB001054,2023-10-28 12:45:00,THEFT,Property,REPORTED THEFT INCIDENT,RESIDENCE,0,0,10,46,29,11,2023,10,Saturday,12,2023-10
JB001055,2023-06-26 04:06:00,BATTERY,Violent,REPORTED BATTERY INCIDENT,RESIDENCE,0,0,1,19,45,06,2023,6,Monday,4,2023-06
JB001056,2022-10-17 15:08:00,ROBBERY,Violent,REPORTED ROBBERY INCIDENT,COMMERCIAL / BUSINESS OFFICE,0,0,25,46,33,06,2022,10,Monday,15,2022-10
JB001057,2023-05-25 20:32:00,THEFT,Property,REPORTED THEFT INCIDENT,SIDEWALK,0,0,2,40,4,14,2023,5,Thursday,20,2023-05
JB001058,2023-08-17 08:56:00,ROBBERY,Violent,REPORTED ROBBERY INCIDENT,SIDEWALK,1,0,11,15,59,06,2023,8,Thursday,8,2023-08
JB001059,2023-10-03 11:27:00,THEFT,Property,REPORTED THEFT INCIDENT,STREET,0,0,11,10,58,14,2023,10,Tuesday,11,2023-10
JB001060,2023-11-08 03:04:00,MOTOR VEHICLE THEFT,Property,REPORTED MOTOR VEHICLE THEFT INCIDENT,RESIDENCE,0,0,20,12,7,26,2023,11,Wednesday,3,2023-11
JB001061,2022-01-14 16:12:00,THEFT,Property,REPORTED THEFT INCIDENT,RESIDENCE,0,0,22,12,47,26,2022,1,Friday,16,2022-01
JB001062,2023-01-03 03:56:00,BATTERY,Violent,REPORTED BATTERY INCIDENT,APARTMENT,1,0,11,11,15,11,2023,1,Tuesday,3,2023-01
JB001063,2023-12-02 19:39:00,BATTERY,Violent,REPORTED BATTERY INCIDENT,RESIDENCE,1,0,19,15,74,03,2023,12,Saturday,19,2023-12
JB001064,2023-08-31 16:55:00,CRIMINAL TRESPASS,Property,REPORTED CRIMINAL TRESPASS INCIDENT,RESIDENCE,1,0,4,25,55,26,2023,8,Thursday,16,2023-08
JB001065,2022-12-11 13:16:00,THEFT,Property,REPORTED THEFT INCIDENT,SMALL RETAIL STORE,0,0,7,7,38,14,2022,12,Sunday,13,2022-12
JB001066,2022-06-07 12:04:00,BATTERY,Violent,REPORTED BATTERY INCIDENT,SMALL RETAIL STORE,0,1,4,35,52,11,2022,6,Tuesday,12,2022-06
JB001067,2023-01-16 23:09:00,ASSAULT,Violent,REPORTED ASSAULT INCIDENT,STREET,0,1,25,27,43,11,2023,1,Monday,23,2023-01
JB001068,2023-10-27 01:36:00,OTHER OFFENSE,Other,REPORTED OTHER OFFENSE INCIDENT,STREET,0,0,16,35,13,03,2023,10,Friday,1,2023-10
JB001069,2022-03-02 15:08:00,DECEPTIVE PRACTICE,Financial/Cyber,REPORTED DECEPTIVE PRACTICE INCIDENT,PARKING LOT / GARAGE,0,0,6,15,65,14,2022,3,Wednesday,15,2022-03
JB001070,2022-07-11 19:42:00,BATTERY,Violent,REPORTED BATTERY INCIDENT,SIDEWALK,1,1,14,49,55,06,2022,7,Monday,19,2022-07
JB001071,2023-04-29 14:29:00,WEAPONS VIOLATION,Public Safety,REPORTED WEAPONS VIOLATION INCIDENT,APARTMENT,1,0,9,39,12,26,2023,4,Saturday,14,2023-04
JB001072,2023-05-25 22:17:00,THEFT,Property,REPORTED THEFT INCIDENT,APARTMENT,0,0,14,40,55,07,2023,5,Thursday,22,2023-05
JB001073,2022-10-12 18:59:00,CRIMINAL TRESPASS,Property,REPORTED CRIMINAL TRESPASS INCIDENT,SMALL RETAIL STORE,0,0,18,45,22,08A,2022,10,Wednesday,18,2022-10
JB001074,2023-08-16 22:39:00,CRIMINAL DAMAGE,Property,REPORTED CRIMINAL DAMAGE INCIDENT,RESIDENCE,0,0,24,10,57,18,2023,8,Wednesday,22,2023-08
JB001075,2022-04-30 20:06:00,THEFT,Property,REPORTED THEFT INCIDENT,APARTMENT,0,0,1,6,20,03,2022,4,Saturday,20,2022-04
JB001076,2023-08-09 14:51:00,BATTERY,Violent,REPORTED BATTERY INCIDENT,APARTMENT,0,0,11,38,3,18,2023,8,Wednesday,14,2023-08
JB001077,2023-01-12 08:11:00,THEFT,Property,REPORTED THEFT INCIDENT,RESIDENCE,0,0,12,16,21,11,2023,1,Thursday,8,2023-01
JB001078,2022-12-29 13:45:00,MOTOR VEHICLE THEFT,Property,REPORTED MOTOR VEHICLE THEFT INCIDENT,RESIDENCE,0,0,18,31,35,03,2022,12,Thursday,13,2022-12
JB001079,2022-08-27 03:12:00,WEAPONS VIOLATION,Public Safety,REPORTED WEAPONS VIOLATION INCIDENT,RESIDENCE,1,0,3,5,16,07,2022,8,Saturday,3,2022-08
JB001080,2022-08-04 14:44:00,OTHER OFFENSE,Other,REPORTED OTHER OFFENSE INCIDENT,COMMERCIAL / BUSINESS OFFICE,0,0,5,6,44,26,2022,8,Thursday,14,2022-08
JB001081,2023-06-19 05:30:00,THEFT,Property,REPORTED THEFT INCIDENT,RESIDENCE,0,0,7,14,46,07,2023,6,Monday,5,2023-06
JB001082,2023-07-10 01:02:00,ASSAULT,Violent,REPORTED ASSAULT INCIDENT,STREET,0,0,16,42,63,11,2023,7,Monday,1,2023-07
JB001083,2022-01-26 19:16:00,BATTERY,Violent,REPORTED BATTERY INCIDENT,PARKING LOT / GARAGE,0,0,15,26,63,14,2022,1,Wednesday,19,2022-01
JB001084,2022-08-27 13:06:00,OTHER OFFENSE,Other,REPORTED OTHER OFFENSE INCIDENT,STREET,1,0,11,28,38,08B,2022,8,Saturday,13,2022-08
JB001085,2022-12-11 00:05:00,CRIMINAL TRESPASS,Property,REPORTED CRIMINAL TRESPASS INCIDENT,CTA TRAIN / STATION,1,0,17,2,72,07,2022,12,Sunday,0,2022-12
JB001086,2022-02-01 14:32:00,BATTERY,Violent,REPORTED BATTERY INCIDENT,COMMERCIAL / BUSINESS OFFICE,0,1,16,24,73,08A,2022,2,Tuesday,14,2022-02
JB001087,2023-12-17 04:06:00,THEFT,Property,REPORTED THEFT INCIDENT,RESIDENCE,0,0,5,4,44,14,2023,12,Sunday,4,2023-12
JB001088,2022-02-05 19:32:00,DECEPTIVE PRACTICE,Financial/Cyber,REPORTED DECEPTIVE PRACTICE INCIDENT,GROCERY FOOD STORE,1,0,6,42,20,06,2022,2,Saturday,19,2022-02
JB001089,2022-01-23 00:07:00,DECEPTIVE PRACTICE,Financial/Cyber,REPORTED DECEPTIVE PRACTICE INCIDENT,RESIDENCE,0,0,14,39,25,18,2022,1,Sunday,0,2022-01
JB001090,2023-07-26 19:29:00,ROBBERY,Violent,REPORTED ROBBERY INCIDENT,STREET,0,0,5,35,7,03,2023,7,Wednesday,19,2023-07
JB001091,2022-12-12 23:09:00,BATTERY,Violent,REPORTED BATTERY INCIDENT,APARTMENT,0,1,14,38,16,18,2022,12,Monday,23,2022-12
JB001092,2023-06-27 15:44:00,THEFT,Property,REPORTED THEFT INCIDENT,RESIDENCE,0,0,25,17,33,03,2023,6,Tuesday,15,2023-06
JB001093,2022-06-10 22:05:00,DECEPTIVE PRACTICE,Financial/Cyber,REPORTED DECEPTIVE PRACTICE INCIDENT,STREET,0,0,16,17,15,08A,2022,6,Friday,22,2022-06
JB001094,2023-10-21 21:15:00,ASSAULT,Violent,REPORTED ASSAULT INCIDENT,STREET,0,0,11,50,69,18,2023,10,Saturday,21,2023-10
JB001095,2023-07-31 05:01:00,OTHER OFFENSE,Other,REPORTED OTHER OFFENSE INCIDENT,STREET,1,0,1,11,13,26,2023,7,Monday,5,2023-07
JB001096,2022-05-29 02:28:00,MOTOR VEHICLE THEFT,Property,REPORTED MOTOR VEHICLE THEFT INCIDENT,STREET,0,0,1,49,61,08B,2022,5,Sunday,2,2022-05
JB001097,2022-12-31 18:27:00,NARCOTICS,Public Order,REPORTED NARCOTICS INCIDENT,RESIDENCE,1,0,4,49,39,06,2022,12,Saturday,18,2022-12
JB001098,2023-04-19 03:17:00,CRIMINAL DAMAGE,Property,REPORTED CRIMINAL DAMAGE INCIDENT,SIDEWALK,0,0,10,14,3,18,2023,4,Wednesday,3,2023-04
JB001099,2022-08-19 04:39:00,MOTOR VEHICLE THEFT,Property,REPORTED MOTOR VEHICLE THEFT INCIDENT,PARKING LOT / GARAGE,0,0,12,11,7,08B,2022,8,Friday,4,2022-08
JB001100,2022-06-07 20:08:00,BATTERY,Violent,REPORTED BATTERY INCIDENT,SIDEWALK,0,0,10,32,40,11,2022,6,Tuesday,20,2022-06
JB001101,2023-08-20 15:37:00,THEFT,Property,REPORTED THEFT INCIDENT,RESIDENCE,0,0,22,28,30,26,2023,8,Sunday,15,2023-08
JB001102,2023-12-28 21:26:00,CRIMINAL DAMAGE,Property,REPORTED CRIMINAL DAMAGE INCIDENT,SMALL RETAIL STORE,0,0,4,17,10,06,2023,12,Thursday,21,2023-12
JB001103,2022-09-22 06:41:00,BATTERY,Violent,REPORTED BATTERY INCIDENT,STREET,0,0,15,3,44,08A,2022,9,Thursday,6,2022-09
JB001104,2022-12-07 17:26:00,ASSAULT,Violent,REPORTED ASSAULT INCIDENT,APARTMENT,0,0,11,46,54,08A,2022,12,Wednesday,17,2022-12
JB001105,2022-01-19 23:06:00,ASSAULT,Violent,REPORTED ASSAULT INCIDENT,STREET,0,0,4,23,45,06,2022,1,Wednesday,23,2022-01
JB001106,2023-04-28 10:01:00,ROBBERY,Violent,REPORTED ROBBERY INCIDENT,RESIDENCE,0,0,17,35,9,06,2023,4,Friday,10,2023-04
JB001107,2022-06-15 09:07:00,WEAPONS VIOLATION,Public Safety,REPORTED WEAPONS VIOLATION INCIDENT,STREET,1,0,6,25,73,03,2022,6,Wednesday,9,2022-06
JB001108,2023-06-19 12:51:00,THEFT,Property,REPORTED THEFT INCIDENT,RESTAURANT,0,0,15,23,62,07,2023,6,Monday,12,2023-06
JB001109,2023-06-18 20:02:00,THEFT,Property,REPORTED THEFT INCIDENT,SIDEWALK,0,0,10,11,4,05,2023,6,Sunday,20,2023-06
JB001110,2023-01-07 17:57:00,BATTERY,Violent,REPORTED BATTERY INCIDENT,RESIDENCE,0,0,7,17,23,08B,2023,1,Saturday,17,2023-01
JB001111,2023-12-12 23:17:00,THEFT,Property,REPORTED THEFT INCIDENT,RESIDENCE,0,0,4,44,49,26,2023,12,Tuesday,23,2023-12
JB001112,2022-04-08 01:10:00,BATTERY,Violent,REPORTED BATTERY INCIDENT,SIDEWALK,0,0,8,20,46,05,2022,4,Friday,1,2022-04
JB001113,2022-06-26 04:30:00,NARCOTICS,Public Order,REPORTED NARCOTICS INCIDENT,PARKING LOT / GARAGE,1,0,14,9,20,14,2022,6,Sunday,4,2022-06
JB001114,2023-04-14 03:24:00,ASSAULT,Violent,REPORTED ASSAULT INCIDENT,STREET,0,0,17,15,67,03,2023,4,Friday,3,2023-04
JB001115,2023-05-23 15:38:00,CRIMINAL DAMAGE,Property,REPORTED CRIMINAL DAMAGE INCIDENT,PARKING LOT / GARAGE,0,0,10,37,35,11,2023,5,Tuesday,15,2023-05
JB001116,2022-02-27 15:40:00,OTHER OFFENSE,Other,REPORTED OTHER OFFENSE INCIDENT,SIDEWALK,0,0,12,15,66,06,2022,2,Sunday,15,2022-02
JB001117,2022-01-22 20:07:00,BATTERY,Violent,REPORTED BATTERY INCIDENT,RESIDENCE,0,0,16,46,69,05,2022,1,Saturday,20,2022-01
JB001118,2023-04-28 15:16:00,THEFT,Property,REPORTED THEFT INCIDENT,RESIDENCE,0,0,25,38,64,07,2023,4,Friday,15,2023-04
JB001119,2023-09-13 09:40:00,DECEPTIVE PRACTICE,Financial/Cyber,REPORTED DECEPTIVE PRACTICE INCIDENT,RESIDENCE,0,0,2,41,76,07,2023,9,Wednesday,9,2023-09
JB001120,2023-03-08 07:07:00,THEFT,Property,REPORTED THEFT INCIDENT,RESTAURANT,0,0,5,13,10,07,2023,3,Wednesday,7,2023-03
JB001121,2022-10-28 15:45:00,DECEPTIVE PRACTICE,Financial/Cyber,REPORTED DECEPTIVE PRACTICE INCIDENT,CTA TRAIN / STATION,0,0,14,24,33,18,2022,10,Friday,15,2022-10
JB001122,2022-02-04 06:35:00,THEFT,Property,REPORTED THEFT INCIDENT,RESIDENCE,0,0,1,29,47,11,2022,2,Friday,6,2022-02
JB001123,2023-06-24 02:05:00,ROBBERY,Violent,REPORTED ROBBERY INCIDENT,STREET,0,0,5,37,33,07,2023,6,Saturday,2,2023-06
JB001124,2022-10-22 23:49:00,BATTERY,Violent,REPORTED BATTERY INCIDENT,STREET,0,1,22,38,72,08B,2022,10,Saturday,23,2022-10
JB001125,2023-08-30 04:18:00,CRIMINAL DAMAGE,Property,REPORTED CRIMINAL DAMAGE INCIDENT,SIDEWALK,0,0,24,14,71,26,2023,8,Wednesday,4,2023-08
JB001126,2022-06-21 09:16:00,BATTERY,Violent,REPORTED BATTERY INCIDENT,PARKING LOT / GARAGE,1,1,6,21,43,05,2022,6,Tuesday,9,2022-06
JB001127,2022-07-12 17:11:00,WEAPONS VIOLATION,Public Safety,REPORTED WEAPONS VIOLATION INCIDENT,PARKING LOT / GARAGE,1,0,16,40,71,08A,2022,7,Tuesday,17,2022-07
JB001128,2023-02-14 01:37:00,THEFT,Property,REPORTED THEFT INCIDENT,STREET,0,0,19,12,2,03,2023,2,Tuesday,1,2023-02
JB001129,2022-04-09 06:43:00,THEFT,Property,REPORTED THEFT INCIDENT,STREET,0,0,8,48,20,18,2022,4,Saturday,6,2022-04
JB001130,2023-07-28 10:49:00,OTHER OFFENSE,Other,REPORTED OTHER OFFENSE INCIDENT,RESIDENCE,0,0,1,43,68,03,2023,7,Friday,10,2023-07
JB001131,2023-12-15 08:00:00,ROBBERY,Violent,REPORTED ROBBERY INCIDENT,STREET,1,0,17,42,74,14,2023,12,Friday,8,2023-12
JB001132,2023-01-07 08:56:00,BATTERY,Violent,REPORTED BATTERY INCIDENT,RESIDENCE,0,0,3,34,59,06,2023,1,Saturday,8,2023-01
JB001133,2023-08-29 22:32:00,BATTERY,Violent,REPORTED BATTERY INCIDENT,GROCERY FOOD STORE,0,0,5,39,65,07,2023,8,Tuesday,22,2023-08
JB001134,2022-06-12 10:05:00,OTHER OFFENSE,Other,REPORTED OTHER OFFENSE INCIDENT,APARTMENT,0,0,10,12,14,14,2022,6,Sunday,10,2022-06
JB001135,2023-10-27 11:05:00,THEFT,Property,REPORTED THEFT INCIDENT,STREET,0,0,18,35,61,06,2023,10,Friday,11,2023-10
JB001136,2022-06-12 08:09:00,ROBBERY,Violent,REPORTED ROBBERY INCIDENT,SMALL RETAIL STORE,0,0,2,25,55,07,2022,6,Sunday,8,2022-06
JB001137,2022-05-28 23:56:00,CRIMINAL TRESPASS,Property,REPORTED CRIMINAL TRESPASS INCIDENT,RESIDENCE,1,0,4,19,27,08B,2022,5,Saturday,23,2022-05
JB001138,2022-12-22 23:09:00,THEFT,Property,REPORTED THEFT INCIDENT,SIDEWALK,0,0,6,11,51,08A,2022,12,Thursday,23,2022-12
JB001139,2023-11-11 11:10:00,BATTERY,Violent,REPORTED BATTERY INCIDENT,SIDEWALK,0,0,14,46,18,11,2023,11,Saturday,11,2023-11
JB001140,2023-03-23 15:56:00,OTHER OFFENSE,Other,REPORTED OTHER OFFENSE INCIDENT,COMMERCIAL / BUSINESS OFFICE,1,0,15,9,27,08B,2023,3,Thursday,15,2023-03
JB001141,2023-03-09 06:38:00,THEFT,Property,REPORTED THEFT INCIDENT,APARTMENT,0,0,3,6,34,14,2023,3,Thursday,6,2023-03
JB001142,2022-02-22 21:11:00,BATTERY,Violent,REPORTED BATTERY INCIDENT,STREET,0,0,5,1,18,11,2022,2,Tuesday,21,2022-02
JB001143,2023-11-26 02:05:00,CRIMINAL DAMAGE,Property,REPORTED CRIMINAL DAMAGE INCIDENT,RESIDENCE,0,0,14,50,32,26,2023,11,Sunday,2,2023-11
JB001144,2023-12-11 18:24:00,BATTERY,Violent,REPORTED BATTERY INCIDENT,STREET,0,0,14,21,42,14,2023,12,Monday,18,2023-12
JB001145,2023-10-22 13:43:00,THEFT,Property,REPORTED THEFT INCIDENT,RESIDENCE,0,0,4,3,20,03,2023,10,Sunday,13,2023-10
JB001146,2023-11-20 17:51:00,THEFT,Property,REPORTED THEFT INCIDENT,RESIDENCE,0,0,15,36,5,11,2023,11,Monday,17,2023-11
JB001147,2023-09-29 18:47:00,BATTERY,Violent,REPORTED BATTERY INCIDENT,STREET,0,0,20,24,58,03,2023,9,Friday,18,2023-09
JB001148,2022-06-18 03:07:00,ASSAULT,Violent,REPORTED ASSAULT INCIDENT,STREET,0,1,6,25,29,14,2022,6,Saturday,3,2022-06
JB001149,2022-10-19 18:05:00,BATTERY,Violent,REPORTED BATTERY INCIDENT,RESIDENCE,0,0,11,33,19,05,2022,10,Wednesday,18,2022-10
JB001150,2023-04-02 07:30:00,BATTERY,Violent,REPORTED BATTERY INCIDENT,RESIDENCE,1,1,3,42,66,08A,2023,4,Sunday,7,2023-04
JB001151,2022-12-07 09:28:00,DECEPTIVE PRACTICE,Financial/Cyber,REPORTED DECEPTIVE PRACTICE INCIDENT,STREET,0,0,6,12,44,14,2022,12,Wednesday,9,2022-12
JB001152,2023-02-23 12:21:00,BATTERY,Violent,REPORTED BATTERY INCIDENT,PARKING LOT / GARAGE,0,0,16,6,59,18,2023,2,Thursday,12,2023-02
JB001153,2023-11-16 08:01:00,ASSAULT,Violent,REPORTED ASSAULT INCIDENT,STREET,0,0,9,1,54,06,2023,11,Thursday,8,2023-11
JB001154,2023-02-04 21:04:00,CRIMINAL DAMAGE,Property,REPORTED CRIMINAL DAMAGE INCIDENT,CTA TRAIN / STATION,1,0,15,44,4,06,2023,2,Saturday,21,2023-02
JB001155,2022-05-07 23:28:00,WEAPONS VIOLATION,Public Safety,REPORTED WEAPONS VIOLATION INCIDENT,STREET,1,0,11,39,40,11,2022,5,Saturday,23,2022-05
JB001156,2023-05-04 21:59:00,THEFT,Property,REPORTED THEFT INCIDENT,STREET,0,0,9,9,16,08A,2023,5,Thursday,21,2023-05
JB001157,2023-03-17 22:37:00,BATTERY,Violent,REPORTED BATTERY INCIDENT,RESIDENCE,0,0,12,50,24,03,2023,3,Friday,22,2023-03
JB001158,2023-10-28 16:50:00,THEFT,Property,REPORTED THEFT INCIDENT,RESIDENCE,0,0,9,6,20,11,2023,10,Saturday,16,2023-10
JB001159,2023-01-27 21:23:00,THEFT,Property,REPORTED THEFT INCIDENT,SMALL RETAIL STORE,0,0,2,11,18,06,2023,1,Friday,21,2023-01
JB001160,2023-03-28 13:14:00,BATTERY,Violent,REPORTED BATTERY INCIDENT,RESIDENCE,0,1,17,22,4,18,2023,3,Tuesday,13,2023-03
JB001161,2022-10-11 10:13:00,CRIMINAL TRESPASS,Property,REPORTED CRIMINAL TRESPASS INCIDENT,STREET,1,0,16,49,11,06,2022,10,Tuesday,10,2022-10
JB001162,2023-12-04 20:37:00,BATTERY,Violent,REPORTED BATTERY INCIDENT,RESIDENCE,0,1,8,49,8,14,2023,12,Monday,20,2023-12
JB001163,2022-04-23 07:09:00,BATTERY,Violent,REPORTED BATTERY INCIDENT,PARKING LOT / GARAGE,0,1,15,10,62,18,2022,4,Saturday,7,2022-04
JB001164,2022-01-07 16:10:00,CRIMINAL DAMAGE,Property,REPORTED CRIMINAL DAMAGE INCIDENT,STREET,0,0,12,21,20,03,2022,1,Friday,16,2022-01
JB001165,2022-10-01 11:11:00,NARCOTICS,Public Order,REPORTED NARCOTICS INCIDENT,SMALL RETAIL STORE,1,0,9,4,69,08A,2022,10,Saturday,11,2022-10
JB001166,2022-08-27 06:11:00,NARCOTICS,Public Order,REPORTED NARCOTICS INCIDENT,RESIDENCE,1,0,2,38,72,08A,2022,8,Saturday,6,2022-08
JB001167,2022-08-13 17:50:00,BATTERY,Violent,REPORTED BATTERY INCIDENT,APARTMENT,0,0,10,31,47,03,2022,8,Saturday,17,2022-08
JB001168,2022-10-22 05:11:00,CRIMINAL DAMAGE,Property,REPORTED CRIMINAL DAMAGE INCIDENT,STREET,0,0,10,2,76,05,2022,10,Saturday,5,2022-10
JB001169,2023-11-11 12:49:00,DECEPTIVE PRACTICE,Financial/Cyber,REPORTED DECEPTIVE PRACTICE INCIDENT,STREET,0,0,3,3,48,11,2023,11,Saturday,12,2023-11
JB001170,2023-01-14 15:58:00,DECEPTIVE PRACTICE,Financial/Cyber,REPORTED DECEPTIVE PRACTICE INCIDENT,RESIDENCE,0,0,8,21,35,08A,2023,1,Saturday,15,2023-01
JB001171,2023-07-27 05:52:00,THEFT,Property,REPORTED THEFT INCIDENT,STREET,0,0,8,11,32,11,2023,7,Thursday,5,2023-07
JB001172,2022-08-20 11:08:00,THEFT,Property,REPORTED THEFT INCIDENT,PARKING LOT / GARAGE,0,0,14,5,55,03,2022,8,Saturday,11,2022-08
JB001173,2022-08-22 14:09:00,THEFT,Property,REPORTED THEFT INCIDENT,STREET,0,0,4,9,23,08B,2022,8,Monday,14,2022-08
JB001174,2023-05-21 11:39:00,THEFT,Property,REPORTED THEFT INCIDENT,RESIDENCE,0,0,10,1,28,14,2023,5,Sunday,11,2023-05
JB001175,2022-01-01 14:20:00,CRIMINAL TRESPASS,Property,REPORTED CRIMINAL TRESPASS INCIDENT,APARTMENT,0,0,17,11,7,11,2022,1,Saturday,14,2022-01
JB001176,2022-09-30 07:55:00,BATTERY,Violent,REPORTED BATTERY INCIDENT,STREET,0,1,5,5,42,08A,2022,9,Friday,7,2022-09
JB001177,2023-06-10 20:30:00,DECEPTIVE PRACTICE,Financial/Cyber,REPORTED DECEPTIVE PRACTICE INCIDENT,RESIDENCE,0,0,20,12,54,08B,2023,6,Saturday,20,2023-06
JB001178,2023-07-09 03:11:00,THEFT,Property,REPORTED THEFT INCIDENT,APARTMENT,0,0,9,44,11,11,2023,7,Sunday,3,2023-07
JB001179,2023-10-13 14:47:00,THEFT,Property,REPORTED THEFT INCIDENT,STREET,0,0,11,50,48,03,2023,10,Friday,14,2023-10
JB001180,2023-08-30 16:50:00,ASSAULT,Violent,REPORTED ASSAULT INCIDENT,STREET,0,1,1,6,76,18,2023,8,Wednesday,16,2023-08
JB001181,2023-12-25 07:32:00,CRIMINAL TRESPASS,Property,REPORTED CRIMINAL TRESPASS INCIDENT,STREET,0,0,7,31,49,26,2023,12,Monday,7,2023-12
JB001182,2023-12-05 09:53:00,CRIMINAL DAMAGE,Property,REPORTED CRIMINAL DAMAGE INCIDENT,STREET,0,0,16,11,11,14,2023,12,Tuesday,9,2023-12
JB001183,2022-12-03 07:11:00,OTHER OFFENSE,Other,REPORTED OTHER OFFENSE INCIDENT,RESTAURANT,0,0,6,32,3,06,2022,12,Saturday,7,2022-12
JB001184,2023-01-24 18:51:00,OTHER OFFENSE,Other,REPORTED OTHER OFFENSE INCIDENT,RESTAURANT,1,0,12,37,71,06,2023,1,Tuesday,18,2023-01
JB001185,2023-09-13 13:36:00,BURGLARY,Property,REPORTED BURGLARY INCIDENT,APARTMENT,0,0,14,20,60,14,2023,9,Wednesday,13,2023-09
JB001186,2023-09-23 12:17:00,BURGLARY,Property,REPORTED BURGLARY INCIDENT,STREET,0,0,3,48,7,07,2023,9,Saturday,12,2023-09
JB001187,2023-11-30 21:13:00,CRIMINAL DAMAGE,Property,REPORTED CRIMINAL DAMAGE INCIDENT,CTA TRAIN / STATION,0,0,15,5,29,05,2023,11,Thursday,21,2023-11
JB001188,2023-01-06 19:47:00,OTHER OFFENSE,Other,REPORTED OTHER OFFENSE INCIDENT,APARTMENT,0,0,6,34,41,08A,2023,1,Friday,19,2023-01
JB001189,2023-02-07 05:40:00,CRIMINAL DAMAGE,Property,REPORTED CRIMINAL DAMAGE INCIDENT,STREET,0,0,15,37,31,08A,2023,2,Tuesday,5,2023-02
JB001190,2022-03-09 22:04:00,BATTERY,Violent,REPORTED BATTERY INCIDENT,RESIDENCE,0,0,10,21,18,03,2022,3,Wednesday,22,2022-03
JB001191,2022-03-08 15:43:00,CRIMINAL TRESPASS,Property,REPORTED CRIMINAL TRESPASS INCIDENT,STREET,1,0,12,5,8,05,2022,3,Tuesday,15,2022-03
JB001192,2022-07-11 23:07:00,ROBBERY,Violent,REPORTED ROBBERY INCIDENT,GROCERY FOOD STORE,0,0,10,19,65,03,2022,7,Monday,23,2022-07
JB001193,2022-02-25 16:28:00,CRIMINAL DAMAGE,Property,REPORTED CRIMINAL DAMAGE INCIDENT,COMMERCIAL / BUSINESS OFFICE,0,0,1,13,41,26,2022,2,Friday,16,2022-02
JB001194,2022-07-04 09:11:00,THEFT,Property,REPORTED THEFT INCIDENT,STREET,0,0,15,27,42,14,2022,7,Monday,9,2022-07
JB001195,2022-11-11 21:35:00,CRIMINAL DAMAGE,Property,REPORTED CRIMINAL DAMAGE INCIDENT,STREET,0,0,14,26,31,03,2022,11,Friday,21,2022-11
JB001196,2023-03-05 02:03:00,MOTOR VEHICLE THEFT,Property,REPORTED MOTOR VEHICLE THEFT INCIDENT,STREET,0,0,7,1,30,07,2023,3,Sunday,2,2023-03
JB001197,2022-11-22 20:08:00,BATTERY,Violent,REPORTED BATTERY INCIDENT,APARTMENT,0,1,22,1,20,03,2022,11,Tuesday,20,2022-11
JB001198,2022-12-28 23:59:00,MOTOR VEHICLE THEFT,Property,REPORTED MOTOR VEHICLE THEFT INCIDENT,SIDEWALK,0,0,14,17,27,06,2022,12,Wednesday,23,2022-12
JB001199,2023-09-10 11:06:00,NARCOTICS,Public Order,REPORTED NARCOTICS INCIDENT,STREET,1,0,22,12,43,14,2023,9,Sunday,11,2023-09
JB001200,2022-03-30 15:09:00,BATTERY,Violent,REPORTED BATTERY INCIDENT,SIDEWALK,0,0,19,25,8,03,2022,3,Wednesday,15,2022-03
JB001201,2023-10-31 03:41:00,BATTERY,Violent,REPORTED BATTERY INCIDENT,APARTMENT,0,0,16,4,56,26,2023,10,Tuesday,3,2023-10
JB001202,2022-08-22 13:18:00,CRIMINAL DAMAGE,Property,REPORTED CRIMINAL DAMAGE INCIDENT,STREET,0,0,4,21,54,06,2022,8,Monday,13,2022-08
JB001203,2022-04-12 04:45:00,BATTERY,Violent,REPORTED BATTERY INCIDENT,SIDEWALK,0,1,1,45,11,14,2022,4,Tuesday,4,2022-04
JB001204,2022-12-26 15:18:00,THEFT,Property,REPORTED THEFT INCIDENT,STREET,1,0,22,34,66,14,2022,12,Monday,15,2022-12
JB001205,2023-10-31 20:59:00,NARCOTICS,Public Order,REPORTED NARCOTICS INCIDENT,SIDEWALK,1,0,7,30,60,11,2023,10,Tuesday,20,2023-10
JB001206,2022-04-03 18:31:00,THEFT,Property,REPORTED THEFT INCIDENT,STREET,0,0,14,33,18,07,2022,4,Sunday,18,2022-04
JB001207,2022-12-04 10:39:00,THEFT,Property,REPORTED THEFT INCIDENT,RESTAURANT,0,0,9,41,53,26,2022,12,Sunday,10,2022-12
JB001208,2022-01-06 23:40:00,THEFT,Property,REPORTED THEFT INCIDENT,COMMERCIAL / BUSINESS OFFICE,0,0,1,12,8,06,2022,1,Thursday,23,2022-01
JB001209,2022-12-08 19:00:00,NARCOTICS,Public Order,REPORTED NARCOTICS INCIDENT,SMALL RETAIL STORE,1,0,16,19,39,05,2022,12,Thursday,19,2022-12
JB001210,2023-02-07 01:06:00,THEFT,Property,REPORTED THEFT INCIDENT,STREET,0,0,24,15,67,26,2023,2,Tuesday,1,2023-02
JB001211,2023-10-03 20:19:00,THEFT,Property,REPORTED THEFT INCIDENT,RESIDENCE,0,0,4,26,49,05,2023,10,Tuesday,20,2023-10
JB001212,2023-09-07 14:04:00,BATTERY,Violent,REPORTED BATTERY INCIDENT,STREET,0,0,12,5,39,03,2023,9,Thursday,14,2023-09
JB001213,2023-12-18 16:57:00,OTHER OFFENSE,Other,REPORTED OTHER OFFENSE INCIDENT,RESIDENCE,0,0,15,23,7,07,2023,12,Monday,16,2023-12
JB001214,2022-08-27 19:38:00,BATTERY,Violent,REPORTED BATTERY INCIDENT,SMALL RETAIL STORE,0,0,10,45,6,11,2022,8,Saturday,19,2022-08
JB001215,2023-05-15 18:28:00,THEFT,Property,REPORTED THEFT INCIDENT,RESIDENCE,0,0,9,16,33,08B,2023,5,Monday,18,2023-05
JB001216,2022-02-07 15:42:00,THEFT,Property,REPORTED THEFT INCIDENT,SIDEWALK,1,0,19,2,64,14,2022,2,Monday,15,2022-02
JB001217,2023-06-06 08:18:00,THEFT,Property,REPORTED THEFT INCIDENT,STREET,1,0,25,49,53,14,2023,6,Tuesday,8,2023-06
JB001218,2023-01-13 19:09:00,BATTERY,Violent,REPORTED BATTERY INCIDENT,RESIDENCE,0,0,14,7,27,08A,2023,1,Friday,19,2023-01
JB001219,2022-12-11 20:36:00,THEFT,Property,REPORTED THEFT INCIDENT,STREET,0,0,22,23,61,07,2022,12,Sunday,20,2022-12
JB001220,2022-06-14 13:39:00,BATTERY,Violent,REPORTED BATTERY INCIDENT,RESIDENCE,1,1,8,50,49,03,2022,6,Tuesday,13,2022-06
JB001221,2022-12-28 23:24:00,BATTERY,Violent,REPORTED BATTERY INCIDENT,PARKING LOT / GARAGE,1,1,22,47,19,06,2022,12,Wednesday,23,2022-12
JB001222,2023-11-18 00:36:00,CRIMINAL DAMAGE,Property,REPORTED CRIMINAL DAMAGE INCIDENT,RESTAURANT,0,0,16,16,77,07,2023,11,Saturday,0,2023-11
JB001223,2023-12-04 16:20:00,DECEPTIVE PRACTICE,Financial/Cyber,REPORTED DECEPTIVE PRACTICE INCIDENT,RESIDENCE,0,0,2,18,68,06,2023,12,Monday,16,2023-12
JB001224,2023-09-19 08:31:00,OTHER OFFENSE,Other,REPORTED OTHER OFFENSE INCIDENT,SMALL RETAIL STORE,0,0,3,45,43,05,2023,9,Tuesday,8,2023-09
JB001225,2022-09-21 06:58:00,WEAPONS VIOLATION,Public Safety,REPORTED WEAPONS VIOLATION INCIDENT,RESIDENCE,0,0,8,4,40,18,2022,9,Wednesday,6,2022-09
JB001226,2023-03-06 10:48:00,ASSAULT,Violent,REPORTED ASSAULT INCIDENT,APARTMENT,0,1,14,12,4,26,2023,3,Monday,10,2023-03
JB001227,2022-12-21 16:30:00,ROBBERY,Violent,REPORTED ROBBERY INCIDENT,APARTMENT,0,0,3,28,55,06,2022,12,Wednesday,16,2022-12
JB001228,2022-08-07 17:28:00,ASSAULT,Violent,REPORTED ASSAULT INCIDENT,PARKING LOT / GARAGE,0,1,4,27,40,11,2022,8,Sunday,17,2022-08
JB001229,2022-06-17 07:11:00,CRIMINAL TRESPASS,Property,REPORTED CRIMINAL TRESPASS INCIDENT,RESIDENCE,1,0,9,30,57,14,2022,6,Friday,7,2022-06
JB001230,2023-07-03 04:59:00,BURGLARY,Property,REPORTED BURGLARY INCIDENT,SMALL RETAIL STORE,0,0,1,48,68,11,2023,7,Monday,4,2023-07
JB001231,2023-11-30 04:57:00,DECEPTIVE PRACTICE,Financial/Cyber,REPORTED DECEPTIVE PRACTICE INCIDENT,RESTAURANT,0,0,15,45,41,07,2023,11,Thursday,4,2023-11
JB001232,2023-03-31 23:12:00,DECEPTIVE PRACTICE,Financial/Cyber,REPORTED DECEPTIVE PRACTICE INCIDENT,CTA TRAIN / STATION,0,0,16,41,10,14,2023,3,Friday,23,2023-03
JB001233,2022-01-15 03:34:00,THEFT,Property,REPORTED THEFT INCIDENT,STREET,0,0,6,8,54,07,2022,1,Saturday,3,2022-01
JB001234,2023-11-05 05:24:00,MOTOR VEHICLE THEFT,Property,REPORTED MOTOR VEHICLE THEFT INCIDENT,COMMERCIAL / BUSINESS OFFICE,1,0,15,20,6,07,2023,11,Sunday,5,2023-11
JB001235,2023-06-06 12:49:00,BATTERY,Violent,REPORTED BATTERY INCIDENT,STREET,0,1,14,3,7,18,2023,6,Tuesday,12,2023-06
JB001236,2022-06-26 17:19:00,ASSAULT,Violent,REPORTED ASSAULT INCIDENT,COMMERCIAL / BUSINESS OFFICE,0,0,15,6,20,03,2022,6,Sunday,17,2022-06
JB001237,2023-07-13 10:55:00,CRIMINAL DAMAGE,Property,REPORTED CRIMINAL DAMAGE INCIDENT,STREET,0,0,10,36,6,11,2023,7,Thursday,10,2023-07
JB001238,2023-08-30 12:22:00,CRIMINAL DAMAGE,Property,REPORTED CRIMINAL DAMAGE INCIDENT,PARKING LOT / GARAGE,0,0,25,6,29,08A,2023,8,Wednesday,12,2023-08
JB001239,2023-12-20 03:58:00,THEFT,Property,REPORTED THEFT INCIDENT,APARTMENT,0,0,9,33,65,18,2023,12,Wednesday,3,2023-12
JB001240,2022-01-18 23:06:00,CRIMINAL DAMAGE,Property,REPORTED CRIMINAL DAMAGE INCIDENT,APARTMENT,0,0,15,21,26,26,2022,1,Tuesday,23,2022-01
JB001241,2023-10-12 03:55:00,ASSAULT,Violent,REPORTED ASSAULT INCIDENT,RESIDENCE,0,1,18,36,42,07,2023,10,Thursday,3,2023-10
JB001242,2023-03-12 18:18:00,THEFT,Property,REPORTED THEFT INCIDENT,STREET,0,0,3,23,34,08A,2023,3,Sunday,18,2023-03
JB001243,2023-04-09 00:22:00,DECEPTIVE PRACTICE,Financial/Cyber,REPORTED DECEPTIVE PRACTICE INCIDENT,RESIDENCE,0,0,2,31,10,18,2023,4,Sunday,0,2023-04
JB001244,2023-05-06 13:08:00,THEFT,Property,REPORTED THEFT INCIDENT,STREET,1,0,22,40,37,08A,2023,5,Saturday,13,2023-05
JB001245,2023-11-09 10:26:00,THEFT,Property,REPORTED THEFT INCIDENT,STREET,0,0,2,2,25,26,2023,11,Thursday,10,2023-11
JB001246,2022-05-09 10:39:00,THEFT,Property,REPORTED THEFT INCIDENT,RESIDENCE,0,0,1,40,59,03,2022,5,Monday,10,2022-05
JB001247,2023-06-26 09:04:00,BATTERY,Violent,REPORTED BATTERY INCIDENT,STREET,0,1,3,4,42,11,2023,6,Monday,9,2023-06
JB001248,2023-07-18 07:03:00,BATTERY,Violent,REPORTED BATTERY INCIDENT,APARTMENT,1,0,11,3,15,07,2023,7,Tuesday,7,2023-07
JB001249,2022-04-12 03:00:00,ASSAULT,Violent,REPORTED ASSAULT INCIDENT,GROCERY FOOD STORE,0,0,2,27,6,06,2022,4,Tuesday,3,2022-04
JB001250,2023-02-09 02:01:00,BURGLARY,Property,REPORTED BURGLARY INCIDENT,RESIDENCE,0,0,14,37,7,18,2023,2,Thursday,2,2023-02
JB001251,2022-10-28 10:57:00,MOTOR VEHICLE THEFT,Property,REPORTED MOTOR VEHICLE THEFT INCIDENT,STREET,0,0,2,32,16,14,2022,10,Friday,10,2022-10
JB001252,2022-05-20 05:17:00,BATTERY,Violent,REPORTED BATTERY INCIDENT,RESIDENCE,1,1,24,35,33,26,2022,5,Friday,5,2022-05
JB001253,2022-12-15 10:16:00,ASSAULT,Violent,REPORTED ASSAULT INCIDENT,STREET,1,0,17,41,23,11,2022,12,Thursday,10,2022-12
JB001254,2022-04-13 13:00:00,THEFT,Property,REPORTED THEFT INCIDENT,APARTMENT,0,0,24,33,1,08B,2022,4,Wednesday,13,2022-04
JB001255,2023-06-03 10:10:00,ASSAULT,Violent,REPORTED ASSAULT INCIDENT,RESIDENCE,0,0,17,5,48,08B,2023,6,Saturday,10,2023-06
JB001256,2023-07-04 11:17:00,THEFT,Property,REPORTED THEFT INCIDENT,APARTMENT,0,0,11,44,48,08B,2023,7,Tuesday,11,2023-07
JB001257,2022-02-12 05:54:00,BATTERY,Violent,REPORTED BATTERY INCIDENT,COMMERCIAL / BUSINESS OFFICE,1,0,12,11,58,07,2022,2,Saturday,5,2022-02
JB001258,2022-10-23 05:57:00,OTHER OFFENSE,Other,REPORTED OTHER OFFENSE INCIDENT,STREET,0,0,10,39,17,08A,2022,10,Sunday,5,2022-10
JB001259,2022-03-09 13:49:00,MOTOR VEHICLE THEFT,Property,REPORTED MOTOR VEHICLE THEFT INCIDENT,PARKING LOT / GARAGE,0,0,24,49,58,11,2022,3,Wednesday,13,2022-03
JB001260,2022-01-16 17:52:00,OTHER OFFENSE,Other,REPORTED OTHER OFFENSE INCIDENT,SIDEWALK,0,0,3,21,43,05,2022,1,Sunday,17,2022-01
JB001261,2023-08-23 03:07:00,CRIMINAL DAMAGE,Property,REPORTED CRIMINAL DAMAGE INCIDENT,PARKING LOT / GARAGE,0,0,25,45,9,06,2023,8,Wednesday,3,2023-08
JB001262,2023-12-31 12:46:00,BATTERY,Violent,REPORTED BATTERY INCIDENT,GROCERY FOOD STORE,0,1,14,44,50,03,2023,12,Sunday,12,2023-12
JB001263,2023-10-19 05:14:00,ASSAULT,Violent,REPORTED ASSAULT INCIDENT,PARKING LOT / GARAGE,0,0,19,16,8,08A,2023,10,Thursday,5,2023-10
JB001264,2022-05-21 13:58:00,MOTOR VEHICLE THEFT,Property,REPORTED MOTOR VEHICLE THEFT INCIDENT,SIDEWALK,0,0,12,31,39,03,2022,5,Saturday,13,2022-05
JB001265,2023-08-06 10:31:00,BATTERY,Violent,REPORTED BATTERY INCIDENT,RESIDENCE,0,0,17,39,74,07,2023,8,Sunday,10,2023-08
JB001266,2022-04-25 09:43:00,WEAPONS VIOLATION,Public Safety,REPORTED WEAPONS VIOLATION INCIDENT,APARTMENT,1,0,8,45,66,08B,2022,4,Monday,9,2022-04
JB001267,2022-02-27 14:29:00,BATTERY,Violent,REPORTED BATTERY INCIDENT,PARKING LOT / GARAGE,0,0,7,22,71,08A,2022,2,Sunday,14,2022-02
JB001268,2022-12-30 00:30:00,OTHER OFFENSE,Other,REPORTED OTHER OFFENSE INCIDENT,RESIDENCE,0,0,12,31,52,14,2022,12,Friday,0,2022-12
JB001269,2023-08-30 16:03:00,THEFT,Property,REPORTED THEFT INCIDENT,SMALL RETAIL STORE,0,0,18,19,52,06,2023,8,Wednesday,16,2023-08
JB001270,2022-02-19 16:08:00,CRIMINAL DAMAGE,Property,REPORTED CRIMINAL DAMAGE INCIDENT,RESIDENCE,0,0,14,30,55,26,2022,2,Saturday,16,2022-02
JB001271,2022-04-28 16:05:00,ASSAULT,Violent,REPORTED ASSAULT INCIDENT,STREET,0,1,10,27,44,08B,2022,4,Thursday,16,2022-04
JB001272,2023-02-17 18:31:00,ROBBERY,Violent,REPORTED ROBBERY INCIDENT,GROCERY FOOD STORE,0,0,20,26,10,08A,2023,2,Friday,18,2023-02
JB001273,2022-06-07 09:47:00,OTHER OFFENSE,Other,REPORTED OTHER OFFENSE INCIDENT,STREET,0,0,11,41,75,08B,2022,6,Tuesday,9,2022-06
JB001274,2022-04-16 07:56:00,WEAPONS VIOLATION,Public Safety,REPORTED WEAPONS VIOLATION INCIDENT,APARTMENT,1,0,3,13,10,26,2022,4,Saturday,7,2022-04
JB001275,2022-11-26 14:48:00,THEFT,Property,REPORTED THEFT INCIDENT,STREET,0,0,2,42,3,26,2022,11,Saturday,14,2022-11
JB001276,2022-07-18 10:44:00,ROBBERY,Violent,REPORTED ROBBERY INCIDENT,STREET,0,0,25,27,67,14,2022,7,Monday,10,2022-07
JB001277,2023-05-15 01:20:00,DECEPTIVE PRACTICE,Financial/Cyber,REPORTED DECEPTIVE PRACTICE INCIDENT,STREET,0,0,25,47,47,05,2023,5,Monday,1,2023-05
JB001278,2022-05-28 15:12:00,OTHER OFFENSE,Other,REPORTED OTHER OFFENSE INCIDENT,CTA TRAIN / STATION,1,0,12,35,68,26,2022,5,Saturday,15,2022-05
JB001279,2022-11-24 15:38:00,THEFT,Property,REPORTED THEFT INCIDENT,GROCERY FOOD STORE,0,0,17,29,37,26,2022,11,Thursday,15,2022-11
JB001280,2023-03-26 11:26:00,THEFT,Property,REPORTED THEFT INCIDENT,STREET,0,0,1,8,29,06,2023,3,Sunday,11,2023-03
JB001281,2023-04-01 23:46:00,ROBBERY,Violent,REPORTED ROBBERY INCIDENT,GROCERY FOOD STORE,0,0,1,37,26,08B,2023,4,Saturday,23,2023-04
JB001282,2022-03-03 03:06:00,OTHER OFFENSE,Other,REPORTED OTHER OFFENSE INCIDENT,RESIDENCE,0,0,25,22,15,11,2022,3,Thursday,3,2022-03
JB001283,2022-11-29 12:45:00,CRIMINAL DAMAGE,Property,REPORTED CRIMINAL DAMAGE INCIDENT,APARTMENT,0,0,11,15,76,11,2022,11,Tuesday,12,2022-11
JB001284,2023-05-14 17:55:00,OTHER OFFENSE,Other,REPORTED OTHER OFFENSE INCIDENT,RESIDENCE,1,0,8,15,46,14,2023,5,Sunday,17,2023-05
JB001285,2022-06-13 19:03:00,THEFT,Property,REPORTED THEFT INCIDENT,SIDEWALK,0,0,5,48,68,07,2022,6,Monday,19,2022-06
JB001286,2023-02-21 09:32:00,CRIMINAL DAMAGE,Property,REPORTED CRIMINAL DAMAGE INCIDENT,STREET,0,0,25,6,71,18,2023,2,Tuesday,9,2023-02
JB001287,2022-10-09 00:20:00,BATTERY,Violent,REPORTED BATTERY INCIDENT,SIDEWALK,0,0,19,9,29,26,2022,10,Sunday,0,2022-10
JB001288,2022-04-29 08:35:00,OTHER OFFENSE,Other,REPORTED OTHER OFFENSE INCIDENT,STREET,0,0,22,10,16,14,2022,4,Friday,8,2022-04
JB001289,2023-07-12 18:17:00,BATTERY,Violent,REPORTED BATTERY INCIDENT,APARTMENT,0,0,5,24,1,18,2023,7,Wednesday,18,2023-07
JB001290,2022-05-28 14:51:00,BATTERY,Violent,REPORTED BATTERY INCIDENT,STREET,0,0,3,2,70,03,2022,5,Saturday,14,2022-05
JB001291,2022-01-27 10:07:00,BURGLARY,Property,REPORTED BURGLARY INCIDENT,STREET,0,0,14,38,37,08A,2022,1,Thursday,10,2022-01
JB001292,2023-02-10 09:24:00,ASSAULT,Violent,REPORTED ASSAULT INCIDENT,STREET,0,0,24,43,43,11,2023,2,Friday,9,2023-02
JB001293,2023-04-17 06:18:00,MOTOR VEHICLE THEFT,Property,REPORTED MOTOR VEHICLE THEFT INCIDENT,APARTMENT,0,0,7,18,33,05,2023,4,Monday,6,2023-04
JB001294,2022-10-30 17:14:00,MOTOR VEHICLE THEFT,Property,REPORTED MOTOR VEHICLE THEFT INCIDENT,STREET,0,0,22,6,64,08A,2022,10,Sunday,17,2022-10
JB001295,2022-09-26 20:23:00,BATTERY,Violent,REPORTED BATTERY INCIDENT,STREET,0,1,22,20,77,14,2022,9,Monday,20,2022-09
JB001296,2023-10-18 11:02:00,WEAPONS VIOLATION,Public Safety,REPORTED WEAPONS VIOLATION INCIDENT,SIDEWALK,0,0,17,46,40,03,2023,10,Wednesday,11,2023-10
JB001297,2023-11-18 03:56:00,ASSAULT,Violent,REPORTED ASSAULT INCIDENT,RESIDENCE,0,1,6,12,74,06,2023,11,Saturday,3,2023-11
JB001298,2022-11-30 04:17:00,ROBBERY,Violent,REPORTED ROBBERY INCIDENT,STREET,0,0,11,26,49,05,2022,11,Wednesday,4,2022-11
JB001299,2023-11-17 18:16:00,BATTERY,Violent,REPORTED BATTERY INCIDENT,SIDEWALK,1,0,2,44,15,03,2023,11,Friday,18,2023-11
JB001300,2023-04-04 15:08:00,CRIMINAL DAMAGE,Property,REPORTED CRIMINAL DAMAGE INCIDENT,STREET,0,0,20,21,59,18,2023,4,Tuesday,15,2023-04
JB001301,2023-04-17 05:00:00,ROBBERY,Violent,REPORTED ROBBERY INCIDENT,RESIDENCE,0,0,20,50,46,18,2023,4,Monday,5,2023-04
JB001302,2023-02-27 10:55:00,CRIMINAL DAMAGE,Property,REPORTED CRIMINAL DAMAGE INCIDENT,RESIDENCE,0,0,15,29,19,05,2023,2,Monday,10,2023-02
JB001303,2023-12-30 08:39:00,BATTERY,Violent,REPORTED BATTERY INCIDENT,STREET,0,0,17,42,56,05,2023,12,Saturday,8,2023-12
JB001304,2022-11-15 01:08:00,THEFT,Property,REPORTED THEFT INCIDENT,STREET,0,0,19,21,71,08B,2022,11,Tuesday,1,2022-11
JB001305,2022-07-23 01:11:00,THEFT,Property,REPORTED THEFT INCIDENT,SIDEWALK,0,0,17,4,49,08A,2022,7,Saturday,1,2022-07
JB001306,2023-05-22 23:51:00,THEFT,Property,REPORTED THEFT INCIDENT,STREET,0,0,14,25,68,11,2023,5,Monday,23,2023-05
JB001307,2023-06-22 07:15:00,CRIMINAL DAMAGE,Property,REPORTED CRIMINAL DAMAGE INCIDENT,SIDEWALK,0,0,19,2,61,08A,2023,6,Thursday,7,2023-06
JB001308,2023-01-24 18:31:00,ROBBERY,Violent,REPORTED ROBBERY INCIDENT,STREET,0,0,5,22,39,06,2023,1,Tuesday,18,2023-01
JB001309,2022-10-02 05:13:00,THEFT,Property,REPORTED THEFT INCIDENT,RESIDENCE,0,0,10,26,36,03,2022,10,Sunday,5,2022-10
JB001310,2023-04-13 14:58:00,OTHER OFFENSE,Other,REPORTED OTHER OFFENSE INCIDENT,STREET,0,0,24,25,27,18,2023,4,Thursday,14,2023-04
JB001311,2022-12-02 07:24:00,NARCOTICS,Public Order,REPORTED NARCOTICS INCIDENT,STREET,1,0,11,32,73,18,2022,12,Friday,7,2022-12
JB001312,2023-06-03 20:39:00,MOTOR VEHICLE THEFT,Property,REPORTED MOTOR VEHICLE THEFT INCIDENT,PARKING LOT / GARAGE,0,0,18,33,43,08A,2023,6,Saturday,20,2023-06
JB001313,2022-03-09 02:01:00,CRIMINAL DAMAGE,Property,REPORTED CRIMINAL DAMAGE INCIDENT,STREET,0,0,6,18,38,08B,2022,3,Wednesday,2,2022-03
JB001314,2022-07-05 13:47:00,MOTOR VEHICLE THEFT,Property,REPORTED MOTOR VEHICLE THEFT INCIDENT,RESTAURANT,0,0,6,24,47,18,2022,7,Tuesday,13,2022-07
JB001315,2023-07-05 08:33:00,BATTERY,Violent,REPORTED BATTERY INCIDENT,PARKING LOT / GARAGE,0,0,15,7,51,05,2023,7,Wednesday,8,2023-07
JB001316,2023-12-08 18:54:00,THEFT,Property,REPORTED THEFT INCIDENT,STREET,0,0,5,43,8,06,2023,12,Friday,18,2023-12
JB001317,2023-11-28 01:04:00,ROBBERY,Violent,REPORTED ROBBERY INCIDENT,PARKING LOT / GARAGE,0,0,5,6,63,26,2023,11,Tuesday,1,2023-11
JB001318,2023-01-11 04:00:00,CRIMINAL DAMAGE,Property,REPORTED CRIMINAL DAMAGE INCIDENT,APARTMENT,1,0,4,37,47,08B,2023,1,Wednesday,4,2023-01
JB001319,2022-01-29 02:28:00,THEFT,Property,REPORTED THEFT INCIDENT,STREET,0,0,2,18,52,18,2022,1,Saturday,2,2022-01
JB001320,2023-04-18 08:25:00,THEFT,Property,REPORTED THEFT INCIDENT,PARKING LOT / GARAGE,0,0,16,22,26,03,2023,4,Tuesday,8,2023-04
JB001321,2022-06-25 21:56:00,WEAPONS VIOLATION,Public Safety,REPORTED WEAPONS VIOLATION INCIDENT,RESIDENCE,1,0,15,42,65,05,2022,6,Saturday,21,2022-06
JB001322,2023-11-15 13:10:00,BATTERY,Violent,REPORTED BATTERY INCIDENT,STREET,0,0,1,11,43,03,2023,11,Wednesday,13,2023-11
JB001323,2022-08-30 04:59:00,THEFT,Property,REPORTED THEFT INCIDENT,APARTMENT,1,0,6,27,77,14,2022,8,Tuesday,4,2022-08
JB001324,2023-12-05 06:23:00,CRIMINAL DAMAGE,Property,REPORTED CRIMINAL DAMAGE INCIDENT,APARTMENT,0,0,10,1,61,26,2023,12,Tuesday,6,2023-12
JB001325,2023-05-27 02:22:00,DECEPTIVE PRACTICE,Financial/Cyber,REPORTED DECEPTIVE PRACTICE INCIDENT,APARTMENT,0,0,11,1,54,07,2023,5,Saturday,2,2023-05
JB001326,2023-07-31 08:01:00,THEFT,Property,REPORTED THEFT INCIDENT,RESIDENCE,0,0,24,8,3,26,2023,7,Monday,8,2023-07
JB001327,2023-01-05 20:51:00,THEFT,Property,REPORTED THEFT INCIDENT,RESIDENCE,0,0,2,45,67,06,2023,1,Thursday,20,2023-01
JB001328,2022-03-04 08:04:00,BATTERY,Violent,REPORTED BATTERY INCIDENT,STREET,0,0,9,40,24,11,2022,3,Friday,8,2022-03
JB001329,2023-10-24 06:28:00,CRIMINAL DAMAGE,Property,REPORTED CRIMINAL DAMAGE INCIDENT,STREET,0,0,14,7,33,26,2023,10,Tuesday,6,2023-10
JB001330,2022-11-20 01:40:00,OTHER OFFENSE,Other,REPORTED OTHER OFFENSE INCIDENT,RESIDENCE,0,0,8,47,20,07,2022,11,Sunday,1,2022-11
JB001331,2023-06-08 23:55:00,ASSAULT,Violent,REPORTED ASSAULT INCIDENT,STREET,0,1,24,20,54,08A,2023,6,Thursday,23,2023-06
JB001332,2022-08-05 04:42:00,ASSAULT,Violent,REPORTED ASSAULT INCIDENT,RESIDENCE,1,0,7,45,48,08A,2022,8,Friday,4,2022-08
JB001333,2022-05-29 12:52:00,ASSAULT,Violent,REPORTED ASSAULT INCIDENT,STREET,0,1,20,41,56,08A,2022,5,Sunday,12,2022-05
JB001334,2022-03-27 12:23:00,WEAPONS VIOLATION,Public Safety,REPORTED WEAPONS VIOLATION INCIDENT,APARTMENT,0,0,3,36,53,08B,2022,3,Sunday,12,2022-03
JB001335,2023-05-03 16:30:00,NARCOTICS,Public Order,REPORTED NARCOTICS INCIDENT,RESIDENCE,1,0,16,24,20,18,2023,5,Wednesday,16,2023-05
JB001336,2022-12-28 15:32:00,CRIMINAL DAMAGE,Property,REPORTED CRIMINAL DAMAGE INCIDENT,RESIDENCE,0,0,19,15,63,11,2022,12,Wednesday,15,2022-12
JB001337,2023-10-01 15:42:00,DECEPTIVE PRACTICE,Financial/Cyber,REPORTED DECEPTIVE PRACTICE INCIDENT,SMALL RETAIL STORE,0,0,20,6,7,07,2023,10,Sunday,15,2023-10
JB001338,2023-01-19 16:03:00,BATTERY,Violent,REPORTED BATTERY INCIDENT,RESIDENCE,0,1,18,27,20,18,2023,1,Thursday,16,2023-01
JB001339,2022-09-21 14:10:00,BATTERY,Violent,REPORTED BATTERY INCIDENT,STREET,0,1,8,21,28,18,2022,9,Wednesday,14,2022-09
JB001340,2022-02-16 04:11:00,THEFT,Property,REPORTED THEFT INCIDENT,STREET,0,0,7,49,42,08B,2022,2,Wednesday,4,2022-02
JB001341,2022-12-22 04:09:00,BATTERY,Violent,REPORTED BATTERY INCIDENT,STREET,0,0,16,21,57,06,2022,12,Thursday,4,2022-12
JB001342,2023-02-02 04:07:00,CRIMINAL DAMAGE,Property,REPORTED CRIMINAL DAMAGE INCIDENT,SMALL RETAIL STORE,0,0,16,44,56,11,2023,2,Thursday,4,2023-02
JB001343,2023-01-27 13:34:00,BATTERY,Violent,REPORTED BATTERY INCIDENT,STREET,0,0,24,24,41,11,2023,1,Friday,13,2023-01
JB001344,2023-11-30 07:47:00,NARCOTICS,Public Order,REPORTED NARCOTICS INCIDENT,APARTMENT,1,0,8,41,18,03,2023,11,Thursday,7,2023-11
JB001345,2022-08-18 20:33:00,THEFT,Property,REPORTED THEFT INCIDENT,SIDEWALK,0,0,1,8,74,08B,2022,8,Thursday,20,2022-08
JB001346,2023-01-04 03:22:00,THEFT,Property,REPORTED THEFT INCIDENT,STREET,0,0,3,31,22,18,2023,1,Wednesday,3,2023-01
JB001347,2023-06-26 05:56:00,THEFT,Property,REPORTED THEFT INCIDENT,SIDEWALK,0,0,7,20,52,08B,2023,6,Monday,5,2023-06
JB001348,2023-02-19 05:15:00,THEFT,Property,REPORTED THEFT INCIDENT,RESIDENCE,0,0,4,17,17,05,2023,2,Sunday,5,2023-02
JB001349,2022-01-07 13:47:00,WEAPONS VIOLATION,Public Safety,REPORTED WEAPONS VIOLATION INCIDENT,APARTMENT,1,0,16,7,49,11,2022,1,Friday,13,2022-01
JB001350,2023-11-06 17:09:00,BATTERY,Violent,REPORTED BATTERY INCIDENT,STREET,0,0,14,50,68,11,2023,11,Monday,17,2023-11
JB001351,2022-09-23 03:47:00,ASSAULT,Violent,REPORTED ASSAULT INCIDENT,STREET,0,0,19,49,62,08A,2022,9,Friday,3,2022-09
JB001352,2023-04-04 20:39:00,BATTERY,Violent,REPORTED BATTERY INCIDENT,PARKING LOT / GARAGE,0,1,24,24,1,14,2023,4,Tuesday,20,2023-04
JB001353,2023-10-01 22:08:00,CRIMINAL DAMAGE,Property,REPORTED CRIMINAL DAMAGE INCIDENT,APARTMENT,0,0,2,25,24,08A,2023,10,Sunday,22,2023-10
JB001354,2022-01-25 17:49:00,ROBBERY,Violent,REPORTED ROBBERY INCIDENT,STREET,0,0,2,25,11,26,2022,1,Tuesday,17,2022-01
JB001355,2023-07-29 07:13:00,DECEPTIVE PRACTICE,Financial/Cyber,REPORTED DECEPTIVE PRACTICE INCIDENT,APARTMENT,0,0,5,7,38,07,2023,7,Saturday,7,2023-07
JB001356,2023-12-22 09:25:00,MOTOR VEHICLE THEFT,Property,REPORTED MOTOR VEHICLE THEFT INCIDENT,APARTMENT,0,0,7,36,51,07,2023,12,Friday,9,2023-12
JB001357,2023-03-23 21:16:00,MOTOR VEHICLE THEFT,Property,REPORTED MOTOR VEHICLE THEFT INCIDENT,SIDEWALK,0,0,18,4,14,11,2023,3,Thursday,21,2023-03
JB001358,2022-03-31 05:46:00,ASSAULT,Violent,REPORTED ASSAULT INCIDENT,SMALL RETAIL STORE,0,1,16,22,63,08A,2022,3,Thursday,5,2022-03
JB001359,2023-11-24 06:31:00,BATTERY,Violent,REPORTED BATTERY INCIDENT,STREET,0,1,2,41,16,05,2023,11,Friday,6,2023-11
JB001360,2022-07-11 07:58:00,BATTERY,Violent,REPORTED BATTERY INCIDENT,STREET,0,1,9,27,46,18,2022,7,Monday,7,2022-07
JB001361,2022-07-06 18:07:00,MOTOR VEHICLE THEFT,Property,REPORTED MOTOR VEHICLE THEFT INCIDENT,SIDEWALK,0,0,25,35,48,05,2022,7,Wednesday,18,2022-07
JB001362,2023-06-01 00:20:00,BATTERY,Violent,REPORTED BATTERY INCIDENT,APARTMENT,0,1,7,50,34,07,2023,6,Thursday,0,2023-06
JB001363,2022-07-17 17:49:00,CRIMINAL DAMAGE,Property,REPORTED CRIMINAL DAMAGE INCIDENT,RESIDENCE,0,0,22,23,25,06,2022,7,Sunday,17,2022-07
JB001364,2022-08-28 05:28:00,ASSAULT,Violent,REPORTED ASSAULT INCIDENT,RESIDENCE,0,0,11,8,34,08B,2022,8,Sunday,5,2022-08
JB001365,2023-04-06 02:12:00,THEFT,Property,REPORTED THEFT INCIDENT,RESIDENCE,0,0,11,26,74,03,2023,4,Thursday,2,2023-04
JB001366,2023-12-03 19:38:00,BURGLARY,Property,REPORTED BURGLARY INCIDENT,STREET,0,0,3,25,52,05,2023,12,Sunday,19,2023-12
JB001367,2023-04-13 15:11:00,CRIMINAL DAMAGE,Property,REPORTED CRIMINAL DAMAGE INCIDENT,APARTMENT,0,0,5,49,20,07,2023,4,Thursday,15,2023-04
JB001368,2023-12-27 05:41:00,THEFT,Property,REPORTED THEFT INCIDENT,COMMERCIAL / BUSINESS OFFICE,0,0,8,25,28,26,2023,12,Wednesday,5,2023-12
JB001369,2023-09-06 03:39:00,BATTERY,Violent,REPORTED BATTERY INCIDENT,RESIDENCE,0,0,7,22,11,18,2023,9,Wednesday,3,2023-09
JB001370,2022-03-11 01:23:00,MOTOR VEHICLE THEFT,Property,REPORTED MOTOR VEHICLE THEFT INCIDENT,STREET,0,0,12,19,47,11,2022,3,Friday,1,2022-03
JB001371,2022-12-18 07:51:00,THEFT,Property,REPORTED THEFT INCIDENT,STREET,0,0,4,48,68,03,2022,12,Sunday,7,2022-12
JB001372,2023-08-05 03:08:00,OTHER OFFENSE,Other,REPORTED OTHER OFFENSE INCIDENT,GROCERY FOOD STORE,0,0,16,24,64,14,2023,8,Saturday,3,2023-08
JB001373,2023-01-31 10:28:00,WEAPONS VIOLATION,Public Safety,REPORTED WEAPONS VIOLATION INCIDENT,STREET,1,0,24,18,37,06,2023,1,Tuesday,10,2023-01
JB001374,2023-12-05 14:17:00,MOTOR VEHICLE THEFT,Property,REPORTED MOTOR VEHICLE THEFT INCIDENT,RESIDENCE,0,0,17,11,16,18,2023,12,Tuesday,14,2023-12
JB001375,2022-04-06 17:32:00,CRIMINAL DAMAGE,Property,REPORTED CRIMINAL DAMAGE INCIDENT,RESTAURANT,0,0,20,32,8,08A,2022,4,Wednesday,17,2022-04
JB001376,2023-01-06 10:54:00,CRIMINAL DAMAGE,Property,REPORTED CRIMINAL DAMAGE INCIDENT,RESIDENCE,0,0,20,43,43,08B,2023,1,Friday,10,2023-01
JB001377,2022-11-04 01:39:00,OTHER OFFENSE,Other,REPORTED OTHER OFFENSE INCIDENT,APARTMENT,0,0,9,1,3,18,2022,11,Friday,1,2022-11
JB001378,2023-05-06 20:58:00,THEFT,Property,REPORTED THEFT INCIDENT,APARTMENT,0,0,12,8,7,14,2023,5,Saturday,20,2023-05
JB001379,2023-04-30 05:28:00,CRIMINAL DAMAGE,Property,REPORTED CRIMINAL DAMAGE INCIDENT,SIDEWALK,0,0,18,39,66,06,2023,4,Sunday,5,2023-04
JB001380,2022-07-16 11:50:00,BATTERY,Violent,REPORTED BATTERY INCIDENT,STREET,1,0,8,50,44,05,2022,7,Saturday,11,2022-07
JB001381,2023-08-06 03:04:00,BATTERY,Violent,REPORTED BATTERY INCIDENT,PARKING LOT / GARAGE,0,0,17,25,77,14,2023,8,Sunday,3,2023-08
JB001382,2023-01-02 17:17:00,BATTERY,Violent,REPORTED BATTERY INCIDENT,RESTAURANT,0,1,10,26,33,07,2023,1,Monday,17,2023-01
JB001383,2022-01-29 09:55:00,THEFT,Property,REPORTED THEFT INCIDENT,STREET,0,0,15,35,2,18,2022,1,Saturday,9,2022-01
JB001384,2023-05-19 23:17:00,THEFT,Property,REPORTED THEFT INCIDENT,GROCERY FOOD STORE,0,0,14,11,42,14,2023,5,Friday,23,2023-05
JB001385,2023-12-31 06:06:00,BATTERY,Violent,REPORTED BATTERY INCIDENT,PARKING LOT / GARAGE,0,0,2,49,36,03,2023,12,Sunday,6,2023-12
JB001386,2023-04-18 09:40:00,ROBBERY,Violent,REPORTED ROBBERY INCIDENT,APARTMENT,0,0,17,29,41,03,2023,4,Tuesday,9,2023-04
JB001387,2023-06-24 21:36:00,BATTERY,Violent,REPORTED BATTERY INCIDENT,STREET,0,0,1,48,42,03,2023,6,Saturday,21,2023-06
JB001388,2023-05-06 21:29:00,NARCOTICS,Public Order,REPORTED NARCOTICS INCIDENT,SIDEWALK,1,0,22,19,60,03,2023,5,Saturday,21,2023-05
JB001389,2022-02-17 17:02:00,CRIMINAL DAMAGE,Property,REPORTED CRIMINAL DAMAGE INCIDENT,PARKING LOT / GARAGE,0,0,2,32,71,06,2022,2,Thursday,17,2022-02
JB001390,2022-05-07 06:09:00,DECEPTIVE PRACTICE,Financial/Cyber,REPORTED DECEPTIVE PRACTICE INCIDENT,APARTMENT,0,0,7,25,31,08A,2022,5,Saturday,6,2022-05
JB001391,2023-01-05 00:12:00,MOTOR VEHICLE THEFT,Property,REPORTED MOTOR VEHICLE THEFT INCIDENT,RESTAURANT,0,0,25,43,50,14,2023,1,Thursday,0,2023-01
JB001392,2023-04-28 03:52:00,WEAPONS VIOLATION,Public Safety,REPORTED WEAPONS VIOLATION INCIDENT,GROCERY FOOD STORE,1,0,4,3,48,05,2023,4,Friday,3,2023-04
JB001393,2022-03-14 07:29:00,CRIMINAL DAMAGE,Property,REPORTED CRIMINAL DAMAGE INCIDENT,STREET,0,0,5,48,12,08A,2022,3,Monday,7,2022-03
JB001394,2023-02-02 04:32:00,THEFT,Property,REPORTED THEFT INCIDENT,RESIDENCE,0,0,15,2,32,18,2023,2,Thursday,4,2023-02
JB001395,2022-07-18 10:24:00,NARCOTICS,Public Order,REPORTED NARCOTICS INCIDENT,RESIDENCE,1,0,4,38,44,03,2022,7,Monday,10,2022-07
JB001396,2022-05-09 23:08:00,CRIMINAL TRESPASS,Property,REPORTED CRIMINAL TRESPASS INCIDENT,APARTMENT,0,0,3,35,20,06,2022,5,Monday,23,2022-05
JB001397,2023-03-27 21:45:00,ASSAULT,Violent,REPORTED ASSAULT INCIDENT,RESIDENCE,1,1,9,21,13,03,2023,3,Monday,21,2023-03
JB001398,2022-02-04 17:59:00,OTHER OFFENSE,Other,REPORTED OTHER OFFENSE INCIDENT,STREET,1,0,5,38,16,08B,2022,2,Friday,17,2022-02
JB001399,2022-06-28 03:10:00,BURGLARY,Property,REPORTED BURGLARY INCIDENT,STREET,0,0,12,1,3,14,2022,6,Tuesday,3,2022-06
JB001400,2022-05-09 20:33:00,OTHER OFFENSE,Other,REPORTED OTHER OFFENSE INCIDENT,RESIDENCE,0,0,4,5,59,08B,2022,5,Monday,20,2022-05
JB001401,2023-05-07 15:06:00,BATTERY,Violent,REPORTED BATTERY INCIDENT,COMMERCIAL / BUSINESS OFFICE,1,1,9,16,57,11,2023,5,Sunday,15,2023-05
JB001402,2022-12-03 16:24:00,THEFT,Property,REPORTED THEFT INCIDENT,RESIDENCE,1,0,6,4,49,11,2022,12,Saturday,16,2022-12
JB001403,2022-01-12 16:36:00,OTHER OFFENSE,Other,REPORTED OTHER OFFENSE INCIDENT,RESIDENCE,0,0,19,6,24,08B,2022,1,Wednesday,16,2022-01
JB001404,2022-03-11 15:23:00,BATTERY,Violent,REPORTED BATTERY INCIDENT,STREET,0,0,24,1,3,26,2022,3,Friday,15,2022-03
JB001405,2022-03-29 00:10:00,THEFT,Property,REPORTED THEFT INCIDENT,RESIDENCE,0,0,1,21,66,08A,2022,3,Tuesday,0,2022-03
JB001406,2023-08-27 07:41:00,MOTOR VEHICLE THEFT,Property,REPORTED MOTOR VEHICLE THEFT INCIDENT,COMMERCIAL / BUSINESS OFFICE,0,0,9,29,13,05,2023,8,Sunday,7,2023-08
JB001407,2022-04-01 11:07:00,BURGLARY,Property,REPORTED BURGLARY INCIDENT,APARTMENT,0,0,24,31,77,05,2022,4,Friday,11,2022-04
JB001408,2023-01-12 06:25:00,WEAPONS VIOLATION,Public Safety,REPORTED WEAPONS VIOLATION INCIDENT,APARTMENT,1,0,25,41,15,06,2023,1,Thursday,6,2023-01
JB001409,2023-05-26 10:03:00,BATTERY,Violent,REPORTED BATTERY INCIDENT,CTA TRAIN / STATION,0,1,18,17,21,11,2023,5,Friday,10,2023-05
JB001410,2022-12-18 01:21:00,ASSAULT,Violent,REPORTED ASSAULT INCIDENT,RESTAURANT,0,0,1,46,32,18,2022,12,Sunday,1,2022-12
JB001411,2022-06-12 22:30:00,THEFT,Property,REPORTED THEFT INCIDENT,APARTMENT,0,0,6,48,74,05,2022,6,Sunday,22,2022-06
JB001412,2022-04-28 14:47:00,MOTOR VEHICLE THEFT,Property,REPORTED MOTOR VEHICLE THEFT INCIDENT,RESIDENCE,0,0,4,39,42,07,2022,4,Thursday,14,2022-04
JB001413,2022-04-12 13:07:00,MOTOR VEHICLE THEFT,Property,REPORTED MOTOR VEHICLE THEFT INCIDENT,STREET,0,0,20,21,75,07,2022,4,Tuesday,13,2022-04
JB001414,2022-02-13 21:17:00,DECEPTIVE PRACTICE,Financial/Cyber,REPORTED DECEPTIVE PRACTICE INCIDENT,SIDEWALK,0,0,12,22,45,26,2022,2,Sunday,21,2022-02
JB001415,2023-12-10 00:57:00,BURGLARY,Property,REPORTED BURGLARY INCIDENT,STREET,0,0,17,29,28,26,2023,12,Sunday,0,2023-12
JB001416,2023-09-08 02:13:00,ROBBERY,Violent,REPORTED ROBBERY INCIDENT,RESIDENCE,0,0,18,37,8,08B,2023,9,Friday,2,2023-09
JB001417,2022-07-23 02:18:00,WEAPONS VIOLATION,Public Safety,REPORTED WEAPONS VIOLATION INCIDENT,SIDEWALK,1,0,4,33,42,06,2022,7,Saturday,2,2022-07
JB001418,2022-01-12 22:02:00,DECEPTIVE PRACTICE,Financial/Cyber,REPORTED DECEPTIVE PRACTICE INCIDENT,SIDEWALK,0,0,22,50,9,14,2022,1,Wednesday,22,2022-01
JB001419,2023-10-18 15:30:00,BURGLARY,Property,REPORTED BURGLARY INCIDENT,PARKING LOT / GARAGE,0,0,3,8,52,06,2023,10,Wednesday,15,2023-10
JB001420,2023-03-30 00:49:00,CRIMINAL DAMAGE,Property,REPORTED CRIMINAL DAMAGE INCIDENT,STREET,1,0,7,33,27,26,2023,3,Thursday,0,2023-03
JB001421,2022-03-31 13:47:00,THEFT,Property,REPORTED THEFT INCIDENT,APARTMENT,0,0,11,5,67,11,2022,3,Thursday,13,2022-03
JB001422,2023-05-15 08:40:00,MOTOR VEHICLE THEFT,Property,REPORTED MOTOR VEHICLE THEFT INCIDENT,SIDEWALK,0,0,24,39,53,06,2023,5,Monday,8,2023-05
JB001423,2022-04-15 14:52:00,BATTERY,Violent,REPORTED BATTERY INCIDENT,APARTMENT,0,1,19,15,34,11,2022,4,Friday,14,2022-04
JB001424,2023-11-07 01:18:00,ASSAULT,Violent,REPORTED ASSAULT INCIDENT,SIDEWALK,0,1,18,46,11,14,2023,11,Tuesday,1,2023-11
JB001425,2023-05-13 02:14:00,CRIMINAL TRESPASS,Property,REPORTED CRIMINAL TRESPASS INCIDENT,STREET,0,0,7,37,26,11,2023,5,Saturday,2,2023-05
JB001426,2023-08-07 15:34:00,OTHER OFFENSE,Other,REPORTED OTHER OFFENSE INCIDENT,STREET,1,0,9,50,5,07,2023,8,Monday,15,2023-08
JB001427,2023-10-31 20:51:00,THEFT,Property,REPORTED THEFT INCIDENT,STREET,0,0,2,36,58,03,2023,10,Tuesday,20,2023-10
JB001428,2023-03-25 00:49:00,DECEPTIVE PRACTICE,Financial/Cyber,REPORTED DECEPTIVE PRACTICE INCIDENT,APARTMENT,0,0,25,36,68,03,2023,3,Saturday,0,2023-03
JB001429,2023-01-15 04:12:00,OTHER OFFENSE,Other,REPORTED OTHER OFFENSE INCIDENT,STREET,0,0,3,5,29,03,2023,1,Sunday,4,2023-01
JB001430,2023-03-31 13:26:00,ASSAULT,Violent,REPORTED ASSAULT INCIDENT,RESIDENCE,0,0,9,16,25,08B,2023,3,Friday,13,2023-03
JB001431,2022-03-16 00:18:00,OTHER OFFENSE,Other,REPORTED OTHER OFFENSE INCIDENT,RESIDENCE,0,0,18,15,23,26,2022,3,Wednesday,0,2022-03
JB001432,2022-07-21 07:40:00,CRIMINAL DAMAGE,Property,REPORTED CRIMINAL DAMAGE INCIDENT,STREET,0,0,12,41,16,11,2022,7,Thursday,7,2022-07
JB001433,2023-04-02 23:25:00,CRIMINAL DAMAGE,Property,REPORTED CRIMINAL DAMAGE INCIDENT,PARKING LOT / GARAGE,0,0,16,26,44,05,2023,4,Sunday,23,2023-04
JB001434,2023-04-09 14:20:00,MOTOR VEHICLE THEFT,Property,REPORTED MOTOR VEHICLE THEFT INCIDENT,RESIDENCE,0,0,6,27,20,14,2023,4,Sunday,14,2023-04
JB001435,2022-10-06 05:59:00,THEFT,Property,REPORTED THEFT INCIDENT,STREET,0,0,17,31,65,11,2022,10,Thursday,5,2022-10
JB001436,2022-12-15 05:58:00,THEFT,Property,REPORTED THEFT INCIDENT,RESIDENCE,0,0,24,48,16,18,2022,12,Thursday,5,2022-12
JB001437,2023-07-31 00:24:00,THEFT,Property,REPORTED THEFT INCIDENT,APARTMENT,1,0,8,44,54,11,2023,7,Monday,0,2023-07
JB001438,2022-02-24 03:16:00,CRIMINAL DAMAGE,Property,REPORTED CRIMINAL DAMAGE INCIDENT,PARKING LOT / GARAGE,0,0,17,17,14,18,2022,2,Thursday,3,2022-02
JB001439,2022-11-15 17:20:00,WEAPONS VIOLATION,Public Safety,REPORTED WEAPONS VIOLATION INCIDENT,RESIDENCE,1,0,24,19,37,07,2022,11,Tuesday,17,2022-11
JB001440,2023-06-04 19:50:00,WEAPONS VIOLATION,Public Safety,REPORTED WEAPONS VIOLATION INCIDENT,APARTMENT,1,0,19,39,43,06,2023,6,Sunday,19,2023-06
JB001441,2022-09-17 14:45:00,THEFT,Property,REPORTED THEFT INCIDENT,RESIDENCE,1,0,18,12,45,26,2022,9,Saturday,14,2022-09
JB001442,2022-03-23 10:37:00,OTHER OFFENSE,Other,REPORTED OTHER OFFENSE INCIDENT,SMALL RETAIL STORE,0,0,6,1,49,11,2022,3,Wednesday,10,2022-03
JB001443,2022-08-17 19:05:00,THEFT,Property,REPORTED THEFT INCIDENT,RESTAURANT,0,0,18,29,55,07,2022,8,Wednesday,19,2022-08
JB001444,2023-11-28 06:39:00,BATTERY,Violent,REPORTED BATTERY INCIDENT,RESIDENCE,0,0,2,15,33,14,2023,11,Tuesday,6,2023-11
JB001445,2022-11-12 17:24:00,BATTERY,Violent,REPORTED BATTERY INCIDENT,STREET,0,1,25,17,18,26,2022,11,Saturday,17,2022-11
JB001446,2022-06-02 17:46:00,BATTERY,Violent,REPORTED BATTERY INCIDENT,APARTMENT,0,1,11,32,52,18,2022,6,Thursday,17,2022-06
JB001447,2023-05-26 17:00:00,CRIMINAL DAMAGE,Property,REPORTED CRIMINAL DAMAGE INCIDENT,APARTMENT,0,0,8,27,63,07,2023,5,Friday,17,2023-05
JB001448,2023-06-02 00:02:00,THEFT,Property,REPORTED THEFT INCIDENT,RESIDENCE,0,0,17,4,66,14,2023,6,Friday,0,2023-06
JB001449,2023-06-06 18:40:00,CRIMINAL DAMAGE,Property,REPORTED CRIMINAL DAMAGE INCIDENT,SIDEWALK,0,0,9,10,13,08B,2023,6,Tuesday,18,2023-06
JB001450,2023-09-14 20:00:00,THEFT,Property,REPORTED THEFT INCIDENT,SIDEWALK,0,0,2,48,54,11,2023,9,Thursday,20,2023-09
JB001451,2023-05-05 17:23:00,CRIMINAL DAMAGE,Property,REPORTED CRIMINAL DAMAGE INCIDENT,RESTAURANT,0,0,18,24,14,08B,2023,5,Friday,17,2023-05
JB001452,2022-07-28 12:52:00,BATTERY,Violent,REPORTED BATTERY INCIDENT,STREET,0,1,3,24,10,05,2022,7,Thursday,12,2022-07
JB001453,2023-10-18 22:17:00,ASSAULT,Violent,REPORTED ASSAULT INCIDENT,STREET,0,1,1,37,54,11,2023,10,Wednesday,22,2023-10
JB001454,2023-10-13 00:07:00,CRIMINAL DAMAGE,Property,REPORTED CRIMINAL DAMAGE INCIDENT,STREET,0,0,20,3,19,06,2023,10,Friday,0,2023-10
JB001455,2022-06-24 00:02:00,ASSAULT,Violent,REPORTED ASSAULT INCIDENT,APARTMENT,0,0,17,42,54,08B,2022,6,Friday,0,2022-06
JB001456,2022-05-28 12:44:00,THEFT,Property,REPORTED THEFT INCIDENT,APARTMENT,0,0,2,47,15,06,2022,5,Saturday,12,2022-05
JB001457,2022-11-12 08:14:00,MOTOR VEHICLE THEFT,Property,REPORTED MOTOR VEHICLE THEFT INCIDENT,STREET,0,0,12,34,42,14,2022,11,Saturday,8,2022-11
JB001458,2022-10-22 13:56:00,THEFT,Property,REPORTED THEFT INCIDENT,APARTMENT,0,0,14,48,76,08A,2022,10,Saturday,13,2022-10
JB001459,2023-11-20 21:41:00,WEAPONS VIOLATION,Public Safety,REPORTED WEAPONS VIOLATION INCIDENT,RESIDENCE,0,0,19,39,30,26,2023,11,Monday,21,2023-11
JB001460,2022-02-07 11:42:00,THEFT,Property,REPORTED THEFT INCIDENT,APARTMENT,0,0,7,48,37,14,2022,2,Monday,11,2022-02
JB001461,2023-09-15 14:39:00,ASSAULT,Violent,REPORTED ASSAULT INCIDENT,STREET,0,0,9,47,53,06,2023,9,Friday,14,2023-09
JB001462,2023-09-01 03:58:00,BATTERY,Violent,REPORTED BATTERY INCIDENT,STREET,1,0,16,3,15,14,2023,9,Friday,3,2023-09
JB001463,2022-04-20 22:19:00,THEFT,Property,REPORTED THEFT INCIDENT,STREET,0,0,12,45,4,26,2022,4,Wednesday,22,2022-04
JB001464,2022-10-10 23:55:00,WEAPONS VIOLATION,Public Safety,REPORTED WEAPONS VIOLATION INCIDENT,CTA TRAIN / STATION,1,0,8,27,28,07,2022,10,Monday,23,2022-10
JB001465,2022-09-04 13:55:00,BATTERY,Violent,REPORTED BATTERY INCIDENT,SIDEWALK,0,0,14,23,33,03,2022,9,Sunday,13,2022-09
JB001466,2023-11-20 23:12:00,DECEPTIVE PRACTICE,Financial/Cyber,REPORTED DECEPTIVE PRACTICE INCIDENT,APARTMENT,1,0,20,13,47,14,2023,11,Monday,23,2023-11
JB001467,2022-07-06 01:48:00,ROBBERY,Violent,REPORTED ROBBERY INCIDENT,APARTMENT,0,0,4,48,35,05,2022,7,Wednesday,1,2022-07
JB001468,2023-12-12 05:30:00,ASSAULT,Violent,REPORTED ASSAULT INCIDENT,GROCERY FOOD STORE,0,0,4,26,72,14,2023,12,Tuesday,5,2023-12
JB001469,2022-03-31 20:10:00,BURGLARY,Property,REPORTED BURGLARY INCIDENT,RESTAURANT,0,0,22,3,36,06,2022,3,Thursday,20,2022-03
JB001470,2022-05-13 11:04:00,WEAPONS VIOLATION,Public Safety,REPORTED WEAPONS VIOLATION INCIDENT,APARTMENT,0,0,19,6,3,14,2022,5,Friday,11,2022-05
JB001471,2023-12-29 15:20:00,ROBBERY,Violent,REPORTED ROBBERY INCIDENT,STREET,0,0,10,16,44,11,2023,12,Friday,15,2023-12
JB001472,2023-12-11 04:51:00,BATTERY,Violent,REPORTED BATTERY INCIDENT,SIDEWALK,0,0,14,31,3,26,2023,12,Monday,4,2023-12
JB001473,2022-12-06 11:05:00,CRIMINAL DAMAGE,Property,REPORTED CRIMINAL DAMAGE INCIDENT,RESTAURANT,0,0,8,23,19,08B,2022,12,Tuesday,11,2022-12
JB001474,2022-12-12 01:53:00,BATTERY,Violent,REPORTED BATTERY INCIDENT,STREET,0,1,18,33,34,05,2022,12,Monday,1,2022-12
JB001475,2023-01-15 05:48:00,CRIMINAL DAMAGE,Property,REPORTED CRIMINAL DAMAGE INCIDENT,SIDEWALK,0,0,9,36,49,06,2023,1,Sunday,5,2023-01
JB001476,2022-02-26 05:57:00,ROBBERY,Violent,REPORTED ROBBERY INCIDENT,RESIDENCE,1,0,7,17,74,08A,2022,2,Saturday,5,2022-02
JB001477,2022-11-04 12:37:00,THEFT,Property,REPORTED THEFT INCIDENT,STREET,0,0,9,24,58,08B,2022,11,Friday,12,2022-11
JB001478,2023-02-25 03:09:00,BATTERY,Violent,REPORTED BATTERY INCIDENT,APARTMENT,1,0,10,34,4,08B,2023,2,Saturday,3,2023-02
JB001479,2023-10-26 10:38:00,BATTERY,Violent,REPORTED BATTERY INCIDENT,STREET,0,0,14,3,27,07,2023,10,Thursday,10,2023-10
JB001480,2023-03-24 13:55:00,BATTERY,Violent,REPORTED BATTERY INCIDENT,SMALL RETAIL STORE,0,0,5,7,31,06,2023,3,Friday,13,2023-03
JB001481,2023-03-01 13:24:00,THEFT,Property,REPORTED THEFT INCIDENT,RESIDENCE,0,0,11,3,24,11,2023,3,Wednesday,13,2023-03
JB001482,2022-07-02 04:31:00,BATTERY,Violent,REPORTED BATTERY INCIDENT,STREET,0,0,24,42,9,14,2022,7,Saturday,4,2022-07
JB001483,2022-09-19 10:15:00,CRIMINAL DAMAGE,Property,REPORTED CRIMINAL DAMAGE INCIDENT,STREET,0,0,8,40,67,14,2022,9,Monday,10,2022-09
JB001484,2023-02-20 21:27:00,DECEPTIVE PRACTICE,Financial/Cyber,REPORTED DECEPTIVE PRACTICE INCIDENT,PARKING LOT / GARAGE,0,0,20,2,14,03,2023,2,Monday,21,2023-02
JB001485,2022-06-02 11:25:00,NARCOTICS,Public Order,REPORTED NARCOTICS INCIDENT,RESIDENCE,1,0,9,37,52,11,2022,6,Thursday,11,2022-06
JB001486,2023-10-07 03:59:00,CRIMINAL DAMAGE,Property,REPORTED CRIMINAL DAMAGE INCIDENT,RESIDENCE,0,0,11,24,15,05,2023,10,Saturday,3,2023-10
JB001487,2023-06-13 00:15:00,ASSAULT,Violent,REPORTED ASSAULT INCIDENT,STREET,0,1,6,27,69,07,2023,6,Tuesday,0,2023-06
JB001488,2023-10-09 19:39:00,DECEPTIVE PRACTICE,Financial/Cyber,REPORTED DECEPTIVE PRACTICE INCIDENT,RESIDENCE,0,0,5,29,16,14,2023,10,Monday,19,2023-10
JB001489,2022-05-06 04:17:00,BATTERY,Violent,REPORTED BATTERY INCIDENT,RESIDENCE,0,0,9,14,73,05,2022,5,Friday,4,2022-05
JB001490,2022-01-07 08:48:00,THEFT,Property,REPORTED THEFT INCIDENT,RESIDENCE,0,0,19,28,14,26,2022,1,Friday,8,2022-01
JB001491,2022-08-02 18:15:00,CRIMINAL DAMAGE,Property,REPORTED CRIMINAL DAMAGE INCIDENT,STREET,0,0,22,47,17,08B,2022,8,Tuesday,18,2022-08
JB001492,2023-03-26 00:17:00,ASSAULT,Violent,REPORTED ASSAULT INCIDENT,STREET,0,1,5,24,19,26,2023,3,Sunday,0,2023-03
JB001493,2023-12-10 14:26:00,CRIMINAL DAMAGE,Property,REPORTED CRIMINAL DAMAGE INCIDENT,SMALL RETAIL STORE,0,0,9,14,73,08B,2023,12,Sunday,14,2023-12
JB001494,2023-01-12 01:38:00,ROBBERY,Violent,REPORTED ROBBERY INCIDENT,STREET,0,0,6,48,49,26,2023,1,Thursday,1,2023-01
JB001495,2023-01-17 22:48:00,DECEPTIVE PRACTICE,Financial/Cyber,REPORTED DECEPTIVE PRACTICE INCIDENT,STREET,0,0,12,20,55,26,2023,1,Tuesday,22,2023-01
JB001496,2023-05-31 15:43:00,THEFT,Property,REPORTED THEFT INCIDENT,STREET,0,0,1,2,56,08A,2023,5,Wednesday,15,2023-05
JB001497,2023-02-13 07:10:00,BURGLARY,Property,REPORTED BURGLARY INCIDENT,STREET,0,0,25,41,35,05,2023,2,Monday,7,2023-02
JB001498,2022-08-01 04:35:00,NARCOTICS,Public Order,REPORTED NARCOTICS INCIDENT,STREET,1,0,16,6,23,05,2022,8,Monday,4,2022-08
JB001499,2023-02-06 07:51:00,ASSAULT,Violent,REPORTED ASSAULT INCIDENT,PARKING LOT / GARAGE,0,0,9,16,60,05,2023,2,Monday,7,2023-02
JB001500,2023-08-07 00:43:00,THEFT,Property,REPORTED THEFT INCIDENT,SIDEWALK,0,0,10,12,74,18,2023,8,Monday,0,2023-08
JB001501,2022-11-12 04:14:00,CRIMINAL DAMAGE,Property,REPORTED CRIMINAL DAMAGE INCIDENT,APARTMENT,0,0,15,38,23,06,2022,11,Saturday,4,2022-11
JB001502,2022-06-30 21:49:00,CRIMINAL DAMAGE,Property,REPORTED CRIMINAL DAMAGE INCIDENT,STREET,0,0,10,5,76,08A,2022,6,Thursday,21,2022-06
JB001503,2023-10-23 17:33:00,DECEPTIVE PRACTICE,Financial/Cyber,REPORTED DECEPTIVE PRACTICE INCIDENT,RESIDENCE,0,0,4,21,59,14,2023,10,Monday,17,2023-10
JB001504,2023-03-04 14:23:00,OTHER OFFENSE,Other,REPORTED OTHER OFFENSE INCIDENT,STREET,0,0,11,28,76,11,2023,3,Saturday,14,2023-03
JB001505,2022-05-04 22:35:00,DECEPTIVE PRACTICE,Financial/Cyber,REPORTED DECEPTIVE PRACTICE INCIDENT,STREET,1,0,12,5,26,18,2022,5,Wednesday,22,2022-05
JB001506,2023-09-09 11:41:00,ASSAULT,Violent,REPORTED ASSAULT INCIDENT,SIDEWALK,0,0,9,40,23,07,2023,9,Saturday,11,2023-09
JB001507,2022-07-05 12:20:00,OTHER OFFENSE,Other,REPORTED OTHER OFFENSE INCIDENT,RESIDENCE,0,0,15,22,17,05,2022,7,Tuesday,12,2022-07
JB001508,2022-06-15 17:35:00,THEFT,Property,REPORTED THEFT INCIDENT,RESIDENCE,0,0,2,20,69,06,2022,6,Wednesday,17,2022-06
JB001509,2023-09-01 20:51:00,BATTERY,Violent,REPORTED BATTERY INCIDENT,SIDEWALK,0,0,5,50,22,14,2023,9,Friday,20,2023-09
JB001510,2023-12-04 05:46:00,OTHER OFFENSE,Other,REPORTED OTHER OFFENSE INCIDENT,PARKING LOT / GARAGE,0,0,20,13,42,06,2023,12,Monday,5,2023-12
JB001511,2022-05-24 00:38:00,OTHER OFFENSE,Other,REPORTED OTHER OFFENSE INCIDENT,GROCERY FOOD STORE,0,0,11,32,75,11,2022,5,Tuesday,0,2022-05
JB001512,2023-07-11 12:28:00,BATTERY,Violent,REPORTED BATTERY INCIDENT,STREET,0,0,10,28,55,08A,2023,7,Tuesday,12,2023-07
JB001513,2023-09-07 03:56:00,THEFT,Property,REPORTED THEFT INCIDENT,RESIDENCE,0,0,8,5,48,07,2023,9,Thursday,3,2023-09
JB001514,2023-10-26 15:20:00,WEAPONS VIOLATION,Public Safety,REPORTED WEAPONS VIOLATION INCIDENT,STREET,1,0,20,33,32,11,2023,10,Thursday,15,2023-10
JB001515,2022-03-29 11:29:00,OTHER OFFENSE,Other,REPORTED OTHER OFFENSE INCIDENT,RESIDENCE,0,0,22,48,23,05,2022,3,Tuesday,11,2022-03
JB001516,2023-05-14 11:22:00,BATTERY,Violent,REPORTED BATTERY INCIDENT,STREET,0,0,17,21,48,08B,2023,5,Sunday,11,2023-05
JB001517,2022-07-30 09:17:00,CRIMINAL TRESPASS,Property,REPORTED CRIMINAL TRESPASS INCIDENT,STREET,1,0,19,31,59,11,2022,7,Saturday,9,2022-07
JB001518,2022-02-22 10:52:00,CRIMINAL DAMAGE,Property,REPORTED CRIMINAL DAMAGE INCIDENT,APARTMENT,0,0,11,21,71,26,2022,2,Tuesday,10,2022-02
JB001519,2022-01-26 07:16:00,BATTERY,Violent,REPORTED BATTERY INCIDENT,STREET,0,0,14,36,64,11,2022,1,Wednesday,7,2022-01
JB001520,2023-09-14 03:56:00,MOTOR VEHICLE THEFT,Property,REPORTED MOTOR VEHICLE THEFT INCIDENT,COMMERCIAL / BUSINESS OFFICE,0,0,24,8,75,18,2023,9,Thursday,3,2023-09
JB001521,2023-05-02 10:28:00,MOTOR VEHICLE THEFT,Property,REPORTED MOTOR VEHICLE THEFT INCIDENT,STREET,0,0,14,3,13,06,2023,5,Tuesday,10,2023-05
JB001522,2022-07-04 15:46:00,OTHER OFFENSE,Other,REPORTED OTHER OFFENSE INCIDENT,APARTMENT,0,0,5,38,76,06,2022,7,Monday,15,2022-07
JB001523,2023-07-06 08:14:00,BATTERY,Violent,REPORTED BATTERY INCIDENT,STREET,0,0,15,10,59,05,2023,7,Thursday,8,2023-07
JB001524,2023-10-15 18:07:00,BATTERY,Violent,REPORTED BATTERY INCIDENT,SIDEWALK,0,1,15,33,59,26,2023,10,Sunday,18,2023-10
JB001525,2022-09-27 23:01:00,BATTERY,Violent,REPORTED BATTERY INCIDENT,COMMERCIAL / BUSINESS OFFICE,1,0,19,20,73,06,2022,9,Tuesday,23,2022-09
JB001526,2022-11-12 09:47:00,CRIMINAL DAMAGE,Property,REPORTED CRIMINAL DAMAGE INCIDENT,STREET,0,0,6,18,38,03,2022,11,Saturday,9,2022-11
JB001527,2022-01-06 22:33:00,CRIMINAL TRESPASS,Property,REPORTED CRIMINAL TRESPASS INCIDENT,RESIDENCE,1,0,22,35,12,14,2022,1,Thursday,22,2022-01
JB001528,2022-11-17 08:18:00,CRIMINAL DAMAGE,Property,REPORTED CRIMINAL DAMAGE INCIDENT,STREET,0,0,4,8,38,26,2022,11,Thursday,8,2022-11
JB001529,2023-07-14 20:05:00,MOTOR VEHICLE THEFT,Property,REPORTED MOTOR VEHICLE THEFT INCIDENT,RESIDENCE,0,0,15,43,58,08B,2023,7,Friday,20,2023-07
JB001530,2022-03-05 09:23:00,BATTERY,Violent,REPORTED BATTERY INCIDENT,RESIDENCE,1,0,24,14,21,11,2022,3,Saturday,9,2022-03
JB001531,2022-03-13 19:17:00,CRIMINAL DAMAGE,Property,REPORTED CRIMINAL DAMAGE INCIDENT,PARKING LOT / GARAGE,0,0,7,42,19,11,2022,3,Sunday,19,2022-03
JB001532,2022-09-22 20:24:00,THEFT,Property,REPORTED THEFT INCIDENT,STREET,0,0,10,42,14,05,2022,9,Thursday,20,2022-09
JB001533,2023-01-29 16:53:00,CRIMINAL DAMAGE,Property,REPORTED CRIMINAL DAMAGE INCIDENT,STREET,0,0,7,17,18,14,2023,1,Sunday,16,2023-01
JB001534,2022-03-03 02:33:00,THEFT,Property,REPORTED THEFT INCIDENT,CTA TRAIN / STATION,0,0,14,50,22,18,2022,3,Thursday,2,2022-03
JB001535,2022-08-29 04:11:00,NARCOTICS,Public Order,REPORTED NARCOTICS INCIDENT,GROCERY FOOD STORE,1,0,9,27,40,08B,2022,8,Monday,4,2022-08
JB001536,2023-06-23 15:39:00,CRIMINAL TRESPASS,Property,REPORTED CRIMINAL TRESPASS INCIDENT,RESIDENCE,1,0,10,40,60,05,2023,6,Friday,15,2023-06
JB001537,2022-06-27 15:51:00,THEFT,Property,REPORTED THEFT INCIDENT,RESIDENCE,0,0,12,33,39,05,2022,6,Monday,15,2022-06
JB001538,2022-12-21 20:09:00,BATTERY,Violent,REPORTED BATTERY INCIDENT,SMALL RETAIL STORE,0,0,22,36,30,11,2022,12,Wednesday,20,2022-12
JB001539,2023-05-20 15:53:00,CRIMINAL DAMAGE,Property,REPORTED CRIMINAL DAMAGE INCIDENT,PARKING LOT / GARAGE,1,0,17,46,52,11,2023,5,Saturday,15,2023-05
JB001540,2022-12-08 11:47:00,ASSAULT,Violent,REPORTED ASSAULT INCIDENT,STREET,0,0,22,41,38,03,2022,12,Thursday,11,2022-12
JB001541,2022-08-05 14:11:00,CRIMINAL DAMAGE,Property,REPORTED CRIMINAL DAMAGE INCIDENT,RESTAURANT,0,0,17,10,46,08B,2022,8,Friday,14,2022-08
JB001542,2023-03-26 20:53:00,THEFT,Property,REPORTED THEFT INCIDENT,STREET,1,0,20,11,75,03,2023,3,Sunday,20,2023-03
JB001543,2023-03-13 10:50:00,BATTERY,Violent,REPORTED BATTERY INCIDENT,STREET,0,0,3,1,66,08A,2023,3,Monday,10,2023-03
JB001544,2022-04-23 11:58:00,BATTERY,Violent,REPORTED BATTERY INCIDENT,STREET,1,1,22,24,20,08A,2022,4,Saturday,11,2022-04
JB001545,2023-07-25 17:58:00,OTHER OFFENSE,Other,REPORTED OTHER OFFENSE INCIDENT,APARTMENT,0,0,22,42,73,05,2023,7,Tuesday,17,2023-07
JB001546,2022-03-05 00:23:00,ASSAULT,Violent,REPORTED ASSAULT INCIDENT,APARTMENT,0,0,22,18,27,18,2022,3,Saturday,0,2022-03
JB001547,2022-10-21 14:54:00,BURGLARY,Property,REPORTED BURGLARY INCIDENT,APARTMENT,0,0,1,6,15,08A,2022,10,Friday,14,2022-10
JB001548,2023-06-17 11:59:00,NARCOTICS,Public Order,REPORTED NARCOTICS INCIDENT,PARKING LOT / GARAGE,1,0,11,21,15,05,2023,6,Saturday,11,2023-06
JB001549,2022-03-07 13:49:00,THEFT,Property,REPORTED THEFT INCIDENT,GROCERY FOOD STORE,0,0,5,42,10,14,2022,3,Monday,13,2022-03
JB001550,2023-12-26 21:48:00,NARCOTICS,Public Order,REPORTED NARCOTICS INCIDENT,APARTMENT,1,0,10,50,33,08A,2023,12,Tuesday,21,2023-12
JB001551,2022-04-11 05:21:00,MOTOR VEHICLE THEFT,Property,REPORTED MOTOR VEHICLE THEFT INCIDENT,SIDEWALK,0,0,24,22,54,03,2022,4,Monday,5,2022-04
JB001552,2023-12-08 17:33:00,BURGLARY,Property,REPORTED BURGLARY INCIDENT,STREET,0,0,2,17,72,08A,2023,12,Friday,17,2023-12
JB001553,2022-05-29 00:45:00,CRIMINAL DAMAGE,Property,REPORTED CRIMINAL DAMAGE INCIDENT,SMALL RETAIL STORE,0,0,24,41,41,08A,2022,5,Sunday,0,2022-05
JB001554,2023-11-16 13:21:00,THEFT,Property,REPORTED THEFT INCIDENT,STREET,0,0,20,39,47,26,2023,11,Thursday,13,2023-11
JB001555,2022-12-26 21:05:00,CRIMINAL DAMAGE,Property,REPORTED CRIMINAL DAMAGE INCIDENT,PARKING LOT / GARAGE,0,0,5,45,63,03,2022,12,Monday,21,2022-12
JB001556,2022-11-05 17:47:00,ROBBERY,Violent,REPORTED ROBBERY INCIDENT,STREET,0,0,5,22,43,05,2022,11,Saturday,17,2022-11
JB001557,2023-03-17 04:05:00,ASSAULT,Violent,REPORTED ASSAULT INCIDENT,STREET,0,0,14,19,27,26,2023,3,Friday,4,2023-03
JB001558,2023-08-12 18:26:00,CRIMINAL TRESPASS,Property,REPORTED CRIMINAL TRESPASS INCIDENT,STREET,1,0,11,1,31,08B,2023,8,Saturday,18,2023-08
JB001559,2023-06-14 23:57:00,ROBBERY,Violent,REPORTED ROBBERY INCIDENT,STREET,0,0,9,6,74,05,2023,6,Wednesday,23,2023-06
JB001560,2022-09-13 04:27:00,OTHER OFFENSE,Other,REPORTED OTHER OFFENSE INCIDENT,GROCERY FOOD STORE,1,0,4,38,34,08B,2022,9,Tuesday,4,2022-09
JB001561,2022-04-12 13:52:00,CRIMINAL DAMAGE,Property,REPORTED CRIMINAL DAMAGE INCIDENT,CTA TRAIN / STATION,0,0,1,36,27,14,2022,4,Tuesday,13,2022-04
JB001562,2023-08-29 20:13:00,ASSAULT,Violent,REPORTED ASSAULT INCIDENT,GROCERY FOOD STORE,0,0,24,25,62,18,2023,8,Tuesday,20,2023-08
JB001563,2022-11-21 06:43:00,BATTERY,Violent,REPORTED BATTERY INCIDENT,APARTMENT,0,0,15,39,70,14,2022,11,Monday,6,2022-11
JB001564,2022-01-07 11:24:00,THEFT,Property,REPORTED THEFT INCIDENT,SMALL RETAIL STORE,0,0,17,17,29,08A,2022,1,Friday,11,2022-01
JB001565,2023-07-14 09:13:00,BATTERY,Violent,REPORTED BATTERY INCIDENT,APARTMENT,0,0,14,10,54,08B,2023,7,Friday,9,2023-07
JB001566,2022-05-24 13:46:00,BATTERY,Violent,REPORTED BATTERY INCIDENT,PARKING LOT / GARAGE,0,1,16,43,47,14,2022,5,Tuesday,13,2022-05
JB001567,2023-12-14 07:11:00,OTHER OFFENSE,Other,REPORTED OTHER OFFENSE INCIDENT,RESTAURANT,0,0,4,48,49,08A,2023,12,Thursday,7,2023-12
JB001568,2022-10-03 09:05:00,MOTOR VEHICLE THEFT,Property,REPORTED MOTOR VEHICLE THEFT INCIDENT,SMALL RETAIL STORE,0,0,14,41,50,11,2022,10,Monday,9,2022-10
JB001569,2022-07-29 07:27:00,OTHER OFFENSE,Other,REPORTED OTHER OFFENSE INCIDENT,RESIDENCE,0,0,3,43,66,03,2022,7,Friday,7,2022-07
JB001570,2022-10-03 08:00:00,CRIMINAL DAMAGE,Property,REPORTED CRIMINAL DAMAGE INCIDENT,SIDEWALK,0,0,2,45,47,06,2022,10,Monday,8,2022-10
JB001571,2023-07-21 05:45:00,BATTERY,Violent,REPORTED BATTERY INCIDENT,STREET,0,1,7,38,69,05,2023,7,Friday,5,2023-07
JB001572,2022-02-02 07:12:00,NARCOTICS,Public Order,REPORTED NARCOTICS INCIDENT,RESIDENCE,1,0,6,43,70,11,2022,2,Wednesday,7,2022-02
JB001573,2022-06-09 19:52:00,OTHER OFFENSE,Other,REPORTED OTHER OFFENSE INCIDENT,STREET,0,0,16,32,35,06,2022,6,Thursday,19,2022-06
JB001574,2022-10-03 12:09:00,BATTERY,Violent,REPORTED BATTERY INCIDENT,SIDEWALK,0,0,8,40,50,14,2022,10,Monday,12,2022-10
JB001575,2023-05-12 21:14:00,WEAPONS VIOLATION,Public Safety,REPORTED WEAPONS VIOLATION INCIDENT,SMALL RETAIL STORE,1,0,24,31,49,11,2023,5,Friday,21,2023-05
JB001576,2023-03-21 09:29:00,ASSAULT,Violent,REPORTED ASSAULT INCIDENT,APARTMENT,1,0,12,43,47,11,2023,3,Tuesday,9,2023-03
JB001577,2023-06-20 05:50:00,THEFT,Property,REPORTED THEFT INCIDENT,COMMERCIAL / BUSINESS OFFICE,0,0,6,9,21,14,2023,6,Tuesday,5,2023-06
JB001578,2023-02-18 10:37:00,ROBBERY,Violent,REPORTED ROBBERY INCIDENT,SIDEWALK,1,0,22,29,21,03,2023,2,Saturday,10,2023-02
JB001579,2022-07-29 15:52:00,BATTERY,Violent,REPORTED BATTERY INCIDENT,RESTAURANT,0,0,19,7,51,18,2022,7,Friday,15,2022-07
JB001580,2023-11-13 09:28:00,BURGLARY,Property,REPORTED BURGLARY INCIDENT,STREET,0,0,6,38,29,14,2023,11,Monday,9,2023-11
JB001581,2023-06-22 12:38:00,CRIMINAL DAMAGE,Property,REPORTED CRIMINAL DAMAGE INCIDENT,RESIDENCE,0,0,12,5,61,26,2023,6,Thursday,12,2023-06
JB001582,2022-03-25 17:09:00,ASSAULT,Violent,REPORTED ASSAULT INCIDENT,RESIDENCE,0,1,9,29,68,11,2022,3,Friday,17,2022-03
JB001583,2023-07-23 18:54:00,THEFT,Property,REPORTED THEFT INCIDENT,RESIDENCE,0,0,11,3,3,05,2023,7,Sunday,18,2023-07
JB001584,2022-09-13 06:50:00,DECEPTIVE PRACTICE,Financial/Cyber,REPORTED DECEPTIVE PRACTICE INCIDENT,STREET,0,0,25,6,59,14,2022,9,Tuesday,6,2022-09
JB001585,2022-07-10 02:13:00,BATTERY,Violent,REPORTED BATTERY INCIDENT,STREET,0,0,12,42,56,14,2022,7,Sunday,2,2022-07
JB001586,2022-02-14 22:39:00,BATTERY,Violent,REPORTED BATTERY INCIDENT,RESTAURANT,0,0,3,26,54,05,2022,2,Monday,22,2022-02
JB001587,2022-05-10 20:56:00,ASSAULT,Violent,REPORTED ASSAULT INCIDENT,APARTMENT,0,0,22,4,10,11,2022,5,Tuesday,20,2022-05
JB001588,2022-03-22 05:13:00,WEAPONS VIOLATION,Public Safety,REPORTED WEAPONS VIOLATION INCIDENT,RESIDENCE,1,0,11,31,46,08B,2022,3,Tuesday,5,2022-03
JB001589,2023-01-06 15:29:00,DECEPTIVE PRACTICE,Financial/Cyber,REPORTED DECEPTIVE PRACTICE INCIDENT,APARTMENT,0,0,8,43,46,14,2023,1,Friday,15,2023-01
JB001590,2022-04-01 11:23:00,DECEPTIVE PRACTICE,Financial/Cyber,REPORTED DECEPTIVE PRACTICE INCIDENT,SMALL RETAIL STORE,0,0,19,40,38,11,2022,4,Friday,11,2022-04
JB001591,2023-09-24 17:32:00,THEFT,Property,REPORTED THEFT INCIDENT,STREET,0,0,22,5,74,08B,2023,9,Sunday,17,2023-09
JB001592,2023-01-02 21:04:00,THEFT,Property,REPORTED THEFT INCIDENT,RESIDENCE,0,0,1,8,70,06,2023,1,Monday,21,2023-01
JB001593,2023-12-21 03:39:00,THEFT,Property,REPORTED THEFT INCIDENT,STREET,1,0,2,22,46,07,2023,12,Thursday,3,2023-12
JB001594,2022-05-20 00:11:00,OTHER OFFENSE,Other,REPORTED OTHER OFFENSE INCIDENT,RESIDENCE,0,0,14,38,46,06,2022,5,Friday,0,2022-05
JB001595,2022-07-24 05:12:00,ROBBERY,Violent,REPORTED ROBBERY INCIDENT,PARKING LOT / GARAGE,0,0,1,31,56,26,2022,7,Sunday,5,2022-07
JB001596,2023-07-03 03:40:00,DECEPTIVE PRACTICE,Financial/Cyber,REPORTED DECEPTIVE PRACTICE INCIDENT,SIDEWALK,0,0,24,23,64,08B,2023,7,Monday,3,2023-07
JB001597,2022-03-09 19:45:00,THEFT,Property,REPORTED THEFT INCIDENT,STREET,0,0,25,29,5,08A,2022,3,Wednesday,19,2022-03
JB001598,2023-12-03 16:40:00,ASSAULT,Violent,REPORTED ASSAULT INCIDENT,SMALL RETAIL STORE,1,1,8,8,72,08B,2023,12,Sunday,16,2023-12
JB001599,2022-06-13 04:41:00,THEFT,Property,REPORTED THEFT INCIDENT,APARTMENT,0,0,24,20,46,07,2022,6,Monday,4,2022-06
JB001600,2023-11-05 11:28:00,CRIMINAL DAMAGE,Property,REPORTED CRIMINAL DAMAGE INCIDENT,STREET,0,0,10,42,41,08A,2023,11,Sunday,11,2023-11
JB001601,2023-09-01 16:27:00,BURGLARY,Property,REPORTED BURGLARY INCIDENT,STREET,0,0,12,15,10,05,2023,9,Friday,16,2023-09
JB001602,2022-01-01 05:18:00,DECEPTIVE PRACTICE,Financial/Cyber,REPORTED DECEPTIVE PRACTICE INCIDENT,RESIDENCE,0,0,2,9,39,08B,2022,1,Saturday,5,2022-01
JB001603,2022-05-30 23:50:00,BATTERY,Violent,REPORTED BATTERY INCIDENT,COMMERCIAL / BUSINESS OFFICE,0,1,17,4,38,08A,2022,5,Monday,23,2022-05
JB001604,2022-04-27 01:24:00,CRIMINAL DAMAGE,Property,REPORTED CRIMINAL DAMAGE INCIDENT,RESIDENCE,0,0,9,29,66,05,2022,4,Wednesday,1,2022-04
JB001605,2022-07-07 21:26:00,ASSAULT,Violent,REPORTED ASSAULT INCIDENT,RESIDENCE,1,0,7,30,27,26,2022,7,Thursday,21,2022-07
JB001606,2022-05-04 16:50:00,CRIMINAL DAMAGE,Property,REPORTED CRIMINAL DAMAGE INCIDENT,APARTMENT,0,0,19,25,14,11,2022,5,Wednesday,16,2022-05
JB001607,2023-01-24 15:26:00,ROBBERY,Violent,REPORTED ROBBERY INCIDENT,RESIDENCE,0,0,1,32,30,03,2023,1,Tuesday,15,2023-01
JB001608,2022-09-23 20:33:00,THEFT,Property,REPORTED THEFT INCIDENT,RESIDENCE,0,0,14,21,15,05,2022,9,Friday,20,2022-09
JB001609,2022-08-11 19:01:00,DECEPTIVE PRACTICE,Financial/Cyber,REPORTED DECEPTIVE PRACTICE INCIDENT,SMALL RETAIL STORE,0,0,5,33,59,14,2022,8,Thursday,19,2022-08
JB001610,2023-02-21 21:26:00,NARCOTICS,Public Order,REPORTED NARCOTICS INCIDENT,APARTMENT,1,0,6,32,65,18,2023,2,Tuesday,21,2023-02
JB001611,2023-09-05 22:39:00,DECEPTIVE PRACTICE,Financial/Cyber,REPORTED DECEPTIVE PRACTICE INCIDENT,STREET,0,0,24,25,43,08A,2023,9,Tuesday,22,2023-09
JB001612,2022-02-03 09:59:00,BATTERY,Violent,REPORTED BATTERY INCIDENT,STREET,0,0,5,34,21,08A,2022,2,Thursday,9,2022-02
JB001613,2023-11-11 00:28:00,BATTERY,Violent,REPORTED BATTERY INCIDENT,STREET,0,0,7,28,16,18,2023,11,Saturday,0,2023-11
JB001614,2022-02-02 07:17:00,OTHER OFFENSE,Other,REPORTED OTHER OFFENSE INCIDENT,SIDEWALK,0,0,24,48,20,26,2022,2,Wednesday,7,2022-02
JB001615,2022-08-18 16:08:00,BATTERY,Violent,REPORTED BATTERY INCIDENT,SMALL RETAIL STORE,0,1,24,17,57,11,2022,8,Thursday,16,2022-08
JB001616,2023-07-24 19:32:00,BATTERY,Violent,REPORTED BATTERY INCIDENT,STREET,0,0,1,27,52,07,2023,7,Monday,19,2023-07
JB001617,2022-08-30 08:02:00,CRIMINAL TRESPASS,Property,REPORTED CRIMINAL TRESPASS INCIDENT,STREET,1,0,25,18,25,03,2022,8,Tuesday,8,2022-08
JB001618,2023-01-22 01:32:00,THEFT,Property,REPORTED THEFT INCIDENT,APARTMENT,0,0,16,3,18,08A,2023,1,Sunday,1,2023-01
JB001619,2022-01-05 06:36:00,ASSAULT,Violent,REPORTED ASSAULT INCIDENT,STREET,0,0,5,19,60,11,2022,1,Wednesday,6,2022-01
JB001620,2023-07-27 10:45:00,BATTERY,Violent,REPORTED BATTERY INCIDENT,RESIDENCE,1,1,2,43,65,03,2023,7,Thursday,10,2023-07
JB001621,2023-03-13 14:31:00,ROBBERY,Violent,REPORTED ROBBERY INCIDENT,PARKING LOT / GARAGE,0,0,6,23,56,07,2023,3,Monday,14,2023-03
JB001622,2023-01-22 16:28:00,THEFT,Property,REPORTED THEFT INCIDENT,RESIDENCE,0,0,17,23,12,26,2023,1,Sunday,16,2023-01
JB001623,2023-05-17 21:25:00,BATTERY,Violent,REPORTED BATTERY INCIDENT,STREET,0,0,25,41,15,05,2023,5,Wednesday,21,2023-05
JB001624,2023-01-31 13:22:00,OTHER OFFENSE,Other,REPORTED OTHER OFFENSE INCIDENT,PARKING LOT / GARAGE,0,0,1,16,64,18,2023,1,Tuesday,13,2023-01
JB001625,2023-07-22 05:19:00,THEFT,Property,REPORTED THEFT INCIDENT,STREET,0,0,19,21,57,08A,2023,7,Saturday,5,2023-07
JB001626,2023-02-08 23:51:00,CRIMINAL DAMAGE,Property,REPORTED CRIMINAL DAMAGE INCIDENT,STREET,0,0,16,49,41,08A,2023,2,Wednesday,23,2023-02
JB001627,2023-03-04 01:35:00,OTHER OFFENSE,Other,REPORTED OTHER OFFENSE INCIDENT,RESIDENCE,0,0,2,33,55,07,2023,3,Saturday,1,2023-03
JB001628,2022-08-31 06:35:00,DECEPTIVE PRACTICE,Financial/Cyber,REPORTED DECEPTIVE PRACTICE INCIDENT,APARTMENT,0,0,4,33,41,03,2022,8,Wednesday,6,2022-08
JB001629,2023-11-24 03:58:00,THEFT,Property,REPORTED THEFT INCIDENT,STREET,0,0,17,43,57,08B,2023,11,Friday,3,2023-11
JB001630,2023-09-29 09:05:00,WEAPONS VIOLATION,Public Safety,REPORTED WEAPONS VIOLATION INCIDENT,RESIDENCE,1,0,3,23,59,07,2023,9,Friday,9,2023-09
JB001631,2022-03-07 09:52:00,DECEPTIVE PRACTICE,Financial/Cyber,REPORTED DECEPTIVE PRACTICE INCIDENT,RESIDENCE,0,0,14,20,31,07,2022,3,Monday,9,2022-03
JB001632,2022-08-22 14:44:00,ROBBERY,Violent,REPORTED ROBBERY INCIDENT,APARTMENT,0,0,24,18,71,08A,2022,8,Monday,14,2022-08
JB001633,2023-09-04 07:56:00,BATTERY,Violent,REPORTED BATTERY INCIDENT,APARTMENT,0,1,1,29,53,06,2023,9,Monday,7,2023-09
JB001634,2022-07-09 10:33:00,BATTERY,Violent,REPORTED BATTERY INCIDENT,APARTMENT,0,0,15,28,17,08A,2022,7,Saturday,10,2022-07
JB001635,2023-01-06 11:03:00,BATTERY,Violent,REPORTED BATTERY INCIDENT,SMALL RETAIL STORE,0,1,11,43,7,03,2023,1,Friday,11,2023-01
JB001636,2022-02-28 01:37:00,MOTOR VEHICLE THEFT,Property,REPORTED MOTOR VEHICLE THEFT INCIDENT,APARTMENT,0,0,14,13,70,08B,2022,2,Monday,1,2022-02
JB001637,2023-03-08 20:23:00,OTHER OFFENSE,Other,REPORTED OTHER OFFENSE INCIDENT,RESIDENCE,1,0,7,5,45,08B,2023,3,Wednesday,20,2023-03
JB001638,2023-06-12 03:53:00,THEFT,Property,REPORTED THEFT INCIDENT,PARKING LOT / GARAGE,0,0,17,24,35,18,2023,6,Monday,3,2023-06
JB001639,2023-11-19 18:46:00,ASSAULT,Violent,REPORTED ASSAULT INCIDENT,SIDEWALK,1,1,10,17,76,07,2023,11,Sunday,18,2023-11
JB001640,2022-11-17 17:58:00,CRIMINAL DAMAGE,Property,REPORTED CRIMINAL DAMAGE INCIDENT,STREET,0,0,15,25,7,06,2022,11,Thursday,17,2022-11
JB001641,2022-11-01 18:00:00,THEFT,Property,REPORTED THEFT INCIDENT,APARTMENT,0,0,7,43,56,08B,2022,11,Tuesday,18,2022-11
JB001642,2022-03-16 01:18:00,THEFT,Property,REPORTED THEFT INCIDENT,RESIDENCE,0,0,15,20,27,14,2022,3,Wednesday,1,2022-03
JB001643,2022-11-19 16:42:00,THEFT,Property,REPORTED THEFT INCIDENT,COMMERCIAL / BUSINESS OFFICE,0,0,20,20,27,11,2022,11,Saturday,16,2022-11
JB001644,2023-01-31 21:02:00,CRIMINAL DAMAGE,Property,REPORTED CRIMINAL DAMAGE INCIDENT,APARTMENT,0,0,16,31,64,08A,2023,1,Tuesday,21,2023-01
JB001645,2022-06-10 00:48:00,OTHER OFFENSE,Other,REPORTED OTHER OFFENSE INCIDENT,RESIDENCE,0,0,25,37,40,26,2022,6,Friday,0,2022-06
JB001646,2022-06-01 06:17:00,OTHER OFFENSE,Other,REPORTED OTHER OFFENSE INCIDENT,STREET,0,0,15,31,18,18,2022,6,Wednesday,6,2022-06
JB001647,2023-12-08 20:31:00,THEFT,Property,REPORTED THEFT INCIDENT,RESIDENCE,0,0,20,31,32,07,2023,12,Friday,20,2023-12
JB001648,2023-01-01 05:32:00,CRIMINAL DAMAGE,Property,REPORTED CRIMINAL DAMAGE INCIDENT,COMMERCIAL / BUSINESS OFFICE,0,0,11,36,55,08A,2023,1,Sunday,5,2023-01
JB001649,2023-08-10 16:44:00,BATTERY,Violent,REPORTED BATTERY INCIDENT,APARTMENT,0,1,20,4,49,06,2023,8,Thursday,16,2023-08
JB001650,2023-08-31 00:33:00,THEFT,Property,REPORTED THEFT INCIDENT,STREET,1,0,1,45,63,14,2023,8,Thursday,0,2023-08
JB001651,2023-06-23 02:40:00,THEFT,Property,REPORTED THEFT INCIDENT,RESIDENCE,1,0,5,5,2,08B,2023,6,Friday,2,2023-06
JB001652,2022-10-05 09:23:00,THEFT,Property,REPORTED THEFT INCIDENT,APARTMENT,0,0,1,11,66,07,2022,10,Wednesday,9,2022-10
JB001653,2023-03-01 14:43:00,DECEPTIVE PRACTICE,Financial/Cyber,REPORTED DECEPTIVE PRACTICE INCIDENT,STREET,0,0,15,41,67,26,2023,3,Wednesday,14,2023-03
JB001654,2023-04-03 13:46:00,NARCOTICS,Public Order,REPORTED NARCOTICS INCIDENT,APARTMENT,1,0,12,21,59,08A,2023,4,Monday,13,2023-04
JB001655,2022-09-05 18:10:00,DECEPTIVE PRACTICE,Financial/Cyber,REPORTED DECEPTIVE PRACTICE INCIDENT,RESIDENCE,0,0,9,24,32,18,2022,9,Monday,18,2022-09
JB001656,2023-08-05 18:35:00,BATTERY,Violent,REPORTED BATTERY INCIDENT,STREET,0,1,6,39,61,05,2023,8,Saturday,18,2023-08
JB001657,2023-08-31 09:10:00,ASSAULT,Violent,REPORTED ASSAULT INCIDENT,COMMERCIAL / BUSINESS OFFICE,0,0,17,4,22,03,2023,8,Thursday,9,2023-08
JB001658,2023-07-20 20:04:00,THEFT,Property,REPORTED THEFT INCIDENT,RESIDENCE,0,0,8,25,75,03,2023,7,Thursday,20,2023-07
JB001659,2023-01-09 22:41:00,CRIMINAL DAMAGE,Property,REPORTED CRIMINAL DAMAGE INCIDENT,COMMERCIAL / BUSINESS OFFICE,0,0,9,15,17,06,2023,1,Monday,22,2023-01
JB001660,2022-01-05 19:37:00,CRIMINAL DAMAGE,Property,REPORTED CRIMINAL DAMAGE INCIDENT,PARKING LOT / GARAGE,1,0,2,19,11,26,2022,1,Wednesday,19,2022-01
JB001661,2022-03-01 17:41:00,THEFT,Property,REPORTED THEFT INCIDENT,RESIDENCE,0,0,12,17,46,08B,2022,3,Tuesday,17,2022-03
JB001662,2022-10-16 10:38:00,THEFT,Property,REPORTED THEFT INCIDENT,RESIDENCE,0,0,3,4,12,05,2022,10,Sunday,10,2022-10
JB001663,2023-07-02 18:00:00,BATTERY,Violent,REPORTED BATTERY INCIDENT,SMALL RETAIL STORE,0,0,5,33,57,05,2023,7,Sunday,18,2023-07
JB001664,2022-03-12 09:29:00,WEAPONS VIOLATION,Public Safety,REPORTED WEAPONS VIOLATION INCIDENT,RESTAURANT,1,0,22,25,58,11,2022,3,Saturday,9,2022-03
JB001665,2023-03-29 22:48:00,THEFT,Property,REPORTED THEFT INCIDENT,RESTAURANT,0,0,4,39,76,05,2023,3,Wednesday,22,2023-03
JB001666,2023-10-04 00:59:00,CRIMINAL DAMAGE,Property,REPORTED CRIMINAL DAMAGE INCIDENT,APARTMENT,0,0,5,2,31,08A,2023,10,Wednesday,0,2023-10
JB001667,2022-02-19 22:12:00,THEFT,Property,REPORTED THEFT INCIDENT,STREET,0,0,11,19,23,14,2022,2,Saturday,22,2022-02
JB001668,2022-06-26 06:42:00,CRIMINAL DAMAGE,Property,REPORTED CRIMINAL DAMAGE INCIDENT,STREET,0,0,24,9,24,03,2022,6,Sunday,6,2022-06
JB001669,2022-04-06 08:12:00,THEFT,Property,REPORTED THEFT INCIDENT,RESIDENCE,0,0,18,33,62,18,2022,4,Wednesday,8,2022-04
JB001670,2022-08-05 07:37:00,NARCOTICS,Public Order,REPORTED NARCOTICS INCIDENT,STREET,1,0,15,33,32,26,2022,8,Friday,7,2022-08
JB001671,2022-07-03 08:18:00,BATTERY,Violent,REPORTED BATTERY INCIDENT,STREET,1,0,3,3,42,06,2022,7,Sunday,8,2022-07
JB001672,2023-09-28 16:24:00,DECEPTIVE PRACTICE,Financial/Cyber,REPORTED DECEPTIVE PRACTICE INCIDENT,SIDEWALK,0,0,16,38,43,03,2023,9,Thursday,16,2023-09
JB001673,2022-04-22 12:38:00,OTHER OFFENSE,Other,REPORTED OTHER OFFENSE INCIDENT,RESIDENCE,1,0,17,14,73,03,2022,4,Friday,12,2022-04
JB001674,2023-04-12 10:42:00,BATTERY,Violent,REPORTED BATTERY INCIDENT,SIDEWALK,0,1,3,28,39,03,2023,4,Wednesday,10,2023-04
JB001675,2022-07-04 11:55:00,BATTERY,Violent,REPORTED BATTERY INCIDENT,APARTMENT,0,0,12,28,69,06,2022,7,Monday,11,2022-07
JB001676,2022-01-25 05:25:00,OTHER OFFENSE,Other,REPORTED OTHER OFFENSE INCIDENT,RESIDENCE,0,0,20,41,5,06,2022,1,Tuesday,5,2022-01
JB001677,2023-08-25 07:00:00,THEFT,Property,REPORTED THEFT INCIDENT,SIDEWALK,0,0,1,24,45,08B,2023,8,Friday,7,2023-08
JB001678,2022-07-22 23:43:00,THEFT,Property,REPORTED THEFT INCIDENT,APARTMENT,0,0,2,5,47,18,2022,7,Friday,23,2022-07
JB001679,2023-11-07 03:01:00,THEFT,Property,REPORTED THEFT INCIDENT,RESIDENCE,0,0,4,12,8,08B,2023,11,Tuesday,3,2023-11
JB001680,2023-10-19 02:37:00,WEAPONS VIOLATION,Public Safety,REPORTED WEAPONS VIOLATION INCIDENT,CTA TRAIN / STATION,0,0,14,3,39,14,2023,10,Thursday,2,2023-10
JB001681,2022-06-19 13:30:00,BATTERY,Violent,REPORTED BATTERY INCIDENT,RESIDENCE,0,0,12,20,65,11,2022,6,Sunday,13,2022-06
JB001682,2023-06-05 02:11:00,DECEPTIVE PRACTICE,Financial/Cyber,REPORTED DECEPTIVE PRACTICE INCIDENT,RESTAURANT,0,0,5,19,76,26,2023,6,Monday,2,2023-06
JB001683,2023-02-12 18:18:00,OTHER OFFENSE,Other,REPORTED OTHER OFFENSE INCIDENT,APARTMENT,0,0,22,34,77,11,2023,2,Sunday,18,2023-02
JB001684,2023-06-24 12:49:00,BATTERY,Violent,REPORTED BATTERY INCIDENT,APARTMENT,0,0,3,16,4,05,2023,6,Saturday,12,2023-06
JB001685,2023-11-11 13:16:00,CRIMINAL TRESPASS,Property,REPORTED CRIMINAL TRESPASS INCIDENT,STREET,0,0,2,5,14,14,2023,11,Saturday,13,2023-11
JB001686,2023-04-17 04:12:00,BATTERY,Violent,REPORTED BATTERY INCIDENT,CTA TRAIN / STATION,0,0,7,7,16,08B,2023,4,Monday,4,2023-04
JB001687,2022-10-13 13:27:00,ASSAULT,Violent,REPORTED ASSAULT INCIDENT,STREET,0,0,22,19,24,08A,2022,10,Thursday,13,2022-10
JB001688,2022-01-18 10:26:00,WEAPONS VIOLATION,Public Safety,REPORTED WEAPONS VIOLATION INCIDENT,PARKING LOT / GARAGE,1,0,3,38,40,05,2022,1,Tuesday,10,2022-01
JB001689,2022-08-12 11:44:00,THEFT,Property,REPORTED THEFT INCIDENT,RESIDENCE,0,0,8,50,19,18,2022,8,Friday,11,2022-08
JB001690,2022-02-17 05:00:00,NARCOTICS,Public Order,REPORTED NARCOTICS INCIDENT,RESIDENCE,1,0,2,47,76,08B,2022,2,Thursday,5,2022-02
JB001691,2022-01-29 09:27:00,CRIMINAL DAMAGE,Property,REPORTED CRIMINAL DAMAGE INCIDENT,RESIDENCE,0,0,25,3,62,26,2022,1,Saturday,9,2022-01
JB001692,2022-11-16 05:16:00,CRIMINAL DAMAGE,Property,REPORTED CRIMINAL DAMAGE INCIDENT,CTA TRAIN / STATION,0,0,2,50,64,18,2022,11,Wednesday,5,2022-11
JB001693,2022-08-21 08:42:00,THEFT,Property,REPORTED THEFT INCIDENT,STREET,0,0,2,3,8,11,2022,8,Sunday,8,2022-08
JB001694,2023-10-04 23:35:00,CRIMINAL DAMAGE,Property,REPORTED CRIMINAL DAMAGE INCIDENT,APARTMENT,0,0,11,40,50,08A,2023,10,Wednesday,23,2023-10
JB001695,2022-10-30 08:01:00,THEFT,Property,REPORTED THEFT INCIDENT,SIDEWALK,1,0,24,10,38,11,2022,10,Sunday,8,2022-10
JB001696,2022-07-04 04:29:00,CRIMINAL DAMAGE,Property,REPORTED CRIMINAL DAMAGE INCIDENT,STREET,1,0,6,37,20,14,2022,7,Monday,4,2022-07
JB001697,2022-02-20 11:13:00,BATTERY,Violent,REPORTED BATTERY INCIDENT,RESIDENCE,0,0,20,47,18,08A,2022,2,Sunday,11,2022-02
JB001698,2022-10-03 17:28:00,THEFT,Property,REPORTED THEFT INCIDENT,APARTMENT,0,0,12,44,48,11,2022,10,Monday,17,2022-10
JB001699,2023-09-25 01:39:00,NARCOTICS,Public Order,REPORTED NARCOTICS INCIDENT,COMMERCIAL / BUSINESS OFFICE,1,0,18,24,65,06,2023,9,Monday,1,2023-09
JB001700,2023-11-17 09:57:00,THEFT,Property,REPORTED THEFT INCIDENT,STREET,0,0,15,2,29,05,2023,11,Friday,9,2023-11
JB001701,2022-10-11 04:44:00,CRIMINAL DAMAGE,Property,REPORTED CRIMINAL DAMAGE INCIDENT,CTA TRAIN / STATION,0,0,22,3,1,26,2022,10,Tuesday,4,2022-10
JB001702,2023-08-11 07:22:00,THEFT,Property,REPORTED THEFT INCIDENT,PARKING LOT / GARAGE,0,0,14,48,51,14,2023,8,Friday,7,2023-08
JB001703,2022-01-22 08:55:00,BATTERY,Violent,REPORTED BATTERY INCIDENT,APARTMENT,0,1,24,43,62,18,2022,1,Saturday,8,2022-01
JB001704,2023-05-09 06:41:00,CRIMINAL DAMAGE,Property,REPORTED CRIMINAL DAMAGE INCIDENT,STREET,0,0,2,43,29,03,2023,5,Tuesday,6,2023-05
JB001705,2022-08-08 02:52:00,THEFT,Property,REPORTED THEFT INCIDENT,STREET,0,0,16,17,52,06,2022,8,Monday,2,2022-08
JB001706,2022-01-31 05:50:00,THEFT,Property,REPORTED THEFT INCIDENT,COMMERCIAL / BUSINESS OFFICE,0,0,14,49,33,07,2022,1,Monday,5,2022-01
JB001707,2022-02-14 00:04:00,THEFT,Property,REPORTED THEFT INCIDENT,APARTMENT,1,0,24,26,64,14,2022,2,Monday,0,2022-02
JB001708,2023-03-12 19:52:00,THEFT,Property,REPORTED THEFT INCIDENT,STREET,0,0,16,29,50,05,2023,3,Sunday,19,2023-03
JB001709,2023-09-25 06:40:00,ASSAULT,Violent,REPORTED ASSAULT INCIDENT,RESTAURANT,0,1,2,29,38,06,2023,9,Monday,6,2023-09
JB001710,2023-10-01 18:19:00,ROBBERY,Violent,REPORTED ROBBERY INCIDENT,CTA TRAIN / STATION,0,0,16,20,63,11,2023,10,Sunday,18,2023-10
JB001711,2022-03-18 08:17:00,BATTERY,Violent,REPORTED BATTERY INCIDENT,SIDEWALK,0,0,7,46,70,08B,2022,3,Friday,8,2022-03
JB001712,2023-04-13 12:49:00,ROBBERY,Violent,REPORTED ROBBERY INCIDENT,COMMERCIAL / BUSINESS OFFICE,0,0,15,44,40,11,2023,4,Thursday,12,2023-04
JB001713,2023-01-28 22:31:00,THEFT,Property,REPORTED THEFT INCIDENT,STREET,0,0,14,2,53,11,2023,1,Saturday,22,2023-01
JB001714,2022-08-26 19:19:00,ASSAULT,Violent,REPORTED ASSAULT INCIDENT,STREET,0,0,1,27,47,14,2022,8,Friday,19,2022-08
JB001715,2022-11-30 13:56:00,ASSAULT,Violent,REPORTED ASSAULT INCIDENT,STREET,0,1,4,21,21,06,2022,11,Wednesday,13,2022-11
JB001716,2023-02-08 05:08:00,BATTERY,Violent,REPORTED BATTERY INCIDENT,STREET,1,0,5,47,59,18,2023,2,Wednesday,5,2023-02
JB001717,2022-04-11 10:03:00,BURGLARY,Property,REPORTED BURGLARY INCIDENT,STREET,1,0,24,37,38,06,2022,4,Monday,10,2022-04
JB001718,2023-10-05 13:54:00,WEAPONS VIOLATION,Public Safety,REPORTED WEAPONS VIOLATION INCIDENT,PARKING LOT / GARAGE,1,0,20,27,56,05,2023,10,Thursday,13,2023-10
JB001719,2023-11-03 05:25:00,ASSAULT,Violent,REPORTED ASSAULT INCIDENT,RESIDENCE,0,0,25,23,36,18,2023,11,Friday,5,2023-11
JB001720,2022-01-27 03:22:00,THEFT,Property,REPORTED THEFT INCIDENT,RESTAURANT,0,0,11,18,70,26,2022,1,Thursday,3,2022-01
JB001721,2022-07-31 16:43:00,DECEPTIVE PRACTICE,Financial/Cyber,REPORTED DECEPTIVE PRACTICE INCIDENT,STREET,0,0,12,26,15,08B,2022,7,Sunday,16,2022-07
JB001722,2022-02-20 18:10:00,ASSAULT,Violent,REPORTED ASSAULT INCIDENT,PARKING LOT / GARAGE,0,1,1,13,38,08A,2022,2,Sunday,18,2022-02
JB001723,2022-02-28 13:59:00,DECEPTIVE PRACTICE,Financial/Cyber,REPORTED DECEPTIVE PRACTICE INCIDENT,SIDEWALK,1,0,16,50,43,03,2022,2,Monday,13,2022-02
JB001724,2022-10-09 07:01:00,THEFT,Property,REPORTED THEFT INCIDENT,COMMERCIAL / BUSINESS OFFICE,0,0,7,12,31,18,2022,10,Sunday,7,2022-10
JB001725,2022-11-09 09:36:00,ASSAULT,Violent,REPORTED ASSAULT INCIDENT,APARTMENT,0,0,17,38,44,07,2022,11,Wednesday,9,2022-11
JB001726,2022-04-29 07:28:00,OTHER OFFENSE,Other,REPORTED OTHER OFFENSE INCIDENT,STREET,0,0,2,49,56,05,2022,4,Friday,7,2022-04
JB001727,2023-02-07 02:10:00,BATTERY,Violent,REPORTED BATTERY INCIDENT,RESIDENCE,1,0,5,45,37,07,2023,2,Tuesday,2,2023-02
JB001728,2023-11-14 21:46:00,THEFT,Property,REPORTED THEFT INCIDENT,PARKING LOT / GARAGE,0,0,25,34,34,11,2023,11,Tuesday,21,2023-11
JB001729,2023-08-10 17:02:00,CRIMINAL DAMAGE,Property,REPORTED CRIMINAL DAMAGE INCIDENT,STREET,0,0,19,43,49,26,2023,8,Thursday,17,2023-08
JB001730,2023-02-07 17:11:00,CRIMINAL TRESPASS,Property,REPORTED CRIMINAL TRESPASS INCIDENT,RESIDENCE,0,0,24,49,67,03,2023,2,Tuesday,17,2023-02
JB001731,2023-08-15 23:57:00,ROBBERY,Violent,REPORTED ROBBERY INCIDENT,RESIDENCE,0,0,18,29,69,05,2023,8,Tuesday,23,2023-08
JB001732,2023-02-11 09:37:00,BATTERY,Violent,REPORTED BATTERY INCIDENT,APARTMENT,1,1,19,43,24,06,2023,2,Saturday,9,2023-02
JB001733,2022-09-05 13:40:00,ASSAULT,Violent,REPORTED ASSAULT INCIDENT,RESIDENCE,0,0,10,11,63,11,2022,9,Monday,13,2022-09
JB001734,2023-08-18 13:02:00,BATTERY,Violent,REPORTED BATTERY INCIDENT,STREET,0,1,8,17,53,08B,2023,8,Friday,13,2023-08
JB001735,2023-07-12 01:11:00,THEFT,Property,REPORTED THEFT INCIDENT,SIDEWALK,1,0,7,34,57,08B,2023,7,Wednesday,1,2023-07
JB001736,2022-08-06 18:16:00,CRIMINAL DAMAGE,Property,REPORTED CRIMINAL DAMAGE INCIDENT,STREET,0,0,14,3,30,11,2022,8,Saturday,18,2022-08
JB001737,2022-08-22 17:27:00,MOTOR VEHICLE THEFT,Property,REPORTED MOTOR VEHICLE THEFT INCIDENT,STREET,0,0,14,3,72,05,2022,8,Monday,17,2022-08
JB001738,2022-12-05 11:32:00,ROBBERY,Violent,REPORTED ROBBERY INCIDENT,RESIDENCE,0,0,25,49,73,11,2022,12,Monday,11,2022-12
JB001739,2023-01-16 22:37:00,BATTERY,Violent,REPORTED BATTERY INCIDENT,STREET,1,0,6,7,76,08B,2023,1,Monday,22,2023-01
JB001740,2022-06-29 14:35:00,CRIMINAL DAMAGE,Property,REPORTED CRIMINAL DAMAGE INCIDENT,RESIDENCE,0,0,24,41,75,07,2022,6,Wednesday,14,2022-06
JB001741,2023-07-05 01:34:00,BURGLARY,Property,REPORTED BURGLARY INCIDENT,RESIDENCE,0,0,22,23,39,18,2023,7,Wednesday,1,2023-07
JB001742,2023-02-14 00:03:00,BATTERY,Violent,REPORTED BATTERY INCIDENT,PARKING LOT / GARAGE,0,0,15,23,39,05,2023,2,Tuesday,0,2023-02
JB001743,2023-05-04 21:04:00,THEFT,Property,REPORTED THEFT INCIDENT,RESIDENCE,1,0,7,25,50,08A,2023,5,Thursday,21,2023-05
JB001744,2022-02-25 11:35:00,CRIMINAL TRESPASS,Property,REPORTED CRIMINAL TRESPASS INCIDENT,STREET,1,0,14,48,21,14,2022,2,Friday,11,2022-02
JB001745,2023-12-14 13:02:00,CRIMINAL TRESPASS,Property,REPORTED CRIMINAL TRESPASS INCIDENT,SIDEWALK,0,0,4,30,68,08A,2023,12,Thursday,13,2023-12
JB001746,2022-09-04 19:02:00,NARCOTICS,Public Order,REPORTED NARCOTICS INCIDENT,STREET,1,0,25,29,49,18,2022,9,Sunday,19,2022-09
JB001747,2023-04-14 03:59:00,CRIMINAL TRESPASS,Property,REPORTED CRIMINAL TRESPASS INCIDENT,STREET,1,0,17,47,21,03,2023,4,Friday,3,2023-04
JB001748,2023-12-12 09:13:00,ASSAULT,Violent,REPORTED ASSAULT INCIDENT,SIDEWALK,0,1,10,5,69,05,2023,12,Tuesday,9,2023-12
JB001749,2022-03-24 09:10:00,DECEPTIVE PRACTICE,Financial/Cyber,REPORTED DECEPTIVE PRACTICE INCIDENT,STREET,0,0,15,29,74,14,2022,3,Thursday,9,2022-03
JB001750,2023-05-03 11:17:00,CRIMINAL DAMAGE,Property,REPORTED CRIMINAL DAMAGE INCIDENT,RESIDENCE,1,0,4,48,13,07,2023,5,Wednesday,11,2023-05
JB001751,2022-11-02 11:22:00,ROBBERY,Violent,REPORTED ROBBERY INCIDENT,APARTMENT,0,0,8,21,75,03,2022,11,Wednesday,11,2022-11
JB001752,2023-07-20 16:33:00,MOTOR VEHICLE THEFT,Property,REPORTED MOTOR VEHICLE THEFT INCIDENT,RESIDENCE,0,0,25,10,14,05,2023,7,Thursday,16,2023-07
JB001753,2022-02-27 09:20:00,MOTOR VEHICLE THEFT,Property,REPORTED MOTOR VEHICLE THEFT INCIDENT,APARTMENT,1,0,25,6,35,08A,2022,2,Sunday,9,2022-02
JB001754,2022-09-21 03:31:00,CRIMINAL DAMAGE,Property,REPORTED CRIMINAL DAMAGE INCIDENT,PARKING LOT / GARAGE,0,0,2,10,2,03,2022,9,Wednesday,3,2022-09
JB001755,2023-07-12 12:09:00,BATTERY,Violent,REPORTED BATTERY INCIDENT,STREET,1,1,10,15,75,07,2023,7,Wednesday,12,2023-07
JB001756,2022-05-24 10:13:00,CRIMINAL DAMAGE,Property,REPORTED CRIMINAL DAMAGE INCIDENT,RESIDENCE,0,0,14,25,16,05,2022,5,Tuesday,10,2022-05
JB001757,2022-04-27 09:40:00,CRIMINAL DAMAGE,Property,REPORTED CRIMINAL DAMAGE INCIDENT,RESIDENCE,0,0,10,50,43,18,2022,4,Wednesday,9,2022-04
JB001758,2022-05-09 02:15:00,CRIMINAL TRESPASS,Property,REPORTED CRIMINAL TRESPASS INCIDENT,APARTMENT,0,0,10,5,1,08B,2022,5,Monday,2,2022-05
JB001759,2022-12-24 11:12:00,OTHER OFFENSE,Other,REPORTED OTHER OFFENSE INCIDENT,RESIDENCE,0,0,22,31,73,05,2022,12,Saturday,11,2022-12
JB001760,2022-10-20 04:36:00,BATTERY,Violent,REPORTED BATTERY INCIDENT,STREET,1,1,10,10,21,14,2022,10,Thursday,4,2022-10
JB001761,2022-03-01 11:48:00,ROBBERY,Violent,REPORTED ROBBERY INCIDENT,PARKING LOT / GARAGE,0,0,9,48,13,14,2022,3,Tuesday,11,2022-03
JB001762,2023-12-01 19:16:00,DECEPTIVE PRACTICE,Financial/Cyber,REPORTED DECEPTIVE PRACTICE INCIDENT,STREET,0,0,18,24,30,26,2023,12,Friday,19,2023-12
JB001763,2022-04-27 01:07:00,THEFT,Property,REPORTED THEFT INCIDENT,STREET,0,0,3,38,61,08A,2022,4,Wednesday,1,2022-04
JB001764,2023-09-19 05:52:00,CRIMINAL TRESPASS,Property,REPORTED CRIMINAL TRESPASS INCIDENT,SIDEWALK,1,0,24,48,56,06,2023,9,Tuesday,5,2023-09
JB001765,2022-07-29 12:45:00,CRIMINAL TRESPASS,Property,REPORTED CRIMINAL TRESPASS INCIDENT,PARKING LOT / GARAGE,0,0,24,47,5,26,2022,7,Friday,12,2022-07
JB001766,2022-08-29 18:42:00,BATTERY,Violent,REPORTED BATTERY INCIDENT,APARTMENT,0,0,14,17,68,03,2022,8,Monday,18,2022-08
JB001767,2022-02-20 01:30:00,NARCOTICS,Public Order,REPORTED NARCOTICS INCIDENT,APARTMENT,1,0,6,45,35,08B,2022,2,Sunday,1,2022-02
JB001768,2022-02-25 01:09:00,BATTERY,Violent,REPORTED BATTERY INCIDENT,APARTMENT,0,0,19,28,73,18,2022,2,Friday,1,2022-02
JB001769,2022-05-15 02:14:00,THEFT,Property,REPORTED THEFT INCIDENT,APARTMENT,0,0,10,33,33,18,2022,5,Sunday,2,2022-05
JB001770,2023-12-26 05:07:00,THEFT,Property,REPORTED THEFT INCIDENT,CTA TRAIN / STATION,0,0,5,47,17,14,2023,12,Tuesday,5,2023-12
JB001771,2022-04-07 09:27:00,NARCOTICS,Public Order,REPORTED NARCOTICS INCIDENT,RESIDENCE,1,0,3,47,24,07,2022,4,Thursday,9,2022-04
JB001772,2023-03-16 14:34:00,THEFT,Property,REPORTED THEFT INCIDENT,RESTAURANT,0,0,25,2,10,06,2023,3,Thursday,14,2023-03
JB001773,2023-06-01 05:43:00,ASSAULT,Violent,REPORTED ASSAULT INCIDENT,CTA TRAIN / STATION,0,0,20,35,4,18,2023,6,Thursday,5,2023-06
JB001774,2023-12-13 05:59:00,BATTERY,Violent,REPORTED BATTERY INCIDENT,RESIDENCE,0,0,11,32,6,03,2023,12,Wednesday,5,2023-12
JB001775,2022-07-10 09:45:00,CRIMINAL DAMAGE,Property,REPORTED CRIMINAL DAMAGE INCIDENT,COMMERCIAL / BUSINESS OFFICE,0,0,1,34,21,08A,2022,7,Sunday,9,2022-07
JB001776,2023-11-19 22:52:00,THEFT,Property,REPORTED THEFT INCIDENT,SIDEWALK,0,0,24,26,57,26,2023,11,Sunday,22,2023-11
JB001777,2023-10-04 06:52:00,BATTERY,Violent,REPORTED BATTERY INCIDENT,STREET,0,0,18,34,44,03,2023,10,Wednesday,6,2023-10
JB001778,2023-06-22 20:48:00,CRIMINAL DAMAGE,Property,REPORTED CRIMINAL DAMAGE INCIDENT,APARTMENT,0,0,3,46,67,06,2023,6,Thursday,20,2023-06
JB001779,2023-01-24 06:39:00,THEFT,Property,REPORTED THEFT INCIDENT,RESTAURANT,0,0,22,4,52,18,2023,1,Tuesday,6,2023-01
JB001780,2022-01-24 22:23:00,NARCOTICS,Public Order,REPORTED NARCOTICS INCIDENT,RESIDENCE,1,0,2,22,29,14,2022,1,Monday,22,2022-01
JB001781,2023-06-25 03:32:00,OTHER OFFENSE,Other,REPORTED OTHER OFFENSE INCIDENT,STREET,0,0,11,45,11,14,2023,6,Sunday,3,2023-06
JB001782,2022-09-24 09:10:00,BATTERY,Violent,REPORTED BATTERY INCIDENT,PARKING LOT / GARAGE,0,0,8,26,43,18,2022,9,Saturday,9,2022-09
JB001783,2022-08-03 10:32:00,CRIMINAL DAMAGE,Property,REPORTED CRIMINAL DAMAGE INCIDENT,STREET,1,0,10,43,17,18,2022,8,Wednesday,10,2022-08
JB001784,2023-07-22 17:38:00,THEFT,Property,REPORTED THEFT INCIDENT,RESIDENCE,0,0,15,9,3,05,2023,7,Saturday,17,2023-07
JB001785,2022-05-19 11:54:00,BURGLARY,Property,REPORTED BURGLARY INCIDENT,RESIDENCE,0,0,15,2,63,07,2022,5,Thursday,11,2022-05
JB001786,2023-08-22 19:38:00,BURGLARY,Property,REPORTED BURGLARY INCIDENT,CTA TRAIN / STATION,0,0,11,13,74,26,2023,8,Tuesday,19,2023-08
JB001787,2022-12-14 11:21:00,THEFT,Property,REPORTED THEFT INCIDENT,APARTMENT,0,0,25,29,22,26,2022,12,Wednesday,11,2022-12
JB001788,2023-11-18 19:43:00,THEFT,Property,REPORTED THEFT INCIDENT,APARTMENT,1,0,5,18,54,08A,2023,11,Saturday,19,2023-11
JB001789,2022-07-26 21:10:00,BATTERY,Violent,REPORTED BATTERY INCIDENT,APARTMENT,1,0,16,7,27,06,2022,7,Tuesday,21,2022-07
JB001790,2022-01-02 11:22:00,CRIMINAL DAMAGE,Property,REPORTED CRIMINAL DAMAGE INCIDENT,SMALL RETAIL STORE,1,0,11,30,45,11,2022,1,Sunday,11,2022-01
JB001791,2022-11-28 11:53:00,DECEPTIVE PRACTICE,Financial/Cyber,REPORTED DECEPTIVE PRACTICE INCIDENT,STREET,0,0,25,21,71,08A,2022,11,Monday,11,2022-11
JB001792,2023-12-03 18:14:00,ASSAULT,Violent,REPORTED ASSAULT INCIDENT,RESIDENCE,0,0,10,9,73,07,2023,12,Sunday,18,2023-12
JB001793,2023-10-09 20:57:00,WEAPONS VIOLATION,Public Safety,REPORTED WEAPONS VIOLATION INCIDENT,RESIDENCE,1,0,16,15,19,14,2023,10,Monday,20,2023-10
JB001794,2022-11-25 00:46:00,THEFT,Property,REPORTED THEFT INCIDENT,APARTMENT,0,0,4,29,63,05,2022,11,Friday,0,2022-11
JB001795,2022-05-15 13:29:00,ROBBERY,Violent,REPORTED ROBBERY INCIDENT,SIDEWALK,0,0,7,14,27,06,2022,5,Sunday,13,2022-05
JB001796,2023-08-18 04:40:00,CRIMINAL TRESPASS,Property,REPORTED CRIMINAL TRESPASS INCIDENT,RESIDENCE,0,0,25,6,70,11,2023,8,Friday,4,2023-08
JB001797,2023-03-27 18:34:00,ASSAULT,Violent,REPORTED ASSAULT INCIDENT,STREET,0,1,15,1,58,06,2023,3,Monday,18,2023-03
JB001798,2022-11-29 01:14:00,BATTERY,Violent,REPORTED BATTERY INCIDENT,STREET,0,0,25,12,68,07,2022,11,Tuesday,1,2022-11
JB001799,2023-10-10 18:33:00,CRIMINAL DAMAGE,Property,REPORTED CRIMINAL DAMAGE INCIDENT,APARTMENT,0,0,6,50,50,26,2023,10,Tuesday,18,2023-10
JB001800,2022-09-24 16:17:00,ROBBERY,Violent,REPORTED ROBBERY INCIDENT,STREET,0,0,5,14,65,07,2022,9,Saturday,16,2022-09
JB001801,2023-07-23 13:53:00,THEFT,Property,REPORTED THEFT INCIDENT,STREET,1,0,20,17,15,07,2023,7,Sunday,13,2023-07
JB001802,2022-04-19 16:43:00,ASSAULT,Violent,REPORTED ASSAULT INCIDENT,PARKING LOT / GARAGE,0,0,24,49,34,05,2022,4,Tuesday,16,2022-04
JB001803,2022-05-09 21:14:00,CRIMINAL TRESPASS,Property,REPORTED CRIMINAL TRESPASS INCIDENT,RESIDENCE,0,0,15,16,69,05,2022,5,Monday,21,2022-05
JB001804,2023-11-24 01:31:00,BATTERY,Violent,REPORTED BATTERY INCIDENT,STREET,0,1,15,35,48,18,2023,11,Friday,1,2023-11
JB001805,2023-01-28 05:32:00,CRIMINAL DAMAGE,Property,REPORTED CRIMINAL DAMAGE INCIDENT,RESIDENCE,0,0,14,31,52,18,2023,1,Saturday,5,2023-01
JB001806,2022-06-02 17:02:00,THEFT,Property,REPORTED THEFT INCIDENT,RESIDENCE,0,0,14,9,4,05,2022,6,Thursday,17,2022-06
JB001807,2022-09-25 23:48:00,CRIMINAL DAMAGE,Property,REPORTED CRIMINAL DAMAGE INCIDENT,RESTAURANT,0,0,7,41,19,11,2022,9,Sunday,23,2022-09
JB001808,2023-03-13 05:02:00,THEFT,Property,REPORTED THEFT INCIDENT,PARKING LOT / GARAGE,0,0,7,20,20,05,2023,3,Monday,5,2023-03
JB001809,2023-04-06 05:11:00,ASSAULT,Violent,REPORTED ASSAULT INCIDENT,GROCERY FOOD STORE,1,0,11,39,66,06,2023,4,Thursday,5,2023-04
JB001810,2023-04-11 20:17:00,CRIMINAL DAMAGE,Property,REPORTED CRIMINAL DAMAGE INCIDENT,STREET,0,0,8,33,33,05,2023,4,Tuesday,20,2023-04
JB001811,2023-08-31 01:44:00,BATTERY,Violent,REPORTED BATTERY INCIDENT,STREET,0,1,22,6,39,11,2023,8,Thursday,1,2023-08
JB001812,2022-07-26 10:13:00,THEFT,Property,REPORTED THEFT INCIDENT,PARKING LOT / GARAGE,0,0,22,22,31,07,2022,7,Tuesday,10,2022-07
JB001813,2023-07-11 19:44:00,THEFT,Property,REPORTED THEFT INCIDENT,SIDEWALK,0,0,18,1,57,26,2023,7,Tuesday,19,2023-07
JB001814,2022-02-16 11:29:00,THEFT,Property,REPORTED THEFT INCIDENT,STREET,0,0,6,13,75,03,2022,2,Wednesday,11,2022-02
JB001815,2022-09-14 05:52:00,THEFT,Property,REPORTED THEFT INCIDENT,CTA TRAIN / STATION,1,0,17,45,67,18,2022,9,Wednesday,5,2022-09
JB001816,2022-11-30 06:01:00,THEFT,Property,REPORTED THEFT INCIDENT,APARTMENT,0,0,19,48,6,08A,2022,11,Wednesday,6,2022-11
JB001817,2023-12-16 08:09:00,BATTERY,Violent,REPORTED BATTERY INCIDENT,RESTAURANT,0,1,6,17,73,14,2023,12,Saturday,8,2023-12
JB001818,2023-04-08 00:12:00,THEFT,Property,REPORTED THEFT INCIDENT,RESIDENCE,0,0,8,25,1,18,2023,4,Saturday,0,2023-04
JB001819,2023-10-25 14:46:00,THEFT,Property,REPORTED THEFT INCIDENT,STREET,1,0,9,28,43,14,2023,10,Wednesday,14,2023-10
JB001820,2023-11-11 01:47:00,THEFT,Property,REPORTED THEFT INCIDENT,PARKING LOT / GARAGE,0,0,9,11,73,08A,2023,11,Saturday,1,2023-11
JB001821,2022-11-15 01:15:00,BURGLARY,Property,REPORTED BURGLARY INCIDENT,STREET,0,0,7,27,74,05,2022,11,Tuesday,1,2022-11
JB001822,2022-05-04 14:34:00,THEFT,Property,REPORTED THEFT INCIDENT,STREET,0,0,15,6,63,18,2022,5,Wednesday,14,2022-05
JB001823,2023-04-17 12:09:00,ASSAULT,Violent,REPORTED ASSAULT INCIDENT,CTA TRAIN / STATION,0,0,15,11,68,05,2023,4,Monday,12,2023-04
JB001824,2022-08-21 01:00:00,BATTERY,Violent,REPORTED BATTERY INCIDENT,RESTAURANT,1,0,22,33,33,18,2022,8,Sunday,1,2022-08
JB001825,2022-05-17 04:34:00,CRIMINAL DAMAGE,Property,REPORTED CRIMINAL DAMAGE INCIDENT,SMALL RETAIL STORE,0,0,15,8,6,03,2022,5,Tuesday,4,2022-05
JB001826,2022-10-03 05:40:00,WEAPONS VIOLATION,Public Safety,REPORTED WEAPONS VIOLATION INCIDENT,PARKING LOT / GARAGE,1,0,22,13,16,06,2022,10,Monday,5,2022-10
JB001827,2022-09-07 03:35:00,BATTERY,Violent,REPORTED BATTERY INCIDENT,RESIDENCE,0,0,3,44,18,08A,2022,9,Wednesday,3,2022-09
JB001828,2022-05-04 12:06:00,BATTERY,Violent,REPORTED BATTERY INCIDENT,SIDEWALK,0,0,17,14,48,08A,2022,5,Wednesday,12,2022-05
JB001829,2023-03-20 06:18:00,BATTERY,Violent,REPORTED BATTERY INCIDENT,RESIDENCE,0,1,7,46,74,08A,2023,3,Monday,6,2023-03
JB001830,2022-04-29 19:38:00,BURGLARY,Property,REPORTED BURGLARY INCIDENT,RESIDENCE,0,0,24,10,44,03,2022,4,Friday,19,2022-04
JB001831,2023-02-03 12:00:00,BATTERY,Violent,REPORTED BATTERY INCIDENT,PARKING LOT / GARAGE,0,1,10,23,14,03,2023,2,Friday,12,2023-02
JB001832,2023-03-09 13:24:00,DECEPTIVE PRACTICE,Financial/Cyber,REPORTED DECEPTIVE PRACTICE INCIDENT,STREET,0,0,18,46,37,07,2023,3,Thursday,13,2023-03
JB001833,2022-07-03 02:24:00,THEFT,Property,REPORTED THEFT INCIDENT,STREET,0,0,11,13,67,14,2022,7,Sunday,2,2022-07
JB001834,2023-02-21 13:09:00,CRIMINAL TRESPASS,Property,REPORTED CRIMINAL TRESPASS INCIDENT,APARTMENT,0,0,17,8,45,14,2023,2,Tuesday,13,2023-02
JB001835,2022-04-28 10:06:00,ROBBERY,Violent,REPORTED ROBBERY INCIDENT,STREET,0,0,9,13,34,03,2022,4,Thursday,10,2022-04
JB001836,2023-10-28 00:33:00,NARCOTICS,Public Order,REPORTED NARCOTICS INCIDENT,RESIDENCE,1,0,14,35,63,05,2023,10,Saturday,0,2023-10
JB001837,2022-07-29 01:12:00,DECEPTIVE PRACTICE,Financial/Cyber,REPORTED DECEPTIVE PRACTICE INCIDENT,RESIDENCE,0,0,7,29,40,05,2022,7,Friday,1,2022-07
JB001838,2023-08-05 21:34:00,BATTERY,Violent,REPORTED BATTERY INCIDENT,STREET,1,0,12,44,52,14,2023,8,Saturday,21,2023-08
JB001839,2023-10-06 14:24:00,BATTERY,Violent,REPORTED BATTERY INCIDENT,STREET,0,0,11,10,47,11,2023,10,Friday,14,2023-10
JB001840,2022-04-03 09:26:00,ASSAULT,Violent,REPORTED ASSAULT INCIDENT,APARTMENT,0,0,1,39,12,06,2022,4,Sunday,9,2022-04
JB001841,2023-07-19 13:08:00,CRIMINAL DAMAGE,Property,REPORTED CRIMINAL DAMAGE INCIDENT,RESIDENCE,0,0,10,13,57,18,2023,7,Wednesday,13,2023-07
JB001842,2022-12-31 03:14:00,BATTERY,Violent,REPORTED BATTERY INCIDENT,CTA TRAIN / STATION,0,0,1,34,70,08B,2022,12,Saturday,3,2022-12
JB001843,2023-03-26 00:42:00,CRIMINAL TRESPASS,Property,REPORTED CRIMINAL TRESPASS INCIDENT,RESIDENCE,0,0,3,12,67,06,2023,3,Sunday,0,2023-03
JB001844,2022-07-23 00:23:00,BATTERY,Violent,REPORTED BATTERY INCIDENT,STREET,0,1,7,32,69,08B,2022,7,Saturday,0,2022-07
JB001845,2023-11-21 06:37:00,ROBBERY,Violent,REPORTED ROBBERY INCIDENT,STREET,0,0,19,9,39,26,2023,11,Tuesday,6,2023-11
JB001846,2022-04-07 22:30:00,NARCOTICS,Public Order,REPORTED NARCOTICS INCIDENT,SMALL RETAIL STORE,1,0,15,24,76,05,2022,4,Thursday,22,2022-04
JB001847,2023-11-21 22:02:00,THEFT,Property,REPORTED THEFT INCIDENT,STREET,0,0,22,46,50,08A,2023,11,Tuesday,22,2023-11
JB001848,2022-11-24 14:46:00,CRIMINAL DAMAGE,Property,REPORTED CRIMINAL DAMAGE INCIDENT,SIDEWALK,1,0,2,17,59,08B,2022,11,Thursday,14,2022-11
JB001849,2022-01-14 12:38:00,THEFT,Property,REPORTED THEFT INCIDENT,PARKING LOT / GARAGE,0,0,4,48,13,03,2022,1,Friday,12,2022-01
JB001850,2023-10-01 17:33:00,CRIMINAL DAMAGE,Property,REPORTED CRIMINAL DAMAGE INCIDENT,STREET,0,0,6,42,25,05,2023,10,Sunday,17,2023-10
JB001851,2022-04-25 19:55:00,CRIMINAL DAMAGE,Property,REPORTED CRIMINAL DAMAGE INCIDENT,CTA TRAIN / STATION,0,0,4,48,52,18,2022,4,Monday,19,2022-04
JB001852,2023-09-03 21:59:00,CRIMINAL DAMAGE,Property,REPORTED CRIMINAL DAMAGE INCIDENT,SIDEWALK,0,0,14,41,50,05,2023,9,Sunday,21,2023-09
JB001853,2023-09-13 08:44:00,THEFT,Property,REPORTED THEFT INCIDENT,RESIDENCE,0,0,6,4,46,08A,2023,9,Wednesday,8,2023-09
JB001854,2022-09-03 19:47:00,THEFT,Property,REPORTED THEFT INCIDENT,SMALL RETAIL STORE,0,0,12,15,10,26,2022,9,Saturday,19,2022-09
JB001855,2022-02-24 02:31:00,ROBBERY,Violent,REPORTED ROBBERY INCIDENT,RESIDENCE,0,0,3,2,77,08B,2022,2,Thursday,2,2022-02
JB001856,2023-04-27 01:39:00,CRIMINAL DAMAGE,Property,REPORTED CRIMINAL DAMAGE INCIDENT,STREET,0,0,22,35,75,18,2023,4,Thursday,1,2023-04
JB001857,2022-10-07 20:24:00,CRIMINAL DAMAGE,Property,REPORTED CRIMINAL DAMAGE INCIDENT,RESIDENCE,0,0,4,13,59,18,2022,10,Friday,20,2022-10
JB001858,2022-09-05 17:16:00,BATTERY,Violent,REPORTED BATTERY INCIDENT,RESIDENCE,0,0,24,4,21,26,2022,9,Monday,17,2022-09
JB001859,2023-02-05 22:20:00,ASSAULT,Violent,REPORTED ASSAULT INCIDENT,SMALL RETAIL STORE,0,0,6,48,1,06,2023,2,Sunday,22,2023-02
JB001860,2022-07-02 19:42:00,THEFT,Property,REPORTED THEFT INCIDENT,RESIDENCE,0,0,8,5,42,08A,2022,7,Saturday,19,2022-07
JB001861,2022-08-26 06:59:00,NARCOTICS,Public Order,REPORTED NARCOTICS INCIDENT,SIDEWALK,1,0,25,30,17,18,2022,8,Friday,6,2022-08
JB001862,2022-11-19 05:21:00,CRIMINAL TRESPASS,Property,REPORTED CRIMINAL TRESPASS INCIDENT,PARKING LOT / GARAGE,1,0,7,17,31,07,2022,11,Saturday,5,2022-11
JB001863,2023-08-29 01:40:00,THEFT,Property,REPORTED THEFT INCIDENT,SIDEWALK,0,0,10,22,36,05,2023,8,Tuesday,1,2023-08
JB001864,2023-03-08 23:11:00,OTHER OFFENSE,Other,REPORTED OTHER OFFENSE INCIDENT,APARTMENT,1,0,4,2,75,03,2023,3,Wednesday,23,2023-03
JB001865,2022-08-20 02:05:00,THEFT,Property,REPORTED THEFT INCIDENT,RESIDENCE,0,0,5,1,51,07,2022,8,Saturday,2,2022-08
JB001866,2023-01-18 05:29:00,THEFT,Property,REPORTED THEFT INCIDENT,SIDEWALK,0,0,5,35,31,07,2023,1,Wednesday,5,2023-01
JB001867,2023-01-14 14:46:00,THEFT,Property,REPORTED THEFT INCIDENT,STREET,0,0,6,7,19,14,2023,1,Saturday,14,2023-01
JB001868,2023-01-28 21:26:00,ASSAULT,Violent,REPORTED ASSAULT INCIDENT,STREET,0,0,15,37,47,07,2023,1,Saturday,21,2023-01
JB001869,2023-08-26 16:24:00,THEFT,Property,REPORTED THEFT INCIDENT,STREET,0,0,5,45,30,05,2023,8,Saturday,16,2023-08
JB001870,2022-01-09 12:25:00,BATTERY,Violent,REPORTED BATTERY INCIDENT,STREET,1,1,4,30,74,18,2022,1,Sunday,12,2022-01
JB001871,2022-05-05 22:28:00,THEFT,Property,REPORTED THEFT INCIDENT,RESIDENCE,0,0,6,4,20,26,2022,5,Thursday,22,2022-05
JB001872,2022-04-23 10:26:00,THEFT,Property,REPORTED THEFT INCIDENT,APARTMENT,0,0,19,15,55,18,2022,4,Saturday,10,2022-04
JB001873,2023-08-13 14:55:00,OTHER OFFENSE,Other,REPORTED OTHER OFFENSE INCIDENT,STREET,0,0,11,5,36,03,2023,8,Sunday,14,2023-08
JB001874,2023-07-22 14:02:00,BURGLARY,Property,REPORTED BURGLARY INCIDENT,PARKING LOT / GARAGE,0,0,15,21,43,05,2023,7,Saturday,14,2023-07
JB001875,2023-02-03 13:35:00,CRIMINAL TRESPASS,Property,REPORTED CRIMINAL TRESPASS INCIDENT,STREET,0,0,9,33,44,14,2023,2,Friday,13,2023-02
JB001876,2022-10-12 18:50:00,BATTERY,Violent,REPORTED BATTERY INCIDENT,STREET,0,0,19,4,35,11,2022,10,Wednesday,18,2022-10
JB001877,2022-10-28 23:19:00,ROBBERY,Violent,REPORTED ROBBERY INCIDENT,RESIDENCE,0,0,3,4,32,06,2022,10,Friday,23,2022-10
JB001878,2022-09-14 02:29:00,CRIMINAL DAMAGE,Property,REPORTED CRIMINAL DAMAGE INCIDENT,STREET,0,0,7,46,1,14,2022,9,Wednesday,2,2022-09
JB001879,2022-09-27 21:15:00,OTHER OFFENSE,Other,REPORTED OTHER OFFENSE INCIDENT,STREET,1,0,6,40,9,08B,2022,9,Tuesday,21,2022-09
JB001880,2022-07-29 23:39:00,BATTERY,Violent,REPORTED BATTERY INCIDENT,APARTMENT,0,0,15,29,13,08A,2022,7,Friday,23,2022-07
JB001881,2023-03-17 14:43:00,BATTERY,Violent,REPORTED BATTERY INCIDENT,STREET,0,1,19,43,3,06,2023,3,Friday,14,2023-03
JB001882,2022-06-15 14:02:00,DECEPTIVE PRACTICE,Financial/Cyber,REPORTED DECEPTIVE PRACTICE INCIDENT,SMALL RETAIL STORE,0,0,7,36,57,14,2022,6,Wednesday,14,2022-06
JB001883,2023-04-27 13:46:00,OTHER OFFENSE,Other,REPORTED OTHER OFFENSE INCIDENT,STREET,0,0,11,12,35,14,2023,4,Thursday,13,2023-04
JB001884,2023-06-30 16:37:00,DECEPTIVE PRACTICE,Financial/Cyber,REPORTED DECEPTIVE PRACTICE INCIDENT,STREET,0,0,9,35,53,18,2023,6,Friday,16,2023-06
JB001885,2023-12-09 16:52:00,BURGLARY,Property,REPORTED BURGLARY INCIDENT,RESTAURANT,0,0,12,31,30,06,2023,12,Saturday,16,2023-12
JB001886,2022-05-31 03:15:00,THEFT,Property,REPORTED THEFT INCIDENT,APARTMENT,0,0,8,38,73,05,2022,5,Tuesday,3,2022-05
JB001887,2022-11-24 19:08:00,BATTERY,Violent,REPORTED BATTERY INCIDENT,RESIDENCE,0,0,15,49,28,08A,2022,11,Thursday,19,2022-11
JB001888,2022-04-30 23:26:00,ROBBERY,Violent,REPORTED ROBBERY INCIDENT,RESIDENCE,0,0,19,47,22,14,2022,4,Saturday,23,2022-04
JB001889,2023-10-02 16:59:00,THEFT,Property,REPORTED THEFT INCIDENT,SMALL RETAIL STORE,0,0,5,1,18,08A,2023,10,Monday,16,2023-10
JB001890,2022-12-09 00:31:00,NARCOTICS,Public Order,REPORTED NARCOTICS INCIDENT,SIDEWALK,1,0,2,21,69,14,2022,12,Friday,0,2022-12
JB001891,2022-12-07 14:14:00,BURGLARY,Property,REPORTED BURGLARY INCIDENT,SIDEWALK,0,0,18,13,47,03,2022,12,Wednesday,14,2022-12
JB001892,2023-07-08 21:29:00,ASSAULT,Violent,REPORTED ASSAULT INCIDENT,RESIDENCE,1,0,22,33,27,14,2023,7,Saturday,21,2023-07
JB001893,2023-10-08 08:30:00,BATTERY,Violent,REPORTED BATTERY INCIDENT,STREET,0,0,16,48,5,18,2023,10,Sunday,8,2023-10
JB001894,2022-08-13 14:50:00,BATTERY,Violent,REPORTED BATTERY INCIDENT,STREET,0,1,22,20,16,26,2022,8,Saturday,14,2022-08
JB001895,2022-10-11 18:37:00,ROBBERY,Violent,REPORTED ROBBERY INCIDENT,SMALL RETAIL STORE,0,0,18,25,7,18,2022,10,Tuesday,18,2022-10
JB001896,2023-11-19 16:50:00,THEFT,Property,REPORTED THEFT INCIDENT,STREET,0,0,17,2,39,03,2023,11,Sunday,16,2023-11
JB001897,2022-06-23 12:54:00,DECEPTIVE PRACTICE,Financial/Cyber,REPORTED DECEPTIVE PRACTICE INCIDENT,PARKING LOT / GARAGE,0,0,3,16,33,03,2022,6,Thursday,12,2022-06
JB001898,2023-07-20 09:42:00,THEFT,Property,REPORTED THEFT INCIDENT,STREET,0,0,14,37,13,14,2023,7,Thursday,9,2023-07
JB001899,2022-10-10 03:43:00,BATTERY,Violent,REPORTED BATTERY INCIDENT,STREET,1,0,22,49,68,05,2022,10,Monday,3,2022-10
JB001900,2023-11-03 10:23:00,CRIMINAL DAMAGE,Property,REPORTED CRIMINAL DAMAGE INCIDENT,RESTAURANT,0,0,6,43,75,26,2023,11,Friday,10,2023-11
JB001901,2022-03-07 04:36:00,NARCOTICS,Public Order,REPORTED NARCOTICS INCIDENT,STREET,1,0,16,40,56,06,2022,3,Monday,4,2022-03
JB001902,2023-02-21 21:00:00,THEFT,Property,REPORTED THEFT INCIDENT,COMMERCIAL / BUSINESS OFFICE,0,0,20,33,47,26,2023,2,Tuesday,21,2023-02
JB001903,2023-10-23 18:07:00,BATTERY,Violent,REPORTED BATTERY INCIDENT,APARTMENT,0,1,19,50,19,18,2023,10,Monday,18,2023-10
JB001904,2023-09-16 17:55:00,MOTOR VEHICLE THEFT,Property,REPORTED MOTOR VEHICLE THEFT INCIDENT,APARTMENT,0,0,11,38,33,06,2023,9,Saturday,17,2023-09
JB001905,2022-07-21 20:23:00,MOTOR VEHICLE THEFT,Property,REPORTED MOTOR VEHICLE THEFT INCIDENT,RESTAURANT,0,0,6,29,33,26,2022,7,Thursday,20,2022-07
JB001906,2022-08-19 12:50:00,THEFT,Property,REPORTED THEFT INCIDENT,APARTMENT,0,0,25,27,6,11,2022,8,Friday,12,2022-08
JB001907,2023-03-05 01:25:00,THEFT,Property,REPORTED THEFT INCIDENT,STREET,0,0,4,14,58,18,2023,3,Sunday,1,2023-03
JB001908,2022-11-15 20:25:00,CRIMINAL DAMAGE,Property,REPORTED CRIMINAL DAMAGE INCIDENT,APARTMENT,0,0,19,35,24,11,2022,11,Tuesday,20,2022-11
JB001909,2023-07-31 21:03:00,BATTERY,Violent,REPORTED BATTERY INCIDENT,APARTMENT,0,1,25,42,63,07,2023,7,Monday,21,2023-07
JB001910,2023-01-10 08:10:00,OTHER OFFENSE,Other,REPORTED OTHER OFFENSE INCIDENT,STREET,0,0,11,23,15,11,2023,1,Tuesday,8,2023-01
JB001911,2022-12-10 04:58:00,ASSAULT,Violent,REPORTED ASSAULT INCIDENT,APARTMENT,0,1,14,31,54,11,2022,12,Saturday,4,2022-12
JB001912,2022-11-29 04:18:00,CRIMINAL TRESPASS,Property,REPORTED CRIMINAL TRESPASS INCIDENT,SIDEWALK,0,0,4,10,24,11,2022,11,Tuesday,4,2022-11
JB001913,2023-11-15 05:37:00,MOTOR VEHICLE THEFT,Property,REPORTED MOTOR VEHICLE THEFT INCIDENT,STREET,0,0,11,42,48,18,2023,11,Wednesday,5,2023-11
JB001914,2022-02-06 21:08:00,THEFT,Property,REPORTED THEFT INCIDENT,RESIDENCE,0,0,16,2,60,11,2022,2,Sunday,21,2022-02
JB001915,2022-11-12 12:34:00,THEFT,Property,REPORTED THEFT INCIDENT,STREET,0,0,14,44,43,11,2022,11,Saturday,12,2022-11
JB001916,2022-11-01 20:56:00,MOTOR VEHICLE THEFT,Property,REPORTED MOTOR VEHICLE THEFT INCIDENT,SMALL RETAIL STORE,0,0,19,17,70,07,2022,11,Tuesday,20,2022-11
JB001917,2023-09-03 22:16:00,THEFT,Property,REPORTED THEFT INCIDENT,STREET,0,0,1,6,14,03,2023,9,Sunday,22,2023-09
JB001918,2022-04-15 10:15:00,THEFT,Property,REPORTED THEFT INCIDENT,PARKING LOT / GARAGE,0,0,16,12,50,14,2022,4,Friday,10,2022-04
JB001919,2023-04-12 06:44:00,CRIMINAL DAMAGE,Property,REPORTED CRIMINAL DAMAGE INCIDENT,APARTMENT,0,0,15,27,11,03,2023,4,Wednesday,6,2023-04
JB001920,2022-01-25 20:40:00,BATTERY,Violent,REPORTED BATTERY INCIDENT,APARTMENT,0,1,10,20,34,26,2022,1,Tuesday,20,2022-01
JB001921,2022-01-11 02:26:00,THEFT,Property,REPORTED THEFT INCIDENT,SMALL RETAIL STORE,0,0,19,26,5,18,2022,1,Tuesday,2,2022-01
JB001922,2023-07-10 03:54:00,DECEPTIVE PRACTICE,Financial/Cyber,REPORTED DECEPTIVE PRACTICE INCIDENT,STREET,1,0,3,47,19,18,2023,7,Monday,3,2023-07
JB001923,2022-08-31 07:01:00,CRIMINAL DAMAGE,Property,REPORTED CRIMINAL DAMAGE INCIDENT,STREET,0,0,11,43,2,03,2022,8,Wednesday,7,2022-08
JB001924,2023-11-15 00:30:00,THEFT,Property,REPORTED THEFT INCIDENT,SIDEWALK,0,0,9,47,14,06,2023,11,Wednesday,0,2023-11
JB001925,2022-09-18 21:53:00,BATTERY,Violent,REPORTED BATTERY INCIDENT,PARKING LOT / GARAGE,0,0,14,14,49,06,2022,9,Sunday,21,2022-09
JB001926,2022-04-20 07:08:00,OTHER OFFENSE,Other,REPORTED OTHER OFFENSE INCIDENT,APARTMENT,0,0,8,43,50,08A,2022,4,Wednesday,7,2022-04
JB001927,2022-08-12 10:57:00,THEFT,Property,REPORTED THEFT INCIDENT,SMALL RETAIL STORE,0,0,12,20,27,06,2022,8,Friday,10,2022-08
JB001928,2022-03-02 14:40:00,ROBBERY,Violent,REPORTED ROBBERY INCIDENT,SMALL RETAIL STORE,0,0,17,40,34,05,2022,3,Wednesday,14,2022-03
JB001929,2023-07-31 07:08:00,BATTERY,Violent,REPORTED BATTERY INCIDENT,SIDEWALK,0,0,24,25,21,07,2023,7,Monday,7,2023-07
JB001930,2022-02-03 01:54:00,CRIMINAL TRESPASS,Property,REPORTED CRIMINAL TRESPASS INCIDENT,RESIDENCE,0,0,22,7,40,05,2022,2,Thursday,1,2022-02
JB001931,2023-12-03 13:34:00,CRIMINAL DAMAGE,Property,REPORTED CRIMINAL DAMAGE INCIDENT,SIDEWALK,0,0,16,18,58,26,2023,12,Sunday,13,2023-12
JB001932,2023-04-02 19:38:00,ROBBERY,Violent,REPORTED ROBBERY INCIDENT,STREET,0,0,10,46,55,11,2023,4,Sunday,19,2023-04
JB001933,2023-08-11 10:24:00,THEFT,Property,REPORTED THEFT INCIDENT,STREET,0,0,12,41,30,06,2023,8,Friday,10,2023-08
JB001934,2022-12-30 04:46:00,CRIMINAL TRESPASS,Property,REPORTED CRIMINAL TRESPASS INCIDENT,RESIDENCE,0,0,5,10,48,08A,2022,12,Friday,4,2022-12
JB001935,2023-02-08 17:19:00,ASSAULT,Violent,REPORTED ASSAULT INCIDENT,APARTMENT,1,0,7,28,60,08A,2023,2,Wednesday,17,2023-02
JB001936,2022-03-04 18:19:00,THEFT,Property,REPORTED THEFT INCIDENT,APARTMENT,0,0,11,32,74,26,2022,3,Friday,18,2022-03
JB001937,2023-05-01 06:15:00,THEFT,Property,REPORTED THEFT INCIDENT,STREET,0,0,14,49,23,18,2023,5,Monday,6,2023-05
JB001938,2022-04-22 23:45:00,BURGLARY,Property,REPORTED BURGLARY INCIDENT,STREET,0,0,19,34,28,08A,2022,4,Friday,23,2022-04
JB001939,2023-03-27 17:34:00,CRIMINAL DAMAGE,Property,REPORTED CRIMINAL DAMAGE INCIDENT,PARKING LOT / GARAGE,0,0,8,2,19,05,2023,3,Monday,17,2023-03
JB001940,2022-09-29 07:02:00,MOTOR VEHICLE THEFT,Property,REPORTED MOTOR VEHICLE THEFT INCIDENT,GROCERY FOOD STORE,0,0,12,42,39,11,2022,9,Thursday,7,2022-09
JB001941,2022-05-31 12:56:00,OTHER OFFENSE,Other,REPORTED OTHER OFFENSE INCIDENT,RESIDENCE,1,0,5,9,35,08B,2022,5,Tuesday,12,2022-05
JB001942,2023-06-05 16:42:00,BURGLARY,Property,REPORTED BURGLARY INCIDENT,APARTMENT,0,0,22,29,58,08B,2023,6,Monday,16,2023-06
JB001943,2022-05-25 12:15:00,CRIMINAL TRESPASS,Property,REPORTED CRIMINAL TRESPASS INCIDENT,SIDEWALK,1,0,4,45,68,05,2022,5,Wednesday,12,2022-05
JB001944,2022-08-03 07:16:00,BURGLARY,Property,REPORTED BURGLARY INCIDENT,RESIDENCE,1,0,14,29,77,14,2022,8,Wednesday,7,2022-08
JB001945,2023-04-25 22:43:00,THEFT,Property,REPORTED THEFT INCIDENT,STREET,0,0,24,15,58,18,2023,4,Tuesday,22,2023-04
JB001946,2022-09-24 18:20:00,DECEPTIVE PRACTICE,Financial/Cyber,REPORTED DECEPTIVE PRACTICE INCIDENT,GROCERY FOOD STORE,0,0,4,43,19,08A,2022,9,Saturday,18,2022-09
JB001947,2022-11-24 10:15:00,THEFT,Property,REPORTED THEFT INCIDENT,RESIDENCE,0,0,6,34,76,14,2022,11,Thursday,10,2022-11
JB001948,2023-03-13 13:25:00,THEFT,Property,REPORTED THEFT INCIDENT,STREET,0,0,9,36,63,14,2023,3,Monday,13,2023-03
JB001949,2022-09-01 14:20:00,BATTERY,Violent,REPORTED BATTERY INCIDENT,RESIDENCE,1,0,22,42,45,08B,2022,9,Thursday,14,2022-09
JB001950,2022-01-05 21:45:00,BATTERY,Violent,REPORTED BATTERY INCIDENT,STREET,0,0,8,36,37,06,2022,1,Wednesday,21,2022-01
JB001951,2023-11-07 22:47:00,WEAPONS VIOLATION,Public Safety,REPORTED WEAPONS VIOLATION INCIDENT,APARTMENT,1,0,1,43,71,05,2023,11,Tuesday,22,2023-11
JB001952,2022-12-21 08:19:00,CRIMINAL DAMAGE,Property,REPORTED CRIMINAL DAMAGE INCIDENT,RESIDENCE,0,0,24,47,59,03,2022,12,Wednesday,8,2022-12
JB001953,2022-07-29 02:59:00,BATTERY,Violent,REPORTED BATTERY INCIDENT,APARTMENT,0,0,19,18,57,08A,2022,7,Friday,2,2022-07
JB001954,2023-12-17 20:21:00,BURGLARY,Property,REPORTED BURGLARY INCIDENT,RESIDENCE,0,0,19,1,40,06,2023,12,Sunday,20,2023-12
JB001955,2023-08-17 05:19:00,THEFT,Property,REPORTED THEFT INCIDENT,RESTAURANT,1,0,18,38,76,03,2023,8,Thursday,5,2023-08
JB001956,2023-03-04 16:00:00,OTHER OFFENSE,Other,REPORTED OTHER OFFENSE INCIDENT,STREET,0,0,15,17,6,08A,2023,3,Saturday,16,2023-03
JB001957,2023-07-15 09:12:00,BATTERY,Violent,REPORTED BATTERY INCIDENT,RESIDENCE,0,0,10,5,52,05,2023,7,Saturday,9,2023-07
JB001958,2022-07-13 16:43:00,THEFT,Property,REPORTED THEFT INCIDENT,RESIDENCE,0,0,5,18,73,18,2022,7,Wednesday,16,2022-07
JB001959,2023-01-07 08:20:00,THEFT,Property,REPORTED THEFT INCIDENT,RESIDENCE,0,0,6,48,10,05,2023,1,Saturday,8,2023-01
JB001960,2023-12-20 14:46:00,DECEPTIVE PRACTICE,Financial/Cyber,REPORTED DECEPTIVE PRACTICE INCIDENT,APARTMENT,0,0,8,26,60,14,2023,12,Wednesday,14,2023-12
JB001961,2022-02-06 02:11:00,THEFT,Property,REPORTED THEFT INCIDENT,PARKING LOT / GARAGE,1,0,7,42,62,18,2022,2,Sunday,2,2022-02
JB001962,2023-06-10 05:14:00,DECEPTIVE PRACTICE,Financial/Cyber,REPORTED DECEPTIVE PRACTICE INCIDENT,RESIDENCE,0,0,14,8,17,18,2023,6,Saturday,5,2023-06
JB001963,2023-03-09 05:15:00,BATTERY,Violent,REPORTED BATTERY INCIDENT,RESIDENCE,0,1,9,35,63,08B,2023,3,Thursday,5,2023-03
JB001964,2022-02-06 00:13:00,NARCOTICS,Public Order,REPORTED NARCOTICS INCIDENT,SIDEWALK,1,0,3,14,76,05,2022,2,Sunday,0,2022-02
JB001965,2023-05-10 23:05:00,CRIMINAL DAMAGE,Property,REPORTED CRIMINAL DAMAGE INCIDENT,PARKING LOT / GARAGE,0,0,17,26,3,11,2023,5,Wednesday,23,2023-05
JB001966,2022-06-24 00:51:00,THEFT,Property,REPORTED THEFT INCIDENT,SIDEWALK,0,0,19,2,64,06,2022,6,Friday,0,2022-06
JB001967,2022-03-07 05:25:00,BATTERY,Violent,REPORTED BATTERY INCIDENT,RESTAURANT,0,0,5,49,4,08A,2022,3,Monday,5,2022-03
JB001968,2023-03-02 16:59:00,OTHER OFFENSE,Other,REPORTED OTHER OFFENSE INCIDENT,SIDEWALK,0,0,1,47,3,11,2023,3,Thursday,16,2023-03
JB001969,2022-09-15 19:03:00,CRIMINAL TRESPASS,Property,REPORTED CRIMINAL TRESPASS INCIDENT,RESIDENCE,0,0,20,37,63,07,2022,9,Thursday,19,2022-09
JB001970,2023-07-13 21:25:00,OTHER OFFENSE,Other,REPORTED OTHER OFFENSE INCIDENT,STREET,0,0,18,12,19,26,2023,7,Thursday,21,2023-07
JB001971,2022-09-12 16:02:00,ASSAULT,Violent,REPORTED ASSAULT INCIDENT,PARKING LOT / GARAGE,1,0,25,7,74,14,2022,9,Monday,16,2022-09
JB001972,2022-08-31 00:43:00,CRIMINAL DAMAGE,Property,REPORTED CRIMINAL DAMAGE INCIDENT,RESIDENCE,0,0,20,32,33,07,2022,8,Wednesday,0,2022-08
JB001973,2023-09-09 18:49:00,MOTOR VEHICLE THEFT,Property,REPORTED MOTOR VEHICLE THEFT INCIDENT,STREET,0,0,7,50,39,06,2023,9,Saturday,18,2023-09
JB001974,2023-06-17 03:51:00,THEFT,Property,REPORTED THEFT INCIDENT,RESTAURANT,0,0,22,43,59,05,2023,6,Saturday,3,2023-06
JB001975,2022-10-27 22:46:00,OTHER OFFENSE,Other,REPORTED OTHER OFFENSE INCIDENT,PARKING LOT / GARAGE,1,0,10,8,66,05,2022,10,Thursday,22,2022-10
JB001976,2023-03-29 15:07:00,BATTERY,Violent,REPORTED BATTERY INCIDENT,PARKING LOT / GARAGE,0,1,24,27,15,07,2023,3,Wednesday,15,2023-03
JB001977,2023-08-02 04:39:00,CRIMINAL TRESPASS,Property,REPORTED CRIMINAL TRESPASS INCIDENT,STREET,1,0,3,37,9,26,2023,8,Wednesday,4,2023-08
JB001978,2022-04-18 04:17:00,ASSAULT,Violent,REPORTED ASSAULT INCIDENT,SMALL RETAIL STORE,1,1,4,35,12,14,2022,4,Monday,4,2022-04
JB001979,2023-07-04 22:24:00,THEFT,Property,REPORTED THEFT INCIDENT,STREET,0,0,15,30,4,05,2023,7,Tuesday,22,2023-07
JB001980,2023-03-08 17:16:00,THEFT,Property,REPORTED THEFT INCIDENT,STREET,0,0,14,34,63,18,2023,3,Wednesday,17,2023-03
JB001981,2023-11-15 21:40:00,NARCOTICS,Public Order,REPORTED NARCOTICS INCIDENT,APARTMENT,1,0,24,47,22,18,2023,11,Wednesday,21,2023-11
JB001982,2023-10-23 02:36:00,CRIMINAL DAMAGE,Property,REPORTED CRIMINAL DAMAGE INCIDENT,RESIDENCE,1,0,17,29,61,14,2023,10,Monday,2,2023-10
JB001983,2023-04-03 09:06:00,ASSAULT,Violent,REPORTED ASSAULT INCIDENT,RESIDENCE,0,0,11,25,71,06,2023,4,Monday,9,2023-04
JB001984,2023-09-06 23:55:00,OTHER OFFENSE,Other,REPORTED OTHER OFFENSE INCIDENT,STREET,0,0,14,21,27,07,2023,9,Wednesday,23,2023-09
JB001985,2022-04-09 20:34:00,BATTERY,Violent,REPORTED BATTERY INCIDENT,CTA TRAIN / STATION,0,0,22,46,17,08B,2022,4,Saturday,20,2022-04
JB001986,2022-11-15 13:55:00,MOTOR VEHICLE THEFT,Property,REPORTED MOTOR VEHICLE THEFT INCIDENT,SIDEWALK,0,0,2,47,22,11,2022,11,Tuesday,13,2022-11
JB001987,2023-02-02 17:48:00,THEFT,Property,REPORTED THEFT INCIDENT,APARTMENT,0,0,2,2,55,26,2023,2,Thursday,17,2023-02
JB001988,2022-11-04 11:24:00,CRIMINAL DAMAGE,Property,REPORTED CRIMINAL DAMAGE INCIDENT,STREET,0,0,10,32,24,11,2022,11,Friday,11,2022-11
JB001989,2022-05-20 20:12:00,MOTOR VEHICLE THEFT,Property,REPORTED MOTOR VEHICLE THEFT INCIDENT,RESIDENCE,0,0,14,17,35,06,2022,5,Friday,20,2022-05
JB001990,2023-07-18 11:06:00,OTHER OFFENSE,Other,REPORTED OTHER OFFENSE INCIDENT,STREET,0,0,15,39,27,14,2023,7,Tuesday,11,2023-07
JB001991,2022-07-30 07:41:00,CRIMINAL TRESPASS,Property,REPORTED CRIMINAL TRESPASS INCIDENT,SIDEWALK,0,0,12,3,60,18,2022,7,Saturday,7,2022-07
JB001992,2022-10-17 01:48:00,THEFT,Property,REPORTED THEFT INCIDENT,STREET,0,0,4,31,13,14,2022,10,Monday,1,2022-10
JB001993,2022-02-21 20:33:00,THEFT,Property,REPORTED THEFT INCIDENT,RESIDENCE,0,0,17,39,2,14,2022,2,Monday,20,2022-02
JB001994,2023-07-03 10:41:00,DECEPTIVE PRACTICE,Financial/Cyber,REPORTED DECEPTIVE PRACTICE INCIDENT,PARKING LOT / GARAGE,0,0,22,29,1,05,2023,7,Monday,10,2023-07
JB001995,2023-06-06 11:37:00,BATTERY,Violent,REPORTED BATTERY INCIDENT,APARTMENT,0,1,1,47,47,08A,2023,6,Tuesday,11,2023-06
JB001996,2022-11-30 00:09:00,THEFT,Property,REPORTED THEFT INCIDENT,STREET,0,0,9,43,43,03,2022,11,Wednesday,0,2022-11
JB001997,2022-05-16 14:03:00,THEFT,Property,REPORTED THEFT INCIDENT,STREET,0,0,4,31,24,05,2022,5,Monday,14,2022-05
JB001998,2022-05-21 17:03:00,OTHER OFFENSE,Other,REPORTED OTHER OFFENSE INCIDENT,APARTMENT,0,0,25,45,30,07,2022,5,Saturday,17,2022-05
JB001999,2023-03-02 12:13:00,BURGLARY,Property,REPORTED BURGLARY INCIDENT,APARTMENT,0,0,9,1,68,14,2023,3,Thursday,12,2023-03
JB002000,2022-11-21 23:05:00,DECEPTIVE PRACTICE,Financial/Cyber,REPORTED DECEPTIVE PRACTICE INCIDENT,CTA TRAIN / STATION,0,0,6,11,49,08B,2022,11,Monday,23,2022-11
JB002001,2023-01-21 03:27:00,BATTERY,Violent,REPORTED BATTERY INCIDENT,RESIDENCE,0,0,7,14,26,26,2023,1,Saturday,3,2023-01
JB002002,2023-07-27 04:12:00,DECEPTIVE PRACTICE,Financial/Cyber,REPORTED DECEPTIVE PRACTICE INCIDENT,STREET,0,0,10,22,19,26,2023,7,Thursday,4,2023-07
JB002003,2022-09-13 17:23:00,ASSAULT,Violent,REPORTED ASSAULT INCIDENT,GROCERY FOOD STORE,0,0,6,1,54,26,2022,9,Tuesday,17,2022-09
JB002004,2023-03-25 03:20:00,OTHER OFFENSE,Other,REPORTED OTHER OFFENSE INCIDENT,STREET,0,0,12,42,32,11,2023,3,Saturday,3,2023-03
JB002005,2022-04-06 15:23:00,OTHER OFFENSE,Other,REPORTED OTHER OFFENSE INCIDENT,RESIDENCE,0,0,5,31,6,05,2022,4,Wednesday,15,2022-04
JB002006,2022-11-13 22:36:00,CRIMINAL DAMAGE,Property,REPORTED CRIMINAL DAMAGE INCIDENT,SIDEWALK,0,0,6,36,28,07,2022,11,Sunday,22,2022-11
JB002007,2023-07-26 04:55:00,ROBBERY,Violent,REPORTED ROBBERY INCIDENT,APARTMENT,1,0,14,50,76,03,2023,7,Wednesday,4,2023-07
JB002008,2022-10-02 20:55:00,CRIMINAL TRESPASS,Property,REPORTED CRIMINAL TRESPASS INCIDENT,RESIDENCE,1,0,12,22,59,18,2022,10,Sunday,20,2022-10
JB002009,2022-03-02 15:12:00,MOTOR VEHICLE THEFT,Property,REPORTED MOTOR VEHICLE THEFT INCIDENT,RESTAURANT,0,0,22,14,37,03,2022,3,Wednesday,15,2022-03
JB002010,2022-09-03 02:26:00,THEFT,Property,REPORTED THEFT INCIDENT,RESIDENCE,0,0,3,20,8,03,2022,9,Saturday,2,2022-09
JB002011,2022-09-28 21:56:00,NARCOTICS,Public Order,REPORTED NARCOTICS INCIDENT,APARTMENT,1,0,25,5,11,07,2022,9,Wednesday,21,2022-09
JB002012,2023-01-19 04:33:00,BATTERY,Violent,REPORTED BATTERY INCIDENT,RESIDENCE,0,0,1,32,64,07,2023,1,Thursday,4,2023-01
JB002013,2022-06-27 03:19:00,THEFT,Property,REPORTED THEFT INCIDENT,APARTMENT,0,0,16,38,36,18,2022,6,Monday,3,2022-06
JB002014,2022-09-11 04:17:00,CRIMINAL TRESPASS,Property,REPORTED CRIMINAL TRESPASS INCIDENT,STREET,0,0,4,4,26,11,2022,9,Sunday,4,2022-09
JB002015,2023-11-13 12:58:00,THEFT,Property,REPORTED THEFT INCIDENT,STREET,0,0,12,21,70,08A,2023,11,Monday,12,2023-11
JB002016,2023-05-10 01:00:00,CRIMINAL DAMAGE,Property,REPORTED CRIMINAL DAMAGE INCIDENT,RESIDENCE,0,0,11,47,59,14,2023,5,Wednesday,1,2023-05
JB002017,2023-09-09 13:22:00,BATTERY,Violent,REPORTED BATTERY INCIDENT,COMMERCIAL / BUSINESS OFFICE,1,0,15,2,40,03,2023,9,Saturday,13,2023-09
JB002018,2022-11-27 05:32:00,BATTERY,Violent,REPORTED BATTERY INCIDENT,RESIDENCE,0,1,11,48,16,18,2022,11,Sunday,5,2022-11
JB002019,2023-10-04 00:52:00,ASSAULT,Violent,REPORTED ASSAULT INCIDENT,SIDEWALK,0,0,5,8,63,11,2023,10,Wednesday,0,2023-10
JB002020,2022-09-04 20:54:00,BATTERY,Violent,REPORTED BATTERY INCIDENT,STREET,0,0,17,4,35,14,2022,9,Sunday,20,2022-09
JB002021,2022-03-03 02:29:00,BATTERY,Violent,REPORTED BATTERY INCIDENT,APARTMENT,0,0,9,8,10,06,2022,3,Thursday,2,2022-03
JB002022,2023-12-27 21:11:00,MOTOR VEHICLE THEFT,Property,REPORTED MOTOR VEHICLE THEFT INCIDENT,RESIDENCE,0,0,8,43,47,06,2023,12,Wednesday,21,2023-12
JB002023,2023-03-23 03:50:00,THEFT,Property,REPORTED THEFT INCIDENT,GROCERY FOOD STORE,0,0,16,27,30,08B,2023,3,Thursday,3,2023-03
JB002024,2023-12-18 21:17:00,THEFT,Property,REPORTED THEFT INCIDENT,PARKING LOT / GARAGE,0,0,5,20,36,18,2023,12,Monday,21,2023-12
JB002025,2023-01-30 02:36:00,BATTERY,Violent,REPORTED BATTERY INCIDENT,STREET,1,0,15,34,19,08A,2023,1,Monday,2,2023-01
JB002026,2023-05-10 09:31:00,THEFT,Property,REPORTED THEFT INCIDENT,APARTMENT,0,0,24,21,21,14,2023,5,Wednesday,9,2023-05
JB002027,2022-03-23 04:47:00,WEAPONS VIOLATION,Public Safety,REPORTED WEAPONS VIOLATION INCIDENT,STREET,1,0,17,36,52,03,2022,3,Wednesday,4,2022-03
JB002028,2023-11-16 18:42:00,CRIMINAL DAMAGE,Property,REPORTED CRIMINAL DAMAGE INCIDENT,STREET,0,0,5,13,66,11,2023,11,Thursday,18,2023-11
JB002029,2022-06-06 00:23:00,CRIMINAL DAMAGE,Property,REPORTED CRIMINAL DAMAGE INCIDENT,STREET,0,0,18,15,29,03,2022,6,Monday,0,2022-06
JB002030,2023-03-28 09:59:00,BATTERY,Violent,REPORTED BATTERY INCIDENT,STREET,0,0,25,8,52,11,2023,3,Tuesday,9,2023-03
JB002031,2022-11-20 04:39:00,ASSAULT,Violent,REPORTED ASSAULT INCIDENT,RESIDENCE,0,0,6,9,69,08A,2022,11,Sunday,4,2022-11
JB002032,2023-06-11 23:31:00,BURGLARY,Property,REPORTED BURGLARY INCIDENT,SMALL RETAIL STORE,0,0,7,26,2,07,2023,6,Sunday,23,2023-06
JB002033,2023-02-07 02:32:00,BATTERY,Violent,REPORTED BATTERY INCIDENT,APARTMENT,0,1,17,5,32,26,2023,2,Tuesday,2,2023-02
JB002034,2022-09-04 16:38:00,WEAPONS VIOLATION,Public Safety,REPORTED WEAPONS VIOLATION INCIDENT,STREET,0,0,7,37,38,08A,2022,9,Sunday,16,2022-09
JB002035,2023-03-26 05:54:00,CRIMINAL DAMAGE,Property,REPORTED CRIMINAL DAMAGE INCIDENT,APARTMENT,0,0,14,34,68,08A,2023,3,Sunday,5,2023-03
JB002036,2023-10-20 18:03:00,BATTERY,Violent,REPORTED BATTERY INCIDENT,STREET,0,0,8,34,49,05,2023,10,Friday,18,2023-10
JB002037,2023-04-29 08:45:00,NARCOTICS,Public Order,REPORTED NARCOTICS INCIDENT,APARTMENT,1,0,15,21,34,11,2023,4,Saturday,8,2023-04
JB002038,2022-09-19 11:07:00,THEFT,Property,REPORTED THEFT INCIDENT,COMMERCIAL / BUSINESS OFFICE,0,0,1,20,65,08A,2022,9,Monday,11,2022-09
JB002039,2022-11-18 06:43:00,BATTERY,Violent,REPORTED BATTERY INCIDENT,APARTMENT,0,1,14,49,6,05,2022,11,Friday,6,2022-11
JB002040,2023-12-29 23:01:00,THEFT,Property,REPORTED THEFT INCIDENT,RESIDENCE,0,0,4,50,22,08A,2023,12,Friday,23,2023-12
JB002041,2023-01-17 06:32:00,OTHER OFFENSE,Other,REPORTED OTHER OFFENSE INCIDENT,SIDEWALK,0,0,16,15,55,14,2023,1,Tuesday,6,2023-01
JB002042,2023-03-12 05:52:00,NARCOTICS,Public Order,REPORTED NARCOTICS INCIDENT,STREET,1,0,7,27,26,03,2023,3,Sunday,5,2023-03
JB002043,2023-07-26 01:55:00,NARCOTICS,Public Order,REPORTED NARCOTICS INCIDENT,APARTMENT,1,0,11,39,3,06,2023,7,Wednesday,1,2023-07
JB002044,2023-02-10 00:27:00,WEAPONS VIOLATION,Public Safety,REPORTED WEAPONS VIOLATION INCIDENT,STREET,1,0,24,42,76,18,2023,2,Friday,0,2023-02
JB002045,2023-12-11 22:30:00,OTHER OFFENSE,Other,REPORTED OTHER OFFENSE INCIDENT,STREET,0,0,8,24,34,11,2023,12,Monday,22,2023-12
JB002046,2022-07-14 22:54:00,THEFT,Property,REPORTED THEFT INCIDENT,STREET,0,0,10,14,64,26,2022,7,Thursday,22,2022-07
JB002047,2023-04-24 15:07:00,BURGLARY,Property,REPORTED BURGLARY INCIDENT,STREET,0,0,7,23,32,18,2023,4,Monday,15,2023-04
JB002048,2023-04-10 20:05:00,DECEPTIVE PRACTICE,Financial/Cyber,REPORTED DECEPTIVE PRACTICE INCIDENT,STREET,0,0,24,30,53,18,2023,4,Monday,20,2023-04
JB002049,2023-03-05 06:44:00,ROBBERY,Violent,REPORTED ROBBERY INCIDENT,STREET,0,0,12,18,24,11,2023,3,Sunday,6,2023-03
JB002050,2023-04-08 13:57:00,WEAPONS VIOLATION,Public Safety,REPORTED WEAPONS VIOLATION INCIDENT,COMMERCIAL / BUSINESS OFFICE,0,0,20,48,71,03,2023,4,Saturday,13,2023-04
JB002051,2022-04-18 18:24:00,CRIMINAL DAMAGE,Property,REPORTED CRIMINAL DAMAGE INCIDENT,RESIDENCE,0,0,3,1,2,18,2022,4,Monday,18,2022-04
JB002052,2022-08-15 09:32:00,OTHER OFFENSE,Other,REPORTED OTHER OFFENSE INCIDENT,COMMERCIAL / BUSINESS OFFICE,0,0,22,33,68,08B,2022,8,Monday,9,2022-08
JB002053,2023-12-01 12:55:00,BATTERY,Violent,REPORTED BATTERY INCIDENT,STREET,1,0,1,26,2,05,2023,12,Friday,12,2023-12
JB002054,2023-03-19 20:35:00,THEFT,Property,REPORTED THEFT INCIDENT,COMMERCIAL / BUSINESS OFFICE,0,0,2,28,62,08A,2023,3,Sunday,20,2023-03
JB002055,2022-09-03 06:04:00,ASSAULT,Violent,REPORTED ASSAULT INCIDENT,STREET,0,1,6,21,55,14,2022,9,Saturday,6,2022-09
JB002056,2022-01-31 06:50:00,THEFT,Property,REPORTED THEFT INCIDENT,STREET,0,0,11,42,21,14,2022,1,Monday,6,2022-01
JB002057,2022-01-10 16:54:00,CRIMINAL DAMAGE,Property,REPORTED CRIMINAL DAMAGE INCIDENT,RESIDENCE,0,0,2,28,49,11,2022,1,Monday,16,2022-01
JB002058,2022-05-22 06:22:00,NARCOTICS,Public Order,REPORTED NARCOTICS INCIDENT,APARTMENT,1,0,25,12,48,06,2022,5,Sunday,6,2022-05
JB002059,2022-08-18 08:20:00,BURGLARY,Property,REPORTED BURGLARY INCIDENT,RESIDENCE,0,0,3,29,30,26,2022,8,Thursday,8,2022-08
JB002060,2022-05-16 15:59:00,THEFT,Property,REPORTED THEFT INCIDENT,APARTMENT,0,0,1,35,12,07,2022,5,Monday,15,2022-05
JB002061,2022-01-23 15:48:00,BATTERY,Violent,REPORTED BATTERY INCIDENT,APARTMENT,0,1,8,6,76,06,2022,1,Sunday,15,2022-01
JB002062,2022-03-05 04:40:00,ROBBERY,Violent,REPORTED ROBBERY INCIDENT,RESIDENCE,0,0,6,7,41,08B,2022,3,Saturday,4,2022-03
JB002063,2022-03-05 07:27:00,THEFT,Property,REPORTED THEFT INCIDENT,RESIDENCE,0,0,5,40,72,08B,2022,3,Saturday,7,2022-03
JB002064,2022-05-23 14:19:00,BURGLARY,Property,REPORTED BURGLARY INCIDENT,APARTMENT,0,0,16,31,24,08B,2022,5,Monday,14,2022-05
JB002065,2023-08-12 15:10:00,WEAPONS VIOLATION,Public Safety,REPORTED WEAPONS VIOLATION INCIDENT,GROCERY FOOD STORE,1,0,9,28,43,07,2023,8,Saturday,15,2023-08
JB002066,2023-04-13 11:02:00,THEFT,Property,REPORTED THEFT INCIDENT,RESIDENCE,0,0,16,37,47,08B,2023,4,Thursday,11,2023-04
JB002067,2023-06-07 04:57:00,BATTERY,Violent,REPORTED BATTERY INCIDENT,STREET,0,1,20,11,59,26,2023,6,Wednesday,4,2023-06
JB002068,2023-02-10 19:01:00,THEFT,Property,REPORTED THEFT INCIDENT,RESTAURANT,0,0,17,24,16,05,2023,2,Friday,19,2023-02
JB002069,2022-06-25 13:31:00,NARCOTICS,Public Order,REPORTED NARCOTICS INCIDENT,COMMERCIAL / BUSINESS OFFICE,1,0,6,21,65,26,2022,6,Saturday,13,2022-06
JB002070,2022-10-09 10:27:00,CRIMINAL DAMAGE,Property,REPORTED CRIMINAL DAMAGE INCIDENT,STREET,0,0,17,22,39,07,2022,10,Sunday,10,2022-10
JB002071,2023-02-18 23:52:00,ASSAULT,Violent,REPORTED ASSAULT INCIDENT,PARKING LOT / GARAGE,0,1,2,9,67,11,2023,2,Saturday,23,2023-02
JB002072,2022-05-28 08:55:00,NARCOTICS,Public Order,REPORTED NARCOTICS INCIDENT,SMALL RETAIL STORE,1,0,10,11,14,03,2022,5,Saturday,8,2022-05
JB002073,2023-10-16 18:45:00,CRIMINAL DAMAGE,Property,REPORTED CRIMINAL DAMAGE INCIDENT,RESTAURANT,0,0,15,11,16,26,2023,10,Monday,18,2023-10
JB002074,2023-01-23 17:11:00,THEFT,Property,REPORTED THEFT INCIDENT,SMALL RETAIL STORE,0,0,20,48,50,14,2023,1,Monday,17,2023-01
JB002075,2022-12-30 20:32:00,THEFT,Property,REPORTED THEFT INCIDENT,RESTAURANT,0,0,22,25,64,03,2022,12,Friday,20,2022-12
JB002076,2022-10-05 17:07:00,ASSAULT,Violent,REPORTED ASSAULT INCIDENT,PARKING LOT / GARAGE,0,1,4,9,5,11,2022,10,Wednesday,17,2022-10
JB002077,2023-12-14 17:36:00,THEFT,Property,REPORTED THEFT INCIDENT,SMALL RETAIL STORE,1,0,9,7,48,08A,2023,12,Thursday,17,2023-12
JB002078,2022-03-18 06:05:00,THEFT,Property,REPORTED THEFT INCIDENT,RESIDENCE,0,0,20,49,63,08B,2022,3,Friday,6,2022-03
JB002079,2023-10-05 02:54:00,ROBBERY,Violent,REPORTED ROBBERY INCIDENT,RESIDENCE,1,0,6,17,12,14,2023,10,Thursday,2,2023-10
JB002080,2022-07-08 23:33:00,ROBBERY,Violent,REPORTED ROBBERY INCIDENT,RESIDENCE,0,0,12,31,44,08B,2022,7,Friday,23,2022-07
JB002081,2022-03-03 12:51:00,BATTERY,Violent,REPORTED BATTERY INCIDENT,COMMERCIAL / BUSINESS OFFICE,0,1,2,19,17,03,2022,3,Thursday,12,2022-03
JB002082,2022-06-12 02:14:00,CRIMINAL TRESPASS,Property,REPORTED CRIMINAL TRESPASS INCIDENT,RESIDENCE,0,0,11,20,69,07,2022,6,Sunday,2,2022-06
JB002083,2023-11-12 17:42:00,BURGLARY,Property,REPORTED BURGLARY INCIDENT,CTA TRAIN / STATION,0,0,10,29,17,07,2023,11,Sunday,17,2023-11
JB002084,2022-11-28 21:52:00,THEFT,Property,REPORTED THEFT INCIDENT,STREET,0,0,2,11,32,05,2022,11,Monday,21,2022-11
JB002085,2022-05-16 14:42:00,BATTERY,Violent,REPORTED BATTERY INCIDENT,APARTMENT,0,0,22,7,46,05,2022,5,Monday,14,2022-05
JB002086,2023-03-26 23:08:00,DECEPTIVE PRACTICE,Financial/Cyber,REPORTED DECEPTIVE PRACTICE INCIDENT,STREET,0,0,5,37,28,05,2023,3,Sunday,23,2023-03
JB002087,2022-05-13 09:07:00,CRIMINAL TRESPASS,Property,REPORTED CRIMINAL TRESPASS INCIDENT,RESIDENCE,0,0,20,1,12,11,2022,5,Friday,9,2022-05
JB002088,2022-09-07 13:58:00,ASSAULT,Violent,REPORTED ASSAULT INCIDENT,RESIDENCE,0,1,8,12,49,11,2022,9,Wednesday,13,2022-09
JB002089,2023-12-09 11:36:00,CRIMINAL DAMAGE,Property,REPORTED CRIMINAL DAMAGE INCIDENT,GROCERY FOOD STORE,0,0,19,2,52,11,2023,12,Saturday,11,2023-12
JB002090,2023-09-24 05:35:00,CRIMINAL DAMAGE,Property,REPORTED CRIMINAL DAMAGE INCIDENT,STREET,0,0,14,8,34,05,2023,9,Sunday,5,2023-09
JB002091,2023-03-23 15:04:00,ROBBERY,Violent,REPORTED ROBBERY INCIDENT,SMALL RETAIL STORE,0,0,22,16,39,14,2023,3,Thursday,15,2023-03
JB002092,2022-09-25 20:46:00,BATTERY,Violent,REPORTED BATTERY INCIDENT,STREET,1,0,12,46,62,18,2022,9,Sunday,20,2022-09
JB002093,2022-08-12 02:17:00,THEFT,Property,REPORTED THEFT INCIDENT,STREET,0,0,8,10,64,26,2022,8,Friday,2,2022-08
JB002094,2022-11-07 21:32:00,ASSAULT,Violent,REPORTED ASSAULT INCIDENT,APARTMENT,0,0,8,47,66,03,2022,11,Monday,21,2022-11
JB002095,2022-02-14 18:02:00,ASSAULT,Violent,REPORTED ASSAULT INCIDENT,SIDEWALK,0,1,12,20,44,05,2022,2,Monday,18,2022-02
JB002096,2023-09-06 13:42:00,ASSAULT,Violent,REPORTED ASSAULT INCIDENT,APARTMENT,0,0,24,4,24,03,2023,9,Wednesday,13,2023-09
JB002097,2023-01-25 08:57:00,BATTERY,Violent,REPORTED BATTERY INCIDENT,STREET,0,1,16,26,6,06,2023,1,Wednesday,8,2023-01
JB002098,2022-03-23 09:42:00,ASSAULT,Violent,REPORTED ASSAULT INCIDENT,APARTMENT,0,1,6,42,19,26,2022,3,Wednesday,9,2022-03
JB002099,2022-09-27 20:00:00,CRIMINAL DAMAGE,Property,REPORTED CRIMINAL DAMAGE INCIDENT,STREET,0,0,11,44,33,11,2022,9,Tuesday,20,2022-09
JB002100,2022-05-23 16:49:00,THEFT,Property,REPORTED THEFT INCIDENT,STREET,0,0,4,46,70,03,2022,5,Monday,16,2022-05
JB002101,2023-01-14 08:43:00,BURGLARY,Property,REPORTED BURGLARY INCIDENT,STREET,0,0,3,27,45,08A,2023,1,Saturday,8,2023-01
JB002102,2022-07-28 00:51:00,THEFT,Property,REPORTED THEFT INCIDENT,PARKING LOT / GARAGE,0,0,19,6,26,08B,2022,7,Thursday,0,2022-07
JB002103,2023-12-20 11:36:00,THEFT,Property,REPORTED THEFT INCIDENT,SIDEWALK,0,0,15,37,62,26,2023,12,Wednesday,11,2023-12
JB002104,2023-05-17 01:44:00,THEFT,Property,REPORTED THEFT INCIDENT,STREET,0,0,1,42,12,05,2023,5,Wednesday,1,2023-05
JB002105,2022-03-10 06:15:00,ROBBERY,Violent,REPORTED ROBBERY INCIDENT,RESIDENCE,0,0,11,5,44,26,2022,3,Thursday,6,2022-03
JB002106,2023-01-16 14:00:00,WEAPONS VIOLATION,Public Safety,REPORTED WEAPONS VIOLATION INCIDENT,STREET,1,0,22,23,70,05,2023,1,Monday,14,2023-01
JB002107,2023-07-27 02:33:00,MOTOR VEHICLE THEFT,Property,REPORTED MOTOR VEHICLE THEFT INCIDENT,APARTMENT,0,0,16,42,21,05,2023,7,Thursday,2,2023-07
JB002108,2022-05-17 13:46:00,THEFT,Property,REPORTED THEFT INCIDENT,CTA TRAIN / STATION,0,0,10,38,1,07,2022,5,Tuesday,13,2022-05
JB002109,2022-04-18 08:01:00,OTHER OFFENSE,Other,REPORTED OTHER OFFENSE INCIDENT,STREET,0,0,4,48,15,08A,2022,4,Monday,8,2022-04
JB002110,2022-08-29 04:14:00,DECEPTIVE PRACTICE,Financial/Cyber,REPORTED DECEPTIVE PRACTICE INCIDENT,RESIDENCE,0,0,6,22,10,08A,2022,8,Monday,4,2022-08
JB002111,2023-12-20 13:48:00,THEFT,Property,REPORTED THEFT INCIDENT,RESIDENCE,1,0,15,50,12,07,2023,12,Wednesday,13,2023-12
JB002112,2023-05-01 10:32:00,CRIMINAL DAMAGE,Property,REPORTED CRIMINAL DAMAGE INCIDENT,APARTMENT,0,0,15,33,73,05,2023,5,Monday,10,2023-05
JB002113,2022-03-27 14:21:00,BATTERY,Violent,REPORTED BATTERY INCIDENT,STREET,0,0,10,15,17,26,2022,3,Sunday,14,2022-03
JB002114,2023-08-15 12:41:00,OTHER OFFENSE,Other,REPORTED OTHER OFFENSE INCIDENT,SMALL RETAIL STORE,0,0,24,13,9,26,2023,8,Tuesday,12,2023-08
JB002115,2023-06-19 19:54:00,THEFT,Property,REPORTED THEFT INCIDENT,RESIDENCE,0,0,25,44,11,08B,2023,6,Monday,19,2023-06
JB002116,2022-09-03 23:11:00,THEFT,Property,REPORTED THEFT INCIDENT,APARTMENT,0,0,2,31,23,14,2022,9,Saturday,23,2022-09
JB002117,2022-02-13 15:35:00,THEFT,Property,REPORTED THEFT INCIDENT,STREET,0,0,6,12,38,18,2022,2,Sunday,15,2022-02
JB002118,2022-02-02 10:19:00,ASSAULT,Violent,REPORTED ASSAULT INCIDENT,RESIDENCE,0,0,20,30,28,06,2022,2,Wednesday,10,2022-02
JB002119,2022-02-27 08:19:00,CRIMINAL DAMAGE,Property,REPORTED CRIMINAL DAMAGE INCIDENT,CTA TRAIN / STATION,0,0,15,17,65,18,2022,2,Sunday,8,2022-02
JB002120,2023-03-23 17:54:00,CRIMINAL DAMAGE,Property,REPORTED CRIMINAL DAMAGE INCIDENT,APARTMENT,0,0,2,45,24,08A,2023,3,Thursday,17,2023-03
JB002121,2022-07-16 10:34:00,OTHER OFFENSE,Other,REPORTED OTHER OFFENSE INCIDENT,RESTAURANT,0,0,11,38,52,18,2022,7,Saturday,10,2022-07
JB002122,2022-04-29 01:35:00,BATTERY,Violent,REPORTED BATTERY INCIDENT,STREET,0,0,12,7,42,03,2022,4,Friday,1,2022-04
JB002123,2023-02-08 18:47:00,BATTERY,Violent,REPORTED BATTERY INCIDENT,RESTAURANT,0,0,14,36,13,03,2023,2,Wednesday,18,2023-02
JB002124,2023-11-19 09:23:00,CRIMINAL TRESPASS,Property,REPORTED CRIMINAL TRESPASS INCIDENT,SIDEWALK,0,0,20,31,30,03,2023,11,Sunday,9,2023-11
JB002125,2022-06-07 05:08:00,ASSAULT,Violent,REPORTED ASSAULT INCIDENT,RESIDENCE,0,1,8,40,47,06,2022,6,Tuesday,5,2022-06
JB002126,2023-06-12 13:49:00,BATTERY,Violent,REPORTED BATTERY INCIDENT,STREET,0,1,5,15,17,05,2023,6,Monday,13,2023-06
JB002127,2022-08-30 11:41:00,ROBBERY,Violent,REPORTED ROBBERY INCIDENT,APARTMENT,0,0,10,16,30,07,2022,8,Tuesday,11,2022-08
JB002128,2022-11-21 01:30:00,THEFT,Property,REPORTED THEFT INCIDENT,APARTMENT,0,0,16,36,69,08B,2022,11,Monday,1,2022-11
JB002129,2023-08-27 14:25:00,NARCOTICS,Public Order,REPORTED NARCOTICS INCIDENT,APARTMENT,1,0,10,13,30,18,2023,8,Sunday,14,2023-08
JB002130,2023-05-05 15:23:00,MOTOR VEHICLE THEFT,Property,REPORTED MOTOR VEHICLE THEFT INCIDENT,RESIDENCE,0,0,17,33,25,07,2023,5,Friday,15,2023-05
JB002131,2022-02-08 13:46:00,THEFT,Property,REPORTED THEFT INCIDENT,APARTMENT,0,0,18,42,15,06,2022,2,Tuesday,13,2022-02
JB002132,2023-12-28 06:20:00,MOTOR VEHICLE THEFT,Property,REPORTED MOTOR VEHICLE THEFT INCIDENT,STREET,0,0,17,25,24,07,2023,12,Thursday,6,2023-12
JB002133,2022-04-09 10:01:00,OTHER OFFENSE,Other,REPORTED OTHER OFFENSE INCIDENT,STREET,0,0,12,15,23,03,2022,4,Saturday,10,2022-04
JB002134,2023-12-30 03:22:00,CRIMINAL TRESPASS,Property,REPORTED CRIMINAL TRESPASS INCIDENT,STREET,1,0,18,11,24,05,2023,12,Saturday,3,2023-12
JB002135,2023-01-30 18:08:00,THEFT,Property,REPORTED THEFT INCIDENT,CTA TRAIN / STATION,1,0,10,28,43,08B,2023,1,Monday,18,2023-01
JB002136,2023-11-19 03:06:00,MOTOR VEHICLE THEFT,Property,REPORTED MOTOR VEHICLE THEFT INCIDENT,SMALL RETAIL STORE,0,0,18,21,75,08B,2023,11,Sunday,3,2023-11
JB002137,2023-04-30 21:47:00,CRIMINAL DAMAGE,Property,REPORTED CRIMINAL DAMAGE INCIDENT,RESIDENCE,1,0,2,17,64,11,2023,4,Sunday,21,2023-04
JB002138,2022-05-16 14:20:00,BATTERY,Violent,REPORTED BATTERY INCIDENT,RESIDENCE,0,0,12,49,63,18,2022,5,Monday,14,2022-05
JB002139,2022-11-09 18:19:00,THEFT,Property,REPORTED THEFT INCIDENT,STREET,0,0,5,22,65,06,2022,11,Wednesday,18,2022-11
JB002140,2022-07-21 06:42:00,NARCOTICS,Public Order,REPORTED NARCOTICS INCIDENT,PARKING LOT / GARAGE,1,0,5,43,64,14,2022,7,Thursday,6,2022-07
JB002141,2023-01-02 08:17:00,DECEPTIVE PRACTICE,Financial/Cyber,REPORTED DECEPTIVE PRACTICE INCIDENT,APARTMENT,0,0,14,26,77,06,2023,1,Monday,8,2023-01
JB002142,2023-10-25 19:35:00,OTHER OFFENSE,Other,REPORTED OTHER OFFENSE INCIDENT,STREET,0,0,6,43,31,06,2023,10,Wednesday,19,2023-10
JB002143,2023-03-25 02:07:00,CRIMINAL DAMAGE,Property,REPORTED CRIMINAL DAMAGE INCIDENT,RESTAURANT,0,0,10,21,11,18,2023,3,Saturday,2,2023-03
JB002144,2022-09-06 19:16:00,ASSAULT,Violent,REPORTED ASSAULT INCIDENT,APARTMENT,0,0,9,20,9,11,2022,9,Tuesday,19,2022-09
JB002145,2022-02-24 12:20:00,DECEPTIVE PRACTICE,Financial/Cyber,REPORTED DECEPTIVE PRACTICE INCIDENT,STREET,0,0,17,27,75,26,2022,2,Thursday,12,2022-02
JB002146,2022-08-30 23:07:00,THEFT,Property,REPORTED THEFT INCIDENT,RESIDENCE,1,0,2,40,48,18,2022,8,Tuesday,23,2022-08
JB002147,2022-09-25 15:15:00,ROBBERY,Violent,REPORTED ROBBERY INCIDENT,STREET,0,0,11,48,59,26,2022,9,Sunday,15,2022-09
JB002148,2023-02-06 06:28:00,BURGLARY,Property,REPORTED BURGLARY INCIDENT,STREET,0,0,8,14,52,07,2023,2,Monday,6,2023-02
JB002149,2023-08-11 15:18:00,BATTERY,Violent,REPORTED BATTERY INCIDENT,SMALL RETAIL STORE,0,0,17,12,31,05,2023,8,Friday,15,2023-08
JB002150,2022-10-20 09:03:00,ASSAULT,Violent,REPORTED ASSAULT INCIDENT,STREET,0,0,5,48,47,07,2022,10,Thursday,9,2022-10
JB002151,2023-04-22 22:21:00,WEAPONS VIOLATION,Public Safety,REPORTED WEAPONS VIOLATION INCIDENT,RESIDENCE,1,0,6,38,19,18,2023,4,Saturday,22,2023-04
JB002152,2023-08-09 20:17:00,CRIMINAL DAMAGE,Property,REPORTED CRIMINAL DAMAGE INCIDENT,STREET,0,0,6,24,62,03,2023,8,Wednesday,20,2023-08
JB002153,2023-01-25 19:39:00,THEFT,Property,REPORTED THEFT INCIDENT,APARTMENT,0,0,10,32,22,06,2023,1,Wednesday,19,2023-01
JB002154,2022-05-17 23:15:00,BATTERY,Violent,REPORTED BATTERY INCIDENT,STREET,1,1,17,12,44,11,2022,5,Tuesday,23,2022-05
JB002155,2023-06-26 18:14:00,BATTERY,Violent,REPORTED BATTERY INCIDENT,STREET,0,0,12,14,17,07,2023,6,Monday,18,2023-06
JB002156,2022-02-18 21:07:00,OTHER OFFENSE,Other,REPORTED OTHER OFFENSE INCIDENT,RESIDENCE,0,0,9,24,59,11,2022,2,Friday,21,2022-02
JB002157,2022-11-21 02:35:00,CRIMINAL DAMAGE,Property,REPORTED CRIMINAL DAMAGE INCIDENT,STREET,0,0,1,29,47,05,2022,11,Monday,2,2022-11
JB002158,2023-03-09 07:16:00,BATTERY,Violent,REPORTED BATTERY INCIDENT,APARTMENT,0,0,16,9,47,08A,2023,3,Thursday,7,2023-03
JB002159,2022-11-22 04:25:00,BATTERY,Violent,REPORTED BATTERY INCIDENT,PARKING LOT / GARAGE,0,0,8,21,13,11,2022,11,Tuesday,4,2022-11
JB002160,2023-03-08 14:32:00,BATTERY,Violent,REPORTED BATTERY INCIDENT,SIDEWALK,0,0,14,16,32,08B,2023,3,Wednesday,14,2023-03
JB002161,2023-10-16 23:28:00,DECEPTIVE PRACTICE,Financial/Cyber,REPORTED DECEPTIVE PRACTICE INCIDENT,STREET,0,0,7,38,23,08B,2023,10,Monday,23,2023-10
JB002162,2023-10-13 18:11:00,BATTERY,Violent,REPORTED BATTERY INCIDENT,STREET,0,0,11,44,62,03,2023,10,Friday,18,2023-10
JB002163,2023-03-08 08:13:00,ROBBERY,Violent,REPORTED ROBBERY INCIDENT,PARKING LOT / GARAGE,0,0,1,47,36,08B,2023,3,Wednesday,8,2023-03
JB002164,2022-06-07 15:15:00,CRIMINAL DAMAGE,Property,REPORTED CRIMINAL DAMAGE INCIDENT,PARKING LOT / GARAGE,0,0,3,31,9,03,2022,6,Tuesday,15,2022-06
JB002165,2022-02-13 17:32:00,CRIMINAL DAMAGE,Property,REPORTED CRIMINAL DAMAGE INCIDENT,PARKING LOT / GARAGE,0,0,3,21,18,05,2022,2,Sunday,17,2022-02
JB002166,2023-08-14 14:02:00,THEFT,Property,REPORTED THEFT INCIDENT,APARTMENT,1,0,20,29,16,11,2023,8,Monday,14,2023-08
JB002167,2022-11-08 11:49:00,THEFT,Property,REPORTED THEFT INCIDENT,SMALL RETAIL STORE,0,0,1,43,53,14,2022,11,Tuesday,11,2022-11
JB002168,2023-04-06 16:03:00,BATTERY,Violent,REPORTED BATTERY INCIDENT,SIDEWALK,0,0,20,4,2,08A,2023,4,Thursday,16,2023-04
JB002169,2022-12-15 00:27:00,THEFT,Property,REPORTED THEFT INCIDENT,STREET,1,0,10,6,63,07,2022,12,Thursday,0,2022-12
JB002170,2022-05-12 14:46:00,THEFT,Property,REPORTED THEFT INCIDENT,APARTMENT,0,0,20,21,55,05,2022,5,Thursday,14,2022-05
JB002171,2023-05-28 12:07:00,DECEPTIVE PRACTICE,Financial/Cyber,REPORTED DECEPTIVE PRACTICE INCIDENT,STREET,0,0,6,15,47,26,2023,5,Sunday,12,2023-05
JB002172,2023-11-28 16:14:00,DECEPTIVE PRACTICE,Financial/Cyber,REPORTED DECEPTIVE PRACTICE INCIDENT,APARTMENT,0,0,6,33,56,11,2023,11,Tuesday,16,2023-11
JB002173,2023-11-11 12:40:00,THEFT,Property,REPORTED THEFT INCIDENT,CTA TRAIN / STATION,0,0,3,17,57,18,2023,11,Saturday,12,2023-11
JB002174,2022-11-17 06:52:00,BATTERY,Violent,REPORTED BATTERY INCIDENT,APARTMENT,0,0,14,44,53,06,2022,11,Thursday,6,2022-11
JB002175,2022-01-04 11:28:00,BATTERY,Violent,REPORTED BATTERY INCIDENT,RESTAURANT,0,0,1,44,47,26,2022,1,Tuesday,11,2022-01
JB002176,2023-04-18 06:26:00,THEFT,Property,REPORTED THEFT INCIDENT,STREET,0,0,24,25,12,07,2023,4,Tuesday,6,2023-04
JB002177,2023-07-04 19:25:00,ROBBERY,Violent,REPORTED ROBBERY INCIDENT,SIDEWALK,0,0,4,35,7,08B,2023,7,Tuesday,19,2023-07
JB002178,2022-01-18 12:27:00,BATTERY,Violent,REPORTED BATTERY INCIDENT,SIDEWALK,1,1,7,26,52,06,2022,1,Tuesday,12,2022-01
JB002179,2022-09-30 13:37:00,CRIMINAL DAMAGE,Property,REPORTED CRIMINAL DAMAGE INCIDENT,STREET,0,0,25,43,30,18,2022,9,Friday,13,2022-09
JB002180,2022-03-26 09:13:00,CRIMINAL DAMAGE,Property,REPORTED CRIMINAL DAMAGE INCIDENT,COMMERCIAL / BUSINESS OFFICE,0,0,14,11,70,26,2022,3,Saturday,9,2022-03
JB002181,2022-10-02 12:20:00,MOTOR VEHICLE THEFT,Property,REPORTED MOTOR VEHICLE THEFT INCIDENT,STREET,0,0,19,25,48,18,2022,10,Sunday,12,2022-10
JB002182,2022-07-11 16:20:00,THEFT,Property,REPORTED THEFT INCIDENT,RESIDENCE,0,0,12,35,34,11,2022,7,Monday,16,2022-07
JB002183,2023-11-18 00:49:00,BURGLARY,Property,REPORTED BURGLARY INCIDENT,PARKING LOT / GARAGE,0,0,6,16,77,05,2023,11,Saturday,0,2023-11
JB002184,2023-05-27 03:37:00,BATTERY,Violent,REPORTED BATTERY INCIDENT,GROCERY FOOD STORE,0,0,12,37,16,06,2023,5,Saturday,3,2023-05
JB002185,2023-05-27 11:24:00,DECEPTIVE PRACTICE,Financial/Cyber,REPORTED DECEPTIVE PRACTICE INCIDENT,APARTMENT,0,0,7,25,32,14,2023,5,Saturday,11,2023-05
JB002186,2022-01-13 21:24:00,NARCOTICS,Public Order,REPORTED NARCOTICS INCIDENT,SIDEWALK,1,0,3,20,6,11,2022,1,Thursday,21,2022-01
JB002187,2023-03-25 07:59:00,WEAPONS VIOLATION,Public Safety,REPORTED WEAPONS VIOLATION INCIDENT,SMALL RETAIL STORE,1,0,8,22,15,08A,2023,3,Saturday,7,2023-03
JB002188,2023-04-16 00:52:00,MOTOR VEHICLE THEFT,Property,REPORTED MOTOR VEHICLE THEFT INCIDENT,RESIDENCE,0,0,2,39,39,11,2023,4,Sunday,0,2023-04
JB002189,2022-05-10 12:36:00,DECEPTIVE PRACTICE,Financial/Cyber,REPORTED DECEPTIVE PRACTICE INCIDENT,RESIDENCE,0,0,1,38,21,06,2022,5,Tuesday,12,2022-05
JB002190,2023-03-22 01:07:00,CRIMINAL DAMAGE,Property,REPORTED CRIMINAL DAMAGE INCIDENT,STREET,0,0,4,6,76,07,2023,3,Wednesday,1,2023-03
JB002191,2022-02-25 10:58:00,BATTERY,Violent,REPORTED BATTERY INCIDENT,RESIDENCE,1,1,5,12,1,05,2022,2,Friday,10,2022-02
JB002192,2023-08-10 00:18:00,ROBBERY,Violent,REPORTED ROBBERY INCIDENT,SIDEWALK,0,0,18,16,56,26,2023,8,Thursday,0,2023-08
JB002193,2022-05-09 05:00:00,THEFT,Property,REPORTED THEFT INCIDENT,RESIDENCE,0,0,3,22,58,18,2022,5,Monday,5,2022-05
JB002194,2022-05-24 23:25:00,THEFT,Property,REPORTED THEFT INCIDENT,RESIDENCE,0,0,6,40,7,06,2022,5,Tuesday,23,2022-05
JB002195,2022-09-25 14:17:00,THEFT,Property,REPORTED THEFT INCIDENT,RESIDENCE,0,0,4,36,28,07,2022,9,Sunday,14,2022-09
JB002196,2023-06-16 18:02:00,ASSAULT,Violent,REPORTED ASSAULT INCIDENT,APARTMENT,1,0,11,11,6,08B,2023,6,Friday,18,2023-06
JB002197,2023-04-17 04:54:00,THEFT,Property,REPORTED THEFT INCIDENT,CTA TRAIN / STATION,0,0,10,30,60,14,2023,4,Monday,4,2023-04
JB002198,2023-03-18 07:29:00,CRIMINAL DAMAGE,Property,REPORTED CRIMINAL DAMAGE INCIDENT,RESIDENCE,0,0,8,16,43,07,2023,3,Saturday,7,2023-03
JB002199,2022-09-03 23:33:00,ROBBERY,Violent,REPORTED ROBBERY INCIDENT,APARTMENT,0,0,10,44,64,06,2022,9,Saturday,23,2022-09
JB002200,2023-05-14 00:49:00,CRIMINAL DAMAGE,Property,REPORTED CRIMINAL DAMAGE INCIDENT,RESIDENCE,0,0,19,17,68,14,2023,5,Sunday,0,2023-05
JB002201,2022-05-29 17:50:00,CRIMINAL DAMAGE,Property,REPORTED CRIMINAL DAMAGE INCIDENT,SIDEWALK,0,0,2,29,21,18,2022,5,Sunday,17,2022-05
JB002202,2023-01-08 15:02:00,THEFT,Property,REPORTED THEFT INCIDENT,SIDEWALK,0,0,11,27,36,03,2023,1,Sunday,15,2023-01
JB002203,2022-12-01 22:53:00,NARCOTICS,Public Order,REPORTED NARCOTICS INCIDENT,STREET,1,0,24,48,43,06,2022,12,Thursday,22,2022-12
JB002204,2023-02-25 19:53:00,BATTERY,Violent,REPORTED BATTERY INCIDENT,SMALL RETAIL STORE,0,1,15,36,67,05,2023,2,Saturday,19,2023-02
JB002205,2022-04-11 11:37:00,DECEPTIVE PRACTICE,Financial/Cyber,REPORTED DECEPTIVE PRACTICE INCIDENT,STREET,0,0,8,24,47,11,2022,4,Monday,11,2022-04
JB002206,2022-11-21 06:36:00,CRIMINAL DAMAGE,Property,REPORTED CRIMINAL DAMAGE INCIDENT,STREET,1,0,18,34,34,14,2022,11,Monday,6,2022-11
JB002207,2022-09-19 16:52:00,BATTERY,Violent,REPORTED BATTERY INCIDENT,RESIDENCE,0,0,22,25,26,11,2022,9,Monday,16,2022-09
JB002208,2023-06-04 22:52:00,OTHER OFFENSE,Other,REPORTED OTHER OFFENSE INCIDENT,STREET,0,0,11,29,49,18,2023,6,Sunday,22,2023-06
JB002209,2022-05-30 22:27:00,THEFT,Property,REPORTED THEFT INCIDENT,RESIDENCE,0,0,2,50,47,06,2022,5,Monday,22,2022-05
JB002210,2022-01-10 17:36:00,THEFT,Property,REPORTED THEFT INCIDENT,COMMERCIAL / BUSINESS OFFICE,0,0,25,3,14,08B,2022,1,Monday,17,2022-01
JB002211,2023-12-10 08:30:00,ASSAULT,Violent,REPORTED ASSAULT INCIDENT,CTA TRAIN / STATION,0,1,24,41,35,07,2023,12,Sunday,8,2023-12
JB002212,2023-08-31 01:44:00,NARCOTICS,Public Order,REPORTED NARCOTICS INCIDENT,COMMERCIAL / BUSINESS OFFICE,1,0,3,26,20,06,2023,8,Thursday,1,2023-08
JB002213,2022-04-28 10:10:00,DECEPTIVE PRACTICE,Financial/Cyber,REPORTED DECEPTIVE PRACTICE INCIDENT,SIDEWALK,0,0,14,27,49,06,2022,4,Thursday,10,2022-04
JB002214,2022-10-04 12:20:00,WEAPONS VIOLATION,Public Safety,REPORTED WEAPONS VIOLATION INCIDENT,APARTMENT,0,0,20,16,46,03,2022,10,Tuesday,12,2022-10
JB002215,2022-06-24 07:33:00,WEAPONS VIOLATION,Public Safety,REPORTED WEAPONS VIOLATION INCIDENT,STREET,1,0,19,33,68,26,2022,6,Friday,7,2022-06
JB002216,2023-03-21 09:00:00,BURGLARY,Property,REPORTED BURGLARY INCIDENT,STREET,0,0,5,16,71,18,2023,3,Tuesday,9,2023-03
JB002217,2023-03-04 01:58:00,WEAPONS VIOLATION,Public Safety,REPORTED WEAPONS VIOLATION INCIDENT,STREET,1,0,3,10,61,14,2023,3,Saturday,1,2023-03
JB002218,2023-10-17 11:42:00,ROBBERY,Violent,REPORTED ROBBERY INCIDENT,RESIDENCE,0,0,12,23,6,06,2023,10,Tuesday,11,2023-10
JB002219,2022-09-29 04:39:00,THEFT,Property,REPORTED THEFT INCIDENT,SIDEWALK,0,0,3,30,12,03,2022,9,Thursday,4,2022-09
JB002220,2023-12-08 07:57:00,CRIMINAL DAMAGE,Property,REPORTED CRIMINAL DAMAGE INCIDENT,APARTMENT,0,0,10,48,36,11,2023,12,Friday,7,2023-12
JB002221,2022-01-22 15:36:00,THEFT,Property,REPORTED THEFT INCIDENT,STREET,0,0,7,24,53,11,2022,1,Saturday,15,2022-01
JB002222,2022-10-30 15:01:00,CRIMINAL DAMAGE,Property,REPORTED CRIMINAL DAMAGE INCIDENT,RESIDENCE,0,0,18,43,16,03,2022,10,Sunday,15,2022-10
JB002223,2023-11-03 14:27:00,NARCOTICS,Public Order,REPORTED NARCOTICS INCIDENT,APARTMENT,1,0,16,26,3,03,2023,11,Friday,14,2023-11
JB002224,2022-06-19 18:48:00,THEFT,Property,REPORTED THEFT INCIDENT,SMALL RETAIL STORE,0,0,19,18,23,05,2022,6,Sunday,18,2022-06
JB002225,2023-09-09 23:46:00,CRIMINAL DAMAGE,Property,REPORTED CRIMINAL DAMAGE INCIDENT,COMMERCIAL / BUSINESS OFFICE,0,0,22,1,62,05,2023,9,Saturday,23,2023-09
JB002226,2022-03-06 03:23:00,CRIMINAL DAMAGE,Property,REPORTED CRIMINAL DAMAGE INCIDENT,STREET,0,0,17,42,77,06,2022,3,Sunday,3,2022-03
JB002227,2022-01-08 13:12:00,CRIMINAL DAMAGE,Property,REPORTED CRIMINAL DAMAGE INCIDENT,STREET,0,0,17,36,75,05,2022,1,Saturday,13,2022-01
JB002228,2022-08-19 09:00:00,CRIMINAL DAMAGE,Property,REPORTED CRIMINAL DAMAGE INCIDENT,APARTMENT,0,0,1,35,56,08A,2022,8,Friday,9,2022-08
JB002229,2022-08-22 01:47:00,OTHER OFFENSE,Other,REPORTED OTHER OFFENSE INCIDENT,RESIDENCE,0,0,15,27,67,07,2022,8,Monday,1,2022-08
JB002230,2023-04-15 01:26:00,OTHER OFFENSE,Other,REPORTED OTHER OFFENSE INCIDENT,STREET,0,0,2,26,48,08B,2023,4,Saturday,1,2023-04
JB002231,2023-10-12 19:43:00,THEFT,Property,REPORTED THEFT INCIDENT,SMALL RETAIL STORE,0,0,25,2,39,18,2023,10,Thursday,19,2023-10
JB002232,2022-09-09 08:26:00,WEAPONS VIOLATION,Public Safety,REPORTED WEAPONS VIOLATION INCIDENT,PARKING LOT / GARAGE,0,0,12,26,66,08A,2022,9,Friday,8,2022-09
JB002233,2023-01-01 13:31:00,BATTERY,Violent,REPORTED BATTERY INCIDENT,STREET,0,0,12,22,69,06,2023,1,Sunday,13,2023-01
JB002234,2022-05-30 04:49:00,BATTERY,Violent,REPORTED BATTERY INCIDENT,STREET,0,1,14,9,9,08A,2022,5,Monday,4,2022-05
JB002235,2023-12-25 21:41:00,BATTERY,Violent,REPORTED BATTERY INCIDENT,STREET,0,0,20,41,74,14,2023,12,Monday,21,2023-12
JB002236,2022-03-23 22:25:00,CRIMINAL DAMAGE,Property,REPORTED CRIMINAL DAMAGE INCIDENT,SIDEWALK,0,0,9,18,13,05,2022,3,Wednesday,22,2022-03
JB002237,2022-10-07 19:51:00,BATTERY,Violent,REPORTED BATTERY INCIDENT,RESIDENCE,1,0,5,16,14,08A,2022,10,Friday,19,2022-10
JB002238,2022-08-01 20:10:00,OTHER OFFENSE,Other,REPORTED OTHER OFFENSE INCIDENT,PARKING LOT / GARAGE,0,0,1,20,23,14,2022,8,Monday,20,2022-08
JB002239,2022-01-03 14:33:00,BATTERY,Violent,REPORTED BATTERY INCIDENT,STREET,0,1,2,36,74,03,2022,1,Monday,14,2022-01
JB002240,2022-06-15 05:29:00,BATTERY,Violent,REPORTED BATTERY INCIDENT,STREET,0,0,3,13,27,08A,2022,6,Wednesday,5,2022-06
JB002241,2022-06-21 07:19:00,ASSAULT,Violent,REPORTED ASSAULT INCIDENT,STREET,0,0,25,6,60,26,2022,6,Tuesday,7,2022-06
JB002242,2023-04-14 20:22:00,THEFT,Property,REPORTED THEFT INCIDENT,SMALL RETAIL STORE,0,0,2,36,37,14,2023,4,Friday,20,2023-04
JB002243,2022-06-21 20:20:00,CRIMINAL DAMAGE,Property,REPORTED CRIMINAL DAMAGE INCIDENT,PARKING LOT / GARAGE,0,0,2,41,67,26,2022,6,Tuesday,20,2022-06
JB002244,2023-02-17 13:32:00,BATTERY,Violent,REPORTED BATTERY INCIDENT,RESIDENCE,0,0,19,46,13,08B,2023,2,Friday,13,2023-02
JB002245,2022-04-20 11:00:00,BATTERY,Violent,REPORTED BATTERY INCIDENT,COMMERCIAL / BUSINESS OFFICE,0,0,24,11,68,07,2022,4,Wednesday,11,2022-04
JB002246,2023-05-10 18:51:00,THEFT,Property,REPORTED THEFT INCIDENT,RESIDENCE,0,0,24,20,10,08A,2023,5,Wednesday,18,2023-05
JB002247,2022-08-12 08:12:00,THEFT,Property,REPORTED THEFT INCIDENT,APARTMENT,0,0,15,1,7,11,2022,8,Friday,8,2022-08
JB002248,2023-03-20 16:26:00,THEFT,Property,REPORTED THEFT INCIDENT,APARTMENT,1,0,2,23,36,06,2023,3,Monday,16,2023-03
JB002249,2023-04-29 01:16:00,MOTOR VEHICLE THEFT,Property,REPORTED MOTOR VEHICLE THEFT INCIDENT,RESIDENCE,0,0,4,39,36,03,2023,4,Saturday,1,2023-04
JB002250,2023-08-04 08:38:00,BATTERY,Violent,REPORTED BATTERY INCIDENT,GROCERY FOOD STORE,0,0,3,5,36,11,2023,8,Friday,8,2023-08
JB002251,2023-04-27 10:58:00,CRIMINAL TRESPASS,Property,REPORTED CRIMINAL TRESPASS INCIDENT,STREET,1,0,11,49,50,08B,2023,4,Thursday,10,2023-04
JB002252,2023-02-12 05:36:00,DECEPTIVE PRACTICE,Financial/Cyber,REPORTED DECEPTIVE PRACTICE INCIDENT,RESIDENCE,0,0,15,50,60,06,2023,2,Sunday,5,2023-02
JB002253,2022-06-04 02:05:00,BATTERY,Violent,REPORTED BATTERY INCIDENT,APARTMENT,0,0,18,15,9,03,2022,6,Saturday,2,2022-06
JB002254,2023-03-30 12:05:00,BATTERY,Violent,REPORTED BATTERY INCIDENT,STREET,0,0,2,38,7,03,2023,3,Thursday,12,2023-03
JB002255,2023-11-22 01:59:00,BATTERY,Violent,REPORTED BATTERY INCIDENT,STREET,0,0,3,13,13,18,2023,11,Wednesday,1,2023-11
JB002256,2022-01-01 12:48:00,BATTERY,Violent,REPORTED BATTERY INCIDENT,COMMERCIAL / BUSINESS OFFICE,1,0,7,49,13,05,2022,1,Saturday,12,2022-01
JB002257,2023-04-27 22:38:00,BATTERY,Violent,REPORTED BATTERY INCIDENT,APARTMENT,1,0,4,4,19,14,2023,4,Thursday,22,2023-04
JB002258,2023-05-01 00:54:00,THEFT,Property,REPORTED THEFT INCIDENT,COMMERCIAL / BUSINESS OFFICE,0,0,24,13,36,06,2023,5,Monday,0,2023-05
JB002259,2023-09-25 05:51:00,DECEPTIVE PRACTICE,Financial/Cyber,REPORTED DECEPTIVE PRACTICE INCIDENT,RESIDENCE,0,0,12,13,60,14,2023,9,Monday,5,2023-09
JB002260,2023-10-08 09:12:00,WEAPONS VIOLATION,Public Safety,REPORTED WEAPONS VIOLATION INCIDENT,RESIDENCE,1,0,5,5,9,06,2023,10,Sunday,9,2023-10
JB002261,2022-07-30 12:35:00,ROBBERY,Violent,REPORTED ROBBERY INCIDENT,PARKING LOT / GARAGE,0,0,18,3,42,26,2022,7,Saturday,12,2022-07
JB002262,2022-09-26 04:47:00,NARCOTICS,Public Order,REPORTED NARCOTICS INCIDENT,RESIDENCE,1,0,15,21,62,26,2022,9,Monday,4,2022-09
JB002263,2023-07-09 03:35:00,BATTERY,Violent,REPORTED BATTERY INCIDENT,STREET,1,1,20,32,31,11,2023,7,Sunday,3,2023-07
JB002264,2022-07-17 23:11:00,CRIMINAL DAMAGE,Property,REPORTED CRIMINAL DAMAGE INCIDENT,PARKING LOT / GARAGE,0,0,7,41,33,14,2022,7,Sunday,23,2022-07
JB002265,2022-11-05 03:35:00,WEAPONS VIOLATION,Public Safety,REPORTED WEAPONS VIOLATION INCIDENT,SIDEWALK,1,0,18,2,28,08A,2022,11,Saturday,3,2022-11
JB002266,2023-08-02 19:15:00,BURGLARY,Property,REPORTED BURGLARY INCIDENT,STREET,1,0,10,7,64,26,2023,8,Wednesday,19,2023-08
JB002267,2022-08-25 23:40:00,DECEPTIVE PRACTICE,Financial/Cyber,REPORTED DECEPTIVE PRACTICE INCIDENT,STREET,0,0,4,33,59,18,2022,8,Thursday,23,2022-08
JB002268,2022-12-20 19:32:00,BATTERY,Violent,REPORTED BATTERY INCIDENT,STREET,0,1,1,22,31,08A,2022,12,Tuesday,19,2022-12
JB002269,2022-03-15 11:30:00,CRIMINAL TRESPASS,Property,REPORTED CRIMINAL TRESPASS INCIDENT,STREET,0,0,1,13,29,08A,2022,3,Tuesday,11,2022-03
JB002270,2023-10-25 18:02:00,THEFT,Property,REPORTED THEFT INCIDENT,STREET,1,0,8,11,64,05,2023,10,Wednesday,18,2023-10
JB002271,2022-12-05 04:24:00,ROBBERY,Violent,REPORTED ROBBERY INCIDENT,COMMERCIAL / BUSINESS OFFICE,0,0,25,2,45,08A,2022,12,Monday,4,2022-12
JB002272,2022-03-30 14:49:00,DECEPTIVE PRACTICE,Financial/Cyber,REPORTED DECEPTIVE PRACTICE INCIDENT,SMALL RETAIL STORE,0,0,3,45,70,26,2022,3,Wednesday,14,2022-03
JB002273,2023-12-20 20:56:00,THEFT,Property,REPORTED THEFT INCIDENT,SMALL RETAIL STORE,0,0,15,22,43,08A,2023,12,Wednesday,20,2023-12
JB002274,2022-06-25 13:52:00,THEFT,Property,REPORTED THEFT INCIDENT,RESIDENCE,1,0,20,32,31,03,2022,6,Saturday,13,2022-06
JB002275,2022-03-28 13:08:00,MOTOR VEHICLE THEFT,Property,REPORTED MOTOR VEHICLE THEFT INCIDENT,GROCERY FOOD STORE,0,0,17,43,25,14,2022,3,Monday,13,2022-03
JB002276,2023-10-09 06:08:00,CRIMINAL DAMAGE,Property,REPORTED CRIMINAL DAMAGE INCIDENT,PARKING LOT / GARAGE,0,0,14,10,3,08B,2023,10,Monday,6,2023-10
JB002277,2023-12-31 12:12:00,BATTERY,Violent,REPORTED BATTERY INCIDENT,SIDEWALK,0,0,19,24,5,08B,2023,12,Sunday,12,2023-12
JB002278,2023-12-23 13:55:00,CRIMINAL DAMAGE,Property,REPORTED CRIMINAL DAMAGE INCIDENT,APARTMENT,0,0,15,34,29,18,2023,12,Saturday,13,2023-12
JB002279,2023-01-05 15:40:00,THEFT,Property,REPORTED THEFT INCIDENT,STREET,0,0,4,2,52,03,2023,1,Thursday,15,2023-01
JB002280,2022-04-10 22:24:00,THEFT,Property,REPORTED THEFT INCIDENT,APARTMENT,0,0,15,6,55,08B,2022,4,Sunday,22,2022-04
JB002281,2023-05-23 07:47:00,CRIMINAL DAMAGE,Property,REPORTED CRIMINAL DAMAGE INCIDENT,PARKING LOT / GARAGE,0,0,15,17,62,08A,2023,5,Tuesday,7,2023-05
JB002282,2023-09-16 13:27:00,ASSAULT,Violent,REPORTED ASSAULT INCIDENT,SIDEWALK,0,0,20,6,45,05,2023,9,Saturday,13,2023-09
JB002283,2023-01-03 19:20:00,ROBBERY,Violent,REPORTED ROBBERY INCIDENT,APARTMENT,1,0,12,2,11,07,2023,1,Tuesday,19,2023-01
JB002284,2023-07-12 08:30:00,BATTERY,Violent,REPORTED BATTERY INCIDENT,RESIDENCE,0,0,14,12,62,08A,2023,7,Wednesday,8,2023-07
JB002285,2023-09-07 16:33:00,CRIMINAL TRESPASS,Property,REPORTED CRIMINAL TRESPASS INCIDENT,SIDEWALK,1,0,7,49,45,08B,2023,9,Thursday,16,2023-09
JB002286,2022-10-27 13:04:00,BATTERY,Violent,REPORTED BATTERY INCIDENT,RESIDENCE,0,0,6,28,12,14,2022,10,Thursday,13,2022-10
JB002287,2023-04-23 16:19:00,DECEPTIVE PRACTICE,Financial/Cyber,REPORTED DECEPTIVE PRACTICE INCIDENT,STREET,0,0,2,39,34,14,2023,4,Sunday,16,2023-04
JB002288,2022-12-19 19:06:00,ASSAULT,Violent,REPORTED ASSAULT INCIDENT,RESIDENCE,0,1,6,10,21,26,2022,12,Monday,19,2022-12
JB002289,2023-04-15 00:45:00,BATTERY,Violent,REPORTED BATTERY INCIDENT,STREET,0,1,12,19,11,06,2023,4,Saturday,0,2023-04
JB002290,2022-01-18 05:19:00,DECEPTIVE PRACTICE,Financial/Cyber,REPORTED DECEPTIVE PRACTICE INCIDENT,RESIDENCE,0,0,15,28,19,08A,2022,1,Tuesday,5,2022-01
JB002291,2023-09-30 16:23:00,THEFT,Property,REPORTED THEFT INCIDENT,STREET,0,0,9,22,8,26,2023,9,Saturday,16,2023-09
JB002292,2022-12-26 17:44:00,ASSAULT,Violent,REPORTED ASSAULT INCIDENT,RESTAURANT,0,0,12,50,49,14,2022,12,Monday,17,2022-12
JB002293,2023-01-21 02:11:00,THEFT,Property,REPORTED THEFT INCIDENT,RESIDENCE,0,0,11,42,3,08B,2023,1,Saturday,2,2023-01
JB002294,2023-04-04 22:00:00,CRIMINAL DAMAGE,Property,REPORTED CRIMINAL DAMAGE INCIDENT,STREET,0,0,5,13,37,08B,2023,4,Tuesday,22,2023-04
JB002295,2023-02-02 01:30:00,THEFT,Property,REPORTED THEFT INCIDENT,STREET,0,0,6,17,22,18,2023,2,Thursday,1,2023-02
JB002296,2022-04-03 12:34:00,THEFT,Property,REPORTED THEFT INCIDENT,SMALL RETAIL STORE,0,0,6,8,65,06,2022,4,Sunday,12,2022-04
JB002297,2023-11-02 14:15:00,THEFT,Property,REPORTED THEFT INCIDENT,STREET,0,0,1,17,58,11,2023,11,Thursday,14,2023-11
JB002298,2022-05-30 16:18:00,OTHER OFFENSE,Other,REPORTED OTHER OFFENSE INCIDENT,SMALL RETAIL STORE,0,0,22,11,20,18,2022,5,Monday,16,2022-05
JB002299,2023-10-06 05:34:00,BATTERY,Violent,REPORTED BATTERY INCIDENT,RESIDENCE,1,0,3,47,12,06,2023,10,Friday,5,2023-10
JB002300,2023-04-08 18:34:00,BATTERY,Violent,REPORTED BATTERY INCIDENT,SIDEWALK,0,1,12,49,16,08B,2023,4,Saturday,18,2023-04
JB002301,2022-10-05 12:36:00,CRIMINAL DAMAGE,Property,REPORTED CRIMINAL DAMAGE INCIDENT,RESIDENCE,0,0,17,26,46,05,2022,10,Wednesday,12,2022-10
JB002302,2022-12-22 21:33:00,DECEPTIVE PRACTICE,Financial/Cyber,REPORTED DECEPTIVE PRACTICE INCIDENT,PARKING LOT / GARAGE,0,0,1,23,1,18,2022,12,Thursday,21,2022-12
JB002303,2022-08-06 06:50:00,CRIMINAL DAMAGE,Property,REPORTED CRIMINAL DAMAGE INCIDENT,APARTMENT,0,0,22,25,32,11,2022,8,Saturday,6,2022-08
JB002304,2022-09-05 12:27:00,THEFT,Property,REPORTED THEFT INCIDENT,SIDEWALK,1,0,24,20,67,06,2022,9,Monday,12,2022-09
JB002305,2022-09-24 11:50:00,THEFT,Property,REPORTED THEFT INCIDENT,STREET,0,0,14,27,57,08B,2022,9,Saturday,11,2022-09
JB002306,2022-12-09 19:51:00,OTHER OFFENSE,Other,REPORTED OTHER OFFENSE INCIDENT,RESTAURANT,0,0,16,17,32,06,2022,12,Friday,19,2022-12
JB002307,2022-07-08 10:02:00,CRIMINAL DAMAGE,Property,REPORTED CRIMINAL DAMAGE INCIDENT,PARKING LOT / GARAGE,0,0,19,48,15,11,2022,7,Friday,10,2022-07
JB002308,2023-07-15 04:40:00,BATTERY,Violent,REPORTED BATTERY INCIDENT,STREET,0,1,6,20,50,08A,2023,7,Saturday,4,2023-07
JB002309,2022-07-20 21:09:00,CRIMINAL DAMAGE,Property,REPORTED CRIMINAL DAMAGE INCIDENT,STREET,0,0,9,12,39,07,2022,7,Wednesday,21,2022-07
JB002310,2023-01-25 22:42:00,CRIMINAL DAMAGE,Property,REPORTED CRIMINAL DAMAGE INCIDENT,RESIDENCE,0,0,8,15,9,08A,2023,1,Wednesday,22,2023-01
JB002311,2023-03-11 09:35:00,THEFT,Property,REPORTED THEFT INCIDENT,SIDEWALK,0,0,1,16,16,14,2023,3,Saturday,9,2023-03
JB002312,2022-11-22 18:02:00,OTHER OFFENSE,Other,REPORTED OTHER OFFENSE INCIDENT,RESTAURANT,0,0,19,11,49,11,2022,11,Tuesday,18,2022-11
JB002313,2023-01-04 11:30:00,BATTERY,Violent,REPORTED BATTERY INCIDENT,PARKING LOT / GARAGE,1,0,8,11,13,14,2023,1,Wednesday,11,2023-01
JB002314,2023-08-10 16:06:00,BATTERY,Violent,REPORTED BATTERY INCIDENT,STREET,0,0,5,14,4,11,2023,8,Thursday,16,2023-08
JB002315,2022-03-03 07:23:00,CRIMINAL DAMAGE,Property,REPORTED CRIMINAL DAMAGE INCIDENT,RESIDENCE,0,0,16,40,30,11,2022,3,Thursday,7,2022-03
JB002316,2022-04-11 14:38:00,OTHER OFFENSE,Other,REPORTED OTHER OFFENSE INCIDENT,STREET,0,0,24,2,53,08A,2022,4,Monday,14,2022-04
JB002317,2023-04-03 06:10:00,THEFT,Property,REPORTED THEFT INCIDENT,RESIDENCE,0,0,18,49,58,06,2023,4,Monday,6,2023-04
JB002318,2023-05-22 13:42:00,BATTERY,Violent,REPORTED BATTERY INCIDENT,RESIDENCE,0,0,14,17,12,06,2023,5,Monday,13,2023-05
JB002319,2023-03-09 15:43:00,ROBBERY,Violent,REPORTED ROBBERY INCIDENT,RESIDENCE,0,0,15,9,18,05,2023,3,Thursday,15,2023-03
JB002320,2023-07-31 18:28:00,ASSAULT,Violent,REPORTED ASSAULT INCIDENT,APARTMENT,0,0,1,6,76,07,2023,7,Monday,18,2023-07
JB002321,2023-09-15 13:08:00,CRIMINAL DAMAGE,Property,REPORTED CRIMINAL DAMAGE INCIDENT,SIDEWALK,0,0,3,27,6,07,2023,9,Friday,13,2023-09
JB002322,2022-12-29 21:04:00,THEFT,Property,REPORTED THEFT INCIDENT,APARTMENT,0,0,1,41,34,14,2022,12,Thursday,21,2022-12
JB002323,2023-03-31 16:41:00,BATTERY,Violent,REPORTED BATTERY INCIDENT,STREET,1,0,12,44,25,26,2023,3,Friday,16,2023-03
JB002324,2023-02-11 14:48:00,THEFT,Property,REPORTED THEFT INCIDENT,STREET,0,0,15,10,23,08A,2023,2,Saturday,14,2023-02
JB002325,2023-03-16 04:33:00,THEFT,Property,REPORTED THEFT INCIDENT,SIDEWALK,0,0,19,25,44,14,2023,3,Thursday,4,2023-03
JB002326,2023-04-17 00:45:00,ASSAULT,Violent,REPORTED ASSAULT INCIDENT,RESTAURANT,1,1,18,36,76,08A,2023,4,Monday,0,2023-04
JB002327,2022-07-27 21:51:00,CRIMINAL DAMAGE,Property,REPORTED CRIMINAL DAMAGE INCIDENT,APARTMENT,0,0,15,32,1,18,2022,7,Wednesday,21,2022-07
JB002328,2023-01-25 22:29:00,BATTERY,Violent,REPORTED BATTERY INCIDENT,STREET,0,1,17,26,28,26,2023,1,Wednesday,22,2023-01
JB002329,2023-02-02 19:39:00,BATTERY,Violent,REPORTED BATTERY INCIDENT,APARTMENT,0,0,22,18,70,26,2023,2,Thursday,19,2023-02
JB002330,2023-08-31 13:19:00,THEFT,Property,REPORTED THEFT INCIDENT,STREET,0,0,24,9,38,06,2023,8,Thursday,13,2023-08
JB002331,2023-09-13 09:37:00,BATTERY,Violent,REPORTED BATTERY INCIDENT,PARKING LOT / GARAGE,0,1,10,17,50,08B,2023,9,Wednesday,9,2023-09
JB002332,2022-02-09 00:07:00,BATTERY,Violent,REPORTED BATTERY INCIDENT,PARKING LOT / GARAGE,0,0,25,7,8,05,2022,2,Wednesday,0,2022-02
JB002333,2022-06-29 01:50:00,BURGLARY,Property,REPORTED BURGLARY INCIDENT,PARKING LOT / GARAGE,0,0,2,35,41,26,2022,6,Wednesday,1,2022-06
JB002334,2022-09-28 18:41:00,CRIMINAL DAMAGE,Property,REPORTED CRIMINAL DAMAGE INCIDENT,STREET,0,0,11,39,44,26,2022,9,Wednesday,18,2022-09
JB002335,2022-07-22 19:30:00,DECEPTIVE PRACTICE,Financial/Cyber,REPORTED DECEPTIVE PRACTICE INCIDENT,STREET,0,0,24,1,61,26,2022,7,Friday,19,2022-07
JB002336,2023-05-20 19:31:00,BATTERY,Violent,REPORTED BATTERY INCIDENT,APARTMENT,0,0,14,44,54,06,2023,5,Saturday,19,2023-05
JB002337,2022-07-26 10:56:00,NARCOTICS,Public Order,REPORTED NARCOTICS INCIDENT,RESIDENCE,1,0,22,17,27,05,2022,7,Tuesday,10,2022-07
JB002338,2022-05-05 00:39:00,THEFT,Property,REPORTED THEFT INCIDENT,APARTMENT,0,0,25,25,50,03,2022,5,Thursday,0,2022-05
JB002339,2023-09-16 02:36:00,OTHER OFFENSE,Other,REPORTED OTHER OFFENSE INCIDENT,PARKING LOT / GARAGE,1,0,11,11,64,08B,2023,9,Saturday,2,2023-09
JB002340,2022-11-13 13:51:00,THEFT,Property,REPORTED THEFT INCIDENT,RESIDENCE,0,0,18,45,48,07,2022,11,Sunday,13,2022-11
JB002341,2022-06-07 02:46:00,THEFT,Property,REPORTED THEFT INCIDENT,APARTMENT,1,0,20,41,67,03,2022,6,Tuesday,2,2022-06
JB002342,2022-06-17 03:23:00,THEFT,Property,REPORTED THEFT INCIDENT,SIDEWALK,0,0,19,2,64,08A,2022,6,Friday,3,2022-06
JB002343,2022-09-03 09:48:00,BATTERY,Violent,REPORTED BATTERY INCIDENT,STREET,1,0,14,10,21,06,2022,9,Saturday,9,2022-09
JB002344,2023-07-20 00:51:00,ASSAULT,Violent,REPORTED ASSAULT INCIDENT,STREET,0,1,19,36,24,11,2023,7,Thursday,0,2023-07
JB002345,2023-12-21 22:38:00,BATTERY,Violent,REPORTED BATTERY INCIDENT,PARKING LOT / GARAGE,0,1,8,30,68,08A,2023,12,Thursday,22,2023-12
JB002346,2022-05-16 11:03:00,ASSAULT,Violent,REPORTED ASSAULT INCIDENT,APARTMENT,0,0,22,5,77,14,2022,5,Monday,11,2022-05
JB002347,2023-03-03 18:52:00,THEFT,Property,REPORTED THEFT INCIDENT,APARTMENT,0,0,6,28,15,07,2023,3,Friday,18,2023-03
JB002348,2022-01-12 13:04:00,BURGLARY,Property,REPORTED BURGLARY INCIDENT,PARKING LOT / GARAGE,0,0,17,27,77,07,2022,1,Wednesday,13,2022-01
JB002349,2022-01-21 20:54:00,THEFT,Property,REPORTED THEFT INCIDENT,STREET,0,0,10,22,7,07,2022,1,Friday,20,2022-01
JB002350,2023-12-23 14:17:00,THEFT,Property,REPORTED THEFT INCIDENT,STREET,0,0,8,18,65,07,2023,12,Saturday,14,2023-12
JB002351,2023-11-17 22:06:00,ASSAULT,Violent,REPORTED ASSAULT INCIDENT,PARKING LOT / GARAGE,0,0,11,23,1,07,2023,11,Friday,22,2023-11
JB002352,2023-05-15 23:05:00,THEFT,Property,REPORTED THEFT INCIDENT,CTA TRAIN / STATION,0,0,3,46,34,07,2023,5,Monday,23,2023-05
JB002353,2023-01-20 11:42:00,BATTERY,Violent,REPORTED BATTERY INCIDENT,SIDEWALK,0,0,22,40,15,06,2023,1,Friday,11,2023-01
JB002354,2023-10-19 23:49:00,BURGLARY,Property,REPORTED BURGLARY INCIDENT,CTA TRAIN / STATION,1,0,4,45,43,14,2023,10,Thursday,23,2023-10
JB002355,2022-08-30 14:45:00,THEFT,Property,REPORTED THEFT INCIDENT,PARKING LOT / GARAGE,1,0,16,44,5,11,2022,8,Tuesday,14,2022-08
JB002356,2022-12-26 01:48:00,BATTERY,Violent,REPORTED BATTERY INCIDENT,APARTMENT,0,1,25,30,48,18,2022,12,Monday,1,2022-12
JB002357,2022-03-05 01:51:00,BATTERY,Violent,REPORTED BATTERY INCIDENT,RESTAURANT,0,0,9,29,32,08A,2022,3,Saturday,1,2022-03
JB002358,2023-11-24 17:56:00,THEFT,Property,REPORTED THEFT INCIDENT,RESIDENCE,0,0,18,19,71,05,2023,11,Friday,17,2023-11
JB002359,2022-09-09 11:09:00,MOTOR VEHICLE THEFT,Property,REPORTED MOTOR VEHICLE THEFT INCIDENT,APARTMENT,0,0,18,20,60,14,2022,9,Friday,11,2022-09
JB002360,2022-12-05 05:59:00,DECEPTIVE PRACTICE,Financial/Cyber,REPORTED DECEPTIVE PRACTICE INCIDENT,SMALL RETAIL STORE,0,0,1,29,59,26,2022,12,Monday,5,2022-12
JB002361,2023-04-30 04:49:00,OTHER OFFENSE,Other,REPORTED OTHER OFFENSE INCIDENT,STREET,0,0,1,45,54,11,2023,4,Sunday,4,2023-04
JB002362,2023-03-16 23:01:00,BATTERY,Violent,REPORTED BATTERY INCIDENT,RESIDENCE,0,0,10,43,16,08A,2023,3,Thursday,23,2023-03
JB002363,2022-06-20 21:44:00,THEFT,Property,REPORTED THEFT INCIDENT,SIDEWALK,0,0,20,22,4,14,2022,6,Monday,21,2022-06
JB002364,2023-02-09 23:58:00,CRIMINAL TRESPASS,Property,REPORTED CRIMINAL TRESPASS INCIDENT,RESTAURANT,1,0,5,28,5,08A,2023,2,Thursday,23,2023-02
JB002365,2023-10-22 00:25:00,CRIMINAL DAMAGE,Property,REPORTED CRIMINAL DAMAGE INCIDENT,RESIDENCE,0,0,9,6,9,18,2023,10,Sunday,0,2023-10
JB002366,2022-01-11 15:58:00,THEFT,Property,REPORTED THEFT INCIDENT,RESIDENCE,0,0,16,18,17,14,2022,1,Tuesday,15,2022-01
JB002367,2023-09-22 05:06:00,MOTOR VEHICLE THEFT,Property,REPORTED MOTOR VEHICLE THEFT INCIDENT,RESIDENCE,0,0,2,25,51,26,2023,9,Friday,5,2023-09
JB002368,2023-04-30 00:01:00,THEFT,Property,REPORTED THEFT INCIDENT,RESIDENCE,0,0,6,36,71,06,2023,4,Sunday,0,2023-04
JB002369,2022-05-15 18:57:00,DECEPTIVE PRACTICE,Financial/Cyber,REPORTED DECEPTIVE PRACTICE INCIDENT,RESIDENCE,1,0,5,7,21,08B,2022,5,Sunday,18,2022-05
JB002370,2022-09-03 05:43:00,BATTERY,Violent,REPORTED BATTERY INCIDENT,RESIDENCE,1,0,25,35,70,18,2022,9,Saturday,5,2022-09
JB002371,2023-06-10 01:42:00,NARCOTICS,Public Order,REPORTED NARCOTICS INCIDENT,STREET,1,0,8,1,52,11,2023,6,Saturday,1,2023-06
JB002372,2023-10-05 02:30:00,MOTOR VEHICLE THEFT,Property,REPORTED MOTOR VEHICLE THEFT INCIDENT,COMMERCIAL / BUSINESS OFFICE,0,0,8,28,40,05,2023,10,Thursday,2,2023-10
JB002373,2022-08-18 08:12:00,OTHER OFFENSE,Other,REPORTED OTHER OFFENSE INCIDENT,STREET,1,0,9,49,75,08A,2022,8,Thursday,8,2022-08
JB002374,2022-09-28 21:00:00,THEFT,Property,REPORTED THEFT INCIDENT,APARTMENT,0,0,19,44,7,06,2022,9,Wednesday,21,2022-09
JB002375,2023-05-11 00:38:00,CRIMINAL TRESPASS,Property,REPORTED CRIMINAL TRESPASS INCIDENT,SIDEWALK,0,0,20,18,19,07,2023,5,Thursday,0,2023-05
JB002376,2022-02-27 22:49:00,THEFT,Property,REPORTED THEFT INCIDENT,APARTMENT,0,0,3,44,41,07,2022,2,Sunday,22,2022-02
JB002377,2023-10-12 14:31:00,THEFT,Property,REPORTED THEFT INCIDENT,SMALL RETAIL STORE,0,0,22,24,69,14,2023,10,Thursday,14,2023-10
JB002378,2023-10-05 04:07:00,THEFT,Property,REPORTED THEFT INCIDENT,SIDEWALK,0,0,10,7,41,18,2023,10,Thursday,4,2023-10
JB002379,2023-01-22 13:02:00,THEFT,Property,REPORTED THEFT INCIDENT,RESIDENCE,1,0,1,9,52,14,2023,1,Sunday,13,2023-01
JB002380,2023-06-30 12:20:00,CRIMINAL DAMAGE,Property,REPORTED CRIMINAL DAMAGE INCIDENT,SIDEWALK,0,0,7,49,26,07,2023,6,Friday,12,2023-06
JB002381,2023-03-01 12:38:00,BURGLARY,Property,REPORTED BURGLARY INCIDENT,APARTMENT,0,0,19,26,64,11,2023,3,Wednesday,12,2023-03
JB002382,2023-05-01 21:18:00,CRIMINAL DAMAGE,Property,REPORTED CRIMINAL DAMAGE INCIDENT,COMMERCIAL / BUSINESS OFFICE,0,0,15,9,22,11,2023,5,Monday,21,2023-05
JB002383,2023-04-23 14:28:00,CRIMINAL DAMAGE,Property,REPORTED CRIMINAL DAMAGE INCIDENT,PARKING LOT / GARAGE,0,0,1,42,75,11,2023,4,Sunday,14,2023-04
JB002384,2023-02-26 04:10:00,ASSAULT,Violent,REPORTED ASSAULT INCIDENT,CTA TRAIN / STATION,1,0,4,25,12,07,2023,2,Sunday,4,2023-02
JB002385,2022-04-20 05:14:00,ROBBERY,Violent,REPORTED ROBBERY INCIDENT,APARTMENT,0,0,3,31,50,08B,2022,4,Wednesday,5,2022-04
JB002386,2023-10-02 17:19:00,CRIMINAL TRESPASS,Property,REPORTED CRIMINAL TRESPASS INCIDENT,PARKING LOT / GARAGE,0,0,11,9,46,07,2023,10,Monday,17,2023-10
JB002387,2023-01-19 19:25:00,DECEPTIVE PRACTICE,Financial/Cyber,REPORTED DECEPTIVE PRACTICE INCIDENT,STREET,0,0,15,18,24,08A,2023,1,Thursday,19,2023-01
JB002388,2022-01-19 14:49:00,DECEPTIVE PRACTICE,Financial/Cyber,REPORTED DECEPTIVE PRACTICE INCIDENT,APARTMENT,0,0,7,20,29,03,2022,1,Wednesday,14,2022-01
JB002389,2023-11-22 22:01:00,MOTOR VEHICLE THEFT,Property,REPORTED MOTOR VEHICLE THEFT INCIDENT,RESIDENCE,0,0,8,40,35,05,2023,11,Wednesday,22,2023-11
JB002390,2022-03-17 07:08:00,THEFT,Property,REPORTED THEFT INCIDENT,RESTAURANT,1,0,2,27,37,14,2022,3,Thursday,7,2022-03
JB002391,2023-01-07 16:54:00,DECEPTIVE PRACTICE,Financial/Cyber,REPORTED DECEPTIVE PRACTICE INCIDENT,PARKING LOT / GARAGE,0,0,3,11,39,05,2023,1,Saturday,16,2023-01
JB002392,2023-01-16 10:59:00,BATTERY,Violent,REPORTED BATTERY INCIDENT,STREET,0,0,11,43,70,11,2023,1,Monday,10,2023-01
JB002393,2022-01-14 23:55:00,BATTERY,Violent,REPORTED BATTERY INCIDENT,APARTMENT,0,1,20,18,67,18,2022,1,Friday,23,2022-01
JB002394,2022-06-08 02:18:00,THEFT,Property,REPORTED THEFT INCIDENT,RESIDENCE,0,0,2,50,59,06,2022,6,Wednesday,2,2022-06
JB002395,2023-07-08 13:43:00,THEFT,Property,REPORTED THEFT INCIDENT,GROCERY FOOD STORE,1,0,12,5,76,08B,2023,7,Saturday,13,2023-07
JB002396,2022-07-29 15:50:00,DECEPTIVE PRACTICE,Financial/Cyber,REPORTED DECEPTIVE PRACTICE INCIDENT,RESTAURANT,0,0,9,23,7,08A,2022,7,Friday,15,2022-07
JB002397,2023-11-25 09:25:00,WEAPONS VIOLATION,Public Safety,REPORTED WEAPONS VIOLATION INCIDENT,STREET,0,0,15,36,22,07,2023,11,Saturday,9,2023-11
JB002398,2023-02-15 05:34:00,MOTOR VEHICLE THEFT,Property,REPORTED MOTOR VEHICLE THEFT INCIDENT,RESIDENCE,0,0,17,2,5,18,2023,2,Wednesday,5,2023-02
JB002399,2023-11-30 17:04:00,BATTERY,Violent,REPORTED BATTERY INCIDENT,STREET,0,0,4,49,65,06,2023,11,Thursday,17,2023-11
JB002400,2022-02-14 13:25:00,ASSAULT,Violent,REPORTED ASSAULT INCIDENT,RESIDENCE,1,0,9,17,63,18,2022,2,Monday,13,2022-02
JB002401,2023-05-07 16:48:00,CRIMINAL DAMAGE,Property,REPORTED CRIMINAL DAMAGE INCIDENT,SIDEWALK,0,0,1,21,40,11,2023,5,Sunday,16,2023-05
JB002402,2023-04-08 15:23:00,MOTOR VEHICLE THEFT,Property,REPORTED MOTOR VEHICLE THEFT INCIDENT,RESIDENCE,0,0,7,29,41,11,2023,4,Saturday,15,2023-04
JB002403,2022-06-26 21:04:00,DECEPTIVE PRACTICE,Financial/Cyber,REPORTED DECEPTIVE PRACTICE INCIDENT,GROCERY FOOD STORE,0,0,8,9,33,05,2022,6,Sunday,21,2022-06
JB002404,2022-07-22 08:16:00,THEFT,Property,REPORTED THEFT INCIDENT,PARKING LOT / GARAGE,0,0,1,10,23,05,2022,7,Friday,8,2022-07
JB002405,2022-06-12 18:29:00,THEFT,Property,REPORTED THEFT INCIDENT,RESIDENCE,0,0,17,25,39,03,2022,6,Sunday,18,2022-06
JB002406,2023-12-16 06:54:00,THEFT,Property,REPORTED THEFT INCIDENT,STREET,0,0,24,27,70,08B,2023,12,Saturday,6,2023-12
JB002407,2022-02-20 06:14:00,ROBBERY,Violent,REPORTED ROBBERY INCIDENT,STREET,0,0,22,34,66,08B,2022,2,Sunday,6,2022-02
JB002408,2023-02-15 09:13:00,DECEPTIVE PRACTICE,Financial/Cyber,REPORTED DECEPTIVE PRACTICE INCIDENT,APARTMENT,0,0,2,22,58,05,2023,2,Wednesday,9,2023-02
JB002409,2023-09-21 13:20:00,THEFT,Property,REPORTED THEFT INCIDENT,STREET,0,0,6,8,11,26,2023,9,Thursday,13,2023-09
JB002410,2022-06-08 14:40:00,MOTOR VEHICLE THEFT,Property,REPORTED MOTOR VEHICLE THEFT INCIDENT,PARKING LOT / GARAGE,0,0,3,35,20,05,2022,6,Wednesday,14,2022-06
JB002411,2023-03-12 01:31:00,OTHER OFFENSE,Other,REPORTED OTHER OFFENSE INCIDENT,APARTMENT,0,0,1,11,41,05,2023,3,Sunday,1,2023-03
JB002412,2023-10-30 18:19:00,OTHER OFFENSE,Other,REPORTED OTHER OFFENSE INCIDENT,APARTMENT,0,0,12,17,13,03,2023,10,Monday,18,2023-10
JB002413,2022-03-27 09:00:00,THEFT,Property,REPORTED THEFT INCIDENT,SIDEWALK,0,0,18,22,6,18,2022,3,Sunday,9,2022-03
JB002414,2023-12-16 13:32:00,BATTERY,Violent,REPORTED BATTERY INCIDENT,RESIDENCE,0,0,8,31,17,08A,2023,12,Saturday,13,2023-12
JB002415,2022-06-13 17:26:00,CRIMINAL DAMAGE,Property,REPORTED CRIMINAL DAMAGE INCIDENT,SMALL RETAIL STORE,0,0,17,16,41,05,2022,6,Monday,17,2022-06
JB002416,2022-04-26 10:17:00,THEFT,Property,REPORTED THEFT INCIDENT,PARKING LOT / GARAGE,0,0,4,30,44,08B,2022,4,Tuesday,10,2022-04
JB002417,2023-11-17 15:58:00,ASSAULT,Violent,REPORTED ASSAULT INCIDENT,COMMERCIAL / BUSINESS OFFICE,0,0,7,44,29,08A,2023,11,Friday,15,2023-11
JB002418,2023-01-17 05:55:00,BATTERY,Violent,REPORTED BATTERY INCIDENT,RESIDENCE,0,0,8,23,49,06,2023,1,Tuesday,5,2023-01
JB002419,2022-08-03 09:13:00,DECEPTIVE PRACTICE,Financial/Cyber,REPORTED DECEPTIVE PRACTICE INCIDENT,STREET,0,0,5,47,67,07,2022,8,Wednesday,9,2022-08
JB002420,2022-10-11 19:26:00,THEFT,Property,REPORTED THEFT INCIDENT,PARKING LOT / GARAGE,0,0,11,17,68,08B,2022,10,Tuesday,19,2022-10
JB002421,2023-11-20 22:17:00,BATTERY,Violent,REPORTED BATTERY INCIDENT,STREET,0,0,7,18,8,11,2023,11,Monday,22,2023-11
JB002422,2023-07-30 22:47:00,CRIMINAL TRESPASS,Property,REPORTED CRIMINAL TRESPASS INCIDENT,RESIDENCE,0,0,18,34,60,05,2023,7,Sunday,22,2023-07
JB002423,2023-04-22 06:58:00,CRIMINAL TRESPASS,Property,REPORTED CRIMINAL TRESPASS INCIDENT,APARTMENT,1,0,14,17,61,18,2023,4,Saturday,6,2023-04
JB002424,2023-01-22 22:50:00,BATTERY,Violent,REPORTED BATTERY INCIDENT,STREET,0,0,2,48,51,11,2023,1,Sunday,22,2023-01
JB002425,2022-05-12 22:06:00,CRIMINAL DAMAGE,Property,REPORTED CRIMINAL DAMAGE INCIDENT,RESTAURANT,0,0,15,3,45,08A,2022,5,Thursday,22,2022-05
JB002426,2022-08-13 11:34:00,OTHER OFFENSE,Other,REPORTED OTHER OFFENSE INCIDENT,SIDEWALK,1,0,5,45,3,11,2022,8,Saturday,11,2022-08
JB002427,2023-11-10 03:51:00,BATTERY,Violent,REPORTED BATTERY INCIDENT,SIDEWALK,1,0,20,26,3,07,2023,11,Friday,3,2023-11
JB002428,2023-05-28 07:03:00,THEFT,Property,REPORTED THEFT INCIDENT,STREET,0,0,12,38,8,14,2023,5,Sunday,7,2023-05
JB002429,2022-04-08 01:06:00,THEFT,Property,REPORTED THEFT INCIDENT,STREET,0,0,1,10,63,26,2022,4,Friday,1,2022-04
JB002430,2023-04-07 05:53:00,THEFT,Property,REPORTED THEFT INCIDENT,RESIDENCE,0,0,15,18,22,08B,2023,4,Friday,5,2023-04
JB002431,2022-02-21 00:03:00,THEFT,Property,REPORTED THEFT INCIDENT,SIDEWALK,0,0,14,27,38,14,2022,2,Monday,0,2022-02
JB002432,2022-09-04 06:29:00,THEFT,Property,REPORTED THEFT INCIDENT,PARKING LOT / GARAGE,0,0,24,3,26,14,2022,9,Sunday,6,2022-09
JB002433,2022-03-07 07:38:00,NARCOTICS,Public Order,REPORTED NARCOTICS INCIDENT,PARKING LOT / GARAGE,1,0,5,25,77,05,2022,3,Monday,7,2022-03
JB002434,2023-05-24 08:01:00,THEFT,Property,REPORTED THEFT INCIDENT,APARTMENT,0,0,19,30,35,08B,2023,5,Wednesday,8,2023-05
JB002435,2022-08-27 12:54:00,ASSAULT,Violent,REPORTED ASSAULT INCIDENT,CTA TRAIN / STATION,0,1,6,5,33,08B,2022,8,Saturday,12,2022-08
JB002436,2022-03-28 03:42:00,DECEPTIVE PRACTICE,Financial/Cyber,REPORTED DECEPTIVE PRACTICE INCIDENT,STREET,0,0,9,42,56,06,2022,3,Monday,3,2022-03
JB002437,2022-06-26 13:18:00,BATTERY,Violent,REPORTED BATTERY INCIDENT,SIDEWALK,1,0,8,42,35,08B,2022,6,Sunday,13,2022-06
JB002438,2022-11-14 10:18:00,BURGLARY,Property,REPORTED BURGLARY INCIDENT,STREET,0,0,5,15,66,08A,2022,11,Monday,10,2022-11
JB002439,2022-05-10 20:56:00,ROBBERY,Violent,REPORTED ROBBERY INCIDENT,COMMERCIAL / BUSINESS OFFICE,0,0,10,18,71,14,2022,5,Tuesday,20,2022-05
JB002440,2023-06-25 22:00:00,BATTERY,Violent,REPORTED BATTERY INCIDENT,RESIDENCE,0,0,12,23,11,14,2023,6,Sunday,22,2023-06
JB002441,2022-06-19 00:38:00,CRIMINAL TRESPASS,Property,REPORTED CRIMINAL TRESPASS INCIDENT,RESIDENCE,0,0,4,24,71,14,2022,6,Sunday,0,2022-06
JB002442,2023-08-09 16:52:00,THEFT,Property,REPORTED THEFT INCIDENT,SMALL RETAIL STORE,0,0,16,16,25,11,2023,8,Wednesday,16,2023-08
JB002443,2023-04-13 00:30:00,THEFT,Property,REPORTED THEFT INCIDENT,STREET,1,0,12,33,36,05,2023,4,Thursday,0,2023-04
JB002444,2023-08-29 06:25:00,THEFT,Property,REPORTED THEFT INCIDENT,APARTMENT,0,0,1,1,71,05,2023,8,Tuesday,6,2023-08
JB002445,2023-06-04 17:41:00,THEFT,Property,REPORTED THEFT INCIDENT,SIDEWALK,0,0,5,18,6,08B,2023,6,Sunday,17,2023-06
JB002446,2023-12-05 18:14:00,BATTERY,Violent,REPORTED BATTERY INCIDENT,STREET,0,1,5,41,66,14,2023,12,Tuesday,18,2023-12
JB002447,2022-09-18 16:54:00,THEFT,Property,REPORTED THEFT INCIDENT,STREET,0,0,15,37,41,26,2022,9,Sunday,16,2022-09
JB002448,2023-03-15 04:16:00,NARCOTICS,Public Order,REPORTED NARCOTICS INCIDENT,SMALL RETAIL STORE,1,0,5,16,10,14,2023,3,Wednesday,4,2023-03
JB002449,2022-06-14 09:12:00,ROBBERY,Violent,REPORTED ROBBERY INCIDENT,RESIDENCE,0,0,12,39,39,26,2022,6,Tuesday,9,2022-06
JB002450,2022-08-30 13:02:00,DECEPTIVE PRACTICE,Financial/Cyber,REPORTED DECEPTIVE PRACTICE INCIDENT,SMALL RETAIL STORE,0,0,2,17,18,08B,2022,8,Tuesday,13,2022-08
JB002451,2022-05-22 04:30:00,THEFT,Property,REPORTED THEFT INCIDENT,SIDEWALK,1,0,25,49,26,26,2022,5,Sunday,4,2022-05
JB002452,2022-12-13 13:48:00,BURGLARY,Property,REPORTED BURGLARY INCIDENT,STREET,0,0,6,3,62,03,2022,12,Tuesday,13,2022-12
JB002453,2022-09-05 02:32:00,NARCOTICS,Public Order,REPORTED NARCOTICS INCIDENT,SMALL RETAIL STORE,1,0,9,10,24,03,2022,9,Monday,2,2022-09
JB002454,2022-01-08 17:06:00,BATTERY,Violent,REPORTED BATTERY INCIDENT,APARTMENT,0,0,16,6,28,14,2022,1,Saturday,17,2022-01
JB002455,2023-04-10 12:23:00,BURGLARY,Property,REPORTED BURGLARY INCIDENT,GROCERY FOOD STORE,0,0,18,9,20,18,2023,4,Monday,12,2023-04
JB002456,2022-11-11 04:28:00,THEFT,Property,REPORTED THEFT INCIDENT,SMALL RETAIL STORE,0,0,18,10,65,14,2022,11,Friday,4,2022-11
JB002457,2022-12-19 08:16:00,OTHER OFFENSE,Other,REPORTED OTHER OFFENSE INCIDENT,PARKING LOT / GARAGE,0,0,16,24,72,08B,2022,12,Monday,8,2022-12
JB002458,2023-10-07 21:27:00,DECEPTIVE PRACTICE,Financial/Cyber,REPORTED DECEPTIVE PRACTICE INCIDENT,APARTMENT,0,0,2,21,22,26,2023,10,Saturday,21,2023-10
JB002459,2022-03-28 03:07:00,CRIMINAL DAMAGE,Property,REPORTED CRIMINAL DAMAGE INCIDENT,RESIDENCE,0,0,6,40,1,26,2022,3,Monday,3,2022-03
JB002460,2023-12-17 06:07:00,THEFT,Property,REPORTED THEFT INCIDENT,GROCERY FOOD STORE,1,0,25,49,43,05,2023,12,Sunday,6,2023-12
JB002461,2022-07-21 18:36:00,CRIMINAL TRESPASS,Property,REPORTED CRIMINAL TRESPASS INCIDENT,STREET,0,0,4,19,75,08A,2022,7,Thursday,18,2022-07
JB002462,2023-05-18 19:32:00,CRIMINAL TRESPASS,Property,REPORTED CRIMINAL TRESPASS INCIDENT,CTA TRAIN / STATION,0,0,22,15,67,08A,2023,5,Thursday,19,2023-05
JB002463,2023-10-29 17:44:00,OTHER OFFENSE,Other,REPORTED OTHER OFFENSE INCIDENT,RESIDENCE,0,0,4,21,32,14,2023,10,Sunday,17,2023-10
JB002464,2022-01-16 12:07:00,CRIMINAL TRESPASS,Property,REPORTED CRIMINAL TRESPASS INCIDENT,SIDEWALK,1,0,3,22,72,07,2022,1,Sunday,12,2022-01
JB002465,2022-12-30 22:31:00,BATTERY,Violent,REPORTED BATTERY INCIDENT,CTA TRAIN / STATION,0,1,17,21,25,03,2022,12,Friday,22,2022-12
JB002466,2023-12-14 13:46:00,BATTERY,Violent,REPORTED BATTERY INCIDENT,STREET,0,1,14,4,3,14,2023,12,Thursday,13,2023-12
JB002467,2022-04-17 18:35:00,THEFT,Property,REPORTED THEFT INCIDENT,APARTMENT,0,0,20,45,63,08A,2022,4,Sunday,18,2022-04
JB002468,2023-06-21 19:22:00,THEFT,Property,REPORTED THEFT INCIDENT,CTA TRAIN / STATION,0,0,2,2,32,08B,2023,6,Wednesday,19,2023-06
JB002469,2022-01-31 19:16:00,WEAPONS VIOLATION,Public Safety,REPORTED WEAPONS VIOLATION INCIDENT,STREET,1,0,1,49,26,14,2022,1,Monday,19,2022-01
JB002470,2023-10-01 22:30:00,CRIMINAL DAMAGE,Property,REPORTED CRIMINAL DAMAGE INCIDENT,STREET,0,0,19,42,8,11,2023,10,Sunday,22,2023-10
JB002471,2022-06-18 15:13:00,ASSAULT,Violent,REPORTED ASSAULT INCIDENT,APARTMENT,0,0,24,6,6,26,2022,6,Saturday,15,2022-06
JB002472,2023-01-24 13:19:00,THEFT,Property,REPORTED THEFT INCIDENT,RESIDENCE,0,0,8,41,36,26,2023,1,Tuesday,13,2023-01
JB002473,2022-03-06 17:55:00,ASSAULT,Violent,REPORTED ASSAULT INCIDENT,RESTAURANT,0,0,16,37,7,03,2022,3,Sunday,17,2022-03
JB002474,2023-08-18 08:05:00,CRIMINAL DAMAGE,Property,REPORTED CRIMINAL DAMAGE INCIDENT,RESTAURANT,1,0,2,35,25,26,2023,8,Friday,8,2023-08
JB002475,2023-01-01 16:12:00,BATTERY,Violent,REPORTED BATTERY INCIDENT,CTA TRAIN / STATION,0,0,4,45,12,03,2023,1,Sunday,16,2023-01
JB002476,2023-05-11 17:47:00,ROBBERY,Violent,REPORTED ROBBERY INCIDENT,RESIDENCE,0,0,15,9,73,08A,2023,5,Thursday,17,2023-05
JB002477,2022-10-25 00:26:00,BATTERY,Violent,REPORTED BATTERY INCIDENT,APARTMENT,0,1,2,14,11,03,2022,10,Tuesday,0,2022-10
JB002478,2022-10-17 18:51:00,OTHER OFFENSE,Other,REPORTED OTHER OFFENSE INCIDENT,PARKING LOT / GARAGE,0,0,11,42,49,06,2022,10,Monday,18,2022-10
JB002479,2023-08-02 15:15:00,DECEPTIVE PRACTICE,Financial/Cyber,REPORTED DECEPTIVE PRACTICE INCIDENT,PARKING LOT / GARAGE,0,0,22,14,50,08B,2023,8,Wednesday,15,2023-08
JB002480,2022-05-01 22:37:00,MOTOR VEHICLE THEFT,Property,REPORTED MOTOR VEHICLE THEFT INCIDENT,RESTAURANT,0,0,19,27,20,14,2022,5,Sunday,22,2022-05
JB002481,2022-02-19 06:35:00,CRIMINAL DAMAGE,Property,REPORTED CRIMINAL DAMAGE INCIDENT,STREET,0,0,6,43,57,06,2022,2,Saturday,6,2022-02
JB002482,2022-01-07 16:25:00,ASSAULT,Violent,REPORTED ASSAULT INCIDENT,APARTMENT,1,0,5,36,18,03,2022,1,Friday,16,2022-01
JB002483,2023-04-01 00:25:00,CRIMINAL DAMAGE,Property,REPORTED CRIMINAL DAMAGE INCIDENT,APARTMENT,1,0,22,18,51,07,2023,4,Saturday,0,2023-04
JB002484,2022-07-31 17:25:00,THEFT,Property,REPORTED THEFT INCIDENT,PARKING LOT / GARAGE,0,0,16,15,28,11,2022,7,Sunday,17,2022-07
JB002485,2023-08-11 16:01:00,MOTOR VEHICLE THEFT,Property,REPORTED MOTOR VEHICLE THEFT INCIDENT,COMMERCIAL / BUSINESS OFFICE,0,0,14,38,5,26,2023,8,Friday,16,2023-08
JB002486,2023-12-04 06:57:00,THEFT,Property,REPORTED THEFT INCIDENT,APARTMENT,0,0,5,21,8,14,2023,12,Monday,6,2023-12
JB002487,2022-05-10 01:42:00,MOTOR VEHICLE THEFT,Property,REPORTED MOTOR VEHICLE THEFT INCIDENT,PARKING LOT / GARAGE,0,0,24,23,9,05,2022,5,Tuesday,1,2022-05
JB002488,2023-07-09 13:49:00,THEFT,Property,REPORTED THEFT INCIDENT,STREET,1,0,10,7,5,07,2023,7,Sunday,13,2023-07
JB002489,2023-05-05 18:09:00,BATTERY,Violent,REPORTED BATTERY INCIDENT,APARTMENT,0,1,2,41,68,06,2023,5,Friday,18,2023-05
JB002490,2022-03-17 23:28:00,BURGLARY,Property,REPORTED BURGLARY INCIDENT,PARKING LOT / GARAGE,0,0,5,22,33,08B,2022,3,Thursday,23,2022-03
JB002491,2023-10-09 22:19:00,THEFT,Property,REPORTED THEFT INCIDENT,RESIDENCE,0,0,25,45,3,26,2023,10,Monday,22,2023-10
JB002492,2022-04-15 02:38:00,ROBBERY,Violent,REPORTED ROBBERY INCIDENT,STREET,0,0,19,12,23,14,2022,4,Friday,2,2022-04
JB002493,2023-12-22 13:47:00,THEFT,Property,REPORTED THEFT INCIDENT,RESTAURANT,0,0,14,11,1,14,2023,12,Friday,13,2023-12
JB002494,2023-09-06 01:51:00,BATTERY,Violent,REPORTED BATTERY INCIDENT,STREET,0,1,12,26,74,05,2023,9,Wednesday,1,2023-09
JB002495,2023-03-23 03:37:00,ASSAULT,Violent,REPORTED ASSAULT INCIDENT,APARTMENT,0,0,25,23,23,03,2023,3,Thursday,3,2023-03
JB002496,2023-12-15 23:51:00,BATTERY,Violent,REPORTED BATTERY INCIDENT,STREET,0,0,19,14,5,03,2023,12,Friday,23,2023-12
JB002497,2023-04-04 11:18:00,DECEPTIVE PRACTICE,Financial/Cyber,REPORTED DECEPTIVE PRACTICE INCIDENT,APARTMENT,0,0,3,7,67,08B,2023,4,Tuesday,11,2023-04
JB002498,2022-10-14 09:33:00,MOTOR VEHICLE THEFT,Property,REPORTED MOTOR VEHICLE THEFT INCIDENT,COMMERCIAL / BUSINESS OFFICE,0,0,3,18,24,26,2022,10,Friday,9,2022-10
JB002499,2023-06-11 16:05:00,THEFT,Property,REPORTED THEFT INCIDENT,RESIDENCE,0,0,2,4,65,03,2023,6,Sunday,16,2023-06
JB002500,2023-12-22 19:38:00,CRIMINAL DAMAGE,Property,REPORTED CRIMINAL DAMAGE INCIDENT,CTA TRAIN / STATION,0,0,4,49,77,11,2023,12,Friday,19,2023-12
