order_id,order_date,fiscal_year,fiscal_quarter,customer_id,customer_name,account_tier,industry,region,country,sales_channel,product_category,product_sku,product_name,quantity,unit_price,discount_rate_pct,total_amount,cogs_amount,gross_margin_pct,payment_terms,order_status,sales_rep
ORD-2024-00001,2025-10-16,2025,2025-Q4,CUST-0008,Umbrella Life Sciences,Enterprise Strategic,Pharma,US-East,United States,Online B2B Portal,Database Infrastructure,SKU-DB-880,QuantumDB Distributed Cluster,33,15510.0,8.0,470883.6,80379.83,82.93,Quarterly Net 30,Completed,Rachel Green
ORD-2024-00002,2025-03-08,2025,2025-Q1,CUST-0003,Initech Cloud Solutions,Mid-Market,Software,US-East,United States,Direct Field Sales,Database Infrastructure,SKU-DB-880,QuantumDB Distributed Cluster,16,15180.0,8.0,223449.6,47840.56,78.59,Quarterly Net 30,Completed,Elena Rostova
ORD-2024-00003,2025-04-04,2025,2025-Q2,CUST-0018,Virtucon Industries,Enterprise Strategic,Industrial Equipment,APAC-East,South Korea,Direct Field Sales,Cybersecurity Suite,SKU-SEC-402,Zero-Trust Security Perimeter,94,8544.0,13.0,698728.32,190613.09,72.72,Net 90,Completed,Sarah Chen
ORD-2024-00004,2025-01-24,2025,2025-Q1,CUST-0007,Tyrell Synthetic Dynamics,Enterprise Strategic,Robotics,EU-West,France,Online B2B Portal,Cybersecurity Suite,SKU-SEC-410,Compliance & Audit Vault,38,7488.0,21.0,224789.76,57793.45,74.29,Annual Pre-Paid,Completed,Michael Chang
ORD-2024-00005,2024-10-27,2024,2024-Q4,CUST-0024,Aperture Quantum Lab,Mid-Market,Research & Quantum,APAC-East,Taiwan,Strategic Reseller Partner,AI Platform,SKU-AI-9001,Neural Fabric GenAI Platform,4,25792.0,10.0,92851.2,11253.57,87.88,Net 60,Completed,Jessica Taylor
ORD-2024-00006,2024-10-11,2024,2024-Q4,CUST-0030,Sartre Software SAS,SMB Growth,Dev Tools,APAC-South,Singapore,Online B2B Portal,Cybersecurity Suite,SKU-SEC-402,Zero-Trust Security Perimeter,6,9167.0,3.0,53351.94,12479.02,76.61,Net 30,In Fulfillment,Michael Chang
ORD-2024-00007,2026-01-16,2026,2026-Q1,CUST-0016,Dunder Mifflin Paper & Tech,SMB Growth,Retail & Supplies,US-Central,United States,Global Alliance Partner,IoT & Edge Computing,SKU-IOT-330,Edge IoT Fleet Orchestrator,5,6936.0,8.0,31905.6,8786.8,72.46,Net 90,Completed,Elena Rostova
ORD-2024-00008,2026-04-21,2026,2026-Q2,CUST-0003,Initech Cloud Solutions,Mid-Market,Software,APAC-East,South Korea,Online B2B Portal,IoT & Edge Computing,SKU-IOT-330,Edge IoT Fleet Orchestrator,19,7276.0,1.0,136861.56,37582.18,72.54,Net 90,In Fulfillment,Vikram Patel
ORD-2024-00009,2025-05-26,2025,2025-Q2,CUST-0026,Shinra Electric Power,Enterprise Strategic,Energy & Utilities,MEA,United Arab Emirates,Global Alliance Partner,Cybersecurity Suite,SKU-SEC-402,Zero-Trust Security Perimeter,38,9256.0,8.0,323589.76,79894.31,75.31,Quarterly Net 30,Completed,Brian O'Connor
ORD-2024-00010,2025-08-20,2025,2025-Q3,CUST-0026,Shinra Electric Power,Enterprise Strategic,Energy & Utilities,EU-West,France,Strategic Reseller Partner,Cybersecurity Suite,SKU-SEC-402,Zero-Trust Security Perimeter,70,9256.0,15.0,550732.0,121766.85,77.89,Net 60,In Fulfillment,Gabriel Santos
ORD-2024-00011,2025-11-27,2025,2025-Q4,CUST-0028,LexCorp Advanced Metals,Enterprise Strategic,Materials,APAC-East,Taiwan,Direct Field Sales,IoT & Edge Computing,SKU-IOT-330,Edge IoT Fleet Orchestrator,53,6732.0,17.0,296140.68,88812.59,70.01,Quarterly Net 30,Completed,Vikram Patel
ORD-2024-00012,2026-01-08,2026,2026-Q1,CUST-0008,Umbrella Life Sciences,Enterprise Strategic,Pharma,APAC-South,Singapore,Online B2B Portal,Developer Tools,SKU-DEV-701,DevSecOps Automation Mesh,19,4275.0,11.0,72290.25,12990.56,82.03,Net 90,In Fulfillment,Michael Chang
ORD-2024-00013,2026-07-23,2026,2026-Q3,CUST-0007,Tyrell Synthetic Dynamics,Enterprise Strategic,Robotics,LATAM,Brazil,Online B2B Portal,Cloud Infrastructure,SKU-INFRA-805,High-Speed API Gateway Gateway,82,5292.0,9.0,394889.04,93628.19,76.29,Quarterly Net 30,Completed,Rachel Green
ORD-2024-00014,2024-11-27,2024,2024-Q4,CUST-0032,Zeus Renewable Power,Mid-Market,Clean Energy,US-East,United States,Direct Field Sales,Developer Tools,SKU-DEV-701,DevSecOps Automation Mesh,21,4320.0,4.0,87091.2,11722.48,86.54,Net 30,Completed,Astrid Lindgren
ORD-2024-00015,2025-05-12,2025,2025-Q2,CUST-0005,Wayne Enterprises Holdings,Enterprise Strategic,Finance & Industrial,APAC-East,South Korea,Strategic Reseller Partner,Cybersecurity Suite,SKU-SEC-402,Zero-Trust Security Perimeter,89,8989.0,15.0,680017.85,182788.8,73.12,Quarterly Net 30,Completed,Elena Rostova
ORD-2024-00016,2025-07-06,2025,2025-Q3,CUST-0013,Oceanic Airlines Group,Enterprise Strategic,Aviation,APAC-ANZ,Australia,Online B2B Portal,IoT & Edge Computing,SKU-IOT-330,Edge IoT Fleet Orchestrator,90,6732.0,18.0,496821.6,138414.5,72.14,Net 30,In Fulfillment,Elena Rostova
ORD-2024-00017,2024-03-06,2024,2024-Q1,CUST-0022,Gekko Financial Partners,Enterprise Strategic,FinTech & Hedge Fund,US-East,United States,Strategic Reseller Partner,Cybersecurity Suite,SKU-SEC-410,Compliance & Audit Vault,33,7416.0,5.0,232491.6,68654.77,70.47,Net 30,Completed,Hannah Schmidt
ORD-2024-00018,2024-12-04,2024,2024-Q4,CUST-0005,Wayne Enterprises Holdings,Enterprise Strategic,Finance & Industrial,APAC-East,Japan,Strategic Reseller Partner,Enterprise ERP,SKU-ERP-101,Global ERP Enterprise Suite,90,35350.0,15.0,2704275.0,816961.48,69.79,Quarterly Net 30,Completed,Elena Rostova
ORD-2024-00019,2026-03-14,2026,2026-Q1,CUST-0031,Athena Health Systems,Mid-Market,Healthcare,APAC-East,South Korea,Global Alliance Partner,Database Infrastructure,SKU-DB-880,QuantumDB Distributed Cluster,8,16335.0,1.0,129373.2,25370.08,80.39,Annual Pre-Paid,Completed,Vikram Patel
ORD-2024-00020,2025-10-31,2025,2025-Q4,CUST-0007,Tyrell Synthetic Dynamics,Enterprise Strategic,Robotics,US-East,United States,Global Alliance Partner,Developer Tools,SKU-DEV-701,DevSecOps Automation Mesh,107,4320.0,22.0,360547.2,59418.18,83.52,Annual Pre-Paid,In Fulfillment,Jessica Taylor
ORD-2024-00021,2024-07-06,2024,2024-Q3,CUST-0018,Virtucon Industries,Enterprise Strategic,Industrial Equipment,EU-Central,Switzerland,Strategic Reseller Partner,AI Platform,SKU-AI-9001,Neural Fabric GenAI Platform,61,26288.0,21.0,1266818.72,243482.56,80.78,Quarterly Net 30,Completed,Sarah Chen
ORD-2024-00022,2026-08-06,2026,2026-Q3,CUST-0016,Dunder Mifflin Paper & Tech,SMB Growth,Retail & Supplies,US-Central,United States,Global Alliance Partner,AI Platform,SKU-AI-9050,Realtime Anomaly Detection,8,10976.0,2.0,86051.84,18526.96,78.47,Annual Pre-Paid,Completed,Jessica Taylor
ORD-2024-00023,2024-09-28,2024,2024-Q3,CUST-0030,Sartre Software SAS,SMB Growth,Dev Tools,EU-Central,Germany,Global Alliance Partner,Cloud Infrastructure,SKU-INFRA-805,High-Speed API Gateway Gateway,11,5076.0,6.0,52485.84,11877.55,77.37,Net 30,Completed,Astrid Lindgren
ORD-2024-00024,2024-11-17,2024,2024-Q4,CUST-0004,Stark Aerospace & Defense,Enterprise Strategic,Aerospace,US-East,United States,Global Alliance Partner,Cloud Infrastructure,SKU-INFRA-805,High-Speed API Gateway Gateway,114,5022.0,16.0,480906.72,100701.87,79.06,Net 60,Completed,Rachel Green
ORD-2024-00025,2024-03-10,2024,2024-Q1,CUST-0016,Dunder Mifflin Paper & Tech,SMB Growth,Retail & Supplies,EU-North,Netherlands,Direct Field Sales,Cybersecurity Suite,SKU-SEC-410,Compliance & Audit Vault,4,6696.0,5.0,25444.8,7465.5,70.66,Quarterly Net 30,Pending Verification,Brian O'Connor
ORD-2024-00026,2024-09-24,2024,2024-Q3,CUST-0014,Nakatomi Trading Corp,Mid-Market,Trading & Real Estate,APAC-South,Singapore,Online B2B Portal,Database Infrastructure,SKU-DB-880,QuantumDB Distributed Cluster,18,16995.0,6.0,287555.4,59236.41,79.4,Net 90,Completed,Alex Mercer
ORD-2024-00027,2025-04-14,2025,2025-Q2,CUST-0007,Tyrell Synthetic Dynamics,Enterprise Strategic,Robotics,US-West,United States,Strategic Reseller Partner,Cloud Infrastructure,SKU-INFRA-805,High-Speed API Gateway Gateway,38,5292.0,8.0,185008.32,45234.53,75.55,Net 60,Pending Verification,Kenji Sato
ORD-2024-00028,2024-06-10,2024,2024-Q2,CUST-0029,Omni Consumer Products,Enterprise Strategic,Consumer Tech,LATAM,Brazil,Online B2B Portal,Cybersecurity Suite,SKU-SEC-410,Compliance & Audit Vault,108,6624.0,18.0,586621.44,137621.39,76.54,Net 90,Completed,Brian O'Connor
ORD-2024-00029,2024-05-17,2024,2024-Q2,CUST-0017,Sterling Cooper Advertising,Mid-Market,Marketing & Media,US-West,United States,Direct Field Sales,Cloud Infrastructure,SKU-INFRA-805,High-Speed API Gateway Gateway,11,5508.0,4.0,58164.48,11202.48,80.74,Net 60,Pending Verification,Michael Chang
ORD-2024-00030,2025-05-15,2025,2025-Q2,CUST-0017,Sterling Cooper Advertising,Mid-Market,Marketing & Media,MEA,United Arab Emirates,Direct Field Sales,AI Platform,SKU-AI-9001,Neural Fabric GenAI Platform,29,23064.0,12.0,588593.28,102003.22,82.67,Net 60,Pending Verification,Marcus Vance
ORD-2024-00031,2026-01-29,2026,2026-Q1,CUST-0029,Omni Consumer Products,Enterprise Strategic,Consumer Tech,APAC-East,Japan,Global Alliance Partner,Cloud Infrastructure,SKU-INFRA-805,High-Speed API Gateway Gateway,6,5778.0,7.0,32241.24,6277.37,80.53,Net 60,Completed,Hannah Schmidt
ORD-2024-00032,2025-01-13,2025,2025-Q1,CUST-0010,Hooli Enterprise Cloud,Enterprise Strategic,Cloud Services,EU-North,Netherlands,Strategic Reseller Partner,Cloud Infrastructure,SKU-INFRA-801,Enterprise Data Lakehouse Engine,44,13375.0,12.0,517880.0,94357.74,81.78,Net 30,Pending Verification,Elena Rostova
ORD-2024-00033,2025-11-29,2025,2025-Q4,CUST-0016,Dunder Mifflin Paper & Tech,SMB Growth,Retail & Supplies,APAC-South,Singapore,Direct Field Sales,Developer Tools,SKU-DEV-701,DevSecOps Automation Mesh,13,4770.0,4.0,59529.6,6077.97,89.79,Net 60,In Fulfillment,Hannah Schmidt
ORD-2024-00034,2024-06-15,2024,2024-Q2,CUST-0012,Massive Dynamic AI,Enterprise Strategic,Artificial Intelligence,MEA,United Arab Emirates,Global Alliance Partner,Cloud Infrastructure,SKU-INFRA-801,Enterprise Data Lakehouse Engine,27,12125.0,20.0,261900.0,48582.45,81.45,Net 60,Pending Verification,Marcus Vance
ORD-2024-00035,2026-03-17,2026,2026-Q1,CUST-0007,Tyrell Synthetic Dynamics,Enterprise Strategic,Robotics,EU-North,Netherlands,Direct Field Sales,AI Platform,SKU-AI-9050,Realtime Anomaly Detection,33,11984.0,9.0,359879.52,69096.87,80.8,Net 60,In Fulfillment,Alex Mercer
ORD-2024-00036,2025-11-06,2025,2025-Q4,CUST-0013,Oceanic Airlines Group,Enterprise Strategic,Aviation,EU-North,Netherlands,Online B2B Portal,Enterprise ERP,SKU-ERP-101,Global ERP Enterprise Suite,115,36400.0,6.0,3934840.0,1305973.4,66.81,Quarterly Net 30,Completed,Vikram Patel
ORD-2024-00037,2026-05-13,2026,2026-Q2,CUST-0035,Hyperion Data Mesh,Mid-Market,Data Infrastructure,EU-West,France,Direct Field Sales,AI Platform,SKU-AI-9001,Neural Fabric GenAI Platform,18,26536.0,3.0,463318.56,82841.36,82.12,Net 30,Completed,David Lin
ORD-2024-00038,2026-01-16,2026,2026-Q1,CUST-0021,Weyland-Yutani Deep Space,Enterprise Strategic,Energy & Mining,EU-North,Netherlands,Direct Field Sales,IoT & Edge Computing,SKU-IOT-330,Edge IoT Fleet Orchestrator,120,6528.0,17.0,650188.8,171194.71,73.67,Net 30,In Fulfillment,David Lin
ORD-2024-00039,2025-03-17,2025,2025-Q1,CUST-0005,Wayne Enterprises Holdings,Enterprise Strategic,Finance & Industrial,APAC-South,Singapore,Online B2B Portal,Cybersecurity Suite,SKU-SEC-410,Compliance & Audit Vault,45,6768.0,18.0,249739.2,56940.54,77.2,Quarterly Net 30,Pending Verification,Vikram Patel
ORD-2024-00040,2025-02-22,2025,2025-Q1,CUST-0021,Weyland-Yutani Deep Space,Enterprise Strategic,Energy & Mining,EU-North,Netherlands,Online B2B Portal,Cloud Infrastructure,SKU-INFRA-805,High-Speed API Gateway Gateway,21,5562.0,9.0,106289.82,23351.87,78.03,Net 60,Pending Verification,Jessica Taylor
ORD-2024-00041,2025-07-15,2025,2025-Q3,CUST-0001,Cyberdyne Systems Corp,Enterprise Strategic,Technology & AI,EU-Central,Germany,Online B2B Portal,Database Infrastructure,SKU-DB-880,QuantumDB Distributed Cluster,60,16830.0,21.0,797742.0,162898.92,79.58,Annual Pre-Paid,Completed,Vikram Patel
ORD-2024-00042,2024-08-06,2024,2024-Q3,CUST-0033,Apex FinTech Global,Enterprise Strategic,Banking,EU-Central,Switzerland,Strategic Reseller Partner,AI Platform,SKU-AI-9001,Neural Fabric GenAI Platform,41,25296.0,15.0,881565.6,152687.16,82.68,Net 60,Pending Verification,Elena Rostova
ORD-2024-00043,2026-04-05,2026,2026-Q2,CUST-0013,Oceanic Airlines Group,Enterprise Strategic,Aviation,US-Central,United States,Direct Field Sales,Cloud Infrastructure,SKU-INFRA-801,Enterprise Data Lakehouse Engine,36,12750.0,25.0,344250.0,68333.62,80.15,Annual Pre-Paid,Completed,Brian O'Connor
ORD-2024-00044,2025-10-06,2025,2025-Q4,CUST-0013,Oceanic Airlines Group,Enterprise Strategic,Aviation,APAC-ANZ,Australia,Global Alliance Partner,AI Platform,SKU-AI-9050,Realtime Anomaly Detection,56,11424.0,10.0,575769.6,126439.0,78.04,Net 30,Completed,Elena Rostova
ORD-2024-00045,2024-06-29,2024,2024-Q2,CUST-0034,Quantum Peak Labs,SMB Growth,Semiconductor,EU-Central,Switzerland,Direct Field Sales,Cloud Infrastructure,SKU-INFRA-805,High-Speed API Gateway Gateway,4,5076.0,7.0,18882.72,4518.63,76.07,Annual Pre-Paid,Pending Verification,Gabriel Santos
ORD-2024-00046,2026-07-01,2026,2026-Q3,CUST-0029,Omni Consumer Products,Enterprise Strategic,Consumer Tech,APAC-East,Taiwan,Global Alliance Partner,Cloud Infrastructure,SKU-INFRA-805,High-Speed API Gateway Gateway,62,5616.0,23.0,268107.84,56838.86,78.8,Net 90,In Fulfillment,Hannah Schmidt
ORD-2024-00047,2025-10-14,2025,2025-Q4,CUST-0018,Virtucon Industries,Enterprise Strategic,Industrial Equipment,APAC-East,South Korea,Global Alliance Partner,Database Infrastructure,SKU-DB-880,QuantumDB Distributed Cluster,40,16995.0,14.0,584628.0,123473.43,78.88,Net 90,Pending Verification,Brian O'Connor
ORD-2024-00048,2025-07-07,2025,2025-Q3,CUST-0006,Soylent BioTech Global,Mid-Market,BioTech,US-Central,United States,Strategic Reseller Partner,Database Infrastructure,SKU-DB-880,QuantumDB Distributed Cluster,26,16995.0,10.0,397683.0,89438.91,77.51,Annual Pre-Paid,Pending Verification,Michael Chang
ORD-2024-00049,2025-04-22,2025,2025-Q2,CUST-0027,Vault-Tec Security Hub,Enterprise Strategic,Cybersecurity,US-East,United States,Strategic Reseller Partner,IoT & Edge Computing,SKU-IOT-330,Edge IoT Fleet Orchestrator,54,6868.0,23.0,285571.44,75505.09,73.56,Quarterly Net 30,Completed,Chloe Dubois
ORD-2024-00050,2024-01-07,2024,2024-Q1,CUST-0023,Delos Experience Living,Enterprise Strategic,Hospitality,EU-Central,Germany,Global Alliance Partner,IoT & Edge Computing,SKU-IOT-330,Edge IoT Fleet Orchestrator,73,6868.0,20.0,401091.2,108976.48,72.83,Net 60,Completed,Elena Rostova
ORD-2024-00051,2024-10-06,2024,2024-Q4,CUST-0028,LexCorp Advanced Metals,Enterprise Strategic,Materials,EU-Central,Switzerland,Direct Field Sales,IoT & Edge Computing,SKU-IOT-330,Edge IoT Fleet Orchestrator,48,7140.0,18.0,281030.4,73658.07,73.79,Annual Pre-Paid,In Fulfillment,Rachel Green
ORD-2024-00052,2025-06-30,2025,2025-Q2,CUST-0002,Globex Corporation,Enterprise Strategic,Conglomerate,MEA,United Arab Emirates,Global Alliance Partner,Cybersecurity Suite,SKU-SEC-410,Compliance & Audit Vault,77,6696.0,18.0,422785.44,112334.09,73.43,Annual Pre-Paid,In Fulfillment,Alex Mercer
ORD-2024-00053,2024-09-23,2024,2024-Q3,CUST-0025,Black Mesa Research,Enterprise Strategic,Scientific R&D,EU-West,France,Strategic Reseller Partner,AI Platform,SKU-AI-9050,Realtime Anomaly Detection,46,11872.0,12.0,480578.56,95010.38,80.23,Annual Pre-Paid,Pending Verification,Hannah Schmidt
ORD-2024-00054,2024-03-24,2024,2024-Q1,CUST-0031,Athena Health Systems,Mid-Market,Healthcare,US-East,United States,Direct Field Sales,Developer Tools,SKU-DEV-701,DevSecOps Automation Mesh,16,4680.0,10.0,67392.0,8619.44,87.21,Net 30,In Fulfillment,Elena Rostova
ORD-2024-00055,2026-05-09,2026,2026-Q2,CUST-0002,Globex Corporation,Enterprise Strategic,Conglomerate,APAC-East,Taiwan,Strategic Reseller Partner,Database Infrastructure,SKU-DB-880,QuantumDB Distributed Cluster,21,15510.0,14.0,280110.6,43193.05,84.58,Annual Pre-Paid,Pending Verification,Gabriel Santos
ORD-2024-00056,2025-01-12,2025,2025-Q1,CUST-0011,Pied Piper Compression,Mid-Market,DeepTech,APAC-East,Taiwan,Direct Field Sales,Cybersecurity Suite,SKU-SEC-402,Zero-Trust Security Perimeter,21,8188.0,2.0,168509.04,44654.9,73.5,Annual Pre-Paid,Completed,Astrid Lindgren
ORD-2024-00057,2024-07-22,2024,2024-Q3,CUST-0005,Wayne Enterprises Holdings,Enterprise Strategic,Finance & Industrial,APAC-East,Taiwan,Strategic Reseller Partner,AI Platform,SKU-AI-9001,Neural Fabric GenAI Platform,94,26288.0,20.0,1976857.6,300482.36,84.8,Net 30,Completed,David Lin
ORD-2024-00058,2025-06-29,2025,2025-Q2,CUST-0028,LexCorp Advanced Metals,Enterprise Strategic,Materials,APAC-South,Singapore,Online B2B Portal,AI Platform,SKU-AI-9001,Neural Fabric GenAI Platform,69,22816.0,18.0,1290929.28,214810.63,83.36,Annual Pre-Paid,Completed,Jessica Taylor
ORD-2024-00059,2025-01-05,2025,2025-Q1,CUST-0030,Sartre Software SAS,SMB Growth,Dev Tools,APAC-ANZ,Australia,Strategic Reseller Partner,IoT & Edge Computing,SKU-IOT-330,Edge IoT Fleet Orchestrator,3,7276.0,6.0,20518.32,6122.67,70.16,Quarterly Net 30,Completed,Chloe Dubois
ORD-2024-00060,2025-03-22,2025,2025-Q1,CUST-0018,Virtucon Industries,Enterprise Strategic,Industrial Equipment,EU-West,France,Strategic Reseller Partner,AI Platform,SKU-AI-9001,Neural Fabric GenAI Platform,40,23808.0,23.0,733286.4,119379.03,83.72,Quarterly Net 30,Completed,David Lin
ORD-2024-00061,2024-01-30,2024,2024-Q1,CUST-0032,Zeus Renewable Power,Mid-Market,Clean Energy,LATAM,Brazil,Online B2B Portal,Cybersecurity Suite,SKU-SEC-402,Zero-Trust Security Perimeter,33,9345.0,3.0,299133.45,78612.27,73.72,Quarterly Net 30,Pending Verification,Michael Chang
ORD-2024-00062,2024-01-11,2024,2024-Q1,CUST-0034,Quantum Peak Labs,SMB Growth,Semiconductor,EU-West,United Kingdom,Direct Field Sales,Database Infrastructure,SKU-DB-880,QuantumDB Distributed Cluster,12,16665.0,3.0,193980.6,40891.11,78.92,Annual Pre-Paid,Completed,Chloe Dubois
ORD-2024-00063,2026-03-22,2026,2026-Q1,CUST-0002,Globex Corporation,Enterprise Strategic,Conglomerate,US-West,United States,Online B2B Portal,Database Infrastructure,SKU-DB-880,QuantumDB Distributed Cluster,56,16005.0,19.0,725986.8,133218.58,81.65,Annual Pre-Paid,Pending Verification,Jessica Taylor
ORD-2024-00064,2026-02-02,2026,2026-Q1,CUST-0022,Gekko Financial Partners,Enterprise Strategic,FinTech & Hedge Fund,EU-West,France,Global Alliance Partner,Enterprise ERP,SKU-ERP-101,Global ERP Enterprise Suite,44,32900.0,10.0,1302840.0,448958.66,65.54,Net 30,In Fulfillment,Elena Rostova
ORD-2024-00065,2024-08-09,2024,2024-Q3,CUST-0031,Athena Health Systems,Mid-Market,Healthcare,EU-Central,Germany,Online B2B Portal,AI Platform,SKU-AI-9001,Neural Fabric GenAI Platform,14,24304.0,4.0,326645.76,57424.32,82.42,Quarterly Net 30,In Fulfillment,Kenji Sato
ORD-2024-00066,2024-02-16,2024,2024-Q1,CUST-0004,Stark Aerospace & Defense,Enterprise Strategic,Aerospace,APAC-East,Japan,Online B2B Portal,Cybersecurity Suite,SKU-SEC-402,Zero-Trust Security Perimeter,86,8900.0,22.0,597012.0,131462.04,77.98,Quarterly Net 30,Pending Verification,Chloe Dubois
ORD-2024-00067,2025-05-05,2025,2025-Q2,CUST-0029,Omni Consumer Products,Enterprise Strategic,Consumer Tech,EU-West,France,Strategic Reseller Partner,Cloud Infrastructure,SKU-INFRA-801,Enterprise Data Lakehouse Engine,37,12500.0,24.0,351500.0,68261.3,80.58,Annual Pre-Paid,Completed,Sarah Chen
ORD-2024-00068,2025-08-13,2025,2025-Q3,CUST-0004,Stark Aerospace & Defense,Enterprise Strategic,Aerospace,US-Central,United States,Strategic Reseller Partner,Cybersecurity Suite,SKU-SEC-410,Compliance & Audit Vault,43,6912.0,7.0,276410.88,70595.34,74.46,Annual Pre-Paid,In Fulfillment,Gabriel Santos
ORD-2024-00069,2025-06-19,2025,2025-Q2,CUST-0025,Black Mesa Research,Enterprise Strategic,Scientific R&D,EU-Central,Switzerland,Global Alliance Partner,Enterprise ERP,SKU-ERP-101,Global ERP Enterprise Suite,115,34650.0,17.0,3307342.5,1040159.22,68.55,Net 30,Completed,Gabriel Santos
ORD-2024-00070,2024-07-31,2024,2024-Q3,CUST-0014,Nakatomi Trading Corp,Mid-Market,Trading & Real Estate,EU-Central,Germany,Direct Field Sales,Cybersecurity Suite,SKU-SEC-402,Zero-Trust Security Perimeter,17,8277.0,3.0,136487.73,39554.14,71.02,Annual Pre-Paid,Completed,Kenji Sato
ORD-2024-00071,2024-02-03,2024,2024-Q1,CUST-0015,Acme Aerospace Systems,Mid-Market,Manufacturing,EU-Central,Germany,Online B2B Portal,AI Platform,SKU-AI-9050,Realtime Anomaly Detection,6,11984.0,10.0,64713.6,10160.04,84.3,Quarterly Net 30,In Fulfillment,Jessica Taylor
ORD-2024-00072,2024-04-27,2024,2024-Q2,CUST-0035,Hyperion Data Mesh,Mid-Market,Data Infrastructure,EU-West,United Kingdom,Strategic Reseller Partner,Enterprise ERP,SKU-ERP-101,Global ERP Enterprise Suite,11,33250.0,1.0,362092.5,121445.82,66.46,Quarterly Net 30,Pending Verification,Chloe Dubois
ORD-2024-00073,2024-05-07,2024,2024-Q2,CUST-0030,Sartre Software SAS,SMB Growth,Dev Tools,APAC-ANZ,Australia,Online B2B Portal,IoT & Edge Computing,SKU-IOT-330,Edge IoT Fleet Orchestrator,5,6800.0,4.0,32640.0,10235.9,68.64,Net 30,Completed,Astrid Lindgren
ORD-2024-00074,2024-11-26,2024,2024-Q4,CUST-0017,Sterling Cooper Advertising,Mid-Market,Marketing & Media,US-East,United States,Direct Field Sales,Database Infrastructure,SKU-DB-880,QuantumDB Distributed Cluster,38,15180.0,9.0,524924.4,88607.24,83.12,Net 90,Completed,Gabriel Santos
ORD-2024-00075,2026-02-13,2026,2026-Q1,CUST-0012,Massive Dynamic AI,Enterprise Strategic,Artificial Intelligence,EU-Central,Switzerland,Global Alliance Partner,Enterprise ERP,SKU-ERP-101,Global ERP Enterprise Suite,28,34650.0,25.0,727650.0,214583.98,70.51,Net 30,Completed,David Lin
ORD-2024-00076,2025-02-22,2025,2025-Q1,CUST-0022,Gekko Financial Partners,Enterprise Strategic,FinTech & Hedge Fund,EU-West,France,Direct Field Sales,Cybersecurity Suite,SKU-SEC-402,Zero-Trust Security Perimeter,47,8900.0,13.0,363921.0,86249.28,76.3,Annual Pre-Paid,Completed,Chloe Dubois
ORD-2024-00077,2024-03-31,2024,2024-Q1,CUST-0021,Weyland-Yutani Deep Space,Enterprise Strategic,Energy & Mining,EU-Central,Germany,Online B2B Portal,AI Platform,SKU-AI-9001,Neural Fabric GenAI Platform,103,24800.0,13.0,2222328.0,268901.69,87.9,Quarterly Net 30,Completed,Jessica Taylor
ORD-2024-00078,2024-02-25,2024,2024-Q1,CUST-0013,Oceanic Airlines Group,Enterprise Strategic,Aviation,APAC-East,Japan,Online B2B Portal,Cybersecurity Suite,SKU-SEC-410,Compliance & Audit Vault,101,7128.0,15.0,611938.8,181072.69,70.41,Net 90,In Fulfillment,Brian O'Connor
ORD-2024-00079,2024-10-21,2024,2024-Q4,CUST-0029,Omni Consumer Products,Enterprise Strategic,Consumer Tech,MEA,United Arab Emirates,Global Alliance Partner,AI Platform,SKU-AI-9001,Neural Fabric GenAI Platform,8,25296.0,24.0,153799.68,27822.36,81.91,Net 60,Pending Verification,Michael Chang
ORD-2024-00080,2024-01-15,2024,2024-Q1,CUST-0027,Vault-Tec Security Hub,Enterprise Strategic,Cybersecurity,US-West,United States,Strategic Reseller Partner,AI Platform,SKU-AI-9001,Neural Fabric GenAI Platform,64,25296.0,24.0,1230397.44,230945.6,81.23,Net 90,Pending Verification,Jessica Taylor
ORD-2024-00081,2026-05-04,2026,2026-Q2,CUST-0031,Athena Health Systems,Mid-Market,Healthcare,EU-Central,Switzerland,Strategic Reseller Partner,AI Platform,SKU-AI-9050,Realtime Anomaly Detection,37,10640.0,2.0,385806.4,66358.7,82.8,Net 60,Completed,Kenji Sato
ORD-2024-00082,2026-03-02,2026,2026-Q1,CUST-0027,Vault-Tec Security Hub,Enterprise Strategic,Cybersecurity,EU-West,France,Online B2B Portal,Cloud Infrastructure,SKU-INFRA-801,Enterprise Data Lakehouse Engine,41,13125.0,20.0,430500.0,91954.8,78.64,Annual Pre-Paid,In Fulfillment,Chloe Dubois
ORD-2024-00083,2025-07-05,2025,2025-Q3,CUST-0031,Athena Health Systems,Mid-Market,Healthcare,EU-West,France,Online B2B Portal,Cloud Infrastructure,SKU-INFRA-805,High-Speed API Gateway Gateway,36,5778.0,6.0,195527.52,35273.16,81.96,Net 60,Completed,Elena Rostova
ORD-2024-00084,2026-05-26,2026,2026-Q2,CUST-0027,Vault-Tec Security Hub,Enterprise Strategic,Cybersecurity,US-East,United States,Online B2B Portal,AI Platform,SKU-AI-9050,Realtime Anomaly Detection,95,10976.0,23.0,802894.4,113127.82,85.91,Net 60,Completed,Alex Mercer
ORD-2024-00085,2024-05-09,2024,2024-Q2,CUST-0033,Apex FinTech Global,Enterprise Strategic,Banking,APAC-East,Taiwan,Online B2B Portal,AI Platform,SKU-AI-9001,Neural Fabric GenAI Platform,116,23312.0,22.0,2109269.76,268299.11,87.28,Net 30,In Fulfillment,Jessica Taylor
ORD-2024-00086,2026-06-10,2026,2026-Q2,CUST-0010,Hooli Enterprise Cloud,Enterprise Strategic,Cloud Services,US-West,United States,Global Alliance Partner,Enterprise ERP,SKU-ERP-101,Global ERP Enterprise Suite,48,34300.0,17.0,1366512.0,483198.64,64.64,Net 90,Completed,David Lin
ORD-2024-00087,2025-10-03,2025,2025-Q4,CUST-0032,Zeus Renewable Power,Mid-Market,Clean Energy,LATAM,Brazil,Direct Field Sales,Cybersecurity Suite,SKU-SEC-410,Compliance & Audit Vault,6,7416.0,4.0,42716.16,11832.38,72.3,Net 60,Completed,Jessica Taylor
ORD-2024-00088,2024-04-10,2024,2024-Q2,CUST-0007,Tyrell Synthetic Dynamics,Enterprise Strategic,Robotics,EU-Central,Switzerland,Strategic Reseller Partner,Enterprise ERP,SKU-ERP-101,Global ERP Enterprise Suite,120,33950.0,6.0,3829560.0,1361408.58,64.45,Net 90,Pending Verification,Jessica Taylor
ORD-2024-00089,2024-05-29,2024,2024-Q2,CUST-0016,Dunder Mifflin Paper & Tech,SMB Growth,Retail & Supplies,APAC-East,Japan,Global Alliance Partner,Cybersecurity Suite,SKU-SEC-410,Compliance & Audit Vault,11,6840.0,6.0,70725.6,20772.11,70.63,Annual Pre-Paid,In Fulfillment,Chloe Dubois
ORD-2024-00090,2026-07-23,2026,2026-Q3,CUST-0010,Hooli Enterprise Cloud,Enterprise Strategic,Cloud Services,EU-West,United Kingdom,Global Alliance Partner,Enterprise ERP,SKU-ERP-101,Global ERP Enterprise Suite,63,32200.0,10.0,1825740.0,539688.74,70.44,Net 90,In Fulfillment,Sarah Chen
ORD-2024-00091,2025-03-28,2025,2025-Q1,CUST-0023,Delos Experience Living,Enterprise Strategic,Hospitality,APAC-East,Taiwan,Online B2B Portal,IoT & Edge Computing,SKU-IOT-330,Edge IoT Fleet Orchestrator,93,7208.0,10.0,603309.6,183466.45,69.59,Annual Pre-Paid,Completed,Sarah Chen
ORD-2024-00092,2024-08-30,2024,2024-Q3,CUST-0025,Black Mesa Research,Enterprise Strategic,Scientific R&D,APAC-East,Taiwan,Online B2B Portal,Cybersecurity Suite,SKU-SEC-410,Compliance & Audit Vault,42,6984.0,25.0,219996.0,48795.11,77.82,Annual Pre-Paid,Pending Verification,Alex Mercer
ORD-2024-00093,2025-08-02,2025,2025-Q3,CUST-0004,Stark Aerospace & Defense,Enterprise Strategic,Aerospace,MEA,United Arab Emirates,Global Alliance Partner,Enterprise ERP,SKU-ERP-101,Global ERP Enterprise Suite,104,35700.0,21.0,2933112.0,973206.56,66.82,Net 60,Pending Verification,Vikram Patel
ORD-2024-00094,2026-02-12,2026,2026-Q1,CUST-0009,Wonka Global Logistics,Mid-Market,Supply Chain,APAC-South,Singapore,Direct Field Sales,Cloud Infrastructure,SKU-INFRA-801,Enterprise Data Lakehouse Engine,21,11625.0,12.0,214830.0,49582.76,76.92,Net 60,Completed,Brian O'Connor
ORD-2024-00095,2024-10-29,2024,2024-Q4,CUST-0021,Weyland-Yutani Deep Space,Enterprise Strategic,Energy & Mining,APAC-ANZ,Australia,Global Alliance Partner,Cybersecurity Suite,SKU-SEC-402,Zero-Trust Security Perimeter,30,8989.0,8.0,248096.4,52670.87,78.77,Quarterly Net 30,Pending Verification,Hannah Schmidt
ORD-2024-00096,2024-06-17,2024,2024-Q2,CUST-0017,Sterling Cooper Advertising,Mid-Market,Marketing & Media,MEA,United Arab Emirates,Global Alliance Partner,Enterprise ERP,SKU-ERP-101,Global ERP Enterprise Suite,23,34650.0,12.0,701316.0,248265.86,64.6,Net 60,Completed,Hannah Schmidt
ORD-2024-00097,2026-04-03,2026,2026-Q2,CUST-0024,Aperture Quantum Lab,Mid-Market,Research & Quantum,US-West,United States,Global Alliance Partner,Cloud Infrastructure,SKU-INFRA-801,Enterprise Data Lakehouse Engine,18,12375.0,8.0,204930.0,42256.57,79.38,Net 90,Completed,Hannah Schmidt
ORD-2024-00098,2025-10-15,2025,2025-Q4,CUST-0024,Aperture Quantum Lab,Mid-Market,Research & Quantum,US-West,United States,Strategic Reseller Partner,AI Platform,SKU-AI-9050,Realtime Anomaly Detection,3,11984.0,9.0,32716.32,6340.42,80.62,Quarterly Net 30,In Fulfillment,Vikram Patel
ORD-2024-00099,2024-03-05,2024,2024-Q1,CUST-0030,Sartre Software SAS,SMB Growth,Dev Tools,MEA,United Arab Emirates,Online B2B Portal,IoT & Edge Computing,SKU-IOT-330,Edge IoT Fleet Orchestrator,2,7276.0,1.0,14406.48,4260.0,70.43,Annual Pre-Paid,Completed,Sarah Chen
ORD-2024-00100,2024-08-28,2024,2024-Q3,CUST-0035,Hyperion Data Mesh,Mid-Market,Data Infrastructure,US-Central,United States,Global Alliance Partner,AI Platform,SKU-AI-9050,Realtime Anomaly Detection,25,11648.0,10.0,262080.0,37818.14,85.57,Annual Pre-Paid,In Fulfillment,Brian O'Connor
ORD-2024-00101,2025-02-28,2025,2025-Q1,CUST-0007,Tyrell Synthetic Dynamics,Enterprise Strategic,Robotics,LATAM,Brazil,Global Alliance Partner,Cybersecurity Suite,SKU-SEC-410,Compliance & Audit Vault,57,6912.0,24.0,299427.84,73299.94,75.52,Net 60,Completed,Chloe Dubois
ORD-2024-00102,2024-08-29,2024,2024-Q3,CUST-0024,Aperture Quantum Lab,Mid-Market,Research & Quantum,US-West,United States,Online B2B Portal,Cloud Infrastructure,SKU-INFRA-805,High-Speed API Gateway Gateway,24,5184.0,1.0,123171.84,21247.14,82.75,Annual Pre-Paid,Completed,Vikram Patel
ORD-2024-00103,2024-08-05,2024,2024-Q3,CUST-0002,Globex Corporation,Enterprise Strategic,Conglomerate,US-East,United States,Online B2B Portal,Database Infrastructure,SKU-DB-880,QuantumDB Distributed Cluster,21,15675.0,21.0,260048.25,42543.89,83.64,Quarterly Net 30,In Fulfillment,Rachel Green
ORD-2024-00104,2024-08-09,2024,2024-Q3,CUST-0015,Acme Aerospace Systems,Mid-Market,Manufacturing,EU-West,France,Strategic Reseller Partner,Cybersecurity Suite,SKU-SEC-410,Compliance & Audit Vault,2,7776.0,4.0,14929.92,3299.51,77.9,Quarterly Net 30,Pending Verification,Gabriel Santos
ORD-2024-00105,2024-06-27,2024,2024-Q2,CUST-0008,Umbrella Life Sciences,Enterprise Strategic,Pharma,APAC-South,Singapore,Direct Field Sales,Cybersecurity Suite,SKU-SEC-402,Zero-Trust Security Perimeter,6,9345.0,12.0,49341.6,11985.07,75.71,Net 30,In Fulfillment,Kenji Sato
ORD-2024-00106,2024-02-23,2024,2024-Q1,CUST-0009,Wonka Global Logistics,Mid-Market,Supply Chain,APAC-ANZ,Australia,Global Alliance Partner,Cloud Infrastructure,SKU-INFRA-805,High-Speed API Gateway Gateway,9,5400.0,11.0,43254.0,8123.1,81.22,Quarterly Net 30,Completed,Chloe Dubois
ORD-2024-00107,2025-05-30,2025,2025-Q2,CUST-0015,Acme Aerospace Systems,Mid-Market,Manufacturing,APAC-East,Taiwan,Direct Field Sales,Cloud Infrastructure,SKU-INFRA-805,High-Speed API Gateway Gateway,21,5778.0,7.0,112844.34,27658.15,75.49,Annual Pre-Paid,Completed,Jessica Taylor
ORD-2024-00108,2025-12-03,2025,2025-Q4,CUST-0007,Tyrell Synthetic Dynamics,Enterprise Strategic,Robotics,EU-Central,Switzerland,Global Alliance Partner,AI Platform,SKU-AI-9001,Neural Fabric GenAI Platform,120,25296.0,7.0,2823033.6,549644.64,80.53,Net 90,Pending Verification,Jessica Taylor
ORD-2024-00109,2025-09-03,2025,2025-Q3,CUST-0034,Quantum Peak Labs,SMB Growth,Semiconductor,EU-Central,Germany,Global Alliance Partner,Cloud Infrastructure,SKU-INFRA-805,High-Speed API Gateway Gateway,10,5670.0,3.0,54999.0,13243.76,75.92,Quarterly Net 30,In Fulfillment,Jessica Taylor
ORD-2024-00110,2025-04-07,2025,2025-Q2,CUST-0015,Acme Aerospace Systems,Mid-Market,Manufacturing,EU-North,Netherlands,Online B2B Portal,AI Platform,SKU-AI-9050,Realtime Anomaly Detection,27,10528.0,6.0,267200.64,49672.6,81.41,Net 90,Pending Verification,Marcus Vance
ORD-2024-00111,2025-12-04,2025,2025-Q4,CUST-0031,Athena Health Systems,Mid-Market,Healthcare,US-West,United States,Direct Field Sales,AI Platform,SKU-AI-9001,Neural Fabric GenAI Platform,7,25792.0,6.0,169711.36,28884.87,82.98,Net 60,Completed,Rachel Green
ORD-2024-00112,2025-07-29,2025,2025-Q3,CUST-0022,Gekko Financial Partners,Enterprise Strategic,FinTech & Hedge Fund,APAC-South,Singapore,Direct Field Sales,IoT & Edge Computing,SKU-IOT-330,Edge IoT Fleet Orchestrator,50,7276.0,22.0,283764.0,81213.26,71.38,Net 30,Pending Verification,Rachel Green
ORD-2024-00113,2024-11-15,2024,2024-Q4,CUST-0023,Delos Experience Living,Enterprise Strategic,Hospitality,US-West,United States,Strategic Reseller Partner,Cybersecurity Suite,SKU-SEC-402,Zero-Trust Security Perimeter,89,9434.0,15.0,713682.1,186984.71,73.8,Quarterly Net 30,Pending Verification,Sarah Chen
ORD-2024-00114,2026-02-19,2026,2026-Q1,CUST-0018,Virtucon Industries,Enterprise Strategic,Industrial Equipment,APAC-East,Taiwan,Strategic Reseller Partner,IoT & Edge Computing,SKU-IOT-330,Edge IoT Fleet Orchestrator,113,7072.0,16.0,671274.24,181445.43,72.97,Quarterly Net 30,Completed,Rachel Green
ORD-2024-00115,2025-11-04,2025,2025-Q4,CUST-0018,Virtucon Industries,Enterprise Strategic,Industrial Equipment,US-East,United States,Strategic Reseller Partner,Enterprise ERP,SKU-ERP-101,Global ERP Enterprise Suite,94,37450.0,20.0,2816240.0,934710.06,66.81,Net 60,In Fulfillment,Rachel Green
ORD-2024-00116,2025-11-04,2025,2025-Q4,CUST-0026,Shinra Electric Power,Enterprise Strategic,Energy & Utilities,US-West,United States,Strategic Reseller Partner,Cloud Infrastructure,SKU-INFRA-801,Enterprise Data Lakehouse Engine,16,11875.0,20.0,152000.0,34412.8,77.36,Net 90,In Fulfillment,David Lin
ORD-2024-00117,2024-11-15,2024,2024-Q4,CUST-0021,Weyland-Yutani Deep Space,Enterprise Strategic,Energy & Mining,APAC-East,South Korea,Direct Field Sales,Cloud Infrastructure,SKU-INFRA-801,Enterprise Data Lakehouse Engine,24,12750.0,8.0,281520.0,58021.27,79.39,Net 90,Completed,Vikram Patel
ORD-2024-00118,2025-03-10,2025,2025-Q1,CUST-0032,Zeus Renewable Power,Mid-Market,Clean Energy,APAC-East,Taiwan,Global Alliance Partner,IoT & Edge Computing,SKU-IOT-330,Edge IoT Fleet Orchestrator,19,6800.0,3.0,125324.0,36644.74,70.76,Net 30,Pending Verification,Vikram Patel
ORD-2024-00119,2025-11-25,2025,2025-Q4,CUST-0032,Zeus Renewable Power,Mid-Market,Clean Energy,APAC-East,Japan,Online B2B Portal,Cloud Infrastructure,SKU-INFRA-801,Enterprise Data Lakehouse Engine,16,12750.0,6.0,191760.0,49742.54,74.06,Net 90,In Fulfillment,Gabriel Santos
ORD-2024-00120,2024-05-20,2024,2024-Q2,CUST-0017,Sterling Cooper Advertising,Mid-Market,Marketing & Media,EU-Central,Germany,Online B2B Portal,AI Platform,SKU-AI-9001,Neural Fabric GenAI Platform,2,24552.0,7.0,45666.72,8662.98,81.03,Quarterly Net 30,In Fulfillment,Michael Chang
ORD-2024-00121,2025-07-26,2025,2025-Q3,CUST-0023,Delos Experience Living,Enterprise Strategic,Hospitality,US-West,United States,Global Alliance Partner,Cloud Infrastructure,SKU-INFRA-801,Enterprise Data Lakehouse Engine,60,13375.0,5.0,762375.0,145613.62,80.9,Quarterly Net 30,Completed,Rachel Green
ORD-2024-00122,2025-02-18,2025,2025-Q1,CUST-0027,Vault-Tec Security Hub,Enterprise Strategic,Cybersecurity,EU-Central,Germany,Direct Field Sales,IoT & Edge Computing,SKU-IOT-330,Edge IoT Fleet Orchestrator,7,6460.0,24.0,34367.2,8392.47,75.58,Annual Pre-Paid,Pending Verification,Sarah Chen
ORD-2024-00123,2025-03-23,2025,2025-Q1,CUST-0007,Tyrell Synthetic Dynamics,Enterprise Strategic,Robotics,EU-West,United Kingdom,Global Alliance Partner,Cybersecurity Suite,SKU-SEC-410,Compliance & Audit Vault,56,7056.0,15.0,335865.6,92430.21,72.48,Net 90,In Fulfillment,David Lin
ORD-2024-00124,2026-03-08,2026,2026-Q1,CUST-0011,Pied Piper Compression,Mid-Market,DeepTech,US-West,United States,Direct Field Sales,Cloud Infrastructure,SKU-INFRA-805,High-Speed API Gateway Gateway,34,5616.0,3.0,185215.68,41099.36,77.81,Net 60,In Fulfillment,Sarah Chen
ORD-2024-00125,2024-05-29,2024,2024-Q2,CUST-0017,Sterling Cooper Advertising,Mid-Market,Marketing & Media,EU-West,United Kingdom,Strategic Reseller Partner,Cybersecurity Suite,SKU-SEC-410,Compliance & Audit Vault,11,7344.0,11.0,71897.76,20548.38,71.42,Annual Pre-Paid,Completed,Gabriel Santos
ORD-2024-00126,2025-07-31,2025,2025-Q3,CUST-0029,Omni Consumer Products,Enterprise Strategic,Consumer Tech,APAC-South,Singapore,Online B2B Portal,Developer Tools,SKU-DEV-701,DevSecOps Automation Mesh,24,4500.0,14.0,92880.0,12027.96,87.05,Net 90,Completed,David Lin
ORD-2024-00127,2025-06-03,2025,2025-Q2,CUST-0005,Wayne Enterprises Holdings,Enterprise Strategic,Finance & Industrial,EU-Central,Germany,Global Alliance Partner,AI Platform,SKU-AI-9050,Realtime Anomaly Detection,9,11760.0,6.0,99489.6,21280.83,78.61,Net 30,Completed,Chloe Dubois
ORD-2024-00128,2025-08-17,2025,2025-Q3,CUST-0003,Initech Cloud Solutions,Mid-Market,Software,EU-Central,Switzerland,Strategic Reseller Partner,Developer Tools,SKU-DEV-701,DevSecOps Automation Mesh,40,4230.0,7.0,157356.0,27553.04,82.49,Net 30,Pending Verification,Astrid Lindgren
ORD-2024-00129,2024-03-27,2024,2024-Q1,CUST-0033,Apex FinTech Global,Enterprise Strategic,Banking,APAC-South,Singapore,Strategic Reseller Partner,Cloud Infrastructure,SKU-INFRA-801,Enterprise Data Lakehouse Engine,36,13500.0,19.0,393660.0,85857.25,78.19,Quarterly Net 30,In Fulfillment,David Lin
ORD-2024-00130,2025-01-16,2025,2025-Q1,CUST-0019,Buy N Large Retail Mega,Enterprise Strategic,E-Commerce,EU-North,Netherlands,Global Alliance Partner,Developer Tools,SKU-DEV-701,DevSecOps Automation Mesh,91,4725.0,17.0,356879.25,45751.92,87.18,Net 30,Pending Verification,Sarah Chen
ORD-2024-00131,2025-07-25,2025,2025-Q3,CUST-0025,Black Mesa Research,Enterprise Strategic,Scientific R&D,EU-Central,Germany,Online B2B Portal,Cybersecurity Suite,SKU-SEC-410,Compliance & Audit Vault,116,6696.0,8.0,714597.12,176434.03,75.31,Net 90,Pending Verification,Vikram Patel
ORD-2024-00132,2025-12-16,2025,2025-Q4,CUST-0026,Shinra Electric Power,Enterprise Strategic,Energy & Utilities,US-Central,United States,Direct Field Sales,Enterprise ERP,SKU-ERP-101,Global ERP Enterprise Suite,76,36750.0,13.0,2429910.0,716580.46,70.51,Quarterly Net 30,Completed,Vikram Patel
ORD-2024-00133,2025-11-17,2025,2025-Q4,CUST-0028,LexCorp Advanced Metals,Enterprise Strategic,Materials,APAC-East,Japan,Online B2B Portal,Cloud Infrastructure,SKU-INFRA-801,Enterprise Data Lakehouse Engine,51,13375.0,11.0,607091.25,141270.13,76.73,Annual Pre-Paid,In Fulfillment,Elena Rostova
ORD-2024-00134,2024-05-20,2024,2024-Q2,CUST-0010,Hooli Enterprise Cloud,Enterprise Strategic,Cloud Services,US-West,United States,Online B2B Portal,AI Platform,SKU-AI-9001,Neural Fabric GenAI Platform,69,26040.0,20.0,1437408.0,185856.85,87.07,Net 30,Pending Verification,Brian O'Connor
ORD-2024-00135,2026-02-23,2026,2026-Q1,CUST-0009,Wonka Global Logistics,Mid-Market,Supply Chain,APAC-East,Taiwan,Global Alliance Partner,Cybersecurity Suite,SKU-SEC-402,Zero-Trust Security Perimeter,12,9167.0,3.0,106703.88,25608.93,76.0,Net 60,Completed,Alex Mercer
ORD-2024-00136,2025-02-24,2025,2025-Q1,CUST-0024,Aperture Quantum Lab,Mid-Market,Research & Quantum,APAC-South,Singapore,Strategic Reseller Partner,AI Platform,SKU-AI-9050,Realtime Anomaly Detection,20,11760.0,11.0,209328.0,42137.73,79.87,Net 60,Pending Verification,Gabriel Santos
ORD-2024-00137,2026-03-14,2026,2026-Q1,CUST-0031,Athena Health Systems,Mid-Market,Healthcare,MEA,United Arab Emirates,Strategic Reseller Partner,Developer Tools,SKU-DEV-701,DevSecOps Automation Mesh,38,4455.0,15.0,143896.5,22663.7,84.25,Annual Pre-Paid,Completed,Marcus Vance
ORD-2024-00138,2026-04-16,2026,2026-Q2,CUST-0013,Oceanic Airlines Group,Enterprise Strategic,Aviation,APAC-East,South Korea,Strategic Reseller Partner,Enterprise ERP,SKU-ERP-101,Global ERP Enterprise Suite,11,37100.0,18.0,334642.0,105613.02,68.44,Net 30,Completed,Kenji Sato
ORD-2024-00139,2024-03-26,2024,2024-Q1,CUST-0011,Pied Piper Compression,Mid-Market,DeepTech,EU-Central,Germany,Global Alliance Partner,Cloud Infrastructure,SKU-INFRA-805,High-Speed API Gateway Gateway,11,5022.0,12.0,48612.96,8614.22,82.28,Annual Pre-Paid,Pending Verification,Brian O'Connor
ORD-2024-00140,2024-01-28,2024,2024-Q1,CUST-0027,Vault-Tec Security Hub,Enterprise Strategic,Cybersecurity,US-East,United States,Global Alliance Partner,Cloud Infrastructure,SKU-INFRA-805,High-Speed API Gateway Gateway,52,5832.0,10.0,272937.6,60046.27,78.0,Net 30,Pending Verification,Brian O'Connor
ORD-2024-00141,2024-04-11,2024,2024-Q2,CUST-0022,Gekko Financial Partners,Enterprise Strategic,FinTech & Hedge Fund,APAC-East,South Korea,Strategic Reseller Partner,Cybersecurity Suite,SKU-SEC-402,Zero-Trust Security Perimeter,9,9345.0,11.0,74853.45,17538.16,76.57,Net 60,Completed,Chloe Dubois
ORD-2024-00142,2025-09-22,2025,2025-Q3,CUST-0001,Cyberdyne Systems Corp,Enterprise Strategic,Technology & AI,MEA,United Arab Emirates,Direct Field Sales,Cloud Infrastructure,SKU-INFRA-801,Enterprise Data Lakehouse Engine,37,11750.0,9.0,395622.5,73111.04,81.52,Quarterly Net 30,Completed,Sarah Chen
ORD-2024-00143,2026-03-05,2026,2026-Q1,CUST-0019,Buy N Large Retail Mega,Enterprise Strategic,E-Commerce,EU-West,United Kingdom,Online B2B Portal,AI Platform,SKU-AI-9001,Neural Fabric GenAI Platform,11,25296.0,10.0,250430.4,37614.65,84.98,Net 30,Completed,Hannah Schmidt
ORD-2024-00144,2026-07-15,2026,2026-Q3,CUST-0032,Zeus Renewable Power,Mid-Market,Clean Energy,APAC-East,Taiwan,Direct Field Sales,Cloud Infrastructure,SKU-INFRA-805,High-Speed API Gateway Gateway,38,5076.0,4.0,185172.48,39941.7,78.43,Quarterly Net 30,Pending Verification,Elena Rostova
ORD-2024-00145,2025-08-07,2025,2025-Q3,CUST-0027,Vault-Tec Security Hub,Enterprise Strategic,Cybersecurity,US-Central,United States,Direct Field Sales,Cloud Infrastructure,SKU-INFRA-805,High-Speed API Gateway Gateway,51,5400.0,6.0,258876.0,54208.63,79.06,Quarterly Net 30,Completed,Jessica Taylor
ORD-2024-00146,2026-06-13,2026,2026-Q2,CUST-0031,Athena Health Systems,Mid-Market,Healthcare,US-East,United States,Global Alliance Partner,Developer Tools,SKU-DEV-701,DevSecOps Automation Mesh,18,4410.0,11.0,70648.2,12335.18,82.54,Net 60,Completed,Gabriel Santos
ORD-2024-00147,2025-08-18,2025,2025-Q3,CUST-0022,Gekko Financial Partners,Enterprise Strategic,FinTech & Hedge Fund,US-Central,United States,Direct Field Sales,Developer Tools,SKU-DEV-701,DevSecOps Automation Mesh,74,4590.0,12.0,298900.8,33955.13,88.64,Annual Pre-Paid,Completed,Vikram Patel
ORD-2024-00148,2024-07-05,2024,2024-Q3,CUST-0009,Wonka Global Logistics,Mid-Market,Supply Chain,US-West,United States,Global Alliance Partner,Cloud Infrastructure,SKU-INFRA-801,Enterprise Data Lakehouse Engine,20,13125.0,3.0,254625.0,48149.59,81.09,Net 90,Pending Verification,Michael Chang
ORD-2024-00149,2025-02-11,2025,2025-Q1,CUST-0035,Hyperion Data Mesh,Mid-Market,Data Infrastructure,EU-Central,Switzerland,Online B2B Portal,Cloud Infrastructure,SKU-INFRA-801,Enterprise Data Lakehouse Engine,14,13250.0,4.0,178080.0,45624.1,74.38,Net 90,Pending Verification,Sarah Chen
ORD-2024-00150,2026-03-29,2026,2026-Q1,CUST-0024,Aperture Quantum Lab,Mid-Market,Research & Quantum,EU-North,Netherlands,Global Alliance Partner,AI Platform,SKU-AI-9050,Realtime Anomaly Detection,26,10640.0,5.0,262808.0,43258.2,83.54,Net 90,Pending Verification,Gabriel Santos
ORD-2024-00151,2024-03-25,2024,2024-Q1,CUST-0028,LexCorp Advanced Metals,Enterprise Strategic,Materials,US-West,United States,Global Alliance Partner,Cybersecurity Suite,SKU-SEC-410,Compliance & Audit Vault,110,6984.0,9.0,699098.4,203996.91,70.82,Net 90,Pending Verification,Kenji Sato
ORD-2024-00152,2025-04-01,2025,2025-Q2,CUST-0028,LexCorp Advanced Metals,Enterprise Strategic,Materials,US-Central,United States,Global Alliance Partner,Developer Tools,SKU-DEV-701,DevSecOps Automation Mesh,62,4770.0,6.0,277995.6,42199.73,84.82,Annual Pre-Paid,Pending Verification,Vikram Patel
ORD-2024-00153,2026-03-21,2026,2026-Q1,CUST-0004,Stark Aerospace & Defense,Enterprise Strategic,Aerospace,US-West,United States,Global Alliance Partner,Developer Tools,SKU-DEV-701,DevSecOps Automation Mesh,70,4635.0,21.0,256315.5,26605.55,89.62,Net 60,Completed,Alex Mercer
ORD-2024-00154,2024-05-09,2024,2024-Q2,CUST-0005,Wayne Enterprises Holdings,Enterprise Strategic,Finance & Industrial,EU-West,United Kingdom,Online B2B Portal,Developer Tools,SKU-DEV-701,DevSecOps Automation Mesh,54,4185.0,24.0,171752.4,28802.88,83.23,Annual Pre-Paid,Pending Verification,David Lin
ORD-2024-00155,2025-03-30,2025,2025-Q1,CUST-0005,Wayne Enterprises Holdings,Enterprise Strategic,Finance & Industrial,APAC-East,Taiwan,Strategic Reseller Partner,Cloud Infrastructure,SKU-INFRA-805,High-Speed API Gateway Gateway,51,5508.0,13.0,244389.96,56209.69,77.0,Net 30,Completed,Astrid Lindgren
ORD-2024-00156,2024-07-09,2024,2024-Q3,CUST-0032,Zeus Renewable Power,Mid-Market,Clean Energy,APAC-East,Japan,Global Alliance Partner,Cloud Infrastructure,SKU-INFRA-805,High-Speed API Gateway Gateway,9,5184.0,4.0,44789.76,9598.45,78.57,Quarterly Net 30,Pending Verification,Astrid Lindgren
ORD-2024-00157,2026-07-27,2026,2026-Q3,CUST-0032,Zeus Renewable Power,Mid-Market,Clean Energy,EU-West,United Kingdom,Direct Field Sales,Cybersecurity Suite,SKU-SEC-402,Zero-Trust Security Perimeter,6,9434.0,7.0,52641.72,13392.05,74.56,Net 30,Pending Verification,Vikram Patel
ORD-2024-00158,2024-12-21,2024,2024-Q4,CUST-0005,Wayne Enterprises Holdings,Enterprise Strategic,Finance & Industrial,APAC-East,Japan,Online B2B Portal,Enterprise ERP,SKU-ERP-101,Global ERP Enterprise Suite,113,36050.0,8.0,3747758.0,1139318.43,69.6,Net 60,Pending Verification,Michael Chang
ORD-2024-00159,2024-08-17,2024,2024-Q3,CUST-0008,Umbrella Life Sciences,Enterprise Strategic,Pharma,EU-West,United Kingdom,Strategic Reseller Partner,Database Infrastructure,SKU-DB-880,QuantumDB Distributed Cluster,106,16170.0,15.0,1456917.0,268364.11,81.58,Annual Pre-Paid,In Fulfillment,Rachel Green
ORD-2024-00160,2026-06-24,2026,2026-Q2,CUST-0006,Soylent BioTech Global,Mid-Market,BioTech,US-West,United States,Online B2B Portal,IoT & Edge Computing,SKU-IOT-330,Edge IoT Fleet Orchestrator,32,7072.0,8.0,208199.68,52903.54,74.59,Net 30,In Fulfillment,David Lin
ORD-2024-00161,2025-10-19,2025,2025-Q4,CUST-0005,Wayne Enterprises Holdings,Enterprise Strategic,Finance & Industrial,EU-Central,Switzerland,Global Alliance Partner,Cloud Infrastructure,SKU-INFRA-805,High-Speed API Gateway Gateway,49,5670.0,8.0,255603.6,52628.78,79.41,Quarterly Net 30,In Fulfillment,Gabriel Santos
ORD-2024-00162,2024-05-12,2024,2024-Q2,CUST-0028,LexCorp Advanced Metals,Enterprise Strategic,Materials,APAC-East,Japan,Direct Field Sales,AI Platform,SKU-AI-9001,Neural Fabric GenAI Platform,71,23560.0,8.0,1538939.2,268083.21,82.58,Net 60,Pending Verification,Michael Chang
ORD-2024-00163,2026-07-05,2026,2026-Q3,CUST-0019,Buy N Large Retail Mega,Enterprise Strategic,E-Commerce,LATAM,Brazil,Direct Field Sales,Enterprise ERP,SKU-ERP-101,Global ERP Enterprise Suite,30,35350.0,18.0,869610.0,304363.5,65.0,Net 90,Completed,Michael Chang
ORD-2024-00164,2025-10-18,2025,2025-Q4,CUST-0011,Pied Piper Compression,Mid-Market,DeepTech,APAC-East,Taiwan,Strategic Reseller Partner,Cybersecurity Suite,SKU-SEC-402,Zero-Trust Security Perimeter,40,9523.0,5.0,361874.0,103749.28,71.33,Net 30,Completed,Alex Mercer
ORD-2024-00165,2025-10-18,2025,2025-Q4,CUST-0017,Sterling Cooper Advertising,Mid-Market,Marketing & Media,APAC-South,Singapore,Strategic Reseller Partner,Cybersecurity Suite,SKU-SEC-410,Compliance & Audit Vault,28,6624.0,9.0,168779.52,38633.63,77.11,Quarterly Net 30,Pending Verification,Vikram Patel
ORD-2024-00166,2024-11-05,2024,2024-Q4,CUST-0031,Athena Health Systems,Mid-Market,Healthcare,EU-West,United Kingdom,Global Alliance Partner,Enterprise ERP,SKU-ERP-101,Global ERP Enterprise Suite,31,32550.0,1.0,998959.5,324462.05,67.52,Annual Pre-Paid,Completed,Elena Rostova
ORD-2024-00167,2024-12-14,2024,2024-Q4,CUST-0010,Hooli Enterprise Cloud,Enterprise Strategic,Cloud Services,EU-West,France,Online B2B Portal,Developer Tools,SKU-DEV-701,DevSecOps Automation Mesh,56,4410.0,8.0,227203.2,30695.15,86.49,Net 90,In Fulfillment,Chloe Dubois
ORD-2024-00168,2024-05-05,2024,2024-Q2,CUST-0018,Virtucon Industries,Enterprise Strategic,Industrial Equipment,EU-Central,Switzerland,Strategic Reseller Partner,Cybersecurity Suite,SKU-SEC-402,Zero-Trust Security Perimeter,17,9523.0,6.0,152177.54,33616.02,77.91,Annual Pre-Paid,In Fulfillment,Hannah Schmidt
ORD-2024-00169,2026-07-12,2026,2026-Q3,CUST-0011,Pied Piper Compression,Mid-Market,DeepTech,LATAM,Brazil,Online B2B Portal,Cybersecurity Suite,SKU-SEC-410,Compliance & Audit Vault,22,6840.0,3.0,145965.6,32156.22,77.97,Annual Pre-Paid,Completed,Brian O'Connor
ORD-2024-00170,2024-11-11,2024,2024-Q4,CUST-0032,Zeus Renewable Power,Mid-Market,Clean Energy,US-East,United States,Direct Field Sales,IoT & Edge Computing,SKU-IOT-330,Edge IoT Fleet Orchestrator,34,6528.0,7.0,206415.36,56413.32,72.67,Net 30,Completed,Kenji Sato
ORD-2024-00171,2025-05-21,2025,2025-Q2,CUST-0031,Athena Health Systems,Mid-Market,Healthcare,EU-Central,Germany,Direct Field Sales,AI Platform,SKU-AI-9001,Neural Fabric GenAI Platform,29,23808.0,2.0,676623.36,115499.61,82.93,Annual Pre-Paid,Pending Verification,Alex Mercer
ORD-2024-00172,2025-02-14,2025,2025-Q1,CUST-0004,Stark Aerospace & Defense,Enterprise Strategic,Aerospace,APAC-East,Taiwan,Strategic Reseller Partner,Developer Tools,SKU-DEV-701,DevSecOps Automation Mesh,75,4410.0,11.0,294367.5,42388.92,85.6,Quarterly Net 30,Pending Verification,Hannah Schmidt
ORD-2024-00173,2025-09-30,2025,2025-Q3,CUST-0008,Umbrella Life Sciences,Enterprise Strategic,Pharma,US-Central,United States,Direct Field Sales,IoT & Edge Computing,SKU-IOT-330,Edge IoT Fleet Orchestrator,52,6596.0,21.0,270963.68,66359.01,75.51,Net 60,In Fulfillment,Rachel Green
ORD-2024-00174,2025-06-05,2025,2025-Q2,CUST-0026,Shinra Electric Power,Enterprise Strategic,Energy & Utilities,APAC-East,Japan,Direct Field Sales,Cloud Infrastructure,SKU-INFRA-801,Enterprise Data Lakehouse Engine,9,12125.0,8.0,100395.0,22297.73,77.79,Annual Pre-Paid,In Fulfillment,Rachel Green
ORD-2024-00175,2026-07-03,2026,2026-Q3,CUST-0033,Apex FinTech Global,Enterprise Strategic,Banking,US-Central,United States,Online B2B Portal,Cybersecurity Suite,SKU-SEC-410,Compliance & Audit Vault,45,7776.0,8.0,321926.4,77552.07,75.91,Net 90,Pending Verification,Michael Chang
ORD-2024-00176,2026-04-28,2026,2026-Q2,CUST-0033,Apex FinTech Global,Enterprise Strategic,Banking,APAC-East,Japan,Global Alliance Partner,Cybersecurity Suite,SKU-SEC-410,Compliance & Audit Vault,43,6624.0,14.0,244955.52,66995.33,72.65,Net 30,Completed,Rachel Green
ORD-2024-00177,2024-11-11,2024,2024-Q4,CUST-0002,Globex Corporation,Enterprise Strategic,Conglomerate,APAC-East,Taiwan,Global Alliance Partner,Enterprise ERP,SKU-ERP-101,Global ERP Enterprise Suite,88,36400.0,21.0,2530528.0,794079.69,68.62,Net 30,Completed,Marcus Vance
ORD-2024-00178,2025-06-20,2025,2025-Q2,CUST-0025,Black Mesa Research,Enterprise Strategic,Scientific R&D,US-Central,United States,Strategic Reseller Partner,Cloud Infrastructure,SKU-INFRA-801,Enterprise Data Lakehouse Engine,78,11750.0,24.0,696540.0,180055.59,74.15,Net 90,Completed,Marcus Vance
ORD-2024-00179,2025-02-26,2025,2025-Q1,CUST-0014,Nakatomi Trading Corp,Mid-Market,Trading & Real Estate,EU-North,Netherlands,Global Alliance Partner,Cloud Infrastructure,SKU-INFRA-801,Enterprise Data Lakehouse Engine,10,12625.0,8.0,116150.0,20930.23,81.98,Annual Pre-Paid,Completed,David Lin
ORD-2024-00180,2024-06-26,2024,2024-Q2,CUST-0030,Sartre Software SAS,SMB Growth,Dev Tools,MEA,United Arab Emirates,Online B2B Portal,Cloud Infrastructure,SKU-INFRA-805,High-Speed API Gateway Gateway,6,5724.0,5.0,32626.8,6378.54,80.45,Net 90,Completed,Elena Rostova
ORD-2024-00181,2024-09-09,2024,2024-Q3,CUST-0018,Virtucon Industries,Enterprise Strategic,Industrial Equipment,APAC-East,Japan,Online B2B Portal,Database Infrastructure,SKU-DB-880,QuantumDB Distributed Cluster,43,16995.0,20.0,584628.0,102192.97,82.52,Annual Pre-Paid,Pending Verification,Chloe Dubois
ORD-2024-00182,2024-12-23,2024,2024-Q4,CUST-0018,Virtucon Industries,Enterprise Strategic,Industrial Equipment,EU-Central,Germany,Direct Field Sales,Cybersecurity Suite,SKU-SEC-410,Compliance & Audit Vault,91,7632.0,16.0,583390.08,156581.9,73.16,Net 90,In Fulfillment,Kenji Sato
ORD-2024-00183,2024-02-13,2024,2024-Q1,CUST-0019,Buy N Large Retail Mega,Enterprise Strategic,E-Commerce,APAC-ANZ,Australia,Direct Field Sales,Developer Tools,SKU-DEV-701,DevSecOps Automation Mesh,61,4680.0,18.0,234093.6,38133.85,83.71,Quarterly Net 30,Pending Verification,Brian O'Connor
ORD-2024-00184,2025-07-29,2025,2025-Q3,CUST-0018,Virtucon Industries,Enterprise Strategic,Industrial Equipment,US-Central,United States,Direct Field Sales,Cybersecurity Suite,SKU-SEC-410,Compliance & Audit Vault,99,6912.0,17.0,567959.04,139945.11,75.36,Quarterly Net 30,In Fulfillment,Vikram Patel
ORD-2024-00185,2024-08-26,2024,2024-Q3,CUST-0004,Stark Aerospace & Defense,Enterprise Strategic,Aerospace,US-West,United States,Global Alliance Partner,Developer Tools,SKU-DEV-701,DevSecOps Automation Mesh,96,4635.0,14.0,382665.6,64670.49,83.1,Quarterly Net 30,In Fulfillment,Jessica Taylor
ORD-2024-00186,2025-10-30,2025,2025-Q4,CUST-0031,Athena Health Systems,Mid-Market,Healthcare,EU-Central,Switzerland,Strategic Reseller Partner,Enterprise ERP,SKU-ERP-101,Global ERP Enterprise Suite,22,32550.0,4.0,687456.0,205205.62,70.15,Quarterly Net 30,In Fulfillment,Michael Chang
ORD-2024-00187,2026-01-26,2026,2026-Q1,CUST-0003,Initech Cloud Solutions,Mid-Market,Software,MEA,United Arab Emirates,Strategic Reseller Partner,IoT & Edge Computing,SKU-IOT-330,Edge IoT Fleet Orchestrator,13,6324.0,14.0,70702.32,17894.76,74.69,Annual Pre-Paid,In Fulfillment,Brian O'Connor
ORD-2024-00188,2026-02-05,2026,2026-Q1,CUST-0019,Buy N Large Retail Mega,Enterprise Strategic,E-Commerce,MEA,United Arab Emirates,Direct Field Sales,Cloud Infrastructure,SKU-INFRA-801,Enterprise Data Lakehouse Engine,43,11750.0,16.0,424410.0,76987.97,81.86,Net 90,Completed,Vikram Patel
ORD-2024-00189,2025-07-10,2025,2025-Q3,CUST-0034,Quantum Peak Labs,SMB Growth,Semiconductor,EU-Central,Switzerland,Strategic Reseller Partner,Cloud Infrastructure,SKU-INFRA-805,High-Speed API Gateway Gateway,8,5670.0,2.0,44452.8,9935.2,77.65,Annual Pre-Paid,Pending Verification,Astrid Lindgren
ORD-2024-00190,2024-07-09,2024,2024-Q3,CUST-0001,Cyberdyne Systems Corp,Enterprise Strategic,Technology & AI,APAC-ANZ,Australia,Online B2B Portal,Enterprise ERP,SKU-ERP-101,Global ERP Enterprise Suite,77,33250.0,18.0,2099405.0,653124.9,68.89,Annual Pre-Paid,Completed,Michael Chang
ORD-2024-00191,2024-12-01,2024,2024-Q4,CUST-0006,Soylent BioTech Global,Mid-Market,BioTech,EU-North,Netherlands,Direct Field Sales,Cybersecurity Suite,SKU-SEC-402,Zero-Trust Security Perimeter,10,9523.0,7.0,88563.9,25639.25,71.05,Annual Pre-Paid,In Fulfillment,Chloe Dubois
ORD-2024-00192,2026-02-10,2026,2026-Q1,CUST-0018,Virtucon Industries,Enterprise Strategic,Industrial Equipment,EU-West,France,Online B2B Portal,Cybersecurity Suite,SKU-SEC-410,Compliance & Audit Vault,97,6912.0,16.0,563189.76,152737.06,72.88,Net 60,Completed,Vikram Patel
ORD-2024-00193,2024-05-01,2024,2024-Q2,CUST-0030,Sartre Software SAS,SMB Growth,Dev Tools,EU-Central,Germany,Strategic Reseller Partner,IoT & Edge Computing,SKU-IOT-330,Edge IoT Fleet Orchestrator,11,7208.0,4.0,76116.48,20071.92,73.63,Net 90,Completed,Vikram Patel
ORD-2024-00194,2026-07-27,2026,2026-Q3,CUST-0019,Buy N Large Retail Mega,Enterprise Strategic,E-Commerce,EU-West,France,Strategic Reseller Partner,Database Infrastructure,SKU-DB-880,QuantumDB Distributed Cluster,22,16335.0,15.0,305464.5,46094.59,84.91,Net 90,Completed,Astrid Lindgren
ORD-2024-00195,2025-07-16,2025,2025-Q3,CUST-0031,Athena Health Systems,Mid-Market,Healthcare,APAC-East,South Korea,Strategic Reseller Partner,Database Infrastructure,SKU-DB-880,QuantumDB Distributed Cluster,40,15345.0,13.0,534006.0,103757.37,80.57,Net 90,Completed,Brian O'Connor
ORD-2024-00196,2025-07-31,2025,2025-Q3,CUST-0008,Umbrella Life Sciences,Enterprise Strategic,Pharma,US-East,United States,Strategic Reseller Partner,Cybersecurity Suite,SKU-SEC-410,Compliance & Audit Vault,73,6984.0,8.0,469045.44,121201.34,74.16,Net 30,In Fulfillment,Astrid Lindgren
ORD-2024-00197,2025-08-20,2025,2025-Q3,CUST-0032,Zeus Renewable Power,Mid-Market,Clean Energy,US-West,United States,Global Alliance Partner,Cloud Infrastructure,SKU-INFRA-801,Enterprise Data Lakehouse Engine,31,12375.0,2.0,375952.5,80792.19,78.51,Quarterly Net 30,Completed,Vikram Patel
ORD-2024-00198,2026-04-06,2026,2026-Q2,CUST-0020,Oscorp Pharmaceutical,Enterprise Strategic,Life Sciences,APAC-ANZ,Australia,Direct Field Sales,IoT & Edge Computing,SKU-IOT-330,Edge IoT Fleet Orchestrator,37,7072.0,21.0,206714.56,56577.78,72.63,Net 30,Completed,David Lin
ORD-2024-00199,2025-12-18,2025,2025-Q4,CUST-0005,Wayne Enterprises Holdings,Enterprise Strategic,Finance & Industrial,APAC-East,Japan,Direct Field Sales,AI Platform,SKU-AI-9001,Neural Fabric GenAI Platform,65,24552.0,6.0,1500127.2,207767.62,86.15,Annual Pre-Paid,Pending Verification,Brian O'Connor
ORD-2024-00200,2025-01-26,2025,2025-Q1,CUST-0029,Omni Consumer Products,Enterprise Strategic,Consumer Tech,LATAM,Brazil,Global Alliance Partner,IoT & Edge Computing,SKU-IOT-330,Edge IoT Fleet Orchestrator,15,7004.0,19.0,85098.6,23563.8,72.31,Net 90,Completed,Marcus Vance
ORD-2024-00201,2025-07-04,2025,2025-Q3,CUST-0026,Shinra Electric Power,Enterprise Strategic,Energy & Utilities,APAC-East,Japan,Strategic Reseller Partner,Database Infrastructure,SKU-DB-880,QuantumDB Distributed Cluster,111,15180.0,5.0,1600731.0,329910.66,79.39,Quarterly Net 30,Completed,Michael Chang
ORD-2024-00202,2025-01-23,2025,2025-Q1,CUST-0015,Acme Aerospace Systems,Mid-Market,Manufacturing,EU-West,United Kingdom,Global Alliance Partner,Developer Tools,SKU-DEV-701,DevSecOps Automation Mesh,11,4815.0,4.0,50846.4,6203.26,87.8,Net 30,Completed,Gabriel Santos
ORD-2024-00203,2025-11-07,2025,2025-Q4,CUST-0027,Vault-Tec Security Hub,Enterprise Strategic,Cybersecurity,APAC-East,Taiwan,Direct Field Sales,Database Infrastructure,SKU-DB-880,QuantumDB Distributed Cluster,31,16830.0,6.0,490426.2,95289.81,80.57,Net 30,In Fulfillment,Astrid Lindgren
ORD-2024-00204,2024-02-15,2024,2024-Q1,CUST-0026,Shinra Electric Power,Enterprise Strategic,Energy & Utilities,EU-Central,Switzerland,Strategic Reseller Partner,Cloud Infrastructure,SKU-INFRA-805,High-Speed API Gateway Gateway,32,5616.0,20.0,143769.6,34332.18,76.12,Net 90,In Fulfillment,Hannah Schmidt
ORD-2024-00205,2026-07-27,2026,2026-Q3,CUST-0021,Weyland-Yutani Deep Space,Enterprise Strategic,Energy & Mining,APAC-East,Taiwan,Online B2B Portal,Database Infrastructure,SKU-DB-880,QuantumDB Distributed Cluster,43,17820.0,23.0,590020.2,111100.8,81.17,Annual Pre-Paid,Pending Verification,Kenji Sato
ORD-2024-00206,2024-03-03,2024,2024-Q1,CUST-0012,Massive Dynamic AI,Enterprise Strategic,Artificial Intelligence,APAC-South,Singapore,Global Alliance Partner,Cloud Infrastructure,SKU-INFRA-805,High-Speed API Gateway Gateway,68,5292.0,6.0,338264.64,67145.53,80.15,Annual Pre-Paid,Pending Verification,Astrid Lindgren
ORD-2024-00207,2025-03-02,2025,2025-Q1,CUST-0027,Vault-Tec Security Hub,Enterprise Strategic,Cybersecurity,US-Central,United States,Online B2B Portal,IoT & Edge Computing,SKU-IOT-330,Edge IoT Fleet Orchestrator,28,6800.0,20.0,152320.0,38399.87,74.79,Net 90,In Fulfillment,Gabriel Santos
ORD-2024-00208,2025-04-19,2025,2025-Q2,CUST-0004,Stark Aerospace & Defense,Enterprise Strategic,Aerospace,APAC-East,Japan,Global Alliance Partner,IoT & Edge Computing,SKU-IOT-330,Edge IoT Fleet Orchestrator,76,6664.0,16.0,425429.76,127458.76,70.04,Net 90,Completed,Brian O'Connor
ORD-2024-00209,2025-04-05,2025,2025-Q2,CUST-0024,Aperture Quantum Lab,Mid-Market,Research & Quantum,US-West,United States,Strategic Reseller Partner,Cloud Infrastructure,SKU-INFRA-801,Enterprise Data Lakehouse Engine,19,12750.0,6.0,227715.0,58477.21,74.32,Net 30,In Fulfillment,Gabriel Santos
ORD-2024-00210,2026-02-18,2026,2026-Q1,CUST-0014,Nakatomi Trading Corp,Mid-Market,Trading & Real Estate,EU-Central,Switzerland,Strategic Reseller Partner,Developer Tools,SKU-DEV-701,DevSecOps Automation Mesh,21,4140.0,14.0,74768.4,7850.68,89.5,Net 30,Completed,Brian O'Connor
ORD-2024-00211,2024-09-05,2024,2024-Q3,CUST-0014,Nakatomi Trading Corp,Mid-Market,Trading & Real Estate,EU-North,Netherlands,Strategic Reseller Partner,Cloud Infrastructure,SKU-INFRA-805,High-Speed API Gateway Gateway,22,5292.0,12.0,102453.12,21238.53,79.27,Net 90,Pending Verification,Kenji Sato
ORD-2024-00212,2025-01-03,2025,2025-Q1,CUST-0033,Apex FinTech Global,Enterprise Strategic,Banking,MEA,United Arab Emirates,Global Alliance Partner,AI Platform,SKU-AI-9050,Realtime Anomaly Detection,17,11648.0,21.0,156432.64,24888.43,84.09,Net 90,In Fulfillment,David Lin
ORD-2024-00213,2024-11-16,2024,2024-Q4,CUST-0027,Vault-Tec Security Hub,Enterprise Strategic,Cybersecurity,US-East,United States,Strategic Reseller Partner,Cybersecurity Suite,SKU-SEC-402,Zero-Trust Security Perimeter,7,9523.0,10.0,59994.9,14620.76,75.63,Annual Pre-Paid,Pending Verification,Marcus Vance
ORD-2024-00214,2024-07-19,2024,2024-Q3,CUST-0022,Gekko Financial Partners,Enterprise Strategic,FinTech & Hedge Fund,EU-West,United Kingdom,Global Alliance Partner,Cybersecurity Suite,SKU-SEC-410,Compliance & Audit Vault,111,7272.0,10.0,726472.8,163093.14,77.55,Net 90,Pending Verification,Gabriel Santos
ORD-2024-00215,2026-04-21,2026,2026-Q2,CUST-0032,Zeus Renewable Power,Mid-Market,Clean Energy,APAC-ANZ,Australia,Global Alliance Partner,AI Platform,SKU-AI-9050,Realtime Anomaly Detection,12,10976.0,11.0,117223.68,24476.3,79.12,Quarterly Net 30,Completed,Marcus Vance
ORD-2024-00216,2026-07-27,2026,2026-Q3,CUST-0035,Hyperion Data Mesh,Mid-Market,Data Infrastructure,APAC-South,Singapore,Direct Field Sales,Cloud Infrastructure,SKU-INFRA-805,High-Speed API Gateway Gateway,4,5022.0,13.0,17476.56,3226.17,81.54,Net 30,Completed,Jessica Taylor
ORD-2024-00217,2024-05-20,2024,2024-Q2,CUST-0015,Acme Aerospace Systems,Mid-Market,Manufacturing,US-West,United States,Strategic Reseller Partner,Cloud Infrastructure,SKU-INFRA-801,Enterprise Data Lakehouse Engine,15,12250.0,8.0,169050.0,35601.93,78.94,Quarterly Net 30,Completed,Vikram Patel
ORD-2024-00218,2025-05-14,2025,2025-Q2,CUST-0002,Globex Corporation,Enterprise Strategic,Conglomerate,US-East,United States,Global Alliance Partner,Cloud Infrastructure,SKU-INFRA-801,Enterprise Data Lakehouse Engine,7,12000.0,16.0,70560.0,12827.81,81.82,Net 30,Completed,Gabriel Santos
ORD-2024-00219,2026-07-20,2026,2026-Q3,CUST-0012,Massive Dynamic AI,Enterprise Strategic,Artificial Intelligence,US-West,United States,Direct Field Sales,Cloud Infrastructure,SKU-INFRA-805,High-Speed API Gateway Gateway,24,5508.0,10.0,118972.8,27339.95,77.02,Net 90,Pending Verification,Gabriel Santos
ORD-2024-00220,2025-02-10,2025,2025-Q1,CUST-0006,Soylent BioTech Global,Mid-Market,BioTech,EU-West,France,Global Alliance Partner,AI Platform,SKU-AI-9050,Realtime Anomaly Detection,38,11536.0,4.0,420833.28,82483.32,80.4,Net 30,Completed,Sarah Chen
ORD-2024-00221,2025-02-19,2025,2025-Q1,CUST-0025,Black Mesa Research,Enterprise Strategic,Scientific R&D,EU-North,Netherlands,Global Alliance Partner,Cloud Infrastructure,SKU-INFRA-801,Enterprise Data Lakehouse Engine,86,11875.0,5.0,970187.5,213441.25,78.0,Annual Pre-Paid,Pending Verification,Rachel Green
ORD-2024-00222,2026-05-28,2026,2026-Q2,CUST-0007,Tyrell Synthetic Dynamics,Enterprise Strategic,Robotics,MEA,United Arab Emirates,Direct Field Sales,Database Infrastructure,SKU-DB-880,QuantumDB Distributed Cluster,32,16995.0,23.0,418756.8,77344.38,81.53,Net 90,Completed,Brian O'Connor
ORD-2024-00223,2024-03-17,2024,2024-Q1,CUST-0018,Virtucon Industries,Enterprise Strategic,Industrial Equipment,MEA,United Arab Emirates,Direct Field Sales,Cybersecurity Suite,SKU-SEC-402,Zero-Trust Security Perimeter,113,9523.0,11.0,957728.11,232727.93,75.7,Annual Pre-Paid,Completed,Kenji Sato
ORD-2024-00224,2024-06-15,2024,2024-Q2,CUST-0016,Dunder Mifflin Paper & Tech,SMB Growth,Retail & Supplies,APAC-East,Taiwan,Global Alliance Partner,Cloud Infrastructure,SKU-INFRA-805,High-Speed API Gateway Gateway,6,5616.0,3.0,32685.12,6105.58,81.32,Net 30,Pending Verification,Alex Mercer
ORD-2024-00225,2024-04-10,2024,2024-Q2,CUST-0028,LexCorp Advanced Metals,Enterprise Strategic,Materials,EU-West,United Kingdom,Direct Field Sales,Developer Tools,SKU-DEV-701,DevSecOps Automation Mesh,82,4815.0,20.0,315864.0,46842.63,85.17,Net 90,Completed,Vikram Patel
ORD-2024-00226,2024-10-06,2024,2024-Q4,CUST-0029,Omni Consumer Products,Enterprise Strategic,Consumer Tech,EU-Central,Switzerland,Strategic Reseller Partner,Developer Tools,SKU-DEV-701,DevSecOps Automation Mesh,75,4455.0,24.0,253935.0,31894.24,87.44,Annual Pre-Paid,Completed,Gabriel Santos
ORD-2024-00227,2025-09-25,2025,2025-Q3,CUST-0019,Buy N Large Retail Mega,Enterprise Strategic,E-Commerce,APAC-East,South Korea,Strategic Reseller Partner,AI Platform,SKU-AI-9001,Neural Fabric GenAI Platform,15,24304.0,10.0,328104.0,45048.68,86.27,Net 60,Completed,David Lin
ORD-2024-00228,2025-01-04,2025,2025-Q1,CUST-0007,Tyrell Synthetic Dynamics,Enterprise Strategic,Robotics,US-West,United States,Direct Field Sales,Enterprise ERP,SKU-ERP-101,Global ERP Enterprise Suite,61,33600.0,12.0,1803648.0,630194.61,65.06,Net 60,Completed,Chloe Dubois
ORD-2024-00229,2025-07-24,2025,2025-Q3,CUST-0033,Apex FinTech Global,Enterprise Strategic,Banking,EU-North,Netherlands,Direct Field Sales,Cloud Infrastructure,SKU-INFRA-801,Enterprise Data Lakehouse Engine,16,11625.0,12.0,163680.0,34732.9,78.78,Net 90,Completed,Alex Mercer
ORD-2024-00230,2024-10-25,2024,2024-Q4,CUST-0027,Vault-Tec Security Hub,Enterprise Strategic,Cybersecurity,EU-North,Netherlands,Direct Field Sales,Cloud Infrastructure,SKU-INFRA-805,High-Speed API Gateway Gateway,120,5184.0,25.0,466560.0,97184.45,79.17,Annual Pre-Paid,In Fulfillment,Marcus Vance
ORD-2024-00231,2024-10-02,2024,2024-Q4,CUST-0020,Oscorp Pharmaceutical,Enterprise Strategic,Life Sciences,EU-Central,Germany,Global Alliance Partner,Cybersecurity Suite,SKU-SEC-402,Zero-Trust Security Perimeter,13,8544.0,8.0,102186.24,27181.54,73.4,Net 30,Pending Verification,Kenji Sato
ORD-2024-00232,2024-09-09,2024,2024-Q3,CUST-0032,Zeus Renewable Power,Mid-Market,Clean Energy,APAC-East,Taiwan,Strategic Reseller Partner,AI Platform,SKU-AI-9050,Realtime Anomaly Detection,8,10304.0,2.0,80783.36,15211.51,81.17,Quarterly Net 30,Completed,Gabriel Santos
ORD-2024-00233,2026-06-01,2026,2026-Q2,CUST-0022,Gekko Financial Partners,Enterprise Strategic,FinTech & Hedge Fund,EU-Central,Switzerland,Online B2B Portal,IoT & Edge Computing,SKU-IOT-330,Edge IoT Fleet Orchestrator,109,6936.0,21.0,597258.96,162693.34,72.76,Net 90,Pending Verification,Rachel Green
ORD-2024-00234,2025-12-12,2025,2025-Q4,CUST-0013,Oceanic Airlines Group,Enterprise Strategic,Aviation,EU-Central,Switzerland,Online B2B Portal,Cybersecurity Suite,SKU-SEC-402,Zero-Trust Security Perimeter,55,8633.0,24.0,360859.4,84585.44,76.56,Annual Pre-Paid,In Fulfillment,David Lin
ORD-2024-00235,2025-01-20,2025,2025-Q1,CUST-0018,Virtucon Industries,Enterprise Strategic,Industrial Equipment,LATAM,Brazil,Global Alliance Partner,Developer Tools,SKU-DEV-701,DevSecOps Automation Mesh,19,4275.0,24.0,61731.0,6185.45,89.98,Net 60,Completed,Astrid Lindgren
ORD-2024-00236,2025-04-17,2025,2025-Q2,CUST-0014,Nakatomi Trading Corp,Mid-Market,Trading & Real Estate,EU-Central,Switzerland,Online B2B Portal,AI Platform,SKU-AI-9001,Neural Fabric GenAI Platform,28,23312.0,10.0,587462.4,103275.89,82.42,Net 90,In Fulfillment,Astrid Lindgren
ORD-2024-00237,2025-03-09,2025,2025-Q1,CUST-0025,Black Mesa Research,Enterprise Strategic,Scientific R&D,US-West,United States,Global Alliance Partner,Cybersecurity Suite,SKU-SEC-410,Compliance & Audit Vault,66,7272.0,17.0,398360.16,90069.23,77.39,Annual Pre-Paid,Completed,Gabriel Santos
ORD-2024-00238,2025-01-03,2025,2025-Q1,CUST-0035,Hyperion Data Mesh,Mid-Market,Data Infrastructure,APAC-East,Taiwan,Direct Field Sales,AI Platform,SKU-AI-9001,Neural Fabric GenAI Platform,17,24304.0,10.0,371851.2,55108.35,85.18,Net 30,Completed,Gabriel Santos
ORD-2024-00239,2024-12-05,2024,2024-Q4,CUST-0028,LexCorp Advanced Metals,Enterprise Strategic,Materials,US-West,United States,Direct Field Sales,AI Platform,SKU-AI-9001,Neural Fabric GenAI Platform,38,25792.0,9.0,891887.36,138599.3,84.46,Quarterly Net 30,In Fulfillment,Chloe Dubois
ORD-2024-00240,2025-01-18,2025,2025-Q1,CUST-0026,Shinra Electric Power,Enterprise Strategic,Energy & Utilities,EU-Central,Switzerland,Strategic Reseller Partner,Developer Tools,SKU-DEV-701,DevSecOps Automation Mesh,8,4365.0,15.0,29682.0,3158.16,89.36,Net 30,Completed,Hannah Schmidt
ORD-2024-00241,2026-01-17,2026,2026-Q1,CUST-0010,Hooli Enterprise Cloud,Enterprise Strategic,Cloud Services,EU-West,France,Online B2B Portal,Developer Tools,SKU-DEV-701,DevSecOps Automation Mesh,63,4500.0,21.0,223965.0,34065.08,84.79,Net 30,Completed,Astrid Lindgren
ORD-2024-00242,2025-12-14,2025,2025-Q4,CUST-0029,Omni Consumer Products,Enterprise Strategic,Consumer Tech,EU-West,France,Direct Field Sales,Enterprise ERP,SKU-ERP-101,Global ERP Enterprise Suite,10,32900.0,21.0,259910.0,75919.71,70.79,Net 30,In Fulfillment,Brian O'Connor
ORD-2024-00243,2026-01-28,2026,2026-Q1,CUST-0016,Dunder Mifflin Paper & Tech,SMB Growth,Retail & Supplies,APAC-East,Japan,Strategic Reseller Partner,Cloud Infrastructure,SKU-INFRA-805,High-Speed API Gateway Gateway,3,5346.0,3.0,15556.86,3313.61,78.7,Annual Pre-Paid,In Fulfillment,Marcus Vance
ORD-2024-00244,2025-10-17,2025,2025-Q4,CUST-0028,LexCorp Advanced Metals,Enterprise Strategic,Materials,EU-North,Netherlands,Direct Field Sales,Cybersecurity Suite,SKU-SEC-410,Compliance & Audit Vault,118,7272.0,9.0,780867.36,209975.23,73.11,Net 60,In Fulfillment,Kenji Sato
ORD-2024-00245,2026-02-09,2026,2026-Q1,CUST-0005,Wayne Enterprises Holdings,Enterprise Strategic,Finance & Industrial,APAC-East,Taiwan,Direct Field Sales,Cloud Infrastructure,SKU-INFRA-805,High-Speed API Gateway Gateway,28,5130.0,12.0,126403.2,30450.53,75.91,Annual Pre-Paid,Pending Verification,Rachel Green
ORD-2024-00246,2025-02-01,2025,2025-Q1,CUST-0026,Shinra Electric Power,Enterprise Strategic,Energy & Utilities,APAC-East,Taiwan,Direct Field Sales,Developer Tools,SKU-DEV-701,DevSecOps Automation Mesh,50,4590.0,22.0,179010.0,20568.25,88.51,Net 90,Completed,Vikram Patel
ORD-2024-00247,2024-05-17,2024,2024-Q2,CUST-0021,Weyland-Yutani Deep Space,Enterprise Strategic,Energy & Mining,US-West,United States,Strategic Reseller Partner,Enterprise ERP,SKU-ERP-101,Global ERP Enterprise Suite,19,36050.0,9.0,623304.5,198896.47,68.09,Annual Pre-Paid,In Fulfillment,Rachel Green
ORD-2024-00248,2025-01-27,2025,2025-Q1,CUST-0028,LexCorp Advanced Metals,Enterprise Strategic,Materials,US-Central,United States,Global Alliance Partner,Cloud Infrastructure,SKU-INFRA-805,High-Speed API Gateway Gateway,93,5778.0,23.0,413762.58,97689.35,76.39,Net 60,Completed,Kenji Sato
ORD-2024-00249,2024-05-23,2024,2024-Q2,CUST-0012,Massive Dynamic AI,Enterprise Strategic,Artificial Intelligence,EU-West,France,Global Alliance Partner,Cybersecurity Suite,SKU-SEC-410,Compliance & Audit Vault,11,7704.0,22.0,66100.32,17265.4,73.88,Net 60,Completed,Michael Chang
ORD-2024-00250,2025-06-01,2025,2025-Q2,CUST-0032,Zeus Renewable Power,Mid-Market,Clean Energy,EU-North,Netherlands,Global Alliance Partner,IoT & Edge Computing,SKU-IOT-330,Edge IoT Fleet Orchestrator,30,6324.0,7.0,176439.6,56019.57,68.25,Net 60,Pending Verification,Alex Mercer
ORD-2024-00251,2024-10-08,2024,2024-Q4,CUST-0015,Acme Aerospace Systems,Mid-Market,Manufacturing,APAC-East,Japan,Online B2B Portal,Cybersecurity Suite,SKU-SEC-402,Zero-Trust Security Perimeter,31,9256.0,8.0,263981.12,66100.87,74.96,Quarterly Net 30,Completed,Rachel Green
ORD-2024-00252,2024-04-26,2024,2024-Q2,CUST-0018,Virtucon Industries,Enterprise Strategic,Industrial Equipment,APAC-East,South Korea,Online B2B Portal,Cloud Infrastructure,SKU-INFRA-805,High-Speed API Gateway Gateway,110,5616.0,20.0,494208.0,106106.46,78.53,Net 60,Completed,Sarah Chen
ORD-2024-00253,2026-01-23,2026,2026-Q1,CUST-0016,Dunder Mifflin Paper & Tech,SMB Growth,Retail & Supplies,EU-Central,Germany,Direct Field Sales,AI Platform,SKU-AI-9050,Realtime Anomaly Detection,5,11760.0,3.0,57036.0,10545.96,81.51,Net 30,In Fulfillment,Elena Rostova
ORD-2024-00254,2026-04-10,2026,2026-Q2,CUST-0023,Delos Experience Living,Enterprise Strategic,Hospitality,LATAM,Brazil,Global Alliance Partner,Cybersecurity Suite,SKU-SEC-402,Zero-Trust Security Perimeter,83,8455.0,8.0,645623.8,176513.55,72.66,Net 30,Pending Verification,Michael Chang
ORD-2024-00255,2024-10-14,2024,2024-Q4,CUST-0035,Hyperion Data Mesh,Mid-Market,Data Infrastructure,US-Central,United States,Online B2B Portal,Enterprise ERP,SKU-ERP-101,Global ERP Enterprise Suite,20,37450.0,9.0,681590.0,217290.89,68.12,Net 30,In Fulfillment,Gabriel Santos
ORD-2024-00256,2026-03-15,2026,2026-Q1,CUST-0027,Vault-Tec Security Hub,Enterprise Strategic,Cybersecurity,MEA,United Arab Emirates,Direct Field Sales,Enterprise ERP,SKU-ERP-101,Global ERP Enterprise Suite,115,36050.0,18.0,3399515.0,1187790.54,65.06,Net 60,Pending Verification,Hannah Schmidt
ORD-2024-00257,2024-09-10,2024,2024-Q3,CUST-0026,Shinra Electric Power,Enterprise Strategic,Energy & Utilities,EU-Central,Switzerland,Strategic Reseller Partner,Cybersecurity Suite,SKU-SEC-410,Compliance & Audit Vault,85,7128.0,10.0,545292.0,143848.03,73.62,Net 30,Completed,Michael Chang
ORD-2024-00258,2026-02-06,2026,2026-Q1,CUST-0018,Virtucon Industries,Enterprise Strategic,Industrial Equipment,APAC-ANZ,Australia,Online B2B Portal,AI Platform,SKU-AI-9050,Realtime Anomaly Detection,67,10304.0,12.0,607523.84,96049.52,84.19,Net 30,Completed,Vikram Patel
ORD-2024-00259,2025-11-11,2025,2025-Q4,CUST-0023,Delos Experience Living,Enterprise Strategic,Hospitality,LATAM,Brazil,Direct Field Sales,Cloud Infrastructure,SKU-INFRA-805,High-Speed API Gateway Gateway,55,5346.0,9.0,267567.3,62369.94,76.69,Net 90,Pending Verification,Hannah Schmidt
ORD-2024-00260,2024-10-17,2024,2024-Q4,CUST-0022,Gekko Financial Partners,Enterprise Strategic,FinTech & Hedge Fund,APAC-East,Japan,Strategic Reseller Partner,Cybersecurity Suite,SKU-SEC-410,Compliance & Audit Vault,114,6984.0,15.0,676749.6,166074.35,75.46,Net 30,Completed,Sarah Chen
ORD-2024-00261,2025-10-03,2025,2025-Q4,CUST-0030,Sartre Software SAS,SMB Growth,Dev Tools,US-East,United States,Direct Field Sales,Cybersecurity Suite,SKU-SEC-402,Zero-Trust Security Perimeter,8,9612.0,4.0,73820.16,18883.2,74.42,Net 60,Pending Verification,Marcus Vance
ORD-2024-00262,2026-06-14,2026,2026-Q2,CUST-0018,Virtucon Industries,Enterprise Strategic,Industrial Equipment,US-West,United States,Online B2B Portal,Enterprise ERP,SKU-ERP-101,Global ERP Enterprise Suite,15,37100.0,12.0,489720.0,169834.9,65.32,Annual Pre-Paid,Pending Verification,Astrid Lindgren
ORD-2024-00263,2025-12-17,2025,2025-Q4,CUST-0015,Acme Aerospace Systems,Mid-Market,Manufacturing,EU-North,Netherlands,Direct Field Sales,AI Platform,SKU-AI-9001,Neural Fabric GenAI Platform,2,23064.0,3.0,44744.16,6823.48,84.75,Quarterly Net 30,Completed,Alex Mercer
ORD-2024-00264,2024-01-09,2024,2024-Q1,CUST-0022,Gekko Financial Partners,Enterprise Strategic,FinTech & Hedge Fund,LATAM,Brazil,Direct Field Sales,IoT & Edge Computing,SKU-IOT-330,Edge IoT Fleet Orchestrator,93,6324.0,8.0,541081.44,156588.97,71.06,Net 30,Completed,David Lin
ORD-2024-00265,2025-01-11,2025,2025-Q1,CUST-0020,Oscorp Pharmaceutical,Enterprise Strategic,Life Sciences,US-Central,United States,Global Alliance Partner,Cybersecurity Suite,SKU-SEC-402,Zero-Trust Security Perimeter,87,8366.0,25.0,545881.5,135160.26,75.24,Net 30,In Fulfillment,Chloe Dubois
ORD-2024-00266,2024-12-25,2024,2024-Q4,CUST-0014,Nakatomi Trading Corp,Mid-Market,Trading & Real Estate,APAC-South,Singapore,Strategic Reseller Partner,IoT & Edge Computing,SKU-IOT-330,Edge IoT Fleet Orchestrator,30,6324.0,13.0,165056.4,51497.6,68.8,Net 30,Completed,David Lin
ORD-2024-00267,2025-03-15,2025,2025-Q1,CUST-0021,Weyland-Yutani Deep Space,Enterprise Strategic,Energy & Mining,APAC-East,South Korea,Strategic Reseller Partner,Database Infrastructure,SKU-DB-880,QuantumDB Distributed Cluster,40,15840.0,18.0,519552.0,94506.51,81.81,Quarterly Net 30,Pending Verification,Gabriel Santos
ORD-2024-00268,2025-12-08,2025,2025-Q4,CUST-0002,Globex Corporation,Enterprise Strategic,Conglomerate,LATAM,Brazil,Online B2B Portal,Database Infrastructure,SKU-DB-880,QuantumDB Distributed Cluster,71,15675.0,17.0,923727.75,183544.7,80.13,Net 30,In Fulfillment,Chloe Dubois
ORD-2024-00269,2025-01-30,2025,2025-Q1,CUST-0008,Umbrella Life Sciences,Enterprise Strategic,Pharma,EU-West,United Kingdom,Global Alliance Partner,Cybersecurity Suite,SKU-SEC-410,Compliance & Audit Vault,14,7776.0,16.0,91445.76,20209.51,77.9,Net 90,In Fulfillment,Jessica Taylor
ORD-2024-00270,2026-05-31,2026,2026-Q2,CUST-0027,Vault-Tec Security Hub,Enterprise Strategic,Cybersecurity,EU-West,France,Strategic Reseller Partner,AI Platform,SKU-AI-9050,Realtime Anomaly Detection,103,11312.0,6.0,1095227.84,239745.37,78.11,Net 60,Completed,Brian O'Connor
ORD-2024-00271,2024-03-02,2024,2024-Q1,CUST-0026,Shinra Electric Power,Enterprise Strategic,Energy & Utilities,APAC-East,Japan,Online B2B Portal,Cloud Infrastructure,SKU-INFRA-805,High-Speed API Gateway Gateway,103,5562.0,13.0,498410.82,121313.19,75.66,Quarterly Net 30,In Fulfillment,Kenji Sato
ORD-2024-00272,2024-03-26,2024,2024-Q1,CUST-0020,Oscorp Pharmaceutical,Enterprise Strategic,Life Sciences,US-West,United States,Strategic Reseller Partner,Cybersecurity Suite,SKU-SEC-402,Zero-Trust Security Perimeter,73,8989.0,12.0,577453.36,132179.07,77.11,Net 30,Pending Verification,Astrid Lindgren
ORD-2024-00273,2025-03-23,2025,2025-Q1,CUST-0016,Dunder Mifflin Paper & Tech,SMB Growth,Retail & Supplies,US-East,United States,Strategic Reseller Partner,AI Platform,SKU-AI-9001,Neural Fabric GenAI Platform,15,24552.0,3.0,357231.6,54049.14,84.87,Net 90,In Fulfillment,Sarah Chen
ORD-2024-00274,2024-01-13,2024,2024-Q1,CUST-0009,Wonka Global Logistics,Mid-Market,Supply Chain,APAC-ANZ,Australia,Direct Field Sales,Cybersecurity Suite,SKU-SEC-402,Zero-Trust Security Perimeter,33,8900.0,14.0,252582.0,57437.15,77.26,Net 90,In Fulfillment,David Lin
ORD-2024-00275,2024-05-09,2024,2024-Q2,CUST-0018,Virtucon Industries,Enterprise Strategic,Industrial Equipment,APAC-ANZ,Australia,Direct Field Sales,Cloud Infrastructure,SKU-INFRA-801,Enterprise Data Lakehouse Engine,47,12000.0,21.0,445560.0,113573.24,74.51,Quarterly Net 30,Completed,Chloe Dubois
ORD-2024-00276,2025-04-11,2025,2025-Q2,CUST-0033,Apex FinTech Global,Enterprise Strategic,Banking,EU-West,France,Direct Field Sales,AI Platform,SKU-AI-9050,Realtime Anomaly Detection,114,10976.0,16.0,1051061.76,209791.93,80.04,Net 30,Completed,Elena Rostova
ORD-2024-00277,2026-01-28,2026,2026-Q1,CUST-0033,Apex FinTech Global,Enterprise Strategic,Banking,US-East,United States,Direct Field Sales,Cloud Infrastructure,SKU-INFRA-801,Enterprise Data Lakehouse Engine,36,12250.0,6.0,414540.0,77270.26,81.36,Net 60,Completed,Michael Chang
ORD-2024-00278,2026-04-02,2026,2026-Q2,CUST-0027,Vault-Tec Security Hub,Enterprise Strategic,Cybersecurity,EU-West,United Kingdom,Online B2B Portal,Database Infrastructure,SKU-DB-880,QuantumDB Distributed Cluster,58,16005.0,23.0,714783.3,117152.98,83.61,Quarterly Net 30,Pending Verification,Sarah Chen
ORD-2024-00279,2025-05-29,2025,2025-Q2,CUST-0004,Stark Aerospace & Defense,Enterprise Strategic,Aerospace,US-Central,United States,Strategic Reseller Partner,Cloud Infrastructure,SKU-INFRA-805,High-Speed API Gateway Gateway,10,5022.0,24.0,38167.2,8121.98,78.72,Net 90,Pending Verification,David Lin
ORD-2024-00280,2024-03-29,2024,2024-Q1,CUST-0030,Sartre Software SAS,SMB Growth,Dev Tools,US-East,United States,Online B2B Portal,Database Infrastructure,SKU-DB-880,QuantumDB Distributed Cluster,5,16005.0,5.0,76023.75,13699.48,81.98,Annual Pre-Paid,Pending Verification,Rachel Green
ORD-2024-00281,2025-05-20,2025,2025-Q2,CUST-0013,Oceanic Airlines Group,Enterprise Strategic,Aviation,APAC-ANZ,Australia,Strategic Reseller Partner,Cybersecurity Suite,SKU-SEC-402,Zero-Trust Security Perimeter,5,8188.0,24.0,31114.4,7675.92,75.33,Net 30,Pending Verification,Alex Mercer
ORD-2024-00282,2026-02-16,2026,2026-Q1,CUST-0025,Black Mesa Research,Enterprise Strategic,Scientific R&D,LATAM,Brazil,Online B2B Portal,AI Platform,SKU-AI-9001,Neural Fabric GenAI Platform,31,23808.0,16.0,619960.32,99565.63,83.94,Net 30,In Fulfillment,Astrid Lindgren
ORD-2024-00283,2024-10-13,2024,2024-Q4,CUST-0006,Soylent BioTech Global,Mid-Market,BioTech,US-East,United States,Strategic Reseller Partner,Cloud Infrastructure,SKU-INFRA-805,High-Speed API Gateway Gateway,28,5292.0,11.0,131876.64,22682.78,82.8,Net 30,Completed,Michael Chang
ORD-2024-00284,2024-05-16,2024,2024-Q2,CUST-0026,Shinra Electric Power,Enterprise Strategic,Energy & Utilities,US-West,United States,Direct Field Sales,IoT & Edge Computing,SKU-IOT-330,Edge IoT Fleet Orchestrator,89,6528.0,24.0,441553.92,132068.78,70.09,Net 90,Completed,Astrid Lindgren
ORD-2024-00285,2026-05-01,2026,2026-Q2,CUST-0021,Weyland-Yutani Deep Space,Enterprise Strategic,Energy & Mining,EU-West,France,Global Alliance Partner,Enterprise ERP,SKU-ERP-101,Global ERP Enterprise Suite,34,33250.0,6.0,1062670.0,316250.59,70.24,Quarterly Net 30,Completed,Marcus Vance
ORD-2024-00286,2024-04-18,2024,2024-Q2,CUST-0011,Pied Piper Compression,Mid-Market,DeepTech,EU-Central,Switzerland,Global Alliance Partner,Developer Tools,SKU-DEV-701,DevSecOps Automation Mesh,28,4410.0,2.0,121010.4,14327.63,88.16,Annual Pre-Paid,Pending Verification,Chloe Dubois
ORD-2024-00287,2024-09-28,2024,2024-Q3,CUST-0008,Umbrella Life Sciences,Enterprise Strategic,Pharma,US-West,United States,Strategic Reseller Partner,Enterprise ERP,SKU-ERP-101,Global ERP Enterprise Suite,110,35700.0,19.0,3180870.0,1090402.24,65.72,Net 90,In Fulfillment,Sarah Chen
ORD-2024-00288,2025-12-29,2025,2025-Q4,CUST-0016,Dunder Mifflin Paper & Tech,SMB Growth,Retail & Supplies,EU-West,France,Global Alliance Partner,Cloud Infrastructure,SKU-INFRA-805,High-Speed API Gateway Gateway,1,5184.0,5.0,4924.8,840.66,82.93,Net 30,Completed,Hannah Schmidt
ORD-2024-00289,2025-04-08,2025,2025-Q2,CUST-0016,Dunder Mifflin Paper & Tech,SMB Growth,Retail & Supplies,US-West,United States,Global Alliance Partner,AI Platform,SKU-AI-9001,Neural Fabric GenAI Platform,13,23312.0,6.0,284872.64,55578.65,80.49,Net 60,In Fulfillment,Elena Rostova
ORD-2024-00290,2026-04-23,2026,2026-Q2,CUST-0026,Shinra Electric Power,Enterprise Strategic,Energy & Utilities,EU-West,France,Direct Field Sales,Cybersecurity Suite,SKU-SEC-410,Compliance & Audit Vault,80,7560.0,10.0,544320.0,162370.66,70.17,Net 30,In Fulfillment,Brian O'Connor
ORD-2024-00291,2025-10-23,2025,2025-Q4,CUST-0029,Omni Consumer Products,Enterprise Strategic,Consumer Tech,APAC-East,South Korea,Strategic Reseller Partner,AI Platform,SKU-AI-9001,Neural Fabric GenAI Platform,120,26040.0,22.0,2437344.0,463582.83,80.98,Annual Pre-Paid,Completed,Marcus Vance
ORD-2024-00292,2026-08-04,2026,2026-Q3,CUST-0028,LexCorp Advanced Metals,Enterprise Strategic,Materials,LATAM,Brazil,Global Alliance Partner,AI Platform,SKU-AI-9050,Realtime Anomaly Detection,8,11088.0,13.0,77172.48,14793.96,80.83,Net 60,Pending Verification,Kenji Sato
ORD-2024-00293,2025-04-01,2025,2025-Q2,CUST-0010,Hooli Enterprise Cloud,Enterprise Strategic,Cloud Services,US-East,United States,Strategic Reseller Partner,Enterprise ERP,SKU-ERP-101,Global ERP Enterprise Suite,68,35350.0,13.0,2091306.0,742622.76,64.49,Net 90,Completed,Marcus Vance
ORD-2024-00294,2025-03-05,2025,2025-Q1,CUST-0013,Oceanic Airlines Group,Enterprise Strategic,Aviation,APAC-South,Singapore,Strategic Reseller Partner,Cloud Infrastructure,SKU-INFRA-805,High-Speed API Gateway Gateway,106,5292.0,5.0,532904.4,102797.26,80.71,Annual Pre-Paid,Completed,David Lin
ORD-2024-00295,2026-07-23,2026,2026-Q3,CUST-0033,Apex FinTech Global,Enterprise Strategic,Banking,EU-West,France,Global Alliance Partner,Enterprise ERP,SKU-ERP-101,Global ERP Enterprise Suite,28,35700.0,6.0,939624.0,336103.5,64.23,Net 90,Completed,Gabriel Santos
ORD-2024-00296,2025-04-28,2025,2025-Q2,CUST-0034,Quantum Peak Labs,SMB Growth,Semiconductor,EU-West,France,Strategic Reseller Partner,Cybersecurity Suite,SKU-SEC-402,Zero-Trust Security Perimeter,2,8544.0,2.0,16746.24,4141.35,75.27,Net 30,In Fulfillment,Rachel Green
ORD-2024-00297,2026-05-16,2026,2026-Q2,CUST-0025,Black Mesa Research,Enterprise Strategic,Scientific R&D,EU-West,France,Strategic Reseller Partner,Cybersecurity Suite,SKU-SEC-402,Zero-Trust Security Perimeter,35,9345.0,17.0,271472.25,63578.8,76.58,Quarterly Net 30,Completed,Astrid Lindgren
ORD-2024-00298,2025-12-18,2025,2025-Q4,CUST-0023,Delos Experience Living,Enterprise Strategic,Hospitality,APAC-East,Taiwan,Strategic Reseller Partner,Cybersecurity Suite,SKU-SEC-410,Compliance & Audit Vault,29,7560.0,22.0,171007.2,38032.0,77.76,Quarterly Net 30,Pending Verification,Marcus Vance
ORD-2024-00299,2025-05-17,2025,2025-Q2,CUST-0003,Initech Cloud Solutions,Mid-Market,Software,US-West,United States,Direct Field Sales,Database Infrastructure,SKU-DB-880,QuantumDB Distributed Cluster,40,16500.0,3.0,640200.0,147181.98,77.01,Quarterly Net 30,In Fulfillment,Gabriel Santos
ORD-2024-00300,2024-05-13,2024,2024-Q2,CUST-0022,Gekko Financial Partners,Enterprise Strategic,FinTech & Hedge Fund,APAC-ANZ,Australia,Strategic Reseller Partner,Developer Tools,SKU-DEV-701,DevSecOps Automation Mesh,12,4545.0,5.0,51813.0,5523.27,89.34,Net 30,Pending Verification,Sarah Chen
ORD-2024-00301,2025-01-17,2025,2025-Q1,CUST-0026,Shinra Electric Power,Enterprise Strategic,Energy & Utilities,APAC-East,Taiwan,Direct Field Sales,Developer Tools,SKU-DEV-701,DevSecOps Automation Mesh,43,4860.0,11.0,185992.2,22579.45,87.86,Annual Pre-Paid,Completed,Vikram Patel
ORD-2024-00302,2024-11-20,2024,2024-Q4,CUST-0012,Massive Dynamic AI,Enterprise Strategic,Artificial Intelligence,APAC-ANZ,Australia,Online B2B Portal,Database Infrastructure,SKU-DB-880,QuantumDB Distributed Cluster,90,15675.0,17.0,1170922.5,240624.57,79.45,Net 90,In Fulfillment,Marcus Vance
ORD-2024-00303,2026-01-16,2026,2026-Q1,CUST-0001,Cyberdyne Systems Corp,Enterprise Strategic,Technology & AI,APAC-ANZ,Australia,Global Alliance Partner,Cybersecurity Suite,SKU-SEC-410,Compliance & Audit Vault,9,6984.0,9.0,57198.96,13458.92,76.47,Quarterly Net 30,In Fulfillment,Vikram Patel
ORD-2024-00304,2025-08-02,2025,2025-Q3,CUST-0007,Tyrell Synthetic Dynamics,Enterprise Strategic,Robotics,MEA,United Arab Emirates,Global Alliance Partner,Cybersecurity Suite,SKU-SEC-402,Zero-Trust Security Perimeter,47,8544.0,20.0,321254.4,67913.18,78.86,Net 60,Completed,Hannah Schmidt
ORD-2024-00305,2025-12-26,2025,2025-Q4,CUST-0022,Gekko Financial Partners,Enterprise Strategic,FinTech & Hedge Fund,EU-Central,Switzerland,Direct Field Sales,Enterprise ERP,SKU-ERP-101,Global ERP Enterprise Suite,31,32550.0,10.0,908145.0,308315.23,66.05,Net 30,Completed,Alex Mercer
ORD-2024-00306,2025-01-30,2025,2025-Q1,CUST-0029,Omni Consumer Products,Enterprise Strategic,Consumer Tech,APAC-ANZ,Australia,Global Alliance Partner,Cybersecurity Suite,SKU-SEC-402,Zero-Trust Security Perimeter,118,9434.0,13.0,968494.44,253648.69,73.81,Annual Pre-Paid,Completed,Hannah Schmidt
ORD-2024-00307,2025-05-05,2025,2025-Q2,CUST-0015,Acme Aerospace Systems,Mid-Market,Manufacturing,US-Central,United States,Global Alliance Partner,AI Platform,SKU-AI-9001,Neural Fabric GenAI Platform,4,24056.0,4.0,92375.04,11445.27,87.61,Net 30,Pending Verification,Marcus Vance
ORD-2024-00308,2026-06-28,2026,2026-Q2,CUST-0025,Black Mesa Research,Enterprise Strategic,Scientific R&D,US-Central,United States,Direct Field Sales,Cloud Infrastructure,SKU-INFRA-805,High-Speed API Gateway Gateway,119,5238.0,25.0,467491.5,80034.54,82.88,Annual Pre-Paid,Completed,Jessica Taylor
ORD-2024-00309,2025-10-31,2025,2025-Q4,CUST-0011,Pied Piper Compression,Mid-Market,DeepTech,APAC-East,Taiwan,Global Alliance Partner,Cybersecurity Suite,SKU-SEC-402,Zero-Trust Security Perimeter,5,8455.0,2.0,41429.5,11384.83,72.52,Quarterly Net 30,Pending Verification,Vikram Patel
ORD-2024-00310,2024-10-15,2024,2024-Q4,CUST-0020,Oscorp Pharmaceutical,Enterprise Strategic,Life Sciences,EU-West,United Kingdom,Direct Field Sales,Cloud Infrastructure,SKU-INFRA-801,Enterprise Data Lakehouse Engine,55,13125.0,16.0,606375.0,150199.09,75.23,Net 90,Completed,Jessica Taylor
ORD-2024-00311,2024-03-30,2024,2024-Q1,CUST-0019,Buy N Large Retail Mega,Enterprise Strategic,E-Commerce,LATAM,Brazil,Global Alliance Partner,Database Infrastructure,SKU-DB-880,QuantumDB Distributed Cluster,17,15675.0,6.0,250486.5,51775.56,79.33,Net 30,Completed,Hannah Schmidt
ORD-2024-00312,2024-04-28,2024,2024-Q2,CUST-0020,Oscorp Pharmaceutical,Enterprise Strategic,Life Sciences,APAC-East,South Korea,Global Alliance Partner,AI Platform,SKU-AI-9050,Realtime Anomaly Detection,67,10752.0,23.0,554695.68,93577.16,83.13,Annual Pre-Paid,In Fulfillment,David Lin
ORD-2024-00313,2026-06-25,2026,2026-Q2,CUST-0025,Black Mesa Research,Enterprise Strategic,Scientific R&D,EU-West,France,Strategic Reseller Partner,AI Platform,SKU-AI-9050,Realtime Anomaly Detection,10,11088.0,10.0,99792.0,20148.0,79.81,Net 90,Completed,Marcus Vance
ORD-2024-00314,2026-02-09,2026,2026-Q1,CUST-0007,Tyrell Synthetic Dynamics,Enterprise Strategic,Robotics,US-West,United States,Online B2B Portal,Cloud Infrastructure,SKU-INFRA-805,High-Speed API Gateway Gateway,57,5454.0,24.0,236267.28,48600.18,79.43,Annual Pre-Paid,Completed,Michael Chang
ORD-2024-00315,2025-12-04,2025,2025-Q4,CUST-0031,Athena Health Systems,Mid-Market,Healthcare,APAC-East,Taiwan,Strategic Reseller Partner,AI Platform,SKU-AI-9050,Realtime Anomaly Detection,21,11872.0,1.0,246818.88,40206.8,83.71,Quarterly Net 30,In Fulfillment,Sarah Chen
ORD-2024-00316,2026-02-14,2026,2026-Q1,CUST-0029,Omni Consumer Products,Enterprise Strategic,Consumer Tech,US-Central,United States,Strategic Reseller Partner,Database Infrastructure,SKU-DB-880,QuantumDB Distributed Cluster,108,15345.0,9.0,1508106.6,337363.45,77.63,Annual Pre-Paid,In Fulfillment,Hannah Schmidt
ORD-2024-00317,2025-10-04,2025,2025-Q4,CUST-0010,Hooli Enterprise Cloud,Enterprise Strategic,Cloud Services,LATAM,Brazil,Online B2B Portal,Developer Tools,SKU-DEV-701,DevSecOps Automation Mesh,98,4185.0,23.0,315800.1,47054.21,85.1,Annual Pre-Paid,Pending Verification,Hannah Schmidt
ORD-2024-00318,2024-10-09,2024,2024-Q4,CUST-0034,Quantum Peak Labs,SMB Growth,Semiconductor,EU-Central,Switzerland,Direct Field Sales,Cybersecurity Suite,SKU-SEC-410,Compliance & Audit Vault,10,7128.0,4.0,68428.8,18256.8,73.32,Net 60,Completed,Brian O'Connor
ORD-2024-00319,2024-04-18,2024,2024-Q2,CUST-0007,Tyrell Synthetic Dynamics,Enterprise Strategic,Robotics,APAC-East,South Korea,Online B2B Portal,Cloud Infrastructure,SKU-INFRA-805,High-Speed API Gateway Gateway,117,5346.0,12.0,550424.16,120763.06,78.06,Annual Pre-Paid,Completed,Alex Mercer
ORD-2024-00320,2024-06-25,2024,2024-Q2,CUST-0018,Virtucon Industries,Enterprise Strategic,Industrial Equipment,EU-North,Netherlands,Strategic Reseller Partner,Cybersecurity Suite,SKU-SEC-410,Compliance & Audit Vault,82,7056.0,19.0,468659.52,125741.35,73.17,Net 90,In Fulfillment,Alex Mercer
ORD-2024-00321,2026-02-02,2026,2026-Q1,CUST-0031,Athena Health Systems,Mid-Market,Healthcare,MEA,United Arab Emirates,Online B2B Portal,Developer Tools,SKU-DEV-701,DevSecOps Automation Mesh,3,4725.0,5.0,13466.25,2088.62,84.49,Annual Pre-Paid,Completed,Hannah Schmidt
ORD-2024-00322,2024-08-21,2024,2024-Q3,CUST-0009,Wonka Global Logistics,Mid-Market,Supply Chain,EU-Central,Germany,Global Alliance Partner,Developer Tools,SKU-DEV-701,DevSecOps Automation Mesh,19,4590.0,11.0,77616.9,13419.96,82.71,Annual Pre-Paid,In Fulfillment,Brian O'Connor
ORD-2024-00323,2026-04-23,2026,2026-Q2,CUST-0027,Vault-Tec Security Hub,Enterprise Strategic,Cybersecurity,APAC-ANZ,Australia,Global Alliance Partner,Cloud Infrastructure,SKU-INFRA-805,High-Speed API Gateway Gateway,116,5022.0,12.0,512645.76,95710.96,81.33,Net 30,Pending Verification,Astrid Lindgren
ORD-2024-00324,2025-06-02,2025,2025-Q2,CUST-0026,Shinra Electric Power,Enterprise Strategic,Energy & Utilities,US-Central,United States,Direct Field Sales,Cybersecurity Suite,SKU-SEC-402,Zero-Trust Security Perimeter,29,8455.0,23.0,188800.15,53883.56,71.46,Net 30,Completed,Alex Mercer
ORD-2024-00325,2026-07-29,2026,2026-Q3,CUST-0024,Aperture Quantum Lab,Mid-Market,Research & Quantum,APAC-ANZ,Australia,Strategic Reseller Partner,Enterprise ERP,SKU-ERP-101,Global ERP Enterprise Suite,25,35000.0,12.0,770000.0,238084.0,69.08,Net 30,Completed,Elena Rostova
ORD-2024-00326,2025-01-16,2025,2025-Q1,CUST-0032,Zeus Renewable Power,Mid-Market,Clean Energy,APAC-East,Taiwan,Global Alliance Partner,Cybersecurity Suite,SKU-SEC-402,Zero-Trust Security Perimeter,32,8722.0,9.0,253984.64,70328.35,72.31,Net 90,Completed,Kenji Sato
ORD-2024-00327,2024-01-29,2024,2024-Q1,CUST-0025,Black Mesa Research,Enterprise Strategic,Scientific R&D,US-East,United States,Strategic Reseller Partner,Cybersecurity Suite,SKU-SEC-410,Compliance & Audit Vault,104,7632.0,24.0,603233.28,149722.5,75.18,Net 60,Pending Verification,Vikram Patel
ORD-2024-00328,2025-02-23,2025,2025-Q1,CUST-0033,Apex FinTech Global,Enterprise Strategic,Banking,US-East,United States,Direct Field Sales,AI Platform,SKU-AI-9050,Realtime Anomaly Detection,21,11424.0,18.0,196721.28,43140.98,78.07,Net 90,Pending Verification,Astrid Lindgren
ORD-2024-00329,2025-12-27,2025,2025-Q4,CUST-0018,Virtucon Industries,Enterprise Strategic,Industrial Equipment,EU-North,Netherlands,Global Alliance Partner,Developer Tools,SKU-DEV-701,DevSecOps Automation Mesh,63,4455.0,10.0,252598.5,31776.89,87.42,Quarterly Net 30,Completed,Rachel Green
ORD-2024-00330,2024-04-14,2024,2024-Q2,CUST-0001,Cyberdyne Systems Corp,Enterprise Strategic,Technology & AI,APAC-East,Japan,Online B2B Portal,Cloud Infrastructure,SKU-INFRA-805,High-Speed API Gateway Gateway,87,5238.0,17.0,378235.98,73831.66,80.48,Annual Pre-Paid,Completed,David Lin
ORD-2024-00331,2024-10-10,2024,2024-Q4,CUST-0021,Weyland-Yutani Deep Space,Enterprise Strategic,Energy & Mining,LATAM,Brazil,Online B2B Portal,Enterprise ERP,SKU-ERP-101,Global ERP Enterprise Suite,88,37100.0,19.0,2644488.0,888812.42,66.39,Net 60,In Fulfillment,Brian O'Connor
ORD-2024-00332,2024-02-28,2024,2024-Q1,CUST-0026,Shinra Electric Power,Enterprise Strategic,Energy & Utilities,APAC-South,Singapore,Online B2B Portal,Cybersecurity Suite,SKU-SEC-402,Zero-Trust Security Perimeter,97,8900.0,6.0,811502.0,216184.13,73.36,Annual Pre-Paid,Completed,Jessica Taylor
ORD-2024-00333,2026-01-24,2026,2026-Q1,CUST-0003,Initech Cloud Solutions,Mid-Market,Software,APAC-East,Taiwan,Strategic Reseller Partner,Developer Tools,SKU-DEV-701,DevSecOps Automation Mesh,16,4590.0,10.0,66096.0,9379.02,85.81,Net 90,Pending Verification,Hannah Schmidt
ORD-2024-00334,2024-06-23,2024,2024-Q2,CUST-0012,Massive Dynamic AI,Enterprise Strategic,Artificial Intelligence,EU-Central,Germany,Direct Field Sales,AI Platform,SKU-AI-9050,Realtime Anomaly Detection,21,11648.0,20.0,195686.4,34303.83,82.47,Net 60,Pending Verification,Vikram Patel
ORD-2024-00335,2024-04-01,2024,2024-Q2,CUST-0015,Acme Aerospace Systems,Mid-Market,Manufacturing,EU-West,France,Strategic Reseller Partner,Enterprise ERP,SKU-ERP-101,Global ERP Enterprise Suite,28,33950.0,12.0,836528.0,283750.3,66.08,Net 90,Completed,Hannah Schmidt
ORD-2024-00336,2024-04-30,2024,2024-Q2,CUST-0031,Athena Health Systems,Mid-Market,Healthcare,US-East,United States,Direct Field Sales,AI Platform,SKU-AI-9050,Realtime Anomaly Detection,14,11872.0,8.0,152911.36,28976.7,81.05,Net 90,Completed,Alex Mercer
ORD-2024-00337,2026-06-10,2026,2026-Q2,CUST-0010,Hooli Enterprise Cloud,Enterprise Strategic,Cloud Services,US-Central,United States,Strategic Reseller Partner,Developer Tools,SKU-DEV-701,DevSecOps Automation Mesh,57,4770.0,25.0,203917.5,20616.06,89.89,Net 60,Pending Verification,Hannah Schmidt
ORD-2024-00338,2026-01-02,2026,2026-Q1,CUST-0012,Massive Dynamic AI,Enterprise Strategic,Artificial Intelligence,APAC-East,South Korea,Direct Field Sales,AI Platform,SKU-AI-9050,Realtime Anomaly Detection,47,10640.0,18.0,410065.6,69383.1,83.08,Net 30,Completed,Kenji Sato
ORD-2024-00339,2024-08-02,2024,2024-Q3,CUST-0011,Pied Piper Compression,Mid-Market,DeepTech,APAC-East,Taiwan,Strategic Reseller Partner,AI Platform,SKU-AI-9050,Realtime Anomaly Detection,7,11088.0,2.0,76063.68,14117.42,81.44,Annual Pre-Paid,Completed,Jessica Taylor
ORD-2024-00340,2024-01-05,2024,2024-Q1,CUST-0003,Initech Cloud Solutions,Mid-Market,Software,APAC-East,Japan,Strategic Reseller Partner,Developer Tools,SKU-DEV-701,DevSecOps Automation Mesh,2,4680.0,13.0,8143.2,1119.69,86.25,Net 30,Completed,Vikram Patel
ORD-2024-00341,2026-01-21,2026,2026-Q1,CUST-0016,Dunder Mifflin Paper & Tech,SMB Growth,Retail & Supplies,EU-West,United Kingdom,Online B2B Portal,Enterprise ERP,SKU-ERP-101,Global ERP Enterprise Suite,3,35000.0,1.0,103950.0,34875.22,66.45,Net 30,Completed,Kenji Sato
ORD-2024-00342,2024-10-24,2024,2024-Q4,CUST-0030,Sartre Software SAS,SMB Growth,Dev Tools,APAC-ANZ,Australia,Online B2B Portal,IoT & Edge Computing,SKU-IOT-330,Edge IoT Fleet Orchestrator,15,6392.0,5.0,91086.0,21887.97,75.97,Annual Pre-Paid,Pending Verification,Gabriel Santos
ORD-2024-00343,2024-07-11,2024,2024-Q3,CUST-0011,Pied Piper Compression,Mid-Market,DeepTech,MEA,United Arab Emirates,Global Alliance Partner,Cloud Infrastructure,SKU-INFRA-801,Enterprise Data Lakehouse Engine,16,13500.0,3.0,209520.0,50934.31,75.69,Net 30,In Fulfillment,Sarah Chen
ORD-2024-00344,2025-01-10,2025,2025-Q1,CUST-0003,Initech Cloud Solutions,Mid-Market,Software,EU-North,Netherlands,Online B2B Portal,Cloud Infrastructure,SKU-INFRA-805,High-Speed API Gateway Gateway,5,5022.0,9.0,22850.1,5516.01,75.86,Net 30,Completed,Astrid Lindgren
ORD-2024-00345,2024-04-28,2024,2024-Q2,CUST-0027,Vault-Tec Security Hub,Enterprise Strategic,Cybersecurity,EU-Central,Switzerland,Global Alliance Partner,AI Platform,SKU-AI-9001,Neural Fabric GenAI Platform,75,25544.0,10.0,1724220.0,316566.79,81.64,Net 30,Pending Verification,Jessica Taylor
ORD-2024-00346,2025-11-08,2025,2025-Q4,CUST-0007,Tyrell Synthetic Dynamics,Enterprise Strategic,Robotics,APAC-South,Singapore,Online B2B Portal,Cybersecurity Suite,SKU-SEC-410,Compliance & Audit Vault,82,7128.0,19.0,473441.76,107992.07,77.19,Quarterly Net 30,Completed,Kenji Sato
ORD-2024-00347,2024-04-26,2024,2024-Q2,CUST-0007,Tyrell Synthetic Dynamics,Enterprise Strategic,Robotics,EU-Central,Switzerland,Strategic Reseller Partner,Cybersecurity Suite,SKU-SEC-410,Compliance & Audit Vault,30,7560.0,21.0,179172.0,39812.02,77.78,Net 90,Completed,Kenji Sato
ORD-2024-00348,2024-06-13,2024,2024-Q2,CUST-0003,Initech Cloud Solutions,Mid-Market,Software,APAC-East,Japan,Global Alliance Partner,Database Infrastructure,SKU-DB-880,QuantumDB Distributed Cluster,32,15180.0,5.0,461472.0,81357.51,82.37,Net 30,Completed,Marcus Vance
ORD-2024-00349,2024-04-02,2024,2024-Q2,CUST-0033,Apex FinTech Global,Enterprise Strategic,Banking,US-West,United States,Direct Field Sales,Enterprise ERP,SKU-ERP-101,Global ERP Enterprise Suite,87,37800.0,10.0,2959740.0,995360.56,66.37,Annual Pre-Paid,Completed,Sarah Chen
ORD-2024-00350,2026-04-12,2026,2026-Q2,CUST-0012,Massive Dynamic AI,Enterprise Strategic,Artificial Intelligence,LATAM,Brazil,Direct Field Sales,Enterprise ERP,SKU-ERP-101,Global ERP Enterprise Suite,51,33950.0,21.0,1367845.5,411584.71,69.91,Net 30,Completed,Alex Mercer
ORD-2024-00351,2026-05-22,2026,2026-Q2,CUST-0009,Wonka Global Logistics,Mid-Market,Supply Chain,APAC-South,Singapore,Strategic Reseller Partner,Developer Tools,SKU-DEV-701,DevSecOps Automation Mesh,24,4815.0,13.0,100537.2,15935.15,84.15,Net 30,Pending Verification,Hannah Schmidt
ORD-2024-00352,2024-12-16,2024,2024-Q4,CUST-0012,Massive Dynamic AI,Enterprise Strategic,Artificial Intelligence,US-West,United States,Global Alliance Partner,IoT & Edge Computing,SKU-IOT-330,Edge IoT Fleet Orchestrator,63,6664.0,10.0,377848.8,95180.11,74.81,Annual Pre-Paid,In Fulfillment,Sarah Chen
ORD-2024-00353,2024-05-15,2024,2024-Q2,CUST-0004,Stark Aerospace & Defense,Enterprise Strategic,Aerospace,LATAM,Brazil,Strategic Reseller Partner,AI Platform,SKU-AI-9001,Neural Fabric GenAI Platform,58,24800.0,23.0,1107568.0,171119.26,84.55,Annual Pre-Paid,In Fulfillment,Rachel Green
ORD-2024-00354,2025-01-23,2025,2025-Q1,CUST-0023,Delos Experience Living,Enterprise Strategic,Hospitality,APAC-East,Taiwan,Direct Field Sales,Cybersecurity Suite,SKU-SEC-402,Zero-Trust Security Perimeter,66,8366.0,23.0,425160.12,109308.67,74.29,Net 30,Completed,Kenji Sato
ORD-2024-00355,2025-11-01,2025,2025-Q4,CUST-0021,Weyland-Yutani Deep Space,Enterprise Strategic,Energy & Mining,US-East,United States,Strategic Reseller Partner,Developer Tools,SKU-DEV-701,DevSecOps Automation Mesh,71,4635.0,15.0,279722.25,48224.12,82.76,Net 60,Completed,David Lin
ORD-2024-00356,2025-11-10,2025,2025-Q4,CUST-0025,Black Mesa Research,Enterprise Strategic,Scientific R&D,US-Central,United States,Direct Field Sales,Cloud Infrastructure,SKU-INFRA-801,Enterprise Data Lakehouse Engine,87,12500.0,24.0,826500.0,183896.25,77.75,Annual Pre-Paid,In Fulfillment,Sarah Chen
ORD-2024-00357,2026-02-08,2026,2026-Q1,CUST-0032,Zeus Renewable Power,Mid-Market,Clean Energy,EU-West,France,Strategic Reseller Partner,Developer Tools,SKU-DEV-701,DevSecOps Automation Mesh,19,4320.0,1.0,81259.2,10441.81,87.15,Annual Pre-Paid,In Fulfillment,Sarah Chen
ORD-2024-00358,2025-04-15,2025,2025-Q2,CUST-0029,Omni Consumer Products,Enterprise Strategic,Consumer Tech,APAC-East,South Korea,Global Alliance Partner,AI Platform,SKU-AI-9001,Neural Fabric GenAI Platform,114,24056.0,15.0,2331026.4,283219.71,87.85,Net 30,Completed,Jessica Taylor
ORD-2024-00359,2025-02-26,2025,2025-Q1,CUST-0003,Initech Cloud Solutions,Mid-Market,Software,APAC-East,Japan,Direct Field Sales,AI Platform,SKU-AI-9001,Neural Fabric GenAI Platform,40,25296.0,14.0,870182.4,112079.49,87.12,Quarterly Net 30,In Fulfillment,Vikram Patel
ORD-2024-00360,2025-11-18,2025,2025-Q4,CUST-0030,Sartre Software SAS,SMB Growth,Dev Tools,EU-West,France,Online B2B Portal,Cloud Infrastructure,SKU-INFRA-801,Enterprise Data Lakehouse Engine,14,12375.0,2.0,169785.0,36537.73,78.48,Quarterly Net 30,Completed,Astrid Lindgren
ORD-2024-00361,2025-11-03,2025,2025-Q4,CUST-0024,Aperture Quantum Lab,Mid-Market,Research & Quantum,APAC-ANZ,Australia,Global Alliance Partner,AI Platform,SKU-AI-9001,Neural Fabric GenAI Platform,8,23808.0,11.0,169512.96,29274.89,82.73,Net 90,Pending Verification,Astrid Lindgren
ORD-2024-00362,2024-04-18,2024,2024-Q2,CUST-0003,Initech Cloud Solutions,Mid-Market,Software,MEA,United Arab Emirates,Strategic Reseller Partner,AI Platform,SKU-AI-9050,Realtime Anomaly Detection,10,11648.0,12.0,102502.4,19198.7,81.27,Net 90,In Fulfillment,Elena Rostova
ORD-2024-00363,2024-05-03,2024,2024-Q2,CUST-0026,Shinra Electric Power,Enterprise Strategic,Energy & Utilities,EU-West,United Kingdom,Global Alliance Partner,Database Infrastructure,SKU-DB-880,QuantumDB Distributed Cluster,96,17160.0,12.0,1449676.8,328061.86,77.37,Quarterly Net 30,Completed,Gabriel Santos
ORD-2024-00364,2026-07-02,2026,2026-Q3,CUST-0029,Omni Consumer Products,Enterprise Strategic,Consumer Tech,EU-Central,Switzerland,Strategic Reseller Partner,AI Platform,SKU-AI-9050,Realtime Anomaly Detection,5,10416.0,16.0,43747.2,6352.09,85.48,Quarterly Net 30,Completed,Brian O'Connor
ORD-2024-00365,2025-06-04,2025,2025-Q2,CUST-0012,Massive Dynamic AI,Enterprise Strategic,Artificial Intelligence,APAC-ANZ,Australia,Strategic Reseller Partner,Cybersecurity Suite,SKU-SEC-402,Zero-Trust Security Perimeter,18,9078.0,13.0,142161.48,31190.23,78.06,Quarterly Net 30,Completed,Jessica Taylor
ORD-2024-00366,2025-09-15,2025,2025-Q3,CUST-0016,Dunder Mifflin Paper & Tech,SMB Growth,Retail & Supplies,EU-Central,Germany,Global Alliance Partner,Developer Tools,SKU-DEV-701,DevSecOps Automation Mesh,5,4230.0,4.0,20304.0,2984.69,85.3,Quarterly Net 30,Pending Verification,Hannah Schmidt
ORD-2024-00367,2025-12-19,2025,2025-Q4,CUST-0021,Weyland-Yutani Deep Space,Enterprise Strategic,Energy & Mining,APAC-ANZ,Australia,Strategic Reseller Partner,Database Infrastructure,SKU-DB-880,QuantumDB Distributed Cluster,31,16005.0,17.0,411808.65,83350.07,79.76,Net 60,In Fulfillment,Michael Chang
ORD-2024-00368,2025-07-09,2025,2025-Q3,CUST-0021,Weyland-Yutani Deep Space,Enterprise Strategic,Energy & Mining,APAC-ANZ,Australia,Direct Field Sales,Developer Tools,SKU-DEV-701,DevSecOps Automation Mesh,76,4545.0,15.0,293607.0,37170.65,87.34,Annual Pre-Paid,Pending Verification,Brian O'Connor
ORD-2024-00369,2026-05-17,2026,2026-Q2,CUST-0028,LexCorp Advanced Metals,Enterprise Strategic,Materials,APAC-East,South Korea,Direct Field Sales,Cloud Infrastructure,SKU-INFRA-805,High-Speed API Gateway Gateway,18,5076.0,6.0,85885.92,16867.99,80.36,Net 60,Pending Verification,Gabriel Santos
ORD-2024-00370,2026-03-15,2026,2026-Q1,CUST-0011,Pied Piper Compression,Mid-Market,DeepTech,EU-Central,Germany,Online B2B Portal,Cybersecurity Suite,SKU-SEC-402,Zero-Trust Security Perimeter,5,8633.0,10.0,38848.5,8923.5,77.03,Net 30,Pending Verification,Hannah Schmidt
ORD-2024-00371,2025-04-08,2025,2025-Q2,CUST-0007,Tyrell Synthetic Dynamics,Enterprise Strategic,Robotics,APAC-East,Taiwan,Strategic Reseller Partner,Cloud Infrastructure,SKU-INFRA-805,High-Speed API Gateway Gateway,54,5670.0,10.0,275562.0,51282.09,81.39,Net 90,Completed,Brian O'Connor
ORD-2024-00372,2025-01-25,2025,2025-Q1,CUST-0025,Black Mesa Research,Enterprise Strategic,Scientific R&D,EU-North,Netherlands,Online B2B Portal,Cloud Infrastructure,SKU-INFRA-805,High-Speed API Gateway Gateway,11,5184.0,5.0,54172.8,10856.23,79.96,Annual Pre-Paid,In Fulfillment,Brian O'Connor
ORD-2024-00373,2025-10-10,2025,2025-Q4,CUST-0024,Aperture Quantum Lab,Mid-Market,Research & Quantum,APAC-East,South Korea,Strategic Reseller Partner,Database Infrastructure,SKU-DB-880,QuantumDB Distributed Cluster,20,17820.0,7.0,331452.0,74245.25,77.6,Net 60,Completed,Jessica Taylor
ORD-2024-00374,2024-02-11,2024,2024-Q1,CUST-0028,LexCorp Advanced Metals,Enterprise Strategic,Materials,EU-Central,Germany,Online B2B Portal,Cybersecurity Suite,SKU-SEC-402,Zero-Trust Security Perimeter,25,8544.0,17.0,177288.0,46733.12,73.64,Net 60,Completed,Marcus Vance
ORD-2024-00375,2026-08-08,2026,2026-Q3,CUST-0021,Weyland-Yutani Deep Space,Enterprise Strategic,Energy & Mining,APAC-East,Taiwan,Direct Field Sales,Cybersecurity Suite,SKU-SEC-410,Compliance & Audit Vault,112,7200.0,18.0,661248.0,168089.24,74.58,Net 90,Completed,Gabriel Santos
ORD-2024-00376,2025-12-25,2025,2025-Q4,CUST-0021,Weyland-Yutani Deep Space,Enterprise Strategic,Energy & Mining,APAC-East,Japan,Strategic Reseller Partner,Cybersecurity Suite,SKU-SEC-402,Zero-Trust Security Perimeter,71,8900.0,6.0,593986.0,152476.21,74.33,Quarterly Net 30,Completed,Sarah Chen
ORD-2024-00377,2024-12-23,2024,2024-Q4,CUST-0015,Acme Aerospace Systems,Mid-Market,Manufacturing,MEA,United Arab Emirates,Strategic Reseller Partner,Developer Tools,SKU-DEV-701,DevSecOps Automation Mesh,23,4275.0,5.0,93408.75,11190.37,88.02,Quarterly Net 30,Completed,Michael Chang
ORD-2024-00378,2026-04-23,2026,2026-Q2,CUST-0001,Cyberdyne Systems Corp,Enterprise Strategic,Technology & AI,US-West,United States,Online B2B Portal,AI Platform,SKU-AI-9050,Realtime Anomaly Detection,35,11424.0,23.0,307876.8,52431.42,82.97,Net 30,Pending Verification,Jessica Taylor
ORD-2024-00379,2026-07-26,2026,2026-Q3,CUST-0008,Umbrella Life Sciences,Enterprise Strategic,Pharma,EU-North,Netherlands,Online B2B Portal,Cloud Infrastructure,SKU-INFRA-805,High-Speed API Gateway Gateway,97,5778.0,11.0,498814.74,91881.68,81.58,Net 90,Completed,Chloe Dubois
ORD-2024-00380,2024-02-14,2024,2024-Q1,CUST-0019,Buy N Large Retail Mega,Enterprise Strategic,E-Commerce,MEA,United Arab Emirates,Strategic Reseller Partner,Developer Tools,SKU-DEV-701,DevSecOps Automation Mesh,70,4230.0,7.0,275373.0,28170.66,89.77,Quarterly Net 30,Completed,Vikram Patel
ORD-2024-00381,2024-03-08,2024,2024-Q1,CUST-0014,Nakatomi Trading Corp,Mid-Market,Trading & Real Estate,APAC-South,Singapore,Strategic Reseller Partner,IoT & Edge Computing,SKU-IOT-330,Edge IoT Fleet Orchestrator,8,7140.0,3.0,55406.4,13834.98,75.03,Annual Pre-Paid,Completed,Astrid Lindgren
ORD-2024-00382,2025-12-03,2025,2025-Q4,CUST-0010,Hooli Enterprise Cloud,Enterprise Strategic,Cloud Services,US-East,United States,Global Alliance Partner,Developer Tools,SKU-DEV-701,DevSecOps Automation Mesh,9,4185.0,7.0,35028.45,4080.81,88.35,Quarterly Net 30,Completed,Rachel Green
ORD-2024-00383,2026-04-21,2026,2026-Q2,CUST-0015,Acme Aerospace Systems,Mid-Market,Manufacturing,MEA,United Arab Emirates,Online B2B Portal,IoT & Edge Computing,SKU-IOT-330,Edge IoT Fleet Orchestrator,26,6664.0,7.0,161135.52,47486.64,70.53,Annual Pre-Paid,Completed,Michael Chang
ORD-2024-00384,2024-01-07,2024,2024-Q1,CUST-0005,Wayne Enterprises Holdings,Enterprise Strategic,Finance & Industrial,APAC-East,South Korea,Direct Field Sales,AI Platform,SKU-AI-9001,Neural Fabric GenAI Platform,50,23312.0,24.0,885856.0,121362.27,86.3,Net 90,Completed,Kenji Sato
ORD-2024-00385,2026-02-22,2026,2026-Q1,CUST-0029,Omni Consumer Products,Enterprise Strategic,Consumer Tech,EU-North,Netherlands,Global Alliance Partner,Cloud Infrastructure,SKU-INFRA-801,Enterprise Data Lakehouse Engine,65,12000.0,8.0,717600.0,143735.28,79.97,Quarterly Net 30,Pending Verification,Vikram Patel
ORD-2024-00386,2024-05-27,2024,2024-Q2,CUST-0020,Oscorp Pharmaceutical,Enterprise Strategic,Life Sciences,APAC-South,Singapore,Online B2B Portal,Cloud Infrastructure,SKU-INFRA-801,Enterprise Data Lakehouse Engine,75,11750.0,22.0,687375.0,176449.16,74.33,Quarterly Net 30,Completed,Michael Chang
ORD-2024-00387,2025-07-14,2025,2025-Q3,CUST-0006,Soylent BioTech Global,Mid-Market,BioTech,EU-Central,Germany,Strategic Reseller Partner,Developer Tools,SKU-DEV-701,DevSecOps Automation Mesh,15,4590.0,6.0,64719.0,8995.94,86.1,Net 60,In Fulfillment,Elena Rostova
ORD-2024-00388,2025-09-23,2025,2025-Q3,CUST-0017,Sterling Cooper Advertising,Mid-Market,Marketing & Media,EU-West,United Kingdom,Direct Field Sales,Cybersecurity Suite,SKU-SEC-402,Zero-Trust Security Perimeter,38,9434.0,13.0,311888.04,67180.68,78.46,Quarterly Net 30,Completed,Vikram Patel
ORD-2024-00389,2025-07-16,2025,2025-Q3,CUST-0005,Wayne Enterprises Holdings,Enterprise Strategic,Finance & Industrial,EU-Central,Germany,Direct Field Sales,Enterprise ERP,SKU-ERP-101,Global ERP Enterprise Suite,17,35350.0,9.0,546864.5,155254.83,71.61,Net 90,In Fulfillment,Vikram Patel
ORD-2024-00390,2025-11-02,2025,2025-Q4,CUST-0016,Dunder Mifflin Paper & Tech,SMB Growth,Retail & Supplies,US-West,United States,Online B2B Portal,Cybersecurity Suite,SKU-SEC-410,Compliance & Audit Vault,2,6984.0,7.0,12990.24,3428.12,73.61,Quarterly Net 30,Pending Verification,Astrid Lindgren
ORD-2024-00391,2025-08-21,2025,2025-Q3,CUST-0010,Hooli Enterprise Cloud,Enterprise Strategic,Cloud Services,APAC-East,Taiwan,Online B2B Portal,Developer Tools,SKU-DEV-701,DevSecOps Automation Mesh,59,4365.0,8.0,236932.2,27744.76,88.29,Annual Pre-Paid,Pending Verification,Hannah Schmidt
ORD-2024-00392,2025-01-03,2025,2025-Q1,CUST-0009,Wonka Global Logistics,Mid-Market,Supply Chain,APAC-South,Singapore,Online B2B Portal,AI Platform,SKU-AI-9050,Realtime Anomaly Detection,31,11648.0,7.0,335811.84,60781.94,81.9,Net 30,In Fulfillment,Vikram Patel
ORD-2024-00393,2025-09-13,2025,2025-Q3,CUST-0006,Soylent BioTech Global,Mid-Market,BioTech,LATAM,Brazil,Online B2B Portal,Cybersecurity Suite,SKU-SEC-402,Zero-Trust Security Perimeter,36,9256.0,3.0,323219.52,77540.36,76.01,Net 30,Completed,Hannah Schmidt
ORD-2024-00394,2025-06-03,2025,2025-Q2,CUST-0002,Globex Corporation,Enterprise Strategic,Conglomerate,LATAM,Brazil,Global Alliance Partner,Cybersecurity Suite,SKU-SEC-410,Compliance & Audit Vault,32,7272.0,23.0,179182.08,45960.2,74.35,Quarterly Net 30,Completed,Vikram Patel
ORD-2024-00395,2026-03-04,2026,2026-Q1,CUST-0010,Hooli Enterprise Cloud,Enterprise Strategic,Cloud Services,EU-West,France,Global Alliance Partner,Database Infrastructure,SKU-DB-880,QuantumDB Distributed Cluster,119,17160.0,20.0,1633632.0,337671.73,79.33,Annual Pre-Paid,Completed,Jessica Taylor
ORD-2024-00396,2025-01-07,2025,2025-Q1,CUST-0033,Apex FinTech Global,Enterprise Strategic,Banking,US-East,United States,Strategic Reseller Partner,Cybersecurity Suite,SKU-SEC-410,Compliance & Audit Vault,92,7200.0,8.0,609408.0,161066.53,73.57,Net 60,In Fulfillment,Astrid Lindgren
ORD-2024-00397,2026-01-19,2026,2026-Q1,CUST-0031,Athena Health Systems,Mid-Market,Healthcare,EU-West,France,Direct Field Sales,Database Infrastructure,SKU-DB-880,QuantumDB Distributed Cluster,33,15840.0,3.0,507038.4,107137.21,78.87,Net 60,Pending Verification,Jessica Taylor
ORD-2024-00398,2025-04-25,2025,2025-Q2,CUST-0030,Sartre Software SAS,SMB Growth,Dev Tools,MEA,United Arab Emirates,Direct Field Sales,Cloud Infrastructure,SKU-INFRA-801,Enterprise Data Lakehouse Engine,11,12875.0,3.0,137376.25,29989.24,78.17,Net 90,Pending Verification,Rachel Green
ORD-2024-00399,2025-07-11,2025,2025-Q3,CUST-0012,Massive Dynamic AI,Enterprise Strategic,Artificial Intelligence,EU-North,Netherlands,Global Alliance Partner,Developer Tools,SKU-DEV-701,DevSecOps Automation Mesh,80,4725.0,18.0,309960.0,42991.45,86.13,Annual Pre-Paid,In Fulfillment,Michael Chang
ORD-2024-00400,2025-02-19,2025,2025-Q1,CUST-0023,Delos Experience Living,Enterprise Strategic,Hospitality,LATAM,Brazil,Online B2B Portal,AI Platform,SKU-AI-9050,Realtime Anomaly Detection,106,11424.0,15.0,1029302.4,185171.5,82.01,Net 60,Completed,Marcus Vance
ORD-2024-00401,2024-08-23,2024,2024-Q3,CUST-0005,Wayne Enterprises Holdings,Enterprise Strategic,Finance & Industrial,APAC-East,Japan,Online B2B Portal,Database Infrastructure,SKU-DB-880,QuantumDB Distributed Cluster,24,16170.0,9.0,353152.8,60954.17,82.74,Net 30,In Fulfillment,Jessica Taylor
ORD-2024-00402,2026-04-10,2026,2026-Q2,CUST-0022,Gekko Financial Partners,Enterprise Strategic,FinTech & Hedge Fund,APAC-ANZ,Australia,Direct Field Sales,AI Platform,SKU-AI-9050,Realtime Anomaly Detection,91,10640.0,15.0,823004.0,170444.13,79.29,Annual Pre-Paid,Completed,Elena Rostova
ORD-2024-00403,2024-02-14,2024,2024-Q1,CUST-0009,Wonka Global Logistics,Mid-Market,Supply Chain,APAC-East,Taiwan,Strategic Reseller Partner,Cybersecurity Suite,SKU-SEC-402,Zero-Trust Security Perimeter,34,8989.0,1.0,302569.74,86383.66,71.45,Net 90,In Fulfillment,Michael Chang
ORD-2024-00404,2025-02-19,2025,2025-Q1,CUST-0002,Globex Corporation,Enterprise Strategic,Conglomerate,MEA,United Arab Emirates,Online B2B Portal,AI Platform,SKU-AI-9001,Neural Fabric GenAI Platform,32,26784.0,14.0,737095.68,96264.7,86.94,Net 60,In Fulfillment,Hannah Schmidt
ORD-2024-00405,2025-02-24,2025,2025-Q1,CUST-0010,Hooli Enterprise Cloud,Enterprise Strategic,Cloud Services,APAC-East,South Korea,Strategic Reseller Partner,Cybersecurity Suite,SKU-SEC-410,Compliance & Audit Vault,89,6840.0,15.0,517446.0,126877.76,75.48,Annual Pre-Paid,Completed,Elena Rostova
ORD-2024-00406,2025-01-22,2025,2025-Q1,CUST-0025,Black Mesa Research,Enterprise Strategic,Scientific R&D,US-Central,United States,Direct Field Sales,Cloud Infrastructure,SKU-INFRA-801,Enterprise Data Lakehouse Engine,30,13375.0,15.0,341062.5,70020.13,79.47,Net 60,Completed,Marcus Vance
ORD-2024-00407,2025-05-02,2025,2025-Q2,CUST-0003,Initech Cloud Solutions,Mid-Market,Software,MEA,United Arab Emirates,Direct Field Sales,AI Platform,SKU-AI-9001,Neural Fabric GenAI Platform,32,26288.0,10.0,757094.4,118788.11,84.31,Net 30,Completed,Michael Chang
ORD-2024-00408,2025-03-06,2025,2025-Q1,CUST-0024,Aperture Quantum Lab,Mid-Market,Research & Quantum,LATAM,Brazil,Direct Field Sales,Cloud Infrastructure,SKU-INFRA-805,High-Speed API Gateway Gateway,29,5670.0,3.0,159497.1,29794.06,81.32,Annual Pre-Paid,Pending Verification,Rachel Green
ORD-2024-00409,2026-04-03,2026,2026-Q2,CUST-0007,Tyrell Synthetic Dynamics,Enterprise Strategic,Robotics,EU-North,Netherlands,Strategic Reseller Partner,Enterprise ERP,SKU-ERP-101,Global ERP Enterprise Suite,66,37450.0,20.0,1977360.0,698601.29,64.67,Quarterly Net 30,Completed,Kenji Sato
ORD-2024-00410,2024-07-12,2024,2024-Q3,CUST-0001,Cyberdyne Systems Corp,Enterprise Strategic,Technology & AI,APAC-ANZ,Australia,Direct Field Sales,Cybersecurity Suite,SKU-SEC-410,Compliance & Audit Vault,71,6624.0,7.0,437382.72,108295.96,75.24,Net 90,Completed,David Lin
ORD-2024-00411,2024-04-19,2024,2024-Q2,CUST-0010,Hooli Enterprise Cloud,Enterprise Strategic,Cloud Services,EU-North,Netherlands,Online B2B Portal,Enterprise ERP,SKU-ERP-101,Global ERP Enterprise Suite,114,35350.0,16.0,3385116.0,1052771.08,68.9,Annual Pre-Paid,In Fulfillment,Jessica Taylor
ORD-2024-00412,2025-07-19,2025,2025-Q3,CUST-0031,Athena Health Systems,Mid-Market,Healthcare,US-Central,United States,Online B2B Portal,Cloud Infrastructure,SKU-INFRA-805,High-Speed API Gateway Gateway,37,5832.0,7.0,200679.12,40898.4,79.62,Annual Pre-Paid,In Fulfillment,Hannah Schmidt
ORD-2024-00413,2026-06-03,2026,2026-Q2,CUST-0008,Umbrella Life Sciences,Enterprise Strategic,Pharma,APAC-ANZ,Australia,Strategic Reseller Partner,AI Platform,SKU-AI-9050,Realtime Anomaly Detection,105,10640.0,19.0,904932.0,183520.21,79.72,Annual Pre-Paid,Pending Verification,Gabriel Santos
ORD-2024-00414,2025-07-17,2025,2025-Q3,CUST-0004,Stark Aerospace & Defense,Enterprise Strategic,Aerospace,US-Central,United States,Global Alliance Partner,Cloud Infrastructure,SKU-INFRA-801,Enterprise Data Lakehouse Engine,107,11750.0,7.0,1169242.5,217362.18,81.41,Annual Pre-Paid,Completed,Sarah Chen
ORD-2024-00415,2024-09-26,2024,2024-Q3,CUST-0015,Acme Aerospace Systems,Mid-Market,Manufacturing,EU-West,France,Direct Field Sales,Cybersecurity Suite,SKU-SEC-410,Compliance & Audit Vault,4,7704.0,11.0,27426.24,7347.49,73.21,Quarterly Net 30,Pending Verification,Astrid Lindgren
ORD-2024-00416,2025-09-03,2025,2025-Q3,CUST-0004,Stark Aerospace & Defense,Enterprise Strategic,Aerospace,APAC-East,South Korea,Strategic Reseller Partner,AI Platform,SKU-AI-9050,Realtime Anomaly Detection,61,11872.0,5.0,687982.4,100101.44,85.45,Quarterly Net 30,Pending Verification,Elena Rostova
ORD-2024-00417,2024-02-04,2024,2024-Q1,CUST-0033,Apex FinTech Global,Enterprise Strategic,Banking,APAC-East,Japan,Strategic Reseller Partner,Cybersecurity Suite,SKU-SEC-410,Compliance & Audit Vault,26,7056.0,18.0,150433.92,37247.44,75.24,Net 60,Completed,Kenji Sato
ORD-2024-00418,2026-03-09,2026,2026-Q1,CUST-0026,Shinra Electric Power,Enterprise Strategic,Energy & Utilities,EU-West,France,Global Alliance Partner,IoT & Edge Computing,SKU-IOT-330,Edge IoT Fleet Orchestrator,80,6256.0,9.0,455436.8,120098.68,73.63,Net 30,Pending Verification,Astrid Lindgren
ORD-2024-00419,2026-04-29,2026,2026-Q2,CUST-0023,Delos Experience Living,Enterprise Strategic,Hospitality,EU-West,France,Online B2B Portal,Database Infrastructure,SKU-DB-880,QuantumDB Distributed Cluster,82,16335.0,24.0,1017997.2,201258.05,80.23,Net 30,Pending Verification,Marcus Vance
ORD-2024-00420,2025-02-20,2025,2025-Q1,CUST-0033,Apex FinTech Global,Enterprise Strategic,Banking,US-West,United States,Direct Field Sales,Cloud Infrastructure,SKU-INFRA-805,High-Speed API Gateway Gateway,42,5076.0,12.0,187608.96,39191.51,79.11,Net 90,Pending Verification,Astrid Lindgren
ORD-2024-00421,2025-03-29,2025,2025-Q1,CUST-0025,Black Mesa Research,Enterprise Strategic,Scientific R&D,APAC-East,Taiwan,Global Alliance Partner,Database Infrastructure,SKU-DB-880,QuantumDB Distributed Cluster,101,17160.0,12.0,1525180.8,267669.23,82.45,Quarterly Net 30,Completed,Chloe Dubois
ORD-2024-00422,2024-04-29,2024,2024-Q2,CUST-0017,Sterling Cooper Advertising,Mid-Market,Marketing & Media,US-West,United States,Global Alliance Partner,Database Infrastructure,SKU-DB-880,QuantumDB Distributed Cluster,16,16335.0,12.0,229996.8,46413.35,79.82,Quarterly Net 30,Completed,Astrid Lindgren
ORD-2024-00423,2026-05-02,2026,2026-Q2,CUST-0017,Sterling Cooper Advertising,Mid-Market,Marketing & Media,EU-West,United Kingdom,Online B2B Portal,AI Platform,SKU-AI-9001,Neural Fabric GenAI Platform,27,26040.0,10.0,632772.0,122694.49,80.61,Net 60,Completed,David Lin
ORD-2024-00424,2024-12-28,2024,2024-Q4,CUST-0014,Nakatomi Trading Corp,Mid-Market,Trading & Real Estate,MEA,United Arab Emirates,Online B2B Portal,Cybersecurity Suite,SKU-SEC-402,Zero-Trust Security Perimeter,14,8455.0,7.0,110084.1,25451.44,76.88,Net 90,In Fulfillment,Elena Rostova
ORD-2024-00425,2024-07-26,2024,2024-Q3,CUST-0016,Dunder Mifflin Paper & Tech,SMB Growth,Retail & Supplies,LATAM,Brazil,Online B2B Portal,Cybersecurity Suite,SKU-SEC-402,Zero-Trust Security Perimeter,13,9523.0,1.0,122561.01,28912.14,76.41,Annual Pre-Paid,Completed,Gabriel Santos
ORD-2024-00426,2026-05-27,2026,2026-Q2,CUST-0035,Hyperion Data Mesh,Mid-Market,Data Infrastructure,US-East,United States,Global Alliance Partner,Developer Tools,SKU-DEV-701,DevSecOps Automation Mesh,22,4860.0,7.0,99435.6,10758.93,89.18,Net 90,Completed,Marcus Vance
ORD-2024-00427,2026-02-21,2026,2026-Q1,CUST-0033,Apex FinTech Global,Enterprise Strategic,Banking,EU-Central,Germany,Global Alliance Partner,Database Infrastructure,SKU-DB-880,QuantumDB Distributed Cluster,101,15345.0,17.0,1286371.35,213666.28,83.39,Annual Pre-Paid,Completed,Michael Chang
ORD-2024-00428,2024-12-21,2024,2024-Q4,CUST-0026,Shinra Electric Power,Enterprise Strategic,Energy & Utilities,LATAM,Brazil,Strategic Reseller Partner,AI Platform,SKU-AI-9050,Realtime Anomaly Detection,20,11088.0,19.0,179625.6,29620.26,83.51,Net 30,In Fulfillment,Jessica Taylor
ORD-2024-00429,2025-08-17,2025,2025-Q3,CUST-0007,Tyrell Synthetic Dynamics,Enterprise Strategic,Robotics,EU-West,France,Online B2B Portal,Cybersecurity Suite,SKU-SEC-410,Compliance & Audit Vault,115,7272.0,10.0,752652.0,211495.21,71.9,Annual Pre-Paid,Pending Verification,David Lin
ORD-2024-00430,2024-07-07,2024,2024-Q3,CUST-0032,Zeus Renewable Power,Mid-Market,Clean Energy,EU-North,Netherlands,Strategic Reseller Partner,IoT & Edge Computing,SKU-IOT-330,Edge IoT Fleet Orchestrator,25,6664.0,5.0,158270.0,44932.85,71.61,Quarterly Net 30,In Fulfillment,Rachel Green
ORD-2024-00431,2025-12-03,2025,2025-Q4,CUST-0015,Acme Aerospace Systems,Mid-Market,Manufacturing,LATAM,Brazil,Direct Field Sales,Enterprise ERP,SKU-ERP-101,Global ERP Enterprise Suite,17,37100.0,8.0,580244.0,199778.01,65.57,Net 60,Completed,Gabriel Santos
ORD-2024-00432,2024-01-10,2024,2024-Q1,CUST-0012,Massive Dynamic AI,Enterprise Strategic,Artificial Intelligence,EU-North,Netherlands,Global Alliance Partner,Cybersecurity Suite,SKU-SEC-402,Zero-Trust Security Perimeter,119,8900.0,22.0,826098.0,191985.18,76.76,Annual Pre-Paid,Pending Verification,Kenji Sato
ORD-2024-00433,2025-07-29,2025,2025-Q3,CUST-0004,Stark Aerospace & Defense,Enterprise Strategic,Aerospace,EU-North,Netherlands,Direct Field Sales,Cybersecurity Suite,SKU-SEC-402,Zero-Trust Security Perimeter,12,8544.0,9.0,93300.48,20796.68,77.71,Net 30,Completed,Astrid Lindgren
ORD-2024-00434,2024-12-08,2024,2024-Q4,CUST-0017,Sterling Cooper Advertising,Mid-Market,Marketing & Media,EU-West,France,Online B2B Portal,Cloud Infrastructure,SKU-INFRA-805,High-Speed API Gateway Gateway,37,5184.0,14.0,164954.88,40974.79,75.16,Net 30,Pending Verification,Hannah Schmidt
ORD-2024-00435,2025-11-26,2025,2025-Q4,CUST-0013,Oceanic Airlines Group,Enterprise Strategic,Aviation,APAC-East,Taiwan,Strategic Reseller Partner,Enterprise ERP,SKU-ERP-101,Global ERP Enterprise Suite,50,35000.0,12.0,1540000.0,458920.0,70.2,Annual Pre-Paid,Completed,Jessica Taylor
ORD-2024-00436,2025-09-20,2025,2025-Q3,CUST-0019,Buy N Large Retail Mega,Enterprise Strategic,E-Commerce,EU-Central,Switzerland,Strategic Reseller Partner,Cybersecurity Suite,SKU-SEC-402,Zero-Trust Security Perimeter,86,8633.0,21.0,586526.02,140472.98,76.05,Quarterly Net 30,Completed,Hannah Schmidt
ORD-2024-00437,2026-07-17,2026,2026-Q3,CUST-0005,Wayne Enterprises Holdings,Enterprise Strategic,Finance & Industrial,US-West,United States,Strategic Reseller Partner,Developer Tools,SKU-DEV-701,DevSecOps Automation Mesh,34,4590.0,11.0,138893.4,17111.67,87.68,Quarterly Net 30,Completed,Kenji Sato
ORD-2024-00438,2026-06-27,2026,2026-Q2,CUST-0029,Omni Consumer Products,Enterprise Strategic,Consumer Tech,APAC-East,South Korea,Online B2B Portal,Cybersecurity Suite,SKU-SEC-410,Compliance & Audit Vault,71,7128.0,24.0,384626.88,109734.05,71.47,Net 30,In Fulfillment,Astrid Lindgren
ORD-2024-00439,2024-08-28,2024,2024-Q3,CUST-0017,Sterling Cooper Advertising,Mid-Market,Marketing & Media,APAC-ANZ,Australia,Direct Field Sales,Database Infrastructure,SKU-DB-880,QuantumDB Distributed Cluster,12,15510.0,6.0,174952.8,27135.18,84.49,Annual Pre-Paid,Completed,Alex Mercer
ORD-2024-00440,2026-02-28,2026,2026-Q1,CUST-0026,Shinra Electric Power,Enterprise Strategic,Energy & Utilities,APAC-East,Japan,Direct Field Sales,AI Platform,SKU-AI-9001,Neural Fabric GenAI Platform,38,23064.0,17.0,727438.56,91293.54,87.45,Annual Pre-Paid,Pending Verification,Elena Rostova
ORD-2024-00441,2024-09-10,2024,2024-Q3,CUST-0019,Buy N Large Retail Mega,Enterprise Strategic,E-Commerce,EU-Central,Switzerland,Strategic Reseller Partner,Cybersecurity Suite,SKU-SEC-402,Zero-Trust Security Perimeter,72,8188.0,22.0,459838.08,108935.64,76.31,Net 90,Completed,Chloe Dubois
ORD-2024-00442,2026-06-10,2026,2026-Q2,CUST-0035,Hyperion Data Mesh,Mid-Market,Data Infrastructure,MEA,United Arab Emirates,Online B2B Portal,Cloud Infrastructure,SKU-INFRA-805,High-Speed API Gateway Gateway,30,5778.0,2.0,169873.2,35146.77,79.31,Quarterly Net 30,Completed,Vikram Patel
ORD-2024-00443,2026-02-05,2026,2026-Q1,CUST-0028,LexCorp Advanced Metals,Enterprise Strategic,Materials,APAC-East,Japan,Online B2B Portal,Developer Tools,SKU-DEV-701,DevSecOps Automation Mesh,66,4725.0,16.0,261954.0,37904.74,85.53,Net 90,Completed,Kenji Sato
ORD-2024-00444,2024-06-08,2024,2024-Q2,CUST-0020,Oscorp Pharmaceutical,Enterprise Strategic,Life Sciences,US-East,United States,Direct Field Sales,Cloud Infrastructure,SKU-INFRA-805,High-Speed API Gateway Gateway,109,5076.0,20.0,442627.2,100520.64,77.29,Quarterly Net 30,Completed,Astrid Lindgren
ORD-2024-00445,2026-08-02,2026,2026-Q3,CUST-0032,Zeus Renewable Power,Mid-Market,Clean Energy,APAC-East,South Korea,Global Alliance Partner,Enterprise ERP,SKU-ERP-101,Global ERP Enterprise Suite,2,36750.0,11.0,65415.0,20422.56,68.78,Net 30,Pending Verification,Elena Rostova
ORD-2024-00446,2025-02-25,2025,2025-Q1,CUST-0028,LexCorp Advanced Metals,Enterprise Strategic,Materials,EU-North,Netherlands,Strategic Reseller Partner,Cybersecurity Suite,SKU-SEC-402,Zero-Trust Security Perimeter,96,8722.0,20.0,669849.6,173959.94,74.03,Net 90,Completed,Jessica Taylor
ORD-2024-00447,2025-10-02,2025,2025-Q4,CUST-0016,Dunder Mifflin Paper & Tech,SMB Growth,Retail & Supplies,APAC-East,Japan,Online B2B Portal,Enterprise ERP,SKU-ERP-101,Global ERP Enterprise Suite,11,36750.0,6.0,379995.0,124258.37,67.3,Net 30,In Fulfillment,Marcus Vance
ORD-2024-00448,2024-10-23,2024,2024-Q4,CUST-0008,Umbrella Life Sciences,Enterprise Strategic,Pharma,APAC-South,Singapore,Global Alliance Partner,Cybersecurity Suite,SKU-SEC-410,Compliance & Audit Vault,62,7344.0,10.0,409795.2,116791.63,71.5,Net 30,In Fulfillment,Alex Mercer
ORD-2024-00449,2025-07-01,2025,2025-Q3,CUST-0002,Globex Corporation,Enterprise Strategic,Conglomerate,US-Central,United States,Direct Field Sales,Enterprise ERP,SKU-ERP-101,Global ERP Enterprise Suite,39,34650.0,8.0,1243242.0,446696.85,64.07,Net 30,In Fulfillment,Alex Mercer
ORD-2024-00450,2025-05-20,2025,2025-Q2,CUST-0014,Nakatomi Trading Corp,Mid-Market,Trading & Real Estate,EU-West,France,Global Alliance Partner,Enterprise ERP,SKU-ERP-101,Global ERP Enterprise Suite,33,34650.0,15.0,971932.5,288372.37,70.33,Net 90,Completed,Hannah Schmidt
ORD-2024-00451,2026-02-07,2026,2026-Q1,CUST-0010,Hooli Enterprise Cloud,Enterprise Strategic,Cloud Services,US-East,United States,Online B2B Portal,IoT & Edge Computing,SKU-IOT-330,Edge IoT Fleet Orchestrator,14,6460.0,16.0,75969.6,18863.25,75.17,Net 90,Completed,Hannah Schmidt
ORD-2024-00452,2024-01-13,2024,2024-Q1,CUST-0008,Umbrella Life Sciences,Enterprise Strategic,Pharma,APAC-East,South Korea,Strategic Reseller Partner,IoT & Edge Computing,SKU-IOT-330,Edge IoT Fleet Orchestrator,103,6528.0,24.0,511011.84,122847.25,75.96,Net 60,Completed,Astrid Lindgren
ORD-2024-00453,2026-02-28,2026,2026-Q1,CUST-0007,Tyrell Synthetic Dynamics,Enterprise Strategic,Robotics,APAC-East,Japan,Strategic Reseller Partner,AI Platform,SKU-AI-9050,Realtime Anomaly Detection,54,10864.0,19.0,475191.36,92282.16,80.58,Net 30,Completed,Kenji Sato
ORD-2024-00454,2025-05-07,2025,2025-Q2,CUST-0020,Oscorp Pharmaceutical,Enterprise Strategic,Life Sciences,EU-West,United Kingdom,Online B2B Portal,Cloud Infrastructure,SKU-INFRA-801,Enterprise Data Lakehouse Engine,115,13500.0,18.0,1273050.0,306932.35,75.89,Annual Pre-Paid,Pending Verification,Alex Mercer
ORD-2024-00455,2024-06-20,2024,2024-Q2,CUST-0018,Virtucon Industries,Enterprise Strategic,Industrial Equipment,APAC-East,Taiwan,Direct Field Sales,IoT & Edge Computing,SKU-IOT-330,Edge IoT Fleet Orchestrator,106,7344.0,10.0,700617.6,191618.91,72.65,Annual Pre-Paid,In Fulfillment,David Lin
ORD-2024-00456,2026-02-28,2026,2026-Q1,CUST-0006,Soylent BioTech Global,Mid-Market,BioTech,EU-West,United Kingdom,Strategic Reseller Partner,AI Platform,SKU-AI-9050,Realtime Anomaly Detection,7,10864.0,10.0,68443.2,9746.31,85.76,Net 30,Completed,David Lin
ORD-2024-00457,2025-10-22,2025,2025-Q4,CUST-0010,Hooli Enterprise Cloud,Enterprise Strategic,Cloud Services,APAC-ANZ,Australia,Direct Field Sales,Cybersecurity Suite,SKU-SEC-402,Zero-Trust Security Perimeter,67,9612.0,10.0,579603.6,131512.06,77.31,Net 90,Completed,Astrid Lindgren
ORD-2024-00458,2024-07-16,2024,2024-Q3,CUST-0002,Globex Corporation,Enterprise Strategic,Conglomerate,APAC-ANZ,Australia,Global Alliance Partner,Developer Tools,SKU-DEV-701,DevSecOps Automation Mesh,97,4770.0,8.0,425674.8,60105.28,85.88,Annual Pre-Paid,Pending Verification,Michael Chang
ORD-2024-00459,2025-12-14,2025,2025-Q4,CUST-0032,Zeus Renewable Power,Mid-Market,Clean Energy,EU-West,United Kingdom,Strategic Reseller Partner,Cloud Infrastructure,SKU-INFRA-805,High-Speed API Gateway Gateway,24,5346.0,5.0,121888.8,22013.12,81.94,Quarterly Net 30,In Fulfillment,Sarah Chen
ORD-2024-00460,2025-06-27,2025,2025-Q2,CUST-0010,Hooli Enterprise Cloud,Enterprise Strategic,Cloud Services,EU-Central,Switzerland,Online B2B Portal,Enterprise ERP,SKU-ERP-101,Global ERP Enterprise Suite,74,32200.0,12.0,2096864.0,647930.98,69.1,Annual Pre-Paid,In Fulfillment,Brian O'Connor
ORD-2024-00461,2024-01-20,2024,2024-Q1,CUST-0024,Aperture Quantum Lab,Mid-Market,Research & Quantum,APAC-East,South Korea,Strategic Reseller Partner,Developer Tools,SKU-DEV-701,DevSecOps Automation Mesh,6,4545.0,10.0,24543.0,3656.91,85.1,Quarterly Net 30,Completed,Gabriel Santos
ORD-2024-00462,2025-07-18,2025,2025-Q3,CUST-0010,Hooli Enterprise Cloud,Enterprise Strategic,Cloud Services,APAC-East,Taiwan,Online B2B Portal,Developer Tools,SKU-DEV-701,DevSecOps Automation Mesh,57,4230.0,18.0,197710.2,27303.78,86.19,Net 30,Completed,Hannah Schmidt
ORD-2024-00463,2024-05-12,2024,2024-Q2,CUST-0012,Massive Dynamic AI,Enterprise Strategic,Artificial Intelligence,LATAM,Brazil,Direct Field Sales,Database Infrastructure,SKU-DB-880,QuantumDB Distributed Cluster,18,15510.0,15.0,237303.0,43734.94,81.57,Annual Pre-Paid,Completed,Michael Chang
ORD-2024-00464,2025-09-30,2025,2025-Q3,CUST-0017,Sterling Cooper Advertising,Mid-Market,Marketing & Media,US-East,United States,Online B2B Portal,Database Infrastructure,SKU-DB-880,QuantumDB Distributed Cluster,40,15180.0,11.0,540408.0,84465.77,84.37,Annual Pre-Paid,Completed,Chloe Dubois
ORD-2024-00465,2026-03-31,2026,2026-Q1,CUST-0004,Stark Aerospace & Defense,Enterprise Strategic,Aerospace,EU-West,France,Global Alliance Partner,Developer Tools,SKU-DEV-701,DevSecOps Automation Mesh,106,4725.0,19.0,405688.5,64382.76,84.13,Net 30,Completed,Hannah Schmidt
ORD-2024-00466,2024-11-07,2024,2024-Q4,CUST-0005,Wayne Enterprises Holdings,Enterprise Strategic,Finance & Industrial,EU-West,United Kingdom,Direct Field Sales,AI Platform,SKU-AI-9001,Neural Fabric GenAI Platform,97,24304.0,10.0,2121739.2,391673.06,81.54,Net 60,In Fulfillment,Michael Chang
ORD-2024-00467,2026-02-06,2026,2026-Q1,CUST-0027,Vault-Tec Security Hub,Enterprise Strategic,Cybersecurity,APAC-ANZ,Australia,Direct Field Sales,Cybersecurity Suite,SKU-SEC-410,Compliance & Audit Vault,50,7416.0,18.0,304056.0,80818.08,73.42,Net 30,In Fulfillment,Gabriel Santos
ORD-2024-00468,2024-07-03,2024,2024-Q3,CUST-0026,Shinra Electric Power,Enterprise Strategic,Energy & Utilities,APAC-East,Japan,Online B2B Portal,Cybersecurity Suite,SKU-SEC-402,Zero-Trust Security Perimeter,73,8811.0,25.0,482402.25,126292.91,73.82,Net 90,Pending Verification,Hannah Schmidt
ORD-2024-00469,2025-01-15,2025,2025-Q1,CUST-0027,Vault-Tec Security Hub,Enterprise Strategic,Cybersecurity,APAC-East,South Korea,Global Alliance Partner,Developer Tools,SKU-DEV-701,DevSecOps Automation Mesh,82,4545.0,10.0,335421.0,50313.15,85.0,Quarterly Net 30,Pending Verification,David Lin
ORD-2024-00470,2025-04-08,2025,2025-Q2,CUST-0029,Omni Consumer Products,Enterprise Strategic,Consumer Tech,EU-North,Netherlands,Direct Field Sales,Cloud Infrastructure,SKU-INFRA-801,Enterprise Data Lakehouse Engine,41,12500.0,17.0,425375.0,76780.19,81.95,Net 90,Completed,Kenji Sato
ORD-2024-00471,2024-08-15,2024,2024-Q3,CUST-0014,Nakatomi Trading Corp,Mid-Market,Trading & Real Estate,LATAM,Brazil,Online B2B Portal,Cloud Infrastructure,SKU-INFRA-801,Enterprise Data Lakehouse Engine,19,12500.0,14.0,204250.0,43770.78,78.57,Quarterly Net 30,In Fulfillment,Sarah Chen
ORD-2024-00472,2024-02-08,2024,2024-Q1,CUST-0030,Sartre Software SAS,SMB Growth,Dev Tools,EU-West,France,Strategic Reseller Partner,Cybersecurity Suite,SKU-SEC-402,Zero-Trust Security Perimeter,5,8989.0,3.0,43596.65,11832.13,72.86,Net 90,Completed,Rachel Green
ORD-2024-00473,2025-02-13,2025,2025-Q1,CUST-0014,Nakatomi Trading Corp,Mid-Market,Trading & Real Estate,APAC-ANZ,Australia,Direct Field Sales,Developer Tools,SKU-DEV-701,DevSecOps Automation Mesh,32,4725.0,3.0,146664.0,18303.67,87.52,Quarterly Net 30,Completed,Rachel Green
ORD-2024-00474,2025-10-19,2025,2025-Q4,CUST-0020,Oscorp Pharmaceutical,Enterprise Strategic,Life Sciences,US-East,United States,Global Alliance Partner,AI Platform,SKU-AI-9001,Neural Fabric GenAI Platform,104,25792.0,6.0,2521425.92,434189.54,82.78,Annual Pre-Paid,Completed,Brian O'Connor
ORD-2024-00475,2026-06-07,2026,2026-Q2,CUST-0008,Umbrella Life Sciences,Enterprise Strategic,Pharma,LATAM,Brazil,Strategic Reseller Partner,Cybersecurity Suite,SKU-SEC-410,Compliance & Audit Vault,6,7344.0,18.0,36132.48,10684.37,70.43,Quarterly Net 30,Completed,David Lin
ORD-2024-00476,2025-07-06,2025,2025-Q3,CUST-0010,Hooli Enterprise Cloud,Enterprise Strategic,Cloud Services,EU-West,France,Strategic Reseller Partner,Cybersecurity Suite,SKU-SEC-402,Zero-Trust Security Perimeter,11,9612.0,18.0,86700.24,18406.46,78.77,Quarterly Net 30,Completed,Elena Rostova
ORD-2024-00477,2025-03-18,2025,2025-Q1,CUST-0019,Buy N Large Retail Mega,Enterprise Strategic,E-Commerce,APAC-East,South Korea,Global Alliance Partner,Cybersecurity Suite,SKU-SEC-402,Zero-Trust Security Perimeter,21,8900.0,12.0,164472.0,37894.35,76.96,Quarterly Net 30,Completed,Kenji Sato
ORD-2024-00478,2024-03-28,2024,2024-Q1,CUST-0026,Shinra Electric Power,Enterprise Strategic,Energy & Utilities,APAC-East,Japan,Global Alliance Partner,Cybersecurity Suite,SKU-SEC-402,Zero-Trust Security Perimeter,102,8989.0,8.0,843527.76,211725.47,74.9,Quarterly Net 30,In Fulfillment,Michael Chang
ORD-2024-00479,2025-09-22,2025,2025-Q3,CUST-0034,Quantum Peak Labs,SMB Growth,Semiconductor,EU-West,United Kingdom,Strategic Reseller Partner,AI Platform,SKU-AI-9001,Neural Fabric GenAI Platform,5,24056.0,6.0,113063.2,14257.27,87.39,Net 30,Completed,Vikram Patel
ORD-2024-00480,2025-02-27,2025,2025-Q1,CUST-0028,LexCorp Advanced Metals,Enterprise Strategic,Materials,EU-West,France,Online B2B Portal,Database Infrastructure,SKU-DB-880,QuantumDB Distributed Cluster,46,16830.0,12.0,681278.4,114727.28,83.16,Net 60,Pending Verification,Rachel Green
ORD-2024-00481,2026-04-21,2026,2026-Q2,CUST-0029,Omni Consumer Products,Enterprise Strategic,Consumer Tech,APAC-East,Taiwan,Strategic Reseller Partner,AI Platform,SKU-AI-9050,Realtime Anomaly Detection,10,10752.0,23.0,82790.4,13676.97,83.48,Net 60,Completed,Sarah Chen
ORD-2024-00482,2026-01-27,2026,2026-Q1,CUST-0004,Stark Aerospace & Defense,Enterprise Strategic,Aerospace,EU-West,United Kingdom,Strategic Reseller Partner,Enterprise ERP,SKU-ERP-101,Global ERP Enterprise Suite,6,36750.0,12.0,194040.0,65119.82,66.44,Annual Pre-Paid,Completed,David Lin
ORD-2024-00483,2024-08-02,2024,2024-Q3,CUST-0035,Hyperion Data Mesh,Mid-Market,Data Infrastructure,EU-West,United Kingdom,Strategic Reseller Partner,Cloud Infrastructure,SKU-INFRA-805,High-Speed API Gateway Gateway,35,5454.0,11.0,169892.1,34012.4,79.98,Net 60,Completed,Jessica Taylor
ORD-2024-00484,2025-08-19,2025,2025-Q3,CUST-0034,Quantum Peak Labs,SMB Growth,Semiconductor,US-East,United States,Online B2B Portal,Cybersecurity Suite,SKU-SEC-402,Zero-Trust Security Perimeter,1,9345.0,2.0,9158.1,2203.44,75.94,Net 30,Completed,Vikram Patel
ORD-2024-00485,2024-01-09,2024,2024-Q1,CUST-0005,Wayne Enterprises Holdings,Enterprise Strategic,Finance & Industrial,EU-North,Netherlands,Online B2B Portal,Developer Tools,SKU-DEV-701,DevSecOps Automation Mesh,115,4365.0,7.0,466836.75,51025.26,89.07,Annual Pre-Paid,In Fulfillment,Jessica Taylor
ORD-2024-00486,2025-06-04,2025,2025-Q2,CUST-0007,Tyrell Synthetic Dynamics,Enterprise Strategic,Robotics,MEA,United Arab Emirates,Online B2B Portal,AI Platform,SKU-AI-9050,Realtime Anomaly Detection,115,10416.0,17.0,994207.2,202917.69,79.59,Annual Pre-Paid,Completed,Alex Mercer
ORD-2024-00487,2024-09-10,2024,2024-Q3,CUST-0034,Quantum Peak Labs,SMB Growth,Semiconductor,EU-Central,Germany,Online B2B Portal,AI Platform,SKU-AI-9050,Realtime Anomaly Detection,7,10304.0,6.0,67800.32,11207.39,83.47,Net 90,Pending Verification,Elena Rostova
ORD-2024-00488,2025-05-28,2025,2025-Q2,CUST-0018,Virtucon Industries,Enterprise Strategic,Industrial Equipment,APAC-East,South Korea,Direct Field Sales,Enterprise ERP,SKU-ERP-101,Global ERP Enterprise Suite,117,37800.0,13.0,3847662.0,1080423.49,71.92,Quarterly Net 30,Pending Verification,Elena Rostova
ORD-2024-00489,2024-06-04,2024,2024-Q2,CUST-0022,Gekko Financial Partners,Enterprise Strategic,FinTech & Hedge Fund,MEA,United Arab Emirates,Global Alliance Partner,Cybersecurity Suite,SKU-SEC-402,Zero-Trust Security Perimeter,16,8900.0,20.0,113920.0,26862.34,76.42,Net 60,Completed,Elena Rostova
ORD-2024-00490,2025-08-09,2025,2025-Q3,CUST-0010,Hooli Enterprise Cloud,Enterprise Strategic,Cloud Services,EU-North,Netherlands,Online B2B Portal,Cybersecurity Suite,SKU-SEC-410,Compliance & Audit Vault,47,6768.0,14.0,273562.56,67788.8,75.22,Quarterly Net 30,In Fulfillment,Hannah Schmidt
ORD-2024-00491,2024-05-21,2024,2024-Q2,CUST-0020,Oscorp Pharmaceutical,Enterprise Strategic,Life Sciences,APAC-ANZ,Australia,Strategic Reseller Partner,IoT & Edge Computing,SKU-IOT-330,Edge IoT Fleet Orchestrator,103,7276.0,8.0,689473.76,170024.23,75.34,Net 90,Completed,Michael Chang
ORD-2024-00492,2025-06-29,2025,2025-Q2,CUST-0008,Umbrella Life Sciences,Enterprise Strategic,Pharma,US-Central,United States,Online B2B Portal,Cybersecurity Suite,SKU-SEC-402,Zero-Trust Security Perimeter,98,8633.0,6.0,795271.96,168756.71,78.78,Annual Pre-Paid,Pending Verification,Chloe Dubois
ORD-2024-00493,2026-02-02,2026,2026-Q1,CUST-0018,Virtucon Industries,Enterprise Strategic,Industrial Equipment,US-Central,United States,Strategic Reseller Partner,AI Platform,SKU-AI-9001,Neural Fabric GenAI Platform,21,25792.0,9.0,492885.12,74425.65,84.9,Net 90,In Fulfillment,Rachel Green
ORD-2024-00494,2024-08-25,2024,2024-Q3,CUST-0015,Acme Aerospace Systems,Mid-Market,Manufacturing,APAC-South,Singapore,Direct Field Sales,Developer Tools,SKU-DEV-701,DevSecOps Automation Mesh,7,4500.0,10.0,28350.0,3963.33,86.02,Quarterly Net 30,Completed,Astrid Lindgren
ORD-2024-00495,2025-10-27,2025,2025-Q4,CUST-0024,Aperture Quantum Lab,Mid-Market,Research & Quantum,US-Central,United States,Global Alliance Partner,AI Platform,SKU-AI-9050,Realtime Anomaly Detection,32,10640.0,2.0,333670.4,72539.94,78.26,Net 30,Pending Verification,Jessica Taylor
ORD-2024-00496,2024-08-15,2024,2024-Q3,CUST-0013,Oceanic Airlines Group,Enterprise Strategic,Aviation,APAC-East,South Korea,Strategic Reseller Partner,AI Platform,SKU-AI-9001,Neural Fabric GenAI Platform,27,26784.0,24.0,549607.68,71778.76,86.94,Annual Pre-Paid,Pending Verification,Hannah Schmidt
ORD-2024-00497,2025-04-13,2025,2025-Q2,CUST-0016,Dunder Mifflin Paper & Tech,SMB Growth,Retail & Supplies,EU-North,Netherlands,Global Alliance Partner,Cloud Infrastructure,SKU-INFRA-801,Enterprise Data Lakehouse Engine,10,12250.0,6.0,115150.0,27060.25,76.5,Quarterly Net 30,Completed,Michael Chang
ORD-2024-00498,2024-04-21,2024,2024-Q2,CUST-0029,Omni Consumer Products,Enterprise Strategic,Consumer Tech,EU-Central,Switzerland,Direct Field Sales,Database Infrastructure,SKU-DB-880,QuantumDB Distributed Cluster,71,17820.0,16.0,1062784.8,241145.87,77.31,Annual Pre-Paid,Completed,Elena Rostova
ORD-2024-00499,2024-10-25,2024,2024-Q4,CUST-0029,Omni Consumer Products,Enterprise Strategic,Consumer Tech,EU-North,Netherlands,Online B2B Portal,Enterprise ERP,SKU-ERP-101,Global ERP Enterprise Suite,64,33950.0,8.0,1998976.0,572706.62,71.35,Quarterly Net 30,In Fulfillment,Chloe Dubois
ORD-2024-00500,2026-04-29,2026,2026-Q2,CUST-0029,Omni Consumer Products,Enterprise Strategic,Consumer Tech,US-West,United States,Direct Field Sales,Cybersecurity Suite,SKU-SEC-402,Zero-Trust Security Perimeter,104,9434.0,17.0,814342.88,200572.65,75.37,Annual Pre-Paid,Completed,David Lin
ORD-2024-00501,2025-04-06,2025,2025-Q2,CUST-0002,Globex Corporation,Enterprise Strategic,Conglomerate,US-Central,United States,Global Alliance Partner,Cybersecurity Suite,SKU-SEC-410,Compliance & Audit Vault,119,6840.0,19.0,659307.6,173793.48,73.64,Net 90,Pending Verification,Astrid Lindgren
ORD-2024-00502,2025-10-26,2025,2025-Q4,CUST-0011,Pied Piper Compression,Mid-Market,DeepTech,APAC-ANZ,Australia,Direct Field Sales,AI Platform,SKU-AI-9001,Neural Fabric GenAI Platform,9,25296.0,11.0,202620.96,39146.37,80.68,Annual Pre-Paid,In Fulfillment,Jessica Taylor
ORD-2024-00503,2025-07-17,2025,2025-Q3,CUST-0025,Black Mesa Research,Enterprise Strategic,Scientific R&D,US-East,United States,Strategic Reseller Partner,Developer Tools,SKU-DEV-701,DevSecOps Automation Mesh,77,4770.0,22.0,286486.2,47843.2,83.3,Net 60,In Fulfillment,Gabriel Santos
ORD-2024-00504,2025-12-30,2025,2025-Q4,CUST-0004,Stark Aerospace & Defense,Enterprise Strategic,Aerospace,EU-North,Netherlands,Online B2B Portal,Enterprise ERP,SKU-ERP-101,Global ERP Enterprise Suite,98,34650.0,20.0,2716560.0,841861.94,69.01,Net 30,In Fulfillment,Elena Rostova
ORD-2024-00505,2024-01-04,2024,2024-Q1,CUST-0017,Sterling Cooper Advertising,Mid-Market,Marketing & Media,US-East,United States,Global Alliance Partner,AI Platform,SKU-AI-9050,Realtime Anomaly Detection,33,10304.0,8.0,312829.44,46736.72,85.06,Net 60,In Fulfillment,Rachel Green
ORD-2024-00506,2025-11-06,2025,2025-Q4,CUST-0031,Athena Health Systems,Mid-Market,Healthcare,EU-Central,Switzerland,Global Alliance Partner,AI Platform,SKU-AI-9050,Realtime Anomaly Detection,7,10304.0,9.0,65636.48,9806.09,85.06,Net 90,In Fulfillment,Alex Mercer
ORD-2024-00507,2024-07-08,2024,2024-Q3,CUST-0010,Hooli Enterprise Cloud,Enterprise Strategic,Cloud Services,US-East,United States,Online B2B Portal,Cloud Infrastructure,SKU-INFRA-801,Enterprise Data Lakehouse Engine,23,12875.0,22.0,230977.5,44578.66,80.7,Net 90,Pending Verification,Brian O'Connor
ORD-2024-00508,2024-03-30,2024,2024-Q1,CUST-0004,Stark Aerospace & Defense,Enterprise Strategic,Aerospace,US-West,United States,Global Alliance Partner,Cybersecurity Suite,SKU-SEC-402,Zero-Trust Security Perimeter,25,9078.0,18.0,186099.0,43677.44,76.53,Quarterly Net 30,In Fulfillment,Chloe Dubois
ORD-2024-00509,2026-02-06,2026,2026-Q1,CUST-0024,Aperture Quantum Lab,Mid-Market,Research & Quantum,MEA,United Arab Emirates,Direct Field Sales,AI Platform,SKU-AI-9001,Neural Fabric GenAI Platform,21,26288.0,5.0,524445.6,70485.49,86.56,Annual Pre-Paid,Completed,Kenji Sato
ORD-2024-00510,2025-04-27,2025,2025-Q2,CUST-0009,Wonka Global Logistics,Mid-Market,Supply Chain,US-West,United States,Online B2B Portal,Developer Tools,SKU-DEV-701,DevSecOps Automation Mesh,35,4275.0,6.0,140647.5,22967.74,83.67,Net 30,Completed,Rachel Green
ORD-2024-00511,2026-01-17,2026,2026-Q1,CUST-0034,Quantum Peak Labs,SMB Growth,Semiconductor,US-West,United States,Global Alliance Partner,Cybersecurity Suite,SKU-SEC-410,Compliance & Audit Vault,15,7416.0,6.0,104565.6,27793.54,73.42,Net 90,Pending Verification,Michael Chang
ORD-2024-00512,2025-08-11,2025,2025-Q3,CUST-0023,Delos Experience Living,Enterprise Strategic,Hospitality,MEA,United Arab Emirates,Strategic Reseller Partner,Cybersecurity Suite,SKU-SEC-410,Compliance & Audit Vault,77,7488.0,15.0,490089.6,127521.31,73.98,Net 60,In Fulfillment,Astrid Lindgren
ORD-2024-00513,2024-10-24,2024,2024-Q4,CUST-0013,Oceanic Airlines Group,Enterprise Strategic,Aviation,US-East,United States,Direct Field Sales,Cloud Infrastructure,SKU-INFRA-801,Enterprise Data Lakehouse Engine,64,11750.0,18.0,616640.0,118518.21,80.78,Quarterly Net 30,Completed,Jessica Taylor
ORD-2024-00514,2024-02-16,2024,2024-Q1,CUST-0022,Gekko Financial Partners,Enterprise Strategic,FinTech & Hedge Fund,EU-West,France,Strategic Reseller Partner,Cloud Infrastructure,SKU-INFRA-801,Enterprise Data Lakehouse Engine,86,12125.0,9.0,948902.5,186744.01,80.32,Net 90,Pending Verification,Michael Chang
ORD-2024-00515,2025-07-17,2025,2025-Q3,CUST-0021,Weyland-Yutani Deep Space,Enterprise Strategic,Energy & Mining,APAC-East,South Korea,Direct Field Sales,AI Platform,SKU-AI-9001,Neural Fabric GenAI Platform,92,24304.0,12.0,1967651.84,304002.21,84.55,Net 30,In Fulfillment,Elena Rostova
ORD-2024-00516,2024-12-04,2024,2024-Q4,CUST-0022,Gekko Financial Partners,Enterprise Strategic,FinTech & Hedge Fund,MEA,United Arab Emirates,Global Alliance Partner,AI Platform,SKU-AI-9050,Realtime Anomaly Detection,107,10528.0,6.0,1058906.24,219828.94,79.24,Annual Pre-Paid,Pending Verification,Chloe Dubois
ORD-2024-00517,2026-03-13,2026,2026-Q1,CUST-0027,Vault-Tec Security Hub,Enterprise Strategic,Cybersecurity,MEA,United Arab Emirates,Direct Field Sales,Cloud Infrastructure,SKU-INFRA-805,High-Speed API Gateway Gateway,43,5562.0,16.0,200899.44,41304.92,79.44,Net 30,In Fulfillment,Rachel Green
ORD-2024-00518,2025-12-02,2025,2025-Q4,CUST-0022,Gekko Financial Partners,Enterprise Strategic,FinTech & Hedge Fund,APAC-East,South Korea,Online B2B Portal,AI Platform,SKU-AI-9001,Neural Fabric GenAI Platform,24,22816.0,11.0,487349.76,59115.53,87.87,Quarterly Net 30,In Fulfillment,Rachel Green
ORD-2024-00519,2025-09-12,2025,2025-Q3,CUST-0025,Black Mesa Research,Enterprise Strategic,Scientific R&D,US-Central,United States,Direct Field Sales,Enterprise ERP,SKU-ERP-101,Global ERP Enterprise Suite,95,36050.0,22.0,2671305.0,903702.48,66.17,Net 30,Completed,Brian O'Connor
ORD-2024-00520,2024-08-31,2024,2024-Q3,CUST-0024,Aperture Quantum Lab,Mid-Market,Research & Quantum,EU-Central,Switzerland,Online B2B Portal,Database Infrastructure,SKU-DB-880,QuantumDB Distributed Cluster,35,15510.0,5.0,515707.5,86226.29,83.28,Net 60,Completed,Chloe Dubois
ORD-2024-00521,2025-06-02,2025,2025-Q2,CUST-0002,Globex Corporation,Enterprise Strategic,Conglomerate,APAC-East,South Korea,Global Alliance Partner,Cloud Infrastructure,SKU-INFRA-805,High-Speed API Gateway Gateway,24,5778.0,9.0,126191.52,24153.06,80.86,Quarterly Net 30,Pending Verification,Gabriel Santos
ORD-2024-00522,2024-12-01,2024,2024-Q4,CUST-0010,Hooli Enterprise Cloud,Enterprise Strategic,Cloud Services,APAC-East,South Korea,Direct Field Sales,Cloud Infrastructure,SKU-INFRA-805,High-Speed API Gateway Gateway,91,5130.0,25.0,350122.5,86515.27,75.29,Annual Pre-Paid,Completed,Alex Mercer
ORD-2024-00523,2024-11-14,2024,2024-Q4,CUST-0003,Initech Cloud Solutions,Mid-Market,Software,APAC-South,Singapore,Direct Field Sales,Developer Tools,SKU-DEV-701,DevSecOps Automation Mesh,31,4230.0,13.0,114083.1,13541.66,88.13,Net 90,Completed,Rachel Green
ORD-2024-00524,2026-02-15,2026,2026-Q1,CUST-0020,Oscorp Pharmaceutical,Enterprise Strategic,Life Sciences,APAC-South,Singapore,Strategic Reseller Partner,Developer Tools,SKU-DEV-701,DevSecOps Automation Mesh,30,4320.0,9.0,117936.0,18221.11,84.55,Annual Pre-Paid,Completed,Kenji Sato
ORD-2024-00525,2024-06-01,2024,2024-Q2,CUST-0011,Pied Piper Compression,Mid-Market,DeepTech,EU-Central,Germany,Direct Field Sales,Cloud Infrastructure,SKU-INFRA-801,Enterprise Data Lakehouse Engine,37,11875.0,8.0,404225.0,93780.2,76.8,Net 90,Pending Verification,Marcus Vance
ORD-2024-00526,2025-12-22,2025,2025-Q4,CUST-0019,Buy N Large Retail Mega,Enterprise Strategic,E-Commerce,APAC-East,Taiwan,Strategic Reseller Partner,Cybersecurity Suite,SKU-SEC-402,Zero-Trust Security Perimeter,14,9434.0,11.0,117547.64,29010.76,75.32,Net 30,In Fulfillment,Alex Mercer
ORD-2024-00527,2025-04-27,2025,2025-Q2,CUST-0004,Stark Aerospace & Defense,Enterprise Strategic,Aerospace,US-West,United States,Global Alliance Partner,Cloud Infrastructure,SKU-INFRA-801,Enterprise Data Lakehouse Engine,16,11875.0,14.0,163400.0,34689.82,78.77,Quarterly Net 30,Completed,Rachel Green
ORD-2024-00528,2024-12-30,2024,2024-Q4,CUST-0020,Oscorp Pharmaceutical,Enterprise Strategic,Life Sciences,EU-West,France,Strategic Reseller Partner,Cloud Infrastructure,SKU-INFRA-805,High-Speed API Gateway Gateway,15,5616.0,24.0,64022.4,13617.56,78.73,Net 60,Completed,Hannah Schmidt
ORD-2024-00529,2026-04-01,2026,2026-Q2,CUST-0030,Sartre Software SAS,SMB Growth,Dev Tools,US-West,United States,Global Alliance Partner,Enterprise ERP,SKU-ERP-101,Global ERP Enterprise Suite,11,36400.0,5.0,380380.0,122634.51,67.76,Net 60,In Fulfillment,Hannah Schmidt
ORD-2024-00530,2026-07-06,2026,2026-Q3,CUST-0017,Sterling Cooper Advertising,Mid-Market,Marketing & Media,MEA,United Arab Emirates,Online B2B Portal,IoT & Edge Computing,SKU-IOT-330,Edge IoT Fleet Orchestrator,13,7004.0,10.0,81946.8,21052.13,74.31,Net 90,Completed,Chloe Dubois
ORD-2024-00531,2024-01-31,2024,2024-Q1,CUST-0005,Wayne Enterprises Holdings,Enterprise Strategic,Finance & Industrial,EU-Central,Switzerland,Direct Field Sales,Developer Tools,SKU-DEV-701,DevSecOps Automation Mesh,66,4275.0,14.0,242649.0,28778.17,88.14,Quarterly Net 30,In Fulfillment,Michael Chang
ORD-2024-00532,2024-04-15,2024,2024-Q2,CUST-0026,Shinra Electric Power,Enterprise Strategic,Energy & Utilities,LATAM,Brazil,Direct Field Sales,Developer Tools,SKU-DEV-701,DevSecOps Automation Mesh,76,4725.0,18.0,294462.0,40459.08,86.26,Annual Pre-Paid,Completed,Elena Rostova
ORD-2024-00533,2025-09-27,2025,2025-Q3,CUST-0016,Dunder Mifflin Paper & Tech,SMB Growth,Retail & Supplies,APAC-East,Japan,Strategic Reseller Partner,AI Platform,SKU-AI-9050,Realtime Anomaly Detection,7,10640.0,1.0,73735.2,12129.44,83.55,Annual Pre-Paid,Completed,Rachel Green
ORD-2024-00534,2026-03-17,2026,2026-Q1,CUST-0022,Gekko Financial Partners,Enterprise Strategic,FinTech & Hedge Fund,APAC-East,Japan,Strategic Reseller Partner,Cybersecurity Suite,SKU-SEC-402,Zero-Trust Security Perimeter,89,9256.0,18.0,675502.88,157392.17,76.7,Annual Pre-Paid,Completed,Rachel Green
ORD-2024-00535,2025-09-02,2025,2025-Q3,CUST-0030,Sartre Software SAS,SMB Growth,Dev Tools,EU-West,France,Direct Field Sales,AI Platform,SKU-AI-9050,Realtime Anomaly Detection,3,10976.0,2.0,32269.44,5553.57,82.79,Quarterly Net 30,Completed,David Lin
ORD-2024-00536,2025-05-21,2025,2025-Q2,CUST-0004,Stark Aerospace & Defense,Enterprise Strategic,Aerospace,US-West,United States,Strategic Reseller Partner,Cybersecurity Suite,SKU-SEC-402,Zero-Trust Security Perimeter,118,9256.0,17.0,906532.64,204151.15,77.48,Net 60,In Fulfillment,Chloe Dubois
ORD-2024-00537,2025-06-28,2025,2025-Q2,CUST-0019,Buy N Large Retail Mega,Enterprise Strategic,E-Commerce,EU-North,Netherlands,Global Alliance Partner,Database Infrastructure,SKU-DB-880,QuantumDB Distributed Cluster,31,16005.0,19.0,401885.55,74107.7,81.56,Net 90,Completed,Astrid Lindgren
ORD-2024-00538,2026-07-26,2026,2026-Q3,CUST-0023,Delos Experience Living,Enterprise Strategic,Hospitality,US-West,United States,Direct Field Sales,Cybersecurity Suite,SKU-SEC-410,Compliance & Audit Vault,70,6768.0,13.0,412171.2,113965.34,72.35,Net 90,Completed,Alex Mercer
ORD-2024-00539,2025-12-21,2025,2025-Q4,CUST-0023,Delos Experience Living,Enterprise Strategic,Hospitality,US-West,United States,Online B2B Portal,Cloud Infrastructure,SKU-INFRA-801,Enterprise Data Lakehouse Engine,35,12625.0,14.0,380012.5,79802.62,79.0,Annual Pre-Paid,Completed,Jessica Taylor
ORD-2024-00540,2025-03-21,2025,2025-Q1,CUST-0035,Hyperion Data Mesh,Mid-Market,Data Infrastructure,EU-West,United Kingdom,Strategic Reseller Partner,AI Platform,SKU-AI-9050,Realtime Anomaly Detection,10,10976.0,3.0,106467.2,15544.21,85.4,Annual Pre-Paid,In Fulfillment,Kenji Sato
ORD-2024-00541,2026-06-12,2026,2026-Q2,CUST-0009,Wonka Global Logistics,Mid-Market,Supply Chain,US-Central,United States,Direct Field Sales,AI Platform,SKU-AI-9001,Neural Fabric GenAI Platform,3,26288.0,2.0,77286.72,11392.06,85.26,Net 60,Completed,Marcus Vance
ORD-2024-00542,2025-10-19,2025,2025-Q4,CUST-0027,Vault-Tec Security Hub,Enterprise Strategic,Cybersecurity,LATAM,Brazil,Global Alliance Partner,Cybersecurity Suite,SKU-SEC-410,Compliance & Audit Vault,59,7128.0,17.0,349058.16,92884.38,73.39,Annual Pre-Paid,Completed,David Lin
ORD-2024-00543,2024-08-19,2024,2024-Q3,CUST-0012,Massive Dynamic AI,Enterprise Strategic,Artificial Intelligence,EU-North,Netherlands,Direct Field Sales,Cybersecurity Suite,SKU-SEC-410,Compliance & Audit Vault,68,6912.0,22.0,366612.48,95282.58,74.01,Annual Pre-Paid,Pending Verification,Alex Mercer
ORD-2024-00544,2024-02-08,2024,2024-Q1,CUST-0031,Athena Health Systems,Mid-Market,Healthcare,APAC-ANZ,Australia,Online B2B Portal,AI Platform,SKU-AI-9001,Neural Fabric GenAI Platform,39,25544.0,7.0,926480.88,174734.29,81.14,Quarterly Net 30,Pending Verification,Chloe Dubois
ORD-2024-00545,2025-06-13,2025,2025-Q2,CUST-0006,Soylent BioTech Global,Mid-Market,BioTech,APAC-East,Japan,Direct Field Sales,Database Infrastructure,SKU-DB-880,QuantumDB Distributed Cluster,32,16995.0,9.0,494894.4,87348.86,82.35,Quarterly Net 30,Pending Verification,Rachel Green
ORD-2024-00546,2024-02-24,2024,2024-Q1,CUST-0022,Gekko Financial Partners,Enterprise Strategic,FinTech & Hedge Fund,APAC-East,Japan,Direct Field Sales,AI Platform,SKU-AI-9050,Realtime Anomaly Detection,63,11200.0,15.0,599760.0,96741.29,83.87,Annual Pre-Paid,Pending Verification,Gabriel Santos
ORD-2024-00547,2024-10-28,2024,2024-Q4,CUST-0019,Buy N Large Retail Mega,Enterprise Strategic,E-Commerce,US-Central,United States,Direct Field Sales,Cybersecurity Suite,SKU-SEC-410,Compliance & Audit Vault,100,7560.0,11.0,672840.0,187856.93,72.08,Annual Pre-Paid,In Fulfillment,Rachel Green
ORD-2024-00548,2024-02-22,2024,2024-Q1,CUST-0019,Buy N Large Retail Mega,Enterprise Strategic,E-Commerce,APAC-East,South Korea,Direct Field Sales,Enterprise ERP,SKU-ERP-101,Global ERP Enterprise Suite,67,35000.0,7.0,2180850.0,636590.11,70.81,Net 90,Pending Verification,Marcus Vance
ORD-2024-00549,2025-09-22,2025,2025-Q3,CUST-0018,Virtucon Industries,Enterprise Strategic,Industrial Equipment,EU-Central,Germany,Online B2B Portal,Cloud Infrastructure,SKU-INFRA-801,Enterprise Data Lakehouse Engine,99,11875.0,7.0,1093331.25,232551.56,78.73,Net 60,Completed,David Lin
ORD-2024-00550,2026-04-07,2026,2026-Q2,CUST-0012,Massive Dynamic AI,Enterprise Strategic,Artificial Intelligence,EU-Central,Germany,Strategic Reseller Partner,AI Platform,SKU-AI-9050,Realtime Anomaly Detection,28,11872.0,21.0,262608.64,50578.42,80.74,Net 30,In Fulfillment,Rachel Green
ORD-2024-00551,2026-04-21,2026,2026-Q2,CUST-0010,Hooli Enterprise Cloud,Enterprise Strategic,Cloud Services,LATAM,Brazil,Global Alliance Partner,IoT & Edge Computing,SKU-IOT-330,Edge IoT Fleet Orchestrator,103,7004.0,13.0,627628.44,164375.89,73.81,Net 60,In Fulfillment,Rachel Green
ORD-2024-00552,2026-01-21,2026,2026-Q1,CUST-0023,Delos Experience Living,Enterprise Strategic,Hospitality,US-East,United States,Online B2B Portal,AI Platform,SKU-AI-9001,Neural Fabric GenAI Platform,11,24304.0,8.0,245956.48,43263.74,82.41,Quarterly Net 30,In Fulfillment,Jessica Taylor
ORD-2024-00553,2025-11-30,2025,2025-Q4,CUST-0025,Black Mesa Research,Enterprise Strategic,Scientific R&D,EU-Central,Switzerland,Online B2B Portal,Cybersecurity Suite,SKU-SEC-402,Zero-Trust Security Perimeter,72,8188.0,22.0,459838.08,99233.06,78.42,Annual Pre-Paid,Completed,Vikram Patel
ORD-2024-00554,2024-11-19,2024,2024-Q4,CUST-0034,Quantum Peak Labs,SMB Growth,Semiconductor,APAC-South,Singapore,Direct Field Sales,AI Platform,SKU-AI-9001,Neural Fabric GenAI Platform,15,24304.0,4.0,349977.6,46372.03,86.75,Quarterly Net 30,Pending Verification,David Lin
ORD-2024-00555,2024-10-03,2024,2024-Q4,CUST-0018,Virtucon Industries,Enterprise Strategic,Industrial Equipment,APAC-East,South Korea,Direct Field Sales,Enterprise ERP,SKU-ERP-101,Global ERP Enterprise Suite,88,34650.0,17.0,2530836.0,774435.82,69.4,Net 60,In Fulfillment,Michael Chang
ORD-2024-00556,2024-12-11,2024,2024-Q4,CUST-0012,Massive Dynamic AI,Enterprise Strategic,Artificial Intelligence,EU-West,France,Direct Field Sales,Cloud Infrastructure,SKU-INFRA-801,Enterprise Data Lakehouse Engine,111,12375.0,6.0,1291207.5,281483.23,78.2,Annual Pre-Paid,Pending Verification,Elena Rostova
ORD-2024-00557,2026-01-12,2026,2026-Q1,CUST-0019,Buy N Large Retail Mega,Enterprise Strategic,E-Commerce,EU-Central,Germany,Strategic Reseller Partner,Cloud Infrastructure,SKU-INFRA-801,Enterprise Data Lakehouse Engine,8,11625.0,17.0,77190.0,16402.88,78.75,Net 60,Completed,Astrid Lindgren
ORD-2024-00558,2024-05-02,2024,2024-Q2,CUST-0006,Soylent BioTech Global,Mid-Market,BioTech,LATAM,Brazil,Strategic Reseller Partner,IoT & Edge Computing,SKU-IOT-330,Edge IoT Fleet Orchestrator,38,6460.0,12.0,216022.4,67204.57,68.89,Net 60,Pending Verification,Kenji Sato
ORD-2024-00559,2025-04-23,2025,2025-Q2,CUST-0005,Wayne Enterprises Holdings,Enterprise Strategic,Finance & Industrial,APAC-South,Singapore,Global Alliance Partner,Enterprise ERP,SKU-ERP-101,Global ERP Enterprise Suite,103,37100.0,14.0,3286318.0,980637.29,70.16,Net 90,Pending Verification,Marcus Vance
ORD-2024-00560,2026-03-10,2026,2026-Q1,CUST-0005,Wayne Enterprises Holdings,Enterprise Strategic,Finance & Industrial,EU-Central,Germany,Direct Field Sales,IoT & Edge Computing,SKU-IOT-330,Edge IoT Fleet Orchestrator,54,6324.0,12.0,300516.48,73205.81,75.64,Net 90,In Fulfillment,Chloe Dubois
ORD-2024-00561,2024-03-12,2024,2024-Q1,CUST-0032,Zeus Renewable Power,Mid-Market,Clean Energy,MEA,United Arab Emirates,Strategic Reseller Partner,Cybersecurity Suite,SKU-SEC-410,Compliance & Audit Vault,27,7200.0,3.0,188568.0,54401.87,71.15,Annual Pre-Paid,In Fulfillment,Rachel Green
ORD-2024-00562,2025-10-20,2025,2025-Q4,CUST-0007,Tyrell Synthetic Dynamics,Enterprise Strategic,Robotics,MEA,United Arab Emirates,Global Alliance Partner,Enterprise ERP,SKU-ERP-101,Global ERP Enterprise Suite,18,32550.0,6.0,550746.0,166215.14,69.82,Annual Pre-Paid,Completed,Brian O'Connor
ORD-2024-00563,2025-05-24,2025,2025-Q2,CUST-0010,Hooli Enterprise Cloud,Enterprise Strategic,Cloud Services,APAC-South,Singapore,Direct Field Sales,Cloud Infrastructure,SKU-INFRA-801,Enterprise Data Lakehouse Engine,90,11750.0,13.0,920025.0,214917.84,76.64,Annual Pre-Paid,Completed,Michael Chang
ORD-2024-00564,2025-12-25,2025,2025-Q4,CUST-0032,Zeus Renewable Power,Mid-Market,Clean Energy,EU-Central,Switzerland,Global Alliance Partner,IoT & Edge Computing,SKU-IOT-330,Edge IoT Fleet Orchestrator,6,6256.0,8.0,34533.12,8415.72,75.63,Annual Pre-Paid,Completed,Rachel Green
ORD-2024-00565,2025-07-02,2025,2025-Q3,CUST-0023,Delos Experience Living,Enterprise Strategic,Hospitality,EU-West,France,Online B2B Portal,IoT & Edge Computing,SKU-IOT-330,Edge IoT Fleet Orchestrator,12,7276.0,18.0,71595.84,22388.02,68.73,Quarterly Net 30,Pending Verification,Sarah Chen
ORD-2024-00566,2026-05-11,2026,2026-Q2,CUST-0030,Sartre Software SAS,SMB Growth,Dev Tools,APAC-East,South Korea,Online B2B Portal,Database Infrastructure,SKU-DB-880,QuantumDB Distributed Cluster,3,17655.0,4.0,50846.4,9004.9,82.29,Net 90,Completed,Brian O'Connor
ORD-2024-00567,2024-04-19,2024,2024-Q2,CUST-0023,Delos Experience Living,Enterprise Strategic,Hospitality,EU-Central,Switzerland,Direct Field Sales,AI Platform,SKU-AI-9050,Realtime Anomaly Detection,99,10416.0,9.0,938377.44,204566.28,78.2,Quarterly Net 30,In Fulfillment,Chloe Dubois
ORD-2024-00568,2025-02-02,2025,2025-Q1,CUST-0005,Wayne Enterprises Holdings,Enterprise Strategic,Finance & Industrial,APAC-East,South Korea,Online B2B Portal,AI Platform,SKU-AI-9050,Realtime Anomaly Detection,73,11760.0,24.0,652444.8,93103.87,85.73,Net 30,Completed,David Lin
ORD-2024-00569,2024-02-27,2024,2024-Q1,CUST-0022,Gekko Financial Partners,Enterprise Strategic,FinTech & Hedge Fund,APAC-East,South Korea,Direct Field Sales,IoT & Edge Computing,SKU-IOT-330,Edge IoT Fleet Orchestrator,20,6936.0,9.0,126235.2,35118.63,72.18,Quarterly Net 30,In Fulfillment,Astrid Lindgren
ORD-2024-00570,2025-08-16,2025,2025-Q3,CUST-0015,Acme Aerospace Systems,Mid-Market,Manufacturing,MEA,United Arab Emirates,Direct Field Sales,Cloud Infrastructure,SKU-INFRA-801,Enterprise Data Lakehouse Engine,11,11500.0,7.0,117645.0,22046.67,81.26,Quarterly Net 30,Completed,Elena Rostova
ORD-2024-00571,2025-12-19,2025,2025-Q4,CUST-0009,Wonka Global Logistics,Mid-Market,Supply Chain,US-East,United States,Strategic Reseller Partner,Cloud Infrastructure,SKU-INFRA-801,Enterprise Data Lakehouse Engine,21,11750.0,12.0,217140.0,45838.25,78.89,Quarterly Net 30,Completed,Hannah Schmidt
ORD-2024-00572,2026-04-17,2026,2026-Q2,CUST-0007,Tyrell Synthetic Dynamics,Enterprise Strategic,Robotics,US-West,United States,Global Alliance Partner,Cybersecurity Suite,SKU-SEC-410,Compliance & Audit Vault,107,6696.0,17.0,594671.76,168767.85,71.62,Net 90,Completed,David Lin
ORD-2024-00573,2024-05-03,2024,2024-Q2,CUST-0035,Hyperion Data Mesh,Mid-Market,Data Infrastructure,US-Central,United States,Online B2B Portal,Database Infrastructure,SKU-DB-880,QuantumDB Distributed Cluster,4,16005.0,9.0,58258.2,12834.28,77.97,Net 60,Completed,Marcus Vance
ORD-2024-00574,2025-12-14,2025,2025-Q4,CUST-0024,Aperture Quantum Lab,Mid-Market,Research & Quantum,APAC-East,Japan,Strategic Reseller Partner,AI Platform,SKU-AI-9050,Realtime Anomaly Detection,17,10416.0,14.0,152281.92,32283.77,78.8,Quarterly Net 30,Completed,Gabriel Santos
ORD-2024-00575,2024-06-10,2024,2024-Q2,CUST-0002,Globex Corporation,Enterprise Strategic,Conglomerate,MEA,United Arab Emirates,Global Alliance Partner,AI Platform,SKU-AI-9001,Neural Fabric GenAI Platform,5,26536.0,5.0,126046.0,18087.6,85.65,Quarterly Net 30,Pending Verification,Jessica Taylor
ORD-2024-00576,2025-12-11,2025,2025-Q4,CUST-0031,Athena Health Systems,Mid-Market,Healthcare,APAC-ANZ,Australia,Strategic Reseller Partner,Database Infrastructure,SKU-DB-880,QuantumDB Distributed Cluster,11,16500.0,10.0,163350.0,32179.95,80.3,Net 60,Completed,Rachel Green
ORD-2024-00577,2024-07-03,2024,2024-Q3,CUST-0032,Zeus Renewable Power,Mid-Market,Clean Energy,APAC-East,Taiwan,Direct Field Sales,Enterprise ERP,SKU-ERP-101,Global ERP Enterprise Suite,24,35350.0,6.0,797496.0,274817.12,65.54,Quarterly Net 30,Completed,Rachel Green
ORD-2024-00578,2025-01-05,2025,2025-Q1,CUST-0035,Hyperion Data Mesh,Mid-Market,Data Infrastructure,APAC-East,Japan,Strategic Reseller Partner,AI Platform,SKU-AI-9050,Realtime Anomaly Detection,15,10640.0,4.0,153216.0,23947.66,84.37,Annual Pre-Paid,Completed,Marcus Vance
ORD-2024-00579,2024-06-12,2024,2024-Q2,CUST-0003,Initech Cloud Solutions,Mid-Market,Software,US-East,United States,Online B2B Portal,Enterprise ERP,SKU-ERP-101,Global ERP Enterprise Suite,15,33950.0,7.0,473602.5,139996.9,70.44,Annual Pre-Paid,Completed,Sarah Chen
ORD-2024-00580,2026-01-28,2026,2026-Q1,CUST-0004,Stark Aerospace & Defense,Enterprise Strategic,Aerospace,MEA,United Arab Emirates,Strategic Reseller Partner,Cybersecurity Suite,SKU-SEC-402,Zero-Trust Security Perimeter,105,8900.0,6.0,878430.0,249737.65,71.57,Net 60,Completed,Rachel Green
ORD-2024-00581,2025-08-16,2025,2025-Q3,CUST-0021,Weyland-Yutani Deep Space,Enterprise Strategic,Energy & Mining,EU-North,Netherlands,Strategic Reseller Partner,Developer Tools,SKU-DEV-701,DevSecOps Automation Mesh,34,4365.0,21.0,117243.9,20189.4,82.78,Annual Pre-Paid,In Fulfillment,Jessica Taylor
ORD-2024-00582,2026-07-01,2026,2026-Q3,CUST-0015,Acme Aerospace Systems,Mid-Market,Manufacturing,US-West,United States,Global Alliance Partner,Cybersecurity Suite,SKU-SEC-410,Compliance & Audit Vault,33,7128.0,1.0,232871.76,65832.85,71.73,Quarterly Net 30,Completed,Marcus Vance
ORD-2024-00583,2025-01-31,2025,2025-Q1,CUST-0024,Aperture Quantum Lab,Mid-Market,Research & Quantum,US-Central,United States,Global Alliance Partner,Database Infrastructure,SKU-DB-880,QuantumDB Distributed Cluster,24,15675.0,15.0,319770.0,70285.45,78.02,Quarterly Net 30,Completed,Kenji Sato
ORD-2024-00584,2024-05-19,2024,2024-Q2,CUST-0008,Umbrella Life Sciences,Enterprise Strategic,Pharma,LATAM,Brazil,Global Alliance Partner,AI Platform,SKU-AI-9050,Realtime Anomaly Detection,58,10864.0,8.0,579703.04,86433.72,85.09,Quarterly Net 30,In Fulfillment,Gabriel Santos
ORD-2024-00585,2026-03-24,2026,2026-Q1,CUST-0011,Pied Piper Compression,Mid-Market,DeepTech,APAC-East,Taiwan,Strategic Reseller Partner,AI Platform,SKU-AI-9001,Neural Fabric GenAI Platform,28,24800.0,13.0,604128.0,72676.6,87.97,Quarterly Net 30,Completed,Hannah Schmidt
ORD-2024-00586,2025-04-18,2025,2025-Q2,CUST-0018,Virtucon Industries,Enterprise Strategic,Industrial Equipment,US-East,United States,Global Alliance Partner,Database Infrastructure,SKU-DB-880,QuantumDB Distributed Cluster,36,16665.0,12.0,527947.2,83785.22,84.13,Quarterly Net 30,In Fulfillment,Brian O'Connor
ORD-2024-00587,2025-08-10,2025,2025-Q3,CUST-0001,Cyberdyne Systems Corp,Enterprise Strategic,Technology & AI,EU-North,Netherlands,Direct Field Sales,Cloud Infrastructure,SKU-INFRA-801,Enterprise Data Lakehouse Engine,65,12500.0,20.0,650000.0,146835.0,77.41,Annual Pre-Paid,Completed,Gabriel Santos
ORD-2024-00588,2026-03-28,2026,2026-Q1,CUST-0007,Tyrell Synthetic Dynamics,Enterprise Strategic,Robotics,EU-Central,Switzerland,Global Alliance Partner,Database Infrastructure,SKU-DB-880,QuantumDB Distributed Cluster,15,15180.0,16.0,191268.0,32802.46,82.85,Net 60,In Fulfillment,David Lin
ORD-2024-00589,2024-10-29,2024,2024-Q4,CUST-0016,Dunder Mifflin Paper & Tech,SMB Growth,Retail & Supplies,APAC-South,Singapore,Direct Field Sales,Cloud Infrastructure,SKU-INFRA-801,Enterprise Data Lakehouse Engine,8,11875.0,5.0,90250.0,20152.82,77.67,Quarterly Net 30,Completed,Chloe Dubois
ORD-2024-00590,2025-04-19,2025,2025-Q2,CUST-0009,Wonka Global Logistics,Mid-Market,Supply Chain,LATAM,Brazil,Global Alliance Partner,Cybersecurity Suite,SKU-SEC-402,Zero-Trust Security Perimeter,25,9167.0,9.0,208549.25,60458.43,71.01,Net 30,Completed,Brian O'Connor
ORD-2024-00591,2025-12-08,2025,2025-Q4,CUST-0022,Gekko Financial Partners,Enterprise Strategic,FinTech & Hedge Fund,APAC-East,Japan,Direct Field Sales,Enterprise ERP,SKU-ERP-101,Global ERP Enterprise Suite,59,36050.0,20.0,1701560.0,529185.16,68.9,Quarterly Net 30,In Fulfillment,Gabriel Santos
ORD-2024-00592,2025-12-02,2025,2025-Q4,CUST-0006,Soylent BioTech Global,Mid-Market,BioTech,APAC-East,Taiwan,Online B2B Portal,Cloud Infrastructure,SKU-INFRA-801,Enterprise Data Lakehouse Engine,34,12875.0,14.0,376465.0,71151.89,81.1,Net 30,Completed,David Lin
ORD-2024-00593,2025-04-21,2025,2025-Q2,CUST-0003,Initech Cloud Solutions,Mid-Market,Software,EU-West,France,Online B2B Portal,Cybersecurity Suite,SKU-SEC-402,Zero-Trust Security Perimeter,37,8989.0,11.0,296007.77,67519.37,77.19,Net 60,Pending Verification,Elena Rostova
ORD-2024-00594,2025-07-06,2025,2025-Q3,CUST-0008,Umbrella Life Sciences,Enterprise Strategic,Pharma,APAC-South,Singapore,Global Alliance Partner,Cybersecurity Suite,SKU-SEC-410,Compliance & Audit Vault,116,6840.0,24.0,603014.4,144964.66,75.96,Net 60,Pending Verification,David Lin
ORD-2024-00595,2026-07-08,2026,2026-Q3,CUST-0018,Virtucon Industries,Enterprise Strategic,Industrial Equipment,APAC-East,Japan,Global Alliance Partner,Enterprise ERP,SKU-ERP-101,Global ERP Enterprise Suite,11,34300.0,6.0,354662.0,113881.97,67.89,Quarterly Net 30,Completed,Chloe Dubois
ORD-2024-00596,2025-12-27,2025,2025-Q4,CUST-0035,Hyperion Data Mesh,Mid-Market,Data Infrastructure,APAC-South,Singapore,Online B2B Portal,AI Platform,SKU-AI-9050,Realtime Anomaly Detection,25,11984.0,12.0,263648.0,40944.53,84.47,Net 30,In Fulfillment,Brian O'Connor
ORD-2024-00597,2026-06-24,2026,2026-Q2,CUST-0030,Sartre Software SAS,SMB Growth,Dev Tools,US-West,United States,Direct Field Sales,IoT & Edge Computing,SKU-IOT-330,Edge IoT Fleet Orchestrator,15,7276.0,1.0,108048.6,33905.65,68.62,Net 60,Pending Verification,Sarah Chen
ORD-2024-00598,2025-12-14,2025,2025-Q4,CUST-0010,Hooli Enterprise Cloud,Enterprise Strategic,Cloud Services,EU-Central,Switzerland,Strategic Reseller Partner,Database Infrastructure,SKU-DB-880,QuantumDB Distributed Cluster,71,15180.0,24.0,819112.8,161119.49,80.33,Quarterly Net 30,In Fulfillment,Chloe Dubois
ORD-2024-00599,2024-12-21,2024,2024-Q4,CUST-0027,Vault-Tec Security Hub,Enterprise Strategic,Cybersecurity,EU-Central,Switzerland,Direct Field Sales,Enterprise ERP,SKU-ERP-101,Global ERP Enterprise Suite,29,37100.0,6.0,1011346.0,345273.52,65.86,Quarterly Net 30,Pending Verification,Jessica Taylor
ORD-2024-00600,2025-08-15,2025,2025-Q3,CUST-0022,Gekko Financial Partners,Enterprise Strategic,FinTech & Hedge Fund,APAC-South,Singapore,Online B2B Portal,AI Platform,SKU-AI-9050,Realtime Anomaly Detection,80,11200.0,18.0,734720.0,129384.19,82.39,Annual Pre-Paid,Pending Verification,Rachel Green
ORD-2024-00601,2024-05-15,2024,2024-Q2,CUST-0020,Oscorp Pharmaceutical,Enterprise Strategic,Life Sciences,US-Central,United States,Online B2B Portal,Database Infrastructure,SKU-DB-880,QuantumDB Distributed Cluster,66,16005.0,12.0,929570.4,150962.23,83.76,Net 60,Pending Verification,Kenji Sato
ORD-2024-00602,2025-04-11,2025,2025-Q2,CUST-0011,Pied Piper Compression,Mid-Market,DeepTech,APAC-East,Taiwan,Strategic Reseller Partner,Cloud Infrastructure,SKU-INFRA-805,High-Speed API Gateway Gateway,20,5130.0,3.0,99522.0,19247.55,80.66,Net 60,In Fulfillment,Elena Rostova
ORD-2024-00603,2024-04-29,2024,2024-Q2,CUST-0003,Initech Cloud Solutions,Mid-Market,Software,EU-West,France,Strategic Reseller Partner,AI Platform,SKU-AI-9050,Realtime Anomaly Detection,18,10640.0,6.0,180028.8,29416.71,83.66,Net 90,Pending Verification,Marcus Vance
ORD-2024-00604,2025-01-16,2025,2025-Q1,CUST-0029,Omni Consumer Products,Enterprise Strategic,Consumer Tech,APAC-East,Japan,Strategic Reseller Partner,Cloud Infrastructure,SKU-INFRA-805,High-Speed API Gateway Gateway,43,4968.0,7.0,198670.32,34866.64,82.45,Net 60,Completed,Brian O'Connor
ORD-2024-00605,2024-11-23,2024,2024-Q4,CUST-0010,Hooli Enterprise Cloud,Enterprise Strategic,Cloud Services,US-East,United States,Online B2B Portal,Enterprise ERP,SKU-ERP-101,Global ERP Enterprise Suite,65,37800.0,23.0,1891890.0,566999.43,70.03,Quarterly Net 30,In Fulfillment,Gabriel Santos
ORD-2024-00606,2025-08-01,2025,2025-Q3,CUST-0029,Omni Consumer Products,Enterprise Strategic,Consumer Tech,EU-West,France,Direct Field Sales,AI Platform,SKU-AI-9050,Realtime Anomaly Detection,120,11536.0,6.0,1301260.8,274045.52,78.94,Net 30,Completed,Rachel Green
ORD-2024-00607,2026-05-11,2026,2026-Q2,CUST-0015,Acme Aerospace Systems,Mid-Market,Manufacturing,EU-Central,Switzerland,Online B2B Portal,AI Platform,SKU-AI-9001,Neural Fabric GenAI Platform,22,25296.0,1.0,550946.88,84460.16,84.67,Net 60,Pending Verification,Elena Rostova
ORD-2024-00608,2024-01-24,2024,2024-Q1,CUST-0006,Soylent BioTech Global,Mid-Market,BioTech,APAC-East,Japan,Global Alliance Partner,AI Platform,SKU-AI-9001,Neural Fabric GenAI Platform,34,24800.0,6.0,792608.0,120238.63,84.83,Quarterly Net 30,Completed,Brian O'Connor
ORD-2024-00609,2025-11-13,2025,2025-Q4,CUST-0024,Aperture Quantum Lab,Mid-Market,Research & Quantum,EU-North,Netherlands,Strategic Reseller Partner,IoT & Edge Computing,SKU-IOT-330,Edge IoT Fleet Orchestrator,25,6256.0,6.0,147016.0,42987.48,70.76,Net 90,Completed,Hannah Schmidt
ORD-2024-00610,2025-07-28,2025,2025-Q3,CUST-0006,Soylent BioTech Global,Mid-Market,BioTech,EU-West,United Kingdom,Global Alliance Partner,IoT & Edge Computing,SKU-IOT-330,Edge IoT Fleet Orchestrator,30,7140.0,4.0,205632.0,49845.2,75.76,Annual Pre-Paid,Completed,Marcus Vance
ORD-2024-00611,2026-05-05,2026,2026-Q2,CUST-0006,Soylent BioTech Global,Mid-Market,BioTech,US-Central,United States,Strategic Reseller Partner,Enterprise ERP,SKU-ERP-101,Global ERP Enterprise Suite,32,35000.0,15.0,952000.0,317206.4,66.68,Quarterly Net 30,Completed,Sarah Chen
ORD-2024-00612,2024-01-07,2024,2024-Q1,CUST-0027,Vault-Tec Security Hub,Enterprise Strategic,Cybersecurity,APAC-South,Singapore,Online B2B Portal,IoT & Edge Computing,SKU-IOT-330,Edge IoT Fleet Orchestrator,27,7004.0,16.0,158850.72,41237.65,74.04,Net 60,In Fulfillment,Marcus Vance
ORD-2024-00613,2026-05-02,2026,2026-Q2,CUST-0025,Black Mesa Research,Enterprise Strategic,Scientific R&D,EU-Central,Germany,Global Alliance Partner,Cloud Infrastructure,SKU-INFRA-801,Enterprise Data Lakehouse Engine,110,13125.0,22.0,1126125.0,265427.66,76.43,Quarterly Net 30,Completed,Elena Rostova
ORD-2024-00614,2024-01-28,2024,2024-Q1,CUST-0001,Cyberdyne Systems Corp,Enterprise Strategic,Technology & AI,US-Central,United States,Online B2B Portal,Enterprise ERP,SKU-ERP-101,Global ERP Enterprise Suite,86,35000.0,22.0,2347800.0,722418.06,69.23,Net 90,Completed,Marcus Vance
ORD-2024-00615,2025-05-18,2025,2025-Q2,CUST-0016,Dunder Mifflin Paper & Tech,SMB Growth,Retail & Supplies,US-East,United States,Direct Field Sales,Enterprise ERP,SKU-ERP-101,Global ERP Enterprise Suite,8,32550.0,8.0,239568.0,71966.23,69.96,Quarterly Net 30,Completed,Rachel Green
ORD-2024-00616,2025-03-22,2025,2025-Q1,CUST-0017,Sterling Cooper Advertising,Mid-Market,Marketing & Media,APAC-South,Singapore,Global Alliance Partner,AI Platform,SKU-AI-9001,Neural Fabric GenAI Platform,25,25048.0,8.0,576104.0,76276.17,86.76,Net 60,Completed,Marcus Vance
ORD-2024-00617,2024-11-23,2024,2024-Q4,CUST-0030,Sartre Software SAS,SMB Growth,Dev Tools,MEA,United Arab Emirates,Strategic Reseller Partner,Developer Tools,SKU-DEV-701,DevSecOps Automation Mesh,3,4410.0,0.0,13230.0,1707.99,87.09,Net 90,Completed,Kenji Sato
ORD-2024-00618,2024-10-25,2024,2024-Q4,CUST-0034,Quantum Peak Labs,SMB Growth,Semiconductor,APAC-South,Singapore,Direct Field Sales,Cloud Infrastructure,SKU-INFRA-805,High-Speed API Gateway Gateway,4,5130.0,6.0,19288.8,4675.61,75.76,Net 60,Pending Verification,Hannah Schmidt
ORD-2024-00619,2024-11-19,2024,2024-Q4,CUST-0020,Oscorp Pharmaceutical,Enterprise Strategic,Life Sciences,EU-Central,Germany,Online B2B Portal,AI Platform,SKU-AI-9001,Neural Fabric GenAI Platform,73,26040.0,17.0,1577763.6,313974.96,80.1,Quarterly Net 30,Pending Verification,David Lin
ORD-2024-00620,2026-03-08,2026,2026-Q1,CUST-0032,Zeus Renewable Power,Mid-Market,Clean Energy,EU-North,Netherlands,Online B2B Portal,Cybersecurity Suite,SKU-SEC-402,Zero-Trust Security Perimeter,8,8900.0,3.0,69064.0,15435.8,77.65,Quarterly Net 30,Completed,Jessica Taylor
ORD-2024-00621,2025-04-16,2025,2025-Q2,CUST-0005,Wayne Enterprises Holdings,Enterprise Strategic,Finance & Industrial,US-West,United States,Strategic Reseller Partner,Cloud Infrastructure,SKU-INFRA-801,Enterprise Data Lakehouse Engine,66,12875.0,12.0,747780.0,186122.44,75.11,Annual Pre-Paid,Pending Verification,Marcus Vance
ORD-2024-00622,2025-12-27,2025,2025-Q4,CUST-0020,Oscorp Pharmaceutical,Enterprise Strategic,Life Sciences,US-East,United States,Direct Field Sales,Database Infrastructure,SKU-DB-880,QuantumDB Distributed Cluster,21,15510.0,22.0,254053.8,53834.0,78.81,Net 60,In Fulfillment,Marcus Vance
ORD-2024-00623,2024-03-21,2024,2024-Q1,CUST-0028,LexCorp Advanced Metals,Enterprise Strategic,Materials,APAC-ANZ,Australia,Direct Field Sales,AI Platform,SKU-AI-9001,Neural Fabric GenAI Platform,7,25792.0,20.0,144435.2,28395.96,80.34,Net 30,Completed,Gabriel Santos
ORD-2024-00624,2025-11-06,2025,2025-Q4,CUST-0033,Apex FinTech Global,Enterprise Strategic,Banking,APAC-East,Taiwan,Direct Field Sales,AI Platform,SKU-AI-9050,Realtime Anomaly Detection,20,10416.0,23.0,160406.4,31423.61,80.41,Net 30,Completed,Gabriel Santos
ORD-2024-00625,2024-05-06,2024,2024-Q2,CUST-0014,Nakatomi Trading Corp,Mid-Market,Trading & Real Estate,APAC-East,Taiwan,Strategic Reseller Partner,Cybersecurity Suite,SKU-SEC-402,Zero-Trust Security Perimeter,24,8366.0,0.0,200784.0,46240.56,76.97,Net 90,Pending Verification,David Lin
ORD-2024-00626,2024-06-13,2024,2024-Q2,CUST-0033,Apex FinTech Global,Enterprise Strategic,Banking,APAC-East,South Korea,Strategic Reseller Partner,Cloud Infrastructure,SKU-INFRA-805,High-Speed API Gateway Gateway,77,5670.0,6.0,410394.6,77523.54,81.11,Quarterly Net 30,In Fulfillment,Astrid Lindgren
ORD-2024-00627,2024-07-15,2024,2024-Q3,CUST-0019,Buy N Large Retail Mega,Enterprise Strategic,E-Commerce,US-Central,United States,Direct Field Sales,AI Platform,SKU-AI-9001,Neural Fabric GenAI Platform,32,26288.0,23.0,647736.32,104933.28,83.8,Quarterly Net 30,In Fulfillment,Chloe Dubois
ORD-2024-00628,2025-11-20,2025,2025-Q4,CUST-0007,Tyrell Synthetic Dynamics,Enterprise Strategic,Robotics,US-Central,United States,Online B2B Portal,IoT & Edge Computing,SKU-IOT-330,Edge IoT Fleet Orchestrator,59,6528.0,9.0,350488.32,109001.87,68.9,Net 90,Completed,Chloe Dubois
ORD-2024-00629,2024-04-22,2024,2024-Q2,CUST-0034,Quantum Peak Labs,SMB Growth,Semiconductor,US-Central,United States,Global Alliance Partner,Developer Tools,SKU-DEV-701,DevSecOps Automation Mesh,12,4680.0,2.0,55036.8,9543.38,82.66,Annual Pre-Paid,Completed,Jessica Taylor
ORD-2024-00630,2024-10-17,2024,2024-Q4,CUST-0030,Sartre Software SAS,SMB Growth,Dev Tools,APAC-East,Taiwan,Online B2B Portal,AI Platform,SKU-AI-9050,Realtime Anomaly Detection,4,10864.0,4.0,41717.76,6324.41,84.84,Net 60,Completed,Brian O'Connor
ORD-2024-00631,2026-05-11,2026,2026-Q2,CUST-0031,Athena Health Systems,Mid-Market,Healthcare,APAC-South,Singapore,Online B2B Portal,Cybersecurity Suite,SKU-SEC-402,Zero-Trust Security Perimeter,2,8900.0,15.0,15130.0,4260.61,71.84,Annual Pre-Paid,Completed,Sarah Chen
ORD-2024-00632,2024-05-26,2024,2024-Q2,CUST-0026,Shinra Electric Power,Enterprise Strategic,Energy & Utilities,EU-North,Netherlands,Direct Field Sales,Cybersecurity Suite,SKU-SEC-402,Zero-Trust Security Perimeter,13,8455.0,12.0,96725.2,26502.7,72.6,Annual Pre-Paid,Completed,Elena Rostova
ORD-2024-00633,2026-05-08,2026,2026-Q2,CUST-0028,LexCorp Advanced Metals,Enterprise Strategic,Materials,APAC-ANZ,Australia,Global Alliance Partner,Enterprise ERP,SKU-ERP-101,Global ERP Enterprise Suite,102,35350.0,19.0,2920617.0,987752.67,66.18,Annual Pre-Paid,Pending Verification,Chloe Dubois
ORD-2024-00634,2025-11-13,2025,2025-Q4,CUST-0026,Shinra Electric Power,Enterprise Strategic,Energy & Utilities,EU-Central,Switzerland,Online B2B Portal,Cybersecurity Suite,SKU-SEC-402,Zero-Trust Security Perimeter,103,8366.0,14.0,741060.28,185932.02,74.91,Net 60,In Fulfillment,Alex Mercer
ORD-2024-00635,2024-04-11,2024,2024-Q2,CUST-0004,Stark Aerospace & Defense,Enterprise Strategic,Aerospace,LATAM,Brazil,Direct Field Sales,AI Platform,SKU-AI-9050,Realtime Anomaly Detection,91,10640.0,6.0,910145.6,156180.98,82.84,Net 90,In Fulfillment,Kenji Sato
ORD-2024-00636,2025-09-28,2025,2025-Q3,CUST-0007,Tyrell Synthetic Dynamics,Enterprise Strategic,Robotics,APAC-East,South Korea,Direct Field Sales,Cloud Infrastructure,SKU-INFRA-805,High-Speed API Gateway Gateway,103,5346.0,15.0,468042.3,106011.58,77.35,Annual Pre-Paid,Completed,Michael Chang
ORD-2024-00637,2024-09-24,2024,2024-Q3,CUST-0035,Hyperion Data Mesh,Mid-Market,Data Infrastructure,EU-West,France,Direct Field Sales,Cloud Infrastructure,SKU-INFRA-801,Enterprise Data Lakehouse Engine,29,11750.0,13.0,296452.5,66405.36,77.6,Annual Pre-Paid,Completed,Chloe Dubois
ORD-2024-00638,2024-02-06,2024,2024-Q1,CUST-0003,Initech Cloud Solutions,Mid-Market,Software,US-Central,United States,Online B2B Portal,Cybersecurity Suite,SKU-SEC-402,Zero-Trust Security Perimeter,33,8633.0,6.0,267795.66,69332.3,74.11,Net 30,Completed,Vikram Patel
ORD-2024-00639,2025-07-21,2025,2025-Q3,CUST-0035,Hyperion Data Mesh,Mid-Market,Data Infrastructure,APAC-East,Taiwan,Global Alliance Partner,AI Platform,SKU-AI-9050,Realtime Anomaly Detection,37,11200.0,13.0,360528.0,68031.63,81.13,Annual Pre-Paid,Completed,Rachel Green
ORD-2024-00640,2025-11-23,2025,2025-Q4,CUST-0023,Delos Experience Living,Enterprise Strategic,Hospitality,APAC-East,South Korea,Online B2B Portal,Developer Tools,SKU-DEV-701,DevSecOps Automation Mesh,12,4185.0,6.0,47206.8,5334.37,88.7,Net 90,Completed,Gabriel Santos
ORD-2024-00641,2026-07-01,2026,2026-Q3,CUST-0022,Gekko Financial Partners,Enterprise Strategic,FinTech & Hedge Fund,EU-North,Netherlands,Direct Field Sales,IoT & Edge Computing,SKU-IOT-330,Edge IoT Fleet Orchestrator,49,6732.0,25.0,247401.0,78055.02,68.45,Net 60,In Fulfillment,Elena Rostova
ORD-2024-00642,2025-10-25,2025,2025-Q4,CUST-0020,Oscorp Pharmaceutical,Enterprise Strategic,Life Sciences,APAC-East,Taiwan,Direct Field Sales,AI Platform,SKU-AI-9001,Neural Fabric GenAI Platform,116,24056.0,11.0,2483541.44,492734.62,80.16,Net 90,Completed,Chloe Dubois
ORD-2024-00643,2025-11-04,2025,2025-Q4,CUST-0028,LexCorp Advanced Metals,Enterprise Strategic,Materials,APAC-East,Taiwan,Global Alliance Partner,Enterprise ERP,SKU-ERP-101,Global ERP Enterprise Suite,7,35350.0,19.0,200434.5,56342.14,71.89,Annual Pre-Paid,Completed,David Lin
ORD-2024-00644,2025-08-09,2025,2025-Q3,CUST-0007,Tyrell Synthetic Dynamics,Enterprise Strategic,Robotics,APAC-East,South Korea,Global Alliance Partner,AI Platform,SKU-AI-9001,Neural Fabric GenAI Platform,93,24056.0,19.0,1812138.48,289579.73,84.02,Net 90,In Fulfillment,Rachel Green
ORD-2024-00645,2024-11-02,2024,2024-Q4,CUST-0024,Aperture Quantum Lab,Mid-Market,Research & Quantum,EU-North,Netherlands,Strategic Reseller Partner,AI Platform,SKU-AI-9050,Realtime Anomaly Detection,6,11312.0,13.0,59048.64,11632.58,80.3,Net 30,Pending Verification,Rachel Green
ORD-2024-00646,2025-02-15,2025,2025-Q1,CUST-0015,Acme Aerospace Systems,Mid-Market,Manufacturing,APAC-East,Taiwan,Direct Field Sales,Cybersecurity Suite,SKU-SEC-410,Compliance & Audit Vault,8,6912.0,9.0,50319.36,12816.34,74.53,Quarterly Net 30,Completed,Jessica Taylor
ORD-2024-00647,2024-08-02,2024,2024-Q3,CUST-0023,Delos Experience Living,Enterprise Strategic,Hospitality,APAC-East,South Korea,Direct Field Sales,Enterprise ERP,SKU-ERP-101,Global ERP Enterprise Suite,69,34650.0,21.0,1888771.5,598362.81,68.32,Net 60,Completed,Jessica Taylor
ORD-2024-00648,2024-09-14,2024,2024-Q3,CUST-0033,Apex FinTech Global,Enterprise Strategic,Banking,EU-Central,Switzerland,Strategic Reseller Partner,Cloud Infrastructure,SKU-INFRA-801,Enterprise Data Lakehouse Engine,85,13250.0,19.0,912262.5,195132.95,78.61,Net 60,Completed,Kenji Sato
ORD-2024-00649,2025-10-15,2025,2025-Q4,CUST-0035,Hyperion Data Mesh,Mid-Market,Data Infrastructure,APAC-East,South Korea,Global Alliance Partner,Cybersecurity Suite,SKU-SEC-410,Compliance & Audit Vault,5,7056.0,8.0,32457.6,9354.28,71.18,Net 60,Pending Verification,Hannah Schmidt
ORD-2024-00650,2025-03-21,2025,2025-Q1,CUST-0027,Vault-Tec Security Hub,Enterprise Strategic,Cybersecurity,EU-West,France,Direct Field Sales,Database Infrastructure,SKU-DB-880,QuantumDB Distributed Cluster,113,17325.0,13.0,1703220.75,303684.26,82.17,Net 90,In Fulfillment,Jessica Taylor
ORD-2024-00651,2024-09-01,2024,2024-Q3,CUST-0008,Umbrella Life Sciences,Enterprise Strategic,Pharma,US-Central,United States,Strategic Reseller Partner,Cloud Infrastructure,SKU-INFRA-801,Enterprise Data Lakehouse Engine,36,12125.0,21.0,344835.0,76277.5,77.88,Annual Pre-Paid,Completed,Vikram Patel
ORD-2024-00652,2026-07-16,2026,2026-Q3,CUST-0003,Initech Cloud Solutions,Mid-Market,Software,EU-West,United Kingdom,Strategic Reseller Partner,Enterprise ERP,SKU-ERP-101,Global ERP Enterprise Suite,10,36750.0,0.0,367500.0,124141.5,66.22,Quarterly Net 30,In Fulfillment,Vikram Patel
ORD-2024-00653,2026-05-22,2026,2026-Q2,CUST-0003,Initech Cloud Solutions,Mid-Market,Software,APAC-ANZ,Australia,Global Alliance Partner,Cloud Infrastructure,SKU-INFRA-801,Enterprise Data Lakehouse Engine,5,11625.0,13.0,50568.75,10715.52,78.81,Net 30,Completed,Brian O'Connor
ORD-2024-00654,2025-01-07,2025,2025-Q1,CUST-0006,Soylent BioTech Global,Mid-Market,BioTech,EU-North,Netherlands,Strategic Reseller Partner,Database Infrastructure,SKU-DB-880,QuantumDB Distributed Cluster,9,16500.0,9.0,135135.0,29770.24,77.97,Quarterly Net 30,Pending Verification,Chloe Dubois
ORD-2024-00655,2026-06-24,2026,2026-Q2,CUST-0006,Soylent BioTech Global,Mid-Market,BioTech,EU-West,United Kingdom,Direct Field Sales,Developer Tools,SKU-DEV-701,DevSecOps Automation Mesh,23,4680.0,12.0,94723.2,10940.53,88.45,Net 60,Completed,Elena Rostova
ORD-2024-00656,2024-05-27,2024,2024-Q2,CUST-0007,Tyrell Synthetic Dynamics,Enterprise Strategic,Robotics,US-Central,United States,Strategic Reseller Partner,Enterprise ERP,SKU-ERP-101,Global ERP Enterprise Suite,61,37100.0,13.0,1968897.0,699942.88,64.45,Quarterly Net 30,Pending Verification,Astrid Lindgren
ORD-2024-00657,2024-04-25,2024,2024-Q2,CUST-0021,Weyland-Yutani Deep Space,Enterprise Strategic,Energy & Mining,APAC-East,Japan,Global Alliance Partner,AI Platform,SKU-AI-9050,Realtime Anomaly Detection,92,10752.0,10.0,890265.6,140038.78,84.27,Net 60,Pending Verification,Chloe Dubois
ORD-2024-00658,2026-01-02,2026,2026-Q1,CUST-0024,Aperture Quantum Lab,Mid-Market,Research & Quantum,LATAM,Brazil,Online B2B Portal,Cloud Infrastructure,SKU-INFRA-801,Enterprise Data Lakehouse Engine,40,13000.0,1.0,514800.0,100952.28,80.39,Net 30,In Fulfillment,Kenji Sato
ORD-2024-00659,2025-07-19,2025,2025-Q3,CUST-0025,Black Mesa Research,Enterprise Strategic,Scientific R&D,EU-Central,Germany,Online B2B Portal,AI Platform,SKU-AI-9001,Neural Fabric GenAI Platform,73,26288.0,22.0,1496838.72,252816.06,83.11,Annual Pre-Paid,Pending Verification,Kenji Sato
ORD-2024-00660,2024-04-02,2024,2024-Q2,CUST-0016,Dunder Mifflin Paper & Tech,SMB Growth,Retail & Supplies,EU-Central,Germany,Strategic Reseller Partner,Cybersecurity Suite,SKU-SEC-402,Zero-Trust Security Perimeter,15,8633.0,4.0,124315.2,27970.92,77.5,Annual Pre-Paid,Completed,Kenji Sato
ORD-2024-00661,2026-06-06,2026,2026-Q2,CUST-0006,Soylent BioTech Global,Mid-Market,BioTech,LATAM,Brazil,Global Alliance Partner,AI Platform,SKU-AI-9050,Realtime Anomaly Detection,28,10864.0,14.0,261605.12,48710.87,81.38,Net 30,In Fulfillment,Astrid Lindgren
ORD-2024-00662,2024-09-24,2024,2024-Q3,CUST-0033,Apex FinTech Global,Enterprise Strategic,Banking,US-West,United States,Online B2B Portal,IoT & Edge Computing,SKU-IOT-330,Edge IoT Fleet Orchestrator,82,6868.0,20.0,450540.8,132413.94,70.61,Net 30,Completed,Vikram Patel
ORD-2024-00663,2025-10-18,2025,2025-Q4,CUST-0012,Massive Dynamic AI,Enterprise Strategic,Artificial Intelligence,APAC-South,Singapore,Global Alliance Partner,Cybersecurity Suite,SKU-SEC-402,Zero-Trust Security Perimeter,5,9078.0,13.0,39489.3,10460.72,73.51,Net 30,Completed,Marcus Vance
ORD-2024-00664,2024-09-12,2024,2024-Q3,CUST-0034,Quantum Peak Labs,SMB Growth,Semiconductor,APAC-ANZ,Australia,Strategic Reseller Partner,Cybersecurity Suite,SKU-SEC-410,Compliance & Audit Vault,11,7704.0,3.0,82201.68,21693.02,73.61,Net 60,Pending Verification,Marcus Vance
ORD-2024-00665,2025-12-04,2025,2025-Q4,CUST-0021,Weyland-Yutani Deep Space,Enterprise Strategic,Energy & Mining,APAC-East,South Korea,Online B2B Portal,Database Infrastructure,SKU-DB-880,QuantumDB Distributed Cluster,15,15675.0,13.0,204558.75,32708.94,84.01,Quarterly Net 30,In Fulfillment,Alex Mercer
ORD-2024-00666,2024-01-24,2024,2024-Q1,CUST-0015,Acme Aerospace Systems,Mid-Market,Manufacturing,MEA,United Arab Emirates,Direct Field Sales,AI Platform,SKU-AI-9050,Realtime Anomaly Detection,14,11872.0,4.0,159559.68,34464.89,78.4,Quarterly Net 30,Completed,Rachel Green
ORD-2024-00667,2024-09-23,2024,2024-Q3,CUST-0010,Hooli Enterprise Cloud,Enterprise Strategic,Cloud Services,US-West,United States,Online B2B Portal,Cybersecurity Suite,SKU-SEC-402,Zero-Trust Security Perimeter,77,9167.0,7.0,656448.87,167525.75,74.48,Annual Pre-Paid,Completed,Sarah Chen
ORD-2024-00668,2024-08-17,2024,2024-Q3,CUST-0014,Nakatomi Trading Corp,Mid-Market,Trading & Real Estate,EU-West,United Kingdom,Online B2B Portal,Enterprise ERP,SKU-ERP-101,Global ERP Enterprise Suite,33,34650.0,6.0,1074843.0,369208.57,65.65,Net 60,Pending Verification,Astrid Lindgren
ORD-2024-00669,2025-11-24,2025,2025-Q4,CUST-0013,Oceanic Airlines Group,Enterprise Strategic,Aviation,EU-North,Netherlands,Strategic Reseller Partner,IoT & Edge Computing,SKU-IOT-330,Edge IoT Fleet Orchestrator,106,6596.0,8.0,643241.92,192393.66,70.09,Quarterly Net 30,Completed,Brian O'Connor
ORD-2024-00670,2024-09-11,2024,2024-Q3,CUST-0024,Aperture Quantum Lab,Mid-Market,Research & Quantum,APAC-East,Taiwan,Global Alliance Partner,AI Platform,SKU-AI-9001,Neural Fabric GenAI Platform,2,26288.0,7.0,48895.68,5965.27,87.8,Annual Pre-Paid,In Fulfillment,Astrid Lindgren
ORD-2024-00671,2025-01-27,2025,2025-Q1,CUST-0028,LexCorp Advanced Metals,Enterprise Strategic,Materials,APAC-ANZ,Australia,Online B2B Portal,AI Platform,SKU-AI-9001,Neural Fabric GenAI Platform,17,23064.0,16.0,329353.92,41333.92,87.45,Annual Pre-Paid,Pending Verification,Rachel Green
ORD-2024-00672,2025-11-17,2025,2025-Q4,CUST-0003,Initech Cloud Solutions,Mid-Market,Software,US-East,United States,Online B2B Portal,Cloud Infrastructure,SKU-INFRA-805,High-Speed API Gateway Gateway,26,5292.0,5.0,130712.4,28795.94,77.97,Quarterly Net 30,Completed,Rachel Green
ORD-2024-00673,2024-07-02,2024,2024-Q3,CUST-0017,Sterling Cooper Advertising,Mid-Market,Marketing & Media,US-Central,United States,Global Alliance Partner,Developer Tools,SKU-DEV-701,DevSecOps Automation Mesh,31,4365.0,2.0,132608.7,18246.96,86.24,Net 60,Pending Verification,Sarah Chen
ORD-2024-00674,2024-11-16,2024,2024-Q4,CUST-0003,Initech Cloud Solutions,Mid-Market,Software,US-Central,United States,Global Alliance Partner,Enterprise ERP,SKU-ERP-101,Global ERP Enterprise Suite,25,33950.0,14.0,729925.0,211532.27,71.02,Quarterly Net 30,Pending Verification,Michael Chang
ORD-2024-00675,2024-11-16,2024,2024-Q4,CUST-0028,LexCorp Advanced Metals,Enterprise Strategic,Materials,MEA,United Arab Emirates,Strategic Reseller Partner,Developer Tools,SKU-DEV-701,DevSecOps Automation Mesh,99,4680.0,25.0,347490.0,58343.57,83.21,Annual Pre-Paid,Completed,Elena Rostova
ORD-2024-00676,2024-06-01,2024,2024-Q2,CUST-0004,Stark Aerospace & Defense,Enterprise Strategic,Aerospace,EU-West,United Kingdom,Strategic Reseller Partner,Cloud Infrastructure,SKU-INFRA-801,Enterprise Data Lakehouse Engine,65,12875.0,10.0,753187.5,169542.51,77.49,Annual Pre-Paid,Completed,Chloe Dubois
ORD-2024-00677,2024-12-31,2024,2024-Q4,CUST-0032,Zeus Renewable Power,Mid-Market,Clean Energy,EU-Central,Switzerland,Global Alliance Partner,AI Platform,SKU-AI-9001,Neural Fabric GenAI Platform,11,23064.0,2.0,248629.92,32446.2,86.95,Net 60,In Fulfillment,Astrid Lindgren
ORD-2024-00678,2025-06-04,2025,2025-Q2,CUST-0018,Virtucon Industries,Enterprise Strategic,Industrial Equipment,APAC-East,Taiwan,Strategic Reseller Partner,Cybersecurity Suite,SKU-SEC-410,Compliance & Audit Vault,5,7272.0,16.0,30542.4,8145.66,73.33,Net 30,In Fulfillment,Gabriel Santos
ORD-2024-00679,2025-05-25,2025,2025-Q2,CUST-0007,Tyrell Synthetic Dynamics,Enterprise Strategic,Robotics,MEA,United Arab Emirates,Online B2B Portal,Cloud Infrastructure,SKU-INFRA-801,Enterprise Data Lakehouse Engine,41,12875.0,19.0,427578.75,97701.74,77.15,Quarterly Net 30,Completed,Hannah Schmidt
ORD-2024-00680,2024-11-27,2024,2024-Q4,CUST-0010,Hooli Enterprise Cloud,Enterprise Strategic,Cloud Services,US-East,United States,Direct Field Sales,AI Platform,SKU-AI-9050,Realtime Anomaly Detection,111,11200.0,19.0,1006992.0,170886.54,83.03,Net 90,Completed,David Lin
ORD-2024-00681,2024-02-14,2024,2024-Q1,CUST-0029,Omni Consumer Products,Enterprise Strategic,Consumer Tech,EU-West,France,Strategic Reseller Partner,Database Infrastructure,SKU-DB-880,QuantumDB Distributed Cluster,115,16830.0,6.0,1819323.0,371323.82,79.59,Net 30,Completed,Michael Chang
ORD-2024-00682,2025-09-08,2025,2025-Q3,CUST-0025,Black Mesa Research,Enterprise Strategic,Scientific R&D,US-West,United States,Global Alliance Partner,Enterprise ERP,SKU-ERP-101,Global ERP Enterprise Suite,27,36400.0,10.0,884520.0,290211.01,67.19,Net 30,In Fulfillment,Marcus Vance
ORD-2024-00683,2025-02-01,2025,2025-Q1,CUST-0026,Shinra Electric Power,Enterprise Strategic,Energy & Utilities,EU-Central,Germany,Strategic Reseller Partner,AI Platform,SKU-AI-9001,Neural Fabric GenAI Platform,43,24552.0,15.0,897375.6,121594.39,86.45,Net 90,In Fulfillment,David Lin
ORD-2024-00684,2025-11-12,2025,2025-Q4,CUST-0007,Tyrell Synthetic Dynamics,Enterprise Strategic,Robotics,LATAM,Brazil,Online B2B Portal,Cloud Infrastructure,SKU-INFRA-805,High-Speed API Gateway Gateway,30,5724.0,15.0,145962.0,30929.35,78.81,Quarterly Net 30,Completed,Sarah Chen
ORD-2024-00685,2026-02-13,2026,2026-Q1,CUST-0028,LexCorp Advanced Metals,Enterprise Strategic,Materials,APAC-East,South Korea,Online B2B Portal,Cybersecurity Suite,SKU-SEC-410,Compliance & Audit Vault,28,7128.0,14.0,171642.24,50943.42,70.32,Net 90,Completed,Vikram Patel
ORD-2024-00686,2024-08-17,2024,2024-Q3,CUST-0010,Hooli Enterprise Cloud,Enterprise Strategic,Cloud Services,MEA,United Arab Emirates,Global Alliance Partner,Cloud Infrastructure,SKU-INFRA-805,High-Speed API Gateway Gateway,85,5022.0,18.0,350033.4,74382.1,78.75,Net 30,Completed,Kenji Sato
ORD-2024-00687,2024-06-01,2024,2024-Q2,CUST-0009,Wonka Global Logistics,Mid-Market,Supply Chain,APAC-South,Singapore,Online B2B Portal,Database Infrastructure,SKU-DB-880,QuantumDB Distributed Cluster,35,16665.0,6.0,548278.5,101924.97,81.41,Net 30,Completed,Michael Chang
ORD-2024-00688,2025-03-11,2025,2025-Q1,CUST-0027,Vault-Tec Security Hub,Enterprise Strategic,Cybersecurity,US-West,United States,Global Alliance Partner,Cybersecurity Suite,SKU-SEC-410,Compliance & Audit Vault,109,6912.0,10.0,678067.2,199012.72,70.65,Quarterly Net 30,Completed,Sarah Chen
ORD-2024-00689,2026-01-28,2026,2026-Q1,CUST-0030,Sartre Software SAS,SMB Growth,Dev Tools,US-Central,United States,Strategic Reseller Partner,IoT & Edge Computing,SKU-IOT-330,Edge IoT Fleet Orchestrator,1,7208.0,1.0,7135.92,2113.66,70.38,Quarterly Net 30,Completed,Gabriel Santos
ORD-2024-00690,2025-11-17,2025,2025-Q4,CUST-0029,Omni Consumer Products,Enterprise Strategic,Consumer Tech,APAC-East,Taiwan,Online B2B Portal,Developer Tools,SKU-DEV-701,DevSecOps Automation Mesh,116,4275.0,21.0,391761.0,68048.89,82.63,Quarterly Net 30,Pending Verification,Hannah Schmidt
ORD-2024-00691,2025-11-20,2025,2025-Q4,CUST-0007,Tyrell Synthetic Dynamics,Enterprise Strategic,Robotics,EU-North,Netherlands,Direct Field Sales,Cloud Infrastructure,SKU-INFRA-801,Enterprise Data Lakehouse Engine,55,11875.0,7.0,607406.25,134722.71,77.82,Annual Pre-Paid,Completed,Kenji Sato
ORD-2024-00692,2025-09-25,2025,2025-Q3,CUST-0024,Aperture Quantum Lab,Mid-Market,Research & Quantum,APAC-ANZ,Australia,Global Alliance Partner,Enterprise ERP,SKU-ERP-101,Global ERP Enterprise Suite,7,32200.0,2.0,220892.0,77533.09,64.9,Net 30,In Fulfillment,Hannah Schmidt
ORD-2024-00693,2024-01-28,2024,2024-Q1,CUST-0014,Nakatomi Trading Corp,Mid-Market,Trading & Real Estate,EU-Central,Switzerland,Strategic Reseller Partner,Database Infrastructure,SKU-DB-880,QuantumDB Distributed Cluster,29,17490.0,13.0,441272.7,82473.87,81.31,Net 30,Pending Verification,Gabriel Santos
ORD-2024-00694,2025-04-19,2025,2025-Q2,CUST-0010,Hooli Enterprise Cloud,Enterprise Strategic,Cloud Services,EU-Central,Switzerland,Global Alliance Partner,Cloud Infrastructure,SKU-INFRA-801,Enterprise Data Lakehouse Engine,19,11750.0,8.0,205390.0,41858.48,79.62,Annual Pre-Paid,Completed,Alex Mercer
ORD-2024-00695,2026-05-30,2026,2026-Q2,CUST-0029,Omni Consumer Products,Enterprise Strategic,Consumer Tech,APAC-East,Taiwan,Strategic Reseller Partner,Database Infrastructure,SKU-DB-880,QuantumDB Distributed Cluster,42,17325.0,16.0,611226.0,138075.95,77.41,Net 30,Completed,Vikram Patel
ORD-2024-00696,2026-05-17,2026,2026-Q2,CUST-0028,LexCorp Advanced Metals,Enterprise Strategic,Materials,EU-North,Netherlands,Global Alliance Partner,Cybersecurity Suite,SKU-SEC-410,Compliance & Audit Vault,81,7776.0,20.0,503884.8,149653.79,70.3,Annual Pre-Paid,Completed,Michael Chang
ORD-2024-00697,2025-08-28,2025,2025-Q3,CUST-0032,Zeus Renewable Power,Mid-Market,Clean Energy,EU-West,United Kingdom,Direct Field Sales,Cloud Infrastructure,SKU-INFRA-805,High-Speed API Gateway Gateway,3,5238.0,6.0,14771.16,3617.46,75.51,Annual Pre-Paid,Completed,Sarah Chen
ORD-2024-00698,2025-05-21,2025,2025-Q2,CUST-0023,Delos Experience Living,Enterprise Strategic,Hospitality,EU-Central,Switzerland,Global Alliance Partner,Cloud Infrastructure,SKU-INFRA-801,Enterprise Data Lakehouse Engine,25,11875.0,11.0,264218.75,61430.86,76.75,Net 60,In Fulfillment,Rachel Green
ORD-2024-00699,2026-07-19,2026,2026-Q3,CUST-0022,Gekko Financial Partners,Enterprise Strategic,FinTech & Hedge Fund,MEA,United Arab Emirates,Global Alliance Partner,Cybersecurity Suite,SKU-SEC-402,Zero-Trust Security Perimeter,118,9167.0,11.0,962718.34,205251.55,78.68,Net 90,Completed,Gabriel Santos
ORD-2024-00700,2026-05-14,2026,2026-Q2,CUST-0011,Pied Piper Compression,Mid-Market,DeepTech,APAC-East,Taiwan,Strategic Reseller Partner,Enterprise ERP,SKU-ERP-101,Global ERP Enterprise Suite,7,32900.0,10.0,207270.0,71300.88,65.6,Quarterly Net 30,Completed,Sarah Chen
ORD-2024-00701,2026-03-23,2026,2026-Q1,CUST-0027,Vault-Tec Security Hub,Enterprise Strategic,Cybersecurity,EU-Central,Switzerland,Online B2B Portal,Database Infrastructure,SKU-DB-880,QuantumDB Distributed Cluster,31,17820.0,16.0,464032.8,93409.8,79.87,Net 90,Pending Verification,Vikram Patel
ORD-2024-00702,2024-06-11,2024,2024-Q2,CUST-0012,Massive Dynamic AI,Enterprise Strategic,Artificial Intelligence,LATAM,Brazil,Direct Field Sales,AI Platform,SKU-AI-9001,Neural Fabric GenAI Platform,48,25296.0,14.0,1044218.88,198714.85,80.97,Net 60,Completed,Kenji Sato
ORD-2024-00703,2024-12-14,2024,2024-Q4,CUST-0023,Delos Experience Living,Enterprise Strategic,Hospitality,APAC-East,South Korea,Direct Field Sales,Cloud Infrastructure,SKU-INFRA-805,High-Speed API Gateway Gateway,39,5724.0,23.0,171891.72,30957.7,81.99,Quarterly Net 30,Completed,Astrid Lindgren
ORD-2024-00704,2024-02-21,2024,2024-Q1,CUST-0029,Omni Consumer Products,Enterprise Strategic,Consumer Tech,APAC-East,South Korea,Global Alliance Partner,AI Platform,SKU-AI-9001,Neural Fabric GenAI Platform,18,25296.0,21.0,359709.12,47229.81,86.87,Net 30,Completed,Michael Chang
ORD-2024-00705,2024-04-17,2024,2024-Q2,CUST-0011,Pied Piper Compression,Mid-Market,DeepTech,APAC-South,Singapore,Direct Field Sales,Database Infrastructure,SKU-DB-880,QuantumDB Distributed Cluster,25,16005.0,2.0,392122.5,76346.25,80.53,Quarterly Net 30,Completed,Astrid Lindgren
ORD-2024-00706,2026-06-10,2026,2026-Q2,CUST-0007,Tyrell Synthetic Dynamics,Enterprise Strategic,Robotics,US-Central,United States,Online B2B Portal,Developer Tools,SKU-DEV-701,DevSecOps Automation Mesh,109,4770.0,8.0,478335.6,69310.83,85.51,Annual Pre-Paid,Completed,Elena Rostova
ORD-2024-00707,2026-05-04,2026,2026-Q2,CUST-0031,Athena Health Systems,Mid-Market,Healthcare,EU-West,France,Online B2B Portal,Cloud Infrastructure,SKU-INFRA-805,High-Speed API Gateway Gateway,12,5292.0,1.0,62868.96,11919.95,81.04,Net 90,In Fulfillment,Marcus Vance
ORD-2024-00708,2026-02-10,2026,2026-Q1,CUST-0034,Quantum Peak Labs,SMB Growth,Semiconductor,EU-North,Netherlands,Strategic Reseller Partner,Cybersecurity Suite,SKU-SEC-402,Zero-Trust Security Perimeter,13,9523.0,3.0,120085.03,26202.55,78.18,Quarterly Net 30,Pending Verification,Alex Mercer
ORD-2024-00709,2025-03-29,2025,2025-Q1,CUST-0010,Hooli Enterprise Cloud,Enterprise Strategic,Cloud Services,APAC-East,South Korea,Direct Field Sales,Cloud Infrastructure,SKU-INFRA-805,High-Speed API Gateway Gateway,13,5238.0,7.0,63327.42,10854.32,82.86,Net 60,Completed,Alex Mercer
ORD-2024-00710,2025-02-06,2025,2025-Q1,CUST-0003,Initech Cloud Solutions,Mid-Market,Software,APAC-South,Singapore,Strategic Reseller Partner,Cybersecurity Suite,SKU-SEC-410,Compliance & Audit Vault,5,7776.0,15.0,33048.0,7802.63,76.39,Quarterly Net 30,Pending Verification,Jessica Taylor
ORD-2024-00711,2025-02-15,2025,2025-Q1,CUST-0020,Oscorp Pharmaceutical,Enterprise Strategic,Life Sciences,APAC-ANZ,Australia,Online B2B Portal,Developer Tools,SKU-DEV-701,DevSecOps Automation Mesh,6,4770.0,22.0,22323.6,2928.86,86.88,Net 60,Completed,Chloe Dubois
ORD-2024-00712,2025-10-21,2025,2025-Q4,CUST-0014,Nakatomi Trading Corp,Mid-Market,Trading & Real Estate,MEA,United Arab Emirates,Global Alliance Partner,Developer Tools,SKU-DEV-701,DevSecOps Automation Mesh,27,4770.0,12.0,113335.2,19640.99,82.67,Quarterly Net 30,Pending Verification,Jessica Taylor
ORD-2024-00713,2026-01-12,2026,2026-Q1,CUST-0009,Wonka Global Logistics,Mid-Market,Supply Chain,APAC-East,Japan,Online B2B Portal,Database Infrastructure,SKU-DB-880,QuantumDB Distributed Cluster,7,16005.0,8.0,103072.2,20892.73,79.73,Net 60,Completed,Alex Mercer
ORD-2024-00714,2026-06-30,2026,2026-Q2,CUST-0035,Hyperion Data Mesh,Mid-Market,Data Infrastructure,APAC-East,Taiwan,Online B2B Portal,Database Infrastructure,SKU-DB-880,QuantumDB Distributed Cluster,21,17820.0,11.0,333055.8,73671.94,77.88,Net 30,Pending Verification,Kenji Sato
ORD-2024-00715,2025-10-04,2025,2025-Q4,CUST-0033,Apex FinTech Global,Enterprise Strategic,Banking,EU-West,France,Direct Field Sales,Cloud Infrastructure,SKU-INFRA-801,Enterprise Data Lakehouse Engine,101,11750.0,18.0,973135.0,229854.49,76.38,Net 30,Completed,David Lin
ORD-2024-00716,2024-08-29,2024,2024-Q3,CUST-0035,Hyperion Data Mesh,Mid-Market,Data Infrastructure,LATAM,Brazil,Strategic Reseller Partner,Developer Tools,SKU-DEV-701,DevSecOps Automation Mesh,21,4725.0,4.0,95256.0,11697.44,87.72,Net 60,Completed,Michael Chang
ORD-2024-00717,2026-01-25,2026,2026-Q1,CUST-0016,Dunder Mifflin Paper & Tech,SMB Growth,Retail & Supplies,US-West,United States,Online B2B Portal,Cloud Infrastructure,SKU-INFRA-805,High-Speed API Gateway Gateway,10,5616.0,2.0,55036.8,11761.36,78.63,Net 60,Completed,Hannah Schmidt
ORD-2024-00718,2025-02-25,2025,2025-Q1,CUST-0006,Soylent BioTech Global,Mid-Market,BioTech,US-West,United States,Direct Field Sales,IoT & Edge Computing,SKU-IOT-330,Edge IoT Fleet Orchestrator,10,6732.0,7.0,62607.6,18187.51,70.95,Quarterly Net 30,Completed,Rachel Green
ORD-2024-00719,2025-07-26,2025,2025-Q3,CUST-0034,Quantum Peak Labs,SMB Growth,Semiconductor,APAC-East,South Korea,Global Alliance Partner,Enterprise ERP,SKU-ERP-101,Global ERP Enterprise Suite,10,34650.0,4.0,332640.0,108041.47,67.52,Annual Pre-Paid,Completed,Hannah Schmidt
ORD-2024-00720,2024-06-15,2024,2024-Q2,CUST-0010,Hooli Enterprise Cloud,Enterprise Strategic,Cloud Services,APAC-East,Japan,Strategic Reseller Partner,AI Platform,SKU-AI-9050,Realtime Anomaly Detection,96,11984.0,14.0,989399.04,177003.49,82.11,Quarterly Net 30,Completed,Astrid Lindgren
ORD-2024-00721,2024-08-05,2024,2024-Q3,CUST-0030,Sartre Software SAS,SMB Growth,Dev Tools,EU-Central,Switzerland,Direct Field Sales,Cybersecurity Suite,SKU-SEC-402,Zero-Trust Security Perimeter,9,9523.0,3.0,83135.79,20110.55,75.81,Annual Pre-Paid,Completed,Sarah Chen
ORD-2024-00722,2025-01-13,2025,2025-Q1,CUST-0019,Buy N Large Retail Mega,Enterprise Strategic,E-Commerce,US-East,United States,Strategic Reseller Partner,AI Platform,SKU-AI-9001,Neural Fabric GenAI Platform,52,24304.0,11.0,1124789.12,198525.28,82.35,Net 30,In Fulfillment,Marcus Vance
ORD-2024-00723,2026-03-13,2026,2026-Q1,CUST-0027,Vault-Tec Security Hub,Enterprise Strategic,Cybersecurity,US-East,United States,Online B2B Portal,Enterprise ERP,SKU-ERP-101,Global ERP Enterprise Suite,32,36400.0,9.0,1059968.0,381376.49,64.02,Quarterly Net 30,Pending Verification,Sarah Chen
ORD-2024-00724,2026-06-10,2026,2026-Q2,CUST-0003,Initech Cloud Solutions,Mid-Market,Software,EU-North,Netherlands,Global Alliance Partner,Cybersecurity Suite,SKU-SEC-410,Compliance & Audit Vault,21,7632.0,8.0,147450.24,35019.43,76.25,Annual Pre-Paid,In Fulfillment,Gabriel Santos
ORD-2024-00725,2024-05-21,2024,2024-Q2,CUST-0033,Apex FinTech Global,Enterprise Strategic,Banking,APAC-South,Singapore,Global Alliance Partner,AI Platform,SKU-AI-9050,Realtime Anomaly Detection,90,11872.0,14.0,918892.8,178265.2,80.6,Quarterly Net 30,Completed,Jessica Taylor
ORD-2024-00726,2024-08-26,2024,2024-Q3,CUST-0026,Shinra Electric Power,Enterprise Strategic,Energy & Utilities,EU-West,France,Direct Field Sales,AI Platform,SKU-AI-9050,Realtime Anomaly Detection,99,10416.0,11.0,917753.76,189791.48,79.32,Net 30,Pending Verification,Michael Chang
ORD-2024-00727,2025-10-22,2025,2025-Q4,CUST-0008,Umbrella Life Sciences,Enterprise Strategic,Pharma,APAC-South,Singapore,Direct Field Sales,Database Infrastructure,SKU-DB-880,QuantumDB Distributed Cluster,84,17160.0,16.0,1210809.6,185738.19,84.66,Quarterly Net 30,In Fulfillment,Gabriel Santos
ORD-2024-00728,2025-05-02,2025,2025-Q2,CUST-0033,Apex FinTech Global,Enterprise Strategic,Banking,MEA,United Arab Emirates,Direct Field Sales,AI Platform,SKU-AI-9001,Neural Fabric GenAI Platform,89,23560.0,24.0,1593598.4,316329.28,80.15,Net 60,In Fulfillment,Hannah Schmidt
ORD-2024-00729,2025-12-23,2025,2025-Q4,CUST-0029,Omni Consumer Products,Enterprise Strategic,Consumer Tech,US-West,United States,Online B2B Portal,IoT & Edge Computing,SKU-IOT-330,Edge IoT Fleet Orchestrator,80,7208.0,6.0,542041.6,172423.43,68.19,Annual Pre-Paid,In Fulfillment,Jessica Taylor
ORD-2024-00730,2024-01-25,2024,2024-Q1,CUST-0034,Quantum Peak Labs,SMB Growth,Semiconductor,EU-West,France,Global Alliance Partner,Enterprise ERP,SKU-ERP-101,Global ERP Enterprise Suite,2,32900.0,1.0,65142.0,22571.7,65.35,Net 60,In Fulfillment,Kenji Sato
ORD-2024-00731,2026-02-25,2026,2026-Q1,CUST-0006,Soylent BioTech Global,Mid-Market,BioTech,US-Central,United States,Online B2B Portal,IoT & Edge Computing,SKU-IOT-330,Edge IoT Fleet Orchestrator,12,7276.0,1.0,86438.88,26407.08,69.45,Net 30,Pending Verification,Jessica Taylor
ORD-2024-00732,2024-04-11,2024,2024-Q2,CUST-0021,Weyland-Yutani Deep Space,Enterprise Strategic,Energy & Mining,US-Central,United States,Global Alliance Partner,Developer Tools,SKU-DEV-701,DevSecOps Automation Mesh,38,4725.0,13.0,156208.5,26602.31,82.97,Net 60,In Fulfillment,Gabriel Santos
ORD-2024-00733,2025-09-03,2025,2025-Q3,CUST-0016,Dunder Mifflin Paper & Tech,SMB Growth,Retail & Supplies,EU-Central,Switzerland,Global Alliance Partner,AI Platform,SKU-AI-9001,Neural Fabric GenAI Platform,5,24552.0,0.0,122760.0,20550.02,83.26,Annual Pre-Paid,Completed,Jessica Taylor
ORD-2024-00734,2025-10-10,2025,2025-Q4,CUST-0015,Acme Aerospace Systems,Mid-Market,Manufacturing,MEA,United Arab Emirates,Direct Field Sales,Enterprise ERP,SKU-ERP-101,Global ERP Enterprise Suite,37,36050.0,14.0,1147111.0,390361.87,65.97,Quarterly Net 30,In Fulfillment,Kenji Sato
ORD-2024-00735,2025-08-04,2025,2025-Q3,CUST-0027,Vault-Tec Security Hub,Enterprise Strategic,Cybersecurity,EU-Central,Switzerland,Direct Field Sales,Cloud Infrastructure,SKU-INFRA-805,High-Speed API Gateway Gateway,31,5076.0,21.0,124311.24,25707.56,79.32,Net 60,In Fulfillment,Michael Chang
ORD-2024-00736,2025-03-09,2025,2025-Q1,CUST-0029,Omni Consumer Products,Enterprise Strategic,Consumer Tech,US-East,United States,Direct Field Sales,AI Platform,SKU-AI-9050,Realtime Anomaly Detection,111,11424.0,17.0,1052493.12,217445.08,79.34,Net 30,Completed,Kenji Sato
ORD-2024-00737,2025-09-04,2025,2025-Q3,CUST-0017,Sterling Cooper Advertising,Mid-Market,Marketing & Media,LATAM,Brazil,Global Alliance Partner,Developer Tools,SKU-DEV-701,DevSecOps Automation Mesh,15,4500.0,9.0,61425.0,10835.37,82.36,Quarterly Net 30,Completed,Kenji Sato
ORD-2024-00738,2024-04-01,2024,2024-Q2,CUST-0026,Shinra Electric Power,Enterprise Strategic,Energy & Utilities,APAC-ANZ,Australia,Direct Field Sales,Cybersecurity Suite,SKU-SEC-402,Zero-Trust Security Perimeter,97,8544.0,16.0,696165.12,177800.57,74.46,Quarterly Net 30,Pending Verification,Brian O'Connor
ORD-2024-00739,2025-11-29,2025,2025-Q4,CUST-0022,Gekko Financial Partners,Enterprise Strategic,FinTech & Hedge Fund,APAC-South,Singapore,Online B2B Portal,AI Platform,SKU-AI-9050,Realtime Anomaly Detection,39,12096.0,10.0,424569.6,81814.56,80.73,Annual Pre-Paid,Pending Verification,Alex Mercer
ORD-2024-00740,2026-07-24,2026,2026-Q3,CUST-0009,Wonka Global Logistics,Mid-Market,Supply Chain,APAC-South,Singapore,Direct Field Sales,Cybersecurity Suite,SKU-SEC-410,Compliance & Audit Vault,32,6624.0,0.0,211968.0,60644.04,71.39,Quarterly Net 30,Completed,Gabriel Santos
ORD-2024-00741,2025-02-06,2025,2025-Q1,CUST-0035,Hyperion Data Mesh,Mid-Market,Data Infrastructure,US-West,United States,Direct Field Sales,Cloud Infrastructure,SKU-INFRA-805,High-Speed API Gateway Gateway,3,5670.0,13.0,14798.7,3172.84,78.56,Net 30,Pending Verification,Hannah Schmidt
ORD-2024-00742,2025-01-20,2025,2025-Q1,CUST-0023,Delos Experience Living,Enterprise Strategic,Hospitality,EU-North,Netherlands,Strategic Reseller Partner,Cloud Infrastructure,SKU-INFRA-801,Enterprise Data Lakehouse Engine,20,13375.0,14.0,230050.0,51623.22,77.56,Net 60,Completed,Gabriel Santos
ORD-2024-00743,2024-10-14,2024,2024-Q4,CUST-0023,Delos Experience Living,Enterprise Strategic,Hospitality,EU-West,United Kingdom,Direct Field Sales,Cybersecurity Suite,SKU-SEC-410,Compliance & Audit Vault,85,7416.0,11.0,561020.4,157815.04,71.87,Annual Pre-Paid,Pending Verification,Alex Mercer
ORD-2024-00744,2024-10-14,2024,2024-Q4,CUST-0032,Zeus Renewable Power,Mid-Market,Clean Energy,MEA,United Arab Emirates,Strategic Reseller Partner,Cloud Infrastructure,SKU-INFRA-801,Enterprise Data Lakehouse Engine,14,12750.0,15.0,151725.0,38098.15,74.89,Net 90,Completed,Marcus Vance
ORD-2024-00745,2025-07-19,2025,2025-Q3,CUST-0013,Oceanic Airlines Group,Enterprise Strategic,Aviation,APAC-South,Singapore,Strategic Reseller Partner,AI Platform,SKU-AI-9001,Neural Fabric GenAI Platform,80,23064.0,8.0,1697510.4,304193.86,82.08,Quarterly Net 30,In Fulfillment,Brian O'Connor
ORD-2024-00746,2025-06-19,2025,2025-Q2,CUST-0018,Virtucon Industries,Enterprise Strategic,Industrial Equipment,EU-West,United Kingdom,Direct Field Sales,Cloud Infrastructure,SKU-INFRA-805,High-Speed API Gateway Gateway,83,5454.0,10.0,407413.8,87064.33,78.63,Annual Pre-Paid,Completed,Hannah Schmidt
ORD-2024-00747,2024-11-26,2024,2024-Q4,CUST-0028,LexCorp Advanced Metals,Enterprise Strategic,Materials,LATAM,Brazil,Global Alliance Partner,Enterprise ERP,SKU-ERP-101,Global ERP Enterprise Suite,20,34650.0,19.0,561330.0,185856.36,66.89,Net 30,In Fulfillment,Alex Mercer
ORD-2024-00748,2024-10-11,2024,2024-Q4,CUST-0027,Vault-Tec Security Hub,Enterprise Strategic,Cybersecurity,APAC-East,Japan,Global Alliance Partner,Developer Tools,SKU-DEV-701,DevSecOps Automation Mesh,5,4365.0,13.0,18987.75,2081.06,89.04,Net 30,In Fulfillment,Astrid Lindgren
ORD-2024-00749,2025-03-09,2025,2025-Q1,CUST-0005,Wayne Enterprises Holdings,Enterprise Strategic,Finance & Industrial,MEA,United Arab Emirates,Strategic Reseller Partner,Database Infrastructure,SKU-DB-880,QuantumDB Distributed Cluster,26,15345.0,12.0,351093.6,63196.85,82.0,Net 30,Completed,Jessica Taylor
ORD-2024-00750,2026-04-07,2026,2026-Q2,CUST-0002,Globex Corporation,Enterprise Strategic,Conglomerate,APAC-East,Taiwan,Online B2B Portal,Enterprise ERP,SKU-ERP-101,Global ERP Enterprise Suite,36,33600.0,7.0,1124928.0,374263.55,66.73,Net 30,Pending Verification,Michael Chang
ORD-2024-00751,2026-03-24,2026,2026-Q1,CUST-0016,Dunder Mifflin Paper & Tech,SMB Growth,Retail & Supplies,US-West,United States,Global Alliance Partner,AI Platform,SKU-AI-9001,Neural Fabric GenAI Platform,11,23312.0,4.0,246174.72,30033.32,87.8,Net 30,Completed,David Lin
ORD-2024-00752,2026-06-30,2026,2026-Q2,CUST-0005,Wayne Enterprises Holdings,Enterprise Strategic,Finance & Industrial,APAC-East,South Korea,Strategic Reseller Partner,Cloud Infrastructure,SKU-INFRA-801,Enterprise Data Lakehouse Engine,107,12125.0,14.0,1115742.5,234194.35,79.01,Net 30,Completed,Vikram Patel
ORD-2024-00753,2024-02-27,2024,2024-Q1,CUST-0004,Stark Aerospace & Defense,Enterprise Strategic,Aerospace,EU-Central,Germany,Global Alliance Partner,IoT & Edge Computing,SKU-IOT-330,Edge IoT Fleet Orchestrator,17,6732.0,17.0,94988.52,23823.12,74.92,Quarterly Net 30,Completed,Chloe Dubois
ORD-2024-00754,2025-01-28,2025,2025-Q1,CUST-0030,Sartre Software SAS,SMB Growth,Dev Tools,APAC-East,South Korea,Global Alliance Partner,Cybersecurity Suite,SKU-SEC-410,Compliance & Audit Vault,10,7344.0,1.0,72705.6,17878.31,75.41,Net 30,Completed,Michael Chang
ORD-2024-00755,2024-12-02,2024,2024-Q4,CUST-0013,Oceanic Airlines Group,Enterprise Strategic,Aviation,US-West,United States,Direct Field Sales,Cloud Infrastructure,SKU-INFRA-801,Enterprise Data Lakehouse Engine,81,12625.0,19.0,828326.25,159618.47,80.73,Quarterly Net 30,In Fulfillment,Vikram Patel
ORD-2024-00756,2025-06-05,2025,2025-Q2,CUST-0017,Sterling Cooper Advertising,Mid-Market,Marketing & Media,EU-West,France,Global Alliance Partner,AI Platform,SKU-AI-9050,Realtime Anomaly Detection,30,10528.0,3.0,306364.8,66327.98,78.35,Net 60,Pending Verification,Rachel Green
ORD-2024-00757,2025-03-22,2025,2025-Q1,CUST-0033,Apex FinTech Global,Enterprise Strategic,Banking,APAC-South,Singapore,Online B2B Portal,Enterprise ERP,SKU-ERP-101,Global ERP Enterprise Suite,79,36400.0,23.0,2214212.0,770988.62,65.18,Net 90,Pending Verification,Kenji Sato
ORD-2024-00758,2025-01-12,2025,2025-Q1,CUST-0001,Cyberdyne Systems Corp,Enterprise Strategic,Technology & AI,APAC-East,Japan,Strategic Reseller Partner,Cloud Infrastructure,SKU-INFRA-801,Enterprise Data Lakehouse Engine,35,13125.0,15.0,390468.75,74696.67,80.87,Annual Pre-Paid,Pending Verification,Elena Rostova
ORD-2024-00759,2024-07-24,2024,2024-Q3,CUST-0013,Oceanic Airlines Group,Enterprise Strategic,Aviation,APAC-East,South Korea,Direct Field Sales,Developer Tools,SKU-DEV-701,DevSecOps Automation Mesh,29,4635.0,18.0,110220.3,11176.34,89.86,Quarterly Net 30,Pending Verification,Hannah Schmidt
ORD-2024-00760,2025-08-15,2025,2025-Q3,CUST-0022,Gekko Financial Partners,Enterprise Strategic,FinTech & Hedge Fund,APAC-East,Taiwan,Online B2B Portal,IoT & Edge Computing,SKU-IOT-330,Edge IoT Fleet Orchestrator,47,6732.0,8.0,291091.68,74781.45,74.31,Net 30,Completed,Elena Rostova
ORD-2024-00761,2026-07-31,2026,2026-Q3,CUST-0001,Cyberdyne Systems Corp,Enterprise Strategic,Technology & AI,APAC-South,Singapore,Strategic Reseller Partner,Database Infrastructure,SKU-DB-880,QuantumDB Distributed Cluster,64,15840.0,17.0,841420.8,144051.24,82.88,Net 90,Completed,Elena Rostova
ORD-2024-00762,2025-02-13,2025,2025-Q1,CUST-0012,Massive Dynamic AI,Enterprise Strategic,Artificial Intelligence,LATAM,Brazil,Direct Field Sales,Developer Tools,SKU-DEV-701,DevSecOps Automation Mesh,6,4140.0,6.0,23349.6,3988.11,82.92,Net 90,Completed,Elena Rostova
ORD-2024-00763,2025-10-08,2025,2025-Q4,CUST-0024,Aperture Quantum Lab,Mid-Market,Research & Quantum,US-East,United States,Direct Field Sales,Database Infrastructure,SKU-DB-880,QuantumDB Distributed Cluster,14,15840.0,4.0,212889.6,44493.93,79.1,Net 60,Pending Verification,Hannah Schmidt
ORD-2024-00764,2025-07-21,2025,2025-Q3,CUST-0016,Dunder Mifflin Paper & Tech,SMB Growth,Retail & Supplies,US-Central,United States,Strategic Reseller Partner,Cloud Infrastructure,SKU-INFRA-801,Enterprise Data Lakehouse Engine,3,13375.0,7.0,37316.25,9638.79,74.17,Net 60,Completed,Vikram Patel
ORD-2024-00765,2026-03-17,2026,2026-Q1,CUST-0008,Umbrella Life Sciences,Enterprise Strategic,Pharma,EU-West,France,Strategic Reseller Partner,Enterprise ERP,SKU-ERP-101,Global ERP Enterprise Suite,63,36750.0,10.0,2083725.0,639911.95,69.29,Quarterly Net 30,Completed,Brian O'Connor
ORD-2024-00766,2025-12-29,2025,2025-Q4,CUST-0005,Wayne Enterprises Holdings,Enterprise Strategic,Finance & Industrial,US-West,United States,Strategic Reseller Partner,Cybersecurity Suite,SKU-SEC-402,Zero-Trust Security Perimeter,106,8989.0,9.0,867078.94,203330.01,76.55,Net 90,Completed,Vikram Patel
ORD-2024-00767,2024-09-07,2024,2024-Q3,CUST-0003,Initech Cloud Solutions,Mid-Market,Software,APAC-East,South Korea,Strategic Reseller Partner,Cloud Infrastructure,SKU-INFRA-805,High-Speed API Gateway Gateway,20,5238.0,12.0,92188.8,22650.79,75.43,Net 90,In Fulfillment,Hannah Schmidt
ORD-2024-00768,2025-06-04,2025,2025-Q2,CUST-0032,Zeus Renewable Power,Mid-Market,Clean Energy,EU-West,United Kingdom,Direct Field Sales,AI Platform,SKU-AI-9050,Realtime Anomaly Detection,6,10976.0,3.0,63880.32,9543.72,85.06,Quarterly Net 30,Pending Verification,Chloe Dubois
ORD-2024-00769,2025-06-15,2025,2025-Q2,CUST-0030,Sartre Software SAS,SMB Growth,Dev Tools,US-Central,United States,Online B2B Portal,Developer Tools,SKU-DEV-701,DevSecOps Automation Mesh,9,4635.0,6.0,39212.1,5505.38,85.96,Net 90,Completed,Vikram Patel
ORD-2024-00770,2026-08-01,2026,2026-Q3,CUST-0003,Initech Cloud Solutions,Mid-Market,Software,EU-West,United Kingdom,Strategic Reseller Partner,Database Infrastructure,SKU-DB-880,QuantumDB Distributed Cluster,30,16170.0,13.0,422037.0,86728.6,79.45,Annual Pre-Paid,In Fulfillment,Brian O'Connor
ORD-2024-00771,2026-05-12,2026,2026-Q2,CUST-0024,Aperture Quantum Lab,Mid-Market,Research & Quantum,EU-Central,Germany,Direct Field Sales,Cybersecurity Suite,SKU-SEC-402,Zero-Trust Security Perimeter,7,8900.0,4.0,59808.0,16243.85,72.84,Net 30,Completed,Michael Chang
ORD-2024-00772,2025-09-28,2025,2025-Q3,CUST-0022,Gekko Financial Partners,Enterprise Strategic,FinTech & Hedge Fund,EU-North,Netherlands,Global Alliance Partner,AI Platform,SKU-AI-9050,Realtime Anomaly Detection,60,11760.0,13.0,613872.0,119459.49,80.54,Annual Pre-Paid,Completed,Marcus Vance
ORD-2024-00773,2025-03-28,2025,2025-Q1,CUST-0015,Acme Aerospace Systems,Mid-Market,Manufacturing,EU-Central,Germany,Direct Field Sales,Developer Tools,SKU-DEV-701,DevSecOps Automation Mesh,7,4500.0,4.0,30240.0,4121.71,86.37,Net 30,Pending Verification,Brian O'Connor
ORD-2024-00774,2024-08-21,2024,2024-Q3,CUST-0007,Tyrell Synthetic Dynamics,Enterprise Strategic,Robotics,US-West,United States,Direct Field Sales,Developer Tools,SKU-DEV-701,DevSecOps Automation Mesh,9,4365.0,16.0,32999.4,4157.92,87.4,Net 90,Pending Verification,Astrid Lindgren
ORD-2024-00775,2026-04-15,2026,2026-Q2,CUST-0018,Virtucon Industries,Enterprise Strategic,Industrial Equipment,EU-West,United Kingdom,Strategic Reseller Partner,Cloud Infrastructure,SKU-INFRA-805,High-Speed API Gateway Gateway,38,5238.0,5.0,189091.8,34830.71,81.58,Annual Pre-Paid,Completed,Hannah Schmidt
ORD-2024-00776,2025-08-16,2025,2025-Q3,CUST-0001,Cyberdyne Systems Corp,Enterprise Strategic,Technology & AI,EU-Central,Switzerland,Strategic Reseller Partner,IoT & Edge Computing,SKU-IOT-330,Edge IoT Fleet Orchestrator,34,7072.0,10.0,216403.2,61025.7,71.8,Quarterly Net 30,Completed,Astrid Lindgren
ORD-2024-00777,2026-04-13,2026,2026-Q2,CUST-0030,Sartre Software SAS,SMB Growth,Dev Tools,EU-West,France,Direct Field Sales,Developer Tools,SKU-DEV-701,DevSecOps Automation Mesh,14,4680.0,2.0,64209.6,7974.83,87.58,Net 60,Completed,Chloe Dubois
ORD-2024-00778,2026-05-23,2026,2026-Q2,CUST-0002,Globex Corporation,Enterprise Strategic,Conglomerate,EU-West,France,Strategic Reseller Partner,Cybersecurity Suite,SKU-SEC-410,Compliance & Audit Vault,116,7704.0,8.0,822170.88,245993.53,70.08,Net 90,Pending Verification,Elena Rostova
ORD-2024-00779,2025-03-05,2025,2025-Q1,CUST-0028,LexCorp Advanced Metals,Enterprise Strategic,Materials,APAC-South,Singapore,Global Alliance Partner,Cloud Infrastructure,SKU-INFRA-805,High-Speed API Gateway Gateway,43,4968.0,12.0,187989.12,35191.56,81.28,Net 60,In Fulfillment,David Lin
ORD-2024-00780,2025-08-04,2025,2025-Q3,CUST-0026,Shinra Electric Power,Enterprise Strategic,Energy & Utilities,EU-North,Netherlands,Strategic Reseller Partner,IoT & Edge Computing,SKU-IOT-330,Edge IoT Fleet Orchestrator,13,6460.0,16.0,70543.2,21960.1,68.87,Quarterly Net 30,Completed,Vikram Patel
ORD-2024-00781,2026-07-05,2026,2026-Q3,CUST-0020,Oscorp Pharmaceutical,Enterprise Strategic,Life Sciences,US-West,United States,Strategic Reseller Partner,AI Platform,SKU-AI-9001,Neural Fabric GenAI Platform,91,23064.0,16.0,1763012.16,255460.46,85.51,Annual Pre-Paid,Completed,Marcus Vance
ORD-2024-00782,2024-07-22,2024,2024-Q3,CUST-0005,Wayne Enterprises Holdings,Enterprise Strategic,Finance & Industrial,MEA,United Arab Emirates,Global Alliance Partner,Enterprise ERP,SKU-ERP-101,Global ERP Enterprise Suite,31,36050.0,10.0,1005795.0,356453.75,64.56,Net 30,Pending Verification,Michael Chang
ORD-2024-00783,2024-01-12,2024,2024-Q1,CUST-0011,Pied Piper Compression,Mid-Market,DeepTech,EU-West,France,Global Alliance Partner,IoT & Edge Computing,SKU-IOT-330,Edge IoT Fleet Orchestrator,12,6392.0,15.0,65198.4,18679.34,71.35,Net 30,Completed,Brian O'Connor
ORD-2024-00784,2026-06-05,2026,2026-Q2,CUST-0014,Nakatomi Trading Corp,Mid-Market,Trading & Real Estate,US-Central,United States,Strategic Reseller Partner,Enterprise ERP,SKU-ERP-101,Global ERP Enterprise Suite,29,36050.0,12.0,919996.0,319514.61,65.27,Quarterly Net 30,Pending Verification,Rachel Green
ORD-2024-00785,2024-07-26,2024,2024-Q3,CUST-0033,Apex FinTech Global,Enterprise Strategic,Banking,APAC-ANZ,Australia,Global Alliance Partner,Enterprise ERP,SKU-ERP-101,Global ERP Enterprise Suite,30,32900.0,5.0,937650.0,332771.98,64.51,Annual Pre-Paid,In Fulfillment,Michael Chang
ORD-2024-00786,2024-12-02,2024,2024-Q4,CUST-0032,Zeus Renewable Power,Mid-Market,Clean Energy,EU-Central,Switzerland,Global Alliance Partner,Cybersecurity Suite,SKU-SEC-410,Compliance & Audit Vault,4,6984.0,11.0,24863.04,5706.07,77.05,Annual Pre-Paid,Pending Verification,Astrid Lindgren
ORD-2024-00787,2026-05-12,2026,2026-Q2,CUST-0020,Oscorp Pharmaceutical,Enterprise Strategic,Life Sciences,EU-North,Netherlands,Strategic Reseller Partner,IoT & Edge Computing,SKU-IOT-330,Edge IoT Fleet Orchestrator,36,6936.0,9.0,227223.36,64849.55,71.46,Annual Pre-Paid,In Fulfillment,Astrid Lindgren
ORD-2024-00788,2025-08-05,2025,2025-Q3,CUST-0007,Tyrell Synthetic Dynamics,Enterprise Strategic,Robotics,EU-North,Netherlands,Direct Field Sales,Database Infrastructure,SKU-DB-880,QuantumDB Distributed Cluster,118,15840.0,22.0,1457913.6,262132.87,82.02,Net 90,Completed,Astrid Lindgren
ORD-2024-00789,2026-01-13,2026,2026-Q1,CUST-0014,Nakatomi Trading Corp,Mid-Market,Trading & Real Estate,MEA,United Arab Emirates,Global Alliance Partner,IoT & Edge Computing,SKU-IOT-330,Edge IoT Fleet Orchestrator,37,6664.0,2.0,241636.64,62728.87,74.04,Quarterly Net 30,Pending Verification,Jessica Taylor
ORD-2024-00790,2025-04-06,2025,2025-Q2,CUST-0011,Pied Piper Compression,Mid-Market,DeepTech,EU-Central,Germany,Strategic Reseller Partner,Cloud Infrastructure,SKU-INFRA-805,High-Speed API Gateway Gateway,4,5022.0,7.0,18681.84,3631.75,80.56,Annual Pre-Paid,Completed,David Lin
ORD-2024-00791,2026-02-02,2026,2026-Q1,CUST-0026,Shinra Electric Power,Enterprise Strategic,Energy & Utilities,LATAM,Brazil,Strategic Reseller Partner,IoT & Edge Computing,SKU-IOT-330,Edge IoT Fleet Orchestrator,9,6392.0,5.0,54651.6,13477.08,75.34,Net 90,Completed,Chloe Dubois
ORD-2024-00792,2025-04-17,2025,2025-Q2,CUST-0005,Wayne Enterprises Holdings,Enterprise Strategic,Finance & Industrial,US-West,United States,Strategic Reseller Partner,AI Platform,SKU-AI-9050,Realtime Anomaly Detection,22,10752.0,14.0,203427.84,42129.91,79.29,Net 30,Completed,Marcus Vance
ORD-2024-00793,2024-10-28,2024,2024-Q4,CUST-0008,Umbrella Life Sciences,Enterprise Strategic,Pharma,APAC-East,Japan,Global Alliance Partner,Cybersecurity Suite,SKU-SEC-402,Zero-Trust Security Perimeter,14,8188.0,18.0,93998.24,25200.93,73.19,Annual Pre-Paid,Pending Verification,Marcus Vance
ORD-2024-00794,2024-08-09,2024,2024-Q3,CUST-0003,Initech Cloud Solutions,Mid-Market,Software,MEA,United Arab Emirates,Strategic Reseller Partner,AI Platform,SKU-AI-9050,Realtime Anomaly Detection,5,11760.0,13.0,51156.0,8630.02,83.13,Net 30,Completed,Astrid Lindgren
ORD-2024-00795,2024-11-11,2024,2024-Q4,CUST-0029,Omni Consumer Products,Enterprise Strategic,Consumer Tech,US-East,United States,Direct Field Sales,Cloud Infrastructure,SKU-INFRA-801,Enterprise Data Lakehouse Engine,103,11875.0,13.0,1064118.75,255388.5,76.0,Net 60,In Fulfillment,Sarah Chen
ORD-2024-00796,2024-01-17,2024,2024-Q1,CUST-0027,Vault-Tec Security Hub,Enterprise Strategic,Cybersecurity,US-East,United States,Direct Field Sales,Developer Tools,SKU-DEV-701,DevSecOps Automation Mesh,110,4635.0,9.0,463963.5,75347.67,83.76,Net 30,In Fulfillment,Astrid Lindgren
ORD-2024-00797,2024-06-20,2024,2024-Q2,CUST-0003,Initech Cloud Solutions,Mid-Market,Software,EU-North,Netherlands,Direct Field Sales,Developer Tools,SKU-DEV-701,DevSecOps Automation Mesh,22,4275.0,8.0,86526.0,14138.35,83.66,Quarterly Net 30,Completed,Jessica Taylor
ORD-2024-00798,2024-05-03,2024,2024-Q2,CUST-0015,Acme Aerospace Systems,Mid-Market,Manufacturing,EU-West,United Kingdom,Direct Field Sales,Developer Tools,SKU-DEV-701,DevSecOps Automation Mesh,22,4410.0,3.0,94109.4,14558.72,84.53,Annual Pre-Paid,In Fulfillment,Chloe Dubois
ORD-2024-00799,2024-08-13,2024,2024-Q3,CUST-0005,Wayne Enterprises Holdings,Enterprise Strategic,Finance & Industrial,APAC-South,Singapore,Online B2B Portal,Cybersecurity Suite,SKU-SEC-410,Compliance & Audit Vault,52,7632.0,6.0,373052.16,99642.23,73.29,Quarterly Net 30,Completed,Sarah Chen
ORD-2024-00800,2025-12-30,2025,2025-Q4,CUST-0035,Hyperion Data Mesh,Mid-Market,Data Infrastructure,APAC-East,South Korea,Strategic Reseller Partner,Enterprise ERP,SKU-ERP-101,Global ERP Enterprise Suite,8,37800.0,9.0,275184.0,83738.49,69.57,Net 60,Pending Verification,Marcus Vance
ORD-2024-00801,2025-10-12,2025,2025-Q4,CUST-0021,Weyland-Yutani Deep Space,Enterprise Strategic,Energy & Mining,LATAM,Brazil,Global Alliance Partner,AI Platform,SKU-AI-9001,Neural Fabric GenAI Platform,47,26536.0,5.0,1184832.4,194431.0,83.59,Quarterly Net 30,In Fulfillment,Michael Chang
ORD-2024-00802,2025-08-24,2025,2025-Q3,CUST-0001,Cyberdyne Systems Corp,Enterprise Strategic,Technology & AI,EU-West,United Kingdom,Direct Field Sales,Cybersecurity Suite,SKU-SEC-410,Compliance & Audit Vault,102,6984.0,23.0,548523.36,132194.13,75.9,Net 60,Completed,Alex Mercer
ORD-2024-00803,2024-05-20,2024,2024-Q2,CUST-0024,Aperture Quantum Lab,Mid-Market,Research & Quantum,EU-Central,Switzerland,Online B2B Portal,Database Infrastructure,SKU-DB-880,QuantumDB Distributed Cluster,11,16830.0,6.0,174022.2,36718.68,78.9,Quarterly Net 30,Completed,Astrid Lindgren
ORD-2024-00804,2026-06-17,2026,2026-Q2,CUST-0022,Gekko Financial Partners,Enterprise Strategic,FinTech & Hedge Fund,US-Central,United States,Online B2B Portal,Developer Tools,SKU-DEV-701,DevSecOps Automation Mesh,87,4185.0,21.0,287635.05,33567.01,88.33,Annual Pre-Paid,Pending Verification,Gabriel Santos
ORD-2024-00805,2024-01-25,2024,2024-Q1,CUST-0015,Acme Aerospace Systems,Mid-Market,Manufacturing,LATAM,Brazil,Online B2B Portal,Developer Tools,SKU-DEV-701,DevSecOps Automation Mesh,17,4185.0,3.0,69010.65,7356.54,89.34,Net 60,In Fulfillment,Rachel Green
ORD-2024-00806,2026-06-12,2026,2026-Q2,CUST-0025,Black Mesa Research,Enterprise Strategic,Scientific R&D,APAC-East,Japan,Online B2B Portal,Cybersecurity Suite,SKU-SEC-402,Zero-Trust Security Perimeter,61,8277.0,18.0,414015.54,103793.7,74.93,Net 60,Completed,Vikram Patel
ORD-2024-00807,2024-05-24,2024,2024-Q2,CUST-0014,Nakatomi Trading Corp,Mid-Market,Trading & Real Estate,US-Central,United States,Direct Field Sales,Cybersecurity Suite,SKU-SEC-402,Zero-Trust Security Perimeter,39,9345.0,8.0,335298.6,91771.23,72.63,Quarterly Net 30,Completed,Jessica Taylor
ORD-2024-00808,2026-01-12,2026,2026-Q1,CUST-0030,Sartre Software SAS,SMB Growth,Dev Tools,EU-Central,Germany,Strategic Reseller Partner,Database Infrastructure,SKU-DB-880,QuantumDB Distributed Cluster,4,16830.0,3.0,65300.4,13438.82,79.42,Quarterly Net 30,Completed,Vikram Patel
ORD-2024-00809,2024-07-25,2024,2024-Q3,CUST-0018,Virtucon Industries,Enterprise Strategic,Industrial Equipment,LATAM,Brazil,Global Alliance Partner,AI Platform,SKU-AI-9001,Neural Fabric GenAI Platform,51,23560.0,13.0,1045357.2,172170.33,83.53,Quarterly Net 30,Completed,Gabriel Santos
ORD-2024-00810,2024-06-08,2024,2024-Q2,CUST-0031,Athena Health Systems,Mid-Market,Healthcare,US-East,United States,Global Alliance Partner,IoT & Edge Computing,SKU-IOT-330,Edge IoT Fleet Orchestrator,7,7276.0,11.0,45329.48,12347.75,72.76,Net 60,In Fulfillment,Kenji Sato
ORD-2024-00811,2025-01-24,2025,2025-Q1,CUST-0030,Sartre Software SAS,SMB Growth,Dev Tools,EU-Central,Germany,Global Alliance Partner,Enterprise ERP,SKU-ERP-101,Global ERP Enterprise Suite,7,35000.0,4.0,235200.0,78392.16,66.67,Annual Pre-Paid,In Fulfillment,Marcus Vance
ORD-2024-00812,2026-07-27,2026,2026-Q3,CUST-0013,Oceanic Airlines Group,Enterprise Strategic,Aviation,US-East,United States,Direct Field Sales,Cloud Infrastructure,SKU-INFRA-805,High-Speed API Gateway Gateway,98,5400.0,20.0,423360.0,74469.02,82.41,Annual Pre-Paid,Pending Verification,Jessica Taylor
ORD-2024-00813,2025-05-16,2025,2025-Q2,CUST-0020,Oscorp Pharmaceutical,Enterprise Strategic,Life Sciences,APAC-South,Singapore,Direct Field Sales,IoT & Edge Computing,SKU-IOT-330,Edge IoT Fleet Orchestrator,118,7276.0,6.0,807053.92,233399.99,71.08,Quarterly Net 30,In Fulfillment,Elena Rostova
ORD-2024-00814,2026-02-20,2026,2026-Q1,CUST-0028,LexCorp Advanced Metals,Enterprise Strategic,Materials,EU-Central,Germany,Online B2B Portal,Cloud Infrastructure,SKU-INFRA-805,High-Speed API Gateway Gateway,95,5562.0,15.0,449131.5,87266.25,80.57,Annual Pre-Paid,Completed,Astrid Lindgren
ORD-2024-00815,2024-09-09,2024,2024-Q3,CUST-0016,Dunder Mifflin Paper & Tech,SMB Growth,Retail & Supplies,EU-Central,Switzerland,Direct Field Sales,Developer Tools,SKU-DEV-701,DevSecOps Automation Mesh,11,4140.0,6.0,42807.6,5423.72,87.33,Net 60,Pending Verification,Rachel Green
ORD-2024-00816,2025-04-11,2025,2025-Q2,CUST-0010,Hooli Enterprise Cloud,Enterprise Strategic,Cloud Services,EU-Central,Germany,Strategic Reseller Partner,Cybersecurity Suite,SKU-SEC-410,Compliance & Audit Vault,79,7560.0,24.0,453902.4,135716.82,70.1,Net 30,Completed,Jessica Taylor
ORD-2024-00817,2025-12-24,2025,2025-Q4,CUST-0006,Soylent BioTech Global,Mid-Market,BioTech,APAC-East,Japan,Strategic Reseller Partner,IoT & Edge Computing,SKU-IOT-330,Edge IoT Fleet Orchestrator,12,6528.0,12.0,68935.68,20391.17,70.42,Quarterly Net 30,Completed,Rachel Green
ORD-2024-00818,2024-11-11,2024,2024-Q4,CUST-0027,Vault-Tec Security Hub,Enterprise Strategic,Cybersecurity,APAC-East,South Korea,Direct Field Sales,AI Platform,SKU-AI-9001,Neural Fabric GenAI Platform,86,26040.0,16.0,1881129.6,253764.38,86.51,Net 90,In Fulfillment,Brian O'Connor
ORD-2024-00819,2026-02-05,2026,2026-Q1,CUST-0026,Shinra Electric Power,Enterprise Strategic,Energy & Utilities,APAC-ANZ,Australia,Online B2B Portal,Cloud Infrastructure,SKU-INFRA-801,Enterprise Data Lakehouse Engine,26,11500.0,21.0,236210.0,60091.82,74.56,Annual Pre-Paid,Completed,Vikram Patel
ORD-2024-00820,2024-10-22,2024,2024-Q4,CUST-0028,LexCorp Advanced Metals,Enterprise Strategic,Materials,US-Central,United States,Strategic Reseller Partner,Developer Tools,SKU-DEV-701,DevSecOps Automation Mesh,28,4275.0,19.0,96957.0,16036.69,83.46,Net 30,Completed,Rachel Green
ORD-2024-00821,2026-04-13,2026,2026-Q2,CUST-0014,Nakatomi Trading Corp,Mid-Market,Trading & Real Estate,US-Central,United States,Strategic Reseller Partner,Cloud Infrastructure,SKU-INFRA-801,Enterprise Data Lakehouse Engine,13,11875.0,12.0,135850.0,24643.19,81.86,Annual Pre-Paid,Completed,Vikram Patel
ORD-2024-00822,2026-07-23,2026,2026-Q3,CUST-0007,Tyrell Synthetic Dynamics,Enterprise Strategic,Robotics,LATAM,Brazil,Strategic Reseller Partner,AI Platform,SKU-AI-9001,Neural Fabric GenAI Platform,42,23312.0,7.0,910566.72,177469.45,80.51,Net 30,In Fulfillment,Chloe Dubois
ORD-2024-00823,2025-05-11,2025,2025-Q2,CUST-0007,Tyrell Synthetic Dynamics,Enterprise Strategic,Robotics,US-East,United States,Direct Field Sales,Enterprise ERP,SKU-ERP-101,Global ERP Enterprise Suite,101,36050.0,24.0,2767198.0,821581.09,70.31,Net 30,Completed,Elena Rostova
ORD-2024-00824,2025-06-18,2025,2025-Q2,CUST-0001,Cyberdyne Systems Corp,Enterprise Strategic,Technology & AI,EU-North,Netherlands,Online B2B Portal,AI Platform,SKU-AI-9050,Realtime Anomaly Detection,65,11424.0,20.0,594048.0,114710.67,80.69,Net 90,Pending Verification,Hannah Schmidt
ORD-2024-00825,2024-09-02,2024,2024-Q3,CUST-0024,Aperture Quantum Lab,Mid-Market,Research & Quantum,APAC-South,Singapore,Global Alliance Partner,IoT & Edge Computing,SKU-IOT-330,Edge IoT Fleet Orchestrator,5,7208.0,15.0,30634.0,7826.99,74.45,Net 30,Completed,Hannah Schmidt
ORD-2024-00826,2025-12-16,2025,2025-Q4,CUST-0026,Shinra Electric Power,Enterprise Strategic,Energy & Utilities,APAC-ANZ,Australia,Strategic Reseller Partner,Cloud Infrastructure,SKU-INFRA-801,Enterprise Data Lakehouse Engine,82,12500.0,7.0,953250.0,175302.67,81.61,Net 60,Pending Verification,Chloe Dubois
ORD-2024-00827,2025-09-25,2025,2025-Q3,CUST-0031,Athena Health Systems,Mid-Market,Healthcare,APAC-East,Japan,Global Alliance Partner,Database Infrastructure,SKU-DB-880,QuantumDB Distributed Cluster,2,17655.0,15.0,30013.5,4952.23,83.5,Net 30,Pending Verification,Hannah Schmidt
ORD-2024-00828,2024-02-16,2024,2024-Q1,CUST-0021,Weyland-Yutani Deep Space,Enterprise Strategic,Energy & Mining,APAC-South,Singapore,Global Alliance Partner,Database Infrastructure,SKU-DB-880,QuantumDB Distributed Cluster,82,17160.0,15.0,1196052.0,199142.66,83.35,Net 90,Completed,Brian O'Connor
ORD-2024-00829,2025-05-02,2025,2025-Q2,CUST-0007,Tyrell Synthetic Dynamics,Enterprise Strategic,Robotics,APAC-ANZ,Australia,Global Alliance Partner,Enterprise ERP,SKU-ERP-101,Global ERP Enterprise Suite,82,32900.0,9.0,2454998.0,781671.36,68.16,Quarterly Net 30,Completed,Marcus Vance
ORD-2024-00830,2025-05-24,2025,2025-Q2,CUST-0006,Soylent BioTech Global,Mid-Market,BioTech,EU-Central,Germany,Global Alliance Partner,Cybersecurity Suite,SKU-SEC-402,Zero-Trust Security Perimeter,30,8900.0,14.0,229620.0,56647.25,75.33,Net 60,In Fulfillment,Marcus Vance
ORD-2024-00831,2026-02-10,2026,2026-Q1,CUST-0006,Soylent BioTech Global,Mid-Market,BioTech,US-West,United States,Global Alliance Partner,Cloud Infrastructure,SKU-INFRA-801,Enterprise Data Lakehouse Engine,12,12125.0,14.0,125130.0,28692.31,77.07,Net 90,In Fulfillment,Astrid Lindgren
ORD-2024-00832,2024-09-20,2024,2024-Q3,CUST-0031,Athena Health Systems,Mid-Market,Healthcare,MEA,United Arab Emirates,Direct Field Sales,Cybersecurity Suite,SKU-SEC-402,Zero-Trust Security Perimeter,36,8900.0,10.0,288360.0,65284.7,77.36,Net 90,In Fulfillment,Brian O'Connor
ORD-2024-00833,2025-08-12,2025,2025-Q3,CUST-0005,Wayne Enterprises Holdings,Enterprise Strategic,Finance & Industrial,APAC-South,Singapore,Online B2B Portal,IoT & Edge Computing,SKU-IOT-330,Edge IoT Fleet Orchestrator,96,7072.0,20.0,543129.6,145395.79,73.23,Quarterly Net 30,Completed,Gabriel Santos
ORD-2024-00834,2024-08-26,2024,2024-Q3,CUST-0015,Acme Aerospace Systems,Mid-Market,Manufacturing,EU-Central,Germany,Direct Field Sales,Enterprise ERP,SKU-ERP-101,Global ERP Enterprise Suite,7,33950.0,2.0,232897.0,72803.6,68.74,Net 60,Completed,Rachel Green
ORD-2024-00835,2025-01-11,2025,2025-Q1,CUST-0009,Wonka Global Logistics,Mid-Market,Supply Chain,LATAM,Brazil,Online B2B Portal,IoT & Edge Computing,SKU-IOT-330,Edge IoT Fleet Orchestrator,38,6596.0,11.0,223076.72,60855.33,72.72,Net 60,Completed,Jessica Taylor
ORD-2024-00836,2024-11-23,2024,2024-Q4,CUST-0024,Aperture Quantum Lab,Mid-Market,Research & Quantum,APAC-East,South Korea,Strategic Reseller Partner,Cloud Infrastructure,SKU-INFRA-805,High-Speed API Gateway Gateway,40,5076.0,9.0,184766.4,46062.26,75.07,Annual Pre-Paid,Pending Verification,Marcus Vance
ORD-2024-00837,2026-04-15,2026,2026-Q2,CUST-0019,Buy N Large Retail Mega,Enterprise Strategic,E-Commerce,LATAM,Brazil,Strategic Reseller Partner,AI Platform,SKU-AI-9050,Realtime Anomaly Detection,92,11424.0,14.0,903866.88,188275.47,79.17,Net 30,Pending Verification,Kenji Sato
ORD-2024-00838,2025-05-29,2025,2025-Q2,CUST-0008,Umbrella Life Sciences,Enterprise Strategic,Pharma,EU-Central,Germany,Global Alliance Partner,Database Infrastructure,SKU-DB-880,QuantumDB Distributed Cluster,68,17655.0,11.0,1068480.6,240728.68,77.47,Net 90,In Fulfillment,Hannah Schmidt
ORD-2024-00839,2026-01-03,2026,2026-Q1,CUST-0014,Nakatomi Trading Corp,Mid-Market,Trading & Real Estate,LATAM,Brazil,Strategic Reseller Partner,Cloud Infrastructure,SKU-INFRA-801,Enterprise Data Lakehouse Engine,13,13000.0,13.0,147030.0,34713.78,76.39,Net 60,Completed,Michael Chang
ORD-2024-00840,2025-02-05,2025,2025-Q1,CUST-0022,Gekko Financial Partners,Enterprise Strategic,FinTech & Hedge Fund,EU-North,Netherlands,Global Alliance Partner,Developer Tools,SKU-DEV-701,DevSecOps Automation Mesh,101,4185.0,13.0,367735.95,44827.01,87.81,Net 90,In Fulfillment,Astrid Lindgren
ORD-2024-00841,2026-05-26,2026,2026-Q2,CUST-0026,Shinra Electric Power,Enterprise Strategic,Energy & Utilities,US-West,United States,Strategic Reseller Partner,Developer Tools,SKU-DEV-701,DevSecOps Automation Mesh,101,4770.0,21.0,380598.3,66871.12,82.43,Net 90,Completed,Vikram Patel
ORD-2024-00842,2024-06-16,2024,2024-Q2,CUST-0009,Wonka Global Logistics,Mid-Market,Supply Chain,EU-Central,Switzerland,Global Alliance Partner,Enterprise ERP,SKU-ERP-101,Global ERP Enterprise Suite,11,36750.0,3.0,392122.5,135007.78,65.57,Net 30,Pending Verification,Astrid Lindgren
ORD-2024-00843,2026-05-26,2026,2026-Q2,CUST-0007,Tyrell Synthetic Dynamics,Enterprise Strategic,Robotics,APAC-South,Singapore,Strategic Reseller Partner,IoT & Edge Computing,SKU-IOT-330,Edge IoT Fleet Orchestrator,59,6460.0,19.0,308723.4,97402.23,68.45,Net 90,Completed,Marcus Vance
ORD-2024-00844,2024-02-23,2024,2024-Q1,CUST-0008,Umbrella Life Sciences,Enterprise Strategic,Pharma,APAC-East,Japan,Online B2B Portal,Cybersecurity Suite,SKU-SEC-410,Compliance & Audit Vault,60,7344.0,24.0,334886.4,89649.09,73.23,Net 30,Completed,Elena Rostova
ORD-2024-00845,2025-02-10,2025,2025-Q1,CUST-0032,Zeus Renewable Power,Mid-Market,Clean Energy,EU-Central,Germany,Strategic Reseller Partner,IoT & Edge Computing,SKU-IOT-330,Edge IoT Fleet Orchestrator,7,7208.0,12.0,44401.28,11899.54,73.2,Net 90,Completed,David Lin
ORD-2024-00846,2024-01-12,2024,2024-Q1,CUST-0008,Umbrella Life Sciences,Enterprise Strategic,Pharma,US-West,United States,Direct Field Sales,AI Platform,SKU-AI-9001,Neural Fabric GenAI Platform,67,26536.0,18.0,1457887.84,265335.59,81.8,Quarterly Net 30,Completed,Kenji Sato
ORD-2024-00847,2025-12-11,2025,2025-Q4,CUST-0007,Tyrell Synthetic Dynamics,Enterprise Strategic,Robotics,APAC-East,South Korea,Strategic Reseller Partner,IoT & Edge Computing,SKU-IOT-330,Edge IoT Fleet Orchestrator,66,7004.0,25.0,346698.0,102657.28,70.39,Net 60,Completed,David Lin
ORD-2024-00848,2024-03-06,2024,2024-Q1,CUST-0035,Hyperion Data Mesh,Mid-Market,Data Infrastructure,US-Central,United States,Global Alliance Partner,Cloud Infrastructure,SKU-INFRA-801,Enterprise Data Lakehouse Engine,27,12625.0,8.0,313605.0,61152.97,80.5,Annual Pre-Paid,Completed,Michael Chang
ORD-2024-00849,2026-05-07,2026,2026-Q2,CUST-0035,Hyperion Data Mesh,Mid-Market,Data Infrastructure,APAC-ANZ,Australia,Direct Field Sales,Database Infrastructure,SKU-DB-880,QuantumDB Distributed Cluster,9,16830.0,3.0,146925.9,31677.22,78.44,Quarterly Net 30,Completed,Gabriel Santos
ORD-2024-00850,2024-11-17,2024,2024-Q4,CUST-0008,Umbrella Life Sciences,Enterprise Strategic,Pharma,US-East,United States,Strategic Reseller Partner,Cybersecurity Suite,SKU-SEC-410,Compliance & Audit Vault,31,6696.0,18.0,170212.32,47574.34,72.05,Net 30,Completed,Sarah Chen
ORD-2024-00851,2025-06-02,2025,2025-Q2,CUST-0020,Oscorp Pharmaceutical,Enterprise Strategic,Life Sciences,EU-West,France,Strategic Reseller Partner,IoT & Edge Computing,SKU-IOT-330,Edge IoT Fleet Orchestrator,89,6596.0,5.0,557691.8,136244.11,75.57,Quarterly Net 30,Pending Verification,Vikram Patel
ORD-2024-00852,2025-06-30,2025,2025-Q2,CUST-0029,Omni Consumer Products,Enterprise Strategic,Consumer Tech,US-Central,United States,Global Alliance Partner,Developer Tools,SKU-DEV-701,DevSecOps Automation Mesh,71,4860.0,23.0,265696.2,34939.05,86.85,Quarterly Net 30,In Fulfillment,Astrid Lindgren
ORD-2024-00853,2024-04-11,2024,2024-Q2,CUST-0003,Initech Cloud Solutions,Mid-Market,Software,EU-West,United Kingdom,Direct Field Sales,Database Infrastructure,SKU-DB-880,QuantumDB Distributed Cluster,11,17325.0,4.0,182952.0,28064.84,84.66,Quarterly Net 30,In Fulfillment,Rachel Green
ORD-2024-00854,2025-01-02,2025,2025-Q1,CUST-0018,Virtucon Industries,Enterprise Strategic,Industrial Equipment,US-Central,United States,Global Alliance Partner,AI Platform,SKU-AI-9001,Neural Fabric GenAI Platform,75,24304.0,10.0,1640520.0,209494.4,87.23,Annual Pre-Paid,Completed,Sarah Chen
ORD-2024-00855,2024-09-17,2024,2024-Q3,CUST-0028,LexCorp Advanced Metals,Enterprise Strategic,Materials,APAC-ANZ,Australia,Strategic Reseller Partner,Cloud Infrastructure,SKU-INFRA-805,High-Speed API Gateway Gateway,31,5616.0,6.0,163650.24,27886.0,82.96,Net 60,Pending Verification,Rachel Green
ORD-2024-00856,2025-11-04,2025,2025-Q4,CUST-0033,Apex FinTech Global,Enterprise Strategic,Banking,APAC-East,Taiwan,Strategic Reseller Partner,IoT & Edge Computing,SKU-IOT-330,Edge IoT Fleet Orchestrator,110,7344.0,8.0,743212.8,212038.61,71.47,Net 30,In Fulfillment,Sarah Chen
ORD-2024-00857,2024-10-03,2024,2024-Q4,CUST-0008,Umbrella Life Sciences,Enterprise Strategic,Pharma,APAC-East,Japan,Direct Field Sales,Cloud Infrastructure,SKU-INFRA-805,High-Speed API Gateway Gateway,57,5508.0,6.0,295118.64,65221.22,77.9,Net 90,Pending Verification,Marcus Vance
ORD-2024-00858,2026-06-08,2026,2026-Q2,CUST-0015,Acme Aerospace Systems,Mid-Market,Manufacturing,EU-Central,Germany,Direct Field Sales,AI Platform,SKU-AI-9001,Neural Fabric GenAI Platform,26,23808.0,15.0,526156.8,65190.83,87.61,Net 30,In Fulfillment,Michael Chang
ORD-2024-00859,2026-01-15,2026,2026-Q1,CUST-0020,Oscorp Pharmaceutical,Enterprise Strategic,Life Sciences,APAC-East,Taiwan,Global Alliance Partner,AI Platform,SKU-AI-9001,Neural Fabric GenAI Platform,72,25048.0,12.0,1587041.28,281541.12,82.26,Net 90,Completed,Brian O'Connor
ORD-2024-00860,2024-02-19,2024,2024-Q1,CUST-0011,Pied Piper Compression,Mid-Market,DeepTech,EU-West,France,Global Alliance Partner,Cybersecurity Suite,SKU-SEC-402,Zero-Trust Security Perimeter,24,9167.0,12.0,193607.04,43929.44,77.31,Quarterly Net 30,Completed,Chloe Dubois
ORD-2024-00861,2025-08-29,2025,2025-Q3,CUST-0009,Wonka Global Logistics,Mid-Market,Supply Chain,EU-Central,Germany,Direct Field Sales,Cloud Infrastructure,SKU-INFRA-805,High-Speed API Gateway Gateway,11,5076.0,10.0,50252.4,10281.64,79.54,Net 90,Completed,Brian O'Connor
ORD-2024-00862,2026-01-12,2026,2026-Q1,CUST-0024,Aperture Quantum Lab,Mid-Market,Research & Quantum,APAC-ANZ,Australia,Strategic Reseller Partner,Cybersecurity Suite,SKU-SEC-410,Compliance & Audit Vault,28,6840.0,11.0,170452.8,37687.11,77.89,Annual Pre-Paid,Pending Verification,Kenji Sato
ORD-2024-00863,2025-03-14,2025,2025-Q1,CUST-0034,Quantum Peak Labs,SMB Growth,Semiconductor,APAC-ANZ,Australia,Strategic Reseller Partner,Enterprise ERP,SKU-ERP-101,Global ERP Enterprise Suite,11,37450.0,7.0,383113.5,125469.67,67.25,Net 90,Completed,Vikram Patel
ORD-2024-00864,2024-03-22,2024,2024-Q1,CUST-0005,Wayne Enterprises Holdings,Enterprise Strategic,Finance & Industrial,APAC-ANZ,Australia,Strategic Reseller Partner,AI Platform,SKU-AI-9001,Neural Fabric GenAI Platform,26,23064.0,17.0,497721.12,88146.41,82.29,Annual Pre-Paid,Completed,Jessica Taylor
ORD-2024-00865,2025-11-24,2025,2025-Q4,CUST-0033,Apex FinTech Global,Enterprise Strategic,Banking,MEA,United Arab Emirates,Strategic Reseller Partner,AI Platform,SKU-AI-9050,Realtime Anomaly Detection,68,12096.0,15.0,699148.8,104173.17,85.1,Net 30,Completed,Alex Mercer
ORD-2024-00866,2025-09-23,2025,2025-Q3,CUST-0013,Oceanic Airlines Group,Enterprise Strategic,Aviation,MEA,United Arab Emirates,Direct Field Sales,IoT & Edge Computing,SKU-IOT-330,Edge IoT Fleet Orchestrator,94,6664.0,16.0,526189.44,126548.56,75.95,Quarterly Net 30,Completed,Rachel Green
ORD-2024-00867,2025-04-04,2025,2025-Q2,CUST-0011,Pied Piper Compression,Mid-Market,DeepTech,APAC-South,Singapore,Strategic Reseller Partner,Cybersecurity Suite,SKU-SEC-402,Zero-Trust Security Perimeter,6,8366.0,6.0,47184.24,12348.12,73.83,Net 30,Completed,Chloe Dubois
ORD-2024-00868,2025-01-23,2025,2025-Q1,CUST-0011,Pied Piper Compression,Mid-Market,DeepTech,EU-West,France,Direct Field Sales,Developer Tools,SKU-DEV-701,DevSecOps Automation Mesh,17,4770.0,12.0,71359.2,7949.41,88.86,Net 90,Pending Verification,Chloe Dubois
ORD-2024-00869,2024-10-27,2024,2024-Q4,CUST-0017,Sterling Cooper Advertising,Mid-Market,Marketing & Media,EU-West,United Kingdom,Direct Field Sales,Cybersecurity Suite,SKU-SEC-410,Compliance & Audit Vault,27,6984.0,3.0,182910.96,41228.13,77.46,Quarterly Net 30,Completed,Brian O'Connor
ORD-2024-00870,2025-04-19,2025,2025-Q2,CUST-0032,Zeus Renewable Power,Mid-Market,Clean Energy,US-East,United States,Online B2B Portal,Cloud Infrastructure,SKU-INFRA-801,Enterprise Data Lakehouse Engine,31,12250.0,5.0,360762.5,93653.94,74.04,Net 60,Completed,David Lin
ORD-2024-00871,2024-01-10,2024,2024-Q1,CUST-0007,Tyrell Synthetic Dynamics,Enterprise Strategic,Robotics,EU-North,Netherlands,Global Alliance Partner,Database Infrastructure,SKU-DB-880,QuantumDB Distributed Cluster,15,17490.0,16.0,220374.0,43435.72,80.29,Annual Pre-Paid,Completed,Marcus Vance
ORD-2024-00872,2026-02-26,2026,2026-Q1,CUST-0017,Sterling Cooper Advertising,Mid-Market,Marketing & Media,EU-West,United Kingdom,Global Alliance Partner,IoT & Edge Computing,SKU-IOT-330,Edge IoT Fleet Orchestrator,25,6732.0,4.0,161568.0,49342.87,69.46,Net 90,Completed,Chloe Dubois
ORD-2024-00873,2025-11-03,2025,2025-Q4,CUST-0029,Omni Consumer Products,Enterprise Strategic,Consumer Tech,US-Central,United States,Strategic Reseller Partner,Developer Tools,SKU-DEV-701,DevSecOps Automation Mesh,100,4410.0,14.0,379260.0,41870.3,88.96,Net 60,Completed,Elena Rostova
ORD-2024-00874,2024-10-18,2024,2024-Q4,CUST-0003,Initech Cloud Solutions,Mid-Market,Software,US-Central,United States,Global Alliance Partner,IoT & Edge Computing,SKU-IOT-330,Edge IoT Fleet Orchestrator,23,6460.0,14.0,127778.8,38857.53,69.59,Annual Pre-Paid,Pending Verification,Sarah Chen
ORD-2024-00875,2025-03-07,2025,2025-Q1,CUST-0032,Zeus Renewable Power,Mid-Market,Clean Energy,APAC-East,Japan,Global Alliance Partner,Cybersecurity Suite,SKU-SEC-402,Zero-Trust Security Perimeter,22,9256.0,11.0,181232.48,46757.98,74.2,Annual Pre-Paid,In Fulfillment,Sarah Chen
ORD-2024-00876,2024-04-20,2024,2024-Q2,CUST-0002,Globex Corporation,Enterprise Strategic,Conglomerate,US-Central,United States,Strategic Reseller Partner,Developer Tools,SKU-DEV-701,DevSecOps Automation Mesh,69,4635.0,5.0,303824.25,53412.3,82.42,Net 90,Completed,Rachel Green
ORD-2024-00877,2026-01-25,2026,2026-Q1,CUST-0001,Cyberdyne Systems Corp,Enterprise Strategic,Technology & AI,EU-North,Netherlands,Global Alliance Partner,Enterprise ERP,SKU-ERP-101,Global ERP Enterprise Suite,41,36400.0,15.0,1268540.0,431557.31,65.98,Net 60,In Fulfillment,Elena Rostova
ORD-2024-00878,2024-10-14,2024,2024-Q4,CUST-0008,Umbrella Life Sciences,Enterprise Strategic,Pharma,LATAM,Brazil,Online B2B Portal,Database Infrastructure,SKU-DB-880,QuantumDB Distributed Cluster,90,15675.0,21.0,1114492.5,193364.45,82.65,Net 30,In Fulfillment,Elena Rostova
ORD-2024-00879,2026-05-25,2026,2026-Q2,CUST-0010,Hooli Enterprise Cloud,Enterprise Strategic,Cloud Services,EU-West,United Kingdom,Direct Field Sales,Cybersecurity Suite,SKU-SEC-402,Zero-Trust Security Perimeter,56,9612.0,6.0,505975.68,109138.95,78.43,Annual Pre-Paid,Completed,Rachel Green
ORD-2024-00880,2024-07-23,2024,2024-Q3,CUST-0006,Soylent BioTech Global,Mid-Market,BioTech,LATAM,Brazil,Direct Field Sales,IoT & Edge Computing,SKU-IOT-330,Edge IoT Fleet Orchestrator,28,7004.0,8.0,180423.04,43590.21,75.84,Net 60,Pending Verification,Jessica Taylor
ORD-2024-00881,2025-05-05,2025,2025-Q2,CUST-0004,Stark Aerospace & Defense,Enterprise Strategic,Aerospace,APAC-East,Japan,Global Alliance Partner,Cloud Infrastructure,SKU-INFRA-801,Enterprise Data Lakehouse Engine,43,12250.0,7.0,489877.5,90431.39,81.54,Annual Pre-Paid,In Fulfillment,David Lin
ORD-2024-00882,2026-07-05,2026,2026-Q3,CUST-0004,Stark Aerospace & Defense,Enterprise Strategic,Aerospace,US-Central,United States,Direct Field Sales,Cloud Infrastructure,SKU-INFRA-801,Enterprise Data Lakehouse Engine,11,12125.0,18.0,109367.5,25941.97,76.28,Net 90,Completed,Jessica Taylor
ORD-2024-00883,2024-07-08,2024,2024-Q3,CUST-0017,Sterling Cooper Advertising,Mid-Market,Marketing & Media,EU-Central,Switzerland,Online B2B Portal,Developer Tools,SKU-DEV-701,DevSecOps Automation Mesh,21,4635.0,2.0,95388.3,11961.69,87.46,Net 60,Pending Verification,David Lin
ORD-2024-00884,2026-01-29,2026,2026-Q1,CUST-0024,Aperture Quantum Lab,Mid-Market,Research & Quantum,APAC-ANZ,Australia,Online B2B Portal,Database Infrastructure,SKU-DB-880,QuantumDB Distributed Cluster,19,16170.0,3.0,298013.1,47384.08,84.1,Net 60,Completed,Alex Mercer
ORD-2024-00885,2025-08-23,2025,2025-Q3,CUST-0013,Oceanic Airlines Group,Enterprise Strategic,Aviation,EU-West,United Kingdom,Global Alliance Partner,AI Platform,SKU-AI-9001,Neural Fabric GenAI Platform,14,25296.0,24.0,269149.44,47343.39,82.41,Annual Pre-Paid,In Fulfillment,Michael Chang
ORD-2024-00886,2026-01-08,2026,2026-Q1,CUST-0010,Hooli Enterprise Cloud,Enterprise Strategic,Cloud Services,US-East,United States,Strategic Reseller Partner,Database Infrastructure,SKU-DB-880,QuantumDB Distributed Cluster,58,15840.0,16.0,771724.8,123321.62,84.02,Quarterly Net 30,Pending Verification,Brian O'Connor
ORD-2024-00887,2025-01-09,2025,2025-Q1,CUST-0029,Omni Consumer Products,Enterprise Strategic,Consumer Tech,APAC-South,Singapore,Direct Field Sales,IoT & Edge Computing,SKU-IOT-330,Edge IoT Fleet Orchestrator,13,6800.0,15.0,75140.0,18319.13,75.62,Net 30,In Fulfillment,Rachel Green
ORD-2024-00888,2024-10-07,2024,2024-Q4,CUST-0009,Wonka Global Logistics,Mid-Market,Supply Chain,EU-Central,Germany,Direct Field Sales,Cybersecurity Suite,SKU-SEC-410,Compliance & Audit Vault,5,7416.0,12.0,32630.4,7854.14,75.93,Annual Pre-Paid,Completed,Vikram Patel
ORD-2024-00889,2025-06-29,2025,2025-Q2,CUST-0033,Apex FinTech Global,Enterprise Strategic,Banking,US-West,United States,Strategic Reseller Partner,AI Platform,SKU-AI-9050,Realtime Anomaly Detection,101,11312.0,15.0,971135.2,183350.33,81.12,Quarterly Net 30,Pending Verification,Elena Rostova
ORD-2024-00890,2024-07-07,2024,2024-Q3,CUST-0001,Cyberdyne Systems Corp,Enterprise Strategic,Technology & AI,US-Central,United States,Strategic Reseller Partner,Cybersecurity Suite,SKU-SEC-410,Compliance & Audit Vault,94,7704.0,5.0,687967.2,178183.5,74.1,Quarterly Net 30,Pending Verification,Kenji Sato
ORD-2024-00891,2026-05-22,2026,2026-Q2,CUST-0015,Acme Aerospace Systems,Mid-Market,Manufacturing,EU-Central,Germany,Online B2B Portal,Cloud Infrastructure,SKU-INFRA-805,High-Speed API Gateway Gateway,9,5022.0,3.0,43842.06,10123.13,76.91,Net 30,In Fulfillment,Brian O'Connor
ORD-2024-00892,2024-10-11,2024,2024-Q4,CUST-0009,Wonka Global Logistics,Mid-Market,Supply Chain,EU-Central,Germany,Direct Field Sales,Database Infrastructure,SKU-DB-880,QuantumDB Distributed Cluster,15,15180.0,8.0,209484.0,42357.66,79.78,Quarterly Net 30,Pending Verification,David Lin
ORD-2024-00893,2024-03-26,2024,2024-Q1,CUST-0017,Sterling Cooper Advertising,Mid-Market,Marketing & Media,APAC-ANZ,Australia,Strategic Reseller Partner,IoT & Edge Computing,SKU-IOT-330,Edge IoT Fleet Orchestrator,20,6324.0,5.0,120156.0,30603.73,74.53,Net 90,In Fulfillment,Astrid Lindgren
ORD-2024-00894,2024-10-13,2024,2024-Q4,CUST-0012,Massive Dynamic AI,Enterprise Strategic,Artificial Intelligence,EU-Central,Germany,Direct Field Sales,Cloud Infrastructure,SKU-INFRA-805,High-Speed API Gateway Gateway,89,5616.0,25.0,374868.0,70325.24,81.24,Net 30,Completed,Vikram Patel
ORD-2024-00895,2024-09-20,2024,2024-Q3,CUST-0014,Nakatomi Trading Corp,Mid-Market,Trading & Real Estate,LATAM,Brazil,Global Alliance Partner,Database Infrastructure,SKU-DB-880,QuantumDB Distributed Cluster,22,16665.0,4.0,351964.8,58214.98,83.46,Annual Pre-Paid,In Fulfillment,Chloe Dubois
ORD-2024-00896,2024-08-25,2024,2024-Q3,CUST-0028,LexCorp Advanced Metals,Enterprise Strategic,Materials,EU-West,France,Strategic Reseller Partner,AI Platform,SKU-AI-9050,Realtime Anomaly Detection,16,11088.0,15.0,150796.8,23343.34,84.52,Net 60,In Fulfillment,Rachel Green
ORD-2024-00897,2025-05-17,2025,2025-Q2,CUST-0012,Massive Dynamic AI,Enterprise Strategic,Artificial Intelligence,APAC-South,Singapore,Online B2B Portal,Cloud Infrastructure,SKU-INFRA-801,Enterprise Data Lakehouse Engine,44,11875.0,8.0,480700.0,109839.95,77.15,Quarterly Net 30,In Fulfillment,Sarah Chen
ORD-2024-00898,2024-05-26,2024,2024-Q2,CUST-0005,Wayne Enterprises Holdings,Enterprise Strategic,Finance & Industrial,EU-North,Netherlands,Strategic Reseller Partner,AI Platform,SKU-AI-9050,Realtime Anomaly Detection,87,10528.0,24.0,696111.36,123838.21,82.21,Net 30,Completed,Jessica Taylor
ORD-2024-00899,2025-01-28,2025,2025-Q1,CUST-0002,Globex Corporation,Enterprise Strategic,Conglomerate,US-West,United States,Direct Field Sales,Cloud Infrastructure,SKU-INFRA-801,Enterprise Data Lakehouse Engine,21,11625.0,10.0,219712.5,54620.53,75.14,Quarterly Net 30,Completed,Gabriel Santos
ORD-2024-00900,2024-01-10,2024,2024-Q1,CUST-0007,Tyrell Synthetic Dynamics,Enterprise Strategic,Robotics,APAC-East,Japan,Online B2B Portal,AI Platform,SKU-AI-9001,Neural Fabric GenAI Platform,30,25792.0,8.0,711859.2,91545.09,87.14,Net 60,Pending Verification,David Lin
ORD-2024-00901,2025-05-05,2025,2025-Q2,CUST-0010,Hooli Enterprise Cloud,Enterprise Strategic,Cloud Services,EU-West,United Kingdom,Direct Field Sales,Cloud Infrastructure,SKU-INFRA-805,High-Speed API Gateway Gateway,93,5454.0,10.0,456499.8,113348.9,75.17,Net 30,Completed,Michael Chang
ORD-2024-00902,2024-10-30,2024,2024-Q4,CUST-0007,Tyrell Synthetic Dynamics,Enterprise Strategic,Robotics,APAC-East,Japan,Global Alliance Partner,Cybersecurity Suite,SKU-SEC-402,Zero-Trust Security Perimeter,5,8188.0,23.0,31523.8,8063.79,74.42,Net 60,Pending Verification,Vikram Patel
ORD-2024-00903,2024-10-20,2024,2024-Q4,CUST-0015,Acme Aerospace Systems,Mid-Market,Manufacturing,MEA,United Arab Emirates,Global Alliance Partner,AI Platform,SKU-AI-9001,Neural Fabric GenAI Platform,33,23312.0,3.0,746217.12,143199.07,80.81,Net 90,Pending Verification,Sarah Chen
ORD-2024-00904,2025-09-22,2025,2025-Q3,CUST-0022,Gekko Financial Partners,Enterprise Strategic,FinTech & Hedge Fund,US-West,United States,Online B2B Portal,AI Platform,SKU-AI-9001,Neural Fabric GenAI Platform,119,23312.0,6.0,2607680.32,432092.63,83.43,Net 90,In Fulfillment,Vikram Patel
ORD-2024-00905,2025-03-11,2025,2025-Q1,CUST-0010,Hooli Enterprise Cloud,Enterprise Strategic,Cloud Services,MEA,United Arab Emirates,Online B2B Portal,Cybersecurity Suite,SKU-SEC-410,Compliance & Audit Vault,109,7632.0,11.0,740380.32,206047.84,72.17,Annual Pre-Paid,Pending Verification,Brian O'Connor
ORD-2024-00906,2024-09-28,2024,2024-Q3,CUST-0005,Wayne Enterprises Holdings,Enterprise Strategic,Finance & Industrial,APAC-East,South Korea,Direct Field Sales,Cybersecurity Suite,SKU-SEC-402,Zero-Trust Security Perimeter,104,8633.0,18.0,736222.24,190534.32,74.12,Annual Pre-Paid,Completed,Sarah Chen
ORD-2024-00907,2025-08-14,2025,2025-Q3,CUST-0028,LexCorp Advanced Metals,Enterprise Strategic,Materials,APAC-ANZ,Australia,Online B2B Portal,Cybersecurity Suite,SKU-SEC-402,Zero-Trust Security Perimeter,16,8366.0,11.0,119131.84,27233.54,77.14,Net 90,Pending Verification,Chloe Dubois
ORD-2024-00908,2025-03-10,2025,2025-Q1,CUST-0031,Athena Health Systems,Mid-Market,Healthcare,APAC-ANZ,Australia,Global Alliance Partner,Cybersecurity Suite,SKU-SEC-410,Compliance & Audit Vault,23,7704.0,2.0,173648.16,39296.58,77.37,Annual Pre-Paid,Completed,Michael Chang
ORD-2024-00909,2025-05-24,2025,2025-Q2,CUST-0035,Hyperion Data Mesh,Mid-Market,Data Infrastructure,APAC-East,Japan,Global Alliance Partner,Cloud Infrastructure,SKU-INFRA-805,High-Speed API Gateway Gateway,36,5292.0,12.0,167650.56,34116.89,79.65,Annual Pre-Paid,In Fulfillment,Astrid Lindgren
ORD-2024-00910,2024-03-30,2024,2024-Q1,CUST-0016,Dunder Mifflin Paper & Tech,SMB Growth,Retail & Supplies,EU-West,France,Direct Field Sales,Database Infrastructure,SKU-DB-880,QuantumDB Distributed Cluster,14,16665.0,0.0,233310.0,35789.75,84.66,Net 30,Completed,Brian O'Connor
ORD-2024-00911,2024-12-23,2024,2024-Q4,CUST-0024,Aperture Quantum Lab,Mid-Market,Research & Quantum,LATAM,Brazil,Strategic Reseller Partner,Enterprise ERP,SKU-ERP-101,Global ERP Enterprise Suite,31,37100.0,2.0,1127098.0,318179.77,71.77,Annual Pre-Paid,In Fulfillment,Elena Rostova
ORD-2024-00912,2026-04-27,2026,2026-Q2,CUST-0015,Acme Aerospace Systems,Mid-Market,Manufacturing,US-East,United States,Strategic Reseller Partner,AI Platform,SKU-AI-9001,Neural Fabric GenAI Platform,11,22816.0,6.0,235917.44,28970.66,87.72,Net 90,Completed,Astrid Lindgren
ORD-2024-00913,2024-04-18,2024,2024-Q2,CUST-0005,Wayne Enterprises Holdings,Enterprise Strategic,Finance & Industrial,EU-Central,Switzerland,Strategic Reseller Partner,Cloud Infrastructure,SKU-INFRA-801,Enterprise Data Lakehouse Engine,23,11625.0,12.0,235290.0,59716.6,74.62,Quarterly Net 30,Completed,Marcus Vance
ORD-2024-00914,2026-02-22,2026,2026-Q1,CUST-0012,Massive Dynamic AI,Enterprise Strategic,Artificial Intelligence,EU-Central,Switzerland,Strategic Reseller Partner,Cloud Infrastructure,SKU-INFRA-805,High-Speed API Gateway Gateway,94,5400.0,24.0,385776.0,74146.15,80.78,Annual Pre-Paid,Completed,Kenji Sato
ORD-2024-00915,2024-04-23,2024,2024-Q2,CUST-0010,Hooli Enterprise Cloud,Enterprise Strategic,Cloud Services,US-East,United States,Direct Field Sales,Cybersecurity Suite,SKU-SEC-410,Compliance & Audit Vault,101,6840.0,8.0,635572.8,170524.18,73.17,Annual Pre-Paid,Completed,Michael Chang
ORD-2024-00916,2025-12-29,2025,2025-Q4,CUST-0017,Sterling Cooper Advertising,Mid-Market,Marketing & Media,MEA,United Arab Emirates,Online B2B Portal,Database Infrastructure,SKU-DB-880,QuantumDB Distributed Cluster,29,15840.0,14.0,395049.6,87938.04,77.74,Annual Pre-Paid,In Fulfillment,Astrid Lindgren
ORD-2024-00917,2024-08-04,2024,2024-Q3,CUST-0026,Shinra Electric Power,Enterprise Strategic,Energy & Utilities,APAC-East,Taiwan,Direct Field Sales,Database Infrastructure,SKU-DB-880,QuantumDB Distributed Cluster,55,17160.0,9.0,858858.0,159146.39,81.47,Net 30,Completed,Chloe Dubois
ORD-2024-00918,2024-11-16,2024,2024-Q4,CUST-0026,Shinra Electric Power,Enterprise Strategic,Energy & Utilities,LATAM,Brazil,Global Alliance Partner,Cybersecurity Suite,SKU-SEC-402,Zero-Trust Security Perimeter,11,9078.0,21.0,78887.82,21646.82,72.56,Net 30,Completed,Sarah Chen
ORD-2024-00919,2025-01-06,2025,2025-Q1,CUST-0022,Gekko Financial Partners,Enterprise Strategic,FinTech & Hedge Fund,US-East,United States,Strategic Reseller Partner,Enterprise ERP,SKU-ERP-101,Global ERP Enterprise Suite,25,32550.0,16.0,683550.0,213404.31,68.78,Net 90,In Fulfillment,Michael Chang
ORD-2024-00920,2024-07-25,2024,2024-Q3,CUST-0003,Initech Cloud Solutions,Mid-Market,Software,EU-West,United Kingdom,Online B2B Portal,AI Platform,SKU-AI-9001,Neural Fabric GenAI Platform,38,25048.0,8.0,875678.08,119792.76,86.32,Net 30,Completed,David Lin
ORD-2024-00921,2024-04-05,2024,2024-Q2,CUST-0020,Oscorp Pharmaceutical,Enterprise Strategic,Life Sciences,US-East,United States,Online B2B Portal,Enterprise ERP,SKU-ERP-101,Global ERP Enterprise Suite,55,33950.0,15.0,1587162.5,521700.31,67.13,Net 90,In Fulfillment,Astrid Lindgren
ORD-2024-00922,2025-11-21,2025,2025-Q4,CUST-0007,Tyrell Synthetic Dynamics,Enterprise Strategic,Robotics,EU-West,France,Global Alliance Partner,Cloud Infrastructure,SKU-INFRA-805,High-Speed API Gateway Gateway,17,5616.0,15.0,81151.2,20133.61,75.19,Annual Pre-Paid,Completed,Rachel Green
ORD-2024-00923,2026-06-08,2026,2026-Q2,CUST-0003,Initech Cloud Solutions,Mid-Market,Software,EU-Central,Germany,Strategic Reseller Partner,Cybersecurity Suite,SKU-SEC-402,Zero-Trust Security Perimeter,31,9078.0,1.0,278603.82,59565.5,78.62,Net 60,In Fulfillment,Gabriel Santos
ORD-2024-00924,2025-11-28,2025,2025-Q4,CUST-0010,Hooli Enterprise Cloud,Enterprise Strategic,Cloud Services,APAC-East,South Korea,Strategic Reseller Partner,Cloud Infrastructure,SKU-INFRA-805,High-Speed API Gateway Gateway,71,5508.0,25.0,293301.0,61035.94,79.19,Net 90,Completed,Gabriel Santos
ORD-2024-00925,2024-05-14,2024,2024-Q2,CUST-0022,Gekko Financial Partners,Enterprise Strategic,FinTech & Hedge Fund,EU-Central,Germany,Online B2B Portal,Cybersecurity Suite,SKU-SEC-410,Compliance & Audit Vault,114,6696.0,24.0,580141.44,140974.37,75.7,Annual Pre-Paid,In Fulfillment,Elena Rostova
ORD-2024-00926,2025-09-17,2025,2025-Q3,CUST-0005,Wayne Enterprises Holdings,Enterprise Strategic,Finance & Industrial,US-Central,United States,Global Alliance Partner,AI Platform,SKU-AI-9001,Neural Fabric GenAI Platform,108,25792.0,5.0,2646259.2,463624.61,82.48,Net 30,Completed,Sarah Chen
ORD-2024-00927,2025-04-10,2025,2025-Q2,CUST-0021,Weyland-Yutani Deep Space,Enterprise Strategic,Energy & Mining,US-Central,United States,Online B2B Portal,Cybersecurity Suite,SKU-SEC-402,Zero-Trust Security Perimeter,13,8722.0,11.0,100913.54,28548.44,71.71,Net 60,Completed,Kenji Sato
ORD-2024-00928,2025-04-29,2025,2025-Q2,CUST-0017,Sterling Cooper Advertising,Mid-Market,Marketing & Media,APAC-East,South Korea,Global Alliance Partner,Cybersecurity Suite,SKU-SEC-402,Zero-Trust Security Perimeter,9,8900.0,15.0,68085.0,17763.38,73.91,Net 90,Completed,Jessica Taylor
ORD-2024-00929,2026-05-27,2026,2026-Q2,CUST-0009,Wonka Global Logistics,Mid-Market,Supply Chain,EU-Central,Switzerland,Online B2B Portal,Cloud Infrastructure,SKU-INFRA-805,High-Speed API Gateway Gateway,22,5562.0,6.0,115022.16,24097.14,79.05,Net 90,Completed,Rachel Green
ORD-2024-00930,2025-10-21,2025,2025-Q4,CUST-0004,Stark Aerospace & Defense,Enterprise Strategic,Aerospace,APAC-ANZ,Australia,Strategic Reseller Partner,Cloud Infrastructure,SKU-INFRA-805,High-Speed API Gateway Gateway,6,5076.0,8.0,28019.52,6161.49,78.01,Quarterly Net 30,Completed,Hannah Schmidt
ORD-2024-00931,2024-03-15,2024,2024-Q1,CUST-0015,Acme Aerospace Systems,Mid-Market,Manufacturing,EU-North,Netherlands,Global Alliance Partner,AI Platform,SKU-AI-9001,Neural Fabric GenAI Platform,24,25296.0,7.0,564606.72,72269.66,87.2,Annual Pre-Paid,Completed,Sarah Chen
ORD-2024-00932,2024-07-03,2024,2024-Q3,CUST-0007,Tyrell Synthetic Dynamics,Enterprise Strategic,Robotics,MEA,United Arab Emirates,Global Alliance Partner,IoT & Edge Computing,SKU-IOT-330,Edge IoT Fleet Orchestrator,30,6324.0,13.0,165056.4,48295.5,70.74,Quarterly Net 30,Completed,Elena Rostova
ORD-2024-00933,2025-12-20,2025,2025-Q4,CUST-0031,Athena Health Systems,Mid-Market,Healthcare,US-West,United States,Online B2B Portal,AI Platform,SKU-AI-9050,Realtime Anomaly Detection,4,11984.0,8.0,44101.12,9190.67,79.16,Net 60,Pending Verification,Rachel Green
ORD-2024-00934,2024-02-02,2024,2024-Q1,CUST-0025,Black Mesa Research,Enterprise Strategic,Scientific R&D,US-East,United States,Online B2B Portal,IoT & Edge Computing,SKU-IOT-330,Edge IoT Fleet Orchestrator,65,6460.0,9.0,382109.0,121587.08,68.18,Annual Pre-Paid,Pending Verification,Kenji Sato
ORD-2024-00935,2025-10-12,2025,2025-Q4,CUST-0012,Massive Dynamic AI,Enterprise Strategic,Artificial Intelligence,US-West,United States,Strategic Reseller Partner,AI Platform,SKU-AI-9001,Neural Fabric GenAI Platform,40,24056.0,13.0,837148.8,119712.28,85.7,Annual Pre-Paid,In Fulfillment,Vikram Patel
ORD-2024-00936,2026-07-03,2026,2026-Q3,CUST-0017,Sterling Cooper Advertising,Mid-Market,Marketing & Media,US-Central,United States,Direct Field Sales,AI Platform,SKU-AI-9001,Neural Fabric GenAI Platform,29,25792.0,5.0,710569.6,132734.4,81.32,Net 90,Completed,Chloe Dubois
ORD-2024-00937,2025-05-01,2025,2025-Q2,CUST-0035,Hyperion Data Mesh,Mid-Market,Data Infrastructure,APAC-ANZ,Australia,Strategic Reseller Partner,IoT & Edge Computing,SKU-IOT-330,Edge IoT Fleet Orchestrator,24,6868.0,14.0,141755.52,36034.25,74.58,Quarterly Net 30,In Fulfillment,Sarah Chen
ORD-2024-00938,2026-01-10,2026,2026-Q1,CUST-0010,Hooli Enterprise Cloud,Enterprise Strategic,Cloud Services,EU-West,France,Online B2B Portal,Cloud Infrastructure,SKU-INFRA-801,Enterprise Data Lakehouse Engine,24,13375.0,23.0,247170.0,54377.4,78.0,Net 90,Completed,Gabriel Santos
ORD-2024-00939,2025-11-21,2025,2025-Q4,CUST-0027,Vault-Tec Security Hub,Enterprise Strategic,Cybersecurity,EU-Central,Germany,Direct Field Sales,AI Platform,SKU-AI-9050,Realtime Anomaly Detection,111,11424.0,22.0,989089.92,167057.29,83.11,Quarterly Net 30,Completed,Alex Mercer
ORD-2024-00940,2024-08-11,2024,2024-Q3,CUST-0013,Oceanic Airlines Group,Enterprise Strategic,Aviation,EU-North,Netherlands,Strategic Reseller Partner,Cybersecurity Suite,SKU-SEC-410,Compliance & Audit Vault,53,6840.0,9.0,329893.2,93920.59,71.53,Quarterly Net 30,Completed,David Lin
ORD-2024-00941,2026-04-13,2026,2026-Q2,CUST-0024,Aperture Quantum Lab,Mid-Market,Research & Quantum,US-East,United States,Online B2B Portal,Enterprise ERP,SKU-ERP-101,Global ERP Enterprise Suite,34,32900.0,12.0,984368.0,315096.2,67.99,Annual Pre-Paid,Completed,Jessica Taylor
ORD-2024-00942,2024-12-26,2024,2024-Q4,CUST-0023,Delos Experience Living,Enterprise Strategic,Hospitality,LATAM,Brazil,Global Alliance Partner,Cloud Infrastructure,SKU-INFRA-805,High-Speed API Gateway Gateway,102,5778.0,12.0,518633.28,110624.48,78.67,Net 90,In Fulfillment,Michael Chang
ORD-2024-00943,2025-09-01,2025,2025-Q3,CUST-0011,Pied Piper Compression,Mid-Market,DeepTech,APAC-East,Japan,Global Alliance Partner,IoT & Edge Computing,SKU-IOT-330,Edge IoT Fleet Orchestrator,20,7004.0,13.0,121869.6,34732.84,71.5,Net 90,Completed,Sarah Chen
ORD-2024-00944,2026-04-05,2026,2026-Q2,CUST-0007,Tyrell Synthetic Dynamics,Enterprise Strategic,Robotics,US-West,United States,Direct Field Sales,Cybersecurity Suite,SKU-SEC-410,Compliance & Audit Vault,57,7488.0,7.0,396938.88,99274.41,74.99,Quarterly Net 30,Completed,Vikram Patel
ORD-2024-00945,2025-03-30,2025,2025-Q1,CUST-0033,Apex FinTech Global,Enterprise Strategic,Banking,APAC-East,Taiwan,Direct Field Sales,Enterprise ERP,SKU-ERP-101,Global ERP Enterprise Suite,114,33600.0,13.0,3332448.0,1078380.17,67.64,Annual Pre-Paid,Completed,Elena Rostova
ORD-2024-00946,2026-05-26,2026,2026-Q2,CUST-0031,Athena Health Systems,Mid-Market,Healthcare,US-West,United States,Online B2B Portal,AI Platform,SKU-AI-9050,Realtime Anomaly Detection,28,11424.0,14.0,275089.92,43244.14,84.28,Annual Pre-Paid,Completed,David Lin
ORD-2024-00947,2026-03-11,2026,2026-Q1,CUST-0015,Acme Aerospace Systems,Mid-Market,Manufacturing,APAC-East,Japan,Online B2B Portal,Enterprise ERP,SKU-ERP-101,Global ERP Enterprise Suite,18,37100.0,5.0,634410.0,182265.99,71.27,Net 60,Completed,Brian O'Connor
ORD-2024-00948,2026-07-19,2026,2026-Q3,CUST-0027,Vault-Tec Security Hub,Enterprise Strategic,Cybersecurity,US-East,United States,Direct Field Sales,Cloud Infrastructure,SKU-INFRA-801,Enterprise Data Lakehouse Engine,24,13125.0,21.0,248850.0,54373.72,78.15,Quarterly Net 30,Pending Verification,David Lin
ORD-2024-00949,2024-06-23,2024,2024-Q2,CUST-0028,LexCorp Advanced Metals,Enterprise Strategic,Materials,EU-West,United Kingdom,Global Alliance Partner,Database Infrastructure,SKU-DB-880,QuantumDB Distributed Cluster,83,17325.0,18.0,1179139.5,195619.24,83.41,Quarterly Net 30,Completed,Marcus Vance
ORD-2024-00950,2025-10-13,2025,2025-Q4,CUST-0025,Black Mesa Research,Enterprise Strategic,Scientific R&D,APAC-ANZ,Australia,Strategic Reseller Partner,IoT & Edge Computing,SKU-IOT-330,Edge IoT Fleet Orchestrator,120,6460.0,11.0,689928.0,208013.29,69.85,Net 60,Completed,Vikram Patel
ORD-2024-00951,2025-08-13,2025,2025-Q3,CUST-0026,Shinra Electric Power,Enterprise Strategic,Energy & Utilities,LATAM,Brazil,Online B2B Portal,Cloud Infrastructure,SKU-INFRA-805,High-Speed API Gateway Gateway,25,5130.0,24.0,97470.0,23636.48,75.75,Annual Pre-Paid,Completed,Vikram Patel
ORD-2024-00952,2026-02-27,2026,2026-Q1,CUST-0010,Hooli Enterprise Cloud,Enterprise Strategic,Cloud Services,US-East,United States,Direct Field Sales,Cybersecurity Suite,SKU-SEC-410,Compliance & Audit Vault,53,7488.0,6.0,373052.16,82556.44,77.87,Net 90,In Fulfillment,Elena Rostova
ORD-2024-00953,2025-10-30,2025,2025-Q4,CUST-0015,Acme Aerospace Systems,Mid-Market,Manufacturing,EU-Central,Germany,Strategic Reseller Partner,Cloud Infrastructure,SKU-INFRA-805,High-Speed API Gateway Gateway,17,5670.0,11.0,85787.1,18856.0,78.02,Net 90,Completed,Kenji Sato
ORD-2024-00954,2024-03-25,2024,2024-Q1,CUST-0010,Hooli Enterprise Cloud,Enterprise Strategic,Cloud Services,APAC-South,Singapore,Direct Field Sales,Cybersecurity Suite,SKU-SEC-410,Compliance & Audit Vault,115,7128.0,7.0,762339.6,192338.28,74.77,Net 30,In Fulfillment,Kenji Sato
ORD-2024-00955,2024-09-25,2024,2024-Q3,CUST-0012,Massive Dynamic AI,Enterprise Strategic,Artificial Intelligence,US-West,United States,Direct Field Sales,AI Platform,SKU-AI-9050,Realtime Anomaly Detection,113,11760.0,12.0,1169414.4,220668.5,81.13,Annual Pre-Paid,Completed,Jessica Taylor
ORD-2024-00956,2024-03-16,2024,2024-Q1,CUST-0032,Zeus Renewable Power,Mid-Market,Clean Energy,APAC-South,Singapore,Direct Field Sales,Database Infrastructure,SKU-DB-880,QuantumDB Distributed Cluster,28,16005.0,6.0,421251.6,66262.88,84.27,Net 60,In Fulfillment,Kenji Sato
ORD-2024-00957,2024-01-11,2024,2024-Q1,CUST-0012,Massive Dynamic AI,Enterprise Strategic,Artificial Intelligence,APAC-South,Singapore,Direct Field Sales,AI Platform,SKU-AI-9001,Neural Fabric GenAI Platform,48,24800.0,25.0,892800.0,134723.52,84.91,Quarterly Net 30,Completed,Marcus Vance
ORD-2024-00958,2025-06-18,2025,2025-Q2,CUST-0017,Sterling Cooper Advertising,Mid-Market,Marketing & Media,MEA,United Arab Emirates,Direct Field Sales,Database Infrastructure,SKU-DB-880,QuantumDB Distributed Cluster,40,15180.0,0.0,607200.0,114821.52,81.09,Net 60,In Fulfillment,Hannah Schmidt
ORD-2024-00959,2025-01-08,2025,2025-Q1,CUST-0008,Umbrella Life Sciences,Enterprise Strategic,Pharma,MEA,United Arab Emirates,Strategic Reseller Partner,Cloud Infrastructure,SKU-INFRA-801,Enterprise Data Lakehouse Engine,46,11625.0,8.0,491970.0,100706.26,79.53,Net 60,Pending Verification,Kenji Sato
ORD-2024-00960,2025-05-08,2025,2025-Q2,CUST-0013,Oceanic Airlines Group,Enterprise Strategic,Aviation,US-West,United States,Online B2B Portal,Cloud Infrastructure,SKU-INFRA-805,High-Speed API Gateway Gateway,88,5616.0,11.0,439845.12,92499.43,78.97,Quarterly Net 30,Completed,Brian O'Connor
ORD-2024-00961,2024-07-16,2024,2024-Q3,CUST-0017,Sterling Cooper Advertising,Mid-Market,Marketing & Media,US-Central,United States,Strategic Reseller Partner,Enterprise ERP,SKU-ERP-101,Global ERP Enterprise Suite,27,36750.0,2.0,972405.0,304362.76,68.7,Net 60,In Fulfillment,Astrid Lindgren
ORD-2024-00962,2025-05-14,2025,2025-Q2,CUST-0028,LexCorp Advanced Metals,Enterprise Strategic,Materials,MEA,United Arab Emirates,Global Alliance Partner,IoT & Edge Computing,SKU-IOT-330,Edge IoT Fleet Orchestrator,81,7140.0,20.0,462672.0,125013.97,72.98,Quarterly Net 30,Completed,Jessica Taylor
ORD-2024-00963,2024-07-23,2024,2024-Q3,CUST-0023,Delos Experience Living,Enterprise Strategic,Hospitality,EU-West,France,Direct Field Sales,AI Platform,SKU-AI-9050,Realtime Anomaly Detection,26,11984.0,23.0,239919.68,47935.95,80.02,Annual Pre-Paid,Pending Verification,Rachel Green
ORD-2024-00964,2026-04-26,2026,2026-Q2,CUST-0034,Quantum Peak Labs,SMB Growth,Semiconductor,EU-West,France,Global Alliance Partner,Cloud Infrastructure,SKU-INFRA-801,Enterprise Data Lakehouse Engine,2,12125.0,1.0,24007.5,4722.28,80.33,Net 90,In Fulfillment,Sarah Chen
ORD-2024-00965,2024-08-08,2024,2024-Q3,CUST-0024,Aperture Quantum Lab,Mid-Market,Research & Quantum,EU-West,France,Strategic Reseller Partner,Developer Tools,SKU-DEV-701,DevSecOps Automation Mesh,9,4635.0,0.0,41715.0,5118.43,87.73,Net 60,Completed,Rachel Green
ORD-2024-00966,2026-03-25,2026,2026-Q1,CUST-0021,Weyland-Yutani Deep Space,Enterprise Strategic,Energy & Mining,MEA,United Arab Emirates,Strategic Reseller Partner,Cloud Infrastructure,SKU-INFRA-805,High-Speed API Gateway Gateway,13,5508.0,13.0,62295.48,12945.0,79.22,Net 30,Pending Verification,Astrid Lindgren
ORD-2024-00967,2025-09-14,2025,2025-Q3,CUST-0005,Wayne Enterprises Holdings,Enterprise Strategic,Finance & Industrial,APAC-East,Taiwan,Global Alliance Partner,IoT & Edge Computing,SKU-IOT-330,Edge IoT Fleet Orchestrator,45,6460.0,21.0,229653.0,72570.35,68.4,Annual Pre-Paid,Completed,Alex Mercer
ORD-2024-00968,2024-10-08,2024,2024-Q4,CUST-0027,Vault-Tec Security Hub,Enterprise Strategic,Cybersecurity,US-West,United States,Direct Field Sales,AI Platform,SKU-AI-9050,Realtime Anomaly Detection,26,11312.0,17.0,244112.96,49091.12,79.89,Net 30,Pending Verification,Alex Mercer
ORD-2024-00969,2025-10-21,2025,2025-Q4,CUST-0001,Cyberdyne Systems Corp,Enterprise Strategic,Technology & AI,MEA,United Arab Emirates,Global Alliance Partner,Enterprise ERP,SKU-ERP-101,Global ERP Enterprise Suite,21,34300.0,22.0,561834.0,161976.74,71.17,Quarterly Net 30,Completed,David Lin
ORD-2024-00970,2025-10-22,2025,2025-Q4,CUST-0002,Globex Corporation,Enterprise Strategic,Conglomerate,US-West,United States,Global Alliance Partner,AI Platform,SKU-AI-9001,Neural Fabric GenAI Platform,111,25792.0,21.0,2261700.48,402582.69,82.2,Net 90,Completed,Sarah Chen
ORD-2024-00971,2025-07-23,2025,2025-Q3,CUST-0021,Weyland-Yutani Deep Space,Enterprise Strategic,Energy & Mining,EU-Central,Switzerland,Direct Field Sales,IoT & Edge Computing,SKU-IOT-330,Edge IoT Fleet Orchestrator,43,6732.0,19.0,234475.56,59111.29,74.79,Net 30,Pending Verification,Rachel Green
ORD-2024-00972,2024-04-15,2024,2024-Q2,CUST-0002,Globex Corporation,Enterprise Strategic,Conglomerate,EU-West,United Kingdom,Direct Field Sales,Cloud Infrastructure,SKU-INFRA-801,Enterprise Data Lakehouse Engine,22,12125.0,7.0,248077.5,50855.89,79.5,Annual Pre-Paid,In Fulfillment,Marcus Vance
ORD-2024-00973,2024-03-31,2024,2024-Q1,CUST-0013,Oceanic Airlines Group,Enterprise Strategic,Aviation,APAC-ANZ,Australia,Online B2B Portal,Cloud Infrastructure,SKU-INFRA-805,High-Speed API Gateway Gateway,5,5724.0,24.0,21751.2,4985.38,77.08,Net 30,Completed,Alex Mercer
ORD-2024-00974,2024-11-07,2024,2024-Q4,CUST-0005,Wayne Enterprises Holdings,Enterprise Strategic,Finance & Industrial,EU-Central,Germany,Online B2B Portal,Cybersecurity Suite,SKU-SEC-410,Compliance & Audit Vault,106,6912.0,21.0,578810.88,165771.44,71.36,Net 60,Completed,Sarah Chen
ORD-2024-00975,2024-05-09,2024,2024-Q2,CUST-0021,Weyland-Yutani Deep Space,Enterprise Strategic,Energy & Mining,LATAM,Brazil,Strategic Reseller Partner,Cybersecurity Suite,SKU-SEC-410,Compliance & Audit Vault,118,7632.0,22.0,702449.28,174909.87,75.1,Net 30,In Fulfillment,Rachel Green
ORD-2024-00976,2025-05-04,2025,2025-Q2,CUST-0032,Zeus Renewable Power,Mid-Market,Clean Energy,EU-Central,Germany,Online B2B Portal,AI Platform,SKU-AI-9050,Realtime Anomaly Detection,16,11648.0,1.0,184504.32,30092.65,83.69,Net 90,In Fulfillment,Vikram Patel
ORD-2024-00977,2025-10-24,2025,2025-Q4,CUST-0014,Nakatomi Trading Corp,Mid-Market,Trading & Real Estate,APAC-ANZ,Australia,Direct Field Sales,AI Platform,SKU-AI-9001,Neural Fabric GenAI Platform,33,22816.0,1.0,745398.72,136184.35,81.73,Annual Pre-Paid,In Fulfillment,Chloe Dubois
ORD-2024-00978,2024-04-17,2024,2024-Q2,CUST-0022,Gekko Financial Partners,Enterprise Strategic,FinTech & Hedge Fund,EU-West,United Kingdom,Online B2B Portal,Enterprise ERP,SKU-ERP-101,Global ERP Enterprise Suite,95,32900.0,14.0,2687930.0,859062.43,68.04,Net 60,In Fulfillment,Brian O'Connor
ORD-2024-00979,2025-01-07,2025,2025-Q1,CUST-0025,Black Mesa Research,Enterprise Strategic,Scientific R&D,EU-Central,Switzerland,Strategic Reseller Partner,IoT & Edge Computing,SKU-IOT-330,Edge IoT Fleet Orchestrator,29,6732.0,6.0,183514.32,48649.65,73.49,Quarterly Net 30,Completed,Marcus Vance
ORD-2024-00980,2025-04-17,2025,2025-Q2,CUST-0007,Tyrell Synthetic Dynamics,Enterprise Strategic,Robotics,APAC-ANZ,Australia,Direct Field Sales,Database Infrastructure,SKU-DB-880,QuantumDB Distributed Cluster,7,15675.0,23.0,84488.25,19237.97,77.23,Quarterly Net 30,Completed,David Lin
ORD-2024-00981,2024-09-28,2024,2024-Q3,CUST-0008,Umbrella Life Sciences,Enterprise Strategic,Pharma,MEA,United Arab Emirates,Direct Field Sales,Developer Tools,SKU-DEV-701,DevSecOps Automation Mesh,60,4410.0,9.0,240786.0,35034.36,85.45,Net 90,Completed,Chloe Dubois
ORD-2024-00982,2024-10-06,2024,2024-Q4,CUST-0024,Aperture Quantum Lab,Mid-Market,Research & Quantum,US-West,United States,Direct Field Sales,IoT & Edge Computing,SKU-IOT-330,Edge IoT Fleet Orchestrator,29,6460.0,3.0,181719.8,55588.09,69.41,Net 90,Completed,Michael Chang
ORD-2024-00983,2025-03-19,2025,2025-Q1,CUST-0007,Tyrell Synthetic Dynamics,Enterprise Strategic,Robotics,APAC-South,Singapore,Direct Field Sales,Database Infrastructure,SKU-DB-880,QuantumDB Distributed Cluster,19,15345.0,9.0,265315.05,60253.05,77.29,Net 90,In Fulfillment,Sarah Chen
ORD-2024-00984,2025-06-28,2025,2025-Q2,CUST-0007,Tyrell Synthetic Dynamics,Enterprise Strategic,Robotics,EU-Central,Germany,Strategic Reseller Partner,Cybersecurity Suite,SKU-SEC-410,Compliance & Audit Vault,94,7056.0,19.0,537243.84,156821.48,70.81,Net 90,Completed,Elena Rostova
ORD-2024-00985,2024-06-24,2024,2024-Q2,CUST-0014,Nakatomi Trading Corp,Mid-Market,Trading & Real Estate,EU-West,France,Online B2B Portal,Cybersecurity Suite,SKU-SEC-410,Compliance & Audit Vault,20,6768.0,11.0,120470.4,31286.16,74.03,Quarterly Net 30,Completed,Astrid Lindgren
ORD-2024-00986,2024-11-08,2024,2024-Q4,CUST-0016,Dunder Mifflin Paper & Tech,SMB Growth,Retail & Supplies,US-Central,United States,Online B2B Portal,AI Platform,SKU-AI-9001,Neural Fabric GenAI Platform,3,26288.0,1.0,78075.36,14732.82,81.13,Net 30,Completed,Jessica Taylor
ORD-2024-00987,2024-12-08,2024,2024-Q4,CUST-0002,Globex Corporation,Enterprise Strategic,Conglomerate,US-Central,United States,Online B2B Portal,AI Platform,SKU-AI-9001,Neural Fabric GenAI Platform,26,26288.0,19.0,553625.28,84427.86,84.75,Annual Pre-Paid,Completed,Chloe Dubois
ORD-2024-00988,2026-06-13,2026,2026-Q2,CUST-0016,Dunder Mifflin Paper & Tech,SMB Growth,Retail & Supplies,EU-Central,Switzerland,Direct Field Sales,Cloud Infrastructure,SKU-INFRA-801,Enterprise Data Lakehouse Engine,14,12875.0,0.0,180250.0,42665.18,76.33,Net 60,In Fulfillment,Gabriel Santos
ORD-2024-00989,2024-05-30,2024,2024-Q2,CUST-0007,Tyrell Synthetic Dynamics,Enterprise Strategic,Robotics,US-West,United States,Online B2B Portal,Developer Tools,SKU-DEV-701,DevSecOps Automation Mesh,62,4410.0,15.0,232407.0,31677.07,86.37,Annual Pre-Paid,Pending Verification,David Lin
ORD-2024-00990,2025-04-14,2025,2025-Q2,CUST-0001,Cyberdyne Systems Corp,Enterprise Strategic,Technology & AI,LATAM,Brazil,Online B2B Portal,Enterprise ERP,SKU-ERP-101,Global ERP Enterprise Suite,95,35000.0,12.0,2926000.0,897989.4,69.31,Quarterly Net 30,Completed,Sarah Chen
ORD-2024-00991,2024-10-03,2024,2024-Q4,CUST-0034,Quantum Peak Labs,SMB Growth,Semiconductor,APAC-ANZ,Australia,Direct Field Sales,Cybersecurity Suite,SKU-SEC-402,Zero-Trust Security Perimeter,7,9167.0,7.0,59677.17,16632.03,72.13,Annual Pre-Paid,Completed,Elena Rostova
ORD-2024-00992,2025-08-14,2025,2025-Q3,CUST-0028,LexCorp Advanced Metals,Enterprise Strategic,Materials,EU-West,France,Strategic Reseller Partner,AI Platform,SKU-AI-9001,Neural Fabric GenAI Platform,29,24304.0,23.0,542708.32,103874.37,80.86,Net 90,Completed,Brian O'Connor
ORD-2024-00993,2025-06-23,2025,2025-Q2,CUST-0012,Massive Dynamic AI,Enterprise Strategic,Artificial Intelligence,EU-Central,Germany,Online B2B Portal,Developer Tools,SKU-DEV-701,DevSecOps Automation Mesh,55,4815.0,17.0,219804.75,34707.17,84.21,Net 60,Completed,Rachel Green
ORD-2024-00994,2025-06-16,2025,2025-Q2,CUST-0022,Gekko Financial Partners,Enterprise Strategic,FinTech & Hedge Fund,LATAM,Brazil,Direct Field Sales,IoT & Edge Computing,SKU-IOT-330,Edge IoT Fleet Orchestrator,106,7276.0,14.0,663280.16,170197.69,74.34,Net 90,Completed,Alex Mercer
ORD-2024-00995,2025-05-25,2025,2025-Q2,CUST-0010,Hooli Enterprise Cloud,Enterprise Strategic,Cloud Services,EU-Central,Switzerland,Strategic Reseller Partner,Cloud Infrastructure,SKU-INFRA-805,High-Speed API Gateway Gateway,42,5562.0,17.0,193891.32,43761.27,77.43,Net 90,Completed,Gabriel Santos
ORD-2024-00996,2024-10-28,2024,2024-Q4,CUST-0001,Cyberdyne Systems Corp,Enterprise Strategic,Technology & AI,EU-Central,Switzerland,Direct Field Sales,Database Infrastructure,SKU-DB-880,QuantumDB Distributed Cluster,41,15510.0,22.0,496009.8,94688.27,80.91,Net 30,Completed,David Lin
ORD-2024-00997,2025-11-07,2025,2025-Q4,CUST-0001,Cyberdyne Systems Corp,Enterprise Strategic,Technology & AI,US-East,United States,Online B2B Portal,Cybersecurity Suite,SKU-SEC-402,Zero-Trust Security Perimeter,49,9345.0,23.0,352586.85,88076.2,75.02,Quarterly Net 30,In Fulfillment,Sarah Chen
ORD-2024-00998,2025-12-31,2025,2025-Q4,CUST-0018,Virtucon Industries,Enterprise Strategic,Industrial Equipment,US-Central,United States,Strategic Reseller Partner,IoT & Edge Computing,SKU-IOT-330,Edge IoT Fleet Orchestrator,79,6596.0,23.0,401234.68,127351.89,68.26,Net 90,In Fulfillment,Gabriel Santos
ORD-2024-00999,2025-11-25,2025,2025-Q4,CUST-0025,Black Mesa Research,Enterprise Strategic,Scientific R&D,EU-North,Netherlands,Global Alliance Partner,AI Platform,SKU-AI-9001,Neural Fabric GenAI Platform,119,24056.0,10.0,2576397.6,451127.22,82.49,Quarterly Net 30,Completed,Vikram Patel
ORD-2025-01000,2026-06-15,2026,2026-Q2,CUST-0021,Weyland-Yutani Deep Space,Enterprise Strategic,Energy & Mining,APAC-East,South Korea,Strategic Reseller Partner,Database Infrastructure,SKU-DB-880,QuantumDB Distributed Cluster,37,16665.0,8.0,567276.6,116802.25,79.41,Net 30,Pending Verification,Rachel Green
ORD-2025-01001,2026-08-07,2026,2026-Q3,CUST-0030,Sartre Software SAS,SMB Growth,Dev Tools,APAC-East,Japan,Strategic Reseller Partner,IoT & Edge Computing,SKU-IOT-330,Edge IoT Fleet Orchestrator,13,6732.0,7.0,81389.88,25141.33,69.11,Annual Pre-Paid,Pending Verification,Michael Chang
ORD-2025-01002,2025-12-02,2025,2025-Q4,CUST-0023,Delos Experience Living,Enterprise Strategic,Hospitality,EU-Central,Switzerland,Online B2B Portal,IoT & Edge Computing,SKU-IOT-330,Edge IoT Fleet Orchestrator,64,6732.0,13.0,374837.76,119123.44,68.22,Quarterly Net 30,Completed,Gabriel Santos
ORD-2025-01003,2025-03-07,2025,2025-Q1,CUST-0006,Soylent BioTech Global,Mid-Market,BioTech,APAC-East,South Korea,Strategic Reseller Partner,Cybersecurity Suite,SKU-SEC-410,Compliance & Audit Vault,21,7272.0,12.0,134386.56,36311.25,72.98,Quarterly Net 30,Pending Verification,Alex Mercer
ORD-2025-01004,2026-02-12,2026,2026-Q1,CUST-0026,Shinra Electric Power,Enterprise Strategic,Energy & Utilities,US-Central,United States,Global Alliance Partner,Cloud Infrastructure,SKU-INFRA-801,Enterprise Data Lakehouse Engine,64,13250.0,21.0,669920.0,149526.14,77.68,Net 30,Completed,Alex Mercer
ORD-2025-01005,2024-10-03,2024,2024-Q4,CUST-0007,Tyrell Synthetic Dynamics,Enterprise Strategic,Robotics,EU-West,France,Direct Field Sales,Enterprise ERP,SKU-ERP-101,Global ERP Enterprise Suite,77,33950.0,15.0,2222027.5,789041.97,64.49,Quarterly Net 30,Completed,Astrid Lindgren
ORD-2025-01006,2024-07-28,2024,2024-Q3,CUST-0034,Quantum Peak Labs,SMB Growth,Semiconductor,US-Central,United States,Global Alliance Partner,Cybersecurity Suite,SKU-SEC-402,Zero-Trust Security Perimeter,4,9078.0,7.0,33770.16,9374.6,72.24,Net 90,Completed,Gabriel Santos
ORD-2025-01007,2025-05-11,2025,2025-Q2,CUST-0013,Oceanic Airlines Group,Enterprise Strategic,Aviation,US-West,United States,Direct Field Sales,Cloud Infrastructure,SKU-INFRA-801,Enterprise Data Lakehouse Engine,24,11750.0,17.0,234060.0,59053.34,74.77,Net 60,Completed,Chloe Dubois
ORD-2025-01008,2024-01-26,2024,2024-Q1,CUST-0033,Apex FinTech Global,Enterprise Strategic,Banking,EU-Central,Switzerland,Global Alliance Partner,Cloud Infrastructure,SKU-INFRA-801,Enterprise Data Lakehouse Engine,20,12500.0,11.0,222500.0,54579.25,75.47,Net 60,Pending Verification,Hannah Schmidt
ORD-2025-01009,2025-09-19,2025,2025-Q3,CUST-0029,Omni Consumer Products,Enterprise Strategic,Consumer Tech,LATAM,Brazil,Direct Field Sales,IoT & Edge Computing,SKU-IOT-330,Edge IoT Fleet Orchestrator,23,6460.0,18.0,121835.6,31007.16,74.55,Net 60,In Fulfillment,Michael Chang
ORD-2025-01010,2026-01-29,2026,2026-Q1,CUST-0035,Hyperion Data Mesh,Mid-Market,Data Infrastructure,EU-West,United Kingdom,Global Alliance Partner,AI Platform,SKU-AI-9050,Realtime Anomaly Detection,20,10528.0,4.0,202137.6,34949.59,82.71,Net 90,Pending Verification,Jessica Taylor
ORD-2025-01011,2025-01-30,2025,2025-Q1,CUST-0007,Tyrell Synthetic Dynamics,Enterprise Strategic,Robotics,EU-Central,Switzerland,Global Alliance Partner,IoT & Edge Computing,SKU-IOT-330,Edge IoT Fleet Orchestrator,23,6732.0,6.0,145545.84,40010.55,72.51,Net 30,Pending Verification,Alex Mercer
ORD-2025-01012,2025-10-22,2025,2025-Q4,CUST-0029,Omni Consumer Products,Enterprise Strategic,Consumer Tech,US-East,United States,Online B2B Portal,Cybersecurity Suite,SKU-SEC-402,Zero-Trust Security Perimeter,64,8811.0,23.0,434206.08,125615.82,71.07,Net 60,Pending Verification,Michael Chang
ORD-2025-01013,2026-05-26,2026,2026-Q2,CUST-0033,Apex FinTech Global,Enterprise Strategic,Banking,EU-West,United Kingdom,Online B2B Portal,Cloud Infrastructure,SKU-INFRA-805,High-Speed API Gateway Gateway,54,5130.0,15.0,235467.0,56017.6,76.21,Quarterly Net 30,Pending Verification,Chloe Dubois
ORD-2025-01014,2026-01-02,2026,2026-Q1,CUST-0009,Wonka Global Logistics,Mid-Market,Supply Chain,EU-Central,Germany,Online B2B Portal,IoT & Edge Computing,SKU-IOT-330,Edge IoT Fleet Orchestrator,6,6936.0,14.0,35789.76,10375.45,71.01,Annual Pre-Paid,In Fulfillment,Rachel Green
ORD-2025-01015,2025-12-26,2025,2025-Q4,CUST-0033,Apex FinTech Global,Enterprise Strategic,Banking,APAC-East,South Korea,Online B2B Portal,Cybersecurity Suite,SKU-SEC-402,Zero-Trust Security Perimeter,94,9523.0,11.0,796694.18,208893.21,73.78,Quarterly Net 30,Completed,Sarah Chen
ORD-2025-01016,2024-02-16,2024,2024-Q1,CUST-0002,Globex Corporation,Enterprise Strategic,Conglomerate,LATAM,Brazil,Strategic Reseller Partner,Database Infrastructure,SKU-DB-880,QuantumDB Distributed Cluster,17,16500.0,18.0,230010.0,40412.76,82.43,Net 90,In Fulfillment,Gabriel Santos
ORD-2025-01017,2026-04-07,2026,2026-Q2,CUST-0016,Dunder Mifflin Paper & Tech,SMB Growth,Retail & Supplies,US-West,United States,Strategic Reseller Partner,IoT & Edge Computing,SKU-IOT-330,Edge IoT Fleet Orchestrator,13,7276.0,8.0,87020.96,27411.6,68.5,Net 90,Completed,Alex Mercer
ORD-2025-01018,2026-05-17,2026,2026-Q2,CUST-0005,Wayne Enterprises Holdings,Enterprise Strategic,Finance & Industrial,EU-Central,Switzerland,Online B2B Portal,Cybersecurity Suite,SKU-SEC-410,Compliance & Audit Vault,85,7704.0,22.0,510775.2,140105.64,72.57,Annual Pre-Paid,Completed,Marcus Vance
ORD-2025-01019,2025-10-14,2025,2025-Q4,CUST-0013,Oceanic Airlines Group,Enterprise Strategic,Aviation,EU-West,United Kingdom,Online B2B Portal,AI Platform,SKU-AI-9050,Realtime Anomaly Detection,61,10752.0,19.0,531256.32,85319.76,83.94,Annual Pre-Paid,In Fulfillment,Sarah Chen
ORD-2025-01020,2025-08-19,2025,2025-Q3,CUST-0002,Globex Corporation,Enterprise Strategic,Conglomerate,APAC-South,Singapore,Direct Field Sales,Database Infrastructure,SKU-DB-880,QuantumDB Distributed Cluster,9,17490.0,21.0,124353.9,25020.0,79.88,Annual Pre-Paid,Completed,David Lin
ORD-2025-01021,2024-07-08,2024,2024-Q3,CUST-0034,Quantum Peak Labs,SMB Growth,Semiconductor,EU-Central,Switzerland,Strategic Reseller Partner,Database Infrastructure,SKU-DB-880,QuantumDB Distributed Cluster,10,16500.0,7.0,153450.0,30920.18,79.85,Quarterly Net 30,In Fulfillment,Gabriel Santos
ORD-2025-01022,2024-03-09,2024,2024-Q1,CUST-0029,Omni Consumer Products,Enterprise Strategic,Consumer Tech,EU-North,Netherlands,Global Alliance Partner,AI Platform,SKU-AI-9001,Neural Fabric GenAI Platform,77,26040.0,7.0,1864724.4,328377.97,82.39,Net 30,Completed,Elena Rostova
ORD-2025-01023,2024-02-22,2024,2024-Q1,CUST-0035,Hyperion Data Mesh,Mid-Market,Data Infrastructure,EU-West,France,Direct Field Sales,Database Infrastructure,SKU-DB-880,QuantumDB Distributed Cluster,20,15840.0,14.0,272448.0,47324.22,82.63,Net 30,In Fulfillment,Kenji Sato
ORD-2025-01024,2024-03-17,2024,2024-Q1,CUST-0035,Hyperion Data Mesh,Mid-Market,Data Infrastructure,APAC-East,Taiwan,Strategic Reseller Partner,Cloud Infrastructure,SKU-INFRA-805,High-Speed API Gateway Gateway,34,5508.0,5.0,177908.4,36702.5,79.37,Net 30,Completed,Brian O'Connor
ORD-2025-01025,2026-07-28,2026,2026-Q3,CUST-0017,Sterling Cooper Advertising,Mid-Market,Marketing & Media,APAC-South,Singapore,Direct Field Sales,Cloud Infrastructure,SKU-INFRA-801,Enterprise Data Lakehouse Engine,23,11875.0,6.0,256737.5,48523.39,81.1,Net 30,In Fulfillment,Elena Rostova
ORD-2025-01026,2025-07-14,2025,2025-Q3,CUST-0022,Gekko Financial Partners,Enterprise Strategic,FinTech & Hedge Fund,MEA,United Arab Emirates,Direct Field Sales,Database Infrastructure,SKU-DB-880,QuantumDB Distributed Cluster,68,17655.0,6.0,1128507.6,177965.65,84.23,Net 30,Pending Verification,Sarah Chen
ORD-2025-01027,2025-03-02,2025,2025-Q1,CUST-0006,Soylent BioTech Global,Mid-Market,BioTech,MEA,United Arab Emirates,Global Alliance Partner,Cybersecurity Suite,SKU-SEC-402,Zero-Trust Security Perimeter,19,8366.0,11.0,141469.06,35409.71,74.97,Net 60,Pending Verification,Jessica Taylor
ORD-2025-01028,2025-05-04,2025,2025-Q2,CUST-0020,Oscorp Pharmaceutical,Enterprise Strategic,Life Sciences,APAC-East,South Korea,Strategic Reseller Partner,Cloud Infrastructure,SKU-INFRA-801,Enterprise Data Lakehouse Engine,12,13125.0,6.0,148050.0,36168.62,75.57,Quarterly Net 30,Completed,Vikram Patel
ORD-2025-01029,2025-12-01,2025,2025-Q4,CUST-0002,Globex Corporation,Enterprise Strategic,Conglomerate,APAC-East,Japan,Global Alliance Partner,Cloud Infrastructure,SKU-INFRA-801,Enterprise Data Lakehouse Engine,54,12875.0,20.0,556200.0,125478.72,77.44,Annual Pre-Paid,In Fulfillment,Sarah Chen
ORD-2025-01030,2025-03-24,2025,2025-Q1,CUST-0008,Umbrella Life Sciences,Enterprise Strategic,Pharma,MEA,United Arab Emirates,Online B2B Portal,Developer Tools,SKU-DEV-701,DevSecOps Automation Mesh,29,4815.0,12.0,122878.8,19771.2,83.91,Net 30,Completed,Elena Rostova
ORD-2025-01031,2025-02-26,2025,2025-Q1,CUST-0035,Hyperion Data Mesh,Mid-Market,Data Infrastructure,APAC-East,Taiwan,Direct Field Sales,Cloud Infrastructure,SKU-INFRA-801,Enterprise Data Lakehouse Engine,17,11625.0,12.0,173910.0,43460.11,75.01,Net 60,Pending Verification,Alex Mercer
ORD-2025-01032,2024-11-17,2024,2024-Q4,CUST-0023,Delos Experience Living,Enterprise Strategic,Hospitality,APAC-East,Taiwan,Strategic Reseller Partner,Enterprise ERP,SKU-ERP-101,Global ERP Enterprise Suite,21,35000.0,17.0,610050.0,213639.51,64.98,Net 30,Completed,Kenji Sato
ORD-2025-01033,2025-07-10,2025,2025-Q3,CUST-0014,Nakatomi Trading Corp,Mid-Market,Trading & Real Estate,EU-Central,Switzerland,Online B2B Portal,Database Infrastructure,SKU-DB-880,QuantumDB Distributed Cluster,30,17655.0,11.0,471388.5,79004.71,83.24,Net 90,In Fulfillment,Michael Chang
ORD-2025-01034,2026-07-03,2026,2026-Q3,CUST-0018,Virtucon Industries,Enterprise Strategic,Industrial Equipment,EU-West,France,Direct Field Sales,Cloud Infrastructure,SKU-INFRA-801,Enterprise Data Lakehouse Engine,49,12875.0,23.0,485773.75,102158.22,78.97,Net 90,Completed,Elena Rostova
ORD-2025-01035,2026-07-22,2026,2026-Q3,CUST-0009,Wonka Global Logistics,Mid-Market,Supply Chain,LATAM,Brazil,Strategic Reseller Partner,Enterprise ERP,SKU-ERP-101,Global ERP Enterprise Suite,37,34300.0,3.0,1231027.0,362783.66,70.53,Net 60,Completed,Elena Rostova
ORD-2025-01036,2025-12-16,2025,2025-Q4,CUST-0029,Omni Consumer Products,Enterprise Strategic,Consumer Tech,APAC-South,Singapore,Global Alliance Partner,AI Platform,SKU-AI-9001,Neural Fabric GenAI Platform,7,23064.0,15.0,137230.8,24399.64,82.22,Annual Pre-Paid,Pending Verification,Hannah Schmidt
ORD-2025-01037,2024-03-27,2024,2024-Q1,CUST-0004,Stark Aerospace & Defense,Enterprise Strategic,Aerospace,EU-Central,Germany,Global Alliance Partner,AI Platform,SKU-AI-9050,Realtime Anomaly Detection,7,10976.0,22.0,59928.96,12968.63,78.36,Net 60,Completed,Marcus Vance
ORD-2025-01038,2025-11-06,2025,2025-Q4,CUST-0028,LexCorp Advanced Metals,Enterprise Strategic,Materials,APAC-East,Japan,Direct Field Sales,Enterprise ERP,SKU-ERP-101,Global ERP Enterprise Suite,9,34300.0,16.0,259308.0,92806.33,64.21,Quarterly Net 30,Pending Verification,Brian O'Connor
ORD-2025-01039,2026-04-28,2026,2026-Q2,CUST-0017,Sterling Cooper Advertising,Mid-Market,Marketing & Media,APAC-East,South Korea,Strategic Reseller Partner,Cloud Infrastructure,SKU-INFRA-801,Enterprise Data Lakehouse Engine,23,12750.0,11.0,260992.5,49771.27,80.93,Net 30,Completed,Michael Chang
ORD-2025-01040,2025-02-01,2025,2025-Q1,CUST-0019,Buy N Large Retail Mega,Enterprise Strategic,E-Commerce,LATAM,Brazil,Global Alliance Partner,IoT & Edge Computing,SKU-IOT-330,Edge IoT Fleet Orchestrator,78,7072.0,19.0,446808.96,133685.24,70.08,Annual Pre-Paid,Completed,Astrid Lindgren
ORD-2025-01041,2026-08-04,2026,2026-Q3,CUST-0016,Dunder Mifflin Paper & Tech,SMB Growth,Retail & Supplies,US-Central,United States,Direct Field Sales,Enterprise ERP,SKU-ERP-101,Global ERP Enterprise Suite,13,33600.0,5.0,414960.0,116230.3,71.99,Quarterly Net 30,Pending Verification,David Lin
ORD-2025-01042,2025-08-07,2025,2025-Q3,CUST-0026,Shinra Electric Power,Enterprise Strategic,Energy & Utilities,US-East,United States,Online B2B Portal,Developer Tools,SKU-DEV-701,DevSecOps Automation Mesh,39,4725.0,18.0,151105.5,17407.35,88.48,Quarterly Net 30,Completed,Sarah Chen
ORD-2025-01043,2024-11-10,2024,2024-Q4,CUST-0021,Weyland-Yutani Deep Space,Enterprise Strategic,Energy & Mining,LATAM,Brazil,Online B2B Portal,Cybersecurity Suite,SKU-SEC-402,Zero-Trust Security Perimeter,61,8811.0,14.0,462225.06,116804.27,74.73,Net 90,Completed,Vikram Patel
ORD-2025-01044,2026-05-14,2026,2026-Q2,CUST-0014,Nakatomi Trading Corp,Mid-Market,Trading & Real Estate,EU-North,Netherlands,Direct Field Sales,Cybersecurity Suite,SKU-SEC-410,Compliance & Audit Vault,7,7344.0,4.0,49351.68,13566.78,72.51,Net 30,Completed,Marcus Vance
ORD-2025-01045,2024-09-21,2024,2024-Q3,CUST-0018,Virtucon Industries,Enterprise Strategic,Industrial Equipment,EU-Central,Germany,Global Alliance Partner,Cybersecurity Suite,SKU-SEC-402,Zero-Trust Security Perimeter,34,8366.0,18.0,233244.08,56118.53,75.94,Net 30,In Fulfillment,Sarah Chen
ORD-2025-01046,2025-11-01,2025,2025-Q4,CUST-0003,Initech Cloud Solutions,Mid-Market,Software,US-Central,United States,Global Alliance Partner,Cybersecurity Suite,SKU-SEC-410,Compliance & Audit Vault,22,7416.0,1.0,161520.48,47664.69,70.49,Net 90,Pending Verification,Alex Mercer
ORD-2025-01047,2025-11-25,2025,2025-Q4,CUST-0023,Delos Experience Living,Enterprise Strategic,Hospitality,APAC-East,Japan,Direct Field Sales,Cybersecurity Suite,SKU-SEC-410,Compliance & Audit Vault,35,6696.0,12.0,206236.8,54549.63,73.55,Quarterly Net 30,Completed,Elena Rostova
ORD-2025-01048,2024-07-27,2024,2024-Q3,CUST-0021,Weyland-Yutani Deep Space,Enterprise Strategic,Energy & Mining,APAC-East,Taiwan,Online B2B Portal,IoT & Edge Computing,SKU-IOT-330,Edge IoT Fleet Orchestrator,14,7208.0,18.0,82747.84,25535.98,69.14,Net 90,Pending Verification,David Lin
ORD-2025-01049,2025-02-21,2025,2025-Q1,CUST-0024,Aperture Quantum Lab,Mid-Market,Research & Quantum,EU-Central,Switzerland,Online B2B Portal,Cybersecurity Suite,SKU-SEC-410,Compliance & Audit Vault,3,6696.0,2.0,19686.24,4441.22,77.44,Quarterly Net 30,Completed,Sarah Chen
ORD-2025-01050,2025-09-15,2025,2025-Q3,CUST-0014,Nakatomi Trading Corp,Mid-Market,Trading & Real Estate,APAC-East,South Korea,Online B2B Portal,Cloud Infrastructure,SKU-INFRA-805,High-Speed API Gateway Gateway,34,5562.0,12.0,166415.04,29089.35,82.52,Annual Pre-Paid,Completed,Vikram Patel
ORD-2025-01051,2026-01-13,2026,2026-Q1,CUST-0010,Hooli Enterprise Cloud,Enterprise Strategic,Cloud Services,EU-North,Netherlands,Direct Field Sales,AI Platform,SKU-AI-9001,Neural Fabric GenAI Platform,33,26784.0,16.0,742452.48,111070.89,85.04,Annual Pre-Paid,Completed,Hannah Schmidt
ORD-2025-01052,2026-06-18,2026,2026-Q2,CUST-0034,Quantum Peak Labs,SMB Growth,Semiconductor,APAC-East,South Korea,Direct Field Sales,Cybersecurity Suite,SKU-SEC-410,Compliance & Audit Vault,8,7200.0,5.0,54720.0,15026.11,72.54,Net 60,Pending Verification,Brian O'Connor
ORD-2025-01053,2024-09-06,2024,2024-Q3,CUST-0022,Gekko Financial Partners,Enterprise Strategic,FinTech & Hedge Fund,EU-West,United Kingdom,Online B2B Portal,Database Infrastructure,SKU-DB-880,QuantumDB Distributed Cluster,63,17820.0,11.0,999167.4,174454.63,82.54,Annual Pre-Paid,Completed,David Lin
ORD-2025-01054,2024-03-22,2024,2024-Q1,CUST-0023,Delos Experience Living,Enterprise Strategic,Hospitality,APAC-East,Japan,Direct Field Sales,Developer Tools,SKU-DEV-701,DevSecOps Automation Mesh,88,4320.0,15.0,323136.0,37839.23,88.29,Net 60,In Fulfillment,Brian O'Connor
ORD-2025-01055,2025-07-04,2025,2025-Q3,CUST-0016,Dunder Mifflin Paper & Tech,SMB Growth,Retail & Supplies,APAC-East,South Korea,Global Alliance Partner,Cybersecurity Suite,SKU-SEC-410,Compliance & Audit Vault,11,6912.0,1.0,75271.68,20850.26,72.3,Net 90,Completed,Sarah Chen
ORD-2025-01056,2025-02-22,2025,2025-Q1,CUST-0027,Vault-Tec Security Hub,Enterprise Strategic,Cybersecurity,APAC-East,Japan,Strategic Reseller Partner,Cybersecurity Suite,SKU-SEC-410,Compliance & Audit Vault,68,7488.0,18.0,417530.88,95197.04,77.2,Annual Pre-Paid,Completed,Marcus Vance
ORD-2025-01057,2024-05-03,2024,2024-Q2,CUST-0027,Vault-Tec Security Hub,Enterprise Strategic,Cybersecurity,EU-Central,Germany,Global Alliance Partner,AI Platform,SKU-AI-9001,Neural Fabric GenAI Platform,21,26040.0,22.0,426535.2,84496.62,80.19,Net 60,Completed,Marcus Vance
ORD-2025-01058,2025-06-11,2025,2025-Q2,CUST-0034,Quantum Peak Labs,SMB Growth,Semiconductor,MEA,United Arab Emirates,Global Alliance Partner,IoT & Edge Computing,SKU-IOT-330,Edge IoT Fleet Orchestrator,6,7004.0,1.0,41603.76,12510.25,69.93,Net 90,Completed,David Lin
ORD-2025-01059,2026-07-07,2026,2026-Q3,CUST-0022,Gekko Financial Partners,Enterprise Strategic,FinTech & Hedge Fund,APAC-East,Taiwan,Direct Field Sales,Cloud Infrastructure,SKU-INFRA-801,Enterprise Data Lakehouse Engine,14,12250.0,20.0,137200.0,30746.52,77.59,Annual Pre-Paid,Completed,Astrid Lindgren
ORD-2025-01060,2026-05-04,2026,2026-Q2,CUST-0028,LexCorp Advanced Metals,Enterprise Strategic,Materials,EU-Central,Germany,Global Alliance Partner,Cybersecurity Suite,SKU-SEC-402,Zero-Trust Security Perimeter,98,9256.0,9.0,825450.08,178875.03,78.33,Quarterly Net 30,Completed,Marcus Vance
ORD-2025-01061,2026-07-06,2026,2026-Q3,CUST-0001,Cyberdyne Systems Corp,Enterprise Strategic,Technology & AI,APAC-East,Taiwan,Online B2B Portal,AI Platform,SKU-AI-9050,Realtime Anomaly Detection,53,10640.0,11.0,501888.8,81406.36,83.78,Net 90,Completed,Elena Rostova
ORD-2025-01062,2024-10-31,2024,2024-Q4,CUST-0032,Zeus Renewable Power,Mid-Market,Clean Energy,EU-West,France,Direct Field Sales,Cybersecurity Suite,SKU-SEC-410,Compliance & Audit Vault,35,7272.0,13.0,221432.4,51483.03,76.75,Annual Pre-Paid,Pending Verification,David Lin
ORD-2025-01063,2025-01-28,2025,2025-Q1,CUST-0021,Weyland-Yutani Deep Space,Enterprise Strategic,Energy & Mining,APAC-East,South Korea,Strategic Reseller Partner,Cybersecurity Suite,SKU-SEC-402,Zero-Trust Security Perimeter,10,9256.0,21.0,73122.4,15421.51,78.91,Net 60,Completed,Michael Chang
ORD-2025-01064,2024-10-11,2024,2024-Q4,CUST-0021,Weyland-Yutani Deep Space,Enterprise Strategic,Energy & Mining,US-West,United States,Online B2B Portal,Enterprise ERP,SKU-ERP-101,Global ERP Enterprise Suite,26,33600.0,7.0,812448.0,263964.36,67.51,Net 60,Pending Verification,Brian O'Connor
ORD-2025-01065,2024-09-22,2024,2024-Q3,CUST-0007,Tyrell Synthetic Dynamics,Enterprise Strategic,Robotics,MEA,United Arab Emirates,Strategic Reseller Partner,Enterprise ERP,SKU-ERP-101,Global ERP Enterprise Suite,23,35350.0,7.0,756136.5,241434.38,68.07,Net 60,Completed,Rachel Green
ORD-2025-01066,2026-07-13,2026,2026-Q3,CUST-0003,Initech Cloud Solutions,Mid-Market,Software,MEA,United Arab Emirates,Strategic Reseller Partner,Cloud Infrastructure,SKU-INFRA-801,Enterprise Data Lakehouse Engine,33,11500.0,12.0,333960.0,81386.05,75.63,Quarterly Net 30,Completed,Astrid Lindgren
ORD-2025-01067,2025-03-31,2025,2025-Q1,CUST-0034,Quantum Peak Labs,SMB Growth,Semiconductor,US-Central,United States,Global Alliance Partner,Enterprise ERP,SKU-ERP-101,Global ERP Enterprise Suite,15,36050.0,1.0,535342.5,156534.15,70.76,Annual Pre-Paid,Completed,Chloe Dubois
ORD-2025-01068,2024-09-26,2024,2024-Q3,CUST-0006,Soylent BioTech Global,Mid-Market,BioTech,LATAM,Brazil,Strategic Reseller Partner,Enterprise ERP,SKU-ERP-101,Global ERP Enterprise Suite,9,36750.0,15.0,281137.5,84481.82,69.95,Net 60,Completed,David Lin
ORD-2025-01069,2024-06-09,2024,2024-Q2,CUST-0033,Apex FinTech Global,Enterprise Strategic,Banking,EU-West,France,Online B2B Portal,AI Platform,SKU-AI-9050,Realtime Anomaly Detection,85,11536.0,20.0,784448.0,167950.32,78.59,Net 90,Completed,Jessica Taylor
ORD-2025-01070,2024-04-12,2024,2024-Q2,CUST-0034,Quantum Peak Labs,SMB Growth,Semiconductor,EU-West,France,Strategic Reseller Partner,Cloud Infrastructure,SKU-INFRA-805,High-Speed API Gateway Gateway,11,5508.0,7.0,56346.84,9809.98,82.59,Net 30,In Fulfillment,Marcus Vance
ORD-2025-01071,2025-08-23,2025,2025-Q3,CUST-0025,Black Mesa Research,Enterprise Strategic,Scientific R&D,LATAM,Brazil,Strategic Reseller Partner,Database Infrastructure,SKU-DB-880,QuantumDB Distributed Cluster,38,16500.0,14.0,539220.0,115932.3,78.5,Annual Pre-Paid,Pending Verification,Marcus Vance
ORD-2025-01072,2024-07-22,2024,2024-Q3,CUST-0006,Soylent BioTech Global,Mid-Market,BioTech,APAC-East,Japan,Strategic Reseller Partner,Cloud Infrastructure,SKU-INFRA-801,Enterprise Data Lakehouse Engine,29,12625.0,1.0,362463.75,88187.43,75.67,Net 60,Completed,Jessica Taylor
ORD-2025-01073,2025-12-05,2025,2025-Q4,CUST-0017,Sterling Cooper Advertising,Mid-Market,Marketing & Media,APAC-East,Taiwan,Global Alliance Partner,Cybersecurity Suite,SKU-SEC-410,Compliance & Audit Vault,17,7200.0,10.0,110160.0,27253.58,75.26,Net 60,Pending Verification,Hannah Schmidt
ORD-2025-01074,2024-08-25,2024,2024-Q3,CUST-0019,Buy N Large Retail Mega,Enterprise Strategic,E-Commerce,APAC-South,Singapore,Global Alliance Partner,AI Platform,SKU-AI-9050,Realtime Anomaly Detection,106,11424.0,18.0,992974.08,175259.93,82.35,Net 90,Completed,Elena Rostova
ORD-2025-01075,2024-04-25,2024,2024-Q2,CUST-0019,Buy N Large Retail Mega,Enterprise Strategic,E-Commerce,EU-North,Netherlands,Global Alliance Partner,Developer Tools,SKU-DEV-701,DevSecOps Automation Mesh,36,4230.0,18.0,124869.6,17831.38,85.72,Net 90,Completed,David Lin
ORD-2025-01076,2025-12-14,2025,2025-Q4,CUST-0026,Shinra Electric Power,Enterprise Strategic,Energy & Utilities,APAC-ANZ,Australia,Strategic Reseller Partner,AI Platform,SKU-AI-9050,Realtime Anomaly Detection,112,11200.0,21.0,990976.0,185312.51,81.3,Net 60,Completed,Kenji Sato
ORD-2025-01077,2024-10-01,2024,2024-Q4,CUST-0033,Apex FinTech Global,Enterprise Strategic,Banking,EU-West,United Kingdom,Global Alliance Partner,Cloud Infrastructure,SKU-INFRA-801,Enterprise Data Lakehouse Engine,76,12000.0,20.0,729600.0,171164.16,76.54,Annual Pre-Paid,Completed,Jessica Taylor
ORD-2025-01078,2025-02-12,2025,2025-Q1,CUST-0017,Sterling Cooper Advertising,Mid-Market,Marketing & Media,MEA,United Arab Emirates,Direct Field Sales,Enterprise ERP,SKU-ERP-101,Global ERP Enterprise Suite,33,33950.0,11.0,997111.5,293649.34,70.55,Net 90,Completed,Jessica Taylor
ORD-2025-01079,2024-08-14,2024,2024-Q3,CUST-0011,Pied Piper Compression,Mid-Market,DeepTech,APAC-East,Japan,Strategic Reseller Partner,AI Platform,SKU-AI-9001,Neural Fabric GenAI Platform,23,25048.0,2.0,564581.92,70008.16,87.6,Net 30,Completed,Sarah Chen
ORD-2025-01080,2026-03-10,2026,2026-Q1,CUST-0022,Gekko Financial Partners,Enterprise Strategic,FinTech & Hedge Fund,MEA,United Arab Emirates,Online B2B Portal,Cloud Infrastructure,SKU-INFRA-805,High-Speed API Gateway Gateway,13,5400.0,18.0,57564.0,12721.64,77.9,Net 60,In Fulfillment,Hannah Schmidt
ORD-2025-01081,2025-07-02,2025,2025-Q3,CUST-0026,Shinra Electric Power,Enterprise Strategic,Energy & Utilities,LATAM,Brazil,Strategic Reseller Partner,Enterprise ERP,SKU-ERP-101,Global ERP Enterprise Suite,107,34300.0,8.0,3376492.0,1103775.23,67.31,Quarterly Net 30,In Fulfillment,Alex Mercer
ORD-2025-01082,2024-02-06,2024,2024-Q1,CUST-0002,Globex Corporation,Enterprise Strategic,Conglomerate,APAC-East,South Korea,Direct Field Sales,Cloud Infrastructure,SKU-INFRA-805,High-Speed API Gateway Gateway,55,5022.0,21.0,218205.9,49620.02,77.26,Net 30,In Fulfillment,Vikram Patel
ORD-2025-01083,2026-03-01,2026,2026-Q1,CUST-0016,Dunder Mifflin Paper & Tech,SMB Growth,Retail & Supplies,US-East,United States,Online B2B Portal,AI Platform,SKU-AI-9001,Neural Fabric GenAI Platform,14,25296.0,6.0,332895.36,63083.67,81.05,Net 90,Completed,Sarah Chen
ORD-2025-01084,2024-03-16,2024,2024-Q1,CUST-0033,Apex FinTech Global,Enterprise Strategic,Banking,APAC-ANZ,Australia,Global Alliance Partner,Cloud Infrastructure,SKU-INFRA-801,Enterprise Data Lakehouse Engine,6,12625.0,20.0,60600.0,11301.9,81.35,Net 30,Completed,Elena Rostova
ORD-2025-01085,2026-05-01,2026,2026-Q2,CUST-0020,Oscorp Pharmaceutical,Enterprise Strategic,Life Sciences,APAC-East,South Korea,Online B2B Portal,IoT & Edge Computing,SKU-IOT-330,Edge IoT Fleet Orchestrator,70,6596.0,20.0,369376.0,104644.22,71.67,Net 30,Pending Verification,Vikram Patel
ORD-2025-01086,2025-08-13,2025,2025-Q3,CUST-0031,Athena Health Systems,Mid-Market,Healthcare,EU-North,Netherlands,Online B2B Portal,IoT & Edge Computing,SKU-IOT-330,Edge IoT Fleet Orchestrator,7,6732.0,3.0,45710.28,13607.95,70.23,Net 90,In Fulfillment,Jessica Taylor
ORD-2025-01087,2024-01-18,2024,2024-Q1,CUST-0032,Zeus Renewable Power,Mid-Market,Clean Energy,APAC-ANZ,Australia,Global Alliance Partner,Developer Tools,SKU-DEV-701,DevSecOps Automation Mesh,36,4455.0,11.0,142738.2,19098.37,86.62,Net 30,Completed,Gabriel Santos
ORD-2025-01088,2024-08-25,2024,2024-Q3,CUST-0029,Omni Consumer Products,Enterprise Strategic,Consumer Tech,EU-West,France,Global Alliance Partner,Cybersecurity Suite,SKU-SEC-410,Compliance & Audit Vault,18,6984.0,18.0,103083.84,24245.32,76.48,Net 30,Completed,Michael Chang
ORD-2025-01089,2024-06-22,2024,2024-Q2,CUST-0014,Nakatomi Trading Corp,Mid-Market,Trading & Real Estate,LATAM,Brazil,Global Alliance Partner,Cybersecurity Suite,SKU-SEC-410,Compliance & Audit Vault,17,7056.0,1.0,118752.48,27669.33,76.7,Quarterly Net 30,In Fulfillment,Alex Mercer
ORD-2025-01090,2026-02-24,2026,2026-Q1,CUST-0032,Zeus Renewable Power,Mid-Market,Clean Energy,EU-Central,Germany,Global Alliance Partner,Enterprise ERP,SKU-ERP-101,Global ERP Enterprise Suite,23,32550.0,13.0,651325.5,198589.14,69.51,Quarterly Net 30,Completed,Hannah Schmidt
ORD-2025-01091,2024-01-06,2024,2024-Q1,CUST-0018,Virtucon Industries,Enterprise Strategic,Industrial Equipment,APAC-ANZ,Australia,Strategic Reseller Partner,Cloud Infrastructure,SKU-INFRA-805,High-Speed API Gateway Gateway,106,5400.0,15.0,486540.0,84268.73,82.68,Net 60,Pending Verification,Chloe Dubois
ORD-2025-01092,2025-12-26,2025,2025-Q4,CUST-0031,Athena Health Systems,Mid-Market,Healthcare,APAC-East,Japan,Direct Field Sales,AI Platform,SKU-AI-9001,Neural Fabric GenAI Platform,29,24304.0,10.0,634334.4,88426.22,86.06,Net 60,Completed,Marcus Vance
ORD-2025-01093,2024-07-21,2024,2024-Q3,CUST-0029,Omni Consumer Products,Enterprise Strategic,Consumer Tech,LATAM,Brazil,Direct Field Sales,Cloud Infrastructure,SKU-INFRA-801,Enterprise Data Lakehouse Engine,118,11875.0,13.0,1219087.5,238575.42,80.43,Annual Pre-Paid,In Fulfillment,Astrid Lindgren
ORD-2025-01094,2026-06-14,2026,2026-Q2,CUST-0027,Vault-Tec Security Hub,Enterprise Strategic,Cybersecurity,EU-North,Netherlands,Direct Field Sales,Enterprise ERP,SKU-ERP-101,Global ERP Enterprise Suite,20,33950.0,14.0,583940.0,167123.63,71.38,Net 90,Pending Verification,Rachel Green
ORD-2025-01095,2026-06-29,2026,2026-Q2,CUST-0024,Aperture Quantum Lab,Mid-Market,Research & Quantum,APAC-East,Taiwan,Strategic Reseller Partner,Cybersecurity Suite,SKU-SEC-402,Zero-Trust Security Perimeter,20,8455.0,8.0,155572.0,37477.29,75.91,Net 90,Pending Verification,Chloe Dubois
ORD-2025-01096,2025-04-18,2025,2025-Q2,CUST-0014,Nakatomi Trading Corp,Mid-Market,Trading & Real Estate,MEA,United Arab Emirates,Online B2B Portal,Cybersecurity Suite,SKU-SEC-402,Zero-Trust Security Perimeter,12,9345.0,8.0,103168.8,29836.42,71.08,Annual Pre-Paid,In Fulfillment,Marcus Vance
ORD-2025-01097,2025-04-26,2025,2025-Q2,CUST-0005,Wayne Enterprises Holdings,Enterprise Strategic,Finance & Industrial,US-East,United States,Online B2B Portal,Database Infrastructure,SKU-DB-880,QuantumDB Distributed Cluster,30,16665.0,19.0,404959.5,82409.26,79.65,Net 30,Completed,Rachel Green
ORD-2025-01098,2024-06-09,2024,2024-Q2,CUST-0005,Wayne Enterprises Holdings,Enterprise Strategic,Finance & Industrial,EU-West,France,Strategic Reseller Partner,Developer Tools,SKU-DEV-701,DevSecOps Automation Mesh,85,4275.0,5.0,345206.25,54300.94,84.27,Annual Pre-Paid,Pending Verification,David Lin
ORD-2025-01099,2025-10-01,2025,2025-Q4,CUST-0026,Shinra Electric Power,Enterprise Strategic,Energy & Utilities,MEA,United Arab Emirates,Online B2B Portal,Cloud Infrastructure,SKU-INFRA-805,High-Speed API Gateway Gateway,74,5130.0,18.0,311288.4,63067.03,79.74,Net 30,In Fulfillment,Kenji Sato
ORD-2025-01100,2024-07-01,2024,2024-Q3,CUST-0017,Sterling Cooper Advertising,Mid-Market,Marketing & Media,APAC-East,Taiwan,Direct Field Sales,Cybersecurity Suite,SKU-SEC-402,Zero-Trust Security Perimeter,35,9256.0,9.0,294803.6,77710.23,73.64,Quarterly Net 30,Pending Verification,Gabriel Santos
ORD-2025-01101,2026-01-24,2026,2026-Q1,CUST-0031,Athena Health Systems,Mid-Market,Healthcare,EU-West,United Kingdom,Strategic Reseller Partner,Cloud Infrastructure,SKU-INFRA-801,Enterprise Data Lakehouse Engine,16,11625.0,15.0,158100.0,30940.17,80.43,Net 60,In Fulfillment,Marcus Vance
ORD-2025-01102,2025-05-01,2025,2025-Q2,CUST-0001,Cyberdyne Systems Corp,Enterprise Strategic,Technology & AI,EU-West,France,Direct Field Sales,Cloud Infrastructure,SKU-INFRA-801,Enterprise Data Lakehouse Engine,22,12375.0,15.0,231412.5,47856.11,79.32,Net 90,Pending Verification,Michael Chang
ORD-2025-01103,2026-02-17,2026,2026-Q1,CUST-0008,Umbrella Life Sciences,Enterprise Strategic,Pharma,EU-West,United Kingdom,Global Alliance Partner,IoT & Edge Computing,SKU-IOT-330,Edge IoT Fleet Orchestrator,104,6800.0,13.0,615264.0,181564.41,70.49,Quarterly Net 30,Pending Verification,Michael Chang
ORD-2025-01104,2024-03-21,2024,2024-Q1,CUST-0014,Nakatomi Trading Corp,Mid-Market,Trading & Real Estate,US-Central,United States,Online B2B Portal,Cybersecurity Suite,SKU-SEC-402,Zero-Trust Security Perimeter,29,8900.0,8.0,237452.0,53877.86,77.31,Net 30,Completed,Vikram Patel
ORD-2025-01105,2024-12-22,2024,2024-Q4,CUST-0012,Massive Dynamic AI,Enterprise Strategic,Artificial Intelligence,US-East,United States,Online B2B Portal,AI Platform,SKU-AI-9050,Realtime Anomaly Detection,103,11648.0,18.0,983790.08,199611.01,79.71,Quarterly Net 30,In Fulfillment,Jessica Taylor
ORD-2025-01106,2025-01-18,2025,2025-Q1,CUST-0012,Massive Dynamic AI,Enterprise Strategic,Artificial Intelligence,MEA,United Arab Emirates,Direct Field Sales,Database Infrastructure,SKU-DB-880,QuantumDB Distributed Cluster,61,15675.0,12.0,841434.0,154066.57,81.69,Net 90,Completed,Brian O'Connor
ORD-2025-01107,2025-01-12,2025,2025-Q1,CUST-0017,Sterling Cooper Advertising,Mid-Market,Marketing & Media,APAC-East,Japan,Direct Field Sales,Cybersecurity Suite,SKU-SEC-410,Compliance & Audit Vault,19,6912.0,1.0,130014.72,34024.85,73.83,Net 30,Pending Verification,Kenji Sato
ORD-2025-01108,2025-10-02,2025,2025-Q4,CUST-0004,Stark Aerospace & Defense,Enterprise Strategic,Aerospace,APAC-East,Taiwan,Direct Field Sales,AI Platform,SKU-AI-9050,Realtime Anomaly Detection,82,11200.0,18.0,753088.0,137137.32,81.79,Quarterly Net 30,Completed,Alex Mercer
ORD-2025-01109,2025-01-13,2025,2025-Q1,CUST-0002,Globex Corporation,Enterprise Strategic,Conglomerate,APAC-East,Taiwan,Strategic Reseller Partner,Cybersecurity Suite,SKU-SEC-402,Zero-Trust Security Perimeter,116,8277.0,22.0,748902.96,167230.03,77.67,Net 30,Completed,Chloe Dubois
ORD-2025-01110,2025-10-14,2025,2025-Q4,CUST-0004,Stark Aerospace & Defense,Enterprise Strategic,Aerospace,EU-West,France,Direct Field Sales,Cloud Infrastructure,SKU-INFRA-805,High-Speed API Gateway Gateway,40,5130.0,25.0,153900.0,30918.51,79.91,Net 30,Pending Verification,Hannah Schmidt
ORD-2025-01111,2025-11-19,2025,2025-Q4,CUST-0021,Weyland-Yutani Deep Space,Enterprise Strategic,Energy & Mining,MEA,United Arab Emirates,Strategic Reseller Partner,Cybersecurity Suite,SKU-SEC-410,Compliance & Audit Vault,97,7200.0,24.0,530784.0,119320.24,77.52,Annual Pre-Paid,Completed,Hannah Schmidt
ORD-2025-01112,2025-11-14,2025,2025-Q4,CUST-0004,Stark Aerospace & Defense,Enterprise Strategic,Aerospace,US-West,United States,Strategic Reseller Partner,Cloud Infrastructure,SKU-INFRA-805,High-Speed API Gateway Gateway,23,5022.0,20.0,92404.8,19820.83,78.55,Net 90,In Fulfillment,Astrid Lindgren
ORD-2025-01113,2025-06-01,2025,2025-Q2,CUST-0027,Vault-Tec Security Hub,Enterprise Strategic,Cybersecurity,US-Central,United States,Direct Field Sales,Enterprise ERP,SKU-ERP-101,Global ERP Enterprise Suite,40,32900.0,16.0,1105440.0,356725.49,67.73,Net 30,Completed,Sarah Chen
ORD-2025-01114,2024-04-29,2024,2024-Q2,CUST-0006,Soylent BioTech Global,Mid-Market,BioTech,US-Central,United States,Direct Field Sales,Cybersecurity Suite,SKU-SEC-402,Zero-Trust Security Perimeter,22,9523.0,9.0,190650.46,43601.76,77.13,Net 30,In Fulfillment,Vikram Patel
ORD-2025-01115,2025-01-18,2025,2025-Q1,CUST-0030,Sartre Software SAS,SMB Growth,Dev Tools,US-West,United States,Strategic Reseller Partner,Enterprise ERP,SKU-ERP-101,Global ERP Enterprise Suite,14,37450.0,5.0,498085.0,144843.12,70.92,Net 60,Pending Verification,Alex Mercer
ORD-2025-01116,2025-01-23,2025,2025-Q1,CUST-0019,Buy N Large Retail Mega,Enterprise Strategic,E-Commerce,US-Central,United States,Online B2B Portal,Cybersecurity Suite,SKU-SEC-402,Zero-Trust Security Perimeter,77,8544.0,11.0,585520.32,160959.54,72.51,Net 60,In Fulfillment,Kenji Sato
ORD-2025-01117,2024-09-22,2024,2024-Q3,CUST-0029,Omni Consumer Products,Enterprise Strategic,Consumer Tech,EU-Central,Germany,Direct Field Sales,AI Platform,SKU-AI-9050,Realtime Anomaly Detection,50,10976.0,17.0,455504.0,76843.52,83.13,Annual Pre-Paid,In Fulfillment,Alex Mercer
ORD-2025-01118,2026-05-04,2026,2026-Q2,CUST-0025,Black Mesa Research,Enterprise Strategic,Scientific R&D,US-Central,United States,Strategic Reseller Partner,IoT & Edge Computing,SKU-IOT-330,Edge IoT Fleet Orchestrator,49,7004.0,18.0,281420.72,83553.81,70.31,Net 90,Pending Verification,Sarah Chen
ORD-2025-01119,2025-06-09,2025,2025-Q2,CUST-0014,Nakatomi Trading Corp,Mid-Market,Trading & Real Estate,EU-Central,Germany,Strategic Reseller Partner,AI Platform,SKU-AI-9050,Realtime Anomaly Detection,18,10528.0,0.0,189504.0,31704.02,83.27,Net 60,Completed,Marcus Vance
ORD-2025-01120,2025-04-23,2025,2025-Q2,CUST-0021,Weyland-Yutani Deep Space,Enterprise Strategic,Energy & Mining,EU-West,France,Global Alliance Partner,Cybersecurity Suite,SKU-SEC-410,Compliance & Audit Vault,120,7416.0,6.0,836524.8,208796.59,75.04,Net 30,In Fulfillment,Jessica Taylor
ORD-2025-01121,2025-05-01,2025,2025-Q2,CUST-0022,Gekko Financial Partners,Enterprise Strategic,FinTech & Hedge Fund,EU-West,France,Direct Field Sales,Cybersecurity Suite,SKU-SEC-402,Zero-Trust Security Perimeter,50,8811.0,11.0,392089.5,107863.82,72.49,Net 30,Completed,Gabriel Santos
ORD-2025-01122,2025-09-23,2025,2025-Q3,CUST-0030,Sartre Software SAS,SMB Growth,Dev Tools,APAC-East,Taiwan,Global Alliance Partner,IoT & Edge Computing,SKU-IOT-330,Edge IoT Fleet Orchestrator,8,6528.0,7.0,48568.32,14089.67,70.99,Net 90,Completed,Vikram Patel
ORD-2025-01123,2025-02-14,2025,2025-Q1,CUST-0020,Oscorp Pharmaceutical,Enterprise Strategic,Life Sciences,US-East,United States,Strategic Reseller Partner,Cloud Infrastructure,SKU-INFRA-805,High-Speed API Gateway Gateway,18,5616.0,13.0,87946.56,15276.32,82.63,Annual Pre-Paid,Completed,Marcus Vance
ORD-2025-01124,2025-06-08,2025,2025-Q2,CUST-0011,Pied Piper Compression,Mid-Market,DeepTech,MEA,United Arab Emirates,Online B2B Portal,Cybersecurity Suite,SKU-SEC-410,Compliance & Audit Vault,35,7776.0,3.0,263995.2,63332.45,76.01,Net 60,Pending Verification,Gabriel Santos
ORD-2025-01125,2024-02-25,2024,2024-Q1,CUST-0006,Soylent BioTech Global,Mid-Market,BioTech,EU-Central,Germany,Strategic Reseller Partner,Developer Tools,SKU-DEV-701,DevSecOps Automation Mesh,31,4455.0,6.0,129818.7,16525.92,87.27,Net 60,In Fulfillment,Kenji Sato
ORD-2025-01126,2024-11-10,2024,2024-Q4,CUST-0006,Soylent BioTech Global,Mid-Market,BioTech,US-Central,United States,Strategic Reseller Partner,Database Infrastructure,SKU-DB-880,QuantumDB Distributed Cluster,29,15840.0,1.0,454766.4,79675.07,82.48,Net 90,Completed,Chloe Dubois
ORD-2025-01127,2024-06-12,2024,2024-Q2,CUST-0023,Delos Experience Living,Enterprise Strategic,Hospitality,US-West,United States,Global Alliance Partner,Cloud Infrastructure,SKU-INFRA-805,High-Speed API Gateway Gateway,92,5130.0,13.0,410605.2,87130.42,78.78,Annual Pre-Paid,Completed,Astrid Lindgren
ORD-2025-01128,2024-09-05,2024,2024-Q3,CUST-0007,Tyrell Synthetic Dynamics,Enterprise Strategic,Robotics,EU-North,Netherlands,Strategic Reseller Partner,Developer Tools,SKU-DEV-701,DevSecOps Automation Mesh,102,4410.0,24.0,341863.2,52578.56,84.62,Net 90,Completed,Rachel Green
ORD-2025-01129,2025-02-07,2025,2025-Q1,CUST-0035,Hyperion Data Mesh,Mid-Market,Data Infrastructure,US-West,United States,Online B2B Portal,AI Platform,SKU-AI-9050,Realtime Anomaly Detection,39,11872.0,0.0,463008.0,95240.75,79.43,Net 60,Pending Verification,David Lin
ORD-2025-01130,2024-12-14,2024,2024-Q4,CUST-0033,Apex FinTech Global,Enterprise Strategic,Banking,LATAM,Brazil,Direct Field Sales,Cybersecurity Suite,SKU-SEC-410,Compliance & Audit Vault,81,7704.0,20.0,499219.2,124006.05,75.16,Net 60,Completed,Elena Rostova
ORD-2025-01131,2024-02-15,2024,2024-Q1,CUST-0014,Nakatomi Trading Corp,Mid-Market,Trading & Real Estate,EU-Central,Germany,Global Alliance Partner,AI Platform,SKU-AI-9001,Neural Fabric GenAI Platform,23,23560.0,6.0,509367.2,95710.1,81.21,Net 90,Completed,Vikram Patel
ORD-2025-01132,2026-04-20,2026,2026-Q2,CUST-0031,Athena Health Systems,Mid-Market,Healthcare,US-East,United States,Online B2B Portal,IoT & Edge Computing,SKU-IOT-330,Edge IoT Fleet Orchestrator,13,7004.0,2.0,89230.96,22602.2,74.67,Annual Pre-Paid,Completed,David Lin
ORD-2025-01133,2025-12-03,2025,2025-Q4,CUST-0007,Tyrell Synthetic Dynamics,Enterprise Strategic,Robotics,APAC-South,Singapore,Global Alliance Partner,Cloud Infrastructure,SKU-INFRA-801,Enterprise Data Lakehouse Engine,25,12625.0,11.0,280906.25,64411.8,77.07,Annual Pre-Paid,Completed,Chloe Dubois
ORD-2025-01134,2025-10-31,2025,2025-Q4,CUST-0026,Shinra Electric Power,Enterprise Strategic,Energy & Utilities,EU-North,Netherlands,Direct Field Sales,Enterprise ERP,SKU-ERP-101,Global ERP Enterprise Suite,59,35700.0,10.0,1895670.0,590880.34,68.83,Annual Pre-Paid,Pending Verification,Gabriel Santos
ORD-2025-01135,2025-04-29,2025,2025-Q2,CUST-0022,Gekko Financial Partners,Enterprise Strategic,FinTech & Hedge Fund,LATAM,Brazil,Online B2B Portal,AI Platform,SKU-AI-9001,Neural Fabric GenAI Platform,105,24552.0,9.0,2345943.6,326555.35,86.08,Net 30,In Fulfillment,Alex Mercer
ORD-2025-01136,2024-12-11,2024,2024-Q4,CUST-0017,Sterling Cooper Advertising,Mid-Market,Marketing & Media,EU-West,United Kingdom,Global Alliance Partner,IoT & Edge Computing,SKU-IOT-330,Edge IoT Fleet Orchestrator,5,6324.0,7.0,29406.6,7369.29,74.94,Annual Pre-Paid,Pending Verification,Alex Mercer
ORD-2025-01137,2026-06-29,2026,2026-Q2,CUST-0024,Aperture Quantum Lab,Mid-Market,Research & Quantum,EU-Central,Germany,Global Alliance Partner,Developer Tools,SKU-DEV-701,DevSecOps Automation Mesh,20,4140.0,12.0,72864.0,11556.23,84.14,Net 90,Pending Verification,Jessica Taylor
ORD-2025-01138,2024-01-18,2024,2024-Q1,CUST-0029,Omni Consumer Products,Enterprise Strategic,Consumer Tech,EU-West,France,Online B2B Portal,Cloud Infrastructure,SKU-INFRA-801,Enterprise Data Lakehouse Engine,81,13000.0,7.0,979290.0,212995.58,78.25,Annual Pre-Paid,In Fulfillment,Marcus Vance
ORD-2025-01139,2024-03-27,2024,2024-Q1,CUST-0035,Hyperion Data Mesh,Mid-Market,Data Infrastructure,US-West,United States,Strategic Reseller Partner,Cybersecurity Suite,SKU-SEC-402,Zero-Trust Security Perimeter,33,8544.0,6.0,265034.88,56266.91,78.77,Quarterly Net 30,In Fulfillment,Brian O'Connor
ORD-2025-01140,2026-04-25,2026,2026-Q2,CUST-0034,Quantum Peak Labs,SMB Growth,Semiconductor,APAC-East,Taiwan,Global Alliance Partner,Cloud Infrastructure,SKU-INFRA-801,Enterprise Data Lakehouse Engine,2,11625.0,3.0,22552.5,4765.34,78.87,Net 30,Completed,Michael Chang
ORD-2025-01141,2026-01-12,2026,2026-Q1,CUST-0006,Soylent BioTech Global,Mid-Market,BioTech,EU-West,France,Online B2B Portal,IoT & Edge Computing,SKU-IOT-330,Edge IoT Fleet Orchestrator,27,7276.0,0.0,196452.0,58837.37,70.05,Net 30,Completed,Sarah Chen
ORD-2025-01142,2026-03-23,2026,2026-Q1,CUST-0013,Oceanic Airlines Group,Enterprise Strategic,Aviation,APAC-East,Taiwan,Online B2B Portal,Enterprise ERP,SKU-ERP-101,Global ERP Enterprise Suite,83,37100.0,15.0,2617405.0,891226.4,65.95,Net 30,Pending Verification,Rachel Green
ORD-2025-01143,2025-04-29,2025,2025-Q2,CUST-0014,Nakatomi Trading Corp,Mid-Market,Trading & Real Estate,APAC-East,South Korea,Global Alliance Partner,Enterprise ERP,SKU-ERP-101,Global ERP Enterprise Suite,13,36050.0,4.0,449904.0,140190.09,68.84,Net 60,Pending Verification,Kenji Sato
ORD-2025-01144,2024-01-06,2024,2024-Q1,CUST-0027,Vault-Tec Security Hub,Enterprise Strategic,Cybersecurity,EU-West,United Kingdom,Direct Field Sales,IoT & Edge Computing,SKU-IOT-330,Edge IoT Fleet Orchestrator,89,6528.0,8.0,534512.64,145440.89,72.79,Net 90,Completed,Elena Rostova
ORD-2025-01145,2024-08-18,2024,2024-Q3,CUST-0002,Globex Corporation,Enterprise Strategic,Conglomerate,APAC-ANZ,Australia,Online B2B Portal,Database Infrastructure,SKU-DB-880,QuantumDB Distributed Cluster,13,17160.0,17.0,185156.4,33568.86,81.87,Annual Pre-Paid,Completed,Vikram Patel
ORD-2025-01146,2025-09-01,2025,2025-Q3,CUST-0022,Gekko Financial Partners,Enterprise Strategic,FinTech & Hedge Fund,APAC-East,Japan,Global Alliance Partner,AI Platform,SKU-AI-9050,Realtime Anomaly Detection,76,10864.0,5.0,784380.8,150836.43,80.77,Annual Pre-Paid,In Fulfillment,Chloe Dubois
ORD-2025-01147,2026-05-24,2026,2026-Q2,CUST-0032,Zeus Renewable Power,Mid-Market,Clean Energy,EU-West,United Kingdom,Strategic Reseller Partner,IoT & Edge Computing,SKU-IOT-330,Edge IoT Fleet Orchestrator,18,7004.0,6.0,118507.68,32506.66,72.57,Net 30,Completed,Michael Chang
ORD-2025-01148,2024-12-19,2024,2024-Q4,CUST-0006,Soylent BioTech Global,Mid-Market,BioTech,EU-West,United Kingdom,Online B2B Portal,Enterprise ERP,SKU-ERP-101,Global ERP Enterprise Suite,20,34650.0,11.0,616770.0,198970.0,67.74,Net 60,In Fulfillment,Rachel Green
ORD-2025-01149,2024-12-26,2024,2024-Q4,CUST-0028,LexCorp Advanced Metals,Enterprise Strategic,Materials,EU-North,Netherlands,Direct Field Sales,Enterprise ERP,SKU-ERP-101,Global ERP Enterprise Suite,76,37800.0,20.0,2298240.0,758419.2,67.0,Quarterly Net 30,In Fulfillment,Jessica Taylor
ORD-2025-01150,2025-09-13,2025,2025-Q3,CUST-0008,Umbrella Life Sciences,Enterprise Strategic,Pharma,US-West,United States,Global Alliance Partner,Database Infrastructure,SKU-DB-880,QuantumDB Distributed Cluster,32,16665.0,25.0,399960.0,86271.37,78.43,Net 60,Completed,Michael Chang
ORD-2025-01151,2025-02-22,2025,2025-Q1,CUST-0023,Delos Experience Living,Enterprise Strategic,Hospitality,APAC-East,South Korea,Strategic Reseller Partner,IoT & Edge Computing,SKU-IOT-330,Edge IoT Fleet Orchestrator,120,6596.0,17.0,656961.6,191110.13,70.91,Net 30,Pending Verification,Michael Chang
ORD-2025-01152,2025-07-02,2025,2025-Q3,CUST-0035,Hyperion Data Mesh,Mid-Market,Data Infrastructure,EU-North,Netherlands,Strategic Reseller Partner,IoT & Edge Computing,SKU-IOT-330,Edge IoT Fleet Orchestrator,33,6596.0,11.0,193724.52,47656.23,75.4,Net 60,In Fulfillment,Jessica Taylor
ORD-2025-01153,2024-10-22,2024,2024-Q4,CUST-0001,Cyberdyne Systems Corp,Enterprise Strategic,Technology & AI,APAC-East,Japan,Online B2B Portal,AI Platform,SKU-AI-9050,Realtime Anomaly Detection,88,11984.0,8.0,970224.64,183663.52,81.07,Annual Pre-Paid,Completed,Jessica Taylor
ORD-2025-01154,2024-07-12,2024,2024-Q3,CUST-0002,Globex Corporation,Enterprise Strategic,Conglomerate,APAC-East,Taiwan,Strategic Reseller Partner,Cybersecurity Suite,SKU-SEC-402,Zero-Trust Security Perimeter,83,9612.0,17.0,662170.68,160245.3,75.8,Annual Pre-Paid,Completed,David Lin
ORD-2025-01155,2025-09-16,2025,2025-Q3,CUST-0016,Dunder Mifflin Paper & Tech,SMB Growth,Retail & Supplies,US-Central,United States,Global Alliance Partner,AI Platform,SKU-AI-9001,Neural Fabric GenAI Platform,6,25296.0,0.0,151776.0,20762.96,86.32,Annual Pre-Paid,In Fulfillment,Hannah Schmidt
ORD-2025-01156,2026-07-24,2026,2026-Q3,CUST-0011,Pied Piper Compression,Mid-Market,DeepTech,EU-Central,Switzerland,Online B2B Portal,Database Infrastructure,SKU-DB-880,QuantumDB Distributed Cluster,13,16995.0,7.0,205469.55,43970.48,78.6,Net 60,Pending Verification,Sarah Chen
ORD-2025-01157,2026-07-04,2026,2026-Q3,CUST-0002,Globex Corporation,Enterprise Strategic,Conglomerate,EU-West,United Kingdom,Global Alliance Partner,AI Platform,SKU-AI-9050,Realtime Anomaly Detection,36,11088.0,19.0,323326.08,64859.21,79.94,Net 60,Completed,Michael Chang
ORD-2025-01158,2025-10-18,2025,2025-Q4,CUST-0008,Umbrella Life Sciences,Enterprise Strategic,Pharma,APAC-East,South Korea,Online B2B Portal,Cybersecurity Suite,SKU-SEC-402,Zero-Trust Security Perimeter,36,9523.0,14.0,294832.08,85324.4,71.06,Net 30,Completed,Hannah Schmidt
ORD-2025-01159,2025-06-16,2025,2025-Q2,CUST-0031,Athena Health Systems,Mid-Market,Healthcare,LATAM,Brazil,Global Alliance Partner,AI Platform,SKU-AI-9001,Neural Fabric GenAI Platform,28,26288.0,14.0,633015.04,99383.36,84.3,Quarterly Net 30,Completed,Chloe Dubois
ORD-2025-01160,2025-05-07,2025,2025-Q2,CUST-0004,Stark Aerospace & Defense,Enterprise Strategic,Aerospace,EU-Central,Germany,Global Alliance Partner,Cloud Infrastructure,SKU-INFRA-801,Enterprise Data Lakehouse Engine,51,13375.0,13.0,593448.75,124446.2,79.03,Annual Pre-Paid,Completed,Gabriel Santos
ORD-2025-01161,2024-05-07,2024,2024-Q2,CUST-0007,Tyrell Synthetic Dynamics,Enterprise Strategic,Robotics,US-Central,United States,Online B2B Portal,Cybersecurity Suite,SKU-SEC-410,Compliance & Audit Vault,101,7488.0,21.0,597467.52,161734.46,72.93,Net 90,In Fulfillment,Brian O'Connor
ORD-2025-01162,2024-09-05,2024,2024-Q3,CUST-0031,Athena Health Systems,Mid-Market,Healthcare,EU-West,United Kingdom,Online B2B Portal,AI Platform,SKU-AI-9001,Neural Fabric GenAI Platform,23,23064.0,10.0,477424.8,61158.12,87.19,Annual Pre-Paid,In Fulfillment,Gabriel Santos
ORD-2025-01163,2024-09-23,2024,2024-Q3,CUST-0022,Gekko Financial Partners,Enterprise Strategic,FinTech & Hedge Fund,EU-Central,Germany,Global Alliance Partner,Developer Tools,SKU-DEV-701,DevSecOps Automation Mesh,105,4320.0,14.0,390096.0,61635.17,84.2,Net 30,In Fulfillment,Marcus Vance
ORD-2025-01164,2025-06-18,2025,2025-Q2,CUST-0019,Buy N Large Retail Mega,Enterprise Strategic,E-Commerce,US-East,United States,Strategic Reseller Partner,Developer Tools,SKU-DEV-701,DevSecOps Automation Mesh,77,4365.0,12.0,295772.4,30878.64,89.56,Net 60,Pending Verification,Chloe Dubois
ORD-2025-01165,2025-12-31,2025,2025-Q4,CUST-0029,Omni Consumer Products,Enterprise Strategic,Consumer Tech,APAC-South,Singapore,Online B2B Portal,Cybersecurity Suite,SKU-SEC-402,Zero-Trust Security Perimeter,100,8366.0,21.0,660914.0,159544.64,75.86,Annual Pre-Paid,Pending Verification,Vikram Patel
ORD-2025-01166,2024-08-21,2024,2024-Q3,CUST-0002,Globex Corporation,Enterprise Strategic,Conglomerate,LATAM,Brazil,Strategic Reseller Partner,Cybersecurity Suite,SKU-SEC-410,Compliance & Audit Vault,43,6624.0,8.0,262045.44,70988.11,72.91,Quarterly Net 30,Completed,Chloe Dubois
ORD-2025-01167,2025-09-25,2025,2025-Q3,CUST-0011,Pied Piper Compression,Mid-Market,DeepTech,EU-West,France,Strategic Reseller Partner,Cybersecurity Suite,SKU-SEC-410,Compliance & Audit Vault,34,7056.0,5.0,227908.8,52601.35,76.92,Annual Pre-Paid,In Fulfillment,Hannah Schmidt
ORD-2025-01168,2025-06-21,2025,2025-Q2,CUST-0031,Athena Health Systems,Mid-Market,Healthcare,US-Central,United States,Global Alliance Partner,IoT & Edge Computing,SKU-IOT-330,Edge IoT Fleet Orchestrator,2,6324.0,10.0,11383.2,3437.73,69.8,Net 60,In Fulfillment,Marcus Vance
ORD-2025-01169,2024-10-11,2024,2024-Q4,CUST-0008,Umbrella Life Sciences,Enterprise Strategic,Pharma,APAC-South,Singapore,Strategic Reseller Partner,Developer Tools,SKU-DEV-701,DevSecOps Automation Mesh,68,4815.0,14.0,281581.2,30269.98,89.25,Quarterly Net 30,In Fulfillment,Astrid Lindgren
ORD-2025-01170,2024-07-26,2024,2024-Q3,CUST-0024,Aperture Quantum Lab,Mid-Market,Research & Quantum,APAC-South,Singapore,Direct Field Sales,IoT & Edge Computing,SKU-IOT-330,Edge IoT Fleet Orchestrator,8,6800.0,14.0,46784.0,13955.67,70.17,Quarterly Net 30,Completed,Gabriel Santos
ORD-2025-01171,2024-02-27,2024,2024-Q1,CUST-0029,Omni Consumer Products,Enterprise Strategic,Consumer Tech,APAC-East,Taiwan,Strategic Reseller Partner,Database Infrastructure,SKU-DB-880,QuantumDB Distributed Cluster,37,15675.0,21.0,458180.25,71063.76,84.49,Net 60,In Fulfillment,Astrid Lindgren
ORD-2025-01172,2026-01-04,2026,2026-Q1,CUST-0030,Sartre Software SAS,SMB Growth,Dev Tools,US-Central,United States,Direct Field Sales,Cybersecurity Suite,SKU-SEC-410,Compliance & Audit Vault,5,6696.0,4.0,32140.8,9153.7,71.52,Net 30,In Fulfillment,Michael Chang
ORD-2025-01173,2024-11-06,2024,2024-Q4,CUST-0004,Stark Aerospace & Defense,Enterprise Strategic,Aerospace,EU-West,United Kingdom,Strategic Reseller Partner,Database Infrastructure,SKU-DB-880,QuantumDB Distributed Cluster,79,16500.0,20.0,1042800.0,231605.88,77.79,Net 30,Pending Verification,Gabriel Santos
ORD-2025-01174,2025-10-11,2025,2025-Q4,CUST-0005,Wayne Enterprises Holdings,Enterprise Strategic,Finance & Industrial,EU-West,United Kingdom,Global Alliance Partner,AI Platform,SKU-AI-9001,Neural Fabric GenAI Platform,61,23560.0,7.0,1336558.8,209305.11,84.34,Net 60,Completed,Kenji Sato
ORD-2025-01175,2025-08-05,2025,2025-Q3,CUST-0001,Cyberdyne Systems Corp,Enterprise Strategic,Technology & AI,APAC-East,Taiwan,Global Alliance Partner,AI Platform,SKU-AI-9001,Neural Fabric GenAI Platform,97,25792.0,23.0,1926404.48,355228.99,81.56,Quarterly Net 30,Completed,Alex Mercer
ORD-2025-01176,2024-09-14,2024,2024-Q3,CUST-0027,Vault-Tec Security Hub,Enterprise Strategic,Cybersecurity,APAC-East,Taiwan,Online B2B Portal,AI Platform,SKU-AI-9050,Realtime Anomaly Detection,85,11200.0,9.0,866320.0,154984.65,82.11,Net 90,Pending Verification,Hannah Schmidt
ORD-2025-01177,2025-06-28,2025,2025-Q2,CUST-0016,Dunder Mifflin Paper & Tech,SMB Growth,Retail & Supplies,EU-West,France,Online B2B Portal,Cloud Infrastructure,SKU-INFRA-805,High-Speed API Gateway Gateway,9,5346.0,2.0,47151.72,8100.67,82.82,Net 60,Completed,Alex Mercer
ORD-2025-01178,2024-11-22,2024,2024-Q4,CUST-0033,Apex FinTech Global,Enterprise Strategic,Banking,EU-Central,Switzerland,Global Alliance Partner,Cybersecurity Suite,SKU-SEC-402,Zero-Trust Security Perimeter,27,8811.0,6.0,223623.18,59394.32,73.44,Annual Pre-Paid,Pending Verification,Vikram Patel
ORD-2025-01179,2025-12-04,2025,2025-Q4,CUST-0035,Hyperion Data Mesh,Mid-Market,Data Infrastructure,LATAM,Brazil,Strategic Reseller Partner,Database Infrastructure,SKU-DB-880,QuantumDB Distributed Cluster,8,15675.0,11.0,111606.0,21193.98,81.01,Net 90,Completed,Sarah Chen
ORD-2025-01180,2025-12-02,2025,2025-Q4,CUST-0020,Oscorp Pharmaceutical,Enterprise Strategic,Life Sciences,MEA,United Arab Emirates,Strategic Reseller Partner,Cybersecurity Suite,SKU-SEC-410,Compliance & Audit Vault,91,6840.0,8.0,572644.8,136690.31,76.13,Net 60,In Fulfillment,Rachel Green
ORD-2025-01181,2025-11-09,2025,2025-Q4,CUST-0011,Pied Piper Compression,Mid-Market,DeepTech,EU-West,France,Global Alliance Partner,Cybersecurity Suite,SKU-SEC-410,Compliance & Audit Vault,28,6912.0,12.0,170311.68,38388.25,77.46,Annual Pre-Paid,Pending Verification,David Lin
ORD-2025-01182,2024-05-28,2024,2024-Q2,CUST-0020,Oscorp Pharmaceutical,Enterprise Strategic,Life Sciences,EU-West,France,Online B2B Portal,Developer Tools,SKU-DEV-701,DevSecOps Automation Mesh,62,4545.0,11.0,250793.1,29844.38,88.1,Net 30,Completed,Alex Mercer
ORD-2025-01183,2025-02-22,2025,2025-Q1,CUST-0023,Delos Experience Living,Enterprise Strategic,Hospitality,APAC-South,Singapore,Strategic Reseller Partner,AI Platform,SKU-AI-9050,Realtime Anomaly Detection,103,11760.0,10.0,1090152.0,222172.98,79.62,Net 90,Pending Verification,Hannah Schmidt
ORD-2025-01184,2025-01-17,2025,2025-Q1,CUST-0002,Globex Corporation,Enterprise Strategic,Conglomerate,EU-West,France,Global Alliance Partner,IoT & Edge Computing,SKU-IOT-330,Edge IoT Fleet Orchestrator,46,7072.0,16.0,273262.08,70009.74,74.38,Quarterly Net 30,Completed,Hannah Schmidt
ORD-2025-01185,2024-10-07,2024,2024-Q4,CUST-0007,Tyrell Synthetic Dynamics,Enterprise Strategic,Robotics,US-West,United States,Strategic Reseller Partner,Cybersecurity Suite,SKU-SEC-402,Zero-Trust Security Perimeter,46,9523.0,19.0,354826.98,86081.03,75.74,Net 30,Completed,Astrid Lindgren
ORD-2025-01186,2026-07-19,2026,2026-Q3,CUST-0032,Zeus Renewable Power,Mid-Market,Clean Energy,EU-West,United Kingdom,Online B2B Portal,Cybersecurity Suite,SKU-SEC-410,Compliance & Audit Vault,39,6768.0,6.0,248114.88,61730.98,75.12,Net 90,Pending Verification,Chloe Dubois
ORD-2025-01187,2026-08-03,2026,2026-Q3,CUST-0019,Buy N Large Retail Mega,Enterprise Strategic,E-Commerce,US-West,United States,Global Alliance Partner,Cybersecurity Suite,SKU-SEC-402,Zero-Trust Security Perimeter,117,8633.0,20.0,808048.8,184235.13,77.2,Annual Pre-Paid,In Fulfillment,Hannah Schmidt
ORD-2025-01188,2024-06-03,2024,2024-Q2,CUST-0020,Oscorp Pharmaceutical,Enterprise Strategic,Life Sciences,APAC-East,Taiwan,Strategic Reseller Partner,Cloud Infrastructure,SKU-INFRA-805,High-Speed API Gateway Gateway,16,5238.0,14.0,72074.88,14869.05,79.37,Net 90,Pending Verification,Astrid Lindgren
ORD-2025-01189,2024-01-23,2024,2024-Q1,CUST-0009,Wonka Global Logistics,Mid-Market,Supply Chain,APAC-East,South Korea,Direct Field Sales,Developer Tools,SKU-DEV-701,DevSecOps Automation Mesh,25,4455.0,14.0,95782.5,10459.45,89.08,Net 60,Pending Verification,Chloe Dubois
ORD-2025-01190,2024-08-21,2024,2024-Q3,CUST-0030,Sartre Software SAS,SMB Growth,Dev Tools,EU-West,France,Online B2B Portal,Database Infrastructure,SKU-DB-880,QuantumDB Distributed Cluster,11,15840.0,8.0,160300.8,29126.66,81.83,Net 30,In Fulfillment,Sarah Chen
ORD-2025-01191,2025-10-19,2025,2025-Q4,CUST-0027,Vault-Tec Security Hub,Enterprise Strategic,Cybersecurity,EU-North,Netherlands,Global Alliance Partner,AI Platform,SKU-AI-9050,Realtime Anomaly Detection,107,11200.0,6.0,1126496.0,165594.91,85.3,Quarterly Net 30,Pending Verification,Alex Mercer
ORD-2025-01192,2025-08-02,2025,2025-Q3,CUST-0028,LexCorp Advanced Metals,Enterprise Strategic,Materials,US-East,United States,Online B2B Portal,Cloud Infrastructure,SKU-INFRA-805,High-Speed API Gateway Gateway,67,5238.0,11.0,312341.94,76398.84,75.54,Net 30,Completed,Michael Chang
ORD-2025-01193,2026-03-10,2026,2026-Q1,CUST-0008,Umbrella Life Sciences,Enterprise Strategic,Pharma,APAC-East,Japan,Strategic Reseller Partner,Cloud Infrastructure,SKU-INFRA-805,High-Speed API Gateway Gateway,113,5454.0,22.0,480715.56,102152.06,78.75,Net 60,Completed,Gabriel Santos
ORD-2025-01194,2025-12-01,2025,2025-Q4,CUST-0028,LexCorp Advanced Metals,Enterprise Strategic,Materials,LATAM,Brazil,Online B2B Portal,AI Platform,SKU-AI-9050,Realtime Anomaly Detection,62,12096.0,23.0,577463.04,119996.82,79.22,Net 90,Completed,Marcus Vance
ORD-2025-01195,2025-10-25,2025,2025-Q4,CUST-0022,Gekko Financial Partners,Enterprise Strategic,FinTech & Hedge Fund,EU-Central,Switzerland,Global Alliance Partner,Cloud Infrastructure,SKU-INFRA-801,Enterprise Data Lakehouse Engine,56,11500.0,16.0,540960.0,104783.95,80.63,Net 30,Completed,Elena Rostova
ORD-2025-01196,2024-11-26,2024,2024-Q4,CUST-0028,LexCorp Advanced Metals,Enterprise Strategic,Materials,US-Central,United States,Online B2B Portal,Database Infrastructure,SKU-DB-880,QuantumDB Distributed Cluster,79,16005.0,18.0,1036803.9,200517.87,80.66,Net 60,Pending Verification,Brian O'Connor
ORD-2025-01197,2026-06-20,2026,2026-Q2,CUST-0010,Hooli Enterprise Cloud,Enterprise Strategic,Cloud Services,EU-West,United Kingdom,Strategic Reseller Partner,Database Infrastructure,SKU-DB-880,QuantumDB Distributed Cluster,44,15180.0,9.0,607807.2,110499.35,81.82,Net 30,In Fulfillment,Michael Chang
ORD-2025-01198,2024-12-22,2024,2024-Q4,CUST-0005,Wayne Enterprises Holdings,Enterprise Strategic,Finance & Industrial,EU-West,France,Online B2B Portal,Database Infrastructure,SKU-DB-880,QuantumDB Distributed Cluster,89,16005.0,9.0,1296244.95,254193.63,80.39,Net 90,In Fulfillment,Brian O'Connor
ORD-2025-01199,2026-07-30,2026,2026-Q3,CUST-0014,Nakatomi Trading Corp,Mid-Market,Trading & Real Estate,APAC-East,South Korea,Online B2B Portal,Cloud Infrastructure,SKU-INFRA-801,Enterprise Data Lakehouse Engine,10,13375.0,13.0,116362.5,29113.9,74.98,Annual Pre-Paid,Completed,Chloe Dubois
ORD-2025-01200,2026-06-07,2026,2026-Q2,CUST-0014,Nakatomi Trading Corp,Mid-Market,Trading & Real Estate,EU-North,Netherlands,Direct Field Sales,AI Platform,SKU-AI-9050,Realtime Anomaly Detection,30,10640.0,6.0,300048.0,56889.1,81.04,Net 30,Completed,Marcus Vance
ORD-2025-01201,2025-06-02,2025,2025-Q2,CUST-0034,Quantum Peak Labs,SMB Growth,Semiconductor,US-West,United States,Strategic Reseller Partner,Database Infrastructure,SKU-DB-880,QuantumDB Distributed Cluster,2,17160.0,8.0,31574.4,6355.93,79.87,Net 90,Completed,Elena Rostova
ORD-2025-01202,2024-08-03,2024,2024-Q3,CUST-0006,Soylent BioTech Global,Mid-Market,BioTech,APAC-East,South Korea,Online B2B Portal,AI Platform,SKU-AI-9050,Realtime Anomaly Detection,18,11984.0,8.0,198455.04,43402.12,78.13,Annual Pre-Paid,Completed,Jessica Taylor
ORD-2025-01203,2026-05-28,2026,2026-Q2,CUST-0007,Tyrell Synthetic Dynamics,Enterprise Strategic,Robotics,EU-West,France,Online B2B Portal,Enterprise ERP,SKU-ERP-101,Global ERP Enterprise Suite,112,37450.0,6.0,3942736.0,1213574.14,69.22,Net 60,Completed,Vikram Patel
ORD-2025-01204,2025-10-21,2025,2025-Q4,CUST-0025,Black Mesa Research,Enterprise Strategic,Scientific R&D,MEA,United Arab Emirates,Global Alliance Partner,Cloud Infrastructure,SKU-INFRA-801,Enterprise Data Lakehouse Engine,40,13250.0,20.0,424000.0,108713.6,74.36,Net 60,In Fulfillment,Rachel Green
ORD-2025-01205,2024-01-10,2024,2024-Q1,CUST-0009,Wonka Global Logistics,Mid-Market,Supply Chain,APAC-East,Japan,Strategic Reseller Partner,Cybersecurity Suite,SKU-SEC-402,Zero-Trust Security Perimeter,32,8277.0,11.0,235728.96,53227.6,77.42,Net 90,Pending Verification,Rachel Green
ORD-2025-01206,2025-02-28,2025,2025-Q1,CUST-0011,Pied Piper Compression,Mid-Market,DeepTech,EU-North,Netherlands,Strategic Reseller Partner,Cybersecurity Suite,SKU-SEC-402,Zero-Trust Security Perimeter,35,9256.0,14.0,278605.6,62741.98,77.48,Net 60,Pending Verification,Brian O'Connor
ORD-2025-01207,2026-08-05,2026,2026-Q3,CUST-0008,Umbrella Life Sciences,Enterprise Strategic,Pharma,APAC-East,South Korea,Strategic Reseller Partner,Cloud Infrastructure,SKU-INFRA-801,Enterprise Data Lakehouse Engine,68,12250.0,9.0,758030.0,174422.7,76.99,Net 90,Pending Verification,Alex Mercer
ORD-2025-01208,2026-03-13,2026,2026-Q1,CUST-0002,Globex Corporation,Enterprise Strategic,Conglomerate,EU-West,France,Direct Field Sales,AI Platform,SKU-AI-9050,Realtime Anomaly Detection,9,10528.0,20.0,75801.6,14205.22,81.26,Quarterly Net 30,Completed,Gabriel Santos
ORD-2025-01209,2025-09-04,2025,2025-Q3,CUST-0034,Quantum Peak Labs,SMB Growth,Semiconductor,US-Central,United States,Strategic Reseller Partner,AI Platform,SKU-AI-9001,Neural Fabric GenAI Platform,1,23808.0,3.0,23093.76,3842.8,83.36,Net 30,Completed,Chloe Dubois
ORD-2025-01210,2025-04-20,2025,2025-Q2,CUST-0027,Vault-Tec Security Hub,Enterprise Strategic,Cybersecurity,LATAM,Brazil,Global Alliance Partner,Cybersecurity Suite,SKU-SEC-402,Zero-Trust Security Perimeter,114,9078.0,17.0,858960.36,227710.39,73.49,Annual Pre-Paid,Pending Verification,Marcus Vance
ORD-2025-01211,2024-11-26,2024,2024-Q4,CUST-0035,Hyperion Data Mesh,Mid-Market,Data Infrastructure,EU-West,France,Direct Field Sales,AI Platform,SKU-AI-9050,Realtime Anomaly Detection,33,11872.0,11.0,348680.64,71235.45,79.57,Net 60,In Fulfillment,Gabriel Santos
ORD-2025-01212,2024-05-26,2024,2024-Q2,CUST-0015,Acme Aerospace Systems,Mid-Market,Manufacturing,APAC-South,Singapore,Direct Field Sales,AI Platform,SKU-AI-9001,Neural Fabric GenAI Platform,27,25296.0,4.0,655672.32,118021.02,82.0,Net 90,In Fulfillment,Astrid Lindgren
ORD-2025-01213,2025-11-06,2025,2025-Q4,CUST-0020,Oscorp Pharmaceutical,Enterprise Strategic,Life Sciences,EU-West,France,Global Alliance Partner,Cybersecurity Suite,SKU-SEC-410,Compliance & Audit Vault,71,7776.0,15.0,469281.6,130788.78,72.13,Net 60,Pending Verification,Jessica Taylor
ORD-2025-01214,2025-01-18,2025,2025-Q1,CUST-0010,Hooli Enterprise Cloud,Enterprise Strategic,Cloud Services,APAC-East,Taiwan,Direct Field Sales,IoT & Edge Computing,SKU-IOT-330,Edge IoT Fleet Orchestrator,85,6460.0,6.0,516154.0,157633.43,69.46,Net 60,Completed,Hannah Schmidt
ORD-2025-01215,2026-03-24,2026,2026-Q1,CUST-0016,Dunder Mifflin Paper & Tech,SMB Growth,Retail & Supplies,US-Central,United States,Global Alliance Partner,Developer Tools,SKU-DEV-701,DevSecOps Automation Mesh,1,4500.0,5.0,4275.0,651.94,84.75,Quarterly Net 30,Completed,Chloe Dubois
ORD-2025-01216,2024-08-07,2024,2024-Q3,CUST-0030,Sartre Software SAS,SMB Growth,Dev Tools,APAC-East,Taiwan,Online B2B Portal,Cloud Infrastructure,SKU-INFRA-805,High-Speed API Gateway Gateway,8,5184.0,1.0,41057.28,7739.3,81.15,Net 90,Pending Verification,Brian O'Connor
ORD-2025-01217,2024-07-09,2024,2024-Q3,CUST-0017,Sterling Cooper Advertising,Mid-Market,Marketing & Media,EU-West,France,Global Alliance Partner,Cloud Infrastructure,SKU-INFRA-805,High-Speed API Gateway Gateway,31,5562.0,10.0,155179.8,34543.02,77.74,Quarterly Net 30,Pending Verification,Sarah Chen
ORD-2025-01218,2026-03-11,2026,2026-Q1,CUST-0024,Aperture Quantum Lab,Mid-Market,Research & Quantum,EU-North,Netherlands,Direct Field Sales,Cloud Infrastructure,SKU-INFRA-805,High-Speed API Gateway Gateway,10,5832.0,1.0,57736.8,10600.48,81.64,Net 30,Pending Verification,Marcus Vance
ORD-2025-01219,2026-06-13,2026,2026-Q2,CUST-0023,Delos Experience Living,Enterprise Strategic,Hospitality,EU-Central,Germany,Global Alliance Partner,IoT & Edge Computing,SKU-IOT-330,Edge IoT Fleet Orchestrator,75,6324.0,25.0,355725.0,89144.69,74.94,Quarterly Net 30,In Fulfillment,Jessica Taylor
ORD-2025-01220,2026-04-19,2026,2026-Q2,CUST-0033,Apex FinTech Global,Enterprise Strategic,Banking,EU-West,United Kingdom,Strategic Reseller Partner,Database Infrastructure,SKU-DB-880,QuantumDB Distributed Cluster,104,17160.0,5.0,1695408.0,341963.79,79.83,Quarterly Net 30,In Fulfillment,Rachel Green
ORD-2025-01221,2026-05-30,2026,2026-Q2,CUST-0034,Quantum Peak Labs,SMB Growth,Semiconductor,APAC-East,Japan,Direct Field Sales,Cloud Infrastructure,SKU-INFRA-805,High-Speed API Gateway Gateway,6,5562.0,4.0,32037.12,5452.72,82.98,Net 60,Pending Verification,Marcus Vance
ORD-2025-01222,2024-04-12,2024,2024-Q2,CUST-0011,Pied Piper Compression,Mid-Market,DeepTech,APAC-South,Singapore,Strategic Reseller Partner,Cybersecurity Suite,SKU-SEC-402,Zero-Trust Security Perimeter,36,9078.0,14.0,281054.88,62197.44,77.87,Net 90,Completed,Jessica Taylor
ORD-2025-01223,2024-10-30,2024,2024-Q4,CUST-0025,Black Mesa Research,Enterprise Strategic,Scientific R&D,MEA,United Arab Emirates,Global Alliance Partner,AI Platform,SKU-AI-9050,Realtime Anomaly Detection,64,11648.0,11.0,663470.08,130040.14,80.4,Net 30,Pending Verification,Astrid Lindgren
ORD-2025-01224,2025-07-23,2025,2025-Q3,CUST-0020,Oscorp Pharmaceutical,Enterprise Strategic,Life Sciences,EU-West,United Kingdom,Direct Field Sales,Cloud Infrastructure,SKU-INFRA-801,Enterprise Data Lakehouse Engine,101,11750.0,13.0,1032472.5,200506.16,80.58,Net 60,Completed,Gabriel Santos
ORD-2025-01225,2024-06-12,2024,2024-Q2,CUST-0027,Vault-Tec Security Hub,Enterprise Strategic,Cybersecurity,EU-North,Netherlands,Strategic Reseller Partner,Database Infrastructure,SKU-DB-880,QuantumDB Distributed Cluster,111,15840.0,12.0,1547251.2,238431.41,84.59,Net 60,Completed,Sarah Chen
ORD-2025-01226,2026-01-13,2026,2026-Q1,CUST-0010,Hooli Enterprise Cloud,Enterprise Strategic,Cloud Services,EU-West,United Kingdom,Global Alliance Partner,Cybersecurity Suite,SKU-SEC-402,Zero-Trust Security Perimeter,91,8633.0,11.0,699186.67,167175.53,76.09,Quarterly Net 30,Pending Verification,Michael Chang
ORD-2025-01227,2024-04-15,2024,2024-Q2,CUST-0031,Athena Health Systems,Mid-Market,Healthcare,EU-West,United Kingdom,Global Alliance Partner,Enterprise ERP,SKU-ERP-101,Global ERP Enterprise Suite,9,35700.0,8.0,295596.0,102778.73,65.23,Net 90,Pending Verification,Alex Mercer
ORD-2025-01228,2025-01-25,2025,2025-Q1,CUST-0017,Sterling Cooper Advertising,Mid-Market,Marketing & Media,US-West,United States,Global Alliance Partner,IoT & Edge Computing,SKU-IOT-330,Edge IoT Fleet Orchestrator,39,7004.0,3.0,264961.32,66452.3,74.92,Annual Pre-Paid,Pending Verification,Elena Rostova
ORD-2025-01229,2025-06-19,2025,2025-Q2,CUST-0007,Tyrell Synthetic Dynamics,Enterprise Strategic,Robotics,US-West,United States,Online B2B Portal,Database Infrastructure,SKU-DB-880,QuantumDB Distributed Cluster,116,16500.0,22.0,1492920.0,259618.79,82.61,Annual Pre-Paid,Completed,Alex Mercer
ORD-2025-01230,2025-10-15,2025,2025-Q4,CUST-0007,Tyrell Synthetic Dynamics,Enterprise Strategic,Robotics,LATAM,Brazil,Online B2B Portal,Enterprise ERP,SKU-ERP-101,Global ERP Enterprise Suite,120,35000.0,10.0,3780000.0,1233792.0,67.36,Net 90,Pending Verification,Sarah Chen
ORD-2025-01231,2024-01-14,2024,2024-Q1,CUST-0007,Tyrell Synthetic Dynamics,Enterprise Strategic,Robotics,APAC-ANZ,Australia,Global Alliance Partner,Database Infrastructure,SKU-DB-880,QuantumDB Distributed Cluster,79,16665.0,15.0,1119054.75,197736.97,82.33,Net 30,Completed,Michael Chang
ORD-2025-01232,2025-09-13,2025,2025-Q3,CUST-0025,Black Mesa Research,Enterprise Strategic,Scientific R&D,APAC-East,Taiwan,Global Alliance Partner,Cloud Infrastructure,SKU-INFRA-801,Enterprise Data Lakehouse Engine,82,13125.0,7.0,1000912.5,208790.35,79.14,Net 30,Completed,Sarah Chen
ORD-2025-01233,2026-02-21,2026,2026-Q1,CUST-0016,Dunder Mifflin Paper & Tech,SMB Growth,Retail & Supplies,EU-West,France,Global Alliance Partner,IoT & Edge Computing,SKU-IOT-330,Edge IoT Fleet Orchestrator,12,6664.0,6.0,75169.92,19311.15,74.31,Annual Pre-Paid,Completed,Jessica Taylor
ORD-2025-01234,2026-04-12,2026,2026-Q2,CUST-0028,LexCorp Advanced Metals,Enterprise Strategic,Materials,APAC-South,Singapore,Direct Field Sales,Database Infrastructure,SKU-DB-880,QuantumDB Distributed Cluster,77,16830.0,9.0,1179278.1,240218.95,79.63,Net 90,Completed,Gabriel Santos
ORD-2025-01235,2024-01-30,2024,2024-Q1,CUST-0030,Sartre Software SAS,SMB Growth,Dev Tools,LATAM,Brazil,Online B2B Portal,Developer Tools,SKU-DEV-701,DevSecOps Automation Mesh,14,4410.0,5.0,58653.0,6029.53,89.72,Net 90,Completed,Gabriel Santos
ORD-2025-01236,2024-02-18,2024,2024-Q1,CUST-0021,Weyland-Yutani Deep Space,Enterprise Strategic,Energy & Mining,EU-Central,Switzerland,Online B2B Portal,Cybersecurity Suite,SKU-SEC-402,Zero-Trust Security Perimeter,31,9434.0,16.0,245661.36,58491.97,76.19,Annual Pre-Paid,Pending Verification,Gabriel Santos
ORD-2025-01237,2026-04-15,2026,2026-Q2,CUST-0012,Massive Dynamic AI,Enterprise Strategic,Artificial Intelligence,LATAM,Brazil,Global Alliance Partner,AI Platform,SKU-AI-9001,Neural Fabric GenAI Platform,47,25048.0,12.0,1035985.28,140479.6,86.44,Net 60,Pending Verification,Hannah Schmidt
ORD-2025-01238,2024-11-09,2024,2024-Q4,CUST-0007,Tyrell Synthetic Dynamics,Enterprise Strategic,Robotics,MEA,United Arab Emirates,Direct Field Sales,IoT & Edge Computing,SKU-IOT-330,Edge IoT Fleet Orchestrator,45,6936.0,17.0,259059.6,67225.97,74.05,Net 60,Pending Verification,Hannah Schmidt
ORD-2025-01239,2025-12-25,2025,2025-Q4,CUST-0032,Zeus Renewable Power,Mid-Market,Clean Energy,EU-West,France,Online B2B Portal,AI Platform,SKU-AI-9050,Realtime Anomaly Detection,25,11984.0,11.0,266644.0,51782.26,80.58,Net 30,In Fulfillment,Rachel Green
ORD-2025-01240,2024-11-13,2024,2024-Q4,CUST-0033,Apex FinTech Global,Enterprise Strategic,Banking,APAC-ANZ,Australia,Online B2B Portal,Cloud Infrastructure,SKU-INFRA-805,High-Speed API Gateway Gateway,73,5508.0,9.0,365896.44,89242.14,75.61,Net 30,Completed,Astrid Lindgren
ORD-2025-01241,2025-09-04,2025,2025-Q3,CUST-0026,Shinra Electric Power,Enterprise Strategic,Energy & Utilities,LATAM,Brazil,Online B2B Portal,Cybersecurity Suite,SKU-SEC-402,Zero-Trust Security Perimeter,96,8722.0,12.0,736834.56,205871.58,72.06,Annual Pre-Paid,Completed,Hannah Schmidt
ORD-2025-01242,2026-01-23,2026,2026-Q1,CUST-0019,Buy N Large Retail Mega,Enterprise Strategic,E-Commerce,APAC-East,Taiwan,Direct Field Sales,Developer Tools,SKU-DEV-701,DevSecOps Automation Mesh,33,4185.0,14.0,118770.3,16176.51,86.38,Net 90,Completed,Chloe Dubois
ORD-2025-01243,2024-08-17,2024,2024-Q3,CUST-0015,Acme Aerospace Systems,Mid-Market,Manufacturing,EU-West,United Kingdom,Strategic Reseller Partner,AI Platform,SKU-AI-9050,Realtime Anomaly Detection,15,10864.0,2.0,159700.8,22805.27,85.72,Quarterly Net 30,Completed,Hannah Schmidt
ORD-2025-01244,2025-03-25,2025,2025-Q1,CUST-0027,Vault-Tec Security Hub,Enterprise Strategic,Cybersecurity,APAC-East,Japan,Strategic Reseller Partner,IoT & Edge Computing,SKU-IOT-330,Edge IoT Fleet Orchestrator,28,6868.0,22.0,149997.12,40469.22,73.02,Annual Pre-Paid,Pending Verification,Astrid Lindgren
ORD-2025-01245,2026-03-26,2026,2026-Q1,CUST-0024,Aperture Quantum Lab,Mid-Market,Research & Quantum,APAC-East,South Korea,Online B2B Portal,IoT & Edge Computing,SKU-IOT-330,Edge IoT Fleet Orchestrator,25,7276.0,5.0,172805.0,52048.87,69.88,Quarterly Net 30,Pending Verification,Sarah Chen
ORD-2025-01246,2025-12-10,2025,2025-Q4,CUST-0009,Wonka Global Logistics,Mid-Market,Supply Chain,EU-West,France,Strategic Reseller Partner,Cloud Infrastructure,SKU-INFRA-805,High-Speed API Gateway Gateway,39,5832.0,2.0,222899.04,41748.99,81.27,Quarterly Net 30,Completed,Michael Chang
ORD-2025-01247,2024-11-17,2024,2024-Q4,CUST-0007,Tyrell Synthetic Dynamics,Enterprise Strategic,Robotics,APAC-East,South Korea,Strategic Reseller Partner,Developer Tools,SKU-DEV-701,DevSecOps Automation Mesh,96,4860.0,19.0,377913.6,43195.52,88.57,Net 60,Completed,Kenji Sato
ORD-2025-01248,2025-08-11,2025,2025-Q3,CUST-0004,Stark Aerospace & Defense,Enterprise Strategic,Aerospace,EU-Central,Switzerland,Global Alliance Partner,AI Platform,SKU-AI-9050,Realtime Anomaly Detection,80,11984.0,14.0,824499.2,170094.18,79.37,Quarterly Net 30,Completed,Michael Chang
ORD-2025-01249,2025-10-27,2025,2025-Q4,CUST-0004,Stark Aerospace & Defense,Enterprise Strategic,Aerospace,MEA,United Arab Emirates,Online B2B Portal,AI Platform,SKU-AI-9050,Realtime Anomaly Detection,116,10416.0,19.0,978687.36,187516.5,80.84,Net 90,Pending Verification,Brian O'Connor
ORD-2025-01250,2026-01-15,2026,2026-Q1,CUST-0002,Globex Corporation,Enterprise Strategic,Conglomerate,APAC-ANZ,Australia,Global Alliance Partner,IoT & Edge Computing,SKU-IOT-330,Edge IoT Fleet Orchestrator,95,6392.0,20.0,485792.0,140053.83,71.17,Annual Pre-Paid,Pending Verification,Michael Chang
ORD-2025-01251,2025-12-14,2025,2025-Q4,CUST-0020,Oscorp Pharmaceutical,Enterprise Strategic,Life Sciences,EU-West,France,Strategic Reseller Partner,Cybersecurity Suite,SKU-SEC-410,Compliance & Audit Vault,107,7704.0,23.0,634732.56,183120.34,71.15,Quarterly Net 30,Pending Verification,Hannah Schmidt
ORD-2025-01252,2024-01-07,2024,2024-Q1,CUST-0004,Stark Aerospace & Defense,Enterprise Strategic,Aerospace,APAC-ANZ,Australia,Online B2B Portal,Cybersecurity Suite,SKU-SEC-410,Compliance & Audit Vault,20,6696.0,20.0,107136.0,31594.41,70.51,Annual Pre-Paid,In Fulfillment,Astrid Lindgren
ORD-2025-01253,2024-07-18,2024,2024-Q3,CUST-0016,Dunder Mifflin Paper & Tech,SMB Growth,Retail & Supplies,APAC-East,Taiwan,Strategic Reseller Partner,Cybersecurity Suite,SKU-SEC-402,Zero-Trust Security Perimeter,1,8900.0,5.0,8455.0,2370.78,71.96,Net 30,Completed,Jessica Taylor
ORD-2025-01254,2025-08-10,2025,2025-Q3,CUST-0025,Black Mesa Research,Enterprise Strategic,Scientific R&D,APAC-East,South Korea,Global Alliance Partner,IoT & Edge Computing,SKU-IOT-330,Edge IoT Fleet Orchestrator,94,7208.0,14.0,582694.72,177954.97,69.46,Net 90,Pending Verification,Marcus Vance
ORD-2025-01255,2025-12-25,2025,2025-Q4,CUST-0028,LexCorp Advanced Metals,Enterprise Strategic,Materials,MEA,United Arab Emirates,Online B2B Portal,AI Platform,SKU-AI-9050,Realtime Anomaly Detection,16,10976.0,9.0,159810.56,32265.75,79.81,Net 30,Pending Verification,Chloe Dubois
ORD-2025-01256,2026-02-08,2026,2026-Q1,CUST-0007,Tyrell Synthetic Dynamics,Enterprise Strategic,Robotics,APAC-East,Japan,Online B2B Portal,Cloud Infrastructure,SKU-INFRA-801,Enterprise Data Lakehouse Engine,117,13500.0,17.0,1310985.0,334694.47,74.47,Net 90,Completed,Marcus Vance
ORD-2025-01257,2024-01-02,2024,2024-Q1,CUST-0034,Quantum Peak Labs,SMB Growth,Semiconductor,US-East,United States,Direct Field Sales,Developer Tools,SKU-DEV-701,DevSecOps Automation Mesh,7,4725.0,2.0,32413.5,4362.86,86.54,Net 90,Completed,Marcus Vance
ORD-2025-01258,2024-07-12,2024,2024-Q3,CUST-0032,Zeus Renewable Power,Mid-Market,Clean Energy,US-Central,United States,Strategic Reseller Partner,Developer Tools,SKU-DEV-701,DevSecOps Automation Mesh,8,4815.0,13.0,33512.4,4423.64,86.8,Quarterly Net 30,In Fulfillment,Brian O'Connor
ORD-2025-01259,2025-03-27,2025,2025-Q1,CUST-0012,Massive Dynamic AI,Enterprise Strategic,Artificial Intelligence,APAC-East,Japan,Strategic Reseller Partner,AI Platform,SKU-AI-9050,Realtime Anomaly Detection,8,11984.0,17.0,79573.76,11848.53,85.11,Net 30,Pending Verification,Brian O'Connor
ORD-2025-01260,2024-10-25,2024,2024-Q4,CUST-0007,Tyrell Synthetic Dynamics,Enterprise Strategic,Robotics,EU-West,France,Strategic Reseller Partner,Cybersecurity Suite,SKU-SEC-410,Compliance & Audit Vault,71,6768.0,8.0,442085.76,125773.4,71.55,Net 60,Pending Verification,Chloe Dubois
ORD-2025-01261,2026-08-08,2026,2026-Q3,CUST-0025,Black Mesa Research,Enterprise Strategic,Scientific R&D,APAC-East,South Korea,Global Alliance Partner,AI Platform,SKU-AI-9001,Neural Fabric GenAI Platform,90,24056.0,16.0,1818633.6,310440.76,82.93,Net 60,Completed,Elena Rostova
ORD-2025-01262,2026-03-24,2026,2026-Q1,CUST-0026,Shinra Electric Power,Enterprise Strategic,Energy & Utilities,US-East,United States,Online B2B Portal,Cloud Infrastructure,SKU-INFRA-801,Enterprise Data Lakehouse Engine,66,13375.0,21.0,697372.5,141845.57,79.66,Quarterly Net 30,Completed,Hannah Schmidt
ORD-2025-01263,2025-06-16,2025,2025-Q2,CUST-0006,Soylent BioTech Global,Mid-Market,BioTech,APAC-South,Singapore,Online B2B Portal,Cloud Infrastructure,SKU-INFRA-805,High-Speed API Gateway Gateway,38,5454.0,9.0,188599.32,41208.95,78.15,Quarterly Net 30,In Fulfillment,Kenji Sato
ORD-2025-01264,2024-11-24,2024,2024-Q4,CUST-0009,Wonka Global Logistics,Mid-Market,Supply Chain,EU-Central,Switzerland,Strategic Reseller Partner,Enterprise ERP,SKU-ERP-101,Global ERP Enterprise Suite,29,34300.0,6.0,935018.0,299953.77,67.92,Annual Pre-Paid,Completed,David Lin
ORD-2025-01265,2025-07-28,2025,2025-Q3,CUST-0031,Athena Health Systems,Mid-Market,Healthcare,APAC-East,Taiwan,Global Alliance Partner,Enterprise ERP,SKU-ERP-101,Global ERP Enterprise Suite,33,36400.0,15.0,1021020.0,304570.27,70.17,Net 30,Completed,Elena Rostova
ORD-2025-01266,2024-04-01,2024,2024-Q2,CUST-0020,Oscorp Pharmaceutical,Enterprise Strategic,Life Sciences,MEA,United Arab Emirates,Strategic Reseller Partner,Developer Tools,SKU-DEV-701,DevSecOps Automation Mesh,99,4140.0,6.0,385268.4,39567.06,89.73,Annual Pre-Paid,In Fulfillment,David Lin
ORD-2025-01267,2025-07-04,2025,2025-Q3,CUST-0004,Stark Aerospace & Defense,Enterprise Strategic,Aerospace,LATAM,Brazil,Global Alliance Partner,Cloud Infrastructure,SKU-INFRA-805,High-Speed API Gateway Gateway,72,5400.0,22.0,303264.0,59288.11,80.45,Net 30,In Fulfillment,Sarah Chen
ORD-2025-01268,2025-04-13,2025,2025-Q2,CUST-0012,Massive Dynamic AI,Enterprise Strategic,Artificial Intelligence,MEA,United Arab Emirates,Strategic Reseller Partner,Developer Tools,SKU-DEV-701,DevSecOps Automation Mesh,14,4500.0,19.0,51030.0,6853.33,86.57,Quarterly Net 30,Completed,Alex Mercer
ORD-2025-01269,2026-08-02,2026,2026-Q3,CUST-0025,Black Mesa Research,Enterprise Strategic,Scientific R&D,EU-West,United Kingdom,Direct Field Sales,Enterprise ERP,SKU-ERP-101,Global ERP Enterprise Suite,5,36050.0,23.0,138792.5,39805.69,71.32,Net 90,In Fulfillment,Jessica Taylor
ORD-2025-01270,2026-04-26,2026,2026-Q2,CUST-0015,Acme Aerospace Systems,Mid-Market,Manufacturing,EU-West,France,Global Alliance Partner,Cloud Infrastructure,SKU-INFRA-801,Enterprise Data Lakehouse Engine,11,12000.0,2.0,129360.0,26712.84,79.35,Annual Pre-Paid,Pending Verification,Elena Rostova
ORD-2025-01271,2026-06-18,2026,2026-Q2,CUST-0018,Virtucon Industries,Enterprise Strategic,Industrial Equipment,EU-North,Netherlands,Direct Field Sales,IoT & Edge Computing,SKU-IOT-330,Edge IoT Fleet Orchestrator,110,6528.0,13.0,624729.6,154870.47,75.21,Annual Pre-Paid,Pending Verification,Rachel Green
ORD-2025-01272,2024-01-11,2024,2024-Q1,CUST-0026,Shinra Electric Power,Enterprise Strategic,Energy & Utilities,US-East,United States,Global Alliance Partner,Cybersecurity Suite,SKU-SEC-402,Zero-Trust Security Perimeter,89,8277.0,19.0,596688.93,167550.25,71.92,Net 60,Completed,Sarah Chen
ORD-2025-01273,2024-07-06,2024,2024-Q3,CUST-0035,Hyperion Data Mesh,Mid-Market,Data Infrastructure,EU-West,France,Strategic Reseller Partner,Enterprise ERP,SKU-ERP-101,Global ERP Enterprise Suite,27,33950.0,4.0,879984.0,256603.33,70.84,Net 90,Completed,Gabriel Santos
ORD-2025-01274,2024-05-02,2024,2024-Q2,CUST-0026,Shinra Electric Power,Enterprise Strategic,Energy & Utilities,LATAM,Brazil,Strategic Reseller Partner,AI Platform,SKU-AI-9001,Neural Fabric GenAI Platform,76,23560.0,22.0,1396636.8,221366.93,84.15,Net 30,Completed,Chloe Dubois
ORD-2025-01275,2024-04-21,2024,2024-Q2,CUST-0008,Umbrella Life Sciences,Enterprise Strategic,Pharma,EU-West,United Kingdom,Direct Field Sales,IoT & Edge Computing,SKU-IOT-330,Edge IoT Fleet Orchestrator,28,7004.0,7.0,182384.16,57378.06,68.54,Annual Pre-Paid,Pending Verification,Chloe Dubois
ORD-2025-01276,2026-01-26,2026,2026-Q1,CUST-0010,Hooli Enterprise Cloud,Enterprise Strategic,Cloud Services,EU-Central,Switzerland,Direct Field Sales,Cloud Infrastructure,SKU-INFRA-805,High-Speed API Gateway Gateway,103,5616.0,24.0,439620.48,84407.13,80.8,Net 30,Completed,Marcus Vance
ORD-2025-01277,2024-12-15,2024,2024-Q4,CUST-0017,Sterling Cooper Advertising,Mid-Market,Marketing & Media,MEA,United Arab Emirates,Strategic Reseller Partner,Developer Tools,SKU-DEV-701,DevSecOps Automation Mesh,31,4590.0,3.0,138021.3,20523.77,85.13,Net 60,Pending Verification,Michael Chang
ORD-2025-01278,2024-03-06,2024,2024-Q1,CUST-0015,Acme Aerospace Systems,Mid-Market,Manufacturing,US-Central,United States,Strategic Reseller Partner,Developer Tools,SKU-DEV-701,DevSecOps Automation Mesh,30,4455.0,0.0,133650.0,15035.63,88.75,Quarterly Net 30,Pending Verification,Michael Chang
ORD-2025-01279,2024-06-13,2024,2024-Q2,CUST-0010,Hooli Enterprise Cloud,Enterprise Strategic,Cloud Services,APAC-East,Japan,Online B2B Portal,Cloud Infrastructure,SKU-INFRA-801,Enterprise Data Lakehouse Engine,19,12375.0,19.0,190451.25,41385.06,78.27,Quarterly Net 30,In Fulfillment,Astrid Lindgren
ORD-2025-01280,2024-11-25,2024,2024-Q4,CUST-0024,Aperture Quantum Lab,Mid-Market,Research & Quantum,US-East,United States,Strategic Reseller Partner,AI Platform,SKU-AI-9001,Neural Fabric GenAI Platform,16,22816.0,0.0,365056.0,71295.44,80.47,Annual Pre-Paid,Completed,Hannah Schmidt
ORD-2025-01281,2024-08-17,2024,2024-Q3,CUST-0003,Initech Cloud Solutions,Mid-Market,Software,APAC-East,Taiwan,Direct Field Sales,Cloud Infrastructure,SKU-INFRA-801,Enterprise Data Lakehouse Engine,32,12750.0,14.0,350880.0,83298.91,76.26,Quarterly Net 30,Completed,Chloe Dubois
ORD-2025-01282,2026-07-21,2026,2026-Q3,CUST-0016,Dunder Mifflin Paper & Tech,SMB Growth,Retail & Supplies,APAC-South,Singapore,Global Alliance Partner,Cybersecurity Suite,SKU-SEC-410,Compliance & Audit Vault,5,7776.0,3.0,37713.6,9941.3,73.64,Net 60,Completed,Michael Chang
ORD-2025-01283,2026-06-19,2026,2026-Q2,CUST-0024,Aperture Quantum Lab,Mid-Market,Research & Quantum,EU-West,United Kingdom,Strategic Reseller Partner,Enterprise ERP,SKU-ERP-101,Global ERP Enterprise Suite,13,34300.0,14.0,383474.0,130151.08,66.06,Net 60,Pending Verification,Astrid Lindgren
ORD-2025-01284,2024-01-22,2024,2024-Q1,CUST-0028,LexCorp Advanced Metals,Enterprise Strategic,Materials,APAC-East,South Korea,Online B2B Portal,Cybersecurity Suite,SKU-SEC-402,Zero-Trust Security Perimeter,10,9167.0,14.0,78836.2,19448.89,75.33,Net 60,Completed,Marcus Vance
ORD-2025-01285,2026-05-10,2026,2026-Q2,CUST-0023,Delos Experience Living,Enterprise Strategic,Hospitality,EU-West,United Kingdom,Global Alliance Partner,IoT & Edge Computing,SKU-IOT-330,Edge IoT Fleet Orchestrator,118,7072.0,13.0,726011.52,206550.28,71.55,Annual Pre-Paid,Completed,David Lin
ORD-2025-01286,2024-12-11,2024,2024-Q4,CUST-0021,Weyland-Yutani Deep Space,Enterprise Strategic,Energy & Mining,APAC-South,Singapore,Global Alliance Partner,Cybersecurity Suite,SKU-SEC-402,Zero-Trust Security Perimeter,97,8544.0,16.0,696165.12,162206.47,76.7,Quarterly Net 30,In Fulfillment,Hannah Schmidt
ORD-2025-01287,2026-01-16,2026,2026-Q1,CUST-0024,Aperture Quantum Lab,Mid-Market,Research & Quantum,MEA,United Arab Emirates,Global Alliance Partner,Cloud Infrastructure,SKU-INFRA-805,High-Speed API Gateway Gateway,28,5238.0,6.0,137864.16,30137.11,78.14,Annual Pre-Paid,Completed,Michael Chang
ORD-2025-01288,2025-10-29,2025,2025-Q4,CUST-0029,Omni Consumer Products,Enterprise Strategic,Consumer Tech,EU-Central,Germany,Global Alliance Partner,Cloud Infrastructure,SKU-INFRA-801,Enterprise Data Lakehouse Engine,30,12625.0,9.0,344662.5,85303.97,75.25,Annual Pre-Paid,Completed,Marcus Vance
ORD-2025-01289,2025-03-29,2025,2025-Q1,CUST-0002,Globex Corporation,Enterprise Strategic,Conglomerate,APAC-ANZ,Australia,Strategic Reseller Partner,IoT & Edge Computing,SKU-IOT-330,Edge IoT Fleet Orchestrator,77,6528.0,18.0,412177.92,107289.91,73.97,Quarterly Net 30,In Fulfillment,Vikram Patel
ORD-2025-01290,2025-02-15,2025,2025-Q1,CUST-0013,Oceanic Airlines Group,Enterprise Strategic,Aviation,US-Central,United States,Global Alliance Partner,Developer Tools,SKU-DEV-701,DevSecOps Automation Mesh,64,4680.0,10.0,269568.0,32078.59,88.1,Annual Pre-Paid,Pending Verification,Rachel Green
ORD-2025-01291,2026-02-20,2026,2026-Q1,CUST-0034,Quantum Peak Labs,SMB Growth,Semiconductor,APAC-ANZ,Australia,Direct Field Sales,AI Platform,SKU-AI-9001,Neural Fabric GenAI Platform,13,22816.0,1.0,293641.92,37116.34,87.36,Net 30,Pending Verification,Hannah Schmidt
ORD-2025-01292,2024-04-02,2024,2024-Q2,CUST-0021,Weyland-Yutani Deep Space,Enterprise Strategic,Energy & Mining,MEA,United Arab Emirates,Online B2B Portal,Database Infrastructure,SKU-DB-880,QuantumDB Distributed Cluster,100,15675.0,8.0,1442100.0,234629.67,83.73,Net 90,Pending Verification,Rachel Green
ORD-2025-01293,2026-07-15,2026,2026-Q3,CUST-0029,Omni Consumer Products,Enterprise Strategic,Consumer Tech,EU-Central,Switzerland,Online B2B Portal,Cybersecurity Suite,SKU-SEC-402,Zero-Trust Security Perimeter,42,9345.0,11.0,349316.1,96830.42,72.28,Net 60,In Fulfillment,Jessica Taylor
ORD-2025-01294,2024-05-01,2024,2024-Q2,CUST-0035,Hyperion Data Mesh,Mid-Market,Data Infrastructure,MEA,United Arab Emirates,Global Alliance Partner,Cybersecurity Suite,SKU-SEC-402,Zero-Trust Security Perimeter,37,8900.0,8.0,302956.0,64014.6,78.87,Net 60,Completed,Vikram Patel
ORD-2025-01295,2024-05-30,2024,2024-Q2,CUST-0029,Omni Consumer Products,Enterprise Strategic,Consumer Tech,US-West,United States,Direct Field Sales,Cybersecurity Suite,SKU-SEC-402,Zero-Trust Security Perimeter,117,8722.0,13.0,887812.38,245391.34,72.36,Net 30,Pending Verification,Brian O'Connor
ORD-2025-01296,2025-03-27,2025,2025-Q1,CUST-0012,Massive Dynamic AI,Enterprise Strategic,Artificial Intelligence,EU-Central,Switzerland,Direct Field Sales,AI Platform,SKU-AI-9050,Realtime Anomaly Detection,90,11872.0,16.0,897523.2,126550.77,85.9,Net 90,Completed,Marcus Vance
ORD-2025-01297,2024-05-18,2024,2024-Q2,CUST-0020,Oscorp Pharmaceutical,Enterprise Strategic,Life Sciences,APAC-South,Singapore,Global Alliance Partner,Cybersecurity Suite,SKU-SEC-402,Zero-Trust Security Perimeter,19,9345.0,25.0,133166.25,31493.82,76.35,Net 90,Pending Verification,Astrid Lindgren
ORD-2025-01298,2026-03-22,2026,2026-Q1,CUST-0006,Soylent BioTech Global,Mid-Market,BioTech,EU-West,France,Global Alliance Partner,Cloud Infrastructure,SKU-INFRA-801,Enterprise Data Lakehouse Engine,39,11875.0,6.0,435337.5,83541.27,80.81,Net 60,Pending Verification,Michael Chang
ORD-2025-01299,2026-07-14,2026,2026-Q3,CUST-0002,Globex Corporation,Enterprise Strategic,Conglomerate,EU-Central,Switzerland,Online B2B Portal,Cybersecurity Suite,SKU-SEC-402,Zero-Trust Security Perimeter,11,9167.0,18.0,82686.34,22242.63,73.1,Annual Pre-Paid,Pending Verification,Alex Mercer
ORD-2025-01300,2024-10-06,2024,2024-Q4,CUST-0030,Sartre Software SAS,SMB Growth,Dev Tools,APAC-South,Singapore,Direct Field Sales,Developer Tools,SKU-DEV-701,DevSecOps Automation Mesh,9,4770.0,0.0,42930.0,4546.29,89.41,Net 30,Completed,Kenji Sato
ORD-2025-01301,2025-01-24,2025,2025-Q1,CUST-0013,Oceanic Airlines Group,Enterprise Strategic,Aviation,MEA,United Arab Emirates,Global Alliance Partner,IoT & Edge Computing,SKU-IOT-330,Edge IoT Fleet Orchestrator,54,7004.0,6.0,355523.04,93964.74,73.57,Net 90,Pending Verification,Gabriel Santos
ORD-2025-01302,2025-06-08,2025,2025-Q2,CUST-0028,LexCorp Advanced Metals,Enterprise Strategic,Materials,EU-North,Netherlands,Online B2B Portal,Cybersecurity Suite,SKU-SEC-402,Zero-Trust Security Perimeter,49,8989.0,19.0,356773.41,89514.45,74.91,Net 90,Completed,Brian O'Connor
ORD-2025-01303,2025-04-05,2025,2025-Q2,CUST-0006,Soylent BioTech Global,Mid-Market,BioTech,APAC-East,South Korea,Online B2B Portal,Cloud Infrastructure,SKU-INFRA-805,High-Speed API Gateway Gateway,9,5076.0,0.0,45684.0,8634.28,81.1,Net 60,Completed,Marcus Vance
ORD-2025-01304,2025-01-17,2025,2025-Q1,CUST-0005,Wayne Enterprises Holdings,Enterprise Strategic,Finance & Industrial,US-Central,United States,Strategic Reseller Partner,AI Platform,SKU-AI-9001,Neural Fabric GenAI Platform,115,25792.0,7.0,2758454.4,389217.92,85.89,Net 90,Completed,Marcus Vance
ORD-2025-01305,2025-08-19,2025,2025-Q3,CUST-0030,Sartre Software SAS,SMB Growth,Dev Tools,APAC-South,Singapore,Online B2B Portal,AI Platform,SKU-AI-9001,Neural Fabric GenAI Platform,10,25544.0,1.0,252885.6,46530.95,81.6,Net 30,In Fulfillment,Sarah Chen
ORD-2025-01306,2026-01-05,2026,2026-Q1,CUST-0006,Soylent BioTech Global,Mid-Market,BioTech,US-East,United States,Global Alliance Partner,Database Infrastructure,SKU-DB-880,QuantumDB Distributed Cluster,15,15345.0,1.0,227873.25,46577.29,79.56,Quarterly Net 30,In Fulfillment,Chloe Dubois
ORD-2025-01307,2026-04-17,2026,2026-Q2,CUST-0013,Oceanic Airlines Group,Enterprise Strategic,Aviation,APAC-ANZ,Australia,Global Alliance Partner,Cybersecurity Suite,SKU-SEC-410,Compliance & Audit Vault,95,6984.0,9.0,603766.8,148466.26,75.41,Net 30,Completed,Marcus Vance
ORD-2025-01308,2025-06-03,2025,2025-Q2,CUST-0001,Cyberdyne Systems Corp,Enterprise Strategic,Technology & AI,US-West,United States,Strategic Reseller Partner,Database Infrastructure,SKU-DB-880,QuantumDB Distributed Cluster,38,16665.0,8.0,582608.4,88673.0,84.78,Net 30,Completed,Elena Rostova
ORD-2025-01309,2024-07-10,2024,2024-Q3,CUST-0021,Weyland-Yutani Deep Space,Enterprise Strategic,Energy & Mining,APAC-East,South Korea,Strategic Reseller Partner,Cybersecurity Suite,SKU-SEC-402,Zero-Trust Security Perimeter,55,8989.0,18.0,405403.9,98067.2,75.81,Quarterly Net 30,Pending Verification,Elena Rostova
ORD-2025-01310,2025-03-12,2025,2025-Q1,CUST-0017,Sterling Cooper Advertising,Mid-Market,Marketing & Media,LATAM,Brazil,Online B2B Portal,Database Infrastructure,SKU-DB-880,QuantumDB Distributed Cluster,35,17490.0,0.0,612150.0,107309.9,82.47,Net 90,In Fulfillment,Sarah Chen
ORD-2025-01311,2024-03-04,2024,2024-Q1,CUST-0005,Wayne Enterprises Holdings,Enterprise Strategic,Finance & Industrial,EU-Central,Switzerland,Online B2B Portal,Cloud Infrastructure,SKU-INFRA-801,Enterprise Data Lakehouse Engine,84,12375.0,20.0,831600.0,171392.76,79.39,Annual Pre-Paid,Completed,Astrid Lindgren
ORD-2025-01312,2025-11-21,2025,2025-Q4,CUST-0006,Soylent BioTech Global,Mid-Market,BioTech,EU-West,France,Online B2B Portal,Cybersecurity Suite,SKU-SEC-410,Compliance & Audit Vault,6,7488.0,9.0,40884.48,11222.79,72.55,Net 90,Completed,David Lin
ORD-2025-01313,2025-05-26,2025,2025-Q2,CUST-0020,Oscorp Pharmaceutical,Enterprise Strategic,Life Sciences,APAC-East,South Korea,Global Alliance Partner,Developer Tools,SKU-DEV-701,DevSecOps Automation Mesh,74,4275.0,25.0,237262.5,31555.91,86.7,Net 30,Pending Verification,Jessica Taylor
ORD-2025-01314,2025-04-21,2025,2025-Q2,CUST-0030,Sartre Software SAS,SMB Growth,Dev Tools,EU-West,France,Global Alliance Partner,AI Platform,SKU-AI-9050,Realtime Anomaly Detection,14,11088.0,7.0,144365.76,30114.7,79.14,Annual Pre-Paid,Completed,Alex Mercer
ORD-2025-01315,2026-06-13,2026,2026-Q2,CUST-0009,Wonka Global Logistics,Mid-Market,Supply Chain,APAC-East,South Korea,Online B2B Portal,IoT & Edge Computing,SKU-IOT-330,Edge IoT Fleet Orchestrator,11,6256.0,6.0,64687.04,16605.16,74.33,Net 60,In Fulfillment,Rachel Green
ORD-2025-01316,2024-07-07,2024,2024-Q3,CUST-0014,Nakatomi Trading Corp,Mid-Market,Trading & Real Estate,US-West,United States,Direct Field Sales,IoT & Edge Computing,SKU-IOT-330,Edge IoT Fleet Orchestrator,32,6596.0,2.0,206850.56,65840.53,68.17,Annual Pre-Paid,In Fulfillment,Kenji Sato
ORD-2025-01317,2026-04-29,2026,2026-Q2,CUST-0018,Virtucon Industries,Enterprise Strategic,Industrial Equipment,EU-West,United Kingdom,Strategic Reseller Partner,AI Platform,SKU-AI-9050,Realtime Anomaly Detection,82,11088.0,19.0,736464.96,106198.25,85.58,Net 60,Completed,Vikram Patel
ORD-2025-01318,2024-03-02,2024,2024-Q1,CUST-0023,Delos Experience Living,Enterprise Strategic,Hospitality,US-West,United States,Direct Field Sales,Developer Tools,SKU-DEV-701,DevSecOps Automation Mesh,95,4365.0,15.0,352473.75,56818.77,83.88,Annual Pre-Paid,In Fulfillment,Jessica Taylor
ORD-2025-01319,2025-05-17,2025,2025-Q2,CUST-0001,Cyberdyne Systems Corp,Enterprise Strategic,Technology & AI,EU-Central,Germany,Strategic Reseller Partner,Developer Tools,SKU-DEV-701,DevSecOps Automation Mesh,85,4590.0,11.0,347233.5,45522.31,86.89,Quarterly Net 30,In Fulfillment,Michael Chang
ORD-2025-01320,2024-10-15,2024,2024-Q4,CUST-0022,Gekko Financial Partners,Enterprise Strategic,FinTech & Hedge Fund,APAC-ANZ,Australia,Online B2B Portal,Cybersecurity Suite,SKU-SEC-402,Zero-Trust Security Perimeter,52,8900.0,16.0,388752.0,112193.83,71.14,Net 90,Completed,Elena Rostova
ORD-2025-01321,2024-08-02,2024,2024-Q3,CUST-0021,Weyland-Yutani Deep Space,Enterprise Strategic,Energy & Mining,APAC-ANZ,Australia,Strategic Reseller Partner,Developer Tools,SKU-DEV-701,DevSecOps Automation Mesh,86,4860.0,23.0,321829.2,37686.2,88.29,Quarterly Net 30,Pending Verification,Rachel Green
ORD-2025-01322,2026-03-23,2026,2026-Q1,CUST-0022,Gekko Financial Partners,Enterprise Strategic,FinTech & Hedge Fund,APAC-ANZ,Australia,Strategic Reseller Partner,Cybersecurity Suite,SKU-SEC-402,Zero-Trust Security Perimeter,46,8989.0,21.0,326660.26,70917.94,78.29,Quarterly Net 30,In Fulfillment,Hannah Schmidt
ORD-2025-01323,2026-04-19,2026,2026-Q2,CUST-0016,Dunder Mifflin Paper & Tech,SMB Growth,Retail & Supplies,EU-Central,Switzerland,Global Alliance Partner,Cloud Infrastructure,SKU-INFRA-801,Enterprise Data Lakehouse Engine,6,11750.0,4.0,67680.0,13536.0,80.0,Quarterly Net 30,Pending Verification,Sarah Chen
ORD-2025-01324,2025-06-25,2025,2025-Q2,CUST-0032,Zeus Renewable Power,Mid-Market,Clean Energy,EU-Central,Switzerland,Online B2B Portal,AI Platform,SKU-AI-9001,Neural Fabric GenAI Platform,30,23560.0,6.0,664392.0,91951.85,86.16,Net 60,Pending Verification,Hannah Schmidt
ORD-2025-01325,2026-03-07,2026,2026-Q1,CUST-0004,Stark Aerospace & Defense,Enterprise Strategic,Aerospace,EU-Central,Switzerland,Strategic Reseller Partner,Database Infrastructure,SKU-DB-880,QuantumDB Distributed Cluster,86,16170.0,5.0,1321089.0,238192.35,81.97,Quarterly Net 30,In Fulfillment,Gabriel Santos
ORD-2025-01326,2024-10-06,2024,2024-Q4,CUST-0021,Weyland-Yutani Deep Space,Enterprise Strategic,Energy & Mining,EU-Central,Switzerland,Online B2B Portal,Cybersecurity Suite,SKU-SEC-410,Compliance & Audit Vault,118,7560.0,16.0,749347.2,186062.91,75.17,Quarterly Net 30,Completed,Kenji Sato
ORD-2025-01327,2026-01-21,2026,2026-Q1,CUST-0004,Stark Aerospace & Defense,Enterprise Strategic,Aerospace,APAC-ANZ,Australia,Strategic Reseller Partner,Cloud Infrastructure,SKU-INFRA-805,High-Speed API Gateway Gateway,107,5184.0,15.0,471484.8,103679.51,78.01,Net 30,Pending Verification,Kenji Sato
ORD-2025-01328,2024-07-28,2024,2024-Q3,CUST-0010,Hooli Enterprise Cloud,Enterprise Strategic,Cloud Services,EU-Central,Germany,Direct Field Sales,Cloud Infrastructure,SKU-INFRA-801,Enterprise Data Lakehouse Engine,88,12375.0,18.0,892980.0,205831.89,76.95,Net 60,Completed,Vikram Patel
ORD-2025-01329,2025-01-26,2025,2025-Q1,CUST-0011,Pied Piper Compression,Mid-Market,DeepTech,APAC-East,Taiwan,Global Alliance Partner,Developer Tools,SKU-DEV-701,DevSecOps Automation Mesh,8,4455.0,14.0,30650.4,5032.8,83.58,Quarterly Net 30,Completed,Kenji Sato
ORD-2025-01330,2024-06-15,2024,2024-Q2,CUST-0009,Wonka Global Logistics,Mid-Market,Supply Chain,EU-West,France,Direct Field Sales,AI Platform,SKU-AI-9001,Neural Fabric GenAI Platform,5,25048.0,13.0,108958.8,18577.48,82.95,Net 90,Completed,Michael Chang
ORD-2025-01331,2024-01-27,2024,2024-Q1,CUST-0028,LexCorp Advanced Metals,Enterprise Strategic,Materials,APAC-South,Singapore,Online B2B Portal,IoT & Edge Computing,SKU-IOT-330,Edge IoT Fleet Orchestrator,27,7140.0,12.0,169646.4,53811.84,68.28,Net 90,Pending Verification,Rachel Green
ORD-2025-01332,2026-02-13,2026,2026-Q1,CUST-0003,Initech Cloud Solutions,Mid-Market,Software,MEA,United Arab Emirates,Direct Field Sales,Cybersecurity Suite,SKU-SEC-402,Zero-Trust Security Perimeter,33,8277.0,1.0,270409.59,75146.83,72.21,Quarterly Net 30,In Fulfillment,Astrid Lindgren
ORD-2025-01333,2024-08-28,2024,2024-Q3,CUST-0006,Soylent BioTech Global,Mid-Market,BioTech,APAC-East,South Korea,Online B2B Portal,Developer Tools,SKU-DEV-701,DevSecOps Automation Mesh,23,4365.0,1.0,99391.05,17333.8,82.56,Annual Pre-Paid,Completed,Michael Chang
ORD-2025-01334,2025-03-02,2025,2025-Q1,CUST-0026,Shinra Electric Power,Enterprise Strategic,Energy & Utilities,APAC-ANZ,Australia,Strategic Reseller Partner,Cloud Infrastructure,SKU-INFRA-805,High-Speed API Gateway Gateway,110,5130.0,7.0,524799.0,124534.8,76.27,Net 90,In Fulfillment,Elena Rostova
ORD-2025-01335,2024-02-27,2024,2024-Q1,CUST-0002,Globex Corporation,Enterprise Strategic,Conglomerate,US-East,United States,Strategic Reseller Partner,AI Platform,SKU-AI-9050,Realtime Anomaly Detection,10,11648.0,6.0,109491.2,15766.73,85.6,Net 60,Pending Verification,David Lin
ORD-2025-01336,2025-01-31,2025,2025-Q1,CUST-0026,Shinra Electric Power,Enterprise Strategic,Energy & Utilities,US-East,United States,Online B2B Portal,AI Platform,SKU-AI-9050,Realtime Anomaly Detection,8,11536.0,18.0,75676.16,13319.0,82.4,Net 30,In Fulfillment,Rachel Green
ORD-2025-01337,2024-02-06,2024,2024-Q1,CUST-0014,Nakatomi Trading Corp,Mid-Market,Trading & Real Estate,EU-West,United Kingdom,Global Alliance Partner,Cloud Infrastructure,SKU-INFRA-801,Enterprise Data Lakehouse Engine,24,12625.0,11.0,269670.0,62185.9,76.94,Net 60,Completed,Elena Rostova
ORD-2025-01338,2024-06-04,2024,2024-Q2,CUST-0035,Hyperion Data Mesh,Mid-Market,Data Infrastructure,US-East,United States,Online B2B Portal,Enterprise ERP,SKU-ERP-101,Global ERP Enterprise Suite,37,34300.0,6.0,1192954.0,349774.11,70.68,Quarterly Net 30,Pending Verification,David Lin
ORD-2025-01339,2024-07-19,2024,2024-Q3,CUST-0021,Weyland-Yutani Deep Space,Enterprise Strategic,Energy & Mining,MEA,United Arab Emirates,Online B2B Portal,IoT & Edge Computing,SKU-IOT-330,Edge IoT Fleet Orchestrator,20,6732.0,18.0,110404.8,31399.13,71.56,Quarterly Net 30,Completed,Elena Rostova
ORD-2025-01340,2024-07-08,2024,2024-Q3,CUST-0008,Umbrella Life Sciences,Enterprise Strategic,Pharma,US-East,United States,Global Alliance Partner,AI Platform,SKU-AI-9001,Neural Fabric GenAI Platform,100,23560.0,24.0,1790560.0,249245.95,86.08,Net 90,In Fulfillment,Brian O'Connor
ORD-2025-01341,2025-08-30,2025,2025-Q3,CUST-0020,Oscorp Pharmaceutical,Enterprise Strategic,Life Sciences,EU-West,France,Global Alliance Partner,Cloud Infrastructure,SKU-INFRA-801,Enterprise Data Lakehouse Engine,87,12625.0,18.0,900667.5,170406.29,81.08,Net 90,In Fulfillment,Michael Chang
ORD-2025-01342,2024-01-25,2024,2024-Q1,CUST-0020,Oscorp Pharmaceutical,Enterprise Strategic,Life Sciences,US-East,United States,Strategic Reseller Partner,Cybersecurity Suite,SKU-SEC-402,Zero-Trust Security Perimeter,115,8900.0,12.0,900680.0,209318.03,76.76,Net 90,Completed,Jessica Taylor
ORD-2025-01343,2025-09-08,2025,2025-Q3,CUST-0011,Pied Piper Compression,Mid-Market,DeepTech,MEA,United Arab Emirates,Global Alliance Partner,AI Platform,SKU-AI-9050,Realtime Anomaly Detection,37,11760.0,9.0,395959.2,65966.8,83.34,Net 60,Completed,Rachel Green
ORD-2025-01344,2024-04-19,2024,2024-Q2,CUST-0001,Cyberdyne Systems Corp,Enterprise Strategic,Technology & AI,LATAM,Brazil,Direct Field Sales,Cybersecurity Suite,SKU-SEC-410,Compliance & Audit Vault,11,7704.0,22.0,66100.32,14912.23,77.44,Net 90,Completed,Jessica Taylor
ORD-2025-01345,2026-01-16,2026,2026-Q1,CUST-0011,Pied Piper Compression,Mid-Market,DeepTech,US-West,United States,Direct Field Sales,Developer Tools,SKU-DEV-701,DevSecOps Automation Mesh,15,4860.0,10.0,65610.0,7919.13,87.93,Net 90,Completed,Kenji Sato
ORD-2025-01346,2025-03-03,2025,2025-Q1,CUST-0002,Globex Corporation,Enterprise Strategic,Conglomerate,EU-Central,Germany,Direct Field Sales,AI Platform,SKU-AI-9001,Neural Fabric GenAI Platform,43,24552.0,8.0,971277.12,121798.15,87.46,Net 60,Completed,Brian O'Connor
ORD-2025-01347,2025-10-13,2025,2025-Q4,CUST-0002,Globex Corporation,Enterprise Strategic,Conglomerate,MEA,United Arab Emirates,Global Alliance Partner,Cybersecurity Suite,SKU-SEC-402,Zero-Trust Security Perimeter,6,9256.0,7.0,51648.48,13098.05,74.64,Quarterly Net 30,Pending Verification,Kenji Sato
ORD-2025-01348,2024-01-24,2024,2024-Q1,CUST-0031,Athena Health Systems,Mid-Market,Healthcare,US-West,United States,Strategic Reseller Partner,Database Infrastructure,SKU-DB-880,QuantumDB Distributed Cluster,6,16170.0,6.0,91198.8,20702.13,77.3,Annual Pre-Paid,Completed,Jessica Taylor
ORD-2025-01349,2024-06-28,2024,2024-Q2,CUST-0001,Cyberdyne Systems Corp,Enterprise Strategic,Technology & AI,APAC-East,Taiwan,Direct Field Sales,AI Platform,SKU-AI-9001,Neural Fabric GenAI Platform,103,25544.0,23.0,2025894.64,288689.99,85.75,Net 60,Pending Verification,Alex Mercer
ORD-2025-01350,2025-11-18,2025,2025-Q4,CUST-0018,Virtucon Industries,Enterprise Strategic,Industrial Equipment,LATAM,Brazil,Strategic Reseller Partner,Database Infrastructure,SKU-DB-880,QuantumDB Distributed Cluster,93,15180.0,14.0,1214096.4,216109.16,82.2,Quarterly Net 30,Completed,Michael Chang
ORD-2025-01351,2025-12-20,2025,2025-Q4,CUST-0032,Zeus Renewable Power,Mid-Market,Clean Energy,APAC-East,South Korea,Strategic Reseller Partner,Cloud Infrastructure,SKU-INFRA-801,Enterprise Data Lakehouse Engine,20,12750.0,5.0,242250.0,54142.87,77.65,Annual Pre-Paid,In Fulfillment,David Lin
ORD-2025-01352,2025-11-05,2025,2025-Q4,CUST-0024,Aperture Quantum Lab,Mid-Market,Research & Quantum,APAC-ANZ,Australia,Strategic Reseller Partner,Developer Tools,SKU-DEV-701,DevSecOps Automation Mesh,24,4545.0,6.0,102535.2,15400.79,84.98,Net 90,Pending Verification,Marcus Vance
ORD-2025-01353,2026-04-13,2026,2026-Q2,CUST-0032,Zeus Renewable Power,Mid-Market,Clean Energy,APAC-South,Singapore,Global Alliance Partner,Developer Tools,SKU-DEV-701,DevSecOps Automation Mesh,29,4320.0,1.0,124027.2,20960.6,83.1,Net 90,Completed,Chloe Dubois
ORD-2025-01354,2026-02-10,2026,2026-Q1,CUST-0035,Hyperion Data Mesh,Mid-Market,Data Infrastructure,LATAM,Brazil,Strategic Reseller Partner,Cloud Infrastructure,SKU-INFRA-801,Enterprise Data Lakehouse Engine,23,13250.0,8.0,280370.0,58877.7,79.0,Quarterly Net 30,Pending Verification,Michael Chang
ORD-2025-01355,2025-10-09,2025,2025-Q4,CUST-0011,Pied Piper Compression,Mid-Market,DeepTech,LATAM,Brazil,Strategic Reseller Partner,Database Infrastructure,SKU-DB-880,QuantumDB Distributed Cluster,27,16335.0,1.0,436634.55,96496.24,77.9,Quarterly Net 30,Completed,Michael Chang
ORD-2025-01356,2024-04-16,2024,2024-Q2,CUST-0001,Cyberdyne Systems Corp,Enterprise Strategic,Technology & AI,EU-Central,Germany,Strategic Reseller Partner,Database Infrastructure,SKU-DB-880,QuantumDB Distributed Cluster,92,16005.0,19.0,1192692.6,263107.99,77.94,Net 90,Completed,Michael Chang
ORD-2025-01357,2025-11-03,2025,2025-Q4,CUST-0026,Shinra Electric Power,Enterprise Strategic,Energy & Utilities,EU-West,United Kingdom,Online B2B Portal,IoT & Edge Computing,SKU-IOT-330,Edge IoT Fleet Orchestrator,93,6392.0,20.0,475564.8,127831.82,73.12,Annual Pre-Paid,In Fulfillment,Hannah Schmidt
ORD-2025-01358,2025-12-11,2025,2025-Q4,CUST-0013,Oceanic Airlines Group,Enterprise Strategic,Aviation,APAC-ANZ,Australia,Direct Field Sales,Cloud Infrastructure,SKU-INFRA-805,High-Speed API Gateway Gateway,107,5076.0,7.0,505112.76,123348.54,75.58,Net 90,In Fulfillment,Gabriel Santos
ORD-2025-01359,2025-02-19,2025,2025-Q1,CUST-0020,Oscorp Pharmaceutical,Enterprise Strategic,Life Sciences,LATAM,Brazil,Strategic Reseller Partner,Cloud Infrastructure,SKU-INFRA-805,High-Speed API Gateway Gateway,86,5670.0,7.0,453486.6,112510.03,75.19,Net 30,Pending Verification,Sarah Chen
ORD-2025-01360,2024-07-31,2024,2024-Q3,CUST-0012,Massive Dynamic AI,Enterprise Strategic,Artificial Intelligence,LATAM,Brazil,Direct Field Sales,AI Platform,SKU-AI-9001,Neural Fabric GenAI Platform,37,23312.0,14.0,741787.84,92278.41,87.56,Annual Pre-Paid,Completed,Astrid Lindgren
ORD-2025-01361,2025-09-03,2025,2025-Q3,CUST-0020,Oscorp Pharmaceutical,Enterprise Strategic,Life Sciences,EU-West,France,Global Alliance Partner,Developer Tools,SKU-DEV-701,DevSecOps Automation Mesh,31,4590.0,11.0,126638.1,13474.29,89.36,Quarterly Net 30,Completed,Vikram Patel
ORD-2025-01362,2025-05-18,2025,2025-Q2,CUST-0003,Initech Cloud Solutions,Mid-Market,Software,EU-Central,Switzerland,Online B2B Portal,Developer Tools,SKU-DEV-701,DevSecOps Automation Mesh,3,4500.0,4.0,12960.0,1505.95,88.38,Quarterly Net 30,Completed,Jessica Taylor
ORD-2025-01363,2025-12-06,2025,2025-Q4,CUST-0023,Delos Experience Living,Enterprise Strategic,Hospitality,APAC-South,Singapore,Global Alliance Partner,Cloud Infrastructure,SKU-INFRA-801,Enterprise Data Lakehouse Engine,53,12500.0,6.0,622750.0,116765.62,81.25,Annual Pre-Paid,Pending Verification,Michael Chang
ORD-2025-01364,2024-04-04,2024,2024-Q2,CUST-0006,Soylent BioTech Global,Mid-Market,BioTech,EU-West,United Kingdom,Direct Field Sales,AI Platform,SKU-AI-9050,Realtime Anomaly Detection,26,10752.0,11.0,248801.28,35155.62,85.87,Net 30,Pending Verification,Kenji Sato
ORD-2025-01365,2025-07-19,2025,2025-Q3,CUST-0029,Omni Consumer Products,Enterprise Strategic,Consumer Tech,EU-West,United Kingdom,Global Alliance Partner,AI Platform,SKU-AI-9001,Neural Fabric GenAI Platform,6,25048.0,19.0,121733.28,17773.06,85.4,Net 30,Completed,Sarah Chen
ORD-2025-01366,2025-05-29,2025,2025-Q2,CUST-0012,Massive Dynamic AI,Enterprise Strategic,Artificial Intelligence,EU-Central,Switzerland,Online B2B Portal,Cybersecurity Suite,SKU-SEC-410,Compliance & Audit Vault,54,7272.0,21.0,310223.52,75105.11,75.79,Net 90,Completed,Astrid Lindgren
ORD-2025-01367,2025-06-13,2025,2025-Q2,CUST-0032,Zeus Renewable Power,Mid-Market,Clean Energy,US-Central,United States,Global Alliance Partner,Enterprise ERP,SKU-ERP-101,Global ERP Enterprise Suite,12,35700.0,1.0,424116.0,138219.4,67.41,Net 60,Completed,Elena Rostova
ORD-2025-01368,2025-05-08,2025,2025-Q2,CUST-0032,Zeus Renewable Power,Mid-Market,Clean Energy,EU-West,United Kingdom,Direct Field Sales,IoT & Edge Computing,SKU-IOT-330,Edge IoT Fleet Orchestrator,13,6324.0,12.0,72346.56,22094.64,69.46,Net 90,Completed,Elena Rostova
ORD-2025-01369,2025-12-31,2025,2025-Q4,CUST-0029,Omni Consumer Products,Enterprise Strategic,Consumer Tech,APAC-East,South Korea,Direct Field Sales,AI Platform,SKU-AI-9001,Neural Fabric GenAI Platform,26,25792.0,8.0,616944.64,76686.22,87.57,Quarterly Net 30,Completed,Chloe Dubois
ORD-2025-01370,2025-05-23,2025,2025-Q2,CUST-0024,Aperture Quantum Lab,Mid-Market,Research & Quantum,APAC-East,South Korea,Global Alliance Partner,Cloud Infrastructure,SKU-INFRA-801,Enterprise Data Lakehouse Engine,35,12250.0,13.0,373012.5,80757.21,78.35,Annual Pre-Paid,Completed,Alex Mercer
ORD-2025-01371,2024-10-12,2024,2024-Q4,CUST-0028,LexCorp Advanced Metals,Enterprise Strategic,Materials,APAC-East,Japan,Global Alliance Partner,AI Platform,SKU-AI-9001,Neural Fabric GenAI Platform,13,26288.0,7.0,317821.92,46656.26,85.32,Annual Pre-Paid,Completed,Michael Chang
ORD-2025-01372,2026-07-30,2026,2026-Q3,CUST-0016,Dunder Mifflin Paper & Tech,SMB Growth,Retail & Supplies,MEA,United Arab Emirates,Strategic Reseller Partner,AI Platform,SKU-AI-9001,Neural Fabric GenAI Platform,1,25048.0,1.0,24797.52,3640.28,85.32,Annual Pre-Paid,Pending Verification,Michael Chang
ORD-2025-01373,2024-09-26,2024,2024-Q3,CUST-0031,Athena Health Systems,Mid-Market,Healthcare,US-West,United States,Strategic Reseller Partner,Cybersecurity Suite,SKU-SEC-410,Compliance & Audit Vault,28,6696.0,2.0,183738.24,52144.91,71.62,Net 90,In Fulfillment,Astrid Lindgren
ORD-2025-01374,2025-12-19,2025,2025-Q4,CUST-0026,Shinra Electric Power,Enterprise Strategic,Energy & Utilities,US-East,United States,Online B2B Portal,Cloud Infrastructure,SKU-INFRA-801,Enterprise Data Lakehouse Engine,70,11750.0,21.0,649775.0,134308.49,79.33,Quarterly Net 30,Completed,Kenji Sato
ORD-2025-01375,2026-06-20,2026,2026-Q2,CUST-0009,Wonka Global Logistics,Mid-Market,Supply Chain,EU-West,France,Strategic Reseller Partner,AI Platform,SKU-AI-9050,Realtime Anomaly Detection,15,11200.0,3.0,162960.0,29609.83,81.83,Net 30,In Fulfillment,Jessica Taylor
ORD-2025-01376,2025-07-20,2025,2025-Q3,CUST-0035,Hyperion Data Mesh,Mid-Market,Data Infrastructure,LATAM,Brazil,Direct Field Sales,Cybersecurity Suite,SKU-SEC-402,Zero-Trust Security Perimeter,10,8366.0,13.0,72784.2,16682.14,77.08,Annual Pre-Paid,Completed,Rachel Green
ORD-2025-01377,2024-06-17,2024,2024-Q2,CUST-0016,Dunder Mifflin Paper & Tech,SMB Growth,Retail & Supplies,APAC-South,Singapore,Global Alliance Partner,Developer Tools,SKU-DEV-701,DevSecOps Automation Mesh,4,4455.0,7.0,16572.6,1985.4,88.02,Net 30,Pending Verification,Gabriel Santos
ORD-2025-01378,2025-02-08,2025,2025-Q1,CUST-0002,Globex Corporation,Enterprise Strategic,Conglomerate,EU-West,United Kingdom,Online B2B Portal,IoT & Edge Computing,SKU-IOT-330,Edge IoT Fleet Orchestrator,62,7208.0,17.0,370923.68,96477.25,73.99,Net 60,Completed,Rachel Green
ORD-2025-01379,2026-03-20,2026,2026-Q1,CUST-0033,Apex FinTech Global,Enterprise Strategic,Banking,MEA,United Arab Emirates,Global Alliance Partner,Cybersecurity Suite,SKU-SEC-402,Zero-Trust Security Perimeter,35,8633.0,17.0,250788.65,57229.97,77.18,Annual Pre-Paid,Completed,Jessica Taylor
ORD-2025-01380,2024-03-08,2024,2024-Q1,CUST-0006,Soylent BioTech Global,Mid-Market,BioTech,APAC-ANZ,Australia,Strategic Reseller Partner,Cloud Infrastructure,SKU-INFRA-801,Enterprise Data Lakehouse Engine,25,12000.0,4.0,288000.0,59904.0,79.2,Net 90,Pending Verification,Hannah Schmidt
ORD-2025-01381,2025-07-02,2025,2025-Q3,CUST-0021,Weyland-Yutani Deep Space,Enterprise Strategic,Energy & Mining,MEA,United Arab Emirates,Online B2B Portal,AI Platform,SKU-AI-9050,Realtime Anomaly Detection,70,11648.0,15.0,693056.0,105898.96,84.72,Quarterly Net 30,In Fulfillment,Chloe Dubois
ORD-2025-01382,2024-12-11,2024,2024-Q4,CUST-0006,Soylent BioTech Global,Mid-Market,BioTech,APAC-ANZ,Australia,Global Alliance Partner,Developer Tools,SKU-DEV-701,DevSecOps Automation Mesh,36,4590.0,8.0,152020.8,24308.13,84.01,Net 90,Pending Verification,Hannah Schmidt
ORD-2025-01383,2024-10-22,2024,2024-Q4,CUST-0033,Apex FinTech Global,Enterprise Strategic,Banking,EU-West,United Kingdom,Online B2B Portal,Developer Tools,SKU-DEV-701,DevSecOps Automation Mesh,35,4410.0,16.0,129654.0,20161.2,84.45,Net 90,Completed,Kenji Sato
ORD-2025-01384,2024-09-27,2024,2024-Q3,CUST-0028,LexCorp Advanced Metals,Enterprise Strategic,Materials,APAC-South,Singapore,Strategic Reseller Partner,Cybersecurity Suite,SKU-SEC-410,Compliance & Audit Vault,118,7560.0,21.0,704743.2,172591.61,75.51,Net 60,Pending Verification,Astrid Lindgren
ORD-2025-01385,2025-07-09,2025,2025-Q3,CUST-0021,Weyland-Yutani Deep Space,Enterprise Strategic,Energy & Mining,EU-West,United Kingdom,Global Alliance Partner,Cybersecurity Suite,SKU-SEC-410,Compliance & Audit Vault,71,7488.0,8.0,489116.16,112447.81,77.01,Net 60,In Fulfillment,Rachel Green
ORD-2025-01386,2026-03-19,2026,2026-Q1,CUST-0022,Gekko Financial Partners,Enterprise Strategic,FinTech & Hedge Fund,US-Central,United States,Global Alliance Partner,Developer Tools,SKU-DEV-701,DevSecOps Automation Mesh,36,4635.0,13.0,145168.2,15300.73,89.46,Annual Pre-Paid,Pending Verification,Marcus Vance
ORD-2025-01387,2024-09-17,2024,2024-Q3,CUST-0005,Wayne Enterprises Holdings,Enterprise Strategic,Finance & Industrial,EU-Central,Germany,Direct Field Sales,IoT & Edge Computing,SKU-IOT-330,Edge IoT Fleet Orchestrator,109,6664.0,16.0,610155.84,192016.04,68.53,Net 90,Completed,Chloe Dubois
ORD-2025-01388,2025-07-17,2025,2025-Q3,CUST-0018,Virtucon Industries,Enterprise Strategic,Industrial Equipment,APAC-East,Japan,Global Alliance Partner,Database Infrastructure,SKU-DB-880,QuantumDB Distributed Cluster,39,16335.0,6.0,598841.1,90724.43,84.85,Quarterly Net 30,Completed,Chloe Dubois
ORD-2025-01389,2025-03-23,2025,2025-Q1,CUST-0025,Black Mesa Research,Enterprise Strategic,Scientific R&D,EU-West,France,Direct Field Sales,Cybersecurity Suite,SKU-SEC-402,Zero-Trust Security Perimeter,28,9256.0,7.0,241026.24,50736.02,78.95,Net 30,Completed,Kenji Sato
ORD-2025-01390,2024-04-20,2024,2024-Q2,CUST-0035,Hyperion Data Mesh,Mid-Market,Data Infrastructure,EU-Central,Germany,Strategic Reseller Partner,AI Platform,SKU-AI-9001,Neural Fabric GenAI Platform,29,26288.0,3.0,739481.44,114397.78,84.53,Net 30,Completed,David Lin
ORD-2025-01391,2025-10-01,2025,2025-Q4,CUST-0018,Virtucon Industries,Enterprise Strategic,Industrial Equipment,EU-Central,Germany,Global Alliance Partner,Database Infrastructure,SKU-DB-880,QuantumDB Distributed Cluster,34,16830.0,9.0,520720.2,88470.36,83.01,Quarterly Net 30,Pending Verification,Hannah Schmidt
ORD-2025-01392,2024-08-30,2024,2024-Q3,CUST-0010,Hooli Enterprise Cloud,Enterprise Strategic,Cloud Services,US-East,United States,Online B2B Portal,Database Infrastructure,SKU-DB-880,QuantumDB Distributed Cluster,26,17325.0,21.0,355855.5,76046.32,78.63,Quarterly Net 30,Completed,Marcus Vance
ORD-2025-01393,2024-04-03,2024,2024-Q2,CUST-0018,Virtucon Industries,Enterprise Strategic,Industrial Equipment,APAC-East,South Korea,Global Alliance Partner,AI Platform,SKU-AI-9001,Neural Fabric GenAI Platform,17,24552.0,10.0,375645.6,67841.6,81.94,Quarterly Net 30,In Fulfillment,Brian O'Connor
ORD-2025-01394,2024-06-26,2024,2024-Q2,CUST-0015,Acme Aerospace Systems,Mid-Market,Manufacturing,EU-Central,Germany,Direct Field Sales,Cloud Infrastructure,SKU-INFRA-801,Enterprise Data Lakehouse Engine,17,12375.0,10.0,189337.5,36182.4,80.89,Annual Pre-Paid,Completed,Elena Rostova
ORD-2025-01395,2024-08-25,2024,2024-Q3,CUST-0007,Tyrell Synthetic Dynamics,Enterprise Strategic,Robotics,LATAM,Brazil,Direct Field Sales,IoT & Edge Computing,SKU-IOT-330,Edge IoT Fleet Orchestrator,96,6392.0,14.0,527723.52,131403.16,75.1,Quarterly Net 30,Completed,Alex Mercer
ORD-2025-01396,2025-07-08,2025,2025-Q3,CUST-0018,Virtucon Industries,Enterprise Strategic,Industrial Equipment,EU-West,United Kingdom,Global Alliance Partner,IoT & Edge Computing,SKU-IOT-330,Edge IoT Fleet Orchestrator,106,6596.0,23.0,538365.52,171361.75,68.17,Quarterly Net 30,Completed,Hannah Schmidt
ORD-2025-01397,2025-03-28,2025,2025-Q1,CUST-0014,Nakatomi Trading Corp,Mid-Market,Trading & Real Estate,EU-West,France,Strategic Reseller Partner,AI Platform,SKU-AI-9001,Neural Fabric GenAI Platform,40,25544.0,13.0,888931.2,165785.67,81.35,Annual Pre-Paid,In Fulfillment,Elena Rostova
ORD-2025-01398,2024-11-17,2024,2024-Q4,CUST-0023,Delos Experience Living,Enterprise Strategic,Hospitality,EU-North,Netherlands,Online B2B Portal,Database Infrastructure,SKU-DB-880,QuantumDB Distributed Cluster,96,15840.0,11.0,1353369.6,246313.27,81.8,Annual Pre-Paid,Completed,Vikram Patel
ORD-2025-01399,2025-07-30,2025,2025-Q3,CUST-0016,Dunder Mifflin Paper & Tech,SMB Growth,Retail & Supplies,APAC-South,Singapore,Direct Field Sales,AI Platform,SKU-AI-9050,Realtime Anomaly Detection,12,10976.0,6.0,123809.28,23820.91,80.76,Annual Pre-Paid,Completed,Chloe Dubois
ORD-2025-01400,2025-03-22,2025,2025-Q1,CUST-0029,Omni Consumer Products,Enterprise Strategic,Consumer Tech,MEA,United Arab Emirates,Global Alliance Partner,AI Platform,SKU-AI-9001,Neural Fabric GenAI Platform,60,23808.0,10.0,1285632.0,219457.38,82.93,Net 90,Completed,Marcus Vance
ORD-2025-01401,2024-06-21,2024,2024-Q2,CUST-0015,Acme Aerospace Systems,Mid-Market,Manufacturing,LATAM,Brazil,Strategic Reseller Partner,Cloud Infrastructure,SKU-INFRA-801,Enterprise Data Lakehouse Engine,26,13000.0,5.0,321100.0,81174.08,74.72,Net 60,Completed,Rachel Green
ORD-2025-01402,2025-12-13,2025,2025-Q4,CUST-0004,Stark Aerospace & Defense,Enterprise Strategic,Aerospace,EU-Central,Germany,Direct Field Sales,Cloud Infrastructure,SKU-INFRA-805,High-Speed API Gateway Gateway,37,5238.0,14.0,166673.16,30217.84,81.87,Net 90,In Fulfillment,Elena Rostova
ORD-2025-01403,2025-02-23,2025,2025-Q1,CUST-0020,Oscorp Pharmaceutical,Enterprise Strategic,Life Sciences,US-Central,United States,Direct Field Sales,Database Infrastructure,SKU-DB-880,QuantumDB Distributed Cluster,116,15345.0,7.0,1655418.6,294002.34,82.24,Net 60,Pending Verification,Michael Chang
ORD-2025-01404,2025-04-26,2025,2025-Q2,CUST-0028,LexCorp Advanced Metals,Enterprise Strategic,Materials,MEA,United Arab Emirates,Strategic Reseller Partner,Database Infrastructure,SKU-DB-880,QuantumDB Distributed Cluster,7,15675.0,21.0,86682.75,14996.12,82.7,Net 30,Completed,Kenji Sato
ORD-2025-01405,2026-04-16,2026,2026-Q2,CUST-0012,Massive Dynamic AI,Enterprise Strategic,Artificial Intelligence,APAC-East,Japan,Direct Field Sales,AI Platform,SKU-AI-9050,Realtime Anomaly Detection,75,11648.0,20.0,698880.0,145227.26,79.22,Net 60,In Fulfillment,Gabriel Santos
ORD-2025-01406,2024-01-09,2024,2024-Q1,CUST-0021,Weyland-Yutani Deep Space,Enterprise Strategic,Energy & Mining,LATAM,Brazil,Strategic Reseller Partner,Enterprise ERP,SKU-ERP-101,Global ERP Enterprise Suite,70,35000.0,21.0,1935500.0,558198.2,71.16,Annual Pre-Paid,In Fulfillment,Marcus Vance
ORD-2025-01407,2024-02-19,2024,2024-Q1,CUST-0031,Athena Health Systems,Mid-Market,Healthcare,US-Central,United States,Strategic Reseller Partner,Database Infrastructure,SKU-DB-880,QuantumDB Distributed Cluster,40,16665.0,13.0,579942.0,120453.95,79.23,Net 60,Completed,Marcus Vance
ORD-2025-01408,2025-12-28,2025,2025-Q4,CUST-0008,Umbrella Life Sciences,Enterprise Strategic,Pharma,APAC-ANZ,Australia,Strategic Reseller Partner,Cybersecurity Suite,SKU-SEC-402,Zero-Trust Security Perimeter,86,8277.0,17.0,590812.26,124897.71,78.86,Net 60,Completed,Kenji Sato
ORD-2025-01409,2025-04-16,2025,2025-Q2,CUST-0034,Quantum Peak Labs,SMB Growth,Semiconductor,APAC-East,South Korea,Global Alliance Partner,IoT & Edge Computing,SKU-IOT-330,Edge IoT Fleet Orchestrator,9,6664.0,4.0,57576.96,16006.39,72.2,Quarterly Net 30,Pending Verification,Gabriel Santos
ORD-2025-01410,2025-09-12,2025,2025-Q3,CUST-0026,Shinra Electric Power,Enterprise Strategic,Energy & Utilities,APAC-East,South Korea,Online B2B Portal,Cloud Infrastructure,SKU-INFRA-805,High-Speed API Gateway Gateway,57,5724.0,8.0,300166.56,72009.96,76.01,Net 30,In Fulfillment,Sarah Chen
ORD-2025-01411,2025-09-06,2025,2025-Q3,CUST-0024,Aperture Quantum Lab,Mid-Market,Research & Quantum,LATAM,Brazil,Online B2B Portal,AI Platform,SKU-AI-9001,Neural Fabric GenAI Platform,40,24304.0,14.0,836057.6,147146.14,82.4,Net 30,Pending Verification,Chloe Dubois
ORD-2025-01412,2024-07-22,2024,2024-Q3,CUST-0002,Globex Corporation,Enterprise Strategic,Conglomerate,EU-West,United Kingdom,Global Alliance Partner,Cybersecurity Suite,SKU-SEC-402,Zero-Trust Security Perimeter,62,9345.0,22.0,451924.2,103987.76,76.99,Net 90,Completed,Elena Rostova
ORD-2025-01413,2024-05-25,2024,2024-Q2,CUST-0002,Globex Corporation,Enterprise Strategic,Conglomerate,MEA,United Arab Emirates,Strategic Reseller Partner,AI Platform,SKU-AI-9050,Realtime Anomaly Detection,37,11088.0,15.0,348717.6,63745.58,81.72,Net 60,Completed,Marcus Vance
ORD-2025-01414,2025-03-01,2025,2025-Q1,CUST-0004,Stark Aerospace & Defense,Enterprise Strategic,Aerospace,EU-West,United Kingdom,Strategic Reseller Partner,AI Platform,SKU-AI-9001,Neural Fabric GenAI Platform,42,24304.0,12.0,898275.84,114260.69,87.28,Annual Pre-Paid,Completed,Rachel Green
ORD-2025-01415,2024-10-28,2024,2024-Q4,CUST-0023,Delos Experience Living,Enterprise Strategic,Hospitality,LATAM,Brazil,Global Alliance Partner,Cloud Infrastructure,SKU-INFRA-801,Enterprise Data Lakehouse Engine,116,11625.0,22.0,1051830.0,245602.3,76.65,Net 90,In Fulfillment,Alex Mercer
ORD-2025-01416,2024-04-13,2024,2024-Q2,CUST-0010,Hooli Enterprise Cloud,Enterprise Strategic,Cloud Services,APAC-ANZ,Australia,Online B2B Portal,Cloud Infrastructure,SKU-INFRA-801,Enterprise Data Lakehouse Engine,8,12750.0,15.0,86700.0,19967.01,76.97,Annual Pre-Paid,Completed,David Lin
ORD-2025-01417,2026-03-28,2026,2026-Q1,CUST-0030,Sartre Software SAS,SMB Growth,Dev Tools,EU-West,France,Online B2B Portal,Enterprise ERP,SKU-ERP-101,Global ERP Enterprise Suite,6,35000.0,0.0,210000.0,73521.0,64.99,Annual Pre-Paid,Completed,Jessica Taylor
ORD-2025-01418,2026-02-20,2026,2026-Q1,CUST-0033,Apex FinTech Global,Enterprise Strategic,Banking,US-East,United States,Direct Field Sales,Cybersecurity Suite,SKU-SEC-402,Zero-Trust Security Perimeter,110,9167.0,13.0,877281.9,223531.43,74.52,Net 90,In Fulfillment,Marcus Vance
ORD-2025-01419,2026-02-19,2026,2026-Q1,CUST-0013,Oceanic Airlines Group,Enterprise Strategic,Aviation,US-West,United States,Global Alliance Partner,Enterprise ERP,SKU-ERP-101,Global ERP Enterprise Suite,55,32550.0,9.0,1629127.5,584856.77,64.1,Net 60,In Fulfillment,Jessica Taylor
ORD-2025-01420,2025-08-05,2025,2025-Q3,CUST-0013,Oceanic Airlines Group,Enterprise Strategic,Aviation,EU-North,Netherlands,Strategic Reseller Partner,IoT & Edge Computing,SKU-IOT-330,Edge IoT Fleet Orchestrator,75,7344.0,16.0,462672.0,140282.15,69.68,Net 30,In Fulfillment,Hannah Schmidt
ORD-2025-01421,2024-02-08,2024,2024-Q1,CUST-0017,Sterling Cooper Advertising,Mid-Market,Marketing & Media,APAC-ANZ,Australia,Global Alliance Partner,AI Platform,SKU-AI-9001,Neural Fabric GenAI Platform,16,26784.0,7.0,398545.92,50216.79,87.4,Annual Pre-Paid,Completed,Sarah Chen
ORD-2025-01422,2025-11-16,2025,2025-Q4,CUST-0030,Sartre Software SAS,SMB Growth,Dev Tools,APAC-East,South Korea,Online B2B Portal,Cybersecurity Suite,SKU-SEC-410,Compliance & Audit Vault,12,7632.0,8.0,84257.28,18831.5,77.65,Net 90,Pending Verification,Vikram Patel
ORD-2025-01423,2025-11-11,2025,2025-Q4,CUST-0021,Weyland-Yutani Deep Space,Enterprise Strategic,Energy & Mining,APAC-East,Japan,Strategic Reseller Partner,Cybersecurity Suite,SKU-SEC-410,Compliance & Audit Vault,71,7560.0,19.0,434775.6,103346.16,76.23,Net 60,In Fulfillment,Hannah Schmidt
ORD-2025-01424,2024-01-23,2024,2024-Q1,CUST-0028,LexCorp Advanced Metals,Enterprise Strategic,Materials,EU-Central,Switzerland,Online B2B Portal,Developer Tools,SKU-DEV-701,DevSecOps Automation Mesh,70,4860.0,11.0,302778.0,30489.74,89.93,Net 30,Pending Verification,Gabriel Santos
ORD-2025-01425,2026-06-02,2026,2026-Q2,CUST-0017,Sterling Cooper Advertising,Mid-Market,Marketing & Media,US-West,United States,Strategic Reseller Partner,Cloud Infrastructure,SKU-INFRA-805,High-Speed API Gateway Gateway,16,5184.0,13.0,72161.28,12519.98,82.65,Annual Pre-Paid,In Fulfillment,Brian O'Connor
ORD-2025-01426,2024-04-10,2024,2024-Q2,CUST-0035,Hyperion Data Mesh,Mid-Market,Data Infrastructure,APAC-East,Japan,Online B2B Portal,IoT & Edge Computing,SKU-IOT-330,Edge IoT Fleet Orchestrator,27,6596.0,6.0,167406.48,52481.93,68.65,Net 60,Completed,Brian O'Connor
ORD-2025-01427,2025-11-09,2025,2025-Q4,CUST-0005,Wayne Enterprises Holdings,Enterprise Strategic,Finance & Industrial,APAC-East,South Korea,Online B2B Portal,Cloud Infrastructure,SKU-INFRA-801,Enterprise Data Lakehouse Engine,60,12375.0,13.0,645975.0,146571.73,77.31,Net 30,Pending Verification,David Lin
ORD-2025-01428,2024-05-01,2024,2024-Q2,CUST-0020,Oscorp Pharmaceutical,Enterprise Strategic,Life Sciences,EU-West,United Kingdom,Global Alliance Partner,AI Platform,SKU-AI-9050,Realtime Anomaly Detection,55,10976.0,17.0,501054.4,76160.27,84.8,Net 90,In Fulfillment,Rachel Green
ORD-2025-01429,2026-04-03,2026,2026-Q2,CUST-0011,Pied Piper Compression,Mid-Market,DeepTech,EU-West,France,Strategic Reseller Partner,Cybersecurity Suite,SKU-SEC-410,Compliance & Audit Vault,22,7632.0,9.0,152792.64,44600.17,70.81,Net 30,Completed,Marcus Vance
ORD-2025-01430,2025-07-07,2025,2025-Q3,CUST-0028,LexCorp Advanced Metals,Enterprise Strategic,Materials,EU-Central,Switzerland,Direct Field Sales,Cybersecurity Suite,SKU-SEC-402,Zero-Trust Security Perimeter,11,8455.0,5.0,88354.75,24677.48,72.07,Net 90,Pending Verification,Vikram Patel
ORD-2025-01431,2025-08-08,2025,2025-Q3,CUST-0006,Soylent BioTech Global,Mid-Market,BioTech,US-East,United States,Strategic Reseller Partner,Enterprise ERP,SKU-ERP-101,Global ERP Enterprise Suite,23,37800.0,1.0,860706.0,304173.5,64.66,Net 30,Completed,Hannah Schmidt
ORD-2025-01432,2026-08-02,2026,2026-Q3,CUST-0013,Oceanic Airlines Group,Enterprise Strategic,Aviation,APAC-East,South Korea,Strategic Reseller Partner,IoT & Edge Computing,SKU-IOT-330,Edge IoT Fleet Orchestrator,110,6392.0,25.0,527340.0,143700.15,72.75,Quarterly Net 30,Completed,Hannah Schmidt
ORD-2025-01433,2025-09-19,2025,2025-Q3,CUST-0019,Buy N Large Retail Mega,Enterprise Strategic,E-Commerce,US-Central,United States,Direct Field Sales,AI Platform,SKU-AI-9050,Realtime Anomaly Detection,82,10640.0,22.0,680534.4,107456.38,84.21,Quarterly Net 30,Completed,Chloe Dubois
ORD-2025-01434,2025-09-13,2025,2025-Q3,CUST-0015,Acme Aerospace Systems,Mid-Market,Manufacturing,APAC-ANZ,Australia,Online B2B Portal,Cloud Infrastructure,SKU-INFRA-801,Enterprise Data Lakehouse Engine,27,12875.0,13.0,302433.75,61817.46,79.56,Annual Pre-Paid,Pending Verification,Michael Chang
ORD-2025-01435,2024-11-09,2024,2024-Q4,CUST-0019,Buy N Large Retail Mega,Enterprise Strategic,E-Commerce,APAC-South,Singapore,Global Alliance Partner,IoT & Edge Computing,SKU-IOT-330,Edge IoT Fleet Orchestrator,108,7140.0,24.0,586051.2,147802.11,74.78,Net 90,In Fulfillment,Elena Rostova
ORD-2025-01436,2025-04-17,2025,2025-Q2,CUST-0010,Hooli Enterprise Cloud,Enterprise Strategic,Cloud Services,APAC-ANZ,Australia,Strategic Reseller Partner,Cloud Infrastructure,SKU-INFRA-801,Enterprise Data Lakehouse Engine,15,13250.0,6.0,186825.0,46369.96,75.18,Annual Pre-Paid,In Fulfillment,Marcus Vance
ORD-2025-01437,2026-01-10,2026,2026-Q1,CUST-0005,Wayne Enterprises Holdings,Enterprise Strategic,Finance & Industrial,EU-Central,Germany,Online B2B Portal,Developer Tools,SKU-DEV-701,DevSecOps Automation Mesh,79,4500.0,10.0,319950.0,47096.64,85.28,Quarterly Net 30,Pending Verification,Brian O'Connor
ORD-2025-01438,2025-12-27,2025,2025-Q4,CUST-0014,Nakatomi Trading Corp,Mid-Market,Trading & Real Estate,MEA,United Arab Emirates,Global Alliance Partner,Cloud Infrastructure,SKU-INFRA-801,Enterprise Data Lakehouse Engine,25,11875.0,2.0,290937.5,74101.78,74.53,Net 30,Pending Verification,Jessica Taylor
ORD-2025-01439,2024-07-10,2024,2024-Q3,CUST-0032,Zeus Renewable Power,Mid-Market,Clean Energy,EU-Central,Switzerland,Global Alliance Partner,Developer Tools,SKU-DEV-701,DevSecOps Automation Mesh,30,4365.0,2.0,128331.0,13179.59,89.73,Annual Pre-Paid,Pending Verification,Brian O'Connor
ORD-2025-01440,2026-02-08,2026,2026-Q1,CUST-0012,Massive Dynamic AI,Enterprise Strategic,Artificial Intelligence,US-East,United States,Strategic Reseller Partner,Enterprise ERP,SKU-ERP-101,Global ERP Enterprise Suite,58,37100.0,7.0,2001174.0,666791.18,66.68,Net 30,In Fulfillment,Elena Rostova
ORD-2025-01441,2025-06-09,2025,2025-Q2,CUST-0032,Zeus Renewable Power,Mid-Market,Clean Energy,EU-Central,Germany,Strategic Reseller Partner,Cybersecurity Suite,SKU-SEC-402,Zero-Trust Security Perimeter,28,8188.0,1.0,226971.36,59262.22,73.89,Net 90,Pending Verification,David Lin
ORD-2025-01442,2024-01-03,2024,2024-Q1,CUST-0007,Tyrell Synthetic Dynamics,Enterprise Strategic,Robotics,EU-Central,Switzerland,Strategic Reseller Partner,Database Infrastructure,SKU-DB-880,QuantumDB Distributed Cluster,23,16995.0,12.0,343978.8,58854.77,82.89,Quarterly Net 30,Pending Verification,Michael Chang
ORD-2025-01443,2025-02-04,2025,2025-Q1,CUST-0034,Quantum Peak Labs,SMB Growth,Semiconductor,APAC-East,Taiwan,Strategic Reseller Partner,IoT & Edge Computing,SKU-IOT-330,Edge IoT Fleet Orchestrator,13,7140.0,8.0,85394.4,24217.85,71.64,Quarterly Net 30,Pending Verification,Michael Chang
ORD-2025-01444,2026-02-12,2026,2026-Q1,CUST-0030,Sartre Software SAS,SMB Growth,Dev Tools,US-East,United States,Online B2B Portal,Developer Tools,SKU-DEV-701,DevSecOps Automation Mesh,1,4590.0,3.0,4452.3,519.58,88.33,Annual Pre-Paid,Completed,Brian O'Connor
ORD-2025-01445,2025-04-19,2025,2025-Q2,CUST-0015,Acme Aerospace Systems,Mid-Market,Manufacturing,MEA,United Arab Emirates,Online B2B Portal,Cybersecurity Suite,SKU-SEC-410,Compliance & Audit Vault,16,6984.0,7.0,103921.92,25751.85,75.22,Net 30,In Fulfillment,Vikram Patel
ORD-2025-01446,2026-07-15,2026,2026-Q3,CUST-0017,Sterling Cooper Advertising,Mid-Market,Marketing & Media,EU-North,Netherlands,Online B2B Portal,Cloud Infrastructure,SKU-INFRA-801,Enterprise Data Lakehouse Engine,35,12000.0,3.0,407400.0,79157.82,80.57,Net 60,Completed,Alex Mercer
ORD-2025-01447,2025-03-16,2025,2025-Q1,CUST-0004,Stark Aerospace & Defense,Enterprise Strategic,Aerospace,US-West,United States,Online B2B Portal,Cloud Infrastructure,SKU-INFRA-805,High-Speed API Gateway Gateway,109,5778.0,23.0,484947.54,120606.45,75.13,Net 90,Completed,Chloe Dubois
ORD-2025-01448,2025-08-17,2025,2025-Q3,CUST-0014,Nakatomi Trading Corp,Mid-Market,Trading & Real Estate,APAC-East,Japan,Online B2B Portal,AI Platform,SKU-AI-9001,Neural Fabric GenAI Platform,17,24304.0,14.0,355324.48,50420.54,85.81,Net 60,In Fulfillment,Alex Mercer
ORD-2025-01449,2025-12-02,2025,2025-Q4,CUST-0028,LexCorp Advanced Metals,Enterprise Strategic,Materials,US-West,United States,Online B2B Portal,Database Infrastructure,SKU-DB-880,QuantumDB Distributed Cluster,66,15510.0,5.0,972477.0,165321.09,83.0,Net 90,In Fulfillment,Vikram Patel
ORD-2025-01450,2024-10-26,2024,2024-Q4,CUST-0017,Sterling Cooper Advertising,Mid-Market,Marketing & Media,EU-North,Netherlands,Strategic Reseller Partner,IoT & Edge Computing,SKU-IOT-330,Edge IoT Fleet Orchestrator,15,6664.0,11.0,88964.4,23023.99,74.12,Net 90,Pending Verification,Michael Chang
ORD-2025-01451,2025-12-09,2025,2025-Q4,CUST-0005,Wayne Enterprises Holdings,Enterprise Strategic,Finance & Industrial,US-West,United States,Strategic Reseller Partner,AI Platform,SKU-AI-9001,Neural Fabric GenAI Platform,114,26536.0,24.0,2299079.04,447630.69,80.53,Net 90,In Fulfillment,Sarah Chen
ORD-2025-01452,2026-02-22,2026,2026-Q1,CUST-0029,Omni Consumer Products,Enterprise Strategic,Consumer Tech,EU-West,France,Direct Field Sales,Cloud Infrastructure,SKU-INFRA-805,High-Speed API Gateway Gateway,103,5454.0,22.0,438174.36,91622.26,79.09,Annual Pre-Paid,Pending Verification,Gabriel Santos
ORD-2025-01453,2024-03-26,2024,2024-Q1,CUST-0023,Delos Experience Living,Enterprise Strategic,Hospitality,APAC-East,South Korea,Direct Field Sales,Developer Tools,SKU-DEV-701,DevSecOps Automation Mesh,27,4275.0,13.0,100419.75,10483.82,89.56,Net 30,Completed,Sarah Chen
ORD-2025-01454,2024-06-15,2024,2024-Q2,CUST-0010,Hooli Enterprise Cloud,Enterprise Strategic,Cloud Services,EU-West,France,Strategic Reseller Partner,Cloud Infrastructure,SKU-INFRA-805,High-Speed API Gateway Gateway,109,5130.0,19.0,452927.7,77314.76,82.93,Net 90,Completed,David Lin
ORD-2025-01455,2026-05-23,2026,2026-Q2,CUST-0025,Black Mesa Research,Enterprise Strategic,Scientific R&D,APAC-East,South Korea,Global Alliance Partner,AI Platform,SKU-AI-9001,Neural Fabric GenAI Platform,108,26040.0,15.0,2390472.0,437456.38,81.7,Net 60,Completed,Gabriel Santos
ORD-2025-01456,2025-08-23,2025,2025-Q3,CUST-0005,Wayne Enterprises Holdings,Enterprise Strategic,Finance & Industrial,APAC-ANZ,Australia,Strategic Reseller Partner,AI Platform,SKU-AI-9050,Realtime Anomaly Detection,76,10976.0,20.0,667340.8,112513.66,83.14,Net 60,Completed,Alex Mercer
ORD-2025-01457,2025-04-08,2025,2025-Q2,CUST-0013,Oceanic Airlines Group,Enterprise Strategic,Aviation,US-East,United States,Online B2B Portal,Cloud Infrastructure,SKU-INFRA-801,Enterprise Data Lakehouse Engine,90,12750.0,24.0,872100.0,197792.28,77.32,Net 30,Pending Verification,Hannah Schmidt
ORD-2025-01458,2025-04-19,2025,2025-Q2,CUST-0006,Soylent BioTech Global,Mid-Market,BioTech,US-Central,United States,Direct Field Sales,Cybersecurity Suite,SKU-SEC-410,Compliance & Audit Vault,35,6768.0,8.0,217929.6,63003.45,71.09,Annual Pre-Paid,Pending Verification,Sarah Chen
ORD-2025-01459,2025-10-01,2025,2025-Q4,CUST-0003,Initech Cloud Solutions,Mid-Market,Software,APAC-East,South Korea,Online B2B Portal,Database Infrastructure,SKU-DB-880,QuantumDB Distributed Cluster,21,16335.0,8.0,315592.2,71607.87,77.31,Net 30,Completed,Kenji Sato
ORD-2025-01460,2025-11-11,2025,2025-Q4,CUST-0009,Wonka Global Logistics,Mid-Market,Supply Chain,APAC-ANZ,Australia,Online B2B Portal,IoT & Edge Computing,SKU-IOT-330,Edge IoT Fleet Orchestrator,11,7208.0,4.0,76116.48,18382.13,75.85,Quarterly Net 30,Pending Verification,Sarah Chen
ORD-2025-01461,2025-05-25,2025,2025-Q2,CUST-0020,Oscorp Pharmaceutical,Enterprise Strategic,Life Sciences,APAC-ANZ,Australia,Online B2B Portal,IoT & Edge Computing,SKU-IOT-330,Edge IoT Fleet Orchestrator,7,6596.0,6.0,43401.68,13246.19,69.48,Net 30,In Fulfillment,Brian O'Connor
ORD-2025-01462,2025-06-21,2025,2025-Q2,CUST-0007,Tyrell Synthetic Dynamics,Enterprise Strategic,Robotics,EU-West,France,Direct Field Sales,AI Platform,SKU-AI-9001,Neural Fabric GenAI Platform,38,24056.0,20.0,731302.4,139020.59,80.99,Quarterly Net 30,In Fulfillment,Rachel Green
ORD-2025-01463,2026-03-30,2026,2026-Q1,CUST-0006,Soylent BioTech Global,Mid-Market,BioTech,EU-West,United Kingdom,Direct Field Sales,Enterprise ERP,SKU-ERP-101,Global ERP Enterprise Suite,21,35350.0,13.0,645844.5,204538.95,68.33,Net 30,Pending Verification,Brian O'Connor
ORD-2025-01464,2025-07-19,2025,2025-Q3,CUST-0020,Oscorp Pharmaceutical,Enterprise Strategic,Life Sciences,US-West,United States,Global Alliance Partner,Cloud Infrastructure,SKU-INFRA-801,Enterprise Data Lakehouse Engine,44,12375.0,23.0,419265.0,86955.56,79.26,Net 90,Completed,Marcus Vance
ORD-2025-01465,2024-03-11,2024,2024-Q1,CUST-0007,Tyrell Synthetic Dynamics,Enterprise Strategic,Robotics,APAC-East,Taiwan,Direct Field Sales,AI Platform,SKU-AI-9001,Neural Fabric GenAI Platform,119,24800.0,15.0,2508520.0,429207.77,82.89,Quarterly Net 30,Completed,Kenji Sato
ORD-2025-01466,2024-06-11,2024,2024-Q2,CUST-0016,Dunder Mifflin Paper & Tech,SMB Growth,Retail & Supplies,US-West,United States,Online B2B Portal,Cybersecurity Suite,SKU-SEC-402,Zero-Trust Security Perimeter,3,8989.0,5.0,25618.65,5654.04,77.93,Net 30,Completed,Elena Rostova
ORD-2025-01467,2026-01-16,2026,2026-Q1,CUST-0009,Wonka Global Logistics,Mid-Market,Supply Chain,US-Central,United States,Strategic Reseller Partner,IoT & Edge Computing,SKU-IOT-330,Edge IoT Fleet Orchestrator,2,7208.0,10.0,12974.4,3553.69,72.61,Net 60,Completed,Michael Chang
ORD-2025-01468,2024-08-31,2024,2024-Q3,CUST-0004,Stark Aerospace & Defense,Enterprise Strategic,Aerospace,EU-North,Netherlands,Strategic Reseller Partner,Cybersecurity Suite,SKU-SEC-410,Compliance & Audit Vault,90,7560.0,13.0,591948.0,163732.82,72.34,Net 60,Completed,Rachel Green
ORD-2025-01469,2025-02-25,2025,2025-Q1,CUST-0019,Buy N Large Retail Mega,Enterprise Strategic,E-Commerce,EU-Central,Germany,Strategic Reseller Partner,Cybersecurity Suite,SKU-SEC-410,Compliance & Audit Vault,114,7416.0,23.0,650976.48,182013.02,72.04,Quarterly Net 30,Completed,Alex Mercer
ORD-2025-01470,2024-04-27,2024,2024-Q2,CUST-0026,Shinra Electric Power,Enterprise Strategic,Energy & Utilities,APAC-East,Taiwan,Strategic Reseller Partner,Enterprise ERP,SKU-ERP-101,Global ERP Enterprise Suite,93,33250.0,8.0,2844870.0,878211.37,69.13,Net 30,In Fulfillment,Marcus Vance
ORD-2025-01471,2025-12-29,2025,2025-Q4,CUST-0003,Initech Cloud Solutions,Mid-Market,Software,EU-West,United Kingdom,Strategic Reseller Partner,Cloud Infrastructure,SKU-INFRA-801,Enterprise Data Lakehouse Engine,6,11750.0,10.0,63450.0,15386.63,75.75,Net 30,Completed,Vikram Patel
ORD-2025-01472,2024-08-03,2024,2024-Q3,CUST-0008,Umbrella Life Sciences,Enterprise Strategic,Pharma,LATAM,Brazil,Direct Field Sales,IoT & Edge Computing,SKU-IOT-330,Edge IoT Fleet Orchestrator,18,6732.0,12.0,106634.88,32864.87,69.18,Net 30,Pending Verification,David Lin
ORD-2025-01473,2025-02-24,2025,2025-Q1,CUST-0025,Black Mesa Research,Enterprise Strategic,Scientific R&D,APAC-South,Singapore,Online B2B Portal,AI Platform,SKU-AI-9050,Realtime Anomaly Detection,89,11424.0,9.0,925229.76,188284.26,79.65,Net 90,In Fulfillment,Hannah Schmidt
ORD-2025-01474,2025-11-12,2025,2025-Q4,CUST-0016,Dunder Mifflin Paper & Tech,SMB Growth,Retail & Supplies,EU-Central,Switzerland,Global Alliance Partner,Enterprise ERP,SKU-ERP-101,Global ERP Enterprise Suite,7,32200.0,0.0,225400.0,72781.66,67.71,Net 30,Completed,Astrid Lindgren
ORD-2025-01475,2025-04-14,2025,2025-Q2,CUST-0034,Quantum Peak Labs,SMB Growth,Semiconductor,EU-Central,Germany,Strategic Reseller Partner,IoT & Edge Computing,SKU-IOT-330,Edge IoT Fleet Orchestrator,2,6392.0,7.0,11889.12,3539.39,70.23,Annual Pre-Paid,Completed,Chloe Dubois
ORD-2025-01476,2026-03-15,2026,2026-Q1,CUST-0034,Quantum Peak Labs,SMB Growth,Semiconductor,US-West,United States,Global Alliance Partner,Developer Tools,SKU-DEV-701,DevSecOps Automation Mesh,5,4455.0,5.0,21161.25,2643.04,87.51,Net 90,Completed,Jessica Taylor
ORD-2025-01477,2024-10-03,2024,2024-Q4,CUST-0011,Pied Piper Compression,Mid-Market,DeepTech,EU-Central,Switzerland,Strategic Reseller Partner,AI Platform,SKU-AI-9050,Realtime Anomaly Detection,10,10752.0,0.0,107520.0,19471.87,81.89,Net 60,In Fulfillment,Sarah Chen
ORD-2025-01478,2024-10-01,2024,2024-Q4,CUST-0024,Aperture Quantum Lab,Mid-Market,Research & Quantum,APAC-East,Japan,Online B2B Portal,AI Platform,SKU-AI-9001,Neural Fabric GenAI Platform,19,24800.0,13.0,409944.0,71822.19,82.48,Annual Pre-Paid,Completed,Sarah Chen
ORD-2025-01479,2025-08-03,2025,2025-Q3,CUST-0007,Tyrell Synthetic Dynamics,Enterprise Strategic,Robotics,EU-West,United Kingdom,Online B2B Portal,Enterprise ERP,SKU-ERP-101,Global ERP Enterprise Suite,108,37450.0,10.0,3640140.0,1039259.97,71.45,Quarterly Net 30,In Fulfillment,Vikram Patel
ORD-2025-01480,2025-05-23,2025,2025-Q2,CUST-0034,Quantum Peak Labs,SMB Growth,Semiconductor,US-East,United States,Strategic Reseller Partner,Cloud Infrastructure,SKU-INFRA-801,Enterprise Data Lakehouse Engine,6,13000.0,6.0,73320.0,16599.65,77.36,Net 90,Completed,Chloe Dubois
ORD-2025-01481,2024-07-17,2024,2024-Q3,CUST-0012,Massive Dynamic AI,Enterprise Strategic,Artificial Intelligence,US-West,United States,Online B2B Portal,IoT & Edge Computing,SKU-IOT-330,Edge IoT Fleet Orchestrator,37,6528.0,19.0,195644.16,59475.82,69.6,Annual Pre-Paid,Pending Verification,Sarah Chen
ORD-2025-01482,2025-01-24,2025,2025-Q1,CUST-0031,Athena Health Systems,Mid-Market,Healthcare,APAC-East,Taiwan,Strategic Reseller Partner,Database Infrastructure,SKU-DB-880,QuantumDB Distributed Cluster,22,16005.0,1.0,348588.9,67033.65,80.77,Net 60,Pending Verification,Chloe Dubois
ORD-2025-01483,2024-08-21,2024,2024-Q3,CUST-0028,LexCorp Advanced Metals,Enterprise Strategic,Materials,APAC-East,Japan,Direct Field Sales,AI Platform,SKU-AI-9001,Neural Fabric GenAI Platform,18,23312.0,16.0,352477.44,58898.98,83.29,Net 30,In Fulfillment,Chloe Dubois
ORD-2025-01484,2025-02-26,2025,2025-Q1,CUST-0035,Hyperion Data Mesh,Mid-Market,Data Infrastructure,APAC-ANZ,Australia,Direct Field Sales,AI Platform,SKU-AI-9001,Neural Fabric GenAI Platform,37,23312.0,7.0,802165.92,113105.39,85.9,Net 60,Pending Verification,Sarah Chen
ORD-2025-01485,2024-02-07,2024,2024-Q1,CUST-0017,Sterling Cooper Advertising,Mid-Market,Marketing & Media,US-East,United States,Global Alliance Partner,AI Platform,SKU-AI-9001,Neural Fabric GenAI Platform,19,26288.0,10.0,449524.8,57808.89,87.14,Net 30,Pending Verification,Brian O'Connor
ORD-2025-01486,2024-08-30,2024,2024-Q3,CUST-0008,Umbrella Life Sciences,Enterprise Strategic,Pharma,US-West,United States,Online B2B Portal,Cybersecurity Suite,SKU-SEC-410,Compliance & Audit Vault,73,7704.0,20.0,449913.6,126290.75,71.93,Annual Pre-Paid,Pending Verification,Michael Chang
ORD-2025-01487,2024-06-20,2024,2024-Q2,CUST-0001,Cyberdyne Systems Corp,Enterprise Strategic,Technology & AI,MEA,United Arab Emirates,Global Alliance Partner,Database Infrastructure,SKU-DB-880,QuantumDB Distributed Cluster,106,16005.0,13.0,1475981.1,328996.19,77.71,Quarterly Net 30,In Fulfillment,Brian O'Connor
ORD-2025-01488,2025-08-12,2025,2025-Q3,CUST-0018,Virtucon Industries,Enterprise Strategic,Industrial Equipment,US-East,United States,Global Alliance Partner,Developer Tools,SKU-DEV-701,DevSecOps Automation Mesh,50,4545.0,20.0,181800.0,30342.42,83.31,Net 30,Completed,Vikram Patel
ORD-2025-01489,2024-10-08,2024,2024-Q4,CUST-0013,Oceanic Airlines Group,Enterprise Strategic,Aviation,US-Central,United States,Strategic Reseller Partner,Database Infrastructure,SKU-DB-880,QuantumDB Distributed Cluster,99,15675.0,6.0,1458715.5,238937.6,83.62,Net 60,In Fulfillment,Kenji Sato
ORD-2025-01490,2025-04-16,2025,2025-Q2,CUST-0004,Stark Aerospace & Defense,Enterprise Strategic,Aerospace,APAC-South,Singapore,Global Alliance Partner,Database Infrastructure,SKU-DB-880,QuantumDB Distributed Cluster,84,15510.0,8.0,1198612.8,188182.21,84.3,Net 60,Pending Verification,Vikram Patel
ORD-2025-01491,2026-02-13,2026,2026-Q1,CUST-0020,Oscorp Pharmaceutical,Enterprise Strategic,Life Sciences,LATAM,Brazil,Global Alliance Partner,Cybersecurity Suite,SKU-SEC-402,Zero-Trust Security Perimeter,93,9434.0,6.0,824720.28,207911.98,74.79,Net 30,In Fulfillment,David Lin
ORD-2025-01492,2024-02-05,2024,2024-Q1,CUST-0035,Hyperion Data Mesh,Mid-Market,Data Infrastructure,US-Central,United States,Global Alliance Partner,AI Platform,SKU-AI-9001,Neural Fabric GenAI Platform,7,23560.0,11.0,146778.8,27550.38,81.23,Net 30,Completed,Elena Rostova
ORD-2025-01493,2025-12-17,2025,2025-Q4,CUST-0011,Pied Piper Compression,Mid-Market,DeepTech,EU-Central,Germany,Online B2B Portal,AI Platform,SKU-AI-9050,Realtime Anomaly Detection,12,11424.0,12.0,120637.44,20170.58,83.28,Net 60,Completed,Jessica Taylor
ORD-2025-01494,2024-06-25,2024,2024-Q2,CUST-0029,Omni Consumer Products,Enterprise Strategic,Consumer Tech,EU-Central,Germany,Online B2B Portal,Enterprise ERP,SKU-ERP-101,Global ERP Enterprise Suite,82,36400.0,9.0,2716168.0,810232.91,70.17,Net 30,In Fulfillment,Jessica Taylor
ORD-2025-01495,2024-10-29,2024,2024-Q4,CUST-0025,Black Mesa Research,Enterprise Strategic,Scientific R&D,APAC-East,South Korea,Global Alliance Partner,AI Platform,SKU-AI-9001,Neural Fabric GenAI Platform,116,26040.0,17.0,2507131.2,476104.21,81.01,Net 30,In Fulfillment,Astrid Lindgren
ORD-2025-01496,2025-12-18,2025,2025-Q4,CUST-0035,Hyperion Data Mesh,Mid-Market,Data Infrastructure,LATAM,Brazil,Direct Field Sales,Cloud Infrastructure,SKU-INFRA-805,High-Speed API Gateway Gateway,32,5508.0,6.0,165680.64,31976.36,80.7,Net 60,Completed,Michael Chang
ORD-2025-01497,2024-07-03,2024,2024-Q3,CUST-0035,Hyperion Data Mesh,Mid-Market,Data Infrastructure,MEA,United Arab Emirates,Strategic Reseller Partner,Cybersecurity Suite,SKU-SEC-402,Zero-Trust Security Perimeter,17,8900.0,14.0,130118.0,31410.49,75.86,Net 30,In Fulfillment,Michael Chang
ORD-2025-01498,2025-07-19,2025,2025-Q3,CUST-0006,Soylent BioTech Global,Mid-Market,BioTech,EU-West,France,Direct Field Sales,Enterprise ERP,SKU-ERP-101,Global ERP Enterprise Suite,18,32900.0,5.0,562590.0,194487.36,65.43,Annual Pre-Paid,Completed,Hannah Schmidt
ORD-2025-01499,2026-05-08,2026,2026-Q2,CUST-0014,Nakatomi Trading Corp,Mid-Market,Trading & Real Estate,US-Central,United States,Strategic Reseller Partner,AI Platform,SKU-AI-9001,Neural Fabric GenAI Platform,35,24552.0,2.0,842133.6,139962.6,83.38,Quarterly Net 30,Completed,Astrid Lindgren
ORD-2025-01500,2026-02-17,2026,2026-Q1,CUST-0021,Weyland-Yutani Deep Space,Enterprise Strategic,Energy & Mining,EU-Central,Switzerland,Strategic Reseller Partner,Enterprise ERP,SKU-ERP-101,Global ERP Enterprise Suite,113,32550.0,12.0,3236772.0,1162324.83,64.09,Net 30,Completed,Hannah Schmidt
ORD-2025-01501,2026-04-09,2026,2026-Q2,CUST-0002,Globex Corporation,Enterprise Strategic,Conglomerate,US-West,United States,Online B2B Portal,Cybersecurity Suite,SKU-SEC-402,Zero-Trust Security Perimeter,101,9078.0,20.0,733502.4,207947.93,71.65,Net 60,Completed,Gabriel Santos
ORD-2025-01502,2024-04-10,2024,2024-Q2,CUST-0029,Omni Consumer Products,Enterprise Strategic,Consumer Tech,APAC-East,South Korea,Online B2B Portal,Cloud Infrastructure,SKU-INFRA-801,Enterprise Data Lakehouse Engine,105,13375.0,18.0,1151587.5,296994.42,74.21,Net 60,Pending Verification,David Lin
ORD-2025-01503,2025-01-23,2025,2025-Q1,CUST-0008,Umbrella Life Sciences,Enterprise Strategic,Pharma,APAC-East,South Korea,Online B2B Portal,Enterprise ERP,SKU-ERP-101,Global ERP Enterprise Suite,38,35350.0,8.0,1235836.0,430318.1,65.18,Quarterly Net 30,Completed,Kenji Sato
ORD-2025-01504,2025-05-17,2025,2025-Q2,CUST-0034,Quantum Peak Labs,SMB Growth,Semiconductor,MEA,United Arab Emirates,Direct Field Sales,Cybersecurity Suite,SKU-SEC-402,Zero-Trust Security Perimeter,3,8633.0,7.0,24086.07,5787.88,75.97,Net 30,Pending Verification,Jessica Taylor
ORD-2025-01505,2025-04-25,2025,2025-Q2,CUST-0003,Initech Cloud Solutions,Mid-Market,Software,APAC-East,Japan,Global Alliance Partner,AI Platform,SKU-AI-9050,Realtime Anomaly Detection,3,10416.0,1.0,30935.52,5166.23,83.3,Net 60,Completed,David Lin
ORD-2025-01506,2025-10-13,2025,2025-Q4,CUST-0022,Gekko Financial Partners,Enterprise Strategic,FinTech & Hedge Fund,US-West,United States,Online B2B Portal,Cloud Infrastructure,SKU-INFRA-805,High-Speed API Gateway Gateway,40,5292.0,16.0,177811.2,36451.3,79.5,Net 60,Completed,Marcus Vance
ORD-2025-01507,2026-03-27,2026,2026-Q1,CUST-0018,Virtucon Industries,Enterprise Strategic,Industrial Equipment,APAC-East,Japan,Strategic Reseller Partner,Developer Tools,SKU-DEV-701,DevSecOps Automation Mesh,52,4410.0,18.0,188042.4,21493.25,88.57,Quarterly Net 30,Completed,Astrid Lindgren
ORD-2025-01508,2024-02-12,2024,2024-Q1,CUST-0003,Initech Cloud Solutions,Mid-Market,Software,APAC-South,Singapore,Global Alliance Partner,Cloud Infrastructure,SKU-INFRA-801,Enterprise Data Lakehouse Engine,28,12375.0,3.0,336105.0,64364.11,80.85,Quarterly Net 30,Completed,Rachel Green
ORD-2025-01509,2024-12-29,2024,2024-Q4,CUST-0002,Globex Corporation,Enterprise Strategic,Conglomerate,APAC-East,South Korea,Strategic Reseller Partner,Cybersecurity Suite,SKU-SEC-402,Zero-Trust Security Perimeter,13,9345.0,6.0,114195.9,24632.06,78.43,Annual Pre-Paid,Pending Verification,Hannah Schmidt
ORD-2025-01510,2025-06-25,2025,2025-Q2,CUST-0008,Umbrella Life Sciences,Enterprise Strategic,Pharma,MEA,United Arab Emirates,Direct Field Sales,Enterprise ERP,SKU-ERP-101,Global ERP Enterprise Suite,85,37450.0,20.0,2546600.0,785626.1,69.15,Quarterly Net 30,Completed,Chloe Dubois
ORD-2025-01511,2026-06-20,2026,2026-Q2,CUST-0016,Dunder Mifflin Paper & Tech,SMB Growth,Retail & Supplies,APAC-East,Japan,Strategic Reseller Partner,IoT & Edge Computing,SKU-IOT-330,Edge IoT Fleet Orchestrator,12,6800.0,6.0,76704.0,24154.09,68.51,Net 90,In Fulfillment,Marcus Vance
ORD-2025-01512,2025-11-20,2025,2025-Q4,CUST-0005,Wayne Enterprises Holdings,Enterprise Strategic,Finance & Industrial,US-Central,United States,Global Alliance Partner,Cybersecurity Suite,SKU-SEC-410,Compliance & Audit Vault,91,6840.0,11.0,553971.6,140874.98,74.57,Net 90,Completed,Kenji Sato
ORD-2025-01513,2024-06-11,2024,2024-Q2,CUST-0002,Globex Corporation,Enterprise Strategic,Conglomerate,EU-West,United Kingdom,Global Alliance Partner,Cybersecurity Suite,SKU-SEC-402,Zero-Trust Security Perimeter,52,9434.0,19.0,397360.08,101525.5,74.45,Net 30,Pending Verification,Gabriel Santos
ORD-2025-01514,2024-09-14,2024,2024-Q3,CUST-0006,Soylent BioTech Global,Mid-Market,BioTech,EU-Central,Switzerland,Direct Field Sales,IoT & Edge Computing,SKU-IOT-330,Edge IoT Fleet Orchestrator,20,6936.0,14.0,119299.2,36684.5,69.25,Net 90,Pending Verification,Hannah Schmidt
ORD-2025-01515,2026-06-13,2026,2026-Q2,CUST-0003,Initech Cloud Solutions,Mid-Market,Software,US-Central,United States,Global Alliance Partner,Database Infrastructure,SKU-DB-880,QuantumDB Distributed Cluster,25,16995.0,5.0,403631.25,83349.85,79.35,Net 30,Completed,Chloe Dubois
ORD-2025-01516,2025-01-21,2025,2025-Q1,CUST-0020,Oscorp Pharmaceutical,Enterprise Strategic,Life Sciences,EU-North,Netherlands,Online B2B Portal,Enterprise ERP,SKU-ERP-101,Global ERP Enterprise Suite,70,36750.0,17.0,2135175.0,682401.93,68.04,Net 30,In Fulfillment,Astrid Lindgren
ORD-2025-01517,2024-04-21,2024,2024-Q2,CUST-0024,Aperture Quantum Lab,Mid-Market,Research & Quantum,EU-West,United Kingdom,Strategic Reseller Partner,Enterprise ERP,SKU-ERP-101,Global ERP Enterprise Suite,23,32900.0,11.0,673463.0,209581.69,68.88,Net 30,Pending Verification,Alex Mercer
ORD-2025-01518,2024-10-23,2024,2024-Q4,CUST-0004,Stark Aerospace & Defense,Enterprise Strategic,Aerospace,LATAM,Brazil,Online B2B Portal,Database Infrastructure,SKU-DB-880,QuantumDB Distributed Cluster,31,15675.0,23.0,374162.25,63158.59,83.12,Net 90,In Fulfillment,Hannah Schmidt
ORD-2025-01519,2025-06-22,2025,2025-Q2,CUST-0017,Sterling Cooper Advertising,Mid-Market,Marketing & Media,APAC-East,Taiwan,Online B2B Portal,AI Platform,SKU-AI-9001,Neural Fabric GenAI Platform,27,26040.0,11.0,625741.2,84787.93,86.45,Net 30,Completed,Astrid Lindgren
ORD-2025-01520,2025-09-06,2025,2025-Q3,CUST-0030,Sartre Software SAS,SMB Growth,Dev Tools,APAC-East,Japan,Global Alliance Partner,AI Platform,SKU-AI-9001,Neural Fabric GenAI Platform,9,26784.0,0.0,241056.0,43558.82,81.93,Net 30,In Fulfillment,Chloe Dubois
ORD-2025-01521,2024-08-09,2024,2024-Q3,CUST-0009,Wonka Global Logistics,Mid-Market,Supply Chain,EU-North,Netherlands,Online B2B Portal,Database Infrastructure,SKU-DB-880,QuantumDB Distributed Cluster,4,17490.0,13.0,60865.2,10474.9,82.79,Net 30,Completed,Gabriel Santos
ORD-2025-01522,2024-12-01,2024,2024-Q4,CUST-0025,Black Mesa Research,Enterprise Strategic,Scientific R&D,US-West,United States,Global Alliance Partner,Cloud Infrastructure,SKU-INFRA-805,High-Speed API Gateway Gateway,114,5454.0,13.0,540927.72,97853.82,81.91,Net 30,Completed,Brian O'Connor
ORD-2025-01523,2024-07-08,2024,2024-Q3,CUST-0014,Nakatomi Trading Corp,Mid-Market,Trading & Real Estate,LATAM,Brazil,Direct Field Sales,Cloud Infrastructure,SKU-INFRA-801,Enterprise Data Lakehouse Engine,39,13000.0,2.0,496860.0,124711.86,74.9,Net 60,Completed,Elena Rostova
ORD-2025-01524,2025-12-05,2025,2025-Q4,CUST-0025,Black Mesa Research,Enterprise Strategic,Scientific R&D,EU-West,France,Global Alliance Partner,AI Platform,SKU-AI-9050,Realtime Anomaly Detection,38,11760.0,20.0,357504.0,61597.94,82.77,Annual Pre-Paid,Completed,Brian O'Connor
ORD-2025-01525,2025-09-27,2025,2025-Q3,CUST-0014,Nakatomi Trading Corp,Mid-Market,Trading & Real Estate,EU-North,Netherlands,Online B2B Portal,Cybersecurity Suite,SKU-SEC-410,Compliance & Audit Vault,24,6696.0,2.0,157489.92,43325.48,72.49,Net 30,Completed,Hannah Schmidt
ORD-2025-01526,2025-06-22,2025,2025-Q2,CUST-0019,Buy N Large Retail Mega,Enterprise Strategic,E-Commerce,US-West,United States,Online B2B Portal,Database Infrastructure,SKU-DB-880,QuantumDB Distributed Cluster,34,16500.0,13.0,488070.0,79555.41,83.7,Quarterly Net 30,In Fulfillment,Gabriel Santos
ORD-2025-01527,2025-02-21,2025,2025-Q1,CUST-0013,Oceanic Airlines Group,Enterprise Strategic,Aviation,US-Central,United States,Strategic Reseller Partner,Database Infrastructure,SKU-DB-880,QuantumDB Distributed Cluster,82,15510.0,17.0,1055610.6,222522.71,78.92,Net 90,Pending Verification,David Lin
ORD-2025-01528,2025-03-04,2025,2025-Q1,CUST-0005,Wayne Enterprises Holdings,Enterprise Strategic,Finance & Industrial,US-West,United States,Online B2B Portal,Cloud Infrastructure,SKU-INFRA-801,Enterprise Data Lakehouse Engine,94,13000.0,20.0,977600.0,244008.96,75.04,Quarterly Net 30,Completed,Astrid Lindgren
ORD-2025-01529,2024-02-13,2024,2024-Q1,CUST-0024,Aperture Quantum Lab,Mid-Market,Research & Quantum,APAC-South,Singapore,Direct Field Sales,Developer Tools,SKU-DEV-701,DevSecOps Automation Mesh,17,4410.0,7.0,69722.1,10123.65,85.48,Net 30,Completed,Sarah Chen
ORD-2025-01530,2026-02-03,2026,2026-Q1,CUST-0009,Wonka Global Logistics,Mid-Market,Supply Chain,EU-North,Netherlands,Direct Field Sales,Cloud Infrastructure,SKU-INFRA-801,Enterprise Data Lakehouse Engine,14,11625.0,13.0,141592.5,26789.3,81.08,Net 90,Completed,Jessica Taylor
ORD-2025-01531,2026-06-24,2026,2026-Q2,CUST-0006,Soylent BioTech Global,Mid-Market,BioTech,LATAM,Brazil,Direct Field Sales,IoT & Edge Computing,SKU-IOT-330,Edge IoT Fleet Orchestrator,11,6324.0,10.0,62607.6,15326.34,75.52,Net 60,Completed,Marcus Vance
ORD-2025-01532,2026-02-25,2026,2026-Q1,CUST-0014,Nakatomi Trading Corp,Mid-Market,Trading & Real Estate,EU-Central,Germany,Online B2B Portal,Developer Tools,SKU-DEV-701,DevSecOps Automation Mesh,5,4500.0,12.0,19800.0,3272.94,83.47,Quarterly Net 30,Completed,Chloe Dubois
ORD-2025-01533,2025-10-03,2025,2025-Q4,CUST-0032,Zeus Renewable Power,Mid-Market,Clean Energy,EU-North,Netherlands,Strategic Reseller Partner,Cybersecurity Suite,SKU-SEC-410,Compliance & Audit Vault,15,7560.0,15.0,96390.0,26680.75,72.32,Net 30,Completed,Elena Rostova
ORD-2025-01534,2024-11-07,2024,2024-Q4,CUST-0001,Cyberdyne Systems Corp,Enterprise Strategic,Technology & AI,APAC-East,South Korea,Global Alliance Partner,Database Infrastructure,SKU-DB-880,QuantumDB Distributed Cluster,48,16500.0,11.0,704880.0,124481.81,82.34,Quarterly Net 30,In Fulfillment,Jessica Taylor
ORD-2025-01535,2024-02-17,2024,2024-Q1,CUST-0014,Nakatomi Trading Corp,Mid-Market,Trading & Real Estate,EU-West,United Kingdom,Online B2B Portal,Cybersecurity Suite,SKU-SEC-410,Compliance & Audit Vault,9,7416.0,1.0,66076.56,17437.6,73.61,Net 30,Completed,Michael Chang
ORD-2025-01536,2025-01-12,2025,2025-Q1,CUST-0005,Wayne Enterprises Holdings,Enterprise Strategic,Finance & Industrial,APAC-East,South Korea,Online B2B Portal,Enterprise ERP,SKU-ERP-101,Global ERP Enterprise Suite,78,32200.0,9.0,2285556.0,640869.9,71.96,Net 90,In Fulfillment,Jessica Taylor
ORD-2025-01537,2026-02-13,2026,2026-Q1,CUST-0027,Vault-Tec Security Hub,Enterprise Strategic,Cybersecurity,APAC-East,South Korea,Global Alliance Partner,Enterprise ERP,SKU-ERP-101,Global ERP Enterprise Suite,111,35700.0,16.0,3328668.0,1038544.42,68.8,Annual Pre-Paid,Completed,Brian O'Connor
ORD-2025-01538,2025-06-18,2025,2025-Q2,CUST-0019,Buy N Large Retail Mega,Enterprise Strategic,E-Commerce,US-Central,United States,Online B2B Portal,Cybersecurity Suite,SKU-SEC-410,Compliance & Audit Vault,54,7272.0,18.0,322004.16,92801.6,71.18,Quarterly Net 30,Completed,Kenji Sato
ORD-2025-01539,2024-01-22,2024,2024-Q1,CUST-0033,Apex FinTech Global,Enterprise Strategic,Banking,MEA,United Arab Emirates,Online B2B Portal,Cybersecurity Suite,SKU-SEC-410,Compliance & Audit Vault,84,7632.0,21.0,506459.52,113294.99,77.63,Net 60,Completed,Marcus Vance
ORD-2025-01540,2026-05-09,2026,2026-Q2,CUST-0015,Acme Aerospace Systems,Mid-Market,Manufacturing,EU-Central,Germany,Strategic Reseller Partner,IoT & Edge Computing,SKU-IOT-330,Edge IoT Fleet Orchestrator,27,7276.0,8.0,180735.84,57040.23,68.44,Quarterly Net 30,Completed,Michael Chang
ORD-2025-01541,2025-04-29,2025,2025-Q2,CUST-0010,Hooli Enterprise Cloud,Enterprise Strategic,Cloud Services,EU-North,Netherlands,Direct Field Sales,AI Platform,SKU-AI-9050,Realtime Anomaly Detection,102,11872.0,13.0,1053521.28,177623.69,83.14,Net 60,In Fulfillment,Kenji Sato
ORD-2025-01542,2025-07-29,2025,2025-Q3,CUST-0015,Acme Aerospace Systems,Mid-Market,Manufacturing,APAC-East,Japan,Strategic Reseller Partner,Developer Tools,SKU-DEV-701,DevSecOps Automation Mesh,40,4590.0,14.0,157896.0,17068.56,89.19,Quarterly Net 30,In Fulfillment,Vikram Patel
ORD-2025-01543,2026-07-07,2026,2026-Q3,CUST-0002,Globex Corporation,Enterprise Strategic,Conglomerate,LATAM,Brazil,Online B2B Portal,Cloud Infrastructure,SKU-INFRA-801,Enterprise Data Lakehouse Engine,119,12375.0,12.0,1295910.0,268123.78,79.31,Net 60,Completed,David Lin
ORD-2025-01544,2024-01-31,2024,2024-Q1,CUST-0010,Hooli Enterprise Cloud,Enterprise Strategic,Cloud Services,EU-North,Netherlands,Online B2B Portal,Cloud Infrastructure,SKU-INFRA-805,High-Speed API Gateway Gateway,91,5562.0,8.0,465650.64,112920.28,75.75,Quarterly Net 30,Completed,Rachel Green
ORD-2025-01545,2025-01-22,2025,2025-Q1,CUST-0023,Delos Experience Living,Enterprise Strategic,Hospitality,EU-North,Netherlands,Direct Field Sales,Database Infrastructure,SKU-DB-880,QuantumDB Distributed Cluster,6,17325.0,16.0,87318.0,19393.33,77.79,Net 60,In Fulfillment,Gabriel Santos
ORD-2025-01546,2025-06-25,2025,2025-Q2,CUST-0021,Weyland-Yutani Deep Space,Enterprise Strategic,Energy & Mining,APAC-East,Taiwan,Online B2B Portal,AI Platform,SKU-AI-9001,Neural Fabric GenAI Platform,37,25792.0,22.0,744357.12,125126.43,83.19,Net 60,In Fulfillment,Rachel Green
ORD-2025-01547,2026-03-26,2026,2026-Q1,CUST-0020,Oscorp Pharmaceutical,Enterprise Strategic,Life Sciences,LATAM,Brazil,Online B2B Portal,Cloud Infrastructure,SKU-INFRA-801,Enterprise Data Lakehouse Engine,114,13375.0,6.0,1433265.0,317754.85,77.83,Net 60,Completed,Alex Mercer
ORD-2025-01548,2025-11-14,2025,2025-Q4,CUST-0033,Apex FinTech Global,Enterprise Strategic,Banking,EU-North,Netherlands,Global Alliance Partner,IoT & Edge Computing,SKU-IOT-330,Edge IoT Fleet Orchestrator,13,6392.0,25.0,62322.0,15057.0,75.84,Annual Pre-Paid,In Fulfillment,Sarah Chen
ORD-2025-01549,2024-03-24,2024,2024-Q1,CUST-0013,Oceanic Airlines Group,Enterprise Strategic,Aviation,LATAM,Brazil,Online B2B Portal,Cloud Infrastructure,SKU-INFRA-801,Enterprise Data Lakehouse Engine,11,12250.0,24.0,102410.0,26165.75,74.45,Net 90,Completed,Kenji Sato
ORD-2025-01550,2025-10-06,2025,2025-Q4,CUST-0005,Wayne Enterprises Holdings,Enterprise Strategic,Finance & Industrial,LATAM,Brazil,Online B2B Portal,Cloud Infrastructure,SKU-INFRA-801,Enterprise Data Lakehouse Engine,63,11875.0,13.0,650868.75,136422.09,79.04,Net 60,Completed,Vikram Patel
ORD-2025-01551,2025-02-25,2025,2025-Q1,CUST-0010,Hooli Enterprise Cloud,Enterprise Strategic,Cloud Services,US-East,United States,Online B2B Portal,Database Infrastructure,SKU-DB-880,QuantumDB Distributed Cluster,86,15180.0,11.0,1161877.2,221221.42,80.96,Annual Pre-Paid,Pending Verification,Jessica Taylor
ORD-2025-01552,2024-06-15,2024,2024-Q2,CUST-0004,Stark Aerospace & Defense,Enterprise Strategic,Aerospace,APAC-ANZ,Australia,Global Alliance Partner,Cybersecurity Suite,SKU-SEC-402,Zero-Trust Security Perimeter,97,9434.0,13.0,796135.26,188126.76,76.37,Quarterly Net 30,In Fulfillment,David Lin
ORD-2025-01553,2024-01-20,2024,2024-Q1,CUST-0006,Soylent BioTech Global,Mid-Market,BioTech,APAC-ANZ,Australia,Global Alliance Partner,AI Platform,SKU-AI-9050,Realtime Anomaly Detection,26,12096.0,14.0,270466.56,47277.55,82.52,Quarterly Net 30,Completed,Gabriel Santos
ORD-2025-01554,2026-03-07,2026,2026-Q1,CUST-0017,Sterling Cooper Advertising,Mid-Market,Marketing & Media,US-East,United States,Global Alliance Partner,Cloud Infrastructure,SKU-INFRA-805,High-Speed API Gateway Gateway,36,5832.0,4.0,201553.92,47183.77,76.59,Annual Pre-Paid,In Fulfillment,Sarah Chen
ORD-2025-01555,2024-05-15,2024,2024-Q2,CUST-0021,Weyland-Yutani Deep Space,Enterprise Strategic,Energy & Mining,EU-West,France,Strategic Reseller Partner,Database Infrastructure,SKU-DB-880,QuantumDB Distributed Cluster,49,16170.0,23.0,610094.1,117504.12,80.74,Net 30,Completed,Alex Mercer
ORD-2025-01556,2024-07-28,2024,2024-Q3,CUST-0011,Pied Piper Compression,Mid-Market,DeepTech,APAC-South,Singapore,Direct Field Sales,AI Platform,SKU-AI-9001,Neural Fabric GenAI Platform,40,24304.0,2.0,952716.8,173870.82,81.75,Annual Pre-Paid,In Fulfillment,Hannah Schmidt
ORD-2025-01557,2025-06-09,2025,2025-Q2,CUST-0021,Weyland-Yutani Deep Space,Enterprise Strategic,Energy & Mining,US-Central,United States,Global Alliance Partner,AI Platform,SKU-AI-9050,Realtime Anomaly Detection,74,10976.0,16.0,682268.16,143480.99,78.97,Net 60,Completed,Sarah Chen
ORD-2025-01558,2026-07-01,2026,2026-Q3,CUST-0035,Hyperion Data Mesh,Mid-Market,Data Infrastructure,EU-Central,Germany,Online B2B Portal,Enterprise ERP,SKU-ERP-101,Global ERP Enterprise Suite,39,37450.0,1.0,1445944.5,420480.66,70.92,Net 90,Completed,Marcus Vance
ORD-2025-01559,2026-06-03,2026,2026-Q2,CUST-0026,Shinra Electric Power,Enterprise Strategic,Energy & Utilities,EU-Central,Germany,Direct Field Sales,AI Platform,SKU-AI-9001,Neural Fabric GenAI Platform,60,26784.0,11.0,1430265.6,259021.1,81.89,Net 60,Pending Verification,Hannah Schmidt
ORD-2025-01560,2024-04-14,2024,2024-Q2,CUST-0026,Shinra Electric Power,Enterprise Strategic,Energy & Utilities,EU-Central,Switzerland,Direct Field Sales,Cybersecurity Suite,SKU-SEC-402,Zero-Trust Security Perimeter,120,9345.0,14.0,964404.0,228177.99,76.34,Net 60,In Fulfillment,Sarah Chen
ORD-2025-01561,2024-01-15,2024,2024-Q1,CUST-0011,Pied Piper Compression,Mid-Market,DeepTech,APAC-South,Singapore,Direct Field Sales,AI Platform,SKU-AI-9050,Realtime Anomaly Detection,39,10640.0,8.0,381763.2,64785.22,83.03,Net 90,Completed,Marcus Vance
ORD-2025-01562,2025-08-09,2025,2025-Q3,CUST-0035,Hyperion Data Mesh,Mid-Market,Data Infrastructure,EU-West,France,Global Alliance Partner,Cybersecurity Suite,SKU-SEC-410,Compliance & Audit Vault,30,7128.0,4.0,205286.4,48016.49,76.61,Quarterly Net 30,In Fulfillment,Brian O'Connor
ORD-2025-01563,2024-04-27,2024,2024-Q2,CUST-0033,Apex FinTech Global,Enterprise Strategic,Banking,US-Central,United States,Online B2B Portal,IoT & Edge Computing,SKU-IOT-330,Edge IoT Fleet Orchestrator,8,6868.0,12.0,48350.72,13731.6,71.6,Net 30,Completed,Gabriel Santos
ORD-2025-01564,2025-12-20,2025,2025-Q4,CUST-0035,Hyperion Data Mesh,Mid-Market,Data Infrastructure,APAC-ANZ,Australia,Global Alliance Partner,IoT & Edge Computing,SKU-IOT-330,Edge IoT Fleet Orchestrator,9,7004.0,7.0,58623.48,16871.84,71.22,Annual Pre-Paid,In Fulfillment,Brian O'Connor
ORD-2025-01565,2025-02-18,2025,2025-Q1,CUST-0034,Quantum Peak Labs,SMB Growth,Semiconductor,APAC-East,South Korea,Strategic Reseller Partner,Cloud Infrastructure,SKU-INFRA-801,Enterprise Data Lakehouse Engine,6,12250.0,6.0,69090.0,17168.86,75.15,Net 60,In Fulfillment,Elena Rostova
ORD-2025-01566,2025-10-06,2025,2025-Q4,CUST-0023,Delos Experience Living,Enterprise Strategic,Hospitality,EU-West,France,Strategic Reseller Partner,AI Platform,SKU-AI-9001,Neural Fabric GenAI Platform,55,25544.0,19.0,1137985.2,226231.46,80.12,Net 90,Completed,Brian O'Connor
ORD-2025-01567,2024-04-17,2024,2024-Q2,CUST-0017,Sterling Cooper Advertising,Mid-Market,Marketing & Media,EU-North,Netherlands,Strategic Reseller Partner,AI Platform,SKU-AI-9001,Neural Fabric GenAI Platform,35,26536.0,10.0,835884.0,162328.67,80.58,Quarterly Net 30,In Fulfillment,David Lin
ORD-2025-01568,2025-08-04,2025,2025-Q3,CUST-0026,Shinra Electric Power,Enterprise Strategic,Energy & Utilities,EU-Central,Switzerland,Direct Field Sales,Cloud Infrastructure,SKU-INFRA-805,High-Speed API Gateway Gateway,80,5562.0,16.0,373766.4,86414.79,76.88,Quarterly Net 30,Pending Verification,Gabriel Santos
ORD-2025-01569,2025-07-13,2025,2025-Q3,CUST-0002,Globex Corporation,Enterprise Strategic,Conglomerate,US-Central,United States,Strategic Reseller Partner,Cloud Infrastructure,SKU-INFRA-801,Enterprise Data Lakehouse Engine,113,11625.0,12.0,1155990.0,244607.48,78.84,Net 60,Completed,Astrid Lindgren
ORD-2025-01570,2025-09-04,2025,2025-Q3,CUST-0017,Sterling Cooper Advertising,Mid-Market,Marketing & Media,APAC-East,Japan,Online B2B Portal,Cybersecurity Suite,SKU-SEC-402,Zero-Trust Security Perimeter,21,8633.0,13.0,157724.91,36466.0,76.88,Quarterly Net 30,Completed,Vikram Patel
ORD-2025-01571,2024-03-27,2024,2024-Q1,CUST-0019,Buy N Large Retail Mega,Enterprise Strategic,E-Commerce,EU-West,France,Global Alliance Partner,Cloud Infrastructure,SKU-INFRA-805,High-Speed API Gateway Gateway,69,5670.0,14.0,336457.8,59553.03,82.3,Annual Pre-Paid,Completed,David Lin
ORD-2025-01572,2026-08-03,2026,2026-Q3,CUST-0012,Massive Dynamic AI,Enterprise Strategic,Artificial Intelligence,EU-West,United Kingdom,Global Alliance Partner,AI Platform,SKU-AI-9050,Realtime Anomaly Detection,54,11312.0,15.0,519220.8,73833.2,85.78,Net 60,Completed,Brian O'Connor
ORD-2025-01573,2025-09-22,2025,2025-Q3,CUST-0029,Omni Consumer Products,Enterprise Strategic,Consumer Tech,EU-Central,Germany,Global Alliance Partner,AI Platform,SKU-AI-9001,Neural Fabric GenAI Platform,83,25296.0,6.0,1973593.92,240975.82,87.79,Annual Pre-Paid,Completed,Jessica Taylor
ORD-2025-01574,2025-07-08,2025,2025-Q3,CUST-0010,Hooli Enterprise Cloud,Enterprise Strategic,Cloud Services,LATAM,Brazil,Global Alliance Partner,Cloud Infrastructure,SKU-INFRA-805,High-Speed API Gateway Gateway,68,5076.0,19.0,279586.08,51248.13,81.67,Net 90,In Fulfillment,Chloe Dubois
ORD-2025-01575,2026-02-06,2026,2026-Q1,CUST-0003,Initech Cloud Solutions,Mid-Market,Software,APAC-East,South Korea,Online B2B Portal,Cloud Infrastructure,SKU-INFRA-805,High-Speed API Gateway Gateway,2,5130.0,6.0,9644.4,1928.88,80.0,Net 60,Pending Verification,Alex Mercer
ORD-2025-01576,2025-12-13,2025,2025-Q4,CUST-0018,Virtucon Industries,Enterprise Strategic,Industrial Equipment,MEA,United Arab Emirates,Direct Field Sales,Developer Tools,SKU-DEV-701,DevSecOps Automation Mesh,101,4410.0,25.0,334057.5,43561.1,86.96,Annual Pre-Paid,Completed,Alex Mercer
ORD-2025-01577,2025-11-20,2025,2025-Q4,CUST-0008,Umbrella Life Sciences,Enterprise Strategic,Pharma,US-Central,United States,Online B2B Portal,Cloud Infrastructure,SKU-INFRA-805,High-Speed API Gateway Gateway,27,5238.0,21.0,111726.54,24579.84,78.0,Net 90,In Fulfillment,Brian O'Connor
ORD-2025-01578,2025-06-20,2025,2025-Q2,CUST-0026,Shinra Electric Power,Enterprise Strategic,Energy & Utilities,EU-Central,Switzerland,Global Alliance Partner,Database Infrastructure,SKU-DB-880,QuantumDB Distributed Cluster,22,17325.0,12.0,335412.0,69262.58,79.35,Net 60,In Fulfillment,Vikram Patel
ORD-2025-01579,2025-06-29,2025,2025-Q2,CUST-0018,Virtucon Industries,Enterprise Strategic,Industrial Equipment,APAC-East,South Korea,Global Alliance Partner,Database Infrastructure,SKU-DB-880,QuantumDB Distributed Cluster,115,16665.0,24.0,1456521.0,229984.67,84.21,Quarterly Net 30,Completed,David Lin
ORD-2025-01580,2025-02-18,2025,2025-Q1,CUST-0011,Pied Piper Compression,Mid-Market,DeepTech,EU-Central,Germany,Direct Field Sales,Developer Tools,SKU-DEV-701,DevSecOps Automation Mesh,13,4365.0,8.0,52205.4,5262.3,89.92,Annual Pre-Paid,In Fulfillment,Brian O'Connor
ORD-2025-01581,2024-12-17,2024,2024-Q4,CUST-0025,Black Mesa Research,Enterprise Strategic,Scientific R&D,US-Central,United States,Strategic Reseller Partner,IoT & Edge Computing,SKU-IOT-330,Edge IoT Fleet Orchestrator,80,7004.0,9.0,509891.2,149143.18,70.75,Quarterly Net 30,Pending Verification,Sarah Chen
ORD-2025-01582,2024-08-16,2024,2024-Q3,CUST-0033,Apex FinTech Global,Enterprise Strategic,Banking,US-West,United States,Global Alliance Partner,Developer Tools,SKU-DEV-701,DevSecOps Automation Mesh,51,4590.0,6.0,220044.6,30476.18,86.15,Annual Pre-Paid,Pending Verification,Alex Mercer
ORD-2025-01583,2025-09-16,2025,2025-Q3,CUST-0021,Weyland-Yutani Deep Space,Enterprise Strategic,Energy & Mining,APAC-East,South Korea,Global Alliance Partner,Enterprise ERP,SKU-ERP-101,Global ERP Enterprise Suite,110,32200.0,10.0,3187800.0,1069506.9,66.45,Quarterly Net 30,Completed,Brian O'Connor
ORD-2025-01584,2025-11-22,2025,2025-Q4,CUST-0033,Apex FinTech Global,Enterprise Strategic,Banking,LATAM,Brazil,Direct Field Sales,AI Platform,SKU-AI-9001,Neural Fabric GenAI Platform,66,23560.0,17.0,1290616.8,237602.55,81.59,Net 90,In Fulfillment,Kenji Sato
ORD-2025-01585,2026-03-23,2026,2026-Q1,CUST-0003,Initech Cloud Solutions,Mid-Market,Software,US-West,United States,Online B2B Portal,Database Infrastructure,SKU-DB-880,QuantumDB Distributed Cluster,27,16005.0,5.0,410528.25,79519.32,80.63,Net 90,Pending Verification,Elena Rostova
ORD-2025-01586,2024-04-19,2024,2024-Q2,CUST-0014,Nakatomi Trading Corp,Mid-Market,Trading & Real Estate,APAC-ANZ,Australia,Strategic Reseller Partner,Developer Tools,SKU-DEV-701,DevSecOps Automation Mesh,15,4500.0,12.0,59400.0,6670.62,88.77,Quarterly Net 30,Completed,Elena Rostova
ORD-2025-01587,2026-03-28,2026,2026-Q1,CUST-0028,LexCorp Advanced Metals,Enterprise Strategic,Materials,EU-Central,Switzerland,Online B2B Portal,Cloud Infrastructure,SKU-INFRA-801,Enterprise Data Lakehouse Engine,7,12000.0,24.0,63840.0,12276.43,80.77,Net 30,Pending Verification,Gabriel Santos
ORD-2025-01588,2026-03-22,2026,2026-Q1,CUST-0006,Soylent BioTech Global,Mid-Market,BioTech,US-East,United States,Online B2B Portal,Cybersecurity Suite,SKU-SEC-402,Zero-Trust Security Perimeter,31,8900.0,6.0,259346.0,54514.53,78.98,Quarterly Net 30,Completed,Michael Chang
ORD-2025-01589,2024-03-02,2024,2024-Q1,CUST-0009,Wonka Global Logistics,Mid-Market,Supply Chain,APAC-East,South Korea,Global Alliance Partner,Cloud Infrastructure,SKU-INFRA-801,Enterprise Data Lakehouse Engine,19,12000.0,5.0,216600.0,47413.74,78.11,Quarterly Net 30,Pending Verification,Jessica Taylor
ORD-2025-01590,2024-06-15,2024,2024-Q2,CUST-0009,Wonka Global Logistics,Mid-Market,Supply Chain,MEA,United Arab Emirates,Online B2B Portal,Cloud Infrastructure,SKU-INFRA-805,High-Speed API Gateway Gateway,29,5778.0,6.0,157508.28,28493.25,81.91,Quarterly Net 30,Completed,Gabriel Santos
ORD-2025-01591,2026-02-11,2026,2026-Q1,CUST-0029,Omni Consumer Products,Enterprise Strategic,Consumer Tech,APAC-East,Japan,Global Alliance Partner,Enterprise ERP,SKU-ERP-101,Global ERP Enterprise Suite,43,32900.0,22.0,1103466.0,334901.93,69.65,Quarterly Net 30,Pending Verification,Astrid Lindgren
ORD-2025-01592,2026-07-03,2026,2026-Q3,CUST-0018,Virtucon Industries,Enterprise Strategic,Industrial Equipment,APAC-East,Japan,Online B2B Portal,Cybersecurity Suite,SKU-SEC-410,Compliance & Audit Vault,59,7560.0,24.0,338990.4,93086.76,72.54,Quarterly Net 30,Pending Verification,Marcus Vance
ORD-2025-01593,2025-05-29,2025,2025-Q2,CUST-0009,Wonka Global Logistics,Mid-Market,Supply Chain,EU-Central,Germany,Direct Field Sales,AI Platform,SKU-AI-9001,Neural Fabric GenAI Platform,29,22816.0,15.0,562414.4,70526.77,87.46,Net 30,Completed,Alex Mercer
ORD-2025-01594,2024-06-08,2024,2024-Q2,CUST-0020,Oscorp Pharmaceutical,Enterprise Strategic,Life Sciences,EU-West,France,Strategic Reseller Partner,Cybersecurity Suite,SKU-SEC-410,Compliance & Audit Vault,87,6696.0,23.0,448565.04,126091.63,71.89,Net 30,Pending Verification,Hannah Schmidt
ORD-2025-01595,2024-11-20,2024,2024-Q4,CUST-0005,Wayne Enterprises Holdings,Enterprise Strategic,Finance & Industrial,EU-West,United Kingdom,Direct Field Sales,Developer Tools,SKU-DEV-701,DevSecOps Automation Mesh,48,4500.0,15.0,183600.0,23739.48,87.07,Annual Pre-Paid,In Fulfillment,Vikram Patel
ORD-2025-01596,2024-04-12,2024,2024-Q2,CUST-0019,Buy N Large Retail Mega,Enterprise Strategic,E-Commerce,EU-Central,Germany,Online B2B Portal,Cloud Infrastructure,SKU-INFRA-805,High-Speed API Gateway Gateway,72,5292.0,17.0,316249.92,63376.48,79.96,Annual Pre-Paid,In Fulfillment,Chloe Dubois
ORD-2025-01597,2026-05-20,2026,2026-Q2,CUST-0015,Acme Aerospace Systems,Mid-Market,Manufacturing,EU-North,Netherlands,Global Alliance Partner,AI Platform,SKU-AI-9050,Realtime Anomaly Detection,20,10528.0,10.0,189504.0,41596.13,78.05,Net 90,In Fulfillment,Brian O'Connor
ORD-2025-01598,2025-01-12,2025,2025-Q1,CUST-0019,Buy N Large Retail Mega,Enterprise Strategic,E-Commerce,EU-West,United Kingdom,Direct Field Sales,Cloud Infrastructure,SKU-INFRA-805,High-Speed API Gateway Gateway,32,5130.0,21.0,129686.4,26780.24,79.35,Net 30,In Fulfillment,Elena Rostova
ORD-2025-01599,2026-05-06,2026,2026-Q2,CUST-0005,Wayne Enterprises Holdings,Enterprise Strategic,Finance & Industrial,US-Central,United States,Strategic Reseller Partner,Cybersecurity Suite,SKU-SEC-410,Compliance & Audit Vault,23,7344.0,23.0,130062.24,32489.55,75.02,Quarterly Net 30,Completed,Alex Mercer
ORD-2025-01600,2025-01-21,2025,2025-Q1,CUST-0001,Cyberdyne Systems Corp,Enterprise Strategic,Technology & AI,MEA,United Arab Emirates,Direct Field Sales,Cloud Infrastructure,SKU-INFRA-805,High-Speed API Gateway Gateway,36,5400.0,13.0,169128.0,39525.21,76.63,Quarterly Net 30,Completed,David Lin
ORD-2025-01601,2024-01-25,2024,2024-Q1,CUST-0035,Hyperion Data Mesh,Mid-Market,Data Infrastructure,US-Central,United States,Global Alliance Partner,IoT & Edge Computing,SKU-IOT-330,Edge IoT Fleet Orchestrator,35,7004.0,11.0,218174.6,66717.79,69.42,Net 60,Pending Verification,Chloe Dubois
ORD-2025-01602,2025-04-20,2025,2025-Q2,CUST-0021,Weyland-Yutani Deep Space,Enterprise Strategic,Energy & Mining,EU-Central,Germany,Online B2B Portal,Cloud Infrastructure,SKU-INFRA-805,High-Speed API Gateway Gateway,85,5076.0,10.0,388314.0,92263.41,76.24,Quarterly Net 30,Completed,David Lin
ORD-2025-01603,2024-05-25,2024,2024-Q2,CUST-0006,Soylent BioTech Global,Mid-Market,BioTech,APAC-East,Japan,Global Alliance Partner,IoT & Edge Computing,SKU-IOT-330,Edge IoT Fleet Orchestrator,37,6392.0,4.0,227043.84,71700.44,68.42,Net 60,Completed,Sarah Chen
ORD-2025-01604,2025-10-22,2025,2025-Q4,CUST-0031,Athena Health Systems,Mid-Market,Healthcare,US-Central,United States,Direct Field Sales,AI Platform,SKU-AI-9050,Realtime Anomaly Detection,15,11760.0,3.0,171108.0,27668.16,83.83,Quarterly Net 30,In Fulfillment,Hannah Schmidt
ORD-2025-01605,2026-08-06,2026,2026-Q3,CUST-0002,Globex Corporation,Enterprise Strategic,Conglomerate,EU-West,France,Strategic Reseller Partner,Cybersecurity Suite,SKU-SEC-402,Zero-Trust Security Perimeter,24,8989.0,17.0,179060.88,43117.86,75.92,Annual Pre-Paid,In Fulfillment,Sarah Chen
ORD-2025-01606,2026-01-20,2026,2026-Q1,CUST-0028,LexCorp Advanced Metals,Enterprise Strategic,Materials,APAC-East,South Korea,Online B2B Portal,Cybersecurity Suite,SKU-SEC-410,Compliance & Audit Vault,14,6912.0,18.0,79349.76,20305.6,74.41,Net 60,In Fulfillment,David Lin
ORD-2025-01607,2025-10-30,2025,2025-Q4,CUST-0024,Aperture Quantum Lab,Mid-Market,Research & Quantum,APAC-ANZ,Australia,Strategic Reseller Partner,Cybersecurity Suite,SKU-SEC-410,Compliance & Audit Vault,36,7272.0,3.0,253938.24,69934.59,72.46,Annual Pre-Paid,Completed,Chloe Dubois
ORD-2025-01608,2026-01-12,2026,2026-Q1,CUST-0030,Sartre Software SAS,SMB Growth,Dev Tools,APAC-ANZ,Australia,Global Alliance Partner,Database Infrastructure,SKU-DB-880,QuantumDB Distributed Cluster,3,16005.0,6.0,45134.1,6977.73,84.54,Quarterly Net 30,Pending Verification,Kenji Sato
ORD-2025-01609,2026-06-05,2026,2026-Q2,CUST-0017,Sterling Cooper Advertising,Mid-Market,Marketing & Media,APAC-East,Taiwan,Global Alliance Partner,Cybersecurity Suite,SKU-SEC-410,Compliance & Audit Vault,9,7128.0,3.0,62227.44,14561.22,76.6,Quarterly Net 30,Completed,Alex Mercer
ORD-2025-01610,2024-07-10,2024,2024-Q3,CUST-0012,Massive Dynamic AI,Enterprise Strategic,Artificial Intelligence,EU-Central,Switzerland,Direct Field Sales,Cybersecurity Suite,SKU-SEC-402,Zero-Trust Security Perimeter,12,9167.0,12.0,96803.52,23455.49,75.77,Quarterly Net 30,Completed,Astrid Lindgren
ORD-2025-01611,2024-04-25,2024,2024-Q2,CUST-0014,Nakatomi Trading Corp,Mid-Market,Trading & Real Estate,EU-Central,Switzerland,Online B2B Portal,Cybersecurity Suite,SKU-SEC-402,Zero-Trust Security Perimeter,39,9523.0,14.0,319401.42,79371.25,75.15,Net 60,In Fulfillment,Alex Mercer
ORD-2025-01612,2026-04-11,2026,2026-Q2,CUST-0007,Tyrell Synthetic Dynamics,Enterprise Strategic,Robotics,US-Central,United States,Online B2B Portal,IoT & Edge Computing,SKU-IOT-330,Edge IoT Fleet Orchestrator,98,7208.0,21.0,558043.36,154131.58,72.38,Net 60,Completed,Brian O'Connor
ORD-2025-01613,2024-02-15,2024,2024-Q1,CUST-0017,Sterling Cooper Advertising,Mid-Market,Marketing & Media,APAC-East,South Korea,Global Alliance Partner,Cybersecurity Suite,SKU-SEC-410,Compliance & Audit Vault,31,7200.0,8.0,205344.0,52260.05,74.55,Net 90,In Fulfillment,Astrid Lindgren
ORD-2025-01614,2026-01-27,2026,2026-Q1,CUST-0024,Aperture Quantum Lab,Mid-Market,Research & Quantum,APAC-South,Singapore,Online B2B Portal,Cybersecurity Suite,SKU-SEC-402,Zero-Trust Security Perimeter,17,8722.0,10.0,133446.6,38045.63,71.49,Net 30,In Fulfillment,Alex Mercer
ORD-2025-01615,2024-10-11,2024,2024-Q4,CUST-0020,Oscorp Pharmaceutical,Enterprise Strategic,Life Sciences,EU-West,United Kingdom,Global Alliance Partner,AI Platform,SKU-AI-9001,Neural Fabric GenAI Platform,109,26040.0,16.0,2384222.4,415569.96,82.57,Annual Pre-Paid,Completed,David Lin
ORD-2025-01616,2026-05-05,2026,2026-Q2,CUST-0011,Pied Piper Compression,Mid-Market,DeepTech,EU-West,United Kingdom,Direct Field Sales,Cloud Infrastructure,SKU-INFRA-801,Enterprise Data Lakehouse Engine,11,11875.0,10.0,117562.5,21854.87,81.41,Quarterly Net 30,Pending Verification,Vikram Patel
ORD-2025-01617,2024-01-25,2024,2024-Q1,CUST-0006,Soylent BioTech Global,Mid-Market,BioTech,EU-Central,Germany,Strategic Reseller Partner,AI Platform,SKU-AI-9050,Realtime Anomaly Detection,19,11648.0,10.0,199180.8,40752.39,79.54,Quarterly Net 30,In Fulfillment,Brian O'Connor
ORD-2025-01618,2024-01-06,2024,2024-Q1,CUST-0027,Vault-Tec Security Hub,Enterprise Strategic,Cybersecurity,EU-Central,Switzerland,Direct Field Sales,Database Infrastructure,SKU-DB-880,QuantumDB Distributed Cluster,92,15345.0,17.0,1171744.2,178808.16,84.74,Net 60,Completed,Alex Mercer
ORD-2025-01619,2025-10-10,2025,2025-Q4,CUST-0010,Hooli Enterprise Cloud,Enterprise Strategic,Cloud Services,APAC-ANZ,Australia,Strategic Reseller Partner,AI Platform,SKU-AI-9001,Neural Fabric GenAI Platform,31,26288.0,8.0,749733.76,94541.43,87.39,Annual Pre-Paid,Completed,Chloe Dubois
ORD-2025-01620,2026-02-09,2026,2026-Q1,CUST-0009,Wonka Global Logistics,Mid-Market,Supply Chain,US-East,United States,Direct Field Sales,Cybersecurity Suite,SKU-SEC-410,Compliance & Audit Vault,7,7056.0,2.0,48404.16,14114.65,70.84,Net 60,Completed,Sarah Chen
ORD-2025-01621,2025-09-24,2025,2025-Q3,CUST-0003,Initech Cloud Solutions,Mid-Market,Software,EU-Central,Switzerland,Strategic Reseller Partner,Developer Tools,SKU-DEV-701,DevSecOps Automation Mesh,35,4815.0,11.0,149987.25,24627.91,83.58,Quarterly Net 30,In Fulfillment,Alex Mercer
ORD-2025-01622,2024-10-27,2024,2024-Q4,CUST-0013,Oceanic Airlines Group,Enterprise Strategic,Aviation,EU-North,Netherlands,Global Alliance Partner,Developer Tools,SKU-DEV-701,DevSecOps Automation Mesh,31,4635.0,16.0,120695.4,17331.86,85.64,Net 90,Completed,Marcus Vance
ORD-2025-01623,2026-02-21,2026,2026-Q1,CUST-0019,Buy N Large Retail Mega,Enterprise Strategic,E-Commerce,US-Central,United States,Direct Field Sales,AI Platform,SKU-AI-9001,Neural Fabric GenAI Platform,41,25048.0,5.0,975619.6,164294.34,83.16,Quarterly Net 30,In Fulfillment,Brian O'Connor
ORD-2025-01624,2024-12-11,2024,2024-Q4,CUST-0001,Cyberdyne Systems Corp,Enterprise Strategic,Technology & AI,APAC-East,Taiwan,Online B2B Portal,Cybersecurity Suite,SKU-SEC-402,Zero-Trust Security Perimeter,24,8722.0,17.0,173742.24,50142.01,71.14,Quarterly Net 30,In Fulfillment,Astrid Lindgren
ORD-2025-01625,2026-05-17,2026,2026-Q2,CUST-0024,Aperture Quantum Lab,Mid-Market,Research & Quantum,EU-West,France,Global Alliance Partner,AI Platform,SKU-AI-9001,Neural Fabric GenAI Platform,2,23560.0,12.0,41465.6,6078.86,85.34,Quarterly Net 30,Pending Verification,Marcus Vance
ORD-2025-01626,2026-03-08,2026,2026-Q1,CUST-0032,Zeus Renewable Power,Mid-Market,Clean Energy,LATAM,Brazil,Direct Field Sales,AI Platform,SKU-AI-9001,Neural Fabric GenAI Platform,16,23312.0,15.0,317043.2,56433.69,82.2,Annual Pre-Paid,Pending Verification,Michael Chang
ORD-2025-01627,2024-11-30,2024,2024-Q4,CUST-0035,Hyperion Data Mesh,Mid-Market,Data Infrastructure,EU-West,France,Global Alliance Partner,Enterprise ERP,SKU-ERP-101,Global ERP Enterprise Suite,10,32200.0,3.0,312340.0,88923.2,71.53,Net 60,Completed,Marcus Vance
ORD-2025-01628,2025-05-08,2025,2025-Q2,CUST-0004,Stark Aerospace & Defense,Enterprise Strategic,Aerospace,EU-North,Netherlands,Direct Field Sales,Developer Tools,SKU-DEV-701,DevSecOps Automation Mesh,83,4320.0,8.0,329875.2,46314.48,85.96,Net 30,In Fulfillment,Rachel Green
ORD-2025-01629,2025-09-26,2025,2025-Q3,CUST-0004,Stark Aerospace & Defense,Enterprise Strategic,Aerospace,EU-Central,Switzerland,Direct Field Sales,IoT & Edge Computing,SKU-IOT-330,Edge IoT Fleet Orchestrator,59,6256.0,22.0,287901.12,86859.77,69.83,Net 60,Pending Verification,Michael Chang
ORD-2025-01630,2025-10-27,2025,2025-Q4,CUST-0007,Tyrell Synthetic Dynamics,Enterprise Strategic,Robotics,EU-West,France,Online B2B Portal,Enterprise ERP,SKU-ERP-101,Global ERP Enterprise Suite,115,37100.0,8.0,3925180.0,1214843.21,69.05,Net 30,In Fulfillment,Astrid Lindgren
ORD-2025-01631,2025-12-28,2025,2025-Q4,CUST-0019,Buy N Large Retail Mega,Enterprise Strategic,E-Commerce,US-East,United States,Strategic Reseller Partner,Cloud Infrastructure,SKU-INFRA-801,Enterprise Data Lakehouse Engine,20,12250.0,5.0,232750.0,43663.9,81.24,Annual Pre-Paid,Completed,David Lin
ORD-2025-01632,2025-03-09,2025,2025-Q1,CUST-0020,Oscorp Pharmaceutical,Enterprise Strategic,Life Sciences,APAC-East,Taiwan,Direct Field Sales,Developer Tools,SKU-DEV-701,DevSecOps Automation Mesh,61,4680.0,17.0,236948.4,36063.55,84.78,Net 90,Completed,Hannah Schmidt
ORD-2025-01633,2024-06-25,2024,2024-Q2,CUST-0016,Dunder Mifflin Paper & Tech,SMB Growth,Retail & Supplies,EU-Central,Germany,Global Alliance Partner,AI Platform,SKU-AI-9001,Neural Fabric GenAI Platform,3,23808.0,7.0,66424.32,10979.94,83.47,Net 30,Completed,Michael Chang
ORD-2025-01634,2024-03-01,2024,2024-Q1,CUST-0008,Umbrella Life Sciences,Enterprise Strategic,Pharma,APAC-East,South Korea,Direct Field Sales,Cloud Infrastructure,SKU-INFRA-801,Enterprise Data Lakehouse Engine,31,13375.0,6.0,389747.5,76624.36,80.34,Quarterly Net 30,In Fulfillment,Sarah Chen
ORD-2025-01635,2025-04-05,2025,2025-Q2,CUST-0026,Shinra Electric Power,Enterprise Strategic,Energy & Utilities,EU-Central,Germany,Direct Field Sales,AI Platform,SKU-AI-9050,Realtime Anomaly Detection,25,10416.0,13.0,226548.0,49591.36,78.11,Net 30,Pending Verification,Chloe Dubois
ORD-2025-01636,2024-04-19,2024,2024-Q2,CUST-0010,Hooli Enterprise Cloud,Enterprise Strategic,Cloud Services,APAC-East,Taiwan,Direct Field Sales,AI Platform,SKU-AI-9001,Neural Fabric GenAI Platform,48,24552.0,19.0,954581.76,176024.88,81.56,Net 30,Completed,Chloe Dubois
ORD-2025-01637,2024-04-14,2024,2024-Q2,CUST-0016,Dunder Mifflin Paper & Tech,SMB Growth,Retail & Supplies,US-East,United States,Global Alliance Partner,Database Infrastructure,SKU-DB-880,QuantumDB Distributed Cluster,6,15345.0,1.0,91149.3,14620.35,83.96,Net 90,Pending Verification,Chloe Dubois
ORD-2025-01638,2024-11-03,2024,2024-Q4,CUST-0013,Oceanic Airlines Group,Enterprise Strategic,Aviation,APAC-East,South Korea,Global Alliance Partner,Cybersecurity Suite,SKU-SEC-402,Zero-Trust Security Perimeter,19,8188.0,19.0,126013.32,30848.06,75.52,Net 60,Pending Verification,Michael Chang
ORD-2025-01639,2026-05-30,2026,2026-Q2,CUST-0034,Quantum Peak Labs,SMB Growth,Semiconductor,APAC-South,Singapore,Online B2B Portal,AI Platform,SKU-AI-9050,Realtime Anomaly Detection,7,11424.0,6.0,75169.92,13553.14,81.97,Net 60,Completed,Michael Chang
ORD-2025-01640,2024-01-06,2024,2024-Q1,CUST-0022,Gekko Financial Partners,Enterprise Strategic,FinTech & Hedge Fund,EU-West,United Kingdom,Strategic Reseller Partner,Cybersecurity Suite,SKU-SEC-410,Compliance & Audit Vault,56,7560.0,8.0,389491.2,87596.57,77.51,Net 90,Completed,Brian O'Connor
ORD-2025-01641,2025-02-07,2025,2025-Q1,CUST-0028,LexCorp Advanced Metals,Enterprise Strategic,Materials,LATAM,Brazil,Strategic Reseller Partner,AI Platform,SKU-AI-9001,Neural Fabric GenAI Platform,50,24800.0,17.0,1029200.0,137398.2,86.65,Annual Pre-Paid,Completed,Alex Mercer
ORD-2025-01642,2024-02-28,2024,2024-Q1,CUST-0018,Virtucon Industries,Enterprise Strategic,Industrial Equipment,EU-North,Netherlands,Global Alliance Partner,IoT & Edge Computing,SKU-IOT-330,Edge IoT Fleet Orchestrator,17,6596.0,11.0,99797.48,27234.73,72.71,Net 30,Completed,Alex Mercer
ORD-2025-01643,2025-04-02,2025,2025-Q2,CUST-0032,Zeus Renewable Power,Mid-Market,Clean Energy,APAC-South,Singapore,Global Alliance Partner,AI Platform,SKU-AI-9001,Neural Fabric GenAI Platform,18,25792.0,1.0,459613.44,82270.81,82.1,Net 60,Completed,Hannah Schmidt
ORD-2025-01644,2026-01-02,2026,2026-Q1,CUST-0018,Virtucon Industries,Enterprise Strategic,Industrial Equipment,APAC-East,Taiwan,Direct Field Sales,Developer Tools,SKU-DEV-701,DevSecOps Automation Mesh,36,4635.0,18.0,136825.2,21166.86,84.53,Net 60,Completed,Kenji Sato
ORD-2025-01645,2025-09-17,2025,2025-Q3,CUST-0033,Apex FinTech Global,Enterprise Strategic,Banking,US-East,United States,Online B2B Portal,Cybersecurity Suite,SKU-SEC-410,Compliance & Audit Vault,110,7704.0,15.0,720324.0,170932.89,76.27,Quarterly Net 30,Completed,Vikram Patel
ORD-2025-01646,2024-08-17,2024,2024-Q3,CUST-0005,Wayne Enterprises Holdings,Enterprise Strategic,Finance & Industrial,EU-West,United Kingdom,Global Alliance Partner,Cybersecurity Suite,SKU-SEC-410,Compliance & Audit Vault,61,7560.0,19.0,373539.6,100631.57,73.06,Quarterly Net 30,Pending Verification,Sarah Chen
ORD-2025-01647,2025-02-24,2025,2025-Q1,CUST-0025,Black Mesa Research,Enterprise Strategic,Scientific R&D,US-West,United States,Strategic Reseller Partner,Database Infrastructure,SKU-DB-880,QuantumDB Distributed Cluster,67,15345.0,11.0,915022.35,175318.28,80.84,Net 90,In Fulfillment,Elena Rostova
ORD-2025-01648,2026-04-30,2026,2026-Q2,CUST-0012,Massive Dynamic AI,Enterprise Strategic,Artificial Intelligence,APAC-East,South Korea,Online B2B Portal,IoT & Edge Computing,SKU-IOT-330,Edge IoT Fleet Orchestrator,28,7004.0,9.0,178461.92,49755.18,72.12,Quarterly Net 30,Pending Verification,Rachel Green
ORD-2025-01649,2025-08-05,2025,2025-Q3,CUST-0008,Umbrella Life Sciences,Enterprise Strategic,Pharma,APAC-East,Taiwan,Global Alliance Partner,Cloud Infrastructure,SKU-INFRA-801,Enterprise Data Lakehouse Engine,13,13375.0,19.0,140838.75,34759.0,75.32,Annual Pre-Paid,In Fulfillment,Alex Mercer
ORD-2025-01650,2024-08-07,2024,2024-Q3,CUST-0030,Sartre Software SAS,SMB Growth,Dev Tools,US-East,United States,Global Alliance Partner,Cloud Infrastructure,SKU-INFRA-805,High-Speed API Gateway Gateway,14,5022.0,1.0,69604.92,17094.97,75.44,Net 60,Completed,Vikram Patel
ORD-2025-01651,2026-04-02,2026,2026-Q2,CUST-0017,Sterling Cooper Advertising,Mid-Market,Marketing & Media,US-West,United States,Direct Field Sales,Database Infrastructure,SKU-DB-880,QuantumDB Distributed Cluster,25,17160.0,10.0,386100.0,71158.23,81.57,Quarterly Net 30,Completed,Brian O'Connor
ORD-2025-01652,2024-05-30,2024,2024-Q2,CUST-0008,Umbrella Life Sciences,Enterprise Strategic,Pharma,US-West,United States,Global Alliance Partner,Cloud Infrastructure,SKU-INFRA-801,Enterprise Data Lakehouse Engine,98,12500.0,22.0,955500.0,203521.5,78.7,Net 90,Completed,Hannah Schmidt
ORD-2025-01653,2026-04-20,2026,2026-Q2,CUST-0005,Wayne Enterprises Holdings,Enterprise Strategic,Finance & Industrial,APAC-East,Japan,Global Alliance Partner,Enterprise ERP,SKU-ERP-101,Global ERP Enterprise Suite,43,33250.0,16.0,1200990.0,420826.9,64.96,Net 90,In Fulfillment,Rachel Green
ORD-2025-01654,2025-03-26,2025,2025-Q1,CUST-0033,Apex FinTech Global,Enterprise Strategic,Banking,EU-West,France,Global Alliance Partner,Cloud Infrastructure,SKU-INFRA-801,Enterprise Data Lakehouse Engine,74,13125.0,8.0,893550.0,213737.16,76.08,Net 30,Completed,Chloe Dubois
ORD-2025-01655,2024-11-23,2024,2024-Q4,CUST-0031,Athena Health Systems,Mid-Market,Healthcare,APAC-South,Singapore,Direct Field Sales,Cybersecurity Suite,SKU-SEC-402,Zero-Trust Security Perimeter,14,8277.0,6.0,108925.32,26392.61,75.77,Net 30,Completed,Brian O'Connor
ORD-2025-01656,2024-06-10,2024,2024-Q2,CUST-0033,Apex FinTech Global,Enterprise Strategic,Banking,MEA,United Arab Emirates,Global Alliance Partner,Cybersecurity Suite,SKU-SEC-410,Compliance & Audit Vault,39,7344.0,21.0,226268.64,60210.09,73.39,Quarterly Net 30,In Fulfillment,Chloe Dubois
ORD-2025-01657,2026-01-13,2026,2026-Q1,CUST-0026,Shinra Electric Power,Enterprise Strategic,Energy & Utilities,APAC-East,Taiwan,Global Alliance Partner,Cloud Infrastructure,SKU-INFRA-801,Enterprise Data Lakehouse Engine,39,12250.0,6.0,449085.0,91119.35,79.71,Net 90,Completed,Gabriel Santos
ORD-2025-01658,2025-08-17,2025,2025-Q3,CUST-0028,LexCorp Advanced Metals,Enterprise Strategic,Materials,US-West,United States,Online B2B Portal,IoT & Edge Computing,SKU-IOT-330,Edge IoT Fleet Orchestrator,10,6868.0,15.0,58378.0,17525.08,69.98,Annual Pre-Paid,Pending Verification,Vikram Patel
ORD-2025-01659,2026-07-04,2026,2026-Q3,CUST-0015,Acme Aerospace Systems,Mid-Market,Manufacturing,EU-West,France,Global Alliance Partner,Developer Tools,SKU-DEV-701,DevSecOps Automation Mesh,8,4455.0,12.0,31363.2,3644.4,88.38,Annual Pre-Paid,In Fulfillment,Kenji Sato
ORD-2025-01660,2025-10-17,2025,2025-Q4,CUST-0003,Initech Cloud Solutions,Mid-Market,Software,MEA,United Arab Emirates,Global Alliance Partner,Enterprise ERP,SKU-ERP-101,Global ERP Enterprise Suite,26,33600.0,6.0,821184.0,278217.14,66.12,Quarterly Net 30,Completed,Alex Mercer
ORD-2025-01661,2024-09-29,2024,2024-Q3,CUST-0029,Omni Consumer Products,Enterprise Strategic,Consumer Tech,APAC-East,Japan,Online B2B Portal,Cybersecurity Suite,SKU-SEC-402,Zero-Trust Security Perimeter,13,8366.0,14.0,93531.88,24598.88,73.7,Annual Pre-Paid,In Fulfillment,Marcus Vance
ORD-2025-01662,2024-12-30,2024,2024-Q4,CUST-0016,Dunder Mifflin Paper & Tech,SMB Growth,Retail & Supplies,LATAM,Brazil,Global Alliance Partner,Enterprise ERP,SKU-ERP-101,Global ERP Enterprise Suite,9,32200.0,4.0,278208.0,78621.58,71.74,Net 60,Pending Verification,Michael Chang
ORD-2025-01663,2025-02-13,2025,2025-Q1,CUST-0035,Hyperion Data Mesh,Mid-Market,Data Infrastructure,APAC-ANZ,Australia,Strategic Reseller Partner,Cybersecurity Suite,SKU-SEC-410,Compliance & Audit Vault,4,6768.0,13.0,23552.64,6578.25,72.07,Annual Pre-Paid,In Fulfillment,Gabriel Santos
ORD-2025-01664,2025-06-23,2025,2025-Q2,CUST-0029,Omni Consumer Products,Enterprise Strategic,Consumer Tech,APAC-East,Taiwan,Direct Field Sales,IoT & Edge Computing,SKU-IOT-330,Edge IoT Fleet Orchestrator,7,6324.0,17.0,36742.44,10875.76,70.4,Net 60,Completed,Rachel Green
ORD-2025-01665,2026-07-06,2026,2026-Q3,CUST-0016,Dunder Mifflin Paper & Tech,SMB Growth,Retail & Supplies,EU-West,France,Strategic Reseller Partner,Database Infrastructure,SKU-DB-880,QuantumDB Distributed Cluster,12,15840.0,3.0,184377.6,35400.5,80.8,Annual Pre-Paid,Completed,David Lin
ORD-2025-01666,2024-07-10,2024,2024-Q3,CUST-0016,Dunder Mifflin Paper & Tech,SMB Growth,Retail & Supplies,US-East,United States,Online B2B Portal,Developer Tools,SKU-DEV-701,DevSecOps Automation Mesh,9,4410.0,4.0,38102.4,4480.84,88.24,Net 30,In Fulfillment,David Lin
ORD-2025-01667,2026-07-17,2026,2026-Q3,CUST-0018,Virtucon Industries,Enterprise Strategic,Industrial Equipment,APAC-East,South Korea,Online B2B Portal,AI Platform,SKU-AI-9050,Realtime Anomaly Detection,23,11424.0,10.0,236476.8,43913.74,81.43,Net 30,In Fulfillment,Astrid Lindgren
ORD-2025-01668,2024-10-23,2024,2024-Q4,CUST-0018,Virtucon Industries,Enterprise Strategic,Industrial Equipment,US-East,United States,Global Alliance Partner,IoT & Edge Computing,SKU-IOT-330,Edge IoT Fleet Orchestrator,113,7072.0,6.0,751187.84,211309.14,71.87,Net 30,In Fulfillment,Astrid Lindgren
ORD-2025-01669,2024-09-21,2024,2024-Q3,CUST-0035,Hyperion Data Mesh,Mid-Market,Data Infrastructure,APAC-East,Taiwan,Direct Field Sales,Cloud Infrastructure,SKU-INFRA-805,High-Speed API Gateway Gateway,36,5616.0,14.0,173871.36,31418.55,81.93,Annual Pre-Paid,In Fulfillment,Sarah Chen
ORD-2025-01670,2024-10-05,2024,2024-Q4,CUST-0006,Soylent BioTech Global,Mid-Market,BioTech,EU-Central,Switzerland,Online B2B Portal,IoT & Edge Computing,SKU-IOT-330,Edge IoT Fleet Orchestrator,35,6392.0,13.0,194636.4,58760.73,69.81,Net 90,In Fulfillment,Brian O'Connor
ORD-2025-01671,2025-02-07,2025,2025-Q1,CUST-0025,Black Mesa Research,Enterprise Strategic,Scientific R&D,EU-Central,Germany,Global Alliance Partner,Cybersecurity Suite,SKU-SEC-410,Compliance & Audit Vault,89,7560.0,16.0,565185.6,158308.49,71.99,Quarterly Net 30,Completed,Astrid Lindgren
ORD-2025-01672,2025-09-25,2025,2025-Q3,CUST-0029,Omni Consumer Products,Enterprise Strategic,Consumer Tech,EU-Central,Germany,Global Alliance Partner,Cybersecurity Suite,SKU-SEC-410,Compliance & Audit Vault,44,7632.0,19.0,272004.48,74474.83,72.62,Quarterly Net 30,Pending Verification,David Lin
ORD-2025-01673,2026-04-02,2026,2026-Q2,CUST-0004,Stark Aerospace & Defense,Enterprise Strategic,Aerospace,US-West,United States,Direct Field Sales,Cybersecurity Suite,SKU-SEC-410,Compliance & Audit Vault,22,7416.0,19.0,132153.12,39024.82,70.47,Annual Pre-Paid,Pending Verification,Elena Rostova
ORD-2025-01674,2025-12-14,2025,2025-Q4,CUST-0025,Black Mesa Research,Enterprise Strategic,Scientific R&D,MEA,United Arab Emirates,Direct Field Sales,Developer Tools,SKU-DEV-701,DevSecOps Automation Mesh,19,4185.0,6.0,74744.1,9372.91,87.46,Net 30,In Fulfillment,Hannah Schmidt
ORD-2025-01675,2025-09-02,2025,2025-Q3,CUST-0035,Hyperion Data Mesh,Mid-Market,Data Infrastructure,APAC-East,South Korea,Global Alliance Partner,Database Infrastructure,SKU-DB-880,QuantumDB Distributed Cluster,28,16335.0,5.0,434511.0,75300.76,82.67,Net 60,Completed,Michael Chang
ORD-2025-01676,2025-08-16,2025,2025-Q3,CUST-0017,Sterling Cooper Advertising,Mid-Market,Marketing & Media,EU-West,France,Online B2B Portal,Cybersecurity Suite,SKU-SEC-410,Compliance & Audit Vault,5,6624.0,6.0,31132.8,9277.57,70.2,Quarterly Net 30,Pending Verification,Gabriel Santos
ORD-2025-01677,2024-05-19,2024,2024-Q2,CUST-0020,Oscorp Pharmaceutical,Enterprise Strategic,Life Sciences,APAC-East,Japan,Online B2B Portal,Cybersecurity Suite,SKU-SEC-402,Zero-Trust Security Perimeter,11,8722.0,11.0,85388.38,22200.98,74.0,Net 90,Completed,Jessica Taylor
ORD-2025-01678,2025-05-24,2025,2025-Q2,CUST-0027,Vault-Tec Security Hub,Enterprise Strategic,Cybersecurity,US-East,United States,Online B2B Portal,IoT & Edge Computing,SKU-IOT-330,Edge IoT Fleet Orchestrator,38,7140.0,8.0,249614.4,61280.34,75.45,Net 90,Completed,Hannah Schmidt
ORD-2025-01679,2025-01-07,2025,2025-Q1,CUST-0032,Zeus Renewable Power,Mid-Market,Clean Energy,APAC-East,South Korea,Global Alliance Partner,Developer Tools,SKU-DEV-701,DevSecOps Automation Mesh,36,4545.0,13.0,142349.4,16711.82,88.26,Net 90,Pending Verification,Elena Rostova
ORD-2025-01680,2024-07-15,2024,2024-Q3,CUST-0033,Apex FinTech Global,Enterprise Strategic,Banking,APAC-East,South Korea,Direct Field Sales,IoT & Edge Computing,SKU-IOT-330,Edge IoT Fleet Orchestrator,21,7140.0,10.0,134946.0,40402.83,70.06,Annual Pre-Paid,Completed,Gabriel Santos
ORD-2025-01681,2024-05-13,2024,2024-Q2,CUST-0012,Massive Dynamic AI,Enterprise Strategic,Artificial Intelligence,APAC-East,South Korea,Global Alliance Partner,Developer Tools,SKU-DEV-701,DevSecOps Automation Mesh,94,4230.0,11.0,353881.8,45792.3,87.06,Quarterly Net 30,Pending Verification,Elena Rostova
ORD-2025-01682,2026-08-05,2026,2026-Q3,CUST-0004,Stark Aerospace & Defense,Enterprise Strategic,Aerospace,US-East,United States,Global Alliance Partner,Cybersecurity Suite,SKU-SEC-402,Zero-Trust Security Perimeter,114,8455.0,9.0,877121.7,233752.93,73.35,Annual Pre-Paid,Completed,Brian O'Connor
ORD-2025-01683,2025-05-04,2025,2025-Q2,CUST-0031,Athena Health Systems,Mid-Market,Healthcare,EU-Central,Germany,Global Alliance Partner,Cybersecurity Suite,SKU-SEC-402,Zero-Trust Security Perimeter,22,8722.0,9.0,174614.44,49188.89,71.83,Net 60,Pending Verification,Astrid Lindgren
ORD-2025-01684,2024-04-12,2024,2024-Q2,CUST-0006,Soylent BioTech Global,Mid-Market,BioTech,EU-West,France,Online B2B Portal,Cloud Infrastructure,SKU-INFRA-805,High-Speed API Gateway Gateway,35,5832.0,10.0,183708.0,45835.15,75.05,Quarterly Net 30,Completed,Sarah Chen
ORD-2025-01685,2025-04-30,2025,2025-Q2,CUST-0034,Quantum Peak Labs,SMB Growth,Semiconductor,EU-North,Netherlands,Global Alliance Partner,AI Platform,SKU-AI-9050,Realtime Anomaly Detection,9,11872.0,1.0,105779.52,21811.74,79.38,Quarterly Net 30,Pending Verification,Chloe Dubois
ORD-2025-01686,2026-03-15,2026,2026-Q1,CUST-0001,Cyberdyne Systems Corp,Enterprise Strategic,Technology & AI,MEA,United Arab Emirates,Online B2B Portal,AI Platform,SKU-AI-9050,Realtime Anomaly Detection,22,11088.0,25.0,182952.0,36407.45,80.1,Net 60,Completed,Sarah Chen
ORD-2025-01687,2024-05-30,2024,2024-Q2,CUST-0008,Umbrella Life Sciences,Enterprise Strategic,Pharma,MEA,United Arab Emirates,Strategic Reseller Partner,Cloud Infrastructure,SKU-INFRA-801,Enterprise Data Lakehouse Engine,31,12000.0,16.0,312480.0,62246.02,80.08,Annual Pre-Paid,Pending Verification,Elena Rostova
ORD-2025-01688,2025-03-16,2025,2025-Q1,CUST-0023,Delos Experience Living,Enterprise Strategic,Hospitality,APAC-ANZ,Australia,Global Alliance Partner,Cloud Infrastructure,SKU-INFRA-805,High-Speed API Gateway Gateway,11,5292.0,14.0,50062.32,9236.5,81.55,Net 60,Pending Verification,Kenji Sato
ORD-2025-01689,2025-06-10,2025,2025-Q2,CUST-0012,Massive Dynamic AI,Enterprise Strategic,Artificial Intelligence,EU-Central,Germany,Strategic Reseller Partner,AI Platform,SKU-AI-9001,Neural Fabric GenAI Platform,90,25792.0,16.0,1949875.2,311395.07,84.03,Net 90,Pending Verification,Gabriel Santos
ORD-2025-01690,2026-02-09,2026,2026-Q1,CUST-0018,Virtucon Industries,Enterprise Strategic,Industrial Equipment,US-East,United States,Direct Field Sales,IoT & Edge Computing,SKU-IOT-330,Edge IoT Fleet Orchestrator,37,6664.0,11.0,219445.52,58767.51,73.22,Net 90,In Fulfillment,Hannah Schmidt
ORD-2025-01691,2024-07-20,2024,2024-Q3,CUST-0005,Wayne Enterprises Holdings,Enterprise Strategic,Finance & Industrial,US-West,United States,Strategic Reseller Partner,Database Infrastructure,SKU-DB-880,QuantumDB Distributed Cluster,24,17820.0,24.0,325036.8,67347.62,79.28,Quarterly Net 30,Completed,Vikram Patel
ORD-2025-01692,2025-09-27,2025,2025-Q3,CUST-0006,Soylent BioTech Global,Mid-Market,BioTech,EU-Central,Switzerland,Global Alliance Partner,IoT & Edge Computing,SKU-IOT-330,Edge IoT Fleet Orchestrator,15,6596.0,4.0,94982.4,25521.77,73.13,Net 60,Completed,Marcus Vance
ORD-2025-01693,2024-02-01,2024,2024-Q1,CUST-0013,Oceanic Airlines Group,Enterprise Strategic,Aviation,LATAM,Brazil,Global Alliance Partner,Cybersecurity Suite,SKU-SEC-402,Zero-Trust Security Perimeter,109,8900.0,6.0,911894.0,212380.11,76.71,Quarterly Net 30,Completed,Gabriel Santos
ORD-2025-01694,2026-05-17,2026,2026-Q2,CUST-0005,Wayne Enterprises Holdings,Enterprise Strategic,Finance & Industrial,APAC-East,Taiwan,Global Alliance Partner,Database Infrastructure,SKU-DB-880,QuantumDB Distributed Cluster,110,16005.0,6.0,1654917.0,296561.13,82.08,Net 30,Completed,Rachel Green
ORD-2025-01695,2026-03-22,2026,2026-Q1,CUST-0015,Acme Aerospace Systems,Mid-Market,Manufacturing,EU-West,France,Strategic Reseller Partner,Enterprise ERP,SKU-ERP-101,Global ERP Enterprise Suite,16,33600.0,5.0,510720.0,171397.63,66.44,Net 30,Completed,Michael Chang
ORD-2025-01696,2024-03-11,2024,2024-Q1,CUST-0026,Shinra Electric Power,Enterprise Strategic,Energy & Utilities,EU-Central,Switzerland,Global Alliance Partner,Cloud Infrastructure,SKU-INFRA-805,High-Speed API Gateway Gateway,41,5022.0,15.0,175016.7,37803.61,78.4,Net 60,Pending Verification,Kenji Sato
ORD-2025-01697,2024-09-17,2024,2024-Q3,CUST-0024,Aperture Quantum Lab,Mid-Market,Research & Quantum,EU-Central,Germany,Online B2B Portal,IoT & Edge Computing,SKU-IOT-330,Edge IoT Fleet Orchestrator,5,6460.0,12.0,28424.0,7879.13,72.28,Net 90,Completed,Chloe Dubois
ORD-2025-01698,2025-09-09,2025,2025-Q3,CUST-0014,Nakatomi Trading Corp,Mid-Market,Trading & Real Estate,EU-Central,Switzerland,Direct Field Sales,Cloud Infrastructure,SKU-INFRA-801,Enterprise Data Lakehouse Engine,22,12750.0,4.0,269280.0,66835.3,75.18,Annual Pre-Paid,Pending Verification,Hannah Schmidt
ORD-2025-01699,2025-07-05,2025,2025-Q3,CUST-0025,Black Mesa Research,Enterprise Strategic,Scientific R&D,APAC-East,South Korea,Global Alliance Partner,Cybersecurity Suite,SKU-SEC-410,Compliance & Audit Vault,72,6768.0,15.0,414201.6,94893.59,77.09,Quarterly Net 30,Completed,Kenji Sato
ORD-2025-01700,2024-11-18,2024,2024-Q4,CUST-0031,Athena Health Systems,Mid-Market,Healthcare,APAC-East,Taiwan,Strategic Reseller Partner,AI Platform,SKU-AI-9050,Realtime Anomaly Detection,8,11088.0,4.0,85155.84,17797.57,79.1,Annual Pre-Paid,In Fulfillment,Alex Mercer
ORD-2025-01701,2026-04-09,2026,2026-Q2,CUST-0006,Soylent BioTech Global,Mid-Market,BioTech,LATAM,Brazil,Global Alliance Partner,Enterprise ERP,SKU-ERP-101,Global ERP Enterprise Suite,13,37100.0,4.0,463008.0,135892.85,70.65,Net 60,Completed,Marcus Vance
ORD-2025-01702,2025-06-17,2025,2025-Q2,CUST-0016,Dunder Mifflin Paper & Tech,SMB Growth,Retail & Supplies,EU-West,United Kingdom,Direct Field Sales,Cybersecurity Suite,SKU-SEC-402,Zero-Trust Security Perimeter,2,9167.0,8.0,16867.28,4216.82,75.0,Annual Pre-Paid,In Fulfillment,Brian O'Connor
ORD-2025-01703,2025-08-03,2025,2025-Q3,CUST-0014,Nakatomi Trading Corp,Mid-Market,Trading & Real Estate,US-Central,United States,Direct Field Sales,Cybersecurity Suite,SKU-SEC-410,Compliance & Audit Vault,37,6840.0,14.0,217648.8,63183.45,70.97,Net 30,Completed,Marcus Vance
ORD-2025-01704,2024-08-23,2024,2024-Q3,CUST-0012,Massive Dynamic AI,Enterprise Strategic,Artificial Intelligence,MEA,United Arab Emirates,Direct Field Sales,Cloud Infrastructure,SKU-INFRA-801,Enterprise Data Lakehouse Engine,13,12250.0,19.0,128992.5,29062.01,77.47,Net 30,Completed,Brian O'Connor
ORD-2025-01705,2024-01-31,2024,2024-Q1,CUST-0033,Apex FinTech Global,Enterprise Strategic,Banking,LATAM,Brazil,Global Alliance Partner,IoT & Edge Computing,SKU-IOT-330,Edge IoT Fleet Orchestrator,20,6324.0,5.0,120156.0,35614.24,70.36,Net 90,Completed,Gabriel Santos
ORD-2025-01706,2024-04-05,2024,2024-Q2,CUST-0019,Buy N Large Retail Mega,Enterprise Strategic,E-Commerce,US-East,United States,Strategic Reseller Partner,Cloud Infrastructure,SKU-INFRA-805,High-Speed API Gateway Gateway,42,5508.0,24.0,175815.36,34934.51,80.13,Net 30,Completed,Gabriel Santos
ORD-2025-01707,2025-05-09,2025,2025-Q2,CUST-0018,Virtucon Industries,Enterprise Strategic,Industrial Equipment,EU-North,Netherlands,Strategic Reseller Partner,Database Infrastructure,SKU-DB-880,QuantumDB Distributed Cluster,45,17490.0,11.0,700474.5,128116.79,81.71,Net 30,Completed,Alex Mercer
ORD-2025-01708,2024-07-22,2024,2024-Q3,CUST-0002,Globex Corporation,Enterprise Strategic,Conglomerate,EU-Central,Switzerland,Global Alliance Partner,Cybersecurity Suite,SKU-SEC-402,Zero-Trust Security Perimeter,5,9345.0,12.0,41118.0,8819.81,78.55,Quarterly Net 30,Completed,Chloe Dubois
ORD-2025-01709,2026-05-04,2026,2026-Q2,CUST-0005,Wayne Enterprises Holdings,Enterprise Strategic,Finance & Industrial,EU-West,France,Direct Field Sales,Cloud Infrastructure,SKU-INFRA-801,Enterprise Data Lakehouse Engine,60,13250.0,14.0,683700.0,156430.56,77.12,Net 90,Completed,Sarah Chen
ORD-2025-01710,2024-01-14,2024,2024-Q1,CUST-0026,Shinra Electric Power,Enterprise Strategic,Energy & Utilities,MEA,United Arab Emirates,Online B2B Portal,Enterprise ERP,SKU-ERP-101,Global ERP Enterprise Suite,116,32550.0,7.0,3511494.0,1027814.29,70.73,Net 60,Pending Verification,Alex Mercer
ORD-2025-01711,2026-04-07,2026,2026-Q2,CUST-0029,Omni Consumer Products,Enterprise Strategic,Consumer Tech,APAC-East,Japan,Online B2B Portal,AI Platform,SKU-AI-9001,Neural Fabric GenAI Platform,56,26536.0,17.0,1233393.28,188339.15,84.73,Quarterly Net 30,Completed,Alex Mercer
ORD-2025-01712,2025-06-19,2025,2025-Q2,CUST-0001,Cyberdyne Systems Corp,Enterprise Strategic,Technology & AI,EU-West,France,Strategic Reseller Partner,IoT & Edge Computing,SKU-IOT-330,Edge IoT Fleet Orchestrator,58,6596.0,16.0,321357.12,99202.94,69.13,Quarterly Net 30,Completed,Marcus Vance
ORD-2025-01713,2025-02-01,2025,2025-Q1,CUST-0030,Sartre Software SAS,SMB Growth,Dev Tools,APAC-East,South Korea,Direct Field Sales,Cloud Infrastructure,SKU-INFRA-805,High-Speed API Gateway Gateway,4,5454.0,4.0,20943.36,4364.6,79.16,Quarterly Net 30,Completed,Chloe Dubois
ORD-2025-01714,2025-06-25,2025,2025-Q2,CUST-0032,Zeus Renewable Power,Mid-Market,Clean Energy,APAC-East,South Korea,Direct Field Sales,Developer Tools,SKU-DEV-701,DevSecOps Automation Mesh,3,4545.0,6.0,12816.9,2122.48,83.44,Annual Pre-Paid,Completed,Rachel Green
ORD-2025-01715,2025-04-10,2025,2025-Q2,CUST-0025,Black Mesa Research,Enterprise Strategic,Scientific R&D,US-East,United States,Strategic Reseller Partner,Cybersecurity Suite,SKU-SEC-402,Zero-Trust Security Perimeter,7,8366.0,24.0,44507.12,9769.31,78.05,Net 90,Completed,Hannah Schmidt
ORD-2025-01716,2025-10-08,2025,2025-Q4,CUST-0034,Quantum Peak Labs,SMB Growth,Semiconductor,APAC-East,Taiwan,Strategic Reseller Partner,IoT & Edge Computing,SKU-IOT-330,Edge IoT Fleet Orchestrator,1,6324.0,2.0,6197.52,1559.3,74.84,Quarterly Net 30,Pending Verification,Brian O'Connor
ORD-2025-01717,2024-05-22,2024,2024-Q2,CUST-0005,Wayne Enterprises Holdings,Enterprise Strategic,Finance & Industrial,APAC-East,South Korea,Global Alliance Partner,Developer Tools,SKU-DEV-701,DevSecOps Automation Mesh,47,4860.0,15.0,194157.0,33123.18,82.94,Annual Pre-Paid,Completed,Kenji Sato
ORD-2025-01718,2025-12-24,2025,2025-Q4,CUST-0006,Soylent BioTech Global,Mid-Market,BioTech,APAC-South,Singapore,Strategic Reseller Partner,AI Platform,SKU-AI-9050,Realtime Anomaly Detection,20,10640.0,6.0,200032.0,42806.85,78.6,Quarterly Net 30,In Fulfillment,Kenji Sato
ORD-2025-01719,2024-04-04,2024,2024-Q2,CUST-0026,Shinra Electric Power,Enterprise Strategic,Energy & Utilities,US-Central,United States,Global Alliance Partner,Enterprise ERP,SKU-ERP-101,Global ERP Enterprise Suite,27,35700.0,8.0,886788.0,285368.38,67.82,Quarterly Net 30,Completed,Chloe Dubois
ORD-2025-01720,2024-02-24,2024,2024-Q1,CUST-0017,Sterling Cooper Advertising,Mid-Market,Marketing & Media,APAC-ANZ,Australia,Online B2B Portal,Enterprise ERP,SKU-ERP-101,Global ERP Enterprise Suite,10,35350.0,2.0,346430.0,105834.36,69.45,Net 90,Completed,Hannah Schmidt
ORD-2025-01721,2026-05-05,2026,2026-Q2,CUST-0003,Initech Cloud Solutions,Mid-Market,Software,EU-West,France,Global Alliance Partner,Cloud Infrastructure,SKU-INFRA-805,High-Speed API Gateway Gateway,10,5454.0,0.0,54540.0,13084.15,76.01,Net 90,Completed,Hannah Schmidt
ORD-2025-01722,2024-01-01,2024,2024-Q1,CUST-0002,Globex Corporation,Enterprise Strategic,Conglomerate,APAC-ANZ,Australia,Direct Field Sales,AI Platform,SKU-AI-9001,Neural Fabric GenAI Platform,85,26536.0,13.0,1962337.2,251375.4,87.19,Annual Pre-Paid,Pending Verification,Alex Mercer
ORD-2025-01723,2025-04-15,2025,2025-Q2,CUST-0011,Pied Piper Compression,Mid-Market,DeepTech,EU-West,United Kingdom,Strategic Reseller Partner,Enterprise ERP,SKU-ERP-101,Global ERP Enterprise Suite,32,35000.0,15.0,952000.0,272652.8,71.36,Quarterly Net 30,Pending Verification,Brian O'Connor
ORD-2025-01724,2026-01-08,2026,2026-Q1,CUST-0018,Virtucon Industries,Enterprise Strategic,Industrial Equipment,US-East,United States,Direct Field Sales,AI Platform,SKU-AI-9001,Neural Fabric GenAI Platform,67,26536.0,15.0,1511225.2,203562.03,86.53,Net 60,In Fulfillment,Astrid Lindgren
ORD-2025-01725,2024-09-25,2024,2024-Q3,CUST-0029,Omni Consumer Products,Enterprise Strategic,Consumer Tech,EU-West,United Kingdom,Direct Field Sales,Cybersecurity Suite,SKU-SEC-402,Zero-Trust Security Perimeter,58,9523.0,6.0,519193.96,128033.23,75.34,Net 90,Completed,Chloe Dubois
ORD-2025-01726,2024-03-08,2024,2024-Q1,CUST-0004,Stark Aerospace & Defense,Enterprise Strategic,Aerospace,APAC-East,South Korea,Online B2B Portal,Cloud Infrastructure,SKU-INFRA-805,High-Speed API Gateway Gateway,87,5778.0,19.0,407175.66,98821.53,75.73,Quarterly Net 30,Pending Verification,Alex Mercer
ORD-2025-01727,2025-09-17,2025,2025-Q3,CUST-0012,Massive Dynamic AI,Enterprise Strategic,Artificial Intelligence,LATAM,Brazil,Global Alliance Partner,AI Platform,SKU-AI-9001,Neural Fabric GenAI Platform,109,24056.0,18.0,2150125.28,356490.77,83.42,Net 30,Pending Verification,Elena Rostova
ORD-2025-01728,2026-04-16,2026,2026-Q2,CUST-0029,Omni Consumer Products,Enterprise Strategic,Consumer Tech,US-East,United States,Strategic Reseller Partner,Database Infrastructure,SKU-DB-880,QuantumDB Distributed Cluster,10,15345.0,6.0,144243.0,28213.93,80.44,Net 90,Completed,Alex Mercer
ORD-2025-01729,2025-05-10,2025,2025-Q2,CUST-0017,Sterling Cooper Advertising,Mid-Market,Marketing & Media,MEA,United Arab Emirates,Direct Field Sales,Cloud Infrastructure,SKU-INFRA-805,High-Speed API Gateway Gateway,38,5454.0,12.0,182381.76,40817.04,77.62,Net 90,In Fulfillment,Gabriel Santos
ORD-2025-01730,2025-10-23,2025,2025-Q4,CUST-0010,Hooli Enterprise Cloud,Enterprise Strategic,Cloud Services,APAC-East,South Korea,Global Alliance Partner,IoT & Edge Computing,SKU-IOT-330,Edge IoT Fleet Orchestrator,80,6460.0,16.0,434112.0,109135.76,74.86,Net 90,In Fulfillment,Rachel Green
ORD-2025-01731,2024-09-20,2024,2024-Q3,CUST-0018,Virtucon Industries,Enterprise Strategic,Industrial Equipment,EU-Central,Switzerland,Direct Field Sales,IoT & Edge Computing,SKU-IOT-330,Edge IoT Fleet Orchestrator,112,7276.0,20.0,651929.6,167285.14,74.34,Quarterly Net 30,In Fulfillment,Chloe Dubois
ORD-2025-01732,2024-07-26,2024,2024-Q3,CUST-0020,Oscorp Pharmaceutical,Enterprise Strategic,Life Sciences,APAC-East,South Korea,Direct Field Sales,Database Infrastructure,SKU-DB-880,QuantumDB Distributed Cluster,120,17160.0,20.0,1647360.0,374280.19,77.28,Net 90,Completed,Marcus Vance
ORD-2025-01733,2024-12-26,2024,2024-Q4,CUST-0026,Shinra Electric Power,Enterprise Strategic,Energy & Utilities,EU-West,United Kingdom,Strategic Reseller Partner,AI Platform,SKU-AI-9001,Neural Fabric GenAI Platform,64,23560.0,23.0,1161036.8,150354.27,87.05,Net 90,Completed,Kenji Sato
ORD-2025-01734,2025-06-20,2025,2025-Q2,CUST-0016,Dunder Mifflin Paper & Tech,SMB Growth,Retail & Supplies,EU-West,France,Strategic Reseller Partner,IoT & Edge Computing,SKU-IOT-330,Edge IoT Fleet Orchestrator,9,7208.0,0.0,64872.0,15679.56,75.83,Annual Pre-Paid,Completed,Astrid Lindgren
ORD-2025-01735,2025-03-15,2025,2025-Q1,CUST-0029,Omni Consumer Products,Enterprise Strategic,Consumer Tech,EU-West,United Kingdom,Strategic Reseller Partner,Enterprise ERP,SKU-ERP-101,Global ERP Enterprise Suite,119,35350.0,11.0,3743918.5,1289405.53,65.56,Net 90,In Fulfillment,David Lin
ORD-2025-01736,2026-03-30,2026,2026-Q1,CUST-0015,Acme Aerospace Systems,Mid-Market,Manufacturing,EU-North,Netherlands,Online B2B Portal,IoT & Edge Computing,SKU-IOT-330,Edge IoT Fleet Orchestrator,10,6596.0,8.0,60683.2,19163.75,68.42,Annual Pre-Paid,Pending Verification,Astrid Lindgren
ORD-2025-01737,2024-02-21,2024,2024-Q1,CUST-0026,Shinra Electric Power,Enterprise Strategic,Energy & Utilities,EU-West,France,Global Alliance Partner,Cybersecurity Suite,SKU-SEC-410,Compliance & Audit Vault,47,7056.0,12.0,291836.16,78270.46,73.18,Net 60,In Fulfillment,Astrid Lindgren
ORD-2025-01738,2026-04-24,2026,2026-Q2,CUST-0001,Cyberdyne Systems Corp,Enterprise Strategic,Technology & AI,APAC-East,Taiwan,Direct Field Sales,Cloud Infrastructure,SKU-INFRA-805,High-Speed API Gateway Gateway,47,5238.0,23.0,189563.22,46746.29,75.34,Net 90,Completed,Vikram Patel
ORD-2025-01739,2025-09-06,2025,2025-Q3,CUST-0007,Tyrell Synthetic Dynamics,Enterprise Strategic,Robotics,MEA,United Arab Emirates,Strategic Reseller Partner,AI Platform,SKU-AI-9001,Neural Fabric GenAI Platform,15,24552.0,25.0,276210.0,44027.87,84.06,Annual Pre-Paid,Completed,Rachel Green
ORD-2025-01740,2025-12-04,2025,2025-Q4,CUST-0002,Globex Corporation,Enterprise Strategic,Conglomerate,US-Central,United States,Online B2B Portal,Enterprise ERP,SKU-ERP-101,Global ERP Enterprise Suite,95,36050.0,24.0,2602810.0,925819.52,64.43,Net 60,In Fulfillment,Vikram Patel
ORD-2025-01741,2024-01-25,2024,2024-Q1,CUST-0026,Shinra Electric Power,Enterprise Strategic,Energy & Utilities,APAC-ANZ,Australia,Online B2B Portal,Database Infrastructure,SKU-DB-880,QuantumDB Distributed Cluster,45,17655.0,21.0,627635.25,109271.3,82.59,Net 30,In Fulfillment,Alex Mercer
ORD-2025-01742,2026-07-03,2026,2026-Q3,CUST-0006,Soylent BioTech Global,Mid-Market,BioTech,APAC-South,Singapore,Strategic Reseller Partner,Cybersecurity Suite,SKU-SEC-402,Zero-Trust Security Perimeter,30,9345.0,14.0,241101.0,52560.02,78.2,Net 90,Completed,Alex Mercer
ORD-2025-01743,2024-06-10,2024,2024-Q2,CUST-0027,Vault-Tec Security Hub,Enterprise Strategic,Cybersecurity,APAC-East,South Korea,Direct Field Sales,AI Platform,SKU-AI-9001,Neural Fabric GenAI Platform,45,23560.0,7.0,985986.0,140404.41,85.76,Net 60,Pending Verification,Gabriel Santos
ORD-2025-01744,2025-11-01,2025,2025-Q4,CUST-0017,Sterling Cooper Advertising,Mid-Market,Marketing & Media,EU-Central,Switzerland,Online B2B Portal,Cloud Infrastructure,SKU-INFRA-801,Enterprise Data Lakehouse Engine,30,13375.0,4.0,385200.0,84975.12,77.94,Annual Pre-Paid,In Fulfillment,Hannah Schmidt
ORD-2025-01745,2024-05-12,2024,2024-Q2,CUST-0030,Sartre Software SAS,SMB Growth,Dev Tools,APAC-East,Taiwan,Direct Field Sales,Developer Tools,SKU-DEV-701,DevSecOps Automation Mesh,12,4635.0,6.0,52282.8,6718.34,87.15,Net 60,Completed,Alex Mercer
ORD-2025-01746,2024-01-10,2024,2024-Q1,CUST-0026,Shinra Electric Power,Enterprise Strategic,Energy & Utilities,EU-Central,Germany,Strategic Reseller Partner,Enterprise ERP,SKU-ERP-101,Global ERP Enterprise Suite,103,33250.0,19.0,2774047.5,799480.49,71.18,Net 30,Completed,Kenji Sato
ORD-2025-01747,2024-12-22,2024,2024-Q4,CUST-0009,Wonka Global Logistics,Mid-Market,Supply Chain,US-East,United States,Strategic Reseller Partner,IoT & Edge Computing,SKU-IOT-330,Edge IoT Fleet Orchestrator,4,7004.0,8.0,25774.72,6680.81,74.08,Net 30,Completed,Michael Chang
ORD-2025-01748,2024-11-03,2024,2024-Q4,CUST-0007,Tyrell Synthetic Dynamics,Enterprise Strategic,Robotics,EU-West,United Kingdom,Online B2B Portal,Cybersecurity Suite,SKU-SEC-410,Compliance & Audit Vault,83,7704.0,23.0,492362.64,133577.98,72.87,Net 60,Pending Verification,Vikram Patel
ORD-2025-01749,2025-08-03,2025,2025-Q3,CUST-0022,Gekko Financial Partners,Enterprise Strategic,FinTech & Hedge Fund,US-Central,United States,Direct Field Sales,Developer Tools,SKU-DEV-701,DevSecOps Automation Mesh,54,4185.0,6.0,212430.6,21859.11,89.71,Quarterly Net 30,Completed,Vikram Patel
ORD-2025-01750,2024-01-20,2024,2024-Q1,CUST-0026,Shinra Electric Power,Enterprise Strategic,Energy & Utilities,APAC-East,Taiwan,Global Alliance Partner,Cloud Infrastructure,SKU-INFRA-805,High-Speed API Gateway Gateway,12,5292.0,6.0,59693.76,12828.19,78.51,Net 90,Completed,Gabriel Santos
ORD-2025-01751,2025-12-13,2025,2025-Q4,CUST-0016,Dunder Mifflin Paper & Tech,SMB Growth,Retail & Supplies,EU-Central,Switzerland,Online B2B Portal,Cybersecurity Suite,SKU-SEC-402,Zero-Trust Security Perimeter,12,8455.0,7.0,94357.8,25901.22,72.55,Net 90,Pending Verification,Rachel Green
ORD-2025-01752,2025-12-16,2025,2025-Q4,CUST-0024,Aperture Quantum Lab,Mid-Market,Research & Quantum,LATAM,Brazil,Strategic Reseller Partner,Cloud Infrastructure,SKU-INFRA-801,Enterprise Data Lakehouse Engine,2,12375.0,6.0,23265.0,4636.71,80.07,Net 60,Pending Verification,David Lin
ORD-2025-01753,2024-01-09,2024,2024-Q1,CUST-0014,Nakatomi Trading Corp,Mid-Market,Trading & Real Estate,US-Central,United States,Online B2B Portal,Cloud Infrastructure,SKU-INFRA-801,Enterprise Data Lakehouse Engine,6,13500.0,7.0,75330.0,17702.55,76.5,Net 60,Completed,Marcus Vance
ORD-2025-01754,2024-10-19,2024,2024-Q4,CUST-0007,Tyrell Synthetic Dynamics,Enterprise Strategic,Robotics,EU-Central,Switzerland,Online B2B Portal,Cybersecurity Suite,SKU-SEC-402,Zero-Trust Security Perimeter,79,8455.0,6.0,627868.3,134489.39,78.58,Net 60,In Fulfillment,Gabriel Santos
ORD-2025-01755,2024-08-14,2024,2024-Q3,CUST-0020,Oscorp Pharmaceutical,Enterprise Strategic,Life Sciences,EU-West,France,Direct Field Sales,AI Platform,SKU-AI-9001,Neural Fabric GenAI Platform,6,23064.0,20.0,110707.2,21787.18,80.32,Annual Pre-Paid,Completed,David Lin
ORD-2025-01756,2024-09-07,2024,2024-Q3,CUST-0001,Cyberdyne Systems Corp,Enterprise Strategic,Technology & AI,APAC-South,Singapore,Global Alliance Partner,Cloud Infrastructure,SKU-INFRA-805,High-Speed API Gateway Gateway,37,5076.0,10.0,169030.8,30053.68,82.22,Net 30,Completed,Jessica Taylor
ORD-2025-01757,2025-03-30,2025,2025-Q1,CUST-0015,Acme Aerospace Systems,Mid-Market,Manufacturing,APAC-East,South Korea,Strategic Reseller Partner,Cybersecurity Suite,SKU-SEC-410,Compliance & Audit Vault,2,7416.0,4.0,14238.72,3180.93,77.66,Annual Pre-Paid,Pending Verification,Gabriel Santos
ORD-2025-01758,2026-06-16,2026,2026-Q2,CUST-0035,Hyperion Data Mesh,Mid-Market,Data Infrastructure,EU-Central,Switzerland,Online B2B Portal,Cybersecurity Suite,SKU-SEC-410,Compliance & Audit Vault,13,7272.0,1.0,93590.64,23631.64,74.75,Annual Pre-Paid,Pending Verification,Marcus Vance
ORD-2025-01759,2025-02-08,2025,2025-Q1,CUST-0003,Initech Cloud Solutions,Mid-Market,Software,EU-West,United Kingdom,Strategic Reseller Partner,IoT & Edge Computing,SKU-IOT-330,Edge IoT Fleet Orchestrator,13,7208.0,12.0,82459.52,25455.25,69.13,Net 90,Pending Verification,Michael Chang
ORD-2025-01760,2024-07-10,2024,2024-Q3,CUST-0005,Wayne Enterprises Holdings,Enterprise Strategic,Finance & Industrial,EU-Central,Germany,Global Alliance Partner,AI Platform,SKU-AI-9050,Realtime Anomaly Detection,118,11424.0,5.0,1280630.4,281610.62,78.01,Annual Pre-Paid,Completed,Sarah Chen
ORD-2025-01761,2026-03-31,2026,2026-Q1,CUST-0023,Delos Experience Living,Enterprise Strategic,Hospitality,LATAM,Brazil,Strategic Reseller Partner,Database Infrastructure,SKU-DB-880,QuantumDB Distributed Cluster,96,15180.0,20.0,1165824.0,250535.58,78.51,Net 60,Completed,Vikram Patel
ORD-2025-01762,2026-03-25,2026,2026-Q1,CUST-0011,Pied Piper Compression,Mid-Market,DeepTech,US-West,United States,Online B2B Portal,Cloud Infrastructure,SKU-INFRA-805,High-Speed API Gateway Gateway,9,5778.0,8.0,47841.84,9195.2,80.78,Net 90,Completed,Jessica Taylor
ORD-2025-01763,2024-04-18,2024,2024-Q2,CUST-0008,Umbrella Life Sciences,Enterprise Strategic,Pharma,APAC-East,Japan,Global Alliance Partner,Database Infrastructure,SKU-DB-880,QuantumDB Distributed Cluster,73,16665.0,12.0,1070559.6,239270.07,77.65,Quarterly Net 30,Pending Verification,Rachel Green
ORD-2025-01764,2026-02-06,2026,2026-Q1,CUST-0030,Sartre Software SAS,SMB Growth,Dev Tools,APAC-ANZ,Australia,Global Alliance Partner,Cybersecurity Suite,SKU-SEC-402,Zero-Trust Security Perimeter,12,8722.0,6.0,98384.16,24468.14,75.13,Net 30,Pending Verification,Brian O'Connor
ORD-2025-01765,2024-08-30,2024,2024-Q3,CUST-0031,Athena Health Systems,Mid-Market,Healthcare,APAC-East,Japan,Strategic Reseller Partner,AI Platform,SKU-AI-9001,Neural Fabric GenAI Platform,37,25296.0,15.0,795559.2,149246.91,81.24,Quarterly Net 30,Completed,Brian O'Connor
ORD-2025-01766,2024-06-25,2024,2024-Q2,CUST-0033,Apex FinTech Global,Enterprise Strategic,Banking,EU-Central,Germany,Online B2B Portal,Enterprise ERP,SKU-ERP-101,Global ERP Enterprise Suite,115,32900.0,6.0,3556490.0,1134164.66,68.11,Net 60,Completed,Marcus Vance
ORD-2025-01767,2024-01-02,2024,2024-Q1,CUST-0004,Stark Aerospace & Defense,Enterprise Strategic,Aerospace,US-Central,United States,Strategic Reseller Partner,Cybersecurity Suite,SKU-SEC-410,Compliance & Audit Vault,42,7344.0,16.0,259096.32,60343.53,76.71,Net 60,In Fulfillment,Vikram Patel
ORD-2025-01768,2024-06-08,2024,2024-Q2,CUST-0004,Stark Aerospace & Defense,Enterprise Strategic,Aerospace,EU-Central,Germany,Direct Field Sales,Enterprise ERP,SKU-ERP-101,Global ERP Enterprise Suite,40,33600.0,15.0,1142400.0,391957.44,65.69,Net 60,Completed,Sarah Chen
ORD-2025-01769,2025-03-07,2025,2025-Q1,CUST-0024,Aperture Quantum Lab,Mid-Market,Research & Quantum,APAC-East,Taiwan,Strategic Reseller Partner,Cloud Infrastructure,SKU-INFRA-801,Enterprise Data Lakehouse Engine,10,13000.0,11.0,115700.0,28901.86,75.02,Net 60,Completed,Kenji Sato
ORD-2025-01770,2026-01-01,2026,2026-Q1,CUST-0010,Hooli Enterprise Cloud,Enterprise Strategic,Cloud Services,EU-West,United Kingdom,Strategic Reseller Partner,Cybersecurity Suite,SKU-SEC-402,Zero-Trust Security Perimeter,96,8722.0,14.0,720088.32,155251.04,78.44,Net 30,In Fulfillment,David Lin
ORD-2025-01771,2026-01-05,2026,2026-Q1,CUST-0013,Oceanic Airlines Group,Enterprise Strategic,Aviation,US-East,United States,Strategic Reseller Partner,Cloud Infrastructure,SKU-INFRA-805,High-Speed API Gateway Gateway,16,5724.0,13.0,79678.08,17322.01,78.26,Annual Pre-Paid,In Fulfillment,Alex Mercer
ORD-2025-01772,2025-11-29,2025,2025-Q4,CUST-0004,Stark Aerospace & Defense,Enterprise Strategic,Aerospace,EU-West,France,Strategic Reseller Partner,AI Platform,SKU-AI-9050,Realtime Anomaly Detection,63,10976.0,14.0,594679.68,102998.52,82.68,Quarterly Net 30,In Fulfillment,Marcus Vance
ORD-2025-01773,2026-02-25,2026,2026-Q1,CUST-0005,Wayne Enterprises Holdings,Enterprise Strategic,Finance & Industrial,APAC-South,Singapore,Direct Field Sales,Cybersecurity Suite,SKU-SEC-402,Zero-Trust Security Perimeter,81,9167.0,7.0,690550.11,155373.77,77.5,Net 30,Completed,Kenji Sato
ORD-2025-01774,2025-01-22,2025,2025-Q1,CUST-0003,Initech Cloud Solutions,Mid-Market,Software,LATAM,Brazil,Strategic Reseller Partner,Cybersecurity Suite,SKU-SEC-410,Compliance & Audit Vault,35,7704.0,3.0,261550.8,77863.67,70.23,Net 60,Pending Verification,Sarah Chen
ORD-2025-01775,2025-09-26,2025,2025-Q3,CUST-0025,Black Mesa Research,Enterprise Strategic,Scientific R&D,EU-North,Netherlands,Strategic Reseller Partner,Cybersecurity Suite,SKU-SEC-402,Zero-Trust Security Perimeter,77,9434.0,7.0,675568.74,145179.72,78.51,Annual Pre-Paid,Completed,Alex Mercer
ORD-2025-01776,2025-05-28,2025,2025-Q2,CUST-0004,Stark Aerospace & Defense,Enterprise Strategic,Aerospace,EU-West,France,Global Alliance Partner,Cloud Infrastructure,SKU-INFRA-805,High-Speed API Gateway Gateway,118,5670.0,12.0,588772.8,107568.79,81.73,Annual Pre-Paid,Completed,Gabriel Santos
ORD-2025-01777,2026-06-17,2026,2026-Q2,CUST-0003,Initech Cloud Solutions,Mid-Market,Software,EU-North,Netherlands,Strategic Reseller Partner,IoT & Edge Computing,SKU-IOT-330,Edge IoT Fleet Orchestrator,11,6800.0,1.0,74052.0,21364.0,71.15,Net 90,Completed,Kenji Sato
ORD-2025-01778,2025-08-18,2025,2025-Q3,CUST-0019,Buy N Large Retail Mega,Enterprise Strategic,E-Commerce,APAC-East,South Korea,Online B2B Portal,Enterprise ERP,SKU-ERP-101,Global ERP Enterprise Suite,88,37450.0,6.0,3097864.0,1018267.9,67.13,Net 60,Pending Verification,Rachel Green
ORD-2025-01779,2026-02-27,2026,2026-Q1,CUST-0013,Oceanic Airlines Group,Enterprise Strategic,Aviation,APAC-ANZ,Australia,Strategic Reseller Partner,Cybersecurity Suite,SKU-SEC-410,Compliance & Audit Vault,58,6984.0,12.0,356463.36,89686.18,74.84,Net 60,Completed,Elena Rostova
ORD-2025-01780,2024-05-12,2024,2024-Q2,CUST-0011,Pied Piper Compression,Mid-Market,DeepTech,EU-North,Netherlands,Strategic Reseller Partner,IoT & Edge Computing,SKU-IOT-330,Edge IoT Fleet Orchestrator,9,7276.0,1.0,64829.16,19416.33,70.05,Annual Pre-Paid,In Fulfillment,Brian O'Connor
ORD-2025-01781,2026-04-28,2026,2026-Q2,CUST-0022,Gekko Financial Partners,Enterprise Strategic,FinTech & Hedge Fund,APAC-South,Singapore,Online B2B Portal,Enterprise ERP,SKU-ERP-101,Global ERP Enterprise Suite,91,36050.0,8.0,3018106.0,881286.95,70.8,Net 30,Completed,Rachel Green
ORD-2025-01782,2025-12-04,2025,2025-Q4,CUST-0007,Tyrell Synthetic Dynamics,Enterprise Strategic,Robotics,APAC-ANZ,Australia,Global Alliance Partner,Cybersecurity Suite,SKU-SEC-402,Zero-Trust Security Perimeter,86,8633.0,10.0,668194.2,149875.96,77.57,Net 30,Completed,Kenji Sato
ORD-2025-01783,2024-08-13,2024,2024-Q3,CUST-0013,Oceanic Airlines Group,Enterprise Strategic,Aviation,APAC-East,Japan,Online B2B Portal,Database Infrastructure,SKU-DB-880,QuantumDB Distributed Cluster,118,17655.0,8.0,1916626.8,289218.98,84.91,Annual Pre-Paid,In Fulfillment,Brian O'Connor
ORD-2025-01784,2025-01-09,2025,2025-Q1,CUST-0004,Stark Aerospace & Defense,Enterprise Strategic,Aerospace,EU-West,France,Strategic Reseller Partner,Database Infrastructure,SKU-DB-880,QuantumDB Distributed Cluster,36,15675.0,10.0,507870.0,83696.98,83.52,Net 60,Completed,Sarah Chen
ORD-2025-01785,2025-12-24,2025,2025-Q4,CUST-0024,Aperture Quantum Lab,Mid-Market,Research & Quantum,LATAM,Brazil,Global Alliance Partner,IoT & Edge Computing,SKU-IOT-330,Edge IoT Fleet Orchestrator,3,7072.0,6.0,19943.04,5791.46,70.96,Annual Pre-Paid,Completed,Brian O'Connor
ORD-2025-01786,2025-12-07,2025,2025-Q4,CUST-0018,Virtucon Industries,Enterprise Strategic,Industrial Equipment,EU-Central,Switzerland,Online B2B Portal,AI Platform,SKU-AI-9050,Realtime Anomaly Detection,56,11872.0,17.0,551810.56,86192.81,84.38,Net 90,Pending Verification,Elena Rostova
ORD-2025-01787,2025-01-04,2025,2025-Q1,CUST-0016,Dunder Mifflin Paper & Tech,SMB Growth,Retail & Supplies,EU-North,Netherlands,Online B2B Portal,Cybersecurity Suite,SKU-SEC-410,Compliance & Audit Vault,8,6912.0,8.0,50872.32,13689.74,73.09,Quarterly Net 30,Completed,Gabriel Santos
ORD-2025-01788,2024-03-06,2024,2024-Q1,CUST-0028,LexCorp Advanced Metals,Enterprise Strategic,Materials,EU-West,United Kingdom,Online B2B Portal,Cybersecurity Suite,SKU-SEC-402,Zero-Trust Security Perimeter,15,8633.0,9.0,117840.45,33961.62,71.18,Net 30,Pending Verification,Brian O'Connor
ORD-2025-01789,2026-05-08,2026,2026-Q2,CUST-0020,Oscorp Pharmaceutical,Enterprise Strategic,Life Sciences,APAC-East,Japan,Direct Field Sales,Developer Tools,SKU-DEV-701,DevSecOps Automation Mesh,28,4590.0,20.0,102816.0,15854.23,84.58,Net 90,Completed,Jessica Taylor
ORD-2025-01790,2024-11-05,2024,2024-Q4,CUST-0029,Omni Consumer Products,Enterprise Strategic,Consumer Tech,US-Central,United States,Direct Field Sales,Database Infrastructure,SKU-DB-880,QuantumDB Distributed Cluster,6,17820.0,14.0,91951.2,20146.51,78.09,Net 90,Completed,Kenji Sato
ORD-2025-01791,2024-07-04,2024,2024-Q3,CUST-0025,Black Mesa Research,Enterprise Strategic,Scientific R&D,US-West,United States,Online B2B Portal,Cloud Infrastructure,SKU-INFRA-801,Enterprise Data Lakehouse Engine,90,12750.0,24.0,872100.0,186018.93,78.67,Net 60,In Fulfillment,Jessica Taylor
ORD-2025-01792,2026-04-16,2026,2026-Q2,CUST-0008,Umbrella Life Sciences,Enterprise Strategic,Pharma,EU-Central,Germany,Online B2B Portal,Enterprise ERP,SKU-ERP-101,Global ERP Enterprise Suite,32,32550.0,19.0,843696.0,265511.13,68.53,Net 60,Completed,Elena Rostova
ORD-2025-01793,2024-04-16,2024,2024-Q2,CUST-0002,Globex Corporation,Enterprise Strategic,Conglomerate,US-East,United States,Direct Field Sales,AI Platform,SKU-AI-9050,Realtime Anomaly Detection,72,11984.0,21.0,681649.92,142192.17,79.14,Net 30,Completed,David Lin
ORD-2025-01794,2026-01-17,2026,2026-Q1,CUST-0029,Omni Consumer Products,Enterprise Strategic,Consumer Tech,US-West,United States,Online B2B Portal,Developer Tools,SKU-DEV-701,DevSecOps Automation Mesh,25,4725.0,9.0,107493.75,13694.7,87.26,Net 60,Completed,Brian O'Connor
ORD-2025-01795,2026-07-16,2026,2026-Q3,CUST-0033,Apex FinTech Global,Enterprise Strategic,Banking,APAC-East,South Korea,Global Alliance Partner,Enterprise ERP,SKU-ERP-101,Global ERP Enterprise Suite,39,35700.0,22.0,1085994.0,331988.37,69.43,Net 30,Completed,Chloe Dubois
ORD-2025-01796,2024-07-17,2024,2024-Q3,CUST-0011,Pied Piper Compression,Mid-Market,DeepTech,LATAM,Brazil,Direct Field Sales,Cloud Infrastructure,SKU-INFRA-805,High-Speed API Gateway Gateway,28,5724.0,12.0,141039.36,26007.66,81.56,Net 60,Completed,Chloe Dubois
ORD-2025-01797,2025-04-08,2025,2025-Q2,CUST-0009,Wonka Global Logistics,Mid-Market,Supply Chain,APAC-East,Taiwan,Global Alliance Partner,IoT & Edge Computing,SKU-IOT-330,Edge IoT Fleet Orchestrator,22,6460.0,6.0,133592.8,42709.62,68.03,Net 90,Completed,Vikram Patel
ORD-2025-01798,2026-04-27,2026,2026-Q2,CUST-0003,Initech Cloud Solutions,Mid-Market,Software,MEA,United Arab Emirates,Online B2B Portal,Cybersecurity Suite,SKU-SEC-402,Zero-Trust Security Perimeter,30,8277.0,14.0,213546.6,46083.36,78.42,Net 90,Pending Verification,Vikram Patel
ORD-2025-01799,2025-06-15,2025,2025-Q2,CUST-0003,Initech Cloud Solutions,Mid-Market,Software,US-East,United States,Direct Field Sales,Cybersecurity Suite,SKU-SEC-402,Zero-Trust Security Perimeter,32,8455.0,13.0,235387.2,65861.34,72.02,Net 90,In Fulfillment,David Lin
ORD-2025-01800,2025-04-19,2025,2025-Q2,CUST-0013,Oceanic Airlines Group,Enterprise Strategic,Aviation,US-West,United States,Global Alliance Partner,Cloud Infrastructure,SKU-INFRA-801,Enterprise Data Lakehouse Engine,82,13375.0,11.0,976107.5,199711.59,79.54,Net 30,In Fulfillment,Gabriel Santos
ORD-2025-01801,2025-02-11,2025,2025-Q1,CUST-0034,Quantum Peak Labs,SMB Growth,Semiconductor,APAC-East,South Korea,Direct Field Sales,AI Platform,SKU-AI-9050,Realtime Anomaly Detection,3,10640.0,7.0,29685.6,6061.8,79.58,Quarterly Net 30,Pending Verification,David Lin
ORD-2025-01802,2025-12-27,2025,2025-Q4,CUST-0010,Hooli Enterprise Cloud,Enterprise Strategic,Cloud Services,APAC-East,Japan,Global Alliance Partner,Cybersecurity Suite,SKU-SEC-402,Zero-Trust Security Perimeter,97,9078.0,6.0,827732.04,201966.62,75.6,Annual Pre-Paid,In Fulfillment,David Lin
ORD-2025-01803,2024-05-10,2024,2024-Q2,CUST-0024,Aperture Quantum Lab,Mid-Market,Research & Quantum,APAC-East,Taiwan,Online B2B Portal,Database Infrastructure,SKU-DB-880,QuantumDB Distributed Cluster,17,15510.0,2.0,258396.6,45090.21,82.55,Annual Pre-Paid,In Fulfillment,Astrid Lindgren
ORD-2025-01804,2025-09-22,2025,2025-Q3,CUST-0013,Oceanic Airlines Group,Enterprise Strategic,Aviation,MEA,United Arab Emirates,Strategic Reseller Partner,Cloud Infrastructure,SKU-INFRA-801,Enterprise Data Lakehouse Engine,41,12500.0,12.0,451000.0,92229.5,79.55,Net 60,Pending Verification,Elena Rostova
ORD-2025-01805,2024-05-12,2024,2024-Q2,CUST-0015,Acme Aerospace Systems,Mid-Market,Manufacturing,EU-North,Netherlands,Global Alliance Partner,AI Platform,SKU-AI-9001,Neural Fabric GenAI Platform,34,23064.0,5.0,744967.2,125303.48,83.18,Net 30,Completed,Alex Mercer
ORD-2025-01806,2025-06-07,2025,2025-Q2,CUST-0012,Massive Dynamic AI,Enterprise Strategic,Artificial Intelligence,EU-North,Netherlands,Global Alliance Partner,AI Platform,SKU-AI-9001,Neural Fabric GenAI Platform,102,23560.0,15.0,2042652.0,269017.27,86.83,Annual Pre-Paid,Completed,Sarah Chen
ORD-2025-01807,2024-01-15,2024,2024-Q1,CUST-0032,Zeus Renewable Power,Mid-Market,Clean Energy,US-West,United States,Strategic Reseller Partner,IoT & Edge Computing,SKU-IOT-330,Edge IoT Fleet Orchestrator,8,7208.0,5.0,54780.8,13919.8,74.59,Quarterly Net 30,In Fulfillment,Brian O'Connor
ORD-2025-01808,2025-07-25,2025,2025-Q3,CUST-0012,Massive Dynamic AI,Enterprise Strategic,Artificial Intelligence,APAC-ANZ,Australia,Direct Field Sales,AI Platform,SKU-AI-9050,Realtime Anomaly Detection,90,11424.0,21.0,812246.4,118750.42,85.38,Net 90,Pending Verification,Gabriel Santos
ORD-2025-01809,2025-02-16,2025,2025-Q1,CUST-0031,Athena Health Systems,Mid-Market,Healthcare,EU-West,United Kingdom,Online B2B Portal,AI Platform,SKU-AI-9050,Realtime Anomaly Detection,18,10640.0,2.0,187689.6,26727.0,85.76,Net 60,In Fulfillment,Marcus Vance
ORD-2025-01810,2024-06-14,2024,2024-Q2,CUST-0033,Apex FinTech Global,Enterprise Strategic,Banking,US-East,United States,Direct Field Sales,Cybersecurity Suite,SKU-SEC-410,Compliance & Audit Vault,42,6768.0,10.0,255830.4,65287.92,74.48,Quarterly Net 30,In Fulfillment,Astrid Lindgren
ORD-2025-01811,2026-04-15,2026,2026-Q2,CUST-0012,Massive Dynamic AI,Enterprise Strategic,Artificial Intelligence,US-Central,United States,Online B2B Portal,IoT & Edge Computing,SKU-IOT-330,Edge IoT Fleet Orchestrator,12,7140.0,13.0,74541.6,20170.96,72.94,Net 90,In Fulfillment,David Lin
ORD-2025-01812,2025-11-02,2025,2025-Q4,CUST-0004,Stark Aerospace & Defense,Enterprise Strategic,Aerospace,MEA,United Arab Emirates,Global Alliance Partner,Database Infrastructure,SKU-DB-880,QuantumDB Distributed Cluster,111,17325.0,23.0,1480767.75,283863.18,80.83,Net 60,Completed,Hannah Schmidt
ORD-2025-01813,2025-10-25,2025,2025-Q4,CUST-0008,Umbrella Life Sciences,Enterprise Strategic,Pharma,APAC-East,Japan,Direct Field Sales,Enterprise ERP,SKU-ERP-101,Global ERP Enterprise Suite,55,35000.0,19.0,1559250.0,548232.3,64.84,Net 60,Completed,Chloe Dubois
ORD-2025-01814,2025-11-16,2025,2025-Q4,CUST-0021,Weyland-Yutani Deep Space,Enterprise Strategic,Energy & Mining,EU-West,United Kingdom,Online B2B Portal,AI Platform,SKU-AI-9001,Neural Fabric GenAI Platform,88,23312.0,16.0,1723223.04,222123.45,87.11,Net 30,In Fulfillment,Gabriel Santos
ORD-2025-01815,2025-01-29,2025,2025-Q1,CUST-0012,Massive Dynamic AI,Enterprise Strategic,Artificial Intelligence,EU-North,Netherlands,Direct Field Sales,Cloud Infrastructure,SKU-INFRA-805,High-Speed API Gateway Gateway,105,5292.0,11.0,494537.4,101033.99,79.57,Annual Pre-Paid,Pending Verification,Jessica Taylor
ORD-2025-01816,2024-03-05,2024,2024-Q1,CUST-0021,Weyland-Yutani Deep Space,Enterprise Strategic,Energy & Mining,APAC-ANZ,Australia,Online B2B Portal,AI Platform,SKU-AI-9050,Realtime Anomaly Detection,10,10752.0,12.0,94617.6,20267.09,78.58,Net 60,Completed,David Lin
ORD-2025-01817,2024-03-29,2024,2024-Q1,CUST-0028,LexCorp Advanced Metals,Enterprise Strategic,Materials,APAC-ANZ,Australia,Online B2B Portal,AI Platform,SKU-AI-9001,Neural Fabric GenAI Platform,14,26536.0,16.0,312063.36,53862.14,82.74,Annual Pre-Paid,Pending Verification,Alex Mercer
ORD-2025-01818,2025-08-06,2025,2025-Q3,CUST-0006,Soylent BioTech Global,Mid-Market,BioTech,APAC-East,Taiwan,Global Alliance Partner,Cybersecurity Suite,SKU-SEC-410,Compliance & Audit Vault,15,7128.0,9.0,97297.2,25326.46,73.97,Net 60,Completed,Chloe Dubois
ORD-2025-01819,2026-04-02,2026,2026-Q2,CUST-0001,Cyberdyne Systems Corp,Enterprise Strategic,Technology & AI,APAC-East,South Korea,Strategic Reseller Partner,Cloud Infrastructure,SKU-INFRA-801,Enterprise Data Lakehouse Engine,37,13500.0,8.0,459540.0,94986.92,79.33,Net 30,Completed,Sarah Chen
ORD-2025-01820,2024-05-19,2024,2024-Q2,CUST-0006,Soylent BioTech Global,Mid-Market,BioTech,US-Central,United States,Online B2B Portal,AI Platform,SKU-AI-9001,Neural Fabric GenAI Platform,14,25792.0,9.0,328590.08,54414.52,83.44,Quarterly Net 30,Completed,Chloe Dubois
ORD-2025-01821,2025-06-28,2025,2025-Q2,CUST-0030,Sartre Software SAS,SMB Growth,Dev Tools,EU-North,Netherlands,Direct Field Sales,Cybersecurity Suite,SKU-SEC-410,Compliance & Audit Vault,9,6696.0,4.0,57853.44,15383.23,73.41,Annual Pre-Paid,In Fulfillment,Sarah Chen
ORD-2025-01822,2026-03-28,2026,2026-Q1,CUST-0012,Massive Dynamic AI,Enterprise Strategic,Artificial Intelligence,US-Central,United States,Global Alliance Partner,IoT & Edge Computing,SKU-IOT-330,Edge IoT Fleet Orchestrator,91,6732.0,20.0,490089.6,143547.24,70.71,Quarterly Net 30,Completed,Vikram Patel
ORD-2025-01823,2025-07-11,2025,2025-Q3,CUST-0027,Vault-Tec Security Hub,Enterprise Strategic,Cybersecurity,EU-West,France,Strategic Reseller Partner,Database Infrastructure,SKU-DB-880,QuantumDB Distributed Cluster,85,17490.0,19.0,1204186.5,209648.87,82.59,Net 90,In Fulfillment,Sarah Chen
ORD-2025-01824,2025-09-09,2025,2025-Q3,CUST-0006,Soylent BioTech Global,Mid-Market,BioTech,APAC-South,Singapore,Global Alliance Partner,Developer Tools,SKU-DEV-701,DevSecOps Automation Mesh,21,4815.0,3.0,98081.55,12377.89,87.38,Quarterly Net 30,Pending Verification,Marcus Vance
ORD-2025-01825,2024-08-26,2024,2024-Q3,CUST-0008,Umbrella Life Sciences,Enterprise Strategic,Pharma,US-Central,United States,Direct Field Sales,Cybersecurity Suite,SKU-SEC-402,Zero-Trust Security Perimeter,20,8722.0,17.0,144785.2,41712.62,71.19,Net 90,Completed,Gabriel Santos
ORD-2025-01826,2025-01-22,2025,2025-Q1,CUST-0018,Virtucon Industries,Enterprise Strategic,Industrial Equipment,EU-Central,Germany,Global Alliance Partner,Enterprise ERP,SKU-ERP-101,Global ERP Enterprise Suite,66,32550.0,5.0,2040885.0,711860.69,65.12,Quarterly Net 30,Completed,Jessica Taylor
ORD-2025-01827,2024-11-09,2024,2024-Q4,CUST-0020,Oscorp Pharmaceutical,Enterprise Strategic,Life Sciences,APAC-East,Japan,Global Alliance Partner,AI Platform,SKU-AI-9050,Realtime Anomaly Detection,56,11088.0,11.0,552625.92,101683.17,81.6,Net 90,Completed,Jessica Taylor
ORD-2025-01828,2026-04-15,2026,2026-Q2,CUST-0013,Oceanic Airlines Group,Enterprise Strategic,Aviation,EU-North,Netherlands,Online B2B Portal,IoT & Edge Computing,SKU-IOT-330,Edge IoT Fleet Orchestrator,93,6528.0,25.0,455328.0,133638.77,70.65,Net 30,Completed,Elena Rostova
ORD-2025-01829,2024-12-27,2024,2024-Q4,CUST-0021,Weyland-Yutani Deep Space,Enterprise Strategic,Energy & Mining,APAC-ANZ,Australia,Strategic Reseller Partner,AI Platform,SKU-AI-9050,Realtime Anomaly Detection,30,11648.0,6.0,328473.6,46643.25,85.8,Quarterly Net 30,Completed,Rachel Green
ORD-2025-01830,2024-07-09,2024,2024-Q3,CUST-0030,Sartre Software SAS,SMB Growth,Dev Tools,EU-Central,Switzerland,Direct Field Sales,AI Platform,SKU-AI-9001,Neural Fabric GenAI Platform,15,25296.0,5.0,360468.0,68128.45,81.1,Annual Pre-Paid,In Fulfillment,David Lin
ORD-2025-01831,2024-07-29,2024,2024-Q3,CUST-0004,Stark Aerospace & Defense,Enterprise Strategic,Aerospace,APAC-ANZ,Australia,Online B2B Portal,Cybersecurity Suite,SKU-SEC-410,Compliance & Audit Vault,64,6840.0,19.0,354585.6,96447.28,72.8,Net 60,In Fulfillment,Chloe Dubois
ORD-2025-01832,2025-02-27,2025,2025-Q1,CUST-0014,Nakatomi Trading Corp,Mid-Market,Trading & Real Estate,EU-North,Netherlands,Online B2B Portal,Database Infrastructure,SKU-DB-880,QuantumDB Distributed Cluster,7,16830.0,13.0,102494.7,16060.92,84.33,Quarterly Net 30,Pending Verification,Rachel Green
ORD-2025-01833,2025-02-06,2025,2025-Q1,CUST-0023,Delos Experience Living,Enterprise Strategic,Hospitality,MEA,United Arab Emirates,Online B2B Portal,IoT & Edge Computing,SKU-IOT-330,Edge IoT Fleet Orchestrator,89,6596.0,14.0,504857.84,148226.26,70.64,Net 90,Pending Verification,Astrid Lindgren
ORD-2025-01834,2024-08-14,2024,2024-Q3,CUST-0020,Oscorp Pharmaceutical,Enterprise Strategic,Life Sciences,APAC-ANZ,Australia,Online B2B Portal,AI Platform,SKU-AI-9001,Neural Fabric GenAI Platform,106,25296.0,23.0,2064659.52,347688.66,83.16,Quarterly Net 30,In Fulfillment,Gabriel Santos
ORD-2025-01835,2025-09-14,2025,2025-Q3,CUST-0016,Dunder Mifflin Paper & Tech,SMB Growth,Retail & Supplies,LATAM,Brazil,Online B2B Portal,Enterprise ERP,SKU-ERP-101,Global ERP Enterprise Suite,10,33600.0,4.0,322560.0,93381.12,71.05,Annual Pre-Paid,Pending Verification,Alex Mercer
ORD-2025-01836,2025-06-22,2025,2025-Q2,CUST-0011,Pied Piper Compression,Mid-Market,DeepTech,US-Central,United States,Strategic Reseller Partner,Cloud Infrastructure,SKU-INFRA-801,Enterprise Data Lakehouse Engine,39,12375.0,5.0,458493.75,97017.28,78.84,Annual Pre-Paid,In Fulfillment,Rachel Green
ORD-2025-01837,2025-11-16,2025,2025-Q4,CUST-0035,Hyperion Data Mesh,Mid-Market,Data Infrastructure,APAC-South,Singapore,Online B2B Portal,AI Platform,SKU-AI-9001,Neural Fabric GenAI Platform,17,26536.0,2.0,442089.76,53139.19,87.98,Quarterly Net 30,Completed,Marcus Vance
ORD-2025-01838,2024-03-03,2024,2024-Q1,CUST-0012,Massive Dynamic AI,Enterprise Strategic,Artificial Intelligence,US-West,United States,Global Alliance Partner,Cloud Infrastructure,SKU-INFRA-801,Enterprise Data Lakehouse Engine,66,13250.0,12.0,769560.0,168148.86,78.15,Net 60,Pending Verification,Vikram Patel
ORD-2025-01839,2025-12-27,2025,2025-Q4,CUST-0027,Vault-Tec Security Hub,Enterprise Strategic,Cybersecurity,EU-West,France,Online B2B Portal,AI Platform,SKU-AI-9050,Realtime Anomaly Detection,107,11872.0,17.0,1054352.32,221308.55,79.01,Net 60,Completed,Alex Mercer
ORD-2025-01840,2024-11-05,2024,2024-Q4,CUST-0018,Virtucon Industries,Enterprise Strategic,Industrial Equipment,APAC-East,Taiwan,Global Alliance Partner,Enterprise ERP,SKU-ERP-101,Global ERP Enterprise Suite,53,32900.0,24.0,1325212.0,412273.45,68.89,Quarterly Net 30,Completed,Hannah Schmidt
ORD-2025-01841,2024-01-29,2024,2024-Q1,CUST-0010,Hooli Enterprise Cloud,Enterprise Strategic,Cloud Services,MEA,United Arab Emirates,Online B2B Portal,AI Platform,SKU-AI-9001,Neural Fabric GenAI Platform,22,23560.0,21.0,409472.8,53599.99,86.91,Net 90,Completed,Hannah Schmidt
ORD-2025-01842,2024-12-30,2024,2024-Q4,CUST-0034,Quantum Peak Labs,SMB Growth,Semiconductor,APAC-ANZ,Australia,Global Alliance Partner,Database Infrastructure,SKU-DB-880,QuantumDB Distributed Cluster,6,16830.0,5.0,95931.0,15617.57,83.72,Net 30,Completed,Gabriel Santos
ORD-2025-01843,2024-03-21,2024,2024-Q1,CUST-0014,Nakatomi Trading Corp,Mid-Market,Trading & Real Estate,US-West,United States,Online B2B Portal,Developer Tools,SKU-DEV-701,DevSecOps Automation Mesh,37,4320.0,4.0,153446.4,23600.06,84.62,Annual Pre-Paid,In Fulfillment,Sarah Chen
ORD-2025-01844,2024-03-15,2024,2024-Q1,CUST-0015,Acme Aerospace Systems,Mid-Market,Manufacturing,MEA,United Arab Emirates,Online B2B Portal,Cloud Infrastructure,SKU-INFRA-801,Enterprise Data Lakehouse Engine,15,11875.0,4.0,171000.0,33122.7,80.63,Net 60,In Fulfillment,Alex Mercer
ORD-2025-01845,2026-05-28,2026,2026-Q2,CUST-0016,Dunder Mifflin Paper & Tech,SMB Growth,Retail & Supplies,EU-West,United Kingdom,Online B2B Portal,AI Platform,SKU-AI-9050,Realtime Anomaly Detection,5,11088.0,1.0,54885.6,9193.34,83.25,Net 30,Pending Verification,Elena Rostova
ORD-2025-01846,2025-11-10,2025,2025-Q4,CUST-0029,Omni Consumer Products,Enterprise Strategic,Consumer Tech,APAC-ANZ,Australia,Global Alliance Partner,Cloud Infrastructure,SKU-INFRA-805,High-Speed API Gateway Gateway,99,5670.0,19.0,454677.3,99256.05,78.17,Quarterly Net 30,Completed,Alex Mercer
ORD-2025-01847,2025-07-19,2025,2025-Q3,CUST-0021,Weyland-Yutani Deep Space,Enterprise Strategic,Energy & Mining,APAC-ANZ,Australia,Strategic Reseller Partner,Cybersecurity Suite,SKU-SEC-410,Compliance & Audit Vault,115,7488.0,11.0,766396.8,171136.41,77.67,Net 60,Completed,Vikram Patel
ORD-2025-01848,2025-11-09,2025,2025-Q4,CUST-0032,Zeus Renewable Power,Mid-Market,Clean Energy,EU-Central,Switzerland,Online B2B Portal,AI Platform,SKU-AI-9001,Neural Fabric GenAI Platform,31,26784.0,4.0,797091.84,140128.75,82.42,Net 90,Completed,Marcus Vance
ORD-2025-01849,2024-08-21,2024,2024-Q3,CUST-0035,Hyperion Data Mesh,Mid-Market,Data Infrastructure,APAC-East,South Korea,Online B2B Portal,Cloud Infrastructure,SKU-INFRA-801,Enterprise Data Lakehouse Engine,12,12625.0,2.0,148470.0,27392.72,81.55,Annual Pre-Paid,Completed,David Lin
ORD-2025-01850,2024-07-04,2024,2024-Q3,CUST-0029,Omni Consumer Products,Enterprise Strategic,Consumer Tech,APAC-East,South Korea,Online B2B Portal,Cybersecurity Suite,SKU-SEC-402,Zero-Trust Security Perimeter,30,8900.0,9.0,242970.0,67472.77,72.23,Net 60,Completed,Marcus Vance
ORD-2025-01851,2024-01-17,2024,2024-Q1,CUST-0009,Wonka Global Logistics,Mid-Market,Supply Chain,EU-West,France,Global Alliance Partner,Cybersecurity Suite,SKU-SEC-410,Compliance & Audit Vault,8,7632.0,3.0,59224.32,16677.57,71.84,Net 60,In Fulfillment,Kenji Sato
ORD-2025-01852,2025-02-22,2025,2025-Q1,CUST-0030,Sartre Software SAS,SMB Growth,Dev Tools,EU-Central,Switzerland,Direct Field Sales,AI Platform,SKU-AI-9001,Neural Fabric GenAI Platform,11,26040.0,7.0,266389.2,45499.28,82.92,Net 30,Completed,Hannah Schmidt
ORD-2025-01853,2025-03-13,2025,2025-Q1,CUST-0010,Hooli Enterprise Cloud,Enterprise Strategic,Cloud Services,APAC-East,South Korea,Global Alliance Partner,Cybersecurity Suite,SKU-SEC-410,Compliance & Audit Vault,83,7560.0,12.0,552182.4,154666.29,71.99,Net 30,In Fulfillment,Kenji Sato
ORD-2025-01854,2025-10-19,2025,2025-Q4,CUST-0024,Aperture Quantum Lab,Mid-Market,Research & Quantum,EU-West,United Kingdom,Direct Field Sales,AI Platform,SKU-AI-9001,Neural Fabric GenAI Platform,13,25792.0,14.0,288354.56,44839.13,84.45,Net 90,Completed,Marcus Vance
ORD-2025-01855,2024-08-28,2024,2024-Q3,CUST-0002,Globex Corporation,Enterprise Strategic,Conglomerate,EU-West,United Kingdom,Online B2B Portal,Cybersecurity Suite,SKU-SEC-402,Zero-Trust Security Perimeter,10,8633.0,8.0,79423.6,22603.96,71.54,Quarterly Net 30,Completed,Sarah Chen
ORD-2025-01856,2025-04-10,2025,2025-Q2,CUST-0011,Pied Piper Compression,Mid-Market,DeepTech,US-Central,United States,Strategic Reseller Partner,Enterprise ERP,SKU-ERP-101,Global ERP Enterprise Suite,5,32550.0,13.0,141592.5,41755.63,70.51,Annual Pre-Paid,Pending Verification,Vikram Patel
ORD-2025-01857,2026-06-23,2026,2026-Q2,CUST-0035,Hyperion Data Mesh,Mid-Market,Data Infrastructure,EU-Central,Switzerland,Direct Field Sales,AI Platform,SKU-AI-9050,Realtime Anomaly Detection,33,10752.0,5.0,337075.2,71291.4,78.85,Quarterly Net 30,In Fulfillment,Brian O'Connor
ORD-2025-01858,2024-09-27,2024,2024-Q3,CUST-0004,Stark Aerospace & Defense,Enterprise Strategic,Aerospace,EU-North,Netherlands,Online B2B Portal,Cloud Infrastructure,SKU-INFRA-805,High-Speed API Gateway Gateway,34,5778.0,16.0,165019.68,39225.18,76.23,Annual Pre-Paid,In Fulfillment,David Lin
ORD-2025-01859,2025-06-01,2025,2025-Q2,CUST-0005,Wayne Enterprises Holdings,Enterprise Strategic,Finance & Industrial,US-Central,United States,Strategic Reseller Partner,Developer Tools,SKU-DEV-701,DevSecOps Automation Mesh,81,4815.0,6.0,366614.1,43040.5,88.26,Net 90,Completed,Jessica Taylor
ORD-2025-01860,2026-02-15,2026,2026-Q1,CUST-0035,Hyperion Data Mesh,Mid-Market,Data Infrastructure,EU-Central,Germany,Online B2B Portal,Cloud Infrastructure,SKU-INFRA-805,High-Speed API Gateway Gateway,11,5400.0,14.0,51084.0,10206.58,80.02,Annual Pre-Paid,Completed,Gabriel Santos
ORD-2025-01861,2024-07-09,2024,2024-Q3,CUST-0007,Tyrell Synthetic Dynamics,Enterprise Strategic,Robotics,US-Central,United States,Direct Field Sales,AI Platform,SKU-AI-9001,Neural Fabric GenAI Platform,11,24552.0,7.0,251166.96,39910.43,84.11,Net 60,Pending Verification,Astrid Lindgren
ORD-2025-01862,2025-07-20,2025,2025-Q3,CUST-0027,Vault-Tec Security Hub,Enterprise Strategic,Cybersecurity,APAC-East,South Korea,Direct Field Sales,AI Platform,SKU-AI-9001,Neural Fabric GenAI Platform,63,26288.0,22.0,1291792.32,208236.92,83.88,Net 30,In Fulfillment,Rachel Green
ORD-2025-01863,2024-06-03,2024,2024-Q2,CUST-0023,Delos Experience Living,Enterprise Strategic,Hospitality,US-West,United States,Online B2B Portal,Developer Tools,SKU-DEV-701,DevSecOps Automation Mesh,27,4680.0,17.0,104878.8,11347.89,89.18,Net 30,Completed,Sarah Chen
ORD-2025-01864,2024-06-25,2024,2024-Q2,CUST-0012,Massive Dynamic AI,Enterprise Strategic,Artificial Intelligence,US-Central,United States,Global Alliance Partner,IoT & Edge Computing,SKU-IOT-330,Edge IoT Fleet Orchestrator,100,6528.0,10.0,587520.0,166620.67,71.64,Net 60,Completed,David Lin
ORD-2025-01865,2026-05-27,2026,2026-Q2,CUST-0019,Buy N Large Retail Mega,Enterprise Strategic,E-Commerce,US-Central,United States,Strategic Reseller Partner,AI Platform,SKU-AI-9001,Neural Fabric GenAI Platform,53,25544.0,9.0,1231987.12,178884.53,85.48,Net 90,Completed,Hannah Schmidt
ORD-2025-01866,2024-07-15,2024,2024-Q3,CUST-0013,Oceanic Airlines Group,Enterprise Strategic,Aviation,APAC-ANZ,Australia,Direct Field Sales,Cloud Infrastructure,SKU-INFRA-805,High-Speed API Gateway Gateway,109,5832.0,9.0,578476.08,130966.98,77.36,Annual Pre-Paid,Completed,Kenji Sato
ORD-2025-01867,2025-05-29,2025,2025-Q2,CUST-0034,Quantum Peak Labs,SMB Growth,Semiconductor,EU-Central,Switzerland,Online B2B Portal,Cloud Infrastructure,SKU-INFRA-801,Enterprise Data Lakehouse Engine,5,13125.0,4.0,63000.0,16329.6,74.08,Net 90,Completed,Gabriel Santos
ORD-2025-01868,2025-06-03,2025,2025-Q2,CUST-0023,Delos Experience Living,Enterprise Strategic,Hospitality,US-West,United States,Online B2B Portal,Database Infrastructure,SKU-DB-880,QuantumDB Distributed Cluster,105,16500.0,19.0,1403325.0,252738.83,81.99,Net 60,Completed,Jessica Taylor
ORD-2025-01869,2025-10-11,2025,2025-Q4,CUST-0014,Nakatomi Trading Corp,Mid-Market,Trading & Real Estate,US-Central,United States,Online B2B Portal,IoT & Edge Computing,SKU-IOT-330,Edge IoT Fleet Orchestrator,16,6732.0,4.0,103403.52,28973.67,71.98,Net 90,In Fulfillment,Marcus Vance
ORD-2025-01870,2026-07-22,2026,2026-Q3,CUST-0023,Delos Experience Living,Enterprise Strategic,Hospitality,APAC-East,Taiwan,Strategic Reseller Partner,Cloud Infrastructure,SKU-INFRA-801,Enterprise Data Lakehouse Engine,58,12250.0,7.0,660765.0,143121.7,78.34,Net 60,In Fulfillment,Alex Mercer
ORD-2025-01871,2025-10-31,2025,2025-Q4,CUST-0024,Aperture Quantum Lab,Mid-Market,Research & Quantum,APAC-East,Taiwan,Strategic Reseller Partner,Cybersecurity Suite,SKU-SEC-402,Zero-Trust Security Perimeter,39,8277.0,4.0,309890.88,66967.42,78.39,Annual Pre-Paid,In Fulfillment,Alex Mercer
ORD-2025-01872,2024-06-04,2024,2024-Q2,CUST-0021,Weyland-Yutani Deep Space,Enterprise Strategic,Energy & Mining,EU-West,France,Global Alliance Partner,Database Infrastructure,SKU-DB-880,QuantumDB Distributed Cluster,60,16995.0,10.0,917730.0,151425.45,83.5,Annual Pre-Paid,In Fulfillment,Hannah Schmidt
ORD-2025-01873,2025-09-29,2025,2025-Q3,CUST-0019,Buy N Large Retail Mega,Enterprise Strategic,E-Commerce,APAC-South,Singapore,Strategic Reseller Partner,Cloud Infrastructure,SKU-INFRA-801,Enterprise Data Lakehouse Engine,60,12125.0,13.0,632925.0,151458.95,76.07,Quarterly Net 30,Completed,Vikram Patel
ORD-2025-01874,2025-11-15,2025,2025-Q4,CUST-0022,Gekko Financial Partners,Enterprise Strategic,FinTech & Hedge Fund,US-West,United States,Strategic Reseller Partner,Database Infrastructure,SKU-DB-880,QuantumDB Distributed Cluster,97,16830.0,7.0,1518234.3,256885.24,83.08,Net 30,Completed,Kenji Sato
ORD-2025-01875,2025-08-10,2025,2025-Q3,CUST-0035,Hyperion Data Mesh,Mid-Market,Data Infrastructure,LATAM,Brazil,Strategic Reseller Partner,Cybersecurity Suite,SKU-SEC-402,Zero-Trust Security Perimeter,6,8277.0,12.0,43702.56,9701.97,77.8,Net 30,In Fulfillment,Gabriel Santos
ORD-2025-01876,2024-03-19,2024,2024-Q1,CUST-0024,Aperture Quantum Lab,Mid-Market,Research & Quantum,APAC-ANZ,Australia,Online B2B Portal,Cloud Infrastructure,SKU-INFRA-805,High-Speed API Gateway Gateway,9,5454.0,11.0,43686.54,7881.05,81.96,Quarterly Net 30,Completed,Michael Chang
ORD-2025-01877,2025-05-26,2025,2025-Q2,CUST-0026,Shinra Electric Power,Enterprise Strategic,Energy & Utilities,EU-Central,Germany,Direct Field Sales,AI Platform,SKU-AI-9001,Neural Fabric GenAI Platform,102,24800.0,17.0,2099568.0,375822.67,82.1,Quarterly Net 30,Completed,Jessica Taylor
ORD-2025-01878,2024-11-12,2024,2024-Q4,CUST-0020,Oscorp Pharmaceutical,Enterprise Strategic,Life Sciences,APAC-East,South Korea,Strategic Reseller Partner,Cloud Infrastructure,SKU-INFRA-801,Enterprise Data Lakehouse Engine,10,11875.0,21.0,93812.5,17430.36,81.42,Annual Pre-Paid,Completed,Vikram Patel
ORD-2025-01879,2025-06-21,2025,2025-Q2,CUST-0031,Athena Health Systems,Mid-Market,Healthcare,EU-West,United Kingdom,Online B2B Portal,Cloud Infrastructure,SKU-INFRA-805,High-Speed API Gateway Gateway,22,5778.0,12.0,111862.08,22260.55,80.1,Net 90,Completed,Astrid Lindgren
ORD-2025-01880,2024-11-14,2024,2024-Q4,CUST-0008,Umbrella Life Sciences,Enterprise Strategic,Pharma,APAC-East,Taiwan,Global Alliance Partner,Cybersecurity Suite,SKU-SEC-402,Zero-Trust Security Perimeter,32,8455.0,11.0,240798.4,58080.57,75.88,Annual Pre-Paid,In Fulfillment,Marcus Vance
ORD-2025-01881,2024-03-17,2024,2024-Q1,CUST-0013,Oceanic Airlines Group,Enterprise Strategic,Aviation,US-Central,United States,Direct Field Sales,Enterprise ERP,SKU-ERP-101,Global ERP Enterprise Suite,93,33950.0,6.0,2967909.0,923316.49,68.89,Quarterly Net 30,In Fulfillment,Gabriel Santos
ORD-2025-01882,2024-04-25,2024,2024-Q2,CUST-0019,Buy N Large Retail Mega,Enterprise Strategic,E-Commerce,APAC-ANZ,Australia,Global Alliance Partner,Cloud Infrastructure,SKU-INFRA-805,High-Speed API Gateway Gateway,117,5724.0,16.0,562554.72,101653.64,81.93,Net 30,Completed,Hannah Schmidt
ORD-2025-01883,2025-09-21,2025,2025-Q3,CUST-0029,Omni Consumer Products,Enterprise Strategic,Consumer Tech,US-Central,United States,Global Alliance Partner,Cybersecurity Suite,SKU-SEC-410,Compliance & Audit Vault,83,7344.0,17.0,505928.16,128505.75,74.6,Quarterly Net 30,Completed,Vikram Patel
ORD-2025-01884,2024-06-13,2024,2024-Q2,CUST-0033,Apex FinTech Global,Enterprise Strategic,Banking,APAC-ANZ,Australia,Strategic Reseller Partner,AI Platform,SKU-AI-9001,Neural Fabric GenAI Platform,99,23064.0,16.0,1918002.24,249340.29,87.0,Annual Pre-Paid,Completed,Alex Mercer
ORD-2025-01885,2026-01-25,2026,2026-Q1,CUST-0011,Pied Piper Compression,Mid-Market,DeepTech,APAC-ANZ,Australia,Direct Field Sales,Cloud Infrastructure,SKU-INFRA-801,Enterprise Data Lakehouse Engine,2,11875.0,5.0,22562.5,5575.19,75.29,Net 90,In Fulfillment,Michael Chang
ORD-2025-01886,2025-02-09,2025,2025-Q1,CUST-0013,Oceanic Airlines Group,Enterprise Strategic,Aviation,LATAM,Brazil,Direct Field Sales,Cloud Infrastructure,SKU-INFRA-801,Enterprise Data Lakehouse Engine,46,12125.0,18.0,457355.0,112326.39,75.44,Net 60,In Fulfillment,Michael Chang
ORD-2025-01887,2025-12-27,2025,2025-Q4,CUST-0001,Cyberdyne Systems Corp,Enterprise Strategic,Technology & AI,MEA,United Arab Emirates,Online B2B Portal,Cloud Infrastructure,SKU-INFRA-805,High-Speed API Gateway Gateway,93,5346.0,8.0,457403.76,84711.18,81.48,Net 60,Completed,Alex Mercer
ORD-2025-01888,2025-04-06,2025,2025-Q2,CUST-0026,Shinra Electric Power,Enterprise Strategic,Energy & Utilities,APAC-East,Japan,Global Alliance Partner,Cybersecurity Suite,SKU-SEC-402,Zero-Trust Security Perimeter,110,8811.0,14.0,833520.6,225467.32,72.95,Net 60,In Fulfillment,Hannah Schmidt
ORD-2025-01889,2025-07-23,2025,2025-Q3,CUST-0014,Nakatomi Trading Corp,Mid-Market,Trading & Real Estate,MEA,United Arab Emirates,Global Alliance Partner,Database Infrastructure,SKU-DB-880,QuantumDB Distributed Cluster,15,16335.0,12.0,215622.0,36698.86,82.98,Quarterly Net 30,Pending Verification,Vikram Patel
ORD-2025-01890,2024-04-26,2024,2024-Q2,CUST-0035,Hyperion Data Mesh,Mid-Market,Data Infrastructure,MEA,United Arab Emirates,Global Alliance Partner,Cybersecurity Suite,SKU-SEC-402,Zero-Trust Security Perimeter,27,8544.0,7.0,214539.84,52733.89,75.42,Net 30,Completed,Sarah Chen
ORD-2025-01891,2024-07-13,2024,2024-Q3,CUST-0010,Hooli Enterprise Cloud,Enterprise Strategic,Cloud Services,APAC-South,Singapore,Strategic Reseller Partner,Database Infrastructure,SKU-DB-880,QuantumDB Distributed Cluster,120,16830.0,10.0,1817640.0,403697.84,77.79,Quarterly Net 30,In Fulfillment,David Lin
ORD-2025-01892,2026-07-08,2026,2026-Q3,CUST-0012,Massive Dynamic AI,Enterprise Strategic,Artificial Intelligence,EU-Central,Switzerland,Direct Field Sales,Cloud Infrastructure,SKU-INFRA-805,High-Speed API Gateway Gateway,66,5778.0,12.0,335586.24,64130.53,80.89,Net 30,Completed,Brian O'Connor
ORD-2025-01893,2025-05-08,2025,2025-Q2,CUST-0032,Zeus Renewable Power,Mid-Market,Clean Energy,EU-North,Netherlands,Direct Field Sales,Cloud Infrastructure,SKU-INFRA-801,Enterprise Data Lakehouse Engine,29,13000.0,11.0,335530.0,65092.82,80.6,Net 60,Completed,Vikram Patel
ORD-2025-01894,2026-07-09,2026,2026-Q3,CUST-0035,Hyperion Data Mesh,Mid-Market,Data Infrastructure,APAC-East,Japan,Direct Field Sales,Enterprise ERP,SKU-ERP-101,Global ERP Enterprise Suite,17,35700.0,12.0,534072.0,172291.63,67.74,Annual Pre-Paid,Completed,Sarah Chen
ORD-2025-01895,2025-04-16,2025,2025-Q2,CUST-0033,Apex FinTech Global,Enterprise Strategic,Banking,APAC-ANZ,Australia,Direct Field Sales,Developer Tools,SKU-DEV-701,DevSecOps Automation Mesh,80,4770.0,13.0,331992.0,42660.97,87.15,Quarterly Net 30,Pending Verification,David Lin
ORD-2025-01896,2025-11-07,2025,2025-Q4,CUST-0032,Zeus Renewable Power,Mid-Market,Clean Energy,US-Central,United States,Direct Field Sales,Cybersecurity Suite,SKU-SEC-402,Zero-Trust Security Perimeter,27,9167.0,6.0,232658.46,52162.03,77.58,Quarterly Net 30,Completed,Gabriel Santos
ORD-2025-01897,2024-06-23,2024,2024-Q2,CUST-0023,Delos Experience Living,Enterprise Strategic,Hospitality,APAC-East,Taiwan,Direct Field Sales,Cybersecurity Suite,SKU-SEC-402,Zero-Trust Security Perimeter,46,8633.0,14.0,341521.48,85175.46,75.06,Quarterly Net 30,In Fulfillment,David Lin
ORD-2025-01898,2024-11-29,2024,2024-Q4,CUST-0015,Acme Aerospace Systems,Mid-Market,Manufacturing,APAC-East,Taiwan,Online B2B Portal,IoT & Edge Computing,SKU-IOT-330,Edge IoT Fleet Orchestrator,2,7072.0,11.0,12588.16,3135.71,75.09,Quarterly Net 30,Completed,Chloe Dubois
ORD-2025-01899,2024-10-01,2024,2024-Q4,CUST-0031,Athena Health Systems,Mid-Market,Healthcare,US-Central,United States,Global Alliance Partner,IoT & Edge Computing,SKU-IOT-330,Edge IoT Fleet Orchestrator,39,6596.0,15.0,218657.4,56588.54,74.12,Quarterly Net 30,Completed,Chloe Dubois
ORD-2025-01900,2024-01-23,2024,2024-Q1,CUST-0001,Cyberdyne Systems Corp,Enterprise Strategic,Technology & AI,APAC-East,Japan,Global Alliance Partner,Enterprise ERP,SKU-ERP-101,Global ERP Enterprise Suite,92,33600.0,19.0,2503872.0,830784.73,66.82,Quarterly Net 30,Pending Verification,Jessica Taylor
ORD-2025-01901,2024-10-09,2024,2024-Q4,CUST-0005,Wayne Enterprises Holdings,Enterprise Strategic,Finance & Industrial,APAC-East,Japan,Strategic Reseller Partner,Cybersecurity Suite,SKU-SEC-410,Compliance & Audit Vault,107,6984.0,15.0,635194.8,169660.53,73.29,Net 60,Pending Verification,Hannah Schmidt
ORD-2025-01902,2025-04-14,2025,2025-Q2,CUST-0034,Quantum Peak Labs,SMB Growth,Semiconductor,APAC-South,Singapore,Online B2B Portal,Database Infrastructure,SKU-DB-880,QuantumDB Distributed Cluster,7,16665.0,6.0,109655.7,20538.51,81.27,Annual Pre-Paid,Pending Verification,Gabriel Santos
ORD-2025-01903,2025-08-21,2025,2025-Q3,CUST-0035,Hyperion Data Mesh,Mid-Market,Data Infrastructure,US-East,United States,Online B2B Portal,Enterprise ERP,SKU-ERP-101,Global ERP Enterprise Suite,22,35700.0,0.0,785400.0,241117.8,69.3,Quarterly Net 30,Completed,Brian O'Connor
ORD-2025-01904,2024-01-11,2024,2024-Q1,CUST-0021,Weyland-Yutani Deep Space,Enterprise Strategic,Energy & Mining,US-Central,United States,Direct Field Sales,Cloud Infrastructure,SKU-INFRA-801,Enterprise Data Lakehouse Engine,25,13375.0,13.0,290906.25,74733.82,74.31,Annual Pre-Paid,Pending Verification,Michael Chang
ORD-2025-01905,2025-09-08,2025,2025-Q3,CUST-0004,Stark Aerospace & Defense,Enterprise Strategic,Aerospace,US-East,United States,Strategic Reseller Partner,Enterprise ERP,SKU-ERP-101,Global ERP Enterprise Suite,73,34300.0,22.0,1953042.0,686884.87,64.83,Net 60,Completed,Michael Chang
ORD-2025-01906,2026-06-17,2026,2026-Q2,CUST-0035,Hyperion Data Mesh,Mid-Market,Data Infrastructure,APAC-East,Taiwan,Strategic Reseller Partner,Cloud Infrastructure,SKU-INFRA-801,Enterprise Data Lakehouse Engine,23,12875.0,7.0,275396.25,59678.37,78.33,Net 60,Completed,Kenji Sato
ORD-2025-01907,2026-05-03,2026,2026-Q2,CUST-0007,Tyrell Synthetic Dynamics,Enterprise Strategic,Robotics,APAC-East,Japan,Online B2B Portal,IoT & Edge Computing,SKU-IOT-330,Edge IoT Fleet Orchestrator,115,6392.0,10.0,661572.0,160894.31,75.68,Net 90,Completed,Alex Mercer
ORD-2025-01908,2024-01-01,2024,2024-Q1,CUST-0014,Nakatomi Trading Corp,Mid-Market,Trading & Real Estate,US-East,United States,Online B2B Portal,IoT & Edge Computing,SKU-IOT-330,Edge IoT Fleet Orchestrator,27,7208.0,2.0,190723.68,49149.49,74.23,Net 90,In Fulfillment,Alex Mercer
ORD-2025-01909,2026-07-22,2026,2026-Q3,CUST-0023,Delos Experience Living,Enterprise Strategic,Hospitality,EU-North,Netherlands,Online B2B Portal,AI Platform,SKU-AI-9001,Neural Fabric GenAI Platform,76,25048.0,10.0,1713283.2,229579.95,86.6,Quarterly Net 30,Pending Verification,Jessica Taylor
ORD-2025-01910,2025-04-04,2025,2025-Q2,CUST-0004,Stark Aerospace & Defense,Enterprise Strategic,Aerospace,APAC-East,Japan,Global Alliance Partner,Cloud Infrastructure,SKU-INFRA-801,Enterprise Data Lakehouse Engine,88,12500.0,7.0,1023000.0,232016.4,77.32,Net 30,Completed,Sarah Chen
ORD-2025-01911,2025-10-08,2025,2025-Q4,CUST-0014,Nakatomi Trading Corp,Mid-Market,Trading & Real Estate,EU-North,Netherlands,Online B2B Portal,AI Platform,SKU-AI-9001,Neural Fabric GenAI Platform,5,26536.0,3.0,128699.6,22625.39,82.42,Net 90,In Fulfillment,Rachel Green
ORD-2025-01912,2025-09-01,2025,2025-Q3,CUST-0003,Initech Cloud Solutions,Mid-Market,Software,EU-North,Netherlands,Global Alliance Partner,Enterprise ERP,SKU-ERP-101,Global ERP Enterprise Suite,23,35350.0,14.0,699223.0,199768.01,71.43,Net 90,In Fulfillment,Kenji Sato
ORD-2025-01913,2024-02-09,2024,2024-Q1,CUST-0025,Black Mesa Research,Enterprise Strategic,Scientific R&D,US-Central,United States,Strategic Reseller Partner,AI Platform,SKU-AI-9001,Neural Fabric GenAI Platform,46,25296.0,23.0,895984.32,147927.01,83.49,Annual Pre-Paid,In Fulfillment,David Lin
ORD-2025-01914,2025-03-11,2025,2025-Q1,CUST-0012,Massive Dynamic AI,Enterprise Strategic,Artificial Intelligence,US-Central,United States,Strategic Reseller Partner,AI Platform,SKU-AI-9001,Neural Fabric GenAI Platform,82,23808.0,5.0,1854643.2,232757.72,87.45,Net 90,Completed,Gabriel Santos
ORD-2025-01915,2024-01-31,2024,2024-Q1,CUST-0017,Sterling Cooper Advertising,Mid-Market,Marketing & Media,EU-Central,Switzerland,Online B2B Portal,AI Platform,SKU-AI-9050,Realtime Anomaly Detection,26,10864.0,5.0,268340.8,42183.17,84.28,Net 90,In Fulfillment,Rachel Green
ORD-2025-01916,2025-03-23,2025,2025-Q1,CUST-0021,Weyland-Yutani Deep Space,Enterprise Strategic,Energy & Mining,US-Central,United States,Direct Field Sales,Database Infrastructure,SKU-DB-880,QuantumDB Distributed Cluster,73,15180.0,10.0,997326.0,163162.53,83.64,Net 60,Pending Verification,David Lin
ORD-2025-01917,2026-01-16,2026,2026-Q1,CUST-0023,Delos Experience Living,Enterprise Strategic,Hospitality,EU-West,United Kingdom,Direct Field Sales,Cybersecurity Suite,SKU-SEC-402,Zero-Trust Security Perimeter,94,9434.0,22.0,691700.88,197480.6,71.45,Net 60,Completed,Marcus Vance
ORD-2025-01918,2025-11-05,2025,2025-Q4,CUST-0012,Massive Dynamic AI,Enterprise Strategic,Artificial Intelligence,US-West,United States,Direct Field Sales,AI Platform,SKU-AI-9050,Realtime Anomaly Detection,35,11424.0,23.0,307876.8,52123.54,83.07,Annual Pre-Paid,Completed,Marcus Vance
ORD-2025-01919,2025-03-11,2025,2025-Q1,CUST-0018,Virtucon Industries,Enterprise Strategic,Industrial Equipment,APAC-East,Japan,Strategic Reseller Partner,Cybersecurity Suite,SKU-SEC-410,Compliance & Audit Vault,49,7416.0,16.0,305242.56,83728.03,72.57,Net 90,In Fulfillment,Marcus Vance
ORD-2025-01920,2025-08-21,2025,2025-Q3,CUST-0020,Oscorp Pharmaceutical,Enterprise Strategic,Life Sciences,US-Central,United States,Online B2B Portal,Cybersecurity Suite,SKU-SEC-402,Zero-Trust Security Perimeter,96,8366.0,22.0,626446.08,175843.41,71.93,Quarterly Net 30,Pending Verification,Chloe Dubois
ORD-2025-01921,2025-01-12,2025,2025-Q1,CUST-0006,Soylent BioTech Global,Mid-Market,BioTech,EU-Central,Switzerland,Direct Field Sales,Cloud Infrastructure,SKU-INFRA-801,Enterprise Data Lakehouse Engine,23,12500.0,14.0,247250.0,51699.97,79.09,Net 90,Pending Verification,Rachel Green
ORD-2025-01922,2024-04-04,2024,2024-Q2,CUST-0017,Sterling Cooper Advertising,Mid-Market,Marketing & Media,EU-Central,Switzerland,Global Alliance Partner,Enterprise ERP,SKU-ERP-101,Global ERP Enterprise Suite,19,36400.0,7.0,643188.0,198680.77,69.11,Net 90,In Fulfillment,Kenji Sato
ORD-2025-01923,2025-03-24,2025,2025-Q1,CUST-0034,Quantum Peak Labs,SMB Growth,Semiconductor,APAC-ANZ,Australia,Online B2B Portal,AI Platform,SKU-AI-9001,Neural Fabric GenAI Platform,14,24552.0,6.0,323104.32,55412.39,82.85,Net 90,Completed,Elena Rostova
ORD-2025-01924,2024-09-23,2024,2024-Q3,CUST-0019,Buy N Large Retail Mega,Enterprise Strategic,E-Commerce,LATAM,Brazil,Strategic Reseller Partner,Cloud Infrastructure,SKU-INFRA-801,Enterprise Data Lakehouse Engine,47,12500.0,10.0,528750.0,136206.0,74.24,Net 60,Completed,Michael Chang
ORD-2025-01925,2024-08-10,2024,2024-Q3,CUST-0027,Vault-Tec Security Hub,Enterprise Strategic,Cybersecurity,US-West,United States,Direct Field Sales,Database Infrastructure,SKU-DB-880,QuantumDB Distributed Cluster,35,16500.0,22.0,450450.0,81936.85,81.81,Net 60,Completed,Brian O'Connor
ORD-2025-01926,2024-02-08,2024,2024-Q1,CUST-0033,Apex FinTech Global,Enterprise Strategic,Banking,EU-Central,Switzerland,Strategic Reseller Partner,Cloud Infrastructure,SKU-INFRA-805,High-Speed API Gateway Gateway,13,5130.0,12.0,58687.2,12118.91,79.35,Net 60,Completed,Kenji Sato
ORD-2025-01927,2026-04-27,2026,2026-Q2,CUST-0028,LexCorp Advanced Metals,Enterprise Strategic,Materials,US-Central,United States,Online B2B Portal,AI Platform,SKU-AI-9001,Neural Fabric GenAI Platform,45,24552.0,9.0,1005404.4,176448.47,82.45,Net 90,In Fulfillment,Brian O'Connor
ORD-2025-01928,2024-12-01,2024,2024-Q4,CUST-0015,Acme Aerospace Systems,Mid-Market,Manufacturing,EU-Central,Switzerland,Direct Field Sales,AI Platform,SKU-AI-9001,Neural Fabric GenAI Platform,34,23312.0,8.0,729199.36,121047.09,83.4,Annual Pre-Paid,In Fulfillment,Kenji Sato
ORD-2025-01929,2024-10-12,2024,2024-Q4,CUST-0025,Black Mesa Research,Enterprise Strategic,Scientific R&D,EU-Central,Switzerland,Direct Field Sales,AI Platform,SKU-AI-9050,Realtime Anomaly Detection,61,11984.0,20.0,584819.2,100939.79,82.74,Annual Pre-Paid,Completed,Kenji Sato
ORD-2025-01930,2024-08-17,2024,2024-Q3,CUST-0014,Nakatomi Trading Corp,Mid-Market,Trading & Real Estate,LATAM,Brazil,Global Alliance Partner,Cybersecurity Suite,SKU-SEC-402,Zero-Trust Security Perimeter,39,8544.0,9.0,303226.56,78808.58,74.01,Annual Pre-Paid,Pending Verification,Brian O'Connor
ORD-2025-01931,2024-12-15,2024,2024-Q4,CUST-0004,Stark Aerospace & Defense,Enterprise Strategic,Aerospace,APAC-East,Taiwan,Direct Field Sales,Cloud Infrastructure,SKU-INFRA-801,Enterprise Data Lakehouse Engine,19,12750.0,6.0,227715.0,53012.05,76.72,Net 60,Completed,Michael Chang
ORD-2025-01932,2026-07-16,2026,2026-Q3,CUST-0015,Acme Aerospace Systems,Mid-Market,Manufacturing,LATAM,Brazil,Online B2B Portal,Cybersecurity Suite,SKU-SEC-402,Zero-Trust Security Perimeter,8,8989.0,11.0,64001.68,16461.23,74.28,Quarterly Net 30,Pending Verification,Brian O'Connor
ORD-2025-01933,2024-10-21,2024,2024-Q4,CUST-0011,Pied Piper Compression,Mid-Market,DeepTech,APAC-South,Singapore,Online B2B Portal,IoT & Edge Computing,SKU-IOT-330,Edge IoT Fleet Orchestrator,19,6800.0,11.0,114988.0,32047.16,72.13,Quarterly Net 30,Completed,Rachel Green
ORD-2025-01934,2025-01-14,2025,2025-Q1,CUST-0029,Omni Consumer Products,Enterprise Strategic,Consumer Tech,US-Central,United States,Online B2B Portal,AI Platform,SKU-AI-9050,Realtime Anomaly Detection,47,11312.0,18.0,435964.48,69623.53,84.03,Net 60,Completed,Hannah Schmidt
ORD-2025-01935,2025-08-29,2025,2025-Q3,CUST-0004,Stark Aerospace & Defense,Enterprise Strategic,Aerospace,US-Central,United States,Strategic Reseller Partner,AI Platform,SKU-AI-9001,Neural Fabric GenAI Platform,61,24552.0,20.0,1198137.6,187987.79,84.31,Net 30,In Fulfillment,Kenji Sato
ORD-2025-01936,2025-06-25,2025,2025-Q2,CUST-0035,Hyperion Data Mesh,Mid-Market,Data Infrastructure,EU-West,United Kingdom,Global Alliance Partner,AI Platform,SKU-AI-9001,Neural Fabric GenAI Platform,31,24056.0,0.0,745736.0,114545.05,84.64,Net 90,Pending Verification,Brian O'Connor
ORD-2025-01937,2024-12-02,2024,2024-Q4,CUST-0007,Tyrell Synthetic Dynamics,Enterprise Strategic,Robotics,APAC-East,South Korea,Online B2B Portal,Database Infrastructure,SKU-DB-880,QuantumDB Distributed Cluster,59,17490.0,15.0,877123.5,165074.64,81.18,Annual Pre-Paid,Completed,Sarah Chen
ORD-2025-01938,2024-07-05,2024,2024-Q3,CUST-0014,Nakatomi Trading Corp,Mid-Market,Trading & Real Estate,APAC-South,Singapore,Direct Field Sales,Database Infrastructure,SKU-DB-880,QuantumDB Distributed Cluster,35,17160.0,8.0,552552.0,89568.68,83.79,Net 30,Completed,Rachel Green
ORD-2025-01939,2024-09-08,2024,2024-Q3,CUST-0032,Zeus Renewable Power,Mid-Market,Clean Energy,LATAM,Brazil,Direct Field Sales,Enterprise ERP,SKU-ERP-101,Global ERP Enterprise Suite,23,37100.0,9.0,776503.0,278143.37,64.18,Quarterly Net 30,In Fulfillment,Hannah Schmidt
ORD-2025-01940,2024-04-17,2024,2024-Q2,CUST-0029,Omni Consumer Products,Enterprise Strategic,Consumer Tech,EU-Central,Switzerland,Direct Field Sales,Developer Tools,SKU-DEV-701,DevSecOps Automation Mesh,45,4770.0,8.0,197478.0,20932.67,89.4,Quarterly Net 30,In Fulfillment,Elena Rostova
ORD-2025-01941,2026-04-22,2026,2026-Q2,CUST-0024,Aperture Quantum Lab,Mid-Market,Research & Quantum,US-West,United States,Online B2B Portal,Cloud Infrastructure,SKU-INFRA-805,High-Speed API Gateway Gateway,36,5616.0,11.0,179936.64,38290.52,78.72,Net 30,Pending Verification,Elena Rostova
ORD-2025-01942,2024-05-09,2024,2024-Q2,CUST-0026,Shinra Electric Power,Enterprise Strategic,Energy & Utilities,US-East,United States,Direct Field Sales,AI Platform,SKU-AI-9001,Neural Fabric GenAI Platform,78,25048.0,10.0,1758369.6,350267.22,80.08,Quarterly Net 30,In Fulfillment,Hannah Schmidt
ORD-2025-01943,2025-08-10,2025,2025-Q3,CUST-0031,Athena Health Systems,Mid-Market,Healthcare,EU-Central,Germany,Strategic Reseller Partner,Developer Tools,SKU-DEV-701,DevSecOps Automation Mesh,24,4680.0,2.0,110073.6,19439.0,82.34,Net 30,Pending Verification,Hannah Schmidt
ORD-2025-01944,2025-07-01,2025,2025-Q3,CUST-0007,Tyrell Synthetic Dynamics,Enterprise Strategic,Robotics,LATAM,Brazil,Direct Field Sales,Cloud Infrastructure,SKU-INFRA-801,Enterprise Data Lakehouse Engine,41,13250.0,12.0,478060.0,112869.97,76.39,Annual Pre-Paid,In Fulfillment,Jessica Taylor
ORD-2025-01945,2024-03-12,2024,2024-Q1,CUST-0022,Gekko Financial Partners,Enterprise Strategic,FinTech & Hedge Fund,MEA,United Arab Emirates,Global Alliance Partner,Database Infrastructure,SKU-DB-880,QuantumDB Distributed Cluster,53,15510.0,20.0,657624.0,128105.16,80.52,Net 60,Pending Verification,Michael Chang
ORD-2025-01946,2026-01-07,2026,2026-Q1,CUST-0026,Shinra Electric Power,Enterprise Strategic,Energy & Utilities,APAC-East,Taiwan,Strategic Reseller Partner,Database Infrastructure,SKU-DB-880,QuantumDB Distributed Cluster,50,16830.0,10.0,757350.0,131551.7,82.63,Net 90,Pending Verification,Hannah Schmidt
ORD-2025-01947,2026-02-08,2026,2026-Q1,CUST-0028,LexCorp Advanced Metals,Enterprise Strategic,Materials,US-West,United States,Online B2B Portal,Enterprise ERP,SKU-ERP-101,Global ERP Enterprise Suite,62,32550.0,18.0,1654842.0,551558.84,66.67,Annual Pre-Paid,Completed,Elena Rostova
ORD-2025-01948,2025-08-21,2025,2025-Q3,CUST-0032,Zeus Renewable Power,Mid-Market,Clean Energy,APAC-East,Taiwan,Strategic Reseller Partner,Developer Tools,SKU-DEV-701,DevSecOps Automation Mesh,24,4230.0,12.0,89337.6,13364.9,85.04,Net 60,Completed,Vikram Patel
ORD-2025-01949,2025-09-20,2025,2025-Q3,CUST-0003,Initech Cloud Solutions,Mid-Market,Software,APAC-South,Singapore,Strategic Reseller Partner,Cloud Infrastructure,SKU-INFRA-805,High-Speed API Gateway Gateway,17,5130.0,7.0,81105.3,20089.78,75.23,Net 60,Completed,Gabriel Santos
ORD-2025-01950,2025-10-27,2025,2025-Q4,CUST-0025,Black Mesa Research,Enterprise Strategic,Scientific R&D,EU-North,Netherlands,Direct Field Sales,Developer Tools,SKU-DEV-701,DevSecOps Automation Mesh,36,4500.0,11.0,144180.0,21598.16,85.02,Net 90,Pending Verification,Sarah Chen
ORD-2025-01951,2026-04-16,2026,2026-Q2,CUST-0027,Vault-Tec Security Hub,Enterprise Strategic,Cybersecurity,US-West,United States,Direct Field Sales,AI Platform,SKU-AI-9001,Neural Fabric GenAI Platform,84,24552.0,25.0,1546776.0,191954.9,87.59,Net 60,Pending Verification,Michael Chang
ORD-2025-01952,2026-06-12,2026,2026-Q2,CUST-0020,Oscorp Pharmaceutical,Enterprise Strategic,Life Sciences,EU-North,Netherlands,Online B2B Portal,Cloud Infrastructure,SKU-INFRA-801,Enterprise Data Lakehouse Engine,52,11625.0,24.0,459420.0,94870.23,79.35,Quarterly Net 30,Completed,Marcus Vance
ORD-2025-01953,2025-05-17,2025,2025-Q2,CUST-0014,Nakatomi Trading Corp,Mid-Market,Trading & Real Estate,US-East,United States,Online B2B Portal,Cybersecurity Suite,SKU-SEC-402,Zero-Trust Security Perimeter,33,8811.0,6.0,273317.22,58845.2,78.47,Quarterly Net 30,Completed,Kenji Sato
ORD-2025-01954,2025-10-10,2025,2025-Q4,CUST-0017,Sterling Cooper Advertising,Mid-Market,Marketing & Media,APAC-South,Singapore,Online B2B Portal,AI Platform,SKU-AI-9050,Realtime Anomaly Detection,9,11312.0,8.0,93663.36,16166.3,82.74,Net 60,Completed,Rachel Green
ORD-2025-01955,2025-02-25,2025,2025-Q1,CUST-0003,Initech Cloud Solutions,Mid-Market,Software,EU-North,Netherlands,Global Alliance Partner,IoT & Edge Computing,SKU-IOT-330,Edge IoT Fleet Orchestrator,18,7208.0,10.0,116769.6,31212.51,73.27,Quarterly Net 30,Completed,Rachel Green
ORD-2025-01956,2024-06-26,2024,2024-Q2,CUST-0012,Massive Dynamic AI,Enterprise Strategic,Artificial Intelligence,APAC-East,Japan,Online B2B Portal,Cybersecurity Suite,SKU-SEC-410,Compliance & Audit Vault,70,6912.0,14.0,416102.4,114178.5,72.56,Net 90,Completed,Hannah Schmidt
ORD-2025-01957,2025-12-24,2025,2025-Q4,CUST-0016,Dunder Mifflin Paper & Tech,SMB Growth,Retail & Supplies,LATAM,Brazil,Online B2B Portal,Cloud Infrastructure,SKU-INFRA-805,High-Speed API Gateway Gateway,12,5076.0,7.0,56648.16,11935.77,78.93,Annual Pre-Paid,Pending Verification,Brian O'Connor
ORD-2025-01958,2024-07-20,2024,2024-Q3,CUST-0002,Globex Corporation,Enterprise Strategic,Conglomerate,APAC-South,Singapore,Global Alliance Partner,Cloud Infrastructure,SKU-INFRA-805,High-Speed API Gateway Gateway,76,5670.0,25.0,323190.0,61212.19,81.06,Net 90,Completed,Elena Rostova
ORD-2025-01959,2024-11-08,2024,2024-Q4,CUST-0014,Nakatomi Trading Corp,Mid-Market,Trading & Real Estate,APAC-East,Taiwan,Direct Field Sales,Cloud Infrastructure,SKU-INFRA-805,High-Speed API Gateway Gateway,33,5400.0,3.0,172854.0,34190.52,80.22,Net 90,In Fulfillment,Astrid Lindgren
ORD-2025-01960,2024-08-27,2024,2024-Q3,CUST-0014,Nakatomi Trading Corp,Mid-Market,Trading & Real Estate,EU-North,Netherlands,Online B2B Portal,AI Platform,SKU-AI-9050,Realtime Anomaly Detection,30,10752.0,0.0,322560.0,64963.58,79.86,Net 30,Completed,Rachel Green
ORD-2025-01961,2026-07-24,2026,2026-Q3,CUST-0008,Umbrella Life Sciences,Enterprise Strategic,Pharma,EU-West,France,Strategic Reseller Partner,Cloud Infrastructure,SKU-INFRA-805,High-Speed API Gateway Gateway,110,5346.0,18.0,482209.2,119636.1,75.19,Quarterly Net 30,In Fulfillment,Jessica Taylor
ORD-2025-01962,2024-05-16,2024,2024-Q2,CUST-0023,Delos Experience Living,Enterprise Strategic,Hospitality,EU-Central,Germany,Strategic Reseller Partner,Cloud Infrastructure,SKU-INFRA-801,Enterprise Data Lakehouse Engine,38,13250.0,6.0,473290.0,90398.39,80.9,Net 60,Completed,Rachel Green
ORD-2025-01963,2024-02-05,2024,2024-Q1,CUST-0023,Delos Experience Living,Enterprise Strategic,Hospitality,EU-Central,Switzerland,Global Alliance Partner,Cybersecurity Suite,SKU-SEC-402,Zero-Trust Security Perimeter,5,8544.0,10.0,38448.0,11088.4,71.16,Annual Pre-Paid,Pending Verification,Sarah Chen
ORD-2025-01964,2025-08-01,2025,2025-Q3,CUST-0014,Nakatomi Trading Corp,Mid-Market,Trading & Real Estate,US-Central,United States,Online B2B Portal,Developer Tools,SKU-DEV-701,DevSecOps Automation Mesh,17,4590.0,13.0,67886.1,11893.64,82.48,Annual Pre-Paid,Pending Verification,Sarah Chen
ORD-2025-01965,2025-10-11,2025,2025-Q4,CUST-0010,Hooli Enterprise Cloud,Enterprise Strategic,Cloud Services,US-Central,United States,Online B2B Portal,Cloud Infrastructure,SKU-INFRA-805,High-Speed API Gateway Gateway,64,5616.0,6.0,337858.56,69396.15,79.46,Net 60,Completed,Kenji Sato
ORD-2025-01966,2026-06-05,2026,2026-Q2,CUST-0027,Vault-Tec Security Hub,Enterprise Strategic,Cybersecurity,EU-West,United Kingdom,Strategic Reseller Partner,Cybersecurity Suite,SKU-SEC-402,Zero-Trust Security Perimeter,52,8900.0,7.0,430404.0,114530.5,73.39,Net 60,In Fulfillment,Kenji Sato
ORD-2025-01967,2024-01-15,2024,2024-Q1,CUST-0017,Sterling Cooper Advertising,Mid-Market,Marketing & Media,LATAM,Brazil,Strategic Reseller Partner,Cybersecurity Suite,SKU-SEC-402,Zero-Trust Security Perimeter,28,8989.0,1.0,249175.08,59876.77,75.97,Net 30,In Fulfillment,Kenji Sato
ORD-2025-01968,2025-01-26,2025,2025-Q1,CUST-0034,Quantum Peak Labs,SMB Growth,Semiconductor,EU-North,Netherlands,Direct Field Sales,IoT & Edge Computing,SKU-IOT-330,Edge IoT Fleet Orchestrator,4,6256.0,0.0,25024.0,6914.13,72.37,Annual Pre-Paid,In Fulfillment,Alex Mercer
ORD-2025-01969,2024-06-04,2024,2024-Q2,CUST-0003,Initech Cloud Solutions,Mid-Market,Software,US-East,United States,Online B2B Portal,Database Infrastructure,SKU-DB-880,QuantumDB Distributed Cluster,27,16335.0,13.0,383709.15,84109.05,78.08,Quarterly Net 30,Pending Verification,Elena Rostova
ORD-2025-01970,2025-02-23,2025,2025-Q1,CUST-0035,Hyperion Data Mesh,Mid-Market,Data Infrastructure,APAC-East,Taiwan,Direct Field Sales,Cloud Infrastructure,SKU-INFRA-801,Enterprise Data Lakehouse Engine,23,12750.0,7.0,272722.5,70253.32,74.24,Net 30,Completed,Elena Rostova
ORD-2025-01971,2024-05-19,2024,2024-Q2,CUST-0022,Gekko Financial Partners,Enterprise Strategic,FinTech & Hedge Fund,APAC-East,South Korea,Direct Field Sales,Cloud Infrastructure,SKU-INFRA-801,Enterprise Data Lakehouse Engine,107,12750.0,14.0,1173255.0,296598.86,74.72,Net 30,Completed,Marcus Vance
ORD-2025-01972,2024-06-13,2024,2024-Q2,CUST-0006,Soylent BioTech Global,Mid-Market,BioTech,US-West,United States,Strategic Reseller Partner,Cloud Infrastructure,SKU-INFRA-805,High-Speed API Gateway Gateway,26,5616.0,8.0,134334.72,28505.83,78.78,Net 30,Completed,Chloe Dubois
ORD-2025-01973,2024-05-25,2024,2024-Q2,CUST-0012,Massive Dynamic AI,Enterprise Strategic,Artificial Intelligence,US-West,United States,Direct Field Sales,Enterprise ERP,SKU-ERP-101,Global ERP Enterprise Suite,45,36050.0,22.0,1265355.0,427310.38,66.23,Annual Pre-Paid,Completed,Chloe Dubois
ORD-2025-01974,2024-04-23,2024,2024-Q2,CUST-0011,Pied Piper Compression,Mid-Market,DeepTech,APAC-East,Japan,Direct Field Sales,AI Platform,SKU-AI-9050,Realtime Anomaly Detection,2,10864.0,7.0,20207.04,3786.8,81.26,Net 60,In Fulfillment,Gabriel Santos
ORD-2025-01975,2024-11-04,2024,2024-Q4,CUST-0019,Buy N Large Retail Mega,Enterprise Strategic,E-Commerce,LATAM,Brazil,Strategic Reseller Partner,Cybersecurity Suite,SKU-SEC-402,Zero-Trust Security Perimeter,51,9078.0,8.0,425939.76,123011.4,71.12,Net 90,In Fulfillment,Elena Rostova
ORD-2025-01976,2026-07-22,2026,2026-Q3,CUST-0018,Virtucon Industries,Enterprise Strategic,Industrial Equipment,APAC-East,South Korea,Direct Field Sales,Cybersecurity Suite,SKU-SEC-402,Zero-Trust Security Perimeter,98,9167.0,23.0,691741.82,199636.69,71.14,Net 90,Pending Verification,Astrid Lindgren
ORD-2025-01977,2026-04-23,2026,2026-Q2,CUST-0029,Omni Consumer Products,Enterprise Strategic,Consumer Tech,APAC-East,South Korea,Global Alliance Partner,Cybersecurity Suite,SKU-SEC-402,Zero-Trust Security Perimeter,53,8455.0,17.0,371935.45,102431.02,72.46,Net 90,Pending Verification,Sarah Chen
ORD-2025-01978,2024-08-18,2024,2024-Q3,CUST-0009,Wonka Global Logistics,Mid-Market,Supply Chain,EU-Central,Switzerland,Global Alliance Partner,AI Platform,SKU-AI-9001,Neural Fabric GenAI Platform,31,24056.0,9.0,678619.76,105457.51,84.46,Net 60,Pending Verification,David Lin
ORD-2025-01979,2026-04-27,2026,2026-Q2,CUST-0023,Delos Experience Living,Enterprise Strategic,Hospitality,APAC-East,Taiwan,Online B2B Portal,AI Platform,SKU-AI-9001,Neural Fabric GenAI Platform,53,23312.0,6.0,1161403.84,178856.19,84.6,Net 30,Pending Verification,Brian O'Connor
ORD-2025-01980,2025-07-03,2025,2025-Q3,CUST-0006,Soylent BioTech Global,Mid-Market,BioTech,US-Central,United States,Global Alliance Partner,Cloud Infrastructure,SKU-INFRA-805,High-Speed API Gateway Gateway,27,5562.0,15.0,127647.9,24431.81,80.86,Quarterly Net 30,Completed,Kenji Sato
ORD-2025-01981,2025-05-05,2025,2025-Q2,CUST-0028,LexCorp Advanced Metals,Enterprise Strategic,Materials,APAC-East,South Korea,Global Alliance Partner,Cybersecurity Suite,SKU-SEC-402,Zero-Trust Security Perimeter,32,9612.0,14.0,264522.24,57507.13,78.26,Quarterly Net 30,Pending Verification,Kenji Sato
ORD-2025-01982,2025-04-12,2025,2025-Q2,CUST-0017,Sterling Cooper Advertising,Mid-Market,Marketing & Media,US-East,United States,Strategic Reseller Partner,AI Platform,SKU-AI-9050,Realtime Anomaly Detection,37,12096.0,15.0,380419.2,80344.54,78.88,Net 30,Completed,Kenji Sato
ORD-2025-01983,2025-09-26,2025,2025-Q3,CUST-0009,Wonka Global Logistics,Mid-Market,Supply Chain,US-West,United States,Global Alliance Partner,Enterprise ERP,SKU-ERP-101,Global ERP Enterprise Suite,4,35350.0,1.0,139986.0,42261.77,69.81,Quarterly Net 30,In Fulfillment,Jessica Taylor
ORD-2025-01984,2025-09-14,2025,2025-Q3,CUST-0009,Wonka Global Logistics,Mid-Market,Supply Chain,LATAM,Brazil,Strategic Reseller Partner,Developer Tools,SKU-DEV-701,DevSecOps Automation Mesh,16,4320.0,4.0,66355.2,9621.5,85.5,Annual Pre-Paid,Completed,Michael Chang
ORD-2025-01985,2024-06-10,2024,2024-Q2,CUST-0008,Umbrella Life Sciences,Enterprise Strategic,Pharma,EU-West,United Kingdom,Global Alliance Partner,Developer Tools,SKU-DEV-701,DevSecOps Automation Mesh,40,4230.0,14.0,145512.0,16224.59,88.85,Net 60,Completed,Marcus Vance
ORD-2025-01986,2024-07-23,2024,2024-Q3,CUST-0032,Zeus Renewable Power,Mid-Market,Clean Energy,APAC-South,Singapore,Strategic Reseller Partner,Cloud Infrastructure,SKU-INFRA-801,Enterprise Data Lakehouse Engine,24,11500.0,14.0,237360.0,57749.69,75.67,Net 60,Completed,Alex Mercer
ORD-2025-01987,2024-01-22,2024,2024-Q1,CUST-0002,Globex Corporation,Enterprise Strategic,Conglomerate,APAC-East,Japan,Global Alliance Partner,Database Infrastructure,SKU-DB-880,QuantumDB Distributed Cluster,106,16995.0,11.0,1603308.3,316974.05,80.23,Net 60,Completed,Rachel Green
ORD-2025-01988,2024-01-05,2024,2024-Q1,CUST-0001,Cyberdyne Systems Corp,Enterprise Strategic,Technology & AI,APAC-East,Japan,Direct Field Sales,AI Platform,SKU-AI-9001,Neural Fabric GenAI Platform,37,26040.0,7.0,896036.4,177504.81,80.19,Net 30,Completed,Rachel Green
ORD-2025-01989,2026-02-10,2026,2026-Q1,CUST-0010,Hooli Enterprise Cloud,Enterprise Strategic,Cloud Services,LATAM,Brazil,Strategic Reseller Partner,Cybersecurity Suite,SKU-SEC-402,Zero-Trust Security Perimeter,92,9523.0,15.0,744698.6,171727.5,76.94,Quarterly Net 30,Completed,Astrid Lindgren
ORD-2025-01990,2026-01-03,2026,2026-Q1,CUST-0003,Initech Cloud Solutions,Mid-Market,Software,EU-North,Netherlands,Direct Field Sales,Cloud Infrastructure,SKU-INFRA-805,High-Speed API Gateway Gateway,23,5832.0,5.0,127429.2,22159.94,82.61,Quarterly Net 30,Completed,Chloe Dubois
ORD-2025-01991,2024-09-21,2024,2024-Q3,CUST-0025,Black Mesa Research,Enterprise Strategic,Scientific R&D,EU-West,United Kingdom,Direct Field Sales,Cloud Infrastructure,SKU-INFRA-801,Enterprise Data Lakehouse Engine,7,13125.0,23.0,70743.75,12889.51,81.78,Quarterly Net 30,Pending Verification,Vikram Patel
ORD-2025-01992,2024-08-12,2024,2024-Q3,CUST-0016,Dunder Mifflin Paper & Tech,SMB Growth,Retail & Supplies,EU-North,Netherlands,Direct Field Sales,AI Platform,SKU-AI-9001,Neural Fabric GenAI Platform,12,26536.0,7.0,296141.76,57273.82,80.66,Net 30,Completed,David Lin
ORD-2025-01993,2024-04-04,2024,2024-Q2,CUST-0024,Aperture Quantum Lab,Mid-Market,Research & Quantum,APAC-ANZ,Australia,Online B2B Portal,Developer Tools,SKU-DEV-701,DevSecOps Automation Mesh,34,4545.0,2.0,151439.4,17506.39,88.44,Net 60,Completed,Elena Rostova
ORD-2025-01994,2025-10-13,2025,2025-Q4,CUST-0017,Sterling Cooper Advertising,Mid-Market,Marketing & Media,APAC-East,South Korea,Direct Field Sales,AI Platform,SKU-AI-9001,Neural Fabric GenAI Platform,25,25792.0,3.0,625456.0,111206.08,82.22,Annual Pre-Paid,Completed,Chloe Dubois
ORD-2025-01995,2024-11-25,2024,2024-Q4,CUST-0025,Black Mesa Research,Enterprise Strategic,Scientific R&D,APAC-East,Taiwan,Online B2B Portal,Enterprise ERP,SKU-ERP-101,Global ERP Enterprise Suite,79,33600.0,23.0,2043888.0,669577.71,67.24,Annual Pre-Paid,In Fulfillment,Astrid Lindgren
ORD-2025-01996,2024-02-24,2024,2024-Q1,CUST-0007,Tyrell Synthetic Dynamics,Enterprise Strategic,Robotics,US-East,United States,Strategic Reseller Partner,Enterprise ERP,SKU-ERP-101,Global ERP Enterprise Suite,117,32200.0,18.0,3089268.0,1077845.61,65.11,Quarterly Net 30,Completed,Astrid Lindgren
ORD-2025-01997,2025-06-03,2025,2025-Q2,CUST-0010,Hooli Enterprise Cloud,Enterprise Strategic,Cloud Services,MEA,United Arab Emirates,Strategic Reseller Partner,Database Infrastructure,SKU-DB-880,QuantumDB Distributed Cluster,70,17655.0,14.0,1062831.0,219899.73,79.31,Net 30,In Fulfillment,Brian O'Connor
ORD-2025-01998,2025-02-04,2025,2025-Q1,CUST-0010,Hooli Enterprise Cloud,Enterprise Strategic,Cloud Services,US-East,United States,Online B2B Portal,Cloud Infrastructure,SKU-INFRA-805,High-Speed API Gateway Gateway,118,5184.0,6.0,575009.28,128802.08,77.6,Net 60,Completed,Elena Rostova
ORD-2025-01999,2026-03-19,2026,2026-Q1,CUST-0023,Delos Experience Living,Enterprise Strategic,Hospitality,APAC-South,Singapore,Strategic Reseller Partner,IoT & Edge Computing,SKU-IOT-330,Edge IoT Fleet Orchestrator,44,7276.0,8.0,294532.48,86121.3,70.76,Annual Pre-Paid,Completed,Alex Mercer
ORD-2026-02000,2024-10-28,2024,2024-Q4,CUST-0006,Soylent BioTech Global,Mid-Market,BioTech,US-Central,United States,Direct Field Sales,Cloud Infrastructure,SKU-INFRA-805,High-Speed API Gateway Gateway,10,5238.0,8.0,48189.6,9931.88,79.39,Annual Pre-Paid,Completed,Vikram Patel
ORD-2026-02001,2024-06-29,2024,2024-Q2,CUST-0021,Weyland-Yutani Deep Space,Enterprise Strategic,Energy & Mining,EU-West,France,Direct Field Sales,Enterprise ERP,SKU-ERP-101,Global ERP Enterprise Suite,90,34300.0,22.0,2407860.0,696593.9,71.07,Net 30,Completed,Rachel Green
ORD-2026-02002,2024-06-26,2024,2024-Q2,CUST-0015,Acme Aerospace Systems,Mid-Market,Manufacturing,US-East,United States,Online B2B Portal,IoT & Edge Computing,SKU-IOT-330,Edge IoT Fleet Orchestrator,28,6324.0,0.0,177072.0,48712.51,72.49,Quarterly Net 30,In Fulfillment,Chloe Dubois
ORD-2026-02003,2024-03-29,2024,2024-Q1,CUST-0002,Globex Corporation,Enterprise Strategic,Conglomerate,US-West,United States,Strategic Reseller Partner,Database Infrastructure,SKU-DB-880,QuantumDB Distributed Cluster,120,17160.0,8.0,1894464.0,295536.38,84.4,Annual Pre-Paid,Completed,David Lin
ORD-2026-02004,2024-04-01,2024,2024-Q2,CUST-0009,Wonka Global Logistics,Mid-Market,Supply Chain,US-East,United States,Online B2B Portal,Cloud Infrastructure,SKU-INFRA-805,High-Speed API Gateway Gateway,25,5616.0,0.0,140400.0,30214.08,78.48,Net 90,In Fulfillment,Hannah Schmidt
ORD-2026-02005,2026-03-01,2026,2026-Q1,CUST-0017,Sterling Cooper Advertising,Mid-Market,Marketing & Media,EU-Central,Germany,Global Alliance Partner,Cloud Infrastructure,SKU-INFRA-801,Enterprise Data Lakehouse Engine,21,13250.0,10.0,250425.0,45502.22,81.83,Annual Pre-Paid,In Fulfillment,Hannah Schmidt
ORD-2026-02006,2025-10-11,2025,2025-Q4,CUST-0020,Oscorp Pharmaceutical,Enterprise Strategic,Life Sciences,EU-North,Netherlands,Direct Field Sales,AI Platform,SKU-AI-9001,Neural Fabric GenAI Platform,84,23808.0,7.0,1859880.96,317481.68,82.93,Net 60,Pending Verification,Chloe Dubois
ORD-2026-02007,2026-05-15,2026,2026-Q2,CUST-0010,Hooli Enterprise Cloud,Enterprise Strategic,Cloud Services,EU-Central,Germany,Strategic Reseller Partner,Developer Tools,SKU-DEV-701,DevSecOps Automation Mesh,76,4185.0,24.0,241725.6,24196.73,89.99,Quarterly Net 30,In Fulfillment,Marcus Vance
ORD-2026-02008,2024-11-21,2024,2024-Q4,CUST-0007,Tyrell Synthetic Dynamics,Enterprise Strategic,Robotics,APAC-ANZ,Australia,Strategic Reseller Partner,AI Platform,SKU-AI-9050,Realtime Anomaly Detection,90,10976.0,24.0,750758.4,105932.01,85.89,Quarterly Net 30,Completed,Hannah Schmidt
ORD-2026-02009,2025-03-04,2025,2025-Q1,CUST-0025,Black Mesa Research,Enterprise Strategic,Scientific R&D,MEA,United Arab Emirates,Online B2B Portal,IoT & Edge Computing,SKU-IOT-330,Edge IoT Fleet Orchestrator,24,6528.0,22.0,122204.16,38359.89,68.61,Quarterly Net 30,Completed,Brian O'Connor
ORD-2026-02010,2025-02-22,2025,2025-Q1,CUST-0035,Hyperion Data Mesh,Mid-Market,Data Infrastructure,EU-Central,Switzerland,Online B2B Portal,Cybersecurity Suite,SKU-SEC-410,Compliance & Audit Vault,20,7560.0,7.0,140616.0,34732.15,75.3,Quarterly Net 30,Completed,Vikram Patel
ORD-2026-02011,2024-07-31,2024,2024-Q3,CUST-0024,Aperture Quantum Lab,Mid-Market,Research & Quantum,US-East,United States,Direct Field Sales,IoT & Edge Computing,SKU-IOT-330,Edge IoT Fleet Orchestrator,8,6596.0,12.0,46435.84,12755.93,72.53,Net 90,In Fulfillment,Marcus Vance
ORD-2026-02012,2024-08-28,2024,2024-Q3,CUST-0021,Weyland-Yutani Deep Space,Enterprise Strategic,Energy & Mining,LATAM,Brazil,Online B2B Portal,Database Infrastructure,SKU-DB-880,QuantumDB Distributed Cluster,44,17160.0,6.0,709737.6,113345.09,84.03,Annual Pre-Paid,In Fulfillment,Sarah Chen
ORD-2026-02013,2024-06-03,2024,2024-Q2,CUST-0006,Soylent BioTech Global,Mid-Market,BioTech,EU-West,France,Global Alliance Partner,Enterprise ERP,SKU-ERP-101,Global ERP Enterprise Suite,40,34300.0,11.0,1221080.0,404665.91,66.86,Quarterly Net 30,In Fulfillment,Alex Mercer
ORD-2026-02014,2025-02-13,2025,2025-Q1,CUST-0018,Virtucon Industries,Enterprise Strategic,Industrial Equipment,APAC-East,South Korea,Online B2B Portal,AI Platform,SKU-AI-9001,Neural Fabric GenAI Platform,103,25544.0,7.0,2446859.76,369475.82,84.9,Net 60,Completed,Michael Chang
ORD-2026-02015,2024-05-30,2024,2024-Q2,CUST-0030,Sartre Software SAS,SMB Growth,Dev Tools,EU-West,United Kingdom,Direct Field Sales,IoT & Edge Computing,SKU-IOT-330,Edge IoT Fleet Orchestrator,4,6596.0,2.0,25856.32,7061.36,72.69,Net 90,In Fulfillment,Astrid Lindgren
ORD-2026-02016,2024-03-07,2024,2024-Q1,CUST-0034,Quantum Peak Labs,SMB Growth,Semiconductor,APAC-East,Japan,Online B2B Portal,Cybersecurity Suite,SKU-SEC-410,Compliance & Audit Vault,13,6624.0,3.0,83528.64,22352.26,73.24,Net 90,Completed,David Lin
ORD-2026-02017,2026-05-17,2026,2026-Q2,CUST-0007,Tyrell Synthetic Dynamics,Enterprise Strategic,Robotics,LATAM,Brazil,Direct Field Sales,Cloud Infrastructure,SKU-INFRA-801,Enterprise Data Lakehouse Engine,28,13125.0,7.0,341775.0,78710.78,76.97,Net 60,Pending Verification,Sarah Chen
ORD-2026-02018,2026-04-01,2026,2026-Q2,CUST-0012,Massive Dynamic AI,Enterprise Strategic,Artificial Intelligence,EU-West,United Kingdom,Direct Field Sales,AI Platform,SKU-AI-9001,Neural Fabric GenAI Platform,95,24056.0,13.0,1988228.4,279346.09,85.95,Quarterly Net 30,Completed,Alex Mercer
ORD-2026-02019,2026-04-23,2026,2026-Q2,CUST-0016,Dunder Mifflin Paper & Tech,SMB Growth,Retail & Supplies,EU-Central,Switzerland,Strategic Reseller Partner,AI Platform,SKU-AI-9001,Neural Fabric GenAI Platform,12,26288.0,6.0,296528.64,50172.65,83.08,Net 30,In Fulfillment,Marcus Vance
ORD-2026-02020,2024-03-04,2024,2024-Q1,CUST-0013,Oceanic Airlines Group,Enterprise Strategic,Aviation,US-West,United States,Global Alliance Partner,Cloud Infrastructure,SKU-INFRA-805,High-Speed API Gateway Gateway,110,5508.0,17.0,502880.4,87199.46,82.66,Net 30,Completed,Gabriel Santos
ORD-2026-02021,2024-10-09,2024,2024-Q4,CUST-0003,Initech Cloud Solutions,Mid-Market,Software,US-East,United States,Strategic Reseller Partner,Enterprise ERP,SKU-ERP-101,Global ERP Enterprise Suite,32,33600.0,12.0,946176.0,283852.8,70.0,Annual Pre-Paid,Completed,Rachel Green
ORD-2026-02022,2026-04-22,2026,2026-Q2,CUST-0030,Sartre Software SAS,SMB Growth,Dev Tools,APAC-East,South Korea,Global Alliance Partner,Cloud Infrastructure,SKU-INFRA-801,Enterprise Data Lakehouse Engine,13,13250.0,6.0,161915.0,32285.85,80.06,Net 60,Pending Verification,Vikram Patel
ORD-2026-02023,2026-01-02,2026,2026-Q1,CUST-0004,Stark Aerospace & Defense,Enterprise Strategic,Aerospace,APAC-ANZ,Australia,Online B2B Portal,AI Platform,SKU-AI-9001,Neural Fabric GenAI Platform,79,26288.0,18.0,1702936.64,253907.85,85.09,Quarterly Net 30,Pending Verification,Hannah Schmidt
ORD-2026-02024,2025-01-08,2025,2025-Q1,CUST-0001,Cyberdyne Systems Corp,Enterprise Strategic,Technology & AI,APAC-South,Singapore,Direct Field Sales,AI Platform,SKU-AI-9001,Neural Fabric GenAI Platform,31,24056.0,24.0,566759.36,98049.37,82.7,Net 60,Completed,Alex Mercer
ORD-2026-02025,2025-04-28,2025,2025-Q2,CUST-0011,Pied Piper Compression,Mid-Market,DeepTech,APAC-East,Japan,Global Alliance Partner,Cloud Infrastructure,SKU-INFRA-805,High-Speed API Gateway Gateway,2,5616.0,7.0,10445.76,2111.09,79.79,Net 30,In Fulfillment,Chloe Dubois
ORD-2026-02026,2024-04-24,2024,2024-Q2,CUST-0027,Vault-Tec Security Hub,Enterprise Strategic,Cybersecurity,US-West,United States,Global Alliance Partner,Cloud Infrastructure,SKU-INFRA-801,Enterprise Data Lakehouse Engine,75,11750.0,19.0,713812.5,150471.67,78.92,Net 60,In Fulfillment,Brian O'Connor
ORD-2026-02027,2024-07-26,2024,2024-Q3,CUST-0025,Black Mesa Research,Enterprise Strategic,Scientific R&D,EU-Central,Germany,Global Alliance Partner,AI Platform,SKU-AI-9050,Realtime Anomaly Detection,104,10640.0,7.0,1029100.8,198513.54,80.71,Net 60,Completed,Chloe Dubois
ORD-2026-02028,2026-06-18,2026,2026-Q2,CUST-0027,Vault-Tec Security Hub,Enterprise Strategic,Cybersecurity,APAC-East,Japan,Direct Field Sales,Cloud Infrastructure,SKU-INFRA-801,Enterprise Data Lakehouse Engine,28,12625.0,21.0,279265.0,57556.52,79.39,Quarterly Net 30,Pending Verification,Gabriel Santos
ORD-2026-02029,2024-12-26,2024,2024-Q4,CUST-0030,Sartre Software SAS,SMB Growth,Dev Tools,LATAM,Brazil,Direct Field Sales,Cloud Infrastructure,SKU-INFRA-801,Enterprise Data Lakehouse Engine,3,12875.0,5.0,36693.75,8678.07,76.35,Net 60,In Fulfillment,Brian O'Connor
ORD-2026-02030,2025-02-08,2025,2025-Q1,CUST-0012,Massive Dynamic AI,Enterprise Strategic,Artificial Intelligence,US-Central,United States,Direct Field Sales,IoT & Edge Computing,SKU-IOT-330,Edge IoT Fleet Orchestrator,79,7344.0,6.0,545365.44,148230.33,72.82,Annual Pre-Paid,Pending Verification,Hannah Schmidt
ORD-2026-02031,2025-04-11,2025,2025-Q2,CUST-0017,Sterling Cooper Advertising,Mid-Market,Marketing & Media,EU-North,Netherlands,Global Alliance Partner,Cloud Infrastructure,SKU-INFRA-801,Enterprise Data Lakehouse Engine,26,12875.0,12.0,294580.0,68195.27,76.85,Annual Pre-Paid,Completed,Elena Rostova
ORD-2026-02032,2025-08-14,2025,2025-Q3,CUST-0024,Aperture Quantum Lab,Mid-Market,Research & Quantum,APAC-ANZ,Australia,Strategic Reseller Partner,AI Platform,SKU-AI-9001,Neural Fabric GenAI Platform,22,23312.0,1.0,507735.36,85045.67,83.25,Net 90,In Fulfillment,Jessica Taylor
ORD-2026-02033,2024-03-15,2024,2024-Q1,CUST-0001,Cyberdyne Systems Corp,Enterprise Strategic,Technology & AI,EU-Central,Switzerland,Direct Field Sales,Database Infrastructure,SKU-DB-880,QuantumDB Distributed Cluster,30,17820.0,12.0,470448.0,72260.81,84.64,Quarterly Net 30,Pending Verification,Brian O'Connor
ORD-2026-02034,2026-03-11,2026,2026-Q1,CUST-0011,Pied Piper Compression,Mid-Market,DeepTech,EU-Central,Germany,Strategic Reseller Partner,AI Platform,SKU-AI-9001,Neural Fabric GenAI Platform,36,25048.0,13.0,784503.36,138778.64,82.31,Net 90,Completed,Elena Rostova
ORD-2026-02035,2024-01-25,2024,2024-Q1,CUST-0001,Cyberdyne Systems Corp,Enterprise Strategic,Technology & AI,EU-Central,Germany,Direct Field Sales,IoT & Edge Computing,SKU-IOT-330,Edge IoT Fleet Orchestrator,81,6324.0,21.0,404672.76,129009.68,68.12,Net 60,Completed,Marcus Vance
ORD-2026-02036,2024-04-13,2024,2024-Q2,CUST-0024,Aperture Quantum Lab,Mid-Market,Research & Quantum,MEA,United Arab Emirates,Direct Field Sales,IoT & Edge Computing,SKU-IOT-330,Edge IoT Fleet Orchestrator,32,7072.0,11.0,201410.56,52950.84,73.71,Annual Pre-Paid,Pending Verification,Jessica Taylor
ORD-2026-02037,2025-12-31,2025,2025-Q4,CUST-0016,Dunder Mifflin Paper & Tech,SMB Growth,Retail & Supplies,EU-West,United Kingdom,Online B2B Portal,Database Infrastructure,SKU-DB-880,QuantumDB Distributed Cluster,5,15345.0,4.0,73656.0,15018.46,79.61,Net 30,Pending Verification,Brian O'Connor
ORD-2026-02038,2025-05-25,2025,2025-Q2,CUST-0027,Vault-Tec Security Hub,Enterprise Strategic,Cybersecurity,EU-Central,Germany,Strategic Reseller Partner,AI Platform,SKU-AI-9050,Realtime Anomaly Detection,69,11312.0,21.0,616617.12,114690.78,81.4,Net 30,Pending Verification,Chloe Dubois
ORD-2026-02039,2024-09-09,2024,2024-Q3,CUST-0022,Gekko Financial Partners,Enterprise Strategic,FinTech & Hedge Fund,EU-West,France,Direct Field Sales,Cybersecurity Suite,SKU-SEC-402,Zero-Trust Security Perimeter,74,9434.0,20.0,558492.8,121416.33,78.26,Net 90,Completed,Marcus Vance
ORD-2026-02040,2024-08-27,2024,2024-Q3,CUST-0024,Aperture Quantum Lab,Mid-Market,Research & Quantum,APAC-East,South Korea,Global Alliance Partner,Cloud Infrastructure,SKU-INFRA-805,High-Speed API Gateway Gateway,8,5184.0,5.0,39398.4,8663.71,78.01,Net 30,Completed,Marcus Vance
ORD-2026-02041,2024-08-20,2024,2024-Q3,CUST-0025,Black Mesa Research,Enterprise Strategic,Scientific R&D,US-East,United States,Strategic Reseller Partner,Enterprise ERP,SKU-ERP-101,Global ERP Enterprise Suite,105,36400.0,11.0,3401580.0,995302.31,70.74,Net 90,Pending Verification,Jessica Taylor
ORD-2026-02042,2026-03-02,2026,2026-Q1,CUST-0030,Sartre Software SAS,SMB Growth,Dev Tools,EU-Central,Switzerland,Strategic Reseller Partner,Cloud Infrastructure,SKU-INFRA-801,Enterprise Data Lakehouse Engine,6,11750.0,1.0,69795.0,15571.26,77.69,Net 30,Completed,Sarah Chen
ORD-2026-02043,2025-01-05,2025,2025-Q1,CUST-0025,Black Mesa Research,Enterprise Strategic,Scientific R&D,APAC-East,South Korea,Online B2B Portal,AI Platform,SKU-AI-9050,Realtime Anomaly Detection,73,11648.0,25.0,637728.0,115747.63,81.85,Net 30,In Fulfillment,Sarah Chen
ORD-2026-02044,2025-05-13,2025,2025-Q2,CUST-0021,Weyland-Yutani Deep Space,Enterprise Strategic,Energy & Mining,EU-Central,Germany,Strategic Reseller Partner,Cloud Infrastructure,SKU-INFRA-805,High-Speed API Gateway Gateway,7,5724.0,21.0,31653.72,7163.24,77.37,Net 30,Pending Verification,Michael Chang
ORD-2026-02045,2026-05-16,2026,2026-Q2,CUST-0021,Weyland-Yutani Deep Space,Enterprise Strategic,Energy & Mining,APAC-ANZ,Australia,Global Alliance Partner,Cybersecurity Suite,SKU-SEC-402,Zero-Trust Security Perimeter,54,8989.0,6.0,456281.64,120184.58,73.66,Annual Pre-Paid,Completed,Marcus Vance
ORD-2026-02046,2026-07-03,2026,2026-Q3,CUST-0029,Omni Consumer Products,Enterprise Strategic,Consumer Tech,US-Central,United States,Online B2B Portal,Cloud Infrastructure,SKU-INFRA-801,Enterprise Data Lakehouse Engine,62,12000.0,13.0,647280.0,167774.98,74.08,Annual Pre-Paid,In Fulfillment,Marcus Vance
ORD-2026-02047,2025-05-04,2025,2025-Q2,CUST-0005,Wayne Enterprises Holdings,Enterprise Strategic,Finance & Industrial,LATAM,Brazil,Strategic Reseller Partner,Developer Tools,SKU-DEV-701,DevSecOps Automation Mesh,31,4815.0,20.0,119412.0,17661.03,85.21,Annual Pre-Paid,In Fulfillment,David Lin
ORD-2026-02048,2025-09-10,2025,2025-Q3,CUST-0009,Wonka Global Logistics,Mid-Market,Supply Chain,EU-West,United Kingdom,Global Alliance Partner,Cloud Infrastructure,SKU-INFRA-805,High-Speed API Gateway Gateway,32,5346.0,9.0,155675.52,30559.1,80.37,Net 30,Pending Verification,Michael Chang
ORD-2026-02049,2026-07-29,2026,2026-Q3,CUST-0034,Quantum Peak Labs,SMB Growth,Semiconductor,EU-North,Netherlands,Strategic Reseller Partner,Cybersecurity Suite,SKU-SEC-402,Zero-Trust Security Perimeter,1,9256.0,6.0,8700.64,1982.01,77.22,Net 90,Completed,David Lin
ORD-2026-02050,2026-03-18,2026,2026-Q1,CUST-0002,Globex Corporation,Enterprise Strategic,Conglomerate,APAC-South,Singapore,Strategic Reseller Partner,AI Platform,SKU-AI-9050,Realtime Anomaly Detection,30,11648.0,17.0,290035.2,41591.05,85.66,Net 90,Completed,Jessica Taylor
ORD-2026-02051,2024-09-20,2024,2024-Q3,CUST-0001,Cyberdyne Systems Corp,Enterprise Strategic,Technology & AI,EU-West,France,Strategic Reseller Partner,Developer Tools,SKU-DEV-701,DevSecOps Automation Mesh,57,4680.0,14.0,229413.6,32117.9,86.0,Annual Pre-Paid,Completed,Astrid Lindgren
ORD-2026-02052,2024-12-13,2024,2024-Q4,CUST-0023,Delos Experience Living,Enterprise Strategic,Hospitality,EU-Central,Germany,Strategic Reseller Partner,IoT & Edge Computing,SKU-IOT-330,Edge IoT Fleet Orchestrator,113,7004.0,7.0,736050.36,233916.8,68.22,Quarterly Net 30,Pending Verification,Marcus Vance
ORD-2026-02053,2026-05-15,2026,2026-Q2,CUST-0012,Massive Dynamic AI,Enterprise Strategic,Artificial Intelligence,EU-Central,Switzerland,Strategic Reseller Partner,IoT & Edge Computing,SKU-IOT-330,Edge IoT Fleet Orchestrator,100,6732.0,22.0,525096.0,159366.64,69.65,Net 30,In Fulfillment,Marcus Vance
ORD-2026-02054,2025-10-20,2025,2025-Q4,CUST-0010,Hooli Enterprise Cloud,Enterprise Strategic,Cloud Services,EU-Central,Switzerland,Direct Field Sales,AI Platform,SKU-AI-9001,Neural Fabric GenAI Platform,102,24552.0,7.0,2329002.72,396629.16,82.97,Annual Pre-Paid,Completed,Rachel Green
ORD-2026-02055,2024-05-03,2024,2024-Q2,CUST-0032,Zeus Renewable Power,Mid-Market,Clean Energy,US-West,United States,Global Alliance Partner,Cybersecurity Suite,SKU-SEC-402,Zero-Trust Security Perimeter,5,8455.0,12.0,37202.0,8162.12,78.06,Net 90,Completed,Kenji Sato
ORD-2026-02056,2024-10-01,2024,2024-Q4,CUST-0026,Shinra Electric Power,Enterprise Strategic,Energy & Utilities,APAC-East,Taiwan,Strategic Reseller Partner,Cloud Infrastructure,SKU-INFRA-801,Enterprise Data Lakehouse Engine,52,11750.0,9.0,556010.0,125658.26,77.4,Quarterly Net 30,Completed,Elena Rostova
ORD-2026-02057,2025-08-21,2025,2025-Q3,CUST-0012,Massive Dynamic AI,Enterprise Strategic,Artificial Intelligence,US-Central,United States,Direct Field Sales,Cybersecurity Suite,SKU-SEC-402,Zero-Trust Security Perimeter,100,9523.0,13.0,828501.0,202568.49,75.55,Quarterly Net 30,Completed,Sarah Chen
ORD-2026-02058,2026-06-30,2026,2026-Q2,CUST-0018,Virtucon Industries,Enterprise Strategic,Industrial Equipment,US-Central,United States,Global Alliance Partner,Enterprise ERP,SKU-ERP-101,Global ERP Enterprise Suite,68,32550.0,22.0,1726452.0,546076.77,68.37,Net 30,Completed,Chloe Dubois
ORD-2026-02059,2026-06-23,2026,2026-Q2,CUST-0002,Globex Corporation,Enterprise Strategic,Conglomerate,MEA,United Arab Emirates,Strategic Reseller Partner,AI Platform,SKU-AI-9001,Neural Fabric GenAI Platform,56,24552.0,23.0,1058682.24,145780.54,86.23,Net 90,Completed,Alex Mercer
ORD-2026-02060,2024-10-25,2024,2024-Q4,CUST-0013,Oceanic Airlines Group,Enterprise Strategic,Aviation,EU-West,United Kingdom,Strategic Reseller Partner,IoT & Edge Computing,SKU-IOT-330,Edge IoT Fleet Orchestrator,111,6528.0,14.0,623162.88,185453.27,70.24,Quarterly Net 30,In Fulfillment,Hannah Schmidt
ORD-2026-02061,2024-04-25,2024,2024-Q2,CUST-0029,Omni Consumer Products,Enterprise Strategic,Consumer Tech,US-Central,United States,Online B2B Portal,AI Platform,SKU-AI-9050,Realtime Anomaly Detection,60,11984.0,25.0,539280.0,118425.89,78.04,Net 60,Completed,Astrid Lindgren
ORD-2026-02062,2025-02-11,2025,2025-Q1,CUST-0021,Weyland-Yutani Deep Space,Enterprise Strategic,Energy & Mining,EU-Central,Germany,Direct Field Sales,Cybersecurity Suite,SKU-SEC-402,Zero-Trust Security Perimeter,117,9256.0,12.0,952997.76,214043.3,77.54,Quarterly Net 30,Pending Verification,Sarah Chen
ORD-2026-02063,2025-12-16,2025,2025-Q4,CUST-0015,Acme Aerospace Systems,Mid-Market,Manufacturing,APAC-ANZ,Australia,Strategic Reseller Partner,Cybersecurity Suite,SKU-SEC-402,Zero-Trust Security Perimeter,31,9612.0,11.0,265195.08,66431.37,74.95,Quarterly Net 30,Completed,Marcus Vance
ORD-2026-02064,2026-07-05,2026,2026-Q3,CUST-0008,Umbrella Life Sciences,Enterprise Strategic,Pharma,LATAM,Brazil,Global Alliance Partner,Database Infrastructure,SKU-DB-880,QuantumDB Distributed Cluster,49,16005.0,18.0,643080.9,108166.21,83.18,Annual Pre-Paid,Completed,Marcus Vance
ORD-2026-02065,2026-04-30,2026,2026-Q2,CUST-0028,LexCorp Advanced Metals,Enterprise Strategic,Materials,APAC-ANZ,Australia,Global Alliance Partner,AI Platform,SKU-AI-9050,Realtime Anomaly Detection,55,11760.0,18.0,530376.0,97430.07,81.63,Net 60,Pending Verification,David Lin
ORD-2026-02066,2024-07-29,2024,2024-Q3,CUST-0032,Zeus Renewable Power,Mid-Market,Clean Energy,EU-Central,Germany,Online B2B Portal,Cloud Infrastructure,SKU-INFRA-801,Enterprise Data Lakehouse Engine,30,12500.0,11.0,333750.0,72190.12,78.37,Net 90,Completed,Jessica Taylor
ORD-2026-02067,2026-02-05,2026,2026-Q1,CUST-0032,Zeus Renewable Power,Mid-Market,Clean Energy,EU-West,France,Global Alliance Partner,Cloud Infrastructure,SKU-INFRA-801,Enterprise Data Lakehouse Engine,12,11500.0,1.0,136620.0,27706.54,79.72,Net 30,In Fulfillment,Rachel Green
ORD-2026-02068,2024-02-17,2024,2024-Q1,CUST-0011,Pied Piper Compression,Mid-Market,DeepTech,US-Central,United States,Direct Field Sales,Developer Tools,SKU-DEV-701,DevSecOps Automation Mesh,21,4320.0,13.0,78926.4,14001.54,82.26,Net 90,Completed,Rachel Green
ORD-2026-02069,2024-08-18,2024,2024-Q3,CUST-0012,Massive Dynamic AI,Enterprise Strategic,Artificial Intelligence,MEA,United Arab Emirates,Strategic Reseller Partner,Developer Tools,SKU-DEV-701,DevSecOps Automation Mesh,29,4275.0,10.0,111577.5,11537.11,89.66,Net 60,Pending Verification,Sarah Chen
ORD-2026-02070,2024-02-11,2024,2024-Q1,CUST-0010,Hooli Enterprise Cloud,Enterprise Strategic,Cloud Services,APAC-East,South Korea,Online B2B Portal,Developer Tools,SKU-DEV-701,DevSecOps Automation Mesh,49,4185.0,22.0,159950.7,20873.57,86.95,Net 60,Pending Verification,Kenji Sato
ORD-2026-02071,2024-12-02,2024,2024-Q4,CUST-0003,Initech Cloud Solutions,Mid-Market,Software,EU-West,United Kingdom,Global Alliance Partner,Cybersecurity Suite,SKU-SEC-410,Compliance & Audit Vault,34,7560.0,12.0,226195.2,62701.31,72.28,Net 60,In Fulfillment,Gabriel Santos
ORD-2026-02072,2026-03-05,2026,2026-Q1,CUST-0016,Dunder Mifflin Paper & Tech,SMB Growth,Retail & Supplies,EU-West,United Kingdom,Strategic Reseller Partner,Enterprise ERP,SKU-ERP-101,Global ERP Enterprise Suite,14,37450.0,2.0,513814.0,160618.26,68.74,Net 60,Completed,Gabriel Santos
ORD-2026-02073,2025-07-04,2025,2025-Q3,CUST-0002,Globex Corporation,Enterprise Strategic,Conglomerate,EU-West,France,Strategic Reseller Partner,AI Platform,SKU-AI-9001,Neural Fabric GenAI Platform,21,26040.0,22.0,426535.2,59629.62,86.02,Net 30,In Fulfillment,Brian O'Connor
ORD-2026-02074,2025-08-16,2025,2025-Q3,CUST-0004,Stark Aerospace & Defense,Enterprise Strategic,Aerospace,EU-Central,Switzerland,Online B2B Portal,Cybersecurity Suite,SKU-SEC-410,Compliance & Audit Vault,55,7632.0,11.0,373586.4,94106.41,74.81,Net 60,Completed,Sarah Chen
ORD-2026-02075,2024-05-26,2024,2024-Q2,CUST-0016,Dunder Mifflin Paper & Tech,SMB Growth,Retail & Supplies,EU-Central,Switzerland,Global Alliance Partner,Database Infrastructure,SKU-DB-880,QuantumDB Distributed Cluster,2,16005.0,4.0,30729.6,6155.14,79.97,Net 60,Completed,Brian O'Connor
ORD-2026-02076,2024-01-16,2024,2024-Q1,CUST-0025,Black Mesa Research,Enterprise Strategic,Scientific R&D,US-Central,United States,Online B2B Portal,AI Platform,SKU-AI-9001,Neural Fabric GenAI Platform,77,24552.0,9.0,1720358.64,258397.87,84.98,Net 30,In Fulfillment,Marcus Vance
ORD-2026-02077,2025-02-09,2025,2025-Q1,CUST-0029,Omni Consumer Products,Enterprise Strategic,Consumer Tech,US-West,United States,Strategic Reseller Partner,AI Platform,SKU-AI-9001,Neural Fabric GenAI Platform,66,25792.0,12.0,1497999.36,284320.28,81.02,Annual Pre-Paid,Pending Verification,Chloe Dubois
ORD-2026-02078,2024-11-22,2024,2024-Q4,CUST-0010,Hooli Enterprise Cloud,Enterprise Strategic,Cloud Services,APAC-South,Singapore,Global Alliance Partner,Enterprise ERP,SKU-ERP-101,Global ERP Enterprise Suite,54,37100.0,7.0,1863162.0,566214.93,69.61,Quarterly Net 30,Completed,Sarah Chen
ORD-2026-02079,2025-04-04,2025,2025-Q2,CUST-0015,Acme Aerospace Systems,Mid-Market,Manufacturing,US-East,United States,Direct Field Sales,Cybersecurity Suite,SKU-SEC-410,Compliance & Audit Vault,39,7488.0,2.0,286191.36,73665.66,74.26,Net 90,Pending Verification,Hannah Schmidt
ORD-2026-02080,2024-05-20,2024,2024-Q2,CUST-0018,Virtucon Industries,Enterprise Strategic,Industrial Equipment,US-East,United States,Strategic Reseller Partner,Cybersecurity Suite,SKU-SEC-402,Zero-Trust Security Perimeter,95,8722.0,7.0,770588.7,209291.89,72.84,Net 90,Pending Verification,Alex Mercer
ORD-2026-02081,2024-11-21,2024,2024-Q4,CUST-0007,Tyrell Synthetic Dynamics,Enterprise Strategic,Robotics,EU-Central,Germany,Strategic Reseller Partner,Cybersecurity Suite,SKU-SEC-402,Zero-Trust Security Perimeter,17,8366.0,17.0,118044.26,31989.99,72.9,Net 30,Completed,Chloe Dubois
ORD-2026-02082,2026-07-28,2026,2026-Q3,CUST-0030,Sartre Software SAS,SMB Growth,Dev Tools,APAC-South,Singapore,Strategic Reseller Partner,Enterprise ERP,SKU-ERP-101,Global ERP Enterprise Suite,8,32900.0,5.0,250040.0,76162.18,69.54,Net 90,In Fulfillment,Marcus Vance
ORD-2026-02083,2024-04-05,2024,2024-Q2,CUST-0033,Apex FinTech Global,Enterprise Strategic,Banking,APAC-East,Japan,Strategic Reseller Partner,Enterprise ERP,SKU-ERP-101,Global ERP Enterprise Suite,85,33950.0,21.0,2279742.5,650866.48,71.45,Net 30,In Fulfillment,Astrid Lindgren
ORD-2026-02084,2026-08-07,2026,2026-Q3,CUST-0001,Cyberdyne Systems Corp,Enterprise Strategic,Technology & AI,EU-Central,Germany,Global Alliance Partner,AI Platform,SKU-AI-9050,Realtime Anomaly Detection,10,11424.0,14.0,98246.4,15090.65,84.64,Net 60,In Fulfillment,Brian O'Connor
ORD-2026-02085,2024-08-28,2024,2024-Q3,CUST-0011,Pied Piper Compression,Mid-Market,DeepTech,APAC-East,Taiwan,Global Alliance Partner,Developer Tools,SKU-DEV-701,DevSecOps Automation Mesh,8,4590.0,5.0,34884.0,6118.65,82.46,Net 90,Completed,Astrid Lindgren
ORD-2026-02086,2025-07-09,2025,2025-Q3,CUST-0019,Buy N Large Retail Mega,Enterprise Strategic,E-Commerce,EU-North,Netherlands,Online B2B Portal,Cloud Infrastructure,SKU-INFRA-801,Enterprise Data Lakehouse Engine,118,12750.0,15.0,1278825.0,252184.29,80.28,Net 90,In Fulfillment,Hannah Schmidt
ORD-2026-02087,2026-01-26,2026,2026-Q1,CUST-0035,Hyperion Data Mesh,Mid-Market,Data Infrastructure,US-Central,United States,Online B2B Portal,IoT & Edge Computing,SKU-IOT-330,Edge IoT Fleet Orchestrator,32,7140.0,2.0,223910.4,71337.85,68.14,Quarterly Net 30,Pending Verification,Jessica Taylor
ORD-2026-02088,2025-05-08,2025,2025-Q2,CUST-0009,Wonka Global Logistics,Mid-Market,Supply Chain,APAC-South,Singapore,Strategic Reseller Partner,Developer Tools,SKU-DEV-701,DevSecOps Automation Mesh,21,4770.0,14.0,86146.2,11112.86,87.1,Net 90,Pending Verification,Sarah Chen
ORD-2026-02089,2026-03-15,2026,2026-Q1,CUST-0026,Shinra Electric Power,Enterprise Strategic,Energy & Utilities,US-Central,United States,Strategic Reseller Partner,Cybersecurity Suite,SKU-SEC-402,Zero-Trust Security Perimeter,28,8188.0,22.0,178825.92,50339.5,71.85,Net 60,Pending Verification,Astrid Lindgren
ORD-2026-02090,2026-03-25,2026,2026-Q1,CUST-0026,Shinra Electric Power,Enterprise Strategic,Energy & Utilities,US-Central,United States,Online B2B Portal,AI Platform,SKU-AI-9050,Realtime Anomaly Detection,27,10640.0,16.0,241315.2,38417.38,84.08,Net 60,Completed,Sarah Chen
ORD-2026-02091,2026-05-21,2026,2026-Q2,CUST-0011,Pied Piper Compression,Mid-Market,DeepTech,APAC-East,South Korea,Strategic Reseller Partner,Database Infrastructure,SKU-DB-880,QuantumDB Distributed Cluster,19,16665.0,1.0,313468.65,67709.23,78.4,Net 30,Completed,Rachel Green
ORD-2026-02092,2025-12-20,2025,2025-Q4,CUST-0027,Vault-Tec Security Hub,Enterprise Strategic,Cybersecurity,EU-North,Netherlands,Strategic Reseller Partner,AI Platform,SKU-AI-9050,Realtime Anomaly Detection,10,10976.0,8.0,100979.2,20094.86,80.1,Net 90,Completed,Rachel Green
ORD-2026-02093,2025-01-04,2025,2025-Q1,CUST-0028,LexCorp Advanced Metals,Enterprise Strategic,Materials,EU-West,United Kingdom,Strategic Reseller Partner,AI Platform,SKU-AI-9001,Neural Fabric GenAI Platform,66,25296.0,22.0,1302238.08,258494.26,80.15,Net 60,Completed,Alex Mercer
ORD-2026-02094,2026-01-25,2026,2026-Q1,CUST-0006,Soylent BioTech Global,Mid-Market,BioTech,APAC-East,Taiwan,Strategic Reseller Partner,Database Infrastructure,SKU-DB-880,QuantumDB Distributed Cluster,25,16665.0,11.0,370796.25,80017.83,78.42,Net 60,Pending Verification,Hannah Schmidt
ORD-2026-02095,2025-04-19,2025,2025-Q2,CUST-0006,Soylent BioTech Global,Mid-Market,BioTech,US-West,United States,Strategic Reseller Partner,IoT & Edge Computing,SKU-IOT-330,Edge IoT Fleet Orchestrator,2,6732.0,10.0,12117.6,3857.03,68.17,Quarterly Net 30,In Fulfillment,Chloe Dubois
ORD-2026-02096,2025-05-12,2025,2025-Q2,CUST-0003,Initech Cloud Solutions,Mid-Market,Software,EU-West,France,Global Alliance Partner,Enterprise ERP,SKU-ERP-101,Global ERP Enterprise Suite,27,36050.0,2.0,953883.0,311538.19,67.34,Net 30,Completed,Jessica Taylor
ORD-2026-02097,2026-06-10,2026,2026-Q2,CUST-0009,Wonka Global Logistics,Mid-Market,Supply Chain,EU-North,Netherlands,Online B2B Portal,Database Infrastructure,SKU-DB-880,QuantumDB Distributed Cluster,35,16170.0,11.0,503695.5,115245.53,77.12,Net 90,In Fulfillment,Chloe Dubois
ORD-2026-02098,2024-06-26,2024,2024-Q2,CUST-0013,Oceanic Airlines Group,Enterprise Strategic,Aviation,EU-Central,Germany,Global Alliance Partner,AI Platform,SKU-AI-9001,Neural Fabric GenAI Platform,61,25544.0,22.0,1215383.52,159701.39,86.86,Net 30,In Fulfillment,Hannah Schmidt
ORD-2026-02099,2026-06-26,2026,2026-Q2,CUST-0013,Oceanic Airlines Group,Enterprise Strategic,Aviation,APAC-East,South Korea,Global Alliance Partner,AI Platform,SKU-AI-9001,Neural Fabric GenAI Platform,6,26040.0,18.0,128116.8,22971.34,82.07,Net 30,Completed,Kenji Sato
ORD-2026-02100,2024-05-20,2024,2024-Q2,CUST-0013,Oceanic Airlines Group,Enterprise Strategic,Aviation,APAC-ANZ,Australia,Direct Field Sales,IoT & Edge Computing,SKU-IOT-330,Edge IoT Fleet Orchestrator,49,7140.0,11.0,311375.4,96744.34,68.93,Net 60,Completed,Marcus Vance
ORD-2026-02101,2025-04-20,2025,2025-Q2,CUST-0031,Athena Health Systems,Mid-Market,Healthcare,APAC-South,Singapore,Global Alliance Partner,Cloud Infrastructure,SKU-INFRA-805,High-Speed API Gateway Gateway,25,5346.0,7.0,124294.5,21937.98,82.35,Net 30,Completed,Hannah Schmidt
ORD-2026-02102,2025-12-10,2025,2025-Q4,CUST-0014,Nakatomi Trading Corp,Mid-Market,Trading & Real Estate,APAC-East,South Korea,Online B2B Portal,Cybersecurity Suite,SKU-SEC-410,Compliance & Audit Vault,20,7776.0,3.0,150854.4,35375.36,76.55,Annual Pre-Paid,Completed,Chloe Dubois
ORD-2026-02103,2024-12-01,2024,2024-Q4,CUST-0022,Gekko Financial Partners,Enterprise Strategic,FinTech & Hedge Fund,US-West,United States,Global Alliance Partner,Cloud Infrastructure,SKU-INFRA-801,Enterprise Data Lakehouse Engine,16,12500.0,22.0,156000.0,32884.8,78.92,Net 60,In Fulfillment,Kenji Sato
ORD-2026-02104,2025-12-15,2025,2025-Q4,CUST-0012,Massive Dynamic AI,Enterprise Strategic,Artificial Intelligence,US-East,United States,Strategic Reseller Partner,Enterprise ERP,SKU-ERP-101,Global ERP Enterprise Suite,76,33950.0,9.0,2347982.0,700403.03,70.17,Net 30,Completed,Marcus Vance
ORD-2026-02105,2024-08-12,2024,2024-Q3,CUST-0018,Virtucon Industries,Enterprise Strategic,Industrial Equipment,EU-West,France,Global Alliance Partner,Developer Tools,SKU-DEV-701,DevSecOps Automation Mesh,106,4725.0,9.0,455773.5,61164.8,86.58,Annual Pre-Paid,Completed,Marcus Vance
ORD-2026-02106,2025-01-02,2025,2025-Q1,CUST-0019,Buy N Large Retail Mega,Enterprise Strategic,E-Commerce,APAC-East,South Korea,Online B2B Portal,Database Infrastructure,SKU-DB-880,QuantumDB Distributed Cluster,53,15510.0,22.0,641183.4,118747.17,81.48,Net 30,Pending Verification,Astrid Lindgren
ORD-2026-02107,2025-04-23,2025,2025-Q2,CUST-0012,Massive Dynamic AI,Enterprise Strategic,Artificial Intelligence,EU-West,United Kingdom,Global Alliance Partner,Enterprise ERP,SKU-ERP-101,Global ERP Enterprise Suite,13,37800.0,18.0,402948.0,144940.4,64.03,Net 90,In Fulfillment,Michael Chang
ORD-2026-02108,2026-06-14,2026,2026-Q2,CUST-0022,Gekko Financial Partners,Enterprise Strategic,FinTech & Hedge Fund,APAC-South,Singapore,Online B2B Portal,AI Platform,SKU-AI-9050,Realtime Anomaly Detection,99,10640.0,24.0,800553.6,151064.46,81.13,Net 90,In Fulfillment,David Lin
ORD-2026-02109,2026-03-09,2026,2026-Q1,CUST-0002,Globex Corporation,Enterprise Strategic,Conglomerate,LATAM,Brazil,Direct Field Sales,Cybersecurity Suite,SKU-SEC-410,Compliance & Audit Vault,104,7272.0,9.0,688222.08,192082.78,72.09,Annual Pre-Paid,Completed,Kenji Sato
ORD-2026-02110,2025-05-15,2025,2025-Q2,CUST-0027,Vault-Tec Security Hub,Enterprise Strategic,Cybersecurity,APAC-ANZ,Australia,Direct Field Sales,Enterprise ERP,SKU-ERP-101,Global ERP Enterprise Suite,33,37450.0,14.0,1062831.0,338192.82,68.18,Net 90,In Fulfillment,Chloe Dubois
ORD-2026-02111,2024-02-22,2024,2024-Q1,CUST-0026,Shinra Electric Power,Enterprise Strategic,Energy & Utilities,APAC-ANZ,Australia,Global Alliance Partner,AI Platform,SKU-AI-9001,Neural Fabric GenAI Platform,74,26040.0,20.0,1541568.0,189612.86,87.7,Net 90,Completed,Kenji Sato
ORD-2026-02112,2026-07-06,2026,2026-Q3,CUST-0027,Vault-Tec Security Hub,Enterprise Strategic,Cybersecurity,LATAM,Brazil,Global Alliance Partner,Cybersecurity Suite,SKU-SEC-402,Zero-Trust Security Perimeter,91,9256.0,23.0,648567.92,167135.95,74.23,Net 30,Pending Verification,Vikram Patel
ORD-2026-02113,2024-10-31,2024,2024-Q4,CUST-0006,Soylent BioTech Global,Mid-Market,BioTech,APAC-East,Japan,Online B2B Portal,Cloud Infrastructure,SKU-INFRA-805,High-Speed API Gateway Gateway,40,5778.0,9.0,210319.2,50077.0,76.19,Annual Pre-Paid,In Fulfillment,Rachel Green
ORD-2026-02114,2026-05-13,2026,2026-Q2,CUST-0008,Umbrella Life Sciences,Enterprise Strategic,Pharma,US-East,United States,Online B2B Portal,Developer Tools,SKU-DEV-701,DevSecOps Automation Mesh,10,4590.0,19.0,37179.0,4201.23,88.7,Annual Pre-Paid,Completed,Kenji Sato
ORD-2026-02115,2024-08-29,2024,2024-Q3,CUST-0024,Aperture Quantum Lab,Mid-Market,Research & Quantum,EU-North,Netherlands,Global Alliance Partner,Cloud Infrastructure,SKU-INFRA-801,Enterprise Data Lakehouse Engine,23,12000.0,13.0,240120.0,57676.82,75.98,Net 90,Completed,Rachel Green
ORD-2026-02116,2025-06-05,2025,2025-Q2,CUST-0016,Dunder Mifflin Paper & Tech,SMB Growth,Retail & Supplies,EU-West,United Kingdom,Direct Field Sales,IoT & Edge Computing,SKU-IOT-330,Edge IoT Fleet Orchestrator,8,7004.0,5.0,53230.4,16937.91,68.18,Annual Pre-Paid,Completed,Astrid Lindgren
ORD-2026-02117,2026-03-21,2026,2026-Q1,CUST-0008,Umbrella Life Sciences,Enterprise Strategic,Pharma,APAC-East,Japan,Strategic Reseller Partner,Cybersecurity Suite,SKU-SEC-402,Zero-Trust Security Perimeter,99,8811.0,9.0,793782.99,175743.55,77.86,Quarterly Net 30,Pending Verification,Gabriel Santos
ORD-2026-02118,2024-03-24,2024,2024-Q1,CUST-0002,Globex Corporation,Enterprise Strategic,Conglomerate,APAC-East,South Korea,Global Alliance Partner,Cloud Infrastructure,SKU-INFRA-805,High-Speed API Gateway Gateway,87,5238.0,15.0,387350.1,81266.05,79.02,Net 90,Completed,Jessica Taylor
ORD-2026-02119,2025-04-27,2025,2025-Q2,CUST-0014,Nakatomi Trading Corp,Mid-Market,Trading & Real Estate,APAC-East,Taiwan,Global Alliance Partner,Database Infrastructure,SKU-DB-880,QuantumDB Distributed Cluster,21,15675.0,10.0,296257.5,55933.42,81.12,Quarterly Net 30,Completed,Jessica Taylor
ORD-2026-02120,2024-01-25,2024,2024-Q1,CUST-0021,Weyland-Yutani Deep Space,Enterprise Strategic,Energy & Mining,APAC-East,South Korea,Online B2B Portal,Cloud Infrastructure,SKU-INFRA-801,Enterprise Data Lakehouse Engine,113,12125.0,18.0,1123502.5,279752.12,75.1,Net 30,Completed,Alex Mercer
ORD-2026-02121,2024-09-25,2024,2024-Q3,CUST-0028,LexCorp Advanced Metals,Enterprise Strategic,Materials,APAC-East,South Korea,Direct Field Sales,Cloud Infrastructure,SKU-INFRA-805,High-Speed API Gateway Gateway,115,5616.0,13.0,561880.8,139121.69,75.24,Annual Pre-Paid,In Fulfillment,Marcus Vance
ORD-2026-02122,2026-05-09,2026,2026-Q2,CUST-0004,Stark Aerospace & Defense,Enterprise Strategic,Aerospace,APAC-East,South Korea,Direct Field Sales,IoT & Edge Computing,SKU-IOT-330,Edge IoT Fleet Orchestrator,102,7276.0,8.0,682779.84,181551.16,73.41,Net 30,Completed,Elena Rostova
ORD-2026-02123,2026-04-09,2026,2026-Q2,CUST-0012,Massive Dynamic AI,Enterprise Strategic,Artificial Intelligence,APAC-East,South Korea,Direct Field Sales,Cybersecurity Suite,SKU-SEC-410,Compliance & Audit Vault,109,6840.0,16.0,626270.4,181868.92,70.96,Net 60,Completed,Astrid Lindgren
ORD-2026-02124,2024-11-26,2024,2024-Q4,CUST-0014,Nakatomi Trading Corp,Mid-Market,Trading & Real Estate,APAC-East,South Korea,Strategic Reseller Partner,AI Platform,SKU-AI-9050,Realtime Anomaly Detection,7,11984.0,7.0,78015.84,17124.48,78.05,Annual Pre-Paid,Pending Verification,Rachel Green
ORD-2026-02125,2024-09-25,2024,2024-Q3,CUST-0011,Pied Piper Compression,Mid-Market,DeepTech,EU-North,Netherlands,Online B2B Portal,Cybersecurity Suite,SKU-SEC-402,Zero-Trust Security Perimeter,3,9167.0,3.0,26675.97,6594.3,75.28,Net 60,Completed,Vikram Patel
ORD-2026-02126,2026-02-28,2026,2026-Q1,CUST-0016,Dunder Mifflin Paper & Tech,SMB Growth,Retail & Supplies,EU-West,France,Online B2B Portal,Cybersecurity Suite,SKU-SEC-410,Compliance & Audit Vault,12,6984.0,0.0,83808.0,19946.3,76.2,Quarterly Net 30,Completed,Chloe Dubois
ORD-2026-02127,2024-01-28,2024,2024-Q1,CUST-0025,Black Mesa Research,Enterprise Strategic,Scientific R&D,APAC-East,Taiwan,Strategic Reseller Partner,AI Platform,SKU-AI-9001,Neural Fabric GenAI Platform,83,25048.0,12.0,1829505.92,338092.69,81.52,Net 90,Pending Verification,Rachel Green
ORD-2026-02128,2025-06-27,2025,2025-Q2,CUST-0011,Pied Piper Compression,Mid-Market,DeepTech,EU-Central,Germany,Strategic Reseller Partner,Cloud Infrastructure,SKU-INFRA-805,High-Speed API Gateway Gateway,34,5184.0,11.0,156867.84,29349.97,81.29,Net 30,In Fulfillment,Gabriel Santos
ORD-2026-02129,2026-06-11,2026,2026-Q2,CUST-0005,Wayne Enterprises Holdings,Enterprise Strategic,Finance & Industrial,EU-Central,Switzerland,Direct Field Sales,IoT & Edge Computing,SKU-IOT-330,Edge IoT Fleet Orchestrator,65,7276.0,15.0,401999.0,116217.91,71.09,Annual Pre-Paid,Pending Verification,Vikram Patel
ORD-2026-02130,2024-08-15,2024,2024-Q3,CUST-0008,Umbrella Life Sciences,Enterprise Strategic,Pharma,EU-West,France,Direct Field Sales,AI Platform,SKU-AI-9001,Neural Fabric GenAI Platform,53,23808.0,18.0,1034695.68,142994.94,86.18,Net 60,Completed,David Lin
ORD-2026-02131,2024-01-02,2024,2024-Q1,CUST-0013,Oceanic Airlines Group,Enterprise Strategic,Aviation,EU-Central,Switzerland,Direct Field Sales,AI Platform,SKU-AI-9001,Neural Fabric GenAI Platform,65,25296.0,6.0,1545585.6,289797.3,81.25,Net 90,Completed,Chloe Dubois
ORD-2026-02132,2026-06-19,2026,2026-Q2,CUST-0004,Stark Aerospace & Defense,Enterprise Strategic,Aerospace,EU-West,United Kingdom,Direct Field Sales,Cloud Infrastructure,SKU-INFRA-805,High-Speed API Gateway Gateway,85,5400.0,16.0,385560.0,68668.24,82.19,Net 30,Completed,Marcus Vance
ORD-2026-02133,2025-02-15,2025,2025-Q1,CUST-0010,Hooli Enterprise Cloud,Enterprise Strategic,Cloud Services,APAC-East,Japan,Strategic Reseller Partner,Cybersecurity Suite,SKU-SEC-410,Compliance & Audit Vault,58,7344.0,16.0,357799.68,85299.44,76.16,Net 90,Pending Verification,Gabriel Santos
ORD-2026-02134,2024-01-31,2024,2024-Q1,CUST-0002,Globex Corporation,Enterprise Strategic,Conglomerate,EU-Central,Switzerland,Strategic Reseller Partner,Cloud Infrastructure,SKU-INFRA-805,High-Speed API Gateway Gateway,69,5778.0,18.0,326919.24,56851.26,82.61,Net 60,Completed,Vikram Patel
ORD-2026-02135,2024-10-09,2024,2024-Q4,CUST-0006,Soylent BioTech Global,Mid-Market,BioTech,US-West,United States,Global Alliance Partner,Cloud Infrastructure,SKU-INFRA-805,High-Speed API Gateway Gateway,2,5454.0,6.0,10253.52,2471.1,75.9,Quarterly Net 30,Completed,Hannah Schmidt
ORD-2026-02136,2024-04-22,2024,2024-Q2,CUST-0011,Pied Piper Compression,Mid-Market,DeepTech,APAC-East,South Korea,Global Alliance Partner,IoT & Edge Computing,SKU-IOT-330,Edge IoT Fleet Orchestrator,27,6868.0,2.0,181727.28,50447.49,72.24,Net 30,In Fulfillment,Rachel Green
ORD-2026-02137,2024-05-02,2024,2024-Q2,CUST-0030,Sartre Software SAS,SMB Growth,Dev Tools,US-East,United States,Strategic Reseller Partner,IoT & Edge Computing,SKU-IOT-330,Edge IoT Fleet Orchestrator,4,7208.0,5.0,27390.4,8151.38,70.24,Net 60,Pending Verification,Gabriel Santos
ORD-2026-02138,2025-09-01,2025,2025-Q3,CUST-0025,Black Mesa Research,Enterprise Strategic,Scientific R&D,APAC-South,Singapore,Strategic Reseller Partner,Enterprise ERP,SKU-ERP-101,Global ERP Enterprise Suite,47,36050.0,25.0,1270762.5,368521.13,71.0,Net 30,Completed,Marcus Vance
ORD-2026-02139,2024-01-12,2024,2024-Q1,CUST-0019,Buy N Large Retail Mega,Enterprise Strategic,E-Commerce,APAC-East,South Korea,Strategic Reseller Partner,Enterprise ERP,SKU-ERP-101,Global ERP Enterprise Suite,25,34300.0,18.0,703150.0,230211.31,67.26,Net 30,Completed,Brian O'Connor
ORD-2026-02140,2024-06-08,2024,2024-Q2,CUST-0015,Acme Aerospace Systems,Mid-Market,Manufacturing,EU-Central,Switzerland,Online B2B Portal,Database Infrastructure,SKU-DB-880,QuantumDB Distributed Cluster,2,17655.0,3.0,34250.7,6315.83,81.56,Annual Pre-Paid,Completed,Elena Rostova
ORD-2026-02141,2025-09-16,2025,2025-Q3,CUST-0025,Black Mesa Research,Enterprise Strategic,Scientific R&D,APAC-South,Singapore,Global Alliance Partner,Cloud Infrastructure,SKU-INFRA-801,Enterprise Data Lakehouse Engine,21,12125.0,23.0,196061.25,45094.09,77.0,Net 60,Pending Verification,Alex Mercer
ORD-2026-02142,2024-12-26,2024,2024-Q4,CUST-0023,Delos Experience Living,Enterprise Strategic,Hospitality,EU-West,United Kingdom,Global Alliance Partner,Enterprise ERP,SKU-ERP-101,Global ERP Enterprise Suite,69,36050.0,20.0,1989960.0,586640.21,70.52,Net 90,Pending Verification,Vikram Patel
ORD-2026-02143,2024-01-17,2024,2024-Q1,CUST-0016,Dunder Mifflin Paper & Tech,SMB Growth,Retail & Supplies,LATAM,Brazil,Global Alliance Partner,Enterprise ERP,SKU-ERP-101,Global ERP Enterprise Suite,14,35000.0,7.0,455700.0,158720.31,65.17,Net 90,Completed,Chloe Dubois
ORD-2026-02144,2024-09-11,2024,2024-Q3,CUST-0034,Quantum Peak Labs,SMB Growth,Semiconductor,EU-West,France,Online B2B Portal,IoT & Edge Computing,SKU-IOT-330,Edge IoT Fleet Orchestrator,7,6460.0,1.0,44767.8,13869.06,69.02,Annual Pre-Paid,Completed,Jessica Taylor
ORD-2026-02145,2025-02-16,2025,2025-Q1,CUST-0030,Sartre Software SAS,SMB Growth,Dev Tools,APAC-East,Taiwan,Global Alliance Partner,Enterprise ERP,SKU-ERP-101,Global ERP Enterprise Suite,10,34300.0,1.0,339570.0,113823.86,66.48,Annual Pre-Paid,In Fulfillment,Marcus Vance
ORD-2026-02146,2026-02-05,2026,2026-Q1,CUST-0004,Stark Aerospace & Defense,Enterprise Strategic,Aerospace,EU-Central,Germany,Strategic Reseller Partner,Cybersecurity Suite,SKU-SEC-410,Compliance & Audit Vault,72,6840.0,13.0,428457.6,114441.02,73.29,Quarterly Net 30,In Fulfillment,Alex Mercer
ORD-2026-02147,2025-01-28,2025,2025-Q1,CUST-0027,Vault-Tec Security Hub,Enterprise Strategic,Cybersecurity,EU-North,Netherlands,Direct Field Sales,AI Platform,SKU-AI-9050,Realtime Anomaly Detection,77,10640.0,17.0,680002.4,101048.36,85.14,Annual Pre-Paid,In Fulfillment,Rachel Green
ORD-2026-02148,2026-07-25,2026,2026-Q3,CUST-0016,Dunder Mifflin Paper & Tech,SMB Growth,Retail & Supplies,EU-West,United Kingdom,Online B2B Portal,Cloud Infrastructure,SKU-INFRA-805,High-Speed API Gateway Gateway,12,5832.0,4.0,67184.64,13806.44,79.45,Annual Pre-Paid,Completed,Chloe Dubois
ORD-2026-02149,2025-09-17,2025,2025-Q3,CUST-0012,Massive Dynamic AI,Enterprise Strategic,Artificial Intelligence,EU-West,France,Global Alliance Partner,Cloud Infrastructure,SKU-INFRA-801,Enterprise Data Lakehouse Engine,43,12000.0,7.0,479880.0,118146.46,75.38,Quarterly Net 30,Pending Verification,Brian O'Connor
ORD-2026-02150,2025-09-14,2025,2025-Q3,CUST-0016,Dunder Mifflin Paper & Tech,SMB Growth,Retail & Supplies,US-West,United States,Online B2B Portal,Database Infrastructure,SKU-DB-880,QuantumDB Distributed Cluster,10,15675.0,4.0,150480.0,25401.02,83.12,Net 30,In Fulfillment,Marcus Vance
ORD-2026-02151,2025-02-16,2025,2025-Q1,CUST-0001,Cyberdyne Systems Corp,Enterprise Strategic,Technology & AI,US-East,United States,Direct Field Sales,AI Platform,SKU-AI-9001,Neural Fabric GenAI Platform,42,25296.0,11.0,945564.48,139281.65,85.27,Annual Pre-Paid,Completed,Marcus Vance
ORD-2026-02152,2026-05-10,2026,2026-Q2,CUST-0005,Wayne Enterprises Holdings,Enterprise Strategic,Finance & Industrial,APAC-East,South Korea,Online B2B Portal,Database Infrastructure,SKU-DB-880,QuantumDB Distributed Cluster,114,16005.0,6.0,1715095.8,266011.36,84.49,Net 30,In Fulfillment,Kenji Sato
ORD-2026-02153,2024-05-01,2024,2024-Q2,CUST-0002,Globex Corporation,Enterprise Strategic,Conglomerate,EU-West,United Kingdom,Global Alliance Partner,Developer Tools,SKU-DEV-701,DevSecOps Automation Mesh,24,4725.0,23.0,87318.0,12434.08,85.76,Net 30,Completed,Vikram Patel
ORD-2026-02154,2024-12-01,2024,2024-Q4,CUST-0025,Black Mesa Research,Enterprise Strategic,Scientific R&D,EU-Central,Germany,Strategic Reseller Partner,Cybersecurity Suite,SKU-SEC-402,Zero-Trust Security Perimeter,42,8633.0,23.0,279191.22,59300.22,78.76,Net 60,Completed,Michael Chang
ORD-2026-02155,2024-07-06,2024,2024-Q3,CUST-0015,Acme Aerospace Systems,Mid-Market,Manufacturing,EU-West,France,Strategic Reseller Partner,Cloud Infrastructure,SKU-INFRA-801,Enterprise Data Lakehouse Engine,38,13500.0,14.0,441180.0,99618.44,77.42,Net 30,Pending Verification,Michael Chang
ORD-2026-02156,2026-07-16,2026,2026-Q3,CUST-0026,Shinra Electric Power,Enterprise Strategic,Energy & Utilities,US-Central,United States,Direct Field Sales,Developer Tools,SKU-DEV-701,DevSecOps Automation Mesh,56,4770.0,16.0,224380.8,38862.75,82.68,Net 90,In Fulfillment,Vikram Patel
ORD-2026-02157,2024-01-03,2024,2024-Q1,CUST-0029,Omni Consumer Products,Enterprise Strategic,Consumer Tech,APAC-East,Taiwan,Global Alliance Partner,IoT & Edge Computing,SKU-IOT-330,Edge IoT Fleet Orchestrator,17,6732.0,24.0,86977.44,25510.48,70.67,Annual Pre-Paid,In Fulfillment,Gabriel Santos
ORD-2026-02158,2026-02-21,2026,2026-Q1,CUST-0019,Buy N Large Retail Mega,Enterprise Strategic,E-Commerce,LATAM,Brazil,Direct Field Sales,Enterprise ERP,SKU-ERP-101,Global ERP Enterprise Suite,36,33950.0,21.0,965538.0,327703.6,66.06,Net 60,Pending Verification,Elena Rostova
ORD-2026-02159,2024-03-15,2024,2024-Q1,CUST-0013,Oceanic Airlines Group,Enterprise Strategic,Aviation,EU-Central,Switzerland,Online B2B Portal,IoT & Edge Computing,SKU-IOT-330,Edge IoT Fleet Orchestrator,17,6800.0,5.0,109820.0,30782.55,71.97,Net 60,Completed,Chloe Dubois
ORD-2026-02160,2024-12-24,2024,2024-Q4,CUST-0004,Stark Aerospace & Defense,Enterprise Strategic,Aerospace,EU-West,United Kingdom,Global Alliance Partner,AI Platform,SKU-AI-9001,Neural Fabric GenAI Platform,101,25544.0,17.0,2141353.52,262744.08,87.73,Net 60,Pending Verification,Hannah Schmidt
ORD-2026-02161,2025-09-28,2025,2025-Q3,CUST-0005,Wayne Enterprises Holdings,Enterprise Strategic,Finance & Industrial,APAC-East,Taiwan,Strategic Reseller Partner,Cloud Infrastructure,SKU-INFRA-805,High-Speed API Gateway Gateway,66,5346.0,9.0,321080.76,75389.76,76.52,Net 60,Pending Verification,Hannah Schmidt
ORD-2026-02162,2024-11-13,2024,2024-Q4,CUST-0018,Virtucon Industries,Enterprise Strategic,Industrial Equipment,LATAM,Brazil,Global Alliance Partner,Enterprise ERP,SKU-ERP-101,Global ERP Enterprise Suite,75,36400.0,17.0,2265900.0,726220.95,67.95,Net 30,Completed,Astrid Lindgren
ORD-2026-02163,2025-07-01,2025,2025-Q3,CUST-0027,Vault-Tec Security Hub,Enterprise Strategic,Cybersecurity,LATAM,Brazil,Strategic Reseller Partner,Database Infrastructure,SKU-DB-880,QuantumDB Distributed Cluster,45,17655.0,25.0,595856.25,94860.32,84.08,Annual Pre-Paid,Completed,David Lin
ORD-2026-02164,2024-03-19,2024,2024-Q1,CUST-0005,Wayne Enterprises Holdings,Enterprise Strategic,Finance & Industrial,APAC-East,South Korea,Global Alliance Partner,Cloud Infrastructure,SKU-INFRA-801,Enterprise Data Lakehouse Engine,93,13000.0,16.0,1015560.0,235000.58,76.86,Annual Pre-Paid,In Fulfillment,Vikram Patel
ORD-2026-02165,2024-06-19,2024,2024-Q2,CUST-0035,Hyperion Data Mesh,Mid-Market,Data Infrastructure,APAC-East,Taiwan,Online B2B Portal,AI Platform,SKU-AI-9001,Neural Fabric GenAI Platform,19,23560.0,5.0,425258.0,76333.81,82.05,Quarterly Net 30,Completed,Michael Chang
ORD-2026-02166,2026-03-24,2026,2026-Q1,CUST-0023,Delos Experience Living,Enterprise Strategic,Hospitality,APAC-East,Japan,Direct Field Sales,Developer Tools,SKU-DEV-701,DevSecOps Automation Mesh,49,4185.0,16.0,172254.6,20860.03,87.89,Net 30,Pending Verification,Brian O'Connor
ORD-2026-02167,2026-05-05,2026,2026-Q2,CUST-0029,Omni Consumer Products,Enterprise Strategic,Consumer Tech,EU-Central,Germany,Online B2B Portal,Cybersecurity Suite,SKU-SEC-410,Compliance & Audit Vault,55,6912.0,18.0,311731.2,76904.09,75.33,Annual Pre-Paid,Completed,Vikram Patel
ORD-2026-02168,2025-05-18,2025,2025-Q2,CUST-0031,Athena Health Systems,Mid-Market,Healthcare,US-East,United States,Direct Field Sales,Enterprise ERP,SKU-ERP-101,Global ERP Enterprise Suite,2,37100.0,9.0,67522.0,19979.76,70.41,Net 90,Pending Verification,Brian O'Connor
ORD-2026-02169,2024-11-15,2024,2024-Q4,CUST-0008,Umbrella Life Sciences,Enterprise Strategic,Pharma,APAC-East,Japan,Online B2B Portal,Cloud Infrastructure,SKU-INFRA-801,Enterprise Data Lakehouse Engine,102,13375.0,10.0,1227825.0,249371.26,79.69,Net 60,In Fulfillment,Sarah Chen
ORD-2026-02170,2026-04-03,2026,2026-Q2,CUST-0035,Hyperion Data Mesh,Mid-Market,Data Infrastructure,US-East,United States,Strategic Reseller Partner,Cybersecurity Suite,SKU-SEC-410,Compliance & Audit Vault,26,6840.0,6.0,167169.6,37579.73,77.52,Net 30,In Fulfillment,Michael Chang
ORD-2026-02171,2025-01-15,2025,2025-Q1,CUST-0035,Hyperion Data Mesh,Mid-Market,Data Infrastructure,APAC-East,Japan,Global Alliance Partner,Enterprise ERP,SKU-ERP-101,Global ERP Enterprise Suite,3,35350.0,10.0,95445.0,34264.76,64.1,Annual Pre-Paid,Pending Verification,Marcus Vance
ORD-2026-02172,2025-09-14,2025,2025-Q3,CUST-0022,Gekko Financial Partners,Enterprise Strategic,FinTech & Hedge Fund,US-West,United States,Global Alliance Partner,Enterprise ERP,SKU-ERP-101,Global ERP Enterprise Suite,93,35700.0,14.0,2855286.0,829746.11,70.94,Net 60,Pending Verification,Astrid Lindgren
ORD-2026-02173,2025-03-03,2025,2025-Q1,CUST-0009,Wonka Global Logistics,Mid-Market,Supply Chain,EU-West,United Kingdom,Direct Field Sales,Database Infrastructure,SKU-DB-880,QuantumDB Distributed Cluster,40,16005.0,15.0,544170.0,88155.54,83.8,Quarterly Net 30,Completed,Gabriel Santos
ORD-2026-02174,2026-02-26,2026,2026-Q1,CUST-0028,LexCorp Advanced Metals,Enterprise Strategic,Materials,EU-Central,Switzerland,Direct Field Sales,Cloud Infrastructure,SKU-INFRA-805,High-Speed API Gateway Gateway,97,5454.0,24.0,402068.88,68592.95,82.94,Net 30,In Fulfillment,Alex Mercer
ORD-2026-02175,2025-11-26,2025,2025-Q4,CUST-0008,Umbrella Life Sciences,Enterprise Strategic,Pharma,APAC-East,Taiwan,Direct Field Sales,Cloud Infrastructure,SKU-INFRA-805,High-Speed API Gateway Gateway,112,5562.0,19.0,504584.64,90371.11,82.09,Net 90,In Fulfillment,Sarah Chen
ORD-2026-02176,2024-04-04,2024,2024-Q2,CUST-0013,Oceanic Airlines Group,Enterprise Strategic,Aviation,APAC-South,Singapore,Strategic Reseller Partner,IoT & Edge Computing,SKU-IOT-330,Edge IoT Fleet Orchestrator,53,6596.0,7.0,325116.84,96852.31,70.21,Net 90,Completed,David Lin
ORD-2026-02177,2024-06-15,2024,2024-Q2,CUST-0026,Shinra Electric Power,Enterprise Strategic,Energy & Utilities,EU-West,United Kingdom,Strategic Reseller Partner,AI Platform,SKU-AI-9001,Neural Fabric GenAI Platform,19,24304.0,17.0,383274.08,67609.55,82.36,Annual Pre-Paid,In Fulfillment,Marcus Vance
ORD-2026-02178,2024-01-19,2024,2024-Q1,CUST-0021,Weyland-Yutani Deep Space,Enterprise Strategic,Energy & Mining,EU-West,United Kingdom,Global Alliance Partner,Cloud Infrastructure,SKU-INFRA-801,Enterprise Data Lakehouse Engine,65,12000.0,15.0,663000.0,134655.3,79.69,Net 90,Completed,Astrid Lindgren
ORD-2026-02179,2025-12-15,2025,2025-Q4,CUST-0004,Stark Aerospace & Defense,Enterprise Strategic,Aerospace,LATAM,Brazil,Strategic Reseller Partner,Database Infrastructure,SKU-DB-880,QuantumDB Distributed Cluster,15,15345.0,14.0,197950.5,39352.56,80.12,Net 30,Pending Verification,Astrid Lindgren
ORD-2026-02180,2024-09-06,2024,2024-Q3,CUST-0018,Virtucon Industries,Enterprise Strategic,Industrial Equipment,EU-North,Netherlands,Global Alliance Partner,IoT & Edge Computing,SKU-IOT-330,Edge IoT Fleet Orchestrator,57,6732.0,8.0,353026.08,105943.13,69.99,Quarterly Net 30,Completed,Brian O'Connor
ORD-2026-02181,2024-01-03,2024,2024-Q1,CUST-0024,Aperture Quantum Lab,Mid-Market,Research & Quantum,EU-West,United Kingdom,Direct Field Sales,Cybersecurity Suite,SKU-SEC-402,Zero-Trust Security Perimeter,26,8989.0,1.0,231376.86,66798.5,71.13,Net 90,Completed,Hannah Schmidt
ORD-2026-02182,2025-07-22,2025,2025-Q3,CUST-0029,Omni Consumer Products,Enterprise Strategic,Consumer Tech,US-East,United States,Strategic Reseller Partner,IoT & Edge Computing,SKU-IOT-330,Edge IoT Fleet Orchestrator,71,6596.0,13.0,407434.92,103895.9,74.5,Annual Pre-Paid,In Fulfillment,Alex Mercer
ORD-2026-02183,2025-02-09,2025,2025-Q1,CUST-0026,Shinra Electric Power,Enterprise Strategic,Energy & Utilities,EU-West,United Kingdom,Global Alliance Partner,Cloud Infrastructure,SKU-INFRA-801,Enterprise Data Lakehouse Engine,52,13000.0,6.0,635440.0,120098.16,81.1,Net 30,Completed,Kenji Sato
ORD-2026-02184,2026-05-07,2026,2026-Q2,CUST-0001,Cyberdyne Systems Corp,Enterprise Strategic,Technology & AI,APAC-East,Taiwan,Direct Field Sales,Cloud Infrastructure,SKU-INFRA-801,Enterprise Data Lakehouse Engine,115,11625.0,9.0,1216556.25,304747.34,74.95,Net 60,Completed,Gabriel Santos
ORD-2026-02185,2026-01-28,2026,2026-Q1,CUST-0016,Dunder Mifflin Paper & Tech,SMB Growth,Retail & Supplies,APAC-South,Singapore,Direct Field Sales,Cybersecurity Suite,SKU-SEC-402,Zero-Trust Security Perimeter,6,9078.0,1.0,53923.32,14176.44,73.71,Net 60,Completed,Gabriel Santos
ORD-2026-02186,2025-01-14,2025,2025-Q1,CUST-0030,Sartre Software SAS,SMB Growth,Dev Tools,APAC-ANZ,Australia,Online B2B Portal,Database Infrastructure,SKU-DB-880,QuantumDB Distributed Cluster,14,16830.0,1.0,233263.8,50175.04,78.49,Annual Pre-Paid,Completed,Alex Mercer
ORD-2026-02187,2025-09-30,2025,2025-Q3,CUST-0035,Hyperion Data Mesh,Mid-Market,Data Infrastructure,EU-North,Netherlands,Direct Field Sales,Cybersecurity Suite,SKU-SEC-402,Zero-Trust Security Perimeter,31,9345.0,5.0,275210.25,68967.69,74.94,Net 90,Pending Verification,Kenji Sato
ORD-2026-02188,2026-04-10,2026,2026-Q2,CUST-0018,Virtucon Industries,Enterprise Strategic,Industrial Equipment,APAC-South,Singapore,Strategic Reseller Partner,Cloud Infrastructure,SKU-INFRA-801,Enterprise Data Lakehouse Engine,45,12625.0,11.0,505631.25,106991.57,78.84,Net 90,Pending Verification,Elena Rostova
ORD-2026-02189,2025-06-10,2025,2025-Q2,CUST-0006,Soylent BioTech Global,Mid-Market,BioTech,US-West,United States,Direct Field Sales,Cloud Infrastructure,SKU-INFRA-805,High-Speed API Gateway Gateway,9,5508.0,11.0,44119.08,9803.26,77.78,Net 90,In Fulfillment,Kenji Sato
ORD-2026-02190,2026-06-26,2026,2026-Q2,CUST-0019,Buy N Large Retail Mega,Enterprise Strategic,E-Commerce,APAC-East,South Korea,Online B2B Portal,IoT & Edge Computing,SKU-IOT-330,Edge IoT Fleet Orchestrator,56,6460.0,8.0,332819.2,85368.12,74.35,Net 90,In Fulfillment,Sarah Chen
ORD-2026-02191,2025-05-20,2025,2025-Q2,CUST-0032,Zeus Renewable Power,Mid-Market,Clean Energy,US-East,United States,Online B2B Portal,IoT & Edge Computing,SKU-IOT-330,Edge IoT Fleet Orchestrator,26,7344.0,0.0,190944.0,54858.21,71.27,Annual Pre-Paid,In Fulfillment,Kenji Sato
ORD-2026-02192,2025-07-08,2025,2025-Q3,CUST-0028,LexCorp Advanced Metals,Enterprise Strategic,Materials,US-East,United States,Global Alliance Partner,Cloud Infrastructure,SKU-INFRA-801,Enterprise Data Lakehouse Engine,42,12750.0,14.0,460530.0,91829.68,80.06,Annual Pre-Paid,Completed,Marcus Vance
ORD-2026-02193,2024-07-20,2024,2024-Q3,CUST-0023,Delos Experience Living,Enterprise Strategic,Hospitality,APAC-East,South Korea,Direct Field Sales,Developer Tools,SKU-DEV-701,DevSecOps Automation Mesh,69,4185.0,12.0,254113.2,26326.13,89.64,Net 30,Completed,Chloe Dubois
ORD-2026-02194,2024-08-23,2024,2024-Q3,CUST-0006,Soylent BioTech Global,Mid-Market,BioTech,EU-North,Netherlands,Global Alliance Partner,AI Platform,SKU-AI-9001,Neural Fabric GenAI Platform,22,24304.0,6.0,502606.72,82829.59,83.52,Net 30,Pending Verification,Marcus Vance
ORD-2026-02195,2024-07-02,2024,2024-Q3,CUST-0017,Sterling Cooper Advertising,Mid-Market,Marketing & Media,EU-Central,Germany,Direct Field Sales,Database Infrastructure,SKU-DB-880,QuantumDB Distributed Cluster,17,16005.0,9.0,247597.35,45706.47,81.54,Net 30,Completed,Kenji Sato
ORD-2026-02196,2026-01-19,2026,2026-Q1,CUST-0024,Aperture Quantum Lab,Mid-Market,Research & Quantum,EU-West,United Kingdom,Direct Field Sales,Developer Tools,SKU-DEV-701,DevSecOps Automation Mesh,31,4365.0,9.0,123136.65,17633.17,85.68,Quarterly Net 30,Completed,Gabriel Santos
ORD-2026-02197,2025-10-20,2025,2025-Q4,CUST-0034,Quantum Peak Labs,SMB Growth,Semiconductor,APAC-South,Singapore,Global Alliance Partner,IoT & Edge Computing,SKU-IOT-330,Edge IoT Fleet Orchestrator,12,7208.0,7.0,80441.28,23134.91,71.24,Net 60,Completed,David Lin
ORD-2026-02198,2025-02-01,2025,2025-Q1,CUST-0008,Umbrella Life Sciences,Enterprise Strategic,Pharma,APAC-East,Japan,Strategic Reseller Partner,Database Infrastructure,SKU-DB-880,QuantumDB Distributed Cluster,117,16830.0,11.0,1752507.9,366098.9,79.11,Quarterly Net 30,Completed,Jessica Taylor
ORD-2026-02199,2025-07-14,2025,2025-Q3,CUST-0001,Cyberdyne Systems Corp,Enterprise Strategic,Technology & AI,EU-West,France,Global Alliance Partner,Cloud Infrastructure,SKU-INFRA-801,Enterprise Data Lakehouse Engine,103,12000.0,9.0,1124760.0,225289.43,79.97,Annual Pre-Paid,Completed,Gabriel Santos
ORD-2026-02200,2026-01-18,2026,2026-Q1,CUST-0006,Soylent BioTech Global,Mid-Market,BioTech,APAC-East,Japan,Online B2B Portal,Database Infrastructure,SKU-DB-880,QuantumDB Distributed Cluster,2,15510.0,12.0,27297.6,5874.44,78.48,Net 30,Pending Verification,Jessica Taylor
ORD-2026-02201,2025-05-15,2025,2025-Q2,CUST-0016,Dunder Mifflin Paper & Tech,SMB Growth,Retail & Supplies,EU-West,United Kingdom,Strategic Reseller Partner,Cybersecurity Suite,SKU-SEC-402,Zero-Trust Security Perimeter,12,9167.0,6.0,103403.76,28229.23,72.7,Net 60,In Fulfillment,Rachel Green
ORD-2026-02202,2026-05-31,2026,2026-Q2,CUST-0026,Shinra Electric Power,Enterprise Strategic,Energy & Utilities,EU-Central,Germany,Online B2B Portal,Cloud Infrastructure,SKU-INFRA-801,Enterprise Data Lakehouse Engine,28,13375.0,22.0,292110.0,68412.16,76.58,Net 60,Completed,Brian O'Connor
ORD-2026-02203,2026-04-03,2026,2026-Q2,CUST-0030,Sartre Software SAS,SMB Growth,Dev Tools,EU-North,Netherlands,Strategic Reseller Partner,Enterprise ERP,SKU-ERP-101,Global ERP Enterprise Suite,3,37450.0,4.0,107856.0,33456.93,68.98,Net 60,In Fulfillment,Astrid Lindgren
ORD-2026-02204,2025-07-01,2025,2025-Q3,CUST-0022,Gekko Financial Partners,Enterprise Strategic,FinTech & Hedge Fund,APAC-South,Singapore,Strategic Reseller Partner,Cloud Infrastructure,SKU-INFRA-801,Enterprise Data Lakehouse Engine,22,11875.0,10.0,235125.0,50316.75,78.6,Net 90,Completed,Sarah Chen
ORD-2026-02205,2025-03-09,2025,2025-Q1,CUST-0013,Oceanic Airlines Group,Enterprise Strategic,Aviation,EU-West,United Kingdom,Strategic Reseller Partner,Cloud Infrastructure,SKU-INFRA-805,High-Speed API Gateway Gateway,40,5130.0,11.0,182628.0,41310.45,77.38,Net 30,In Fulfillment,Brian O'Connor
ORD-2026-02206,2025-09-14,2025,2025-Q3,CUST-0001,Cyberdyne Systems Corp,Enterprise Strategic,Technology & AI,APAC-East,South Korea,Global Alliance Partner,Developer Tools,SKU-DEV-701,DevSecOps Automation Mesh,109,4185.0,11.0,405986.85,45714.12,88.74,Net 90,In Fulfillment,Brian O'Connor
ORD-2026-02207,2025-02-02,2025,2025-Q1,CUST-0004,Stark Aerospace & Defense,Enterprise Strategic,Aerospace,MEA,United Arab Emirates,Global Alliance Partner,Developer Tools,SKU-DEV-701,DevSecOps Automation Mesh,60,4590.0,16.0,231336.0,40345.0,82.56,Quarterly Net 30,In Fulfillment,Sarah Chen
ORD-2026-02208,2024-01-31,2024,2024-Q1,CUST-0001,Cyberdyne Systems Corp,Enterprise Strategic,Technology & AI,APAC-ANZ,Australia,Global Alliance Partner,Enterprise ERP,SKU-ERP-101,Global ERP Enterprise Suite,36,32900.0,9.0,1077804.0,321293.37,70.19,Annual Pre-Paid,In Fulfillment,Brian O'Connor
ORD-2026-02209,2024-05-11,2024,2024-Q2,CUST-0032,Zeus Renewable Power,Mid-Market,Clean Energy,EU-Central,Switzerland,Global Alliance Partner,AI Platform,SKU-AI-9050,Realtime Anomaly Detection,15,10416.0,3.0,151552.8,22596.52,85.09,Quarterly Net 30,Completed,Jessica Taylor
ORD-2026-02210,2025-02-15,2025,2025-Q1,CUST-0020,Oscorp Pharmaceutical,Enterprise Strategic,Life Sciences,APAC-ANZ,Australia,Global Alliance Partner,Cloud Infrastructure,SKU-INFRA-801,Enterprise Data Lakehouse Engine,107,11875.0,14.0,1092737.5,252531.64,76.89,Net 60,Completed,Gabriel Santos
ORD-2026-02211,2024-02-05,2024,2024-Q1,CUST-0022,Gekko Financial Partners,Enterprise Strategic,FinTech & Hedge Fund,APAC-East,Taiwan,Online B2B Portal,Cybersecurity Suite,SKU-SEC-402,Zero-Trust Security Perimeter,84,8633.0,15.0,616396.2,147688.53,76.04,Net 30,Completed,Vikram Patel
ORD-2026-02212,2025-04-29,2025,2025-Q2,CUST-0020,Oscorp Pharmaceutical,Enterprise Strategic,Life Sciences,APAC-ANZ,Australia,Direct Field Sales,Cybersecurity Suite,SKU-SEC-402,Zero-Trust Security Perimeter,119,8188.0,15.0,828216.2,197281.1,76.18,Annual Pre-Paid,Completed,Gabriel Santos
ORD-2026-02213,2026-02-15,2026,2026-Q1,CUST-0024,Aperture Quantum Lab,Mid-Market,Research & Quantum,APAC-East,Japan,Strategic Reseller Partner,IoT & Edge Computing,SKU-IOT-330,Edge IoT Fleet Orchestrator,31,6664.0,6.0,194188.96,47751.07,75.41,Annual Pre-Paid,In Fulfillment,Alex Mercer
ORD-2026-02214,2026-05-12,2026,2026-Q2,CUST-0003,Initech Cloud Solutions,Mid-Market,Software,EU-West,United Kingdom,Global Alliance Partner,Database Infrastructure,SKU-DB-880,QuantumDB Distributed Cluster,34,16170.0,10.0,494802.0,80256.88,83.78,Annual Pre-Paid,Pending Verification,Jessica Taylor
ORD-2026-02215,2026-01-16,2026,2026-Q1,CUST-0005,Wayne Enterprises Holdings,Enterprise Strategic,Finance & Industrial,EU-Central,Germany,Global Alliance Partner,Enterprise ERP,SKU-ERP-101,Global ERP Enterprise Suite,45,35700.0,17.0,1333395.0,457754.5,65.67,Quarterly Net 30,In Fulfillment,Rachel Green
ORD-2026-02216,2025-12-16,2025,2025-Q4,CUST-0032,Zeus Renewable Power,Mid-Market,Clean Energy,APAC-ANZ,Australia,Online B2B Portal,Cybersecurity Suite,SKU-SEC-410,Compliance & Audit Vault,6,7704.0,4.0,44375.04,11515.32,74.05,Net 30,Pending Verification,Hannah Schmidt
ORD-2026-02217,2024-11-17,2024,2024-Q4,CUST-0001,Cyberdyne Systems Corp,Enterprise Strategic,Technology & AI,LATAM,Brazil,Online B2B Portal,Cybersecurity Suite,SKU-SEC-410,Compliance & Audit Vault,94,6840.0,21.0,507938.4,118908.38,76.59,Annual Pre-Paid,Pending Verification,Elena Rostova
ORD-2026-02218,2024-05-10,2024,2024-Q2,CUST-0009,Wonka Global Logistics,Mid-Market,Supply Chain,APAC-ANZ,Australia,Strategic Reseller Partner,Cybersecurity Suite,SKU-SEC-410,Compliance & Audit Vault,18,6768.0,13.0,105986.88,30937.57,70.81,Quarterly Net 30,Completed,Vikram Patel
ORD-2026-02219,2026-06-06,2026,2026-Q2,CUST-0007,Tyrell Synthetic Dynamics,Enterprise Strategic,Robotics,EU-West,France,Online B2B Portal,Cloud Infrastructure,SKU-INFRA-805,High-Speed API Gateway Gateway,48,4968.0,10.0,214617.6,41635.81,80.6,Net 60,Completed,Jessica Taylor
ORD-2026-02220,2026-01-29,2026,2026-Q1,CUST-0011,Pied Piper Compression,Mid-Market,DeepTech,US-Central,United States,Strategic Reseller Partner,Cybersecurity Suite,SKU-SEC-410,Compliance & Audit Vault,35,6984.0,11.0,217551.6,56606.93,73.98,Net 60,In Fulfillment,David Lin
ORD-2026-02221,2025-02-11,2025,2025-Q1,CUST-0030,Sartre Software SAS,SMB Growth,Dev Tools,APAC-ANZ,Australia,Global Alliance Partner,AI Platform,SKU-AI-9001,Neural Fabric GenAI Platform,14,24800.0,4.0,333312.0,62895.97,81.13,Net 60,In Fulfillment,Chloe Dubois
ORD-2026-02222,2025-06-22,2025,2025-Q2,CUST-0035,Hyperion Data Mesh,Mid-Market,Data Infrastructure,APAC-South,Singapore,Global Alliance Partner,Cloud Infrastructure,SKU-INFRA-801,Enterprise Data Lakehouse Engine,23,13500.0,10.0,279450.0,66173.76,76.32,Annual Pre-Paid,Completed,Jessica Taylor
ORD-2026-02223,2025-12-15,2025,2025-Q4,CUST-0005,Wayne Enterprises Holdings,Enterprise Strategic,Finance & Industrial,APAC-ANZ,Australia,Strategic Reseller Partner,Enterprise ERP,SKU-ERP-101,Global ERP Enterprise Suite,78,34300.0,18.0,2193828.0,707728.91,67.74,Quarterly Net 30,Pending Verification,Jessica Taylor
ORD-2026-02224,2024-01-26,2024,2024-Q1,CUST-0021,Weyland-Yutani Deep Space,Enterprise Strategic,Energy & Mining,APAC-East,Japan,Global Alliance Partner,AI Platform,SKU-AI-9050,Realtime Anomaly Detection,84,11648.0,10.0,880588.8,166519.34,81.09,Quarterly Net 30,In Fulfillment,Alex Mercer
ORD-2026-02225,2026-05-26,2026,2026-Q2,CUST-0029,Omni Consumer Products,Enterprise Strategic,Consumer Tech,US-Central,United States,Strategic Reseller Partner,IoT & Edge Computing,SKU-IOT-330,Edge IoT Fleet Orchestrator,107,7140.0,7.0,710501.4,224021.09,68.47,Net 60,Completed,Sarah Chen
ORD-2026-02226,2025-01-28,2025,2025-Q1,CUST-0026,Shinra Electric Power,Enterprise Strategic,Energy & Utilities,US-Central,United States,Direct Field Sales,AI Platform,SKU-AI-9001,Neural Fabric GenAI Platform,58,26288.0,11.0,1356986.56,191877.9,85.86,Quarterly Net 30,Completed,Kenji Sato
ORD-2026-02227,2024-12-04,2024,2024-Q4,CUST-0032,Zeus Renewable Power,Mid-Market,Clean Energy,APAC-South,Singapore,Global Alliance Partner,Developer Tools,SKU-DEV-701,DevSecOps Automation Mesh,22,4410.0,11.0,86347.8,12131.87,85.95,Net 30,In Fulfillment,Kenji Sato
ORD-2026-02228,2025-04-26,2025,2025-Q2,CUST-0028,LexCorp Advanced Metals,Enterprise Strategic,Materials,EU-Central,Germany,Direct Field Sales,Cloud Infrastructure,SKU-INFRA-801,Enterprise Data Lakehouse Engine,11,12375.0,13.0,118428.75,25853.0,78.17,Annual Pre-Paid,In Fulfillment,Kenji Sato
ORD-2026-02229,2025-11-30,2025,2025-Q4,CUST-0004,Stark Aerospace & Defense,Enterprise Strategic,Aerospace,EU-West,France,Direct Field Sales,IoT & Edge Computing,SKU-IOT-330,Edge IoT Fleet Orchestrator,53,6596.0,12.0,307637.44,94660.04,69.23,Net 90,Pending Verification,Kenji Sato
ORD-2026-02230,2024-03-11,2024,2024-Q1,CUST-0033,Apex FinTech Global,Enterprise Strategic,Banking,APAC-East,Taiwan,Global Alliance Partner,Enterprise ERP,SKU-ERP-101,Global ERP Enterprise Suite,5,37100.0,8.0,170660.0,58689.97,65.61,Quarterly Net 30,Completed,Brian O'Connor
ORD-2026-02231,2025-07-01,2025,2025-Q3,CUST-0028,LexCorp Advanced Metals,Enterprise Strategic,Materials,US-East,United States,Strategic Reseller Partner,Developer Tools,SKU-DEV-701,DevSecOps Automation Mesh,110,4185.0,14.0,395901.0,69243.08,82.51,Net 30,In Fulfillment,Jessica Taylor
ORD-2026-02232,2024-07-17,2024,2024-Q3,CUST-0003,Initech Cloud Solutions,Mid-Market,Software,MEA,United Arab Emirates,Online B2B Portal,Enterprise ERP,SKU-ERP-101,Global ERP Enterprise Suite,11,35000.0,14.0,331100.0,108302.81,67.29,Net 60,Completed,Gabriel Santos
ORD-2026-02233,2025-12-11,2025,2025-Q4,CUST-0022,Gekko Financial Partners,Enterprise Strategic,FinTech & Hedge Fund,APAC-ANZ,Australia,Direct Field Sales,Cloud Infrastructure,SKU-INFRA-805,High-Speed API Gateway Gateway,83,5184.0,20.0,344217.6,58998.9,82.86,Net 90,Completed,Elena Rostova
ORD-2026-02234,2024-10-02,2024,2024-Q4,CUST-0001,Cyberdyne Systems Corp,Enterprise Strategic,Technology & AI,APAC-East,Taiwan,Global Alliance Partner,AI Platform,SKU-AI-9001,Neural Fabric GenAI Platform,110,25296.0,17.0,2309524.8,301623.94,86.94,Quarterly Net 30,Completed,Marcus Vance
ORD-2026-02235,2026-05-10,2026,2026-Q2,CUST-0018,Virtucon Industries,Enterprise Strategic,Industrial Equipment,EU-West,France,Strategic Reseller Partner,Cloud Infrastructure,SKU-INFRA-805,High-Speed API Gateway Gateway,39,5292.0,7.0,191940.84,38618.5,79.88,Quarterly Net 30,Completed,Kenji Sato
ORD-2026-02236,2024-11-21,2024,2024-Q4,CUST-0003,Initech Cloud Solutions,Mid-Market,Software,EU-Central,Switzerland,Strategic Reseller Partner,Developer Tools,SKU-DEV-701,DevSecOps Automation Mesh,26,4500.0,11.0,104130.0,10517.13,89.9,Net 30,Pending Verification,Chloe Dubois
ORD-2026-02237,2025-10-17,2025,2025-Q4,CUST-0015,Acme Aerospace Systems,Mid-Market,Manufacturing,APAC-East,Taiwan,Online B2B Portal,Cloud Infrastructure,SKU-INFRA-801,Enterprise Data Lakehouse Engine,23,12750.0,9.0,266857.5,57667.91,78.39,Net 60,Completed,Alex Mercer
ORD-2026-02238,2024-06-21,2024,2024-Q2,CUST-0017,Sterling Cooper Advertising,Mid-Market,Marketing & Media,EU-Central,Germany,Strategic Reseller Partner,Cloud Infrastructure,SKU-INFRA-801,Enterprise Data Lakehouse Engine,16,12250.0,15.0,166600.0,36252.16,78.24,Net 60,Pending Verification,Michael Chang
ORD-2026-02239,2024-10-14,2024,2024-Q4,CUST-0002,Globex Corporation,Enterprise Strategic,Conglomerate,EU-Central,Switzerland,Strategic Reseller Partner,Enterprise ERP,SKU-ERP-101,Global ERP Enterprise Suite,24,32900.0,6.0,742224.0,223038.31,69.95,Annual Pre-Paid,Completed,Kenji Sato
ORD-2026-02240,2025-06-29,2025,2025-Q2,CUST-0028,LexCorp Advanced Metals,Enterprise Strategic,Materials,EU-Central,Switzerland,Online B2B Portal,Cybersecurity Suite,SKU-SEC-410,Compliance & Audit Vault,51,6768.0,24.0,262327.68,72218.81,72.47,Quarterly Net 30,Completed,Astrid Lindgren
ORD-2026-02241,2024-09-30,2024,2024-Q3,CUST-0034,Quantum Peak Labs,SMB Growth,Semiconductor,APAC-ANZ,Australia,Strategic Reseller Partner,Database Infrastructure,SKU-DB-880,QuantumDB Distributed Cluster,1,17160.0,4.0,16473.6,3619.25,78.03,Quarterly Net 30,Pending Verification,Gabriel Santos
ORD-2026-02242,2025-10-18,2025,2025-Q4,CUST-0034,Quantum Peak Labs,SMB Growth,Semiconductor,LATAM,Brazil,Global Alliance Partner,Cloud Infrastructure,SKU-INFRA-805,High-Speed API Gateway Gateway,13,5076.0,8.0,60708.96,13137.42,78.36,Net 60,In Fulfillment,Marcus Vance
ORD-2026-02243,2026-07-01,2026,2026-Q3,CUST-0028,LexCorp Advanced Metals,Enterprise Strategic,Materials,US-East,United States,Online B2B Portal,Cloud Infrastructure,SKU-INFRA-805,High-Speed API Gateway Gateway,53,5616.0,19.0,241094.88,57067.16,76.33,Annual Pre-Paid,Completed,Kenji Sato
ORD-2026-02244,2026-08-08,2026,2026-Q3,CUST-0034,Quantum Peak Labs,SMB Growth,Semiconductor,EU-West,United Kingdom,Direct Field Sales,AI Platform,SKU-AI-9050,Realtime Anomaly Detection,4,10976.0,6.0,41269.76,8480.94,79.45,Quarterly Net 30,In Fulfillment,Vikram Patel
ORD-2026-02245,2025-10-19,2025,2025-Q4,CUST-0006,Soylent BioTech Global,Mid-Market,BioTech,EU-West,France,Direct Field Sales,Cloud Infrastructure,SKU-INFRA-805,High-Speed API Gateway Gateway,7,5400.0,7.0,35154.0,7958.87,77.36,Net 60,Completed,Hannah Schmidt
ORD-2026-02246,2025-01-05,2025,2025-Q1,CUST-0022,Gekko Financial Partners,Enterprise Strategic,FinTech & Hedge Fund,APAC-East,Taiwan,Online B2B Portal,IoT & Edge Computing,SKU-IOT-330,Edge IoT Fleet Orchestrator,84,7140.0,16.0,503798.4,123581.75,75.47,Net 60,In Fulfillment,Marcus Vance
ORD-2026-02247,2025-04-16,2025,2025-Q2,CUST-0010,Hooli Enterprise Cloud,Enterprise Strategic,Cloud Services,EU-West,United Kingdom,Global Alliance Partner,AI Platform,SKU-AI-9001,Neural Fabric GenAI Platform,62,26536.0,17.0,1365542.56,270104.32,80.22,Net 60,In Fulfillment,Elena Rostova
ORD-2026-02248,2025-04-27,2025,2025-Q2,CUST-0004,Stark Aerospace & Defense,Enterprise Strategic,Aerospace,US-East,United States,Global Alliance Partner,Developer Tools,SKU-DEV-701,DevSecOps Automation Mesh,110,4725.0,10.0,467775.0,63898.06,86.34,Annual Pre-Paid,Completed,Vikram Patel
ORD-2026-02249,2026-06-28,2026,2026-Q2,CUST-0018,Virtucon Industries,Enterprise Strategic,Industrial Equipment,APAC-East,South Korea,Global Alliance Partner,AI Platform,SKU-AI-9050,Realtime Anomaly Detection,79,10752.0,11.0,755973.12,128364.24,83.02,Annual Pre-Paid,Completed,Chloe Dubois
ORD-2026-02250,2024-11-17,2024,2024-Q4,CUST-0021,Weyland-Yutani Deep Space,Enterprise Strategic,Energy & Mining,EU-West,United Kingdom,Direct Field Sales,Cloud Infrastructure,SKU-INFRA-805,High-Speed API Gateway Gateway,74,5022.0,17.0,308451.24,65946.88,78.62,Net 60,Completed,Michael Chang
ORD-2026-02251,2024-03-08,2024,2024-Q1,CUST-0023,Delos Experience Living,Enterprise Strategic,Hospitality,APAC-East,Taiwan,Direct Field Sales,Developer Tools,SKU-DEV-701,DevSecOps Automation Mesh,68,4545.0,17.0,256519.8,39965.78,84.42,Quarterly Net 30,Completed,Marcus Vance
ORD-2026-02252,2025-02-18,2025,2025-Q1,CUST-0014,Nakatomi Trading Corp,Mid-Market,Trading & Real Estate,APAC-East,Japan,Online B2B Portal,Cloud Infrastructure,SKU-INFRA-805,High-Speed API Gateway Gateway,34,5130.0,7.0,162210.6,40260.67,75.18,Net 60,Completed,Vikram Patel
ORD-2026-02253,2025-05-05,2025,2025-Q2,CUST-0026,Shinra Electric Power,Enterprise Strategic,Energy & Utilities,US-West,United States,Strategic Reseller Partner,Database Infrastructure,SKU-DB-880,QuantumDB Distributed Cluster,80,15510.0,13.0,1079496.0,238352.72,77.92,Quarterly Net 30,Completed,Vikram Patel
ORD-2026-02254,2026-05-20,2026,2026-Q2,CUST-0022,Gekko Financial Partners,Enterprise Strategic,FinTech & Hedge Fund,APAC-ANZ,Australia,Direct Field Sales,Cloud Infrastructure,SKU-INFRA-805,High-Speed API Gateway Gateway,117,5076.0,21.0,469174.68,82433.99,82.43,Quarterly Net 30,Completed,Hannah Schmidt
ORD-2026-02255,2025-11-02,2025,2025-Q4,CUST-0007,Tyrell Synthetic Dynamics,Enterprise Strategic,Robotics,APAC-East,Japan,Strategic Reseller Partner,Cloud Infrastructure,SKU-INFRA-801,Enterprise Data Lakehouse Engine,88,11500.0,22.0,789360.0,179895.14,77.21,Quarterly Net 30,Completed,Hannah Schmidt
ORD-2026-02256,2024-05-01,2024,2024-Q2,CUST-0004,Stark Aerospace & Defense,Enterprise Strategic,Aerospace,EU-Central,Switzerland,Strategic Reseller Partner,Database Infrastructure,SKU-DB-880,QuantumDB Distributed Cluster,66,16665.0,21.0,868913.1,189857.51,78.15,Quarterly Net 30,In Fulfillment,Elena Rostova
ORD-2026-02257,2024-10-08,2024,2024-Q4,CUST-0033,Apex FinTech Global,Enterprise Strategic,Banking,APAC-South,Singapore,Global Alliance Partner,Enterprise ERP,SKU-ERP-101,Global ERP Enterprise Suite,82,37450.0,23.0,2364593.0,805380.38,65.94,Net 90,Completed,Jessica Taylor
ORD-2026-02258,2025-05-17,2025,2025-Q2,CUST-0021,Weyland-Yutani Deep Space,Enterprise Strategic,Energy & Mining,EU-Central,Switzerland,Global Alliance Partner,Cloud Infrastructure,SKU-INFRA-805,High-Speed API Gateway Gateway,105,5184.0,20.0,435456.0,74898.43,82.8,Net 90,Pending Verification,Astrid Lindgren
ORD-2026-02259,2025-04-01,2025,2025-Q2,CUST-0001,Cyberdyne Systems Corp,Enterprise Strategic,Technology & AI,APAC-East,South Korea,Global Alliance Partner,AI Platform,SKU-AI-9050,Realtime Anomaly Detection,35,11648.0,20.0,326144.0,49834.8,84.72,Net 60,Completed,David Lin
ORD-2026-02260,2024-12-03,2024,2024-Q4,CUST-0022,Gekko Financial Partners,Enterprise Strategic,FinTech & Hedge Fund,APAC-South,Singapore,Direct Field Sales,Developer Tools,SKU-DEV-701,DevSecOps Automation Mesh,61,4185.0,19.0,206780.85,35111.39,83.02,Net 30,Completed,Rachel Green
ORD-2026-02261,2025-09-09,2025,2025-Q3,CUST-0015,Acme Aerospace Systems,Mid-Market,Manufacturing,APAC-East,Japan,Online B2B Portal,Enterprise ERP,SKU-ERP-101,Global ERP Enterprise Suite,18,34300.0,1.0,611226.0,195164.46,68.07,Net 60,Completed,Sarah Chen
ORD-2026-02262,2024-11-14,2024,2024-Q4,CUST-0005,Wayne Enterprises Holdings,Enterprise Strategic,Finance & Industrial,EU-Central,Germany,Global Alliance Partner,Cloud Infrastructure,SKU-INFRA-801,Enterprise Data Lakehouse Engine,88,11750.0,23.0,796180.0,197293.4,75.22,Net 60,Pending Verification,Hannah Schmidt
ORD-2026-02263,2024-02-20,2024,2024-Q1,CUST-0013,Oceanic Airlines Group,Enterprise Strategic,Aviation,EU-North,Netherlands,Global Alliance Partner,AI Platform,SKU-AI-9001,Neural Fabric GenAI Platform,46,24304.0,18.0,916746.88,114776.71,87.48,Quarterly Net 30,Completed,Astrid Lindgren
ORD-2026-02264,2024-02-08,2024,2024-Q1,CUST-0029,Omni Consumer Products,Enterprise Strategic,Consumer Tech,MEA,United Arab Emirates,Global Alliance Partner,Cybersecurity Suite,SKU-SEC-410,Compliance & Audit Vault,62,7632.0,16.0,397474.56,114711.16,71.14,Net 90,Pending Verification,David Lin
ORD-2026-02265,2025-03-12,2025,2025-Q1,CUST-0033,Apex FinTech Global,Enterprise Strategic,Banking,EU-Central,Germany,Online B2B Portal,IoT & Edge Computing,SKU-IOT-330,Edge IoT Fleet Orchestrator,65,6596.0,16.0,360141.6,88882.95,75.32,Net 60,Completed,Astrid Lindgren
ORD-2026-02266,2026-05-26,2026,2026-Q2,CUST-0028,LexCorp Advanced Metals,Enterprise Strategic,Materials,EU-Central,Germany,Direct Field Sales,AI Platform,SKU-AI-9001,Neural Fabric GenAI Platform,60,23312.0,9.0,1272835.2,222109.74,82.55,Net 60,Completed,Michael Chang
ORD-2026-02267,2025-11-08,2025,2025-Q4,CUST-0014,Nakatomi Trading Corp,Mid-Market,Trading & Real Estate,LATAM,Brazil,Direct Field Sales,Developer Tools,SKU-DEV-701,DevSecOps Automation Mesh,39,4410.0,14.0,147911.4,18267.06,87.65,Net 60,In Fulfillment,Vikram Patel
ORD-2026-02268,2025-03-25,2025,2025-Q1,CUST-0015,Acme Aerospace Systems,Mid-Market,Manufacturing,US-West,United States,Global Alliance Partner,Cloud Infrastructure,SKU-INFRA-805,High-Speed API Gateway Gateway,15,5076.0,11.0,67764.6,12441.58,81.64,Net 90,Pending Verification,Brian O'Connor
ORD-2026-02269,2025-12-23,2025,2025-Q4,CUST-0020,Oscorp Pharmaceutical,Enterprise Strategic,Life Sciences,APAC-South,Singapore,Strategic Reseller Partner,Database Infrastructure,SKU-DB-880,QuantumDB Distributed Cluster,34,15345.0,9.0,474774.3,76723.53,83.84,Net 90,Completed,Michael Chang
ORD-2026-02270,2024-12-21,2024,2024-Q4,CUST-0017,Sterling Cooper Advertising,Mid-Market,Marketing & Media,APAC-East,Japan,Strategic Reseller Partner,Cybersecurity Suite,SKU-SEC-410,Compliance & Audit Vault,29,6624.0,12.0,169044.48,44407.98,73.73,Net 60,Pending Verification,Kenji Sato
ORD-2026-02271,2026-03-24,2026,2026-Q1,CUST-0025,Black Mesa Research,Enterprise Strategic,Scientific R&D,LATAM,Brazil,Global Alliance Partner,Enterprise ERP,SKU-ERP-101,Global ERP Enterprise Suite,54,32900.0,9.0,1616706.0,485981.82,69.94,Quarterly Net 30,Pending Verification,Michael Chang
ORD-2026-02272,2024-10-17,2024,2024-Q4,CUST-0006,Soylent BioTech Global,Mid-Market,BioTech,MEA,United Arab Emirates,Global Alliance Partner,Enterprise ERP,SKU-ERP-101,Global ERP Enterprise Suite,9,34650.0,6.0,293139.0,97644.6,66.69,Net 60,In Fulfillment,Sarah Chen
ORD-2026-02273,2025-06-09,2025,2025-Q2,CUST-0007,Tyrell Synthetic Dynamics,Enterprise Strategic,Robotics,EU-North,Netherlands,Direct Field Sales,Enterprise ERP,SKU-ERP-101,Global ERP Enterprise Suite,119,33600.0,25.0,2998800.0,896341.32,70.11,Net 90,Completed,Jessica Taylor
ORD-2026-02274,2025-12-16,2025,2025-Q4,CUST-0004,Stark Aerospace & Defense,Enterprise Strategic,Aerospace,APAC-ANZ,Australia,Online B2B Portal,Cloud Infrastructure,SKU-INFRA-805,High-Speed API Gateway Gateway,31,5670.0,19.0,142373.7,32318.83,77.3,Net 60,In Fulfillment,Michael Chang
ORD-2026-02275,2025-02-18,2025,2025-Q1,CUST-0019,Buy N Large Retail Mega,Enterprise Strategic,E-Commerce,APAC-South,Singapore,Strategic Reseller Partner,Database Infrastructure,SKU-DB-880,QuantumDB Distributed Cluster,103,17325.0,24.0,1356201.0,265815.4,80.4,Net 90,Completed,Rachel Green
ORD-2026-02276,2026-01-13,2026,2026-Q1,CUST-0025,Black Mesa Research,Enterprise Strategic,Scientific R&D,APAC-ANZ,Australia,Strategic Reseller Partner,AI Platform,SKU-AI-9001,Neural Fabric GenAI Platform,76,24552.0,23.0,1436783.04,235345.06,83.62,Net 30,Completed,Jessica Taylor
ORD-2026-02277,2025-02-27,2025,2025-Q1,CUST-0028,LexCorp Advanced Metals,Enterprise Strategic,Materials,US-West,United States,Direct Field Sales,Cybersecurity Suite,SKU-SEC-402,Zero-Trust Security Perimeter,45,9523.0,20.0,342828.0,91809.34,73.22,Net 30,In Fulfillment,Gabriel Santos
ORD-2026-02278,2026-05-19,2026,2026-Q2,CUST-0009,Wonka Global Logistics,Mid-Market,Supply Chain,US-Central,United States,Strategic Reseller Partner,Enterprise ERP,SKU-ERP-101,Global ERP Enterprise Suite,39,32550.0,8.0,1167894.0,328061.42,71.91,Annual Pre-Paid,Completed,Michael Chang
ORD-2026-02279,2024-08-14,2024,2024-Q3,CUST-0027,Vault-Tec Security Hub,Enterprise Strategic,Cybersecurity,EU-Central,Switzerland,Online B2B Portal,Cybersecurity Suite,SKU-SEC-410,Compliance & Audit Vault,99,7200.0,5.0,677160.0,178634.81,73.62,Net 30,Pending Verification,Marcus Vance
ORD-2026-02280,2025-10-12,2025,2025-Q4,CUST-0020,Oscorp Pharmaceutical,Enterprise Strategic,Life Sciences,EU-Central,Germany,Global Alliance Partner,AI Platform,SKU-AI-9001,Neural Fabric GenAI Platform,40,25296.0,11.0,900537.6,164888.43,81.69,Net 90,Completed,Chloe Dubois
ORD-2026-02281,2024-11-07,2024,2024-Q4,CUST-0026,Shinra Electric Power,Enterprise Strategic,Energy & Utilities,MEA,United Arab Emirates,Online B2B Portal,IoT & Edge Computing,SKU-IOT-330,Edge IoT Fleet Orchestrator,117,7208.0,11.0,750569.04,217514.91,71.02,Net 30,Completed,Michael Chang
ORD-2026-02282,2025-01-27,2025,2025-Q1,CUST-0016,Dunder Mifflin Paper & Tech,SMB Growth,Retail & Supplies,EU-Central,Switzerland,Strategic Reseller Partner,IoT & Edge Computing,SKU-IOT-330,Edge IoT Fleet Orchestrator,4,6868.0,1.0,27197.28,7071.29,74.0,Annual Pre-Paid,Pending Verification,David Lin
ORD-2026-02283,2025-08-19,2025,2025-Q3,CUST-0011,Pied Piper Compression,Mid-Market,DeepTech,APAC-South,Singapore,Strategic Reseller Partner,AI Platform,SKU-AI-9050,Realtime Anomaly Detection,30,11872.0,6.0,334790.4,51892.51,84.5,Net 90,Completed,Alex Mercer
ORD-2026-02284,2024-08-09,2024,2024-Q3,CUST-0021,Weyland-Yutani Deep Space,Enterprise Strategic,Energy & Mining,US-East,United States,Strategic Reseller Partner,Developer Tools,SKU-DEV-701,DevSecOps Automation Mesh,48,4680.0,6.0,211161.6,34482.69,83.67,Net 90,Pending Verification,Brian O'Connor
ORD-2026-02285,2025-11-30,2025,2025-Q4,CUST-0017,Sterling Cooper Advertising,Mid-Market,Marketing & Media,MEA,United Arab Emirates,Global Alliance Partner,AI Platform,SKU-AI-9050,Realtime Anomaly Detection,11,11984.0,3.0,127869.28,25791.23,79.83,Net 30,Pending Verification,Chloe Dubois
ORD-2026-02286,2026-02-12,2026,2026-Q1,CUST-0016,Dunder Mifflin Paper & Tech,SMB Growth,Retail & Supplies,EU-West,United Kingdom,Direct Field Sales,Enterprise ERP,SKU-ERP-101,Global ERP Enterprise Suite,15,34300.0,3.0,499065.0,150168.66,69.91,Net 30,Pending Verification,Vikram Patel
ORD-2026-02287,2025-05-08,2025,2025-Q2,CUST-0019,Buy N Large Retail Mega,Enterprise Strategic,E-Commerce,APAC-East,Taiwan,Strategic Reseller Partner,Cybersecurity Suite,SKU-SEC-402,Zero-Trust Security Perimeter,50,8544.0,7.0,397296.0,90384.84,77.25,Annual Pre-Paid,Completed,Rachel Green
ORD-2026-02288,2026-04-23,2026,2026-Q2,CUST-0021,Weyland-Yutani Deep Space,Enterprise Strategic,Energy & Mining,EU-West,United Kingdom,Direct Field Sales,Cybersecurity Suite,SKU-SEC-402,Zero-Trust Security Perimeter,116,8633.0,19.0,811156.68,197354.42,75.67,Net 90,In Fulfillment,Chloe Dubois
ORD-2026-02289,2025-05-22,2025,2025-Q2,CUST-0028,LexCorp Advanced Metals,Enterprise Strategic,Materials,EU-North,Netherlands,Direct Field Sales,Cloud Infrastructure,SKU-INFRA-805,High-Speed API Gateway Gateway,29,5400.0,6.0,147204.0,32399.6,77.99,Net 30,Completed,Sarah Chen
ORD-2026-02290,2026-01-10,2026,2026-Q1,CUST-0035,Hyperion Data Mesh,Mid-Market,Data Infrastructure,EU-Central,Switzerland,Strategic Reseller Partner,AI Platform,SKU-AI-9001,Neural Fabric GenAI Platform,21,23064.0,3.0,469813.68,90486.11,80.74,Net 30,Pending Verification,Elena Rostova
ORD-2026-02291,2025-03-19,2025,2025-Q1,CUST-0031,Athena Health Systems,Mid-Market,Healthcare,APAC-East,Japan,Global Alliance Partner,Cybersecurity Suite,SKU-SEC-402,Zero-Trust Security Perimeter,8,8188.0,14.0,56333.44,12736.99,77.39,Net 30,Completed,Sarah Chen
ORD-2026-02292,2024-02-16,2024,2024-Q1,CUST-0026,Shinra Electric Power,Enterprise Strategic,Energy & Utilities,APAC-South,Singapore,Online B2B Portal,IoT & Edge Computing,SKU-IOT-330,Edge IoT Fleet Orchestrator,43,7072.0,8.0,279768.32,70753.41,74.71,Annual Pre-Paid,Completed,Marcus Vance
ORD-2026-02293,2026-06-03,2026,2026-Q2,CUST-0028,LexCorp Advanced Metals,Enterprise Strategic,Materials,LATAM,Brazil,Strategic Reseller Partner,Database Infrastructure,SKU-DB-880,QuantumDB Distributed Cluster,108,16170.0,19.0,1414551.6,295499.83,79.11,Net 60,Completed,Jessica Taylor
ORD-2026-02294,2024-02-04,2024,2024-Q1,CUST-0004,Stark Aerospace & Defense,Enterprise Strategic,Aerospace,US-Central,United States,Strategic Reseller Partner,Cloud Infrastructure,SKU-INFRA-801,Enterprise Data Lakehouse Engine,28,12375.0,24.0,263340.0,61410.89,76.68,Net 90,Completed,Vikram Patel
ORD-2026-02295,2024-11-30,2024,2024-Q4,CUST-0009,Wonka Global Logistics,Mid-Market,Supply Chain,US-Central,United States,Online B2B Portal,AI Platform,SKU-AI-9001,Neural Fabric GenAI Platform,8,23312.0,4.0,179036.16,30024.36,83.23,Annual Pre-Paid,Completed,Sarah Chen
ORD-2026-02296,2024-11-18,2024,2024-Q4,CUST-0005,Wayne Enterprises Holdings,Enterprise Strategic,Finance & Industrial,EU-Central,Germany,Online B2B Portal,Cybersecurity Suite,SKU-SEC-410,Compliance & Audit Vault,77,6768.0,8.0,479445.12,110847.71,76.88,Annual Pre-Paid,In Fulfillment,Elena Rostova
ORD-2026-02297,2026-05-19,2026,2026-Q2,CUST-0034,Quantum Peak Labs,SMB Growth,Semiconductor,US-Central,United States,Strategic Reseller Partner,Cybersecurity Suite,SKU-SEC-402,Zero-Trust Security Perimeter,14,8277.0,1.0,114719.22,24171.34,78.93,Net 60,In Fulfillment,Marcus Vance
ORD-2026-02298,2025-11-11,2025,2025-Q4,CUST-0012,Massive Dynamic AI,Enterprise Strategic,Artificial Intelligence,US-East,United States,Online B2B Portal,IoT & Edge Computing,SKU-IOT-330,Edge IoT Fleet Orchestrator,22,6392.0,18.0,115311.68,30776.69,73.31,Quarterly Net 30,Completed,Hannah Schmidt
ORD-2026-02299,2024-03-18,2024,2024-Q1,CUST-0008,Umbrella Life Sciences,Enterprise Strategic,Pharma,APAC-East,South Korea,Strategic Reseller Partner,Enterprise ERP,SKU-ERP-101,Global ERP Enterprise Suite,73,33600.0,11.0,2182992.0,768194.88,64.81,Net 60,In Fulfillment,David Lin
ORD-2026-02300,2024-07-04,2024,2024-Q3,CUST-0034,Quantum Peak Labs,SMB Growth,Semiconductor,EU-North,Netherlands,Direct Field Sales,Database Infrastructure,SKU-DB-880,QuantumDB Distributed Cluster,3,16830.0,2.0,49480.2,10054.38,79.68,Annual Pre-Paid,Pending Verification,David Lin
ORD-2026-02301,2024-05-09,2024,2024-Q2,CUST-0014,Nakatomi Trading Corp,Mid-Market,Trading & Real Estate,EU-Central,Germany,Strategic Reseller Partner,Cloud Infrastructure,SKU-INFRA-805,High-Speed API Gateway Gateway,27,5670.0,4.0,146966.4,29569.64,79.88,Annual Pre-Paid,Completed,Marcus Vance
ORD-2026-02302,2024-09-27,2024,2024-Q3,CUST-0033,Apex FinTech Global,Enterprise Strategic,Banking,EU-North,Netherlands,Global Alliance Partner,Database Infrastructure,SKU-DB-880,QuantumDB Distributed Cluster,39,15345.0,8.0,550578.6,90955.58,83.48,Net 90,In Fulfillment,Jessica Taylor
ORD-2026-02303,2026-02-07,2026,2026-Q1,CUST-0030,Sartre Software SAS,SMB Growth,Dev Tools,APAC-South,Singapore,Global Alliance Partner,Database Infrastructure,SKU-DB-880,QuantumDB Distributed Cluster,5,16665.0,5.0,79158.75,14248.58,82.0,Net 60,Completed,Hannah Schmidt
ORD-2026-02304,2024-08-25,2024,2024-Q3,CUST-0023,Delos Experience Living,Enterprise Strategic,Hospitality,EU-North,Netherlands,Direct Field Sales,Developer Tools,SKU-DEV-701,DevSecOps Automation Mesh,93,4410.0,9.0,373218.3,38516.13,89.68,Net 90,Pending Verification,Rachel Green
ORD-2026-02305,2026-05-17,2026,2026-Q2,CUST-0005,Wayne Enterprises Holdings,Enterprise Strategic,Finance & Industrial,EU-Central,Germany,Global Alliance Partner,IoT & Edge Computing,SKU-IOT-330,Edge IoT Fleet Orchestrator,25,6528.0,12.0,143616.0,38603.98,73.12,Net 30,Completed,Jessica Taylor
ORD-2026-02306,2024-11-03,2024,2024-Q4,CUST-0007,Tyrell Synthetic Dynamics,Enterprise Strategic,Robotics,EU-Central,Germany,Global Alliance Partner,Developer Tools,SKU-DEV-701,DevSecOps Automation Mesh,33,4770.0,10.0,141669.0,17595.29,87.58,Net 60,Pending Verification,Brian O'Connor
ORD-2026-02307,2025-03-28,2025,2025-Q1,CUST-0018,Virtucon Industries,Enterprise Strategic,Industrial Equipment,MEA,United Arab Emirates,Global Alliance Partner,IoT & Edge Computing,SKU-IOT-330,Edge IoT Fleet Orchestrator,97,6528.0,11.0,563562.24,170928.43,69.67,Quarterly Net 30,Completed,Marcus Vance
ORD-2026-02308,2026-02-19,2026,2026-Q1,CUST-0022,Gekko Financial Partners,Enterprise Strategic,FinTech & Hedge Fund,APAC-ANZ,Australia,Strategic Reseller Partner,Cybersecurity Suite,SKU-SEC-402,Zero-Trust Security Perimeter,42,9523.0,9.0,363969.06,83567.3,77.04,Annual Pre-Paid,Completed,Brian O'Connor
ORD-2026-02309,2025-08-29,2025,2025-Q3,CUST-0010,Hooli Enterprise Cloud,Enterprise Strategic,Cloud Services,EU-Central,Germany,Direct Field Sales,Developer Tools,SKU-DEV-701,DevSecOps Automation Mesh,65,4590.0,7.0,277465.5,30770.92,88.91,Annual Pre-Paid,In Fulfillment,Astrid Lindgren
ORD-2026-02310,2025-10-02,2025,2025-Q4,CUST-0015,Acme Aerospace Systems,Mid-Market,Manufacturing,EU-West,France,Online B2B Portal,Database Infrastructure,SKU-DB-880,QuantumDB Distributed Cluster,20,16005.0,6.0,300894.0,51182.07,82.99,Net 60,Completed,Jessica Taylor
ORD-2026-02311,2026-03-14,2026,2026-Q1,CUST-0007,Tyrell Synthetic Dynamics,Enterprise Strategic,Robotics,EU-North,Netherlands,Strategic Reseller Partner,Enterprise ERP,SKU-ERP-101,Global ERP Enterprise Suite,77,35700.0,14.0,2364054.0,734511.58,68.93,Quarterly Net 30,Completed,Jessica Taylor
ORD-2026-02312,2024-04-08,2024,2024-Q2,CUST-0023,Delos Experience Living,Enterprise Strategic,Hospitality,LATAM,Brazil,Strategic Reseller Partner,Cloud Infrastructure,SKU-INFRA-805,High-Speed API Gateway Gateway,15,5724.0,7.0,79849.8,16672.64,79.12,Net 60,Completed,Sarah Chen
ORD-2026-02313,2024-01-30,2024,2024-Q1,CUST-0016,Dunder Mifflin Paper & Tech,SMB Growth,Retail & Supplies,US-East,United States,Global Alliance Partner,Database Infrastructure,SKU-DB-880,QuantumDB Distributed Cluster,8,15345.0,1.0,121532.4,21231.71,82.53,Net 30,Completed,Kenji Sato
ORD-2026-02314,2025-07-03,2025,2025-Q3,CUST-0028,LexCorp Advanced Metals,Enterprise Strategic,Materials,LATAM,Brazil,Global Alliance Partner,Cloud Infrastructure,SKU-INFRA-805,High-Speed API Gateway Gateway,120,5454.0,19.0,530128.8,126594.76,76.12,Net 90,In Fulfillment,Sarah Chen
ORD-2026-02315,2024-05-14,2024,2024-Q2,CUST-0008,Umbrella Life Sciences,Enterprise Strategic,Pharma,EU-Central,Germany,Global Alliance Partner,Database Infrastructure,SKU-DB-880,QuantumDB Distributed Cluster,80,17325.0,20.0,1108800.0,215772.48,80.54,Net 60,Pending Verification,Vikram Patel
ORD-2026-02316,2024-10-11,2024,2024-Q4,CUST-0010,Hooli Enterprise Cloud,Enterprise Strategic,Cloud Services,APAC-ANZ,Australia,Strategic Reseller Partner,IoT & Edge Computing,SKU-IOT-330,Edge IoT Fleet Orchestrator,112,6664.0,19.0,604558.08,173870.9,71.24,Net 60,Completed,Chloe Dubois
ORD-2026-02317,2024-05-22,2024,2024-Q2,CUST-0020,Oscorp Pharmaceutical,Enterprise Strategic,Life Sciences,US-East,United States,Strategic Reseller Partner,IoT & Edge Computing,SKU-IOT-330,Edge IoT Fleet Orchestrator,110,6800.0,16.0,628320.0,167635.78,73.32,Net 30,In Fulfillment,Vikram Patel
ORD-2026-02318,2025-02-27,2025,2025-Q1,CUST-0025,Black Mesa Research,Enterprise Strategic,Scientific R&D,APAC-ANZ,Australia,Online B2B Portal,Cybersecurity Suite,SKU-SEC-410,Compliance & Audit Vault,63,7128.0,7.0,417629.52,92212.6,77.92,Net 30,Completed,Vikram Patel
ORD-2026-02319,2026-06-29,2026,2026-Q2,CUST-0015,Acme Aerospace Systems,Mid-Market,Manufacturing,EU-West,United Kingdom,Online B2B Portal,Database Infrastructure,SKU-DB-880,QuantumDB Distributed Cluster,40,15510.0,2.0,607992.0,120868.81,80.12,Net 60,Pending Verification,Gabriel Santos
ORD-2026-02320,2026-03-02,2026,2026-Q1,CUST-0002,Globex Corporation,Enterprise Strategic,Conglomerate,US-West,United States,Global Alliance Partner,Database Infrastructure,SKU-DB-880,QuantumDB Distributed Cluster,77,17160.0,17.0,1096695.6,249278.91,77.27,Net 30,In Fulfillment,Elena Rostova
ORD-2026-02321,2024-08-25,2024,2024-Q3,CUST-0018,Virtucon Industries,Enterprise Strategic,Industrial Equipment,EU-Central,Germany,Strategic Reseller Partner,AI Platform,SKU-AI-9050,Realtime Anomaly Detection,90,11200.0,13.0,876960.0,136805.76,84.4,Net 90,Completed,Kenji Sato
ORD-2026-02322,2024-02-16,2024,2024-Q1,CUST-0035,Hyperion Data Mesh,Mid-Market,Data Infrastructure,APAC-East,South Korea,Online B2B Portal,AI Platform,SKU-AI-9001,Neural Fabric GenAI Platform,5,26288.0,14.0,113038.4,18142.66,83.95,Net 60,Completed,Sarah Chen
ORD-2026-02323,2024-09-14,2024,2024-Q3,CUST-0035,Hyperion Data Mesh,Mid-Market,Data Infrastructure,US-West,United States,Direct Field Sales,IoT & Edge Computing,SKU-IOT-330,Edge IoT Fleet Orchestrator,2,6868.0,15.0,11675.6,3073.02,73.68,Net 30,Completed,Alex Mercer
ORD-2026-02324,2026-05-18,2026,2026-Q2,CUST-0020,Oscorp Pharmaceutical,Enterprise Strategic,Life Sciences,APAC-South,Singapore,Strategic Reseller Partner,Cloud Infrastructure,SKU-INFRA-801,Enterprise Data Lakehouse Engine,24,13125.0,16.0,264600.0,59958.36,77.34,Annual Pre-Paid,Completed,Jessica Taylor
ORD-2026-02325,2026-07-26,2026,2026-Q3,CUST-0035,Hyperion Data Mesh,Mid-Market,Data Infrastructure,US-East,United States,Direct Field Sales,Cybersecurity Suite,SKU-SEC-410,Compliance & Audit Vault,40,6984.0,1.0,276566.4,80259.57,70.98,Net 60,Pending Verification,Michael Chang
ORD-2026-02326,2026-07-05,2026,2026-Q3,CUST-0022,Gekko Financial Partners,Enterprise Strategic,FinTech & Hedge Fund,EU-Central,Germany,Online B2B Portal,Cybersecurity Suite,SKU-SEC-402,Zero-Trust Security Perimeter,12,8455.0,9.0,92328.6,23636.12,74.4,Annual Pre-Paid,Completed,Chloe Dubois
ORD-2026-02327,2026-05-07,2026,2026-Q2,CUST-0007,Tyrell Synthetic Dynamics,Enterprise Strategic,Robotics,EU-West,United Kingdom,Global Alliance Partner,Cloud Infrastructure,SKU-INFRA-801,Enterprise Data Lakehouse Engine,15,12500.0,11.0,166875.0,31973.25,80.84,Net 30,Completed,Sarah Chen
ORD-2026-02328,2024-07-27,2024,2024-Q3,CUST-0009,Wonka Global Logistics,Mid-Market,Supply Chain,APAC-East,South Korea,Direct Field Sales,Cybersecurity Suite,SKU-SEC-410,Compliance & Audit Vault,21,7560.0,14.0,136533.6,30078.35,77.97,Net 90,Completed,Vikram Patel
ORD-2026-02329,2026-06-07,2026,2026-Q2,CUST-0001,Cyberdyne Systems Corp,Enterprise Strategic,Technology & AI,US-Central,United States,Direct Field Sales,Enterprise ERP,SKU-ERP-101,Global ERP Enterprise Suite,16,36750.0,7.0,546840.0,176738.69,67.68,Net 90,Pending Verification,Marcus Vance
ORD-2026-02330,2026-07-19,2026,2026-Q3,CUST-0032,Zeus Renewable Power,Mid-Market,Clean Energy,MEA,United Arab Emirates,Direct Field Sales,Cybersecurity Suite,SKU-SEC-410,Compliance & Audit Vault,15,7200.0,15.0,91800.0,23794.56,74.08,Annual Pre-Paid,Completed,Kenji Sato
ORD-2026-02331,2026-05-30,2026,2026-Q2,CUST-0028,LexCorp Advanced Metals,Enterprise Strategic,Materials,EU-West,United Kingdom,Direct Field Sales,Database Infrastructure,SKU-DB-880,QuantumDB Distributed Cluster,75,15345.0,21.0,909191.25,142379.35,84.34,Annual Pre-Paid,Pending Verification,Rachel Green
ORD-2026-02332,2024-04-23,2024,2024-Q2,CUST-0025,Black Mesa Research,Enterprise Strategic,Scientific R&D,US-West,United States,Online B2B Portal,Cybersecurity Suite,SKU-SEC-402,Zero-Trust Security Perimeter,36,8366.0,18.0,246964.32,66013.56,73.27,Net 30,Completed,Astrid Lindgren
ORD-2026-02333,2024-08-31,2024,2024-Q3,CUST-0006,Soylent BioTech Global,Mid-Market,BioTech,MEA,United Arab Emirates,Online B2B Portal,Database Infrastructure,SKU-DB-880,QuantumDB Distributed Cluster,23,16830.0,1.0,383219.1,74842.69,80.47,Net 60,Completed,Sarah Chen
ORD-2026-02334,2025-02-20,2025,2025-Q1,CUST-0017,Sterling Cooper Advertising,Mid-Market,Marketing & Media,LATAM,Brazil,Online B2B Portal,Developer Tools,SKU-DEV-701,DevSecOps Automation Mesh,12,4275.0,15.0,43605.0,5559.64,87.25,Net 90,Completed,Alex Mercer
ORD-2026-02335,2024-05-22,2024,2024-Q2,CUST-0024,Aperture Quantum Lab,Mid-Market,Research & Quantum,EU-Central,Germany,Global Alliance Partner,AI Platform,SKU-AI-9001,Neural Fabric GenAI Platform,31,25296.0,9.0,713600.16,107682.26,84.91,Quarterly Net 30,Pending Verification,Jessica Taylor
ORD-2026-02336,2025-02-03,2025,2025-Q1,CUST-0019,Buy N Large Retail Mega,Enterprise Strategic,E-Commerce,APAC-East,Japan,Strategic Reseller Partner,Cloud Infrastructure,SKU-INFRA-801,Enterprise Data Lakehouse Engine,8,12625.0,12.0,88880.0,18638.14,79.03,Net 90,Completed,Chloe Dubois
ORD-2026-02337,2024-12-22,2024,2024-Q4,CUST-0026,Shinra Electric Power,Enterprise Strategic,Energy & Utilities,EU-West,United Kingdom,Online B2B Portal,Developer Tools,SKU-DEV-701,DevSecOps Automation Mesh,104,4770.0,15.0,421668.0,47184.65,88.81,Net 60,Completed,Vikram Patel
ORD-2026-02338,2026-01-11,2026,2026-Q1,CUST-0006,Soylent BioTech Global,Mid-Market,BioTech,EU-Central,Switzerland,Strategic Reseller Partner,IoT & Edge Computing,SKU-IOT-330,Edge IoT Fleet Orchestrator,27,6936.0,2.0,183526.56,52782.24,71.24,Net 30,Pending Verification,Jessica Taylor
ORD-2026-02339,2026-06-13,2026,2026-Q2,CUST-0001,Cyberdyne Systems Corp,Enterprise Strategic,Technology & AI,EU-Central,Switzerland,Direct Field Sales,Cloud Infrastructure,SKU-INFRA-801,Enterprise Data Lakehouse Engine,15,13500.0,11.0,180225.0,33575.92,81.37,Net 30,In Fulfillment,Alex Mercer
ORD-2026-02340,2026-04-18,2026,2026-Q2,CUST-0025,Black Mesa Research,Enterprise Strategic,Scientific R&D,APAC-East,Japan,Global Alliance Partner,Cybersecurity Suite,SKU-SEC-402,Zero-Trust Security Perimeter,38,9167.0,6.0,327445.24,83302.07,74.56,Net 30,Completed,Alex Mercer
ORD-2026-02341,2025-10-15,2025,2025-Q4,CUST-0027,Vault-Tec Security Hub,Enterprise Strategic,Cybersecurity,EU-North,Netherlands,Direct Field Sales,Enterprise ERP,SKU-ERP-101,Global ERP Enterprise Suite,107,35000.0,20.0,2996000.0,950031.6,68.29,Net 30,Completed,Jessica Taylor
ORD-2026-02342,2024-06-21,2024,2024-Q2,CUST-0013,Oceanic Airlines Group,Enterprise Strategic,Aviation,APAC-East,Japan,Direct Field Sales,AI Platform,SKU-AI-9001,Neural Fabric GenAI Platform,49,25544.0,22.0,976291.68,184323.87,81.12,Net 60,In Fulfillment,Marcus Vance
ORD-2026-02343,2024-06-28,2024,2024-Q2,CUST-0010,Hooli Enterprise Cloud,Enterprise Strategic,Cloud Services,EU-Central,Germany,Direct Field Sales,Cloud Infrastructure,SKU-INFRA-805,High-Speed API Gateway Gateway,40,5724.0,14.0,196905.6,40936.67,79.21,Net 90,Pending Verification,Alex Mercer
ORD-2026-02344,2024-01-02,2024,2024-Q1,CUST-0018,Virtucon Industries,Enterprise Strategic,Industrial Equipment,US-West,United States,Direct Field Sales,Cloud Infrastructure,SKU-INFRA-805,High-Speed API Gateway Gateway,39,5670.0,14.0,190171.8,44062.81,76.83,Net 30,Completed,Brian O'Connor
ORD-2026-02345,2024-09-09,2024,2024-Q3,CUST-0023,Delos Experience Living,Enterprise Strategic,Hospitality,APAC-South,Singapore,Direct Field Sales,Developer Tools,SKU-DEV-701,DevSecOps Automation Mesh,29,4680.0,11.0,120790.8,17466.35,85.54,Net 60,In Fulfillment,Gabriel Santos
ORD-2026-02346,2025-10-20,2025,2025-Q4,CUST-0034,Quantum Peak Labs,SMB Growth,Semiconductor,APAC-East,Taiwan,Strategic Reseller Partner,Cloud Infrastructure,SKU-INFRA-801,Enterprise Data Lakehouse Engine,13,12125.0,7.0,146591.25,30608.25,79.12,Net 90,Completed,Michael Chang
ORD-2026-02347,2024-02-11,2024,2024-Q1,CUST-0030,Sartre Software SAS,SMB Growth,Dev Tools,APAC-East,Japan,Strategic Reseller Partner,Cloud Infrastructure,SKU-INFRA-801,Enterprise Data Lakehouse Engine,3,11500.0,7.0,32085.0,8156.01,74.58,Net 90,Completed,Rachel Green
ORD-2026-02348,2024-10-21,2024,2024-Q4,CUST-0022,Gekko Financial Partners,Enterprise Strategic,FinTech & Hedge Fund,EU-West,United Kingdom,Online B2B Portal,AI Platform,SKU-AI-9001,Neural Fabric GenAI Platform,83,25792.0,12.0,1883847.68,258275.52,86.29,Quarterly Net 30,Completed,Brian O'Connor
ORD-2026-02349,2025-11-02,2025,2025-Q4,CUST-0017,Sterling Cooper Advertising,Mid-Market,Marketing & Media,EU-Central,Germany,Global Alliance Partner,Cloud Infrastructure,SKU-INFRA-805,High-Speed API Gateway Gateway,28,5238.0,12.0,129064.32,23141.23,82.07,Net 60,Completed,Marcus Vance
ORD-2026-02350,2024-03-28,2024,2024-Q1,CUST-0033,Apex FinTech Global,Enterprise Strategic,Banking,APAC-South,Singapore,Strategic Reseller Partner,Cloud Infrastructure,SKU-INFRA-801,Enterprise Data Lakehouse Engine,54,12250.0,9.0,601965.0,109256.65,81.85,Quarterly Net 30,Completed,Vikram Patel
ORD-2026-02351,2024-08-20,2024,2024-Q3,CUST-0030,Sartre Software SAS,SMB Growth,Dev Tools,APAC-East,Japan,Direct Field Sales,Cybersecurity Suite,SKU-SEC-402,Zero-Trust Security Perimeter,2,9167.0,2.0,17967.32,4168.42,76.8,Annual Pre-Paid,Pending Verification,Brian O'Connor
ORD-2026-02352,2026-07-28,2026,2026-Q3,CUST-0016,Dunder Mifflin Paper & Tech,SMB Growth,Retail & Supplies,LATAM,Brazil,Global Alliance Partner,Cybersecurity Suite,SKU-SEC-410,Compliance & Audit Vault,10,7560.0,0.0,75600.0,19338.48,74.42,Net 90,Completed,Gabriel Santos
ORD-2026-02353,2025-01-16,2025,2025-Q1,CUST-0020,Oscorp Pharmaceutical,Enterprise Strategic,Life Sciences,APAC-ANZ,Australia,Direct Field Sales,Cloud Infrastructure,SKU-INFRA-805,High-Speed API Gateway Gateway,102,5454.0,11.0,495114.12,94616.31,80.89,Annual Pre-Paid,Completed,Rachel Green
ORD-2026-02354,2025-10-14,2025,2025-Q4,CUST-0004,Stark Aerospace & Defense,Enterprise Strategic,Aerospace,APAC-ANZ,Australia,Online B2B Portal,Developer Tools,SKU-DEV-701,DevSecOps Automation Mesh,119,4590.0,8.0,502513.2,68593.05,86.35,Net 30,Completed,Sarah Chen
ORD-2026-02355,2026-01-15,2026,2026-Q1,CUST-0004,Stark Aerospace & Defense,Enterprise Strategic,Aerospace,EU-North,Netherlands,Online B2B Portal,IoT & Edge Computing,SKU-IOT-330,Edge IoT Fleet Orchestrator,63,6732.0,10.0,381704.4,113786.08,70.19,Annual Pre-Paid,Completed,Sarah Chen
ORD-2026-02356,2025-02-12,2025,2025-Q1,CUST-0021,Weyland-Yutani Deep Space,Enterprise Strategic,Energy & Mining,US-Central,United States,Global Alliance Partner,IoT & Edge Computing,SKU-IOT-330,Edge IoT Fleet Orchestrator,16,6732.0,24.0,81861.12,22528.18,72.48,Net 90,Completed,Marcus Vance
ORD-2026-02357,2025-01-01,2025,2025-Q1,CUST-0015,Acme Aerospace Systems,Mid-Market,Manufacturing,APAC-South,Singapore,Direct Field Sales,Cloud Infrastructure,SKU-INFRA-805,High-Speed API Gateway Gateway,19,5616.0,3.0,103502.88,20773.03,79.93,Net 60,Completed,Kenji Sato
ORD-2026-02358,2024-10-02,2024,2024-Q4,CUST-0020,Oscorp Pharmaceutical,Enterprise Strategic,Life Sciences,EU-Central,Switzerland,Global Alliance Partner,Cybersecurity Suite,SKU-SEC-402,Zero-Trust Security Perimeter,46,9345.0,21.0,339597.3,84050.33,75.25,Net 60,In Fulfillment,Astrid Lindgren
ORD-2026-02359,2024-05-24,2024,2024-Q2,CUST-0017,Sterling Cooper Advertising,Mid-Market,Marketing & Media,US-Central,United States,Strategic Reseller Partner,Enterprise ERP,SKU-ERP-101,Global ERP Enterprise Suite,34,32550.0,0.0,1106700.0,391329.12,64.64,Net 60,Pending Verification,Sarah Chen
ORD-2026-02360,2026-01-07,2026,2026-Q1,CUST-0022,Gekko Financial Partners,Enterprise Strategic,FinTech & Hedge Fund,EU-West,France,Strategic Reseller Partner,IoT & Edge Computing,SKU-IOT-330,Edge IoT Fleet Orchestrator,81,6868.0,7.0,517366.44,152519.63,70.52,Net 90,Completed,Jessica Taylor
ORD-2026-02361,2024-06-27,2024,2024-Q2,CUST-0032,Zeus Renewable Power,Mid-Market,Clean Energy,APAC-East,Taiwan,Global Alliance Partner,Cloud Infrastructure,SKU-INFRA-801,Enterprise Data Lakehouse Engine,12,12250.0,4.0,141120.0,35999.71,74.49,Net 60,In Fulfillment,Vikram Patel
ORD-2026-02362,2024-05-27,2024,2024-Q2,CUST-0022,Gekko Financial Partners,Enterprise Strategic,FinTech & Hedge Fund,APAC-South,Singapore,Online B2B Portal,Developer Tools,SKU-DEV-701,DevSecOps Automation Mesh,28,4770.0,24.0,101505.6,15652.16,84.58,Quarterly Net 30,In Fulfillment,Michael Chang
ORD-2026-02363,2025-01-31,2025,2025-Q1,CUST-0015,Acme Aerospace Systems,Mid-Market,Manufacturing,US-East,United States,Online B2B Portal,Cloud Infrastructure,SKU-INFRA-801,Enterprise Data Lakehouse Engine,10,12250.0,9.0,111475.0,20912.71,81.24,Quarterly Net 30,Completed,Chloe Dubois
ORD-2026-02364,2024-06-10,2024,2024-Q2,CUST-0007,Tyrell Synthetic Dynamics,Enterprise Strategic,Robotics,EU-Central,Switzerland,Online B2B Portal,Cybersecurity Suite,SKU-SEC-402,Zero-Trust Security Perimeter,81,8366.0,8.0,623434.32,165708.84,73.42,Annual Pre-Paid,Completed,Michael Chang
ORD-2026-02365,2026-08-07,2026,2026-Q3,CUST-0012,Massive Dynamic AI,Enterprise Strategic,Artificial Intelligence,MEA,United Arab Emirates,Direct Field Sales,Developer Tools,SKU-DEV-701,DevSecOps Automation Mesh,92,4275.0,10.0,353970.0,52210.57,85.25,Quarterly Net 30,In Fulfillment,Chloe Dubois
ORD-2026-02366,2026-05-29,2026,2026-Q2,CUST-0001,Cyberdyne Systems Corp,Enterprise Strategic,Technology & AI,EU-North,Netherlands,Strategic Reseller Partner,Cybersecurity Suite,SKU-SEC-402,Zero-Trust Security Perimeter,109,8277.0,12.0,793929.84,216584.06,72.72,Net 60,In Fulfillment,Michael Chang
ORD-2026-02367,2024-02-16,2024,2024-Q1,CUST-0020,Oscorp Pharmaceutical,Enterprise Strategic,Life Sciences,APAC-East,Japan,Online B2B Portal,Cloud Infrastructure,SKU-INFRA-801,Enterprise Data Lakehouse Engine,28,12375.0,8.0,318780.0,65764.31,79.37,Net 30,Completed,Rachel Green
ORD-2026-02368,2024-09-02,2024,2024-Q3,CUST-0016,Dunder Mifflin Paper & Tech,SMB Growth,Retail & Supplies,EU-West,United Kingdom,Online B2B Portal,Cybersecurity Suite,SKU-SEC-410,Compliance & Audit Vault,4,7200.0,4.0,27648.0,6959.0,74.83,Net 30,Completed,Vikram Patel
ORD-2026-02369,2024-01-23,2024,2024-Q1,CUST-0012,Massive Dynamic AI,Enterprise Strategic,Artificial Intelligence,APAC-ANZ,Australia,Online B2B Portal,IoT & Edge Computing,SKU-IOT-330,Edge IoT Fleet Orchestrator,17,6460.0,13.0,95543.4,27975.11,70.72,Net 90,Completed,Sarah Chen
ORD-2026-02370,2025-06-10,2025,2025-Q2,CUST-0024,Aperture Quantum Lab,Mid-Market,Research & Quantum,EU-West,France,Online B2B Portal,Cloud Infrastructure,SKU-INFRA-801,Enterprise Data Lakehouse Engine,30,12750.0,9.0,348075.0,65472.91,81.19,Net 60,Completed,Kenji Sato
ORD-2026-02371,2026-03-23,2026,2026-Q1,CUST-0023,Delos Experience Living,Enterprise Strategic,Hospitality,APAC-ANZ,Australia,Strategic Reseller Partner,Cybersecurity Suite,SKU-SEC-402,Zero-Trust Security Perimeter,100,9523.0,10.0,857070.0,203896.95,76.21,Annual Pre-Paid,Completed,Brian O'Connor
ORD-2026-02372,2026-03-11,2026,2026-Q1,CUST-0035,Hyperion Data Mesh,Mid-Market,Data Infrastructure,APAC-East,South Korea,Direct Field Sales,Enterprise ERP,SKU-ERP-101,Global ERP Enterprise Suite,23,34650.0,6.0,749133.0,252457.82,66.3,Net 60,Completed,Alex Mercer
ORD-2026-02373,2026-03-12,2026,2026-Q1,CUST-0008,Umbrella Life Sciences,Enterprise Strategic,Pharma,APAC-East,Taiwan,Online B2B Portal,Developer Tools,SKU-DEV-701,DevSecOps Automation Mesh,30,4635.0,19.0,112630.5,19327.39,82.84,Net 30,Completed,Chloe Dubois
ORD-2026-02374,2025-03-14,2025,2025-Q1,CUST-0027,Vault-Tec Security Hub,Enterprise Strategic,Cybersecurity,APAC-ANZ,Australia,Global Alliance Partner,Developer Tools,SKU-DEV-701,DevSecOps Automation Mesh,12,4635.0,12.0,48945.6,6274.83,87.18,Annual Pre-Paid,Completed,Marcus Vance
ORD-2026-02375,2024-01-28,2024,2024-Q1,CUST-0011,Pied Piper Compression,Mid-Market,DeepTech,APAC-East,Japan,Direct Field Sales,Developer Tools,SKU-DEV-701,DevSecOps Automation Mesh,32,4455.0,8.0,131155.2,22834.12,82.59,Quarterly Net 30,Completed,Marcus Vance
ORD-2026-02376,2024-05-15,2024,2024-Q2,CUST-0016,Dunder Mifflin Paper & Tech,SMB Growth,Retail & Supplies,US-West,United States,Direct Field Sales,IoT & Edge Computing,SKU-IOT-330,Edge IoT Fleet Orchestrator,8,7004.0,5.0,53230.4,15154.69,71.53,Annual Pre-Paid,Completed,Vikram Patel
ORD-2026-02377,2025-03-13,2025,2025-Q1,CUST-0014,Nakatomi Trading Corp,Mid-Market,Trading & Real Estate,EU-West,France,Strategic Reseller Partner,Cybersecurity Suite,SKU-SEC-402,Zero-Trust Security Perimeter,11,8900.0,3.0,94963.0,23446.36,75.31,Quarterly Net 30,In Fulfillment,Sarah Chen
ORD-2026-02378,2026-06-08,2026,2026-Q2,CUST-0009,Wonka Global Logistics,Mid-Market,Supply Chain,EU-North,Netherlands,Online B2B Portal,Cloud Infrastructure,SKU-INFRA-805,High-Speed API Gateway Gateway,25,5778.0,6.0,135783.0,33036.0,75.67,Net 90,In Fulfillment,Rachel Green
ORD-2026-02379,2024-11-15,2024,2024-Q4,CUST-0013,Oceanic Airlines Group,Enterprise Strategic,Aviation,US-East,United States,Direct Field Sales,Cloud Infrastructure,SKU-INFRA-801,Enterprise Data Lakehouse Engine,100,13125.0,10.0,1181250.0,234123.75,80.18,Net 60,In Fulfillment,Hannah Schmidt
ORD-2026-02380,2024-09-06,2024,2024-Q3,CUST-0005,Wayne Enterprises Holdings,Enterprise Strategic,Finance & Industrial,EU-West,United Kingdom,Strategic Reseller Partner,Enterprise ERP,SKU-ERP-101,Global ERP Enterprise Suite,60,36050.0,12.0,1903440.0,608720.11,68.02,Annual Pre-Paid,Completed,Rachel Green
ORD-2026-02381,2024-08-01,2024,2024-Q3,CUST-0009,Wonka Global Logistics,Mid-Market,Supply Chain,EU-Central,Switzerland,Online B2B Portal,AI Platform,SKU-AI-9001,Neural Fabric GenAI Platform,33,23560.0,10.0,699732.0,101741.03,85.46,Annual Pre-Paid,Pending Verification,Rachel Green
ORD-2026-02382,2024-03-14,2024,2024-Q1,CUST-0022,Gekko Financial Partners,Enterprise Strategic,FinTech & Hedge Fund,MEA,United Arab Emirates,Strategic Reseller Partner,Cloud Infrastructure,SKU-INFRA-805,High-Speed API Gateway Gateway,22,5076.0,6.0,104971.68,23933.54,77.2,Net 30,Completed,Gabriel Santos
ORD-2026-02383,2024-12-27,2024,2024-Q4,CUST-0011,Pied Piper Compression,Mid-Market,DeepTech,APAC-ANZ,Australia,Global Alliance Partner,IoT & Edge Computing,SKU-IOT-330,Edge IoT Fleet Orchestrator,20,6732.0,3.0,130600.8,33512.17,74.34,Net 60,Pending Verification,Sarah Chen
ORD-2026-02384,2026-04-04,2026,2026-Q2,CUST-0010,Hooli Enterprise Cloud,Enterprise Strategic,Cloud Services,EU-Central,Switzerland,Strategic Reseller Partner,Enterprise ERP,SKU-ERP-101,Global ERP Enterprise Suite,45,33600.0,24.0,1149120.0,339450.05,70.46,Net 60,Completed,Hannah Schmidt
ORD-2026-02385,2025-01-09,2025,2025-Q1,CUST-0026,Shinra Electric Power,Enterprise Strategic,Energy & Utilities,EU-West,France,Global Alliance Partner,Cybersecurity Suite,SKU-SEC-410,Compliance & Audit Vault,65,6912.0,25.0,336960.0,89193.31,73.53,Net 90,Completed,Marcus Vance
ORD-2026-02386,2024-06-17,2024,2024-Q2,CUST-0018,Virtucon Industries,Enterprise Strategic,Industrial Equipment,LATAM,Brazil,Online B2B Portal,Developer Tools,SKU-DEV-701,DevSecOps Automation Mesh,111,4365.0,7.0,450598.95,58577.86,87.0,Net 90,Completed,Jessica Taylor
ORD-2026-02387,2025-08-15,2025,2025-Q3,CUST-0009,Wonka Global Logistics,Mid-Market,Supply Chain,APAC-East,Taiwan,Global Alliance Partner,Developer Tools,SKU-DEV-701,DevSecOps Automation Mesh,26,4365.0,8.0,104410.8,17875.13,82.88,Net 30,Completed,Gabriel Santos
ORD-2026-02388,2024-05-09,2024,2024-Q2,CUST-0029,Omni Consumer Products,Enterprise Strategic,Consumer Tech,MEA,United Arab Emirates,Global Alliance Partner,AI Platform,SKU-AI-9050,Realtime Anomaly Detection,27,10752.0,17.0,240952.32,46841.13,80.56,Net 30,Completed,Rachel Green
ORD-2026-02389,2026-03-07,2026,2026-Q1,CUST-0014,Nakatomi Trading Corp,Mid-Market,Trading & Real Estate,EU-Central,Germany,Online B2B Portal,Cybersecurity Suite,SKU-SEC-402,Zero-Trust Security Perimeter,6,8366.0,2.0,49192.08,12543.98,74.5,Net 90,Completed,Marcus Vance
ORD-2026-02390,2024-05-30,2024,2024-Q2,CUST-0013,Oceanic Airlines Group,Enterprise Strategic,Aviation,EU-Central,Germany,Global Alliance Partner,AI Platform,SKU-AI-9050,Realtime Anomaly Detection,75,11536.0,25.0,648900.0,98373.24,84.84,Net 30,Pending Verification,Brian O'Connor
ORD-2026-02391,2024-12-19,2024,2024-Q4,CUST-0032,Zeus Renewable Power,Mid-Market,Clean Energy,APAC-ANZ,Australia,Global Alliance Partner,Cybersecurity Suite,SKU-SEC-402,Zero-Trust Security Perimeter,25,8900.0,2.0,218050.0,51067.31,76.58,Net 30,Completed,Alex Mercer
ORD-2026-02392,2024-07-27,2024,2024-Q3,CUST-0015,Acme Aerospace Systems,Mid-Market,Manufacturing,APAC-South,Singapore,Strategic Reseller Partner,AI Platform,SKU-AI-9001,Neural Fabric GenAI Platform,20,25544.0,7.0,475118.4,59057.22,87.57,Net 60,In Fulfillment,Elena Rostova
ORD-2026-02393,2025-03-31,2025,2025-Q1,CUST-0010,Hooli Enterprise Cloud,Enterprise Strategic,Cloud Services,APAC-ANZ,Australia,Direct Field Sales,Cybersecurity Suite,SKU-SEC-410,Compliance & Audit Vault,94,6984.0,19.0,531761.76,129005.4,75.74,Annual Pre-Paid,Completed,Jessica Taylor
ORD-2026-02394,2026-02-23,2026,2026-Q1,CUST-0029,Omni Consumer Products,Enterprise Strategic,Consumer Tech,US-East,United States,Global Alliance Partner,Database Infrastructure,SKU-DB-880,QuantumDB Distributed Cluster,57,16995.0,18.0,794346.3,128763.54,83.79,Quarterly Net 30,Completed,Elena Rostova
ORD-2026-02395,2024-01-05,2024,2024-Q1,CUST-0008,Umbrella Life Sciences,Enterprise Strategic,Pharma,US-West,United States,Strategic Reseller Partner,Cybersecurity Suite,SKU-SEC-402,Zero-Trust Security Perimeter,8,9345.0,21.0,59060.4,12916.51,78.13,Quarterly Net 30,Pending Verification,Michael Chang
ORD-2026-02396,2026-07-29,2026,2026-Q3,CUST-0018,Virtucon Industries,Enterprise Strategic,Industrial Equipment,US-Central,United States,Global Alliance Partner,Enterprise ERP,SKU-ERP-101,Global ERP Enterprise Suite,103,35350.0,24.0,2767198.0,950809.23,65.64,Net 60,Completed,Hannah Schmidt
ORD-2026-02397,2025-04-07,2025,2025-Q2,CUST-0025,Black Mesa Research,Enterprise Strategic,Scientific R&D,US-East,United States,Strategic Reseller Partner,Cloud Infrastructure,SKU-INFRA-805,High-Speed API Gateway Gateway,82,5616.0,13.0,400645.44,79688.38,80.11,Net 60,Completed,Alex Mercer
ORD-2026-02398,2026-05-22,2026,2026-Q2,CUST-0022,Gekko Financial Partners,Enterprise Strategic,FinTech & Hedge Fund,APAC-South,Singapore,Online B2B Portal,Cybersecurity Suite,SKU-SEC-410,Compliance & Audit Vault,41,7632.0,23.0,240942.24,60717.44,74.8,Net 30,Pending Verification,Brian O'Connor
ORD-2026-02399,2025-03-05,2025,2025-Q1,CUST-0018,Virtucon Industries,Enterprise Strategic,Industrial Equipment,APAC-East,Taiwan,Direct Field Sales,AI Platform,SKU-AI-9001,Neural Fabric GenAI Platform,115,23808.0,9.0,2491507.2,424552.83,82.96,Net 30,In Fulfillment,David Lin
ORD-2026-02400,2024-02-21,2024,2024-Q1,CUST-0001,Cyberdyne Systems Corp,Enterprise Strategic,Technology & AI,US-West,United States,Direct Field Sales,Developer Tools,SKU-DEV-701,DevSecOps Automation Mesh,42,4500.0,13.0,164430.0,19238.31,88.3,Quarterly Net 30,Completed,Michael Chang
ORD-2026-02401,2026-06-17,2026,2026-Q2,CUST-0004,Stark Aerospace & Defense,Enterprise Strategic,Aerospace,EU-West,United Kingdom,Direct Field Sales,Enterprise ERP,SKU-ERP-101,Global ERP Enterprise Suite,37,32550.0,18.0,987567.0,350685.04,64.49,Net 60,Completed,David Lin
ORD-2026-02402,2025-02-19,2025,2025-Q1,CUST-0025,Black Mesa Research,Enterprise Strategic,Scientific R&D,MEA,United Arab Emirates,Online B2B Portal,AI Platform,SKU-AI-9001,Neural Fabric GenAI Platform,92,24056.0,9.0,2013968.32,318609.79,84.18,Net 30,Pending Verification,Michael Chang
ORD-2026-02403,2025-10-23,2025,2025-Q4,CUST-0014,Nakatomi Trading Corp,Mid-Market,Trading & Real Estate,EU-Central,Switzerland,Online B2B Portal,AI Platform,SKU-AI-9050,Realtime Anomaly Detection,22,10416.0,5.0,217694.4,47152.61,78.34,Net 30,Completed,Brian O'Connor
ORD-2026-02404,2025-02-16,2025,2025-Q1,CUST-0034,Quantum Peak Labs,SMB Growth,Semiconductor,MEA,United Arab Emirates,Online B2B Portal,IoT & Edge Computing,SKU-IOT-330,Edge IoT Fleet Orchestrator,5,6800.0,4.0,32640.0,8313.41,74.53,Quarterly Net 30,Pending Verification,Alex Mercer
ORD-2026-02405,2024-04-03,2024,2024-Q2,CUST-0003,Initech Cloud Solutions,Mid-Market,Software,US-Central,United States,Global Alliance Partner,AI Platform,SKU-AI-9001,Neural Fabric GenAI Platform,27,24800.0,13.0,582552.0,90470.33,84.47,Net 60,Completed,Astrid Lindgren
ORD-2026-02406,2024-04-15,2024,2024-Q2,CUST-0028,LexCorp Advanced Metals,Enterprise Strategic,Materials,US-West,United States,Direct Field Sales,Developer Tools,SKU-DEV-701,DevSecOps Automation Mesh,71,4455.0,24.0,240391.8,27909.49,88.39,Annual Pre-Paid,Completed,Sarah Chen
ORD-2026-02407,2025-08-05,2025,2025-Q3,CUST-0031,Athena Health Systems,Mid-Market,Healthcare,LATAM,Brazil,Global Alliance Partner,AI Platform,SKU-AI-9050,Realtime Anomaly Detection,24,11536.0,9.0,251946.24,51346.64,79.62,Net 60,In Fulfillment,Jessica Taylor
ORD-2026-02408,2024-03-08,2024,2024-Q1,CUST-0031,Athena Health Systems,Mid-Market,Healthcare,LATAM,Brazil,Direct Field Sales,Developer Tools,SKU-DEV-701,DevSecOps Automation Mesh,3,4860.0,5.0,13851.0,2263.25,83.66,Net 60,Pending Verification,David Lin
ORD-2026-02409,2025-10-21,2025,2025-Q4,CUST-0035,Hyperion Data Mesh,Mid-Market,Data Infrastructure,US-West,United States,Online B2B Portal,IoT & Edge Computing,SKU-IOT-330,Edge IoT Fleet Orchestrator,22,6392.0,7.0,130780.32,37978.6,70.96,Net 90,In Fulfillment,Elena Rostova
ORD-2026-02410,2025-08-15,2025,2025-Q3,CUST-0033,Apex FinTech Global,Enterprise Strategic,Banking,US-Central,United States,Online B2B Portal,Cybersecurity Suite,SKU-SEC-402,Zero-Trust Security Perimeter,54,8366.0,13.0,393034.68,99280.56,74.74,Annual Pre-Paid,Pending Verification,Michael Chang
ORD-2026-02411,2024-02-14,2024,2024-Q1,CUST-0005,Wayne Enterprises Holdings,Enterprise Strategic,Finance & Industrial,APAC-South,Singapore,Online B2B Portal,Cloud Infrastructure,SKU-INFRA-805,High-Speed API Gateway Gateway,109,5346.0,10.0,524442.6,108140.06,79.38,Quarterly Net 30,In Fulfillment,Alex Mercer
ORD-2026-02412,2026-04-14,2026,2026-Q2,CUST-0013,Oceanic Airlines Group,Enterprise Strategic,Aviation,US-East,United States,Strategic Reseller Partner,Cloud Infrastructure,SKU-INFRA-805,High-Speed API Gateway Gateway,48,5724.0,9.0,250024.32,53255.18,78.7,Annual Pre-Paid,Completed,Jessica Taylor
ORD-2026-02413,2025-08-29,2025,2025-Q3,CUST-0015,Acme Aerospace Systems,Mid-Market,Manufacturing,EU-Central,Germany,Online B2B Portal,AI Platform,SKU-AI-9001,Neural Fabric GenAI Platform,25,25544.0,12.0,561968.0,104975.62,81.32,Net 60,Pending Verification,Kenji Sato
ORD-2026-02414,2025-03-12,2025,2025-Q1,CUST-0007,Tyrell Synthetic Dynamics,Enterprise Strategic,Robotics,EU-West,United Kingdom,Direct Field Sales,Cloud Infrastructure,SKU-INFRA-805,High-Speed API Gateway Gateway,64,5778.0,21.0,292135.68,72858.64,75.06,Quarterly Net 30,Completed,Marcus Vance
ORD-2026-02415,2026-06-26,2026,2026-Q2,CUST-0001,Cyberdyne Systems Corp,Enterprise Strategic,Technology & AI,APAC-South,Singapore,Global Alliance Partner,Database Infrastructure,SKU-DB-880,QuantumDB Distributed Cluster,76,17490.0,22.0,1036807.2,159668.31,84.6,Annual Pre-Paid,Completed,Chloe Dubois
ORD-2026-02416,2026-07-30,2026,2026-Q3,CUST-0008,Umbrella Life Sciences,Enterprise Strategic,Pharma,US-West,United States,Online B2B Portal,Cybersecurity Suite,SKU-SEC-402,Zero-Trust Security Perimeter,45,9256.0,8.0,383198.4,91124.58,76.22,Annual Pre-Paid,In Fulfillment,Alex Mercer
ORD-2026-02417,2026-03-09,2026,2026-Q1,CUST-0004,Stark Aerospace & Defense,Enterprise Strategic,Aerospace,US-East,United States,Global Alliance Partner,AI Platform,SKU-AI-9001,Neural Fabric GenAI Platform,23,26040.0,6.0,562984.8,80337.93,85.73,Net 90,In Fulfillment,Elena Rostova
ORD-2026-02418,2024-10-29,2024,2024-Q4,CUST-0019,Buy N Large Retail Mega,Enterprise Strategic,E-Commerce,EU-Central,Switzerland,Strategic Reseller Partner,Cloud Infrastructure,SKU-INFRA-801,Enterprise Data Lakehouse Engine,49,12500.0,20.0,490000.0,95207.0,80.57,Annual Pre-Paid,Completed,Sarah Chen
ORD-2026-02419,2026-02-14,2026,2026-Q1,CUST-0028,LexCorp Advanced Metals,Enterprise Strategic,Materials,MEA,United Arab Emirates,Direct Field Sales,Cybersecurity Suite,SKU-SEC-410,Compliance & Audit Vault,79,6768.0,18.0,438431.04,118727.13,72.92,Quarterly Net 30,Completed,David Lin
ORD-2026-02420,2026-03-01,2026,2026-Q1,CUST-0026,Shinra Electric Power,Enterprise Strategic,Energy & Utilities,EU-North,Netherlands,Global Alliance Partner,IoT & Edge Computing,SKU-IOT-330,Edge IoT Fleet Orchestrator,42,6936.0,6.0,273833.28,72702.74,73.45,Quarterly Net 30,In Fulfillment,Elena Rostova
ORD-2026-02421,2024-10-21,2024,2024-Q4,CUST-0018,Virtucon Industries,Enterprise Strategic,Industrial Equipment,US-East,United States,Direct Field Sales,Cybersecurity Suite,SKU-SEC-410,Compliance & Audit Vault,96,6840.0,12.0,577843.2,135273.09,76.59,Net 90,In Fulfillment,Vikram Patel
ORD-2026-02422,2025-01-23,2025,2025-Q1,CUST-0024,Aperture Quantum Lab,Mid-Market,Research & Quantum,EU-West,United Kingdom,Global Alliance Partner,Cybersecurity Suite,SKU-SEC-410,Compliance & Audit Vault,14,6840.0,14.0,82353.6,19188.39,76.7,Quarterly Net 30,Completed,Gabriel Santos
ORD-2026-02423,2024-09-21,2024,2024-Q3,CUST-0016,Dunder Mifflin Paper & Tech,SMB Growth,Retail & Supplies,APAC-East,Taiwan,Direct Field Sales,AI Platform,SKU-AI-9050,Realtime Anomaly Detection,1,10864.0,3.0,10538.08,1752.48,83.37,Annual Pre-Paid,Completed,Gabriel Santos
ORD-2026-02424,2024-04-26,2024,2024-Q2,CUST-0022,Gekko Financial Partners,Enterprise Strategic,FinTech & Hedge Fund,EU-Central,Switzerland,Direct Field Sales,AI Platform,SKU-AI-9001,Neural Fabric GenAI Platform,47,25544.0,6.0,1128533.92,221756.92,80.35,Annual Pre-Paid,In Fulfillment,Jessica Taylor
ORD-2026-02425,2024-01-10,2024,2024-Q1,CUST-0002,Globex Corporation,Enterprise Strategic,Conglomerate,APAC-East,Japan,Direct Field Sales,Cybersecurity Suite,SKU-SEC-402,Zero-Trust Security Perimeter,56,8989.0,12.0,442977.92,121065.87,72.67,Net 90,Completed,Brian O'Connor
ORD-2026-02426,2024-12-10,2024,2024-Q4,CUST-0030,Sartre Software SAS,SMB Growth,Dev Tools,LATAM,Brazil,Strategic Reseller Partner,Database Infrastructure,SKU-DB-880,QuantumDB Distributed Cluster,6,16500.0,2.0,97020.0,20704.07,78.66,Annual Pre-Paid,Completed,Rachel Green
ORD-2026-02427,2024-07-10,2024,2024-Q3,CUST-0007,Tyrell Synthetic Dynamics,Enterprise Strategic,Robotics,EU-Central,Germany,Global Alliance Partner,AI Platform,SKU-AI-9050,Realtime Anomaly Detection,77,10752.0,7.0,769950.72,154452.11,79.94,Quarterly Net 30,Completed,Vikram Patel
ORD-2026-02428,2025-01-31,2025,2025-Q1,CUST-0019,Buy N Large Retail Mega,Enterprise Strategic,E-Commerce,APAC-South,Singapore,Strategic Reseller Partner,Cybersecurity Suite,SKU-SEC-402,Zero-Trust Security Perimeter,7,8277.0,23.0,44613.03,9386.58,78.96,Annual Pre-Paid,In Fulfillment,Hannah Schmidt
ORD-2026-02429,2025-11-04,2025,2025-Q4,CUST-0027,Vault-Tec Security Hub,Enterprise Strategic,Cybersecurity,EU-North,Netherlands,Online B2B Portal,Cybersecurity Suite,SKU-SEC-402,Zero-Trust Security Perimeter,104,8633.0,15.0,763157.2,188423.51,75.31,Net 90,In Fulfillment,Astrid Lindgren
ORD-2026-02430,2025-05-25,2025,2025-Q2,CUST-0009,Wonka Global Logistics,Mid-Market,Supply Chain,EU-Central,Germany,Direct Field Sales,Cloud Infrastructure,SKU-INFRA-801,Enterprise Data Lakehouse Engine,4,13000.0,10.0,46800.0,9706.32,79.26,Net 30,Completed,Vikram Patel
ORD-2026-02431,2024-02-20,2024,2024-Q1,CUST-0006,Soylent BioTech Global,Mid-Market,BioTech,EU-Central,Germany,Global Alliance Partner,Cloud Infrastructure,SKU-INFRA-801,Enterprise Data Lakehouse Engine,22,11500.0,1.0,250470.0,49768.39,80.13,Net 90,In Fulfillment,Hannah Schmidt
ORD-2026-02432,2024-05-26,2024,2024-Q2,CUST-0032,Zeus Renewable Power,Mid-Market,Clean Energy,MEA,United Arab Emirates,Direct Field Sales,IoT & Edge Computing,SKU-IOT-330,Edge IoT Fleet Orchestrator,14,7208.0,11.0,89811.68,23737.23,73.57,Net 60,In Fulfillment,David Lin
ORD-2026-02433,2026-07-09,2026,2026-Q3,CUST-0027,Vault-Tec Security Hub,Enterprise Strategic,Cybersecurity,LATAM,Brazil,Strategic Reseller Partner,IoT & Edge Computing,SKU-IOT-330,Edge IoT Fleet Orchestrator,81,7140.0,19.0,468455.4,142363.6,69.61,Net 30,Completed,Brian O'Connor
ORD-2026-02434,2024-02-29,2024,2024-Q1,CUST-0004,Stark Aerospace & Defense,Enterprise Strategic,Aerospace,APAC-ANZ,Australia,Direct Field Sales,Cybersecurity Suite,SKU-SEC-410,Compliance & Audit Vault,11,7344.0,16.0,67858.56,19081.83,71.88,Quarterly Net 30,Completed,Michael Chang
ORD-2026-02435,2024-04-26,2024,2024-Q2,CUST-0001,Cyberdyne Systems Corp,Enterprise Strategic,Technology & AI,APAC-East,South Korea,Online B2B Portal,Cloud Infrastructure,SKU-INFRA-805,High-Speed API Gateway Gateway,10,5508.0,8.0,50673.6,8822.27,82.59,Net 90,Pending Verification,Sarah Chen
ORD-2026-02436,2024-12-09,2024,2024-Q4,CUST-0035,Hyperion Data Mesh,Mid-Market,Data Infrastructure,MEA,United Arab Emirates,Strategic Reseller Partner,Cybersecurity Suite,SKU-SEC-410,Compliance & Audit Vault,5,6912.0,9.0,31449.6,7110.75,77.39,Net 60,Completed,Jessica Taylor
ORD-2026-02437,2025-03-10,2025,2025-Q1,CUST-0006,Soylent BioTech Global,Mid-Market,BioTech,EU-West,United Kingdom,Global Alliance Partner,IoT & Edge Computing,SKU-IOT-330,Edge IoT Fleet Orchestrator,12,6936.0,8.0,76573.44,21371.65,72.09,Net 30,In Fulfillment,Marcus Vance
ORD-2026-02438,2025-11-21,2025,2025-Q4,CUST-0028,LexCorp Advanced Metals,Enterprise Strategic,Materials,APAC-East,Japan,Direct Field Sales,Developer Tools,SKU-DEV-701,DevSecOps Automation Mesh,114,4680.0,25.0,400140.0,62341.81,84.42,Annual Pre-Paid,Pending Verification,Gabriel Santos
ORD-2026-02439,2025-04-13,2025,2025-Q2,CUST-0001,Cyberdyne Systems Corp,Enterprise Strategic,Technology & AI,LATAM,Brazil,Online B2B Portal,Database Infrastructure,SKU-DB-880,QuantumDB Distributed Cluster,14,17490.0,25.0,183645.0,40934.47,77.71,Net 90,In Fulfillment,Vikram Patel
ORD-2026-02440,2026-03-09,2026,2026-Q1,CUST-0016,Dunder Mifflin Paper & Tech,SMB Growth,Retail & Supplies,US-East,United States,Global Alliance Partner,AI Platform,SKU-AI-9050,Realtime Anomaly Detection,15,11088.0,2.0,162993.6,29289.95,82.03,Net 60,Completed,Michael Chang
ORD-2026-02441,2025-08-21,2025,2025-Q3,CUST-0008,Umbrella Life Sciences,Enterprise Strategic,Pharma,APAC-ANZ,Australia,Online B2B Portal,Cybersecurity Suite,SKU-SEC-402,Zero-Trust Security Perimeter,90,8544.0,13.0,668995.2,140555.89,78.99,Net 90,Completed,Gabriel Santos
ORD-2026-02442,2026-01-15,2026,2026-Q1,CUST-0007,Tyrell Synthetic Dynamics,Enterprise Strategic,Robotics,EU-North,Netherlands,Global Alliance Partner,IoT & Edge Computing,SKU-IOT-330,Edge IoT Fleet Orchestrator,66,6392.0,19.0,341716.32,95817.26,71.96,Annual Pre-Paid,In Fulfillment,Vikram Patel
ORD-2026-02443,2025-06-27,2025,2025-Q2,CUST-0035,Hyperion Data Mesh,Mid-Market,Data Infrastructure,APAC-East,South Korea,Strategic Reseller Partner,IoT & Edge Computing,SKU-IOT-330,Edge IoT Fleet Orchestrator,17,6800.0,6.0,108664.0,28991.56,73.32,Net 90,Completed,Sarah Chen
ORD-2026-02444,2026-01-16,2026,2026-Q1,CUST-0026,Shinra Electric Power,Enterprise Strategic,Energy & Utilities,MEA,United Arab Emirates,Strategic Reseller Partner,AI Platform,SKU-AI-9050,Realtime Anomaly Detection,56,10640.0,8.0,548172.8,101960.14,81.4,Annual Pre-Paid,Completed,Michael Chang
ORD-2026-02445,2026-04-30,2026,2026-Q2,CUST-0033,Apex FinTech Global,Enterprise Strategic,Banking,US-East,United States,Strategic Reseller Partner,AI Platform,SKU-AI-9050,Realtime Anomaly Detection,87,11984.0,13.0,907068.96,127715.31,85.92,Net 90,In Fulfillment,Marcus Vance
ORD-2026-02446,2025-07-17,2025,2025-Q3,CUST-0035,Hyperion Data Mesh,Mid-Market,Data Infrastructure,APAC-East,Taiwan,Direct Field Sales,AI Platform,SKU-AI-9050,Realtime Anomaly Detection,20,10752.0,9.0,195686.4,38080.57,80.54,Quarterly Net 30,Completed,Marcus Vance
ORD-2026-02447,2024-11-27,2024,2024-Q4,CUST-0022,Gekko Financial Partners,Enterprise Strategic,FinTech & Hedge Fund,APAC-East,Taiwan,Global Alliance Partner,AI Platform,SKU-AI-9050,Realtime Anomaly Detection,64,10864.0,8.0,639672.32,109831.74,82.83,Annual Pre-Paid,Completed,Kenji Sato
ORD-2026-02448,2024-01-26,2024,2024-Q1,CUST-0013,Oceanic Airlines Group,Enterprise Strategic,Aviation,MEA,United Arab Emirates,Online B2B Portal,Cloud Infrastructure,SKU-INFRA-805,High-Speed API Gateway Gateway,8,5778.0,11.0,41139.36,7261.1,82.35,Net 90,Completed,Gabriel Santos
ORD-2026-02449,2025-03-27,2025,2025-Q1,CUST-0007,Tyrell Synthetic Dynamics,Enterprise Strategic,Robotics,MEA,United Arab Emirates,Global Alliance Partner,Developer Tools,SKU-DEV-701,DevSecOps Automation Mesh,66,4275.0,16.0,237006.0,41333.85,82.56,Net 60,Pending Verification,Hannah Schmidt
ORD-2026-02450,2025-02-09,2025,2025-Q1,CUST-0023,Delos Experience Living,Enterprise Strategic,Hospitality,APAC-East,South Korea,Direct Field Sales,Cloud Infrastructure,SKU-INFRA-805,High-Speed API Gateway Gateway,73,5508.0,14.0,345792.24,63176.24,81.73,Net 90,Completed,Alex Mercer
ORD-2026-02451,2024-02-27,2024,2024-Q1,CUST-0024,Aperture Quantum Lab,Mid-Market,Research & Quantum,APAC-East,South Korea,Direct Field Sales,Cloud Infrastructure,SKU-INFRA-801,Enterprise Data Lakehouse Engine,40,12000.0,3.0,465600.0,94842.72,79.63,Net 60,Completed,Michael Chang
ORD-2026-02452,2026-05-05,2026,2026-Q2,CUST-0032,Zeus Renewable Power,Mid-Market,Clean Energy,EU-West,France,Global Alliance Partner,Cloud Infrastructure,SKU-INFRA-801,Enterprise Data Lakehouse Engine,16,13000.0,10.0,187200.0,39836.16,78.72,Net 30,Completed,Sarah Chen
ORD-2026-02453,2026-01-18,2026,2026-Q1,CUST-0010,Hooli Enterprise Cloud,Enterprise Strategic,Cloud Services,EU-West,France,Direct Field Sales,AI Platform,SKU-AI-9001,Neural Fabric GenAI Platform,87,26040.0,15.0,1925658.0,379547.19,80.29,Net 90,In Fulfillment,Rachel Green
ORD-2026-02454,2026-02-11,2026,2026-Q1,CUST-0002,Globex Corporation,Enterprise Strategic,Conglomerate,EU-North,Netherlands,Online B2B Portal,Cybersecurity Suite,SKU-SEC-402,Zero-Trust Security Perimeter,28,9434.0,8.0,243019.84,62553.31,74.26,Net 60,Completed,Vikram Patel
ORD-2026-02455,2025-07-28,2025,2025-Q3,CUST-0002,Globex Corporation,Enterprise Strategic,Conglomerate,EU-North,Netherlands,Strategic Reseller Partner,Cloud Infrastructure,SKU-INFRA-801,Enterprise Data Lakehouse Engine,6,12500.0,21.0,59250.0,14480.7,75.56,Net 60,Pending Verification,Gabriel Santos
ORD-2026-02456,2024-06-25,2024,2024-Q2,CUST-0025,Black Mesa Research,Enterprise Strategic,Scientific R&D,APAC-South,Singapore,Global Alliance Partner,Cybersecurity Suite,SKU-SEC-402,Zero-Trust Security Perimeter,38,8989.0,19.0,276681.42,72186.18,73.91,Annual Pre-Paid,Pending Verification,Alex Mercer
ORD-2026-02457,2025-12-15,2025,2025-Q4,CUST-0021,Weyland-Yutani Deep Space,Enterprise Strategic,Energy & Mining,EU-Central,Switzerland,Direct Field Sales,Enterprise ERP,SKU-ERP-101,Global ERP Enterprise Suite,44,36050.0,13.0,1379994.0,430834.13,68.78,Annual Pre-Paid,Completed,Kenji Sato
ORD-2026-02458,2024-02-20,2024,2024-Q1,CUST-0025,Black Mesa Research,Enterprise Strategic,Scientific R&D,APAC-East,Japan,Global Alliance Partner,Database Infrastructure,SKU-DB-880,QuantumDB Distributed Cluster,51,15840.0,18.0,662428.8,132618.25,79.98,Net 90,Pending Verification,Astrid Lindgren
ORD-2026-02459,2024-03-08,2024,2024-Q1,CUST-0018,Virtucon Industries,Enterprise Strategic,Industrial Equipment,EU-North,Netherlands,Global Alliance Partner,Cloud Infrastructure,SKU-INFRA-805,High-Speed API Gateway Gateway,73,5346.0,18.0,320011.56,56258.03,82.42,Quarterly Net 30,In Fulfillment,Vikram Patel
ORD-2026-02460,2026-02-04,2026,2026-Q1,CUST-0018,Virtucon Industries,Enterprise Strategic,Industrial Equipment,APAC-East,Japan,Strategic Reseller Partner,Enterprise ERP,SKU-ERP-101,Global ERP Enterprise Suite,76,33600.0,20.0,2042880.0,581812.22,71.52,Net 90,Completed,Vikram Patel
ORD-2026-02461,2024-06-12,2024,2024-Q2,CUST-0027,Vault-Tec Security Hub,Enterprise Strategic,Cybersecurity,LATAM,Brazil,Global Alliance Partner,Database Infrastructure,SKU-DB-880,QuantumDB Distributed Cluster,60,17325.0,25.0,779625.0,147037.27,81.14,Net 60,In Fulfillment,Alex Mercer
ORD-2026-02462,2026-05-31,2026,2026-Q2,CUST-0030,Sartre Software SAS,SMB Growth,Dev Tools,EU-Central,Switzerland,Online B2B Portal,Cloud Infrastructure,SKU-INFRA-805,High-Speed API Gateway Gateway,8,5400.0,0.0,43200.0,8696.16,79.87,Net 60,In Fulfillment,Gabriel Santos
ORD-2026-02463,2026-06-24,2026,2026-Q2,CUST-0027,Vault-Tec Security Hub,Enterprise Strategic,Cybersecurity,APAC-East,South Korea,Strategic Reseller Partner,Enterprise ERP,SKU-ERP-101,Global ERP Enterprise Suite,43,37800.0,10.0,1462860.0,476307.22,67.44,Quarterly Net 30,Pending Verification,Hannah Schmidt
ORD-2026-02464,2025-07-02,2025,2025-Q3,CUST-0003,Initech Cloud Solutions,Mid-Market,Software,EU-West,France,Direct Field Sales,Enterprise ERP,SKU-ERP-101,Global ERP Enterprise Suite,22,34300.0,12.0,664048.0,200741.71,69.77,Quarterly Net 30,In Fulfillment,Michael Chang
ORD-2026-02465,2024-10-02,2024,2024-Q4,CUST-0026,Shinra Electric Power,Enterprise Strategic,Energy & Utilities,EU-Central,Switzerland,Strategic Reseller Partner,Cloud Infrastructure,SKU-INFRA-801,Enterprise Data Lakehouse Engine,11,12000.0,14.0,113520.0,21182.83,81.34,Quarterly Net 30,In Fulfillment,Rachel Green
ORD-2026-02466,2024-02-16,2024,2024-Q1,CUST-0030,Sartre Software SAS,SMB Growth,Dev Tools,EU-Central,Switzerland,Strategic Reseller Partner,AI Platform,SKU-AI-9050,Realtime Anomaly Detection,15,12096.0,1.0,179625.6,34991.07,80.52,Net 90,Completed,Elena Rostova
ORD-2026-02467,2025-07-29,2025,2025-Q3,CUST-0002,Globex Corporation,Enterprise Strategic,Conglomerate,US-West,United States,Global Alliance Partner,Cybersecurity Suite,SKU-SEC-402,Zero-Trust Security Perimeter,47,8722.0,16.0,344344.56,90114.97,73.83,Net 60,Completed,Kenji Sato
ORD-2026-02468,2024-12-17,2024,2024-Q4,CUST-0002,Globex Corporation,Enterprise Strategic,Conglomerate,APAC-South,Singapore,Strategic Reseller Partner,Cloud Infrastructure,SKU-INFRA-805,High-Speed API Gateway Gateway,17,5238.0,11.0,79250.94,14201.77,82.08,Net 60,Completed,Rachel Green
ORD-2026-02469,2024-09-28,2024,2024-Q3,CUST-0015,Acme Aerospace Systems,Mid-Market,Manufacturing,LATAM,Brazil,Strategic Reseller Partner,AI Platform,SKU-AI-9050,Realtime Anomaly Detection,23,11760.0,3.0,262365.6,42503.23,83.8,Net 30,Completed,Marcus Vance
ORD-2026-02470,2024-09-01,2024,2024-Q3,CUST-0023,Delos Experience Living,Enterprise Strategic,Hospitality,APAC-East,Taiwan,Direct Field Sales,Enterprise ERP,SKU-ERP-101,Global ERP Enterprise Suite,116,34300.0,8.0,3660496.0,1058615.44,71.08,Net 90,In Fulfillment,Michael Chang
ORD-2026-02471,2025-03-20,2025,2025-Q1,CUST-0025,Black Mesa Research,Enterprise Strategic,Scientific R&D,MEA,United Arab Emirates,Strategic Reseller Partner,Developer Tools,SKU-DEV-701,DevSecOps Automation Mesh,19,4500.0,19.0,69255.0,9716.48,85.97,Quarterly Net 30,In Fulfillment,Michael Chang
ORD-2026-02472,2026-01-02,2026,2026-Q1,CUST-0023,Delos Experience Living,Enterprise Strategic,Hospitality,EU-West,France,Online B2B Portal,Developer Tools,SKU-DEV-701,DevSecOps Automation Mesh,15,4680.0,10.0,63180.0,6438.04,89.81,Quarterly Net 30,Completed,Rachel Green
ORD-2026-02473,2024-08-25,2024,2024-Q3,CUST-0021,Weyland-Yutani Deep Space,Enterprise Strategic,Energy & Mining,US-West,United States,Direct Field Sales,AI Platform,SKU-AI-9050,Realtime Anomaly Detection,90,10864.0,23.0,752875.2,115716.92,84.63,Net 90,In Fulfillment,Astrid Lindgren
ORD-2026-02474,2025-04-09,2025,2025-Q2,CUST-0003,Initech Cloud Solutions,Mid-Market,Software,MEA,United Arab Emirates,Global Alliance Partner,Cybersecurity Suite,SKU-SEC-402,Zero-Trust Security Perimeter,32,9434.0,3.0,292831.36,75169.81,74.33,Net 60,In Fulfillment,Chloe Dubois
ORD-2026-02475,2024-09-13,2024,2024-Q3,CUST-0025,Black Mesa Research,Enterprise Strategic,Scientific R&D,US-West,United States,Strategic Reseller Partner,AI Platform,SKU-AI-9001,Neural Fabric GenAI Platform,90,24800.0,11.0,1986480.0,244138.39,87.71,Net 60,Completed,Kenji Sato
ORD-2026-02476,2026-06-23,2026,2026-Q2,CUST-0007,Tyrell Synthetic Dynamics,Enterprise Strategic,Robotics,US-Central,United States,Global Alliance Partner,Cloud Infrastructure,SKU-INFRA-801,Enterprise Data Lakehouse Engine,70,11750.0,10.0,740250.0,134651.47,81.81,Annual Pre-Paid,Completed,Marcus Vance
ORD-2026-02477,2024-01-15,2024,2024-Q1,CUST-0004,Stark Aerospace & Defense,Enterprise Strategic,Aerospace,EU-North,Netherlands,Strategic Reseller Partner,AI Platform,SKU-AI-9001,Neural Fabric GenAI Platform,82,23808.0,22.0,1522759.68,208313.52,86.32,Net 60,Pending Verification,Sarah Chen
ORD-2026-02478,2025-03-22,2025,2025-Q1,CUST-0032,Zeus Renewable Power,Mid-Market,Clean Energy,US-East,United States,Online B2B Portal,Developer Tools,SKU-DEV-701,DevSecOps Automation Mesh,4,4680.0,11.0,16660.8,1904.33,88.57,Quarterly Net 30,In Fulfillment,Brian O'Connor
ORD-2026-02479,2026-04-20,2026,2026-Q2,CUST-0009,Wonka Global Logistics,Mid-Market,Supply Chain,MEA,United Arab Emirates,Global Alliance Partner,AI Platform,SKU-AI-9050,Realtime Anomaly Detection,16,10528.0,10.0,151603.2,31245.42,79.39,Net 60,Pending Verification,Gabriel Santos
ORD-2026-02480,2024-08-22,2024,2024-Q3,CUST-0034,Quantum Peak Labs,SMB Growth,Semiconductor,MEA,United Arab Emirates,Direct Field Sales,Enterprise ERP,SKU-ERP-101,Global ERP Enterprise Suite,9,37450.0,3.0,326938.5,100500.89,69.26,Net 60,Completed,Marcus Vance
ORD-2026-02481,2025-01-13,2025,2025-Q1,CUST-0016,Dunder Mifflin Paper & Tech,SMB Growth,Retail & Supplies,EU-North,Netherlands,Online B2B Portal,Developer Tools,SKU-DEV-701,DevSecOps Automation Mesh,1,4230.0,7.0,3933.9,652.63,83.41,Net 60,Completed,Elena Rostova
ORD-2026-02482,2024-09-18,2024,2024-Q3,CUST-0009,Wonka Global Logistics,Mid-Market,Supply Chain,EU-Central,Switzerland,Online B2B Portal,Developer Tools,SKU-DEV-701,DevSecOps Automation Mesh,30,4275.0,6.0,120555.0,15816.82,86.88,Net 30,Pending Verification,Kenji Sato
ORD-2026-02483,2025-08-27,2025,2025-Q3,CUST-0002,Globex Corporation,Enterprise Strategic,Conglomerate,APAC-ANZ,Australia,Online B2B Portal,Enterprise ERP,SKU-ERP-101,Global ERP Enterprise Suite,29,35000.0,23.0,781550.0,237122.27,69.66,Net 90,In Fulfillment,Jessica Taylor
ORD-2026-02484,2026-06-23,2026,2026-Q2,CUST-0024,Aperture Quantum Lab,Mid-Market,Research & Quantum,EU-West,United Kingdom,Direct Field Sales,Cloud Infrastructure,SKU-INFRA-801,Enterprise Data Lakehouse Engine,12,12625.0,10.0,136350.0,30174.25,77.87,Net 30,Pending Verification,Alex Mercer
ORD-2026-02485,2025-02-21,2025,2025-Q1,CUST-0010,Hooli Enterprise Cloud,Enterprise Strategic,Cloud Services,APAC-South,Singapore,Direct Field Sales,AI Platform,SKU-AI-9050,Realtime Anomaly Detection,82,11872.0,8.0,895623.68,128253.31,85.68,Net 30,Completed,Elena Rostova
ORD-2026-02486,2026-05-27,2026,2026-Q2,CUST-0011,Pied Piper Compression,Mid-Market,DeepTech,APAC-East,Japan,Direct Field Sales,IoT & Edge Computing,SKU-IOT-330,Edge IoT Fleet Orchestrator,11,6324.0,10.0,62607.6,19765.22,68.43,Quarterly Net 30,Completed,Elena Rostova
ORD-2026-02487,2026-04-19,2026,2026-Q2,CUST-0010,Hooli Enterprise Cloud,Enterprise Strategic,Cloud Services,US-Central,United States,Direct Field Sales,Cybersecurity Suite,SKU-SEC-410,Compliance & Audit Vault,75,7272.0,10.0,490860.0,144312.84,70.6,Net 90,Completed,Elena Rostova
ORD-2026-02488,2025-11-26,2025,2025-Q4,CUST-0030,Sartre Software SAS,SMB Growth,Dev Tools,EU-North,Netherlands,Global Alliance Partner,AI Platform,SKU-AI-9001,Neural Fabric GenAI Platform,13,23312.0,0.0,303056.0,48155.6,84.11,Annual Pre-Paid,Completed,Alex Mercer
ORD-2026-02489,2025-03-28,2025,2025-Q1,CUST-0019,Buy N Large Retail Mega,Enterprise Strategic,E-Commerce,EU-West,France,Direct Field Sales,Developer Tools,SKU-DEV-701,DevSecOps Automation Mesh,115,4320.0,9.0,452088.0,69892.8,84.54,Net 30,In Fulfillment,Alex Mercer
ORD-2026-02490,2024-05-14,2024,2024-Q2,CUST-0025,Black Mesa Research,Enterprise Strategic,Scientific R&D,APAC-ANZ,Australia,Strategic Reseller Partner,Cloud Infrastructure,SKU-INFRA-805,High-Speed API Gateway Gateway,68,5022.0,16.0,286856.64,66837.6,76.7,Net 90,Pending Verification,Brian O'Connor
ORD-2026-02491,2024-02-26,2024,2024-Q1,CUST-0011,Pied Piper Compression,Mid-Market,DeepTech,APAC-East,Taiwan,Online B2B Portal,Cloud Infrastructure,SKU-INFRA-805,High-Speed API Gateway Gateway,27,5292.0,7.0,132882.12,30695.77,76.9,Net 30,Pending Verification,Alex Mercer
ORD-2026-02492,2025-09-11,2025,2025-Q3,CUST-0014,Nakatomi Trading Corp,Mid-Market,Trading & Real Estate,EU-Central,Germany,Global Alliance Partner,AI Platform,SKU-AI-9050,Realtime Anomaly Detection,24,10416.0,4.0,239984.64,39141.49,83.69,Net 60,In Fulfillment,Gabriel Santos
ORD-2026-02493,2025-03-10,2025,2025-Q1,CUST-0035,Hyperion Data Mesh,Mid-Market,Data Infrastructure,APAC-East,Japan,Direct Field Sales,Cloud Infrastructure,SKU-INFRA-801,Enterprise Data Lakehouse Engine,6,13125.0,13.0,68512.5,14168.39,79.32,Annual Pre-Paid,In Fulfillment,Sarah Chen
ORD-2026-02494,2024-02-19,2024,2024-Q1,CUST-0021,Weyland-Yutani Deep Space,Enterprise Strategic,Energy & Mining,US-West,United States,Strategic Reseller Partner,Database Infrastructure,SKU-DB-880,QuantumDB Distributed Cluster,40,15510.0,13.0,539748.0,110756.29,79.48,Net 60,Completed,Sarah Chen
ORD-2026-02495,2024-08-28,2024,2024-Q3,CUST-0035,Hyperion Data Mesh,Mid-Market,Data Infrastructure,APAC-South,Singapore,Strategic Reseller Partner,Developer Tools,SKU-DEV-701,DevSecOps Automation Mesh,17,4680.0,3.0,77173.2,9322.52,87.92,Net 30,Completed,Michael Chang
ORD-2026-02496,2024-05-04,2024,2024-Q2,CUST-0027,Vault-Tec Security Hub,Enterprise Strategic,Cybersecurity,EU-West,United Kingdom,Global Alliance Partner,Cloud Infrastructure,SKU-INFRA-801,Enterprise Data Lakehouse Engine,35,12875.0,16.0,378525.0,77824.74,79.44,Annual Pre-Paid,In Fulfillment,Astrid Lindgren
ORD-2026-02497,2025-01-24,2025,2025-Q1,CUST-0001,Cyberdyne Systems Corp,Enterprise Strategic,Technology & AI,EU-Central,Switzerland,Online B2B Portal,AI Platform,SKU-AI-9050,Realtime Anomaly Detection,59,10416.0,15.0,522362.4,113927.24,78.19,Net 60,Completed,Kenji Sato
ORD-2026-02498,2025-12-16,2025,2025-Q4,CUST-0007,Tyrell Synthetic Dynamics,Enterprise Strategic,Robotics,APAC-East,South Korea,Direct Field Sales,AI Platform,SKU-AI-9050,Realtime Anomaly Detection,6,11088.0,14.0,57214.08,11356.99,80.15,Net 90,Completed,Gabriel Santos
ORD-2026-02499,2025-10-31,2025,2025-Q4,CUST-0035,Hyperion Data Mesh,Mid-Market,Data Infrastructure,LATAM,Brazil,Online B2B Portal,AI Platform,SKU-AI-9001,Neural Fabric GenAI Platform,13,22816.0,3.0,287709.76,48996.97,82.97,Net 30,Completed,Rachel Green
ORD-2026-02500,2024-09-28,2024,2024-Q3,CUST-0020,Oscorp Pharmaceutical,Enterprise Strategic,Life Sciences,EU-West,France,Online B2B Portal,Developer Tools,SKU-DEV-701,DevSecOps Automation Mesh,58,4230.0,17.0,203632.2,30219.02,85.16,Net 90,Completed,Hannah Schmidt
