customer_id,company_name,industry,company_size,headquarters_country,subscription_tier,contract_type,mrr_usd,arr_usd,contract_length_months,tenure_months,nps_score,csat_score,monthly_active_users,license_utilization_pct,support_tickets_count,critical_escalations,avg_resolution_time_hrs,product_usage_hours_per_week,feature_adoption_depth,last_login_days_ago,executive_sponsor_engaged,churn_risk_score,churn_risk_level,account_status
CUST-SAAS-00001,Nexus Group B,Healthcare & BioTech,5000+ Enterprise,Germany,Custom Strategic,Monthly Flexible,59896.14,718753.68,24,29,7,4.7,4097,89.6,8,0,9.4,159.3,Core Functional,3,Yes,0.16,Low,Active - Healthy
CUST-SAAS-00002,Vertex Biomedical C,Media & Entertainment,1000-5000 Employees,Australia,Professional,Annual Pre-Paid,5419.66,65035.92,24,30,5,3.1,146,29.6,24,4,59.9,20.9,Full API Mesh & Automation,19,No,0.87,Critical,Under Review
CUST-SAAS-00003,Quantum Solutions D,Healthcare & BioTech,201-1000 Employees,Taiwan,Custom Strategic,Monthly Flexible,37313.61,447763.32,36,47,3,3.3,2177,30.7,11,1,62.7,11.6,Core Functional,26,No,0.86,Critical,Under Review
CUST-SAAS-00004,Hyperion Robotics E,Manufacturing & Robotics,5000+ Enterprise,Japan,Startup Tier,Monthly Flexible,3176.84,38122.08,12,14,10,4.3,63,89.8,0,0,5.6,95.9,Basic Exploratory,6,Yes,0.34,Medium,Active - Healthy
CUST-SAAS-00005,Aegis Security F,SaaS & Enterprise Cloud,1000-5000 Employees,France,Professional,Annual Pre-Paid,3183.99,38207.88,12,44,8,4.4,289,93.7,3,0,2.3,91.5,Basic Exploratory,2,Yes,0.07,Low,Active - Healthy
CUST-SAAS-00006,Cobalt Dynamics G,Professional Services & Legal,51-200 Employees,Australia,Startup Tier,Monthly Flexible,1591.59,19099.08,12,18,3,1.3,38,41.9,31,2,51.8,3.9,Core Functional,71,No,0.72,High,Active - At Risk
CUST-SAAS-00007,Starlight Analytics H,FinTech & Banking,10-50 Employees,France,Startup Tier,Monthly Flexible,2471.66,29659.92,12,42,4,1.9,61,52.5,22,5,53.4,20.2,Full API Mesh & Automation,80,No,0.79,High,Under Review
CUST-SAAS-00008,Titan Industries I,Government & Public Sector,5000+ Enterprise,United States,Enterprise Plus,Multi-Year 3-Yr Strategic,26667.31,320007.72,12,32,3,2.4,368,42.6,21,3,71.4,10.2,Full API Mesh & Automation,26,No,0.66,High,Active - At Risk
CUST-SAAS-00009,Lumina Systems J,Healthcare & BioTech,1000-5000 Employees,Japan,Enterprise Plus,Monthly Flexible,25369.84,304438.08,12,13,8,4.6,985,77.6,5,0,6.2,69.0,Full API Mesh & Automation,6,Yes,0.23,Low,Active - Healthy
CUST-SAAS-00010,Omni Ventures K,SaaS & Enterprise Cloud,1000-5000 Employees,France,Startup Tier,Annual Pre-Paid,2177.5,26130.0,12,34,7,4.4,37,87.5,2,0,2.7,73.0,Full API Mesh & Automation,0,Yes,0.17,Low,Active - Healthy
CUST-SAAS-00011,Solaris Logistics L,Telecom & 5G,51-200 Employees,Switzerland,Professional,Annual Pre-Paid,5528.61,66343.32,12,59,2,1.4,255,44.9,27,5,39.8,15.3,Core Functional,19,No,0.64,High,Churned
CUST-SAAS-00012,Prism Global M,Government & Public Sector,201-1000 Employees,Taiwan,Enterprise Plus,Quarterly Invoiced,18566.92,222803.04,24,58,8,4.7,1012,100.0,8,0,2.8,110.0,Core Functional,4,Yes,0.1,Low,Active - Healthy
CUST-SAAS-00013,Vanguard Digital N,E-Commerce & Retail,201-1000 Employees,Singapore,Startup Tier,Monthly Flexible,2740.93,32891.16,12,54,8,4.3,18,95.8,1,0,10.4,166.9,Core Functional,4,Yes,0.33,Medium,Active - Healthy
CUST-SAAS-00014,Horizon Enterprises O,Healthcare & BioTech,51-200 Employees,Japan,Custom Strategic,Annual Pre-Paid,33506.0,402072.0,48,15,9,4.4,3737,80.8,1,0,9.1,119.9,Core Functional,5,Yes,0.13,Low,Active - Healthy
CUST-SAAS-00015,Strata Networks P,FinTech & Banking,5000+ Enterprise,Japan,Startup Tier,Monthly Flexible,2234.76,26817.12,12,43,7,4.7,76,78.4,6,0,4.7,164.1,Basic Exploratory,7,Yes,0.12,Low,Active - Healthy
CUST-SAAS-00016,Aero Software Q,Energy & CleanTech,5000+ Enterprise,Netherlands,Professional,Annual Pre-Paid,5995.86,71950.32,12,42,7,4.4,208,79.8,8,0,10.7,74.1,Basic Exploratory,7,Yes,0.17,Low,Active - Healthy
CUST-SAAS-00017,Pulse Capital R,Logistics & Supply Chain,51-200 Employees,United Kingdom,Custom Strategic,Multi-Year 3-Yr Strategic,74462.87,893554.44,24,59,2,2.6,6286,42.3,28,2,59.3,23.7,Basic Exploratory,26,No,0.91,Critical,Active - At Risk
CUST-SAAS-00018,Terra Labs S,Media & Entertainment,51-200 Employees,Germany,Professional,Monthly Flexible,5032.36,60388.32,12,58,9,4.3,88,78.9,2,0,11.7,162.8,Basic Exploratory,4,Yes,0.37,Medium,In Renewal Discussion
CUST-SAAS-00019,Cygnus Cloud T,E-Commerce & Retail,201-1000 Employees,Japan,Enterprise Plus,Annual Pre-Paid,22256.43,267077.16,24,27,7,4.1,1049,75.2,8,0,2.2,90.4,Deep Advanced,4,Yes,0.31,Medium,Active - Healthy
CUST-SAAS-00020,Novus Technologies U,Healthcare & BioTech,201-1000 Employees,Australia,Enterprise Plus,Multi-Year 3-Yr Strategic,20798.95,249587.4,36,58,1,1.9,283,45.6,34,2,38.4,9.5,Full API Mesh & Automation,25,No,0.8,Critical,Active - At Risk
CUST-SAAS-00021,Polaris Group V,Healthcare & BioTech,10-50 Employees,United States,Professional,Quarterly Invoiced,5491.65,65899.8,24,48,8,4.0,132,90.0,2,0,5.5,96.5,Deep Advanced,6,Yes,0.3,Medium,Active - Healthy
CUST-SAAS-00022,Echo Biomedical W,SaaS & Enterprise Cloud,51-200 Employees,France,Custom Strategic,Annual Pre-Paid,64807.68,777692.16,24,41,8,4.6,1035,78.2,0,0,9.8,150.8,Core Functional,4,Yes,0.26,Medium,Active - Healthy
CUST-SAAS-00023,Synthetix Solutions X,Manufacturing & Robotics,10-50 Employees,Canada,Custom Strategic,Multi-Year 3-Yr Strategic,60867.11,730405.32,24,27,3,2.7,2713,28.4,25,5,35.0,7.5,Full API Mesh & Automation,40,No,0.96,Critical,Churned
CUST-SAAS-00024,Vector Robotics Y,Government & Public Sector,201-1000 Employees,United States,Custom Strategic,Quarterly Invoiced,81835.48,982025.76,24,16,8,4.4,2828,83.5,2,0,5.1,105.7,Deep Advanced,3,Yes,0.32,Medium,Active - Healthy
CUST-SAAS-00025,Zion Security Z,E-Commerce & Retail,5000+ Enterprise,Switzerland,Enterprise Plus,Quarterly Invoiced,25703.62,308443.44,24,16,10,4.3,166,83.2,3,0,2.5,161.4,Basic Exploratory,6,Yes,0.11,Low,Active - Healthy
CUST-SAAS-00026,Aura Dynamics A,Energy & CleanTech,5000+ Enterprise,Japan,Startup Tier,Annual Pre-Paid,2628.85,31546.2,12,18,5,3.3,53,42.0,14,3,71.3,19.0,Deep Advanced,65,No,0.78,High,Churned
CUST-SAAS-00027,Boreal Analytics B,Logistics & Supply Chain,10-50 Employees,Canada,Startup Tier,Monthly Flexible,2480.67,29768.04,12,56,10,4.6,12,75.7,1,0,8.0,167.6,Deep Advanced,1,Yes,0.29,Medium,Active - Healthy
CUST-SAAS-00028,Crest Industries C,Logistics & Supply Chain,10-50 Employees,Singapore,Custom Strategic,Monthly Flexible,83048.85,996586.2,36,47,9,4.1,4040,91.6,8,0,1.7,57.9,Core Functional,7,Yes,0.11,Low,Active - Healthy
CUST-SAAS-00029,Dynasty Systems D,SaaS & Enterprise Cloud,201-1000 Employees,Japan,Enterprise Plus,Monthly Flexible,19934.19,239210.28,24,57,9,4.3,188,87.1,0,0,9.7,100.2,Core Functional,3,Yes,0.13,Low,Active - Healthy
CUST-SAAS-00030,Apex Ventures E,Manufacturing & Robotics,51-200 Employees,France,Custom Strategic,Annual Pre-Paid,58014.02,696168.24,48,38,3,3.0,4899,53.5,11,3,70.0,21.4,Full API Mesh & Automation,56,Yes,0.93,Critical,Under Review
CUST-SAAS-00031,Nexus Logistics F,Media & Entertainment,51-200 Employees,Canada,Enterprise Plus,Annual Pre-Paid,20954.52,251454.24,12,37,10,4.9,738,75.5,0,0,3.6,114.1,Basic Exploratory,3,Yes,0.32,Medium,Active - Healthy
CUST-SAAS-00032,Vertex Global G,Healthcare & BioTech,51-200 Employees,Australia,Custom Strategic,Quarterly Invoiced,30884.14,370609.68,48,14,3,2.6,5812,42.3,24,3,31.1,22.0,Core Functional,76,No,0.89,Critical,Active - At Risk
CUST-SAAS-00033,Quantum Digital H,Media & Entertainment,201-1000 Employees,Canada,Professional,Annual Pre-Paid,9144.8,109737.6,24,17,9,4.2,150,80.8,4,0,9.7,96.0,Core Functional,3,Yes,0.21,Low,Active - Healthy
CUST-SAAS-00034,Hyperion Enterprises I,SaaS & Enterprise Cloud,51-200 Employees,Singapore,Custom Strategic,Monthly Flexible,31214.41,374572.92,48,29,7,4.9,891,79.3,4,0,5.3,107.3,Core Functional,6,Yes,0.17,Low,Active - Healthy
CUST-SAAS-00035,Aegis Networks J,Media & Entertainment,51-200 Employees,Canada,Custom Strategic,Quarterly Invoiced,73763.43,885161.16,48,58,10,4.8,5531,92.1,4,0,11.6,160.9,Deep Advanced,4,Yes,0.25,Medium,Active - Healthy
CUST-SAAS-00036,Cobalt Software K,Energy & CleanTech,201-1000 Employees,Germany,Enterprise Plus,Multi-Year 3-Yr Strategic,17476.38,209716.56,24,57,7,5.0,669,75.6,3,0,6.4,120.3,Basic Exploratory,4,Yes,0.33,Medium,Active - Healthy
CUST-SAAS-00037,Starlight Capital L,Logistics & Supply Chain,1000-5000 Employees,Australia,Enterprise Plus,Annual Pre-Paid,14854.38,178252.56,24,13,7,4.3,868,94.7,7,0,8.3,73.1,Basic Exploratory,0,Yes,0.25,Medium,Active - Healthy
CUST-SAAS-00038,Titan Labs M,Government & Public Sector,201-1000 Employees,United States,Custom Strategic,Quarterly Invoiced,52889.96,634679.52,48,10,9,4.7,4647,84.1,5,0,11.8,153.1,Core Functional,6,Yes,0.14,Low,Active - Healthy
CUST-SAAS-00039,Lumina Cloud N,SaaS & Enterprise Cloud,51-200 Employees,Canada,Custom Strategic,Annual Pre-Paid,69190.85,830290.2,48,56,9,4.5,610,95.6,1,0,9.2,155.0,Full API Mesh & Automation,5,Yes,0.05,Low,Active - Healthy
CUST-SAAS-00040,Omni Technologies O,Telecom & 5G,10-50 Employees,United Kingdom,Startup Tier,Quarterly Invoiced,2005.72,24068.64,12,51,10,4.4,67,87.8,4,0,6.4,102.4,Full API Mesh & Automation,1,Yes,0.3,Medium,Active - Healthy
CUST-SAAS-00041,Solaris Group P,Energy & CleanTech,1000-5000 Employees,Switzerland,Startup Tier,Quarterly Invoiced,2529.31,30351.72,12,26,10,4.5,62,84.2,2,0,1.7,95.3,Deep Advanced,2,Yes,0.14,Low,Active - Healthy
CUST-SAAS-00042,Prism Biomedical Q,FinTech & Banking,5000+ Enterprise,Switzerland,Startup Tier,Quarterly Invoiced,2523.99,30287.88,12,45,8,4.6,39,82.0,2,0,11.0,160.5,Core Functional,5,Yes,0.19,Low,Active - Healthy
CUST-SAAS-00043,Vanguard Solutions R,Government & Public Sector,5000+ Enterprise,Canada,Professional,Multi-Year 3-Yr Strategic,3436.05,41232.6,12,5,1,2.4,221,44.5,20,1,38.8,9.1,Deep Advanced,45,No,0.65,High,Churned
CUST-SAAS-00044,Horizon Robotics S,E-Commerce & Retail,201-1000 Employees,Australia,Enterprise Plus,Quarterly Invoiced,24724.66,296695.92,12,21,9,4.1,534,96.0,2,1,3.9,113.1,Full API Mesh & Automation,3,Yes,0.38,Medium,In Renewal Discussion
CUST-SAAS-00045,Strata Security T,Media & Entertainment,201-1000 Employees,Australia,Custom Strategic,Quarterly Invoiced,31685.84,380230.08,24,59,8,4.0,2167,94.3,5,0,3.6,166.6,Basic Exploratory,6,Yes,0.21,Low,Active - Healthy
CUST-SAAS-00046,Aero Dynamics U,Telecom & 5G,51-200 Employees,Netherlands,Enterprise Plus,Multi-Year 3-Yr Strategic,22181.56,266178.72,24,22,7,4.8,821,97.9,8,0,10.8,152.1,Full API Mesh & Automation,1,Yes,0.37,Medium,In Renewal Discussion
CUST-SAAS-00047,Pulse Analytics V,Telecom & 5G,201-1000 Employees,France,Startup Tier,Monthly Flexible,1905.72,22868.64,12,14,7,4.6,32,93.3,4,0,11.5,57.4,Basic Exploratory,0,Yes,0.38,Medium,In Renewal Discussion
CUST-SAAS-00048,Terra Industries W,Manufacturing & Robotics,1000-5000 Employees,Japan,Enterprise Plus,Multi-Year 3-Yr Strategic,22367.97,268415.64,12,59,6,2.5,788,49.3,19,5,46.2,21.3,Deep Advanced,20,No,0.66,High,Active - At Risk
CUST-SAAS-00049,Cygnus Systems X,E-Commerce & Retail,1000-5000 Employees,Japan,Enterprise Plus,Annual Pre-Paid,27812.78,333753.36,24,6,1,1.9,972,26.3,28,3,41.4,21.5,Deep Advanced,22,No,0.64,High,Under Review
CUST-SAAS-00050,Novus Ventures Y,FinTech & Banking,1000-5000 Employees,Australia,Startup Tier,Annual Pre-Paid,2944.89,35338.68,12,24,9,4.7,62,80.9,5,0,5.8,158.3,Deep Advanced,6,Yes,0.31,Medium,Active - Healthy
CUST-SAAS-00051,Polaris Logistics Z,Manufacturing & Robotics,10-50 Employees,France,Professional,Annual Pre-Paid,3918.83,47025.96,24,10,3,2.7,214,37.6,27,1,25.1,24.3,Basic Exploratory,62,No,0.84,Critical,Active - At Risk
CUST-SAAS-00052,Echo Global A,Energy & CleanTech,51-200 Employees,Germany,Enterprise Plus,Multi-Year 3-Yr Strategic,24201.17,290414.04,12,35,5,3.2,978,50.8,12,1,54.4,13.5,Core Functional,65,No,0.92,Critical,Churned
CUST-SAAS-00053,Synthetix Digital B,FinTech & Banking,5000+ Enterprise,Japan,Enterprise Plus,Monthly Flexible,19885.77,238629.24,36,48,3,2.5,326,26.6,12,3,47.6,19.5,Basic Exploratory,84,No,0.69,High,Active - At Risk
CUST-SAAS-00054,Vector Enterprises C,FinTech & Banking,1000-5000 Employees,Taiwan,Enterprise Plus,Monthly Flexible,22965.31,275583.72,24,36,7,4.1,541,83.3,5,0,5.0,166.6,Basic Exploratory,0,Yes,0.38,Medium,In Renewal Discussion
CUST-SAAS-00055,Zion Networks D,E-Commerce & Retail,5000+ Enterprise,Canada,Startup Tier,Monthly Flexible,905.4,10864.8,12,2,2,1.8,80,51.6,21,3,64.7,22.4,Basic Exploratory,47,No,0.87,Critical,Under Review
CUST-SAAS-00056,Aura Software E,Government & Public Sector,10-50 Employees,Taiwan,Startup Tier,Quarterly Invoiced,1845.56,22146.72,12,14,4,1.9,43,42.5,34,3,44.7,5.1,Full API Mesh & Automation,79,No,0.95,Critical,Churned
CUST-SAAS-00057,Boreal Capital F,Telecom & 5G,1000-5000 Employees,Netherlands,Professional,Annual Pre-Paid,4339.02,52068.24,12,42,2,3.1,253,25.3,8,1,71.6,20.4,Full API Mesh & Automation,38,No,0.72,High,Under Review
CUST-SAAS-00058,Crest Labs G,Healthcare & BioTech,5000+ Enterprise,Netherlands,Startup Tier,Multi-Year 3-Yr Strategic,2021.46,24257.52,12,22,6,2.8,36,43.5,35,5,52.2,24.8,Deep Advanced,55,No,0.96,Critical,Under Review
CUST-SAAS-00059,Dynasty Cloud H,Healthcare & BioTech,5000+ Enterprise,United Kingdom,Enterprise Plus,Monthly Flexible,24368.7,292424.4,36,24,10,4.1,247,86.9,3,0,10.8,174.2,Deep Advanced,6,Yes,0.25,Medium,Active - Healthy
CUST-SAAS-00060,Apex Technologies I,SaaS & Enterprise Cloud,51-200 Employees,Switzerland,Custom Strategic,Monthly Flexible,25547.86,306574.32,48,56,10,4.8,2595,92.2,8,0,5.8,153.0,Core Functional,6,Yes,0.07,Low,Active - Healthy
CUST-SAAS-00061,Nexus Group J,Telecom & 5G,5000+ Enterprise,Switzerland,Professional,Multi-Year 3-Yr Strategic,6415.99,76991.88,12,49,8,4.2,40,85.7,5,0,6.1,113.8,Full API Mesh & Automation,5,Yes,0.28,Medium,Active - Healthy
CUST-SAAS-00062,Vertex Biomedical K,Logistics & Supply Chain,1000-5000 Employees,Switzerland,Custom Strategic,Annual Pre-Paid,67756.83,813081.96,36,21,8,4.5,2781,83.4,4,0,7.5,157.2,Deep Advanced,7,Yes,0.05,Low,Active - Healthy
CUST-SAAS-00063,Quantum Solutions L,Professional Services & Legal,51-200 Employees,United Kingdom,Custom Strategic,Quarterly Invoiced,87805.62,1053667.44,48,22,8,4.9,6309,99.2,7,0,8.9,175.3,Deep Advanced,1,Yes,0.04,Low,Active - Healthy
CUST-SAAS-00064,Hyperion Robotics M,Energy & CleanTech,1000-5000 Employees,Switzerland,Professional,Monthly Flexible,5884.46,70613.52,12,51,10,4.4,100,76.8,5,0,7.9,93.0,Full API Mesh & Automation,5,Yes,0.15,Low,Active - Healthy
CUST-SAAS-00065,Aegis Security N,Manufacturing & Robotics,10-50 Employees,Netherlands,Custom Strategic,Monthly Flexible,62057.19,744686.28,36,60,7,4.6,2446,84.9,3,0,6.8,69.8,Basic Exploratory,1,Yes,0.09,Low,Active - Healthy
CUST-SAAS-00066,Cobalt Dynamics O,Healthcare & BioTech,201-1000 Employees,Netherlands,Custom Strategic,Multi-Year 3-Yr Strategic,37078.64,444943.68,36,9,8,4.3,1684,85.9,2,0,5.8,51.6,Basic Exploratory,4,Yes,0.27,Medium,Active - Healthy
CUST-SAAS-00067,Starlight Analytics P,Professional Services & Legal,5000+ Enterprise,United States,Enterprise Plus,Annual Pre-Paid,24079.04,288948.48,12,36,3,3.1,764,49.6,22,2,42.0,22.3,Deep Advanced,65,No,0.66,High,Under Review
CUST-SAAS-00068,Titan Industries Q,Manufacturing & Robotics,201-1000 Employees,Canada,Startup Tier,Quarterly Invoiced,1388.12,16657.44,12,58,10,4.5,29,87.4,4,1,10.2,99.4,Deep Advanced,2,Yes,0.04,Low,Active - Healthy
CUST-SAAS-00069,Lumina Systems R,SaaS & Enterprise Cloud,1000-5000 Employees,Taiwan,Startup Tier,Annual Pre-Paid,2238.32,26859.84,12,46,9,4.4,29,97.0,2,0,5.3,50.7,Deep Advanced,1,Yes,0.36,Medium,In Renewal Discussion
CUST-SAAS-00070,Omni Ventures S,Professional Services & Legal,51-200 Employees,France,Professional,Annual Pre-Paid,7378.25,88539.0,24,56,8,4.1,214,84.9,2,0,5.9,74.4,Deep Advanced,5,Yes,0.25,Medium,Active - Healthy
CUST-SAAS-00071,Solaris Logistics T,Manufacturing & Robotics,1000-5000 Employees,United States,Custom Strategic,Annual Pre-Paid,83183.27,998199.24,36,43,7,4.6,1173,82.5,1,0,5.4,54.3,Core Functional,4,Yes,0.31,Medium,Active - Healthy
CUST-SAAS-00072,Prism Global U,Telecom & 5G,51-200 Employees,Switzerland,Startup Tier,Monthly Flexible,3002.37,36028.44,12,12,8,4.5,79,83.8,5,0,6.5,104.4,Basic Exploratory,6,Yes,0.3,Medium,Active - Healthy
CUST-SAAS-00073,Vanguard Digital V,Logistics & Supply Chain,10-50 Employees,Singapore,Enterprise Plus,Quarterly Invoiced,22780.4,273364.8,24,41,8,5.0,580,95.0,6,0,8.4,58.7,Core Functional,6,Yes,0.08,Low,Active - Healthy
CUST-SAAS-00074,Horizon Enterprises W,FinTech & Banking,5000+ Enterprise,Taiwan,Startup Tier,Monthly Flexible,1771.8,21261.6,12,20,9,4.2,40,78.1,7,0,11.9,134.6,Deep Advanced,1,Yes,0.14,Low,Active - Healthy
CUST-SAAS-00075,Strata Networks X,Logistics & Supply Chain,1000-5000 Employees,Japan,Enterprise Plus,Quarterly Invoiced,13567.45,162809.4,12,45,8,4.2,687,80.6,5,0,6.8,99.2,Full API Mesh & Automation,1,Yes,0.12,Low,Active - Healthy
CUST-SAAS-00076,Aero Software Y,Manufacturing & Robotics,10-50 Employees,Canada,Enterprise Plus,Quarterly Invoiced,17884.27,214611.24,36,10,8,4.5,793,87.1,5,0,1.7,149.7,Full API Mesh & Automation,5,Yes,0.24,Low,Active - Healthy
CUST-SAAS-00077,Pulse Capital Z,Telecom & 5G,5000+ Enterprise,United Kingdom,Custom Strategic,Monthly Flexible,28101.79,337221.48,48,41,8,4.4,2650,86.1,3,0,9.2,151.3,Full API Mesh & Automation,4,Yes,0.13,Low,Active - Healthy
CUST-SAAS-00078,Terra Labs A,Healthcare & BioTech,201-1000 Employees,Canada,Custom Strategic,Annual Pre-Paid,42813.98,513767.76,36,38,8,5.0,5984,88.0,1,0,9.0,122.2,Deep Advanced,0,Yes,0.1,Low,Active - Healthy
CUST-SAAS-00079,Cygnus Cloud B,Telecom & 5G,1000-5000 Employees,United States,Startup Tier,Monthly Flexible,860.96,10331.52,12,7,4,2.0,59,26.2,29,1,55.6,2.9,Basic Exploratory,27,No,0.76,High,Under Review
CUST-SAAS-00080,Novus Technologies C,Logistics & Supply Chain,5000+ Enterprise,Canada,Professional,Quarterly Invoiced,5039.8,60477.6,12,58,7,4.7,243,86.1,5,0,9.7,134.7,Deep Advanced,6,Yes,0.26,Medium,Active - Healthy
CUST-SAAS-00081,Polaris Group D,SaaS & Enterprise Cloud,1000-5000 Employees,Australia,Professional,Quarterly Invoiced,8714.74,104576.88,24,3,10,4.1,248,80.8,8,0,4.3,56.5,Basic Exploratory,3,Yes,0.14,Low,Active - Healthy
CUST-SAAS-00082,Echo Biomedical E,SaaS & Enterprise Cloud,5000+ Enterprise,United States,Startup Tier,Quarterly Invoiced,1254.95,15059.4,12,59,8,4.5,69,82.8,4,1,3.9,99.7,Full API Mesh & Automation,3,Yes,0.28,Medium,Active - Healthy
CUST-SAAS-00083,Synthetix Solutions F,Logistics & Supply Chain,10-50 Employees,Taiwan,Startup Tier,Multi-Year 3-Yr Strategic,2488.62,29863.44,12,43,4,2.7,11,30.1,15,3,61.2,12.0,Deep Advanced,60,No,0.92,Critical,Active - At Risk
CUST-SAAS-00084,Vector Robotics G,E-Commerce & Retail,1000-5000 Employees,Japan,Custom Strategic,Quarterly Invoiced,74527.94,894335.28,24,57,10,4.4,1659,94.9,1,0,2.8,62.3,Deep Advanced,3,Yes,0.08,Low,Active - Healthy
CUST-SAAS-00085,Zion Security H,Professional Services & Legal,51-200 Employees,Singapore,Professional,Monthly Flexible,3536.95,42443.4,12,51,8,4.8,290,90.7,4,0,9.5,88.0,Deep Advanced,4,Yes,0.12,Low,Active - Healthy
CUST-SAAS-00086,Aura Dynamics I,SaaS & Enterprise Cloud,51-200 Employees,Singapore,Enterprise Plus,Quarterly Invoiced,14441.79,173301.48,12,34,6,2.4,374,56.9,35,3,28.1,10.8,Basic Exploratory,71,No,0.87,Critical,Active - At Risk
CUST-SAAS-00087,Boreal Analytics J,SaaS & Enterprise Cloud,5000+ Enterprise,Switzerland,Startup Tier,Multi-Year 3-Yr Strategic,1866.94,22403.28,12,33,7,4.5,64,79.1,4,1,11.4,80.1,Deep Advanced,2,Yes,0.36,Medium,In Renewal Discussion
CUST-SAAS-00088,Crest Industries K,Professional Services & Legal,5000+ Enterprise,Japan,Professional,Multi-Year 3-Yr Strategic,5103.68,61244.16,12,8,2,2.4,89,40.5,20,1,33.4,13.7,Full API Mesh & Automation,64,No,0.79,High,Active - At Risk
CUST-SAAS-00089,Dynasty Systems L,Professional Services & Legal,1000-5000 Employees,Canada,Startup Tier,Multi-Year 3-Yr Strategic,2661.15,31933.8,12,10,9,4.0,58,79.6,6,0,8.7,53.9,Core Functional,6,Yes,0.05,Low,Active - Healthy
CUST-SAAS-00090,Apex Ventures M,FinTech & Banking,201-1000 Employees,France,Custom Strategic,Annual Pre-Paid,70973.95,851687.4,24,25,8,4.0,4604,81.4,2,0,4.6,89.3,Deep Advanced,6,Yes,0.17,Low,Active - Healthy
CUST-SAAS-00091,Nexus Logistics N,Healthcare & BioTech,5000+ Enterprise,Netherlands,Startup Tier,Monthly Flexible,888.81,10665.72,12,39,10,4.8,39,91.1,4,0,7.5,175.3,Core Functional,7,Yes,0.1,Low,Active - Healthy
CUST-SAAS-00092,Vertex Global O,Telecom & 5G,10-50 Employees,Netherlands,Custom Strategic,Annual Pre-Paid,33636.8,403641.6,24,36,8,4.4,3561,81.9,8,0,5.6,173.9,Deep Advanced,7,Yes,0.06,Low,Active - Healthy
CUST-SAAS-00093,Quantum Digital P,SaaS & Enterprise Cloud,10-50 Employees,Netherlands,Professional,Monthly Flexible,7736.07,92832.84,24,26,8,4.2,127,84.2,6,0,11.3,48.4,Basic Exploratory,7,Yes,0.12,Low,Active - Healthy
CUST-SAAS-00094,Hyperion Enterprises Q,E-Commerce & Retail,5000+ Enterprise,Japan,Professional,Quarterly Invoiced,6544.04,78528.48,24,44,7,4.0,138,87.0,5,0,10.8,89.0,Deep Advanced,1,Yes,0.14,Low,Active - Healthy
CUST-SAAS-00095,Aegis Networks R,Media & Entertainment,5000+ Enterprise,Japan,Enterprise Plus,Annual Pre-Paid,9493.97,113927.64,12,20,1,1.5,316,45.9,25,2,33.1,15.1,Core Functional,61,No,0.87,Critical,Active - At Risk
CUST-SAAS-00096,Cobalt Software S,Telecom & 5G,5000+ Enterprise,Australia,Startup Tier,Monthly Flexible,3029.47,36353.64,12,55,7,4.2,20,76.8,5,0,6.2,52.7,Full API Mesh & Automation,4,Yes,0.11,Low,Active - Healthy
CUST-SAAS-00097,Starlight Capital T,FinTech & Banking,201-1000 Employees,United Kingdom,Custom Strategic,Quarterly Invoiced,62860.94,754331.28,24,41,9,4.2,5698,94.1,7,0,4.2,147.1,Full API Mesh & Automation,7,Yes,0.17,Low,Active - Healthy
CUST-SAAS-00098,Titan Labs U,Professional Services & Legal,1000-5000 Employees,United States,Startup Tier,Monthly Flexible,1471.56,17658.72,12,21,10,4.7,49,76.1,3,0,8.2,108.8,Deep Advanced,3,Yes,0.1,Low,Active - Healthy
CUST-SAAS-00099,Lumina Cloud V,Government & Public Sector,1000-5000 Employees,Australia,Enterprise Plus,Monthly Flexible,26026.6,312319.2,24,8,9,4.5,846,93.1,8,1,7.7,139.6,Basic Exploratory,7,Yes,0.1,Low,Active - Healthy
CUST-SAAS-00100,Omni Technologies W,Energy & CleanTech,10-50 Employees,Singapore,Custom Strategic,Annual Pre-Paid,84951.2,1019414.4,36,31,5,2.9,1828,38.6,26,3,63.2,18.5,Basic Exploratory,52,No,0.66,High,Active - At Risk
CUST-SAAS-00101,Solaris Group X,Logistics & Supply Chain,5000+ Enterprise,Australia,Custom Strategic,Quarterly Invoiced,86677.9,1040134.8,36,44,10,4.3,2875,92.1,2,0,9.8,65.5,Deep Advanced,6,Yes,0.1,Low,Active - Healthy
CUST-SAAS-00102,Prism Biomedical Y,Manufacturing & Robotics,10-50 Employees,Japan,Startup Tier,Quarterly Invoiced,3095.93,37151.16,12,34,10,4.0,58,76.7,6,0,7.7,125.7,Full API Mesh & Automation,6,Yes,0.21,Low,Active - Healthy
CUST-SAAS-00103,Vanguard Solutions Z,Energy & CleanTech,1000-5000 Employees,United States,Custom Strategic,Monthly Flexible,87325.95,1047911.4,36,24,8,4.6,5383,97.0,6,0,3.8,108.2,Full API Mesh & Automation,2,Yes,0.31,Medium,Active - Healthy
CUST-SAAS-00104,Horizon Robotics A,Healthcare & BioTech,10-50 Employees,United States,Custom Strategic,Multi-Year 3-Yr Strategic,94184.92,1130219.04,24,36,8,4.2,1565,82.2,0,0,11.7,133.2,Core Functional,2,Yes,0.08,Low,Active - Healthy
CUST-SAAS-00105,Strata Security B,Professional Services & Legal,51-200 Employees,United States,Professional,Multi-Year 3-Yr Strategic,7009.09,84109.08,12,18,10,4.8,169,92.7,0,0,11.5,96.0,Basic Exploratory,4,Yes,0.26,Medium,Active - Healthy
CUST-SAAS-00106,Aero Dynamics C,Media & Entertainment,5000+ Enterprise,Singapore,Professional,Multi-Year 3-Yr Strategic,5216.65,62599.8,24,50,3,1.4,205,37.6,24,3,35.6,18.5,Deep Advanced,20,Yes,0.96,Critical,Under Review
CUST-SAAS-00107,Pulse Analytics D,Manufacturing & Robotics,5000+ Enterprise,Australia,Enterprise Plus,Multi-Year 3-Yr Strategic,11026.04,132312.48,36,17,3,3.3,170,57.8,12,5,62.5,9.5,Deep Advanced,70,No,0.97,Critical,Under Review
CUST-SAAS-00108,Terra Industries E,FinTech & Banking,1000-5000 Employees,France,Custom Strategic,Monthly Flexible,63104.95,757259.4,24,12,6,2.5,6060,54.7,12,2,29.9,22.4,Full API Mesh & Automation,75,Yes,0.84,Critical,Under Review
CUST-SAAS-00109,Cygnus Systems F,Media & Entertainment,51-200 Employees,Netherlands,Professional,Monthly Flexible,6678.09,80137.08,24,59,10,4.2,121,94.9,1,0,3.2,86.8,Basic Exploratory,5,Yes,0.08,Low,Active - Healthy
CUST-SAAS-00110,Novus Ventures G,Logistics & Supply Chain,5000+ Enterprise,Canada,Enterprise Plus,Quarterly Invoiced,11182.25,134187.0,12,13,7,4.5,630,82.8,0,0,8.9,69.1,Core Functional,7,Yes,0.27,Medium,Active - Healthy
CUST-SAAS-00111,Polaris Logistics H,FinTech & Banking,51-200 Employees,Switzerland,Professional,Annual Pre-Paid,3534.75,42417.0,24,20,9,4.1,224,76.4,4,0,8.0,133.9,Full API Mesh & Automation,1,Yes,0.34,Medium,Active - Healthy
CUST-SAAS-00112,Echo Global I,Media & Entertainment,51-200 Employees,Australia,Enterprise Plus,Annual Pre-Paid,23818.46,285821.52,24,26,10,4.3,500,87.0,2,0,3.9,142.4,Deep Advanced,0,Yes,0.35,Medium,In Renewal Discussion
CUST-SAAS-00113,Synthetix Digital J,Manufacturing & Robotics,5000+ Enterprise,Japan,Professional,Annual Pre-Paid,6723.62,80683.44,24,32,2,2.7,299,27.9,14,4,49.7,16.8,Core Functional,68,Yes,0.71,High,Churned
CUST-SAAS-00114,Vector Enterprises K,SaaS & Enterprise Cloud,51-200 Employees,Canada,Custom Strategic,Annual Pre-Paid,43752.38,525028.56,48,22,7,4.6,4854,87.4,7,0,5.3,142.5,Full API Mesh & Automation,6,Yes,0.37,Medium,In Renewal Discussion
CUST-SAAS-00115,Zion Networks L,Professional Services & Legal,51-200 Employees,United States,Professional,Quarterly Invoiced,3478.49,41741.88,12,8,8,4.5,63,96.0,5,0,3.9,65.2,Core Functional,7,Yes,0.32,Medium,Active - Healthy
CUST-SAAS-00116,Aura Software M,Logistics & Supply Chain,5000+ Enterprise,Singapore,Professional,Annual Pre-Paid,5233.86,62806.32,24,52,4,3.1,205,54.8,33,5,55.0,3.9,Deep Advanced,35,No,0.79,High,Churned
CUST-SAAS-00117,Boreal Capital N,Healthcare & BioTech,201-1000 Employees,Germany,Enterprise Plus,Monthly Flexible,24707.79,296493.48,36,11,9,4.6,993,91.3,8,1,4.0,54.5,Full API Mesh & Automation,4,Yes,0.36,Medium,In Renewal Discussion
CUST-SAAS-00118,Crest Labs O,Logistics & Supply Chain,51-200 Employees,Switzerland,Custom Strategic,Monthly Flexible,58601.15,703213.8,36,13,8,4.6,2933,79.1,5,1,8.0,107.4,Full API Mesh & Automation,7,Yes,0.37,Medium,In Renewal Discussion
CUST-SAAS-00119,Dynasty Cloud P,Telecom & 5G,1000-5000 Employees,United Kingdom,Enterprise Plus,Monthly Flexible,23300.98,279611.76,24,58,7,4.8,606,91.0,0,0,3.9,170.3,Full API Mesh & Automation,0,Yes,0.07,Low,Active - Healthy
CUST-SAAS-00120,Apex Technologies Q,Government & Public Sector,1000-5000 Employees,United States,Startup Tier,Annual Pre-Paid,2162.3,25947.6,12,39,6,2.0,11,47.9,15,4,43.9,8.6,Core Functional,35,No,0.97,Critical,Active - At Risk
CUST-SAAS-00121,Nexus Group R,Telecom & 5G,201-1000 Employees,Netherlands,Professional,Annual Pre-Paid,4435.35,53224.2,12,39,9,4.9,67,77.7,0,1,8.6,65.0,Full API Mesh & Automation,3,Yes,0.28,Medium,Active - Healthy
CUST-SAAS-00122,Vertex Biomedical S,E-Commerce & Retail,51-200 Employees,Canada,Enterprise Plus,Annual Pre-Paid,13913.87,166966.44,24,37,7,4.9,1012,80.4,1,0,2.8,127.4,Deep Advanced,3,Yes,0.14,Low,Active - Healthy
CUST-SAAS-00123,Quantum Solutions T,Logistics & Supply Chain,201-1000 Employees,Germany,Professional,Multi-Year 3-Yr Strategic,8421.42,101057.04,24,44,10,4.8,253,79.2,1,1,4.1,125.3,Core Functional,2,Yes,0.3,Medium,Active - Healthy
CUST-SAAS-00124,Hyperion Robotics U,Manufacturing & Robotics,1000-5000 Employees,Japan,Custom Strategic,Quarterly Invoiced,25741.84,308902.08,48,10,7,4.6,2161,82.5,0,0,10.3,99.9,Full API Mesh & Automation,4,Yes,0.18,Low,Active - Healthy
CUST-SAAS-00125,Aegis Security V,SaaS & Enterprise Cloud,201-1000 Employees,Singapore,Enterprise Plus,Annual Pre-Paid,22573.57,270882.84,24,42,10,4.6,510,98.8,2,0,9.4,144.2,Deep Advanced,7,Yes,0.31,Medium,Active - Healthy
CUST-SAAS-00126,Cobalt Dynamics W,Government & Public Sector,51-200 Employees,Netherlands,Professional,Quarterly Invoiced,9213.73,110564.76,24,18,8,4.7,49,88.9,2,0,8.7,68.6,Full API Mesh & Automation,7,Yes,0.1,Low,Active - Healthy
CUST-SAAS-00127,Starlight Analytics X,SaaS & Enterprise Cloud,51-200 Employees,France,Startup Tier,Multi-Year 3-Yr Strategic,1391.06,16692.72,12,15,8,4.6,71,96.1,3,0,11.9,102.1,Full API Mesh & Automation,1,Yes,0.07,Low,Active - Healthy
CUST-SAAS-00128,Titan Industries Y,Manufacturing & Robotics,10-50 Employees,Switzerland,Enterprise Plus,Multi-Year 3-Yr Strategic,22577.01,270924.12,24,4,9,4.0,472,77.4,1,0,2.8,155.9,Basic Exploratory,5,Yes,0.03,Low,Active - Healthy
CUST-SAAS-00129,Lumina Systems Z,Telecom & 5G,201-1000 Employees,Singapore,Custom Strategic,Annual Pre-Paid,81278.03,975336.36,36,45,2,1.5,5694,45.5,28,3,69.4,11.0,Basic Exploratory,23,Yes,0.75,High,Under Review
CUST-SAAS-00130,Omni Ventures A,E-Commerce & Retail,201-1000 Employees,Japan,Startup Tier,Monthly Flexible,2649.67,31796.04,12,38,2,3.0,19,35.2,31,3,67.4,10.0,Full API Mesh & Automation,42,No,0.97,Critical,Active - At Risk
CUST-SAAS-00131,Solaris Logistics B,Healthcare & BioTech,201-1000 Employees,Australia,Enterprise Plus,Quarterly Invoiced,18427.38,221128.56,12,28,8,5.0,953,78.0,2,1,5.8,47.4,Basic Exploratory,6,Yes,0.17,Low,Active - Healthy
CUST-SAAS-00132,Prism Global C,Professional Services & Legal,5000+ Enterprise,Switzerland,Enterprise Plus,Monthly Flexible,13511.48,162137.76,12,56,10,4.4,168,87.5,1,0,4.5,52.4,Full API Mesh & Automation,6,Yes,0.15,Low,Active - Healthy
CUST-SAAS-00133,Vanguard Digital D,Government & Public Sector,1000-5000 Employees,Australia,Startup Tier,Quarterly Invoiced,1255.63,15067.56,12,45,7,4.9,37,77.0,8,0,9.5,50.1,Full API Mesh & Automation,0,Yes,0.12,Low,Active - Healthy
CUST-SAAS-00134,Horizon Enterprises E,Healthcare & BioTech,10-50 Employees,Japan,Professional,Monthly Flexible,8401.88,100822.56,12,3,10,4.7,146,92.7,6,1,7.3,60.4,Basic Exploratory,7,Yes,0.28,Medium,Active - Healthy
CUST-SAAS-00135,Strata Networks F,Energy & CleanTech,201-1000 Employees,Canada,Startup Tier,Quarterly Invoiced,2306.51,27678.12,12,22,8,4.4,58,78.9,2,0,1.6,173.1,Basic Exploratory,7,Yes,0.02,Low,Active - Healthy
CUST-SAAS-00136,Aero Software G,Professional Services & Legal,201-1000 Employees,Australia,Professional,Multi-Year 3-Yr Strategic,5977.66,71731.92,24,19,5,1.7,255,56.4,31,1,70.1,7.1,Basic Exploratory,65,No,0.81,Critical,Under Review
CUST-SAAS-00137,Pulse Capital H,Professional Services & Legal,201-1000 Employees,Singapore,Enterprise Plus,Multi-Year 3-Yr Strategic,16821.47,201857.64,12,25,7,4.9,682,96.7,6,0,9.1,105.7,Full API Mesh & Automation,1,Yes,0.14,Low,Active - Healthy
CUST-SAAS-00138,Terra Labs I,Healthcare & BioTech,10-50 Employees,Canada,Enterprise Plus,Quarterly Invoiced,17191.04,206292.48,24,53,9,4.2,898,89.7,1,0,11.1,133.5,Basic Exploratory,3,Yes,0.07,Low,Active - Healthy
CUST-SAAS-00139,Cygnus Cloud J,E-Commerce & Retail,201-1000 Employees,France,Enterprise Plus,Monthly Flexible,15294.25,183531.0,12,50,10,4.5,641,77.7,3,0,3.6,96.1,Full API Mesh & Automation,7,Yes,0.3,Medium,Active - Healthy
CUST-SAAS-00140,Novus Technologies K,Healthcare & BioTech,201-1000 Employees,Taiwan,Custom Strategic,Multi-Year 3-Yr Strategic,25883.07,310596.84,24,17,8,5.0,1676,82.4,4,0,1.7,52.8,Basic Exploratory,5,Yes,0.38,Medium,In Renewal Discussion
CUST-SAAS-00141,Polaris Group L,Professional Services & Legal,5000+ Enterprise,Netherlands,Professional,Monthly Flexible,5609.5,67314.0,24,34,8,4.3,161,81.2,1,0,1.6,152.8,Basic Exploratory,4,Yes,0.1,Low,Active - Healthy
CUST-SAAS-00142,Echo Biomedical M,FinTech & Banking,10-50 Employees,Netherlands,Startup Tier,Quarterly Invoiced,1336.16,16033.92,12,40,8,5.0,30,82.9,7,0,9.0,59.4,Full API Mesh & Automation,6,Yes,0.12,Low,Active - Healthy
CUST-SAAS-00143,Synthetix Solutions N,E-Commerce & Retail,5000+ Enterprise,Netherlands,Custom Strategic,Multi-Year 3-Yr Strategic,50145.84,601750.08,48,52,8,4.3,5461,78.2,7,0,8.1,52.5,Core Functional,2,Yes,0.03,Low,Active - Healthy
CUST-SAAS-00144,Vector Robotics O,Manufacturing & Robotics,10-50 Employees,Singapore,Custom Strategic,Monthly Flexible,56612.55,679350.6,24,24,3,2.3,2011,30.5,31,1,63.7,4.4,Deep Advanced,80,No,0.93,Critical,Active - At Risk
CUST-SAAS-00145,Zion Security P,Healthcare & BioTech,1000-5000 Employees,Canada,Custom Strategic,Annual Pre-Paid,74674.65,896095.8,24,14,10,4.5,1972,95.0,4,0,6.6,127.9,Deep Advanced,6,Yes,0.17,Low,Active - Healthy
CUST-SAAS-00146,Aura Dynamics Q,E-Commerce & Retail,1000-5000 Employees,Canada,Enterprise Plus,Quarterly Invoiced,14752.18,177026.16,12,10,3,2.7,180,33.1,12,3,49.8,21.2,Basic Exploratory,38,No,0.79,High,Churned
CUST-SAAS-00147,Boreal Analytics R,Manufacturing & Robotics,201-1000 Employees,United States,Professional,Annual Pre-Paid,8444.39,101332.68,12,45,6,2.0,56,38.5,26,1,68.2,20.1,Deep Advanced,45,No,0.76,High,Active - At Risk
CUST-SAAS-00148,Crest Industries S,Logistics & Supply Chain,10-50 Employees,France,Startup Tier,Annual Pre-Paid,2755.0,33060.0,12,47,10,5.0,26,82.2,2,1,9.1,100.2,Core Functional,3,Yes,0.37,Medium,In Renewal Discussion
CUST-SAAS-00149,Dynasty Systems T,Manufacturing & Robotics,10-50 Employees,Taiwan,Startup Tier,Multi-Year 3-Yr Strategic,2613.48,31361.76,12,7,5,2.6,76,32.6,17,1,69.5,9.9,Full API Mesh & Automation,24,No,0.73,High,Active - At Risk
CUST-SAAS-00150,Apex Ventures U,Government & Public Sector,10-50 Employees,Taiwan,Enterprise Plus,Monthly Flexible,9732.5,116790.0,24,1,9,4.8,998,88.2,6,0,4.6,155.4,Core Functional,7,Yes,0.04,Low,Active - Healthy
CUST-SAAS-00151,Nexus Logistics V,Healthcare & BioTech,201-1000 Employees,Singapore,Custom Strategic,Quarterly Invoiced,47029.17,564350.04,24,30,10,4.6,1749,81.6,0,0,4.3,75.0,Full API Mesh & Automation,7,Yes,0.24,Low,Active - Healthy
CUST-SAAS-00152,Vertex Global W,FinTech & Banking,5000+ Enterprise,Japan,Professional,Annual Pre-Paid,7602.12,91225.44,24,6,6,2.1,187,50.0,17,1,24.2,10.9,Basic Exploratory,42,No,0.78,High,Active - At Risk
CUST-SAAS-00153,Quantum Digital X,Professional Services & Legal,5000+ Enterprise,United States,Enterprise Plus,Monthly Flexible,26583.73,319004.76,24,6,7,4.1,644,79.1,8,0,8.3,84.9,Basic Exploratory,1,Yes,0.1,Low,Active - Healthy
CUST-SAAS-00154,Hyperion Enterprises Y,Media & Entertainment,201-1000 Employees,United States,Startup Tier,Quarterly Invoiced,1857.95,22295.4,12,26,9,4.9,76,87.7,6,0,8.2,155.2,Full API Mesh & Automation,4,Yes,0.21,Low,Active - Healthy
CUST-SAAS-00155,Aegis Networks Z,FinTech & Banking,51-200 Employees,Canada,Startup Tier,Annual Pre-Paid,3171.75,38061.0,12,52,7,4.4,68,95.2,3,0,4.8,167.5,Basic Exploratory,3,Yes,0.31,Medium,Active - Healthy
CUST-SAAS-00156,Cobalt Software A,Logistics & Supply Chain,5000+ Enterprise,United Kingdom,Startup Tier,Annual Pre-Paid,1861.64,22339.68,12,54,1,1.8,64,57.1,8,2,68.3,8.2,Full API Mesh & Automation,51,Yes,0.75,High,Churned
CUST-SAAS-00157,Starlight Capital B,Manufacturing & Robotics,51-200 Employees,Japan,Professional,Quarterly Invoiced,7313.35,87760.2,24,24,8,4.6,215,84.0,1,0,8.6,155.5,Basic Exploratory,3,Yes,0.35,Medium,In Renewal Discussion
CUST-SAAS-00158,Titan Labs C,Manufacturing & Robotics,5000+ Enterprise,Netherlands,Professional,Monthly Flexible,7072.3,84867.6,24,47,7,5.0,149,80.4,7,0,6.3,59.0,Deep Advanced,7,Yes,0.22,Low,Active - Healthy
CUST-SAAS-00159,Lumina Cloud D,Media & Entertainment,51-200 Employees,Taiwan,Custom Strategic,Multi-Year 3-Yr Strategic,90036.61,1080439.32,24,53,10,4.9,5088,88.8,3,0,3.1,109.7,Deep Advanced,6,Yes,0.26,Medium,Active - Healthy
CUST-SAAS-00160,Omni Technologies E,Healthcare & BioTech,51-200 Employees,Taiwan,Professional,Annual Pre-Paid,8814.55,105774.6,24,29,10,4.0,239,86.6,5,0,2.6,162.8,Basic Exploratory,5,Yes,0.07,Low,Active - Healthy
CUST-SAAS-00161,Solaris Group F,Media & Entertainment,51-200 Employees,Singapore,Startup Tier,Monthly Flexible,2473.97,29687.64,12,60,9,4.4,34,75.4,6,0,7.7,138.7,Deep Advanced,7,Yes,0.36,Medium,In Renewal Discussion
CUST-SAAS-00162,Prism Biomedical G,Telecom & 5G,1000-5000 Employees,United States,Professional,Multi-Year 3-Yr Strategic,4628.49,55541.88,12,45,7,4.7,283,83.1,6,0,9.3,175.3,Basic Exploratory,5,Yes,0.24,Low,Active - Healthy
CUST-SAAS-00163,Vanguard Solutions H,Telecom & 5G,10-50 Employees,Netherlands,Professional,Monthly Flexible,9401.93,112823.16,12,43,1,2.7,64,52.9,31,1,28.0,9.5,Deep Advanced,23,No,0.79,High,Under Review
CUST-SAAS-00164,Horizon Robotics I,Government & Public Sector,5000+ Enterprise,United Kingdom,Professional,Annual Pre-Paid,8560.2,102722.4,12,44,8,4.7,64,94.1,3,0,4.7,176.2,Full API Mesh & Automation,0,Yes,0.27,Medium,Active - Healthy
CUST-SAAS-00165,Strata Security J,Logistics & Supply Chain,51-200 Employees,Japan,Professional,Annual Pre-Paid,3398.85,40786.2,24,32,10,4.9,103,99.2,3,0,5.8,166.6,Basic Exploratory,5,Yes,0.28,Medium,Active - Healthy
CUST-SAAS-00166,Aero Dynamics K,Government & Public Sector,51-200 Employees,Germany,Startup Tier,Multi-Year 3-Yr Strategic,2909.09,34909.08,12,27,1,2.4,12,30.1,20,3,29.8,10.8,Full API Mesh & Automation,42,No,0.77,High,Active - At Risk
CUST-SAAS-00167,Pulse Analytics L,Government & Public Sector,51-200 Employees,Canada,Professional,Quarterly Invoiced,8934.9,107218.8,12,55,9,4.0,251,91.5,3,0,9.7,135.0,Core Functional,3,Yes,0.37,Medium,In Renewal Discussion
CUST-SAAS-00168,Terra Industries M,Energy & CleanTech,51-200 Employees,Switzerland,Custom Strategic,Monthly Flexible,88805.65,1065667.8,24,57,10,4.6,3617,97.7,5,0,3.2,70.2,Deep Advanced,2,Yes,0.17,Low,Active - Healthy
CUST-SAAS-00169,Cygnus Systems N,Manufacturing & Robotics,201-1000 Employees,Switzerland,Enterprise Plus,Multi-Year 3-Yr Strategic,24227.26,290727.12,36,50,10,4.5,1029,85.7,1,0,9.7,75.0,Basic Exploratory,0,Yes,0.03,Low,Active - Healthy
CUST-SAAS-00170,Novus Ventures O,Telecom & 5G,5000+ Enterprise,Australia,Custom Strategic,Annual Pre-Paid,83863.78,1006365.36,36,23,7,4.8,6254,98.2,6,0,3.3,110.0,Deep Advanced,7,Yes,0.04,Low,Active - Healthy
CUST-SAAS-00171,Polaris Logistics P,Government & Public Sector,10-50 Employees,Germany,Startup Tier,Quarterly Invoiced,3090.87,37090.44,12,30,4,1.6,40,41.8,31,4,43.0,2.5,Core Functional,32,No,0.65,High,Active - At Risk
CUST-SAAS-00172,Echo Global Q,Government & Public Sector,201-1000 Employees,Singapore,Custom Strategic,Monthly Flexible,78869.33,946431.96,48,59,8,4.6,4230,76.7,5,1,10.5,87.6,Core Functional,5,Yes,0.37,Medium,In Renewal Discussion
CUST-SAAS-00173,Synthetix Digital R,Manufacturing & Robotics,1000-5000 Employees,Taiwan,Startup Tier,Annual Pre-Paid,954.54,11454.48,12,26,10,4.0,37,96.6,8,0,11.6,98.0,Core Functional,7,Yes,0.06,Low,Active - Healthy
CUST-SAAS-00174,Vector Enterprises S,Telecom & 5G,5000+ Enterprise,Taiwan,Professional,Multi-Year 3-Yr Strategic,4351.96,52223.52,12,24,8,4.0,61,99.9,8,0,7.6,67.4,Full API Mesh & Automation,4,Yes,0.22,Low,Active - Healthy
CUST-SAAS-00175,Zion Networks T,SaaS & Enterprise Cloud,51-200 Employees,United Kingdom,Startup Tier,Monthly Flexible,2439.08,29268.96,12,34,2,2.6,76,29.9,15,4,71.1,19.5,Basic Exploratory,51,No,0.62,High,Active - At Risk
CUST-SAAS-00176,Aura Software U,Healthcare & BioTech,5000+ Enterprise,Australia,Startup Tier,Quarterly Invoiced,1130.54,13566.48,12,17,7,4.4,70,90.7,2,0,8.8,147.9,Core Functional,3,Yes,0.14,Low,Active - Healthy
CUST-SAAS-00177,Boreal Capital V,Government & Public Sector,201-1000 Employees,Singapore,Enterprise Plus,Annual Pre-Paid,22004.19,264050.28,12,24,7,4.5,187,85.7,4,0,9.6,140.9,Basic Exploratory,2,Yes,0.08,Low,Active - Healthy
CUST-SAAS-00178,Crest Labs W,FinTech & Banking,51-200 Employees,Canada,Startup Tier,Monthly Flexible,1123.14,13477.68,12,21,6,2.6,40,53.9,15,1,57.9,6.4,Full API Mesh & Automation,48,No,0.85,Critical,Active - At Risk
CUST-SAAS-00179,Dynasty Cloud X,Telecom & 5G,51-200 Employees,Netherlands,Startup Tier,Monthly Flexible,2642.05,31704.6,12,55,7,4.9,28,96.0,1,1,8.9,74.9,Full API Mesh & Automation,6,Yes,0.3,Medium,Active - Healthy
CUST-SAAS-00180,Apex Technologies Y,Energy & CleanTech,1000-5000 Employees,Switzerland,Enterprise Plus,Annual Pre-Paid,13725.86,164710.32,12,24,9,4.1,670,75.1,0,0,6.1,80.6,Deep Advanced,7,Yes,0.27,Medium,Active - Healthy
CUST-SAAS-00181,Nexus Group Z,Manufacturing & Robotics,201-1000 Employees,France,Startup Tier,Annual Pre-Paid,1590.07,19080.84,12,32,8,4.6,22,82.4,6,0,3.3,45.5,Basic Exploratory,2,Yes,0.06,Low,Active - Healthy
CUST-SAAS-00182,Vertex Biomedical A,Telecom & 5G,10-50 Employees,Switzerland,Custom Strategic,Monthly Flexible,31910.08,382920.96,48,8,8,4.7,2098,83.1,5,0,4.1,67.0,Core Functional,0,Yes,0.32,Medium,Active - Healthy
CUST-SAAS-00183,Quantum Solutions B,Logistics & Supply Chain,1000-5000 Employees,Switzerland,Enterprise Plus,Multi-Year 3-Yr Strategic,15646.99,187763.88,24,45,9,4.5,267,89.9,6,0,5.1,162.5,Basic Exploratory,3,Yes,0.04,Low,Active - Healthy
CUST-SAAS-00184,Hyperion Robotics C,Healthcare & BioTech,10-50 Employees,Singapore,Professional,Quarterly Invoiced,5075.72,60908.64,24,30,8,4.4,132,99.2,3,0,6.2,116.8,Deep Advanced,0,Yes,0.03,Low,Active - Healthy
CUST-SAAS-00185,Aegis Security D,Energy & CleanTech,5000+ Enterprise,United States,Custom Strategic,Annual Pre-Paid,83573.9,1002886.8,36,52,9,4.8,1052,99.0,2,0,11.9,74.7,Deep Advanced,5,Yes,0.3,Medium,Active - Healthy
CUST-SAAS-00186,Cobalt Dynamics E,Government & Public Sector,51-200 Employees,United States,Enterprise Plus,Quarterly Invoiced,19707.09,236485.08,24,29,7,4.1,807,75.5,3,0,11.9,152.7,Deep Advanced,3,Yes,0.13,Low,Active - Healthy
CUST-SAAS-00187,Starlight Analytics F,Logistics & Supply Chain,1000-5000 Employees,Germany,Custom Strategic,Quarterly Invoiced,47759.69,573116.28,48,6,7,4.5,1352,94.9,5,1,7.5,168.1,Deep Advanced,0,Yes,0.06,Low,Active - Healthy
CUST-SAAS-00188,Titan Industries G,Professional Services & Legal,51-200 Employees,Germany,Startup Tier,Multi-Year 3-Yr Strategic,1283.4,15400.8,12,39,7,4.0,76,78.2,8,0,6.3,136.9,Core Functional,1,Yes,0.2,Low,Active - Healthy
CUST-SAAS-00189,Lumina Systems H,FinTech & Banking,1000-5000 Employees,Taiwan,Custom Strategic,Annual Pre-Paid,76833.15,921997.8,48,47,10,4.6,2518,98.4,2,0,8.2,170.4,Core Functional,6,Yes,0.35,Medium,In Renewal Discussion
CUST-SAAS-00190,Omni Ventures I,SaaS & Enterprise Cloud,5000+ Enterprise,Switzerland,Custom Strategic,Quarterly Invoiced,86776.04,1041312.48,24,24,10,4.5,4705,84.9,1,0,9.6,149.8,Basic Exploratory,7,Yes,0.11,Low,Active - Healthy
CUST-SAAS-00191,Solaris Logistics J,Professional Services & Legal,10-50 Employees,Australia,Professional,Monthly Flexible,6818.01,81816.12,24,21,9,4.9,181,89.5,4,0,10.4,50.8,Full API Mesh & Automation,6,Yes,0.32,Medium,Active - Healthy
CUST-SAAS-00192,Prism Global K,E-Commerce & Retail,1000-5000 Employees,Switzerland,Enterprise Plus,Quarterly Invoiced,21429.65,257155.8,24,54,7,4.7,1075,98.0,0,1,9.2,78.7,Basic Exploratory,3,Yes,0.21,Low,Active - Healthy
CUST-SAAS-00193,Vanguard Digital L,Logistics & Supply Chain,5000+ Enterprise,Netherlands,Custom Strategic,Quarterly Invoiced,60439.71,725276.52,36,33,10,4.3,4190,99.8,8,0,6.5,86.8,Full API Mesh & Automation,3,Yes,0.26,Medium,Active - Healthy
CUST-SAAS-00194,Horizon Enterprises M,SaaS & Enterprise Cloud,10-50 Employees,Australia,Startup Tier,Monthly Flexible,1917.66,23011.92,12,7,8,4.3,59,84.7,0,0,1.5,113.6,Core Functional,3,Yes,0.08,Low,Active - Healthy
CUST-SAAS-00195,Strata Networks N,SaaS & Enterprise Cloud,5000+ Enterprise,Singapore,Enterprise Plus,Annual Pre-Paid,13489.63,161875.56,12,38,9,4.1,987,77.2,8,0,9.5,143.3,Core Functional,3,Yes,0.38,Medium,In Renewal Discussion
CUST-SAAS-00196,Aero Software O,Professional Services & Legal,1000-5000 Employees,Singapore,Professional,Multi-Year 3-Yr Strategic,5980.9,71770.8,24,52,5,2.2,209,40.9,16,5,57.1,6.3,Deep Advanced,30,No,0.65,High,Churned
CUST-SAAS-00197,Pulse Capital P,FinTech & Banking,5000+ Enterprise,Japan,Enterprise Plus,Quarterly Invoiced,15994.74,191936.88,36,3,8,4.0,1074,81.6,6,0,4.1,71.3,Deep Advanced,4,Yes,0.36,Medium,In Renewal Discussion
CUST-SAAS-00198,Terra Labs Q,Government & Public Sector,201-1000 Employees,Australia,Custom Strategic,Annual Pre-Paid,78617.99,943415.88,24,37,7,5.0,5013,83.1,2,0,9.2,151.1,Full API Mesh & Automation,6,Yes,0.18,Low,Active - Healthy
CUST-SAAS-00199,Cygnus Cloud R,Healthcare & BioTech,51-200 Employees,Germany,Professional,Multi-Year 3-Yr Strategic,7265.4,87184.8,12,25,10,4.6,226,83.1,5,0,1.5,79.7,Deep Advanced,5,Yes,0.36,Medium,In Renewal Discussion
CUST-SAAS-00200,Novus Technologies S,FinTech & Banking,51-200 Employees,Canada,Professional,Quarterly Invoiced,5786.58,69438.96,24,32,9,4.9,295,89.4,3,0,2.9,100.3,Deep Advanced,3,Yes,0.24,Low,Active - Healthy
CUST-SAAS-00201,Polaris Group T,Professional Services & Legal,1000-5000 Employees,United States,Startup Tier,Multi-Year 3-Yr Strategic,2466.27,29595.24,12,26,8,4.9,41,78.7,6,1,7.4,69.8,Deep Advanced,2,Yes,0.22,Low,Active - Healthy
CUST-SAAS-00202,Echo Biomedical U,Telecom & 5G,10-50 Employees,Canada,Startup Tier,Monthly Flexible,2655.82,31869.84,12,28,10,4.0,14,80.2,1,1,8.6,68.3,Deep Advanced,0,Yes,0.33,Medium,Active - Healthy
CUST-SAAS-00203,Synthetix Solutions V,Manufacturing & Robotics,5000+ Enterprise,United States,Custom Strategic,Monthly Flexible,66939.28,803271.36,24,25,1,2.4,1438,30.2,14,2,60.2,20.8,Basic Exploratory,23,No,0.95,Critical,Active - At Risk
CUST-SAAS-00204,Vector Robotics W,FinTech & Banking,201-1000 Employees,Japan,Startup Tier,Monthly Flexible,1004.1,12049.2,12,59,7,4.9,32,93.7,2,1,6.9,133.1,Basic Exploratory,7,Yes,0.09,Low,Active - Healthy
CUST-SAAS-00205,Zion Security X,Telecom & 5G,201-1000 Employees,Netherlands,Enterprise Plus,Monthly Flexible,22971.42,275657.04,36,51,5,3.3,1061,49.7,9,4,33.3,5.7,Core Functional,80,No,0.63,High,Active - At Risk
CUST-SAAS-00206,Aura Dynamics Y,Media & Entertainment,5000+ Enterprise,France,Startup Tier,Quarterly Invoiced,1420.85,17050.2,12,24,9,4.1,63,91.2,4,0,1.6,121.7,Deep Advanced,0,Yes,0.34,Medium,Active - Healthy
CUST-SAAS-00207,Boreal Analytics Z,Logistics & Supply Chain,51-200 Employees,Switzerland,Enterprise Plus,Quarterly Invoiced,12360.8,148329.6,24,29,9,4.5,595,85.4,8,1,4.2,104.6,Full API Mesh & Automation,4,Yes,0.19,Low,Active - Healthy
CUST-SAAS-00208,Crest Industries A,FinTech & Banking,1000-5000 Employees,United Kingdom,Professional,Monthly Flexible,9197.72,110372.64,12,10,7,4.8,196,92.7,2,0,11.9,165.6,Deep Advanced,1,Yes,0.29,Medium,Active - Healthy
CUST-SAAS-00209,Dynasty Systems B,Healthcare & BioTech,1000-5000 Employees,United States,Startup Tier,Quarterly Invoiced,1270.1,15241.2,12,5,10,4.0,73,76.9,6,0,5.7,114.6,Full API Mesh & Automation,3,Yes,0.32,Medium,Active - Healthy
CUST-SAAS-00210,Apex Ventures C,Media & Entertainment,201-1000 Employees,Australia,Enterprise Plus,Annual Pre-Paid,11742.56,140910.72,36,58,2,2.9,540,33.9,16,2,50.7,10.3,Basic Exploratory,61,No,0.92,Critical,Active - At Risk
CUST-SAAS-00211,Nexus Logistics D,Government & Public Sector,5000+ Enterprise,United Kingdom,Enterprise Plus,Annual Pre-Paid,18923.69,227084.28,12,31,5,2.9,392,40.8,29,4,47.3,22.7,Full API Mesh & Automation,60,No,0.85,Critical,Active - At Risk
CUST-SAAS-00212,Vertex Global E,Manufacturing & Robotics,10-50 Employees,Taiwan,Professional,Multi-Year 3-Yr Strategic,5760.22,69122.64,24,39,8,4.6,266,77.3,4,0,8.5,89.2,Basic Exploratory,1,Yes,0.35,Medium,In Renewal Discussion
CUST-SAAS-00213,Quantum Digital F,FinTech & Banking,1000-5000 Employees,United States,Startup Tier,Monthly Flexible,2132.64,25591.68,12,2,7,4.4,56,92.6,2,0,4.5,108.9,Basic Exploratory,3,Yes,0.24,Low,Active - Healthy
CUST-SAAS-00214,Hyperion Enterprises G,Healthcare & BioTech,10-50 Employees,Switzerland,Professional,Monthly Flexible,5369.08,64428.96,24,42,9,4.6,177,81.4,6,0,10.6,178.3,Deep Advanced,4,Yes,0.29,Medium,Active - Healthy
CUST-SAAS-00215,Aegis Networks H,E-Commerce & Retail,1000-5000 Employees,Switzerland,Enterprise Plus,Multi-Year 3-Yr Strategic,10066.97,120803.64,12,19,6,1.7,978,54.6,17,1,69.2,20.1,Core Functional,60,Yes,0.69,High,Churned
CUST-SAAS-00216,Cobalt Software I,Logistics & Supply Chain,1000-5000 Employees,Canada,Custom Strategic,Monthly Flexible,62350.12,748201.44,48,58,7,4.8,6038,82.5,5,0,9.6,154.1,Deep Advanced,7,Yes,0.26,Medium,Active - Healthy
CUST-SAAS-00217,Starlight Capital J,Energy & CleanTech,201-1000 Employees,Netherlands,Custom Strategic,Annual Pre-Paid,44252.27,531027.24,48,3,8,5.0,5515,86.1,5,0,3.3,144.2,Basic Exploratory,5,Yes,0.12,Low,Active - Healthy
CUST-SAAS-00218,Titan Labs K,Government & Public Sector,5000+ Enterprise,Netherlands,Custom Strategic,Multi-Year 3-Yr Strategic,37786.01,453432.12,36,21,4,2.8,2494,42.1,11,1,67.3,4.1,Deep Advanced,21,No,0.91,Critical,Active - At Risk
CUST-SAAS-00219,Lumina Cloud L,Media & Entertainment,1000-5000 Employees,France,Enterprise Plus,Multi-Year 3-Yr Strategic,24551.62,294619.44,12,23,10,4.1,647,91.3,3,0,8.4,142.6,Basic Exploratory,3,Yes,0.27,Medium,Active - Healthy
CUST-SAAS-00220,Omni Technologies M,FinTech & Banking,51-200 Employees,Germany,Custom Strategic,Quarterly Invoiced,35840.43,430085.16,48,43,7,4.3,4557,98.0,5,0,10.2,156.1,Basic Exploratory,7,Yes,0.22,Low,Active - Healthy
CUST-SAAS-00221,Solaris Group N,Government & Public Sector,51-200 Employees,United Kingdom,Enterprise Plus,Monthly Flexible,27463.11,329557.32,24,29,7,4.3,723,92.1,3,1,11.6,110.0,Core Functional,4,Yes,0.38,Medium,In Renewal Discussion
CUST-SAAS-00222,Prism Biomedical O,Healthcare & BioTech,201-1000 Employees,Canada,Startup Tier,Monthly Flexible,1239.59,14875.08,12,35,3,2.0,53,52.7,12,5,63.9,6.2,Full API Mesh & Automation,71,No,0.84,Critical,Churned
CUST-SAAS-00223,Vanguard Solutions P,Logistics & Supply Chain,201-1000 Employees,Taiwan,Enterprise Plus,Quarterly Invoiced,18741.7,224900.4,24,5,7,4.1,753,85.4,2,0,7.6,138.4,Basic Exploratory,3,Yes,0.34,Medium,Active - Healthy
CUST-SAAS-00224,Horizon Robotics Q,Telecom & 5G,5000+ Enterprise,Canada,Professional,Monthly Flexible,5163.66,61963.92,12,17,8,4.5,146,94.7,0,0,10.3,158.6,Core Functional,4,Yes,0.19,Low,Active - Healthy
CUST-SAAS-00225,Strata Security R,Media & Entertainment,201-1000 Employees,Canada,Startup Tier,Annual Pre-Paid,3154.85,37858.2,12,36,8,4.7,62,75.7,3,1,2.2,172.2,Deep Advanced,7,Yes,0.17,Low,Active - Healthy
CUST-SAAS-00226,Aero Dynamics S,Energy & CleanTech,10-50 Employees,Singapore,Professional,Annual Pre-Paid,5461.99,65543.88,12,29,9,4.2,106,76.7,0,0,6.1,136.2,Core Functional,7,Yes,0.17,Low,Active - Healthy
CUST-SAAS-00227,Pulse Analytics T,Manufacturing & Robotics,201-1000 Employees,Australia,Enterprise Plus,Monthly Flexible,12573.01,150876.12,12,9,8,4.5,365,88.5,0,0,10.4,120.3,Full API Mesh & Automation,7,Yes,0.31,Medium,Active - Healthy
CUST-SAAS-00228,Terra Industries U,Media & Entertainment,10-50 Employees,Singapore,Enterprise Plus,Quarterly Invoiced,20829.08,249948.96,36,33,8,4.4,828,79.1,5,0,4.6,115.6,Core Functional,0,Yes,0.33,Medium,Active - Healthy
CUST-SAAS-00229,Cygnus Systems V,Telecom & 5G,51-200 Employees,United Kingdom,Professional,Monthly Flexible,5813.14,69757.68,12,54,9,4.4,201,99.8,8,0,3.3,112.7,Deep Advanced,2,Yes,0.32,Medium,Active - Healthy
CUST-SAAS-00230,Novus Ventures W,Logistics & Supply Chain,10-50 Employees,Singapore,Professional,Annual Pre-Paid,4576.5,54918.0,12,53,10,4.1,125,98.6,2,0,3.2,47.3,Deep Advanced,6,Yes,0.21,Low,Active - Healthy
CUST-SAAS-00231,Polaris Logistics X,E-Commerce & Retail,1000-5000 Employees,Australia,Custom Strategic,Multi-Year 3-Yr Strategic,54923.31,659079.72,48,43,8,4.5,6254,78.7,8,0,5.5,48.9,Full API Mesh & Automation,3,Yes,0.2,Low,Active - Healthy
CUST-SAAS-00232,Echo Global Y,Logistics & Supply Chain,5000+ Enterprise,Japan,Enterprise Plus,Monthly Flexible,27429.04,329148.48,36,27,5,1.7,164,36.3,15,3,54.6,10.0,Core Functional,61,No,0.77,High,Active - At Risk
CUST-SAAS-00233,Synthetix Digital Z,Logistics & Supply Chain,1000-5000 Employees,Switzerland,Startup Tier,Annual Pre-Paid,1411.25,16935.0,12,22,10,4.2,37,79.3,2,0,3.8,130.9,Full API Mesh & Automation,2,Yes,0.14,Low,Active - Healthy
CUST-SAAS-00234,Vector Enterprises A,FinTech & Banking,201-1000 Employees,Germany,Enterprise Plus,Annual Pre-Paid,23502.74,282032.88,12,22,10,4.5,828,91.2,3,1,9.9,165.5,Basic Exploratory,7,Yes,0.13,Low,Active - Healthy
CUST-SAAS-00235,Zion Networks B,Media & Entertainment,1000-5000 Employees,France,Startup Tier,Quarterly Invoiced,2692.92,32315.04,12,41,9,4.4,63,84.5,7,0,5.6,151.2,Deep Advanced,5,Yes,0.02,Low,Active - Healthy
CUST-SAAS-00236,Aura Software C,Energy & CleanTech,201-1000 Employees,Switzerland,Custom Strategic,Monthly Flexible,77227.76,926733.12,24,46,1,3.3,2035,47.8,13,3,50.1,9.6,Core Functional,82,No,0.63,High,Churned
CUST-SAAS-00237,Boreal Capital D,SaaS & Enterprise Cloud,5000+ Enterprise,Taiwan,Enterprise Plus,Quarterly Invoiced,27218.85,326626.2,24,3,7,4.6,712,80.6,5,0,2.4,172.4,Basic Exploratory,0,Yes,0.36,Medium,In Renewal Discussion
CUST-SAAS-00238,Crest Labs E,Healthcare & BioTech,51-200 Employees,France,Custom Strategic,Annual Pre-Paid,85700.16,1028401.92,36,35,9,4.4,1677,76.0,0,0,10.8,149.6,Basic Exploratory,1,Yes,0.26,Medium,Active - Healthy
CUST-SAAS-00239,Dynasty Cloud F,Telecom & 5G,51-200 Employees,Japan,Custom Strategic,Quarterly Invoiced,83639.36,1003672.32,24,26,8,4.6,3171,98.2,7,0,6.9,107.2,Full API Mesh & Automation,5,Yes,0.15,Low,Active - Healthy
CUST-SAAS-00240,Apex Technologies G,Professional Services & Legal,5000+ Enterprise,Singapore,Custom Strategic,Quarterly Invoiced,49741.73,596900.76,36,37,9,5.0,3290,78.4,0,1,4.9,132.6,Basic Exploratory,6,Yes,0.28,Medium,Active - Healthy
CUST-SAAS-00241,Nexus Group H,Logistics & Supply Chain,10-50 Employees,Taiwan,Enterprise Plus,Quarterly Invoiced,26053.84,312646.08,36,40,8,4.7,609,98.6,2,0,8.5,94.5,Core Functional,0,Yes,0.34,Medium,Active - Healthy
CUST-SAAS-00242,Vertex Biomedical I,Healthcare & BioTech,1000-5000 Employees,Switzerland,Enterprise Plus,Annual Pre-Paid,25599.66,307195.92,36,6,9,4.5,528,86.8,4,0,2.1,72.6,Deep Advanced,2,Yes,0.16,Low,Active - Healthy
CUST-SAAS-00243,Quantum Solutions J,Logistics & Supply Chain,51-200 Employees,United States,Professional,Quarterly Invoiced,9181.96,110183.52,12,44,8,4.7,225,75.2,1,0,9.2,83.4,Core Functional,4,Yes,0.27,Medium,Active - Healthy
CUST-SAAS-00244,Hyperion Robotics K,Media & Entertainment,51-200 Employees,Taiwan,Startup Tier,Quarterly Invoiced,1016.61,12199.32,12,53,7,4.4,21,92.7,2,0,7.5,123.7,Full API Mesh & Automation,0,Yes,0.12,Low,Active - Healthy
CUST-SAAS-00245,Aegis Security L,Government & Public Sector,201-1000 Employees,United Kingdom,Professional,Multi-Year 3-Yr Strategic,8877.54,106530.48,24,27,5,3.2,194,41.6,10,1,33.8,9.0,Core Functional,43,No,0.75,High,Active - At Risk
CUST-SAAS-00246,Cobalt Dynamics M,SaaS & Enterprise Cloud,5000+ Enterprise,Switzerland,Custom Strategic,Multi-Year 3-Yr Strategic,87474.56,1049694.72,36,27,4,1.7,4979,45.4,34,2,29.6,4.7,Basic Exploratory,17,No,0.94,Critical,Active - At Risk
CUST-SAAS-00247,Starlight Analytics N,SaaS & Enterprise Cloud,10-50 Employees,United Kingdom,Enterprise Plus,Quarterly Invoiced,19649.19,235790.28,12,36,7,4.6,253,91.9,6,0,5.3,70.4,Basic Exploratory,1,Yes,0.33,Medium,Active - Healthy
CUST-SAAS-00248,Titan Industries O,Energy & CleanTech,51-200 Employees,United Kingdom,Professional,Multi-Year 3-Yr Strategic,5086.07,61032.84,12,29,8,4.8,88,97.8,6,0,11.9,176.5,Core Functional,1,Yes,0.05,Low,Active - Healthy
CUST-SAAS-00249,Lumina Systems P,Energy & CleanTech,5000+ Enterprise,United Kingdom,Startup Tier,Monthly Flexible,1497.35,17968.2,12,53,7,4.2,51,81.8,3,0,1.7,164.8,Deep Advanced,3,Yes,0.31,Medium,Active - Healthy
CUST-SAAS-00250,Omni Ventures Q,Media & Entertainment,10-50 Employees,Australia,Startup Tier,Quarterly Invoiced,2946.48,35357.76,12,50,7,4.8,70,78.8,7,0,9.4,65.7,Full API Mesh & Automation,7,Yes,0.05,Low,Active - Healthy
CUST-SAAS-00251,Solaris Logistics R,SaaS & Enterprise Cloud,10-50 Employees,Canada,Startup Tier,Multi-Year 3-Yr Strategic,2389.13,28669.56,12,47,6,3.3,74,57.0,29,1,39.1,22.4,Core Functional,70,No,0.96,Critical,Churned
CUST-SAAS-00252,Prism Global S,FinTech & Banking,1000-5000 Employees,Canada,Custom Strategic,Annual Pre-Paid,25956.5,311478.0,48,18,10,4.4,5476,92.3,3,1,2.9,148.4,Full API Mesh & Automation,3,Yes,0.04,Low,Active - Healthy
CUST-SAAS-00253,Vanguard Digital T,Healthcare & BioTech,201-1000 Employees,France,Startup Tier,Annual Pre-Paid,2191.99,26303.88,12,18,10,4.2,18,83.4,2,0,3.8,49.1,Full API Mesh & Automation,6,Yes,0.21,Low,Active - Healthy
CUST-SAAS-00254,Horizon Enterprises U,Manufacturing & Robotics,201-1000 Employees,France,Professional,Multi-Year 3-Yr Strategic,4582.14,54985.68,24,54,8,4.1,42,88.8,5,1,10.3,64.1,Deep Advanced,5,Yes,0.14,Low,Active - Healthy
CUST-SAAS-00255,Strata Networks V,Telecom & 5G,201-1000 Employees,United Kingdom,Professional,Annual Pre-Paid,8812.07,105744.84,24,14,8,4.8,52,79.9,3,0,7.2,167.7,Core Functional,7,Yes,0.34,Medium,Active - Healthy
CUST-SAAS-00256,Aero Software W,E-Commerce & Retail,51-200 Employees,France,Startup Tier,Annual Pre-Paid,1419.43,17033.16,12,27,9,4.5,40,98.6,6,0,9.9,114.8,Full API Mesh & Automation,7,Yes,0.12,Low,Active - Healthy
CUST-SAAS-00257,Pulse Capital X,SaaS & Enterprise Cloud,1000-5000 Employees,United Kingdom,Professional,Annual Pre-Paid,5602.11,67225.32,12,22,8,4.6,274,75.1,7,0,2.8,93.4,Deep Advanced,4,Yes,0.06,Low,Active - Healthy
CUST-SAAS-00258,Terra Labs Y,Manufacturing & Robotics,10-50 Employees,Singapore,Custom Strategic,Multi-Year 3-Yr Strategic,63083.51,757002.12,48,46,4,3.2,3052,26.0,10,4,49.9,4.7,Basic Exploratory,53,No,0.69,High,Churned
CUST-SAAS-00259,Cygnus Cloud Z,Healthcare & BioTech,5000+ Enterprise,Netherlands,Professional,Monthly Flexible,7865.35,94384.2,12,22,9,4.4,210,84.5,5,1,3.3,98.8,Core Functional,3,Yes,0.29,Medium,Active - Healthy
CUST-SAAS-00260,Novus Technologies A,Logistics & Supply Chain,1000-5000 Employees,United Kingdom,Enterprise Plus,Annual Pre-Paid,12769.69,153236.28,36,41,9,5.0,708,99.8,5,0,9.8,48.9,Basic Exploratory,3,Yes,0.33,Medium,Active - Healthy
CUST-SAAS-00261,Polaris Group B,Government & Public Sector,1000-5000 Employees,Switzerland,Professional,Multi-Year 3-Yr Strategic,6227.53,74730.36,12,34,10,4.9,152,93.6,2,0,8.3,143.1,Full API Mesh & Automation,7,Yes,0.31,Medium,Active - Healthy
CUST-SAAS-00262,Echo Biomedical C,Energy & CleanTech,51-200 Employees,France,Enterprise Plus,Annual Pre-Paid,26903.72,322844.64,24,2,8,4.3,1073,76.7,1,0,11.1,93.7,Deep Advanced,1,Yes,0.17,Low,Active - Healthy
CUST-SAAS-00263,Synthetix Solutions D,FinTech & Banking,51-200 Employees,Taiwan,Enterprise Plus,Quarterly Invoiced,12587.57,151050.84,36,53,7,4.7,1120,96.9,2,0,11.2,89.6,Core Functional,5,Yes,0.06,Low,Active - Healthy
CUST-SAAS-00264,Vector Robotics E,Government & Public Sector,201-1000 Employees,Taiwan,Enterprise Plus,Monthly Flexible,17127.19,205526.28,24,9,10,4.8,751,99.2,5,0,2.9,91.3,Basic Exploratory,0,Yes,0.06,Low,Active - Healthy
CUST-SAAS-00265,Zion Security F,Professional Services & Legal,1000-5000 Employees,Japan,Enterprise Plus,Quarterly Invoiced,17758.19,213098.28,36,45,8,4.2,732,85.6,1,0,9.0,119.4,Full API Mesh & Automation,2,Yes,0.35,Medium,In Renewal Discussion
CUST-SAAS-00266,Aura Dynamics G,Healthcare & BioTech,10-50 Employees,United States,Startup Tier,Monthly Flexible,830.62,9967.44,12,9,9,4.6,23,76.0,5,0,11.5,144.6,Deep Advanced,3,Yes,0.12,Low,Active - Healthy
CUST-SAAS-00267,Boreal Analytics H,Energy & CleanTech,201-1000 Employees,United Kingdom,Enterprise Plus,Multi-Year 3-Yr Strategic,20884.75,250617.0,36,21,8,4.8,652,92.8,8,0,3.7,67.8,Full API Mesh & Automation,7,Yes,0.33,Medium,Active - Healthy
CUST-SAAS-00268,Crest Industries I,Government & Public Sector,5000+ Enterprise,United Kingdom,Professional,Annual Pre-Paid,8968.98,107627.76,24,25,10,5.0,206,97.1,7,0,2.4,114.9,Basic Exploratory,2,Yes,0.28,Medium,Active - Healthy
CUST-SAAS-00269,Dynasty Systems J,Energy & CleanTech,1000-5000 Employees,United States,Enterprise Plus,Annual Pre-Paid,26714.84,320578.08,12,47,7,5.0,1148,92.8,1,0,11.3,79.8,Basic Exploratory,6,Yes,0.05,Low,Active - Healthy
CUST-SAAS-00270,Apex Ventures K,Government & Public Sector,5000+ Enterprise,Japan,Startup Tier,Monthly Flexible,1671.78,20061.36,12,12,9,4.9,48,99.3,7,0,9.2,148.9,Full API Mesh & Automation,5,Yes,0.09,Low,Active - Healthy
CUST-SAAS-00271,Nexus Logistics L,Professional Services & Legal,1000-5000 Employees,Taiwan,Custom Strategic,Monthly Flexible,25331.23,303974.76,36,36,8,4.3,5090,88.8,2,0,2.5,56.7,Core Functional,0,Yes,0.08,Low,Active - Healthy
CUST-SAAS-00272,Vertex Global M,Media & Entertainment,1000-5000 Employees,Netherlands,Startup Tier,Monthly Flexible,2398.03,28776.36,12,47,5,2.1,62,38.5,31,2,50.4,6.9,Basic Exploratory,60,No,0.76,High,Active - At Risk
CUST-SAAS-00273,Quantum Digital N,FinTech & Banking,10-50 Employees,Japan,Custom Strategic,Annual Pre-Paid,83237.66,998851.92,48,54,10,4.0,5363,98.0,3,0,9.7,116.2,Full API Mesh & Automation,6,Yes,0.27,Medium,Active - Healthy
CUST-SAAS-00274,Hyperion Enterprises O,Government & Public Sector,51-200 Employees,Germany,Startup Tier,Monthly Flexible,2721.32,32655.84,12,37,8,4.3,14,93.1,4,0,8.6,138.4,Full API Mesh & Automation,7,Yes,0.21,Low,Active - Healthy
CUST-SAAS-00275,Aegis Networks P,Professional Services & Legal,51-200 Employees,Netherlands,Custom Strategic,Quarterly Invoiced,29148.56,349782.72,36,44,9,4.4,2846,77.2,7,0,6.4,93.7,Core Functional,4,Yes,0.24,Low,Active - Healthy
CUST-SAAS-00276,Cobalt Software Q,Energy & CleanTech,10-50 Employees,Australia,Enterprise Plus,Monthly Flexible,18055.95,216671.4,24,55,7,4.2,157,99.4,5,0,9.4,53.2,Core Functional,6,Yes,0.16,Low,Active - Healthy
CUST-SAAS-00277,Starlight Capital R,FinTech & Banking,51-200 Employees,Germany,Custom Strategic,Quarterly Invoiced,49171.93,590063.16,36,15,7,5.0,4131,93.3,7,0,10.1,149.7,Basic Exploratory,0,Yes,0.1,Low,Active - Healthy
CUST-SAAS-00278,Titan Labs S,Media & Entertainment,5000+ Enterprise,Singapore,Professional,Multi-Year 3-Yr Strategic,4766.46,57197.52,24,24,3,2.8,285,51.4,14,4,60.5,15.2,Full API Mesh & Automation,17,Yes,0.92,Critical,Active - At Risk
CUST-SAAS-00279,Lumina Cloud T,Media & Entertainment,5000+ Enterprise,Japan,Professional,Multi-Year 3-Yr Strategic,6201.69,74420.28,12,17,5,3.3,151,29.6,30,4,31.6,23.8,Full API Mesh & Automation,80,No,0.9,Critical,Active - At Risk
CUST-SAAS-00280,Omni Technologies U,Professional Services & Legal,51-200 Employees,Germany,Enterprise Plus,Multi-Year 3-Yr Strategic,10938.14,131257.68,12,46,7,4.0,619,80.1,4,0,3.7,171.3,Deep Advanced,0,Yes,0.18,Low,Active - Healthy
CUST-SAAS-00281,Solaris Group V,SaaS & Enterprise Cloud,51-200 Employees,Japan,Professional,Annual Pre-Paid,7109.66,85315.92,12,24,7,4.1,183,80.5,7,1,8.1,46.7,Deep Advanced,7,Yes,0.06,Low,Active - Healthy
CUST-SAAS-00282,Prism Biomedical W,Professional Services & Legal,10-50 Employees,Australia,Custom Strategic,Monthly Flexible,62824.76,753897.12,48,25,9,4.3,5643,86.6,2,0,6.6,139.1,Full API Mesh & Automation,3,Yes,0.26,Medium,Active - Healthy
CUST-SAAS-00283,Vanguard Solutions X,Manufacturing & Robotics,10-50 Employees,Singapore,Professional,Multi-Year 3-Yr Strategic,7090.05,85080.6,24,42,10,4.5,141,90.9,5,0,4.3,174.8,Core Functional,3,Yes,0.23,Low,Active - Healthy
CUST-SAAS-00284,Horizon Robotics Y,Government & Public Sector,1000-5000 Employees,Netherlands,Custom Strategic,Multi-Year 3-Yr Strategic,72440.37,869284.44,24,24,2,1.4,6180,51.3,24,3,60.4,21.0,Core Functional,67,No,0.9,Critical,Active - At Risk
CUST-SAAS-00285,Strata Security Z,Telecom & 5G,10-50 Employees,Canada,Custom Strategic,Monthly Flexible,86386.57,1036638.84,48,34,7,4.4,5819,96.8,7,0,4.6,101.4,Full API Mesh & Automation,1,Yes,0.32,Medium,Active - Healthy
CUST-SAAS-00286,Aero Dynamics A,SaaS & Enterprise Cloud,51-200 Employees,France,Enterprise Plus,Annual Pre-Paid,25920.97,311051.64,12,34,9,4.1,623,81.1,7,0,3.1,88.9,Deep Advanced,6,Yes,0.26,Medium,Active - Healthy
CUST-SAAS-00287,Pulse Analytics B,SaaS & Enterprise Cloud,5000+ Enterprise,Switzerland,Custom Strategic,Multi-Year 3-Yr Strategic,66759.96,801119.52,36,22,9,4.0,5538,84.1,8,0,4.9,145.5,Deep Advanced,6,Yes,0.3,Medium,Active - Healthy
CUST-SAAS-00288,Terra Industries C,SaaS & Enterprise Cloud,10-50 Employees,Australia,Startup Tier,Monthly Flexible,1321.28,15855.36,12,10,7,4.0,16,91.8,2,0,11.4,171.9,Core Functional,6,Yes,0.1,Low,Active - Healthy
CUST-SAAS-00289,Cygnus Systems D,Telecom & 5G,1000-5000 Employees,Switzerland,Custom Strategic,Multi-Year 3-Yr Strategic,75387.15,904645.8,24,47,5,2.2,1892,28.2,26,2,52.7,3.5,Deep Advanced,64,Yes,0.66,High,Active - At Risk
CUST-SAAS-00290,Novus Ventures E,Energy & CleanTech,5000+ Enterprise,Canada,Custom Strategic,Annual Pre-Paid,77345.29,928143.48,24,27,10,4.8,1763,87.9,8,1,8.1,71.7,Deep Advanced,7,Yes,0.24,Low,Active - Healthy
CUST-SAAS-00291,Polaris Logistics F,Healthcare & BioTech,1000-5000 Employees,Canada,Startup Tier,Annual Pre-Paid,2238.73,26864.76,12,7,9,4.9,73,93.8,5,0,7.4,47.0,Deep Advanced,5,Yes,0.31,Medium,Active - Healthy
CUST-SAAS-00292,Echo Global G,Media & Entertainment,1000-5000 Employees,Netherlands,Enterprise Plus,Quarterly Invoiced,26369.17,316430.04,12,35,7,4.7,628,84.7,5,0,11.4,49.0,Basic Exploratory,5,Yes,0.14,Low,Active - Healthy
CUST-SAAS-00293,Synthetix Digital H,Energy & CleanTech,51-200 Employees,Australia,Enterprise Plus,Monthly Flexible,17408.31,208899.72,36,16,9,4.2,1179,90.5,4,0,7.9,99.4,Full API Mesh & Automation,5,Yes,0.2,Low,Active - Healthy
CUST-SAAS-00294,Vector Enterprises I,E-Commerce & Retail,201-1000 Employees,United States,Professional,Multi-Year 3-Yr Strategic,3293.01,39516.12,24,26,8,4.3,183,89.9,3,0,10.7,93.4,Basic Exploratory,6,Yes,0.08,Low,Active - Healthy
CUST-SAAS-00295,Zion Networks J,E-Commerce & Retail,10-50 Employees,Switzerland,Enterprise Plus,Monthly Flexible,9611.68,115340.16,12,29,5,2.4,1183,25.0,14,3,65.7,11.7,Core Functional,51,No,0.73,High,Active - At Risk
CUST-SAAS-00296,Aura Software K,Logistics & Supply Chain,1000-5000 Employees,Taiwan,Custom Strategic,Quarterly Invoiced,57168.91,686026.92,48,8,7,4.4,5274,93.2,2,0,10.0,51.0,Full API Mesh & Automation,3,Yes,0.31,Medium,Active - Healthy
CUST-SAAS-00297,Boreal Capital L,Telecom & 5G,201-1000 Employees,France,Custom Strategic,Annual Pre-Paid,69693.15,836317.8,48,3,9,4.1,863,92.9,8,0,3.8,95.3,Basic Exploratory,6,Yes,0.26,Medium,Active - Healthy
CUST-SAAS-00298,Crest Labs M,Healthcare & BioTech,51-200 Employees,France,Enterprise Plus,Quarterly Invoiced,23234.96,278819.52,12,38,10,4.2,492,79.6,8,0,11.9,164.4,Deep Advanced,1,Yes,0.13,Low,Active - Healthy
CUST-SAAS-00299,Dynasty Cloud N,Logistics & Supply Chain,10-50 Employees,France,Startup Tier,Quarterly Invoiced,2141.45,25697.4,12,48,7,4.6,59,75.9,1,0,5.7,150.9,Basic Exploratory,5,Yes,0.15,Low,Active - Healthy
CUST-SAAS-00300,Apex Technologies O,Government & Public Sector,10-50 Employees,Switzerland,Professional,Monthly Flexible,6459.66,77515.92,12,28,10,4.1,296,89.9,0,0,8.2,127.4,Core Functional,2,Yes,0.09,Low,Active - Healthy
CUST-SAAS-00301,Nexus Group P,Energy & CleanTech,201-1000 Employees,United States,Custom Strategic,Annual Pre-Paid,67011.38,804136.56,24,38,8,4.1,1759,89.1,3,0,5.2,174.8,Deep Advanced,0,Yes,0.36,Medium,In Renewal Discussion
CUST-SAAS-00302,Vertex Biomedical Q,FinTech & Banking,10-50 Employees,Japan,Custom Strategic,Annual Pre-Paid,90494.36,1085932.32,36,24,9,4.4,4563,92.3,7,0,1.6,98.9,Core Functional,1,Yes,0.34,Medium,Active - Healthy
CUST-SAAS-00303,Quantum Solutions R,Media & Entertainment,51-200 Employees,United States,Professional,Annual Pre-Paid,9465.4,113584.8,24,28,7,4.2,77,97.5,1,0,2.0,131.8,Core Functional,1,Yes,0.26,Medium,Active - Healthy
CUST-SAAS-00304,Hyperion Robotics S,Professional Services & Legal,51-200 Employees,Switzerland,Professional,Multi-Year 3-Yr Strategic,3385.37,40624.44,24,38,10,4.6,222,95.4,2,0,9.8,74.9,Full API Mesh & Automation,4,Yes,0.14,Low,Active - Healthy
CUST-SAAS-00305,Aegis Security T,Energy & CleanTech,5000+ Enterprise,Netherlands,Startup Tier,Annual Pre-Paid,2915.54,34986.48,12,41,4,3.1,59,49.9,9,3,41.2,9.9,Basic Exploratory,25,Yes,0.92,Critical,Churned
CUST-SAAS-00306,Cobalt Dynamics U,Energy & CleanTech,10-50 Employees,Canada,Enterprise Plus,Annual Pre-Paid,26887.07,322644.84,36,17,10,4.8,177,81.4,8,0,8.8,112.4,Core Functional,1,Yes,0.31,Medium,Active - Healthy
CUST-SAAS-00307,Starlight Analytics V,Manufacturing & Robotics,1000-5000 Employees,Netherlands,Enterprise Plus,Quarterly Invoiced,14329.3,171951.6,24,53,9,4.8,211,81.6,8,0,10.2,138.5,Core Functional,7,Yes,0.16,Low,Active - Healthy
CUST-SAAS-00308,Titan Industries W,Professional Services & Legal,5000+ Enterprise,Switzerland,Enterprise Plus,Annual Pre-Paid,18255.12,219061.44,12,6,7,4.3,711,79.5,5,0,10.5,132.8,Deep Advanced,6,Yes,0.33,Medium,Active - Healthy
CUST-SAAS-00309,Lumina Systems X,Logistics & Supply Chain,1000-5000 Employees,Canada,Startup Tier,Quarterly Invoiced,1268.6,15223.2,12,26,9,4.5,22,91.8,8,1,5.7,108.4,Deep Advanced,4,Yes,0.16,Low,Active - Healthy
CUST-SAAS-00310,Omni Ventures Y,Government & Public Sector,10-50 Employees,Germany,Custom Strategic,Multi-Year 3-Yr Strategic,67612.52,811350.24,36,6,4,2.1,3679,42.2,32,5,43.2,2.2,Full API Mesh & Automation,38,No,0.72,High,Churned
CUST-SAAS-00311,Solaris Logistics Z,Logistics & Supply Chain,10-50 Employees,United Kingdom,Custom Strategic,Quarterly Invoiced,51493.52,617922.24,36,53,7,4.2,4522,92.9,5,0,6.7,62.8,Core Functional,1,Yes,0.07,Low,Active - Healthy
CUST-SAAS-00312,Prism Global A,Manufacturing & Robotics,51-200 Employees,Japan,Enterprise Plus,Multi-Year 3-Yr Strategic,15489.85,185878.2,36,54,5,1.9,949,39.9,34,5,64.2,9.1,Deep Advanced,63,No,0.66,High,Active - At Risk
CUST-SAAS-00313,Vanguard Digital B,E-Commerce & Retail,10-50 Employees,Switzerland,Enterprise Plus,Multi-Year 3-Yr Strategic,15278.7,183344.4,12,47,3,2.0,535,29.9,21,1,39.8,24.1,Basic Exploratory,43,No,0.67,High,Active - At Risk
CUST-SAAS-00314,Horizon Enterprises C,Government & Public Sector,10-50 Employees,Germany,Enterprise Plus,Quarterly Invoiced,25893.01,310716.12,12,51,7,4.3,373,81.6,0,0,7.2,151.7,Core Functional,3,Yes,0.35,Medium,In Renewal Discussion
CUST-SAAS-00315,Strata Networks D,Professional Services & Legal,1000-5000 Employees,Australia,Professional,Quarterly Invoiced,3293.36,39520.32,12,60,5,1.5,89,28.6,10,2,47.6,23.6,Full API Mesh & Automation,80,Yes,0.63,High,Active - At Risk
CUST-SAAS-00316,Aero Software E,E-Commerce & Retail,201-1000 Employees,Germany,Custom Strategic,Quarterly Invoiced,94536.57,1134438.84,48,49,8,4.7,5550,96.7,5,0,6.2,83.1,Deep Advanced,5,Yes,0.17,Low,Active - Healthy
CUST-SAAS-00317,Pulse Capital F,Energy & CleanTech,5000+ Enterprise,France,Professional,Multi-Year 3-Yr Strategic,7868.41,94420.92,24,21,8,4.1,116,88.8,5,0,2.7,166.4,Core Functional,2,Yes,0.14,Low,Active - Healthy
CUST-SAAS-00318,Terra Labs G,Manufacturing & Robotics,201-1000 Employees,Singapore,Professional,Multi-Year 3-Yr Strategic,6320.1,75841.2,24,1,10,4.4,121,88.5,6,0,5.5,51.0,Deep Advanced,2,Yes,0.37,Medium,In Renewal Discussion
CUST-SAAS-00319,Cygnus Cloud H,Telecom & 5G,5000+ Enterprise,Australia,Startup Tier,Multi-Year 3-Yr Strategic,933.48,11201.76,12,21,6,3.1,70,49.8,14,4,50.7,15.9,Basic Exploratory,27,No,0.67,High,Active - At Risk
CUST-SAAS-00320,Novus Technologies I,Professional Services & Legal,10-50 Employees,Australia,Enterprise Plus,Annual Pre-Paid,13881.57,166578.84,24,1,7,4.0,600,98.3,6,0,11.2,93.0,Full API Mesh & Automation,6,Yes,0.15,Low,Active - Healthy
CUST-SAAS-00321,Polaris Group J,Manufacturing & Robotics,201-1000 Employees,Japan,Professional,Annual Pre-Paid,6868.53,82422.36,24,52,3,1.7,89,39.3,34,2,66.6,20.1,Basic Exploratory,71,No,0.84,Critical,Active - At Risk
CUST-SAAS-00322,Echo Biomedical K,FinTech & Banking,10-50 Employees,Japan,Enterprise Plus,Multi-Year 3-Yr Strategic,14595.36,175144.32,36,24,9,4.8,1166,95.9,6,0,9.2,115.7,Full API Mesh & Automation,1,Yes,0.19,Low,Active - Healthy
CUST-SAAS-00323,Synthetix Solutions L,FinTech & Banking,51-200 Employees,United Kingdom,Enterprise Plus,Multi-Year 3-Yr Strategic,18483.68,221804.16,24,30,8,4.5,595,80.4,7,1,7.6,51.1,Core Functional,3,Yes,0.08,Low,Active - Healthy
CUST-SAAS-00324,Vector Robotics M,SaaS & Enterprise Cloud,5000+ Enterprise,Singapore,Enterprise Plus,Annual Pre-Paid,26658.2,319898.4,24,19,7,5.0,178,86.8,8,0,5.7,107.5,Deep Advanced,7,Yes,0.33,Medium,Active - Healthy
CUST-SAAS-00325,Zion Security N,FinTech & Banking,1000-5000 Employees,United States,Professional,Monthly Flexible,5502.47,66029.64,24,1,4,2.0,245,56.9,30,2,31.8,24.8,Basic Exploratory,33,Yes,0.9,Critical,Active - At Risk
CUST-SAAS-00326,Aura Dynamics O,Government & Public Sector,51-200 Employees,France,Custom Strategic,Multi-Year 3-Yr Strategic,58653.3,703839.6,36,9,8,4.6,4107,91.1,3,1,11.0,142.5,Full API Mesh & Automation,5,Yes,0.38,Medium,In Renewal Discussion
CUST-SAAS-00327,Boreal Analytics P,Government & Public Sector,51-200 Employees,Switzerland,Startup Tier,Monthly Flexible,1762.13,21145.56,12,3,9,5.0,60,100.0,1,0,4.1,168.4,Deep Advanced,3,Yes,0.21,Low,Active - Healthy
CUST-SAAS-00328,Crest Industries Q,Government & Public Sector,5000+ Enterprise,United Kingdom,Startup Tier,Quarterly Invoiced,3155.47,37865.64,12,23,3,1.6,65,48.3,8,4,60.0,12.8,Full API Mesh & Automation,25,No,0.73,High,Active - At Risk
CUST-SAAS-00329,Dynasty Systems R,Manufacturing & Robotics,5000+ Enterprise,United Kingdom,Startup Tier,Monthly Flexible,2543.87,30526.44,12,60,9,4.6,54,98.0,4,0,8.0,112.5,Full API Mesh & Automation,3,Yes,0.1,Low,Active - Healthy
CUST-SAAS-00330,Apex Ventures S,SaaS & Enterprise Cloud,1000-5000 Employees,Singapore,Custom Strategic,Multi-Year 3-Yr Strategic,59220.28,710643.36,36,34,10,4.4,4003,77.2,3,0,7.4,54.7,Basic Exploratory,4,Yes,0.11,Low,Active - Healthy
CUST-SAAS-00331,Nexus Logistics T,Government & Public Sector,201-1000 Employees,Japan,Startup Tier,Quarterly Invoiced,1229.97,14759.64,12,55,2,2.5,72,27.5,8,4,64.8,4.6,Deep Advanced,17,Yes,0.7,High,Active - At Risk
CUST-SAAS-00332,Vertex Global U,Manufacturing & Robotics,5000+ Enterprise,United States,Enterprise Plus,Quarterly Invoiced,12485.14,149821.68,12,17,8,4.8,995,77.4,4,1,7.8,56.7,Deep Advanced,6,Yes,0.36,Medium,In Renewal Discussion
CUST-SAAS-00333,Quantum Digital V,Logistics & Supply Chain,5000+ Enterprise,United States,Enterprise Plus,Annual Pre-Paid,15509.91,186118.92,24,34,7,4.4,609,89.6,6,0,3.9,106.0,Basic Exploratory,0,Yes,0.16,Low,Active - Healthy
CUST-SAAS-00334,Hyperion Enterprises W,E-Commerce & Retail,51-200 Employees,Australia,Professional,Monthly Flexible,4986.09,59833.08,12,24,10,4.6,69,77.6,7,1,10.9,168.0,Deep Advanced,7,Yes,0.32,Medium,Active - Healthy
CUST-SAAS-00335,Aegis Networks X,Telecom & 5G,1000-5000 Employees,Netherlands,Professional,Multi-Year 3-Yr Strategic,7993.44,95921.28,24,1,6,1.9,279,51.7,29,5,28.6,24.2,Basic Exploratory,77,No,0.88,Critical,Churned
CUST-SAAS-00336,Cobalt Software Y,Government & Public Sector,1000-5000 Employees,France,Enterprise Plus,Monthly Flexible,18659.34,223912.08,36,49,5,2.0,1010,40.8,27,4,33.6,10.0,Core Functional,62,No,0.92,Critical,Under Review
CUST-SAAS-00337,Starlight Capital Z,SaaS & Enterprise Cloud,1000-5000 Employees,Taiwan,Enterprise Plus,Monthly Flexible,9970.15,119641.8,24,10,10,4.7,561,88.0,5,0,10.0,152.8,Full API Mesh & Automation,5,Yes,0.26,Medium,Active - Healthy
CUST-SAAS-00338,Titan Labs A,Media & Entertainment,5000+ Enterprise,Taiwan,Enterprise Plus,Monthly Flexible,23147.05,277764.6,24,54,8,4.3,874,81.3,7,1,10.6,132.4,Core Functional,2,Yes,0.3,Medium,Active - Healthy
CUST-SAAS-00339,Lumina Cloud B,Logistics & Supply Chain,1000-5000 Employees,Germany,Startup Tier,Quarterly Invoiced,2430.14,29161.68,12,40,8,4.6,77,82.0,4,0,1.8,104.5,Basic Exploratory,5,Yes,0.33,Medium,Active - Healthy
CUST-SAAS-00340,Omni Technologies C,Logistics & Supply Chain,5000+ Enterprise,United States,Enterprise Plus,Multi-Year 3-Yr Strategic,19109.82,229317.84,12,60,8,4.2,911,92.4,1,0,7.8,85.9,Basic Exploratory,0,Yes,0.12,Low,Active - Healthy
CUST-SAAS-00341,Solaris Group D,Logistics & Supply Chain,51-200 Employees,Australia,Professional,Annual Pre-Paid,9289.34,111472.08,24,23,4,1.7,84,54.0,33,3,64.2,9.2,Full API Mesh & Automation,19,No,0.77,High,Active - At Risk
CUST-SAAS-00342,Prism Biomedical E,Professional Services & Legal,5000+ Enterprise,Canada,Professional,Multi-Year 3-Yr Strategic,8790.54,105486.48,24,18,9,4.7,279,97.6,6,1,9.3,78.4,Full API Mesh & Automation,2,Yes,0.09,Low,Active - Healthy
CUST-SAAS-00343,Vanguard Solutions F,Manufacturing & Robotics,10-50 Employees,Singapore,Professional,Annual Pre-Paid,7606.63,91279.56,24,4,7,4.2,75,77.9,7,0,6.6,117.0,Deep Advanced,5,Yes,0.13,Low,Active - Healthy
CUST-SAAS-00344,Horizon Robotics G,Government & Public Sector,1000-5000 Employees,Australia,Custom Strategic,Multi-Year 3-Yr Strategic,61285.87,735430.44,24,28,3,1.7,677,31.9,18,4,65.4,10.5,Core Functional,74,No,0.74,High,Under Review
CUST-SAAS-00345,Strata Security H,Media & Entertainment,10-50 Employees,Germany,Custom Strategic,Annual Pre-Paid,75833.94,910007.28,48,22,10,4.1,4353,98.5,1,0,11.1,118.1,Core Functional,1,Yes,0.24,Low,Active - Healthy
CUST-SAAS-00346,Aero Dynamics I,Media & Entertainment,10-50 Employees,Japan,Startup Tier,Multi-Year 3-Yr Strategic,1250.25,15003.0,12,17,9,5.0,69,87.5,1,0,11.6,167.7,Full API Mesh & Automation,3,Yes,0.36,Medium,In Renewal Discussion
CUST-SAAS-00347,Pulse Analytics J,FinTech & Banking,201-1000 Employees,France,Startup Tier,Monthly Flexible,2189.07,26268.84,12,41,10,4.8,15,87.4,5,0,1.8,102.7,Core Functional,0,Yes,0.37,Medium,In Renewal Discussion
CUST-SAAS-00348,Terra Industries K,Energy & CleanTech,201-1000 Employees,Australia,Enterprise Plus,Multi-Year 3-Yr Strategic,24305.08,291660.96,12,34,9,4.5,670,96.7,6,1,4.9,83.4,Core Functional,0,Yes,0.34,Medium,Active - Healthy
CUST-SAAS-00349,Cygnus Systems L,Logistics & Supply Chain,51-200 Employees,France,Startup Tier,Annual Pre-Paid,1253.94,15047.28,12,36,8,4.8,67,85.7,6,0,4.2,144.8,Deep Advanced,1,Yes,0.29,Medium,Active - Healthy
CUST-SAAS-00350,Novus Ventures M,Government & Public Sector,5000+ Enterprise,Taiwan,Enterprise Plus,Quarterly Invoiced,25886.39,310636.68,36,48,7,4.2,796,85.9,2,1,1.9,129.6,Deep Advanced,5,Yes,0.32,Medium,Active - Healthy
CUST-SAAS-00351,Polaris Logistics N,E-Commerce & Retail,1000-5000 Employees,Netherlands,Startup Tier,Annual Pre-Paid,2583.72,31004.64,12,14,7,4.9,30,97.8,6,0,3.8,174.5,Full API Mesh & Automation,2,Yes,0.15,Low,Active - Healthy
CUST-SAAS-00352,Echo Global O,Telecom & 5G,201-1000 Employees,United States,Professional,Annual Pre-Paid,5861.08,70332.96,12,18,7,4.8,220,80.4,7,0,3.2,60.9,Deep Advanced,5,Yes,0.22,Low,Active - Healthy
CUST-SAAS-00353,Synthetix Digital P,FinTech & Banking,10-50 Employees,Taiwan,Professional,Multi-Year 3-Yr Strategic,3509.51,42114.12,12,49,10,4.9,59,94.5,2,0,2.1,116.3,Core Functional,1,Yes,0.03,Low,Active - Healthy
CUST-SAAS-00354,Vector Enterprises Q,FinTech & Banking,201-1000 Employees,Taiwan,Enterprise Plus,Monthly Flexible,13132.78,157593.36,36,29,10,4.6,885,95.8,3,0,7.0,146.0,Deep Advanced,4,Yes,0.14,Low,Active - Healthy
CUST-SAAS-00355,Zion Networks R,SaaS & Enterprise Cloud,5000+ Enterprise,United Kingdom,Enterprise Plus,Annual Pre-Paid,19179.9,230158.8,24,56,8,4.4,447,87.6,4,1,7.7,162.2,Deep Advanced,1,Yes,0.09,Low,Active - Healthy
CUST-SAAS-00356,Aura Software S,Telecom & 5G,1000-5000 Employees,Switzerland,Custom Strategic,Annual Pre-Paid,48558.04,582696.48,36,3,7,4.6,5347,77.6,5,0,4.2,112.7,Basic Exploratory,6,Yes,0.31,Medium,Active - Healthy
CUST-SAAS-00357,Boreal Capital T,Manufacturing & Robotics,5000+ Enterprise,France,Enterprise Plus,Annual Pre-Paid,25810.73,309728.76,24,33,9,4.3,212,89.9,4,0,11.1,48.6,Deep Advanced,6,Yes,0.15,Low,Active - Healthy
CUST-SAAS-00358,Crest Labs U,Government & Public Sector,51-200 Employees,Singapore,Enterprise Plus,Annual Pre-Paid,25317.25,303807.0,36,43,4,2.9,424,34.0,17,4,60.8,12.4,Deep Advanced,77,No,0.83,Critical,Active - At Risk
CUST-SAAS-00359,Dynasty Cloud V,Manufacturing & Robotics,10-50 Employees,Germany,Professional,Monthly Flexible,3964.5,47574.0,24,31,7,4.0,167,88.7,0,0,10.7,165.5,Full API Mesh & Automation,4,Yes,0.13,Low,Active - Healthy
CUST-SAAS-00360,Apex Technologies W,Logistics & Supply Chain,201-1000 Employees,United Kingdom,Custom Strategic,Monthly Flexible,34280.03,411360.36,48,22,10,4.1,5117,94.4,5,0,3.8,166.7,Deep Advanced,2,Yes,0.18,Low,Active - Healthy
CUST-SAAS-00361,Nexus Group X,Government & Public Sector,10-50 Employees,Canada,Enterprise Plus,Annual Pre-Paid,23862.53,286350.36,12,10,10,4.4,1155,81.9,1,1,10.1,173.0,Basic Exploratory,3,Yes,0.2,Low,Active - Healthy
CUST-SAAS-00362,Vertex Biomedical Y,FinTech & Banking,201-1000 Employees,Taiwan,Enterprise Plus,Quarterly Invoiced,19558.0,234696.0,24,23,9,4.9,873,99.8,5,1,9.9,174.4,Core Functional,6,Yes,0.36,Medium,In Renewal Discussion
CUST-SAAS-00363,Quantum Solutions Z,SaaS & Enterprise Cloud,201-1000 Employees,Switzerland,Custom Strategic,Monthly Flexible,54033.29,648399.48,24,53,9,4.8,5091,94.0,4,1,9.3,57.4,Core Functional,6,Yes,0.04,Low,Active - Healthy
CUST-SAAS-00364,Hyperion Robotics A,Healthcare & BioTech,1000-5000 Employees,United Kingdom,Enterprise Plus,Quarterly Invoiced,21929.36,263152.32,36,50,6,2.8,807,50.7,22,5,35.1,11.0,Basic Exploratory,63,No,0.84,Critical,Active - At Risk
CUST-SAAS-00365,Aegis Security B,Professional Services & Legal,1000-5000 Employees,United States,Enterprise Plus,Annual Pre-Paid,27610.86,331330.32,12,24,8,4.6,904,85.1,1,0,10.3,68.4,Core Functional,2,Yes,0.04,Low,Active - Healthy
CUST-SAAS-00366,Cobalt Dynamics C,Professional Services & Legal,51-200 Employees,Japan,Custom Strategic,Multi-Year 3-Yr Strategic,59984.2,719810.4,24,59,6,3.2,2015,45.3,25,5,54.5,13.9,Full API Mesh & Automation,22,No,0.81,Critical,Under Review
CUST-SAAS-00367,Starlight Analytics D,Energy & CleanTech,10-50 Employees,Canada,Custom Strategic,Monthly Flexible,53292.65,639511.8,48,57,8,4.7,2736,79.7,8,0,6.9,57.5,Full API Mesh & Automation,4,Yes,0.3,Medium,Active - Healthy
CUST-SAAS-00368,Titan Industries E,Manufacturing & Robotics,1000-5000 Employees,Taiwan,Professional,Monthly Flexible,4995.2,59942.4,12,30,8,4.8,171,86.1,2,0,7.8,103.6,Deep Advanced,3,Yes,0.3,Medium,Active - Healthy
CUST-SAAS-00369,Lumina Systems F,Energy & CleanTech,10-50 Employees,Switzerland,Custom Strategic,Monthly Flexible,82735.22,992822.64,36,40,9,4.4,2733,95.4,7,0,4.7,173.2,Deep Advanced,6,Yes,0.1,Low,Active - Healthy
CUST-SAAS-00370,Omni Ventures G,SaaS & Enterprise Cloud,10-50 Employees,Singapore,Enterprise Plus,Monthly Flexible,16664.13,199969.56,36,13,7,4.9,445,81.7,6,0,7.6,46.5,Full API Mesh & Automation,6,Yes,0.36,Medium,In Renewal Discussion
CUST-SAAS-00371,Solaris Logistics H,Media & Entertainment,1000-5000 Employees,Switzerland,Startup Tier,Annual Pre-Paid,2387.09,28645.08,12,12,8,4.2,78,80.7,2,0,7.4,63.5,Full API Mesh & Automation,0,Yes,0.09,Low,Active - Healthy
CUST-SAAS-00372,Prism Global I,Energy & CleanTech,201-1000 Employees,United States,Custom Strategic,Annual Pre-Paid,39262.68,471152.16,36,59,9,4.5,4529,92.2,3,0,4.3,89.5,Deep Advanced,6,Yes,0.35,Medium,In Renewal Discussion
CUST-SAAS-00373,Vanguard Digital J,Professional Services & Legal,1000-5000 Employees,Switzerland,Custom Strategic,Quarterly Invoiced,82797.23,993566.76,36,25,7,4.1,4615,90.9,5,0,10.4,62.8,Full API Mesh & Automation,6,Yes,0.19,Low,Active - Healthy
CUST-SAAS-00374,Horizon Enterprises K,Manufacturing & Robotics,201-1000 Employees,Netherlands,Enterprise Plus,Multi-Year 3-Yr Strategic,27394.19,328730.28,12,30,4,1.4,489,27.0,21,3,33.3,7.8,Full API Mesh & Automation,46,No,0.67,High,Churned
CUST-SAAS-00375,Strata Networks L,Manufacturing & Robotics,1000-5000 Employees,United Kingdom,Enterprise Plus,Multi-Year 3-Yr Strategic,9963.47,119561.64,24,41,9,4.7,319,80.6,0,0,5.8,129.7,Deep Advanced,3,Yes,0.34,Medium,Active - Healthy
CUST-SAAS-00376,Aero Software M,FinTech & Banking,5000+ Enterprise,United Kingdom,Enterprise Plus,Multi-Year 3-Yr Strategic,26336.38,316036.56,12,56,10,4.4,1175,94.5,3,0,6.6,124.8,Core Functional,0,Yes,0.07,Low,Active - Healthy
CUST-SAAS-00377,Pulse Capital N,Energy & CleanTech,10-50 Employees,United States,Custom Strategic,Annual Pre-Paid,89406.49,1072877.88,48,40,10,4.0,4640,86.5,5,0,7.8,116.4,Deep Advanced,5,Yes,0.32,Medium,Active - Healthy
CUST-SAAS-00378,Terra Labs O,Government & Public Sector,1000-5000 Employees,Singapore,Startup Tier,Quarterly Invoiced,2833.39,34000.68,12,2,9,4.6,70,97.6,6,0,2.7,84.1,Core Functional,5,Yes,0.2,Low,Active - Healthy
CUST-SAAS-00379,Cygnus Cloud P,FinTech & Banking,201-1000 Employees,United States,Custom Strategic,Monthly Flexible,76210.13,914521.56,48,24,1,2.1,6394,43.1,8,5,60.1,22.6,Core Functional,31,Yes,0.78,High,Under Review
CUST-SAAS-00380,Novus Technologies Q,Logistics & Supply Chain,10-50 Employees,Taiwan,Custom Strategic,Multi-Year 3-Yr Strategic,92649.86,1111798.32,24,19,8,4.4,858,85.0,3,0,3.4,102.4,Core Functional,5,Yes,0.04,Low,Active - Healthy
CUST-SAAS-00381,Polaris Group R,SaaS & Enterprise Cloud,1000-5000 Employees,United Kingdom,Custom Strategic,Quarterly Invoiced,48782.68,585392.16,24,49,4,1.9,3928,38.4,18,2,44.2,23.6,Core Functional,20,No,0.94,Critical,Active - At Risk
CUST-SAAS-00382,Echo Biomedical S,Logistics & Supply Chain,201-1000 Employees,United Kingdom,Startup Tier,Annual Pre-Paid,2934.22,35210.64,12,58,10,4.5,55,94.3,0,0,1.5,107.4,Basic Exploratory,1,Yes,0.37,Medium,In Renewal Discussion
CUST-SAAS-00383,Synthetix Solutions T,Energy & CleanTech,10-50 Employees,Canada,Custom Strategic,Multi-Year 3-Yr Strategic,81713.5,980562.0,24,52,8,4.8,3489,93.4,3,0,10.6,81.8,Basic Exploratory,4,Yes,0.27,Medium,Active - Healthy
CUST-SAAS-00384,Vector Robotics U,Media & Entertainment,201-1000 Employees,Australia,Startup Tier,Monthly Flexible,2196.04,26352.48,12,10,8,4.0,34,90.7,4,0,8.7,100.7,Basic Exploratory,5,Yes,0.27,Medium,Active - Healthy
CUST-SAAS-00385,Zion Security V,Government & Public Sector,10-50 Employees,Germany,Startup Tier,Quarterly Invoiced,965.18,11582.16,12,21,7,4.8,18,93.1,1,0,3.8,83.4,Full API Mesh & Automation,5,Yes,0.1,Low,Active - Healthy
CUST-SAAS-00386,Aura Dynamics W,SaaS & Enterprise Cloud,51-200 Employees,United States,Enterprise Plus,Monthly Flexible,22464.7,269576.4,24,13,7,4.0,769,80.8,8,1,2.8,149.1,Basic Exploratory,4,Yes,0.35,Medium,In Renewal Discussion
CUST-SAAS-00387,Boreal Analytics X,Professional Services & Legal,51-200 Employees,United Kingdom,Custom Strategic,Annual Pre-Paid,82991.8,995901.6,48,29,2,2.0,2708,55.4,30,5,32.1,22.7,Basic Exploratory,42,No,0.85,Critical,Churned
CUST-SAAS-00388,Crest Industries Y,Logistics & Supply Chain,5000+ Enterprise,Singapore,Custom Strategic,Annual Pre-Paid,56780.93,681371.16,48,24,5,1.4,4140,48.1,31,2,70.5,19.8,Deep Advanced,44,Yes,0.97,Critical,Under Review
CUST-SAAS-00389,Dynasty Systems Z,Government & Public Sector,10-50 Employees,Canada,Professional,Multi-Year 3-Yr Strategic,7663.58,91962.96,12,38,4,1.8,289,26.4,23,1,48.9,18.4,Deep Advanced,46,No,0.75,High,Under Review
CUST-SAAS-00390,Apex Ventures A,E-Commerce & Retail,201-1000 Employees,Netherlands,Professional,Quarterly Invoiced,6036.05,72432.6,24,56,9,4.4,235,91.3,0,0,10.7,88.2,Full API Mesh & Automation,2,Yes,0.28,Medium,Active - Healthy
CUST-SAAS-00391,Nexus Logistics B,Healthcare & BioTech,5000+ Enterprise,Switzerland,Professional,Monthly Flexible,3169.45,38033.4,12,51,7,4.1,236,99.7,6,0,10.6,144.8,Core Functional,0,Yes,0.34,Medium,Active - Healthy
CUST-SAAS-00392,Vertex Global C,Media & Entertainment,10-50 Employees,Netherlands,Startup Tier,Quarterly Invoiced,2826.36,33916.32,12,53,10,4.0,10,88.2,3,1,6.7,99.8,Full API Mesh & Automation,2,Yes,0.14,Low,Active - Healthy
CUST-SAAS-00393,Quantum Digital D,Logistics & Supply Chain,1000-5000 Employees,Australia,Startup Tier,Annual Pre-Paid,1466.07,17592.84,12,9,8,4.9,69,82.6,1,0,5.0,132.4,Full API Mesh & Automation,6,Yes,0.03,Low,Active - Healthy
CUST-SAAS-00394,Hyperion Enterprises E,Logistics & Supply Chain,51-200 Employees,Switzerland,Enterprise Plus,Quarterly Invoiced,16416.53,196998.36,36,38,8,4.0,379,94.9,1,1,5.4,77.4,Core Functional,7,Yes,0.28,Medium,Active - Healthy
CUST-SAAS-00395,Aegis Networks F,Telecom & 5G,10-50 Employees,United States,Custom Strategic,Quarterly Invoiced,32408.85,388906.2,36,57,10,4.6,2676,87.3,3,0,2.8,62.6,Full API Mesh & Automation,1,Yes,0.2,Low,Active - Healthy
CUST-SAAS-00396,Cobalt Software G,Manufacturing & Robotics,1000-5000 Employees,Australia,Professional,Quarterly Invoiced,8611.56,103338.72,24,14,9,4.4,197,96.1,7,0,3.4,64.5,Basic Exploratory,0,Yes,0.24,Low,Active - Healthy
CUST-SAAS-00397,Starlight Capital H,Media & Entertainment,201-1000 Employees,Canada,Startup Tier,Multi-Year 3-Yr Strategic,1715.66,20587.92,12,8,10,5.0,72,81.1,3,0,4.0,50.1,Core Functional,1,Yes,0.22,Low,Active - Healthy
CUST-SAAS-00398,Titan Labs I,FinTech & Banking,201-1000 Employees,Switzerland,Custom Strategic,Multi-Year 3-Yr Strategic,61091.97,733103.64,48,51,8,4.2,6428,94.4,5,0,8.7,52.2,Deep Advanced,4,Yes,0.36,Medium,In Renewal Discussion
CUST-SAAS-00399,Lumina Cloud J,Logistics & Supply Chain,5000+ Enterprise,United Kingdom,Startup Tier,Multi-Year 3-Yr Strategic,2140.47,25685.64,12,38,8,4.3,61,78.4,5,0,3.9,176.4,Full API Mesh & Automation,2,Yes,0.1,Low,Active - Healthy
CUST-SAAS-00400,Omni Technologies K,Professional Services & Legal,1000-5000 Employees,France,Custom Strategic,Quarterly Invoiced,88396.58,1060758.96,24,37,10,4.4,2501,93.1,0,0,11.6,138.5,Basic Exploratory,7,Yes,0.3,Medium,Active - Healthy
CUST-SAAS-00401,Solaris Group L,Logistics & Supply Chain,201-1000 Employees,Japan,Startup Tier,Multi-Year 3-Yr Strategic,2406.36,28876.32,12,20,8,4.3,37,83.8,8,1,2.3,138.1,Core Functional,7,Yes,0.33,Medium,Active - Healthy
CUST-SAAS-00402,Prism Biomedical M,Logistics & Supply Chain,51-200 Employees,United States,Enterprise Plus,Annual Pre-Paid,22928.38,275140.56,12,38,9,4.5,929,80.0,5,1,3.5,127.6,Full API Mesh & Automation,3,Yes,0.06,Low,Active - Healthy
CUST-SAAS-00403,Vanguard Solutions N,Logistics & Supply Chain,10-50 Employees,France,Enterprise Plus,Quarterly Invoiced,9314.88,111778.56,36,15,9,4.3,707,96.5,1,0,9.0,47.1,Full API Mesh & Automation,2,Yes,0.3,Medium,Active - Healthy
CUST-SAAS-00404,Horizon Robotics O,Manufacturing & Robotics,5000+ Enterprise,Japan,Enterprise Plus,Quarterly Invoiced,24988.38,299860.56,12,59,7,4.9,384,80.4,1,0,10.7,128.0,Core Functional,1,Yes,0.08,Low,Active - Healthy
CUST-SAAS-00405,Strata Security P,Telecom & 5G,1000-5000 Employees,Singapore,Professional,Quarterly Invoiced,8177.73,98132.76,12,6,10,4.0,91,96.8,3,0,5.4,52.2,Deep Advanced,1,Yes,0.32,Medium,Active - Healthy
CUST-SAAS-00406,Aero Dynamics Q,Professional Services & Legal,51-200 Employees,Canada,Professional,Quarterly Invoiced,8409.1,100909.2,24,19,8,4.0,205,94.8,2,1,10.2,91.1,Core Functional,4,Yes,0.24,Low,Active - Healthy
CUST-SAAS-00407,Pulse Analytics R,E-Commerce & Retail,51-200 Employees,Netherlands,Enterprise Plus,Annual Pre-Paid,18313.64,219763.68,12,16,8,4.3,1060,95.8,6,1,11.1,153.2,Basic Exploratory,5,Yes,0.11,Low,Active - Healthy
CUST-SAAS-00408,Terra Industries S,Professional Services & Legal,10-50 Employees,Canada,Startup Tier,Multi-Year 3-Yr Strategic,3023.21,36278.52,12,55,7,4.4,77,90.8,5,0,3.5,63.0,Core Functional,4,Yes,0.29,Medium,Active - Healthy
CUST-SAAS-00409,Cygnus Systems T,FinTech & Banking,51-200 Employees,Germany,Enterprise Plus,Annual Pre-Paid,18264.49,219173.88,24,25,9,4.4,287,79.8,1,0,11.5,90.3,Full API Mesh & Automation,1,Yes,0.26,Medium,Active - Healthy
CUST-SAAS-00410,Novus Ventures U,Media & Entertainment,201-1000 Employees,United States,Professional,Quarterly Invoiced,9373.41,112480.92,12,58,9,4.6,208,88.7,7,0,2.5,95.4,Deep Advanced,7,Yes,0.22,Low,Active - Healthy
CUST-SAAS-00411,Polaris Logistics V,E-Commerce & Retail,201-1000 Employees,Netherlands,Professional,Multi-Year 3-Yr Strategic,3556.69,42680.28,12,42,9,4.5,92,92.3,4,0,1.6,56.4,Core Functional,5,Yes,0.16,Low,Active - Healthy
CUST-SAAS-00412,Echo Global W,Government & Public Sector,10-50 Employees,Taiwan,Professional,Monthly Flexible,5089.41,61072.92,12,54,6,1.3,101,48.2,22,3,66.7,5.5,Full API Mesh & Automation,78,No,0.78,High,Churned
CUST-SAAS-00413,Synthetix Digital X,Telecom & 5G,5000+ Enterprise,Taiwan,Startup Tier,Multi-Year 3-Yr Strategic,1912.04,22944.48,12,16,10,4.9,25,98.9,5,1,11.5,168.3,Basic Exploratory,4,Yes,0.27,Medium,Active - Healthy
CUST-SAAS-00414,Vector Enterprises Y,Telecom & 5G,51-200 Employees,Germany,Startup Tier,Annual Pre-Paid,2941.83,35301.96,12,13,3,3.1,22,54.3,14,1,41.2,21.1,Deep Advanced,82,No,0.7,High,Active - At Risk
CUST-SAAS-00415,Zion Networks Z,FinTech & Banking,51-200 Employees,Germany,Enterprise Plus,Monthly Flexible,12308.95,147707.4,24,54,2,3.4,1126,42.7,13,1,71.8,9.2,Full API Mesh & Automation,46,No,0.78,High,Active - At Risk
CUST-SAAS-00416,Aura Software A,Logistics & Supply Chain,1000-5000 Employees,United States,Enterprise Plus,Multi-Year 3-Yr Strategic,20762.51,249150.12,36,42,10,4.6,555,87.2,6,0,11.1,85.8,Basic Exploratory,7,Yes,0.07,Low,Active - Healthy
CUST-SAAS-00417,Boreal Capital B,Logistics & Supply Chain,201-1000 Employees,Germany,Enterprise Plus,Annual Pre-Paid,9388.82,112665.84,12,57,7,4.0,223,83.6,7,1,3.0,152.8,Deep Advanced,2,Yes,0.09,Low,Active - Healthy
CUST-SAAS-00418,Crest Labs C,Manufacturing & Robotics,10-50 Employees,Canada,Professional,Multi-Year 3-Yr Strategic,6155.07,73860.84,24,38,8,4.2,159,97.7,1,0,3.3,170.3,Core Functional,3,Yes,0.25,Medium,Active - Healthy
CUST-SAAS-00419,Dynasty Cloud D,Logistics & Supply Chain,5000+ Enterprise,Switzerland,Custom Strategic,Annual Pre-Paid,58467.28,701607.36,48,18,2,2.0,825,27.3,22,2,27.8,16.1,Core Functional,61,No,0.65,High,Churned
CUST-SAAS-00420,Apex Technologies E,Professional Services & Legal,10-50 Employees,Switzerland,Professional,Quarterly Invoiced,4621.4,55456.8,24,23,4,3.4,69,50.6,28,1,47.8,10.6,Full API Mesh & Automation,85,No,0.73,High,Under Review
CUST-SAAS-00421,Nexus Group F,SaaS & Enterprise Cloud,201-1000 Employees,Australia,Custom Strategic,Monthly Flexible,74304.46,891653.52,36,50,5,3.3,1526,49.4,33,3,67.8,10.2,Core Functional,46,No,0.72,High,Active - At Risk
CUST-SAAS-00422,Vertex Biomedical G,Telecom & 5G,5000+ Enterprise,Singapore,Enterprise Plus,Annual Pre-Paid,12726.75,152721.0,12,48,7,4.4,220,98.0,1,0,3.7,138.0,Basic Exploratory,1,Yes,0.27,Medium,Active - Healthy
CUST-SAAS-00423,Quantum Solutions H,FinTech & Banking,5000+ Enterprise,Canada,Custom Strategic,Quarterly Invoiced,48983.74,587804.88,48,56,10,4.2,2387,81.3,5,0,1.6,160.2,Full API Mesh & Automation,0,Yes,0.2,Low,Active - Healthy
CUST-SAAS-00424,Hyperion Robotics I,E-Commerce & Retail,51-200 Employees,Japan,Enterprise Plus,Multi-Year 3-Yr Strategic,16976.37,203716.44,36,54,10,4.9,1147,80.4,0,1,3.6,174.0,Basic Exploratory,2,Yes,0.32,Medium,Active - Healthy
CUST-SAAS-00425,Aegis Security J,E-Commerce & Retail,5000+ Enterprise,United Kingdom,Custom Strategic,Annual Pre-Paid,87079.01,1044948.12,48,42,8,4.4,5596,96.9,4,0,9.3,160.0,Basic Exploratory,5,Yes,0.36,Medium,In Renewal Discussion
CUST-SAAS-00426,Cobalt Dynamics K,Healthcare & BioTech,51-200 Employees,Australia,Enterprise Plus,Monthly Flexible,13639.2,163670.4,24,5,5,3.1,595,41.6,14,2,71.5,4.4,Basic Exploratory,16,No,0.68,High,Active - At Risk
CUST-SAAS-00427,Starlight Analytics L,Media & Entertainment,201-1000 Employees,Netherlands,Enterprise Plus,Annual Pre-Paid,9508.27,114099.24,36,33,8,4.7,345,97.9,4,0,5.4,57.5,Core Functional,0,Yes,0.07,Low,Active - Healthy
CUST-SAAS-00428,Titan Industries M,Manufacturing & Robotics,10-50 Employees,Taiwan,Startup Tier,Annual Pre-Paid,1874.57,22494.84,12,34,10,4.1,27,79.6,8,0,6.2,152.0,Full API Mesh & Automation,3,Yes,0.04,Low,Active - Healthy
CUST-SAAS-00429,Lumina Systems N,FinTech & Banking,51-200 Employees,Switzerland,Professional,Annual Pre-Paid,4820.68,57848.16,24,17,2,1.9,293,34.7,12,1,26.1,10.3,Basic Exploratory,19,No,0.76,High,Active - At Risk
CUST-SAAS-00430,Omni Ventures O,Professional Services & Legal,201-1000 Employees,United Kingdom,Professional,Annual Pre-Paid,4523.68,54284.16,24,48,9,4.1,210,92.0,7,0,12.0,137.4,Deep Advanced,2,Yes,0.23,Low,Active - Healthy
CUST-SAAS-00431,Solaris Logistics P,Media & Entertainment,1000-5000 Employees,Germany,Startup Tier,Monthly Flexible,1706.65,20479.8,12,46,10,4.7,19,96.6,7,0,6.5,104.1,Full API Mesh & Automation,5,Yes,0.1,Low,Active - Healthy
CUST-SAAS-00432,Prism Global Q,Logistics & Supply Chain,10-50 Employees,Germany,Professional,Annual Pre-Paid,6464.7,77576.4,12,42,8,4.0,273,83.0,8,0,1.9,93.8,Full API Mesh & Automation,4,Yes,0.29,Medium,Active - Healthy
CUST-SAAS-00433,Vanguard Digital R,Energy & CleanTech,10-50 Employees,Switzerland,Custom Strategic,Multi-Year 3-Yr Strategic,44638.45,535661.4,48,58,10,5.0,5050,83.7,6,0,9.1,50.4,Deep Advanced,1,Yes,0.19,Low,Active - Healthy
CUST-SAAS-00434,Horizon Enterprises S,Energy & CleanTech,201-1000 Employees,Netherlands,Professional,Annual Pre-Paid,7987.0,95844.0,24,43,8,4.0,162,86.2,4,0,7.8,148.6,Deep Advanced,2,Yes,0.26,Medium,Active - Healthy
CUST-SAAS-00435,Strata Networks T,Manufacturing & Robotics,10-50 Employees,Canada,Professional,Quarterly Invoiced,8508.36,102100.32,24,9,10,5.0,44,79.6,1,0,3.6,120.5,Deep Advanced,4,Yes,0.27,Medium,Active - Healthy
CUST-SAAS-00436,Aero Software U,Telecom & 5G,201-1000 Employees,Singapore,Professional,Quarterly Invoiced,4735.37,56824.44,12,49,10,4.5,270,91.1,8,1,7.1,153.3,Core Functional,2,Yes,0.34,Medium,Active - Healthy
CUST-SAAS-00437,Pulse Capital V,Healthcare & BioTech,10-50 Employees,United States,Custom Strategic,Multi-Year 3-Yr Strategic,72539.54,870474.48,24,2,9,4.5,2771,92.2,1,1,9.7,84.8,Full API Mesh & Automation,1,Yes,0.15,Low,Active - Healthy
CUST-SAAS-00438,Terra Labs W,Energy & CleanTech,10-50 Employees,Taiwan,Startup Tier,Annual Pre-Paid,3086.15,37033.8,12,36,10,4.1,49,94.2,6,0,4.4,174.6,Full API Mesh & Automation,2,Yes,0.13,Low,Active - Healthy
CUST-SAAS-00439,Cygnus Cloud X,FinTech & Banking,201-1000 Employees,Netherlands,Custom Strategic,Monthly Flexible,30751.5,369018.0,24,33,7,4.2,1462,80.6,2,0,9.7,138.5,Full API Mesh & Automation,4,Yes,0.29,Medium,Active - Healthy
CUST-SAAS-00440,Novus Technologies Y,SaaS & Enterprise Cloud,51-200 Employees,Taiwan,Custom Strategic,Monthly Flexible,79087.45,949049.4,48,56,9,4.6,5526,87.8,0,0,8.2,52.7,Full API Mesh & Automation,3,Yes,0.06,Low,Active - Healthy
CUST-SAAS-00441,Polaris Group Z,Logistics & Supply Chain,5000+ Enterprise,Netherlands,Professional,Quarterly Invoiced,5625.63,67507.56,12,30,5,1.5,185,33.2,29,2,26.8,13.8,Full API Mesh & Automation,50,No,0.91,Critical,Under Review
CUST-SAAS-00442,Echo Biomedical A,Telecom & 5G,10-50 Employees,France,Startup Tier,Multi-Year 3-Yr Strategic,1912.92,22955.04,12,58,7,4.0,20,83.9,4,0,9.5,81.6,Full API Mesh & Automation,2,Yes,0.16,Low,Active - Healthy
CUST-SAAS-00443,Synthetix Solutions B,Manufacturing & Robotics,10-50 Employees,Singapore,Professional,Monthly Flexible,3897.47,46769.64,12,14,3,1.8,119,25.9,28,1,29.5,21.2,Core Functional,17,No,0.62,High,Active - At Risk
CUST-SAAS-00444,Vector Robotics C,Media & Entertainment,5000+ Enterprise,Japan,Startup Tier,Annual Pre-Paid,1665.15,19981.8,12,12,6,1.9,26,37.1,13,4,61.6,12.1,Core Functional,45,No,0.69,High,Under Review
CUST-SAAS-00445,Zion Security D,Telecom & 5G,1000-5000 Employees,United Kingdom,Startup Tier,Monthly Flexible,1060.8,12729.6,12,43,9,4.3,50,82.9,2,0,8.9,117.1,Deep Advanced,5,Yes,0.18,Low,Active - Healthy
CUST-SAAS-00446,Aura Dynamics E,Energy & CleanTech,51-200 Employees,Canada,Professional,Quarterly Invoiced,3390.17,40682.04,12,55,9,5.0,178,89.8,2,0,2.9,91.9,Basic Exploratory,5,Yes,0.32,Medium,Active - Healthy
CUST-SAAS-00447,Boreal Analytics F,SaaS & Enterprise Cloud,201-1000 Employees,Switzerland,Professional,Annual Pre-Paid,5184.41,62212.92,24,3,7,4.6,201,97.8,7,0,5.3,151.4,Deep Advanced,4,Yes,0.15,Low,Active - Healthy
CUST-SAAS-00448,Crest Industries G,Logistics & Supply Chain,1000-5000 Employees,Australia,Custom Strategic,Quarterly Invoiced,44969.2,539630.4,36,25,8,4.0,5132,89.2,6,0,2.1,103.7,Core Functional,6,Yes,0.33,Medium,Active - Healthy
CUST-SAAS-00449,Dynasty Systems H,Media & Entertainment,201-1000 Employees,France,Custom Strategic,Multi-Year 3-Yr Strategic,92219.74,1106636.88,48,24,8,4.5,4247,91.3,3,0,10.1,120.9,Basic Exploratory,4,Yes,0.16,Low,Active - Healthy
CUST-SAAS-00450,Apex Ventures I,E-Commerce & Retail,10-50 Employees,United States,Enterprise Plus,Annual Pre-Paid,17887.98,214655.76,24,52,8,4.6,668,78.5,0,0,6.1,122.4,Deep Advanced,3,Yes,0.25,Medium,Active - Healthy
CUST-SAAS-00451,Nexus Logistics J,Logistics & Supply Chain,10-50 Employees,Australia,Professional,Monthly Flexible,9189.29,110271.48,24,46,8,4.1,93,93.7,6,0,3.8,95.2,Deep Advanced,3,Yes,0.37,Medium,In Renewal Discussion
CUST-SAAS-00452,Vertex Global K,SaaS & Enterprise Cloud,5000+ Enterprise,France,Enterprise Plus,Quarterly Invoiced,26818.79,321825.48,24,10,8,4.4,882,83.4,7,0,4.3,100.9,Deep Advanced,4,Yes,0.31,Medium,Active - Healthy
CUST-SAAS-00453,Quantum Digital L,Government & Public Sector,201-1000 Employees,Australia,Startup Tier,Multi-Year 3-Yr Strategic,1876.7,22520.4,12,47,6,3.1,34,29.8,29,2,45.1,4.4,Core Functional,43,Yes,0.87,Critical,Active - At Risk
CUST-SAAS-00454,Hyperion Enterprises M,SaaS & Enterprise Cloud,5000+ Enterprise,Japan,Custom Strategic,Multi-Year 3-Yr Strategic,58305.79,699669.48,24,27,9,4.7,4281,91.6,4,1,4.4,169.6,Core Functional,5,Yes,0.06,Low,Active - Healthy
CUST-SAAS-00455,Aegis Networks N,Energy & CleanTech,1000-5000 Employees,Japan,Startup Tier,Annual Pre-Paid,3115.58,37386.96,12,1,8,4.5,54,89.7,2,0,9.6,84.4,Core Functional,5,Yes,0.08,Low,Active - Healthy
CUST-SAAS-00456,Cobalt Software O,Logistics & Supply Chain,1000-5000 Employees,Australia,Custom Strategic,Quarterly Invoiced,37779.23,453350.76,48,21,8,4.9,2221,92.9,3,0,11.9,106.7,Core Functional,2,Yes,0.21,Low,Active - Healthy
CUST-SAAS-00457,Starlight Capital P,Government & Public Sector,1000-5000 Employees,Netherlands,Professional,Annual Pre-Paid,8361.67,100340.04,24,3,4,1.2,101,48.0,22,2,27.3,6.5,Deep Advanced,46,No,0.76,High,Churned
CUST-SAAS-00458,Titan Labs Q,SaaS & Enterprise Cloud,1000-5000 Employees,United Kingdom,Enterprise Plus,Quarterly Invoiced,18051.65,216619.8,12,23,5,2.4,203,45.5,14,1,50.7,7.1,Full API Mesh & Automation,60,Yes,0.92,Critical,Churned
CUST-SAAS-00459,Lumina Cloud R,SaaS & Enterprise Cloud,10-50 Employees,Germany,Custom Strategic,Multi-Year 3-Yr Strategic,87236.18,1046834.16,36,48,9,4.1,1201,90.2,2,0,6.3,168.2,Basic Exploratory,5,Yes,0.32,Medium,Active - Healthy
CUST-SAAS-00460,Omni Technologies S,Energy & CleanTech,51-200 Employees,Canada,Startup Tier,Annual Pre-Paid,2257.99,27095.88,12,10,5,2.6,70,52.9,23,1,65.8,23.7,Core Functional,29,No,0.97,Critical,Under Review
CUST-SAAS-00461,Solaris Group T,SaaS & Enterprise Cloud,5000+ Enterprise,Switzerland,Enterprise Plus,Monthly Flexible,23676.09,284113.08,12,14,3,3.0,630,36.9,32,5,48.8,12.7,Core Functional,58,Yes,0.9,Critical,Active - At Risk
CUST-SAAS-00462,Prism Biomedical U,E-Commerce & Retail,51-200 Employees,United States,Startup Tier,Monthly Flexible,2872.94,34475.28,12,5,7,4.2,46,87.8,4,0,3.8,48.2,Full API Mesh & Automation,7,Yes,0.22,Low,Active - Healthy
CUST-SAAS-00463,Vanguard Solutions V,Professional Services & Legal,201-1000 Employees,France,Custom Strategic,Quarterly Invoiced,48847.26,586167.12,48,1,7,4.3,3269,84.8,0,0,10.2,104.1,Full API Mesh & Automation,3,Yes,0.24,Low,Active - Healthy
CUST-SAAS-00464,Horizon Robotics W,E-Commerce & Retail,1000-5000 Employees,Germany,Custom Strategic,Quarterly Invoiced,32306.88,387682.56,24,50,7,4.3,2859,92.0,3,0,4.3,134.4,Full API Mesh & Automation,0,Yes,0.27,Medium,Active - Healthy
CUST-SAAS-00465,Strata Security X,E-Commerce & Retail,10-50 Employees,Australia,Custom Strategic,Quarterly Invoiced,71367.93,856415.16,36,56,5,3.2,5454,57.0,11,4,61.6,23.2,Deep Advanced,62,No,0.78,High,Churned
CUST-SAAS-00466,Aero Dynamics Y,Energy & CleanTech,201-1000 Employees,Australia,Enterprise Plus,Annual Pre-Paid,27196.99,326363.88,12,26,10,4.5,261,90.6,2,1,4.5,57.4,Full API Mesh & Automation,7,Yes,0.26,Medium,Active - Healthy
CUST-SAAS-00467,Pulse Analytics Z,Energy & CleanTech,5000+ Enterprise,Singapore,Professional,Monthly Flexible,6072.61,72871.32,12,18,7,4.4,121,98.2,4,0,8.5,115.4,Core Functional,2,Yes,0.11,Low,Active - Healthy
CUST-SAAS-00468,Terra Industries A,Logistics & Supply Chain,5000+ Enterprise,United States,Enterprise Plus,Monthly Flexible,9052.12,108625.44,12,41,10,4.3,1138,99.6,8,0,5.4,151.2,Core Functional,2,Yes,0.34,Medium,Active - Healthy
CUST-SAAS-00469,Cygnus Systems B,FinTech & Banking,51-200 Employees,Switzerland,Professional,Monthly Flexible,9193.39,110320.68,24,8,4,3.2,294,36.3,13,1,31.4,7.7,Basic Exploratory,17,No,0.86,Critical,Under Review
CUST-SAAS-00470,Novus Ventures C,Telecom & 5G,51-200 Employees,Germany,Enterprise Plus,Multi-Year 3-Yr Strategic,15467.97,185615.64,24,2,5,2.9,929,32.0,35,1,66.0,9.7,Core Functional,76,No,0.86,Critical,Active - At Risk
CUST-SAAS-00471,Polaris Logistics D,FinTech & Banking,51-200 Employees,Taiwan,Startup Tier,Multi-Year 3-Yr Strategic,2772.35,33268.2,12,22,8,4.6,61,96.6,5,0,11.3,81.0,Basic Exploratory,7,Yes,0.31,Medium,Active - Healthy
CUST-SAAS-00472,Echo Global E,Logistics & Supply Chain,10-50 Employees,Canada,Startup Tier,Annual Pre-Paid,1996.93,23963.16,12,7,8,4.2,58,93.2,7,0,2.0,82.5,Deep Advanced,1,Yes,0.26,Medium,Active - Healthy
CUST-SAAS-00473,Synthetix Digital F,Manufacturing & Robotics,51-200 Employees,Canada,Custom Strategic,Annual Pre-Paid,71222.23,854666.76,48,16,10,4.4,3625,95.8,1,1,10.9,140.6,Deep Advanced,4,Yes,0.29,Medium,Active - Healthy
CUST-SAAS-00474,Vector Enterprises G,Telecom & 5G,5000+ Enterprise,Canada,Custom Strategic,Annual Pre-Paid,61646.61,739759.32,36,47,7,4.3,4917,77.7,7,0,10.8,129.7,Full API Mesh & Automation,4,Yes,0.28,Medium,Active - Healthy
CUST-SAAS-00475,Zion Networks H,E-Commerce & Retail,1000-5000 Employees,Japan,Enterprise Plus,Multi-Year 3-Yr Strategic,10561.0,126732.0,12,14,8,4.1,429,91.5,0,0,8.8,61.6,Deep Advanced,2,Yes,0.02,Low,Active - Healthy
CUST-SAAS-00476,Aura Software I,Energy & CleanTech,201-1000 Employees,Singapore,Custom Strategic,Monthly Flexible,89656.28,1075875.36,36,24,9,4.1,1082,85.4,7,0,5.5,46.0,Core Functional,5,Yes,0.23,Low,Active - Healthy
CUST-SAAS-00477,Boreal Capital J,Government & Public Sector,10-50 Employees,United Kingdom,Custom Strategic,Quarterly Invoiced,50940.82,611289.84,48,32,10,4.8,3782,85.0,6,1,10.1,142.1,Full API Mesh & Automation,6,Yes,0.11,Low,Active - Healthy
CUST-SAAS-00478,Crest Labs K,FinTech & Banking,5000+ Enterprise,Singapore,Professional,Annual Pre-Paid,6250.87,75010.44,24,38,9,4.9,111,88.2,2,0,5.3,83.8,Full API Mesh & Automation,7,Yes,0.23,Low,Active - Healthy
CUST-SAAS-00479,Dynasty Cloud L,E-Commerce & Retail,1000-5000 Employees,Singapore,Enterprise Plus,Quarterly Invoiced,11693.12,140317.44,12,5,9,4.7,1032,94.6,6,1,3.3,156.6,Full API Mesh & Automation,7,Yes,0.1,Low,Active - Healthy
CUST-SAAS-00480,Apex Technologies M,Professional Services & Legal,201-1000 Employees,United States,Startup Tier,Monthly Flexible,2720.98,32651.76,12,20,10,4.2,27,76.4,0,0,9.9,56.8,Core Functional,3,Yes,0.05,Low,Active - Healthy
CUST-SAAS-00481,Nexus Group N,Government & Public Sector,51-200 Employees,Japan,Startup Tier,Annual Pre-Paid,1060.39,12724.68,12,52,9,4.7,24,83.0,6,0,6.8,88.7,Deep Advanced,7,Yes,0.07,Low,Active - Healthy
CUST-SAAS-00482,Vertex Biomedical O,Telecom & 5G,51-200 Employees,Netherlands,Custom Strategic,Annual Pre-Paid,49052.2,588626.4,36,27,9,4.3,2079,91.3,8,0,2.3,106.2,Basic Exploratory,3,Yes,0.18,Low,Active - Healthy
CUST-SAAS-00483,Quantum Solutions P,Professional Services & Legal,51-200 Employees,Singapore,Enterprise Plus,Monthly Flexible,27149.57,325794.84,36,57,8,4.8,1034,91.6,8,0,7.5,140.9,Core Functional,6,Yes,0.04,Low,Active - Healthy
CUST-SAAS-00484,Hyperion Robotics Q,Telecom & 5G,1000-5000 Employees,United States,Startup Tier,Annual Pre-Paid,2659.79,31917.48,12,9,10,4.9,65,84.8,4,0,5.9,173.1,Deep Advanced,3,Yes,0.34,Medium,Active - Healthy
CUST-SAAS-00485,Aegis Security R,E-Commerce & Retail,1000-5000 Employees,France,Enterprise Plus,Annual Pre-Paid,18219.68,218636.16,36,13,7,4.1,1087,95.3,0,0,11.9,155.3,Basic Exploratory,7,Yes,0.24,Low,Active - Healthy
CUST-SAAS-00486,Cobalt Dynamics S,Professional Services & Legal,5000+ Enterprise,Singapore,Professional,Annual Pre-Paid,4221.17,50654.04,24,7,7,4.8,121,93.3,5,0,7.5,130.6,Deep Advanced,5,Yes,0.16,Low,Active - Healthy
CUST-SAAS-00487,Starlight Analytics T,Manufacturing & Robotics,1000-5000 Employees,Germany,Professional,Annual Pre-Paid,3610.03,43320.36,24,27,2,2.5,257,37.6,29,3,25.8,5.6,Deep Advanced,38,No,0.74,High,Active - At Risk
CUST-SAAS-00488,Titan Industries U,FinTech & Banking,51-200 Employees,United States,Custom Strategic,Quarterly Invoiced,46935.85,563230.2,48,54,9,4.9,4817,76.2,0,0,4.5,85.2,Basic Exploratory,5,Yes,0.12,Low,Active - Healthy
CUST-SAAS-00489,Lumina Systems V,Government & Public Sector,51-200 Employees,Japan,Professional,Annual Pre-Paid,8557.3,102687.6,24,9,7,4.3,52,77.4,3,0,11.0,46.6,Core Functional,7,Yes,0.22,Low,Active - Healthy
CUST-SAAS-00490,Omni Ventures W,Professional Services & Legal,201-1000 Employees,Japan,Professional,Monthly Flexible,6085.65,73027.8,12,28,9,4.4,290,83.4,1,0,6.2,109.2,Basic Exploratory,3,Yes,0.13,Low,Active - Healthy
CUST-SAAS-00491,Solaris Logistics X,Manufacturing & Robotics,1000-5000 Employees,United Kingdom,Professional,Monthly Flexible,5640.86,67690.32,12,58,8,4.8,213,99.0,2,0,3.4,140.6,Basic Exploratory,2,Yes,0.14,Low,Active - Healthy
CUST-SAAS-00492,Prism Global Y,SaaS & Enterprise Cloud,201-1000 Employees,Japan,Professional,Annual Pre-Paid,5838.32,70059.84,24,33,3,3.0,209,44.9,23,2,34.3,22.3,Core Functional,22,No,0.84,Critical,Active - At Risk
CUST-SAAS-00493,Vanguard Digital Z,Logistics & Supply Chain,10-50 Employees,Netherlands,Startup Tier,Multi-Year 3-Yr Strategic,3167.35,38008.2,12,39,9,4.3,54,85.5,1,1,9.9,56.4,Core Functional,1,Yes,0.26,Medium,Active - Healthy
CUST-SAAS-00494,Horizon Enterprises A,FinTech & Banking,1000-5000 Employees,Switzerland,Enterprise Plus,Annual Pre-Paid,9871.3,118455.6,36,54,10,4.3,715,93.7,3,0,4.5,73.4,Full API Mesh & Automation,2,Yes,0.22,Low,Active - Healthy
CUST-SAAS-00495,Strata Networks B,Government & Public Sector,10-50 Employees,Taiwan,Professional,Multi-Year 3-Yr Strategic,7485.12,89821.44,12,30,8,4.9,68,87.7,7,0,6.8,88.1,Full API Mesh & Automation,7,Yes,0.32,Medium,Active - Healthy
CUST-SAAS-00496,Aero Software C,Energy & CleanTech,201-1000 Employees,Switzerland,Custom Strategic,Annual Pre-Paid,28946.47,347357.64,24,35,8,4.0,2043,90.9,0,0,10.9,134.9,Full API Mesh & Automation,3,Yes,0.07,Low,Active - Healthy
CUST-SAAS-00497,Pulse Capital D,Professional Services & Legal,1000-5000 Employees,Australia,Enterprise Plus,Quarterly Invoiced,16647.26,199767.12,36,8,9,5.0,996,80.5,0,0,4.4,101.9,Full API Mesh & Automation,3,Yes,0.28,Medium,Active - Healthy
CUST-SAAS-00498,Terra Labs E,Telecom & 5G,1000-5000 Employees,France,Enterprise Plus,Annual Pre-Paid,15349.51,184194.12,36,48,1,2.2,991,42.0,23,2,39.1,24.7,Full API Mesh & Automation,22,No,0.66,High,Churned
CUST-SAAS-00499,Cygnus Cloud F,Government & Public Sector,1000-5000 Employees,Singapore,Enterprise Plus,Monthly Flexible,15216.97,182603.64,24,3,8,4.7,175,93.4,7,0,3.1,121.9,Core Functional,6,Yes,0.21,Low,Active - Healthy
CUST-SAAS-00500,Novus Technologies G,Healthcare & BioTech,10-50 Employees,Netherlands,Professional,Multi-Year 3-Yr Strategic,9309.95,111719.4,12,6,9,4.4,206,87.1,5,0,3.6,131.6,Deep Advanced,3,Yes,0.17,Low,Active - Healthy
CUST-SAAS-00501,Polaris Group H,Healthcare & BioTech,201-1000 Employees,Germany,Custom Strategic,Quarterly Invoiced,39980.26,479763.12,24,55,7,4.2,5569,90.5,7,0,7.7,64.3,Core Functional,0,Yes,0.09,Low,Active - Healthy
CUST-SAAS-00502,Echo Biomedical I,Manufacturing & Robotics,51-200 Employees,Netherlands,Professional,Multi-Year 3-Yr Strategic,6947.81,83373.72,24,6,9,4.6,56,80.0,2,0,1.8,153.7,Full API Mesh & Automation,5,Yes,0.04,Low,Active - Healthy
CUST-SAAS-00503,Synthetix Solutions J,Energy & CleanTech,51-200 Employees,Switzerland,Enterprise Plus,Monthly Flexible,16654.61,199855.32,36,4,10,4.5,199,92.2,4,0,6.0,97.9,Basic Exploratory,4,Yes,0.1,Low,Active - Healthy
CUST-SAAS-00504,Vector Robotics K,Professional Services & Legal,5000+ Enterprise,Switzerland,Enterprise Plus,Multi-Year 3-Yr Strategic,18842.77,226113.24,36,57,9,4.9,475,79.1,0,0,5.0,69.4,Core Functional,6,Yes,0.19,Low,Active - Healthy
CUST-SAAS-00505,Zion Security L,Media & Entertainment,1000-5000 Employees,Netherlands,Professional,Multi-Year 3-Yr Strategic,8246.76,98961.12,12,29,8,4.5,207,86.8,4,0,10.8,169.4,Deep Advanced,2,Yes,0.04,Low,Active - Healthy
CUST-SAAS-00506,Aura Dynamics M,Logistics & Supply Chain,51-200 Employees,Japan,Professional,Quarterly Invoiced,7147.22,85766.64,24,26,3,1.4,253,37.5,17,5,59.0,10.9,Full API Mesh & Automation,83,Yes,0.8,Critical,Active - At Risk
CUST-SAAS-00507,Boreal Analytics N,Energy & CleanTech,5000+ Enterprise,Australia,Professional,Quarterly Invoiced,9317.11,111805.32,24,49,9,4.1,49,91.7,6,0,4.9,153.0,Core Functional,3,Yes,0.12,Low,Active - Healthy
CUST-SAAS-00508,Crest Industries O,Professional Services & Legal,51-200 Employees,United Kingdom,Professional,Annual Pre-Paid,3788.48,45461.76,12,31,7,4.8,177,90.8,3,0,6.7,175.9,Basic Exploratory,3,Yes,0.24,Low,Active - Healthy
CUST-SAAS-00509,Dynasty Systems P,Healthcare & BioTech,51-200 Employees,Germany,Startup Tier,Annual Pre-Paid,1725.33,20703.96,12,33,8,4.0,22,98.2,2,0,2.5,65.5,Full API Mesh & Automation,1,Yes,0.11,Low,Active - Healthy
CUST-SAAS-00510,Apex Ventures Q,Professional Services & Legal,51-200 Employees,Switzerland,Startup Tier,Quarterly Invoiced,2643.26,31719.12,12,12,4,1.3,80,52.5,15,1,50.4,23.0,Basic Exploratory,75,No,0.69,High,Under Review
CUST-SAAS-00511,Nexus Logistics R,SaaS & Enterprise Cloud,10-50 Employees,Switzerland,Custom Strategic,Monthly Flexible,69492.27,833907.24,36,45,7,4.7,5212,98.8,1,0,8.2,146.5,Deep Advanced,1,Yes,0.16,Low,Active - Healthy
CUST-SAAS-00512,Vertex Global S,SaaS & Enterprise Cloud,51-200 Employees,Taiwan,Enterprise Plus,Multi-Year 3-Yr Strategic,13886.39,166636.68,12,59,7,4.4,1195,77.8,1,0,9.0,86.1,Basic Exploratory,1,Yes,0.37,Medium,In Renewal Discussion
CUST-SAAS-00513,Quantum Digital T,Energy & CleanTech,1000-5000 Employees,United States,Professional,Monthly Flexible,3914.11,46969.32,12,55,7,4.6,56,82.1,8,0,10.6,171.0,Basic Exploratory,3,Yes,0.28,Medium,Active - Healthy
CUST-SAAS-00514,Hyperion Enterprises U,E-Commerce & Retail,51-200 Employees,Germany,Startup Tier,Monthly Flexible,2398.56,28782.72,12,2,8,4.2,11,79.7,1,0,3.0,144.4,Core Functional,5,Yes,0.18,Low,Active - Healthy
CUST-SAAS-00515,Aegis Networks V,Telecom & 5G,51-200 Employees,Switzerland,Startup Tier,Multi-Year 3-Yr Strategic,1011.82,12141.84,12,7,9,4.7,24,87.4,2,0,11.0,74.0,Basic Exploratory,6,Yes,0.03,Low,Active - Healthy
CUST-SAAS-00516,Cobalt Software W,Media & Entertainment,1000-5000 Employees,France,Startup Tier,Annual Pre-Paid,2727.69,32732.28,12,51,10,4.7,69,96.9,0,0,2.5,70.5,Full API Mesh & Automation,6,Yes,0.29,Medium,Active - Healthy
CUST-SAAS-00517,Starlight Capital X,Logistics & Supply Chain,51-200 Employees,United States,Professional,Multi-Year 3-Yr Strategic,3265.17,39182.04,24,31,9,4.2,82,76.9,0,0,8.6,93.7,Basic Exploratory,3,Yes,0.21,Low,Active - Healthy
CUST-SAAS-00518,Titan Labs Y,FinTech & Banking,201-1000 Employees,United States,Custom Strategic,Quarterly Invoiced,80675.59,968107.08,24,17,8,4.5,4822,87.6,6,1,6.2,76.4,Full API Mesh & Automation,7,Yes,0.18,Low,Active - Healthy
CUST-SAAS-00519,Lumina Cloud Z,FinTech & Banking,10-50 Employees,France,Professional,Annual Pre-Paid,7227.68,86732.16,24,43,7,4.3,179,87.4,8,0,4.9,165.9,Core Functional,1,Yes,0.08,Low,Active - Healthy
CUST-SAAS-00520,Omni Technologies A,Logistics & Supply Chain,5000+ Enterprise,Australia,Professional,Multi-Year 3-Yr Strategic,6565.24,78782.88,12,55,8,4.1,100,81.4,5,0,9.4,53.5,Core Functional,3,Yes,0.17,Low,Active - Healthy
CUST-SAAS-00521,Solaris Group B,Media & Entertainment,5000+ Enterprise,United States,Startup Tier,Annual Pre-Paid,1673.3,20079.6,12,20,3,1.3,32,48.7,29,4,54.6,21.1,Deep Advanced,74,No,0.79,High,Churned
CUST-SAAS-00522,Prism Biomedical C,Energy & CleanTech,201-1000 Employees,Australia,Custom Strategic,Monthly Flexible,91649.0,1099788.0,48,6,3,3.0,5885,56.0,22,5,25.2,16.6,Basic Exploratory,83,No,0.82,Critical,Active - At Risk
CUST-SAAS-00523,Vanguard Solutions D,Healthcare & BioTech,10-50 Employees,Taiwan,Enterprise Plus,Monthly Flexible,18497.1,221965.2,36,30,7,4.6,973,87.1,5,0,7.4,144.6,Basic Exploratory,1,Yes,0.22,Low,Active - Healthy
CUST-SAAS-00524,Horizon Robotics E,Logistics & Supply Chain,1000-5000 Employees,Taiwan,Enterprise Plus,Annual Pre-Paid,26707.74,320492.88,24,49,8,4.9,1105,82.6,3,0,4.1,178.0,Core Functional,3,Yes,0.2,Low,Active - Healthy
CUST-SAAS-00525,Strata Security F,Logistics & Supply Chain,1000-5000 Employees,Switzerland,Professional,Quarterly Invoiced,8603.25,103239.0,12,40,8,4.5,70,79.4,8,0,6.5,76.8,Core Functional,7,Yes,0.19,Low,Active - Healthy
CUST-SAAS-00526,Aero Dynamics G,Government & Public Sector,5000+ Enterprise,Japan,Professional,Quarterly Invoiced,7553.82,90645.84,12,45,7,4.9,123,94.1,3,0,5.7,102.2,Deep Advanced,4,Yes,0.12,Low,Active - Healthy
CUST-SAAS-00527,Pulse Analytics H,Manufacturing & Robotics,51-200 Employees,Switzerland,Custom Strategic,Multi-Year 3-Yr Strategic,65987.53,791850.36,24,47,9,4.1,3114,85.1,3,0,7.3,119.6,Core Functional,7,Yes,0.3,Medium,Active - Healthy
CUST-SAAS-00528,Terra Industries I,Logistics & Supply Chain,51-200 Employees,Singapore,Professional,Multi-Year 3-Yr Strategic,8569.77,102837.24,12,41,1,2.1,239,29.4,14,2,37.0,3.4,Deep Advanced,47,No,0.75,High,Active - At Risk
CUST-SAAS-00529,Cygnus Systems J,Telecom & 5G,51-200 Employees,Canada,Professional,Monthly Flexible,4113.63,49363.56,24,57,3,2.2,133,54.2,17,3,36.8,10.4,Deep Advanced,29,No,0.96,Critical,Active - At Risk
CUST-SAAS-00530,Novus Ventures K,Manufacturing & Robotics,51-200 Employees,United Kingdom,Startup Tier,Annual Pre-Paid,1921.25,23055.0,12,57,9,5.0,43,90.8,5,0,4.5,148.3,Deep Advanced,1,Yes,0.21,Low,Active - Healthy
CUST-SAAS-00531,Polaris Logistics L,E-Commerce & Retail,201-1000 Employees,Canada,Professional,Annual Pre-Paid,8845.0,106140.0,12,40,4,1.8,122,44.4,23,5,32.3,7.8,Core Functional,63,No,0.94,Critical,Churned
CUST-SAAS-00532,Echo Global M,Manufacturing & Robotics,1000-5000 Employees,Japan,Enterprise Plus,Multi-Year 3-Yr Strategic,21384.47,256613.64,36,24,7,4.4,1165,99.5,0,0,4.8,61.1,Core Functional,5,Yes,0.25,Medium,Active - Healthy
CUST-SAAS-00533,Synthetix Digital N,Manufacturing & Robotics,1000-5000 Employees,Netherlands,Professional,Multi-Year 3-Yr Strategic,3316.66,39799.92,24,17,8,5.0,127,97.6,0,0,2.5,78.9,Full API Mesh & Automation,4,Yes,0.11,Low,Active - Healthy
CUST-SAAS-00534,Vector Enterprises O,Energy & CleanTech,1000-5000 Employees,Germany,Enterprise Plus,Multi-Year 3-Yr Strategic,23150.77,277809.24,36,59,10,4.0,295,84.4,6,0,7.7,60.4,Full API Mesh & Automation,0,Yes,0.33,Medium,Active - Healthy
CUST-SAAS-00535,Zion Networks P,SaaS & Enterprise Cloud,1000-5000 Employees,Taiwan,Startup Tier,Multi-Year 3-Yr Strategic,2717.55,32610.6,12,34,7,4.4,18,83.7,0,0,10.4,80.9,Basic Exploratory,1,Yes,0.02,Low,Active - Healthy
CUST-SAAS-00536,Aura Software Q,E-Commerce & Retail,201-1000 Employees,United States,Professional,Multi-Year 3-Yr Strategic,3529.08,42348.96,12,59,7,4.2,40,94.7,7,0,11.2,128.8,Core Functional,6,Yes,0.37,Medium,In Renewal Discussion
CUST-SAAS-00537,Boreal Capital R,Professional Services & Legal,51-200 Employees,United Kingdom,Professional,Annual Pre-Paid,6602.2,79226.4,12,48,9,4.1,175,87.6,0,1,8.0,148.0,Basic Exploratory,7,Yes,0.11,Low,Active - Healthy
CUST-SAAS-00538,Crest Labs S,FinTech & Banking,10-50 Employees,Taiwan,Startup Tier,Quarterly Invoiced,2811.55,33738.6,12,17,10,4.2,27,76.7,7,0,8.9,117.0,Deep Advanced,6,Yes,0.37,Medium,In Renewal Discussion
CUST-SAAS-00539,Dynasty Cloud T,E-Commerce & Retail,5000+ Enterprise,Singapore,Enterprise Plus,Monthly Flexible,27530.43,330365.16,36,45,10,4.7,1113,86.9,8,0,3.9,90.9,Core Functional,7,Yes,0.19,Low,Active - Healthy
CUST-SAAS-00540,Apex Technologies U,Media & Entertainment,1000-5000 Employees,Canada,Startup Tier,Monthly Flexible,1548.52,18582.24,12,3,8,4.6,22,89.2,8,0,1.5,82.9,Deep Advanced,3,Yes,0.37,Medium,In Renewal Discussion
CUST-SAAS-00541,Nexus Group V,Media & Entertainment,10-50 Employees,Germany,Enterprise Plus,Monthly Flexible,20760.47,249125.64,24,46,5,2.1,1021,41.0,19,3,56.5,22.9,Basic Exploratory,64,Yes,0.92,Critical,Active - At Risk
CUST-SAAS-00542,Vertex Biomedical W,FinTech & Banking,10-50 Employees,France,Enterprise Plus,Multi-Year 3-Yr Strategic,16398.98,196787.76,36,25,9,4.9,430,89.6,8,0,9.7,160.4,Deep Advanced,5,Yes,0.04,Low,Active - Healthy
CUST-SAAS-00543,Quantum Solutions X,Government & Public Sector,51-200 Employees,Singapore,Custom Strategic,Quarterly Invoiced,41828.19,501938.28,24,42,10,4.8,2764,94.3,5,0,6.2,165.8,Core Functional,5,Yes,0.14,Low,Active - Healthy
CUST-SAAS-00544,Hyperion Robotics Y,Logistics & Supply Chain,201-1000 Employees,France,Enterprise Plus,Multi-Year 3-Yr Strategic,15274.9,183298.8,12,22,9,4.4,499,96.3,0,0,6.7,88.8,Core Functional,2,Yes,0.33,Medium,Active - Healthy
CUST-SAAS-00545,Aegis Security Z,Government & Public Sector,201-1000 Employees,Netherlands,Custom Strategic,Quarterly Invoiced,86415.92,1036991.04,24,26,7,4.1,5613,76.5,3,0,5.1,50.1,Basic Exploratory,0,Yes,0.11,Low,Active - Healthy
CUST-SAAS-00546,Cobalt Dynamics A,Telecom & 5G,5000+ Enterprise,United Kingdom,Professional,Quarterly Invoiced,3932.76,47193.12,24,57,9,4.1,280,83.3,3,0,7.9,110.1,Full API Mesh & Automation,3,Yes,0.24,Low,Active - Healthy
CUST-SAAS-00547,Starlight Analytics B,Healthcare & BioTech,201-1000 Employees,Germany,Custom Strategic,Multi-Year 3-Yr Strategic,26523.59,318283.08,24,23,4,2.9,4687,42.3,14,3,66.5,3.8,Core Functional,81,No,0.69,High,Active - At Risk
CUST-SAAS-00548,Titan Industries C,Professional Services & Legal,1000-5000 Employees,Singapore,Professional,Multi-Year 3-Yr Strategic,7495.03,89940.36,12,7,7,4.5,186,76.5,6,0,4.1,178.0,Deep Advanced,3,Yes,0.31,Medium,Active - Healthy
CUST-SAAS-00549,Lumina Systems D,Manufacturing & Robotics,10-50 Employees,France,Enterprise Plus,Multi-Year 3-Yr Strategic,16973.14,203677.68,24,43,1,2.6,261,30.2,14,1,34.7,22.9,Core Functional,83,Yes,0.95,Critical,Active - At Risk
CUST-SAAS-00550,Omni Ventures E,Media & Entertainment,1000-5000 Employees,Canada,Custom Strategic,Monthly Flexible,79818.57,957822.84,36,55,10,4.4,2467,81.3,5,0,5.0,164.6,Basic Exploratory,3,Yes,0.37,Medium,In Renewal Discussion
CUST-SAAS-00551,Solaris Logistics F,Government & Public Sector,201-1000 Employees,Taiwan,Professional,Quarterly Invoiced,8014.87,96178.44,12,58,4,2.6,95,49.1,26,3,41.8,7.4,Core Functional,20,No,0.67,High,Active - At Risk
CUST-SAAS-00552,Prism Global G,Professional Services & Legal,10-50 Employees,Japan,Enterprise Plus,Annual Pre-Paid,14915.19,178982.28,36,22,7,4.5,794,75.4,2,0,1.7,63.7,Basic Exploratory,6,Yes,0.18,Low,Active - Healthy
CUST-SAAS-00553,Vanguard Digital H,Telecom & 5G,10-50 Employees,Taiwan,Enterprise Plus,Monthly Flexible,17302.61,207631.32,12,19,8,4.7,1010,81.2,4,0,6.3,163.6,Deep Advanced,7,Yes,0.08,Low,Active - Healthy
CUST-SAAS-00554,Horizon Enterprises I,FinTech & Banking,1000-5000 Employees,Netherlands,Enterprise Plus,Monthly Flexible,26446.31,317355.72,24,43,2,2.8,493,30.3,32,3,48.3,6.7,Basic Exploratory,73,No,0.82,Critical,Under Review
CUST-SAAS-00555,Strata Networks J,Government & Public Sector,5000+ Enterprise,Taiwan,Enterprise Plus,Annual Pre-Paid,16297.77,195573.24,36,40,9,4.3,833,94.2,6,0,4.6,85.3,Basic Exploratory,4,Yes,0.07,Low,Active - Healthy
CUST-SAAS-00556,Aero Software K,FinTech & Banking,201-1000 Employees,United Kingdom,Enterprise Plus,Multi-Year 3-Yr Strategic,14760.02,177120.24,12,32,9,4.3,919,90.0,0,0,6.8,108.4,Basic Exploratory,7,Yes,0.14,Low,Active - Healthy
CUST-SAAS-00557,Pulse Capital L,Healthcare & BioTech,201-1000 Employees,Canada,Custom Strategic,Annual Pre-Paid,77402.72,928832.64,48,49,10,4.1,6062,76.4,5,1,9.3,167.5,Basic Exploratory,0,Yes,0.27,Medium,Active - Healthy
CUST-SAAS-00558,Terra Labs M,Logistics & Supply Chain,1000-5000 Employees,United States,Custom Strategic,Multi-Year 3-Yr Strategic,43889.48,526673.76,36,44,10,4.1,851,84.6,4,0,6.6,128.4,Full API Mesh & Automation,1,Yes,0.12,Low,Active - Healthy
CUST-SAAS-00559,Cygnus Cloud N,Telecom & 5G,51-200 Employees,Australia,Enterprise Plus,Quarterly Invoiced,21304.34,255652.08,36,46,8,4.9,1179,98.0,8,0,6.6,166.4,Basic Exploratory,5,Yes,0.37,Medium,In Renewal Discussion
CUST-SAAS-00560,Novus Technologies O,Media & Entertainment,1000-5000 Employees,France,Startup Tier,Quarterly Invoiced,1660.58,19926.96,12,8,9,4.8,69,99.5,6,0,5.9,120.6,Full API Mesh & Automation,4,Yes,0.22,Low,Active - Healthy
CUST-SAAS-00561,Polaris Group P,SaaS & Enterprise Cloud,1000-5000 Employees,Taiwan,Custom Strategic,Annual Pre-Paid,48914.46,586973.52,36,8,7,4.9,3068,79.7,1,0,7.7,101.1,Deep Advanced,3,Yes,0.11,Low,Active - Healthy
CUST-SAAS-00562,Echo Biomedical Q,Healthcare & BioTech,5000+ Enterprise,Germany,Enterprise Plus,Monthly Flexible,20532.84,246394.08,12,6,10,4.9,413,89.5,7,0,10.9,120.3,Full API Mesh & Automation,6,Yes,0.22,Low,Active - Healthy
CUST-SAAS-00563,Synthetix Solutions R,Government & Public Sector,5000+ Enterprise,Switzerland,Custom Strategic,Multi-Year 3-Yr Strategic,30969.22,371630.64,36,4,10,4.6,2338,79.5,4,0,5.6,163.1,Basic Exploratory,2,Yes,0.15,Low,Active - Healthy
CUST-SAAS-00564,Vector Robotics S,Media & Entertainment,201-1000 Employees,Germany,Professional,Annual Pre-Paid,9118.39,109420.68,12,19,7,4.1,287,81.1,6,0,2.6,126.8,Basic Exploratory,6,Yes,0.38,Medium,In Renewal Discussion
CUST-SAAS-00565,Zion Security T,Energy & CleanTech,201-1000 Employees,Switzerland,Enterprise Plus,Multi-Year 3-Yr Strategic,24433.77,293205.24,12,51,2,1.2,1010,37.3,14,3,44.0,6.7,Core Functional,59,No,0.84,Critical,Under Review
CUST-SAAS-00566,Aura Dynamics U,Government & Public Sector,5000+ Enterprise,Taiwan,Startup Tier,Annual Pre-Paid,2718.22,32618.64,12,54,7,4.2,11,94.2,2,0,1.7,146.6,Full API Mesh & Automation,4,Yes,0.08,Low,Active - Healthy
CUST-SAAS-00567,Boreal Analytics V,Manufacturing & Robotics,1000-5000 Employees,Japan,Enterprise Plus,Multi-Year 3-Yr Strategic,21986.7,263840.4,12,54,7,4.6,849,92.2,2,0,4.0,176.7,Deep Advanced,0,Yes,0.17,Low,Active - Healthy
CUST-SAAS-00568,Crest Industries W,Energy & CleanTech,1000-5000 Employees,Germany,Startup Tier,Quarterly Invoiced,1279.69,15356.28,12,46,6,3.2,18,31.9,24,1,46.4,20.3,Full API Mesh & Automation,17,No,0.76,High,Churned
CUST-SAAS-00569,Dynasty Systems X,SaaS & Enterprise Cloud,1000-5000 Employees,Switzerland,Enterprise Plus,Monthly Flexible,12328.55,147942.6,12,11,9,4.6,654,90.3,4,0,3.5,176.9,Deep Advanced,7,Yes,0.28,Medium,Active - Healthy
CUST-SAAS-00570,Apex Ventures Y,FinTech & Banking,51-200 Employees,Australia,Enterprise Plus,Multi-Year 3-Yr Strategic,15555.69,186668.28,36,43,8,4.2,555,85.4,4,0,2.8,138.1,Deep Advanced,5,Yes,0.32,Medium,Active - Healthy
CUST-SAAS-00571,Nexus Logistics Z,FinTech & Banking,51-200 Employees,United States,Enterprise Plus,Monthly Flexible,18525.18,222302.16,36,30,8,4.7,276,94.9,6,0,4.5,160.3,Deep Advanced,4,Yes,0.24,Low,Active - Healthy
CUST-SAAS-00572,Vertex Global A,E-Commerce & Retail,5000+ Enterprise,France,Professional,Multi-Year 3-Yr Strategic,8910.6,106927.2,12,8,10,4.4,207,85.2,6,0,2.4,99.0,Full API Mesh & Automation,1,Yes,0.15,Low,Active - Healthy
CUST-SAAS-00573,Quantum Digital B,Telecom & 5G,51-200 Employees,France,Professional,Multi-Year 3-Yr Strategic,7570.4,90844.8,24,54,9,4.7,95,89.5,0,1,11.5,121.0,Deep Advanced,4,Yes,0.13,Low,Active - Healthy
CUST-SAAS-00574,Hyperion Enterprises C,Telecom & 5G,1000-5000 Employees,Australia,Custom Strategic,Monthly Flexible,30377.7,364532.4,24,35,9,4.6,4942,92.4,0,0,11.5,168.6,Full API Mesh & Automation,1,Yes,0.23,Low,Active - Healthy
CUST-SAAS-00575,Aegis Networks D,Logistics & Supply Chain,5000+ Enterprise,Japan,Professional,Multi-Year 3-Yr Strategic,6668.09,80017.08,24,25,7,4.6,136,77.7,4,0,8.2,49.1,Core Functional,6,Yes,0.3,Medium,Active - Healthy
CUST-SAAS-00576,Cobalt Software E,Media & Entertainment,10-50 Employees,France,Custom Strategic,Annual Pre-Paid,94667.21,1136006.52,36,1,7,4.9,1612,98.6,3,1,9.0,119.3,Full API Mesh & Automation,1,Yes,0.08,Low,Active - Healthy
CUST-SAAS-00577,Starlight Capital F,Media & Entertainment,1000-5000 Employees,Canada,Professional,Monthly Flexible,4065.3,48783.6,12,42,9,4.8,142,75.0,8,0,10.9,93.8,Basic Exploratory,7,Yes,0.25,Medium,Active - Healthy
CUST-SAAS-00578,Titan Labs G,Telecom & 5G,1000-5000 Employees,Switzerland,Enterprise Plus,Monthly Flexible,24305.05,291660.6,12,32,9,4.3,985,89.8,7,0,4.1,98.0,Deep Advanced,0,Yes,0.29,Medium,Active - Healthy
CUST-SAAS-00579,Lumina Cloud H,Manufacturing & Robotics,1000-5000 Employees,France,Custom Strategic,Multi-Year 3-Yr Strategic,75307.72,903692.64,24,34,10,4.5,3398,99.2,0,0,5.0,177.4,Full API Mesh & Automation,2,Yes,0.31,Medium,Active - Healthy
CUST-SAAS-00580,Omni Technologies I,Media & Entertainment,51-200 Employees,Singapore,Enterprise Plus,Monthly Flexible,23769.75,285237.0,12,37,7,4.3,216,94.2,1,0,5.6,157.3,Basic Exploratory,7,Yes,0.02,Low,Active - Healthy
CUST-SAAS-00581,Solaris Group J,Healthcare & BioTech,5000+ Enterprise,Switzerland,Startup Tier,Annual Pre-Paid,1881.79,22581.48,12,33,9,4.4,76,93.8,3,0,9.1,83.2,Basic Exploratory,6,Yes,0.1,Low,Active - Healthy
CUST-SAAS-00582,Prism Biomedical K,Energy & CleanTech,5000+ Enterprise,Taiwan,Startup Tier,Multi-Year 3-Yr Strategic,1057.55,12690.6,12,21,10,4.5,77,82.3,8,0,2.6,174.5,Deep Advanced,5,Yes,0.36,Medium,In Renewal Discussion
CUST-SAAS-00583,Vanguard Solutions L,Professional Services & Legal,51-200 Employees,Singapore,Startup Tier,Annual Pre-Paid,1007.81,12093.72,12,13,9,4.9,15,95.6,0,0,3.2,123.0,Full API Mesh & Automation,1,Yes,0.13,Low,Active - Healthy
CUST-SAAS-00584,Horizon Robotics M,Government & Public Sector,5000+ Enterprise,Netherlands,Startup Tier,Multi-Year 3-Yr Strategic,2624.8,31497.6,12,16,10,4.7,27,95.8,7,0,6.0,179.2,Deep Advanced,6,Yes,0.32,Medium,Active - Healthy
CUST-SAAS-00585,Strata Security N,Healthcare & BioTech,51-200 Employees,Taiwan,Startup Tier,Multi-Year 3-Yr Strategic,2154.02,25848.24,12,36,4,1.8,70,30.3,29,2,25.0,4.3,Full API Mesh & Automation,39,No,0.89,Critical,Active - At Risk
CUST-SAAS-00586,Aero Dynamics O,FinTech & Banking,51-200 Employees,Canada,Custom Strategic,Multi-Year 3-Yr Strategic,60685.96,728231.52,24,8,9,4.6,4365,76.9,8,0,3.8,156.4,Full API Mesh & Automation,1,Yes,0.19,Low,Active - Healthy
CUST-SAAS-00587,Pulse Analytics P,FinTech & Banking,201-1000 Employees,Australia,Custom Strategic,Monthly Flexible,83955.12,1007461.44,36,38,6,2.9,1085,26.9,34,5,50.5,5.1,Deep Advanced,18,No,0.68,High,Churned
CUST-SAAS-00588,Terra Industries Q,Logistics & Supply Chain,201-1000 Employees,United States,Enterprise Plus,Multi-Year 3-Yr Strategic,13526.31,162315.72,12,27,4,2.3,578,40.6,23,1,52.5,16.8,Deep Advanced,48,No,0.95,Critical,Churned
CUST-SAAS-00589,Cygnus Systems R,Telecom & 5G,1000-5000 Employees,United Kingdom,Professional,Monthly Flexible,4831.73,57980.76,24,17,7,4.7,284,86.1,4,0,6.3,148.3,Deep Advanced,5,Yes,0.13,Low,Active - Healthy
CUST-SAAS-00590,Novus Ventures S,Professional Services & Legal,5000+ Enterprise,France,Professional,Quarterly Invoiced,3906.72,46880.64,24,46,5,2.0,64,33.2,11,1,63.3,9.2,Basic Exploratory,69,No,0.7,High,Under Review
CUST-SAAS-00591,Polaris Logistics T,Telecom & 5G,1000-5000 Employees,Canada,Enterprise Plus,Monthly Flexible,18394.46,220733.52,12,4,7,5.0,904,81.5,8,0,9.2,179.0,Basic Exploratory,3,Yes,0.14,Low,Active - Healthy
CUST-SAAS-00592,Echo Global U,E-Commerce & Retail,1000-5000 Employees,Singapore,Custom Strategic,Annual Pre-Paid,42403.69,508844.28,48,48,9,4.4,2951,82.5,3,1,9.7,123.0,Deep Advanced,3,Yes,0.37,Medium,In Renewal Discussion
CUST-SAAS-00593,Synthetix Digital V,E-Commerce & Retail,201-1000 Employees,Singapore,Custom Strategic,Annual Pre-Paid,48730.12,584761.44,36,47,8,4.4,3262,99.0,8,0,10.2,72.3,Core Functional,2,Yes,0.38,Medium,In Renewal Discussion
CUST-SAAS-00594,Vector Enterprises W,Logistics & Supply Chain,10-50 Employees,Canada,Startup Tier,Monthly Flexible,2654.96,31859.52,12,59,10,5.0,75,90.8,4,0,9.1,69.3,Deep Advanced,3,Yes,0.03,Low,Active - Healthy
CUST-SAAS-00595,Zion Networks X,Professional Services & Legal,201-1000 Employees,Australia,Custom Strategic,Multi-Year 3-Yr Strategic,53924.57,647094.84,24,56,1,3.0,5175,48.5,12,2,58.7,23.9,Core Functional,25,No,0.68,High,Active - At Risk
CUST-SAAS-00596,Aura Software Y,Energy & CleanTech,10-50 Employees,Canada,Professional,Quarterly Invoiced,4564.24,54770.88,24,59,9,4.3,88,77.1,4,0,7.2,67.2,Basic Exploratory,3,Yes,0.3,Medium,Active - Healthy
CUST-SAAS-00597,Boreal Capital Z,SaaS & Enterprise Cloud,201-1000 Employees,Canada,Professional,Annual Pre-Paid,4319.66,51835.92,12,10,8,4.3,298,84.0,4,1,1.6,177.8,Full API Mesh & Automation,6,Yes,0.06,Low,Active - Healthy
CUST-SAAS-00598,Crest Labs A,Professional Services & Legal,51-200 Employees,United Kingdom,Professional,Multi-Year 3-Yr Strategic,8066.49,96797.88,24,34,10,4.9,70,84.7,5,0,11.6,73.4,Core Functional,7,Yes,0.27,Medium,Active - Healthy
CUST-SAAS-00599,Dynasty Cloud B,SaaS & Enterprise Cloud,10-50 Employees,Netherlands,Professional,Quarterly Invoiced,6538.44,78461.28,12,26,8,4.4,188,84.7,1,0,4.1,160.0,Core Functional,4,Yes,0.06,Low,Active - Healthy
CUST-SAAS-00600,Apex Technologies C,Media & Entertainment,51-200 Employees,France,Startup Tier,Multi-Year 3-Yr Strategic,3067.24,36806.88,12,20,9,4.8,61,81.4,7,0,2.3,57.2,Core Functional,3,Yes,0.25,Medium,Active - Healthy
CUST-SAAS-00601,Nexus Group D,Professional Services & Legal,10-50 Employees,Japan,Startup Tier,Annual Pre-Paid,2511.99,30143.88,12,25,10,4.4,22,82.3,2,0,5.3,88.0,Deep Advanced,1,Yes,0.02,Low,Active - Healthy
CUST-SAAS-00602,Vertex Biomedical E,Logistics & Supply Chain,5000+ Enterprise,Canada,Professional,Multi-Year 3-Yr Strategic,8817.92,105815.04,24,49,7,4.5,78,93.7,8,0,1.9,143.7,Basic Exploratory,6,Yes,0.29,Medium,Active - Healthy
CUST-SAAS-00603,Quantum Solutions F,E-Commerce & Retail,1000-5000 Employees,United States,Enterprise Plus,Monthly Flexible,20231.62,242779.44,36,29,9,4.2,362,97.5,1,1,9.1,165.3,Basic Exploratory,2,Yes,0.12,Low,Active - Healthy
CUST-SAAS-00604,Hyperion Robotics G,Media & Entertainment,1000-5000 Employees,Switzerland,Custom Strategic,Quarterly Invoiced,47361.47,568337.64,36,55,7,4.4,2309,94.4,0,1,11.1,82.0,Deep Advanced,3,Yes,0.23,Low,Active - Healthy
CUST-SAAS-00605,Aegis Security H,Manufacturing & Robotics,201-1000 Employees,United States,Custom Strategic,Annual Pre-Paid,81017.7,972212.4,48,44,8,4.6,625,91.0,5,0,4.1,133.9,Full API Mesh & Automation,5,Yes,0.29,Medium,Active - Healthy
CUST-SAAS-00606,Cobalt Dynamics I,Media & Entertainment,1000-5000 Employees,United Kingdom,Enterprise Plus,Quarterly Invoiced,13445.71,161348.52,12,50,1,1.8,557,55.3,26,3,41.1,18.9,Deep Advanced,22,No,0.93,Critical,Active - At Risk
CUST-SAAS-00607,Starlight Analytics J,Government & Public Sector,51-200 Employees,Germany,Startup Tier,Multi-Year 3-Yr Strategic,2018.35,24220.2,12,5,8,4.0,80,78.0,5,0,10.4,162.8,Full API Mesh & Automation,0,Yes,0.31,Medium,Active - Healthy
CUST-SAAS-00608,Titan Industries K,Government & Public Sector,1000-5000 Employees,Germany,Enterprise Plus,Annual Pre-Paid,25169.71,302036.52,12,48,8,4.3,1127,95.5,1,0,7.8,77.2,Core Functional,3,Yes,0.27,Medium,Active - Healthy
CUST-SAAS-00609,Lumina Systems L,Telecom & 5G,10-50 Employees,Germany,Custom Strategic,Quarterly Invoiced,67024.79,804297.48,24,36,9,4.3,2463,78.9,3,0,5.6,79.7,Deep Advanced,4,Yes,0.28,Medium,Active - Healthy
CUST-SAAS-00610,Omni Ventures M,Energy & CleanTech,10-50 Employees,Japan,Professional,Annual Pre-Paid,6397.79,76773.48,24,19,8,4.8,89,93.8,0,0,10.0,89.9,Full API Mesh & Automation,0,Yes,0.12,Low,Active - Healthy
CUST-SAAS-00611,Solaris Logistics N,Professional Services & Legal,10-50 Employees,Singapore,Startup Tier,Quarterly Invoiced,1083.0,12996.0,12,59,4,1.6,26,47.8,9,5,26.5,7.8,Full API Mesh & Automation,46,No,0.82,Critical,Active - At Risk
CUST-SAAS-00612,Prism Global O,Healthcare & BioTech,1000-5000 Employees,Taiwan,Startup Tier,Annual Pre-Paid,1280.98,15371.76,12,23,9,4.9,42,87.0,8,0,8.6,110.7,Full API Mesh & Automation,3,Yes,0.3,Medium,Active - Healthy
CUST-SAAS-00613,Vanguard Digital P,Media & Entertainment,1000-5000 Employees,United States,Custom Strategic,Multi-Year 3-Yr Strategic,40338.53,484062.36,36,4,10,4.3,6476,87.9,2,0,2.6,45.2,Core Functional,6,Yes,0.1,Low,Active - Healthy
CUST-SAAS-00614,Horizon Enterprises Q,Telecom & 5G,51-200 Employees,France,Enterprise Plus,Annual Pre-Paid,14816.59,177799.08,36,50,10,4.0,655,84.3,6,0,8.9,110.2,Full API Mesh & Automation,7,Yes,0.27,Medium,Active - Healthy
CUST-SAAS-00615,Strata Networks R,Media & Entertainment,5000+ Enterprise,Taiwan,Startup Tier,Multi-Year 3-Yr Strategic,2399.45,28793.4,12,28,4,2.4,22,36.2,22,3,31.2,21.2,Core Functional,84,Yes,0.8,Critical,Under Review
CUST-SAAS-00616,Aero Software S,Government & Public Sector,5000+ Enterprise,Japan,Professional,Annual Pre-Paid,4359.75,52317.0,24,39,10,4.0,163,97.0,8,1,3.5,126.0,Basic Exploratory,7,Yes,0.12,Low,Active - Healthy
CUST-SAAS-00617,Pulse Capital T,Healthcare & BioTech,10-50 Employees,Taiwan,Custom Strategic,Quarterly Invoiced,56870.8,682449.6,36,47,10,4.9,2730,86.5,0,0,7.7,128.2,Deep Advanced,6,Yes,0.04,Low,Active - Healthy
CUST-SAAS-00618,Terra Labs U,Telecom & 5G,1000-5000 Employees,Singapore,Custom Strategic,Monthly Flexible,41311.01,495732.12,36,50,8,4.8,1270,88.5,4,0,6.4,167.7,Basic Exploratory,6,Yes,0.33,Medium,Active - Healthy
CUST-SAAS-00619,Cygnus Cloud V,FinTech & Banking,5000+ Enterprise,United States,Enterprise Plus,Annual Pre-Paid,22409.47,268913.64,24,28,9,4.9,792,97.4,0,0,9.0,66.8,Full API Mesh & Automation,1,Yes,0.2,Low,Active - Healthy
CUST-SAAS-00620,Novus Technologies W,Professional Services & Legal,1000-5000 Employees,United Kingdom,Custom Strategic,Annual Pre-Paid,52104.39,625252.68,48,12,8,4.3,4289,99.9,1,0,4.3,161.0,Full API Mesh & Automation,7,Yes,0.35,Medium,In Renewal Discussion
CUST-SAAS-00621,Polaris Group X,Logistics & Supply Chain,10-50 Employees,Germany,Custom Strategic,Quarterly Invoiced,81645.18,979742.16,48,36,8,4.8,1809,97.8,1,0,6.7,120.9,Basic Exploratory,5,Yes,0.08,Low,Active - Healthy
CUST-SAAS-00622,Echo Biomedical Y,Government & Public Sector,1000-5000 Employees,United States,Enterprise Plus,Annual Pre-Paid,22661.81,271941.72,24,57,10,4.7,835,80.1,0,0,4.4,106.5,Deep Advanced,6,Yes,0.21,Low,Active - Healthy
CUST-SAAS-00623,Synthetix Solutions Z,Government & Public Sector,1000-5000 Employees,Australia,Startup Tier,Monthly Flexible,2771.79,33261.48,12,49,9,4.3,65,75.9,1,0,4.7,45.6,Full API Mesh & Automation,4,Yes,0.18,Low,Active - Healthy
CUST-SAAS-00624,Vector Robotics A,FinTech & Banking,51-200 Employees,Japan,Startup Tier,Annual Pre-Paid,2543.8,30525.6,12,50,5,2.3,49,54.6,26,4,49.2,5.7,Core Functional,85,No,0.89,Critical,Under Review
CUST-SAAS-00625,Zion Security B,Logistics & Supply Chain,51-200 Employees,Taiwan,Enterprise Plus,Monthly Flexible,19938.74,239264.88,36,58,7,4.8,455,99.8,7,0,10.0,100.1,Deep Advanced,5,Yes,0.18,Low,Active - Healthy
CUST-SAAS-00626,Aura Dynamics C,Energy & CleanTech,1000-5000 Employees,France,Professional,Monthly Flexible,8913.61,106963.32,12,13,8,4.4,205,89.0,0,0,8.8,111.9,Full API Mesh & Automation,1,Yes,0.09,Low,Active - Healthy
CUST-SAAS-00627,Boreal Analytics D,FinTech & Banking,10-50 Employees,Australia,Enterprise Plus,Multi-Year 3-Yr Strategic,22312.16,267745.92,24,60,4,3.3,275,38.1,9,1,38.1,6.6,Core Functional,26,No,0.8,Critical,Under Review
CUST-SAAS-00628,Crest Industries E,Logistics & Supply Chain,10-50 Employees,Australia,Startup Tier,Multi-Year 3-Yr Strategic,2915.23,34982.76,12,7,8,4.7,69,100.0,5,0,10.7,147.7,Basic Exploratory,2,Yes,0.19,Low,Active - Healthy
CUST-SAAS-00629,Dynasty Systems F,Manufacturing & Robotics,51-200 Employees,France,Startup Tier,Monthly Flexible,2980.27,35763.24,12,30,8,4.8,62,84.9,7,0,9.3,87.1,Core Functional,1,Yes,0.37,Medium,In Renewal Discussion
CUST-SAAS-00630,Apex Ventures G,Government & Public Sector,10-50 Employees,Singapore,Enterprise Plus,Monthly Flexible,14181.47,170177.64,24,22,9,4.4,408,92.1,7,1,6.9,177.4,Basic Exploratory,0,Yes,0.18,Low,Active - Healthy
CUST-SAAS-00631,Nexus Logistics H,Media & Entertainment,10-50 Employees,Singapore,Enterprise Plus,Annual Pre-Paid,21599.35,259192.2,12,59,3,1.3,954,47.2,27,4,34.9,21.9,Full API Mesh & Automation,33,No,0.91,Critical,Churned
CUST-SAAS-00632,Vertex Global I,Logistics & Supply Chain,1000-5000 Employees,Canada,Enterprise Plus,Quarterly Invoiced,21463.7,257564.4,24,48,9,4.2,629,83.4,1,0,5.8,121.3,Full API Mesh & Automation,3,Yes,0.27,Medium,Active - Healthy
CUST-SAAS-00633,Quantum Digital J,Healthcare & BioTech,1000-5000 Employees,France,Startup Tier,Quarterly Invoiced,2129.65,25555.8,12,16,7,5.0,18,96.4,7,0,2.7,96.1,Full API Mesh & Automation,7,Yes,0.29,Medium,Active - Healthy
CUST-SAAS-00634,Hyperion Enterprises K,Manufacturing & Robotics,201-1000 Employees,Singapore,Enterprise Plus,Multi-Year 3-Yr Strategic,16766.48,201197.76,24,2,9,4.7,394,75.9,7,0,11.6,66.1,Full API Mesh & Automation,5,Yes,0.16,Low,Active - Healthy
CUST-SAAS-00635,Aegis Networks L,Manufacturing & Robotics,201-1000 Employees,United Kingdom,Professional,Multi-Year 3-Yr Strategic,5233.87,62806.44,24,60,10,4.6,128,83.4,6,0,6.0,49.7,Deep Advanced,2,Yes,0.14,Low,Active - Healthy
CUST-SAAS-00636,Cobalt Software M,Healthcare & BioTech,1000-5000 Employees,Netherlands,Custom Strategic,Quarterly Invoiced,30288.94,363467.28,48,31,9,4.6,2144,81.7,3,0,11.8,106.3,Deep Advanced,3,Yes,0.33,Medium,Active - Healthy
CUST-SAAS-00637,Starlight Capital N,Energy & CleanTech,10-50 Employees,Switzerland,Startup Tier,Monthly Flexible,1815.46,21785.52,12,8,3,2.1,30,48.1,10,4,37.3,10.7,Core Functional,54,Yes,0.95,Critical,Under Review
CUST-SAAS-00638,Titan Labs O,E-Commerce & Retail,51-200 Employees,Germany,Enterprise Plus,Monthly Flexible,9743.4,116920.8,36,7,7,4.1,1194,90.4,8,0,3.3,142.3,Basic Exploratory,1,Yes,0.21,Low,Active - Healthy
CUST-SAAS-00639,Lumina Cloud P,Energy & CleanTech,5000+ Enterprise,Switzerland,Enterprise Plus,Multi-Year 3-Yr Strategic,17501.31,210015.72,24,52,4,2.3,394,35.7,23,5,36.0,18.7,Deep Advanced,80,No,0.82,Critical,Active - At Risk
CUST-SAAS-00640,Omni Technologies Q,Professional Services & Legal,5000+ Enterprise,United States,Startup Tier,Quarterly Invoiced,838.59,10063.08,12,19,7,4.3,37,83.5,0,0,9.3,138.8,Core Functional,0,Yes,0.37,Medium,In Renewal Discussion
CUST-SAAS-00641,Solaris Group R,Telecom & 5G,5000+ Enterprise,Switzerland,Custom Strategic,Annual Pre-Paid,69433.46,833201.52,24,5,6,2.1,2432,56.5,17,4,25.1,5.2,Full API Mesh & Automation,23,No,0.72,High,Churned
CUST-SAAS-00642,Prism Biomedical S,Media & Entertainment,201-1000 Employees,Germany,Startup Tier,Multi-Year 3-Yr Strategic,2493.57,29922.84,12,37,8,4.4,54,89.6,2,0,10.1,81.1,Deep Advanced,4,Yes,0.27,Medium,Active - Healthy
CUST-SAAS-00643,Vanguard Solutions T,Government & Public Sector,10-50 Employees,Germany,Custom Strategic,Annual Pre-Paid,85338.57,1024062.84,24,16,9,4.7,503,94.0,5,0,8.7,111.9,Full API Mesh & Automation,1,Yes,0.16,Low,Active - Healthy
CUST-SAAS-00644,Horizon Robotics U,Energy & CleanTech,10-50 Employees,Japan,Startup Tier,Quarterly Invoiced,3151.94,37823.28,12,55,2,3.2,54,42.4,26,4,38.0,4.3,Core Functional,48,No,0.67,High,Under Review
CUST-SAAS-00645,Strata Security V,E-Commerce & Retail,51-200 Employees,Japan,Startup Tier,Monthly Flexible,3190.82,38289.84,12,58,10,4.4,44,95.4,1,1,5.8,165.5,Deep Advanced,5,Yes,0.36,Medium,In Renewal Discussion
CUST-SAAS-00646,Aero Dynamics W,Logistics & Supply Chain,201-1000 Employees,Singapore,Custom Strategic,Annual Pre-Paid,60278.98,723347.76,24,21,8,4.6,6134,90.8,4,1,1.9,74.6,Core Functional,4,Yes,0.35,Medium,In Renewal Discussion
CUST-SAAS-00647,Pulse Analytics X,Professional Services & Legal,1000-5000 Employees,France,Enterprise Plus,Annual Pre-Paid,20200.71,242408.52,12,40,10,4.6,1037,98.8,2,0,11.1,101.0,Core Functional,2,Yes,0.18,Low,Active - Healthy
CUST-SAAS-00648,Terra Industries Y,E-Commerce & Retail,51-200 Employees,Canada,Professional,Annual Pre-Paid,8240.3,98883.6,24,15,7,4.5,214,79.0,5,1,8.2,108.5,Core Functional,0,Yes,0.37,Medium,In Renewal Discussion
CUST-SAAS-00649,Cygnus Systems Z,Energy & CleanTech,10-50 Employees,United Kingdom,Custom Strategic,Monthly Flexible,30646.6,367759.2,24,9,9,4.9,3944,81.7,0,0,5.6,147.4,Deep Advanced,4,Yes,0.1,Low,Active - Healthy
CUST-SAAS-00650,Novus Ventures A,Professional Services & Legal,51-200 Employees,Taiwan,Startup Tier,Quarterly Invoiced,2471.64,29659.68,12,2,8,4.9,19,99.2,1,0,6.0,134.5,Basic Exploratory,6,Yes,0.33,Medium,Active - Healthy
CUST-SAAS-00651,Polaris Logistics B,Media & Entertainment,1000-5000 Employees,Switzerland,Custom Strategic,Quarterly Invoiced,57948.6,695383.2,48,9,7,4.1,5699,93.5,0,0,7.3,113.8,Core Functional,3,Yes,0.32,Medium,Active - Healthy
CUST-SAAS-00652,Echo Global C,Media & Entertainment,10-50 Employees,United Kingdom,Custom Strategic,Monthly Flexible,74809.9,897718.8,48,42,9,4.1,3332,81.6,5,0,3.9,128.2,Full API Mesh & Automation,2,Yes,0.15,Low,Active - Healthy
CUST-SAAS-00653,Synthetix Digital D,Logistics & Supply Chain,1000-5000 Employees,Germany,Custom Strategic,Monthly Flexible,42657.79,511893.48,36,22,1,2.6,6025,34.3,24,5,66.1,6.3,Core Functional,26,No,0.73,High,Active - At Risk
CUST-SAAS-00654,Vector Enterprises E,Media & Entertainment,51-200 Employees,France,Professional,Monthly Flexible,7624.78,91497.36,24,56,7,4.8,298,84.2,4,0,11.0,129.5,Deep Advanced,3,Yes,0.2,Low,Active - Healthy
CUST-SAAS-00655,Zion Networks F,Logistics & Supply Chain,1000-5000 Employees,United States,Custom Strategic,Multi-Year 3-Yr Strategic,72772.86,873274.32,24,22,7,4.2,4810,89.8,5,0,2.4,101.7,Full API Mesh & Automation,7,Yes,0.12,Low,Active - Healthy
CUST-SAAS-00656,Aura Software G,Professional Services & Legal,1000-5000 Employees,France,Startup Tier,Monthly Flexible,1316.6,15799.2,12,48,8,4.9,63,92.6,5,0,4.6,131.0,Deep Advanced,2,Yes,0.04,Low,Active - Healthy
CUST-SAAS-00657,Boreal Capital H,Logistics & Supply Chain,51-200 Employees,Japan,Enterprise Plus,Annual Pre-Paid,10660.31,127923.72,24,14,10,4.1,1093,82.3,3,0,9.7,96.2,Full API Mesh & Automation,5,Yes,0.37,Medium,In Renewal Discussion
CUST-SAAS-00658,Crest Labs I,Professional Services & Legal,1000-5000 Employees,Netherlands,Startup Tier,Monthly Flexible,2129.49,25553.88,12,52,8,4.0,29,93.6,8,0,2.8,151.5,Full API Mesh & Automation,1,Yes,0.08,Low,Active - Healthy
CUST-SAAS-00659,Dynasty Cloud J,Professional Services & Legal,1000-5000 Employees,Netherlands,Startup Tier,Monthly Flexible,1237.29,14847.48,12,21,9,4.1,20,91.6,0,0,5.7,58.3,Deep Advanced,0,Yes,0.02,Low,Active - Healthy
CUST-SAAS-00660,Apex Technologies K,Professional Services & Legal,201-1000 Employees,France,Custom Strategic,Multi-Year 3-Yr Strategic,44102.81,529233.72,48,31,9,4.9,1929,95.4,6,0,8.9,62.3,Basic Exploratory,4,Yes,0.09,Low,Active - Healthy
CUST-SAAS-00661,Nexus Group L,Telecom & 5G,10-50 Employees,Australia,Startup Tier,Monthly Flexible,1172.69,14072.28,12,5,2,3.1,52,40.3,16,2,60.4,7.4,Full API Mesh & Automation,43,No,0.86,Critical,Churned
CUST-SAAS-00662,Vertex Biomedical M,Logistics & Supply Chain,51-200 Employees,Taiwan,Professional,Monthly Flexible,8194.58,98334.96,24,21,6,1.4,286,40.8,17,5,45.0,4.1,Basic Exploratory,14,No,0.85,Critical,Active - At Risk
CUST-SAAS-00663,Quantum Solutions N,Media & Entertainment,10-50 Employees,Switzerland,Startup Tier,Monthly Flexible,2821.69,33860.28,12,26,10,4.6,60,86.5,7,0,4.4,65.5,Core Functional,1,Yes,0.29,Medium,Active - Healthy
CUST-SAAS-00664,Hyperion Robotics O,Manufacturing & Robotics,51-200 Employees,Singapore,Custom Strategic,Monthly Flexible,60031.64,720379.68,24,14,2,2.1,913,39.7,35,5,41.8,5.3,Full API Mesh & Automation,60,No,0.88,Critical,Churned
CUST-SAAS-00665,Aegis Security P,SaaS & Enterprise Cloud,201-1000 Employees,United States,Custom Strategic,Annual Pre-Paid,77228.24,926738.88,48,12,8,4.7,4589,93.7,4,0,10.3,81.2,Basic Exploratory,6,Yes,0.37,Medium,In Renewal Discussion
CUST-SAAS-00666,Cobalt Dynamics Q,E-Commerce & Retail,1000-5000 Employees,United Kingdom,Enterprise Plus,Multi-Year 3-Yr Strategic,21468.96,257627.52,36,7,10,4.2,634,89.6,7,0,8.8,79.5,Deep Advanced,0,Yes,0.04,Low,Active - Healthy
CUST-SAAS-00667,Starlight Analytics R,Media & Entertainment,1000-5000 Employees,Japan,Startup Tier,Annual Pre-Paid,2364.67,28376.04,12,25,1,2.9,35,40.3,9,3,56.6,10.9,Deep Advanced,21,No,0.89,Critical,Active - At Risk
CUST-SAAS-00668,Titan Industries S,Energy & CleanTech,10-50 Employees,United Kingdom,Professional,Quarterly Invoiced,7973.46,95681.52,12,48,8,4.6,283,94.1,5,1,6.6,129.9,Full API Mesh & Automation,2,Yes,0.23,Low,Active - Healthy
CUST-SAAS-00669,Lumina Systems T,Logistics & Supply Chain,1000-5000 Employees,Australia,Startup Tier,Quarterly Invoiced,1665.3,19983.6,12,38,7,4.5,76,83.1,2,0,11.2,96.9,Core Functional,1,Yes,0.27,Medium,Active - Healthy
CUST-SAAS-00670,Omni Ventures U,Logistics & Supply Chain,10-50 Employees,United States,Professional,Multi-Year 3-Yr Strategic,4409.79,52917.48,12,9,8,4.5,148,76.9,4,0,3.1,78.7,Basic Exploratory,4,Yes,0.2,Low,Active - Healthy
CUST-SAAS-00671,Solaris Logistics V,E-Commerce & Retail,5000+ Enterprise,United Kingdom,Enterprise Plus,Multi-Year 3-Yr Strategic,22307.31,267687.72,36,5,9,4.8,916,88.9,1,0,8.5,167.5,Core Functional,5,Yes,0.08,Low,Active - Healthy
CUST-SAAS-00672,Prism Global W,Telecom & 5G,201-1000 Employees,Germany,Enterprise Plus,Monthly Flexible,21695.44,260345.28,24,1,8,4.8,549,94.9,8,0,9.0,127.1,Core Functional,3,Yes,0.15,Low,Active - Healthy
CUST-SAAS-00673,Vanguard Digital X,Energy & CleanTech,1000-5000 Employees,France,Custom Strategic,Annual Pre-Paid,51219.5,614634.0,24,52,10,4.3,3373,81.7,2,0,8.5,159.8,Deep Advanced,7,Yes,0.12,Low,Active - Healthy
CUST-SAAS-00674,Horizon Enterprises Y,Telecom & 5G,10-50 Employees,Australia,Professional,Multi-Year 3-Yr Strategic,3667.6,44011.2,12,36,7,4.5,102,95.5,0,1,6.5,99.4,Basic Exploratory,4,Yes,0.36,Medium,In Renewal Discussion
CUST-SAAS-00675,Strata Networks Z,Professional Services & Legal,201-1000 Employees,France,Startup Tier,Annual Pre-Paid,1568.15,18817.8,12,7,6,2.4,11,39.4,29,4,47.4,13.3,Full API Mesh & Automation,47,No,0.83,Critical,Churned
CUST-SAAS-00676,Aero Software A,Media & Entertainment,51-200 Employees,Canada,Enterprise Plus,Monthly Flexible,23493.08,281916.96,12,15,10,4.4,599,78.9,6,1,3.6,109.7,Full API Mesh & Automation,2,Yes,0.33,Medium,Active - Healthy
CUST-SAAS-00677,Pulse Capital B,E-Commerce & Retail,5000+ Enterprise,United Kingdom,Startup Tier,Quarterly Invoiced,801.24,9614.88,12,32,10,4.2,37,75.2,5,0,11.6,60.6,Basic Exploratory,4,Yes,0.35,Medium,In Renewal Discussion
CUST-SAAS-00678,Terra Labs C,Manufacturing & Robotics,1000-5000 Employees,Germany,Custom Strategic,Annual Pre-Paid,68701.96,824423.52,48,28,1,1.8,5117,43.9,26,4,45.6,24.5,Basic Exploratory,66,No,0.89,Critical,Under Review
CUST-SAAS-00679,Cygnus Cloud D,Government & Public Sector,5000+ Enterprise,United Kingdom,Custom Strategic,Quarterly Invoiced,58928.26,707139.12,48,25,8,4.6,2399,97.6,8,0,7.0,153.8,Full API Mesh & Automation,5,Yes,0.33,Medium,Active - Healthy
CUST-SAAS-00680,Novus Technologies E,Healthcare & BioTech,51-200 Employees,United Kingdom,Enterprise Plus,Quarterly Invoiced,14014.97,168179.64,36,5,8,4.8,949,81.9,5,0,6.5,109.5,Core Functional,7,Yes,0.18,Low,Active - Healthy
CUST-SAAS-00681,Polaris Group F,Healthcare & BioTech,51-200 Employees,Japan,Enterprise Plus,Monthly Flexible,17443.14,209317.68,24,51,7,4.9,298,78.2,8,0,5.4,125.0,Basic Exploratory,3,Yes,0.09,Low,Active - Healthy
CUST-SAAS-00682,Echo Biomedical G,Professional Services & Legal,10-50 Employees,United States,Enterprise Plus,Annual Pre-Paid,15074.09,180889.08,24,29,9,4.6,382,81.9,4,0,9.2,54.1,Deep Advanced,3,Yes,0.35,Medium,In Renewal Discussion
CUST-SAAS-00683,Synthetix Solutions H,Media & Entertainment,51-200 Employees,Switzerland,Custom Strategic,Annual Pre-Paid,93647.29,1123767.48,24,15,7,4.8,5497,96.9,6,0,3.6,163.4,Full API Mesh & Automation,3,Yes,0.15,Low,Active - Healthy
CUST-SAAS-00684,Vector Robotics I,Telecom & 5G,5000+ Enterprise,Switzerland,Startup Tier,Monthly Flexible,3194.08,38328.96,12,33,6,1.5,30,41.6,20,1,49.2,14.9,Full API Mesh & Automation,55,No,0.93,Critical,Active - At Risk
CUST-SAAS-00685,Zion Security J,SaaS & Enterprise Cloud,1000-5000 Employees,Canada,Professional,Annual Pre-Paid,6821.93,81863.16,24,15,8,4.9,273,87.6,6,0,7.5,133.7,Deep Advanced,7,Yes,0.14,Low,Active - Healthy
CUST-SAAS-00686,Aura Dynamics K,FinTech & Banking,10-50 Employees,Switzerland,Enterprise Plus,Quarterly Invoiced,27923.11,335077.32,36,29,10,4.2,244,92.8,0,0,1.7,104.6,Core Functional,3,Yes,0.27,Medium,Active - Healthy
CUST-SAAS-00687,Boreal Analytics L,Media & Entertainment,201-1000 Employees,Germany,Custom Strategic,Multi-Year 3-Yr Strategic,49194.22,590330.64,36,2,9,4.7,2446,80.1,5,0,2.8,106.9,Full API Mesh & Automation,5,Yes,0.22,Low,Active - Healthy
CUST-SAAS-00688,Crest Industries M,E-Commerce & Retail,201-1000 Employees,Switzerland,Enterprise Plus,Annual Pre-Paid,22616.88,271402.56,36,43,5,2.7,1092,51.6,17,1,47.8,18.4,Deep Advanced,39,No,0.75,High,Churned
CUST-SAAS-00689,Dynasty Systems N,Government & Public Sector,1000-5000 Employees,Germany,Custom Strategic,Multi-Year 3-Yr Strategic,85929.94,1031159.28,36,50,7,4.3,772,76.6,3,1,5.8,101.1,Basic Exploratory,2,Yes,0.07,Low,Active - Healthy
CUST-SAAS-00690,Apex Ventures O,Telecom & 5G,1000-5000 Employees,France,Professional,Monthly Flexible,8079.02,96948.24,12,56,9,4.2,287,82.8,8,0,2.7,177.1,Basic Exploratory,2,Yes,0.1,Low,Active - Healthy
CUST-SAAS-00691,Nexus Logistics P,Logistics & Supply Chain,51-200 Employees,United States,Custom Strategic,Multi-Year 3-Yr Strategic,64645.1,775741.2,48,34,4,2.4,3547,39.0,29,5,33.8,21.8,Full API Mesh & Automation,80,No,0.68,High,Churned
CUST-SAAS-00692,Vertex Global Q,Telecom & 5G,1000-5000 Employees,United States,Custom Strategic,Monthly Flexible,58652.42,703829.04,36,23,8,4.7,5121,87.0,5,0,10.0,88.0,Deep Advanced,7,Yes,0.26,Medium,Active - Healthy
CUST-SAAS-00693,Quantum Digital R,FinTech & Banking,201-1000 Employees,United States,Professional,Quarterly Invoiced,7474.9,89698.8,12,41,9,4.8,53,93.9,8,0,3.7,110.4,Core Functional,4,Yes,0.3,Medium,Active - Healthy
CUST-SAAS-00694,Hyperion Enterprises S,FinTech & Banking,5000+ Enterprise,United States,Professional,Quarterly Invoiced,9117.8,109413.6,12,6,10,4.7,186,85.7,4,0,2.7,96.2,Basic Exploratory,1,Yes,0.26,Medium,Active - Healthy
CUST-SAAS-00695,Aegis Networks T,Healthcare & BioTech,201-1000 Employees,Switzerland,Enterprise Plus,Monthly Flexible,27414.93,328979.16,12,42,9,4.4,623,88.8,5,0,1.9,157.0,Core Functional,5,Yes,0.03,Low,Active - Healthy
CUST-SAAS-00696,Cobalt Software U,E-Commerce & Retail,1000-5000 Employees,United States,Custom Strategic,Annual Pre-Paid,89879.7,1078556.4,36,39,8,4.3,3040,98.0,5,0,10.4,132.7,Full API Mesh & Automation,0,Yes,0.1,Low,Active - Healthy
CUST-SAAS-00697,Starlight Capital V,SaaS & Enterprise Cloud,5000+ Enterprise,Japan,Custom Strategic,Quarterly Invoiced,59106.7,709280.4,24,24,7,4.5,2993,96.8,8,0,4.0,53.7,Deep Advanced,4,Yes,0.26,Medium,Active - Healthy
CUST-SAAS-00698,Titan Labs W,Manufacturing & Robotics,5000+ Enterprise,Switzerland,Custom Strategic,Monthly Flexible,74164.37,889972.44,48,3,7,4.3,5476,92.5,3,0,11.5,119.1,Full API Mesh & Automation,4,Yes,0.33,Medium,Active - Healthy
CUST-SAAS-00699,Lumina Cloud X,Logistics & Supply Chain,51-200 Employees,Singapore,Startup Tier,Quarterly Invoiced,824.59,9895.08,12,8,7,4.6,58,98.8,8,1,3.7,112.2,Basic Exploratory,0,Yes,0.2,Low,Active - Healthy
CUST-SAAS-00700,Omni Technologies Y,Media & Entertainment,1000-5000 Employees,France,Startup Tier,Multi-Year 3-Yr Strategic,2943.96,35327.52,12,55,9,4.4,39,84.5,1,0,7.3,94.3,Full API Mesh & Automation,1,Yes,0.14,Low,Active - Healthy
CUST-SAAS-00701,Solaris Group Z,Media & Entertainment,51-200 Employees,Singapore,Custom Strategic,Multi-Year 3-Yr Strategic,32819.19,393830.28,36,27,4,2.1,2294,56.2,24,4,42.9,19.7,Deep Advanced,34,No,0.83,Critical,Churned
CUST-SAAS-00702,Prism Biomedical A,Logistics & Supply Chain,201-1000 Employees,Singapore,Startup Tier,Annual Pre-Paid,2314.09,27769.08,12,40,7,4.5,74,77.4,3,0,2.4,90.5,Deep Advanced,7,Yes,0.17,Low,Active - Healthy
CUST-SAAS-00703,Vanguard Solutions B,E-Commerce & Retail,1000-5000 Employees,United Kingdom,Enterprise Plus,Quarterly Invoiced,17508.15,210097.8,24,3,9,4.8,831,90.0,5,0,4.2,175.8,Deep Advanced,2,Yes,0.3,Medium,Active - Healthy
CUST-SAAS-00704,Horizon Robotics C,Telecom & 5G,201-1000 Employees,United Kingdom,Startup Tier,Multi-Year 3-Yr Strategic,3036.86,36442.32,12,36,5,2.3,69,39.7,34,4,30.5,15.9,Core Functional,84,No,0.83,Critical,Under Review
CUST-SAAS-00705,Strata Security D,Manufacturing & Robotics,51-200 Employees,Australia,Custom Strategic,Annual Pre-Paid,74352.35,892228.2,36,43,9,4.4,2804,83.8,4,0,3.3,138.7,Deep Advanced,3,Yes,0.12,Low,Active - Healthy
CUST-SAAS-00706,Aero Dynamics E,Telecom & 5G,201-1000 Employees,Canada,Startup Tier,Multi-Year 3-Yr Strategic,1144.11,13729.32,12,47,1,1.7,65,44.0,16,1,65.4,10.3,Deep Advanced,23,No,0.75,High,Active - At Risk
CUST-SAAS-00707,Pulse Analytics F,E-Commerce & Retail,1000-5000 Employees,Singapore,Startup Tier,Quarterly Invoiced,1764.71,21176.52,12,33,9,4.6,79,76.8,8,1,8.8,104.2,Core Functional,7,Yes,0.16,Low,Active - Healthy
CUST-SAAS-00708,Terra Industries G,Manufacturing & Robotics,10-50 Employees,Switzerland,Professional,Multi-Year 3-Yr Strategic,6176.63,74119.56,12,10,8,4.5,167,86.0,3,0,5.8,105.6,Deep Advanced,6,Yes,0.18,Low,Active - Healthy
CUST-SAAS-00709,Cygnus Systems H,Energy & CleanTech,5000+ Enterprise,United Kingdom,Enterprise Plus,Monthly Flexible,19211.14,230533.68,24,49,8,5.0,1087,85.4,4,0,7.9,151.3,Full API Mesh & Automation,3,Yes,0.14,Low,Active - Healthy
CUST-SAAS-00710,Novus Ventures I,E-Commerce & Retail,1000-5000 Employees,Canada,Enterprise Plus,Annual Pre-Paid,26286.67,315440.04,24,26,10,4.6,620,97.5,3,0,1.8,55.2,Core Functional,1,Yes,0.28,Medium,Active - Healthy
CUST-SAAS-00711,Polaris Logistics J,Healthcare & BioTech,1000-5000 Employees,Australia,Startup Tier,Quarterly Invoiced,1383.98,16607.76,12,59,6,2.4,15,28.5,14,2,28.9,9.3,Core Functional,26,No,0.77,High,Active - At Risk
CUST-SAAS-00712,Echo Global K,SaaS & Enterprise Cloud,1000-5000 Employees,Germany,Startup Tier,Annual Pre-Paid,2891.13,34693.56,12,33,9,5.0,38,89.1,1,0,4.4,164.5,Basic Exploratory,3,Yes,0.22,Low,Active - Healthy
CUST-SAAS-00713,Synthetix Digital L,Telecom & 5G,1000-5000 Employees,Japan,Enterprise Plus,Annual Pre-Paid,25344.85,304138.2,36,2,10,4.0,322,82.2,6,0,4.0,96.3,Core Functional,0,Yes,0.03,Low,Active - Healthy
CUST-SAAS-00714,Vector Enterprises M,Media & Entertainment,51-200 Employees,Germany,Enterprise Plus,Monthly Flexible,19491.7,233900.4,36,10,9,4.1,419,99.0,8,1,3.0,174.4,Core Functional,6,Yes,0.06,Low,Active - Healthy
CUST-SAAS-00715,Zion Networks N,Telecom & 5G,10-50 Employees,Canada,Professional,Annual Pre-Paid,3392.25,40707.0,24,5,10,4.8,56,75.9,7,1,1.7,63.4,Full API Mesh & Automation,1,Yes,0.38,Medium,In Renewal Discussion
CUST-SAAS-00716,Aura Software O,Professional Services & Legal,201-1000 Employees,Germany,Custom Strategic,Monthly Flexible,54287.96,651455.52,36,35,5,1.4,906,26.4,20,5,68.6,17.5,Core Functional,34,Yes,0.96,Critical,Churned
CUST-SAAS-00717,Boreal Capital P,FinTech & Banking,5000+ Enterprise,Switzerland,Custom Strategic,Annual Pre-Paid,89647.09,1075765.08,24,2,1,2.5,5239,51.3,12,1,67.8,9.8,Deep Advanced,64,No,0.79,High,Active - At Risk
CUST-SAAS-00718,Crest Labs Q,Logistics & Supply Chain,201-1000 Employees,France,Enterprise Plus,Monthly Flexible,20850.33,250203.96,36,5,10,4.2,501,79.3,1,1,11.4,65.6,Core Functional,3,Yes,0.23,Low,Active - Healthy
CUST-SAAS-00719,Dynasty Cloud R,Telecom & 5G,201-1000 Employees,United States,Startup Tier,Quarterly Invoiced,2222.38,26668.56,12,36,9,4.5,41,94.7,5,0,8.2,113.3,Deep Advanced,6,Yes,0.15,Low,Active - Healthy
CUST-SAAS-00720,Apex Technologies S,Logistics & Supply Chain,5000+ Enterprise,United States,Startup Tier,Monthly Flexible,2753.58,33042.96,12,48,10,4.2,32,84.0,6,1,10.3,77.7,Deep Advanced,5,Yes,0.25,Medium,Active - Healthy
CUST-SAAS-00721,Nexus Group T,Professional Services & Legal,10-50 Employees,Taiwan,Enterprise Plus,Multi-Year 3-Yr Strategic,19253.59,231043.08,24,1,10,4.7,229,94.7,0,0,2.1,70.4,Basic Exploratory,7,Yes,0.05,Low,Active - Healthy
CUST-SAAS-00722,Vertex Biomedical U,SaaS & Enterprise Cloud,201-1000 Employees,Netherlands,Startup Tier,Quarterly Invoiced,1263.07,15156.84,12,8,9,4.7,40,75.8,6,0,2.7,56.3,Core Functional,6,Yes,0.34,Medium,Active - Healthy
CUST-SAAS-00723,Quantum Solutions V,SaaS & Enterprise Cloud,201-1000 Employees,Germany,Startup Tier,Monthly Flexible,1199.31,14391.72,12,52,7,4.7,32,85.0,3,0,5.6,82.3,Core Functional,6,Yes,0.36,Medium,In Renewal Discussion
CUST-SAAS-00724,Hyperion Robotics W,Healthcare & BioTech,1000-5000 Employees,United Kingdom,Enterprise Plus,Annual Pre-Paid,26178.64,314143.68,12,7,4,1.4,539,49.4,22,1,52.9,15.4,Deep Advanced,54,No,0.64,High,Active - At Risk
CUST-SAAS-00725,Aegis Security X,FinTech & Banking,5000+ Enterprise,United Kingdom,Startup Tier,Annual Pre-Paid,2819.61,33835.32,12,27,8,4.6,52,77.2,2,0,12.0,94.2,Core Functional,5,Yes,0.31,Medium,Active - Healthy
CUST-SAAS-00726,Cobalt Dynamics Y,Telecom & 5G,51-200 Employees,Taiwan,Startup Tier,Multi-Year 3-Yr Strategic,2365.18,28382.16,12,10,10,4.5,13,79.2,1,0,5.8,145.2,Core Functional,0,Yes,0.23,Low,Active - Healthy
CUST-SAAS-00727,Starlight Analytics Z,Telecom & 5G,1000-5000 Employees,Australia,Custom Strategic,Quarterly Invoiced,30680.73,368168.76,36,3,7,4.5,5251,92.4,3,0,9.0,161.6,Deep Advanced,7,Yes,0.26,Medium,Active - Healthy
CUST-SAAS-00728,Titan Industries A,E-Commerce & Retail,1000-5000 Employees,United Kingdom,Enterprise Plus,Monthly Flexible,26933.68,323204.16,36,26,8,4.1,386,79.1,1,0,11.5,57.6,Core Functional,4,Yes,0.11,Low,Active - Healthy
CUST-SAAS-00729,Lumina Systems B,Manufacturing & Robotics,5000+ Enterprise,Taiwan,Enterprise Plus,Quarterly Invoiced,27356.91,328282.92,24,5,8,4.4,594,92.1,7,1,10.8,80.6,Deep Advanced,0,Yes,0.16,Low,Active - Healthy
CUST-SAAS-00730,Omni Ventures C,Manufacturing & Robotics,201-1000 Employees,Switzerland,Startup Tier,Quarterly Invoiced,1941.41,23296.92,12,13,7,4.6,10,75.7,1,1,5.7,167.4,Basic Exploratory,7,Yes,0.06,Low,Active - Healthy
CUST-SAAS-00731,Solaris Logistics D,Healthcare & BioTech,10-50 Employees,Switzerland,Professional,Monthly Flexible,4385.91,52630.92,12,43,7,4.5,86,83.9,0,1,11.6,108.5,Deep Advanced,6,Yes,0.32,Medium,Active - Healthy
CUST-SAAS-00732,Prism Global E,FinTech & Banking,10-50 Employees,United Kingdom,Startup Tier,Quarterly Invoiced,1497.85,17974.2,12,50,7,4.7,26,78.1,7,0,11.6,160.0,Core Functional,1,Yes,0.33,Medium,Active - Healthy
CUST-SAAS-00733,Vanguard Digital F,Manufacturing & Robotics,51-200 Employees,Taiwan,Startup Tier,Annual Pre-Paid,1408.35,16900.2,12,21,10,4.9,70,98.8,2,0,9.4,64.7,Full API Mesh & Automation,3,Yes,0.04,Low,Active - Healthy
CUST-SAAS-00734,Horizon Enterprises G,Manufacturing & Robotics,51-200 Employees,United Kingdom,Startup Tier,Monthly Flexible,3009.36,36112.32,12,26,5,3.0,43,55.3,27,3,28.7,18.1,Core Functional,33,No,0.77,High,Under Review
CUST-SAAS-00735,Strata Networks H,Healthcare & BioTech,1000-5000 Employees,Taiwan,Custom Strategic,Quarterly Invoiced,47732.62,572791.44,24,28,9,4.6,1307,77.6,5,0,1.9,88.7,Core Functional,4,Yes,0.27,Medium,Active - Healthy
CUST-SAAS-00736,Aero Software I,Logistics & Supply Chain,10-50 Employees,Japan,Enterprise Plus,Monthly Flexible,23113.77,277365.24,12,49,10,4.5,365,86.3,0,0,7.1,122.8,Basic Exploratory,5,Yes,0.16,Low,Active - Healthy
CUST-SAAS-00737,Pulse Capital J,Energy & CleanTech,5000+ Enterprise,Japan,Startup Tier,Quarterly Invoiced,1055.55,12666.6,12,41,9,4.6,51,84.3,7,0,6.7,77.1,Full API Mesh & Automation,3,Yes,0.26,Medium,Active - Healthy
CUST-SAAS-00738,Terra Labs K,SaaS & Enterprise Cloud,1000-5000 Employees,Netherlands,Custom Strategic,Annual Pre-Paid,31564.54,378774.48,36,50,9,4.8,4612,76.2,1,0,10.3,110.3,Core Functional,5,Yes,0.37,Medium,In Renewal Discussion
CUST-SAAS-00739,Cygnus Cloud L,Logistics & Supply Chain,10-50 Employees,United Kingdom,Startup Tier,Quarterly Invoiced,2291.31,27495.72,12,18,9,4.2,67,90.0,0,0,9.8,171.6,Core Functional,0,Yes,0.19,Low,Active - Healthy
CUST-SAAS-00740,Novus Technologies M,Energy & CleanTech,10-50 Employees,France,Enterprise Plus,Monthly Flexible,22868.51,274422.12,24,33,2,2.8,965,46.0,27,5,54.5,6.0,Deep Advanced,23,No,0.65,High,Under Review
CUST-SAAS-00741,Polaris Group N,FinTech & Banking,1000-5000 Employees,Germany,Custom Strategic,Annual Pre-Paid,60736.57,728838.84,48,4,8,4.1,5875,90.1,1,0,8.5,60.9,Core Functional,5,Yes,0.34,Medium,Active - Healthy
CUST-SAAS-00742,Echo Biomedical O,E-Commerce & Retail,51-200 Employees,Japan,Startup Tier,Multi-Year 3-Yr Strategic,1590.38,19084.56,12,32,1,3.0,72,30.8,30,2,48.9,9.9,Deep Advanced,68,Yes,0.79,High,Active - At Risk
CUST-SAAS-00743,Synthetix Solutions P,Healthcare & BioTech,51-200 Employees,Taiwan,Professional,Monthly Flexible,7242.61,86911.32,24,10,6,2.3,136,35.2,30,4,65.4,6.1,Core Functional,26,No,0.67,High,Under Review
CUST-SAAS-00744,Vector Robotics Q,FinTech & Banking,1000-5000 Employees,Netherlands,Professional,Monthly Flexible,4695.88,56350.56,24,30,6,2.6,300,29.5,12,3,26.4,21.8,Core Functional,56,No,0.97,Critical,Under Review
CUST-SAAS-00745,Zion Security R,Professional Services & Legal,10-50 Employees,Netherlands,Enterprise Plus,Quarterly Invoiced,22092.66,265111.92,36,32,8,4.4,1156,80.6,2,0,6.3,92.0,Basic Exploratory,2,Yes,0.28,Medium,Active - Healthy
CUST-SAAS-00746,Aura Dynamics S,Media & Entertainment,10-50 Employees,Germany,Professional,Annual Pre-Paid,4555.8,54669.6,12,43,7,4.2,92,98.6,3,0,1.8,89.3,Core Functional,5,Yes,0.26,Medium,Active - Healthy
CUST-SAAS-00747,Boreal Analytics T,Manufacturing & Robotics,1000-5000 Employees,Netherlands,Enterprise Plus,Quarterly Invoiced,22517.85,270214.2,12,14,6,1.5,499,35.6,15,2,67.5,14.8,Basic Exploratory,45,No,0.87,Critical,Churned
CUST-SAAS-00748,Crest Industries U,Government & Public Sector,201-1000 Employees,Japan,Startup Tier,Multi-Year 3-Yr Strategic,1952.09,23425.08,12,23,10,5.0,77,85.6,3,0,3.3,75.4,Core Functional,1,Yes,0.36,Medium,In Renewal Discussion
CUST-SAAS-00749,Dynasty Systems V,E-Commerce & Retail,1000-5000 Employees,Switzerland,Startup Tier,Annual Pre-Paid,2281.45,27377.4,12,29,1,2.6,36,50.5,10,4,64.4,8.9,Core Functional,83,No,0.71,High,Active - At Risk
CUST-SAAS-00750,Apex Ventures W,Logistics & Supply Chain,201-1000 Employees,Switzerland,Custom Strategic,Multi-Year 3-Yr Strategic,63061.08,756732.96,24,51,1,2.7,2329,26.0,26,3,43.0,9.0,Basic Exploratory,60,No,0.93,Critical,Active - At Risk
CUST-SAAS-00751,Nexus Logistics X,Telecom & 5G,51-200 Employees,Singapore,Enterprise Plus,Multi-Year 3-Yr Strategic,25227.07,302724.84,24,43,5,1.3,357,26.9,25,2,51.1,19.2,Full API Mesh & Automation,80,No,0.95,Critical,Under Review
CUST-SAAS-00752,Vertex Global Y,Logistics & Supply Chain,5000+ Enterprise,France,Professional,Quarterly Invoiced,6350.39,76204.68,24,30,3,2.1,152,26.1,17,1,39.4,21.5,Full API Mesh & Automation,44,No,0.9,Critical,Churned
CUST-SAAS-00753,Quantum Digital Z,Media & Entertainment,1000-5000 Employees,United States,Custom Strategic,Multi-Year 3-Yr Strategic,78588.54,943062.48,24,7,7,4.7,1242,93.6,1,1,11.9,124.7,Core Functional,5,Yes,0.03,Low,Active - Healthy
CUST-SAAS-00754,Hyperion Enterprises A,Logistics & Supply Chain,51-200 Employees,United Kingdom,Professional,Quarterly Invoiced,7453.66,89443.92,12,32,10,4.0,289,77.4,3,0,8.1,73.5,Core Functional,6,Yes,0.21,Low,Active - Healthy
CUST-SAAS-00755,Aegis Networks B,FinTech & Banking,10-50 Employees,Taiwan,Enterprise Plus,Multi-Year 3-Yr Strategic,9856.59,118279.08,12,26,3,2.2,347,33.0,30,3,30.1,11.9,Basic Exploratory,48,No,0.75,High,Under Review
CUST-SAAS-00756,Cobalt Software C,Media & Entertainment,201-1000 Employees,Germany,Startup Tier,Quarterly Invoiced,2519.61,30235.32,12,25,10,4.6,38,90.5,1,0,10.1,178.2,Basic Exploratory,0,Yes,0.19,Low,Active - Healthy
CUST-SAAS-00757,Starlight Capital D,SaaS & Enterprise Cloud,201-1000 Employees,Singapore,Startup Tier,Annual Pre-Paid,2164.09,25969.08,12,35,9,4.3,63,95.6,6,0,8.9,179.9,Deep Advanced,1,Yes,0.18,Low,Active - Healthy
CUST-SAAS-00758,Titan Labs E,E-Commerce & Retail,10-50 Employees,Singapore,Enterprise Plus,Annual Pre-Paid,26604.4,319252.8,36,58,3,3.2,890,51.0,29,3,44.2,20.3,Full API Mesh & Automation,49,Yes,0.64,High,Churned
CUST-SAAS-00759,Lumina Cloud F,Telecom & 5G,5000+ Enterprise,Netherlands,Professional,Annual Pre-Paid,9010.91,108130.92,12,15,7,4.3,76,75.5,0,0,8.1,52.0,Deep Advanced,7,Yes,0.05,Low,Active - Healthy
CUST-SAAS-00760,Omni Technologies G,Manufacturing & Robotics,1000-5000 Employees,Singapore,Enterprise Plus,Quarterly Invoiced,9105.59,109267.08,12,3,7,4.0,177,88.2,6,0,5.3,129.1,Full API Mesh & Automation,6,Yes,0.1,Low,Active - Healthy
CUST-SAAS-00761,Solaris Group H,Telecom & 5G,51-200 Employees,Singapore,Custom Strategic,Annual Pre-Paid,44743.78,536925.36,48,39,3,2.1,5259,48.0,12,3,45.3,3.4,Basic Exploratory,38,No,0.84,Critical,Active - At Risk
CUST-SAAS-00762,Prism Biomedical I,Energy & CleanTech,10-50 Employees,Germany,Startup Tier,Monthly Flexible,1646.97,19763.64,12,4,7,4.4,57,86.0,5,0,4.7,59.7,Basic Exploratory,0,Yes,0.32,Medium,Active - Healthy
CUST-SAAS-00763,Vanguard Solutions J,Logistics & Supply Chain,201-1000 Employees,United Kingdom,Custom Strategic,Quarterly Invoiced,58671.9,704062.8,36,43,8,4.8,6412,92.5,1,0,8.8,165.5,Full API Mesh & Automation,2,Yes,0.06,Low,Active - Healthy
CUST-SAAS-00764,Horizon Robotics K,Media & Entertainment,1000-5000 Employees,United States,Professional,Quarterly Invoiced,4997.38,59968.56,24,27,9,4.3,91,81.3,6,0,9.5,131.9,Core Functional,2,Yes,0.13,Low,Active - Healthy
CUST-SAAS-00765,Strata Security L,E-Commerce & Retail,5000+ Enterprise,United Kingdom,Startup Tier,Multi-Year 3-Yr Strategic,2873.47,34481.64,12,18,9,4.8,26,92.9,2,0,6.3,141.8,Deep Advanced,1,Yes,0.12,Low,Active - Healthy
CUST-SAAS-00766,Aero Dynamics M,Energy & CleanTech,5000+ Enterprise,Taiwan,Startup Tier,Annual Pre-Paid,2178.64,26143.68,12,25,9,4.9,49,89.0,3,1,9.9,65.9,Full API Mesh & Automation,4,Yes,0.32,Medium,Active - Healthy
CUST-SAAS-00767,Pulse Analytics N,Energy & CleanTech,10-50 Employees,Switzerland,Custom Strategic,Multi-Year 3-Yr Strategic,58489.3,701871.6,48,44,10,4.8,5731,81.9,7,1,6.3,51.1,Basic Exploratory,3,Yes,0.07,Low,Active - Healthy
CUST-SAAS-00768,Terra Industries O,Government & Public Sector,10-50 Employees,France,Custom Strategic,Annual Pre-Paid,54641.81,655701.72,48,29,10,4.8,5182,89.7,6,0,11.5,146.7,Deep Advanced,1,Yes,0.24,Low,Active - Healthy
CUST-SAAS-00769,Cygnus Systems P,E-Commerce & Retail,1000-5000 Employees,Taiwan,Professional,Quarterly Invoiced,6749.63,80995.56,12,29,10,4.8,97,83.0,0,0,5.2,146.5,Deep Advanced,7,Yes,0.06,Low,Active - Healthy
CUST-SAAS-00770,Novus Ventures Q,Professional Services & Legal,1000-5000 Employees,Japan,Custom Strategic,Monthly Flexible,28248.57,338982.84,36,51,10,4.9,2773,98.6,1,0,5.2,105.8,Deep Advanced,7,Yes,0.04,Low,Active - Healthy
CUST-SAAS-00771,Polaris Logistics R,FinTech & Banking,10-50 Employees,Singapore,Enterprise Plus,Quarterly Invoiced,13864.9,166378.8,24,41,9,4.5,223,81.5,5,0,5.6,130.0,Deep Advanced,7,Yes,0.35,Medium,In Renewal Discussion
CUST-SAAS-00772,Echo Global S,Telecom & 5G,201-1000 Employees,Singapore,Custom Strategic,Monthly Flexible,90956.32,1091475.84,48,14,9,4.7,3858,98.8,2,0,11.0,90.1,Full API Mesh & Automation,5,Yes,0.3,Medium,Active - Healthy
CUST-SAAS-00773,Synthetix Digital T,E-Commerce & Retail,1000-5000 Employees,Australia,Professional,Multi-Year 3-Yr Strategic,6086.22,73034.64,24,57,7,4.9,299,93.4,8,0,4.4,171.7,Full API Mesh & Automation,2,Yes,0.25,Medium,Active - Healthy
CUST-SAAS-00774,Vector Enterprises U,Media & Entertainment,10-50 Employees,Japan,Custom Strategic,Monthly Flexible,81766.95,981203.4,48,51,10,4.4,754,79.9,4,0,3.3,167.1,Basic Exploratory,4,Yes,0.15,Low,Active - Healthy
CUST-SAAS-00775,Zion Networks V,Logistics & Supply Chain,5000+ Enterprise,Canada,Startup Tier,Monthly Flexible,1651.73,19820.76,12,32,10,4.7,71,89.1,4,0,6.7,101.7,Basic Exploratory,4,Yes,0.04,Low,Active - Healthy
CUST-SAAS-00776,Aura Software W,Media & Entertainment,51-200 Employees,Switzerland,Custom Strategic,Quarterly Invoiced,26519.48,318233.76,48,52,5,1.6,4356,42.5,9,1,42.6,3.7,Core Functional,68,No,0.79,High,Active - At Risk
CUST-SAAS-00777,Boreal Capital X,FinTech & Banking,1000-5000 Employees,Switzerland,Startup Tier,Annual Pre-Paid,2057.33,24687.96,12,14,9,4.8,35,79.4,0,0,11.4,109.8,Core Functional,3,Yes,0.38,Medium,In Renewal Discussion
CUST-SAAS-00778,Crest Labs Y,Manufacturing & Robotics,5000+ Enterprise,Taiwan,Startup Tier,Annual Pre-Paid,1016.69,12200.28,12,44,9,4.9,58,85.5,1,0,8.8,122.3,Core Functional,4,Yes,0.11,Low,Active - Healthy
CUST-SAAS-00779,Dynasty Cloud Z,Healthcare & BioTech,10-50 Employees,France,Professional,Monthly Flexible,9457.73,113492.76,12,28,9,4.1,174,89.1,1,0,1.8,70.5,Basic Exploratory,3,Yes,0.35,Medium,In Renewal Discussion
CUST-SAAS-00780,Apex Technologies A,Telecom & 5G,5000+ Enterprise,Canada,Custom Strategic,Monthly Flexible,70241.24,842894.88,36,14,9,4.8,1763,97.2,8,0,9.1,93.2,Deep Advanced,4,Yes,0.21,Low,Active - Healthy
CUST-SAAS-00781,Nexus Group B,Media & Entertainment,51-200 Employees,Australia,Custom Strategic,Multi-Year 3-Yr Strategic,46454.38,557452.56,48,50,8,4.0,5660,99.9,2,1,6.5,63.4,Basic Exploratory,1,Yes,0.23,Low,Active - Healthy
CUST-SAAS-00782,Vertex Biomedical C,Media & Entertainment,51-200 Employees,Singapore,Startup Tier,Quarterly Invoiced,1646.0,19752.0,12,28,8,4.3,30,78.6,4,0,8.9,78.2,Full API Mesh & Automation,7,Yes,0.36,Medium,In Renewal Discussion
CUST-SAAS-00783,Quantum Solutions D,Logistics & Supply Chain,5000+ Enterprise,Japan,Enterprise Plus,Annual Pre-Paid,24225.4,290704.8,36,29,4,2.3,1043,39.6,23,5,42.4,16.2,Full API Mesh & Automation,20,No,0.87,Critical,Active - At Risk
CUST-SAAS-00784,Hyperion Robotics E,Government & Public Sector,1000-5000 Employees,Singapore,Professional,Quarterly Invoiced,3652.16,43825.92,24,15,5,1.3,288,28.4,8,3,25.0,3.8,Core Functional,15,No,0.64,High,Under Review
CUST-SAAS-00785,Aegis Security F,SaaS & Enterprise Cloud,1000-5000 Employees,United States,Professional,Monthly Flexible,5368.68,64424.16,12,40,9,4.3,189,75.8,1,0,5.4,166.9,Deep Advanced,1,Yes,0.06,Low,Active - Healthy
CUST-SAAS-00786,Cobalt Dynamics G,Energy & CleanTech,201-1000 Employees,Singapore,Custom Strategic,Monthly Flexible,84034.11,1008409.32,24,31,1,2.8,2293,28.0,30,1,71.4,17.9,Full API Mesh & Automation,49,No,0.96,Critical,Under Review
CUST-SAAS-00787,Starlight Analytics H,FinTech & Banking,1000-5000 Employees,Japan,Startup Tier,Multi-Year 3-Yr Strategic,3064.93,36779.16,12,14,8,4.8,66,77.4,7,0,8.4,56.3,Deep Advanced,0,Yes,0.34,Medium,Active - Healthy
CUST-SAAS-00788,Titan Industries I,Government & Public Sector,51-200 Employees,Canada,Professional,Annual Pre-Paid,8376.06,100512.72,12,47,9,4.0,121,96.2,0,0,3.7,96.5,Full API Mesh & Automation,4,Yes,0.23,Low,Active - Healthy
CUST-SAAS-00789,Lumina Systems J,FinTech & Banking,51-200 Employees,Switzerland,Enterprise Plus,Annual Pre-Paid,27541.14,330493.68,24,22,7,4.8,661,99.8,7,0,10.2,141.0,Deep Advanced,0,Yes,0.03,Low,Active - Healthy
CUST-SAAS-00790,Omni Ventures K,Telecom & 5G,10-50 Employees,United Kingdom,Enterprise Plus,Multi-Year 3-Yr Strategic,26531.76,318381.12,36,37,10,4.1,380,94.9,2,0,7.8,70.7,Full API Mesh & Automation,4,Yes,0.37,Medium,In Renewal Discussion
CUST-SAAS-00791,Solaris Logistics L,Logistics & Supply Chain,5000+ Enterprise,Canada,Custom Strategic,Annual Pre-Paid,84314.25,1011771.0,36,54,10,4.1,4615,85.0,7,0,10.3,67.8,Basic Exploratory,4,Yes,0.11,Low,Active - Healthy
CUST-SAAS-00792,Prism Global M,Media & Entertainment,5000+ Enterprise,Taiwan,Custom Strategic,Annual Pre-Paid,79625.23,955502.76,36,55,7,4.7,3264,89.0,2,0,6.7,152.1,Basic Exploratory,4,Yes,0.32,Medium,Active - Healthy
CUST-SAAS-00793,Vanguard Digital N,Media & Entertainment,10-50 Employees,Singapore,Startup Tier,Annual Pre-Paid,2162.05,25944.6,12,23,7,4.6,52,97.2,6,0,7.3,159.8,Deep Advanced,5,Yes,0.11,Low,Active - Healthy
CUST-SAAS-00794,Horizon Enterprises O,Healthcare & BioTech,201-1000 Employees,Taiwan,Professional,Quarterly Invoiced,7977.4,95728.8,24,51,7,4.7,292,99.5,0,0,10.1,75.7,Full API Mesh & Automation,6,Yes,0.34,Medium,Active - Healthy
CUST-SAAS-00795,Strata Networks P,Energy & CleanTech,201-1000 Employees,Netherlands,Custom Strategic,Annual Pre-Paid,45531.99,546383.88,36,27,7,4.3,1014,91.3,0,0,5.5,117.8,Basic Exploratory,7,Yes,0.04,Low,Active - Healthy
CUST-SAAS-00796,Aero Software Q,Manufacturing & Robotics,51-200 Employees,Canada,Enterprise Plus,Monthly Flexible,11929.07,143148.84,12,26,7,4.7,1107,75.9,5,0,10.6,150.8,Full API Mesh & Automation,5,Yes,0.31,Medium,Active - Healthy
CUST-SAAS-00797,Pulse Capital R,FinTech & Banking,10-50 Employees,Australia,Enterprise Plus,Annual Pre-Paid,22496.82,269961.84,36,1,10,4.6,162,77.6,2,0,11.7,93.9,Full API Mesh & Automation,6,Yes,0.25,Medium,Active - Healthy
CUST-SAAS-00798,Terra Labs S,Logistics & Supply Chain,10-50 Employees,Canada,Custom Strategic,Monthly Flexible,34185.89,410230.68,24,47,2,2.4,5448,46.0,15,3,52.1,4.7,Deep Advanced,40,Yes,0.91,Critical,Active - At Risk
CUST-SAAS-00799,Cygnus Cloud T,E-Commerce & Retail,1000-5000 Employees,Germany,Enterprise Plus,Monthly Flexible,19159.99,229919.88,12,54,9,4.8,1015,83.6,0,1,8.6,58.8,Deep Advanced,0,Yes,0.23,Low,Active - Healthy
CUST-SAAS-00800,Novus Technologies U,Manufacturing & Robotics,1000-5000 Employees,Switzerland,Custom Strategic,Annual Pre-Paid,31342.29,376107.48,48,22,8,4.1,1853,78.7,3,0,9.3,161.1,Basic Exploratory,0,Yes,0.2,Low,Active - Healthy
CUST-SAAS-00801,Polaris Group V,Healthcare & BioTech,1000-5000 Employees,Switzerland,Professional,Annual Pre-Paid,7778.96,93347.52,24,30,3,3.2,163,39.5,27,3,66.5,16.3,Full API Mesh & Automation,54,Yes,0.76,High,Active - At Risk
CUST-SAAS-00802,Echo Biomedical W,Media & Entertainment,51-200 Employees,Netherlands,Custom Strategic,Quarterly Invoiced,62918.13,755017.56,36,25,7,4.1,2079,98.2,5,0,10.5,114.3,Core Functional,3,Yes,0.31,Medium,Active - Healthy
CUST-SAAS-00803,Synthetix Solutions X,E-Commerce & Retail,201-1000 Employees,Taiwan,Enterprise Plus,Annual Pre-Paid,24296.37,291556.44,12,40,10,4.6,943,97.8,7,0,10.1,167.3,Core Functional,7,Yes,0.31,Medium,Active - Healthy
CUST-SAAS-00804,Vector Robotics Y,Professional Services & Legal,201-1000 Employees,United Kingdom,Startup Tier,Annual Pre-Paid,2335.33,28023.96,12,25,9,4.5,65,98.9,3,1,9.4,151.7,Deep Advanced,3,Yes,0.29,Medium,Active - Healthy
CUST-SAAS-00805,Zion Security Z,Media & Entertainment,10-50 Employees,Japan,Enterprise Plus,Monthly Flexible,9024.93,108299.16,36,57,3,2.4,1166,40.4,35,2,46.6,16.3,Deep Advanced,14,No,0.84,Critical,Active - At Risk
CUST-SAAS-00806,Aura Dynamics A,Energy & CleanTech,51-200 Employees,United States,Enterprise Plus,Monthly Flexible,9280.37,111364.44,24,11,10,4.3,198,83.0,1,1,1.5,172.4,Basic Exploratory,0,Yes,0.25,Medium,Active - Healthy
CUST-SAAS-00807,Boreal Analytics B,Healthcare & BioTech,5000+ Enterprise,France,Enterprise Plus,Monthly Flexible,15239.66,182875.92,24,58,7,4.5,579,87.5,2,0,1.8,66.6,Full API Mesh & Automation,2,Yes,0.3,Medium,Active - Healthy
CUST-SAAS-00808,Crest Industries C,E-Commerce & Retail,201-1000 Employees,Singapore,Professional,Multi-Year 3-Yr Strategic,3085.46,37025.52,12,5,9,4.9,224,95.0,1,0,3.1,108.2,Full API Mesh & Automation,1,Yes,0.22,Low,Active - Healthy
CUST-SAAS-00809,Dynasty Systems D,Professional Services & Legal,201-1000 Employees,United States,Enterprise Plus,Annual Pre-Paid,12957.02,155484.24,36,57,9,4.1,396,75.6,0,0,2.5,84.1,Basic Exploratory,2,Yes,0.28,Medium,Active - Healthy
CUST-SAAS-00810,Apex Ventures E,Logistics & Supply Chain,201-1000 Employees,Switzerland,Startup Tier,Quarterly Invoiced,2563.94,30767.28,12,5,8,4.2,57,89.0,2,0,8.9,64.6,Deep Advanced,6,Yes,0.34,Medium,Active - Healthy
CUST-SAAS-00811,Nexus Logistics F,Logistics & Supply Chain,51-200 Employees,France,Custom Strategic,Multi-Year 3-Yr Strategic,27942.96,335315.52,24,24,2,2.5,6024,29.9,20,1,41.6,6.6,Core Functional,19,No,0.92,Critical,Active - At Risk
CUST-SAAS-00812,Vertex Global G,Logistics & Supply Chain,51-200 Employees,Netherlands,Enterprise Plus,Annual Pre-Paid,11601.17,139214.04,24,37,10,4.4,292,83.7,4,1,6.0,73.0,Basic Exploratory,6,Yes,0.27,Medium,Active - Healthy
CUST-SAAS-00813,Quantum Digital H,Professional Services & Legal,201-1000 Employees,Singapore,Enterprise Plus,Quarterly Invoiced,27094.19,325130.28,36,24,5,2.5,390,45.4,11,3,42.3,7.4,Core Functional,27,No,0.83,Critical,Churned
CUST-SAAS-00814,Hyperion Enterprises I,SaaS & Enterprise Cloud,10-50 Employees,Germany,Professional,Annual Pre-Paid,4827.74,57932.88,12,53,8,4.1,163,87.4,6,0,3.0,48.7,Basic Exploratory,2,Yes,0.11,Low,Active - Healthy
CUST-SAAS-00815,Aegis Networks J,Manufacturing & Robotics,51-200 Employees,France,Custom Strategic,Monthly Flexible,55011.9,660142.8,36,3,8,4.4,4328,98.8,2,0,6.5,113.3,Basic Exploratory,6,Yes,0.09,Low,Active - Healthy
CUST-SAAS-00816,Cobalt Software K,Telecom & 5G,51-200 Employees,Australia,Professional,Annual Pre-Paid,8480.38,101764.56,12,13,7,4.6,143,82.4,0,0,9.9,123.4,Full API Mesh & Automation,2,Yes,0.2,Low,Active - Healthy
CUST-SAAS-00817,Starlight Capital L,Telecom & 5G,10-50 Employees,France,Custom Strategic,Multi-Year 3-Yr Strategic,32301.88,387622.56,48,43,10,4.8,4653,97.0,6,0,11.3,137.6,Full API Mesh & Automation,1,Yes,0.22,Low,Active - Healthy
CUST-SAAS-00818,Titan Labs M,FinTech & Banking,10-50 Employees,Canada,Custom Strategic,Annual Pre-Paid,86267.05,1035204.6,24,38,6,3.1,4484,25.8,19,2,50.1,8.1,Full API Mesh & Automation,55,No,0.82,Critical,Active - At Risk
CUST-SAAS-00819,Lumina Cloud N,Government & Public Sector,51-200 Employees,Germany,Enterprise Plus,Annual Pre-Paid,21650.7,259808.4,36,39,8,4.1,1084,90.4,8,0,3.7,120.4,Deep Advanced,0,Yes,0.35,Medium,In Renewal Discussion
CUST-SAAS-00820,Omni Technologies O,Manufacturing & Robotics,201-1000 Employees,France,Custom Strategic,Annual Pre-Paid,91088.61,1093063.32,36,16,4,3.2,4874,31.0,18,5,42.1,17.9,Full API Mesh & Automation,31,No,0.7,High,Active - At Risk
CUST-SAAS-00821,Solaris Group P,Media & Entertainment,1000-5000 Employees,Taiwan,Startup Tier,Quarterly Invoiced,3012.56,36150.72,12,41,8,4.6,70,86.1,8,0,7.3,158.7,Deep Advanced,3,Yes,0.08,Low,Active - Healthy
CUST-SAAS-00822,Prism Biomedical Q,SaaS & Enterprise Cloud,1000-5000 Employees,United Kingdom,Professional,Monthly Flexible,7777.19,93326.28,24,19,7,4.3,51,80.0,5,0,11.5,58.3,Core Functional,7,Yes,0.05,Low,Active - Healthy
CUST-SAAS-00823,Vanguard Solutions R,Healthcare & BioTech,1000-5000 Employees,Switzerland,Enterprise Plus,Monthly Flexible,27661.51,331938.12,24,39,9,4.2,1134,83.8,1,0,7.2,105.7,Full API Mesh & Automation,0,Yes,0.33,Medium,Active - Healthy
CUST-SAAS-00824,Horizon Robotics S,Media & Entertainment,1000-5000 Employees,Germany,Startup Tier,Quarterly Invoiced,2779.79,33357.48,12,34,10,4.3,66,99.3,0,0,5.0,105.6,Full API Mesh & Automation,6,Yes,0.07,Low,Active - Healthy
CUST-SAAS-00825,Strata Security T,Energy & CleanTech,201-1000 Employees,Canada,Enterprise Plus,Multi-Year 3-Yr Strategic,15005.82,180069.84,24,10,10,4.4,765,79.1,2,0,7.5,52.4,Full API Mesh & Automation,7,Yes,0.37,Medium,In Renewal Discussion
CUST-SAAS-00826,Aero Dynamics U,Logistics & Supply Chain,5000+ Enterprise,Taiwan,Startup Tier,Monthly Flexible,2398.9,28786.8,12,21,9,4.1,22,91.8,8,0,9.0,170.3,Core Functional,6,Yes,0.21,Low,Active - Healthy
CUST-SAAS-00827,Pulse Analytics V,Government & Public Sector,51-200 Employees,Japan,Custom Strategic,Multi-Year 3-Yr Strategic,35859.47,430313.64,48,28,10,4.2,2571,85.0,6,1,11.8,53.2,Basic Exploratory,5,Yes,0.2,Low,Active - Healthy
CUST-SAAS-00828,Terra Industries W,Energy & CleanTech,201-1000 Employees,Japan,Custom Strategic,Annual Pre-Paid,74422.33,893067.96,48,27,2,2.6,1818,38.6,8,4,25.5,18.8,Basic Exploratory,33,No,0.72,High,Churned
CUST-SAAS-00829,Cygnus Systems X,Government & Public Sector,1000-5000 Employees,United Kingdom,Enterprise Plus,Annual Pre-Paid,19764.76,237177.12,12,4,10,4.4,163,76.0,5,0,11.4,171.3,Deep Advanced,3,Yes,0.05,Low,Active - Healthy
CUST-SAAS-00830,Novus Ventures Y,Media & Entertainment,51-200 Employees,Switzerland,Custom Strategic,Quarterly Invoiced,85353.69,1024244.28,48,11,7,4.9,6159,92.2,5,0,9.0,90.9,Basic Exploratory,7,Yes,0.32,Medium,Active - Healthy
CUST-SAAS-00831,Polaris Logistics Z,Logistics & Supply Chain,51-200 Employees,Germany,Startup Tier,Monthly Flexible,3180.45,38165.4,12,53,10,4.6,57,93.8,1,0,6.2,129.7,Basic Exploratory,6,Yes,0.04,Low,Active - Healthy
CUST-SAAS-00832,Echo Global A,Logistics & Supply Chain,10-50 Employees,Japan,Enterprise Plus,Annual Pre-Paid,21147.28,253767.36,24,2,8,4.1,218,95.8,7,1,11.0,79.7,Full API Mesh & Automation,4,Yes,0.25,Medium,Active - Healthy
CUST-SAAS-00833,Synthetix Digital B,Telecom & 5G,51-200 Employees,Canada,Enterprise Plus,Annual Pre-Paid,25099.97,301199.64,12,32,9,4.1,732,79.8,6,0,6.8,139.7,Full API Mesh & Automation,5,Yes,0.32,Medium,Active - Healthy
CUST-SAAS-00834,Vector Enterprises C,Telecom & 5G,201-1000 Employees,Netherlands,Custom Strategic,Quarterly Invoiced,64464.6,773575.2,48,4,7,4.7,2034,94.1,5,0,9.8,116.5,Basic Exploratory,2,Yes,0.04,Low,Active - Healthy
CUST-SAAS-00835,Zion Networks D,Media & Entertainment,201-1000 Employees,Japan,Startup Tier,Multi-Year 3-Yr Strategic,2305.23,27662.76,12,39,10,4.7,27,89.8,4,0,4.5,75.8,Full API Mesh & Automation,2,Yes,0.13,Low,Active - Healthy
CUST-SAAS-00836,Aura Software E,Energy & CleanTech,1000-5000 Employees,Australia,Enterprise Plus,Annual Pre-Paid,14603.77,175245.24,24,9,10,4.7,1080,91.5,7,0,10.6,144.7,Basic Exploratory,3,Yes,0.13,Low,Active - Healthy
CUST-SAAS-00837,Boreal Capital F,Media & Entertainment,1000-5000 Employees,Switzerland,Startup Tier,Annual Pre-Paid,877.26,10527.12,12,36,8,4.6,66,78.3,2,0,4.1,96.2,Core Functional,4,Yes,0.07,Low,Active - Healthy
CUST-SAAS-00838,Crest Labs G,Media & Entertainment,201-1000 Employees,France,Enterprise Plus,Monthly Flexible,27422.6,329071.2,12,19,7,4.0,518,80.7,5,0,7.5,57.0,Deep Advanced,4,Yes,0.26,Medium,Active - Healthy
CUST-SAAS-00839,Dynasty Cloud H,Media & Entertainment,201-1000 Employees,United Kingdom,Professional,Multi-Year 3-Yr Strategic,4864.34,58372.08,24,4,10,4.7,180,98.5,8,0,5.9,133.1,Deep Advanced,1,Yes,0.11,Low,Active - Healthy
CUST-SAAS-00840,Apex Technologies I,Government & Public Sector,201-1000 Employees,Japan,Enterprise Plus,Monthly Flexible,19257.65,231091.8,36,55,7,4.7,701,76.8,3,1,9.1,61.7,Basic Exploratory,2,Yes,0.06,Low,Active - Healthy
CUST-SAAS-00841,Nexus Group J,E-Commerce & Retail,1000-5000 Employees,Taiwan,Professional,Annual Pre-Paid,9318.81,111825.72,12,17,10,5.0,203,76.3,8,0,9.6,130.8,Basic Exploratory,7,Yes,0.04,Low,Active - Healthy
CUST-SAAS-00842,Vertex Biomedical K,Logistics & Supply Chain,10-50 Employees,Netherlands,Enterprise Plus,Annual Pre-Paid,21130.76,253569.12,12,43,4,2.1,938,50.4,16,2,30.2,9.7,Deep Advanced,33,Yes,0.84,Critical,Active - At Risk
CUST-SAAS-00843,Quantum Solutions L,Logistics & Supply Chain,10-50 Employees,Australia,Professional,Monthly Flexible,6927.73,83132.76,24,43,8,4.6,293,95.3,6,0,3.5,121.4,Deep Advanced,1,Yes,0.13,Low,Active - Healthy
CUST-SAAS-00844,Hyperion Robotics M,Manufacturing & Robotics,10-50 Employees,Switzerland,Professional,Quarterly Invoiced,5940.43,71285.16,12,26,7,4.1,124,87.0,5,0,7.8,122.9,Full API Mesh & Automation,2,Yes,0.12,Low,Active - Healthy
CUST-SAAS-00845,Aegis Security N,Healthcare & BioTech,201-1000 Employees,Switzerland,Enterprise Plus,Multi-Year 3-Yr Strategic,12668.28,152019.36,12,42,8,4.1,294,97.0,3,0,10.1,89.5,Full API Mesh & Automation,6,Yes,0.24,Low,Active - Healthy
CUST-SAAS-00846,Cobalt Dynamics O,Healthcare & BioTech,1000-5000 Employees,Canada,Enterprise Plus,Annual Pre-Paid,11707.46,140489.52,12,51,4,2.4,191,49.9,17,5,61.0,10.2,Basic Exploratory,80,No,0.94,Critical,Active - At Risk
CUST-SAAS-00847,Starlight Analytics P,Telecom & 5G,10-50 Employees,Switzerland,Professional,Quarterly Invoiced,4477.48,53729.76,12,13,6,1.2,255,43.4,14,4,64.1,10.8,Full API Mesh & Automation,40,No,0.85,Critical,Active - At Risk
CUST-SAAS-00848,Titan Industries Q,Manufacturing & Robotics,1000-5000 Employees,Germany,Professional,Monthly Flexible,8920.38,107044.56,24,13,6,3.1,202,46.7,13,3,60.5,6.7,Core Functional,76,Yes,0.78,High,Churned
CUST-SAAS-00849,Lumina Systems R,Healthcare & BioTech,201-1000 Employees,Switzerland,Enterprise Plus,Quarterly Invoiced,21428.65,257143.8,24,38,10,4.7,385,79.4,5,1,7.5,176.2,Core Functional,6,Yes,0.11,Low,Active - Healthy
CUST-SAAS-00850,Omni Ventures S,Energy & CleanTech,201-1000 Employees,United States,Professional,Monthly Flexible,5903.91,70846.92,12,29,8,4.7,221,91.8,6,0,1.6,105.0,Core Functional,5,Yes,0.34,Medium,Active - Healthy
CUST-SAAS-00851,Solaris Logistics T,Telecom & 5G,10-50 Employees,Switzerland,Startup Tier,Annual Pre-Paid,3050.48,36605.76,12,42,10,4.1,21,85.4,0,0,7.6,82.0,Basic Exploratory,5,Yes,0.36,Medium,In Renewal Discussion
CUST-SAAS-00852,Prism Global U,Government & Public Sector,1000-5000 Employees,Canada,Custom Strategic,Monthly Flexible,80734.05,968808.6,24,22,3,1.7,6397,37.5,8,1,24.0,6.3,Full API Mesh & Automation,61,No,0.73,High,Under Review
CUST-SAAS-00853,Vanguard Digital V,Professional Services & Legal,1000-5000 Employees,Singapore,Custom Strategic,Multi-Year 3-Yr Strategic,75758.22,909098.64,48,31,9,4.1,5766,94.8,0,0,6.0,88.8,Core Functional,0,Yes,0.31,Medium,Active - Healthy
CUST-SAAS-00854,Horizon Enterprises W,SaaS & Enterprise Cloud,51-200 Employees,United States,Enterprise Plus,Monthly Flexible,23454.38,281452.56,12,20,7,4.9,390,80.5,1,0,11.5,90.1,Basic Exploratory,7,Yes,0.32,Medium,Active - Healthy
CUST-SAAS-00855,Strata Networks X,Telecom & 5G,51-200 Employees,Taiwan,Professional,Annual Pre-Paid,9181.11,110173.32,12,10,7,4.9,253,85.8,6,0,10.6,109.7,Basic Exploratory,0,Yes,0.06,Low,Active - Healthy
CUST-SAAS-00856,Aero Software Y,SaaS & Enterprise Cloud,1000-5000 Employees,Australia,Startup Tier,Quarterly Invoiced,2182.83,26193.96,12,8,6,3.0,44,44.0,28,4,45.3,11.9,Basic Exploratory,39,Yes,0.72,High,Churned
CUST-SAAS-00857,Pulse Capital Z,Government & Public Sector,5000+ Enterprise,Canada,Startup Tier,Monthly Flexible,1450.75,17409.0,12,53,2,1.5,63,35.3,35,5,34.5,13.8,Deep Advanced,76,No,0.79,High,Active - At Risk
CUST-SAAS-00858,Terra Labs A,SaaS & Enterprise Cloud,1000-5000 Employees,Singapore,Custom Strategic,Monthly Flexible,62652.4,751828.8,36,29,8,4.9,1949,76.6,3,0,9.7,49.8,Full API Mesh & Automation,7,Yes,0.14,Low,Active - Healthy
CUST-SAAS-00859,Cygnus Cloud B,Telecom & 5G,5000+ Enterprise,Singapore,Startup Tier,Annual Pre-Paid,2749.79,32997.48,12,55,8,4.4,34,86.2,2,0,2.4,157.8,Basic Exploratory,6,Yes,0.28,Medium,Active - Healthy
CUST-SAAS-00860,Novus Technologies C,Manufacturing & Robotics,10-50 Employees,France,Professional,Multi-Year 3-Yr Strategic,9158.42,109901.04,24,39,7,4.6,197,91.8,7,0,9.8,52.6,Core Functional,4,Yes,0.08,Low,Active - Healthy
CUST-SAAS-00861,Polaris Group D,Professional Services & Legal,10-50 Employees,Singapore,Custom Strategic,Multi-Year 3-Yr Strategic,57842.85,694114.2,48,51,7,4.4,1202,75.7,8,0,8.9,96.5,Basic Exploratory,0,Yes,0.34,Medium,Active - Healthy
CUST-SAAS-00862,Echo Biomedical E,Manufacturing & Robotics,1000-5000 Employees,Taiwan,Enterprise Plus,Quarterly Invoiced,10139.68,121676.16,24,22,2,2.6,282,47.6,12,4,50.9,22.4,Basic Exploratory,23,No,0.78,High,Active - At Risk
CUST-SAAS-00863,Synthetix Solutions F,Government & Public Sector,5000+ Enterprise,Canada,Startup Tier,Monthly Flexible,2784.48,33413.76,12,5,9,4.3,76,77.4,1,0,8.2,162.6,Full API Mesh & Automation,6,Yes,0.19,Low,Active - Healthy
CUST-SAAS-00864,Vector Robotics G,Professional Services & Legal,51-200 Employees,Netherlands,Enterprise Plus,Multi-Year 3-Yr Strategic,27436.64,329239.68,24,4,7,4.3,1110,81.4,8,0,5.1,65.7,Full API Mesh & Automation,0,Yes,0.25,Medium,Active - Healthy
CUST-SAAS-00865,Zion Security H,Professional Services & Legal,5000+ Enterprise,Singapore,Custom Strategic,Multi-Year 3-Yr Strategic,44941.01,539292.12,24,15,1,2.0,774,45.1,31,5,65.5,4.1,Deep Advanced,58,No,0.68,High,Active - At Risk
CUST-SAAS-00866,Aura Dynamics I,Government & Public Sector,201-1000 Employees,Switzerland,Custom Strategic,Monthly Flexible,43477.79,521733.48,24,18,9,4.9,5497,77.1,3,0,5.3,125.9,Full API Mesh & Automation,0,Yes,0.07,Low,Active - Healthy
CUST-SAAS-00867,Boreal Analytics J,SaaS & Enterprise Cloud,51-200 Employees,Taiwan,Professional,Multi-Year 3-Yr Strategic,5879.93,70559.16,24,4,9,4.9,282,93.5,2,0,3.3,128.3,Deep Advanced,5,Yes,0.12,Low,Active - Healthy
CUST-SAAS-00868,Crest Industries K,Manufacturing & Robotics,5000+ Enterprise,Germany,Startup Tier,Multi-Year 3-Yr Strategic,2054.21,24650.52,12,8,6,3.1,10,28.4,23,4,52.9,19.9,Deep Advanced,61,No,0.84,Critical,Under Review
CUST-SAAS-00869,Dynasty Systems L,SaaS & Enterprise Cloud,51-200 Employees,Japan,Custom Strategic,Quarterly Invoiced,25974.73,311696.76,24,32,10,4.3,5495,78.7,2,0,3.1,177.4,Core Functional,3,Yes,0.1,Low,Active - Healthy
CUST-SAAS-00870,Apex Ventures M,Healthcare & BioTech,51-200 Employees,Netherlands,Enterprise Plus,Monthly Flexible,24040.42,288485.04,24,28,1,2.3,817,35.7,15,3,24.9,11.7,Deep Advanced,47,No,0.74,High,Active - At Risk
CUST-SAAS-00871,Nexus Logistics N,Energy & CleanTech,51-200 Employees,Netherlands,Enterprise Plus,Annual Pre-Paid,18041.26,216495.12,36,34,9,4.7,476,75.6,8,0,3.4,70.6,Core Functional,7,Yes,0.17,Low,Active - Healthy
CUST-SAAS-00872,Vertex Global O,Professional Services & Legal,201-1000 Employees,France,Custom Strategic,Multi-Year 3-Yr Strategic,51637.06,619644.72,48,24,8,4.8,995,99.3,2,0,9.4,171.5,Deep Advanced,1,Yes,0.38,Medium,In Renewal Discussion
CUST-SAAS-00873,Quantum Digital P,FinTech & Banking,10-50 Employees,United Kingdom,Enterprise Plus,Multi-Year 3-Yr Strategic,25152.17,301826.04,36,48,2,3.0,1070,36.1,32,1,63.8,22.1,Core Functional,70,No,0.76,High,Churned
CUST-SAAS-00874,Hyperion Enterprises Q,Logistics & Supply Chain,10-50 Employees,Japan,Custom Strategic,Monthly Flexible,25553.1,306637.2,24,55,8,4.5,6154,91.4,8,0,2.3,68.7,Full API Mesh & Automation,2,Yes,0.3,Medium,Active - Healthy
CUST-SAAS-00875,Aegis Networks R,Telecom & 5G,1000-5000 Employees,Singapore,Professional,Monthly Flexible,8148.65,97783.8,24,52,7,4.2,178,88.5,5,1,3.1,67.8,Core Functional,0,Yes,0.34,Medium,Active - Healthy
CUST-SAAS-00876,Cobalt Software S,Manufacturing & Robotics,1000-5000 Employees,Taiwan,Enterprise Plus,Multi-Year 3-Yr Strategic,20173.64,242083.68,36,8,1,2.2,941,33.7,25,4,26.1,18.8,Core Functional,39,No,0.65,High,Churned
CUST-SAAS-00877,Starlight Capital T,Energy & CleanTech,51-200 Employees,Netherlands,Professional,Annual Pre-Paid,5477.37,65728.44,24,20,10,4.5,47,91.3,7,0,2.6,52.7,Deep Advanced,6,Yes,0.25,Medium,Active - Healthy
CUST-SAAS-00878,Titan Labs U,Media & Entertainment,5000+ Enterprise,Singapore,Custom Strategic,Multi-Year 3-Yr Strategic,47118.49,565421.88,24,38,9,4.1,6124,91.9,3,0,7.2,118.8,Full API Mesh & Automation,0,Yes,0.36,Medium,In Renewal Discussion
CUST-SAAS-00879,Lumina Cloud V,FinTech & Banking,5000+ Enterprise,United Kingdom,Startup Tier,Annual Pre-Paid,1904.94,22859.28,12,39,8,4.7,46,99.5,0,0,11.7,114.0,Deep Advanced,5,Yes,0.26,Medium,Active - Healthy
CUST-SAAS-00880,Omni Technologies W,Manufacturing & Robotics,201-1000 Employees,Japan,Custom Strategic,Multi-Year 3-Yr Strategic,79570.0,954840.0,24,28,10,5.0,1923,92.9,6,0,7.4,173.6,Basic Exploratory,1,Yes,0.05,Low,Active - Healthy
CUST-SAAS-00881,Solaris Group X,Manufacturing & Robotics,51-200 Employees,France,Enterprise Plus,Multi-Year 3-Yr Strategic,9886.49,118637.88,36,37,9,5.0,1110,88.9,6,0,9.8,68.8,Basic Exploratory,1,Yes,0.37,Medium,In Renewal Discussion
CUST-SAAS-00882,Prism Biomedical Y,Energy & CleanTech,1000-5000 Employees,Taiwan,Custom Strategic,Multi-Year 3-Yr Strategic,66887.05,802644.6,48,58,7,4.2,6172,80.4,6,0,8.8,86.7,Core Functional,0,Yes,0.07,Low,Active - Healthy
CUST-SAAS-00883,Vanguard Solutions Z,Healthcare & BioTech,51-200 Employees,United Kingdom,Custom Strategic,Annual Pre-Paid,56343.91,676126.92,24,12,8,4.5,3026,90.3,5,0,7.3,162.8,Full API Mesh & Automation,5,Yes,0.08,Low,Active - Healthy
CUST-SAAS-00884,Horizon Robotics A,SaaS & Enterprise Cloud,10-50 Employees,Taiwan,Startup Tier,Monthly Flexible,1625.77,19509.24,12,11,7,4.6,68,75.5,1,0,5.1,58.1,Basic Exploratory,0,Yes,0.34,Medium,Active - Healthy
CUST-SAAS-00885,Strata Security B,Logistics & Supply Chain,5000+ Enterprise,Switzerland,Professional,Quarterly Invoiced,3418.83,41025.96,24,10,6,1.2,126,28.0,14,4,69.8,6.1,Basic Exploratory,85,No,0.83,Critical,Active - At Risk
CUST-SAAS-00886,Aero Dynamics C,Manufacturing & Robotics,1000-5000 Employees,Netherlands,Custom Strategic,Annual Pre-Paid,85571.43,1026857.16,24,3,10,4.1,3801,92.4,7,0,8.1,83.1,Basic Exploratory,0,Yes,0.23,Low,Active - Healthy
CUST-SAAS-00887,Pulse Analytics D,Media & Entertainment,51-200 Employees,Switzerland,Enterprise Plus,Multi-Year 3-Yr Strategic,13578.57,162942.84,12,2,4,2.8,892,44.0,21,2,39.6,3.6,Full API Mesh & Automation,53,No,0.76,High,Active - At Risk
CUST-SAAS-00888,Terra Industries E,SaaS & Enterprise Cloud,10-50 Employees,Singapore,Startup Tier,Quarterly Invoiced,1041.19,12494.28,12,43,5,2.1,38,25.0,14,1,65.5,23.5,Deep Advanced,33,No,0.73,High,Active - At Risk
CUST-SAAS-00889,Cygnus Systems F,Government & Public Sector,1000-5000 Employees,Canada,Enterprise Plus,Multi-Year 3-Yr Strategic,13493.53,161922.36,12,51,9,4.5,605,92.6,3,0,2.6,88.2,Deep Advanced,0,Yes,0.03,Low,Active - Healthy
CUST-SAAS-00890,Novus Ventures G,Healthcare & BioTech,1000-5000 Employees,Germany,Custom Strategic,Monthly Flexible,50240.58,602886.96,24,20,8,4.6,6343,80.6,4,0,1.6,157.1,Deep Advanced,0,Yes,0.11,Low,Active - Healthy
CUST-SAAS-00891,Polaris Logistics H,Telecom & 5G,5000+ Enterprise,Switzerland,Enterprise Plus,Monthly Flexible,25346.61,304159.32,24,4,1,2.9,480,36.5,27,1,30.7,5.9,Full API Mesh & Automation,26,No,0.84,Critical,Active - At Risk
CUST-SAAS-00892,Echo Global I,FinTech & Banking,5000+ Enterprise,United Kingdom,Custom Strategic,Quarterly Invoiced,27264.06,327168.72,36,59,8,4.4,1482,77.4,7,0,5.2,47.8,Core Functional,6,Yes,0.16,Low,Active - Healthy
CUST-SAAS-00893,Synthetix Digital J,Professional Services & Legal,51-200 Employees,Switzerland,Enterprise Plus,Multi-Year 3-Yr Strategic,22934.0,275208.0,36,23,10,4.8,1033,77.0,2,0,10.8,79.7,Core Functional,7,Yes,0.03,Low,Active - Healthy
CUST-SAAS-00894,Vector Enterprises K,Media & Entertainment,201-1000 Employees,Japan,Enterprise Plus,Monthly Flexible,16155.3,193863.6,24,17,8,4.7,331,83.4,7,0,11.0,171.3,Deep Advanced,4,Yes,0.04,Low,Active - Healthy
CUST-SAAS-00895,Zion Networks L,Telecom & 5G,5000+ Enterprise,Singapore,Enterprise Plus,Annual Pre-Paid,27186.64,326239.68,12,10,7,5.0,251,78.4,5,0,3.6,87.5,Core Functional,4,Yes,0.18,Low,Active - Healthy
CUST-SAAS-00896,Aura Software M,Government & Public Sector,201-1000 Employees,Japan,Custom Strategic,Annual Pre-Paid,27661.48,331937.76,48,37,8,4.3,703,86.0,0,0,2.7,140.8,Core Functional,4,Yes,0.07,Low,Active - Healthy
CUST-SAAS-00897,Boreal Capital N,Media & Entertainment,10-50 Employees,Australia,Enterprise Plus,Annual Pre-Paid,18347.7,220172.4,24,11,2,1.9,176,57.8,14,1,33.0,19.1,Deep Advanced,71,No,0.82,Critical,Under Review
CUST-SAAS-00898,Crest Labs O,Healthcare & BioTech,1000-5000 Employees,Singapore,Enterprise Plus,Annual Pre-Paid,10828.08,129936.96,12,40,5,1.8,1069,53.0,13,5,29.5,6.3,Basic Exploratory,40,No,0.89,Critical,Active - At Risk
CUST-SAAS-00899,Dynasty Cloud P,Energy & CleanTech,51-200 Employees,Netherlands,Custom Strategic,Quarterly Invoiced,55384.69,664616.28,24,52,4,1.8,1619,43.3,16,4,64.2,25.0,Deep Advanced,62,No,0.75,High,Active - At Risk
CUST-SAAS-00900,Apex Technologies Q,FinTech & Banking,5000+ Enterprise,Taiwan,Enterprise Plus,Annual Pre-Paid,23148.9,277786.8,12,16,8,4.4,776,78.0,0,1,7.6,68.0,Deep Advanced,6,Yes,0.07,Low,Active - Healthy
CUST-SAAS-00901,Nexus Group R,Professional Services & Legal,201-1000 Employees,United Kingdom,Enterprise Plus,Multi-Year 3-Yr Strategic,19045.54,228546.48,12,44,7,4.2,810,96.5,8,0,5.0,121.2,Basic Exploratory,1,Yes,0.22,Low,Active - Healthy
CUST-SAAS-00902,Vertex Biomedical S,Telecom & 5G,51-200 Employees,France,Professional,Annual Pre-Paid,8526.31,102315.72,24,1,10,4.2,139,89.1,0,0,7.2,154.6,Basic Exploratory,3,Yes,0.21,Low,Active - Healthy
CUST-SAAS-00903,Quantum Solutions T,Healthcare & BioTech,1000-5000 Employees,Switzerland,Custom Strategic,Monthly Flexible,80422.34,965068.08,48,45,7,4.6,1665,89.5,1,0,4.9,159.0,Deep Advanced,1,Yes,0.03,Low,Active - Healthy
CUST-SAAS-00904,Hyperion Robotics U,Logistics & Supply Chain,201-1000 Employees,Taiwan,Enterprise Plus,Quarterly Invoiced,9465.48,113585.76,24,57,10,4.8,388,93.6,7,0,8.3,78.2,Full API Mesh & Automation,5,Yes,0.15,Low,Active - Healthy
CUST-SAAS-00905,Aegis Security V,Media & Entertainment,5000+ Enterprise,Singapore,Custom Strategic,Multi-Year 3-Yr Strategic,64423.73,773084.76,24,15,4,1.7,3850,57.6,16,2,47.5,3.0,Deep Advanced,24,No,0.74,High,Churned
CUST-SAAS-00906,Cobalt Dynamics W,Professional Services & Legal,10-50 Employees,Taiwan,Startup Tier,Multi-Year 3-Yr Strategic,1539.66,18475.92,12,58,8,4.2,12,75.8,8,0,10.0,118.9,Basic Exploratory,6,Yes,0.15,Low,Active - Healthy
CUST-SAAS-00907,Starlight Analytics X,Government & Public Sector,10-50 Employees,Australia,Startup Tier,Multi-Year 3-Yr Strategic,2433.7,29204.4,12,56,8,4.4,33,88.1,3,0,7.1,54.1,Deep Advanced,1,Yes,0.11,Low,Active - Healthy
CUST-SAAS-00908,Titan Industries Y,Healthcare & BioTech,51-200 Employees,Singapore,Custom Strategic,Annual Pre-Paid,81335.5,976026.0,48,10,7,4.1,5100,80.1,4,0,11.2,68.0,Full API Mesh & Automation,7,Yes,0.19,Low,Active - Healthy
CUST-SAAS-00909,Lumina Systems Z,SaaS & Enterprise Cloud,201-1000 Employees,Taiwan,Startup Tier,Quarterly Invoiced,2779.56,33354.72,12,60,10,4.9,51,94.5,7,1,11.9,53.7,Deep Advanced,1,Yes,0.2,Low,Active - Healthy
CUST-SAAS-00910,Omni Ventures A,Government & Public Sector,51-200 Employees,Canada,Custom Strategic,Multi-Year 3-Yr Strategic,58139.31,697671.72,48,1,9,4.2,654,87.7,3,0,4.6,135.2,Basic Exploratory,7,Yes,0.38,Medium,In Renewal Discussion
CUST-SAAS-00911,Solaris Logistics B,Media & Entertainment,201-1000 Employees,Canada,Startup Tier,Annual Pre-Paid,2936.09,35233.08,12,58,6,2.6,43,50.8,32,2,37.5,23.8,Core Functional,37,No,0.78,High,Churned
CUST-SAAS-00912,Prism Global C,Manufacturing & Robotics,1000-5000 Employees,United States,Custom Strategic,Multi-Year 3-Yr Strategic,78487.06,941844.72,36,6,8,4.7,2151,89.7,8,0,6.2,63.0,Basic Exploratory,2,Yes,0.09,Low,Active - Healthy
CUST-SAAS-00913,Vanguard Digital D,Manufacturing & Robotics,201-1000 Employees,United States,Professional,Annual Pre-Paid,8045.5,96546.0,12,37,1,2.1,181,47.8,23,4,36.2,6.3,Core Functional,75,No,0.77,High,Active - At Risk
CUST-SAAS-00914,Horizon Enterprises E,SaaS & Enterprise Cloud,1000-5000 Employees,Switzerland,Professional,Multi-Year 3-Yr Strategic,7131.72,85580.64,12,24,8,4.7,78,77.2,2,0,6.8,78.6,Basic Exploratory,2,Yes,0.16,Low,Active - Healthy
CUST-SAAS-00915,Strata Networks F,Media & Entertainment,10-50 Employees,Switzerland,Professional,Multi-Year 3-Yr Strategic,6273.78,75285.36,12,49,10,4.0,282,85.3,8,0,7.8,46.9,Deep Advanced,2,Yes,0.27,Medium,Active - Healthy
CUST-SAAS-00916,Aero Software G,Energy & CleanTech,5000+ Enterprise,United Kingdom,Startup Tier,Quarterly Invoiced,2467.6,29611.2,12,38,4,2.4,41,42.8,13,5,48.5,7.6,Basic Exploratory,42,No,0.95,Critical,Active - At Risk
CUST-SAAS-00917,Pulse Capital H,Energy & CleanTech,51-200 Employees,Germany,Custom Strategic,Annual Pre-Paid,44172.64,530071.68,48,16,8,4.8,3353,76.1,6,0,9.2,77.8,Deep Advanced,2,Yes,0.08,Low,Active - Healthy
CUST-SAAS-00918,Terra Labs I,Energy & CleanTech,1000-5000 Employees,United Kingdom,Startup Tier,Quarterly Invoiced,1836.36,22036.32,12,15,10,4.5,30,99.9,0,0,7.5,97.1,Basic Exploratory,0,Yes,0.12,Low,Active - Healthy
CUST-SAAS-00919,Cygnus Cloud J,E-Commerce & Retail,5000+ Enterprise,United States,Enterprise Plus,Quarterly Invoiced,17312.94,207755.28,12,36,4,1.5,226,39.8,25,4,38.8,9.6,Basic Exploratory,37,No,0.85,Critical,Churned
CUST-SAAS-00920,Novus Technologies K,Logistics & Supply Chain,51-200 Employees,Germany,Custom Strategic,Monthly Flexible,92820.33,1113843.96,24,27,8,4.6,6263,85.7,5,0,8.9,100.0,Deep Advanced,0,Yes,0.3,Medium,Active - Healthy
CUST-SAAS-00921,Polaris Group L,Healthcare & BioTech,1000-5000 Employees,Netherlands,Enterprise Plus,Multi-Year 3-Yr Strategic,27202.81,326433.72,24,60,8,4.5,978,83.8,5,0,2.4,161.2,Full API Mesh & Automation,4,Yes,0.14,Low,Active - Healthy
CUST-SAAS-00922,Echo Biomedical M,Logistics & Supply Chain,1000-5000 Employees,France,Enterprise Plus,Multi-Year 3-Yr Strategic,22071.85,264862.2,24,33,7,4.5,844,79.8,8,1,3.5,84.4,Full API Mesh & Automation,2,Yes,0.24,Low,Active - Healthy
CUST-SAAS-00923,Synthetix Solutions N,FinTech & Banking,201-1000 Employees,Germany,Enterprise Plus,Quarterly Invoiced,15163.49,181961.88,12,54,10,4.6,869,94.7,2,0,6.5,114.8,Basic Exploratory,5,Yes,0.23,Low,Active - Healthy
CUST-SAAS-00924,Vector Robotics O,Media & Entertainment,10-50 Employees,United States,Professional,Monthly Flexible,7685.0,92220.0,12,38,8,4.8,122,87.3,8,1,9.1,49.2,Core Functional,3,Yes,0.05,Low,Active - Healthy
CUST-SAAS-00925,Zion Security P,Media & Entertainment,5000+ Enterprise,France,Startup Tier,Monthly Flexible,1565.18,18782.16,12,1,7,4.6,25,90.6,7,1,1.5,112.0,Basic Exploratory,3,Yes,0.09,Low,Active - Healthy
CUST-SAAS-00926,Aura Dynamics Q,SaaS & Enterprise Cloud,51-200 Employees,Netherlands,Enterprise Plus,Annual Pre-Paid,12162.89,145954.68,24,38,9,4.9,901,83.0,1,1,5.7,105.5,Full API Mesh & Automation,5,Yes,0.13,Low,Active - Healthy
CUST-SAAS-00927,Boreal Analytics R,SaaS & Enterprise Cloud,51-200 Employees,France,Startup Tier,Annual Pre-Paid,2445.17,29342.04,12,43,7,4.8,73,80.3,6,0,10.8,178.7,Deep Advanced,7,Yes,0.28,Medium,Active - Healthy
CUST-SAAS-00928,Crest Industries S,Healthcare & BioTech,10-50 Employees,Netherlands,Custom Strategic,Annual Pre-Paid,79516.79,954201.48,48,60,7,4.4,4035,85.1,1,0,3.5,55.7,Core Functional,6,Yes,0.31,Medium,Active - Healthy
CUST-SAAS-00929,Dynasty Systems T,Manufacturing & Robotics,201-1000 Employees,Singapore,Custom Strategic,Monthly Flexible,74166.63,889999.56,24,6,8,4.8,4680,96.2,6,1,11.7,89.3,Full API Mesh & Automation,5,Yes,0.15,Low,Active - Healthy
CUST-SAAS-00930,Apex Ventures U,FinTech & Banking,1000-5000 Employees,France,Professional,Quarterly Invoiced,8036.34,96436.08,12,2,8,4.9,253,89.7,8,0,8.1,127.1,Basic Exploratory,6,Yes,0.16,Low,Active - Healthy
CUST-SAAS-00931,Nexus Logistics V,Energy & CleanTech,10-50 Employees,France,Custom Strategic,Quarterly Invoiced,61226.99,734723.88,24,7,7,4.2,2862,78.5,3,1,7.0,80.1,Basic Exploratory,1,Yes,0.29,Medium,Active - Healthy
CUST-SAAS-00932,Vertex Global W,Government & Public Sector,51-200 Employees,Australia,Startup Tier,Multi-Year 3-Yr Strategic,1179.6,14155.2,12,57,6,2.7,36,31.5,17,2,69.3,3.6,Deep Advanced,34,Yes,0.98,Critical,Under Review
CUST-SAAS-00933,Quantum Digital X,Logistics & Supply Chain,5000+ Enterprise,Netherlands,Startup Tier,Annual Pre-Paid,1941.11,23293.32,12,26,10,4.1,53,86.2,3,0,8.2,172.1,Core Functional,5,Yes,0.21,Low,Active - Healthy
CUST-SAAS-00934,Hyperion Enterprises Y,Logistics & Supply Chain,10-50 Employees,Switzerland,Enterprise Plus,Annual Pre-Paid,27333.36,328000.32,12,7,10,4.5,733,93.6,6,1,7.9,153.6,Core Functional,3,Yes,0.28,Medium,Active - Healthy
CUST-SAAS-00935,Aegis Networks Z,Manufacturing & Robotics,5000+ Enterprise,Canada,Custom Strategic,Multi-Year 3-Yr Strategic,57754.02,693048.24,48,31,10,4.6,3954,81.6,1,0,1.8,126.6,Core Functional,5,Yes,0.03,Low,Active - Healthy
CUST-SAAS-00936,Cobalt Software A,Energy & CleanTech,5000+ Enterprise,Taiwan,Enterprise Plus,Multi-Year 3-Yr Strategic,19636.54,235638.48,36,25,10,4.4,433,81.7,4,1,4.0,97.5,Full API Mesh & Automation,7,Yes,0.22,Low,Active - Healthy
CUST-SAAS-00937,Starlight Capital B,Energy & CleanTech,5000+ Enterprise,Netherlands,Custom Strategic,Annual Pre-Paid,61355.35,736264.2,36,28,7,5.0,4745,93.6,4,0,8.8,88.7,Deep Advanced,0,Yes,0.34,Medium,Active - Healthy
CUST-SAAS-00938,Titan Labs C,Government & Public Sector,10-50 Employees,Switzerland,Enterprise Plus,Quarterly Invoiced,13947.83,167373.96,24,30,2,2.0,531,44.9,16,3,58.9,13.0,Full API Mesh & Automation,66,Yes,0.71,High,Active - At Risk
CUST-SAAS-00939,Lumina Cloud D,Manufacturing & Robotics,10-50 Employees,Australia,Enterprise Plus,Annual Pre-Paid,25569.59,306835.08,12,60,7,4.2,403,82.9,8,0,7.4,164.1,Basic Exploratory,3,Yes,0.21,Low,Active - Healthy
CUST-SAAS-00940,Omni Technologies E,Professional Services & Legal,10-50 Employees,France,Enterprise Plus,Monthly Flexible,18125.87,217510.44,12,23,2,2.5,1111,38.0,29,5,34.3,20.5,Deep Advanced,36,No,0.96,Critical,Churned
CUST-SAAS-00941,Solaris Group F,Professional Services & Legal,1000-5000 Employees,Japan,Startup Tier,Monthly Flexible,2666.5,31998.0,12,34,10,4.4,18,97.6,7,0,10.4,100.5,Full API Mesh & Automation,6,Yes,0.31,Medium,Active - Healthy
CUST-SAAS-00942,Prism Biomedical G,SaaS & Enterprise Cloud,5000+ Enterprise,United Kingdom,Professional,Annual Pre-Paid,9099.95,109199.4,12,9,10,4.3,249,86.3,4,0,5.3,156.4,Core Functional,7,Yes,0.3,Medium,Active - Healthy
CUST-SAAS-00943,Vanguard Solutions H,Media & Entertainment,201-1000 Employees,Taiwan,Professional,Quarterly Invoiced,9277.75,111333.0,24,7,6,2.2,187,53.5,13,1,67.4,17.0,Core Functional,23,No,0.84,Critical,Under Review
CUST-SAAS-00944,Horizon Robotics I,Energy & CleanTech,10-50 Employees,United States,Professional,Annual Pre-Paid,5309.78,63717.36,24,2,9,4.4,204,90.0,6,0,7.8,50.2,Core Functional,1,Yes,0.34,Medium,Active - Healthy
CUST-SAAS-00945,Strata Security J,Healthcare & BioTech,201-1000 Employees,Germany,Enterprise Plus,Annual Pre-Paid,27042.31,324507.72,12,41,9,4.7,791,91.3,2,0,6.9,176.8,Full API Mesh & Automation,1,Yes,0.08,Low,Active - Healthy
CUST-SAAS-00946,Aero Dynamics K,Government & Public Sector,51-200 Employees,Japan,Professional,Multi-Year 3-Yr Strategic,8388.27,100659.24,24,58,1,2.4,199,52.3,16,3,45.5,24.2,Deep Advanced,24,No,0.86,Critical,Active - At Risk
CUST-SAAS-00947,Pulse Analytics L,FinTech & Banking,1000-5000 Employees,Taiwan,Startup Tier,Annual Pre-Paid,1313.13,15757.56,12,20,6,3.3,78,32.0,23,2,56.1,16.7,Deep Advanced,61,No,0.85,Critical,Churned
CUST-SAAS-00948,Terra Industries M,Telecom & 5G,201-1000 Employees,Canada,Startup Tier,Multi-Year 3-Yr Strategic,2763.7,33164.4,12,15,9,4.7,17,76.9,6,0,3.3,80.1,Core Functional,0,Yes,0.24,Low,Active - Healthy
CUST-SAAS-00949,Cygnus Systems N,Energy & CleanTech,5000+ Enterprise,United Kingdom,Enterprise Plus,Multi-Year 3-Yr Strategic,24719.74,296636.88,12,57,9,4.8,845,95.2,5,0,11.6,103.0,Full API Mesh & Automation,6,Yes,0.25,Medium,Active - Healthy
CUST-SAAS-00950,Novus Ventures O,Energy & CleanTech,10-50 Employees,Japan,Enterprise Plus,Monthly Flexible,24106.69,289280.28,12,48,7,4.5,651,84.4,4,0,6.8,144.3,Core Functional,0,Yes,0.34,Medium,Active - Healthy
CUST-SAAS-00951,Polaris Logistics P,Professional Services & Legal,201-1000 Employees,United States,Enterprise Plus,Quarterly Invoiced,23608.01,283296.12,24,5,4,2.6,869,40.0,29,4,29.2,16.4,Deep Advanced,58,No,0.85,Critical,Active - At Risk
CUST-SAAS-00952,Echo Global Q,SaaS & Enterprise Cloud,10-50 Employees,Japan,Startup Tier,Quarterly Invoiced,2084.35,25012.2,12,20,9,4.3,58,76.5,2,0,8.7,79.3,Core Functional,0,Yes,0.38,Medium,In Renewal Discussion
CUST-SAAS-00953,Synthetix Digital R,Healthcare & BioTech,5000+ Enterprise,Singapore,Startup Tier,Monthly Flexible,2144.48,25733.76,12,1,9,4.7,41,98.6,0,0,4.0,81.7,Core Functional,3,Yes,0.29,Medium,Active - Healthy
CUST-SAAS-00954,Vector Enterprises S,Media & Entertainment,51-200 Employees,United States,Enterprise Plus,Quarterly Invoiced,23610.48,283325.76,24,60,10,4.8,859,93.3,8,0,6.7,96.9,Core Functional,5,Yes,0.18,Low,Active - Healthy
CUST-SAAS-00955,Zion Networks T,SaaS & Enterprise Cloud,5000+ Enterprise,Japan,Enterprise Plus,Multi-Year 3-Yr Strategic,10361.16,124333.92,36,6,9,4.8,869,92.0,8,0,11.2,151.0,Full API Mesh & Automation,0,Yes,0.22,Low,Active - Healthy
CUST-SAAS-00956,Aura Software U,E-Commerce & Retail,5000+ Enterprise,Japan,Custom Strategic,Multi-Year 3-Yr Strategic,25848.2,310178.4,24,39,9,4.6,5094,95.8,8,0,9.4,130.7,Deep Advanced,0,Yes,0.29,Medium,Active - Healthy
CUST-SAAS-00957,Boreal Capital V,Media & Entertainment,51-200 Employees,Switzerland,Enterprise Plus,Monthly Flexible,21166.27,253995.24,12,59,1,3.3,578,44.1,33,5,45.5,14.0,Basic Exploratory,56,Yes,0.93,Critical,Active - At Risk
CUST-SAAS-00958,Crest Labs W,Logistics & Supply Chain,201-1000 Employees,Switzerland,Professional,Annual Pre-Paid,4638.54,55662.48,12,19,1,2.6,276,30.5,34,3,68.1,7.8,Deep Advanced,77,No,0.67,High,Under Review
CUST-SAAS-00959,Dynasty Cloud X,FinTech & Banking,1000-5000 Employees,Japan,Startup Tier,Monthly Flexible,993.7,11924.4,12,42,7,4.1,79,90.3,2,0,3.6,98.7,Basic Exploratory,2,Yes,0.37,Medium,In Renewal Discussion
CUST-SAAS-00960,Apex Technologies Y,Media & Entertainment,5000+ Enterprise,Switzerland,Enterprise Plus,Multi-Year 3-Yr Strategic,25970.93,311651.16,12,27,9,4.5,953,83.5,0,0,7.5,91.8,Basic Exploratory,7,Yes,0.15,Low,Active - Healthy
CUST-SAAS-00961,Nexus Group Z,Energy & CleanTech,51-200 Employees,United Kingdom,Professional,Annual Pre-Paid,7234.23,86810.76,12,6,8,4.2,237,82.4,5,0,7.5,51.3,Full API Mesh & Automation,7,Yes,0.31,Medium,Active - Healthy
CUST-SAAS-00962,Vertex Biomedical A,Media & Entertainment,201-1000 Employees,Japan,Startup Tier,Monthly Flexible,858.08,10296.96,12,10,8,4.1,47,95.9,7,0,2.9,178.8,Deep Advanced,6,Yes,0.11,Low,Active - Healthy
CUST-SAAS-00963,Quantum Solutions B,Logistics & Supply Chain,10-50 Employees,United States,Custom Strategic,Annual Pre-Paid,80350.95,964211.4,24,30,8,4.5,4023,78.1,7,0,10.8,67.2,Basic Exploratory,4,Yes,0.06,Low,Active - Healthy
CUST-SAAS-00964,Hyperion Robotics C,Logistics & Supply Chain,51-200 Employees,Netherlands,Startup Tier,Quarterly Invoiced,1930.22,23162.64,12,47,1,2.6,78,53.7,22,1,59.3,19.7,Deep Advanced,48,No,0.77,High,Under Review
CUST-SAAS-00965,Aegis Security D,Logistics & Supply Chain,201-1000 Employees,Australia,Startup Tier,Multi-Year 3-Yr Strategic,2733.33,32799.96,12,26,9,4.6,38,95.5,4,0,11.3,176.9,Core Functional,0,Yes,0.29,Medium,Active - Healthy
CUST-SAAS-00966,Cobalt Dynamics E,Logistics & Supply Chain,5000+ Enterprise,Taiwan,Custom Strategic,Quarterly Invoiced,36356.45,436277.4,24,1,8,4.2,4907,94.7,3,0,7.9,118.5,Basic Exploratory,0,Yes,0.33,Medium,Active - Healthy
CUST-SAAS-00967,Starlight Analytics F,FinTech & Banking,51-200 Employees,Canada,Custom Strategic,Quarterly Invoiced,48628.59,583543.08,36,13,10,4.8,3344,77.6,1,1,3.7,63.8,Core Functional,1,Yes,0.33,Medium,Active - Healthy
CUST-SAAS-00968,Titan Industries G,Professional Services & Legal,51-200 Employees,United States,Professional,Quarterly Invoiced,6295.22,75542.64,12,52,10,5.0,283,88.8,3,1,7.2,167.4,Basic Exploratory,4,Yes,0.37,Medium,In Renewal Discussion
CUST-SAAS-00969,Lumina Systems H,Energy & CleanTech,5000+ Enterprise,Canada,Startup Tier,Annual Pre-Paid,1199.04,14388.48,12,33,3,2.7,57,29.2,15,1,43.1,9.3,Basic Exploratory,73,No,0.66,High,Churned
CUST-SAAS-00970,Omni Ventures I,Media & Entertainment,5000+ Enterprise,United Kingdom,Startup Tier,Annual Pre-Paid,3114.93,37379.16,12,27,8,4.9,68,95.7,2,0,3.1,101.5,Basic Exploratory,3,Yes,0.18,Low,Active - Healthy
CUST-SAAS-00971,Solaris Logistics J,FinTech & Banking,1000-5000 Employees,United States,Custom Strategic,Monthly Flexible,61818.57,741822.84,36,27,9,4.1,2745,85.7,7,1,5.2,126.9,Core Functional,4,Yes,0.22,Low,Active - Healthy
CUST-SAAS-00972,Prism Global K,Professional Services & Legal,1000-5000 Employees,Taiwan,Professional,Quarterly Invoiced,4120.56,49446.72,24,60,10,4.7,267,75.9,3,0,7.5,56.9,Core Functional,6,Yes,0.28,Medium,Active - Healthy
CUST-SAAS-00973,Vanguard Digital L,Professional Services & Legal,1000-5000 Employees,United States,Startup Tier,Quarterly Invoiced,2423.25,29079.0,12,57,7,4.7,12,93.2,1,0,12.0,58.2,Core Functional,6,Yes,0.25,Medium,Active - Healthy
CUST-SAAS-00974,Horizon Enterprises M,E-Commerce & Retail,51-200 Employees,United States,Enterprise Plus,Monthly Flexible,26306.85,315682.2,12,46,7,4.7,839,92.2,5,0,8.2,176.8,Core Functional,5,Yes,0.25,Medium,Active - Healthy
CUST-SAAS-00975,Strata Networks N,SaaS & Enterprise Cloud,5000+ Enterprise,Taiwan,Startup Tier,Monthly Flexible,1101.69,13220.28,12,28,6,2.9,12,52.3,10,3,58.5,18.8,Basic Exploratory,64,Yes,0.95,Critical,Active - At Risk
CUST-SAAS-00976,Aero Software O,Telecom & 5G,10-50 Employees,Switzerland,Professional,Quarterly Invoiced,9051.87,108622.44,24,27,10,4.5,144,82.1,8,0,8.0,169.1,Deep Advanced,3,Yes,0.07,Low,Active - Healthy
CUST-SAAS-00977,Pulse Capital P,Healthcare & BioTech,1000-5000 Employees,Australia,Custom Strategic,Multi-Year 3-Yr Strategic,31603.68,379244.16,48,48,7,4.6,4520,84.8,4,0,2.9,131.4,Deep Advanced,2,Yes,0.11,Low,Active - Healthy
CUST-SAAS-00978,Terra Labs Q,Energy & CleanTech,1000-5000 Employees,United States,Professional,Quarterly Invoiced,3677.61,44131.32,12,36,9,4.5,60,77.6,2,0,6.1,167.3,Deep Advanced,3,Yes,0.35,Medium,In Renewal Discussion
CUST-SAAS-00979,Cygnus Cloud R,Energy & CleanTech,10-50 Employees,Germany,Custom Strategic,Monthly Flexible,93796.24,1125554.88,24,1,7,4.6,2678,96.2,4,0,11.9,102.4,Full API Mesh & Automation,2,Yes,0.07,Low,Active - Healthy
CUST-SAAS-00980,Novus Technologies S,Government & Public Sector,1000-5000 Employees,France,Enterprise Plus,Annual Pre-Paid,16832.24,201986.88,12,31,10,4.1,286,81.5,5,0,3.0,119.7,Deep Advanced,5,Yes,0.18,Low,Active - Healthy
CUST-SAAS-00981,Polaris Group T,FinTech & Banking,10-50 Employees,Singapore,Custom Strategic,Quarterly Invoiced,72806.52,873678.24,48,3,10,4.3,4813,78.0,7,0,2.7,118.7,Basic Exploratory,3,Yes,0.18,Low,Active - Healthy
CUST-SAAS-00982,Echo Biomedical U,Logistics & Supply Chain,5000+ Enterprise,Japan,Professional,Quarterly Invoiced,6943.21,83318.52,12,59,8,4.3,105,97.0,8,0,5.6,47.1,Deep Advanced,3,Yes,0.31,Medium,Active - Healthy
CUST-SAAS-00983,Synthetix Solutions V,Healthcare & BioTech,1000-5000 Employees,Canada,Enterprise Plus,Quarterly Invoiced,16740.29,200883.48,24,7,7,4.0,352,90.7,1,0,9.6,161.7,Core Functional,1,Yes,0.32,Medium,Active - Healthy
CUST-SAAS-00984,Vector Robotics W,Telecom & 5G,5000+ Enterprise,Taiwan,Enterprise Plus,Annual Pre-Paid,21809.81,261717.72,12,31,4,3.4,1089,31.4,30,1,67.9,10.9,Basic Exploratory,78,No,0.92,Critical,Active - At Risk
CUST-SAAS-00985,Zion Security X,Professional Services & Legal,1000-5000 Employees,Taiwan,Enterprise Plus,Monthly Flexible,19828.52,237942.24,24,59,8,4.0,178,96.6,8,0,3.2,121.4,Basic Exploratory,0,Yes,0.11,Low,Active - Healthy
CUST-SAAS-00986,Aura Dynamics Y,Government & Public Sector,5000+ Enterprise,Canada,Enterprise Plus,Quarterly Invoiced,9625.79,115509.48,36,30,9,4.1,651,98.2,6,0,7.3,175.4,Full API Mesh & Automation,0,Yes,0.11,Low,Active - Healthy
CUST-SAAS-00987,Boreal Analytics Z,Telecom & 5G,1000-5000 Employees,Germany,Custom Strategic,Annual Pre-Paid,94128.34,1129540.08,48,24,7,4.7,566,92.5,1,1,9.6,114.0,Deep Advanced,0,Yes,0.02,Low,Active - Healthy
CUST-SAAS-00988,Crest Industries A,SaaS & Enterprise Cloud,1000-5000 Employees,France,Professional,Monthly Flexible,8624.23,103490.76,24,51,8,4.1,122,97.5,3,0,2.2,178.0,Core Functional,1,Yes,0.17,Low,Active - Healthy
CUST-SAAS-00989,Dynasty Systems B,E-Commerce & Retail,51-200 Employees,Netherlands,Custom Strategic,Monthly Flexible,91133.27,1093599.24,36,8,7,4.3,1870,96.0,1,1,11.9,53.0,Core Functional,0,Yes,0.26,Medium,Active - Healthy
CUST-SAAS-00990,Apex Ventures C,Logistics & Supply Chain,51-200 Employees,Netherlands,Professional,Quarterly Invoiced,8517.75,102213.0,12,14,8,4.3,249,91.1,2,0,5.6,120.5,Deep Advanced,7,Yes,0.12,Low,Active - Healthy
CUST-SAAS-00991,Nexus Logistics D,Telecom & 5G,5000+ Enterprise,United Kingdom,Startup Tier,Multi-Year 3-Yr Strategic,2651.0,31812.0,12,16,9,4.5,39,91.2,2,1,8.3,80.4,Basic Exploratory,3,Yes,0.31,Medium,Active - Healthy
CUST-SAAS-00992,Vertex Global E,Media & Entertainment,10-50 Employees,Switzerland,Startup Tier,Quarterly Invoiced,1570.83,18849.96,12,24,6,2.6,72,53.9,26,4,28.1,18.6,Basic Exploratory,21,No,0.93,Critical,Under Review
CUST-SAAS-00993,Quantum Digital F,Media & Entertainment,1000-5000 Employees,Netherlands,Enterprise Plus,Multi-Year 3-Yr Strategic,21389.57,256674.84,12,39,7,4.3,1100,86.8,4,1,2.3,54.6,Deep Advanced,1,Yes,0.08,Low,Active - Healthy
CUST-SAAS-00994,Hyperion Enterprises G,Telecom & 5G,5000+ Enterprise,Taiwan,Custom Strategic,Quarterly Invoiced,66083.34,793000.08,24,37,10,4.2,861,99.5,8,1,5.1,117.9,Core Functional,0,Yes,0.2,Low,Active - Healthy
CUST-SAAS-00995,Aegis Networks H,FinTech & Banking,10-50 Employees,France,Startup Tier,Quarterly Invoiced,1896.39,22756.68,12,6,10,4.3,12,83.0,3,1,8.4,179.2,Core Functional,7,Yes,0.07,Low,Active - Healthy
CUST-SAAS-00996,Cobalt Software I,Telecom & 5G,201-1000 Employees,Singapore,Custom Strategic,Annual Pre-Paid,74154.18,889850.16,48,28,7,4.0,2699,84.5,5,0,7.4,62.2,Core Functional,3,Yes,0.07,Low,Active - Healthy
CUST-SAAS-00997,Starlight Capital J,Manufacturing & Robotics,5000+ Enterprise,Switzerland,Enterprise Plus,Monthly Flexible,21889.3,262671.6,12,59,7,4.4,427,76.3,7,1,4.7,81.4,Full API Mesh & Automation,6,Yes,0.36,Medium,In Renewal Discussion
CUST-SAAS-00998,Titan Labs K,Logistics & Supply Chain,51-200 Employees,Taiwan,Custom Strategic,Monthly Flexible,45219.16,542629.92,36,58,8,4.3,2489,96.5,2,0,7.8,172.5,Basic Exploratory,1,Yes,0.26,Medium,Active - Healthy
CUST-SAAS-00999,Lumina Cloud L,Media & Entertainment,51-200 Employees,Taiwan,Custom Strategic,Quarterly Invoiced,68928.77,827145.24,48,33,3,3.2,1159,53.6,12,1,56.5,5.6,Full API Mesh & Automation,15,No,0.79,High,Under Review
CUST-SAAS-01000,Omni Technologies M,SaaS & Enterprise Cloud,51-200 Employees,Canada,Professional,Monthly Flexible,5457.95,65495.4,24,47,8,4.3,224,75.6,6,0,11.4,163.4,Full API Mesh & Automation,5,Yes,0.36,Medium,In Renewal Discussion
CUST-SAAS-01001,Solaris Group N,Manufacturing & Robotics,5000+ Enterprise,Australia,Professional,Monthly Flexible,5014.22,60170.64,24,15,1,1.6,97,39.7,19,3,43.5,8.1,Deep Advanced,45,No,0.8,Critical,Active - At Risk
CUST-SAAS-01002,Prism Biomedical O,Professional Services & Legal,5000+ Enterprise,Taiwan,Enterprise Plus,Monthly Flexible,9115.01,109380.12,12,24,6,2.8,787,53.1,14,2,47.2,11.8,Basic Exploratory,56,No,0.81,Critical,Churned
CUST-SAAS-01003,Vanguard Solutions P,SaaS & Enterprise Cloud,5000+ Enterprise,Switzerland,Custom Strategic,Quarterly Invoiced,70846.86,850162.32,36,37,8,4.6,3168,82.2,1,0,4.1,170.7,Full API Mesh & Automation,2,Yes,0.24,Low,Active - Healthy
CUST-SAAS-01004,Horizon Robotics Q,Logistics & Supply Chain,10-50 Employees,United Kingdom,Startup Tier,Annual Pre-Paid,2513.19,30158.28,12,29,10,4.3,58,96.7,3,0,10.2,118.6,Core Functional,0,Yes,0.21,Low,Active - Healthy
CUST-SAAS-01005,Strata Security R,Logistics & Supply Chain,10-50 Employees,Taiwan,Professional,Monthly Flexible,6727.37,80728.44,24,17,8,5.0,280,92.9,4,0,5.6,173.0,Full API Mesh & Automation,3,Yes,0.17,Low,Active - Healthy
CUST-SAAS-01006,Aero Dynamics S,Professional Services & Legal,10-50 Employees,France,Custom Strategic,Monthly Flexible,51816.95,621803.4,48,34,9,4.2,3091,95.9,6,0,3.2,54.1,Basic Exploratory,7,Yes,0.28,Medium,Active - Healthy
CUST-SAAS-01007,Pulse Analytics T,Telecom & 5G,51-200 Employees,Switzerland,Startup Tier,Multi-Year 3-Yr Strategic,3182.79,38193.48,12,24,10,4.3,12,98.2,2,1,11.9,116.8,Full API Mesh & Automation,4,Yes,0.24,Low,Active - Healthy
CUST-SAAS-01008,Terra Industries U,Media & Entertainment,5000+ Enterprise,Singapore,Enterprise Plus,Annual Pre-Paid,21167.29,254007.48,24,15,5,1.7,335,55.3,35,2,29.2,14.0,Deep Advanced,44,No,0.66,High,Active - At Risk
CUST-SAAS-01009,Cygnus Systems V,Telecom & 5G,5000+ Enterprise,Germany,Professional,Multi-Year 3-Yr Strategic,8270.89,99250.68,12,19,10,4.1,132,81.7,1,0,11.9,154.5,Basic Exploratory,7,Yes,0.09,Low,Active - Healthy
CUST-SAAS-01010,Novus Ventures W,Manufacturing & Robotics,5000+ Enterprise,Germany,Custom Strategic,Multi-Year 3-Yr Strategic,34365.84,412390.08,48,10,4,1.8,948,45.8,9,2,49.2,3.7,Deep Advanced,62,Yes,0.79,High,Active - At Risk
CUST-SAAS-01011,Polaris Logistics X,Manufacturing & Robotics,51-200 Employees,Japan,Enterprise Plus,Monthly Flexible,9039.14,108469.68,36,14,9,4.4,918,75.9,1,0,8.2,125.0,Core Functional,7,Yes,0.08,Low,Active - Healthy
CUST-SAAS-01012,Echo Global Y,Healthcare & BioTech,201-1000 Employees,United Kingdom,Enterprise Plus,Multi-Year 3-Yr Strategic,26995.06,323940.72,12,9,10,4.9,1122,88.4,5,0,9.2,152.2,Basic Exploratory,4,Yes,0.08,Low,Active - Healthy
CUST-SAAS-01013,Synthetix Digital Z,Professional Services & Legal,51-200 Employees,Japan,Enterprise Plus,Quarterly Invoiced,21447.62,257371.44,12,17,3,3.2,495,57.8,19,2,26.2,11.3,Deep Advanced,23,No,0.84,Critical,Active - At Risk
CUST-SAAS-01014,Vector Enterprises A,Telecom & 5G,5000+ Enterprise,Netherlands,Professional,Monthly Flexible,5364.64,64375.68,12,18,4,1.3,140,37.1,19,4,51.0,22.8,Deep Advanced,42,No,0.75,High,Active - At Risk
CUST-SAAS-01015,Zion Networks B,Government & Public Sector,5000+ Enterprise,United Kingdom,Professional,Quarterly Invoiced,8739.24,104870.88,24,34,7,4.0,192,97.7,5,0,6.6,174.5,Core Functional,3,Yes,0.02,Low,Active - Healthy
CUST-SAAS-01016,Aura Software C,Media & Entertainment,1000-5000 Employees,United States,Enterprise Plus,Annual Pre-Paid,14775.66,177307.92,24,2,3,1.2,908,35.7,21,4,40.7,9.4,Core Functional,18,No,0.96,Critical,Churned
CUST-SAAS-01017,Boreal Capital D,E-Commerce & Retail,51-200 Employees,Germany,Enterprise Plus,Multi-Year 3-Yr Strategic,9800.49,117605.88,12,4,7,4.6,187,93.5,0,0,10.5,108.4,Core Functional,1,Yes,0.11,Low,Active - Healthy
CUST-SAAS-01018,Crest Labs E,Telecom & 5G,5000+ Enterprise,United Kingdom,Startup Tier,Quarterly Invoiced,3156.91,37882.92,12,54,2,2.4,28,53.3,11,2,63.2,7.0,Deep Advanced,84,No,0.97,Critical,Active - At Risk
CUST-SAAS-01019,Dynasty Cloud F,FinTech & Banking,51-200 Employees,Switzerland,Enterprise Plus,Quarterly Invoiced,14660.98,175931.76,12,48,8,4.3,685,75.4,0,0,8.8,149.5,Core Functional,0,Yes,0.05,Low,Active - Healthy
CUST-SAAS-01020,Apex Technologies G,Logistics & Supply Chain,5000+ Enterprise,Netherlands,Professional,Multi-Year 3-Yr Strategic,4720.92,56651.04,12,4,10,4.6,210,77.9,3,0,9.5,126.6,Full API Mesh & Automation,6,Yes,0.36,Medium,In Renewal Discussion
CUST-SAAS-01021,Nexus Group H,E-Commerce & Retail,5000+ Enterprise,Taiwan,Enterprise Plus,Monthly Flexible,22969.8,275637.6,24,4,10,4.5,735,75.0,5,0,2.2,82.1,Basic Exploratory,3,Yes,0.19,Low,Active - Healthy
CUST-SAAS-01022,Vertex Biomedical I,Media & Entertainment,51-200 Employees,Japan,Custom Strategic,Annual Pre-Paid,34020.22,408242.64,24,47,10,4.5,1499,85.7,2,0,6.6,170.9,Deep Advanced,3,Yes,0.23,Low,Active - Healthy
CUST-SAAS-01023,Quantum Solutions J,Telecom & 5G,5000+ Enterprise,Switzerland,Custom Strategic,Monthly Flexible,85547.05,1026564.6,24,47,9,4.2,4955,79.1,8,0,4.4,67.4,Core Functional,2,Yes,0.38,Medium,In Renewal Discussion
CUST-SAAS-01024,Hyperion Robotics K,SaaS & Enterprise Cloud,5000+ Enterprise,United Kingdom,Professional,Quarterly Invoiced,4147.91,49774.92,12,22,7,4.4,151,98.0,7,0,9.6,161.3,Basic Exploratory,4,Yes,0.31,Medium,Active - Healthy
CUST-SAAS-01025,Aegis Security L,Professional Services & Legal,10-50 Employees,Taiwan,Enterprise Plus,Annual Pre-Paid,12263.63,147163.56,24,12,8,4.3,478,89.4,5,0,8.6,115.5,Deep Advanced,3,Yes,0.1,Low,Active - Healthy
CUST-SAAS-01026,Cobalt Dynamics M,FinTech & Banking,201-1000 Employees,Canada,Professional,Multi-Year 3-Yr Strategic,4278.0,51336.0,24,8,8,4.9,182,80.2,8,0,9.1,170.4,Deep Advanced,3,Yes,0.21,Low,Active - Healthy
CUST-SAAS-01027,Starlight Analytics N,Government & Public Sector,10-50 Employees,Netherlands,Startup Tier,Quarterly Invoiced,1381.54,16578.48,12,38,9,4.3,14,83.6,7,0,5.1,113.7,Core Functional,2,Yes,0.35,Medium,In Renewal Discussion
CUST-SAAS-01028,Titan Industries O,SaaS & Enterprise Cloud,51-200 Employees,Switzerland,Professional,Annual Pre-Paid,3036.9,36442.8,12,56,10,4.6,255,86.7,4,0,4.6,137.0,Deep Advanced,4,Yes,0.25,Medium,Active - Healthy
CUST-SAAS-01029,Lumina Systems P,E-Commerce & Retail,5000+ Enterprise,United Kingdom,Enterprise Plus,Multi-Year 3-Yr Strategic,23058.98,276707.76,36,56,10,4.6,929,93.7,2,0,11.4,171.2,Core Functional,0,Yes,0.14,Low,Active - Healthy
CUST-SAAS-01030,Omni Ventures Q,Professional Services & Legal,201-1000 Employees,Switzerland,Enterprise Plus,Annual Pre-Paid,24123.65,289483.8,36,58,9,4.4,277,91.5,6,0,4.7,54.7,Basic Exploratory,6,Yes,0.18,Low,Active - Healthy
CUST-SAAS-01031,Solaris Logistics R,Professional Services & Legal,5000+ Enterprise,Taiwan,Startup Tier,Quarterly Invoiced,2164.22,25970.64,12,31,2,2.1,48,57.3,16,2,64.4,21.4,Deep Advanced,55,No,0.68,High,Churned
CUST-SAAS-01032,Prism Global S,Manufacturing & Robotics,51-200 Employees,Germany,Custom Strategic,Annual Pre-Paid,45645.23,547742.76,24,56,6,3.2,2944,29.0,34,2,47.0,9.9,Full API Mesh & Automation,48,No,0.84,Critical,Under Review
CUST-SAAS-01033,Vanguard Digital T,Energy & CleanTech,51-200 Employees,Switzerland,Startup Tier,Quarterly Invoiced,1377.85,16534.2,12,48,8,5.0,19,82.0,2,0,9.6,82.2,Basic Exploratory,7,Yes,0.22,Low,Active - Healthy
CUST-SAAS-01034,Horizon Enterprises U,Media & Entertainment,1000-5000 Employees,Switzerland,Custom Strategic,Quarterly Invoiced,44726.71,536720.52,48,41,8,4.0,3888,93.3,0,0,2.3,50.4,Deep Advanced,1,Yes,0.06,Low,Active - Healthy
CUST-SAAS-01035,Strata Networks V,Manufacturing & Robotics,5000+ Enterprise,United States,Enterprise Plus,Monthly Flexible,20514.02,246168.24,24,7,5,2.3,413,52.3,30,5,55.3,2.6,Full API Mesh & Automation,46,No,0.86,Critical,Active - At Risk
CUST-SAAS-01036,Aero Software W,E-Commerce & Retail,51-200 Employees,United Kingdom,Enterprise Plus,Multi-Year 3-Yr Strategic,27984.66,335815.92,24,2,10,4.3,575,92.1,4,0,2.3,106.9,Basic Exploratory,4,Yes,0.09,Low,Active - Healthy
CUST-SAAS-01037,Pulse Capital X,Telecom & 5G,201-1000 Employees,United States,Professional,Annual Pre-Paid,5368.81,64425.72,24,3,7,4.8,202,81.6,7,1,5.3,60.6,Basic Exploratory,1,Yes,0.1,Low,Active - Healthy
CUST-SAAS-01038,Terra Labs Y,Telecom & 5G,1000-5000 Employees,United States,Enterprise Plus,Annual Pre-Paid,14050.86,168610.32,12,31,2,1.3,1087,27.6,32,2,49.9,4.6,Full API Mesh & Automation,56,Yes,0.88,Critical,Active - At Risk
CUST-SAAS-01039,Cygnus Cloud Z,Healthcare & BioTech,201-1000 Employees,Japan,Enterprise Plus,Multi-Year 3-Yr Strategic,14001.65,168019.8,12,7,10,5.0,954,98.7,0,0,11.5,162.9,Basic Exploratory,2,Yes,0.15,Low,Active - Healthy
CUST-SAAS-01040,Novus Technologies A,FinTech & Banking,1000-5000 Employees,Japan,Custom Strategic,Annual Pre-Paid,38082.48,456989.76,24,10,7,4.5,4093,88.7,4,0,9.1,68.9,Basic Exploratory,0,Yes,0.18,Low,Active - Healthy
CUST-SAAS-01041,Polaris Group B,Government & Public Sector,1000-5000 Employees,Switzerland,Professional,Quarterly Invoiced,7977.38,95728.56,12,27,6,1.2,160,48.3,26,5,51.6,20.0,Basic Exploratory,26,No,0.72,High,Active - At Risk
CUST-SAAS-01042,Echo Biomedical C,Government & Public Sector,5000+ Enterprise,Switzerland,Startup Tier,Multi-Year 3-Yr Strategic,2803.13,33637.56,12,46,5,1.5,67,36.1,30,2,48.8,12.3,Core Functional,53,No,0.83,Critical,Under Review
CUST-SAAS-01043,Synthetix Solutions D,Telecom & 5G,201-1000 Employees,Switzerland,Professional,Quarterly Invoiced,7600.01,91200.12,12,26,8,4.5,116,96.0,8,1,6.1,125.4,Basic Exploratory,6,Yes,0.34,Medium,Active - Healthy
CUST-SAAS-01044,Vector Robotics E,Healthcare & BioTech,10-50 Employees,Singapore,Startup Tier,Multi-Year 3-Yr Strategic,2157.26,25887.12,12,45,8,4.8,27,91.6,3,0,6.0,108.6,Basic Exploratory,3,Yes,0.18,Low,Active - Healthy
CUST-SAAS-01045,Zion Security F,FinTech & Banking,1000-5000 Employees,United States,Professional,Quarterly Invoiced,9244.15,110929.8,12,6,8,4.2,223,91.8,1,1,6.3,69.1,Full API Mesh & Automation,2,Yes,0.3,Medium,Active - Healthy
CUST-SAAS-01046,Aura Dynamics G,Healthcare & BioTech,1000-5000 Employees,Switzerland,Professional,Annual Pre-Paid,3535.24,42422.88,12,47,2,2.0,206,39.0,34,4,26.8,17.7,Basic Exploratory,67,No,0.66,High,Active - At Risk
CUST-SAAS-01047,Boreal Analytics H,Energy & CleanTech,201-1000 Employees,United States,Professional,Annual Pre-Paid,7824.85,93898.2,12,26,8,4.8,284,80.5,0,0,5.9,164.9,Deep Advanced,3,Yes,0.23,Low,Active - Healthy
CUST-SAAS-01048,Crest Industries I,FinTech & Banking,1000-5000 Employees,Canada,Custom Strategic,Monthly Flexible,54974.6,659695.2,48,23,6,1.3,3288,26.4,9,3,63.9,3.1,Deep Advanced,20,No,0.85,Critical,Active - At Risk
CUST-SAAS-01049,Dynasty Systems J,FinTech & Banking,5000+ Enterprise,France,Startup Tier,Quarterly Invoiced,3160.49,37925.88,12,58,9,4.3,57,81.5,1,0,9.4,149.6,Full API Mesh & Automation,2,Yes,0.17,Low,Active - Healthy
CUST-SAAS-01050,Apex Ventures K,FinTech & Banking,201-1000 Employees,United States,Professional,Annual Pre-Paid,5861.42,70337.04,12,49,7,4.7,100,90.2,4,0,7.1,100.8,Basic Exploratory,4,Yes,0.11,Low,Active - Healthy
CUST-SAAS-01051,Nexus Logistics L,Logistics & Supply Chain,1000-5000 Employees,Taiwan,Startup Tier,Annual Pre-Paid,2640.38,31684.56,12,29,7,5.0,65,93.4,0,0,10.2,90.8,Full API Mesh & Automation,3,Yes,0.06,Low,Active - Healthy
CUST-SAAS-01052,Vertex Global M,Telecom & 5G,51-200 Employees,Germany,Enterprise Plus,Annual Pre-Paid,22607.58,271290.96,12,3,7,4.2,956,86.8,7,0,6.0,159.8,Core Functional,6,Yes,0.15,Low,Active - Healthy
CUST-SAAS-01053,Quantum Digital N,Telecom & 5G,10-50 Employees,Singapore,Professional,Quarterly Invoiced,7299.05,87588.6,24,13,8,4.5,185,80.2,8,0,2.1,118.7,Basic Exploratory,0,Yes,0.21,Low,Active - Healthy
CUST-SAAS-01054,Hyperion Enterprises O,Healthcare & BioTech,10-50 Employees,Japan,Professional,Annual Pre-Paid,6268.06,75216.72,12,59,4,1.2,171,42.6,29,5,25.2,12.7,Full API Mesh & Automation,76,No,0.91,Critical,Active - At Risk
CUST-SAAS-01055,Aegis Networks P,Media & Entertainment,10-50 Employees,Netherlands,Startup Tier,Monthly Flexible,2912.12,34945.44,12,20,7,4.3,43,85.9,4,0,8.9,164.7,Core Functional,1,Yes,0.25,Medium,Active - Healthy
CUST-SAAS-01056,Cobalt Software Q,E-Commerce & Retail,1000-5000 Employees,Australia,Professional,Monthly Flexible,3680.26,44163.12,24,50,7,4.2,177,96.3,6,0,10.4,115.6,Deep Advanced,4,Yes,0.17,Low,Active - Healthy
CUST-SAAS-01057,Starlight Capital R,Government & Public Sector,51-200 Employees,United Kingdom,Enterprise Plus,Monthly Flexible,19277.66,231331.92,24,56,8,4.8,662,88.3,7,1,5.2,163.4,Deep Advanced,1,Yes,0.08,Low,Active - Healthy
CUST-SAAS-01058,Titan Labs S,Energy & CleanTech,1000-5000 Employees,Canada,Startup Tier,Quarterly Invoiced,1528.79,18345.48,12,47,8,4.7,38,90.5,7,1,5.5,132.0,Deep Advanced,0,Yes,0.32,Medium,Active - Healthy
CUST-SAAS-01059,Lumina Cloud T,Logistics & Supply Chain,201-1000 Employees,Japan,Custom Strategic,Quarterly Invoiced,55995.1,671941.2,24,34,9,4.2,1357,88.4,0,0,4.5,125.1,Core Functional,7,Yes,0.31,Medium,Active - Healthy
CUST-SAAS-01060,Omni Technologies U,SaaS & Enterprise Cloud,201-1000 Employees,Canada,Startup Tier,Quarterly Invoiced,966.54,11598.48,12,8,10,4.5,30,75.5,0,0,11.3,100.2,Full API Mesh & Automation,1,Yes,0.36,Medium,In Renewal Discussion
CUST-SAAS-01061,Solaris Group V,Telecom & 5G,5000+ Enterprise,Netherlands,Custom Strategic,Multi-Year 3-Yr Strategic,74397.66,892771.92,24,55,8,4.8,3527,90.7,3,0,5.0,139.8,Deep Advanced,0,Yes,0.13,Low,Active - Healthy
CUST-SAAS-01062,Prism Biomedical W,Professional Services & Legal,201-1000 Employees,United States,Professional,Monthly Flexible,4258.65,51103.8,12,25,10,4.6,169,99.9,0,0,12.0,84.7,Full API Mesh & Automation,6,Yes,0.07,Low,Active - Healthy
CUST-SAAS-01063,Vanguard Solutions X,Telecom & 5G,51-200 Employees,Germany,Professional,Annual Pre-Paid,5239.6,62875.2,12,31,5,3.0,51,42.0,11,5,26.0,8.7,Deep Advanced,81,No,0.96,Critical,Active - At Risk
CUST-SAAS-01064,Horizon Robotics Y,FinTech & Banking,5000+ Enterprise,Switzerland,Professional,Multi-Year 3-Yr Strategic,9044.37,108532.44,24,5,5,1.5,203,50.7,28,3,40.7,19.3,Deep Advanced,79,No,0.82,Critical,Active - At Risk
CUST-SAAS-01065,Strata Security Z,Professional Services & Legal,1000-5000 Employees,Taiwan,Professional,Quarterly Invoiced,3153.63,37843.56,24,34,7,4.8,153,86.1,5,0,2.1,141.0,Full API Mesh & Automation,0,Yes,0.17,Low,Active - Healthy
CUST-SAAS-01066,Aero Dynamics A,Telecom & 5G,201-1000 Employees,United States,Startup Tier,Quarterly Invoiced,1256.26,15075.12,12,31,10,4.7,50,76.7,3,0,6.2,74.3,Deep Advanced,6,Yes,0.09,Low,Active - Healthy
CUST-SAAS-01067,Pulse Analytics B,Logistics & Supply Chain,201-1000 Employees,United Kingdom,Enterprise Plus,Annual Pre-Paid,24788.53,297462.36,36,10,10,4.4,608,99.0,1,0,6.8,148.9,Core Functional,2,Yes,0.12,Low,Active - Healthy
CUST-SAAS-01068,Terra Industries C,Media & Entertainment,201-1000 Employees,France,Enterprise Plus,Annual Pre-Paid,17428.68,209144.16,12,44,10,4.5,1070,75.7,0,0,2.2,162.5,Deep Advanced,6,Yes,0.2,Low,Active - Healthy
CUST-SAAS-01069,Cygnus Systems D,Healthcare & BioTech,5000+ Enterprise,Canada,Enterprise Plus,Annual Pre-Paid,26064.93,312779.16,12,53,8,4.3,275,95.7,8,0,11.0,136.4,Core Functional,6,Yes,0.18,Low,Active - Healthy
CUST-SAAS-01070,Novus Ventures E,Professional Services & Legal,5000+ Enterprise,Australia,Custom Strategic,Monthly Flexible,51769.78,621237.36,36,9,10,4.8,501,94.5,4,0,10.8,106.0,Core Functional,0,Yes,0.21,Low,Active - Healthy
CUST-SAAS-01071,Polaris Logistics F,Media & Entertainment,201-1000 Employees,Switzerland,Custom Strategic,Quarterly Invoiced,37658.75,451905.0,24,25,10,4.2,5969,80.9,5,0,5.1,156.4,Core Functional,0,Yes,0.13,Low,Active - Healthy
CUST-SAAS-01072,Echo Global G,Government & Public Sector,1000-5000 Employees,Singapore,Enterprise Plus,Quarterly Invoiced,13500.39,162004.68,36,41,8,4.7,761,96.6,4,0,5.0,164.5,Core Functional,7,Yes,0.15,Low,Active - Healthy
CUST-SAAS-01073,Synthetix Digital H,Government & Public Sector,10-50 Employees,United Kingdom,Custom Strategic,Monthly Flexible,79075.89,948910.68,48,54,9,4.9,1846,76.6,8,0,11.0,64.8,Core Functional,7,Yes,0.34,Medium,Active - Healthy
CUST-SAAS-01074,Vector Enterprises I,Manufacturing & Robotics,201-1000 Employees,Japan,Startup Tier,Multi-Year 3-Yr Strategic,2775.13,33301.56,12,58,9,4.3,69,95.5,2,0,2.1,128.1,Basic Exploratory,4,Yes,0.21,Low,Active - Healthy
CUST-SAAS-01075,Zion Networks J,Manufacturing & Robotics,1000-5000 Employees,France,Custom Strategic,Annual Pre-Paid,62748.39,752980.68,36,13,9,4.9,3781,77.8,2,0,4.7,153.7,Full API Mesh & Automation,1,Yes,0.18,Low,Active - Healthy
CUST-SAAS-01076,Aura Software K,SaaS & Enterprise Cloud,1000-5000 Employees,France,Startup Tier,Quarterly Invoiced,2934.19,35210.28,12,54,8,4.1,25,93.6,7,0,11.3,159.0,Core Functional,3,Yes,0.28,Medium,Active - Healthy
CUST-SAAS-01077,Boreal Capital L,Healthcare & BioTech,201-1000 Employees,United States,Professional,Annual Pre-Paid,6699.57,80394.84,12,28,7,4.4,243,87.0,4,0,8.4,128.3,Core Functional,6,Yes,0.35,Medium,In Renewal Discussion
CUST-SAAS-01078,Crest Labs M,Healthcare & BioTech,5000+ Enterprise,Germany,Professional,Quarterly Invoiced,6018.88,72226.56,12,17,10,4.4,104,88.0,7,0,10.3,57.4,Full API Mesh & Automation,4,Yes,0.23,Low,Active - Healthy
CUST-SAAS-01079,Dynasty Cloud N,Government & Public Sector,51-200 Employees,Singapore,Custom Strategic,Quarterly Invoiced,73429.92,881159.04,24,10,7,5.0,3084,94.4,0,0,3.5,147.4,Deep Advanced,3,Yes,0.11,Low,Active - Healthy
CUST-SAAS-01080,Apex Technologies O,Manufacturing & Robotics,51-200 Employees,Taiwan,Custom Strategic,Annual Pre-Paid,92484.94,1109819.28,36,34,8,4.9,3077,94.6,8,0,7.4,56.4,Full API Mesh & Automation,1,Yes,0.37,Medium,In Renewal Discussion
CUST-SAAS-01081,Nexus Group P,FinTech & Banking,1000-5000 Employees,Australia,Custom Strategic,Monthly Flexible,93260.03,1119120.36,48,53,8,4.1,2117,79.8,6,1,4.6,77.9,Core Functional,3,Yes,0.34,Medium,Active - Healthy
CUST-SAAS-01082,Vertex Biomedical Q,Telecom & 5G,201-1000 Employees,United States,Professional,Quarterly Invoiced,4591.38,55096.56,12,3,3,3.3,85,44.4,30,4,45.7,19.7,Full API Mesh & Automation,22,No,0.84,Critical,Churned
CUST-SAAS-01083,Quantum Solutions R,FinTech & Banking,51-200 Employees,United Kingdom,Custom Strategic,Annual Pre-Paid,50226.28,602715.36,48,47,5,1.6,5889,37.2,9,1,67.2,20.4,Full API Mesh & Automation,41,No,0.91,Critical,Active - At Risk
CUST-SAAS-01084,Hyperion Robotics S,Logistics & Supply Chain,5000+ Enterprise,France,Professional,Monthly Flexible,6253.59,75043.08,12,41,9,5.0,254,75.8,4,0,10.9,113.5,Core Functional,1,Yes,0.17,Low,Active - Healthy
CUST-SAAS-01085,Aegis Security T,E-Commerce & Retail,1000-5000 Employees,Australia,Professional,Multi-Year 3-Yr Strategic,7119.43,85433.16,24,18,5,1.8,51,30.8,27,5,65.5,19.4,Deep Advanced,25,No,0.78,High,Active - At Risk
CUST-SAAS-01086,Cobalt Dynamics U,FinTech & Banking,1000-5000 Employees,Netherlands,Custom Strategic,Multi-Year 3-Yr Strategic,29182.74,350192.88,48,33,7,4.1,2196,89.7,0,0,3.1,124.9,Basic Exploratory,3,Yes,0.32,Medium,Active - Healthy
CUST-SAAS-01087,Starlight Analytics V,Healthcare & BioTech,201-1000 Employees,United States,Enterprise Plus,Quarterly Invoiced,26864.43,322373.16,24,6,7,4.7,1022,75.2,6,0,11.5,50.1,Deep Advanced,0,Yes,0.37,Medium,In Renewal Discussion
CUST-SAAS-01088,Titan Industries W,Media & Entertainment,5000+ Enterprise,United States,Startup Tier,Multi-Year 3-Yr Strategic,1084.41,13012.92,12,14,10,4.0,45,78.0,5,0,3.6,58.8,Deep Advanced,1,Yes,0.37,Medium,In Renewal Discussion
CUST-SAAS-01089,Lumina Systems X,Government & Public Sector,201-1000 Employees,Netherlands,Professional,Annual Pre-Paid,7930.75,95169.0,24,39,7,4.6,95,82.9,1,0,4.6,111.2,Core Functional,6,Yes,0.27,Medium,Active - Healthy
CUST-SAAS-01090,Omni Ventures Y,FinTech & Banking,201-1000 Employees,Netherlands,Enterprise Plus,Multi-Year 3-Yr Strategic,23937.35,287248.2,12,57,7,4.4,205,99.8,8,0,9.4,90.9,Full API Mesh & Automation,3,Yes,0.17,Low,Active - Healthy
CUST-SAAS-01091,Solaris Logistics Z,Manufacturing & Robotics,51-200 Employees,Netherlands,Enterprise Plus,Quarterly Invoiced,21001.67,252020.04,12,58,8,4.1,696,79.9,0,1,5.8,172.7,Basic Exploratory,5,Yes,0.09,Low,Active - Healthy
CUST-SAAS-01092,Prism Global A,Telecom & 5G,51-200 Employees,Germany,Enterprise Plus,Monthly Flexible,23155.36,277864.32,24,56,10,4.0,185,99.5,6,0,10.8,89.6,Full API Mesh & Automation,5,Yes,0.06,Low,Active - Healthy
CUST-SAAS-01093,Vanguard Digital B,Government & Public Sector,51-200 Employees,Germany,Enterprise Plus,Annual Pre-Paid,25024.47,300293.64,36,49,9,4.1,1072,87.8,3,0,7.5,129.6,Basic Exploratory,3,Yes,0.3,Medium,Active - Healthy
CUST-SAAS-01094,Horizon Enterprises C,Media & Entertainment,1000-5000 Employees,Australia,Custom Strategic,Annual Pre-Paid,68712.91,824554.92,48,10,5,3.2,3451,57.9,18,5,64.8,10.7,Basic Exploratory,19,No,0.84,Critical,Active - At Risk
CUST-SAAS-01095,Strata Networks D,FinTech & Banking,5000+ Enterprise,Switzerland,Professional,Quarterly Invoiced,8028.81,96345.72,24,33,7,4.2,287,76.3,0,0,6.5,146.5,Full API Mesh & Automation,2,Yes,0.37,Medium,In Renewal Discussion
CUST-SAAS-01096,Aero Software E,Government & Public Sector,201-1000 Employees,France,Enterprise Plus,Multi-Year 3-Yr Strategic,22146.19,265754.28,24,34,7,4.8,666,98.1,4,1,9.1,92.1,Basic Exploratory,1,Yes,0.03,Low,Active - Healthy
CUST-SAAS-01097,Pulse Capital F,Healthcare & BioTech,5000+ Enterprise,United Kingdom,Professional,Monthly Flexible,3487.27,41847.24,12,3,9,4.3,41,91.6,1,0,9.6,145.0,Basic Exploratory,3,Yes,0.2,Low,Active - Healthy
CUST-SAAS-01098,Terra Labs G,FinTech & Banking,5000+ Enterprise,Taiwan,Enterprise Plus,Multi-Year 3-Yr Strategic,15048.2,180578.4,12,10,9,4.4,938,76.5,4,0,11.3,134.5,Basic Exploratory,7,Yes,0.35,Medium,In Renewal Discussion
CUST-SAAS-01099,Cygnus Cloud H,Government & Public Sector,51-200 Employees,Switzerland,Professional,Annual Pre-Paid,5166.62,61999.44,24,32,7,4.1,95,90.0,4,0,4.0,78.8,Core Functional,0,Yes,0.29,Medium,Active - Healthy
CUST-SAAS-01100,Novus Technologies I,Professional Services & Legal,1000-5000 Employees,United Kingdom,Professional,Annual Pre-Paid,5522.06,66264.72,24,34,6,3.1,192,48.0,9,1,27.7,5.8,Full API Mesh & Automation,40,No,0.66,High,Churned
CUST-SAAS-01101,Polaris Group J,Telecom & 5G,201-1000 Employees,Switzerland,Custom Strategic,Monthly Flexible,88397.86,1060774.32,24,36,8,4.4,2313,79.4,4,0,4.0,83.0,Full API Mesh & Automation,2,Yes,0.2,Low,Active - Healthy
CUST-SAAS-01102,Echo Biomedical K,Manufacturing & Robotics,5000+ Enterprise,Switzerland,Startup Tier,Quarterly Invoiced,3155.37,37864.44,12,44,7,4.3,75,79.0,5,0,9.5,169.2,Full API Mesh & Automation,4,Yes,0.25,Medium,Active - Healthy
CUST-SAAS-01103,Synthetix Solutions L,Energy & CleanTech,51-200 Employees,Canada,Professional,Quarterly Invoiced,9192.06,110304.72,24,6,5,2.3,131,37.3,22,3,69.8,4.8,Full API Mesh & Automation,20,No,0.65,High,Under Review
CUST-SAAS-01104,Vector Robotics M,Government & Public Sector,5000+ Enterprise,United Kingdom,Enterprise Plus,Quarterly Invoiced,15386.88,184642.56,36,38,9,4.2,788,87.1,6,0,8.1,64.0,Deep Advanced,1,Yes,0.07,Low,Active - Healthy
CUST-SAAS-01105,Zion Security N,E-Commerce & Retail,201-1000 Employees,France,Custom Strategic,Multi-Year 3-Yr Strategic,64656.72,775880.64,24,11,2,2.6,5932,33.1,28,4,71.5,10.8,Deep Advanced,27,No,0.71,High,Active - At Risk
CUST-SAAS-01106,Aura Dynamics O,Professional Services & Legal,201-1000 Employees,Australia,Startup Tier,Multi-Year 3-Yr Strategic,1056.05,12672.6,12,49,8,4.7,56,80.5,3,0,2.1,63.7,Basic Exploratory,1,Yes,0.03,Low,Active - Healthy
CUST-SAAS-01107,Boreal Analytics P,SaaS & Enterprise Cloud,10-50 Employees,Taiwan,Custom Strategic,Quarterly Invoiced,83298.66,999583.92,24,19,10,4.5,1185,93.5,0,1,5.4,134.6,Full API Mesh & Automation,2,Yes,0.34,Medium,Active - Healthy
CUST-SAAS-01108,Crest Industries Q,FinTech & Banking,51-200 Employees,Canada,Startup Tier,Quarterly Invoiced,2152.07,25824.84,12,40,10,4.6,61,91.2,8,1,8.8,92.5,Basic Exploratory,6,Yes,0.13,Low,Active - Healthy
CUST-SAAS-01109,Dynasty Systems R,SaaS & Enterprise Cloud,201-1000 Employees,United States,Custom Strategic,Monthly Flexible,80038.28,960459.36,48,25,10,4.7,5600,86.1,3,0,5.8,48.5,Deep Advanced,0,Yes,0.35,Medium,In Renewal Discussion
CUST-SAAS-01110,Apex Ventures S,Logistics & Supply Chain,201-1000 Employees,United States,Enterprise Plus,Multi-Year 3-Yr Strategic,11434.6,137215.2,12,10,10,4.8,285,98.3,0,0,3.0,174.1,Core Functional,5,Yes,0.28,Medium,Active - Healthy
CUST-SAAS-01111,Nexus Logistics T,Professional Services & Legal,51-200 Employees,Japan,Startup Tier,Quarterly Invoiced,1357.52,16290.24,12,27,7,4.4,24,92.0,6,0,8.0,134.7,Full API Mesh & Automation,4,Yes,0.35,Medium,In Renewal Discussion
CUST-SAAS-01112,Vertex Global U,Government & Public Sector,1000-5000 Employees,United States,Custom Strategic,Annual Pre-Paid,32840.38,394084.56,48,38,7,4.8,6378,89.6,1,0,7.2,106.2,Full API Mesh & Automation,3,Yes,0.35,Medium,In Renewal Discussion
CUST-SAAS-01113,Quantum Digital V,Healthcare & BioTech,201-1000 Employees,Switzerland,Enterprise Plus,Monthly Flexible,9198.8,110385.6,24,9,2,2.8,767,49.4,17,3,62.3,14.4,Basic Exploratory,50,No,0.93,Critical,Churned
CUST-SAAS-01114,Hyperion Enterprises W,Manufacturing & Robotics,1000-5000 Employees,Switzerland,Custom Strategic,Quarterly Invoiced,85502.03,1026024.36,48,2,10,4.6,5989,90.8,1,1,10.1,112.2,Basic Exploratory,4,Yes,0.12,Low,Active - Healthy
CUST-SAAS-01115,Aegis Networks X,E-Commerce & Retail,1000-5000 Employees,Taiwan,Enterprise Plus,Multi-Year 3-Yr Strategic,14247.45,170969.4,12,39,10,4.4,1054,77.9,0,0,7.2,98.6,Basic Exploratory,7,Yes,0.21,Low,Active - Healthy
CUST-SAAS-01116,Cobalt Software Y,Media & Entertainment,10-50 Employees,France,Professional,Monthly Flexible,7659.51,91914.12,12,53,9,4.6,191,86.6,7,1,9.3,95.6,Core Functional,2,Yes,0.1,Low,Active - Healthy
CUST-SAAS-01117,Starlight Capital Z,Professional Services & Legal,10-50 Employees,Switzerland,Startup Tier,Quarterly Invoiced,1796.95,21563.4,12,55,8,4.8,51,89.9,4,0,10.7,92.5,Basic Exploratory,7,Yes,0.25,Medium,Active - Healthy
CUST-SAAS-01118,Titan Labs A,Logistics & Supply Chain,5000+ Enterprise,United States,Custom Strategic,Monthly Flexible,69935.49,839225.88,36,41,8,4.0,5668,77.6,0,0,3.6,149.8,Deep Advanced,4,Yes,0.19,Low,Active - Healthy
CUST-SAAS-01119,Lumina Cloud B,Government & Public Sector,51-200 Employees,United Kingdom,Professional,Quarterly Invoiced,5482.33,65787.96,12,4,9,4.8,172,90.9,2,0,10.3,112.2,Deep Advanced,4,Yes,0.15,Low,Active - Healthy
CUST-SAAS-01120,Omni Technologies C,E-Commerce & Retail,1000-5000 Employees,Taiwan,Professional,Quarterly Invoiced,4404.17,52850.04,24,33,8,4.0,119,76.0,2,0,2.3,101.5,Deep Advanced,6,Yes,0.08,Low,Active - Healthy
CUST-SAAS-01121,Solaris Group D,E-Commerce & Retail,10-50 Employees,Switzerland,Startup Tier,Quarterly Invoiced,2032.52,24390.24,12,4,10,5.0,63,99.4,7,0,1.9,122.4,Deep Advanced,2,Yes,0.28,Medium,Active - Healthy
CUST-SAAS-01122,Prism Biomedical E,Media & Entertainment,5000+ Enterprise,Japan,Professional,Annual Pre-Paid,5434.14,65209.68,12,47,10,4.9,256,97.9,6,1,2.7,142.3,Deep Advanced,5,Yes,0.21,Low,Active - Healthy
CUST-SAAS-01123,Vanguard Solutions F,Professional Services & Legal,201-1000 Employees,Germany,Professional,Monthly Flexible,4625.29,55503.48,24,7,7,4.8,76,82.4,2,0,7.5,111.4,Full API Mesh & Automation,0,Yes,0.36,Medium,In Renewal Discussion
CUST-SAAS-01124,Horizon Robotics G,E-Commerce & Retail,51-200 Employees,Germany,Startup Tier,Quarterly Invoiced,1087.57,13050.84,12,21,4,2.2,69,36.7,33,2,66.7,11.4,Core Functional,57,No,0.65,High,Under Review
CUST-SAAS-01125,Strata Security H,Manufacturing & Robotics,51-200 Employees,Germany,Startup Tier,Monthly Flexible,2784.34,33412.08,12,14,6,1.3,46,55.7,22,4,32.1,5.3,Core Functional,73,No,0.84,Critical,Under Review
CUST-SAAS-01126,Aero Dynamics I,Media & Entertainment,1000-5000 Employees,Taiwan,Professional,Monthly Flexible,3214.36,38572.32,24,57,10,4.7,240,78.0,8,0,3.7,112.9,Core Functional,0,Yes,0.04,Low,Active - Healthy
CUST-SAAS-01127,Pulse Analytics J,FinTech & Banking,201-1000 Employees,Germany,Professional,Multi-Year 3-Yr Strategic,6442.6,77311.2,24,10,4,1.9,124,45.8,16,3,62.2,20.4,Deep Advanced,64,No,0.72,High,Churned
CUST-SAAS-01128,Terra Industries K,Media & Entertainment,10-50 Employees,Taiwan,Startup Tier,Multi-Year 3-Yr Strategic,1803.49,21641.88,12,47,9,4.6,60,76.4,2,0,4.1,133.9,Deep Advanced,7,Yes,0.06,Low,Active - Healthy
CUST-SAAS-01129,Cygnus Systems L,Professional Services & Legal,1000-5000 Employees,United Kingdom,Custom Strategic,Annual Pre-Paid,46830.9,561970.8,48,5,5,3.1,3613,33.8,29,3,36.6,3.9,Core Functional,19,No,0.8,Critical,Active - At Risk
CUST-SAAS-01130,Novus Ventures M,Government & Public Sector,1000-5000 Employees,Australia,Startup Tier,Quarterly Invoiced,825.46,9905.52,12,27,8,4.2,51,94.3,7,0,11.8,82.0,Full API Mesh & Automation,4,Yes,0.37,Medium,In Renewal Discussion
CUST-SAAS-01131,Polaris Logistics N,FinTech & Banking,201-1000 Employees,France,Enterprise Plus,Annual Pre-Paid,10615.53,127386.36,36,59,10,4.7,214,94.0,2,1,8.6,110.5,Full API Mesh & Automation,1,Yes,0.05,Low,Active - Healthy
CUST-SAAS-01132,Echo Global O,Energy & CleanTech,201-1000 Employees,United Kingdom,Professional,Quarterly Invoiced,6918.08,83016.96,12,12,7,4.4,272,98.1,4,1,9.5,62.6,Deep Advanced,2,Yes,0.11,Low,Active - Healthy
CUST-SAAS-01133,Synthetix Digital P,Healthcare & BioTech,5000+ Enterprise,Australia,Enterprise Plus,Monthly Flexible,27366.28,328395.36,24,32,10,4.2,327,85.9,4,1,11.3,158.5,Core Functional,3,Yes,0.03,Low,Active - Healthy
CUST-SAAS-01134,Vector Enterprises Q,SaaS & Enterprise Cloud,201-1000 Employees,United States,Professional,Multi-Year 3-Yr Strategic,6067.38,72808.56,12,55,9,4.8,240,88.6,2,1,5.9,99.8,Deep Advanced,0,Yes,0.03,Low,Active - Healthy
CUST-SAAS-01135,Zion Networks R,Media & Entertainment,201-1000 Employees,Japan,Startup Tier,Annual Pre-Paid,918.71,11024.52,12,32,7,4.6,28,90.5,6,0,1.7,108.5,Core Functional,0,Yes,0.22,Low,Active - Healthy
CUST-SAAS-01136,Aura Software S,SaaS & Enterprise Cloud,1000-5000 Employees,United Kingdom,Enterprise Plus,Multi-Year 3-Yr Strategic,21962.08,263544.96,12,19,8,4.5,1117,96.9,3,0,8.1,137.5,Core Functional,4,Yes,0.14,Low,Active - Healthy
CUST-SAAS-01137,Boreal Capital T,Logistics & Supply Chain,1000-5000 Employees,Germany,Professional,Multi-Year 3-Yr Strategic,9109.28,109311.36,12,49,10,4.2,112,90.8,8,0,11.9,156.9,Basic Exploratory,1,Yes,0.26,Medium,Active - Healthy
CUST-SAAS-01138,Crest Labs U,Professional Services & Legal,5000+ Enterprise,United States,Startup Tier,Annual Pre-Paid,1430.66,17167.92,12,15,8,4.4,36,84.0,4,0,5.0,62.1,Full API Mesh & Automation,7,Yes,0.11,Low,Active - Healthy
CUST-SAAS-01139,Dynasty Cloud V,Logistics & Supply Chain,51-200 Employees,Germany,Custom Strategic,Multi-Year 3-Yr Strategic,37975.82,455709.84,24,52,9,4.2,1334,94.4,5,0,2.5,128.5,Full API Mesh & Automation,3,Yes,0.09,Low,Active - Healthy
CUST-SAAS-01140,Apex Technologies W,Manufacturing & Robotics,201-1000 Employees,United Kingdom,Startup Tier,Monthly Flexible,1611.8,19341.6,12,28,4,1.6,18,39.0,17,5,61.6,22.2,Deep Advanced,42,No,0.91,Critical,Active - At Risk
CUST-SAAS-01141,Nexus Group X,Logistics & Supply Chain,201-1000 Employees,Germany,Custom Strategic,Monthly Flexible,77070.96,924851.52,36,44,1,1.7,1038,27.9,12,1,45.8,6.4,Deep Advanced,29,No,0.71,High,Churned
CUST-SAAS-01142,Vertex Biomedical Y,Telecom & 5G,10-50 Employees,Canada,Professional,Monthly Flexible,6771.94,81263.28,24,25,10,4.6,72,98.5,5,0,8.0,146.6,Full API Mesh & Automation,1,Yes,0.23,Low,Active - Healthy
CUST-SAAS-01143,Quantum Solutions Z,Government & Public Sector,1000-5000 Employees,Canada,Startup Tier,Multi-Year 3-Yr Strategic,1130.99,13571.88,12,18,9,4.7,58,97.2,4,0,8.5,144.6,Core Functional,3,Yes,0.11,Low,Active - Healthy
CUST-SAAS-01144,Hyperion Robotics A,Manufacturing & Robotics,5000+ Enterprise,United Kingdom,Custom Strategic,Multi-Year 3-Yr Strategic,55087.77,661053.24,24,30,9,4.7,4575,78.3,4,0,3.0,160.8,Full API Mesh & Automation,4,Yes,0.25,Medium,Active - Healthy
CUST-SAAS-01145,Aegis Security B,SaaS & Enterprise Cloud,5000+ Enterprise,United Kingdom,Startup Tier,Multi-Year 3-Yr Strategic,1417.7,17012.4,12,7,7,4.0,36,75.4,2,0,5.3,76.9,Core Functional,5,Yes,0.28,Medium,Active - Healthy
CUST-SAAS-01146,Cobalt Dynamics C,E-Commerce & Retail,1000-5000 Employees,United Kingdom,Startup Tier,Quarterly Invoiced,1553.77,18645.24,12,6,9,4.7,51,92.4,3,1,8.9,179.5,Basic Exploratory,1,Yes,0.37,Medium,In Renewal Discussion
CUST-SAAS-01147,Starlight Analytics D,Media & Entertainment,51-200 Employees,Japan,Enterprise Plus,Quarterly Invoiced,17478.55,209742.6,12,56,8,4.2,884,95.0,8,1,3.2,85.9,Core Functional,7,Yes,0.22,Low,Active - Healthy
CUST-SAAS-01148,Titan Industries E,Professional Services & Legal,51-200 Employees,United States,Custom Strategic,Multi-Year 3-Yr Strategic,64872.83,778473.96,48,58,9,4.8,5348,78.0,0,0,6.9,86.0,Basic Exploratory,7,Yes,0.22,Low,Active - Healthy
CUST-SAAS-01149,Lumina Systems F,Government & Public Sector,5000+ Enterprise,United Kingdom,Custom Strategic,Multi-Year 3-Yr Strategic,50840.31,610083.72,36,39,3,1.9,5389,28.7,31,4,40.3,6.6,Deep Advanced,80,No,0.7,High,Churned
CUST-SAAS-01150,Omni Ventures G,Media & Entertainment,10-50 Employees,Canada,Startup Tier,Monthly Flexible,2782.48,33389.76,12,18,10,4.7,50,86.7,7,0,9.8,157.2,Deep Advanced,6,Yes,0.07,Low,Active - Healthy
CUST-SAAS-01151,Solaris Logistics H,Logistics & Supply Chain,10-50 Employees,Canada,Enterprise Plus,Multi-Year 3-Yr Strategic,24287.17,291446.04,12,30,9,4.9,371,86.2,6,0,6.2,178.3,Basic Exploratory,6,Yes,0.07,Low,Active - Healthy
CUST-SAAS-01152,Prism Global I,Manufacturing & Robotics,10-50 Employees,France,Custom Strategic,Multi-Year 3-Yr Strategic,67899.99,814799.88,24,49,10,4.9,5545,92.3,8,1,8.1,87.3,Deep Advanced,6,Yes,0.2,Low,Active - Healthy
CUST-SAAS-01153,Vanguard Digital J,FinTech & Banking,10-50 Employees,Netherlands,Professional,Quarterly Invoiced,5239.38,62872.56,12,22,7,4.3,271,76.2,1,0,4.6,76.6,Full API Mesh & Automation,4,Yes,0.24,Low,Active - Healthy
CUST-SAAS-01154,Horizon Enterprises K,E-Commerce & Retail,1000-5000 Employees,Australia,Enterprise Plus,Quarterly Invoiced,15568.19,186818.28,24,38,9,4.1,267,80.5,0,0,5.6,100.2,Deep Advanced,0,Yes,0.14,Low,Active - Healthy
CUST-SAAS-01155,Strata Networks L,E-Commerce & Retail,5000+ Enterprise,France,Professional,Multi-Year 3-Yr Strategic,3753.26,45039.12,12,40,10,4.5,116,88.4,3,1,10.5,72.4,Deep Advanced,5,Yes,0.27,Medium,Active - Healthy
CUST-SAAS-01156,Aero Software M,Government & Public Sector,5000+ Enterprise,United Kingdom,Custom Strategic,Monthly Flexible,53650.54,643806.48,48,33,8,4.1,3465,79.4,4,0,8.8,71.5,Basic Exploratory,6,Yes,0.2,Low,Active - Healthy
CUST-SAAS-01157,Pulse Capital N,Logistics & Supply Chain,10-50 Employees,Canada,Enterprise Plus,Multi-Year 3-Yr Strategic,27338.86,328066.32,24,23,9,4.9,831,90.2,0,0,7.5,128.1,Core Functional,2,Yes,0.21,Low,Active - Healthy
CUST-SAAS-01158,Terra Labs O,FinTech & Banking,5000+ Enterprise,Netherlands,Custom Strategic,Multi-Year 3-Yr Strategic,61435.66,737227.92,36,41,10,4.6,6189,81.6,4,1,2.4,166.1,Deep Advanced,1,Yes,0.35,Medium,In Renewal Discussion
CUST-SAAS-01159,Cygnus Cloud P,Manufacturing & Robotics,201-1000 Employees,United States,Custom Strategic,Monthly Flexible,83984.41,1007812.92,24,59,3,2.3,3050,47.8,9,3,25.1,19.9,Basic Exploratory,34,No,0.85,Critical,Churned
CUST-SAAS-01160,Novus Technologies Q,SaaS & Enterprise Cloud,201-1000 Employees,Taiwan,Custom Strategic,Monthly Flexible,51625.18,619502.16,24,29,10,4.6,909,84.9,7,0,8.5,45.1,Basic Exploratory,0,Yes,0.26,Medium,Active - Healthy
CUST-SAAS-01161,Polaris Group R,Government & Public Sector,201-1000 Employees,United States,Custom Strategic,Multi-Year 3-Yr Strategic,82859.49,994313.88,24,52,9,4.7,2797,89.1,4,0,9.3,112.4,Core Functional,2,Yes,0.07,Low,Active - Healthy
CUST-SAAS-01162,Echo Biomedical S,Telecom & 5G,10-50 Employees,Japan,Startup Tier,Annual Pre-Paid,1230.41,14764.92,12,3,6,1.4,55,43.9,22,3,67.3,21.1,Deep Advanced,71,No,0.87,Critical,Under Review
CUST-SAAS-01163,Synthetix Solutions T,E-Commerce & Retail,51-200 Employees,Australia,Professional,Annual Pre-Paid,4640.95,55691.4,24,31,9,4.3,216,80.3,8,0,2.9,96.6,Deep Advanced,3,Yes,0.36,Medium,In Renewal Discussion
CUST-SAAS-01164,Vector Robotics U,Media & Entertainment,201-1000 Employees,United Kingdom,Startup Tier,Multi-Year 3-Yr Strategic,2511.07,30132.84,12,51,2,1.8,35,51.1,14,1,29.6,20.3,Basic Exploratory,65,No,0.86,Critical,Under Review
CUST-SAAS-01165,Zion Security V,SaaS & Enterprise Cloud,201-1000 Employees,Switzerland,Professional,Quarterly Invoiced,9027.2,108326.4,12,44,8,4.2,288,77.8,3,1,8.9,50.7,Core Functional,7,Yes,0.28,Medium,Active - Healthy
CUST-SAAS-01166,Aura Dynamics W,Healthcare & BioTech,5000+ Enterprise,Germany,Startup Tier,Monthly Flexible,2409.29,28911.48,12,43,2,3.3,65,27.8,10,5,68.6,12.6,Basic Exploratory,80,Yes,0.91,Critical,Active - At Risk
CUST-SAAS-01167,Boreal Analytics X,E-Commerce & Retail,51-200 Employees,France,Professional,Monthly Flexible,9481.96,113783.52,24,50,9,4.4,43,97.6,5,0,5.3,86.8,Core Functional,1,Yes,0.24,Low,Active - Healthy
CUST-SAAS-01168,Crest Industries Y,Telecom & 5G,201-1000 Employees,Australia,Professional,Monthly Flexible,4618.59,55423.08,24,20,8,4.2,123,90.8,4,1,3.0,75.4,Deep Advanced,7,Yes,0.24,Low,Active - Healthy
CUST-SAAS-01169,Dynasty Systems Z,Telecom & 5G,10-50 Employees,Netherlands,Startup Tier,Annual Pre-Paid,2371.75,28461.0,12,50,10,4.6,56,75.6,5,0,11.5,150.6,Full API Mesh & Automation,1,Yes,0.33,Medium,Active - Healthy
CUST-SAAS-01170,Apex Ventures A,SaaS & Enterprise Cloud,51-200 Employees,Japan,Professional,Monthly Flexible,5495.99,65951.88,24,49,7,4.9,150,80.9,4,0,5.6,128.1,Deep Advanced,2,Yes,0.22,Low,Active - Healthy
CUST-SAAS-01171,Nexus Logistics B,Telecom & 5G,51-200 Employees,United States,Startup Tier,Annual Pre-Paid,2432.23,29186.76,12,41,9,4.7,24,75.1,4,0,7.3,86.9,Deep Advanced,2,Yes,0.12,Low,Active - Healthy
CUST-SAAS-01172,Vertex Global C,Healthcare & BioTech,5000+ Enterprise,Australia,Startup Tier,Multi-Year 3-Yr Strategic,2428.45,29141.4,12,7,10,4.5,31,89.4,0,0,9.7,146.0,Core Functional,3,Yes,0.03,Low,Active - Healthy
CUST-SAAS-01173,Quantum Digital D,E-Commerce & Retail,10-50 Employees,Taiwan,Startup Tier,Annual Pre-Paid,1350.92,16211.04,12,9,7,4.1,72,95.4,2,1,10.8,106.3,Deep Advanced,5,Yes,0.18,Low,Active - Healthy
CUST-SAAS-01174,Hyperion Enterprises E,Healthcare & BioTech,51-200 Employees,Canada,Professional,Monthly Flexible,3362.95,40355.4,12,49,8,4.2,292,85.7,0,0,3.2,59.0,Core Functional,6,Yes,0.32,Medium,Active - Healthy
CUST-SAAS-01175,Aegis Networks F,Healthcare & BioTech,51-200 Employees,Australia,Enterprise Plus,Monthly Flexible,12047.2,144566.4,12,20,9,4.6,588,89.5,5,1,11.3,98.7,Deep Advanced,1,Yes,0.08,Low,Active - Healthy
CUST-SAAS-01176,Cobalt Software G,Government & Public Sector,10-50 Employees,Netherlands,Enterprise Plus,Quarterly Invoiced,10426.62,125119.44,24,24,10,4.4,1170,83.7,3,0,9.5,167.5,Deep Advanced,2,Yes,0.17,Low,Active - Healthy
CUST-SAAS-01177,Starlight Capital H,Energy & CleanTech,201-1000 Employees,France,Custom Strategic,Quarterly Invoiced,94660.0,1135920.0,36,38,9,4.7,3921,98.5,7,0,4.9,120.7,Full API Mesh & Automation,5,Yes,0.04,Low,Active - Healthy
CUST-SAAS-01178,Titan Labs I,Government & Public Sector,5000+ Enterprise,Canada,Enterprise Plus,Quarterly Invoiced,10265.79,123189.48,24,21,9,4.4,160,98.9,7,0,10.7,102.3,Deep Advanced,6,Yes,0.2,Low,Active - Healthy
CUST-SAAS-01179,Lumina Cloud J,FinTech & Banking,5000+ Enterprise,United States,Enterprise Plus,Monthly Flexible,16737.41,200848.92,12,15,8,4.5,948,83.3,0,0,2.6,64.2,Core Functional,7,Yes,0.33,Medium,Active - Healthy
CUST-SAAS-01180,Omni Technologies K,FinTech & Banking,5000+ Enterprise,Germany,Professional,Quarterly Invoiced,4136.08,49632.96,12,36,5,3.0,154,37.5,31,3,36.7,20.9,Deep Advanced,31,No,0.74,High,Active - At Risk
CUST-SAAS-01181,Solaris Group L,Energy & CleanTech,1000-5000 Employees,Taiwan,Custom Strategic,Annual Pre-Paid,47058.03,564696.36,24,44,9,4.3,1577,97.4,8,0,9.2,118.7,Core Functional,3,Yes,0.38,Medium,In Renewal Discussion
CUST-SAAS-01182,Prism Biomedical M,Telecom & 5G,5000+ Enterprise,Switzerland,Enterprise Plus,Annual Pre-Paid,17231.89,206782.68,24,23,9,4.1,606,99.8,8,0,8.3,88.4,Basic Exploratory,2,Yes,0.23,Low,Active - Healthy
CUST-SAAS-01183,Vanguard Solutions N,Healthcare & BioTech,5000+ Enterprise,United Kingdom,Custom Strategic,Quarterly Invoiced,77784.49,933413.88,36,50,1,1.8,2543,45.1,27,4,35.5,11.7,Deep Advanced,17,No,0.65,High,Active - At Risk
CUST-SAAS-01184,Horizon Robotics O,Professional Services & Legal,10-50 Employees,Taiwan,Enterprise Plus,Monthly Flexible,21067.11,252805.32,12,58,9,4.1,1076,97.8,5,0,5.4,115.2,Deep Advanced,4,Yes,0.38,Medium,In Renewal Discussion
CUST-SAAS-01185,Strata Security P,Government & Public Sector,201-1000 Employees,Germany,Startup Tier,Annual Pre-Paid,2518.61,30223.32,12,2,9,4.8,30,81.8,8,0,8.1,173.1,Full API Mesh & Automation,5,Yes,0.03,Low,Active - Healthy
CUST-SAAS-01186,Aero Dynamics Q,Energy & CleanTech,1000-5000 Employees,Germany,Enterprise Plus,Quarterly Invoiced,9661.76,115941.12,24,8,7,4.6,786,99.6,3,0,10.3,147.5,Full API Mesh & Automation,0,Yes,0.33,Medium,Active - Healthy
CUST-SAAS-01187,Pulse Analytics R,Professional Services & Legal,10-50 Employees,Switzerland,Custom Strategic,Annual Pre-Paid,88573.17,1062878.04,36,18,3,3.0,5308,44.8,13,5,36.6,21.8,Deep Advanced,40,No,0.97,Critical,Under Review
CUST-SAAS-01188,Terra Industries S,Energy & CleanTech,51-200 Employees,Australia,Custom Strategic,Annual Pre-Paid,73522.22,882266.64,48,55,2,2.1,5573,39.4,34,1,63.4,10.9,Full API Mesh & Automation,46,No,0.63,High,Active - At Risk
CUST-SAAS-01189,Cygnus Systems T,Media & Entertainment,10-50 Employees,United States,Startup Tier,Multi-Year 3-Yr Strategic,2507.94,30095.28,12,53,2,1.3,55,36.0,27,3,41.5,15.5,Deep Advanced,63,No,0.9,Critical,Active - At Risk
CUST-SAAS-01190,Novus Ventures U,Government & Public Sector,201-1000 Employees,Japan,Enterprise Plus,Monthly Flexible,12808.32,153699.84,24,37,9,4.6,884,96.8,1,0,7.2,108.9,Basic Exploratory,7,Yes,0.06,Low,Active - Healthy
CUST-SAAS-01191,Polaris Logistics V,Professional Services & Legal,10-50 Employees,United Kingdom,Professional,Multi-Year 3-Yr Strategic,8176.42,98117.04,24,14,3,1.7,121,50.1,16,1,54.2,12.2,Full API Mesh & Automation,73,No,0.67,High,Churned
CUST-SAAS-01192,Echo Global W,SaaS & Enterprise Cloud,51-200 Employees,France,Custom Strategic,Annual Pre-Paid,83917.57,1007010.84,48,13,8,4.2,1061,82.6,0,0,11.4,69.4,Core Functional,0,Yes,0.21,Low,Active - Healthy
CUST-SAAS-01193,Synthetix Digital X,Telecom & 5G,10-50 Employees,Netherlands,Custom Strategic,Annual Pre-Paid,54076.87,648922.44,36,23,7,4.8,5301,75.4,2,0,5.1,129.0,Core Functional,0,Yes,0.3,Medium,Active - Healthy
CUST-SAAS-01194,Vector Enterprises Y,Energy & CleanTech,201-1000 Employees,Germany,Professional,Quarterly Invoiced,7971.61,95659.32,24,46,6,3.0,62,26.2,15,1,35.5,13.3,Deep Advanced,49,No,0.98,Critical,Active - At Risk
CUST-SAAS-01195,Zion Networks Z,Professional Services & Legal,1000-5000 Employees,Netherlands,Professional,Quarterly Invoiced,7596.86,91162.32,12,15,9,4.5,294,90.7,3,0,3.2,66.9,Core Functional,1,Yes,0.14,Low,Active - Healthy
CUST-SAAS-01196,Aura Software A,Government & Public Sector,1000-5000 Employees,Netherlands,Custom Strategic,Quarterly Invoiced,94950.25,1139403.0,36,6,4,1.2,1939,33.8,9,4,31.9,13.8,Full API Mesh & Automation,27,No,0.78,High,Churned
CUST-SAAS-01197,Boreal Capital B,Manufacturing & Robotics,201-1000 Employees,Switzerland,Professional,Monthly Flexible,3990.38,47884.56,12,49,9,4.0,99,88.5,1,0,4.3,169.7,Deep Advanced,6,Yes,0.27,Medium,Active - Healthy
CUST-SAAS-01198,Crest Labs C,FinTech & Banking,5000+ Enterprise,Germany,Startup Tier,Quarterly Invoiced,2020.96,24251.52,12,23,9,4.7,42,82.2,7,0,4.6,158.8,Deep Advanced,0,Yes,0.11,Low,Active - Healthy
CUST-SAAS-01199,Dynasty Cloud D,E-Commerce & Retail,10-50 Employees,Australia,Enterprise Plus,Monthly Flexible,13387.72,160652.64,24,17,9,4.1,153,87.1,4,0,4.7,138.7,Deep Advanced,5,Yes,0.21,Low,Active - Healthy
CUST-SAAS-01200,Apex Technologies E,Telecom & 5G,51-200 Employees,Singapore,Professional,Monthly Flexible,4936.94,59243.28,24,57,8,4.9,48,78.9,4,0,2.4,170.3,Basic Exploratory,4,Yes,0.11,Low,Active - Healthy
CUST-SAAS-01201,Nexus Group F,SaaS & Enterprise Cloud,1000-5000 Employees,Netherlands,Custom Strategic,Quarterly Invoiced,43244.28,518931.36,24,14,10,4.9,5540,81.3,2,0,12.0,144.6,Deep Advanced,5,Yes,0.07,Low,Active - Healthy
CUST-SAAS-01202,Vertex Biomedical G,Healthcare & BioTech,51-200 Employees,Singapore,Startup Tier,Multi-Year 3-Yr Strategic,2844.34,34132.08,12,18,8,4.3,36,76.1,2,0,11.7,160.5,Basic Exploratory,2,Yes,0.13,Low,Active - Healthy
CUST-SAAS-01203,Quantum Solutions H,Government & Public Sector,1000-5000 Employees,Singapore,Professional,Monthly Flexible,3320.43,39845.16,12,16,5,3.2,259,31.9,27,5,55.9,14.8,Basic Exploratory,76,No,0.96,Critical,Active - At Risk
CUST-SAAS-01204,Hyperion Robotics I,FinTech & Banking,5000+ Enterprise,Singapore,Professional,Monthly Flexible,5377.09,64525.08,12,15,1,2.4,252,50.3,16,3,66.2,18.7,Basic Exploratory,85,No,0.82,Critical,Active - At Risk
CUST-SAAS-01205,Aegis Security J,Healthcare & BioTech,5000+ Enterprise,Netherlands,Enterprise Plus,Multi-Year 3-Yr Strategic,19665.87,235990.44,24,19,6,1.2,631,51.8,16,2,33.6,23.1,Full API Mesh & Automation,54,No,0.69,High,Under Review
CUST-SAAS-01206,Cobalt Dynamics K,Healthcare & BioTech,5000+ Enterprise,Australia,Professional,Annual Pre-Paid,4757.53,57090.36,12,19,2,3.0,134,56.9,32,1,65.6,16.1,Full API Mesh & Automation,24,No,0.79,High,Active - At Risk
CUST-SAAS-01207,Starlight Analytics L,SaaS & Enterprise Cloud,51-200 Employees,Germany,Enterprise Plus,Multi-Year 3-Yr Strategic,9072.19,108866.28,36,49,9,4.3,1169,78.0,8,0,7.5,48.8,Core Functional,7,Yes,0.07,Low,Active - Healthy
CUST-SAAS-01208,Titan Industries M,Telecom & 5G,1000-5000 Employees,Netherlands,Custom Strategic,Annual Pre-Paid,28489.51,341874.12,36,37,8,4.5,1413,100.0,2,1,4.6,129.2,Basic Exploratory,2,Yes,0.18,Low,Active - Healthy
CUST-SAAS-01209,Lumina Systems N,Telecom & 5G,51-200 Employees,France,Professional,Annual Pre-Paid,3585.16,43021.92,24,33,7,4.4,292,76.3,5,1,2.1,59.4,Basic Exploratory,0,Yes,0.12,Low,Active - Healthy
CUST-SAAS-01210,Omni Ventures O,E-Commerce & Retail,1000-5000 Employees,Australia,Custom Strategic,Annual Pre-Paid,33199.4,398392.8,24,7,9,4.8,2320,96.5,5,0,11.8,47.6,Deep Advanced,6,Yes,0.29,Medium,Active - Healthy
CUST-SAAS-01211,Solaris Logistics P,Logistics & Supply Chain,201-1000 Employees,Japan,Custom Strategic,Multi-Year 3-Yr Strategic,63408.34,760900.08,36,53,9,4.8,5733,98.1,5,0,10.6,75.6,Basic Exploratory,0,Yes,0.06,Low,Active - Healthy
CUST-SAAS-01212,Prism Global Q,Energy & CleanTech,51-200 Employees,Japan,Custom Strategic,Multi-Year 3-Yr Strategic,93763.0,1125156.0,36,22,7,4.1,1598,76.3,8,1,9.3,72.8,Core Functional,1,Yes,0.16,Low,Active - Healthy
CUST-SAAS-01213,Vanguard Digital R,Logistics & Supply Chain,10-50 Employees,Singapore,Startup Tier,Monthly Flexible,2677.59,32131.08,12,36,8,4.7,47,96.2,2,1,3.1,66.6,Deep Advanced,4,Yes,0.31,Medium,Active - Healthy
CUST-SAAS-01214,Horizon Enterprises S,Professional Services & Legal,201-1000 Employees,Australia,Custom Strategic,Multi-Year 3-Yr Strategic,81822.15,981865.8,36,6,9,4.9,5430,79.0,0,0,5.1,92.9,Full API Mesh & Automation,4,Yes,0.36,Medium,In Renewal Discussion
CUST-SAAS-01215,Strata Networks T,E-Commerce & Retail,201-1000 Employees,Canada,Custom Strategic,Monthly Flexible,85684.62,1028215.44,48,11,10,4.4,1529,99.9,7,0,6.1,46.6,Core Functional,5,Yes,0.14,Low,Active - Healthy
CUST-SAAS-01216,Aero Software U,E-Commerce & Retail,201-1000 Employees,Germany,Startup Tier,Quarterly Invoiced,2233.69,26804.28,12,17,8,4.4,64,90.4,7,0,5.4,76.0,Full API Mesh & Automation,1,Yes,0.36,Medium,In Renewal Discussion
CUST-SAAS-01217,Pulse Capital V,FinTech & Banking,51-200 Employees,Taiwan,Custom Strategic,Multi-Year 3-Yr Strategic,29836.63,358039.56,36,8,9,4.2,880,82.0,5,0,2.5,149.3,Basic Exploratory,5,Yes,0.09,Low,Active - Healthy
CUST-SAAS-01218,Terra Labs W,Healthcare & BioTech,201-1000 Employees,United States,Enterprise Plus,Multi-Year 3-Yr Strategic,24971.75,299661.0,24,46,7,4.5,274,99.7,8,0,7.0,146.0,Core Functional,5,Yes,0.25,Medium,Active - Healthy
CUST-SAAS-01219,Cygnus Cloud X,Media & Entertainment,201-1000 Employees,Singapore,Enterprise Plus,Monthly Flexible,16088.08,193056.96,36,37,10,4.3,1069,93.3,5,0,11.2,130.3,Core Functional,0,Yes,0.33,Medium,Active - Healthy
CUST-SAAS-01220,Novus Technologies Y,Media & Entertainment,5000+ Enterprise,Germany,Custom Strategic,Quarterly Invoiced,53251.04,639012.48,36,32,9,4.1,5293,98.2,7,0,8.2,103.2,Core Functional,7,Yes,0.29,Medium,Active - Healthy
CUST-SAAS-01221,Polaris Group Z,FinTech & Banking,5000+ Enterprise,United Kingdom,Enterprise Plus,Annual Pre-Paid,19323.34,231880.08,24,34,9,4.4,1049,95.1,1,0,10.9,166.9,Basic Exploratory,2,Yes,0.17,Low,Active - Healthy
CUST-SAAS-01222,Echo Biomedical A,Professional Services & Legal,5000+ Enterprise,Netherlands,Professional,Monthly Flexible,5185.32,62223.84,12,58,1,2.8,264,27.4,31,5,70.1,10.5,Deep Advanced,63,No,0.9,Critical,Churned
CUST-SAAS-01223,Synthetix Solutions B,Logistics & Supply Chain,10-50 Employees,Singapore,Professional,Multi-Year 3-Yr Strategic,3270.14,39241.68,12,5,7,4.1,232,78.9,4,0,4.4,175.3,Deep Advanced,7,Yes,0.22,Low,Active - Healthy
CUST-SAAS-01224,Vector Robotics C,Healthcare & BioTech,10-50 Employees,Japan,Custom Strategic,Monthly Flexible,47967.53,575610.36,24,37,8,4.2,3675,86.4,8,1,4.3,54.6,Basic Exploratory,1,Yes,0.32,Medium,Active - Healthy
CUST-SAAS-01225,Zion Security D,SaaS & Enterprise Cloud,1000-5000 Employees,United States,Custom Strategic,Annual Pre-Paid,62031.89,744382.68,36,38,4,2.2,4259,51.5,30,2,46.8,24.3,Deep Advanced,27,No,0.91,Critical,Churned
CUST-SAAS-01226,Aura Dynamics E,Government & Public Sector,51-200 Employees,Australia,Enterprise Plus,Monthly Flexible,26603.06,319236.72,12,2,10,4.5,238,78.3,0,0,8.7,52.4,Full API Mesh & Automation,3,Yes,0.25,Medium,Active - Healthy
CUST-SAAS-01227,Boreal Analytics F,Media & Entertainment,10-50 Employees,France,Startup Tier,Monthly Flexible,1025.0,12300.0,12,59,8,4.8,77,98.0,0,0,2.2,47.8,Core Functional,0,Yes,0.29,Medium,Active - Healthy
CUST-SAAS-01228,Crest Industries G,Healthcare & BioTech,51-200 Employees,Canada,Professional,Annual Pre-Paid,5071.1,60853.2,12,60,7,4.8,102,93.2,8,1,9.2,121.4,Full API Mesh & Automation,4,Yes,0.06,Low,Active - Healthy
CUST-SAAS-01229,Dynasty Systems H,Logistics & Supply Chain,1000-5000 Employees,Netherlands,Custom Strategic,Annual Pre-Paid,27776.63,333319.56,24,40,7,4.8,2806,84.1,6,0,3.4,65.2,Deep Advanced,2,Yes,0.22,Low,Active - Healthy
CUST-SAAS-01230,Apex Ventures I,E-Commerce & Retail,5000+ Enterprise,Singapore,Custom Strategic,Annual Pre-Paid,55284.55,663414.6,24,5,10,4.0,1389,82.9,2,0,4.2,85.7,Core Functional,6,Yes,0.03,Low,Active - Healthy
CUST-SAAS-01231,Nexus Logistics J,Manufacturing & Robotics,51-200 Employees,United Kingdom,Professional,Quarterly Invoiced,8419.9,101038.8,24,22,9,4.6,65,91.3,5,0,10.7,84.7,Core Functional,4,Yes,0.07,Low,Active - Healthy
CUST-SAAS-01232,Vertex Global K,SaaS & Enterprise Cloud,201-1000 Employees,Germany,Professional,Annual Pre-Paid,7286.52,87438.24,24,33,7,4.8,187,90.4,3,0,3.1,99.1,Basic Exploratory,3,Yes,0.25,Medium,Active - Healthy
CUST-SAAS-01233,Quantum Digital L,SaaS & Enterprise Cloud,10-50 Employees,France,Custom Strategic,Monthly Flexible,54771.81,657261.72,48,18,8,4.2,4286,76.1,7,0,6.7,71.4,Deep Advanced,0,Yes,0.32,Medium,Active - Healthy
CUST-SAAS-01234,Hyperion Enterprises M,Government & Public Sector,1000-5000 Employees,Japan,Startup Tier,Monthly Flexible,1801.8,21621.6,12,49,8,4.6,67,98.6,0,0,11.4,140.7,Basic Exploratory,6,Yes,0.13,Low,Active - Healthy
CUST-SAAS-01235,Aegis Networks N,Professional Services & Legal,10-50 Employees,Taiwan,Custom Strategic,Annual Pre-Paid,93878.91,1126546.92,36,21,9,4.6,5377,92.9,4,0,11.0,91.5,Full API Mesh & Automation,7,Yes,0.06,Low,Active - Healthy
CUST-SAAS-01236,Cobalt Software O,Healthcare & BioTech,201-1000 Employees,Japan,Enterprise Plus,Multi-Year 3-Yr Strategic,17846.21,214154.52,36,41,10,4.8,583,85.7,2,1,9.7,153.8,Deep Advanced,6,Yes,0.14,Low,Active - Healthy
CUST-SAAS-01237,Starlight Capital P,E-Commerce & Retail,1000-5000 Employees,Taiwan,Enterprise Plus,Monthly Flexible,22083.27,264999.24,24,42,6,1.3,713,35.8,8,2,54.9,21.5,Deep Advanced,43,No,0.93,Critical,Under Review
CUST-SAAS-01238,Titan Labs Q,SaaS & Enterprise Cloud,5000+ Enterprise,France,Professional,Multi-Year 3-Yr Strategic,3886.93,46643.16,12,51,8,4.2,196,95.4,6,0,10.0,178.1,Deep Advanced,6,Yes,0.3,Medium,Active - Healthy
CUST-SAAS-01239,Lumina Cloud R,Manufacturing & Robotics,5000+ Enterprise,Switzerland,Professional,Annual Pre-Paid,9325.76,111909.12,12,8,6,2.2,40,40.9,20,1,62.0,3.8,Basic Exploratory,60,No,0.62,High,Under Review
CUST-SAAS-01240,Omni Technologies S,Healthcare & BioTech,10-50 Employees,Singapore,Startup Tier,Monthly Flexible,2810.55,33726.6,12,5,9,4.2,37,83.4,1,0,7.2,163.2,Basic Exploratory,6,Yes,0.23,Low,Active - Healthy
CUST-SAAS-01241,Solaris Group T,Media & Entertainment,51-200 Employees,Netherlands,Custom Strategic,Quarterly Invoiced,26587.6,319051.2,36,49,8,4.1,5460,76.6,5,0,8.4,126.5,Deep Advanced,1,Yes,0.25,Medium,Active - Healthy
CUST-SAAS-01242,Prism Biomedical U,Manufacturing & Robotics,51-200 Employees,United States,Startup Tier,Multi-Year 3-Yr Strategic,1902.63,22831.56,12,9,10,4.3,38,95.9,4,0,8.3,129.8,Full API Mesh & Automation,0,Yes,0.21,Low,Active - Healthy
CUST-SAAS-01243,Vanguard Solutions V,SaaS & Enterprise Cloud,51-200 Employees,Canada,Custom Strategic,Monthly Flexible,76561.22,918734.64,48,7,2,1.4,5753,54.0,9,4,40.3,21.8,Deep Advanced,78,No,0.79,High,Active - At Risk
CUST-SAAS-01244,Horizon Robotics W,Healthcare & BioTech,201-1000 Employees,Germany,Custom Strategic,Quarterly Invoiced,34381.97,412583.64,24,51,9,4.7,751,85.3,1,0,3.6,144.0,Core Functional,1,Yes,0.13,Low,Active - Healthy
CUST-SAAS-01245,Strata Security X,Energy & CleanTech,5000+ Enterprise,Singapore,Enterprise Plus,Annual Pre-Paid,15759.52,189114.24,24,17,9,4.5,1121,91.3,5,0,6.8,124.6,Full API Mesh & Automation,2,Yes,0.14,Low,Active - Healthy
CUST-SAAS-01246,Aero Dynamics Y,Government & Public Sector,5000+ Enterprise,Netherlands,Professional,Multi-Year 3-Yr Strategic,9017.49,108209.88,24,23,7,4.7,214,78.0,4,0,1.7,60.2,Full API Mesh & Automation,6,Yes,0.29,Medium,Active - Healthy
CUST-SAAS-01247,Pulse Analytics Z,Logistics & Supply Chain,5000+ Enterprise,Singapore,Enterprise Plus,Quarterly Invoiced,12966.11,155593.32,36,47,10,4.4,214,80.9,2,1,6.0,68.9,Core Functional,3,Yes,0.14,Low,Active - Healthy
CUST-SAAS-01248,Terra Industries A,FinTech & Banking,10-50 Employees,Switzerland,Professional,Quarterly Invoiced,7798.52,93582.24,12,56,9,4.4,211,77.6,3,0,10.1,135.2,Core Functional,3,Yes,0.31,Medium,Active - Healthy
CUST-SAAS-01249,Cygnus Systems B,Manufacturing & Robotics,201-1000 Employees,France,Custom Strategic,Annual Pre-Paid,33610.91,403330.92,24,5,7,4.5,1458,95.8,3,0,3.6,64.2,Basic Exploratory,4,Yes,0.25,Medium,Active - Healthy
CUST-SAAS-01250,Novus Ventures C,Telecom & 5G,10-50 Employees,Singapore,Custom Strategic,Quarterly Invoiced,46802.59,561631.08,48,57,7,4.5,4558,83.7,1,0,11.5,164.3,Basic Exploratory,3,Yes,0.27,Medium,Active - Healthy
CUST-SAAS-01251,Polaris Logistics D,FinTech & Banking,201-1000 Employees,Taiwan,Professional,Quarterly Invoiced,5815.92,69791.04,24,40,9,4.2,149,91.1,3,1,6.0,148.6,Full API Mesh & Automation,0,Yes,0.24,Low,Active - Healthy
CUST-SAAS-01252,Echo Global E,Professional Services & Legal,5000+ Enterprise,Switzerland,Custom Strategic,Quarterly Invoiced,35721.9,428662.8,48,31,9,4.2,4367,75.9,7,0,2.0,124.6,Basic Exploratory,5,Yes,0.16,Low,Active - Healthy
CUST-SAAS-01253,Synthetix Digital F,Professional Services & Legal,51-200 Employees,France,Enterprise Plus,Monthly Flexible,18841.76,226101.12,36,19,3,3.0,713,50.0,15,2,28.8,22.8,Deep Advanced,25,No,0.87,Critical,Under Review
CUST-SAAS-01254,Vector Enterprises G,FinTech & Banking,51-200 Employees,Canada,Professional,Annual Pre-Paid,6366.33,76395.96,24,46,10,4.2,45,78.6,3,0,9.3,119.2,Full API Mesh & Automation,2,Yes,0.26,Medium,Active - Healthy
CUST-SAAS-01255,Zion Networks H,Telecom & 5G,1000-5000 Employees,United Kingdom,Professional,Annual Pre-Paid,8437.38,101248.56,12,6,9,4.5,264,75.1,5,1,4.7,162.4,Deep Advanced,0,Yes,0.25,Medium,Active - Healthy
CUST-SAAS-01256,Aura Software I,Professional Services & Legal,1000-5000 Employees,Australia,Custom Strategic,Quarterly Invoiced,33477.42,401729.04,36,53,9,4.9,3941,97.1,8,0,5.7,72.1,Core Functional,2,Yes,0.1,Low,Active - Healthy
CUST-SAAS-01257,Boreal Capital J,Media & Entertainment,51-200 Employees,United States,Enterprise Plus,Monthly Flexible,22957.33,275487.96,24,53,7,4.5,1185,93.0,0,0,11.0,90.4,Full API Mesh & Automation,7,Yes,0.16,Low,Active - Healthy
CUST-SAAS-01258,Crest Labs K,FinTech & Banking,1000-5000 Employees,Netherlands,Enterprise Plus,Annual Pre-Paid,18796.51,225558.12,24,28,1,2.1,453,50.2,27,4,41.9,21.8,Basic Exploratory,40,Yes,0.71,High,Under Review
CUST-SAAS-01259,Dynasty Cloud L,Professional Services & Legal,201-1000 Employees,United Kingdom,Professional,Quarterly Invoiced,3091.0,37092.0,24,37,9,4.5,140,75.1,3,0,9.8,97.3,Core Functional,0,Yes,0.04,Low,Active - Healthy
CUST-SAAS-01260,Apex Technologies M,FinTech & Banking,5000+ Enterprise,Australia,Startup Tier,Monthly Flexible,2317.23,27806.76,12,57,8,4.7,77,89.0,2,0,7.4,113.3,Full API Mesh & Automation,3,Yes,0.33,Medium,Active - Healthy
CUST-SAAS-01261,Nexus Group N,Government & Public Sector,51-200 Employees,United Kingdom,Custom Strategic,Quarterly Invoiced,25190.93,302291.16,48,30,10,4.4,1106,92.1,0,0,1.8,115.2,Core Functional,7,Yes,0.13,Low,Active - Healthy
CUST-SAAS-01262,Vertex Biomedical O,E-Commerce & Retail,1000-5000 Employees,Germany,Enterprise Plus,Annual Pre-Paid,15342.04,184104.48,36,11,10,4.9,610,76.9,5,0,2.3,173.0,Full API Mesh & Automation,3,Yes,0.05,Low,Active - Healthy
CUST-SAAS-01263,Quantum Solutions P,Manufacturing & Robotics,5000+ Enterprise,Japan,Startup Tier,Multi-Year 3-Yr Strategic,1582.77,18993.24,12,44,8,4.8,72,76.6,5,0,4.1,111.4,Core Functional,5,Yes,0.33,Medium,Active - Healthy
CUST-SAAS-01264,Hyperion Robotics Q,Telecom & 5G,1000-5000 Employees,Canada,Enterprise Plus,Annual Pre-Paid,16284.08,195408.96,36,30,1,2.9,374,49.4,16,5,57.3,11.5,Basic Exploratory,82,Yes,0.96,Critical,Under Review
CUST-SAAS-01265,Aegis Security R,SaaS & Enterprise Cloud,201-1000 Employees,United States,Professional,Multi-Year 3-Yr Strategic,4841.13,58093.56,12,20,10,4.8,282,85.7,8,0,6.2,132.2,Deep Advanced,4,Yes,0.13,Low,Active - Healthy
CUST-SAAS-01266,Cobalt Dynamics S,Energy & CleanTech,51-200 Employees,United Kingdom,Custom Strategic,Multi-Year 3-Yr Strategic,68035.33,816423.96,48,12,2,3.2,5902,26.3,18,5,50.1,13.3,Core Functional,74,No,0.9,Critical,Active - At Risk
CUST-SAAS-01267,Starlight Analytics T,Healthcare & BioTech,201-1000 Employees,United Kingdom,Professional,Quarterly Invoiced,7966.96,95603.52,24,4,10,4.3,231,88.6,6,0,11.2,138.1,Deep Advanced,3,Yes,0.3,Medium,Active - Healthy
CUST-SAAS-01268,Titan Industries U,Logistics & Supply Chain,1000-5000 Employees,United Kingdom,Professional,Quarterly Invoiced,3564.06,42768.72,24,42,8,4.3,162,90.3,1,0,5.4,106.9,Full API Mesh & Automation,2,Yes,0.28,Medium,Active - Healthy
CUST-SAAS-01269,Lumina Systems V,Media & Entertainment,1000-5000 Employees,Singapore,Custom Strategic,Multi-Year 3-Yr Strategic,91447.13,1097365.56,24,53,7,4.9,3948,86.4,3,0,5.4,160.4,Basic Exploratory,7,Yes,0.13,Low,Active - Healthy
CUST-SAAS-01270,Omni Ventures W,FinTech & Banking,5000+ Enterprise,Taiwan,Professional,Monthly Flexible,8863.07,106356.84,12,46,1,1.7,135,49.3,16,1,53.9,7.6,Core Functional,79,No,0.66,High,Churned
CUST-SAAS-01271,Solaris Logistics X,Professional Services & Legal,51-200 Employees,United States,Professional,Annual Pre-Paid,7318.03,87816.36,24,26,10,4.7,243,92.9,1,0,6.8,81.0,Full API Mesh & Automation,7,Yes,0.25,Medium,Active - Healthy
CUST-SAAS-01272,Prism Global Y,Energy & CleanTech,5000+ Enterprise,France,Enterprise Plus,Quarterly Invoiced,25217.51,302610.12,36,40,9,4.5,1156,97.9,7,0,4.6,125.8,Deep Advanced,7,Yes,0.24,Low,Active - Healthy
CUST-SAAS-01273,Vanguard Digital Z,Media & Entertainment,10-50 Employees,Switzerland,Startup Tier,Monthly Flexible,2213.37,26560.44,12,52,9,4.1,32,98.7,8,1,11.6,142.6,Full API Mesh & Automation,3,Yes,0.29,Medium,Active - Healthy
CUST-SAAS-01274,Horizon Enterprises A,Media & Entertainment,5000+ Enterprise,Canada,Enterprise Plus,Multi-Year 3-Yr Strategic,9337.06,112044.72,12,25,9,4.1,533,77.3,3,1,10.7,168.6,Core Functional,4,Yes,0.12,Low,Active - Healthy
CUST-SAAS-01275,Strata Networks B,FinTech & Banking,1000-5000 Employees,Canada,Enterprise Plus,Annual Pre-Paid,27970.61,335647.32,12,22,5,1.8,592,27.3,19,4,45.0,7.7,Core Functional,67,No,0.63,High,Under Review
CUST-SAAS-01276,Aero Software C,Government & Public Sector,1000-5000 Employees,United States,Enterprise Plus,Quarterly Invoiced,12914.15,154969.8,24,26,6,2.9,1059,45.8,22,4,47.6,5.5,Deep Advanced,39,No,0.77,High,Active - At Risk
CUST-SAAS-01277,Pulse Capital D,SaaS & Enterprise Cloud,10-50 Employees,Singapore,Professional,Multi-Year 3-Yr Strategic,7445.71,89348.52,24,16,7,4.2,225,82.8,0,0,9.5,122.9,Basic Exploratory,0,Yes,0.37,Medium,In Renewal Discussion
CUST-SAAS-01278,Terra Labs E,E-Commerce & Retail,201-1000 Employees,United Kingdom,Custom Strategic,Annual Pre-Paid,40044.76,480537.12,48,12,10,4.7,2560,76.6,3,0,4.6,130.5,Full API Mesh & Automation,4,Yes,0.34,Medium,Active - Healthy
CUST-SAAS-01279,Cygnus Cloud F,Healthcare & BioTech,5000+ Enterprise,Netherlands,Custom Strategic,Monthly Flexible,36371.44,436457.28,24,51,9,4.7,4434,97.3,2,0,10.1,111.8,Core Functional,7,Yes,0.22,Low,Active - Healthy
CUST-SAAS-01280,Novus Technologies G,Healthcare & BioTech,201-1000 Employees,United Kingdom,Custom Strategic,Quarterly Invoiced,93919.36,1127032.32,48,44,8,4.1,4516,89.7,2,0,2.1,162.0,Full API Mesh & Automation,4,Yes,0.31,Medium,Active - Healthy
CUST-SAAS-01281,Polaris Group H,Professional Services & Legal,201-1000 Employees,United Kingdom,Custom Strategic,Monthly Flexible,37019.0,444228.0,24,23,10,4.3,2763,95.9,8,1,6.1,113.5,Core Functional,2,Yes,0.35,Medium,In Renewal Discussion
CUST-SAAS-01282,Echo Biomedical I,Logistics & Supply Chain,5000+ Enterprise,Singapore,Custom Strategic,Monthly Flexible,31757.06,381084.72,36,12,5,2.5,1507,53.5,14,5,61.8,13.3,Basic Exploratory,75,Yes,0.97,Critical,Active - At Risk
CUST-SAAS-01283,Synthetix Solutions J,E-Commerce & Retail,51-200 Employees,Switzerland,Custom Strategic,Monthly Flexible,79240.84,950890.08,48,20,10,4.5,2766,90.2,4,1,1.5,175.9,Basic Exploratory,3,Yes,0.2,Low,Active - Healthy
CUST-SAAS-01284,Vector Robotics K,Media & Entertainment,201-1000 Employees,Canada,Enterprise Plus,Quarterly Invoiced,23017.95,276215.4,12,35,9,4.6,999,75.2,8,0,4.4,140.9,Core Functional,2,Yes,0.28,Medium,Active - Healthy
CUST-SAAS-01285,Zion Security L,E-Commerce & Retail,1000-5000 Employees,France,Custom Strategic,Monthly Flexible,26794.36,321532.32,48,31,10,4.5,2195,80.4,4,0,8.9,166.1,Deep Advanced,5,Yes,0.23,Low,Active - Healthy
CUST-SAAS-01286,Aura Dynamics M,Media & Entertainment,201-1000 Employees,Japan,Startup Tier,Annual Pre-Paid,1334.0,16008.0,12,12,10,4.4,29,92.3,4,0,3.2,98.1,Basic Exploratory,3,Yes,0.15,Low,Active - Healthy
CUST-SAAS-01287,Boreal Analytics N,Government & Public Sector,201-1000 Employees,Singapore,Enterprise Plus,Monthly Flexible,13415.87,160990.44,24,43,10,4.2,458,95.1,4,0,6.0,72.2,Basic Exploratory,2,Yes,0.37,Medium,In Renewal Discussion
CUST-SAAS-01288,Crest Industries O,Logistics & Supply Chain,10-50 Employees,United States,Startup Tier,Multi-Year 3-Yr Strategic,1412.16,16945.92,12,50,10,4.3,77,90.3,7,0,4.0,126.4,Core Functional,6,Yes,0.24,Low,Active - Healthy
CUST-SAAS-01289,Dynasty Systems P,Government & Public Sector,51-200 Employees,Japan,Professional,Multi-Year 3-Yr Strategic,6425.38,77104.56,24,36,10,4.5,147,88.9,8,0,6.9,174.5,Basic Exploratory,3,Yes,0.28,Medium,Active - Healthy
CUST-SAAS-01290,Apex Ventures Q,Media & Entertainment,201-1000 Employees,Germany,Professional,Multi-Year 3-Yr Strategic,5162.04,61944.48,24,31,10,4.2,160,98.5,5,0,7.6,115.6,Full API Mesh & Automation,6,Yes,0.11,Low,Active - Healthy
CUST-SAAS-01291,Nexus Logistics R,FinTech & Banking,51-200 Employees,Japan,Enterprise Plus,Multi-Year 3-Yr Strategic,20290.85,243490.2,36,4,10,4.2,868,97.5,2,0,8.1,70.0,Full API Mesh & Automation,1,Yes,0.18,Low,Active - Healthy
CUST-SAAS-01292,Vertex Global S,Logistics & Supply Chain,1000-5000 Employees,France,Custom Strategic,Monthly Flexible,71948.21,863378.52,24,39,7,5.0,6244,87.5,0,0,7.6,80.7,Core Functional,6,Yes,0.3,Medium,Active - Healthy
CUST-SAAS-01293,Quantum Digital T,SaaS & Enterprise Cloud,10-50 Employees,Singapore,Professional,Monthly Flexible,4824.09,57889.08,24,17,1,1.3,120,37.9,15,2,31.3,24.6,Basic Exploratory,74,No,0.66,High,Under Review
CUST-SAAS-01294,Hyperion Enterprises U,Government & Public Sector,5000+ Enterprise,Canada,Custom Strategic,Annual Pre-Paid,39803.24,477638.88,48,2,9,5.0,2966,86.9,2,0,5.7,72.5,Full API Mesh & Automation,5,Yes,0.07,Low,Active - Healthy
CUST-SAAS-01295,Aegis Networks V,Professional Services & Legal,5000+ Enterprise,Singapore,Startup Tier,Annual Pre-Paid,1916.18,22994.16,12,60,9,4.8,80,75.7,8,0,8.8,115.8,Full API Mesh & Automation,0,Yes,0.24,Low,Active - Healthy
CUST-SAAS-01296,Cobalt Software W,Media & Entertainment,5000+ Enterprise,Germany,Enterprise Plus,Quarterly Invoiced,22111.64,265339.68,24,56,7,4.3,282,81.8,7,0,5.1,127.0,Deep Advanced,5,Yes,0.32,Medium,Active - Healthy
CUST-SAAS-01297,Starlight Capital X,SaaS & Enterprise Cloud,1000-5000 Employees,Taiwan,Custom Strategic,Annual Pre-Paid,75107.08,901284.96,36,47,10,4.5,4591,93.3,2,0,8.8,86.5,Deep Advanced,6,Yes,0.05,Low,Active - Healthy
CUST-SAAS-01298,Titan Labs Y,SaaS & Enterprise Cloud,51-200 Employees,United States,Startup Tier,Multi-Year 3-Yr Strategic,1992.27,23907.24,12,30,7,4.9,27,94.1,7,0,10.0,177.8,Core Functional,7,Yes,0.27,Medium,Active - Healthy
CUST-SAAS-01299,Lumina Cloud Z,Energy & CleanTech,10-50 Employees,Singapore,Startup Tier,Quarterly Invoiced,1660.03,19920.36,12,25,7,4.1,80,87.4,6,0,10.7,65.9,Basic Exploratory,0,Yes,0.33,Medium,Active - Healthy
CUST-SAAS-01300,Omni Technologies A,FinTech & Banking,1000-5000 Employees,Netherlands,Startup Tier,Quarterly Invoiced,1678.28,20139.36,12,60,8,4.9,54,80.3,4,0,5.2,103.9,Deep Advanced,2,Yes,0.07,Low,Active - Healthy
CUST-SAAS-01301,Solaris Group B,Energy & CleanTech,5000+ Enterprise,Taiwan,Enterprise Plus,Annual Pre-Paid,12601.18,151214.16,36,42,4,2.1,915,39.3,27,2,34.0,3.2,Full API Mesh & Automation,84,Yes,0.74,High,Active - At Risk
CUST-SAAS-01302,Prism Biomedical C,FinTech & Banking,201-1000 Employees,Switzerland,Custom Strategic,Quarterly Invoiced,74586.53,895038.36,24,53,10,4.9,4033,92.6,1,0,6.9,110.4,Basic Exploratory,0,Yes,0.2,Low,Active - Healthy
CUST-SAAS-01303,Vanguard Solutions D,Healthcare & BioTech,1000-5000 Employees,Japan,Startup Tier,Monthly Flexible,2186.98,26243.76,12,54,7,4.3,39,78.4,2,0,10.8,153.7,Core Functional,6,Yes,0.23,Low,Active - Healthy
CUST-SAAS-01304,Horizon Robotics E,FinTech & Banking,51-200 Employees,France,Enterprise Plus,Annual Pre-Paid,15851.75,190221.0,12,23,4,3.1,1179,26.8,25,2,59.7,15.1,Full API Mesh & Automation,33,No,0.87,Critical,Under Review
CUST-SAAS-01305,Strata Security F,Telecom & 5G,201-1000 Employees,Netherlands,Startup Tier,Quarterly Invoiced,1453.62,17443.44,12,39,10,4.4,11,91.0,4,0,8.0,70.2,Deep Advanced,7,Yes,0.36,Medium,In Renewal Discussion
CUST-SAAS-01306,Aero Dynamics G,Manufacturing & Robotics,5000+ Enterprise,Australia,Enterprise Plus,Monthly Flexible,9701.73,116420.76,24,10,7,4.8,929,90.7,6,1,7.6,179.9,Deep Advanced,4,Yes,0.33,Medium,Active - Healthy
CUST-SAAS-01307,Pulse Analytics H,FinTech & Banking,10-50 Employees,Germany,Professional,Quarterly Invoiced,3342.13,40105.56,24,56,7,4.8,231,91.1,5,0,5.2,47.8,Full API Mesh & Automation,5,Yes,0.27,Medium,Active - Healthy
CUST-SAAS-01308,Terra Industries I,Telecom & 5G,1000-5000 Employees,France,Professional,Monthly Flexible,6724.07,80688.84,12,60,10,4.3,89,83.1,7,0,7.5,125.1,Full API Mesh & Automation,3,Yes,0.07,Low,Active - Healthy
CUST-SAAS-01309,Cygnus Systems J,FinTech & Banking,5000+ Enterprise,United Kingdom,Startup Tier,Multi-Year 3-Yr Strategic,1893.37,22720.44,12,32,3,1.6,44,46.4,29,2,32.1,4.3,Core Functional,20,Yes,0.89,Critical,Active - At Risk
CUST-SAAS-01310,Novus Ventures K,Logistics & Supply Chain,1000-5000 Employees,Japan,Startup Tier,Multi-Year 3-Yr Strategic,3076.1,36913.2,12,1,8,4.1,41,80.2,4,0,3.2,111.3,Core Functional,0,Yes,0.16,Low,Active - Healthy
CUST-SAAS-01311,Polaris Logistics L,E-Commerce & Retail,5000+ Enterprise,Australia,Enterprise Plus,Multi-Year 3-Yr Strategic,24259.31,291111.72,24,26,10,4.4,805,75.8,8,0,8.4,90.0,Deep Advanced,0,Yes,0.28,Medium,Active - Healthy
CUST-SAAS-01312,Echo Global M,SaaS & Enterprise Cloud,5000+ Enterprise,United Kingdom,Enterprise Plus,Monthly Flexible,24811.29,297735.48,12,55,8,4.7,339,86.4,5,0,2.6,130.8,Deep Advanced,7,Yes,0.37,Medium,In Renewal Discussion
CUST-SAAS-01313,Synthetix Digital N,Government & Public Sector,10-50 Employees,Taiwan,Startup Tier,Quarterly Invoiced,2407.29,28887.48,12,19,10,4.1,24,98.0,5,0,6.3,49.8,Core Functional,6,Yes,0.17,Low,Active - Healthy
CUST-SAAS-01314,Vector Enterprises O,Media & Entertainment,1000-5000 Employees,Canada,Enterprise Plus,Quarterly Invoiced,25276.77,303321.24,24,16,10,4.2,831,90.5,7,0,5.3,128.8,Core Functional,5,Yes,0.04,Low,Active - Healthy
CUST-SAAS-01315,Zion Networks P,Manufacturing & Robotics,201-1000 Employees,Germany,Professional,Annual Pre-Paid,8425.86,101110.32,12,25,9,4.5,134,82.8,4,0,2.6,132.5,Core Functional,1,Yes,0.34,Medium,Active - Healthy
CUST-SAAS-01316,Aura Software Q,Media & Entertainment,51-200 Employees,Singapore,Startup Tier,Quarterly Invoiced,2604.48,31253.76,12,6,7,4.6,35,98.7,1,0,3.6,103.2,Core Functional,1,Yes,0.34,Medium,Active - Healthy
CUST-SAAS-01317,Boreal Capital R,Logistics & Supply Chain,5000+ Enterprise,Taiwan,Custom Strategic,Multi-Year 3-Yr Strategic,45797.3,549567.6,36,51,2,2.8,5232,27.5,15,5,66.7,19.2,Core Functional,75,No,0.87,Critical,Churned
CUST-SAAS-01318,Crest Labs S,E-Commerce & Retail,201-1000 Employees,France,Enterprise Plus,Quarterly Invoiced,21569.03,258828.36,12,41,9,4.7,591,75.7,7,0,7.0,86.5,Full API Mesh & Automation,4,Yes,0.18,Low,Active - Healthy
CUST-SAAS-01319,Dynasty Cloud T,E-Commerce & Retail,5000+ Enterprise,Switzerland,Custom Strategic,Annual Pre-Paid,77209.92,926519.04,36,22,7,4.4,3836,78.1,8,1,9.3,80.4,Deep Advanced,5,Yes,0.2,Low,Active - Healthy
CUST-SAAS-01320,Apex Technologies U,Manufacturing & Robotics,201-1000 Employees,Singapore,Startup Tier,Multi-Year 3-Yr Strategic,1494.54,17934.48,12,60,4,1.7,57,26.6,25,3,24.3,24.1,Deep Advanced,25,No,0.92,Critical,Churned
CUST-SAAS-01321,Nexus Group V,Government & Public Sector,10-50 Employees,Taiwan,Enterprise Plus,Quarterly Invoiced,13034.55,156414.6,12,45,8,4.0,1158,84.5,5,0,2.5,103.8,Basic Exploratory,1,Yes,0.36,Medium,In Renewal Discussion
CUST-SAAS-01322,Vertex Biomedical W,Telecom & 5G,1000-5000 Employees,Japan,Professional,Monthly Flexible,5765.49,69185.88,24,47,8,4.3,43,89.3,7,0,1.7,45.8,Basic Exploratory,1,Yes,0.19,Low,Active - Healthy
CUST-SAAS-01323,Quantum Solutions X,Professional Services & Legal,201-1000 Employees,Singapore,Startup Tier,Quarterly Invoiced,2198.9,26386.8,12,18,9,4.3,22,98.9,3,0,10.5,96.8,Full API Mesh & Automation,0,Yes,0.19,Low,Active - Healthy
CUST-SAAS-01324,Hyperion Robotics Y,Media & Entertainment,10-50 Employees,France,Startup Tier,Quarterly Invoiced,1378.99,16547.88,12,34,10,4.8,76,91.3,4,0,10.5,141.3,Basic Exploratory,3,Yes,0.03,Low,Active - Healthy
CUST-SAAS-01325,Aegis Security Z,Logistics & Supply Chain,10-50 Employees,Taiwan,Custom Strategic,Quarterly Invoiced,42551.88,510622.56,24,2,10,4.7,2434,87.8,4,0,9.1,136.0,Full API Mesh & Automation,0,Yes,0.32,Medium,Active - Healthy
CUST-SAAS-01326,Cobalt Dynamics A,SaaS & Enterprise Cloud,51-200 Employees,United States,Startup Tier,Multi-Year 3-Yr Strategic,1983.15,23797.8,12,16,8,4.8,58,90.3,7,0,3.7,112.0,Deep Advanced,6,Yes,0.14,Low,Active - Healthy
CUST-SAAS-01327,Starlight Analytics B,SaaS & Enterprise Cloud,51-200 Employees,Switzerland,Custom Strategic,Annual Pre-Paid,48236.53,578838.36,24,30,8,4.3,2632,81.5,2,0,9.5,133.7,Deep Advanced,5,Yes,0.09,Low,Active - Healthy
CUST-SAAS-01328,Titan Industries C,SaaS & Enterprise Cloud,5000+ Enterprise,Australia,Professional,Quarterly Invoiced,8482.55,101790.6,12,44,10,4.3,139,90.3,6,0,5.5,53.4,Full API Mesh & Automation,0,Yes,0.24,Low,Active - Healthy
CUST-SAAS-01329,Lumina Systems D,E-Commerce & Retail,1000-5000 Employees,Taiwan,Startup Tier,Quarterly Invoiced,1015.31,12183.72,12,8,10,4.3,41,84.2,1,0,10.5,139.7,Basic Exploratory,6,Yes,0.13,Low,Active - Healthy
CUST-SAAS-01330,Omni Ventures E,Professional Services & Legal,51-200 Employees,Singapore,Enterprise Plus,Multi-Year 3-Yr Strategic,17132.34,205588.08,12,9,8,4.2,995,88.4,8,0,5.3,107.4,Deep Advanced,3,Yes,0.23,Low,Active - Healthy
CUST-SAAS-01331,Solaris Logistics F,Telecom & 5G,5000+ Enterprise,Netherlands,Professional,Multi-Year 3-Yr Strategic,5119.25,61431.0,24,56,8,4.6,182,87.9,7,0,5.7,87.5,Deep Advanced,2,Yes,0.3,Medium,Active - Healthy
CUST-SAAS-01332,Prism Global G,Media & Entertainment,51-200 Employees,France,Professional,Monthly Flexible,6187.94,74255.28,24,50,8,4.1,217,91.1,0,0,2.8,54.6,Full API Mesh & Automation,3,Yes,0.36,Medium,In Renewal Discussion
CUST-SAAS-01333,Vanguard Digital H,Telecom & 5G,51-200 Employees,Switzerland,Enterprise Plus,Multi-Year 3-Yr Strategic,10400.25,124803.0,24,14,9,4.3,1197,90.5,5,0,6.3,121.1,Core Functional,3,Yes,0.34,Medium,Active - Healthy
CUST-SAAS-01334,Horizon Enterprises I,Energy & CleanTech,51-200 Employees,Singapore,Professional,Quarterly Invoiced,8639.36,103672.32,12,40,9,4.7,58,92.0,5,0,2.2,53.5,Full API Mesh & Automation,3,Yes,0.12,Low,Active - Healthy
CUST-SAAS-01335,Strata Networks J,Media & Entertainment,10-50 Employees,Canada,Professional,Quarterly Invoiced,6056.4,72676.8,24,50,7,4.0,283,79.1,0,0,2.3,153.1,Core Functional,0,Yes,0.34,Medium,Active - Healthy
CUST-SAAS-01336,Aero Software K,SaaS & Enterprise Cloud,5000+ Enterprise,Singapore,Enterprise Plus,Annual Pre-Paid,12398.46,148781.52,24,15,2,2.4,1198,32.6,16,1,36.6,4.9,Basic Exploratory,35,No,0.67,High,Active - At Risk
CUST-SAAS-01337,Pulse Capital L,Manufacturing & Robotics,201-1000 Employees,Singapore,Professional,Monthly Flexible,3691.62,44299.44,12,21,5,2.1,176,56.7,25,4,47.7,13.5,Basic Exploratory,18,No,0.86,Critical,Under Review
CUST-SAAS-01338,Terra Labs M,SaaS & Enterprise Cloud,51-200 Employees,Canada,Enterprise Plus,Multi-Year 3-Yr Strategic,12718.15,152617.8,12,13,9,4.4,955,77.2,0,0,9.0,156.0,Deep Advanced,3,Yes,0.34,Medium,Active - Healthy
CUST-SAAS-01339,Cygnus Cloud N,Logistics & Supply Chain,10-50 Employees,Netherlands,Custom Strategic,Multi-Year 3-Yr Strategic,37319.19,447830.28,48,7,9,4.3,4990,91.0,7,1,11.4,143.5,Full API Mesh & Automation,6,Yes,0.08,Low,Active - Healthy
CUST-SAAS-01340,Novus Technologies O,FinTech & Banking,51-200 Employees,Japan,Enterprise Plus,Monthly Flexible,14399.47,172793.64,36,1,10,4.5,626,87.4,1,0,5.4,110.0,Full API Mesh & Automation,6,Yes,0.22,Low,Active - Healthy
CUST-SAAS-01341,Polaris Group P,Government & Public Sector,5000+ Enterprise,Netherlands,Professional,Annual Pre-Paid,9490.77,113889.24,12,36,10,4.3,188,75.9,1,0,11.6,56.3,Deep Advanced,0,Yes,0.12,Low,Active - Healthy
CUST-SAAS-01342,Echo Biomedical Q,Telecom & 5G,10-50 Employees,Australia,Enterprise Plus,Monthly Flexible,26214.61,314575.32,24,22,2,3.1,581,39.3,9,2,48.2,20.7,Deep Advanced,65,No,0.78,High,Under Review
CUST-SAAS-01343,Synthetix Solutions R,SaaS & Enterprise Cloud,10-50 Employees,United Kingdom,Custom Strategic,Multi-Year 3-Yr Strategic,88964.57,1067574.84,24,43,9,4.9,6335,94.7,1,0,8.0,158.7,Deep Advanced,3,Yes,0.36,Medium,In Renewal Discussion
CUST-SAAS-01344,Vector Robotics S,Professional Services & Legal,201-1000 Employees,Japan,Startup Tier,Annual Pre-Paid,1615.79,19389.48,12,32,1,3.3,66,38.7,29,1,71.9,19.8,Full API Mesh & Automation,73,No,0.82,Critical,Under Review
CUST-SAAS-01345,Zion Security T,Government & Public Sector,1000-5000 Employees,Netherlands,Professional,Quarterly Invoiced,8639.72,103676.64,24,17,8,4.1,144,92.7,4,0,3.3,58.7,Full API Mesh & Automation,5,Yes,0.37,Medium,In Renewal Discussion
CUST-SAAS-01346,Aura Dynamics U,FinTech & Banking,1000-5000 Employees,Germany,Startup Tier,Annual Pre-Paid,2123.74,25484.88,12,4,7,4.3,44,89.0,4,0,4.6,93.4,Basic Exploratory,0,Yes,0.03,Low,Active - Healthy
CUST-SAAS-01347,Boreal Analytics V,SaaS & Enterprise Cloud,201-1000 Employees,Australia,Enterprise Plus,Multi-Year 3-Yr Strategic,27435.24,329222.88,36,59,4,1.8,972,33.8,13,2,62.6,9.0,Deep Advanced,31,No,0.7,High,Active - At Risk
CUST-SAAS-01348,Crest Industries W,Telecom & 5G,51-200 Employees,Netherlands,Custom Strategic,Annual Pre-Paid,84307.5,1011690.0,24,2,7,4.5,2576,88.2,4,0,8.6,170.4,Core Functional,6,Yes,0.14,Low,Active - Healthy
CUST-SAAS-01349,Dynasty Systems X,Logistics & Supply Chain,1000-5000 Employees,France,Professional,Annual Pre-Paid,6694.54,80334.48,12,10,10,4.4,124,75.0,4,1,9.7,117.5,Full API Mesh & Automation,7,Yes,0.02,Low,Active - Healthy
CUST-SAAS-01350,Apex Ventures Y,Government & Public Sector,10-50 Employees,Netherlands,Custom Strategic,Multi-Year 3-Yr Strategic,50056.38,600676.56,24,21,7,4.5,6122,97.4,3,0,6.1,63.3,Full API Mesh & Automation,5,Yes,0.11,Low,Active - Healthy
CUST-SAAS-01351,Nexus Logistics Z,FinTech & Banking,5000+ Enterprise,Canada,Startup Tier,Quarterly Invoiced,2955.49,35465.88,12,30,9,4.6,40,75.9,2,0,3.6,56.7,Core Functional,2,Yes,0.06,Low,Active - Healthy
CUST-SAAS-01352,Vertex Global A,SaaS & Enterprise Cloud,51-200 Employees,United States,Startup Tier,Multi-Year 3-Yr Strategic,3019.9,36238.8,12,22,10,4.3,33,76.7,4,1,2.2,169.7,Basic Exploratory,3,Yes,0.06,Low,Active - Healthy
CUST-SAAS-01353,Quantum Digital B,Government & Public Sector,1000-5000 Employees,France,Professional,Quarterly Invoiced,9415.0,112980.0,24,10,10,4.2,120,99.9,5,0,3.7,125.1,Deep Advanced,0,Yes,0.25,Medium,Active - Healthy
CUST-SAAS-01354,Hyperion Enterprises C,Government & Public Sector,10-50 Employees,Japan,Startup Tier,Quarterly Invoiced,2770.3,33243.6,12,13,10,4.4,53,83.2,1,0,4.7,164.0,Deep Advanced,3,Yes,0.29,Medium,Active - Healthy
CUST-SAAS-01355,Aegis Networks D,Telecom & 5G,51-200 Employees,Germany,Professional,Multi-Year 3-Yr Strategic,3904.84,46858.08,24,54,9,4.7,150,83.9,7,0,7.5,141.1,Deep Advanced,6,Yes,0.18,Low,Active - Healthy
CUST-SAAS-01356,Cobalt Software E,Energy & CleanTech,51-200 Employees,Switzerland,Professional,Quarterly Invoiced,4145.85,49750.2,24,44,7,5.0,40,83.1,4,0,3.6,138.4,Deep Advanced,1,Yes,0.03,Low,Active - Healthy
CUST-SAAS-01357,Starlight Capital F,Manufacturing & Robotics,1000-5000 Employees,France,Professional,Annual Pre-Paid,8742.85,104914.2,24,1,2,1.5,211,53.6,28,1,70.0,17.0,Full API Mesh & Automation,28,No,0.86,Critical,Active - At Risk
CUST-SAAS-01358,Titan Labs G,Government & Public Sector,1000-5000 Employees,Japan,Custom Strategic,Quarterly Invoiced,36699.22,440390.64,24,5,4,3.3,6483,46.4,16,3,69.2,6.7,Full API Mesh & Automation,76,No,0.9,Critical,Churned
CUST-SAAS-01359,Lumina Cloud H,Professional Services & Legal,201-1000 Employees,Canada,Custom Strategic,Multi-Year 3-Yr Strategic,52048.05,624576.6,48,46,1,2.7,3845,56.2,14,2,30.4,16.1,Basic Exploratory,85,No,0.82,Critical,Active - At Risk
CUST-SAAS-01360,Omni Technologies I,Logistics & Supply Chain,10-50 Employees,Germany,Custom Strategic,Monthly Flexible,33443.8,401325.6,48,5,9,4.6,3652,98.8,8,0,4.7,107.1,Basic Exploratory,6,Yes,0.37,Medium,In Renewal Discussion
CUST-SAAS-01361,Solaris Group J,SaaS & Enterprise Cloud,5000+ Enterprise,Taiwan,Enterprise Plus,Multi-Year 3-Yr Strategic,16568.23,198818.76,24,54,5,2.2,526,37.6,18,4,27.4,19.9,Core Functional,15,No,0.65,High,Under Review
CUST-SAAS-01362,Prism Biomedical K,Government & Public Sector,51-200 Employees,Germany,Enterprise Plus,Monthly Flexible,19028.73,228344.76,12,22,7,4.4,1183,82.1,0,0,10.0,163.6,Full API Mesh & Automation,3,Yes,0.29,Medium,Active - Healthy
CUST-SAAS-01363,Vanguard Solutions L,Healthcare & BioTech,10-50 Employees,Germany,Startup Tier,Multi-Year 3-Yr Strategic,1925.01,23100.12,12,54,8,4.9,13,92.6,8,0,11.6,131.2,Core Functional,5,Yes,0.32,Medium,Active - Healthy
CUST-SAAS-01364,Horizon Robotics M,Government & Public Sector,51-200 Employees,United States,Custom Strategic,Multi-Year 3-Yr Strategic,35301.73,423620.76,24,16,8,4.2,2176,98.9,8,0,5.3,59.3,Full API Mesh & Automation,1,Yes,0.25,Medium,Active - Healthy
CUST-SAAS-01365,Strata Security N,Logistics & Supply Chain,51-200 Employees,France,Custom Strategic,Multi-Year 3-Yr Strategic,55730.31,668763.72,36,29,8,4.2,3695,95.2,0,0,9.0,69.6,Full API Mesh & Automation,6,Yes,0.29,Medium,Active - Healthy
CUST-SAAS-01366,Aero Dynamics O,Telecom & 5G,10-50 Employees,Taiwan,Enterprise Plus,Quarterly Invoiced,24128.69,289544.28,24,30,7,4.9,843,95.2,2,0,5.5,53.7,Basic Exploratory,4,Yes,0.24,Low,Active - Healthy
CUST-SAAS-01367,Pulse Analytics P,Government & Public Sector,5000+ Enterprise,Australia,Professional,Annual Pre-Paid,4125.65,49507.8,12,14,1,2.3,72,43.1,15,2,52.1,25.0,Full API Mesh & Automation,24,No,0.89,Critical,Active - At Risk
CUST-SAAS-01368,Terra Industries Q,Government & Public Sector,1000-5000 Employees,Japan,Professional,Annual Pre-Paid,7066.72,84800.64,12,49,9,4.1,272,95.6,4,0,10.4,68.1,Basic Exploratory,1,Yes,0.23,Low,Active - Healthy
CUST-SAAS-01369,Cygnus Systems R,E-Commerce & Retail,5000+ Enterprise,Taiwan,Enterprise Plus,Annual Pre-Paid,24127.54,289530.48,24,44,8,5.0,327,99.5,6,0,4.4,52.9,Full API Mesh & Automation,5,Yes,0.06,Low,Active - Healthy
CUST-SAAS-01370,Novus Ventures S,SaaS & Enterprise Cloud,51-200 Employees,Japan,Startup Tier,Multi-Year 3-Yr Strategic,1976.04,23712.48,12,31,9,4.1,50,90.0,3,0,11.2,68.7,Deep Advanced,5,Yes,0.06,Low,Active - Healthy
CUST-SAAS-01371,Polaris Logistics T,E-Commerce & Retail,201-1000 Employees,France,Professional,Quarterly Invoiced,3543.86,42526.32,24,21,7,5.0,159,85.3,1,0,9.8,82.5,Full API Mesh & Automation,6,Yes,0.2,Low,Active - Healthy
CUST-SAAS-01372,Echo Global U,Healthcare & BioTech,51-200 Employees,Germany,Startup Tier,Annual Pre-Paid,2662.52,31950.24,12,54,7,4.9,32,92.1,8,0,11.2,136.0,Deep Advanced,5,Yes,0.32,Medium,Active - Healthy
CUST-SAAS-01373,Synthetix Digital V,Energy & CleanTech,10-50 Employees,United Kingdom,Startup Tier,Annual Pre-Paid,1484.57,17814.84,12,9,6,2.0,15,28.2,18,5,70.6,13.7,Basic Exploratory,79,No,0.72,High,Active - At Risk
CUST-SAAS-01374,Vector Enterprises W,E-Commerce & Retail,51-200 Employees,Singapore,Custom Strategic,Multi-Year 3-Yr Strategic,81848.62,982183.44,36,53,7,4.1,4556,96.8,1,0,7.6,107.5,Full API Mesh & Automation,4,Yes,0.2,Low,Active - Healthy
CUST-SAAS-01375,Zion Networks X,Healthcare & BioTech,5000+ Enterprise,United Kingdom,Professional,Multi-Year 3-Yr Strategic,4996.62,59959.44,24,23,7,4.6,63,79.6,4,0,11.9,178.6,Basic Exploratory,0,Yes,0.21,Low,Active - Healthy
CUST-SAAS-01376,Aura Software Y,SaaS & Enterprise Cloud,10-50 Employees,United Kingdom,Enterprise Plus,Multi-Year 3-Yr Strategic,14909.87,178918.44,12,48,9,4.8,766,78.7,4,0,6.4,129.6,Full API Mesh & Automation,4,Yes,0.14,Low,Active - Healthy
CUST-SAAS-01377,Boreal Capital Z,SaaS & Enterprise Cloud,201-1000 Employees,Netherlands,Startup Tier,Annual Pre-Paid,3031.49,36377.88,12,27,8,4.2,67,91.7,5,0,4.2,128.5,Basic Exploratory,1,Yes,0.09,Low,Active - Healthy
CUST-SAAS-01378,Crest Labs A,SaaS & Enterprise Cloud,10-50 Employees,Australia,Custom Strategic,Monthly Flexible,29937.46,359249.52,24,45,10,4.7,3671,94.9,6,0,4.3,100.9,Full API Mesh & Automation,2,Yes,0.37,Medium,In Renewal Discussion
CUST-SAAS-01379,Dynasty Cloud B,E-Commerce & Retail,5000+ Enterprise,Taiwan,Startup Tier,Annual Pre-Paid,2082.93,24995.16,12,39,3,1.8,60,40.2,16,1,39.7,12.1,Full API Mesh & Automation,53,No,0.65,High,Active - At Risk
CUST-SAAS-01380,Apex Technologies C,SaaS & Enterprise Cloud,1000-5000 Employees,Germany,Startup Tier,Annual Pre-Paid,1779.6,21355.2,12,38,9,5.0,44,76.6,7,0,3.2,71.2,Full API Mesh & Automation,0,Yes,0.04,Low,Active - Healthy
CUST-SAAS-01381,Nexus Group D,Media & Entertainment,5000+ Enterprise,Canada,Professional,Monthly Flexible,3872.14,46465.68,24,54,9,4.7,150,92.3,0,0,4.7,50.3,Core Functional,5,Yes,0.05,Low,Active - Healthy
CUST-SAAS-01382,Vertex Biomedical E,Media & Entertainment,201-1000 Employees,Canada,Enterprise Plus,Monthly Flexible,25281.78,303381.36,36,7,9,4.4,719,99.3,6,0,5.0,149.4,Core Functional,1,Yes,0.32,Medium,Active - Healthy
CUST-SAAS-01383,Quantum Solutions F,FinTech & Banking,1000-5000 Employees,United States,Startup Tier,Annual Pre-Paid,2462.21,29546.52,12,50,9,4.6,77,79.6,7,0,10.0,153.5,Deep Advanced,6,Yes,0.28,Medium,Active - Healthy
CUST-SAAS-01384,Hyperion Robotics G,E-Commerce & Retail,201-1000 Employees,Australia,Custom Strategic,Annual Pre-Paid,49460.75,593529.0,48,59,8,4.2,6335,76.6,8,0,7.1,158.5,Core Functional,6,Yes,0.18,Low,Active - Healthy
CUST-SAAS-01385,Aegis Security H,FinTech & Banking,201-1000 Employees,Japan,Enterprise Plus,Multi-Year 3-Yr Strategic,12059.98,144719.76,36,35,8,4.8,1165,97.5,1,0,1.5,141.1,Core Functional,3,Yes,0.22,Low,Active - Healthy
CUST-SAAS-01386,Cobalt Dynamics I,FinTech & Banking,5000+ Enterprise,United States,Enterprise Plus,Annual Pre-Paid,9901.35,118816.2,24,23,7,4.1,1010,78.7,4,0,5.1,89.9,Full API Mesh & Automation,0,Yes,0.15,Low,Active - Healthy
CUST-SAAS-01387,Starlight Analytics J,FinTech & Banking,5000+ Enterprise,United States,Enterprise Plus,Annual Pre-Paid,11717.39,140608.68,24,18,10,4.6,164,94.2,1,0,9.5,167.9,Deep Advanced,3,Yes,0.17,Low,Active - Healthy
CUST-SAAS-01388,Titan Industries K,Energy & CleanTech,5000+ Enterprise,Japan,Custom Strategic,Multi-Year 3-Yr Strategic,53599.85,643198.2,36,27,10,5.0,1151,79.6,7,1,6.3,140.8,Deep Advanced,5,Yes,0.17,Low,Active - Healthy
CUST-SAAS-01389,Lumina Systems L,Professional Services & Legal,51-200 Employees,Canada,Startup Tier,Quarterly Invoiced,2851.06,34212.72,12,41,7,4.7,79,94.9,4,0,3.0,89.3,Full API Mesh & Automation,2,Yes,0.29,Medium,Active - Healthy
CUST-SAAS-01390,Omni Ventures M,FinTech & Banking,201-1000 Employees,United States,Custom Strategic,Quarterly Invoiced,90241.37,1082896.44,24,28,3,3.1,3138,52.1,25,1,50.1,23.9,Basic Exploratory,82,No,0.76,High,Under Review
CUST-SAAS-01391,Solaris Logistics N,Healthcare & BioTech,51-200 Employees,Netherlands,Startup Tier,Multi-Year 3-Yr Strategic,2061.34,24736.08,12,29,7,4.3,17,80.3,2,0,4.0,157.9,Core Functional,4,Yes,0.37,Medium,In Renewal Discussion
CUST-SAAS-01392,Prism Global O,Energy & CleanTech,10-50 Employees,Taiwan,Startup Tier,Quarterly Invoiced,1736.99,20843.88,12,31,8,4.8,49,87.0,7,1,3.4,100.4,Basic Exploratory,2,Yes,0.1,Low,Active - Healthy
CUST-SAAS-01393,Vanguard Digital P,Energy & CleanTech,5000+ Enterprise,United States,Professional,Quarterly Invoiced,5070.29,60843.48,24,26,9,4.8,198,96.6,3,1,3.4,53.5,Deep Advanced,0,Yes,0.23,Low,Active - Healthy
CUST-SAAS-01394,Horizon Enterprises Q,Government & Public Sector,1000-5000 Employees,France,Custom Strategic,Annual Pre-Paid,59102.36,709228.32,48,13,4,2.4,5950,52.2,8,5,53.8,18.0,Full API Mesh & Automation,78,No,0.94,Critical,Churned
CUST-SAAS-01395,Strata Networks R,Media & Entertainment,10-50 Employees,Australia,Startup Tier,Quarterly Invoiced,1083.45,13001.4,12,14,9,4.4,15,99.5,2,0,8.8,63.0,Basic Exploratory,0,Yes,0.28,Medium,Active - Healthy
CUST-SAAS-01396,Aero Software S,E-Commerce & Retail,5000+ Enterprise,United States,Enterprise Plus,Monthly Flexible,23404.0,280848.0,36,24,1,2.9,853,26.4,17,3,27.5,11.8,Core Functional,62,No,0.95,Critical,Churned
CUST-SAAS-01397,Pulse Capital T,Logistics & Supply Chain,201-1000 Employees,Canada,Professional,Multi-Year 3-Yr Strategic,3141.33,37695.96,12,21,8,4.8,270,75.7,8,0,8.9,88.3,Full API Mesh & Automation,7,Yes,0.29,Medium,Active - Healthy
CUST-SAAS-01398,Terra Labs U,Media & Entertainment,10-50 Employees,Switzerland,Custom Strategic,Multi-Year 3-Yr Strategic,25336.67,304040.04,24,58,8,4.8,1750,85.5,2,0,6.4,169.7,Deep Advanced,5,Yes,0.19,Low,Active - Healthy
CUST-SAAS-01399,Cygnus Cloud V,Media & Entertainment,1000-5000 Employees,France,Enterprise Plus,Multi-Year 3-Yr Strategic,24784.39,297412.68,24,49,9,4.2,389,86.0,8,0,11.7,143.3,Deep Advanced,7,Yes,0.19,Low,Active - Healthy
CUST-SAAS-01400,Novus Technologies W,Media & Entertainment,201-1000 Employees,France,Enterprise Plus,Monthly Flexible,19433.75,233205.0,24,24,6,2.5,762,29.2,16,2,45.5,7.6,Basic Exploratory,63,No,0.85,Critical,Under Review
CUST-SAAS-01401,Polaris Group X,Media & Entertainment,201-1000 Employees,Germany,Professional,Monthly Flexible,9339.84,112078.08,12,7,4,2.3,207,54.8,20,2,36.5,16.4,Deep Advanced,49,No,0.86,Critical,Churned
CUST-SAAS-01402,Echo Biomedical Y,Logistics & Supply Chain,1000-5000 Employees,Japan,Custom Strategic,Annual Pre-Paid,91781.35,1101376.2,24,5,10,4.9,2083,96.9,2,0,10.7,173.1,Full API Mesh & Automation,0,Yes,0.26,Medium,Active - Healthy
CUST-SAAS-01403,Synthetix Solutions Z,Logistics & Supply Chain,201-1000 Employees,Germany,Startup Tier,Quarterly Invoiced,2446.52,29358.24,12,43,9,4.5,13,81.5,4,0,3.0,54.4,Basic Exploratory,3,Yes,0.17,Low,Active - Healthy
CUST-SAAS-01404,Vector Robotics A,Energy & CleanTech,1000-5000 Employees,Singapore,Startup Tier,Quarterly Invoiced,1358.52,16302.24,12,5,7,4.7,26,90.6,3,0,2.8,128.1,Full API Mesh & Automation,7,Yes,0.21,Low,Active - Healthy
CUST-SAAS-01405,Zion Security B,Professional Services & Legal,5000+ Enterprise,Canada,Enterprise Plus,Annual Pre-Paid,26493.79,317925.48,24,54,7,4.8,1044,90.4,1,0,9.9,144.6,Basic Exploratory,3,Yes,0.19,Low,Active - Healthy
CUST-SAAS-01406,Aura Dynamics C,Telecom & 5G,201-1000 Employees,Germany,Professional,Monthly Flexible,5003.58,60042.96,12,25,9,4.3,174,98.0,5,0,7.4,175.4,Core Functional,3,Yes,0.06,Low,Active - Healthy
CUST-SAAS-01407,Boreal Analytics D,E-Commerce & Retail,10-50 Employees,Germany,Professional,Monthly Flexible,7657.91,91894.92,12,42,1,1.3,149,57.1,10,3,52.8,3.2,Deep Advanced,82,No,0.73,High,Under Review
CUST-SAAS-01408,Crest Industries E,Logistics & Supply Chain,1000-5000 Employees,Japan,Enterprise Plus,Multi-Year 3-Yr Strategic,11843.9,142126.8,12,57,8,4.1,618,89.5,1,0,10.1,77.5,Deep Advanced,6,Yes,0.28,Medium,Active - Healthy
CUST-SAAS-01409,Dynasty Systems F,Government & Public Sector,5000+ Enterprise,Japan,Enterprise Plus,Annual Pre-Paid,18963.07,227556.84,24,14,4,3.2,1168,46.4,24,3,60.3,11.8,Deep Advanced,74,Yes,0.79,High,Active - At Risk
CUST-SAAS-01410,Apex Ventures G,Manufacturing & Robotics,1000-5000 Employees,Netherlands,Enterprise Plus,Quarterly Invoiced,19715.32,236583.84,36,39,4,3.2,209,29.9,8,5,38.3,14.1,Full API Mesh & Automation,20,No,0.92,Critical,Under Review
CUST-SAAS-01411,Nexus Logistics H,Telecom & 5G,5000+ Enterprise,France,Custom Strategic,Multi-Year 3-Yr Strategic,94016.73,1128200.76,36,25,8,4.1,2961,89.5,8,0,9.9,137.8,Deep Advanced,0,Yes,0.08,Low,Active - Healthy
CUST-SAAS-01412,Vertex Global I,Government & Public Sector,51-200 Employees,Switzerland,Startup Tier,Annual Pre-Paid,2445.04,29340.48,12,9,1,2.0,28,41.8,11,2,55.0,13.7,Basic Exploratory,24,No,0.63,High,Under Review
CUST-SAAS-01413,Quantum Digital J,Media & Entertainment,201-1000 Employees,Germany,Professional,Monthly Flexible,3051.03,36612.36,24,31,7,4.8,295,81.0,3,0,11.6,103.2,Full API Mesh & Automation,7,Yes,0.29,Medium,Active - Healthy
CUST-SAAS-01414,Hyperion Enterprises K,Energy & CleanTech,201-1000 Employees,Japan,Professional,Monthly Flexible,6040.07,72480.84,24,28,8,4.1,198,88.6,0,0,11.9,63.9,Deep Advanced,3,Yes,0.26,Medium,Active - Healthy
CUST-SAAS-01415,Aegis Networks L,Manufacturing & Robotics,51-200 Employees,Australia,Custom Strategic,Monthly Flexible,41528.42,498341.04,48,36,8,4.1,3412,88.6,6,1,4.4,91.1,Core Functional,6,Yes,0.07,Low,Active - Healthy
CUST-SAAS-01416,Cobalt Software M,Healthcare & BioTech,51-200 Employees,Switzerland,Startup Tier,Multi-Year 3-Yr Strategic,1653.71,19844.52,12,33,8,4.7,56,77.8,2,0,1.7,118.4,Deep Advanced,4,Yes,0.35,Medium,In Renewal Discussion
CUST-SAAS-01417,Starlight Capital N,Logistics & Supply Chain,10-50 Employees,Switzerland,Custom Strategic,Monthly Flexible,88210.05,1058520.6,36,54,8,4.8,4581,83.1,4,0,9.0,91.4,Full API Mesh & Automation,7,Yes,0.24,Low,Active - Healthy
CUST-SAAS-01418,Titan Labs O,Healthcare & BioTech,10-50 Employees,Japan,Startup Tier,Quarterly Invoiced,2739.85,32878.2,12,52,10,4.2,63,90.0,0,0,3.2,153.6,Core Functional,5,Yes,0.31,Medium,Active - Healthy
CUST-SAAS-01419,Lumina Cloud P,Government & Public Sector,201-1000 Employees,Canada,Enterprise Plus,Quarterly Invoiced,18757.43,225089.16,36,52,5,1.2,353,31.3,35,3,50.6,9.9,Deep Advanced,74,Yes,0.69,High,Churned
CUST-SAAS-01420,Omni Technologies Q,FinTech & Banking,51-200 Employees,Australia,Startup Tier,Multi-Year 3-Yr Strategic,1733.29,20799.48,12,8,8,4.2,33,87.2,7,0,11.3,114.7,Full API Mesh & Automation,0,Yes,0.18,Low,Active - Healthy
CUST-SAAS-01421,Solaris Group R,Professional Services & Legal,201-1000 Employees,Netherlands,Custom Strategic,Annual Pre-Paid,51513.18,618158.16,48,38,7,4.7,3063,80.5,1,0,5.7,130.1,Core Functional,4,Yes,0.26,Medium,Active - Healthy
CUST-SAAS-01422,Prism Biomedical S,Telecom & 5G,1000-5000 Employees,Germany,Professional,Quarterly Invoiced,8123.35,97480.2,12,57,1,3.1,77,53.8,24,4,24.3,3.0,Deep Advanced,14,Yes,0.68,High,Active - At Risk
CUST-SAAS-01423,Vanguard Solutions T,SaaS & Enterprise Cloud,51-200 Employees,Germany,Startup Tier,Multi-Year 3-Yr Strategic,2182.07,26184.84,12,25,7,4.5,55,77.9,8,0,6.0,54.6,Basic Exploratory,7,Yes,0.33,Medium,Active - Healthy
CUST-SAAS-01424,Horizon Robotics U,Manufacturing & Robotics,1000-5000 Employees,France,Professional,Quarterly Invoiced,8257.51,99090.12,24,50,4,1.6,91,45.8,9,4,44.1,3.3,Full API Mesh & Automation,65,No,0.8,Critical,Churned
CUST-SAAS-01425,Strata Security V,FinTech & Banking,51-200 Employees,Australia,Professional,Annual Pre-Paid,5760.66,69127.92,12,4,3,3.2,218,40.3,18,1,42.9,24.2,Deep Advanced,39,Yes,0.92,Critical,Active - At Risk
CUST-SAAS-01426,Aero Dynamics W,E-Commerce & Retail,201-1000 Employees,United Kingdom,Custom Strategic,Quarterly Invoiced,79454.83,953457.96,48,28,10,4.5,3071,85.3,6,0,9.6,170.9,Basic Exploratory,4,Yes,0.33,Medium,Active - Healthy
CUST-SAAS-01427,Pulse Analytics X,Manufacturing & Robotics,51-200 Employees,France,Enterprise Plus,Annual Pre-Paid,9329.58,111954.96,12,14,10,4.3,374,81.0,7,0,6.6,58.2,Core Functional,7,Yes,0.31,Medium,Active - Healthy
CUST-SAAS-01428,Terra Industries Y,E-Commerce & Retail,51-200 Employees,Singapore,Professional,Multi-Year 3-Yr Strategic,6125.73,73508.76,12,56,8,4.3,112,84.2,0,0,4.4,108.5,Full API Mesh & Automation,6,Yes,0.21,Low,Active - Healthy
CUST-SAAS-01429,Cygnus Systems Z,Media & Entertainment,10-50 Employees,United States,Startup Tier,Annual Pre-Paid,845.6,10147.2,12,39,1,2.4,54,45.6,20,2,54.9,8.2,Basic Exploratory,44,No,0.69,High,Under Review
CUST-SAAS-01430,Novus Ventures A,Manufacturing & Robotics,10-50 Employees,Germany,Custom Strategic,Monthly Flexible,92465.21,1109582.52,24,21,9,4.6,1206,94.3,8,0,1.7,109.9,Basic Exploratory,7,Yes,0.19,Low,Active - Healthy
CUST-SAAS-01431,Polaris Logistics B,SaaS & Enterprise Cloud,10-50 Employees,France,Professional,Multi-Year 3-Yr Strategic,9095.17,109142.04,24,43,9,4.3,67,90.8,6,0,8.2,47.2,Deep Advanced,3,Yes,0.05,Low,Active - Healthy
CUST-SAAS-01432,Echo Global C,Professional Services & Legal,201-1000 Employees,United Kingdom,Enterprise Plus,Multi-Year 3-Yr Strategic,20706.63,248479.56,12,48,9,4.5,975,81.2,1,0,10.0,174.8,Full API Mesh & Automation,7,Yes,0.32,Medium,Active - Healthy
CUST-SAAS-01433,Synthetix Digital D,Professional Services & Legal,10-50 Employees,United Kingdom,Startup Tier,Monthly Flexible,1667.25,20007.0,12,3,10,4.1,61,97.0,7,0,2.3,50.1,Full API Mesh & Automation,2,Yes,0.08,Low,Active - Healthy
CUST-SAAS-01434,Vector Enterprises E,Logistics & Supply Chain,201-1000 Employees,Canada,Startup Tier,Monthly Flexible,2468.45,29621.4,12,8,10,4.0,48,88.8,5,0,10.6,58.5,Basic Exploratory,2,Yes,0.07,Low,Active - Healthy
CUST-SAAS-01435,Zion Networks F,FinTech & Banking,1000-5000 Employees,Singapore,Custom Strategic,Quarterly Invoiced,40356.18,484274.16,48,2,9,4.2,2445,87.5,3,0,3.6,174.3,Basic Exploratory,2,Yes,0.23,Low,Active - Healthy
CUST-SAAS-01436,Aura Software G,Energy & CleanTech,1000-5000 Employees,United Kingdom,Custom Strategic,Quarterly Invoiced,70275.11,843301.32,48,14,9,4.7,4038,85.4,6,1,8.5,67.9,Core Functional,0,Yes,0.32,Medium,Active - Healthy
CUST-SAAS-01437,Boreal Capital H,Telecom & 5G,201-1000 Employees,France,Professional,Annual Pre-Paid,3070.48,36845.76,24,43,10,4.4,70,87.7,3,0,4.5,58.1,Core Functional,0,Yes,0.15,Low,Active - Healthy
CUST-SAAS-01438,Crest Labs I,Manufacturing & Robotics,5000+ Enterprise,France,Professional,Annual Pre-Paid,8808.75,105705.0,12,47,10,4.8,265,78.4,7,0,3.7,51.4,Basic Exploratory,3,Yes,0.36,Medium,In Renewal Discussion
CUST-SAAS-01439,Dynasty Cloud J,Energy & CleanTech,10-50 Employees,Canada,Custom Strategic,Annual Pre-Paid,87902.27,1054827.24,36,43,1,1.7,4202,41.4,9,2,26.6,23.1,Basic Exploratory,42,No,0.73,High,Under Review
CUST-SAAS-01440,Apex Technologies K,Logistics & Supply Chain,5000+ Enterprise,United Kingdom,Enterprise Plus,Annual Pre-Paid,9341.45,112097.4,12,49,1,1.7,207,33.4,9,2,58.6,8.4,Core Functional,84,No,0.62,High,Active - At Risk
CUST-SAAS-01441,Nexus Group L,Professional Services & Legal,5000+ Enterprise,Germany,Startup Tier,Quarterly Invoiced,2385.2,28622.4,12,38,4,3.3,19,35.6,16,3,36.0,12.3,Full API Mesh & Automation,67,No,0.65,High,Under Review
CUST-SAAS-01442,Vertex Biomedical M,Energy & CleanTech,5000+ Enterprise,United Kingdom,Enterprise Plus,Multi-Year 3-Yr Strategic,12920.82,155049.84,24,40,9,4.5,822,87.9,0,1,8.1,124.7,Basic Exploratory,4,Yes,0.29,Medium,Active - Healthy
CUST-SAAS-01443,Quantum Solutions N,Government & Public Sector,51-200 Employees,Switzerland,Startup Tier,Multi-Year 3-Yr Strategic,1334.67,16016.04,12,57,6,2.0,76,27.3,21,1,51.2,14.3,Basic Exploratory,62,No,0.76,High,Churned
CUST-SAAS-01444,Hyperion Robotics O,Media & Entertainment,5000+ Enterprise,Netherlands,Professional,Monthly Flexible,8650.4,103804.8,12,52,10,4.4,297,86.1,4,1,9.2,95.1,Full API Mesh & Automation,7,Yes,0.36,Medium,In Renewal Discussion
CUST-SAAS-01445,Aegis Security P,Logistics & Supply Chain,1000-5000 Employees,Australia,Professional,Annual Pre-Paid,3255.04,39060.48,24,3,10,4.5,202,89.1,3,0,4.1,109.1,Deep Advanced,3,Yes,0.12,Low,Active - Healthy
CUST-SAAS-01446,Cobalt Dynamics Q,Healthcare & BioTech,51-200 Employees,Canada,Custom Strategic,Monthly Flexible,82114.56,985374.72,36,29,9,4.3,927,99.3,6,0,9.3,93.5,Core Functional,1,Yes,0.38,Medium,In Renewal Discussion
CUST-SAAS-01447,Starlight Analytics R,E-Commerce & Retail,10-50 Employees,Japan,Professional,Annual Pre-Paid,7148.23,85778.76,24,52,7,5.0,125,85.0,2,0,10.1,90.0,Basic Exploratory,7,Yes,0.29,Medium,Active - Healthy
CUST-SAAS-01448,Titan Industries S,Energy & CleanTech,5000+ Enterprise,France,Professional,Monthly Flexible,8292.33,99507.96,12,39,7,4.8,264,83.6,0,0,3.5,134.4,Deep Advanced,1,Yes,0.12,Low,Active - Healthy
CUST-SAAS-01449,Lumina Systems T,Manufacturing & Robotics,5000+ Enterprise,United Kingdom,Custom Strategic,Quarterly Invoiced,87503.81,1050045.72,36,41,9,4.5,525,82.3,6,0,2.7,104.4,Deep Advanced,2,Yes,0.21,Low,Active - Healthy
CUST-SAAS-01450,Omni Ventures U,Government & Public Sector,1000-5000 Employees,Japan,Enterprise Plus,Multi-Year 3-Yr Strategic,17027.38,204328.56,36,40,10,4.9,246,79.1,6,1,3.4,46.5,Basic Exploratory,6,Yes,0.26,Medium,Active - Healthy
CUST-SAAS-01451,Solaris Logistics V,Healthcare & BioTech,51-200 Employees,Germany,Startup Tier,Quarterly Invoiced,2898.91,34786.92,12,28,7,4.7,60,94.7,1,0,2.7,60.0,Core Functional,4,Yes,0.28,Medium,Active - Healthy
CUST-SAAS-01452,Prism Global W,FinTech & Banking,1000-5000 Employees,United Kingdom,Startup Tier,Multi-Year 3-Yr Strategic,1213.94,14567.28,12,7,10,4.0,41,86.8,0,0,4.8,59.7,Full API Mesh & Automation,1,Yes,0.13,Low,Active - Healthy
CUST-SAAS-01453,Vanguard Digital X,Manufacturing & Robotics,10-50 Employees,Taiwan,Custom Strategic,Quarterly Invoiced,50495.0,605940.0,36,52,8,4.9,1203,93.6,5,0,2.3,152.2,Full API Mesh & Automation,4,Yes,0.05,Low,Active - Healthy
CUST-SAAS-01454,Horizon Enterprises Y,Media & Entertainment,51-200 Employees,United States,Professional,Monthly Flexible,4298.76,51585.12,24,33,7,4.1,197,96.2,4,0,4.9,166.4,Basic Exploratory,5,Yes,0.02,Low,Active - Healthy
CUST-SAAS-01455,Strata Networks Z,Media & Entertainment,201-1000 Employees,Japan,Custom Strategic,Quarterly Invoiced,57272.15,687265.8,36,28,10,4.5,5835,78.7,1,0,3.7,53.7,Deep Advanced,5,Yes,0.36,Medium,In Renewal Discussion
CUST-SAAS-01456,Aero Software A,Energy & CleanTech,1000-5000 Employees,Taiwan,Startup Tier,Quarterly Invoiced,1318.57,15822.84,12,37,3,1.6,13,44.8,19,1,64.0,8.4,Full API Mesh & Automation,62,No,0.84,Critical,Under Review
CUST-SAAS-01457,Pulse Capital B,Telecom & 5G,10-50 Employees,Japan,Professional,Monthly Flexible,3557.68,42692.16,12,40,7,4.9,193,99.1,6,0,11.9,150.0,Full API Mesh & Automation,3,Yes,0.12,Low,Active - Healthy
CUST-SAAS-01458,Terra Labs C,FinTech & Banking,5000+ Enterprise,France,Startup Tier,Multi-Year 3-Yr Strategic,2353.07,28236.84,12,4,7,5.0,56,95.5,3,0,8.6,172.2,Core Functional,3,Yes,0.31,Medium,Active - Healthy
CUST-SAAS-01459,Cygnus Cloud D,Telecom & 5G,5000+ Enterprise,Japan,Professional,Monthly Flexible,5348.49,64181.88,12,45,8,4.7,96,75.1,1,0,9.6,167.9,Core Functional,3,Yes,0.03,Low,Active - Healthy
CUST-SAAS-01460,Novus Technologies E,SaaS & Enterprise Cloud,5000+ Enterprise,United Kingdom,Professional,Multi-Year 3-Yr Strategic,4743.65,56923.8,12,32,10,4.5,252,77.4,1,0,7.5,46.1,Core Functional,1,Yes,0.07,Low,Active - Healthy
CUST-SAAS-01461,Polaris Group F,SaaS & Enterprise Cloud,51-200 Employees,Singapore,Startup Tier,Multi-Year 3-Yr Strategic,2555.97,30671.64,12,14,3,1.7,56,48.7,21,2,58.2,14.5,Deep Advanced,72,No,0.97,Critical,Active - At Risk
CUST-SAAS-01462,Echo Biomedical G,FinTech & Banking,5000+ Enterprise,Taiwan,Startup Tier,Quarterly Invoiced,2704.1,32449.2,12,6,10,4.6,73,82.3,8,0,7.2,55.5,Core Functional,2,Yes,0.16,Low,Active - Healthy
CUST-SAAS-01463,Synthetix Solutions H,Healthcare & BioTech,1000-5000 Employees,Japan,Custom Strategic,Multi-Year 3-Yr Strategic,66852.47,802229.64,24,34,9,4.6,2236,97.7,7,1,3.0,141.7,Deep Advanced,3,Yes,0.36,Medium,In Renewal Discussion
CUST-SAAS-01464,Vector Robotics I,E-Commerce & Retail,1000-5000 Employees,Japan,Custom Strategic,Multi-Year 3-Yr Strategic,52492.02,629904.24,48,11,7,4.3,1143,86.9,2,1,9.7,172.1,Deep Advanced,4,Yes,0.24,Low,Active - Healthy
CUST-SAAS-01465,Zion Security J,Manufacturing & Robotics,1000-5000 Employees,Taiwan,Startup Tier,Monthly Flexible,1818.22,21818.64,12,18,7,4.3,37,93.9,4,0,1.9,138.3,Core Functional,2,Yes,0.1,Low,Active - Healthy
CUST-SAAS-01466,Aura Dynamics K,Professional Services & Legal,51-200 Employees,Taiwan,Enterprise Plus,Quarterly Invoiced,21592.4,259108.8,12,47,9,4.3,718,83.0,0,0,8.3,126.5,Full API Mesh & Automation,7,Yes,0.31,Medium,Active - Healthy
CUST-SAAS-01467,Boreal Analytics L,E-Commerce & Retail,5000+ Enterprise,United Kingdom,Enterprise Plus,Monthly Flexible,9524.19,114290.28,24,12,7,4.1,1017,86.1,6,1,3.5,85.6,Deep Advanced,7,Yes,0.06,Low,Active - Healthy
CUST-SAAS-01468,Crest Industries M,Energy & CleanTech,1000-5000 Employees,Germany,Enterprise Plus,Quarterly Invoiced,20104.85,241258.2,12,8,8,4.0,1029,87.7,6,0,9.1,161.1,Full API Mesh & Automation,0,Yes,0.03,Low,Active - Healthy
CUST-SAAS-01469,Dynasty Systems N,Professional Services & Legal,5000+ Enterprise,United States,Professional,Multi-Year 3-Yr Strategic,9488.16,113857.92,12,12,7,4.6,222,87.3,4,0,3.6,91.6,Basic Exploratory,4,Yes,0.05,Low,Active - Healthy
CUST-SAAS-01470,Apex Ventures O,E-Commerce & Retail,1000-5000 Employees,Netherlands,Professional,Annual Pre-Paid,4088.92,49067.04,12,1,8,4.2,51,89.3,8,1,2.9,93.8,Core Functional,7,Yes,0.3,Medium,Active - Healthy
CUST-SAAS-01471,Nexus Logistics P,Telecom & 5G,5000+ Enterprise,Switzerland,Enterprise Plus,Multi-Year 3-Yr Strategic,12207.92,146495.04,12,12,9,4.0,625,80.8,0,1,6.4,131.6,Basic Exploratory,0,Yes,0.3,Medium,Active - Healthy
CUST-SAAS-01472,Vertex Global Q,Logistics & Supply Chain,10-50 Employees,Singapore,Startup Tier,Monthly Flexible,2101.02,25212.24,12,19,9,4.8,28,77.1,2,1,2.0,89.1,Full API Mesh & Automation,5,Yes,0.09,Low,Active - Healthy
CUST-SAAS-01473,Quantum Digital R,Media & Entertainment,10-50 Employees,United States,Custom Strategic,Quarterly Invoiced,65449.33,785391.96,24,50,9,5.0,1342,81.2,0,0,4.6,169.3,Deep Advanced,7,Yes,0.07,Low,Active - Healthy
CUST-SAAS-01474,Hyperion Enterprises S,Government & Public Sector,10-50 Employees,United Kingdom,Professional,Quarterly Invoiced,6914.3,82971.6,24,18,8,4.3,299,88.5,3,0,11.9,170.7,Full API Mesh & Automation,7,Yes,0.26,Medium,Active - Healthy
CUST-SAAS-01475,Aegis Networks T,Healthcare & BioTech,201-1000 Employees,Taiwan,Professional,Quarterly Invoiced,7375.53,88506.36,24,6,9,4.4,288,93.5,7,0,6.4,56.9,Basic Exploratory,1,Yes,0.27,Medium,Active - Healthy
CUST-SAAS-01476,Cobalt Software U,SaaS & Enterprise Cloud,201-1000 Employees,Japan,Professional,Monthly Flexible,8295.99,99551.88,24,8,10,4.2,116,83.0,4,0,5.1,130.2,Full API Mesh & Automation,5,Yes,0.37,Medium,In Renewal Discussion
CUST-SAAS-01477,Starlight Capital V,Media & Entertainment,51-200 Employees,United Kingdom,Enterprise Plus,Multi-Year 3-Yr Strategic,19297.44,231569.28,12,8,3,1.5,918,36.2,11,1,64.5,18.0,Core Functional,78,No,0.71,High,Active - At Risk
CUST-SAAS-01478,Titan Labs W,Media & Entertainment,201-1000 Employees,Switzerland,Enterprise Plus,Annual Pre-Paid,18041.37,216496.44,12,42,9,4.5,956,75.6,4,0,3.8,105.8,Basic Exploratory,4,Yes,0.3,Medium,Active - Healthy
CUST-SAAS-01479,Lumina Cloud X,Healthcare & BioTech,5000+ Enterprise,France,Startup Tier,Annual Pre-Paid,2781.86,33382.32,12,58,8,4.2,10,77.0,4,0,5.5,149.4,Basic Exploratory,5,Yes,0.2,Low,Active - Healthy
CUST-SAAS-01480,Omni Technologies Y,Professional Services & Legal,5000+ Enterprise,Australia,Enterprise Plus,Quarterly Invoiced,10236.12,122833.44,24,23,8,4.4,380,81.7,8,1,1.9,131.6,Deep Advanced,3,Yes,0.24,Low,Active - Healthy
CUST-SAAS-01481,Solaris Group Z,Energy & CleanTech,5000+ Enterprise,Japan,Startup Tier,Quarterly Invoiced,2280.84,27370.08,12,34,1,1.3,16,42.7,8,4,52.2,11.2,Basic Exploratory,83,Yes,0.7,High,Active - At Risk
CUST-SAAS-01482,Prism Biomedical A,Media & Entertainment,1000-5000 Employees,Netherlands,Professional,Monthly Flexible,8195.01,98340.12,24,49,8,4.7,48,91.4,7,0,5.0,155.5,Basic Exploratory,0,Yes,0.18,Low,Active - Healthy
CUST-SAAS-01483,Vanguard Solutions B,Energy & CleanTech,10-50 Employees,United States,Custom Strategic,Monthly Flexible,32718.12,392617.44,48,29,9,4.1,1356,83.2,5,0,10.2,48.4,Deep Advanced,6,Yes,0.28,Medium,Active - Healthy
CUST-SAAS-01484,Horizon Robotics C,Government & Public Sector,201-1000 Employees,Singapore,Enterprise Plus,Multi-Year 3-Yr Strategic,20285.04,243420.48,12,56,10,4.4,896,98.9,5,0,7.4,78.2,Core Functional,7,Yes,0.06,Low,Active - Healthy
CUST-SAAS-01485,Strata Security D,Media & Entertainment,5000+ Enterprise,France,Startup Tier,Annual Pre-Paid,1925.51,23106.12,12,46,8,4.2,58,87.3,1,0,1.9,155.1,Basic Exploratory,0,Yes,0.3,Medium,Active - Healthy
CUST-SAAS-01486,Aero Dynamics E,Logistics & Supply Chain,1000-5000 Employees,Germany,Professional,Multi-Year 3-Yr Strategic,5125.9,61510.8,12,42,7,4.2,83,88.6,7,0,2.5,94.0,Deep Advanced,1,Yes,0.18,Low,Active - Healthy
CUST-SAAS-01487,Pulse Analytics F,Manufacturing & Robotics,51-200 Employees,Taiwan,Custom Strategic,Monthly Flexible,55431.51,665178.12,48,4,8,4.8,659,79.6,5,0,10.8,87.6,Deep Advanced,1,Yes,0.11,Low,Active - Healthy
CUST-SAAS-01488,Terra Industries G,Energy & CleanTech,201-1000 Employees,Australia,Enterprise Plus,Annual Pre-Paid,20306.63,243679.56,12,37,7,5.0,670,83.4,1,1,8.4,80.7,Deep Advanced,0,Yes,0.36,Medium,In Renewal Discussion
CUST-SAAS-01489,Cygnus Systems H,Manufacturing & Robotics,5000+ Enterprise,Canada,Professional,Quarterly Invoiced,3940.38,47284.56,12,23,10,4.8,255,86.4,3,0,11.7,152.2,Full API Mesh & Automation,0,Yes,0.17,Low,Active - Healthy
CUST-SAAS-01490,Novus Ventures I,Logistics & Supply Chain,201-1000 Employees,Germany,Enterprise Plus,Quarterly Invoiced,12452.98,149435.76,12,54,9,4.5,362,77.6,7,0,11.2,91.9,Deep Advanced,1,Yes,0.07,Low,Active - Healthy
CUST-SAAS-01491,Polaris Logistics J,FinTech & Banking,1000-5000 Employees,Australia,Professional,Monthly Flexible,4454.3,53451.6,12,48,7,4.6,255,80.2,2,0,9.5,101.5,Core Functional,2,Yes,0.35,Medium,In Renewal Discussion
CUST-SAAS-01492,Echo Global K,Telecom & 5G,51-200 Employees,Canada,Startup Tier,Annual Pre-Paid,1906.67,22880.04,12,12,9,4.3,67,77.5,1,0,3.6,152.1,Deep Advanced,6,Yes,0.14,Low,Active - Healthy
CUST-SAAS-01493,Synthetix Digital L,E-Commerce & Retail,1000-5000 Employees,United States,Startup Tier,Multi-Year 3-Yr Strategic,1313.2,15758.4,12,42,7,4.1,26,86.8,5,1,8.7,50.8,Full API Mesh & Automation,6,Yes,0.13,Low,Active - Healthy
CUST-SAAS-01494,Vector Enterprises M,Healthcare & BioTech,5000+ Enterprise,Singapore,Professional,Multi-Year 3-Yr Strategic,3735.75,44829.0,12,26,8,4.3,214,83.5,6,0,10.3,144.7,Deep Advanced,7,Yes,0.27,Medium,Active - Healthy
CUST-SAAS-01495,Zion Networks N,Energy & CleanTech,51-200 Employees,Japan,Custom Strategic,Quarterly Invoiced,64389.86,772678.32,24,10,10,4.3,3323,93.0,8,0,2.2,96.8,Core Functional,3,Yes,0.09,Low,Active - Healthy
CUST-SAAS-01496,Aura Software O,E-Commerce & Retail,10-50 Employees,Canada,Startup Tier,Monthly Flexible,807.5,9690.0,12,10,7,4.8,75,97.4,5,0,4.3,154.7,Deep Advanced,1,Yes,0.36,Medium,In Renewal Discussion
CUST-SAAS-01497,Boreal Capital P,Healthcare & BioTech,51-200 Employees,United Kingdom,Professional,Multi-Year 3-Yr Strategic,4887.38,58648.56,12,37,9,4.3,280,98.2,5,0,10.8,165.9,Full API Mesh & Automation,6,Yes,0.29,Medium,Active - Healthy
CUST-SAAS-01498,Crest Labs Q,E-Commerce & Retail,201-1000 Employees,Japan,Custom Strategic,Monthly Flexible,83330.01,999960.12,24,8,7,4.2,4477,83.5,5,0,6.5,81.2,Core Functional,7,Yes,0.14,Low,Active - Healthy
CUST-SAAS-01499,Dynasty Cloud R,SaaS & Enterprise Cloud,10-50 Employees,United States,Professional,Multi-Year 3-Yr Strategic,4901.58,58818.96,12,15,10,4.1,106,93.4,6,0,11.9,134.4,Deep Advanced,3,Yes,0.33,Medium,Active - Healthy
CUST-SAAS-01500,Apex Technologies S,Healthcare & BioTech,5000+ Enterprise,Netherlands,Custom Strategic,Multi-Year 3-Yr Strategic,89248.91,1070986.92,24,21,5,1.6,1062,38.9,32,1,64.2,24.4,Core Functional,41,No,0.79,High,Under Review
