sku_id,product_name,category,warehouse_id,warehouse_location,region,country,current_stock,allocated_stock,available_stock,safety_stock,reorder_point_qty,max_capacity_units,unit_cost_usd,total_inventory_value_usd,supplier_id,supplier_name,supplier_country,supplier_reliability_score,lead_time_days,shipping_method,defect_rate_pct,inventory_turnover_ratio,stock_status,last_audit_date
SKU-HW-01001,High-Density GPU Tensor Server Node v2.0,Compute Servers,WH-LATAM-01,Sao Paulo Distribution,LATAM,Brazil,92,21,71,56,100,363,15371.35,1414164.2,SUP-TW-02,Foxconn Precision Industry,Taiwan,96.8,9,Air Priority Express,1.98,3.8,Optimal,2026-06-24
SKU-HW-01002,Hardware Security Module (HSM) Vault v3.0,Security Appliances,WH-EU-02,Rotterdam Logistics Park,EU-West,Netherlands,93,49,44,46,71,275,8897.33,827451.69,SUP-US-02,Broadcom Optical Networks,United States,97.8,31,Ground Fleet Line,2.29,3.5,Optimal,2026-02-21
SKU-HW-01003,Redundant Power Distribution Unit 3-Phase v4.0,Power & Cooling,WH-APAC-04,Sydney Tech Fulfillment,APAC-ANZ,Australia,844,246,598,275,524,1416,3028.23,2555826.12,SUP-US-01,Supermicro Engineering Lab,United States,95.9,41,Ocean Freight Container,2.37,2.6,Optimal,2026-03-29
SKU-HW-01004,Hardware Security Module (HSM) Vault v1.0,Security Appliances,WH-EU-01,Frankfurt Euro-Hub,EU-Central,Germany,26,18,8,58,106,402,9482.98,246557.48,SUP-TW-03,Quanta Computer Advanced Server,Taiwan,97.5,32,Dedicated Rail Cargo,1.51,11.8,Low Stock,2026-03-22
SKU-HW-01005,All-Flash NVMe High-IOPS Array v2.0,Storage Systems,WH-EU-01,Frankfurt Euro-Hub,EU-Central,Germany,27,14,13,73,157,522,14858.79,401187.33,SUP-KR-01,Samsung Memory Module Division,South Korea,97.2,9,Ocean Freight Container,2.8,11.5,Critical Shortage,2026-03-29
SKU-HW-01006,100G Single-Mode Optical Transceiver v3.0,Optical Components,WH-EU-01,Frankfurt Euro-Hub,EU-Central,Germany,2261,1066,1195,1069,2308,7176,279.94,632944.34,SUP-NL-01,ASML Precision Optics Hub,Netherlands,99.1,34,Air Priority Express,1.81,4.2,Optimal,2026-02-24
SKU-HW-01007,100G Single-Mode Optical Transceiver v4.0,Optical Components,WH-MEA-01,Dubai Industrial Port Hub,MEA,United Arab Emirates,3421,1417,2004,1986,3222,11868,293.83,1005192.43,SUP-NL-01,ASML Precision Optics Hub,Netherlands,99.1,38,Dedicated Rail Cargo,2.52,7.1,Optimal,2026-06-08
SKU-HW-01008,Hardware Security Module (HSM) Vault v1.0,Security Appliances,WH-MEA-01,Dubai Industrial Port Hub,MEA,United Arab Emirates,23,15,8,46,67,193,9469.42,217796.66,SUP-NL-01,ASML Precision Optics Hub,Netherlands,99.1,44,Air Priority Express,0.86,6.9,Low Stock,2026-01-15
SKU-HW-01009,Industrial IoT Telemetry Sensor v2.0,Edge Devices,WH-US-02,Virginia Cloud Center,US-East,United States,7869,2842,5027,3872,5685,16210,118.08,929171.52,SUP-TW-04,Delta Electronics Power Solutions,Taiwan,98.2,23,Ground Fleet Line,0.41,11.5,Optimal,2026-02-24
SKU-HW-01010,Dense Wavelength Mux Transceiver v3.0,Optical Components,WH-APAC-04,Sydney Tech Fulfillment,APAC-ANZ,Australia,8698,2129,6569,1151,2292,9000,728.22,6334057.56,SUP-US-01,Supermicro Engineering Lab,United States,95.9,12,Ocean Freight Container,1.44,12.3,Overstocked,2026-01-03
SKU-HW-01011,Next-Gen Firewall Threat Shield v4.0,Security Appliances,WH-APAC-01,Taipei Logistics Hub,APAC-East,Taiwan,533,204,329,170,328,849,5583.8,2976165.4,SUP-JP-01,Murata High-Freq Components,Japan,98.9,6,Ocean Freight Container,2.74,9.7,Optimal,2026-02-24
SKU-HW-01012,All-Flash NVMe High-IOPS Array v1.0,Storage Systems,WH-APAC-01,Taipei Logistics Hub,APAC-East,Taiwan,195,24,171,38,74,223,15001.33,2925259.35,SUP-JP-02,Kyocera Ceramic Packaging,Japan,98.1,43,Air Priority Express,2.45,11.7,Overstocked,2026-05-30
SKU-HW-01013,Ultra-Low Latency Spine Router v2.0,Networking Hardware,WH-APAC-03,Singapore Gateway Center,APAC-South,Singapore,144,79,65,83,153,401,12164.87,1751741.28,SUP-TW-03,Quanta Computer Advanced Server,Taiwan,97.5,25,Air Priority Express,1.44,9.8,Optimal,2026-03-19
SKU-HW-01014,Redundant Power Distribution Unit 3-Phase v3.0,Power & Cooling,WH-LATAM-01,Sao Paulo Distribution,LATAM,Brazil,255,78,177,192,274,894,3119.17,795388.35,SUP-US-01,Supermicro Engineering Lab,United States,95.9,13,Ground Fleet Line,3.1,6.4,Optimal,2026-07-17
SKU-HW-01015,100G Single-Mode Optical Transceiver v4.0,Optical Components,WH-APAC-01,Taipei Logistics Hub,APAC-East,Taiwan,4099,1327,2772,2408,5154,18102,256.4,1050983.6,SUP-TW-03,Quanta Computer Advanced Server,Taiwan,97.5,37,Air Priority Express,3.07,6.1,Optimal,2026-04-03
SKU-HW-01016,Edge AI Gateway Controller v1.0,Edge Devices,WH-EU-03,London Distribution Gateway,EU-West,United Kingdom,405,92,313,337,631,2005,1953.75,791268.75,SUP-TW-02,Foxconn Precision Industry,Taiwan,96.8,21,Ground Fleet Line,2.41,5.4,Optimal,2026-03-08
SKU-HW-01017,Distributed Object Storage Block v2.0,Storage Systems,WH-EU-03,London Distribution Gateway,EU-West,United Kingdom,204,91,113,80,117,407,6229.77,1270873.08,SUP-NL-01,ASML Precision Optics Hub,Netherlands,99.1,38,Dedicated Rail Cargo,1.81,4.9,Optimal,2026-02-02
SKU-HW-01018,High-Density GPU Tensor Server Node v3.0,Compute Servers,WH-EU-03,London Distribution Gateway,EU-West,United Kingdom,203,93,110,115,213,729,13831.7,2807835.1,SUP-KR-01,Samsung Memory Module Division,South Korea,97.2,16,Ocean Freight Container,2.29,4.4,Optimal,2026-03-21
SKU-HW-01019,Liquid-Cooled AI Inference Blade v4.0,Compute Servers,WH-APAC-02,Tokyo High-Tech Depot,APAC-East,Japan,825,226,599,135,236,880,8807.95,7266558.75,SUP-US-02,Broadcom Optical Networks,United States,97.8,17,Ocean Freight Container,1.79,6.9,Overstocked,2026-04-15
SKU-HW-01020,Industrial IoT Telemetry Sensor v1.0,Edge Devices,WH-EU-02,Rotterdam Logistics Park,EU-West,Netherlands,9437,1361,8076,1575,3044,10342,131.3,1239078.1,SUP-TW-01,TSMC Advanced Semiconductor,Taiwan,99.4,23,Ground Fleet Line,0.63,10.3,Overstocked,2026-06-03
SKU-HW-01021,Distributed Object Storage Block v2.0,Storage Systems,WH-APAC-04,Sydney Tech Fulfillment,APAC-ANZ,Australia,375,49,326,98,144,438,6788.86,2545822.5,SUP-TW-01,TSMC Advanced Semiconductor,Taiwan,99.4,19,Dedicated Rail Cargo,2.21,4.8,Overstocked,2026-07-06
SKU-HW-01022,All-Flash NVMe High-IOPS Array v3.0,Storage Systems,WH-APAC-01,Taipei Logistics Hub,APAC-East,Taiwan,125,39,86,64,92,295,15624.49,1953061.25,SUP-US-02,Broadcom Optical Networks,United States,97.8,6,Ocean Freight Container,2.03,5.6,Optimal,2026-02-14
SKU-HW-01023,Quantum Optical 800G Core Switch v4.0,Networking Hardware,WH-US-02,Virginia Cloud Center,US-East,United States,272,37,235,46,97,290,19171.62,5214680.64,SUP-TW-02,Foxconn Precision Industry,Taiwan,96.8,27,Dedicated Rail Cargo,1.06,5.2,Overstocked,2026-01-26
SKU-HW-01024,Edge AI Gateway Controller v1.0,Edge Devices,WH-MEA-01,Dubai Industrial Port Hub,MEA,United Arab Emirates,1377,450,927,598,1261,4741,2033.86,2800625.22,SUP-DE-01,Siemens Industrial Automation,Germany,98.6,14,Ground Fleet Line,2.64,9.5,Optimal,2026-07-24
SKU-HW-01025,Distributed Object Storage Block v2.0,Storage Systems,WH-US-01,California Mega-Hub,US-West,United States,278,165,113,184,288,889,7121.53,1979785.34,SUP-US-01,Supermicro Engineering Lab,United States,95.9,37,Dedicated Rail Cargo,2.51,9.2,Optimal,2026-05-29
SKU-HW-01026,Quantum Optical 800G Core Switch v3.0,Networking Hardware,WH-MEA-01,Dubai Industrial Port Hub,MEA,United Arab Emirates,200,86,114,65,129,460,19231.47,3846294.0,SUP-JP-02,Kyocera Ceramic Packaging,Japan,98.1,5,Air Priority Express,0.15,9.9,Optimal,2026-03-29
SKU-HW-01027,Hardware Security Module (HSM) Vault v4.0,Security Appliances,WH-MEA-01,Dubai Industrial Port Hub,MEA,United Arab Emirates,5,3,2,43,93,334,9963.19,49815.95,SUP-TW-03,Quanta Computer Advanced Server,Taiwan,97.5,32,Air Priority Express,3.04,12.7,Critical Shortage,2026-07-15
SKU-HW-01028,Liquid-Cooled AI Inference Blade v1.0,Compute Servers,WH-APAC-01,Taipei Logistics Hub,APAC-East,Taiwan,280,78,202,62,109,298,9287.81,2600586.8,SUP-TW-04,Delta Electronics Power Solutions,Taiwan,98.2,7,Dedicated Rail Cargo,0.22,10.1,Overstocked,2026-03-17
SKU-HW-01029,Hardware Security Module (HSM) Vault v2.0,Security Appliances,WH-US-01,California Mega-Hub,US-West,United States,107,57,50,39,73,230,10049.19,1075263.33,SUP-JP-01,Murata High-Freq Components,Japan,98.9,8,Dedicated Rail Cargo,1.65,9.4,Optimal,2026-03-31
SKU-HW-01030,Hardware Security Module (HSM) Vault v3.0,Security Appliances,WH-APAC-04,Sydney Tech Fulfillment,APAC-ANZ,Australia,102,41,61,41,62,231,10417.94,1062629.88,SUP-TW-01,TSMC Advanced Semiconductor,Taiwan,99.4,45,Air Priority Express,1.02,11.5,Optimal,2026-05-08
SKU-HW-01031,Liquid-Cooled AI Inference Blade v4.0,Compute Servers,WH-EU-02,Rotterdam Logistics Park,EU-West,Netherlands,177,58,119,126,223,830,9341.21,1653394.17,SUP-TW-01,TSMC Advanced Semiconductor,Taiwan,99.4,30,Ocean Freight Container,0.47,3.8,Optimal,2026-06-15
SKU-HW-01032,Ultra-Low Latency Spine Router v1.0,Networking Hardware,WH-APAC-02,Tokyo High-Tech Depot,APAC-East,Japan,132,27,105,42,79,244,12827.26,1693198.32,SUP-DE-01,Siemens Industrial Automation,Germany,98.6,35,Ground Fleet Line,2.22,5.2,Optimal,2026-07-19
SKU-HW-01033,Direct-to-Chip Liquid Cooling Manifold v2.0,Power & Cooling,WH-MEA-01,Dubai Industrial Port Hub,MEA,United Arab Emirates,1266,331,935,244,458,1354,3969.5,5025387.0,SUP-KR-01,Samsung Memory Module Division,South Korea,97.2,16,Dedicated Rail Cargo,0.49,12.8,Overstocked,2026-04-08
SKU-HW-01034,Industrial IoT Telemetry Sensor v3.0,Edge Devices,WH-APAC-02,Tokyo High-Tech Depot,APAC-East,Japan,13722,3467,10255,2876,4583,14513,115.32,1582421.04,SUP-NL-01,ASML Precision Optics Hub,Netherlands,99.1,33,Dedicated Rail Cargo,2.66,4.9,Overstocked,2026-04-24
SKU-HW-01035,Liquid-Cooled AI Inference Blade v4.0,Compute Servers,WH-APAC-01,Taipei Logistics Hub,APAC-East,Taiwan,25,21,4,68,130,462,8473.17,211829.25,SUP-NL-01,ASML Precision Optics Hub,Netherlands,99.1,28,Dedicated Rail Cargo,3.17,4.1,Critical Shortage,2026-01-19
SKU-HW-01036,Industrial IoT Telemetry Sensor v1.0,Edge Devices,WH-US-02,Virginia Cloud Center,US-East,United States,5036,1556,3480,2732,4897,13446,126.86,638866.96,SUP-US-02,Broadcom Optical Networks,United States,97.8,18,Ocean Freight Container,1.07,2.6,Optimal,2026-08-07
SKU-HW-01037,Liquid-Cooled AI Inference Blade v2.0,Compute Servers,WH-US-01,California Mega-Hub,US-West,United States,178,54,124,131,238,842,9298.41,1655116.98,SUP-TW-03,Quanta Computer Advanced Server,Taiwan,97.5,8,Air Priority Express,0.33,4.0,Optimal,2026-07-26
SKU-HW-01038,Liquid-Cooled AI Inference Blade v3.0,Compute Servers,WH-LATAM-01,Sao Paulo Distribution,LATAM,Brazil,598,127,471,119,191,637,9600.38,5741027.24,SUP-JP-01,Murata High-Freq Components,Japan,98.9,11,Dedicated Rail Cargo,2.84,4.7,Overstocked,2026-05-09
SKU-HW-01039,High-Density GPU Tensor Server Node v4.0,Compute Servers,WH-US-03,Chicago Central Depot,US-Central,United States,293,114,179,86,175,578,13601.27,3985172.11,SUP-TW-02,Foxconn Precision Industry,Taiwan,96.8,5,Air Priority Express,2.41,3.0,Optimal,2026-02-16
SKU-HW-01040,Industrial IoT Telemetry Sensor v1.0,Edge Devices,WH-APAC-03,Singapore Gateway Center,APAC-South,Singapore,5010,1663,3347,3337,5390,15036,134.13,671991.3,SUP-DE-01,Siemens Industrial Automation,Germany,98.6,16,Dedicated Rail Cargo,2.19,3.2,Optimal,2026-02-14
SKU-HW-01041,Edge AI Gateway Controller v2.0,Edge Devices,WH-APAC-04,Sydney Tech Fulfillment,APAC-ANZ,Australia,725,412,313,538,878,2729,1921.12,1392812.0,SUP-TW-02,Foxconn Precision Industry,Taiwan,96.8,5,Ground Fleet Line,2.49,4.5,Optimal,2026-04-28
SKU-HW-01042,Quantum Optical 800G Core Switch v3.0,Networking Hardware,WH-US-03,Chicago Central Depot,US-Central,United States,517,94,423,76,163,565,19502.22,10082647.74,SUP-TW-04,Delta Electronics Power Solutions,Taiwan,98.2,20,Ocean Freight Container,2.66,6.0,Overstocked,2026-07-07
SKU-HW-01043,All-Flash NVMe High-IOPS Array v4.0,Storage Systems,WH-EU-03,London Distribution Gateway,EU-West,United Kingdom,68,32,36,58,121,310,15626.77,1062620.36,SUP-TW-04,Delta Electronics Power Solutions,Taiwan,98.2,37,Dedicated Rail Cargo,1.28,12.5,Optimal,2026-05-09
SKU-HW-01044,High-Density GPU Tensor Server Node v1.0,Compute Servers,WH-US-03,Chicago Central Depot,US-Central,United States,102,48,54,45,96,262,14017.08,1429742.16,SUP-JP-02,Kyocera Ceramic Packaging,Japan,98.1,29,Dedicated Rail Cargo,2.0,6.0,Optimal,2026-06-25
SKU-HW-01045,100G Single-Mode Optical Transceiver v2.0,Optical Components,WH-EU-02,Rotterdam Logistics Park,EU-West,Netherlands,4078,1848,2230,1881,3064,9159,288.93,1178256.54,SUP-JP-01,Murata High-Freq Components,Japan,98.9,15,Ground Fleet Line,2.87,2.7,Optimal,2026-07-14
SKU-HW-01046,Edge AI Gateway Controller v3.0,Edge Devices,WH-US-01,California Mega-Hub,US-West,United States,174,71,103,266,425,1392,1978.5,344259.0,SUP-JP-02,Kyocera Ceramic Packaging,Japan,98.1,45,Ocean Freight Container,1.92,8.8,Low Stock,2026-04-18
SKU-HW-01047,100G Single-Mode Optical Transceiver v4.0,Optical Components,WH-APAC-02,Tokyo High-Tech Depot,APAC-East,Japan,4583,1186,3397,1898,3297,11365,260.56,1194146.48,SUP-JP-02,Kyocera Ceramic Packaging,Japan,98.1,16,Ocean Freight Container,0.43,8.5,Optimal,2026-01-27
SKU-HW-01048,Edge AI Gateway Controller v1.0,Edge Devices,WH-APAC-04,Sydney Tech Fulfillment,APAC-ANZ,Australia,1325,357,968,363,746,2781,1748.35,2316563.75,SUP-TW-01,TSMC Advanced Semiconductor,Taiwan,99.4,14,Ocean Freight Container,0.57,4.2,Optimal,2026-03-20
SKU-HW-01049,All-Flash NVMe High-IOPS Array v2.0,Storage Systems,WH-US-03,Chicago Central Depot,US-Central,United States,234,95,139,84,176,664,13918.77,3256992.18,SUP-NL-01,ASML Precision Optics Hub,Netherlands,99.1,10,Dedicated Rail Cargo,2.44,9.3,Optimal,2026-06-02
SKU-HW-01050,All-Flash NVMe High-IOPS Array v3.0,Storage Systems,WH-APAC-03,Singapore Gateway Center,APAC-South,Singapore,106,42,64,77,117,412,14237.62,1509187.72,SUP-DE-01,Siemens Industrial Automation,Germany,98.6,24,Ground Fleet Line,2.43,14.0,Optimal,2026-01-31
SKU-HW-01051,Direct-to-Chip Liquid Cooling Manifold v4.0,Power & Cooling,WH-APAC-04,Sydney Tech Fulfillment,APAC-ANZ,Australia,150,38,112,91,164,433,4091.13,613669.5,SUP-KR-01,Samsung Memory Module Division,South Korea,97.2,12,Ocean Freight Container,2.08,7.7,Optimal,2026-07-12
SKU-HW-01052,Dense Wavelength Mux Transceiver v1.0,Optical Components,WH-EU-03,London Distribution Gateway,EU-West,United Kingdom,1239,375,864,565,1143,3448,816.15,1011209.85,SUP-DE-01,Siemens Industrial Automation,Germany,98.6,13,Ocean Freight Container,1.56,10.9,Optimal,2026-03-09
SKU-HW-01053,Redundant Power Distribution Unit 3-Phase v2.0,Power & Cooling,WH-APAC-04,Sydney Tech Fulfillment,APAC-ANZ,Australia,427,197,230,226,461,1686,3328.46,1421252.42,SUP-DE-01,Siemens Industrial Automation,Germany,98.6,44,Ground Fleet Line,0.68,5.1,Optimal,2026-03-06
SKU-HW-01054,Redundant Power Distribution Unit 3-Phase v3.0,Power & Cooling,WH-EU-03,London Distribution Gateway,EU-West,United Kingdom,282,72,210,154,312,984,2916.75,822523.5,SUP-DE-01,Siemens Industrial Automation,Germany,98.6,8,Air Priority Express,1.31,2.6,Optimal,2026-06-15
SKU-HW-01055,Hardware Security Module (HSM) Vault v4.0,Security Appliances,WH-APAC-03,Singapore Gateway Center,APAC-South,Singapore,107,42,65,54,96,377,8824.25,944194.75,SUP-TW-04,Delta Electronics Power Solutions,Taiwan,98.2,28,Dedicated Rail Cargo,1.88,7.7,Optimal,2026-05-05
SKU-HW-01056,Liquid-Cooled AI Inference Blade v1.0,Compute Servers,WH-MEA-01,Dubai Industrial Port Hub,MEA,United Arab Emirates,151,60,91,89,140,419,8925.97,1347821.47,SUP-US-01,Supermicro Engineering Lab,United States,95.9,42,Air Priority Express,0.63,8.7,Optimal,2026-07-11
SKU-HW-01057,Direct-to-Chip Liquid Cooling Manifold v2.0,Power & Cooling,WH-EU-02,Rotterdam Logistics Park,EU-West,Netherlands,404,203,201,191,358,1050,3740.53,1511174.12,SUP-DE-01,Siemens Industrial Automation,Germany,98.6,44,Ocean Freight Container,1.51,11.1,Optimal,2026-05-15
SKU-HW-01058,Liquid-Cooled AI Inference Blade v3.0,Compute Servers,WH-US-03,Chicago Central Depot,US-Central,United States,148,81,67,119,224,694,9775.1,1446714.8,SUP-DE-01,Siemens Industrial Automation,Germany,98.6,44,Dedicated Rail Cargo,0.55,5.6,Optimal,2026-02-04
SKU-HW-01059,Hardware Security Module (HSM) Vault v4.0,Security Appliances,WH-APAC-02,Tokyo High-Tech Depot,APAC-East,Japan,71,16,55,53,104,400,9739.95,691536.45,SUP-US-01,Supermicro Engineering Lab,United States,95.9,6,Air Priority Express,0.4,6.3,Optimal,2026-03-26
SKU-HW-01060,Distributed Object Storage Block v1.0,Storage Systems,WH-MEA-01,Dubai Industrial Port Hub,MEA,United Arab Emirates,107,69,38,191,312,895,6400.18,684819.26,SUP-US-02,Broadcom Optical Networks,United States,97.8,24,Dedicated Rail Cargo,0.87,9.6,Low Stock,2026-06-05
SKU-HW-01061,Hardware Security Module (HSM) Vault v2.0,Security Appliances,WH-APAC-03,Singapore Gateway Center,APAC-South,Singapore,202,82,120,70,125,335,10949.6,2211819.2,SUP-KR-01,Samsung Memory Module Division,South Korea,97.2,37,Air Priority Express,0.79,12.0,Optimal,2026-03-15
SKU-HW-01062,Hardware Security Module (HSM) Vault v3.0,Security Appliances,WH-APAC-04,Sydney Tech Fulfillment,APAC-ANZ,Australia,13,6,7,68,134,531,9292.4,120801.2,SUP-TW-03,Quanta Computer Advanced Server,Taiwan,97.5,12,Ground Fleet Line,2.59,3.9,Critical Shortage,2026-03-23
SKU-HW-01063,Dense Wavelength Mux Transceiver v4.0,Optical Components,WH-EU-03,London Distribution Gateway,EU-West,United Kingdom,1351,545,806,801,1516,4231,678.01,915991.51,SUP-DE-01,Siemens Industrial Automation,Germany,98.6,5,Ocean Freight Container,2.42,5.7,Optimal,2026-01-27
SKU-HW-01064,Next-Gen Firewall Threat Shield v1.0,Security Appliances,WH-EU-01,Frankfurt Euro-Hub,EU-Central,Germany,168,35,133,73,111,395,5946.33,998983.44,SUP-JP-01,Murata High-Freq Components,Japan,98.9,22,Air Priority Express,2.48,8.8,Optimal,2026-06-29
SKU-HW-01065,Distributed Object Storage Block v2.0,Storage Systems,WH-APAC-04,Sydney Tech Fulfillment,APAC-ANZ,Australia,319,125,194,97,189,654,6411.15,2045156.85,SUP-KR-01,Samsung Memory Module Division,South Korea,97.2,7,Ocean Freight Container,2.91,5.3,Optimal,2026-07-25
SKU-HW-01066,Dense Wavelength Mux Transceiver v3.0,Optical Components,WH-LATAM-01,Sao Paulo Distribution,LATAM,Brazil,3050,827,2223,1211,1899,6393,814.24,2483432.0,SUP-KR-01,Samsung Memory Module Division,South Korea,97.2,22,Ground Fleet Line,2.67,9.1,Optimal,2026-02-20
SKU-HW-01067,High-Density GPU Tensor Server Node v4.0,Compute Servers,WH-EU-01,Frankfurt Euro-Hub,EU-Central,Germany,242,86,156,94,175,677,13252.83,3207184.86,SUP-JP-02,Kyocera Ceramic Packaging,Japan,98.1,7,Ground Fleet Line,2.09,10.7,Optimal,2026-05-18
SKU-HW-01068,Dense Wavelength Mux Transceiver v1.0,Optical Components,WH-APAC-01,Taipei Logistics Hub,APAC-East,Taiwan,1230,298,932,961,1796,4813,719.97,885563.1,SUP-NL-01,ASML Precision Optics Hub,Netherlands,99.1,21,Ocean Freight Container,1.44,13.9,Optimal,2026-03-24
SKU-HW-01069,Distributed Object Storage Block v2.0,Storage Systems,WH-APAC-02,Tokyo High-Tech Depot,APAC-East,Japan,171,57,114,93,203,734,5780.74,988506.54,SUP-TW-04,Delta Electronics Power Solutions,Taiwan,98.2,24,Ocean Freight Container,2.74,2.7,Optimal,2026-02-11
SKU-HW-01070,100G Single-Mode Optical Transceiver v3.0,Optical Components,WH-MEA-01,Dubai Industrial Port Hub,MEA,United Arab Emirates,2158,1024,1134,1536,2746,10598,309.13,667102.54,SUP-JP-01,Murata High-Freq Components,Japan,98.9,15,Ground Fleet Line,2.5,11.0,Optimal,2026-06-20
SKU-HW-01071,Quantum Optical 800G Core Switch v4.0,Networking Hardware,WH-EU-01,Frankfurt Euro-Hub,EU-Central,Germany,179,104,75,74,119,348,20171.7,3610734.3,SUP-TW-02,Foxconn Precision Industry,Taiwan,96.8,19,Ocean Freight Container,1.37,7.6,Optimal,2026-04-04
SKU-HW-01072,Hardware Security Module (HSM) Vault v1.0,Security Appliances,WH-APAC-04,Sydney Tech Fulfillment,APAC-ANZ,Australia,93,33,60,53,93,323,9104.27,846697.11,SUP-JP-01,Murata High-Freq Components,Japan,98.9,27,Ocean Freight Container,2.26,6.0,Optimal,2026-04-11
SKU-HW-01073,Dense Wavelength Mux Transceiver v2.0,Optical Components,WH-EU-03,London Distribution Gateway,EU-West,United Kingdom,3288,963,2325,986,2087,7571,824.56,2711153.28,SUP-DE-01,Siemens Industrial Automation,Germany,98.6,39,Ground Fleet Line,2.51,9.5,Optimal,2026-05-06
SKU-HW-01074,Liquid-Cooled AI Inference Blade v3.0,Compute Servers,WH-APAC-01,Taipei Logistics Hub,APAC-East,Taiwan,376,147,229,111,225,769,9491.5,3568804.0,SUP-NL-01,ASML Precision Optics Hub,Netherlands,99.1,17,Ground Fleet Line,2.47,6.3,Optimal,2026-07-13
SKU-HW-01075,Next-Gen Firewall Threat Shield v4.0,Security Appliances,WH-APAC-04,Sydney Tech Fulfillment,APAC-ANZ,Australia,4,2,2,129,274,720,6166.14,24664.56,SUP-TW-01,TSMC Advanced Semiconductor,Taiwan,99.4,35,Ocean Freight Container,3.11,3.9,Critical Shortage,2026-08-03
SKU-HW-01076,Redundant Power Distribution Unit 3-Phase v1.0,Power & Cooling,WH-US-03,Chicago Central Depot,US-Central,United States,670,146,524,263,420,1419,3023.17,2025523.9,SUP-US-02,Broadcom Optical Networks,United States,97.8,16,Ocean Freight Container,1.05,11.1,Optimal,2026-01-23
SKU-HW-01077,Direct-to-Chip Liquid Cooling Manifold v2.0,Power & Cooling,WH-EU-01,Frankfurt Euro-Hub,EU-Central,Germany,203,111,92,118,180,712,4253.74,863509.22,SUP-TW-04,Delta Electronics Power Solutions,Taiwan,98.2,21,Dedicated Rail Cargo,2.34,5.8,Optimal,2026-03-14
SKU-HW-01078,Industrial IoT Telemetry Sensor v3.0,Edge Devices,WH-US-03,Chicago Central Depot,US-Central,United States,11051,5819,5232,3524,6932,26026,126.76,1400824.76,SUP-JP-01,Murata High-Freq Components,Japan,98.9,34,Air Priority Express,1.49,2.8,Optimal,2026-04-11
SKU-HW-01079,Redundant Power Distribution Unit 3-Phase v4.0,Power & Cooling,WH-APAC-01,Taipei Logistics Hub,APAC-East,Taiwan,96,44,52,247,493,1325,3280.19,314898.24,SUP-JP-01,Murata High-Freq Components,Japan,98.9,35,Ground Fleet Line,1.97,8.7,Critical Shortage,2026-02-12
SKU-HW-01080,Ultra-Low Latency Spine Router v1.0,Networking Hardware,WH-APAC-02,Tokyo High-Tech Depot,APAC-East,Japan,196,105,91,75,112,444,11025.46,2160990.16,SUP-US-02,Broadcom Optical Networks,United States,97.8,18,Air Priority Express,1.77,8.6,Optimal,2026-07-17
SKU-HW-01081,Industrial IoT Telemetry Sensor v2.0,Edge Devices,WH-APAC-04,Sydney Tech Fulfillment,APAC-ANZ,Australia,10180,2846,7334,2224,4003,10468,129.0,1313220.0,SUP-TW-01,TSMC Advanced Semiconductor,Taiwan,99.4,18,Dedicated Rail Cargo,2.56,13.8,Overstocked,2026-07-21
SKU-HW-01082,Redundant Power Distribution Unit 3-Phase v3.0,Power & Cooling,WH-US-02,Virginia Cloud Center,US-East,United States,173,83,90,119,169,665,3185.77,551138.21,SUP-US-01,Supermicro Engineering Lab,United States,95.9,11,Ocean Freight Container,0.65,7.4,Optimal,2026-07-24
SKU-HW-01083,Hardware Security Module (HSM) Vault v4.0,Security Appliances,WH-APAC-03,Singapore Gateway Center,APAC-South,Singapore,189,57,132,56,108,399,9446.55,1785397.95,SUP-NL-01,ASML Precision Optics Hub,Netherlands,99.1,11,Ocean Freight Container,1.17,10.7,Optimal,2026-01-15
SKU-HW-01084,High-Density GPU Tensor Server Node v1.0,Compute Servers,WH-EU-02,Rotterdam Logistics Park,EU-West,Netherlands,188,49,139,117,255,844,13643.98,2565068.24,SUP-TW-04,Delta Electronics Power Solutions,Taiwan,98.2,35,Ground Fleet Line,2.12,7.5,Optimal,2026-07-24
SKU-HW-01085,100G Single-Mode Optical Transceiver v2.0,Optical Components,WH-APAC-02,Tokyo High-Tech Depot,APAC-East,Japan,3930,864,3066,1589,3459,11190,264.7,1040271.0,SUP-JP-02,Kyocera Ceramic Packaging,Japan,98.1,44,Ocean Freight Container,2.81,8.1,Optimal,2026-01-21
SKU-HW-01086,Ultra-Low Latency Spine Router v3.0,Networking Hardware,WH-APAC-02,Tokyo High-Tech Depot,APAC-East,Japan,168,83,85,83,151,559,13140.46,2207597.28,SUP-US-02,Broadcom Optical Networks,United States,97.8,11,Ground Fleet Line,1.61,9.7,Optimal,2026-01-26
SKU-HW-01087,Redundant Power Distribution Unit 3-Phase v4.0,Power & Cooling,WH-EU-02,Rotterdam Logistics Park,EU-West,Netherlands,311,155,156,139,194,695,2928.07,910629.77,SUP-US-01,Supermicro Engineering Lab,United States,95.9,27,Ocean Freight Container,2.54,6.4,Optimal,2026-05-26
SKU-HW-01088,All-Flash NVMe High-IOPS Array v1.0,Storage Systems,WH-US-01,California Mega-Hub,US-West,United States,191,82,109,69,112,394,16810.41,3210788.31,SUP-US-01,Supermicro Engineering Lab,United States,95.9,18,Dedicated Rail Cargo,0.22,12.8,Optimal,2026-01-13
SKU-HW-01089,Next-Gen Firewall Threat Shield v2.0,Security Appliances,WH-APAC-02,Tokyo High-Tech Depot,APAC-East,Japan,385,102,283,130,229,852,6105.14,2350478.9,SUP-US-01,Supermicro Engineering Lab,United States,95.9,26,Ground Fleet Line,2.52,10.2,Optimal,2026-03-24
SKU-HW-01090,High-Density GPU Tensor Server Node v3.0,Compute Servers,WH-US-03,Chicago Central Depot,US-Central,United States,278,76,202,76,160,594,14122.88,3926160.64,SUP-TW-03,Quanta Computer Advanced Server,Taiwan,97.5,35,Ocean Freight Container,1.22,12.8,Optimal,2026-06-23
SKU-HW-01091,Hardware Security Module (HSM) Vault v4.0,Security Appliances,WH-APAC-04,Sydney Tech Fulfillment,APAC-ANZ,Australia,111,46,65,65,91,320,10823.5,1201408.5,SUP-US-01,Supermicro Engineering Lab,United States,95.9,26,Dedicated Rail Cargo,2.51,8.0,Optimal,2026-04-23
SKU-HW-01092,Quantum Optical 800G Core Switch v1.0,Networking Hardware,WH-EU-01,Frankfurt Euro-Hub,EU-Central,Germany,28,16,12,72,128,356,18176.91,508953.48,SUP-KR-01,Samsung Memory Module Division,South Korea,97.2,10,Ground Fleet Line,0.68,2.6,Critical Shortage,2026-04-20
SKU-HW-01093,Quantum Optical 800G Core Switch v2.0,Networking Hardware,WH-APAC-01,Taipei Logistics Hub,APAC-East,Taiwan,57,21,36,49,69,244,19179.59,1093236.63,SUP-JP-01,Murata High-Freq Components,Japan,98.9,34,Ocean Freight Container,0.58,13.8,Optimal,2026-01-29
SKU-HW-01094,Industrial IoT Telemetry Sensor v3.0,Edge Devices,WH-APAC-01,Taipei Logistics Hub,APAC-East,Taiwan,5544,1782,3762,2390,4110,12036,127.15,704919.6,SUP-NL-01,ASML Precision Optics Hub,Netherlands,99.1,6,Ocean Freight Container,1.92,13.2,Optimal,2026-06-06
SKU-HW-01095,Distributed Object Storage Block v4.0,Storage Systems,WH-APAC-01,Taipei Logistics Hub,APAC-East,Taiwan,240,142,98,186,308,1011,5787.22,1388932.8,SUP-US-01,Supermicro Engineering Lab,United States,95.9,22,Ocean Freight Container,2.59,8.8,Optimal,2026-08-03
SKU-HW-01096,Distributed Object Storage Block v1.0,Storage Systems,WH-MEA-01,Dubai Industrial Port Hub,MEA,United Arab Emirates,477,55,422,97,146,494,5807.8,2770320.6,SUP-US-02,Broadcom Optical Networks,United States,97.8,36,Dedicated Rail Cargo,2.82,14.1,Overstocked,2026-06-12
SKU-HW-01097,Edge AI Gateway Controller v2.0,Edge Devices,WH-EU-01,Frankfurt Euro-Hub,EU-Central,Germany,591,230,361,476,946,2861,1918.01,1133543.91,SUP-US-02,Broadcom Optical Networks,United States,97.8,21,Ocean Freight Container,1.11,10.7,Optimal,2026-05-05
SKU-HW-01098,Distributed Object Storage Block v3.0,Storage Systems,WH-APAC-04,Sydney Tech Fulfillment,APAC-ANZ,Australia,562,131,431,100,173,658,5873.18,3300727.16,SUP-TW-04,Delta Electronics Power Solutions,Taiwan,98.2,21,Dedicated Rail Cargo,1.3,13.3,Overstocked,2026-01-20
SKU-HW-01099,Hardware Security Module (HSM) Vault v4.0,Security Appliances,WH-EU-02,Rotterdam Logistics Park,EU-West,Netherlands,122,50,72,50,74,204,10290.76,1255472.72,SUP-JP-01,Murata High-Freq Components,Japan,98.9,43,Ground Fleet Line,1.18,6.4,Optimal,2026-07-28
SKU-HW-01100,Distributed Object Storage Block v1.0,Storage Systems,WH-EU-01,Frankfurt Euro-Hub,EU-Central,Germany,222,82,140,165,293,969,6591.35,1463279.7,SUP-JP-01,Murata High-Freq Components,Japan,98.9,31,Air Priority Express,2.02,6.4,Optimal,2026-01-27
SKU-HW-01101,Direct-to-Chip Liquid Cooling Manifold v2.0,Power & Cooling,WH-APAC-03,Singapore Gateway Center,APAC-South,Singapore,260,60,200,153,293,1042,4189.43,1089251.8,SUP-JP-02,Kyocera Ceramic Packaging,Japan,98.1,45,Ground Fleet Line,3.18,11.4,Optimal,2026-03-17
SKU-HW-01102,Distributed Object Storage Block v3.0,Storage Systems,WH-APAC-02,Tokyo High-Tech Depot,APAC-East,Japan,87,70,17,198,385,975,7020.69,610800.03,SUP-NL-01,ASML Precision Optics Hub,Netherlands,99.1,40,Ocean Freight Container,1.03,11.8,Low Stock,2026-08-09
SKU-HW-01103,Edge AI Gateway Controller v4.0,Edge Devices,WH-EU-02,Rotterdam Logistics Park,EU-West,Netherlands,2188,579,1609,438,860,2547,2043.04,4470171.52,SUP-TW-04,Delta Electronics Power Solutions,Taiwan,98.2,32,Dedicated Rail Cargo,0.52,7.8,Overstocked,2026-01-22
SKU-HW-01104,100G Single-Mode Optical Transceiver v1.0,Optical Components,WH-EU-03,London Distribution Gateway,EU-West,United Kingdom,7108,1583,5525,2442,5153,17705,261.97,1862082.76,SUP-US-02,Broadcom Optical Networks,United States,97.8,28,Ocean Freight Container,1.47,12.0,Optimal,2026-02-08
SKU-HW-01105,High-Density GPU Tensor Server Node v2.0,Compute Servers,WH-US-01,California Mega-Hub,US-West,United States,175,100,75,95,151,400,14089.09,2465590.75,SUP-JP-02,Kyocera Ceramic Packaging,Japan,98.1,31,Air Priority Express,1.31,10.5,Optimal,2026-06-12
SKU-HW-01106,All-Flash NVMe High-IOPS Array v3.0,Storage Systems,WH-APAC-04,Sydney Tech Fulfillment,APAC-ANZ,Australia,81,32,49,50,89,266,16562.8,1341586.8,SUP-TW-04,Delta Electronics Power Solutions,Taiwan,98.2,17,Ocean Freight Container,0.76,3.5,Optimal,2026-05-29
SKU-HW-01107,Ultra-Low Latency Spine Router v4.0,Networking Hardware,WH-LATAM-01,Sao Paulo Distribution,LATAM,Brazil,127,66,61,58,104,405,11744.21,1491514.67,SUP-TW-03,Quanta Computer Advanced Server,Taiwan,97.5,45,Ocean Freight Container,2.4,13.5,Optimal,2026-07-26
SKU-HW-01108,Edge AI Gateway Controller v1.0,Edge Devices,WH-APAC-01,Taipei Logistics Hub,APAC-East,Taiwan,454,97,357,332,597,1894,1796.0,815384.0,SUP-US-02,Broadcom Optical Networks,United States,97.8,6,Air Priority Express,0.53,8.8,Optimal,2026-01-22
SKU-HW-01109,High-Density GPU Tensor Server Node v2.0,Compute Servers,WH-US-01,California Mega-Hub,US-West,United States,191,81,110,66,131,405,13704.67,2617591.97,SUP-TW-01,TSMC Advanced Semiconductor,Taiwan,99.4,37,Ground Fleet Line,2.56,6.1,Optimal,2026-06-09
SKU-HW-01110,Dense Wavelength Mux Transceiver v3.0,Optical Components,WH-APAC-04,Sydney Tech Fulfillment,APAC-ANZ,Australia,1470,296,1174,694,1500,5313,739.59,1087197.3,SUP-TW-02,Foxconn Precision Industry,Taiwan,96.8,43,Dedicated Rail Cargo,2.99,4.4,Optimal,2026-01-16
SKU-HW-01111,Hardware Security Module (HSM) Vault v4.0,Security Appliances,WH-US-02,Virginia Cloud Center,US-East,United States,125,41,84,61,91,358,9106.99,1138373.75,SUP-TW-03,Quanta Computer Advanced Server,Taiwan,97.5,42,Ocean Freight Container,3.13,3.4,Optimal,2026-06-01
SKU-HW-01112,Industrial IoT Telemetry Sensor v1.0,Edge Devices,WH-APAC-01,Taipei Logistics Hub,APAC-East,Taiwan,4897,1395,3502,3039,4661,12605,137.47,673190.59,SUP-US-02,Broadcom Optical Networks,United States,97.8,6,Air Priority Express,2.63,3.1,Optimal,2026-07-12
SKU-HW-01113,Industrial IoT Telemetry Sensor v2.0,Edge Devices,WH-LATAM-01,Sao Paulo Distribution,LATAM,Brazil,4049,1683,2366,3388,6788,26200,115.68,468388.32,SUP-TW-01,TSMC Advanced Semiconductor,Taiwan,99.4,23,Ground Fleet Line,0.89,3.9,Optimal,2026-07-10
SKU-HW-01114,Distributed Object Storage Block v3.0,Storage Systems,WH-US-01,California Mega-Hub,US-West,United States,416,120,296,189,403,1065,6531.02,2716904.32,SUP-JP-01,Murata High-Freq Components,Japan,98.9,25,Ocean Freight Container,0.91,8.3,Optimal,2026-02-14
SKU-HW-01115,Liquid-Cooled AI Inference Blade v4.0,Compute Servers,WH-APAC-02,Tokyo High-Tech Depot,APAC-East,Japan,158,38,120,63,130,513,8150.01,1287701.58,SUP-NL-01,ASML Precision Optics Hub,Netherlands,99.1,11,Ground Fleet Line,0.93,11.1,Optimal,2026-04-15
SKU-HW-01116,Dense Wavelength Mux Transceiver v1.0,Optical Components,WH-APAC-01,Taipei Logistics Hub,APAC-East,Taiwan,1649,958,691,782,1669,4647,788.07,1299527.43,SUP-JP-02,Kyocera Ceramic Packaging,Japan,98.1,13,Ground Fleet Line,1.72,2.9,Optimal,2026-07-27
SKU-HW-01117,Redundant Power Distribution Unit 3-Phase v2.0,Power & Cooling,WH-EU-02,Rotterdam Logistics Park,EU-West,Netherlands,692,319,373,299,654,1846,3540.96,2450344.32,SUP-KR-01,Samsung Memory Module Division,South Korea,97.2,6,Air Priority Express,0.49,10.2,Optimal,2026-06-21
SKU-HW-01118,Hardware Security Module (HSM) Vault v3.0,Security Appliances,WH-APAC-04,Sydney Tech Fulfillment,APAC-ANZ,Australia,122,67,55,68,127,429,9386.05,1145098.1,SUP-TW-02,Foxconn Precision Industry,Taiwan,96.8,26,Dedicated Rail Cargo,0.8,2.6,Optimal,2026-07-18
SKU-HW-01119,Direct-to-Chip Liquid Cooling Manifold v4.0,Power & Cooling,WH-APAC-01,Taipei Logistics Hub,APAC-East,Taiwan,372,218,154,204,295,1087,3934.96,1463805.12,SUP-US-01,Supermicro Engineering Lab,United States,95.9,28,Air Priority Express,0.87,4.2,Optimal,2026-01-19
SKU-HW-01120,High-Density GPU Tensor Server Node v1.0,Compute Servers,WH-US-03,Chicago Central Depot,US-Central,United States,28,12,16,71,128,447,15091.27,422555.56,SUP-TW-01,TSMC Advanced Semiconductor,Taiwan,99.4,45,Ground Fleet Line,0.12,5.9,Critical Shortage,2026-02-03
SKU-HW-01121,Liquid-Cooled AI Inference Blade v2.0,Compute Servers,WH-US-03,Chicago Central Depot,US-Central,United States,126,43,83,60,85,264,9585.19,1207733.94,SUP-TW-02,Foxconn Precision Industry,Taiwan,96.8,10,Air Priority Express,2.88,8.7,Optimal,2026-05-22
SKU-HW-01122,Edge AI Gateway Controller v3.0,Edge Devices,WH-EU-03,London Distribution Gateway,EU-West,United Kingdom,3837,1007,2830,546,1175,4184,1736.35,6662374.95,SUP-NL-01,ASML Precision Optics Hub,Netherlands,99.1,16,Ocean Freight Container,1.99,13.6,Overstocked,2026-06-14
SKU-HW-01123,Distributed Object Storage Block v4.0,Storage Systems,WH-EU-02,Rotterdam Logistics Park,EU-West,Netherlands,278,79,199,138,202,610,6895.41,1916923.98,SUP-NL-01,ASML Precision Optics Hub,Netherlands,99.1,14,Ocean Freight Container,2.25,12.0,Optimal,2026-04-16
SKU-HW-01124,Hardware Security Module (HSM) Vault v1.0,Security Appliances,WH-APAC-04,Sydney Tech Fulfillment,APAC-ANZ,Australia,90,23,67,25,51,146,9823.89,884150.1,SUP-TW-01,TSMC Advanced Semiconductor,Taiwan,99.4,20,Dedicated Rail Cargo,2.44,13.8,Optimal,2026-07-19
SKU-HW-01125,Hardware Security Module (HSM) Vault v2.0,Security Appliances,WH-MEA-01,Dubai Industrial Port Hub,MEA,United Arab Emirates,156,36,120,65,138,483,10861.71,1694426.76,SUP-TW-04,Delta Electronics Power Solutions,Taiwan,98.2,28,Ocean Freight Container,0.22,7.9,Optimal,2026-01-06
SKU-HW-01126,High-Density GPU Tensor Server Node v3.0,Compute Servers,WH-EU-02,Rotterdam Logistics Park,EU-West,Netherlands,80,44,36,45,87,275,13673.27,1093861.6,SUP-JP-02,Kyocera Ceramic Packaging,Japan,98.1,28,Dedicated Rail Cargo,0.72,4.3,Optimal,2026-08-04
SKU-HW-01127,Dense Wavelength Mux Transceiver v4.0,Optical Components,WH-EU-02,Rotterdam Logistics Park,EU-West,Netherlands,1051,352,699,719,1407,4350,767.15,806274.65,SUP-TW-04,Delta Electronics Power Solutions,Taiwan,98.2,32,Ocean Freight Container,1.01,5.0,Optimal,2026-03-02
SKU-HW-01128,Dense Wavelength Mux Transceiver v1.0,Optical Components,WH-LATAM-01,Sao Paulo Distribution,LATAM,Brazil,4290,792,3498,874,1822,4749,822.74,3529554.6,SUP-TW-03,Quanta Computer Advanced Server,Taiwan,97.5,28,Air Priority Express,0.83,3.2,Overstocked,2026-06-04
SKU-HW-01129,Distributed Object Storage Block v2.0,Storage Systems,WH-MEA-01,Dubai Industrial Port Hub,MEA,United Arab Emirates,37,24,13,90,164,581,7026.04,259963.48,SUP-NL-01,ASML Precision Optics Hub,Netherlands,99.1,7,Air Priority Express,2.23,2.7,Low Stock,2026-07-13
SKU-HW-01130,All-Flash NVMe High-IOPS Array v3.0,Storage Systems,WH-EU-01,Frankfurt Euro-Hub,EU-Central,Germany,166,92,74,83,119,393,13799.9,2290783.4,SUP-TW-04,Delta Electronics Power Solutions,Taiwan,98.2,20,Dedicated Rail Cargo,0.18,9.3,Optimal,2026-04-15
SKU-HW-01131,Dense Wavelength Mux Transceiver v4.0,Optical Components,WH-US-01,California Mega-Hub,US-West,United States,3679,1313,2366,1384,2908,9033,795.3,2925908.7,SUP-TW-01,TSMC Advanced Semiconductor,Taiwan,99.4,25,Dedicated Rail Cargo,0.54,6.6,Optimal,2026-08-06
SKU-HW-01132,Industrial IoT Telemetry Sensor v1.0,Edge Devices,WH-APAC-02,Tokyo High-Tech Depot,APAC-East,Japan,6158,1999,4159,3415,5697,20165,126.87,781265.46,SUP-US-02,Broadcom Optical Networks,United States,97.8,14,Ocean Freight Container,1.61,6.5,Optimal,2026-01-23
SKU-HW-01133,Direct-to-Chip Liquid Cooling Manifold v2.0,Power & Cooling,WH-EU-01,Frankfurt Euro-Hub,EU-Central,Germany,267,68,199,113,222,829,4414.96,1178794.32,SUP-TW-03,Quanta Computer Advanced Server,Taiwan,97.5,16,Ocean Freight Container,0.33,7.0,Optimal,2026-06-06
SKU-HW-01134,Distributed Object Storage Block v3.0,Storage Systems,WH-US-03,Chicago Central Depot,US-Central,United States,249,67,182,93,202,689,6476.96,1612763.04,SUP-TW-04,Delta Electronics Power Solutions,Taiwan,98.2,6,Ocean Freight Container,2.14,7.8,Optimal,2026-05-08
SKU-HW-01135,Industrial IoT Telemetry Sensor v4.0,Edge Devices,WH-APAC-04,Sydney Tech Fulfillment,APAC-ANZ,Australia,5704,3343,2361,2538,3656,12373,115.81,660580.24,SUP-TW-04,Delta Electronics Power Solutions,Taiwan,98.2,29,Ocean Freight Container,2.43,14.1,Optimal,2026-05-06
SKU-HW-01136,Distributed Object Storage Block v1.0,Storage Systems,WH-LATAM-01,Sao Paulo Distribution,LATAM,Brazil,1030,236,794,173,306,1054,6047.35,6228770.5,SUP-US-01,Supermicro Engineering Lab,United States,95.9,18,Air Priority Express,2.8,10.9,Overstocked,2026-04-22
SKU-HW-01137,Distributed Object Storage Block v2.0,Storage Systems,WH-APAC-03,Singapore Gateway Center,APAC-South,Singapore,473,245,228,138,290,912,6477.06,3063649.38,SUP-US-01,Supermicro Engineering Lab,United States,95.9,44,Air Priority Express,1.14,10.0,Optimal,2026-05-22
SKU-HW-01138,Direct-to-Chip Liquid Cooling Manifold v3.0,Power & Cooling,WH-APAC-02,Tokyo High-Tech Depot,APAC-East,Japan,431,258,173,243,387,1252,4263.1,1837396.1,SUP-TW-04,Delta Electronics Power Solutions,Taiwan,98.2,11,Dedicated Rail Cargo,2.16,10.4,Optimal,2026-06-14
SKU-HW-01139,All-Flash NVMe High-IOPS Array v4.0,Storage Systems,WH-LATAM-01,Sao Paulo Distribution,LATAM,Brazil,178,43,135,68,141,394,16838.15,2997190.7,SUP-TW-03,Quanta Computer Advanced Server,Taiwan,97.5,6,Ground Fleet Line,1.04,6.2,Optimal,2026-01-21
SKU-HW-01140,Liquid-Cooled AI Inference Blade v1.0,Compute Servers,WH-MEA-01,Dubai Industrial Port Hub,MEA,United Arab Emirates,191,99,92,105,177,468,9865.54,1884318.14,SUP-US-01,Supermicro Engineering Lab,United States,95.9,45,Air Priority Express,1.82,7.2,Optimal,2026-07-13
SKU-HW-01141,Direct-to-Chip Liquid Cooling Manifold v2.0,Power & Cooling,WH-APAC-01,Taipei Logistics Hub,APAC-East,Taiwan,619,248,371,222,404,1026,3767.93,2332348.67,SUP-TW-02,Foxconn Precision Industry,Taiwan,96.8,13,Ground Fleet Line,2.9,12.1,Optimal,2026-07-06
SKU-HW-01142,Quantum Optical 800G Core Switch v3.0,Networking Hardware,WH-APAC-01,Taipei Logistics Hub,APAC-East,Taiwan,73,20,53,37,62,192,17520.18,1278973.14,SUP-JP-02,Kyocera Ceramic Packaging,Japan,98.1,29,Air Priority Express,1.23,12.8,Optimal,2026-01-18
SKU-HW-01143,Hardware Security Module (HSM) Vault v4.0,Security Appliances,WH-US-02,Virginia Cloud Center,US-East,United States,102,51,51,55,95,238,10167.47,1037081.94,SUP-US-02,Broadcom Optical Networks,United States,97.8,30,Ocean Freight Container,2.36,11.6,Optimal,2026-06-04
SKU-HW-01144,Next-Gen Firewall Threat Shield v1.0,Security Appliances,WH-EU-02,Rotterdam Logistics Park,EU-West,Netherlands,295,142,153,153,214,577,5142.95,1517170.25,SUP-JP-01,Murata High-Freq Components,Japan,98.9,7,Ground Fleet Line,2.51,4.0,Optimal,2026-04-26
SKU-HW-01145,Distributed Object Storage Block v2.0,Storage Systems,WH-APAC-04,Sydney Tech Fulfillment,APAC-ANZ,Australia,400,80,320,103,163,416,5929.56,2371824.0,SUP-TW-03,Quanta Computer Advanced Server,Taiwan,97.5,41,Air Priority Express,1.07,10.8,Overstocked,2026-07-24
SKU-HW-01146,Ultra-Low Latency Spine Router v3.0,Networking Hardware,WH-US-02,Virginia Cloud Center,US-East,United States,211,59,152,100,146,377,11163.46,2355490.06,SUP-JP-01,Murata High-Freq Components,Japan,98.9,9,Air Priority Express,1.7,7.0,Optimal,2026-07-06
SKU-HW-01147,Industrial IoT Telemetry Sensor v4.0,Edge Devices,WH-US-01,California Mega-Hub,US-West,United States,4234,2002,2232,3701,6646,25981,114.33,484073.22,SUP-DE-01,Siemens Industrial Automation,Germany,98.6,24,Dedicated Rail Cargo,1.19,4.7,Optimal,2026-05-21
SKU-HW-01148,Liquid-Cooled AI Inference Blade v1.0,Compute Servers,WH-EU-01,Frankfurt Euro-Hub,EU-Central,Germany,474,65,409,97,205,513,8301.01,3934678.74,SUP-TW-02,Foxconn Precision Industry,Taiwan,96.8,11,Ocean Freight Container,1.18,12.4,Overstocked,2026-01-06
SKU-HW-01149,Distributed Object Storage Block v2.0,Storage Systems,WH-EU-02,Rotterdam Logistics Park,EU-West,Netherlands,539,227,312,189,326,1182,6393.01,3445832.39,SUP-TW-01,TSMC Advanced Semiconductor,Taiwan,99.4,29,Ocean Freight Container,2.03,5.7,Optimal,2026-04-15
SKU-HW-01150,Redundant Power Distribution Unit 3-Phase v3.0,Power & Cooling,WH-MEA-01,Dubai Industrial Port Hub,MEA,United Arab Emirates,1341,209,1132,175,367,1415,3013.38,4040942.58,SUP-TW-02,Foxconn Precision Industry,Taiwan,96.8,5,Ground Fleet Line,2.67,11.6,Overstocked,2026-07-29
SKU-HW-01151,Next-Gen Firewall Threat Shield v4.0,Security Appliances,WH-APAC-02,Tokyo High-Tech Depot,APAC-East,Japan,336,139,197,153,322,1126,6087.47,2045389.92,SUP-JP-02,Kyocera Ceramic Packaging,Japan,98.1,8,Ocean Freight Container,0.47,7.7,Optimal,2026-05-04
SKU-HW-01152,Edge AI Gateway Controller v1.0,Edge Devices,WH-LATAM-01,Sao Paulo Distribution,LATAM,Brazil,1524,381,1143,483,1056,3310,1717.76,2617866.24,SUP-TW-01,TSMC Advanced Semiconductor,Taiwan,99.4,16,Ground Fleet Line,1.91,11.3,Optimal,2026-07-06
SKU-HW-01153,Next-Gen Firewall Threat Shield v2.0,Security Appliances,WH-EU-02,Rotterdam Logistics Park,EU-West,Netherlands,133,48,85,104,219,587,6151.6,818162.8,SUP-NL-01,ASML Precision Optics Hub,Netherlands,99.1,36,Dedicated Rail Cargo,2.07,3.3,Optimal,2026-08-02
SKU-HW-01154,High-Density GPU Tensor Server Node v3.0,Compute Servers,WH-APAC-03,Singapore Gateway Center,APAC-South,Singapore,203,48,155,71,140,412,13097.46,2658784.38,SUP-TW-04,Delta Electronics Power Solutions,Taiwan,98.2,38,Dedicated Rail Cargo,0.58,7.7,Optimal,2026-07-06
SKU-HW-01155,Distributed Object Storage Block v4.0,Storage Systems,WH-EU-02,Rotterdam Logistics Park,EU-West,Netherlands,440,238,202,138,301,904,6902.25,3036990.0,SUP-TW-03,Quanta Computer Advanced Server,Taiwan,97.5,13,Dedicated Rail Cargo,3.16,7.4,Optimal,2026-06-08
SKU-HW-01156,Redundant Power Distribution Unit 3-Phase v1.0,Power & Cooling,WH-LATAM-01,Sao Paulo Distribution,LATAM,Brazil,385,197,188,149,228,877,3407.08,1311725.8,SUP-DE-01,Siemens Industrial Automation,Germany,98.6,26,Air Priority Express,0.63,13.9,Optimal,2026-04-25
SKU-HW-01157,Industrial IoT Telemetry Sensor v2.0,Edge Devices,WH-EU-02,Rotterdam Logistics Park,EU-West,Netherlands,5165,1486,3679,3872,5443,15485,123.38,637257.7,SUP-DE-01,Siemens Industrial Automation,Germany,98.6,35,Air Priority Express,1.12,12.8,Optimal,2026-06-25
SKU-HW-01158,Dense Wavelength Mux Transceiver v3.0,Optical Components,WH-APAC-02,Tokyo High-Tech Depot,APAC-East,Japan,5546,1640,3906,773,1569,5921,698.16,3871995.36,SUP-US-01,Supermicro Engineering Lab,United States,95.9,7,Air Priority Express,2.36,2.6,Overstocked,2026-02-08
SKU-HW-01159,Ultra-Low Latency Spine Router v4.0,Networking Hardware,WH-LATAM-01,Sao Paulo Distribution,LATAM,Brazil,387,151,236,99,217,603,11150.75,4315340.25,SUP-NL-01,ASML Precision Optics Hub,Netherlands,99.1,18,Dedicated Rail Cargo,1.22,11.5,Optimal,2026-02-23
SKU-HW-01160,Distributed Object Storage Block v1.0,Storage Systems,WH-US-01,California Mega-Hub,US-West,United States,338,118,220,120,231,720,5936.38,2006496.44,SUP-TW-01,TSMC Advanced Semiconductor,Taiwan,99.4,41,Dedicated Rail Cargo,2.07,4.7,Optimal,2026-03-28
SKU-HW-01161,Redundant Power Distribution Unit 3-Phase v2.0,Power & Cooling,WH-APAC-01,Taipei Logistics Hub,APAC-East,Taiwan,446,241,205,257,374,1258,3527.87,1573430.02,SUP-KR-01,Samsung Memory Module Division,South Korea,97.2,12,Ocean Freight Container,2.29,13.0,Optimal,2026-03-17
SKU-HW-01162,Hardware Security Module (HSM) Vault v3.0,Security Appliances,WH-EU-03,London Distribution Gateway,EU-West,United Kingdom,78,33,45,35,65,211,9353.89,729603.42,SUP-US-01,Supermicro Engineering Lab,United States,95.9,14,Ocean Freight Container,0.33,10.1,Optimal,2026-05-15
SKU-HW-01163,100G Single-Mode Optical Transceiver v4.0,Optical Components,WH-APAC-01,Taipei Logistics Hub,APAC-East,Taiwan,6961,3648,3313,2515,4325,12394,276.49,1924646.89,SUP-TW-02,Foxconn Precision Industry,Taiwan,96.8,43,Air Priority Express,0.36,5.5,Optimal,2026-01-29
SKU-HW-01164,Edge AI Gateway Controller v1.0,Edge Devices,WH-APAC-03,Singapore Gateway Center,APAC-South,Singapore,745,347,398,437,771,2802,1785.2,1329974.0,SUP-TW-03,Quanta Computer Advanced Server,Taiwan,97.5,12,Air Priority Express,2.96,13.4,Optimal,2026-03-08
SKU-HW-01165,High-Density GPU Tensor Server Node v2.0,Compute Servers,WH-APAC-01,Taipei Logistics Hub,APAC-East,Taiwan,226,88,138,108,185,489,15101.16,3412862.16,SUP-US-01,Supermicro Engineering Lab,United States,95.9,45,Dedicated Rail Cargo,3.12,12.9,Optimal,2026-04-28
SKU-HW-01166,Distributed Object Storage Block v3.0,Storage Systems,WH-EU-01,Frankfurt Euro-Hub,EU-Central,Germany,269,77,192,145,231,901,5902.72,1587831.68,SUP-US-01,Supermicro Engineering Lab,United States,95.9,43,Dedicated Rail Cargo,1.38,6.4,Optimal,2026-03-27
SKU-HW-01167,Dense Wavelength Mux Transceiver v4.0,Optical Components,WH-APAC-03,Singapore Gateway Center,APAC-South,Singapore,5382,577,4805,837,1738,5893,700.55,3770360.1,SUP-TW-03,Quanta Computer Advanced Server,Taiwan,97.5,41,Ground Fleet Line,1.46,14.0,Overstocked,2026-07-29
SKU-HW-01168,Distributed Object Storage Block v1.0,Storage Systems,WH-LATAM-01,Sao Paulo Distribution,LATAM,Brazil,323,183,140,114,211,700,5877.93,1898571.39,SUP-US-02,Broadcom Optical Networks,United States,97.8,21,Air Priority Express,1.03,8.2,Optimal,2026-05-29
SKU-HW-01169,Next-Gen Firewall Threat Shield v2.0,Security Appliances,WH-APAC-01,Taipei Logistics Hub,APAC-East,Taiwan,258,139,119,159,248,838,5941.8,1532984.4,SUP-KR-01,Samsung Memory Module Division,South Korea,97.2,11,Dedicated Rail Cargo,2.07,5.1,Optimal,2026-05-02
SKU-HW-01170,Ultra-Low Latency Spine Router v3.0,Networking Hardware,WH-EU-03,London Distribution Gateway,EU-West,United Kingdom,152,74,78,50,94,308,12521.55,1903275.6,SUP-DE-01,Siemens Industrial Automation,Germany,98.6,30,Ground Fleet Line,1.46,5.6,Optimal,2026-07-31
SKU-HW-01171,All-Flash NVMe High-IOPS Array v4.0,Storage Systems,WH-APAC-02,Tokyo High-Tech Depot,APAC-East,Japan,213,47,166,88,160,508,16980.18,3616778.34,SUP-JP-02,Kyocera Ceramic Packaging,Japan,98.1,10,Air Priority Express,1.32,5.5,Optimal,2026-08-03
SKU-HW-01172,Liquid-Cooled AI Inference Blade v1.0,Compute Servers,WH-LATAM-01,Sao Paulo Distribution,LATAM,Brazil,614,149,465,110,220,714,9938.96,6102521.44,SUP-JP-02,Kyocera Ceramic Packaging,Japan,98.1,34,Air Priority Express,2.3,6.5,Overstocked,2026-07-04
SKU-HW-01173,Direct-to-Chip Liquid Cooling Manifold v2.0,Power & Cooling,WH-APAC-03,Singapore Gateway Center,APAC-South,Singapore,242,126,116,85,142,412,4107.0,993894.0,SUP-DE-01,Siemens Industrial Automation,Germany,98.6,42,Dedicated Rail Cargo,2.31,10.7,Optimal,2026-05-17
SKU-HW-01174,100G Single-Mode Optical Transceiver v3.0,Optical Components,WH-EU-03,London Distribution Gateway,EU-West,United Kingdom,2705,682,2023,1300,2771,8127,300.57,813041.85,SUP-DE-01,Siemens Industrial Automation,Germany,98.6,33,Dedicated Rail Cargo,0.14,6.7,Optimal,2026-02-12
SKU-HW-01175,Next-Gen Firewall Threat Shield v4.0,Security Appliances,WH-US-03,Chicago Central Depot,US-Central,United States,582,328,254,169,350,1296,5877.39,3420640.98,SUP-JP-02,Kyocera Ceramic Packaging,Japan,98.1,34,Air Priority Express,1.81,3.1,Optimal,2026-03-02
SKU-HW-01176,Distributed Object Storage Block v1.0,Storage Systems,WH-APAC-02,Tokyo High-Tech Depot,APAC-East,Japan,7,3,4,196,288,964,6148.73,43041.11,SUP-DE-01,Siemens Industrial Automation,Germany,98.6,42,Ocean Freight Container,0.85,2.9,Critical Shortage,2026-07-14
SKU-HW-01177,Liquid-Cooled AI Inference Blade v2.0,Compute Servers,WH-US-03,Chicago Central Depot,US-Central,United States,265,101,164,93,179,600,9237.06,2447820.9,SUP-JP-02,Kyocera Ceramic Packaging,Japan,98.1,16,Ground Fleet Line,2.49,5.2,Optimal,2026-06-16
SKU-HW-01178,Distributed Object Storage Block v3.0,Storage Systems,WH-US-01,California Mega-Hub,US-West,United States,86,71,15,150,262,828,5860.38,503992.68,SUP-JP-02,Kyocera Ceramic Packaging,Japan,98.1,42,Dedicated Rail Cargo,2.65,7.8,Low Stock,2026-01-05
SKU-HW-01179,Ultra-Low Latency Spine Router v4.0,Networking Hardware,WH-EU-03,London Distribution Gateway,EU-West,United Kingdom,237,62,175,93,192,558,12570.79,2979277.23,SUP-NL-01,ASML Precision Optics Hub,Netherlands,99.1,28,Dedicated Rail Cargo,2.6,8.4,Optimal,2026-05-05
SKU-HW-01180,Edge AI Gateway Controller v1.0,Edge Devices,WH-APAC-04,Sydney Tech Fulfillment,APAC-ANZ,Australia,1684,804,880,567,1156,3379,1697.03,2857798.52,SUP-DE-01,Siemens Industrial Automation,Germany,98.6,23,Air Priority Express,3.17,3.4,Optimal,2026-03-02
SKU-HW-01181,All-Flash NVMe High-IOPS Array v2.0,Storage Systems,WH-APAC-04,Sydney Tech Fulfillment,APAC-ANZ,Australia,260,92,168,73,154,432,13796.81,3587170.6,SUP-US-02,Broadcom Optical Networks,United States,97.8,34,Ocean Freight Container,0.76,4.1,Optimal,2026-03-11
SKU-HW-01182,Dense Wavelength Mux Transceiver v3.0,Optical Components,WH-EU-01,Frankfurt Euro-Hub,EU-Central,Germany,3179,1238,1941,903,1875,7461,689.71,2192588.09,SUP-US-02,Broadcom Optical Networks,United States,97.8,25,Ground Fleet Line,0.37,12.4,Optimal,2026-02-11
SKU-HW-01183,Next-Gen Firewall Threat Shield v4.0,Security Appliances,WH-APAC-04,Sydney Tech Fulfillment,APAC-ANZ,Australia,190,94,96,153,259,764,5385.19,1023186.1,SUP-JP-02,Kyocera Ceramic Packaging,Japan,98.1,8,Ground Fleet Line,0.85,3.9,Optimal,2026-04-07
SKU-HW-01184,Direct-to-Chip Liquid Cooling Manifold v1.0,Power & Cooling,WH-APAC-04,Sydney Tech Fulfillment,APAC-ANZ,Australia,277,68,209,211,442,1522,4154.04,1150669.08,SUP-NL-01,ASML Precision Optics Hub,Netherlands,99.1,32,Dedicated Rail Cargo,1.79,11.4,Optimal,2026-04-27
SKU-HW-01185,Hardware Security Module (HSM) Vault v2.0,Security Appliances,WH-APAC-02,Tokyo High-Tech Depot,APAC-East,Japan,85,44,41,39,77,227,10120.81,860268.85,SUP-JP-02,Kyocera Ceramic Packaging,Japan,98.1,44,Ocean Freight Container,0.18,10.0,Optimal,2026-01-20
SKU-HW-01186,Next-Gen Firewall Threat Shield v3.0,Security Appliances,WH-APAC-04,Sydney Tech Fulfillment,APAC-ANZ,Australia,184,109,75,76,129,326,5733.79,1055017.36,SUP-KR-01,Samsung Memory Module Division,South Korea,97.2,45,Dedicated Rail Cargo,2.32,12.8,Optimal,2026-07-23
SKU-HW-01187,All-Flash NVMe High-IOPS Array v4.0,Storage Systems,WH-US-03,Chicago Central Depot,US-Central,United States,13,8,5,69,107,385,16572.63,215444.19,SUP-TW-04,Delta Electronics Power Solutions,Taiwan,98.2,34,Air Priority Express,1.78,6.3,Critical Shortage,2026-05-20
SKU-HW-01188,High-Density GPU Tensor Server Node v1.0,Compute Servers,WH-APAC-02,Tokyo High-Tech Depot,APAC-East,Japan,150,48,102,59,115,294,16099.74,2414961.0,SUP-NL-01,ASML Precision Optics Hub,Netherlands,99.1,29,Dedicated Rail Cargo,1.42,5.1,Optimal,2026-04-09
SKU-HW-01189,Dense Wavelength Mux Transceiver v2.0,Optical Components,WH-EU-01,Frankfurt Euro-Hub,EU-Central,Germany,982,543,439,632,990,3394,707.18,694450.76,SUP-US-02,Broadcom Optical Networks,United States,97.8,18,Air Priority Express,2.9,13.8,Optimal,2026-02-16
SKU-HW-01190,Liquid-Cooled AI Inference Blade v3.0,Compute Servers,WH-US-01,California Mega-Hub,US-West,United States,82,57,25,133,244,678,8973.5,735827.0,SUP-TW-04,Delta Electronics Power Solutions,Taiwan,98.2,41,Ocean Freight Container,1.62,3.0,Low Stock,2026-07-13
SKU-HW-01191,Liquid-Cooled AI Inference Blade v4.0,Compute Servers,WH-US-03,Chicago Central Depot,US-Central,United States,709,140,569,117,241,808,8403.33,5957960.97,SUP-TW-04,Delta Electronics Power Solutions,Taiwan,98.2,35,Dedicated Rail Cargo,1.93,3.4,Overstocked,2026-06-03
SKU-HW-01192,Quantum Optical 800G Core Switch v1.0,Networking Hardware,WH-APAC-04,Sydney Tech Fulfillment,APAC-ANZ,Australia,131,26,105,69,105,266,19177.51,2512253.81,SUP-DE-01,Siemens Industrial Automation,Germany,98.6,23,Dedicated Rail Cargo,2.83,12.8,Optimal,2026-07-02
SKU-HW-01193,High-Density GPU Tensor Server Node v2.0,Compute Servers,WH-LATAM-01,Sao Paulo Distribution,LATAM,Brazil,76,43,33,51,109,425,15885.63,1207307.88,SUP-JP-02,Kyocera Ceramic Packaging,Japan,98.1,10,Ocean Freight Container,1.95,8.8,Optimal,2026-02-20
SKU-HW-01194,Next-Gen Firewall Threat Shield v3.0,Security Appliances,WH-APAC-01,Taipei Logistics Hub,APAC-East,Taiwan,218,92,126,99,187,620,5560.56,1212202.08,SUP-KR-01,Samsung Memory Module Division,South Korea,97.2,10,Ocean Freight Container,1.78,10.5,Optimal,2026-07-02
SKU-HW-01195,100G Single-Mode Optical Transceiver v4.0,Optical Components,WH-EU-01,Frankfurt Euro-Hub,EU-Central,Germany,3566,2060,1506,1763,3762,13634,286.62,1022086.92,SUP-TW-04,Delta Electronics Power Solutions,Taiwan,98.2,30,Air Priority Express,0.99,13.5,Optimal,2026-03-14
SKU-HW-01196,Industrial IoT Telemetry Sensor v1.0,Edge Devices,WH-LATAM-01,Sao Paulo Distribution,LATAM,Brazil,8434,4115,4319,2681,5652,21664,114.6,966536.4,SUP-US-02,Broadcom Optical Networks,United States,97.8,39,Air Priority Express,1.64,10.0,Optimal,2026-01-03
SKU-HW-01197,Edge AI Gateway Controller v2.0,Edge Devices,WH-MEA-01,Dubai Industrial Port Hub,MEA,United Arab Emirates,3896,517,3379,538,1139,4212,1910.17,7442022.32,SUP-KR-01,Samsung Memory Module Division,South Korea,97.2,20,Air Priority Express,2.39,8.2,Overstocked,2026-05-10
SKU-HW-01198,Direct-to-Chip Liquid Cooling Manifold v3.0,Power & Cooling,WH-MEA-01,Dubai Industrial Port Hub,MEA,United Arab Emirates,276,62,214,213,466,1312,4333.88,1196150.88,SUP-US-01,Supermicro Engineering Lab,United States,95.9,7,Air Priority Express,2.94,8.1,Optimal,2026-02-28
SKU-HW-01199,Quantum Optical 800G Core Switch v4.0,Networking Hardware,WH-MEA-01,Dubai Industrial Port Hub,MEA,United Arab Emirates,456,67,389,73,155,503,19311.37,8805984.72,SUP-TW-03,Quanta Computer Advanced Server,Taiwan,97.5,7,Air Priority Express,2.02,11.4,Overstocked,2026-03-10
SKU-HW-01200,Liquid-Cooled AI Inference Blade v1.0,Compute Servers,WH-US-01,California Mega-Hub,US-West,United States,180,53,127,86,141,551,9863.28,1775390.4,SUP-JP-02,Kyocera Ceramic Packaging,Japan,98.1,23,Ocean Freight Container,0.89,11.4,Optimal,2026-01-24
SKU-HW-01201,Hardware Security Module (HSM) Vault v2.0,Security Appliances,WH-APAC-02,Tokyo High-Tech Depot,APAC-East,Japan,119,30,89,41,72,233,9534.82,1134643.58,SUP-JP-02,Kyocera Ceramic Packaging,Japan,98.1,45,Ocean Freight Container,0.31,9.6,Optimal,2026-04-06
SKU-HW-01202,Industrial IoT Telemetry Sensor v3.0,Edge Devices,WH-US-02,Virginia Cloud Center,US-East,United States,4064,1957,2107,1543,2520,7207,136.32,554004.48,SUP-KR-01,Samsung Memory Module Division,South Korea,97.2,16,Ocean Freight Container,3.1,13.0,Optimal,2026-01-08
SKU-HW-01203,100G Single-Mode Optical Transceiver v4.0,Optical Components,WH-MEA-01,Dubai Industrial Port Hub,MEA,United Arab Emirates,3832,1078,2754,2032,3079,7910,312.56,1197729.92,SUP-TW-03,Quanta Computer Advanced Server,Taiwan,97.5,8,Ground Fleet Line,2.45,7.5,Optimal,2026-05-24
SKU-HW-01204,All-Flash NVMe High-IOPS Array v1.0,Storage Systems,WH-EU-02,Rotterdam Logistics Park,EU-West,Netherlands,208,92,116,64,130,416,16843.04,3503352.32,SUP-TW-02,Foxconn Precision Industry,Taiwan,96.8,10,Ground Fleet Line,2.97,9.9,Optimal,2026-04-23
SKU-HW-01205,Dense Wavelength Mux Transceiver v2.0,Optical Components,WH-US-03,Chicago Central Depot,US-Central,United States,1922,762,1160,656,1298,3283,832.92,1600872.24,SUP-KR-01,Samsung Memory Module Division,South Korea,97.2,39,Air Priority Express,0.23,3.6,Optimal,2026-03-21
SKU-HW-01206,Liquid-Cooled AI Inference Blade v3.0,Compute Servers,WH-US-01,California Mega-Hub,US-West,United States,98,34,64,79,132,447,9042.08,886123.84,SUP-TW-01,TSMC Advanced Semiconductor,Taiwan,99.4,11,Air Priority Express,1.56,9.0,Optimal,2026-08-05
SKU-HW-01207,Next-Gen Firewall Threat Shield v4.0,Security Appliances,WH-EU-03,London Distribution Gateway,EU-West,United Kingdom,96,31,65,79,166,621,5434.22,521685.12,SUP-TW-02,Foxconn Precision Industry,Taiwan,96.8,31,Air Priority Express,2.65,5.7,Optimal,2026-05-25
SKU-HW-01208,High-Density GPU Tensor Server Node v1.0,Compute Servers,WH-EU-03,London Distribution Gateway,EU-West,United Kingdom,1,0,1,120,239,833,14664.1,14664.1,SUP-TW-01,TSMC Advanced Semiconductor,Taiwan,99.4,13,Air Priority Express,2.44,8.1,Critical Shortage,2026-08-03
SKU-HW-01209,High-Density GPU Tensor Server Node v2.0,Compute Servers,WH-APAC-03,Singapore Gateway Center,APAC-South,Singapore,153,83,70,101,168,451,14832.91,2269435.23,SUP-JP-01,Murata High-Freq Components,Japan,98.9,38,Dedicated Rail Cargo,0.98,5.2,Optimal,2026-06-23
SKU-HW-01210,Ultra-Low Latency Spine Router v3.0,Networking Hardware,WH-EU-03,London Distribution Gateway,EU-West,United Kingdom,61,49,12,95,146,566,12521.58,763816.38,SUP-JP-02,Kyocera Ceramic Packaging,Japan,98.1,5,Air Priority Express,0.5,12.2,Low Stock,2026-03-23
SKU-HW-01211,Redundant Power Distribution Unit 3-Phase v4.0,Power & Cooling,WH-US-03,Chicago Central Depot,US-Central,United States,305,159,146,106,185,592,3112.77,949394.85,SUP-TW-04,Delta Electronics Power Solutions,Taiwan,98.2,28,Ground Fleet Line,2.88,13.0,Optimal,2026-08-08
SKU-HW-01212,Next-Gen Firewall Threat Shield v1.0,Security Appliances,WH-APAC-03,Singapore Gateway Center,APAC-South,Singapore,280,81,199,110,229,663,5246.18,1468930.4,SUP-TW-04,Delta Electronics Power Solutions,Taiwan,98.2,22,Ocean Freight Container,2.6,6.1,Optimal,2026-01-29
SKU-HW-01213,Dense Wavelength Mux Transceiver v2.0,Optical Components,WH-LATAM-01,Sao Paulo Distribution,LATAM,Brazil,2303,1060,1243,1029,2119,7409,769.43,1771997.29,SUP-JP-02,Kyocera Ceramic Packaging,Japan,98.1,45,Dedicated Rail Cargo,2.33,4.8,Optimal,2026-03-01
SKU-HW-01214,High-Density GPU Tensor Server Node v3.0,Compute Servers,WH-EU-02,Rotterdam Logistics Park,EU-West,Netherlands,125,63,62,50,96,361,13742.2,1717775.0,SUP-TW-01,TSMC Advanced Semiconductor,Taiwan,99.4,37,Air Priority Express,1.19,8.5,Optimal,2026-03-31
SKU-HW-01215,Ultra-Low Latency Spine Router v4.0,Networking Hardware,WH-EU-03,London Distribution Gateway,EU-West,United Kingdom,250,26,224,67,100,272,13056.23,3264057.5,SUP-TW-01,TSMC Advanced Semiconductor,Taiwan,99.4,43,Dedicated Rail Cargo,1.98,13.8,Overstocked,2026-06-17
SKU-HW-01216,Next-Gen Firewall Threat Shield v1.0,Security Appliances,WH-EU-02,Rotterdam Logistics Park,EU-West,Netherlands,145,69,76,85,135,351,5586.05,809977.25,SUP-TW-04,Delta Electronics Power Solutions,Taiwan,98.2,29,Dedicated Rail Cargo,1.11,11.6,Optimal,2026-03-29
SKU-HW-01217,Next-Gen Firewall Threat Shield v2.0,Security Appliances,WH-LATAM-01,Sao Paulo Distribution,LATAM,Brazil,24,16,8,174,262,905,6094.03,146256.72,SUP-TW-01,TSMC Advanced Semiconductor,Taiwan,99.4,24,Ground Fleet Line,3.05,10.4,Critical Shortage,2026-05-28
SKU-HW-01218,Dense Wavelength Mux Transceiver v3.0,Optical Components,WH-US-03,Chicago Central Depot,US-Central,United States,872,312,560,533,836,2320,773.02,674073.44,SUP-JP-01,Murata High-Freq Components,Japan,98.9,9,Ocean Freight Container,2.2,12.8,Optimal,2026-06-02
SKU-HW-01219,Liquid-Cooled AI Inference Blade v4.0,Compute Servers,WH-EU-02,Rotterdam Logistics Park,EU-West,Netherlands,29,21,8,81,116,417,8231.85,238723.65,SUP-US-02,Broadcom Optical Networks,United States,97.8,37,Ocean Freight Container,0.91,2.6,Critical Shortage,2026-07-30
SKU-HW-01220,Industrial IoT Telemetry Sensor v1.0,Edge Devices,WH-US-02,Virginia Cloud Center,US-East,United States,10494,3024,7470,4085,5914,21313,130.43,1368732.42,SUP-DE-01,Siemens Industrial Automation,Germany,98.6,12,Ground Fleet Line,2.59,6.1,Optimal,2026-06-05
SKU-HW-01221,Dense Wavelength Mux Transceiver v2.0,Optical Components,WH-APAC-04,Sydney Tech Fulfillment,APAC-ANZ,Australia,1604,874,730,595,1008,2854,708.48,1136401.92,SUP-US-02,Broadcom Optical Networks,United States,97.8,25,Ocean Freight Container,0.37,14.0,Optimal,2026-02-03
SKU-HW-01222,Next-Gen Firewall Threat Shield v3.0,Security Appliances,WH-APAC-03,Singapore Gateway Center,APAC-South,Singapore,470,107,363,83,178,487,5163.26,2426732.2,SUP-US-02,Broadcom Optical Networks,United States,97.8,8,Air Priority Express,0.47,9.2,Overstocked,2026-05-07
SKU-HW-01223,Next-Gen Firewall Threat Shield v4.0,Security Appliances,WH-MEA-01,Dubai Industrial Port Hub,MEA,United Arab Emirates,124,32,92,70,127,382,6095.3,755817.2,SUP-US-01,Supermicro Engineering Lab,United States,95.9,35,Dedicated Rail Cargo,0.09,10.4,Optimal,2026-06-01
SKU-HW-01224,Industrial IoT Telemetry Sensor v1.0,Edge Devices,WH-EU-03,London Distribution Gateway,EU-West,United Kingdom,8568,2900,5668,4380,7942,22966,125.93,1078968.24,SUP-DE-01,Siemens Industrial Automation,Germany,98.6,45,Air Priority Express,2.28,4.4,Optimal,2026-04-22
SKU-HW-01225,All-Flash NVMe High-IOPS Array v2.0,Storage Systems,WH-US-03,Chicago Central Depot,US-Central,United States,88,31,57,72,108,356,15806.67,1390986.96,SUP-TW-02,Foxconn Precision Industry,Taiwan,96.8,19,Dedicated Rail Cargo,2.81,8.2,Optimal,2026-06-16
SKU-HW-01226,Direct-to-Chip Liquid Cooling Manifold v3.0,Power & Cooling,WH-US-03,Chicago Central Depot,US-Central,United States,305,136,169,186,351,1319,4269.61,1302231.05,SUP-JP-01,Murata High-Freq Components,Japan,98.9,14,Air Priority Express,1.14,12.2,Optimal,2026-08-02
SKU-HW-01227,Hardware Security Module (HSM) Vault v4.0,Security Appliances,WH-EU-03,London Distribution Gateway,EU-West,United Kingdom,139,40,99,41,84,319,9823.2,1365424.8,SUP-DE-01,Siemens Industrial Automation,Germany,98.6,23,Ocean Freight Container,0.84,5.7,Optimal,2026-01-29
SKU-HW-01228,Distributed Object Storage Block v1.0,Storage Systems,WH-APAC-04,Sydney Tech Fulfillment,APAC-ANZ,Australia,353,101,252,186,281,866,7052.25,2489444.25,SUP-JP-02,Kyocera Ceramic Packaging,Japan,98.1,36,Ocean Freight Container,0.4,5.6,Optimal,2026-01-03
SKU-HW-01229,Quantum Optical 800G Core Switch v2.0,Networking Hardware,WH-APAC-04,Sydney Tech Fulfillment,APAC-ANZ,Australia,34,9,25,31,44,117,17575.1,597553.4,SUP-TW-01,TSMC Advanced Semiconductor,Taiwan,99.4,10,Air Priority Express,0.42,6.0,Optimal,2026-05-06
SKU-HW-01230,Distributed Object Storage Block v3.0,Storage Systems,WH-EU-03,London Distribution Gateway,EU-West,United Kingdom,309,92,217,181,316,824,6419.22,1983538.98,SUP-KR-01,Samsung Memory Module Division,South Korea,97.2,24,Dedicated Rail Cargo,0.79,3.2,Optimal,2026-02-24
SKU-HW-01231,All-Flash NVMe High-IOPS Array v4.0,Storage Systems,WH-EU-02,Rotterdam Logistics Park,EU-West,Netherlands,119,50,69,56,118,298,16700.74,1987388.06,SUP-DE-01,Siemens Industrial Automation,Germany,98.6,38,Air Priority Express,2.96,3.4,Optimal,2026-04-28
SKU-HW-01232,100G Single-Mode Optical Transceiver v1.0,Optical Components,WH-US-02,Virginia Cloud Center,US-East,United States,4377,2467,1910,2911,5322,19476,306.5,1341550.5,SUP-KR-01,Samsung Memory Module Division,South Korea,97.2,12,Dedicated Rail Cargo,1.25,6.6,Optimal,2026-03-17
SKU-HW-01233,Quantum Optical 800G Core Switch v2.0,Networking Hardware,WH-APAC-03,Singapore Gateway Center,APAC-South,Singapore,343,87,256,63,129,364,18419.61,6317926.23,SUP-NL-01,ASML Precision Optics Hub,Netherlands,99.1,39,Ground Fleet Line,0.61,4.9,Overstocked,2026-02-12
SKU-HW-01234,Ultra-Low Latency Spine Router v3.0,Networking Hardware,WH-APAC-03,Singapore Gateway Center,APAC-South,Singapore,157,86,71,88,132,341,12817.8,2012394.6,SUP-TW-04,Delta Electronics Power Solutions,Taiwan,98.2,13,Ground Fleet Line,3.1,5.9,Optimal,2026-02-10
SKU-HW-01235,Edge AI Gateway Controller v4.0,Edge Devices,WH-EU-03,London Distribution Gateway,EU-West,United Kingdom,2112,515,1597,515,795,2424,1888.7,3988934.4,SUP-US-01,Supermicro Engineering Lab,United States,95.9,20,Air Priority Express,0.14,3.7,Overstocked,2026-04-01
SKU-HW-01236,100G Single-Mode Optical Transceiver v1.0,Optical Components,WH-EU-02,Rotterdam Logistics Park,EU-West,Netherlands,6575,2687,3888,2134,4261,15683,296.95,1952446.25,SUP-JP-02,Kyocera Ceramic Packaging,Japan,98.1,16,Ground Fleet Line,0.76,9.9,Optimal,2026-08-03
SKU-HW-01237,All-Flash NVMe High-IOPS Array v2.0,Storage Systems,WH-APAC-04,Sydney Tech Fulfillment,APAC-ANZ,Australia,4,3,1,51,98,318,15640.56,62562.24,SUP-TW-01,TSMC Advanced Semiconductor,Taiwan,99.4,14,Dedicated Rail Cargo,2.44,7.3,Critical Shortage,2026-01-19
SKU-HW-01238,Dense Wavelength Mux Transceiver v3.0,Optical Components,WH-EU-02,Rotterdam Logistics Park,EU-West,Netherlands,1433,557,876,843,1416,4469,690.66,989715.78,SUP-US-02,Broadcom Optical Networks,United States,97.8,15,Dedicated Rail Cargo,1.06,11.3,Optimal,2026-07-12
SKU-HW-01239,Dense Wavelength Mux Transceiver v4.0,Optical Components,WH-APAC-01,Taipei Logistics Hub,APAC-East,Taiwan,1432,551,881,645,1368,3655,722.98,1035307.36,SUP-TW-04,Delta Electronics Power Solutions,Taiwan,98.2,34,Air Priority Express,3.18,3.2,Optimal,2026-04-26
SKU-HW-01240,All-Flash NVMe High-IOPS Array v1.0,Storage Systems,WH-APAC-04,Sydney Tech Fulfillment,APAC-ANZ,Australia,193,70,123,77,147,585,14161.61,2733190.73,SUP-TW-03,Quanta Computer Advanced Server,Taiwan,97.5,13,Dedicated Rail Cargo,2.26,10.0,Optimal,2026-01-28
SKU-HW-01241,Direct-to-Chip Liquid Cooling Manifold v2.0,Power & Cooling,WH-US-01,California Mega-Hub,US-West,United States,369,114,255,126,253,802,4373.19,1613707.11,SUP-JP-02,Kyocera Ceramic Packaging,Japan,98.1,31,Dedicated Rail Cargo,2.75,9.3,Optimal,2026-07-12
SKU-HW-01242,Direct-to-Chip Liquid Cooling Manifold v3.0,Power & Cooling,WH-US-03,Chicago Central Depot,US-Central,United States,560,290,270,189,396,1573,3706.05,2075388.0,SUP-US-01,Supermicro Engineering Lab,United States,95.9,31,Dedicated Rail Cargo,2.72,4.9,Optimal,2026-07-13
SKU-HW-01243,Ultra-Low Latency Spine Router v4.0,Networking Hardware,WH-APAC-02,Tokyo High-Tech Depot,APAC-East,Japan,3,2,1,58,99,255,11277.21,33831.63,SUP-TW-02,Foxconn Precision Industry,Taiwan,96.8,26,Ocean Freight Container,2.59,5.5,Critical Shortage,2026-07-17
SKU-HW-01244,Hardware Security Module (HSM) Vault v1.0,Security Appliances,WH-APAC-03,Singapore Gateway Center,APAC-South,Singapore,64,36,28,40,58,160,9287.75,594416.0,SUP-US-02,Broadcom Optical Networks,United States,97.8,36,Dedicated Rail Cargo,1.55,10.5,Optimal,2026-06-04
SKU-HW-01245,Ultra-Low Latency Spine Router v2.0,Networking Hardware,WH-APAC-01,Taipei Logistics Hub,APAC-East,Taiwan,15,8,7,60,129,341,12094.92,181423.8,SUP-US-02,Broadcom Optical Networks,United States,97.8,15,Ground Fleet Line,2.58,11.6,Critical Shortage,2026-06-08
SKU-HW-01246,Ultra-Low Latency Spine Router v3.0,Networking Hardware,WH-LATAM-01,Sao Paulo Distribution,LATAM,Brazil,250,97,153,98,211,746,11337.32,2834330.0,SUP-KR-01,Samsung Memory Module Division,South Korea,97.2,43,Ocean Freight Container,1.2,9.8,Optimal,2026-07-27
SKU-HW-01247,Next-Gen Firewall Threat Shield v4.0,Security Appliances,WH-EU-03,London Distribution Gateway,EU-West,United Kingdom,186,47,139,73,145,425,5241.83,974980.38,SUP-US-02,Broadcom Optical Networks,United States,97.8,31,Ground Fleet Line,2.71,13.7,Optimal,2026-05-18
SKU-HW-01248,Direct-to-Chip Liquid Cooling Manifold v1.0,Power & Cooling,WH-LATAM-01,Sao Paulo Distribution,LATAM,Brazil,23,14,9,202,292,821,4528.68,104159.64,SUP-TW-03,Quanta Computer Advanced Server,Taiwan,97.5,33,Ocean Freight Container,0.64,4.2,Critical Shortage,2026-06-29
SKU-HW-01249,Dense Wavelength Mux Transceiver v2.0,Optical Components,WH-LATAM-01,Sao Paulo Distribution,LATAM,Brazil,2670,817,1853,1317,2884,9761,782.12,2088260.4,SUP-JP-01,Murata High-Freq Components,Japan,98.9,35,Ocean Freight Container,0.13,5.8,Optimal,2026-02-27
SKU-HW-01250,Ultra-Low Latency Spine Router v3.0,Networking Hardware,WH-APAC-02,Tokyo High-Tech Depot,APAC-East,Japan,227,81,146,100,176,466,12354.41,2804451.07,SUP-US-02,Broadcom Optical Networks,United States,97.8,22,Ocean Freight Container,1.86,10.2,Optimal,2026-01-13
SKU-HW-01251,Hardware Security Module (HSM) Vault v4.0,Security Appliances,WH-APAC-01,Taipei Logistics Hub,APAC-East,Taiwan,149,42,107,54,101,396,8903.21,1326578.29,SUP-TW-04,Delta Electronics Power Solutions,Taiwan,98.2,40,Air Priority Express,1.54,8.2,Optimal,2026-02-22
SKU-HW-01252,100G Single-Mode Optical Transceiver v1.0,Optical Components,WH-LATAM-01,Sao Paulo Distribution,LATAM,Brazil,3733,1574,2159,1705,3235,8447,305.21,1139348.93,SUP-US-01,Supermicro Engineering Lab,United States,95.9,11,Ground Fleet Line,0.5,10.0,Optimal,2026-08-09
SKU-HW-01253,Direct-to-Chip Liquid Cooling Manifold v2.0,Power & Cooling,WH-APAC-03,Singapore Gateway Center,APAC-South,Singapore,108,83,25,164,326,872,4084.88,441167.04,SUP-JP-01,Murata High-Freq Components,Japan,98.9,45,Ground Fleet Line,0.72,6.0,Low Stock,2026-04-16
SKU-HW-01254,Redundant Power Distribution Unit 3-Phase v3.0,Power & Cooling,WH-EU-03,London Distribution Gateway,EU-West,United Kingdom,532,268,264,175,307,1078,2905.93,1545954.76,SUP-TW-01,TSMC Advanced Semiconductor,Taiwan,99.4,42,Ocean Freight Container,1.89,12.5,Optimal,2026-04-13
SKU-HW-01255,Hardware Security Module (HSM) Vault v4.0,Security Appliances,WH-LATAM-01,Sao Paulo Distribution,LATAM,Brazil,66,27,39,51,106,409,9656.45,637325.7,SUP-TW-02,Foxconn Precision Industry,Taiwan,96.8,41,Ocean Freight Container,1.84,8.8,Optimal,2026-04-09
SKU-HW-01256,Ultra-Low Latency Spine Router v1.0,Networking Hardware,WH-LATAM-01,Sao Paulo Distribution,LATAM,Brazil,176,51,125,71,125,392,12733.43,2241083.68,SUP-US-02,Broadcom Optical Networks,United States,97.8,28,Ocean Freight Container,1.55,7.2,Optimal,2026-01-05
SKU-HW-01257,Hardware Security Module (HSM) Vault v2.0,Security Appliances,WH-APAC-02,Tokyo High-Tech Depot,APAC-East,Japan,6,5,1,41,57,190,9612.95,57677.7,SUP-US-01,Supermicro Engineering Lab,United States,95.9,19,Air Priority Express,0.36,7.9,Critical Shortage,2026-02-08
SKU-HW-01258,Hardware Security Module (HSM) Vault v3.0,Security Appliances,WH-APAC-03,Singapore Gateway Center,APAC-South,Singapore,200,98,102,66,117,294,9102.56,1820512.0,SUP-DE-01,Siemens Industrial Automation,Germany,98.6,39,Ground Fleet Line,0.44,8.5,Optimal,2026-04-06
SKU-HW-01259,Edge AI Gateway Controller v4.0,Edge Devices,WH-MEA-01,Dubai Industrial Port Hub,MEA,United Arab Emirates,433,240,193,333,476,1312,1833.58,793940.14,SUP-TW-02,Foxconn Precision Industry,Taiwan,96.8,40,Air Priority Express,0.51,13.1,Optimal,2026-02-15
SKU-HW-01260,100G Single-Mode Optical Transceiver v1.0,Optical Components,WH-EU-02,Rotterdam Logistics Park,EU-West,Netherlands,4768,2286,2482,2574,3775,13381,303.8,1448518.4,SUP-NL-01,ASML Precision Optics Hub,Netherlands,99.1,28,Ground Fleet Line,1.3,14.1,Optimal,2026-08-06
SKU-HW-01261,Edge AI Gateway Controller v2.0,Edge Devices,WH-EU-03,London Distribution Gateway,EU-West,United Kingdom,588,294,294,352,748,2480,1996.44,1173906.72,SUP-JP-01,Murata High-Freq Components,Japan,98.9,16,Ocean Freight Container,3.15,10.4,Optimal,2026-05-14
SKU-HW-01262,All-Flash NVMe High-IOPS Array v3.0,Storage Systems,WH-US-01,California Mega-Hub,US-West,United States,104,37,67,42,65,201,15612.54,1623704.16,SUP-KR-01,Samsung Memory Module Division,South Korea,97.2,21,Dedicated Rail Cargo,1.46,13.9,Optimal,2026-03-17
SKU-HW-01263,Quantum Optical 800G Core Switch v4.0,Networking Hardware,WH-APAC-02,Tokyo High-Tech Depot,APAC-East,Japan,43,33,10,66,121,350,20061.28,862635.04,SUP-TW-04,Delta Electronics Power Solutions,Taiwan,98.2,34,Air Priority Express,2.33,13.4,Low Stock,2026-03-18
SKU-HW-01264,Industrial IoT Telemetry Sensor v1.0,Edge Devices,WH-US-03,Chicago Central Depot,US-Central,United States,4931,2576,2355,2046,3573,13477,133.2,656809.2,SUP-TW-01,TSMC Advanced Semiconductor,Taiwan,99.4,42,Ground Fleet Line,1.5,9.5,Optimal,2026-03-06
SKU-HW-01265,Industrial IoT Telemetry Sensor v2.0,Edge Devices,WH-US-02,Virginia Cloud Center,US-East,United States,475,419,56,1818,3565,11103,129.12,61332.0,SUP-JP-02,Kyocera Ceramic Packaging,Japan,98.1,12,Air Priority Express,0.14,3.4,Critical Shortage,2026-04-25
SKU-HW-01266,Direct-to-Chip Liquid Cooling Manifold v3.0,Power & Cooling,WH-APAC-02,Tokyo High-Tech Depot,APAC-East,Japan,31,24,7,91,131,358,4052.35,125622.85,SUP-JP-01,Murata High-Freq Components,Japan,98.9,32,Dedicated Rail Cargo,2.48,5.0,Critical Shortage,2026-02-12
SKU-HW-01267,Quantum Optical 800G Core Switch v4.0,Networking Hardware,WH-EU-01,Frankfurt Euro-Hub,EU-Central,Germany,58,34,24,39,55,163,17950.67,1041138.86,SUP-US-01,Supermicro Engineering Lab,United States,95.9,30,Ocean Freight Container,2.05,3.8,Optimal,2026-07-09
SKU-HW-01268,High-Density GPU Tensor Server Node v1.0,Compute Servers,WH-US-03,Chicago Central Depot,US-Central,United States,218,39,179,48,89,236,13872.46,3024196.28,SUP-US-01,Supermicro Engineering Lab,United States,95.9,21,Dedicated Rail Cargo,0.55,10.6,Overstocked,2026-01-25
SKU-HW-01269,Industrial IoT Telemetry Sensor v2.0,Edge Devices,WH-APAC-01,Taipei Logistics Hub,APAC-East,Taiwan,9714,2044,7670,4012,7415,23229,123.93,1203856.02,SUP-US-01,Supermicro Engineering Lab,United States,95.9,43,Ocean Freight Container,1.33,8.5,Optimal,2026-06-07
SKU-HW-01270,Hardware Security Module (HSM) Vault v3.0,Security Appliances,WH-APAC-02,Tokyo High-Tech Depot,APAC-East,Japan,85,41,44,56,85,335,10278.38,873662.3,SUP-US-01,Supermicro Engineering Lab,United States,95.9,11,Dedicated Rail Cargo,2.23,12.5,Optimal,2026-04-14
SKU-HW-01271,Liquid-Cooled AI Inference Blade v4.0,Compute Servers,WH-EU-02,Rotterdam Logistics Park,EU-West,Netherlands,285,108,177,125,225,686,9599.36,2735817.6,SUP-TW-04,Delta Electronics Power Solutions,Taiwan,98.2,43,Air Priority Express,1.36,9.2,Optimal,2026-07-09
SKU-HW-01272,Redundant Power Distribution Unit 3-Phase v1.0,Power & Cooling,WH-US-02,Virginia Cloud Center,US-East,United States,38,27,11,157,318,1020,3278.57,124585.66,SUP-JP-02,Kyocera Ceramic Packaging,Japan,98.1,36,Air Priority Express,2.12,5.1,Critical Shortage,2026-04-19
SKU-HW-01273,All-Flash NVMe High-IOPS Array v2.0,Storage Systems,WH-APAC-01,Taipei Logistics Hub,APAC-East,Taiwan,108,41,67,38,79,243,16877.99,1822822.92,SUP-JP-02,Kyocera Ceramic Packaging,Japan,98.1,25,Air Priority Express,0.65,3.7,Optimal,2026-06-14
SKU-HW-01274,Hardware Security Module (HSM) Vault v3.0,Security Appliances,WH-APAC-02,Tokyo High-Tech Depot,APAC-East,Japan,60,19,41,27,45,177,10152.17,609130.2,SUP-JP-01,Murata High-Freq Components,Japan,98.9,37,Dedicated Rail Cargo,0.72,11.4,Optimal,2026-02-16
SKU-HW-01275,Next-Gen Firewall Threat Shield v4.0,Security Appliances,WH-APAC-04,Sydney Tech Fulfillment,APAC-ANZ,Australia,169,86,83,66,104,376,5830.19,985302.11,SUP-JP-01,Murata High-Freq Components,Japan,98.9,17,Ocean Freight Container,3.02,2.5,Optimal,2026-01-08
SKU-HW-01276,All-Flash NVMe High-IOPS Array v1.0,Storage Systems,WH-US-02,Virginia Cloud Center,US-East,United States,440,108,332,87,135,469,15912.78,7001623.2,SUP-NL-01,ASML Precision Optics Hub,Netherlands,99.1,44,Dedicated Rail Cargo,2.05,3.9,Overstocked,2026-01-03
SKU-HW-01277,Next-Gen Firewall Threat Shield v2.0,Security Appliances,WH-EU-02,Rotterdam Logistics Park,EU-West,Netherlands,587,138,449,164,248,625,6201.9,3640515.3,SUP-TW-03,Quanta Computer Advanced Server,Taiwan,97.5,29,Dedicated Rail Cargo,1.77,4.5,Overstocked,2026-06-27
SKU-HW-01278,Ultra-Low Latency Spine Router v3.0,Networking Hardware,WH-EU-01,Frankfurt Euro-Hub,EU-Central,Germany,91,20,71,73,106,301,12283.18,1117769.38,SUP-NL-01,ASML Precision Optics Hub,Netherlands,99.1,23,Ground Fleet Line,2.08,7.1,Optimal,2026-03-22
SKU-HW-01279,Next-Gen Firewall Threat Shield v4.0,Security Appliances,WH-APAC-02,Tokyo High-Tech Depot,APAC-East,Japan,53,23,30,100,146,502,5248.17,278153.01,SUP-TW-04,Delta Electronics Power Solutions,Taiwan,98.2,17,Air Priority Express,0.61,5.1,Low Stock,2026-01-30
SKU-HW-01280,Dense Wavelength Mux Transceiver v1.0,Optical Components,WH-APAC-04,Sydney Tech Fulfillment,APAC-ANZ,Australia,1602,955,647,715,1145,3676,769.45,1232658.9,SUP-JP-01,Murata High-Freq Components,Japan,98.9,34,Dedicated Rail Cargo,0.2,6.3,Optimal,2026-07-02
SKU-HW-01281,Ultra-Low Latency Spine Router v2.0,Networking Hardware,WH-MEA-01,Dubai Industrial Port Hub,MEA,United Arab Emirates,181,47,134,61,129,423,10903.19,1973477.39,SUP-TW-01,TSMC Advanced Semiconductor,Taiwan,99.4,18,Dedicated Rail Cargo,0.23,9.1,Optimal,2026-05-06
SKU-HW-01282,Hardware Security Module (HSM) Vault v3.0,Security Appliances,WH-EU-03,London Distribution Gateway,EU-West,United Kingdom,21,19,2,36,61,218,9072.11,190514.31,SUP-NL-01,ASML Precision Optics Hub,Netherlands,99.1,25,Air Priority Express,2.92,9.0,Low Stock,2026-06-14
SKU-HW-01283,Hardware Security Module (HSM) Vault v4.0,Security Appliances,WH-APAC-04,Sydney Tech Fulfillment,APAC-ANZ,Australia,159,46,113,57,89,301,9103.5,1447456.5,SUP-TW-03,Quanta Computer Advanced Server,Taiwan,97.5,34,Air Priority Express,0.85,6.3,Optimal,2026-06-29
SKU-HW-01284,High-Density GPU Tensor Server Node v1.0,Compute Servers,WH-EU-01,Frankfurt Euro-Hub,EU-Central,Germany,205,43,162,97,211,684,16233.47,3327861.35,SUP-DE-01,Siemens Industrial Automation,Germany,98.6,13,Ground Fleet Line,0.64,5.7,Optimal,2026-02-01
SKU-HW-01285,Quantum Optical 800G Core Switch v2.0,Networking Hardware,WH-APAC-04,Sydney Tech Fulfillment,APAC-ANZ,Australia,160,53,107,69,120,423,20012.9,3202064.0,SUP-US-01,Supermicro Engineering Lab,United States,95.9,29,Ground Fleet Line,2.02,5.3,Optimal,2026-04-08
SKU-HW-01286,Next-Gen Firewall Threat Shield v3.0,Security Appliances,WH-US-01,California Mega-Hub,US-West,United States,283,117,166,120,217,606,6203.81,1755678.23,SUP-DE-01,Siemens Industrial Automation,Germany,98.6,33,Ground Fleet Line,2.5,6.7,Optimal,2026-04-11
SKU-HW-01287,Dense Wavelength Mux Transceiver v4.0,Optical Components,WH-US-02,Virginia Cloud Center,US-East,United States,1277,730,547,513,1125,4389,762.43,973623.11,SUP-TW-03,Quanta Computer Advanced Server,Taiwan,97.5,15,Air Priority Express,0.38,10.7,Optimal,2026-06-02
SKU-HW-01288,Hardware Security Module (HSM) Vault v1.0,Security Appliances,WH-EU-03,London Distribution Gateway,EU-West,United Kingdom,70,33,37,32,53,196,8990.5,629335.0,SUP-TW-04,Delta Electronics Power Solutions,Taiwan,98.2,44,Ground Fleet Line,2.43,5.0,Optimal,2026-01-19
SKU-HW-01289,Liquid-Cooled AI Inference Blade v2.0,Compute Servers,WH-US-03,Chicago Central Depot,US-Central,United States,21,18,3,128,249,816,8298.62,174271.02,SUP-KR-01,Samsung Memory Module Division,South Korea,97.2,40,Dedicated Rail Cargo,2.02,5.5,Critical Shortage,2026-06-08
SKU-HW-01290,Edge AI Gateway Controller v3.0,Edge Devices,WH-EU-03,London Distribution Gateway,EU-West,United Kingdom,972,395,577,381,546,1775,1783.03,1733105.16,SUP-US-01,Supermicro Engineering Lab,United States,95.9,26,Air Priority Express,1.27,3.1,Optimal,2026-03-03
SKU-HW-01291,Direct-to-Chip Liquid Cooling Manifold v4.0,Power & Cooling,WH-APAC-03,Singapore Gateway Center,APAC-South,Singapore,796,435,361,218,472,1589,4154.57,3307037.72,SUP-JP-01,Murata High-Freq Components,Japan,98.9,24,Dedicated Rail Cargo,2.71,7.1,Optimal,2026-02-07
SKU-HW-01292,Hardware Security Module (HSM) Vault v1.0,Security Appliances,WH-APAC-01,Taipei Logistics Hub,APAC-East,Taiwan,51,24,27,27,50,152,10449.81,532940.31,SUP-KR-01,Samsung Memory Module Division,South Korea,97.2,13,Air Priority Express,3.12,8.7,Optimal,2026-06-08
SKU-HW-01293,High-Density GPU Tensor Server Node v2.0,Compute Servers,WH-US-03,Chicago Central Depot,US-Central,United States,246,135,111,108,191,533,15586.58,3834298.68,SUP-TW-01,TSMC Advanced Semiconductor,Taiwan,99.4,26,Ocean Freight Container,0.11,13.8,Optimal,2026-02-26
SKU-HW-01294,Ultra-Low Latency Spine Router v3.0,Networking Hardware,WH-EU-01,Frankfurt Euro-Hub,EU-Central,Germany,109,37,72,69,121,365,12905.47,1406696.23,SUP-US-02,Broadcom Optical Networks,United States,97.8,39,Dedicated Rail Cargo,0.37,11.6,Optimal,2026-08-03
SKU-HW-01295,Dense Wavelength Mux Transceiver v4.0,Optical Components,WH-APAC-02,Tokyo High-Tech Depot,APAC-East,Japan,1676,683,993,859,1301,3682,779.3,1306106.8,SUP-KR-01,Samsung Memory Module Division,South Korea,97.2,40,Dedicated Rail Cargo,2.48,11.6,Optimal,2026-06-26
SKU-HW-01296,High-Density GPU Tensor Server Node v1.0,Compute Servers,WH-EU-02,Rotterdam Logistics Park,EU-West,Netherlands,145,34,111,107,173,468,14397.57,2087647.65,SUP-TW-02,Foxconn Precision Industry,Taiwan,96.8,25,Dedicated Rail Cargo,2.1,6.1,Optimal,2026-05-12
SKU-HW-01297,Hardware Security Module (HSM) Vault v2.0,Security Appliances,WH-EU-03,London Distribution Gateway,EU-West,United Kingdom,22,9,13,44,88,312,9134.17,200951.74,SUP-TW-01,TSMC Advanced Semiconductor,Taiwan,99.4,39,Air Priority Express,2.82,8.3,Low Stock,2026-03-05
SKU-HW-01298,Industrial IoT Telemetry Sensor v3.0,Edge Devices,WH-APAC-02,Tokyo High-Tech Depot,APAC-East,Japan,10486,6040,4446,4546,8145,20543,128.47,1347136.42,SUP-DE-01,Siemens Industrial Automation,Germany,98.6,24,Ground Fleet Line,0.08,4.7,Optimal,2026-05-07
SKU-HW-01299,Quantum Optical 800G Core Switch v4.0,Networking Hardware,WH-US-01,California Mega-Hub,US-West,United States,113,36,77,70,107,375,16811.68,1899719.84,SUP-NL-01,ASML Precision Optics Hub,Netherlands,99.1,6,Air Priority Express,0.55,7.7,Optimal,2026-03-29
SKU-HW-01300,Edge AI Gateway Controller v1.0,Edge Devices,WH-MEA-01,Dubai Industrial Port Hub,MEA,United Arab Emirates,406,125,281,305,646,2347,2024.9,822109.4,SUP-DE-01,Siemens Industrial Automation,Germany,98.6,28,Air Priority Express,0.32,9.5,Optimal,2026-03-06
SKU-HW-01301,Ultra-Low Latency Spine Router v2.0,Networking Hardware,WH-US-02,Virginia Cloud Center,US-East,United States,161,56,105,67,122,382,12196.28,1963601.08,SUP-TW-03,Quanta Computer Advanced Server,Taiwan,97.5,30,Ocean Freight Container,1.26,4.9,Optimal,2026-02-08
SKU-HW-01302,High-Density GPU Tensor Server Node v3.0,Compute Servers,WH-APAC-04,Sydney Tech Fulfillment,APAC-ANZ,Australia,175,75,100,57,98,368,14718.12,2575671.0,SUP-NL-01,ASML Precision Optics Hub,Netherlands,99.1,42,Air Priority Express,2.22,8.0,Optimal,2026-07-28
SKU-HW-01303,High-Density GPU Tensor Server Node v4.0,Compute Servers,WH-US-02,Virginia Cloud Center,US-East,United States,301,79,222,110,195,769,14263.49,4293310.49,SUP-NL-01,ASML Precision Optics Hub,Netherlands,99.1,19,Ocean Freight Container,0.89,7.1,Optimal,2026-05-18
SKU-HW-01304,Hardware Security Module (HSM) Vault v1.0,Security Appliances,WH-EU-01,Frankfurt Euro-Hub,EU-Central,Germany,82,33,49,69,139,405,9477.21,777131.22,SUP-TW-02,Foxconn Precision Industry,Taiwan,96.8,38,Ocean Freight Container,0.8,11.6,Optimal,2026-06-11
SKU-HW-01305,Ultra-Low Latency Spine Router v2.0,Networking Hardware,WH-APAC-04,Sydney Tech Fulfillment,APAC-ANZ,Australia,466,109,357,67,139,498,13002.43,6059132.38,SUP-US-02,Broadcom Optical Networks,United States,97.8,36,Ocean Freight Container,3.04,5.4,Overstocked,2026-02-10
SKU-HW-01306,All-Flash NVMe High-IOPS Array v3.0,Storage Systems,WH-APAC-04,Sydney Tech Fulfillment,APAC-ANZ,Australia,83,47,36,76,111,315,15701.29,1303207.07,SUP-TW-03,Quanta Computer Advanced Server,Taiwan,97.5,9,Ground Fleet Line,2.21,10.1,Optimal,2026-04-14
SKU-HW-01307,High-Density GPU Tensor Server Node v4.0,Compute Servers,WH-EU-03,London Distribution Gateway,EU-West,United Kingdom,163,79,84,64,136,391,14927.28,2433146.64,SUP-US-02,Broadcom Optical Networks,United States,97.8,31,Dedicated Rail Cargo,2.15,4.5,Optimal,2026-01-22
SKU-HW-01308,Next-Gen Firewall Threat Shield v1.0,Security Appliances,WH-APAC-01,Taipei Logistics Hub,APAC-East,Taiwan,140,36,104,95,206,709,5156.75,721945.0,SUP-KR-01,Samsung Memory Module Division,South Korea,97.2,26,Air Priority Express,0.63,12.6,Optimal,2026-02-13
SKU-HW-01309,Liquid-Cooled AI Inference Blade v2.0,Compute Servers,WH-APAC-04,Sydney Tech Fulfillment,APAC-ANZ,Australia,18,9,9,115,165,593,8538.98,153701.64,SUP-JP-01,Murata High-Freq Components,Japan,98.9,23,Ocean Freight Container,2.23,7.4,Critical Shortage,2026-04-07
SKU-HW-01310,Quantum Optical 800G Core Switch v3.0,Networking Hardware,WH-APAC-01,Taipei Logistics Hub,APAC-East,Taiwan,23,9,14,33,52,153,20194.4,464471.2,SUP-TW-02,Foxconn Precision Industry,Taiwan,96.8,15,Dedicated Rail Cargo,1.51,7.1,Low Stock,2026-04-10
SKU-HW-01311,Dense Wavelength Mux Transceiver v4.0,Optical Components,WH-US-01,California Mega-Hub,US-West,United States,2013,571,1442,846,1232,3482,802.94,1616318.22,SUP-US-01,Supermicro Engineering Lab,United States,95.9,23,Ground Fleet Line,1.24,11.8,Optimal,2026-06-04
SKU-HW-01312,Hardware Security Module (HSM) Vault v1.0,Security Appliances,WH-EU-01,Frankfurt Euro-Hub,EU-Central,Germany,105,58,47,55,117,325,9838.51,1033043.55,SUP-JP-01,Murata High-Freq Components,Japan,98.9,15,Ground Fleet Line,1.66,11.7,Optimal,2026-01-19
SKU-HW-01313,Quantum Optical 800G Core Switch v2.0,Networking Hardware,WH-APAC-03,Singapore Gateway Center,APAC-South,Singapore,32,15,17,56,112,442,18650.68,596821.76,SUP-DE-01,Siemens Industrial Automation,Germany,98.6,11,Ocean Freight Container,0.93,10.9,Low Stock,2026-06-06
SKU-HW-01314,Next-Gen Firewall Threat Shield v3.0,Security Appliances,WH-APAC-03,Singapore Gateway Center,APAC-South,Singapore,696,79,617,132,248,726,5592.3,3892240.8,SUP-JP-01,Murata High-Freq Components,Japan,98.9,24,Air Priority Express,1.33,9.0,Overstocked,2026-02-15
SKU-HW-01315,Next-Gen Firewall Threat Shield v4.0,Security Appliances,WH-APAC-02,Tokyo High-Tech Depot,APAC-East,Japan,27,17,10,71,140,411,5534.88,149441.76,SUP-US-01,Supermicro Engineering Lab,United States,95.9,17,Ocean Freight Container,1.07,8.6,Critical Shortage,2026-04-11
SKU-HW-01316,Redundant Power Distribution Unit 3-Phase v1.0,Power & Cooling,WH-EU-02,Rotterdam Logistics Park,EU-West,Netherlands,99,58,41,196,407,1185,2930.49,290118.51,SUP-JP-02,Kyocera Ceramic Packaging,Japan,98.1,30,Ocean Freight Container,2.03,11.4,Low Stock,2026-07-20
SKU-HW-01317,Hardware Security Module (HSM) Vault v2.0,Security Appliances,WH-APAC-03,Singapore Gateway Center,APAC-South,Singapore,76,39,37,29,62,157,10744.38,816572.88,SUP-US-02,Broadcom Optical Networks,United States,97.8,37,Air Priority Express,2.35,8.4,Optimal,2026-07-12
SKU-HW-01318,All-Flash NVMe High-IOPS Array v3.0,Storage Systems,WH-APAC-02,Tokyo High-Tech Depot,APAC-East,Japan,71,39,32,61,131,401,13705.93,973121.03,SUP-JP-01,Murata High-Freq Components,Japan,98.9,14,Ocean Freight Container,0.66,4.0,Optimal,2026-01-08
SKU-HW-01319,Edge AI Gateway Controller v4.0,Edge Devices,WH-EU-03,London Distribution Gateway,EU-West,United Kingdom,457,217,240,236,369,1183,1939.16,886196.12,SUP-TW-04,Delta Electronics Power Solutions,Taiwan,98.2,17,Dedicated Rail Cargo,0.98,5.1,Optimal,2026-06-16
SKU-HW-01320,Liquid-Cooled AI Inference Blade v1.0,Compute Servers,WH-US-03,Chicago Central Depot,US-Central,United States,164,79,85,99,167,617,9932.41,1628915.24,SUP-KR-01,Samsung Memory Module Division,South Korea,97.2,27,Dedicated Rail Cargo,0.48,12.1,Optimal,2026-01-13
SKU-HW-01321,Distributed Object Storage Block v2.0,Storage Systems,WH-US-01,California Mega-Hub,US-West,United States,830,189,641,120,243,879,6150.8,5105164.0,SUP-TW-01,TSMC Advanced Semiconductor,Taiwan,99.4,31,Air Priority Express,1.23,8.5,Overstocked,2026-05-29
SKU-HW-01322,Distributed Object Storage Block v3.0,Storage Systems,WH-APAC-04,Sydney Tech Fulfillment,APAC-ANZ,Australia,203,121,82,107,199,783,6662.98,1352584.94,SUP-TW-03,Quanta Computer Advanced Server,Taiwan,97.5,45,Ocean Freight Container,0.56,13.6,Optimal,2026-07-31
SKU-HW-01323,Industrial IoT Telemetry Sensor v4.0,Edge Devices,WH-US-01,California Mega-Hub,US-West,United States,17245,2278,14967,3186,5844,18032,115.55,1992659.75,SUP-TW-03,Quanta Computer Advanced Server,Taiwan,97.5,39,Ocean Freight Container,1.7,12.5,Overstocked,2026-03-07
SKU-HW-01324,Direct-to-Chip Liquid Cooling Manifold v1.0,Power & Cooling,WH-APAC-03,Singapore Gateway Center,APAC-South,Singapore,621,147,474,169,356,1349,4045.26,2512106.46,SUP-KR-01,Samsung Memory Module Division,South Korea,97.2,35,Air Priority Express,3.06,13.4,Optimal,2026-04-04
SKU-HW-01325,All-Flash NVMe High-IOPS Array v2.0,Storage Systems,WH-LATAM-01,Sao Paulo Distribution,LATAM,Brazil,15,10,5,59,120,433,16016.4,240246.0,SUP-JP-02,Kyocera Ceramic Packaging,Japan,98.1,19,Ground Fleet Line,1.27,10.0,Critical Shortage,2026-07-17
SKU-HW-01326,All-Flash NVMe High-IOPS Array v3.0,Storage Systems,WH-EU-02,Rotterdam Logistics Park,EU-West,Netherlands,106,39,67,64,125,355,14337.83,1519809.98,SUP-KR-01,Samsung Memory Module Division,South Korea,97.2,34,Dedicated Rail Cargo,2.61,11.9,Optimal,2026-04-22
SKU-HW-01327,Dense Wavelength Mux Transceiver v4.0,Optical Components,WH-US-02,Virginia Cloud Center,US-East,United States,6455,1415,5040,1117,1920,6658,801.63,5174521.65,SUP-TW-02,Foxconn Precision Industry,Taiwan,96.8,29,Dedicated Rail Cargo,2.17,6.8,Overstocked,2026-05-11
SKU-HW-01328,Industrial IoT Telemetry Sensor v1.0,Edge Devices,WH-APAC-01,Taipei Logistics Hub,APAC-East,Taiwan,21081,6114,14967,4666,9264,24218,113.26,2387634.06,SUP-US-02,Broadcom Optical Networks,United States,97.8,29,Air Priority Express,2.78,5.8,Overstocked,2026-06-10
SKU-HW-01329,Industrial IoT Telemetry Sensor v2.0,Edge Devices,WH-EU-01,Frankfurt Euro-Hub,EU-Central,Germany,6279,3628,2651,3716,7341,19997,124.94,784498.26,SUP-TW-01,TSMC Advanced Semiconductor,Taiwan,99.4,36,Ocean Freight Container,0.09,12.1,Optimal,2026-06-07
SKU-HW-01330,Edge AI Gateway Controller v3.0,Edge Devices,WH-APAC-04,Sydney Tech Fulfillment,APAC-ANZ,Australia,149,131,18,390,794,2944,1789.05,266568.45,SUP-KR-01,Samsung Memory Module Division,South Korea,97.2,30,Dedicated Rail Cargo,1.8,13.2,Critical Shortage,2026-05-20
SKU-HW-01331,Redundant Power Distribution Unit 3-Phase v4.0,Power & Cooling,WH-EU-02,Rotterdam Logistics Park,EU-West,Netherlands,580,245,335,208,384,1436,3445.34,1998297.2,SUP-TW-04,Delta Electronics Power Solutions,Taiwan,98.2,30,Dedicated Rail Cargo,0.39,6.1,Optimal,2026-04-30
SKU-HW-01332,Direct-to-Chip Liquid Cooling Manifold v1.0,Power & Cooling,WH-EU-03,London Distribution Gateway,EU-West,United Kingdom,432,210,222,196,305,1158,4544.48,1963215.36,SUP-US-01,Supermicro Engineering Lab,United States,95.9,41,Ground Fleet Line,2.08,8.7,Optimal,2026-03-30
SKU-HW-01333,Edge AI Gateway Controller v2.0,Edge Devices,WH-US-02,Virginia Cloud Center,US-East,United States,782,429,353,264,578,1988,1929.11,1508564.02,SUP-TW-04,Delta Electronics Power Solutions,Taiwan,98.2,30,Ocean Freight Container,1.92,3.6,Optimal,2026-07-02
SKU-HW-01334,100G Single-Mode Optical Transceiver v3.0,Optical Components,WH-APAC-04,Sydney Tech Fulfillment,APAC-ANZ,Australia,6350,2599,3751,2845,4452,16280,299.96,1904746.0,SUP-NL-01,ASML Precision Optics Hub,Netherlands,99.1,29,Dedicated Rail Cargo,1.89,7.3,Optimal,2026-08-08
SKU-HW-01335,Industrial IoT Telemetry Sensor v4.0,Edge Devices,WH-US-02,Virginia Cloud Center,US-East,United States,10108,2185,7923,1828,3545,11427,134.23,1356796.84,SUP-JP-02,Kyocera Ceramic Packaging,Japan,98.1,11,Ground Fleet Line,2.48,12.3,Overstocked,2026-01-30
SKU-HW-01336,Liquid-Cooled AI Inference Blade v1.0,Compute Servers,WH-APAC-02,Tokyo High-Tech Depot,APAC-East,Japan,200,43,157,87,178,520,8830.74,1766148.0,SUP-US-01,Supermicro Engineering Lab,United States,95.9,12,Air Priority Express,1.9,12.9,Optimal,2026-07-28
SKU-HW-01337,Hardware Security Module (HSM) Vault v2.0,Security Appliances,WH-US-03,Chicago Central Depot,US-Central,United States,186,95,91,64,138,536,10145.77,1887113.22,SUP-US-02,Broadcom Optical Networks,United States,97.8,37,Ocean Freight Container,0.73,12.0,Optimal,2026-02-15
SKU-HW-01338,Edge AI Gateway Controller v3.0,Edge Devices,WH-EU-01,Frankfurt Euro-Hub,EU-Central,Germany,967,418,549,489,846,2770,1746.18,1688556.06,SUP-JP-01,Murata High-Freq Components,Japan,98.9,9,Ocean Freight Container,2.85,3.0,Optimal,2026-05-02
SKU-HW-01339,Redundant Power Distribution Unit 3-Phase v4.0,Power & Cooling,WH-MEA-01,Dubai Industrial Port Hub,MEA,United Arab Emirates,1354,308,1046,208,367,1463,3195.92,4327275.68,SUP-KR-01,Samsung Memory Module Division,South Korea,97.2,34,Air Priority Express,0.28,9.7,Overstocked,2026-05-20
SKU-HW-01340,Ultra-Low Latency Spine Router v1.0,Networking Hardware,WH-LATAM-01,Sao Paulo Distribution,LATAM,Brazil,158,49,109,56,109,320,12775.3,2018497.4,SUP-KR-01,Samsung Memory Module Division,South Korea,97.2,6,Ground Fleet Line,2.21,6.6,Optimal,2026-01-01
SKU-HW-01341,Edge AI Gateway Controller v2.0,Edge Devices,WH-LATAM-01,Sao Paulo Distribution,LATAM,Brazil,66,38,28,284,522,2013,1825.08,120455.28,SUP-DE-01,Siemens Industrial Automation,Germany,98.6,35,Ground Fleet Line,1.73,11.9,Critical Shortage,2026-06-08
SKU-HW-01342,Quantum Optical 800G Core Switch v3.0,Networking Hardware,WH-US-03,Chicago Central Depot,US-Central,United States,287,97,190,77,167,422,20159.58,5785799.46,SUP-TW-03,Quanta Computer Advanced Server,Taiwan,97.5,44,Ground Fleet Line,2.09,6.1,Optimal,2026-01-30
SKU-HW-01343,All-Flash NVMe High-IOPS Array v4.0,Storage Systems,WH-EU-02,Rotterdam Logistics Park,EU-West,Netherlands,80,46,34,40,72,281,15815.26,1265220.8,SUP-TW-03,Quanta Computer Advanced Server,Taiwan,97.5,5,Ground Fleet Line,3.2,13.4,Optimal,2026-04-30
SKU-HW-01344,Next-Gen Firewall Threat Shield v1.0,Security Appliances,WH-US-03,Chicago Central Depot,US-Central,United States,129,58,71,63,102,365,6178.87,797074.23,SUP-TW-02,Foxconn Precision Industry,Taiwan,96.8,6,Air Priority Express,2.57,9.6,Optimal,2026-02-06
SKU-HW-01345,Liquid-Cooled AI Inference Blade v2.0,Compute Servers,WH-US-02,Virginia Cloud Center,US-East,United States,214,62,152,78,123,356,8956.52,1916695.28,SUP-US-02,Broadcom Optical Networks,United States,97.8,30,Dedicated Rail Cargo,1.95,8.8,Optimal,2026-07-11
SKU-HW-01346,Dense Wavelength Mux Transceiver v3.0,Optical Components,WH-LATAM-01,Sao Paulo Distribution,LATAM,Brazil,1771,943,828,1232,2385,7243,794.09,1406333.39,SUP-DE-01,Siemens Industrial Automation,Germany,98.6,32,Ground Fleet Line,2.26,4.5,Optimal,2026-02-09
SKU-HW-01347,Next-Gen Firewall Threat Shield v4.0,Security Appliances,WH-US-01,California Mega-Hub,US-West,United States,79,38,41,68,132,357,5503.42,434770.18,SUP-JP-02,Kyocera Ceramic Packaging,Japan,98.1,28,Air Priority Express,2.8,13.3,Optimal,2026-08-01
SKU-HW-01348,Ultra-Low Latency Spine Router v1.0,Networking Hardware,WH-APAC-04,Sydney Tech Fulfillment,APAC-ANZ,Australia,170,52,118,75,116,341,11487.03,1952795.1,SUP-KR-01,Samsung Memory Module Division,South Korea,97.2,5,Ocean Freight Container,0.87,7.7,Optimal,2026-01-04
SKU-HW-01349,Dense Wavelength Mux Transceiver v2.0,Optical Components,WH-APAC-02,Tokyo High-Tech Depot,APAC-East,Japan,1582,740,842,1019,2181,6469,788.93,1248087.26,SUP-KR-01,Samsung Memory Module Division,South Korea,97.2,34,Dedicated Rail Cargo,1.24,12.4,Optimal,2026-01-23
SKU-HW-01350,Next-Gen Firewall Threat Shield v3.0,Security Appliances,WH-APAC-04,Sydney Tech Fulfillment,APAC-ANZ,Australia,142,63,79,88,135,535,5268.94,748189.48,SUP-US-02,Broadcom Optical Networks,United States,97.8,5,Air Priority Express,2.94,13.6,Optimal,2026-05-31
SKU-HW-01351,Industrial IoT Telemetry Sensor v4.0,Edge Devices,WH-APAC-01,Taipei Logistics Hub,APAC-East,Taiwan,5821,2333,3488,2295,3460,9181,113.6,661265.6,SUP-TW-02,Foxconn Precision Industry,Taiwan,96.8,5,Ground Fleet Line,0.52,10.3,Optimal,2026-06-23
SKU-HW-01352,High-Density GPU Tensor Server Node v1.0,Compute Servers,WH-MEA-01,Dubai Industrial Port Hub,MEA,United Arab Emirates,79,34,45,59,111,418,15151.52,1196970.08,SUP-US-01,Supermicro Engineering Lab,United States,95.9,22,Dedicated Rail Cargo,2.02,3.5,Optimal,2026-06-20
SKU-HW-01353,Industrial IoT Telemetry Sensor v2.0,Edge Devices,WH-US-03,Chicago Central Depot,US-Central,United States,4898,1151,3747,3960,8528,21445,136.15,666862.7,SUP-KR-01,Samsung Memory Module Division,South Korea,97.2,40,Dedicated Rail Cargo,1.89,11.5,Optimal,2026-02-10
SKU-HW-01354,Industrial IoT Telemetry Sensor v3.0,Edge Devices,WH-EU-01,Frankfurt Euro-Hub,EU-Central,Germany,8151,4638,3513,3752,6569,20300,114.65,934512.15,SUP-TW-02,Foxconn Precision Industry,Taiwan,96.8,16,Dedicated Rail Cargo,0.39,8.5,Optimal,2026-03-27
SKU-HW-01355,Dense Wavelength Mux Transceiver v4.0,Optical Components,WH-US-01,California Mega-Hub,US-West,United States,5730,1495,4235,1457,2403,6204,833.51,4776012.3,SUP-TW-04,Delta Electronics Power Solutions,Taiwan,98.2,42,Ocean Freight Container,0.55,5.6,Overstocked,2026-02-15
SKU-HW-01356,Dense Wavelength Mux Transceiver v1.0,Optical Components,WH-EU-02,Rotterdam Logistics Park,EU-West,Netherlands,1207,652,555,939,1335,4823,805.61,972371.27,SUP-NL-01,ASML Precision Optics Hub,Netherlands,99.1,41,Ocean Freight Container,2.23,4.1,Optimal,2026-06-01
SKU-HW-01357,Industrial IoT Telemetry Sensor v2.0,Edge Devices,WH-APAC-01,Taipei Logistics Hub,APAC-East,Taiwan,8678,2318,6360,3713,6346,21117,120.13,1042488.14,SUP-DE-01,Siemens Industrial Automation,Germany,98.6,26,Air Priority Express,0.98,4.6,Optimal,2026-01-20
SKU-HW-01358,Hardware Security Module (HSM) Vault v3.0,Security Appliances,WH-US-02,Virginia Cloud Center,US-East,United States,116,31,85,47,79,204,9187.51,1065751.16,SUP-JP-01,Murata High-Freq Components,Japan,98.9,38,Air Priority Express,1.79,3.8,Optimal,2026-04-26
SKU-HW-01359,Redundant Power Distribution Unit 3-Phase v4.0,Power & Cooling,WH-US-01,California Mega-Hub,US-West,United States,218,82,136,128,199,564,3228.08,703721.44,SUP-JP-02,Kyocera Ceramic Packaging,Japan,98.1,17,Ocean Freight Container,3.15,4.3,Optimal,2026-01-16
SKU-HW-01360,Dense Wavelength Mux Transceiver v1.0,Optical Components,WH-EU-03,London Distribution Gateway,EU-West,United Kingdom,1324,432,892,857,1495,5012,684.76,906622.24,SUP-JP-01,Murata High-Freq Components,Japan,98.9,6,Ground Fleet Line,2.34,11.7,Optimal,2026-05-03
SKU-HW-01361,Next-Gen Firewall Threat Shield v2.0,Security Appliances,WH-LATAM-01,Sao Paulo Distribution,LATAM,Brazil,203,102,101,60,117,416,5233.59,1062418.77,SUP-KR-01,Samsung Memory Module Division,South Korea,97.2,9,Air Priority Express,2.34,4.2,Optimal,2026-01-22
SKU-HW-01362,100G Single-Mode Optical Transceiver v3.0,Optical Components,WH-EU-01,Frankfurt Euro-Hub,EU-Central,Germany,1413,934,479,2565,5076,15605,255.15,360526.95,SUP-JP-01,Murata High-Freq Components,Japan,98.9,36,Air Priority Express,0.53,11.0,Low Stock,2026-01-21
SKU-HW-01363,High-Density GPU Tensor Server Node v4.0,Compute Servers,WH-US-03,Chicago Central Depot,US-Central,United States,74,15,59,47,85,214,13566.86,1003947.64,SUP-US-02,Broadcom Optical Networks,United States,97.8,42,Air Priority Express,1.01,5.1,Optimal,2026-02-01
SKU-HW-01364,Next-Gen Firewall Threat Shield v1.0,Security Appliances,WH-APAC-04,Sydney Tech Fulfillment,APAC-ANZ,Australia,592,317,275,166,351,1321,5700.25,3374548.0,SUP-TW-04,Delta Electronics Power Solutions,Taiwan,98.2,10,Air Priority Express,2.28,8.5,Optimal,2026-02-12
SKU-HW-01365,Ultra-Low Latency Spine Router v2.0,Networking Hardware,WH-US-01,California Mega-Hub,US-West,United States,115,44,71,45,71,226,12970.19,1491571.85,SUP-JP-01,Murata High-Freq Components,Japan,98.9,16,Ground Fleet Line,2.98,3.4,Optimal,2026-07-11
SKU-HW-01366,High-Density GPU Tensor Server Node v3.0,Compute Servers,WH-EU-02,Rotterdam Logistics Park,EU-West,Netherlands,565,57,508,109,193,598,15772.39,8911400.35,SUP-TW-03,Quanta Computer Advanced Server,Taiwan,97.5,35,Ground Fleet Line,1.99,5.8,Overstocked,2026-07-03
SKU-HW-01367,Industrial IoT Telemetry Sensor v4.0,Edge Devices,WH-APAC-02,Tokyo High-Tech Depot,APAC-East,Japan,10631,6241,4390,3394,6190,18894,129.17,1373206.27,SUP-TW-01,TSMC Advanced Semiconductor,Taiwan,99.4,42,Air Priority Express,0.64,8.6,Optimal,2026-08-07
SKU-HW-01368,All-Flash NVMe High-IOPS Array v1.0,Storage Systems,WH-US-02,Virginia Cloud Center,US-East,United States,252,84,168,80,141,489,14089.77,3550622.04,SUP-TW-04,Delta Electronics Power Solutions,Taiwan,98.2,12,Dedicated Rail Cargo,0.85,13.6,Optimal,2026-06-21
SKU-HW-01369,Ultra-Low Latency Spine Router v2.0,Networking Hardware,WH-EU-01,Frankfurt Euro-Hub,EU-Central,Germany,102,52,50,51,86,286,11474.55,1170404.1,SUP-NL-01,ASML Precision Optics Hub,Netherlands,99.1,9,Air Priority Express,1.71,9.6,Optimal,2026-06-12
SKU-HW-01370,Next-Gen Firewall Threat Shield v3.0,Security Appliances,WH-US-02,Virginia Cloud Center,US-East,United States,149,44,105,60,126,440,5158.28,768583.72,SUP-JP-01,Murata High-Freq Components,Japan,98.9,26,Ground Fleet Line,0.96,12.1,Optimal,2026-06-28
SKU-HW-01371,High-Density GPU Tensor Server Node v4.0,Compute Servers,WH-APAC-03,Singapore Gateway Center,APAC-South,Singapore,474,137,337,88,140,531,15220.66,7214592.84,SUP-JP-01,Murata High-Freq Components,Japan,98.9,40,Air Priority Express,2.4,11.8,Overstocked,2026-05-18
SKU-HW-01372,Ultra-Low Latency Spine Router v1.0,Networking Hardware,WH-EU-03,London Distribution Gateway,EU-West,United Kingdom,79,42,37,70,127,471,11141.56,880183.24,SUP-TW-04,Delta Electronics Power Solutions,Taiwan,98.2,12,Ground Fleet Line,0.53,13.9,Optimal,2026-05-14
SKU-HW-01373,Direct-to-Chip Liquid Cooling Manifold v2.0,Power & Cooling,WH-APAC-02,Tokyo High-Tech Depot,APAC-East,Japan,381,161,220,152,264,964,4394.39,1674262.59,SUP-NL-01,ASML Precision Optics Hub,Netherlands,99.1,10,Dedicated Rail Cargo,2.19,3.4,Optimal,2026-03-15
SKU-HW-01374,Direct-to-Chip Liquid Cooling Manifold v3.0,Power & Cooling,WH-US-02,Virginia Cloud Center,US-East,United States,254,121,133,92,175,674,3707.04,941588.16,SUP-KR-01,Samsung Memory Module Division,South Korea,97.2,23,Ocean Freight Container,0.8,2.8,Optimal,2026-06-27
SKU-HW-01375,Edge AI Gateway Controller v4.0,Edge Devices,WH-US-02,Virginia Cloud Center,US-East,United States,3022,479,2543,445,855,3140,1670.57,5048462.54,SUP-KR-01,Samsung Memory Module Division,South Korea,97.2,25,Ocean Freight Container,0.9,7.3,Overstocked,2026-04-29
SKU-HW-01376,Liquid-Cooled AI Inference Blade v1.0,Compute Servers,WH-APAC-04,Sydney Tech Fulfillment,APAC-ANZ,Australia,258,122,136,143,291,1087,8132.01,2098058.58,SUP-TW-04,Delta Electronics Power Solutions,Taiwan,98.2,6,Ground Fleet Line,1.16,6.5,Optimal,2026-06-17
SKU-HW-01377,Direct-to-Chip Liquid Cooling Manifold v2.0,Power & Cooling,WH-APAC-03,Singapore Gateway Center,APAC-South,Singapore,533,282,251,149,323,967,3836.02,2044598.66,SUP-TW-04,Delta Electronics Power Solutions,Taiwan,98.2,28,Air Priority Express,0.79,5.1,Optimal,2026-07-03
SKU-HW-01378,Edge AI Gateway Controller v3.0,Edge Devices,WH-MEA-01,Dubai Industrial Port Hub,MEA,United Arab Emirates,594,202,392,337,524,1502,1816.69,1079113.86,SUP-KR-01,Samsung Memory Module Division,South Korea,97.2,12,Ground Fleet Line,1.99,9.0,Optimal,2026-07-22
SKU-HW-01379,Ultra-Low Latency Spine Router v4.0,Networking Hardware,WH-LATAM-01,Sao Paulo Distribution,LATAM,Brazil,14,12,2,70,124,339,12944.52,181223.28,SUP-JP-01,Murata High-Freq Components,Japan,98.9,36,Air Priority Express,1.63,8.9,Critical Shortage,2026-03-11
SKU-HW-01380,Quantum Optical 800G Core Switch v1.0,Networking Hardware,WH-APAC-02,Tokyo High-Tech Depot,APAC-East,Japan,173,59,114,76,144,428,19650.88,3399602.24,SUP-TW-02,Foxconn Precision Industry,Taiwan,96.8,18,Ocean Freight Container,1.69,2.7,Optimal,2026-02-22
SKU-HW-01381,All-Flash NVMe High-IOPS Array v2.0,Storage Systems,WH-APAC-02,Tokyo High-Tech Depot,APAC-East,Japan,173,55,118,60,98,299,16808.35,2907844.55,SUP-US-02,Broadcom Optical Networks,United States,97.8,31,Ground Fleet Line,1.68,9.5,Optimal,2026-07-06
SKU-HW-01382,All-Flash NVMe High-IOPS Array v3.0,Storage Systems,WH-US-03,Chicago Central Depot,US-Central,United States,40,36,4,67,103,347,14404.89,576195.6,SUP-US-01,Supermicro Engineering Lab,United States,95.9,6,Air Priority Express,0.36,10.3,Low Stock,2026-05-19
SKU-HW-01383,Industrial IoT Telemetry Sensor v4.0,Edge Devices,WH-US-03,Chicago Central Depot,US-Central,United States,673,282,391,3825,7018,19535,130.4,87759.2,SUP-TW-02,Foxconn Precision Industry,Taiwan,96.8,6,Dedicated Rail Cargo,3.09,9.8,Critical Shortage,2026-03-29
SKU-HW-01384,Industrial IoT Telemetry Sensor v1.0,Edge Devices,WH-US-03,Chicago Central Depot,US-Central,United States,2232,1901,331,3256,6295,19589,118.08,263554.56,SUP-DE-01,Siemens Industrial Automation,Germany,98.6,9,Air Priority Express,2.84,5.4,Low Stock,2026-07-31
SKU-HW-01385,Hardware Security Module (HSM) Vault v2.0,Security Appliances,WH-MEA-01,Dubai Industrial Port Hub,MEA,United Arab Emirates,156,45,111,28,54,183,10280.07,1603690.92,SUP-US-02,Broadcom Optical Networks,United States,97.8,9,Dedicated Rail Cargo,0.2,10.0,Overstocked,2026-05-05
SKU-HW-01386,Ultra-Low Latency Spine Router v3.0,Networking Hardware,WH-EU-03,London Distribution Gateway,EU-West,United Kingdom,88,19,69,47,85,279,11421.87,1005124.56,SUP-TW-01,TSMC Advanced Semiconductor,Taiwan,99.4,19,Ocean Freight Container,0.57,8.7,Optimal,2026-04-01
SKU-HW-01387,Edge AI Gateway Controller v4.0,Edge Devices,WH-EU-01,Frankfurt Euro-Hub,EU-Central,Germany,935,241,694,539,756,2812,1836.91,1717510.85,SUP-TW-04,Delta Electronics Power Solutions,Taiwan,98.2,10,Ground Fleet Line,2.04,10.2,Optimal,2026-01-28
SKU-HW-01388,Liquid-Cooled AI Inference Blade v1.0,Compute Servers,WH-APAC-03,Singapore Gateway Center,APAC-South,Singapore,164,34,130,133,193,490,9885.46,1621215.44,SUP-TW-03,Quanta Computer Advanced Server,Taiwan,97.5,34,Air Priority Express,1.97,6.6,Optimal,2026-06-14
SKU-HW-01389,Redundant Power Distribution Unit 3-Phase v2.0,Power & Cooling,WH-US-02,Virginia Cloud Center,US-East,United States,672,172,500,260,483,1691,3203.67,2152866.24,SUP-NL-01,ASML Precision Optics Hub,Netherlands,99.1,18,Air Priority Express,1.91,7.9,Optimal,2026-07-09
SKU-HW-01390,Dense Wavelength Mux Transceiver v3.0,Optical Components,WH-APAC-02,Tokyo High-Tech Depot,APAC-East,Japan,4259,1508,2751,1478,2467,7151,831.62,3541869.58,SUP-US-02,Broadcom Optical Networks,United States,97.8,22,Dedicated Rail Cargo,1.64,9.6,Optimal,2026-03-08
SKU-HW-01391,Edge AI Gateway Controller v4.0,Edge Devices,WH-EU-01,Frankfurt Euro-Hub,EU-Central,Germany,621,237,384,312,670,1717,1749.56,1086476.76,SUP-JP-01,Murata High-Freq Components,Japan,98.9,29,Ground Fleet Line,2.61,4.3,Optimal,2026-03-14
SKU-HW-01392,100G Single-Mode Optical Transceiver v1.0,Optical Components,WH-US-03,Chicago Central Depot,US-Central,United States,3666,1911,1755,991,2165,8363,267.24,979701.84,SUP-US-01,Supermicro Engineering Lab,United States,95.9,42,Dedicated Rail Cargo,0.09,2.5,Optimal,2026-01-23
SKU-HW-01393,Quantum Optical 800G Core Switch v2.0,Networking Hardware,WH-APAC-04,Sydney Tech Fulfillment,APAC-ANZ,Australia,141,33,108,61,117,380,17196.2,2424664.2,SUP-US-01,Supermicro Engineering Lab,United States,95.9,29,Dedicated Rail Cargo,1.36,7.4,Optimal,2026-03-02
SKU-HW-01394,Industrial IoT Telemetry Sensor v3.0,Edge Devices,WH-US-01,California Mega-Hub,US-West,United States,4421,2237,2184,2567,5169,14750,113.52,501871.92,SUP-JP-01,Murata High-Freq Components,Japan,98.9,34,Dedicated Rail Cargo,0.31,5.3,Optimal,2026-03-03
SKU-HW-01395,Next-Gen Firewall Threat Shield v4.0,Security Appliances,WH-EU-03,London Distribution Gateway,EU-West,United Kingdom,278,106,172,114,227,610,5954.27,1655287.06,SUP-US-01,Supermicro Engineering Lab,United States,95.9,30,Ground Fleet Line,0.16,9.7,Optimal,2026-03-20
SKU-HW-01396,Hardware Security Module (HSM) Vault v1.0,Security Appliances,WH-APAC-04,Sydney Tech Fulfillment,APAC-ANZ,Australia,80,33,47,30,57,175,10060.88,804870.4,SUP-TW-01,TSMC Advanced Semiconductor,Taiwan,99.4,28,Air Priority Express,0.99,8.9,Optimal,2026-04-05
SKU-HW-01397,Direct-to-Chip Liquid Cooling Manifold v2.0,Power & Cooling,WH-EU-02,Rotterdam Logistics Park,EU-West,Netherlands,238,100,138,210,461,1707,3742.04,890605.52,SUP-TW-01,TSMC Advanced Semiconductor,Taiwan,99.4,29,Dedicated Rail Cargo,0.9,5.7,Optimal,2026-08-08
SKU-HW-01398,Distributed Object Storage Block v3.0,Storage Systems,WH-APAC-01,Taipei Logistics Hub,APAC-East,Taiwan,186,49,137,139,234,735,6920.91,1287289.26,SUP-KR-01,Samsung Memory Module Division,South Korea,97.2,23,Air Priority Express,0.19,3.5,Optimal,2026-06-28
SKU-HW-01399,Distributed Object Storage Block v4.0,Storage Systems,WH-US-03,Chicago Central Depot,US-Central,United States,458,170,288,192,313,1077,6622.22,3032976.76,SUP-TW-03,Quanta Computer Advanced Server,Taiwan,97.5,42,Dedicated Rail Cargo,0.59,3.6,Optimal,2026-07-10
SKU-HW-01400,Liquid-Cooled AI Inference Blade v1.0,Compute Servers,WH-APAC-02,Tokyo High-Tech Depot,APAC-East,Japan,77,31,46,65,121,342,9531.4,733917.8,SUP-TW-03,Quanta Computer Advanced Server,Taiwan,97.5,13,Dedicated Rail Cargo,3.09,14.2,Optimal,2026-06-22
SKU-HW-01401,Direct-to-Chip Liquid Cooling Manifold v2.0,Power & Cooling,WH-APAC-03,Singapore Gateway Center,APAC-South,Singapore,557,270,287,196,388,1246,4014.23,2235926.11,SUP-DE-01,Siemens Industrial Automation,Germany,98.6,33,Ocean Freight Container,0.7,10.9,Optimal,2026-04-27
SKU-HW-01402,Ultra-Low Latency Spine Router v3.0,Networking Hardware,WH-EU-03,London Distribution Gateway,EU-West,United Kingdom,90,38,52,53,90,234,11062.83,995654.7,SUP-JP-01,Murata High-Freq Components,Japan,98.9,37,Dedicated Rail Cargo,0.71,12.6,Optimal,2026-06-24
SKU-HW-01403,Distributed Object Storage Block v4.0,Storage Systems,WH-US-03,Chicago Central Depot,US-Central,United States,526,225,301,191,305,908,6511.19,3424885.94,SUP-US-01,Supermicro Engineering Lab,United States,95.9,12,Dedicated Rail Cargo,0.9,13.8,Optimal,2026-03-05
SKU-HW-01404,Edge AI Gateway Controller v1.0,Edge Devices,WH-US-01,California Mega-Hub,US-West,United States,276,188,88,452,678,1986,1762.64,486488.64,SUP-NL-01,ASML Precision Optics Hub,Netherlands,99.1,40,Ground Fleet Line,2.35,7.5,Low Stock,2026-03-09
SKU-HW-01405,100G Single-Mode Optical Transceiver v2.0,Optical Components,WH-US-02,Virginia Cloud Center,US-East,United States,3899,2131,1768,1431,2418,8976,270.5,1054679.5,SUP-NL-01,ASML Precision Optics Hub,Netherlands,99.1,29,Ocean Freight Container,0.83,8.3,Optimal,2026-06-29
SKU-HW-01406,Industrial IoT Telemetry Sensor v3.0,Edge Devices,WH-APAC-04,Sydney Tech Fulfillment,APAC-ANZ,Australia,3127,1711,1416,2836,6140,24165,113.84,355977.68,SUP-DE-01,Siemens Industrial Automation,Germany,98.6,17,Dedicated Rail Cargo,1.69,6.4,Optimal,2026-03-30
SKU-HW-01407,High-Density GPU Tensor Server Node v4.0,Compute Servers,WH-LATAM-01,Sao Paulo Distribution,LATAM,Brazil,197,43,154,68,147,500,15911.45,3134555.65,SUP-US-01,Supermicro Engineering Lab,United States,95.9,21,Ground Fleet Line,1.34,8.4,Optimal,2026-01-16
SKU-HW-01408,Direct-to-Chip Liquid Cooling Manifold v1.0,Power & Cooling,WH-APAC-03,Singapore Gateway Center,APAC-South,Singapore,12,10,2,181,332,1283,4544.35,54532.2,SUP-US-01,Supermicro Engineering Lab,United States,95.9,20,Dedicated Rail Cargo,1.02,2.9,Critical Shortage,2026-04-28
SKU-HW-01409,Distributed Object Storage Block v2.0,Storage Systems,WH-EU-03,London Distribution Gateway,EU-West,United Kingdom,417,181,236,166,239,924,6653.33,2774438.61,SUP-NL-01,ASML Precision Optics Hub,Netherlands,99.1,6,Ocean Freight Container,2.03,7.5,Optimal,2026-03-04
SKU-HW-01410,Edge AI Gateway Controller v3.0,Edge Devices,WH-APAC-03,Singapore Gateway Center,APAC-South,Singapore,611,306,305,279,586,1573,1786.75,1091704.25,SUP-TW-04,Delta Electronics Power Solutions,Taiwan,98.2,38,Air Priority Express,2.03,12.3,Optimal,2026-07-19
SKU-HW-01411,100G Single-Mode Optical Transceiver v4.0,Optical Components,WH-EU-02,Rotterdam Logistics Park,EU-West,Netherlands,2583,1157,1426,2272,3521,10420,253.62,655100.46,SUP-US-02,Broadcom Optical Networks,United States,97.8,31,Ground Fleet Line,2.92,4.8,Optimal,2026-06-04
SKU-HW-01412,Liquid-Cooled AI Inference Blade v1.0,Compute Servers,WH-APAC-01,Taipei Logistics Hub,APAC-East,Taiwan,662,142,520,107,213,690,9705.6,6425107.2,SUP-US-02,Broadcom Optical Networks,United States,97.8,21,Dedicated Rail Cargo,1.11,6.0,Overstocked,2026-04-17
SKU-HW-01413,Quantum Optical 800G Core Switch v2.0,Networking Hardware,WH-EU-01,Frankfurt Euro-Hub,EU-Central,Germany,252,57,195,70,153,431,16978.13,4278488.76,SUP-TW-04,Delta Electronics Power Solutions,Taiwan,98.2,7,Air Priority Express,0.42,13.8,Optimal,2026-01-11
SKU-HW-01414,Ultra-Low Latency Spine Router v3.0,Networking Hardware,WH-APAC-03,Singapore Gateway Center,APAC-South,Singapore,335,71,264,99,196,774,12044.2,4034807.0,SUP-JP-01,Murata High-Freq Components,Japan,98.9,33,Ground Fleet Line,2.51,9.0,Optimal,2026-07-20
SKU-HW-01415,Next-Gen Firewall Threat Shield v4.0,Security Appliances,WH-APAC-03,Singapore Gateway Center,APAC-South,Singapore,167,79,88,148,254,930,6098.12,1018386.04,SUP-TW-02,Foxconn Precision Industry,Taiwan,96.8,31,Ground Fleet Line,3.02,8.5,Optimal,2026-05-10
SKU-HW-01416,All-Flash NVMe High-IOPS Array v1.0,Storage Systems,WH-EU-01,Frankfurt Euro-Hub,EU-Central,Germany,183,75,108,62,102,346,16817.13,3077534.79,SUP-TW-04,Delta Electronics Power Solutions,Taiwan,98.2,16,Ground Fleet Line,0.49,5.9,Optimal,2026-07-11
SKU-HW-01417,High-Density GPU Tensor Server Node v2.0,Compute Servers,WH-US-02,Virginia Cloud Center,US-East,United States,224,98,126,84,130,441,13223.74,2962117.76,SUP-NL-01,ASML Precision Optics Hub,Netherlands,99.1,21,Ground Fleet Line,2.12,8.5,Optimal,2026-03-14
SKU-HW-01418,Ultra-Low Latency Spine Router v3.0,Networking Hardware,WH-APAC-04,Sydney Tech Fulfillment,APAC-ANZ,Australia,106,25,81,94,168,666,12953.73,1373095.38,SUP-US-01,Supermicro Engineering Lab,United States,95.9,26,Ocean Freight Container,2.15,6.8,Optimal,2026-03-14
SKU-HW-01419,Direct-to-Chip Liquid Cooling Manifold v4.0,Power & Cooling,WH-APAC-01,Taipei Logistics Hub,APAC-East,Taiwan,0,0,0,89,139,522,4470.53,0.0,SUP-TW-03,Quanta Computer Advanced Server,Taiwan,97.5,43,Ocean Freight Container,1.25,8.8,Critical Shortage,2026-08-09
SKU-HW-01420,Edge AI Gateway Controller v1.0,Edge Devices,WH-US-01,California Mega-Hub,US-West,United States,554,187,367,459,772,2728,1864.92,1033165.68,SUP-TW-02,Foxconn Precision Industry,Taiwan,96.8,45,Air Priority Express,2.65,13.4,Optimal,2026-04-30
SKU-HW-01421,Next-Gen Firewall Threat Shield v2.0,Security Appliances,WH-LATAM-01,Sao Paulo Distribution,LATAM,Brazil,153,49,104,71,116,357,6192.7,947483.1,SUP-US-02,Broadcom Optical Networks,United States,97.8,31,Ground Fleet Line,1.55,10.8,Optimal,2026-07-31
SKU-HW-01422,All-Flash NVMe High-IOPS Array v3.0,Storage Systems,WH-LATAM-01,Sao Paulo Distribution,LATAM,Brazil,123,68,55,67,95,327,13970.33,1718350.59,SUP-TW-02,Foxconn Precision Industry,Taiwan,96.8,44,Air Priority Express,0.69,6.3,Optimal,2026-05-31
SKU-HW-01423,Industrial IoT Telemetry Sensor v4.0,Edge Devices,WH-EU-02,Rotterdam Logistics Park,EU-West,Netherlands,5231,1234,3997,3157,5091,15567,128.8,673752.8,SUP-JP-02,Kyocera Ceramic Packaging,Japan,98.1,36,Air Priority Express,0.07,11.6,Optimal,2026-04-24
SKU-HW-01424,Quantum Optical 800G Core Switch v1.0,Networking Hardware,WH-EU-03,London Distribution Gateway,EU-West,United Kingdom,263,42,221,44,93,301,18050.34,4747239.42,SUP-US-02,Broadcom Optical Networks,United States,97.8,40,Air Priority Express,2.0,2.8,Overstocked,2026-08-01
SKU-HW-01425,Next-Gen Firewall Threat Shield v2.0,Security Appliances,WH-US-01,California Mega-Hub,US-West,United States,147,56,91,82,116,427,5247.59,771395.73,SUP-TW-01,TSMC Advanced Semiconductor,Taiwan,99.4,6,Ground Fleet Line,3.08,14.1,Optimal,2026-02-04
SKU-HW-01426,Distributed Object Storage Block v3.0,Storage Systems,WH-LATAM-01,Sao Paulo Distribution,LATAM,Brazil,243,61,182,177,314,1007,6281.6,1526428.8,SUP-KR-01,Samsung Memory Module Division,South Korea,97.2,37,Dedicated Rail Cargo,1.63,4.5,Optimal,2026-05-04
SKU-HW-01427,Dense Wavelength Mux Transceiver v4.0,Optical Components,WH-US-03,Chicago Central Depot,US-Central,United States,1362,807,555,704,1029,3668,716.83,976322.46,SUP-JP-01,Murata High-Freq Components,Japan,98.9,35,Air Priority Express,0.69,8.1,Optimal,2026-04-22
SKU-HW-01428,Liquid-Cooled AI Inference Blade v1.0,Compute Servers,WH-LATAM-01,Sao Paulo Distribution,LATAM,Brazil,297,166,131,97,194,679,9037.86,2684244.42,SUP-US-02,Broadcom Optical Networks,United States,97.8,43,Air Priority Express,2.04,7.0,Optimal,2026-03-02
SKU-HW-01429,Dense Wavelength Mux Transceiver v2.0,Optical Components,WH-APAC-03,Singapore Gateway Center,APAC-South,Singapore,4097,893,3204,1031,1514,4580,749.48,3070619.56,SUP-TW-03,Quanta Computer Advanced Server,Taiwan,97.5,20,Ocean Freight Container,0.67,3.0,Overstocked,2026-05-14
SKU-HW-01430,Industrial IoT Telemetry Sensor v3.0,Edge Devices,WH-US-01,California Mega-Hub,US-West,United States,8818,3691,5127,3605,5512,16044,136.01,1199336.18,SUP-TW-04,Delta Electronics Power Solutions,Taiwan,98.2,14,Ground Fleet Line,0.24,9.7,Optimal,2026-06-10
SKU-HW-01431,100G Single-Mode Optical Transceiver v4.0,Optical Components,WH-EU-01,Frankfurt Euro-Hub,EU-Central,Germany,7654,2432,5222,2052,4422,13641,270.86,2073162.44,SUP-NL-01,ASML Precision Optics Hub,Netherlands,99.1,21,Ground Fleet Line,0.86,7.6,Optimal,2026-03-28
SKU-HW-01432,Direct-to-Chip Liquid Cooling Manifold v1.0,Power & Cooling,WH-US-02,Virginia Cloud Center,US-East,United States,112,54,58,83,120,439,3778.93,423240.16,SUP-TW-04,Delta Electronics Power Solutions,Taiwan,98.2,45,Air Priority Express,1.16,11.3,Optimal,2026-04-01
SKU-HW-01433,Redundant Power Distribution Unit 3-Phase v2.0,Power & Cooling,WH-APAC-03,Singapore Gateway Center,APAC-South,Singapore,621,132,489,208,423,1519,2995.42,1860155.82,SUP-TW-02,Foxconn Precision Industry,Taiwan,96.8,40,Ocean Freight Container,0.78,5.3,Optimal,2026-04-06
SKU-HW-01434,Liquid-Cooled AI Inference Blade v3.0,Compute Servers,WH-US-02,Virginia Cloud Center,US-East,United States,259,122,137,102,200,551,9295.61,2407562.99,SUP-TW-04,Delta Electronics Power Solutions,Taiwan,98.2,23,Dedicated Rail Cargo,1.47,4.9,Optimal,2026-05-01
SKU-HW-01435,Edge AI Gateway Controller v4.0,Edge Devices,WH-APAC-03,Singapore Gateway Center,APAC-South,Singapore,552,214,338,244,535,1862,1706.81,942159.12,SUP-DE-01,Siemens Industrial Automation,Germany,98.6,35,Ocean Freight Container,0.23,3.7,Optimal,2026-01-21
SKU-HW-01436,All-Flash NVMe High-IOPS Array v1.0,Storage Systems,WH-US-03,Chicago Central Depot,US-Central,United States,164,89,75,63,136,484,15147.81,2484240.84,SUP-TW-04,Delta Electronics Power Solutions,Taiwan,98.2,12,Ground Fleet Line,2.44,5.2,Optimal,2026-06-14
SKU-HW-01437,Ultra-Low Latency Spine Router v2.0,Networking Hardware,WH-US-01,California Mega-Hub,US-West,United States,186,70,116,84,183,688,11873.1,2208396.6,SUP-TW-02,Foxconn Precision Industry,Taiwan,96.8,10,Dedicated Rail Cargo,2.37,3.4,Optimal,2026-04-11
SKU-HW-01438,Hardware Security Module (HSM) Vault v3.0,Security Appliances,WH-EU-03,London Distribution Gateway,EU-West,United Kingdom,65,17,48,30,60,163,10191.19,662427.35,SUP-US-01,Supermicro Engineering Lab,United States,95.9,18,Ground Fleet Line,0.22,3.8,Optimal,2026-01-24
SKU-HW-01439,All-Flash NVMe High-IOPS Array v4.0,Storage Systems,WH-APAC-02,Tokyo High-Tech Depot,APAC-East,Japan,240,62,178,46,94,252,16622.52,3989404.8,SUP-TW-03,Quanta Computer Advanced Server,Taiwan,97.5,26,Ocean Freight Container,3.03,9.1,Overstocked,2026-06-30
SKU-HW-01440,Hardware Security Module (HSM) Vault v1.0,Security Appliances,WH-EU-03,London Distribution Gateway,EU-West,United Kingdom,147,49,98,43,90,238,9648.84,1418379.48,SUP-TW-02,Foxconn Precision Industry,Taiwan,96.8,5,Air Priority Express,1.68,11.0,Optimal,2026-05-13
SKU-HW-01441,Dense Wavelength Mux Transceiver v2.0,Optical Components,WH-US-01,California Mega-Hub,US-West,United States,4448,992,3456,959,1932,4885,784.41,3489055.68,SUP-DE-01,Siemens Industrial Automation,Germany,98.6,11,Air Priority Express,2.76,9.7,Overstocked,2026-06-01
SKU-HW-01442,Redundant Power Distribution Unit 3-Phase v3.0,Power & Cooling,WH-APAC-04,Sydney Tech Fulfillment,APAC-ANZ,Australia,127,52,75,247,483,1371,3111.72,395188.44,SUP-US-02,Broadcom Optical Networks,United States,97.8,38,Ground Fleet Line,1.69,3.4,Low Stock,2026-04-25
SKU-HW-01443,All-Flash NVMe High-IOPS Array v4.0,Storage Systems,WH-MEA-01,Dubai Industrial Port Hub,MEA,United Arab Emirates,87,32,55,42,72,232,16791.83,1460889.21,SUP-KR-01,Samsung Memory Module Division,South Korea,97.2,8,Ground Fleet Line,1.41,12.0,Optimal,2026-05-20
SKU-HW-01444,Redundant Power Distribution Unit 3-Phase v1.0,Power & Cooling,WH-EU-03,London Distribution Gateway,EU-West,United Kingdom,452,116,336,240,370,1036,3394.96,1534521.92,SUP-TW-02,Foxconn Precision Industry,Taiwan,96.8,38,Dedicated Rail Cargo,1.52,6.0,Optimal,2026-01-16
SKU-HW-01445,Liquid-Cooled AI Inference Blade v2.0,Compute Servers,WH-EU-03,London Distribution Gateway,EU-West,United Kingdom,226,95,131,70,135,527,9837.95,2223376.7,SUP-NL-01,ASML Precision Optics Hub,Netherlands,99.1,10,Air Priority Express,1.76,10.0,Optimal,2026-01-21
SKU-HW-01446,Edge AI Gateway Controller v3.0,Edge Devices,WH-LATAM-01,Sao Paulo Distribution,LATAM,Brazil,2271,372,1899,473,847,2462,2065.56,4690886.76,SUP-JP-01,Murata High-Freq Components,Japan,98.9,21,Ground Fleet Line,2.77,7.8,Overstocked,2026-04-28
SKU-HW-01447,100G Single-Mode Optical Transceiver v4.0,Optical Components,WH-US-02,Virginia Cloud Center,US-East,United States,7685,1937,5748,1989,2823,7870,287.19,2207055.15,SUP-US-02,Broadcom Optical Networks,United States,97.8,23,Ocean Freight Container,2.21,9.1,Overstocked,2026-06-06
SKU-HW-01448,100G Single-Mode Optical Transceiver v1.0,Optical Components,WH-LATAM-01,Sao Paulo Distribution,LATAM,Brazil,5322,2052,3270,2209,3908,15430,288.21,1533853.62,SUP-US-02,Broadcom Optical Networks,United States,97.8,7,Air Priority Express,1.38,14.0,Optimal,2026-03-30
SKU-HW-01449,Liquid-Cooled AI Inference Blade v2.0,Compute Servers,WH-LATAM-01,Sao Paulo Distribution,LATAM,Brazil,235,118,117,94,198,774,8339.65,1959817.75,SUP-TW-03,Quanta Computer Advanced Server,Taiwan,97.5,39,Ocean Freight Container,0.19,8.8,Optimal,2026-03-17
SKU-HW-01450,Dense Wavelength Mux Transceiver v3.0,Optical Components,WH-APAC-02,Tokyo High-Tech Depot,APAC-East,Japan,1452,397,1055,505,818,2749,831.33,1207091.16,SUP-US-02,Broadcom Optical Networks,United States,97.8,32,Ocean Freight Container,2.9,13.7,Optimal,2026-02-08
SKU-HW-01451,Distributed Object Storage Block v4.0,Storage Systems,WH-APAC-04,Sydney Tech Fulfillment,APAC-ANZ,Australia,287,155,132,134,205,776,6045.88,1735167.56,SUP-US-01,Supermicro Engineering Lab,United States,95.9,17,Ocean Freight Container,2.3,4.0,Optimal,2026-07-25
SKU-HW-01452,Quantum Optical 800G Core Switch v1.0,Networking Hardware,WH-US-01,California Mega-Hub,US-West,United States,151,86,65,53,115,439,18265.39,2758073.89,SUP-US-02,Broadcom Optical Networks,United States,97.8,36,Ocean Freight Container,3.08,5.3,Optimal,2026-03-24
SKU-HW-01453,100G Single-Mode Optical Transceiver v2.0,Optical Components,WH-EU-01,Frankfurt Euro-Hub,EU-Central,Germany,18559,4706,13853,2333,5100,19069,299.76,5563245.84,SUP-JP-01,Murata High-Freq Components,Japan,98.9,38,Ocean Freight Container,0.06,7.2,Overstocked,2026-07-30
SKU-HW-01454,Quantum Optical 800G Core Switch v3.0,Networking Hardware,WH-APAC-04,Sydney Tech Fulfillment,APAC-ANZ,Australia,299,59,240,58,124,319,18751.4,5606668.6,SUP-NL-01,ASML Precision Optics Hub,Netherlands,99.1,42,Dedicated Rail Cargo,0.48,10.9,Overstocked,2026-07-15
SKU-HW-01455,Liquid-Cooled AI Inference Blade v4.0,Compute Servers,WH-APAC-04,Sydney Tech Fulfillment,APAC-ANZ,Australia,102,21,81,87,153,523,8850.05,902705.1,SUP-TW-02,Foxconn Precision Industry,Taiwan,96.8,33,Ocean Freight Container,0.05,10.6,Optimal,2026-05-16
SKU-HW-01456,Redundant Power Distribution Unit 3-Phase v1.0,Power & Cooling,WH-APAC-03,Singapore Gateway Center,APAC-South,Singapore,274,138,136,248,435,1687,3576.31,979908.94,SUP-TW-03,Quanta Computer Advanced Server,Taiwan,97.5,33,Ground Fleet Line,0.17,3.3,Optimal,2026-06-20
SKU-HW-01457,Quantum Optical 800G Core Switch v2.0,Networking Hardware,WH-MEA-01,Dubai Industrial Port Hub,MEA,United Arab Emirates,172,36,136,47,76,199,19442.51,3344111.72,SUP-NL-01,ASML Precision Optics Hub,Netherlands,99.1,14,Air Priority Express,0.12,5.0,Overstocked,2026-04-14
SKU-HW-01458,Industrial IoT Telemetry Sensor v3.0,Edge Devices,WH-LATAM-01,Sao Paulo Distribution,LATAM,Brazil,4987,2326,2661,1645,3077,12303,134.96,673045.52,SUP-NL-01,ASML Precision Optics Hub,Netherlands,99.1,21,Ocean Freight Container,1.62,11.8,Optimal,2026-05-12
SKU-HW-01459,Ultra-Low Latency Spine Router v4.0,Networking Hardware,WH-US-02,Virginia Cloud Center,US-East,United States,117,66,51,100,183,522,13054.57,1527384.69,SUP-JP-02,Kyocera Ceramic Packaging,Japan,98.1,11,Dedicated Rail Cargo,2.64,11.7,Optimal,2026-06-14
SKU-HW-01460,Ultra-Low Latency Spine Router v1.0,Networking Hardware,WH-US-01,California Mega-Hub,US-West,United States,80,45,35,59,98,361,12771.36,1021708.8,SUP-US-01,Supermicro Engineering Lab,United States,95.9,45,Dedicated Rail Cargo,2.21,9.5,Optimal,2026-07-27
SKU-HW-01461,Dense Wavelength Mux Transceiver v2.0,Optical Components,WH-APAC-01,Taipei Logistics Hub,APAC-East,Taiwan,1269,465,804,598,1121,3631,735.85,933793.65,SUP-JP-02,Kyocera Ceramic Packaging,Japan,98.1,33,Dedicated Rail Cargo,1.77,4.3,Optimal,2026-02-18
SKU-HW-01462,Quantum Optical 800G Core Switch v3.0,Networking Hardware,WH-APAC-03,Singapore Gateway Center,APAC-South,Singapore,85,49,36,46,70,210,20599.85,1750987.25,SUP-US-02,Broadcom Optical Networks,United States,97.8,10,Ground Fleet Line,0.97,7.0,Optimal,2026-07-28
SKU-HW-01463,Next-Gen Firewall Threat Shield v4.0,Security Appliances,WH-APAC-03,Singapore Gateway Center,APAC-South,Singapore,150,84,66,98,208,821,6146.18,921927.0,SUP-JP-02,Kyocera Ceramic Packaging,Japan,98.1,22,Dedicated Rail Cargo,0.13,3.3,Optimal,2026-06-21
SKU-HW-01464,High-Density GPU Tensor Server Node v1.0,Compute Servers,WH-US-02,Virginia Cloud Center,US-East,United States,112,26,86,79,155,618,15603.49,1747590.88,SUP-TW-03,Quanta Computer Advanced Server,Taiwan,97.5,31,Air Priority Express,1.49,4.6,Optimal,2026-01-26
SKU-HW-01465,High-Density GPU Tensor Server Node v2.0,Compute Servers,WH-APAC-04,Sydney Tech Fulfillment,APAC-ANZ,Australia,140,54,86,65,112,310,14997.23,2099612.2,SUP-US-02,Broadcom Optical Networks,United States,97.8,6,Ocean Freight Container,0.2,4.8,Optimal,2026-07-20
SKU-HW-01466,All-Flash NVMe High-IOPS Array v3.0,Storage Systems,WH-US-02,Virginia Cloud Center,US-East,United States,85,17,68,43,69,194,16749.73,1423727.05,SUP-TW-01,TSMC Advanced Semiconductor,Taiwan,99.4,27,Ground Fleet Line,2.75,10.7,Optimal,2026-03-15
SKU-HW-01467,Quantum Optical 800G Core Switch v4.0,Networking Hardware,WH-APAC-04,Sydney Tech Fulfillment,APAC-ANZ,Australia,276,105,171,75,160,441,19682.5,5432370.0,SUP-US-02,Broadcom Optical Networks,United States,97.8,13,Ground Fleet Line,2.18,3.3,Optimal,2026-08-09
SKU-HW-01468,Redundant Power Distribution Unit 3-Phase v1.0,Power & Cooling,WH-APAC-04,Sydney Tech Fulfillment,APAC-ANZ,Australia,56,31,25,112,184,567,2906.11,162742.16,SUP-JP-01,Murata High-Freq Components,Japan,98.9,23,Dedicated Rail Cargo,1.55,9.2,Low Stock,2026-01-20
SKU-HW-01469,100G Single-Mode Optical Transceiver v2.0,Optical Components,WH-APAC-01,Taipei Logistics Hub,APAC-East,Taiwan,296,273,23,1953,3825,14456,281.38,83288.48,SUP-DE-01,Siemens Industrial Automation,Germany,98.6,11,Dedicated Rail Cargo,0.13,10.2,Critical Shortage,2026-07-17
SKU-HW-01470,Liquid-Cooled AI Inference Blade v3.0,Compute Servers,WH-EU-01,Frankfurt Euro-Hub,EU-Central,Germany,7,3,4,99,185,691,9309.24,65164.68,SUP-US-02,Broadcom Optical Networks,United States,97.8,19,Dedicated Rail Cargo,0.59,3.8,Critical Shortage,2026-07-11
SKU-HW-01471,Ultra-Low Latency Spine Router v4.0,Networking Hardware,WH-MEA-01,Dubai Industrial Port Hub,MEA,United Arab Emirates,163,69,94,71,102,357,11177.45,1821924.35,SUP-NL-01,ASML Precision Optics Hub,Netherlands,99.1,13,Ocean Freight Container,1.04,7.7,Optimal,2026-07-28
SKU-HW-01472,Hardware Security Module (HSM) Vault v1.0,Security Appliances,WH-US-02,Virginia Cloud Center,US-East,United States,104,60,44,43,61,155,10381.61,1079687.44,SUP-US-02,Broadcom Optical Networks,United States,97.8,41,Dedicated Rail Cargo,2.64,5.6,Optimal,2026-03-10
SKU-HW-01473,Ultra-Low Latency Spine Router v2.0,Networking Hardware,WH-LATAM-01,Sao Paulo Distribution,LATAM,Brazil,210,118,92,97,190,672,12876.89,2704146.9,SUP-NL-01,ASML Precision Optics Hub,Netherlands,99.1,18,Ground Fleet Line,0.3,8.4,Optimal,2026-08-04
SKU-HW-01474,Liquid-Cooled AI Inference Blade v3.0,Compute Servers,WH-US-03,Chicago Central Depot,US-Central,United States,247,109,138,90,151,592,8765.13,2164987.11,SUP-TW-01,TSMC Advanced Semiconductor,Taiwan,99.4,35,Dedicated Rail Cargo,1.93,6.2,Optimal,2026-04-14
SKU-HW-01475,Industrial IoT Telemetry Sensor v4.0,Edge Devices,WH-EU-03,London Distribution Gateway,EU-West,United Kingdom,21370,6258,15112,4203,7303,22388,120.21,2568887.7,SUP-US-02,Broadcom Optical Networks,United States,97.8,10,Ocean Freight Container,1.0,8.5,Overstocked,2026-04-11
SKU-HW-01476,Direct-to-Chip Liquid Cooling Manifold v1.0,Power & Cooling,WH-MEA-01,Dubai Industrial Port Hub,MEA,United Arab Emirates,255,152,103,134,205,751,4510.41,1150154.55,SUP-NL-01,ASML Precision Optics Hub,Netherlands,99.1,21,Dedicated Rail Cargo,0.68,4.1,Optimal,2026-06-23
SKU-HW-01477,All-Flash NVMe High-IOPS Array v2.0,Storage Systems,WH-MEA-01,Dubai Industrial Port Hub,MEA,United Arab Emirates,9,6,3,43,64,198,15991.31,143921.79,SUP-NL-01,ASML Precision Optics Hub,Netherlands,99.1,17,Dedicated Rail Cargo,3.02,3.0,Critical Shortage,2026-01-14
SKU-HW-01478,Distributed Object Storage Block v3.0,Storage Systems,WH-APAC-03,Singapore Gateway Center,APAC-South,Singapore,370,160,210,151,234,713,6836.26,2529416.2,SUP-TW-02,Foxconn Precision Industry,Taiwan,96.8,25,Air Priority Express,1.74,5.2,Optimal,2026-04-16
SKU-HW-01479,Distributed Object Storage Block v4.0,Storage Systems,WH-EU-01,Frankfurt Euro-Hub,EU-Central,Germany,656,99,557,176,251,748,6403.85,4200925.6,SUP-KR-01,Samsung Memory Module Division,South Korea,97.2,6,Air Priority Express,1.62,2.9,Overstocked,2026-06-01
SKU-HW-01480,Distributed Object Storage Block v1.0,Storage Systems,WH-US-01,California Mega-Hub,US-West,United States,590,166,424,107,235,683,7074.04,4173683.6,SUP-DE-01,Siemens Industrial Automation,Germany,98.6,22,Air Priority Express,0.45,10.7,Overstocked,2026-03-18
SKU-HW-01481,Quantum Optical 800G Core Switch v2.0,Networking Hardware,WH-MEA-01,Dubai Industrial Port Hub,MEA,United Arab Emirates,35,20,15,32,61,203,19451.9,680816.5,SUP-TW-03,Quanta Computer Advanced Server,Taiwan,97.5,11,Ocean Freight Container,2.55,10.7,Optimal,2026-01-25
SKU-HW-01482,Distributed Object Storage Block v3.0,Storage Systems,WH-EU-03,London Distribution Gateway,EU-West,United Kingdom,261,147,114,158,328,1184,6262.35,1634473.35,SUP-KR-01,Samsung Memory Module Division,South Korea,97.2,9,Ground Fleet Line,0.4,7.1,Optimal,2026-03-24
SKU-HW-01483,Hardware Security Module (HSM) Vault v4.0,Security Appliances,WH-EU-01,Frankfurt Euro-Hub,EU-Central,Germany,35,9,26,32,58,154,10566.62,369831.7,SUP-US-02,Broadcom Optical Networks,United States,97.8,40,Air Priority Express,2.16,4.3,Optimal,2026-04-01
SKU-HW-01484,Ultra-Low Latency Spine Router v1.0,Networking Hardware,WH-APAC-03,Singapore Gateway Center,APAC-South,Singapore,264,65,199,96,156,618,11847.85,3127832.4,SUP-TW-04,Delta Electronics Power Solutions,Taiwan,98.2,42,Ocean Freight Container,2.64,10.2,Optimal,2026-03-28
SKU-HW-01485,Liquid-Cooled AI Inference Blade v2.0,Compute Servers,WH-EU-02,Rotterdam Logistics Park,EU-West,Netherlands,126,53,73,68,100,392,8246.25,1039027.5,SUP-JP-02,Kyocera Ceramic Packaging,Japan,98.1,16,Ground Fleet Line,0.41,8.3,Optimal,2026-05-03
SKU-HW-01486,High-Density GPU Tensor Server Node v3.0,Compute Servers,WH-US-03,Chicago Central Depot,US-Central,United States,229,79,150,114,235,899,14245.9,3262311.1,SUP-TW-02,Foxconn Precision Industry,Taiwan,96.8,45,Ground Fleet Line,2.97,5.1,Optimal,2026-02-20
SKU-HW-01487,100G Single-Mode Optical Transceiver v4.0,Optical Components,WH-US-02,Virginia Cloud Center,US-East,United States,2025,611,1414,1105,2404,9246,259.22,524920.5,SUP-TW-03,Quanta Computer Advanced Server,Taiwan,97.5,29,Ground Fleet Line,2.25,4.0,Optimal,2026-06-04
SKU-HW-01488,Liquid-Cooled AI Inference Blade v1.0,Compute Servers,WH-EU-01,Frankfurt Euro-Hub,EU-Central,Germany,347,87,260,70,116,393,9914.94,3440484.18,SUP-US-02,Broadcom Optical Networks,United States,97.8,5,Air Priority Express,2.69,5.9,Overstocked,2026-07-06
SKU-HW-01489,Liquid-Cooled AI Inference Blade v2.0,Compute Servers,WH-MEA-01,Dubai Industrial Port Hub,MEA,United Arab Emirates,258,90,168,130,210,700,8028.32,2071306.56,SUP-TW-03,Quanta Computer Advanced Server,Taiwan,97.5,44,Ocean Freight Container,1.39,3.2,Optimal,2026-05-03
SKU-HW-01490,All-Flash NVMe High-IOPS Array v3.0,Storage Systems,WH-APAC-03,Singapore Gateway Center,APAC-South,Singapore,274,81,193,89,173,528,16761.24,4592579.76,SUP-TW-02,Foxconn Precision Industry,Taiwan,96.8,32,Dedicated Rail Cargo,0.25,7.7,Optimal,2026-01-29
SKU-HW-01491,Redundant Power Distribution Unit 3-Phase v4.0,Power & Cooling,WH-US-01,California Mega-Hub,US-West,United States,630,191,439,269,451,1376,2882.26,1815823.8,SUP-DE-01,Siemens Industrial Automation,Germany,98.6,20,Ground Fleet Line,1.81,13.9,Optimal,2026-08-08
SKU-HW-01492,Hardware Security Module (HSM) Vault v1.0,Security Appliances,WH-APAC-01,Taipei Logistics Hub,APAC-East,Taiwan,160,32,128,68,113,370,9123.77,1459803.2,SUP-TW-02,Foxconn Precision Industry,Taiwan,96.8,18,Air Priority Express,2.26,9.5,Optimal,2026-05-04
SKU-HW-01493,Next-Gen Firewall Threat Shield v2.0,Security Appliances,WH-US-03,Chicago Central Depot,US-Central,United States,743,137,606,147,284,843,5348.16,3973682.88,SUP-KR-01,Samsung Memory Module Division,South Korea,97.2,33,Ocean Freight Container,0.36,13.3,Overstocked,2026-07-13
SKU-HW-01494,Direct-to-Chip Liquid Cooling Manifold v3.0,Power & Cooling,WH-MEA-01,Dubai Industrial Port Hub,MEA,United Arab Emirates,404,130,274,212,364,1021,4365.25,1763561.0,SUP-US-02,Broadcom Optical Networks,United States,97.8,6,Air Priority Express,2.16,4.6,Optimal,2026-03-15
SKU-HW-01495,Ultra-Low Latency Spine Router v4.0,Networking Hardware,WH-MEA-01,Dubai Industrial Port Hub,MEA,United Arab Emirates,166,43,123,91,181,695,12404.85,2059205.1,SUP-US-01,Supermicro Engineering Lab,United States,95.9,33,Ocean Freight Container,1.66,11.2,Optimal,2026-02-08
SKU-HW-01496,Hardware Security Module (HSM) Vault v1.0,Security Appliances,WH-APAC-03,Singapore Gateway Center,APAC-South,Singapore,148,30,118,47,99,302,9079.59,1343779.32,SUP-JP-02,Kyocera Ceramic Packaging,Japan,98.1,8,Ocean Freight Container,1.8,7.9,Optimal,2026-03-20
SKU-HW-01497,Industrial IoT Telemetry Sensor v2.0,Edge Devices,WH-APAC-02,Tokyo High-Tech Depot,APAC-East,Japan,5393,2411,2982,3723,5446,15573,123.08,663770.44,SUP-TW-01,TSMC Advanced Semiconductor,Taiwan,99.4,42,Ocean Freight Container,0.89,11.2,Optimal,2026-02-03
SKU-HW-01498,Ultra-Low Latency Spine Router v3.0,Networking Hardware,WH-EU-03,London Distribution Gateway,EU-West,United Kingdom,137,63,74,73,120,436,11871.68,1626420.16,SUP-TW-01,TSMC Advanced Semiconductor,Taiwan,99.4,44,Ground Fleet Line,0.13,10.7,Optimal,2026-04-19
SKU-HW-01499,Ultra-Low Latency Spine Router v4.0,Networking Hardware,WH-APAC-03,Singapore Gateway Center,APAC-South,Singapore,140,69,71,47,88,297,11407.5,1597050.0,SUP-TW-03,Quanta Computer Advanced Server,Taiwan,97.5,35,Dedicated Rail Cargo,1.17,5.5,Optimal,2026-04-03
SKU-HW-01500,Edge AI Gateway Controller v1.0,Edge Devices,WH-MEA-01,Dubai Industrial Port Hub,MEA,United Arab Emirates,648,260,388,207,432,1510,1953.87,1266107.76,SUP-DE-01,Siemens Industrial Automation,Germany,98.6,29,Dedicated Rail Cargo,1.88,8.1,Optimal,2026-07-31
SKU-HW-01501,Direct-to-Chip Liquid Cooling Manifold v2.0,Power & Cooling,WH-EU-02,Rotterdam Logistics Park,EU-West,Netherlands,410,167,243,241,371,1284,3792.79,1555043.9,SUP-JP-02,Kyocera Ceramic Packaging,Japan,98.1,13,Ground Fleet Line,1.61,9.1,Optimal,2026-07-06
SKU-HW-01502,Distributed Object Storage Block v3.0,Storage Systems,WH-APAC-04,Sydney Tech Fulfillment,APAC-ANZ,Australia,29,17,12,95,180,608,7099.98,205899.42,SUP-TW-02,Foxconn Precision Industry,Taiwan,96.8,24,Ground Fleet Line,1.53,9.3,Critical Shortage,2026-01-31
SKU-HW-01503,Redundant Power Distribution Unit 3-Phase v4.0,Power & Cooling,WH-APAC-03,Singapore Gateway Center,APAC-South,Singapore,122,51,71,111,220,588,3487.44,425467.68,SUP-NL-01,ASML Precision Optics Hub,Netherlands,99.1,17,Air Priority Express,2.2,11.7,Optimal,2026-01-29
SKU-HW-01504,Industrial IoT Telemetry Sensor v1.0,Edge Devices,WH-LATAM-01,Sao Paulo Distribution,LATAM,Brazil,6258,3542,2716,3736,5629,19667,122.2,764727.6,SUP-TW-03,Quanta Computer Advanced Server,Taiwan,97.5,15,Ground Fleet Line,3.11,10.0,Optimal,2026-05-10
SKU-HW-01505,Next-Gen Firewall Threat Shield v2.0,Security Appliances,WH-US-01,California Mega-Hub,US-West,United States,1129,250,879,138,296,1173,5484.86,6192406.94,SUP-NL-01,ASML Precision Optics Hub,Netherlands,99.1,28,Air Priority Express,0.56,9.9,Overstocked,2026-06-22
SKU-HW-01506,Industrial IoT Telemetry Sensor v3.0,Edge Devices,WH-EU-02,Rotterdam Logistics Park,EU-West,Netherlands,9057,3229,5828,4821,8460,25898,137.57,1245971.49,SUP-DE-01,Siemens Industrial Automation,Germany,98.6,12,Ocean Freight Container,2.52,8.0,Optimal,2026-03-19
SKU-HW-01507,Industrial IoT Telemetry Sensor v4.0,Edge Devices,WH-US-01,California Mega-Hub,US-West,United States,4061,1424,2637,3356,6748,23509,117.8,478385.8,SUP-TW-03,Quanta Computer Advanced Server,Taiwan,97.5,37,Ocean Freight Container,0.4,13.7,Optimal,2026-01-02
SKU-HW-01508,Ultra-Low Latency Spine Router v1.0,Networking Hardware,WH-EU-03,London Distribution Gateway,EU-West,United Kingdom,173,102,71,55,119,463,11116.33,1923125.09,SUP-JP-02,Kyocera Ceramic Packaging,Japan,98.1,44,Dedicated Rail Cargo,0.31,11.8,Optimal,2026-06-24
SKU-HW-01509,Edge AI Gateway Controller v2.0,Edge Devices,WH-LATAM-01,Sao Paulo Distribution,LATAM,Brazil,1009,389,620,391,594,1512,1950.77,1968326.93,SUP-TW-03,Quanta Computer Advanced Server,Taiwan,97.5,19,Dedicated Rail Cargo,1.93,11.7,Optimal,2026-05-26
SKU-HW-01510,100G Single-Mode Optical Transceiver v3.0,Optical Components,WH-APAC-04,Sydney Tech Fulfillment,APAC-ANZ,Australia,7212,1892,5320,2087,4216,12804,301.48,2174273.76,SUP-JP-02,Kyocera Ceramic Packaging,Japan,98.1,33,Ground Fleet Line,2.53,4.6,Optimal,2026-06-11
SKU-HW-01511,Direct-to-Chip Liquid Cooling Manifold v4.0,Power & Cooling,WH-APAC-03,Singapore Gateway Center,APAC-South,Singapore,607,130,477,161,343,1290,4010.33,2434270.31,SUP-NL-01,ASML Precision Optics Hub,Netherlands,99.1,23,Ground Fleet Line,2.99,12.3,Optimal,2026-07-23
SKU-HW-01512,Direct-to-Chip Liquid Cooling Manifold v1.0,Power & Cooling,WH-US-02,Virginia Cloud Center,US-East,United States,516,154,362,248,483,1702,4231.56,2183484.96,SUP-TW-03,Quanta Computer Advanced Server,Taiwan,97.5,28,Ocean Freight Container,1.49,12.4,Optimal,2026-04-20
SKU-HW-01513,Dense Wavelength Mux Transceiver v2.0,Optical Components,WH-EU-01,Frankfurt Euro-Hub,EU-Central,Germany,1327,655,672,407,773,2443,709.01,940856.27,SUP-TW-03,Quanta Computer Advanced Server,Taiwan,97.5,27,Ground Fleet Line,2.55,4.7,Optimal,2026-06-02
SKU-HW-01514,Distributed Object Storage Block v3.0,Storage Systems,WH-LATAM-01,Sao Paulo Distribution,LATAM,Brazil,307,165,142,132,198,755,6313.32,1938189.24,SUP-TW-02,Foxconn Precision Industry,Taiwan,96.8,35,Dedicated Rail Cargo,2.56,11.1,Optimal,2026-02-22
SKU-HW-01515,Industrial IoT Telemetry Sensor v4.0,Edge Devices,WH-EU-02,Rotterdam Logistics Park,EU-West,Netherlands,8777,3256,5521,4133,5840,18225,113.9,999700.3,SUP-JP-01,Murata High-Freq Components,Japan,98.9,8,Ocean Freight Container,1.27,8.5,Optimal,2026-07-31
SKU-HW-01516,Liquid-Cooled AI Inference Blade v1.0,Compute Servers,WH-LATAM-01,Sao Paulo Distribution,LATAM,Brazil,331,75,256,124,199,784,8663.13,2867496.03,SUP-JP-01,Murata High-Freq Components,Japan,98.9,45,Ground Fleet Line,1.1,6.3,Optimal,2026-02-17
SKU-HW-01517,Redundant Power Distribution Unit 3-Phase v2.0,Power & Cooling,WH-APAC-03,Singapore Gateway Center,APAC-South,Singapore,528,117,411,287,430,1176,3210.23,1695001.44,SUP-DE-01,Siemens Industrial Automation,Germany,98.6,20,Dedicated Rail Cargo,0.33,11.4,Optimal,2026-05-24
SKU-HW-01518,Hardware Security Module (HSM) Vault v3.0,Security Appliances,WH-APAC-03,Singapore Gateway Center,APAC-South,Singapore,5,3,2,53,75,214,10553.92,52769.6,SUP-TW-03,Quanta Computer Advanced Server,Taiwan,97.5,22,Ground Fleet Line,0.86,2.7,Critical Shortage,2026-01-06
SKU-HW-01519,Direct-to-Chip Liquid Cooling Manifold v4.0,Power & Cooling,WH-APAC-02,Tokyo High-Tech Depot,APAC-East,Japan,1283,383,900,249,547,1408,4075.37,5228699.71,SUP-TW-01,TSMC Advanced Semiconductor,Taiwan,99.4,45,Ocean Freight Container,2.19,5.2,Overstocked,2026-03-15
SKU-HW-01520,Edge AI Gateway Controller v1.0,Edge Devices,WH-US-02,Virginia Cloud Center,US-East,United States,1048,222,826,368,699,1938,1797.22,1883486.56,SUP-TW-02,Foxconn Precision Industry,Taiwan,96.8,13,Ground Fleet Line,1.81,10.5,Optimal,2026-02-17
SKU-HW-01521,High-Density GPU Tensor Server Node v2.0,Compute Servers,WH-US-02,Virginia Cloud Center,US-East,United States,147,81,66,59,93,236,14812.36,2177416.92,SUP-US-01,Supermicro Engineering Lab,United States,95.9,43,Dedicated Rail Cargo,0.65,3.4,Optimal,2026-04-22
SKU-HW-01522,100G Single-Mode Optical Transceiver v3.0,Optical Components,WH-APAC-04,Sydney Tech Fulfillment,APAC-ANZ,Australia,5770,813,4957,1305,2194,5904,291.15,1679935.5,SUP-US-01,Supermicro Engineering Lab,United States,95.9,25,Air Priority Express,2.67,8.9,Overstocked,2026-04-19
SKU-HW-01523,High-Density GPU Tensor Server Node v4.0,Compute Servers,WH-LATAM-01,Sao Paulo Distribution,LATAM,Brazil,198,40,158,72,128,502,15553.27,3079547.46,SUP-JP-01,Murata High-Freq Components,Japan,98.9,40,Air Priority Express,1.26,2.6,Optimal,2026-01-14
SKU-HW-01524,Distributed Object Storage Block v1.0,Storage Systems,WH-MEA-01,Dubai Industrial Port Hub,MEA,United Arab Emirates,173,72,101,117,166,438,6761.84,1169798.32,SUP-TW-01,TSMC Advanced Semiconductor,Taiwan,99.4,22,Air Priority Express,2.66,11.2,Optimal,2026-06-18
SKU-HW-01525,All-Flash NVMe High-IOPS Array v2.0,Storage Systems,WH-MEA-01,Dubai Industrial Port Hub,MEA,United Arab Emirates,153,84,69,74,104,291,13816.11,2113864.83,SUP-NL-01,ASML Precision Optics Hub,Netherlands,99.1,17,Dedicated Rail Cargo,0.76,7.8,Optimal,2026-07-09
SKU-HW-01526,Quantum Optical 800G Core Switch v3.0,Networking Hardware,WH-EU-02,Rotterdam Logistics Park,EU-West,Netherlands,99,22,77,72,121,330,17094.18,1692323.82,SUP-US-02,Broadcom Optical Networks,United States,97.8,21,Air Priority Express,0.97,9.0,Optimal,2026-01-27
SKU-HW-01527,Quantum Optical 800G Core Switch v4.0,Networking Hardware,WH-APAC-01,Taipei Logistics Hub,APAC-East,Taiwan,140,37,103,54,91,322,18954.94,2653691.6,SUP-JP-02,Kyocera Ceramic Packaging,Japan,98.1,20,Ocean Freight Container,2.73,11.0,Optimal,2026-06-07
SKU-HW-01528,Edge AI Gateway Controller v1.0,Edge Devices,WH-APAC-03,Singapore Gateway Center,APAC-South,Singapore,1214,200,1014,213,420,1307,1796.81,2181327.34,SUP-JP-02,Kyocera Ceramic Packaging,Japan,98.1,30,Dedicated Rail Cargo,1.43,13.7,Overstocked,2026-08-07
SKU-HW-01529,Ultra-Low Latency Spine Router v2.0,Networking Hardware,WH-US-02,Virginia Cloud Center,US-East,United States,129,75,54,76,146,458,11789.48,1520842.92,SUP-KR-01,Samsung Memory Module Division,South Korea,97.2,20,Dedicated Rail Cargo,2.79,12.1,Optimal,2026-06-15
SKU-HW-01530,Hardware Security Module (HSM) Vault v3.0,Security Appliances,WH-APAC-04,Sydney Tech Fulfillment,APAC-ANZ,Australia,56,30,26,25,44,155,10149.8,568388.8,SUP-NL-01,ASML Precision Optics Hub,Netherlands,99.1,37,Dedicated Rail Cargo,0.84,10.1,Optimal,2026-01-16
SKU-HW-01531,Dense Wavelength Mux Transceiver v4.0,Optical Components,WH-US-03,Chicago Central Depot,US-Central,United States,3089,1636,1453,1371,2045,8168,684.63,2114822.07,SUP-TW-04,Delta Electronics Power Solutions,Taiwan,98.2,7,Ocean Freight Container,1.8,2.7,Optimal,2026-01-20
SKU-HW-01532,Liquid-Cooled AI Inference Blade v1.0,Compute Servers,WH-APAC-03,Singapore Gateway Center,APAC-South,Singapore,69,54,15,138,303,771,8880.48,612753.12,SUP-TW-04,Delta Electronics Power Solutions,Taiwan,98.2,39,Air Priority Express,2.24,11.3,Low Stock,2026-05-02
SKU-HW-01533,Redundant Power Distribution Unit 3-Phase v2.0,Power & Cooling,WH-US-01,California Mega-Hub,US-West,United States,330,158,172,172,303,988,2958.01,976143.3,SUP-TW-02,Foxconn Precision Industry,Taiwan,96.8,21,Dedicated Rail Cargo,1.05,12.8,Optimal,2026-07-18
SKU-HW-01534,Next-Gen Firewall Threat Shield v3.0,Security Appliances,WH-LATAM-01,Sao Paulo Distribution,LATAM,Brazil,611,144,467,120,180,712,5470.11,3342237.21,SUP-TW-03,Quanta Computer Advanced Server,Taiwan,97.5,26,Air Priority Express,3.07,3.5,Overstocked,2026-05-26
SKU-HW-01535,All-Flash NVMe High-IOPS Array v4.0,Storage Systems,WH-EU-03,London Distribution Gateway,EU-West,United Kingdom,63,14,49,43,74,284,15951.14,1004921.82,SUP-DE-01,Siemens Industrial Automation,Germany,98.6,26,Dedicated Rail Cargo,0.33,11.9,Optimal,2026-02-14
SKU-HW-01536,100G Single-Mode Optical Transceiver v1.0,Optical Components,WH-US-01,California Mega-Hub,US-West,United States,15891,2928,12963,2898,5314,17438,252.42,4011206.22,SUP-TW-01,TSMC Advanced Semiconductor,Taiwan,99.4,11,Dedicated Rail Cargo,0.81,13.0,Overstocked,2026-02-12
SKU-HW-01537,Quantum Optical 800G Core Switch v2.0,Networking Hardware,WH-US-03,Chicago Central Depot,US-Central,United States,82,43,39,57,115,453,18150.65,1488353.3,SUP-JP-02,Kyocera Ceramic Packaging,Japan,98.1,22,Ocean Freight Container,1.17,8.8,Optimal,2026-01-19
SKU-HW-01538,Dense Wavelength Mux Transceiver v3.0,Optical Components,WH-US-01,California Mega-Hub,US-West,United States,1778,775,1003,1349,2337,9083,708.14,1259072.92,SUP-JP-01,Murata High-Freq Components,Japan,98.9,43,Air Priority Express,0.8,13.7,Optimal,2026-04-26
SKU-HW-01539,Ultra-Low Latency Spine Router v4.0,Networking Hardware,WH-US-02,Virginia Cloud Center,US-East,United States,171,101,70,50,102,303,10824.69,1851021.99,SUP-TW-02,Foxconn Precision Industry,Taiwan,96.8,25,Ocean Freight Container,0.71,13.5,Optimal,2026-03-22
SKU-HW-01540,Liquid-Cooled AI Inference Blade v1.0,Compute Servers,WH-MEA-01,Dubai Industrial Port Hub,MEA,United Arab Emirates,407,124,283,140,229,666,9316.36,3791758.52,SUP-US-01,Supermicro Engineering Lab,United States,95.9,32,Ground Fleet Line,0.47,9.4,Optimal,2026-07-17
SKU-HW-01541,Direct-to-Chip Liquid Cooling Manifold v2.0,Power & Cooling,WH-APAC-03,Singapore Gateway Center,APAC-South,Singapore,6,3,3,106,192,625,4567.46,27404.76,SUP-JP-02,Kyocera Ceramic Packaging,Japan,98.1,7,Dedicated Rail Cargo,2.15,11.5,Critical Shortage,2026-04-04
SKU-HW-01542,Distributed Object Storage Block v3.0,Storage Systems,WH-APAC-03,Singapore Gateway Center,APAC-South,Singapore,371,107,264,167,295,1078,6652.06,2467914.26,SUP-DE-01,Siemens Industrial Automation,Germany,98.6,33,Ground Fleet Line,1.33,10.9,Optimal,2026-04-15
SKU-HW-01543,Industrial IoT Telemetry Sensor v4.0,Edge Devices,WH-MEA-01,Dubai Industrial Port Hub,MEA,United Arab Emirates,10698,5642,5056,3028,6390,21606,116.1,1242037.8,SUP-TW-04,Delta Electronics Power Solutions,Taiwan,98.2,36,Air Priority Express,0.6,9.9,Optimal,2026-02-24
SKU-HW-01544,Hardware Security Module (HSM) Vault v1.0,Security Appliances,WH-APAC-02,Tokyo High-Tech Depot,APAC-East,Japan,53,28,25,26,43,115,9271.23,491375.19,SUP-TW-03,Quanta Computer Advanced Server,Taiwan,97.5,32,Ocean Freight Container,1.95,10.4,Optimal,2026-04-09
SKU-HW-01545,Redundant Power Distribution Unit 3-Phase v2.0,Power & Cooling,WH-LATAM-01,Sao Paulo Distribution,LATAM,Brazil,103,56,47,167,256,856,3216.22,331270.66,SUP-TW-03,Quanta Computer Advanced Server,Taiwan,97.5,30,Dedicated Rail Cargo,2.38,5.9,Low Stock,2026-04-11
SKU-HW-01546,Next-Gen Firewall Threat Shield v3.0,Security Appliances,WH-US-01,California Mega-Hub,US-West,United States,460,153,307,151,326,1012,5846.15,2689229.0,SUP-DE-01,Siemens Industrial Automation,Germany,98.6,37,Ocean Freight Container,3.15,3.3,Optimal,2026-01-20
SKU-HW-01547,100G Single-Mode Optical Transceiver v4.0,Optical Components,WH-MEA-01,Dubai Industrial Port Hub,MEA,United Arab Emirates,619,358,261,929,1985,5847,263.62,163180.78,SUP-TW-04,Delta Electronics Power Solutions,Taiwan,98.2,18,Dedicated Rail Cargo,3.07,8.7,Low Stock,2026-03-30
SKU-HW-01548,Edge AI Gateway Controller v1.0,Edge Devices,WH-EU-02,Rotterdam Logistics Park,EU-West,Netherlands,198,112,86,345,569,1566,1969.47,389955.06,SUP-US-01,Supermicro Engineering Lab,United States,95.9,23,Air Priority Express,1.32,5.0,Low Stock,2026-04-19
SKU-HW-01549,Dense Wavelength Mux Transceiver v2.0,Optical Components,WH-LATAM-01,Sao Paulo Distribution,LATAM,Brazil,226,117,109,989,2051,6625,801.72,181188.72,SUP-US-02,Broadcom Optical Networks,United States,97.8,42,Air Priority Express,0.86,12.3,Critical Shortage,2026-04-23
SKU-HW-01550,All-Flash NVMe High-IOPS Array v3.0,Storage Systems,WH-US-03,Chicago Central Depot,US-Central,United States,87,47,40,37,64,243,14123.69,1228761.03,SUP-TW-02,Foxconn Precision Industry,Taiwan,96.8,37,Air Priority Express,2.24,8.8,Optimal,2026-03-25
SKU-HW-01551,Edge AI Gateway Controller v4.0,Edge Devices,WH-APAC-04,Sydney Tech Fulfillment,APAC-ANZ,Australia,733,293,440,570,1052,3547,1971.33,1444984.89,SUP-TW-01,TSMC Advanced Semiconductor,Taiwan,99.4,37,Air Priority Express,1.43,4.1,Optimal,2026-02-08
SKU-HW-01552,High-Density GPU Tensor Server Node v1.0,Compute Servers,WH-APAC-02,Tokyo High-Tech Depot,APAC-East,Japan,204,71,133,116,249,788,13799.59,2815116.36,SUP-US-01,Supermicro Engineering Lab,United States,95.9,43,Ground Fleet Line,2.49,13.2,Optimal,2026-04-24
SKU-HW-01553,Ultra-Low Latency Spine Router v2.0,Networking Hardware,WH-EU-02,Rotterdam Logistics Park,EU-West,Netherlands,119,28,91,95,172,677,11631.88,1384193.72,SUP-KR-01,Samsung Memory Module Division,South Korea,97.2,25,Air Priority Express,0.19,6.8,Optimal,2026-05-23
SKU-HW-01554,Distributed Object Storage Block v3.0,Storage Systems,WH-EU-02,Rotterdam Logistics Park,EU-West,Netherlands,382,196,186,117,228,689,5854.91,2236575.62,SUP-KR-01,Samsung Memory Module Division,South Korea,97.2,42,Ocean Freight Container,3.07,4.2,Optimal,2026-01-17
SKU-HW-01555,Dense Wavelength Mux Transceiver v4.0,Optical Components,WH-APAC-04,Sydney Tech Fulfillment,APAC-ANZ,Australia,1845,686,1159,589,1052,3439,698.39,1288529.55,SUP-US-01,Supermicro Engineering Lab,United States,95.9,20,Ground Fleet Line,0.49,2.8,Optimal,2026-01-18
SKU-HW-01556,Hardware Security Module (HSM) Vault v1.0,Security Appliances,WH-APAC-01,Taipei Logistics Hub,APAC-East,Taiwan,66,30,36,45,96,306,9986.99,659141.34,SUP-NL-01,ASML Precision Optics Hub,Netherlands,99.1,40,Air Priority Express,2.26,10.7,Optimal,2026-02-23
SKU-HW-01557,All-Flash NVMe High-IOPS Array v2.0,Storage Systems,WH-APAC-03,Singapore Gateway Center,APAC-South,Singapore,424,116,308,88,125,440,14442.83,6123759.92,SUP-TW-02,Foxconn Precision Industry,Taiwan,96.8,28,Ground Fleet Line,1.84,10.3,Overstocked,2026-03-04
SKU-HW-01558,Dense Wavelength Mux Transceiver v3.0,Optical Components,WH-LATAM-01,Sao Paulo Distribution,LATAM,Brazil,4052,810,3242,890,1251,4171,817.44,3312266.88,SUP-KR-01,Samsung Memory Module Division,South Korea,97.2,29,Ocean Freight Container,2.94,2.5,Overstocked,2026-04-20
SKU-HW-01559,Edge AI Gateway Controller v4.0,Edge Devices,WH-US-02,Virginia Cloud Center,US-East,United States,1147,194,953,217,379,1337,2006.61,2301581.67,SUP-TW-01,TSMC Advanced Semiconductor,Taiwan,99.4,37,Air Priority Express,2.55,3.6,Overstocked,2026-06-06
SKU-HW-01560,Ultra-Low Latency Spine Router v1.0,Networking Hardware,WH-MEA-01,Dubai Industrial Port Hub,MEA,United Arab Emirates,179,91,88,74,129,359,12315.17,2204415.43,SUP-TW-03,Quanta Computer Advanced Server,Taiwan,97.5,24,Dedicated Rail Cargo,0.1,3.4,Optimal,2026-01-19
SKU-HW-01561,Redundant Power Distribution Unit 3-Phase v2.0,Power & Cooling,WH-APAC-02,Tokyo High-Tech Depot,APAC-East,Japan,228,80,148,114,247,919,3135.61,714919.08,SUP-JP-02,Kyocera Ceramic Packaging,Japan,98.1,9,Ocean Freight Container,1.12,5.8,Optimal,2026-07-14
SKU-HW-01562,100G Single-Mode Optical Transceiver v3.0,Optical Components,WH-LATAM-01,Sao Paulo Distribution,LATAM,Brazil,4285,1418,2867,2952,6409,22527,305.9,1310781.5,SUP-US-02,Broadcom Optical Networks,United States,97.8,15,Air Priority Express,0.54,11.8,Optimal,2026-07-22
SKU-HW-01563,100G Single-Mode Optical Transceiver v4.0,Optical Components,WH-APAC-04,Sydney Tech Fulfillment,APAC-ANZ,Australia,791,333,458,1669,3066,8616,300.69,237845.79,SUP-TW-04,Delta Electronics Power Solutions,Taiwan,98.2,20,Ocean Freight Container,2.62,11.9,Low Stock,2026-05-31
SKU-HW-01564,Industrial IoT Telemetry Sensor v1.0,Edge Devices,WH-APAC-04,Sydney Tech Fulfillment,APAC-ANZ,Australia,5104,2334,2770,2430,4311,17045,138.55,707159.2,SUP-US-01,Supermicro Engineering Lab,United States,95.9,6,Dedicated Rail Cargo,1.22,2.9,Optimal,2026-02-02
SKU-HW-01565,Hardware Security Module (HSM) Vault v2.0,Security Appliances,WH-EU-03,London Distribution Gateway,EU-West,United Kingdom,32,8,24,25,38,116,10955.38,350572.16,SUP-KR-01,Samsung Memory Module Division,South Korea,97.2,20,Air Priority Express,2.99,8.5,Optimal,2026-03-07
SKU-HW-01566,Dense Wavelength Mux Transceiver v3.0,Optical Components,WH-EU-03,London Distribution Gateway,EU-West,United Kingdom,3864,583,3281,676,1391,4152,700.7,2707504.8,SUP-US-01,Supermicro Engineering Lab,United States,95.9,13,Ocean Freight Container,1.65,14.2,Overstocked,2026-01-19
SKU-HW-01567,All-Flash NVMe High-IOPS Array v4.0,Storage Systems,WH-US-02,Virginia Cloud Center,US-East,United States,200,108,92,82,128,387,16195.95,3239190.0,SUP-TW-04,Delta Electronics Power Solutions,Taiwan,98.2,20,Ocean Freight Container,2.36,13.4,Optimal,2026-02-24
SKU-HW-01568,High-Density GPU Tensor Server Node v1.0,Compute Servers,WH-EU-03,London Distribution Gateway,EU-West,United Kingdom,112,44,68,74,109,292,13367.53,1497163.36,SUP-US-02,Broadcom Optical Networks,United States,97.8,18,Ground Fleet Line,1.53,10.6,Optimal,2026-01-14
SKU-HW-01569,Redundant Power Distribution Unit 3-Phase v2.0,Power & Cooling,WH-US-03,Chicago Central Depot,US-Central,United States,472,108,364,289,605,2171,3545.46,1673457.12,SUP-TW-02,Foxconn Precision Industry,Taiwan,96.8,12,Air Priority Express,0.38,9.4,Optimal,2026-05-27
SKU-HW-01570,Redundant Power Distribution Unit 3-Phase v3.0,Power & Cooling,WH-EU-01,Frankfurt Euro-Hub,EU-Central,Germany,1199,264,935,229,408,1368,3394.52,4070029.48,SUP-DE-01,Siemens Industrial Automation,Germany,98.6,9,Ocean Freight Container,1.68,10.1,Overstocked,2026-01-22
SKU-HW-01571,100G Single-Mode Optical Transceiver v4.0,Optical Components,WH-LATAM-01,Sao Paulo Distribution,LATAM,Brazil,1552,1323,229,2531,5207,13181,286.64,444865.28,SUP-KR-01,Samsung Memory Module Division,South Korea,97.2,37,Ocean Freight Container,1.82,7.3,Low Stock,2026-06-19
SKU-HW-01572,Dense Wavelength Mux Transceiver v1.0,Optical Components,WH-APAC-03,Singapore Gateway Center,APAC-South,Singapore,1771,652,1119,644,1038,2912,694.51,1229977.21,SUP-DE-01,Siemens Industrial Automation,Germany,98.6,39,Ocean Freight Container,2.83,6.8,Optimal,2026-07-03
SKU-HW-01573,Redundant Power Distribution Unit 3-Phase v2.0,Power & Cooling,WH-US-01,California Mega-Hub,US-West,United States,864,323,541,234,513,1630,3568.99,3083607.36,SUP-US-01,Supermicro Engineering Lab,United States,95.9,7,Ground Fleet Line,1.33,8.3,Optimal,2026-01-14
SKU-HW-01574,Quantum Optical 800G Core Switch v3.0,Networking Hardware,WH-EU-02,Rotterdam Logistics Park,EU-West,Netherlands,124,51,73,47,71,198,18354.22,2275923.28,SUP-NL-01,ASML Precision Optics Hub,Netherlands,99.1,45,Ground Fleet Line,0.91,5.7,Optimal,2026-06-26
SKU-HW-01575,Dense Wavelength Mux Transceiver v4.0,Optical Components,WH-APAC-04,Sydney Tech Fulfillment,APAC-ANZ,Australia,496,445,51,1366,1944,5283,788.25,390972.0,SUP-TW-03,Quanta Computer Advanced Server,Taiwan,97.5,21,Ocean Freight Container,2.56,13.4,Critical Shortage,2026-06-13
SKU-HW-01576,All-Flash NVMe High-IOPS Array v1.0,Storage Systems,WH-APAC-03,Singapore Gateway Center,APAC-South,Singapore,70,37,33,40,65,200,15527.4,1086918.0,SUP-KR-01,Samsung Memory Module Division,South Korea,97.2,17,Air Priority Express,1.11,9.8,Optimal,2026-04-02
SKU-HW-01577,Hardware Security Module (HSM) Vault v2.0,Security Appliances,WH-APAC-03,Singapore Gateway Center,APAC-South,Singapore,15,12,3,58,114,303,9718.15,145772.25,SUP-US-02,Broadcom Optical Networks,United States,97.8,39,Dedicated Rail Cargo,2.85,13.8,Critical Shortage,2026-03-25
SKU-HW-01578,Ultra-Low Latency Spine Router v3.0,Networking Hardware,WH-APAC-01,Taipei Logistics Hub,APAC-East,Taiwan,211,58,153,96,199,692,12296.05,2594466.55,SUP-JP-01,Murata High-Freq Components,Japan,98.9,21,Dedicated Rail Cargo,2.2,3.2,Optimal,2026-06-21
SKU-HW-01579,Liquid-Cooled AI Inference Blade v4.0,Compute Servers,WH-US-02,Virginia Cloud Center,US-East,United States,753,174,579,135,229,849,8713.63,6561363.39,SUP-JP-01,Murata High-Freq Components,Japan,98.9,29,Dedicated Rail Cargo,1.69,5.6,Overstocked,2026-05-30
SKU-HW-01580,High-Density GPU Tensor Server Node v1.0,Compute Servers,WH-APAC-03,Singapore Gateway Center,APAC-South,Singapore,7,3,4,89,158,406,15604.74,109233.18,SUP-KR-01,Samsung Memory Module Division,South Korea,97.2,5,Ocean Freight Container,0.58,5.0,Critical Shortage,2026-06-13
SKU-HW-01581,Distributed Object Storage Block v2.0,Storage Systems,WH-APAC-04,Sydney Tech Fulfillment,APAC-ANZ,Australia,307,170,137,197,331,993,5776.2,1773293.4,SUP-US-02,Broadcom Optical Networks,United States,97.8,42,Dedicated Rail Cargo,0.12,10.4,Optimal,2026-03-15
SKU-HW-01582,Ultra-Low Latency Spine Router v3.0,Networking Hardware,WH-APAC-01,Taipei Logistics Hub,APAC-East,Taiwan,146,70,76,57,104,386,12917.0,1885882.0,SUP-TW-01,TSMC Advanced Semiconductor,Taiwan,99.4,30,Air Priority Express,1.73,8.3,Optimal,2026-03-24
SKU-HW-01583,Industrial IoT Telemetry Sensor v4.0,Edge Devices,WH-MEA-01,Dubai Industrial Port Hub,MEA,United Arab Emirates,11111,4881,6230,3643,7876,24796,124.63,1384763.93,SUP-US-01,Supermicro Engineering Lab,United States,95.9,5,Air Priority Express,2.92,9.3,Optimal,2026-05-02
SKU-HW-01584,Ultra-Low Latency Spine Router v1.0,Networking Hardware,WH-LATAM-01,Sao Paulo Distribution,LATAM,Brazil,187,72,115,62,134,475,11382.78,2128579.86,SUP-TW-01,TSMC Advanced Semiconductor,Taiwan,99.4,32,Ground Fleet Line,2.6,5.4,Optimal,2026-02-19
SKU-HW-01585,All-Flash NVMe High-IOPS Array v2.0,Storage Systems,WH-US-01,California Mega-Hub,US-West,United States,84,40,44,64,92,276,16043.76,1347675.84,SUP-KR-01,Samsung Memory Module Division,South Korea,97.2,17,Ocean Freight Container,0.66,13.9,Optimal,2026-07-18
SKU-HW-01586,All-Flash NVMe High-IOPS Array v3.0,Storage Systems,WH-EU-01,Frankfurt Euro-Hub,EU-Central,Germany,144,64,80,65,128,507,16962.86,2442651.84,SUP-TW-02,Foxconn Precision Industry,Taiwan,96.8,32,Ocean Freight Container,0.35,14.0,Optimal,2026-04-02
SKU-HW-01587,Ultra-Low Latency Spine Router v4.0,Networking Hardware,WH-MEA-01,Dubai Industrial Port Hub,MEA,United Arab Emirates,68,22,46,49,83,222,10853.46,738035.28,SUP-NL-01,ASML Precision Optics Hub,Netherlands,99.1,38,Dedicated Rail Cargo,3.1,4.3,Optimal,2026-02-23
SKU-HW-01588,Quantum Optical 800G Core Switch v1.0,Networking Hardware,WH-EU-01,Frankfurt Euro-Hub,EU-Central,Germany,167,64,103,74,160,524,16837.16,2811805.72,SUP-TW-02,Foxconn Precision Industry,Taiwan,96.8,37,Dedicated Rail Cargo,1.37,13.8,Optimal,2026-04-06
SKU-HW-01589,Next-Gen Firewall Threat Shield v2.0,Security Appliances,WH-EU-02,Rotterdam Logistics Park,EU-West,Netherlands,293,78,215,149,219,717,5062.8,1483400.4,SUP-TW-03,Quanta Computer Advanced Server,Taiwan,97.5,15,Ground Fleet Line,0.76,6.0,Optimal,2026-01-21
SKU-HW-01590,Hardware Security Module (HSM) Vault v3.0,Security Appliances,WH-APAC-03,Singapore Gateway Center,APAC-South,Singapore,80,33,47,61,106,378,9018.07,721445.6,SUP-JP-02,Kyocera Ceramic Packaging,Japan,98.1,9,Ocean Freight Container,1.51,10.1,Optimal,2026-07-22
SKU-HW-01591,Dense Wavelength Mux Transceiver v4.0,Optical Components,WH-US-02,Virginia Cloud Center,US-East,United States,1623,627,996,954,1736,6267,798.76,1296387.48,SUP-TW-04,Delta Electronics Power Solutions,Taiwan,98.2,19,Dedicated Rail Cargo,0.71,9.5,Optimal,2026-04-21
SKU-HW-01592,Ultra-Low Latency Spine Router v1.0,Networking Hardware,WH-EU-03,London Distribution Gateway,EU-West,United Kingdom,218,109,109,74,150,556,12737.15,2776698.7,SUP-JP-01,Murata High-Freq Components,Japan,98.9,25,Dedicated Rail Cargo,1.54,5.2,Optimal,2026-04-30
SKU-HW-01593,All-Flash NVMe High-IOPS Array v2.0,Storage Systems,WH-EU-03,London Distribution Gateway,EU-West,United Kingdom,163,93,70,88,171,630,14051.33,2290366.79,SUP-JP-01,Murata High-Freq Components,Japan,98.9,34,Ocean Freight Container,0.44,10.6,Optimal,2026-07-29
SKU-HW-01594,Direct-to-Chip Liquid Cooling Manifold v3.0,Power & Cooling,WH-APAC-03,Singapore Gateway Center,APAC-South,Singapore,298,76,222,112,179,561,4088.86,1218480.28,SUP-TW-01,TSMC Advanced Semiconductor,Taiwan,99.4,11,Dedicated Rail Cargo,1.17,13.5,Optimal,2026-07-15
SKU-HW-01595,Quantum Optical 800G Core Switch v4.0,Networking Hardware,WH-EU-01,Frankfurt Euro-Hub,EU-Central,Germany,85,26,59,73,136,432,17647.88,1500069.8,SUP-JP-01,Murata High-Freq Components,Japan,98.9,11,Dedicated Rail Cargo,2.67,6.4,Optimal,2026-05-19
SKU-HW-01596,Redundant Power Distribution Unit 3-Phase v1.0,Power & Cooling,WH-APAC-01,Taipei Logistics Hub,APAC-East,Taiwan,201,72,129,169,262,750,3032.47,609526.47,SUP-TW-02,Foxconn Precision Industry,Taiwan,96.8,13,Ground Fleet Line,1.47,11.4,Optimal,2026-03-08
SKU-HW-01597,Dense Wavelength Mux Transceiver v2.0,Optical Components,WH-APAC-03,Singapore Gateway Center,APAC-South,Singapore,295,196,99,431,700,1821,681.18,200948.1,SUP-NL-01,ASML Precision Optics Hub,Netherlands,99.1,38,Dedicated Rail Cargo,1.5,10.8,Low Stock,2026-01-18
SKU-HW-01598,100G Single-Mode Optical Transceiver v3.0,Optical Components,WH-APAC-04,Sydney Tech Fulfillment,APAC-ANZ,Australia,7276,3610,3666,2399,4677,15707,296.14,2154714.64,SUP-US-02,Broadcom Optical Networks,United States,97.8,36,Ocean Freight Container,1.27,10.9,Optimal,2026-07-19
SKU-HW-01599,Dense Wavelength Mux Transceiver v4.0,Optical Components,WH-APAC-02,Tokyo High-Tech Depot,APAC-East,Japan,1625,940,685,485,956,3203,760.64,1236040.0,SUP-KR-01,Samsung Memory Module Division,South Korea,97.2,45,Ocean Freight Container,2.61,8.3,Optimal,2026-07-06
SKU-HW-01600,Direct-to-Chip Liquid Cooling Manifold v1.0,Power & Cooling,WH-APAC-03,Singapore Gateway Center,APAC-South,Singapore,96,48,48,142,257,981,4543.8,436204.8,SUP-TW-04,Delta Electronics Power Solutions,Taiwan,98.2,13,Dedicated Rail Cargo,0.07,11.2,Low Stock,2026-01-21
SKU-HW-01601,Direct-to-Chip Liquid Cooling Manifold v2.0,Power & Cooling,WH-EU-03,London Distribution Gateway,EU-West,United Kingdom,322,183,139,176,283,875,3825.21,1231717.62,SUP-DE-01,Siemens Industrial Automation,Germany,98.6,31,Ocean Freight Container,2.34,12.3,Optimal,2026-02-07
SKU-HW-01602,100G Single-Mode Optical Transceiver v3.0,Optical Components,WH-MEA-01,Dubai Industrial Port Hub,MEA,United Arab Emirates,6517,3466,3051,2049,3931,12575,253.38,1651277.46,SUP-US-01,Supermicro Engineering Lab,United States,95.9,23,Air Priority Express,2.42,13.0,Optimal,2026-05-28
SKU-HW-01603,Distributed Object Storage Block v4.0,Storage Systems,WH-EU-02,Rotterdam Logistics Park,EU-West,Netherlands,107,31,76,80,113,372,6163.87,659534.09,SUP-JP-01,Murata High-Freq Components,Japan,98.9,19,Ground Fleet Line,2.78,3.6,Optimal,2026-03-17
SKU-HW-01604,Next-Gen Firewall Threat Shield v1.0,Security Appliances,WH-US-03,Chicago Central Depot,US-Central,United States,372,203,169,124,239,619,5277.19,1963114.68,SUP-NL-01,ASML Precision Optics Hub,Netherlands,99.1,16,Dedicated Rail Cargo,1.96,8.8,Optimal,2026-03-17
SKU-HW-01605,Next-Gen Firewall Threat Shield v2.0,Security Appliances,WH-US-01,California Mega-Hub,US-West,United States,345,101,244,158,274,887,5536.54,1910106.3,SUP-KR-01,Samsung Memory Module Division,South Korea,97.2,34,Dedicated Rail Cargo,2.7,3.8,Optimal,2026-02-08
SKU-HW-01606,High-Density GPU Tensor Server Node v3.0,Compute Servers,WH-APAC-02,Tokyo High-Tech Depot,APAC-East,Japan,105,34,71,85,173,608,13323.94,1399013.7,SUP-TW-03,Quanta Computer Advanced Server,Taiwan,97.5,5,Ocean Freight Container,2.93,4.3,Optimal,2026-05-07
SKU-HW-01607,100G Single-Mode Optical Transceiver v4.0,Optical Components,WH-US-01,California Mega-Hub,US-West,United States,2208,913,1295,1144,1818,6849,262.4,579379.2,SUP-TW-04,Delta Electronics Power Solutions,Taiwan,98.2,6,Air Priority Express,1.27,6.1,Optimal,2026-06-07
SKU-HW-01608,100G Single-Mode Optical Transceiver v1.0,Optical Components,WH-APAC-01,Taipei Logistics Hub,APAC-East,Taiwan,6673,1156,5517,1407,2614,7439,312.71,2086713.83,SUP-NL-01,ASML Precision Optics Hub,Netherlands,99.1,33,Ocean Freight Container,0.6,14.2,Overstocked,2026-07-14
SKU-HW-01609,High-Density GPU Tensor Server Node v2.0,Compute Servers,WH-US-01,California Mega-Hub,US-West,United States,218,54,164,61,124,365,13475.5,2937659.0,SUP-JP-02,Kyocera Ceramic Packaging,Japan,98.1,7,Ground Fleet Line,2.71,2.5,Optimal,2026-04-05
SKU-HW-01610,Distributed Object Storage Block v3.0,Storage Systems,WH-LATAM-01,Sao Paulo Distribution,LATAM,Brazil,48,26,22,95,176,547,5837.07,280179.36,SUP-JP-01,Murata High-Freq Components,Japan,98.9,11,Dedicated Rail Cargo,2.7,13.8,Low Stock,2026-02-01
SKU-HW-01611,Redundant Power Distribution Unit 3-Phase v4.0,Power & Cooling,WH-US-03,Chicago Central Depot,US-Central,United States,327,140,187,128,202,720,2999.79,980931.33,SUP-TW-03,Quanta Computer Advanced Server,Taiwan,97.5,8,Air Priority Express,0.13,5.4,Optimal,2026-02-19
SKU-HW-01612,Dense Wavelength Mux Transceiver v1.0,Optical Components,WH-US-03,Chicago Central Depot,US-Central,United States,4605,1283,3322,678,1451,4803,710.85,3273464.25,SUP-TW-02,Foxconn Precision Industry,Taiwan,96.8,23,Ocean Freight Container,1.61,6.2,Overstocked,2026-02-14
SKU-HW-01613,Quantum Optical 800G Core Switch v2.0,Networking Hardware,WH-US-02,Virginia Cloud Center,US-East,United States,48,21,27,69,101,380,19830.95,951885.6,SUP-NL-01,ASML Precision Optics Hub,Netherlands,99.1,42,Dedicated Rail Cargo,0.75,4.2,Low Stock,2026-01-24
SKU-HW-01614,High-Density GPU Tensor Server Node v3.0,Compute Servers,WH-EU-03,London Distribution Gateway,EU-West,United Kingdom,310,176,134,83,182,670,14579.35,4519598.5,SUP-KR-01,Samsung Memory Module Division,South Korea,97.2,39,Air Priority Express,2.57,13.4,Optimal,2026-03-05
SKU-HW-01615,100G Single-Mode Optical Transceiver v4.0,Optical Components,WH-EU-03,London Distribution Gateway,EU-West,United Kingdom,6087,3515,2572,2047,3991,10708,295.84,1800778.08,SUP-TW-02,Foxconn Precision Industry,Taiwan,96.8,39,Air Priority Express,1.58,5.3,Optimal,2026-06-20
SKU-HW-01616,Liquid-Cooled AI Inference Blade v1.0,Compute Servers,WH-APAC-04,Sydney Tech Fulfillment,APAC-ANZ,Australia,296,77,219,73,108,314,9473.2,2804067.2,SUP-DE-01,Siemens Industrial Automation,Germany,98.6,33,Air Priority Express,0.3,5.9,Overstocked,2026-01-01
SKU-HW-01617,All-Flash NVMe High-IOPS Array v2.0,Storage Systems,WH-LATAM-01,Sao Paulo Distribution,LATAM,Brazil,216,55,161,87,123,355,15424.96,3331791.36,SUP-JP-02,Kyocera Ceramic Packaging,Japan,98.1,45,Air Priority Express,2.03,9.7,Optimal,2026-02-18
SKU-HW-01618,100G Single-Mode Optical Transceiver v3.0,Optical Components,WH-US-03,Chicago Central Depot,US-Central,United States,3374,1497,1877,2307,3497,12359,263.73,889825.02,SUP-JP-01,Murata High-Freq Components,Japan,98.9,13,Dedicated Rail Cargo,3.16,11.0,Optimal,2026-02-02
SKU-HW-01619,High-Density GPU Tensor Server Node v4.0,Compute Servers,WH-MEA-01,Dubai Industrial Port Hub,MEA,United Arab Emirates,121,66,55,89,153,550,14056.14,1700792.94,SUP-DE-01,Siemens Industrial Automation,Germany,98.6,32,Ground Fleet Line,3.03,3.3,Optimal,2026-02-06
SKU-HW-01620,Industrial IoT Telemetry Sensor v1.0,Edge Devices,WH-APAC-04,Sydney Tech Fulfillment,APAC-ANZ,Australia,9548,3630,5918,4388,6209,17648,134.61,1285256.28,SUP-NL-01,ASML Precision Optics Hub,Netherlands,99.1,25,Ocean Freight Container,0.83,11.2,Optimal,2026-03-21
SKU-HW-01621,Hardware Security Module (HSM) Vault v2.0,Security Appliances,WH-LATAM-01,Sao Paulo Distribution,LATAM,Brazil,56,30,26,27,47,131,9800.14,548807.84,SUP-KR-01,Samsung Memory Module Division,South Korea,97.2,37,Ground Fleet Line,3.09,12.3,Optimal,2026-07-31
SKU-HW-01622,Liquid-Cooled AI Inference Blade v3.0,Compute Servers,WH-APAC-04,Sydney Tech Fulfillment,APAC-ANZ,Australia,109,45,64,67,131,514,9854.29,1074117.61,SUP-TW-03,Quanta Computer Advanced Server,Taiwan,97.5,27,Dedicated Rail Cargo,0.19,2.7,Optimal,2026-04-14
SKU-HW-01623,Hardware Security Module (HSM) Vault v4.0,Security Appliances,WH-US-02,Virginia Cloud Center,US-East,United States,20,16,4,58,111,330,10682.79,213655.8,SUP-US-02,Broadcom Optical Networks,United States,97.8,13,Ocean Freight Container,1.13,8.8,Critical Shortage,2026-05-13
SKU-HW-01624,Liquid-Cooled AI Inference Blade v1.0,Compute Servers,WH-APAC-04,Sydney Tech Fulfillment,APAC-ANZ,Australia,153,73,80,97,161,558,8807.83,1347597.99,SUP-TW-01,TSMC Advanced Semiconductor,Taiwan,99.4,40,Air Priority Express,0.94,8.0,Optimal,2026-01-10
SKU-HW-01625,Distributed Object Storage Block v2.0,Storage Systems,WH-LATAM-01,Sao Paulo Distribution,LATAM,Brazil,493,123,370,179,316,835,6183.97,3048697.21,SUP-US-02,Broadcom Optical Networks,United States,97.8,30,Air Priority Express,1.04,5.4,Optimal,2026-03-11
SKU-HW-01626,Distributed Object Storage Block v3.0,Storage Systems,WH-EU-01,Frankfurt Euro-Hub,EU-Central,Germany,509,194,315,184,288,984,6526.56,3322019.04,SUP-TW-04,Delta Electronics Power Solutions,Taiwan,98.2,37,Ocean Freight Container,0.71,3.1,Optimal,2026-07-02
SKU-HW-01627,Quantum Optical 800G Core Switch v4.0,Networking Hardware,WH-US-01,California Mega-Hub,US-West,United States,81,33,48,39,55,167,18037.24,1461016.44,SUP-JP-02,Kyocera Ceramic Packaging,Japan,98.1,17,Dedicated Rail Cargo,0.85,6.5,Optimal,2026-07-26
SKU-HW-01628,Distributed Object Storage Block v1.0,Storage Systems,WH-APAC-01,Taipei Logistics Hub,APAC-East,Taiwan,333,159,174,184,311,1049,6793.79,2262332.07,SUP-US-01,Supermicro Engineering Lab,United States,95.9,43,Dedicated Rail Cargo,3.02,5.4,Optimal,2026-03-17
SKU-HW-01629,Hardware Security Module (HSM) Vault v2.0,Security Appliances,WH-MEA-01,Dubai Industrial Port Hub,MEA,United Arab Emirates,141,78,63,44,92,327,10192.2,1437100.2,SUP-DE-01,Siemens Industrial Automation,Germany,98.6,13,Air Priority Express,1.92,5.8,Optimal,2026-04-04
SKU-HW-01630,All-Flash NVMe High-IOPS Array v3.0,Storage Systems,WH-APAC-04,Sydney Tech Fulfillment,APAC-ANZ,Australia,187,89,98,68,106,397,14290.54,2672330.98,SUP-TW-02,Foxconn Precision Industry,Taiwan,96.8,23,Dedicated Rail Cargo,2.9,13.1,Optimal,2026-02-17
SKU-HW-01631,Next-Gen Firewall Threat Shield v4.0,Security Appliances,WH-APAC-03,Singapore Gateway Center,APAC-South,Singapore,897,142,755,141,262,917,5213.28,4676312.16,SUP-TW-04,Delta Electronics Power Solutions,Taiwan,98.2,33,Ground Fleet Line,2.39,2.5,Overstocked,2026-03-13
SKU-HW-01632,Direct-to-Chip Liquid Cooling Manifold v1.0,Power & Cooling,WH-EU-03,London Distribution Gateway,EU-West,United Kingdom,1705,400,1305,225,488,1856,3997.65,6815993.25,SUP-DE-01,Siemens Industrial Automation,Germany,98.6,23,Air Priority Express,2.83,4.8,Overstocked,2026-05-22
SKU-HW-01633,Next-Gen Firewall Threat Shield v2.0,Security Appliances,WH-US-03,Chicago Central Depot,US-Central,United States,146,73,73,68,95,340,5865.84,856412.64,SUP-JP-02,Kyocera Ceramic Packaging,Japan,98.1,27,Air Priority Express,0.57,3.9,Optimal,2026-05-10
SKU-HW-01634,Direct-to-Chip Liquid Cooling Manifold v3.0,Power & Cooling,WH-MEA-01,Dubai Industrial Port Hub,MEA,United Arab Emirates,348,120,228,142,310,1222,4033.79,1403758.92,SUP-NL-01,ASML Precision Optics Hub,Netherlands,99.1,28,Ground Fleet Line,0.75,9.9,Optimal,2026-02-26
SKU-HW-01635,High-Density GPU Tensor Server Node v4.0,Compute Servers,WH-US-01,California Mega-Hub,US-West,United States,85,28,57,69,107,360,13992.35,1189349.75,SUP-DE-01,Siemens Industrial Automation,Germany,98.6,23,Air Priority Express,1.49,13.0,Optimal,2026-04-04
SKU-HW-01636,Next-Gen Firewall Threat Shield v1.0,Security Appliances,WH-EU-03,London Distribution Gateway,EU-West,United Kingdom,931,278,653,168,247,962,5738.48,5342524.88,SUP-US-02,Broadcom Optical Networks,United States,97.8,26,Ocean Freight Container,2.22,4.8,Overstocked,2026-06-23
SKU-HW-01637,Next-Gen Firewall Threat Shield v2.0,Security Appliances,WH-APAC-04,Sydney Tech Fulfillment,APAC-ANZ,Australia,168,77,91,107,214,814,6040.36,1014780.48,SUP-US-02,Broadcom Optical Networks,United States,97.8,12,Ground Fleet Line,2.95,6.8,Optimal,2026-06-25
SKU-HW-01638,Edge AI Gateway Controller v3.0,Edge Devices,WH-EU-03,London Distribution Gateway,EU-West,United Kingdom,486,173,313,206,353,1011,1828.61,888704.46,SUP-JP-01,Murata High-Freq Components,Japan,98.9,33,Air Priority Express,0.32,7.4,Optimal,2026-07-30
SKU-HW-01639,Edge AI Gateway Controller v4.0,Edge Devices,WH-APAC-02,Tokyo High-Tech Depot,APAC-East,Japan,944,431,513,315,596,2356,1823.79,1721657.76,SUP-KR-01,Samsung Memory Module Division,South Korea,97.2,14,Ocean Freight Container,1.03,4.8,Optimal,2026-06-03
SKU-HW-01640,Quantum Optical 800G Core Switch v1.0,Networking Hardware,WH-APAC-03,Singapore Gateway Center,APAC-South,Singapore,261,40,221,56,86,282,16989.85,4434350.85,SUP-US-01,Supermicro Engineering Lab,United States,95.9,33,Dedicated Rail Cargo,0.27,11.1,Overstocked,2026-02-27
SKU-HW-01641,Dense Wavelength Mux Transceiver v2.0,Optical Components,WH-EU-01,Frankfurt Euro-Hub,EU-Central,Germany,2933,573,2360,514,767,3016,797.01,2337630.33,SUP-US-02,Broadcom Optical Networks,United States,97.8,7,Dedicated Rail Cargo,0.73,11.2,Overstocked,2026-03-27
SKU-HW-01642,High-Density GPU Tensor Server Node v3.0,Compute Servers,WH-EU-01,Frankfurt Euro-Hub,EU-Central,Germany,108,61,47,57,99,357,16019.53,1730109.24,SUP-US-01,Supermicro Engineering Lab,United States,95.9,44,Air Priority Express,2.03,7.1,Optimal,2026-05-11
SKU-HW-01643,Next-Gen Firewall Threat Shield v4.0,Security Appliances,WH-EU-02,Rotterdam Logistics Park,EU-West,Netherlands,955,166,789,160,333,1020,5411.47,5167953.85,SUP-US-02,Broadcom Optical Networks,United States,97.8,33,Ground Fleet Line,1.01,11.8,Overstocked,2026-01-07
SKU-HW-01644,Ultra-Low Latency Spine Router v1.0,Networking Hardware,WH-APAC-01,Taipei Logistics Hub,APAC-East,Taiwan,150,38,112,96,156,515,12545.64,1881846.0,SUP-TW-04,Delta Electronics Power Solutions,Taiwan,98.2,11,Ocean Freight Container,0.32,5.1,Optimal,2026-04-10
SKU-HW-01645,Dense Wavelength Mux Transceiver v2.0,Optical Components,WH-EU-03,London Distribution Gateway,EU-West,United Kingdom,4722,514,4208,874,1922,4966,744.1,3513640.2,SUP-US-02,Broadcom Optical Networks,United States,97.8,36,Ocean Freight Container,1.62,8.3,Overstocked,2026-02-11
SKU-HW-01646,Hardware Security Module (HSM) Vault v3.0,Security Appliances,WH-LATAM-01,Sao Paulo Distribution,LATAM,Brazil,187,68,119,70,122,318,9711.54,1816057.98,SUP-TW-04,Delta Electronics Power Solutions,Taiwan,98.2,35,Air Priority Express,1.36,2.8,Optimal,2026-02-10
SKU-HW-01647,Quantum Optical 800G Core Switch v4.0,Networking Hardware,WH-APAC-01,Taipei Logistics Hub,APAC-East,Taiwan,228,109,119,72,143,384,20502.95,4674672.6,SUP-TW-02,Foxconn Precision Industry,Taiwan,96.8,26,Ground Fleet Line,0.6,10.6,Optimal,2026-06-02
SKU-HW-01648,Liquid-Cooled AI Inference Blade v1.0,Compute Servers,WH-APAC-02,Tokyo High-Tech Depot,APAC-East,Japan,109,22,87,83,144,425,8540.39,930902.51,SUP-US-02,Broadcom Optical Networks,United States,97.8,43,Dedicated Rail Cargo,2.94,8.1,Optimal,2026-07-26
SKU-HW-01649,Liquid-Cooled AI Inference Blade v2.0,Compute Servers,WH-APAC-03,Singapore Gateway Center,APAC-South,Singapore,80,42,38,141,283,915,8408.73,672698.4,SUP-TW-04,Delta Electronics Power Solutions,Taiwan,98.2,12,Dedicated Rail Cargo,1.29,7.4,Low Stock,2026-05-04
SKU-HW-01650,High-Density GPU Tensor Server Node v3.0,Compute Servers,WH-EU-03,London Distribution Gateway,EU-West,United Kingdom,80,33,47,50,91,272,15680.86,1254468.8,SUP-TW-04,Delta Electronics Power Solutions,Taiwan,98.2,29,Air Priority Express,1.3,7.2,Optimal,2026-02-16
SKU-HW-01651,All-Flash NVMe High-IOPS Array v4.0,Storage Systems,WH-APAC-04,Sydney Tech Fulfillment,APAC-ANZ,Australia,12,4,8,58,100,335,16857.58,202290.96,SUP-JP-02,Kyocera Ceramic Packaging,Japan,98.1,39,Ground Fleet Line,2.81,8.7,Critical Shortage,2026-02-24
SKU-HW-01652,Redundant Power Distribution Unit 3-Phase v1.0,Power & Cooling,WH-MEA-01,Dubai Industrial Port Hub,MEA,United Arab Emirates,420,149,271,166,239,703,3417.83,1435488.6,SUP-DE-01,Siemens Industrial Automation,Germany,98.6,30,Ground Fleet Line,2.05,14.0,Optimal,2026-01-26
SKU-HW-01653,Ultra-Low Latency Spine Router v2.0,Networking Hardware,WH-US-01,California Mega-Hub,US-West,United States,252,65,187,58,105,293,11330.54,2855296.08,SUP-US-02,Broadcom Optical Networks,United States,97.8,5,Dedicated Rail Cargo,2.52,11.7,Overstocked,2026-05-12
SKU-HW-01654,Redundant Power Distribution Unit 3-Phase v3.0,Power & Cooling,WH-US-01,California Mega-Hub,US-West,United States,779,376,403,222,469,1872,3474.92,2706962.68,SUP-US-01,Supermicro Engineering Lab,United States,95.9,36,Dedicated Rail Cargo,1.72,14.1,Optimal,2026-07-20
SKU-HW-01655,Dense Wavelength Mux Transceiver v4.0,Optical Components,WH-US-01,California Mega-Hub,US-West,United States,2216,973,1243,899,1619,4209,724.52,1605536.32,SUP-TW-03,Quanta Computer Advanced Server,Taiwan,97.5,14,Ground Fleet Line,1.84,5.2,Optimal,2026-06-21
SKU-HW-01656,All-Flash NVMe High-IOPS Array v1.0,Storage Systems,WH-EU-02,Rotterdam Logistics Park,EU-West,Netherlands,251,52,199,85,181,698,14578.66,3659243.66,SUP-DE-01,Siemens Industrial Automation,Germany,98.6,33,Ocean Freight Container,2.1,13.7,Optimal,2026-06-01
SKU-HW-01657,Dense Wavelength Mux Transceiver v2.0,Optical Components,WH-APAC-04,Sydney Tech Fulfillment,APAC-ANZ,Australia,1519,692,827,553,1113,3951,696.82,1058469.58,SUP-US-01,Supermicro Engineering Lab,United States,95.9,15,Dedicated Rail Cargo,1.21,10.0,Optimal,2026-04-19
SKU-HW-01658,Ultra-Low Latency Spine Router v3.0,Networking Hardware,WH-APAC-01,Taipei Logistics Hub,APAC-East,Taiwan,107,47,60,47,70,271,10924.08,1168876.56,SUP-TW-04,Delta Electronics Power Solutions,Taiwan,98.2,32,Ocean Freight Container,2.82,13.9,Optimal,2026-03-04
SKU-HW-01659,Ultra-Low Latency Spine Router v4.0,Networking Hardware,WH-EU-01,Frankfurt Euro-Hub,EU-Central,Germany,156,59,97,65,119,342,13003.2,2028499.2,SUP-JP-02,Kyocera Ceramic Packaging,Japan,98.1,45,Air Priority Express,2.55,6.4,Optimal,2026-01-09
SKU-HW-01660,Next-Gen Firewall Threat Shield v1.0,Security Appliances,WH-MEA-01,Dubai Industrial Port Hub,MEA,United Arab Emirates,133,65,68,75,164,515,5373.22,714638.26,SUP-TW-04,Delta Electronics Power Solutions,Taiwan,98.2,30,Ocean Freight Container,0.44,5.3,Optimal,2026-07-28
SKU-HW-01661,Ultra-Low Latency Spine Router v2.0,Networking Hardware,WH-EU-01,Frankfurt Euro-Hub,EU-Central,Germany,221,35,186,45,90,248,13330.82,2946111.22,SUP-US-01,Supermicro Engineering Lab,United States,95.9,13,Air Priority Express,0.74,8.8,Overstocked,2026-01-01
SKU-HW-01662,Edge AI Gateway Controller v3.0,Edge Devices,WH-APAC-03,Singapore Gateway Center,APAC-South,Singapore,1392,296,1096,430,865,3184,1881.02,2618379.84,SUP-TW-03,Quanta Computer Advanced Server,Taiwan,97.5,21,Dedicated Rail Cargo,1.31,11.8,Optimal,2026-03-25
SKU-HW-01663,Hardware Security Module (HSM) Vault v4.0,Security Appliances,WH-EU-01,Frankfurt Euro-Hub,EU-Central,Germany,60,12,48,28,49,169,10276.72,616603.2,SUP-TW-02,Foxconn Precision Industry,Taiwan,96.8,41,Ground Fleet Line,0.18,9.2,Optimal,2026-04-30
SKU-HW-01664,All-Flash NVMe High-IOPS Array v1.0,Storage Systems,WH-EU-02,Rotterdam Logistics Park,EU-West,Netherlands,153,88,65,55,120,405,15834.77,2422719.81,SUP-TW-04,Delta Electronics Power Solutions,Taiwan,98.2,36,Air Priority Express,1.33,10.4,Optimal,2026-08-09
SKU-HW-01665,Distributed Object Storage Block v2.0,Storage Systems,WH-LATAM-01,Sao Paulo Distribution,LATAM,Brazil,136,28,108,106,169,427,6941.28,944014.08,SUP-DE-01,Siemens Industrial Automation,Germany,98.6,10,Ocean Freight Container,2.21,5.0,Optimal,2026-02-16
SKU-HW-01666,Ultra-Low Latency Spine Router v3.0,Networking Hardware,WH-US-01,California Mega-Hub,US-West,United States,83,34,49,71,108,351,13150.79,1091515.57,SUP-TW-04,Delta Electronics Power Solutions,Taiwan,98.2,31,Air Priority Express,0.67,2.8,Optimal,2026-07-05
SKU-HW-01667,Dense Wavelength Mux Transceiver v4.0,Optical Components,WH-EU-02,Rotterdam Logistics Park,EU-West,Netherlands,785,243,542,698,1260,4303,682.24,535558.4,SUP-TW-03,Quanta Computer Advanced Server,Taiwan,97.5,23,Dedicated Rail Cargo,2.61,13.2,Optimal,2026-06-10
SKU-HW-01668,Liquid-Cooled AI Inference Blade v1.0,Compute Servers,WH-LATAM-01,Sao Paulo Distribution,LATAM,Brazil,8,7,1,131,260,878,9038.74,72309.92,SUP-US-02,Broadcom Optical Networks,United States,97.8,20,Ground Fleet Line,1.61,6.6,Critical Shortage,2026-04-26
SKU-HW-01669,Ultra-Low Latency Spine Router v2.0,Networking Hardware,WH-EU-01,Frankfurt Euro-Hub,EU-Central,Germany,189,93,96,64,108,419,13376.17,2528096.13,SUP-DE-01,Siemens Industrial Automation,Germany,98.6,38,Ocean Freight Container,1.99,3.1,Optimal,2026-01-07
SKU-HW-01670,Dense Wavelength Mux Transceiver v3.0,Optical Components,WH-APAC-02,Tokyo High-Tech Depot,APAC-East,Japan,2170,1169,1001,891,1889,7435,752.85,1633684.5,SUP-TW-04,Delta Electronics Power Solutions,Taiwan,98.2,22,Ocean Freight Container,1.65,6.5,Optimal,2026-05-15
SKU-HW-01671,Redundant Power Distribution Unit 3-Phase v4.0,Power & Cooling,WH-US-03,Chicago Central Depot,US-Central,United States,206,62,144,107,173,665,3353.35,690790.1,SUP-US-01,Supermicro Engineering Lab,United States,95.9,40,Ocean Freight Container,1.21,8.5,Optimal,2026-05-03
SKU-HW-01672,100G Single-Mode Optical Transceiver v1.0,Optical Components,WH-EU-02,Rotterdam Logistics Park,EU-West,Netherlands,3233,1533,1700,1891,3000,9947,258.0,834114.0,SUP-TW-03,Quanta Computer Advanced Server,Taiwan,97.5,34,Dedicated Rail Cargo,2.4,9.4,Optimal,2026-03-01
SKU-HW-01673,High-Density GPU Tensor Server Node v2.0,Compute Servers,WH-US-02,Virginia Cloud Center,US-East,United States,59,35,24,99,203,784,15476.65,913122.35,SUP-JP-02,Kyocera Ceramic Packaging,Japan,98.1,19,Ocean Freight Container,2.13,11.0,Low Stock,2026-05-22
SKU-HW-01674,Next-Gen Firewall Threat Shield v3.0,Security Appliances,WH-EU-03,London Distribution Gateway,EU-West,United Kingdom,1197,288,909,157,339,1245,5596.17,6698615.49,SUP-US-02,Broadcom Optical Networks,United States,97.8,16,Ground Fleet Line,0.18,8.5,Overstocked,2026-06-04
SKU-HW-01675,Edge AI Gateway Controller v4.0,Edge Devices,WH-EU-03,London Distribution Gateway,EU-West,United Kingdom,3100,732,2368,469,985,3326,1964.8,6090880.0,SUP-NL-01,ASML Precision Optics Hub,Netherlands,99.1,18,Air Priority Express,2.93,6.8,Overstocked,2026-04-16
SKU-HW-01676,Ultra-Low Latency Spine Router v1.0,Networking Hardware,WH-EU-02,Rotterdam Logistics Park,EU-West,Netherlands,152,32,120,80,117,467,12885.86,1958650.72,SUP-JP-01,Murata High-Freq Components,Japan,98.9,33,Air Priority Express,1.14,10.5,Optimal,2026-06-29
SKU-HW-01677,All-Flash NVMe High-IOPS Array v2.0,Storage Systems,WH-EU-02,Rotterdam Logistics Park,EU-West,Netherlands,332,52,280,72,110,359,16312.38,5415710.16,SUP-US-01,Supermicro Engineering Lab,United States,95.9,5,Ground Fleet Line,0.87,9.2,Overstocked,2026-01-25
SKU-HW-01678,100G Single-Mode Optical Transceiver v3.0,Optical Components,WH-APAC-03,Singapore Gateway Center,APAC-South,Singapore,2124,764,1360,962,1613,6182,264.47,561734.28,SUP-KR-01,Samsung Memory Module Division,South Korea,97.2,43,Dedicated Rail Cargo,2.58,3.3,Optimal,2026-03-13
SKU-HW-01679,Next-Gen Firewall Threat Shield v4.0,Security Appliances,WH-US-02,Virginia Cloud Center,US-East,United States,276,129,147,123,178,472,5437.08,1500634.08,SUP-US-02,Broadcom Optical Networks,United States,97.8,24,Air Priority Express,0.14,7.2,Optimal,2026-02-19
SKU-HW-01680,Quantum Optical 800G Core Switch v1.0,Networking Hardware,WH-APAC-01,Taipei Logistics Hub,APAC-East,Taiwan,160,53,107,57,89,345,20084.59,3213534.4,SUP-TW-03,Quanta Computer Advanced Server,Taiwan,97.5,45,Ground Fleet Line,1.76,7.4,Optimal,2026-08-05
SKU-HW-01681,Ultra-Low Latency Spine Router v2.0,Networking Hardware,WH-EU-03,London Distribution Gateway,EU-West,United Kingdom,79,22,57,66,113,435,12256.34,968250.86,SUP-JP-01,Murata High-Freq Components,Japan,98.9,14,Air Priority Express,0.4,10.4,Optimal,2026-02-12
SKU-HW-01682,All-Flash NVMe High-IOPS Array v3.0,Storage Systems,WH-EU-03,London Distribution Gateway,EU-West,United Kingdom,191,103,88,57,119,383,15116.24,2887201.84,SUP-JP-02,Kyocera Ceramic Packaging,Japan,98.1,24,Dedicated Rail Cargo,2.22,3.7,Optimal,2026-06-23
SKU-HW-01683,Distributed Object Storage Block v4.0,Storage Systems,WH-US-02,Virginia Cloud Center,US-East,United States,400,102,298,145,226,618,6596.83,2638732.0,SUP-KR-01,Samsung Memory Module Division,South Korea,97.2,39,Air Priority Express,1.66,13.2,Optimal,2026-05-05
SKU-HW-01684,Liquid-Cooled AI Inference Blade v1.0,Compute Servers,WH-US-01,California Mega-Hub,US-West,United States,197,41,156,61,132,369,9169.55,1806401.35,SUP-US-01,Supermicro Engineering Lab,United States,95.9,33,Ocean Freight Container,0.53,8.2,Optimal,2026-02-16
SKU-HW-01685,Quantum Optical 800G Core Switch v2.0,Networking Hardware,WH-EU-02,Rotterdam Logistics Park,EU-West,Netherlands,110,26,84,78,139,413,19494.03,2144343.3,SUP-TW-04,Delta Electronics Power Solutions,Taiwan,98.2,13,Dedicated Rail Cargo,1.86,13.3,Optimal,2026-06-07
SKU-HW-01686,Next-Gen Firewall Threat Shield v3.0,Security Appliances,WH-MEA-01,Dubai Industrial Port Hub,MEA,United Arab Emirates,249,93,156,124,210,562,6199.75,1543737.75,SUP-JP-01,Murata High-Freq Components,Japan,98.9,12,Ground Fleet Line,0.69,10.5,Optimal,2026-06-07
SKU-HW-01687,Ultra-Low Latency Spine Router v4.0,Networking Hardware,WH-APAC-03,Singapore Gateway Center,APAC-South,Singapore,167,59,108,65,98,353,12367.95,2065447.65,SUP-TW-01,TSMC Advanced Semiconductor,Taiwan,99.4,12,Air Priority Express,1.68,9.2,Optimal,2026-05-25
SKU-HW-01688,Quantum Optical 800G Core Switch v1.0,Networking Hardware,WH-APAC-03,Singapore Gateway Center,APAC-South,Singapore,55,29,26,47,94,367,19443.2,1069376.0,SUP-TW-04,Delta Electronics Power Solutions,Taiwan,98.2,32,Air Priority Express,2.15,12.9,Optimal,2026-02-27
SKU-HW-01689,Distributed Object Storage Block v2.0,Storage Systems,WH-LATAM-01,Sao Paulo Distribution,LATAM,Brazil,271,94,177,149,297,949,7023.77,1903441.67,SUP-JP-02,Kyocera Ceramic Packaging,Japan,98.1,24,Air Priority Express,2.73,13.4,Optimal,2026-05-11
SKU-HW-01690,Hardware Security Module (HSM) Vault v3.0,Security Appliances,WH-EU-03,London Distribution Gateway,EU-West,United Kingdom,66,17,49,25,40,145,9445.63,623411.58,SUP-JP-02,Kyocera Ceramic Packaging,Japan,98.1,36,Ground Fleet Line,2.97,10.3,Optimal,2026-04-21
SKU-HW-01691,Industrial IoT Telemetry Sensor v4.0,Edge Devices,WH-EU-03,London Distribution Gateway,EU-West,United Kingdom,6298,3776,2522,3176,5485,17965,133.13,838452.74,SUP-TW-04,Delta Electronics Power Solutions,Taiwan,98.2,18,Ocean Freight Container,2.17,12.1,Optimal,2026-08-09
SKU-HW-01692,Hardware Security Module (HSM) Vault v1.0,Security Appliances,WH-EU-01,Frankfurt Euro-Hub,EU-Central,Germany,46,18,28,37,75,295,9873.05,454160.3,SUP-TW-04,Delta Electronics Power Solutions,Taiwan,98.2,43,Dedicated Rail Cargo,1.03,9.1,Optimal,2026-01-16
SKU-HW-01693,Hardware Security Module (HSM) Vault v2.0,Security Appliances,WH-US-03,Chicago Central Depot,US-Central,United States,49,21,28,33,67,190,9943.09,487211.41,SUP-TW-01,TSMC Advanced Semiconductor,Taiwan,99.4,13,Air Priority Express,1.04,14.1,Optimal,2026-05-10
SKU-HW-01694,Edge AI Gateway Controller v3.0,Edge Devices,WH-EU-02,Rotterdam Logistics Park,EU-West,Netherlands,85,34,51,584,893,3498,1954.59,166140.15,SUP-NL-01,ASML Precision Optics Hub,Netherlands,99.1,25,Ocean Freight Container,2.18,8.5,Critical Shortage,2026-01-08
SKU-HW-01695,High-Density GPU Tensor Server Node v4.0,Compute Servers,WH-US-02,Virginia Cloud Center,US-East,United States,109,61,48,65,142,445,13202.05,1439023.45,SUP-KR-01,Samsung Memory Module Division,South Korea,97.2,9,Ocean Freight Container,2.8,6.6,Optimal,2026-02-09
SKU-HW-01696,All-Flash NVMe High-IOPS Array v1.0,Storage Systems,WH-EU-02,Rotterdam Logistics Park,EU-West,Netherlands,103,38,65,86,130,443,15221.95,1567860.85,SUP-TW-04,Delta Electronics Power Solutions,Taiwan,98.2,27,Dedicated Rail Cargo,1.21,7.4,Optimal,2026-06-14
SKU-HW-01697,100G Single-Mode Optical Transceiver v2.0,Optical Components,WH-APAC-01,Taipei Logistics Hub,APAC-East,Taiwan,104,73,31,1576,2761,7101,255.32,26553.28,SUP-JP-01,Murata High-Freq Components,Japan,98.9,28,Dedicated Rail Cargo,1.57,13.9,Critical Shortage,2026-03-01
SKU-HW-01698,Redundant Power Distribution Unit 3-Phase v3.0,Power & Cooling,WH-APAC-03,Singapore Gateway Center,APAC-South,Singapore,796,188,608,298,584,1946,3572.27,2843526.92,SUP-TW-03,Quanta Computer Advanced Server,Taiwan,97.5,11,Ground Fleet Line,2.09,3.3,Optimal,2026-06-23
SKU-HW-01699,Dense Wavelength Mux Transceiver v4.0,Optical Components,WH-APAC-03,Singapore Gateway Center,APAC-South,Singapore,3283,1762,1521,1226,2322,8201,815.86,2678468.38,SUP-US-01,Supermicro Engineering Lab,United States,95.9,39,Air Priority Express,1.63,8.2,Optimal,2026-03-26
SKU-HW-01700,Hardware Security Module (HSM) Vault v1.0,Security Appliances,WH-APAC-03,Singapore Gateway Center,APAC-South,Singapore,356,78,278,62,125,411,9594.91,3415787.96,SUP-TW-02,Foxconn Precision Industry,Taiwan,96.8,34,Dedicated Rail Cargo,0.23,10.1,Overstocked,2026-01-18
SKU-HW-01701,Direct-to-Chip Liquid Cooling Manifold v2.0,Power & Cooling,WH-EU-03,London Distribution Gateway,EU-West,United Kingdom,209,121,88,182,398,1519,3761.29,786109.61,SUP-JP-01,Murata High-Freq Components,Japan,98.9,6,Dedicated Rail Cargo,2.9,10.8,Optimal,2026-01-18
SKU-HW-01702,Hardware Security Module (HSM) Vault v3.0,Security Appliances,WH-APAC-04,Sydney Tech Fulfillment,APAC-ANZ,Australia,147,31,116,66,109,343,8916.07,1310662.29,SUP-NL-01,ASML Precision Optics Hub,Netherlands,99.1,8,Ocean Freight Container,2.89,13.3,Optimal,2026-05-19
SKU-HW-01703,Edge AI Gateway Controller v4.0,Edge Devices,WH-US-02,Virginia Cloud Center,US-East,United States,805,364,441,305,570,1471,1837.17,1478921.85,SUP-NL-01,ASML Precision Optics Hub,Netherlands,99.1,16,Ocean Freight Container,1.53,13.8,Optimal,2026-02-19
SKU-HW-01704,Industrial IoT Telemetry Sensor v1.0,Edge Devices,WH-LATAM-01,Sao Paulo Distribution,LATAM,Brazil,2733,1639,1094,2470,3676,13973,116.29,317820.57,SUP-US-02,Broadcom Optical Networks,United States,97.8,14,Ground Fleet Line,2.21,11.2,Optimal,2026-04-15
SKU-HW-01705,Dense Wavelength Mux Transceiver v2.0,Optical Components,WH-MEA-01,Dubai Industrial Port Hub,MEA,United Arab Emirates,3473,383,3090,663,1141,3858,839.7,2916278.1,SUP-TW-03,Quanta Computer Advanced Server,Taiwan,97.5,11,Ocean Freight Container,0.96,12.7,Overstocked,2026-03-06
SKU-HW-01706,Dense Wavelength Mux Transceiver v3.0,Optical Components,WH-APAC-03,Singapore Gateway Center,APAC-South,Singapore,643,384,259,463,702,2378,747.13,480404.59,SUP-JP-01,Murata High-Freq Components,Japan,98.9,12,Air Priority Express,1.79,4.9,Optimal,2026-05-31
SKU-HW-01707,Edge AI Gateway Controller v4.0,Edge Devices,WH-MEA-01,Dubai Industrial Port Hub,MEA,United Arab Emirates,843,231,612,298,504,1312,1886.1,1589982.3,SUP-JP-02,Kyocera Ceramic Packaging,Japan,98.1,32,Ocean Freight Container,1.62,12.9,Optimal,2026-03-14
SKU-HW-01708,Industrial IoT Telemetry Sensor v1.0,Edge Devices,WH-APAC-03,Singapore Gateway Center,APAC-South,Singapore,6074,2691,3383,3668,7779,22913,136.2,827278.8,SUP-JP-02,Kyocera Ceramic Packaging,Japan,98.1,36,Air Priority Express,2.33,5.0,Optimal,2026-01-31
SKU-HW-01709,Hardware Security Module (HSM) Vault v2.0,Security Appliances,WH-APAC-02,Tokyo High-Tech Depot,APAC-East,Japan,59,28,31,33,60,164,9246.21,545526.39,SUP-TW-03,Quanta Computer Advanced Server,Taiwan,97.5,34,Dedicated Rail Cargo,1.01,11.6,Optimal,2026-05-16
SKU-HW-01710,Industrial IoT Telemetry Sensor v3.0,Edge Devices,WH-US-01,California Mega-Hub,US-West,United States,13024,2569,10455,2669,5457,13862,137.88,1795749.12,SUP-US-01,Supermicro Engineering Lab,United States,95.9,27,Ocean Freight Container,0.63,14.0,Overstocked,2026-02-21
SKU-HW-01711,Edge AI Gateway Controller v4.0,Edge Devices,WH-APAC-04,Sydney Tech Fulfillment,APAC-ANZ,Australia,358,111,247,217,442,1209,1995.67,714449.86,SUP-TW-01,TSMC Advanced Semiconductor,Taiwan,99.4,11,Air Priority Express,2.22,12.6,Optimal,2026-05-01
SKU-HW-01712,Next-Gen Firewall Threat Shield v1.0,Security Appliances,WH-APAC-03,Singapore Gateway Center,APAC-South,Singapore,221,125,96,113,203,615,5673.51,1253845.71,SUP-JP-01,Murata High-Freq Components,Japan,98.9,5,Dedicated Rail Cargo,2.68,13.6,Optimal,2026-07-12
SKU-HW-01713,All-Flash NVMe High-IOPS Array v2.0,Storage Systems,WH-EU-03,London Distribution Gateway,EU-West,United Kingdom,105,29,76,43,77,235,15708.51,1649393.55,SUP-JP-01,Murata High-Freq Components,Japan,98.9,30,Dedicated Rail Cargo,0.68,4.2,Optimal,2026-03-21
SKU-HW-01714,All-Flash NVMe High-IOPS Array v3.0,Storage Systems,WH-APAC-04,Sydney Tech Fulfillment,APAC-ANZ,Australia,155,17,138,42,64,175,16099.81,2495470.55,SUP-JP-01,Murata High-Freq Components,Japan,98.9,45,Ocean Freight Container,1.36,4.4,Overstocked,2026-01-12
SKU-HW-01715,High-Density GPU Tensor Server Node v4.0,Compute Servers,WH-APAC-04,Sydney Tech Fulfillment,APAC-ANZ,Australia,176,87,89,89,175,571,15527.1,2732769.6,SUP-TW-02,Foxconn Precision Industry,Taiwan,96.8,8,Ocean Freight Container,1.94,13.2,Optimal,2026-05-11
SKU-HW-01716,Direct-to-Chip Liquid Cooling Manifold v1.0,Power & Cooling,WH-EU-03,London Distribution Gateway,EU-West,United Kingdom,275,63,212,235,417,1629,4147.84,1140656.0,SUP-TW-04,Delta Electronics Power Solutions,Taiwan,98.2,36,Dedicated Rail Cargo,1.8,7.1,Optimal,2026-05-08
SKU-HW-01717,Redundant Power Distribution Unit 3-Phase v2.0,Power & Cooling,WH-US-03,Chicago Central Depot,US-Central,United States,250,83,167,225,383,1030,3468.99,867247.5,SUP-US-02,Broadcom Optical Networks,United States,97.8,41,Ocean Freight Container,0.4,13.1,Optimal,2026-03-17
SKU-HW-01718,100G Single-Mode Optical Transceiver v3.0,Optical Components,WH-EU-02,Rotterdam Logistics Park,EU-West,Netherlands,4961,598,4363,905,1504,5558,289.52,1436308.72,SUP-JP-01,Murata High-Freq Components,Japan,98.9,42,Dedicated Rail Cargo,1.96,7.3,Overstocked,2026-01-16
SKU-HW-01719,Ultra-Low Latency Spine Router v4.0,Networking Hardware,WH-EU-03,London Distribution Gateway,EU-West,United Kingdom,57,26,31,50,88,221,12472.51,710933.07,SUP-US-02,Broadcom Optical Networks,United States,97.8,7,Air Priority Express,3.16,9.5,Optimal,2026-05-05
SKU-HW-01720,Hardware Security Module (HSM) Vault v1.0,Security Appliances,WH-US-02,Virginia Cloud Center,US-East,United States,15,14,1,40,70,233,10175.55,152633.25,SUP-KR-01,Samsung Memory Module Division,South Korea,97.2,21,Air Priority Express,1.81,9.0,Critical Shortage,2026-03-21
SKU-HW-01721,Industrial IoT Telemetry Sensor v2.0,Edge Devices,WH-APAC-04,Sydney Tech Fulfillment,APAC-ANZ,Australia,1510,1316,194,2369,3458,12174,122.5,184975.0,SUP-JP-01,Murata High-Freq Components,Japan,98.9,25,Air Priority Express,1.38,5.0,Low Stock,2026-03-04
SKU-HW-01722,Dense Wavelength Mux Transceiver v3.0,Optical Components,WH-LATAM-01,Sao Paulo Distribution,LATAM,Brazil,3501,2054,1447,1464,2675,8235,762.24,2668602.24,SUP-KR-01,Samsung Memory Module Division,South Korea,97.2,7,Ground Fleet Line,0.84,3.7,Optimal,2026-07-28
SKU-HW-01723,Redundant Power Distribution Unit 3-Phase v4.0,Power & Cooling,WH-APAC-03,Singapore Gateway Center,APAC-South,Singapore,399,196,203,135,272,960,3268.21,1304015.79,SUP-US-02,Broadcom Optical Networks,United States,97.8,36,Air Priority Express,1.9,14.2,Optimal,2026-05-20
SKU-HW-01724,Industrial IoT Telemetry Sensor v1.0,Edge Devices,WH-US-03,Chicago Central Depot,US-Central,United States,3942,2097,1845,2292,3304,10436,133.78,527360.76,SUP-DE-01,Siemens Industrial Automation,Germany,98.6,40,Ground Fleet Line,2.65,3.6,Optimal,2026-03-23
SKU-HW-01725,Next-Gen Firewall Threat Shield v2.0,Security Appliances,WH-APAC-03,Singapore Gateway Center,APAC-South,Singapore,282,161,121,162,252,632,5163.55,1456121.1,SUP-NL-01,ASML Precision Optics Hub,Netherlands,99.1,15,Air Priority Express,1.33,7.2,Optimal,2026-01-06
SKU-HW-01726,Edge AI Gateway Controller v3.0,Edge Devices,WH-LATAM-01,Sao Paulo Distribution,LATAM,Brazil,1778,801,977,515,1121,3206,1863.66,3313587.48,SUP-US-02,Broadcom Optical Networks,United States,97.8,10,Air Priority Express,0.62,8.4,Optimal,2026-06-20
SKU-HW-01727,Dense Wavelength Mux Transceiver v4.0,Optical Components,WH-US-03,Chicago Central Depot,US-Central,United States,4032,2212,1820,1446,2819,7794,741.55,2989929.6,SUP-KR-01,Samsung Memory Module Division,South Korea,97.2,14,Air Priority Express,0.78,6.6,Optimal,2026-06-10
SKU-HW-01728,Quantum Optical 800G Core Switch v1.0,Networking Hardware,WH-US-03,Chicago Central Depot,US-Central,United States,132,57,75,80,145,514,17933.74,2367253.68,SUP-US-02,Broadcom Optical Networks,United States,97.8,16,Dedicated Rail Cargo,1.52,4.8,Optimal,2026-03-01
SKU-HW-01729,Edge AI Gateway Controller v2.0,Edge Devices,WH-APAC-03,Singapore Gateway Center,APAC-South,Singapore,298,110,188,208,345,976,1716.87,511627.26,SUP-TW-02,Foxconn Precision Industry,Taiwan,96.8,7,Air Priority Express,2.05,8.8,Optimal,2026-01-28
SKU-HW-01730,Quantum Optical 800G Core Switch v3.0,Networking Hardware,WH-EU-01,Frankfurt Euro-Hub,EU-Central,Germany,84,48,36,63,114,426,18604.26,1562757.84,SUP-TW-01,TSMC Advanced Semiconductor,Taiwan,99.4,9,Ocean Freight Container,0.57,4.1,Optimal,2026-06-10
SKU-HW-01731,Ultra-Low Latency Spine Router v4.0,Networking Hardware,WH-MEA-01,Dubai Industrial Port Hub,MEA,United Arab Emirates,79,18,61,66,110,296,12889.89,1018301.31,SUP-DE-01,Siemens Industrial Automation,Germany,98.6,33,Dedicated Rail Cargo,1.1,13.1,Optimal,2026-01-13
SKU-HW-01732,Dense Wavelength Mux Transceiver v1.0,Optical Components,WH-EU-03,London Distribution Gateway,EU-West,United Kingdom,948,380,568,563,818,2816,680.68,645284.64,SUP-TW-01,TSMC Advanced Semiconductor,Taiwan,99.4,37,Dedicated Rail Cargo,2.03,3.5,Optimal,2026-06-27
SKU-HW-01733,Liquid-Cooled AI Inference Blade v2.0,Compute Servers,WH-EU-03,London Distribution Gateway,EU-West,United Kingdom,194,43,151,98,145,542,9310.38,1806213.72,SUP-TW-01,TSMC Advanced Semiconductor,Taiwan,99.4,9,Air Priority Express,3.13,13.1,Optimal,2026-04-27
SKU-HW-01734,Hardware Security Module (HSM) Vault v3.0,Security Appliances,WH-EU-03,London Distribution Gateway,EU-West,United Kingdom,46,20,26,36,61,225,10951.32,503760.72,SUP-TW-01,TSMC Advanced Semiconductor,Taiwan,99.4,20,Air Priority Express,1.43,9.4,Optimal,2026-03-14
SKU-HW-01735,Direct-to-Chip Liquid Cooling Manifold v4.0,Power & Cooling,WH-EU-01,Frankfurt Euro-Hub,EU-Central,Germany,194,48,146,107,201,512,4511.87,875302.78,SUP-JP-01,Murata High-Freq Components,Japan,98.9,29,Air Priority Express,2.53,6.2,Optimal,2026-04-15
SKU-HW-01736,Liquid-Cooled AI Inference Blade v1.0,Compute Servers,WH-US-01,California Mega-Hub,US-West,United States,183,104,79,89,181,532,8694.01,1591003.83,SUP-KR-01,Samsung Memory Module Division,South Korea,97.2,9,Ocean Freight Container,1.52,12.7,Optimal,2026-04-17
SKU-HW-01737,Dense Wavelength Mux Transceiver v2.0,Optical Components,WH-US-03,Chicago Central Depot,US-Central,United States,187,153,34,1368,2587,8864,827.4,154723.8,SUP-NL-01,ASML Precision Optics Hub,Netherlands,99.1,17,Dedicated Rail Cargo,1.55,2.7,Critical Shortage,2026-07-18
SKU-HW-01738,Hardware Security Module (HSM) Vault v3.0,Security Appliances,WH-APAC-04,Sydney Tech Fulfillment,APAC-ANZ,Australia,148,51,97,60,93,334,10746.86,1590535.28,SUP-TW-02,Foxconn Precision Industry,Taiwan,96.8,22,Air Priority Express,3.15,13.4,Optimal,2026-06-21
SKU-HW-01739,Distributed Object Storage Block v4.0,Storage Systems,WH-APAC-03,Singapore Gateway Center,APAC-South,Singapore,118,45,73,89,131,400,6472.44,763747.92,SUP-US-01,Supermicro Engineering Lab,United States,95.9,6,Ground Fleet Line,2.71,6.7,Optimal,2026-04-20
SKU-HW-01740,Edge AI Gateway Controller v1.0,Edge Devices,WH-US-03,Chicago Central Depot,US-Central,United States,686,205,481,563,963,3773,1694.03,1162104.58,SUP-JP-01,Murata High-Freq Components,Japan,98.9,35,Ocean Freight Container,2.95,11.1,Optimal,2026-03-01
SKU-HW-01741,Redundant Power Distribution Unit 3-Phase v2.0,Power & Cooling,WH-APAC-01,Taipei Logistics Hub,APAC-East,Taiwan,1044,106,938,228,331,1136,2981.34,3112518.96,SUP-JP-02,Kyocera Ceramic Packaging,Japan,98.1,34,Ground Fleet Line,2.85,13.3,Overstocked,2026-04-20
SKU-HW-01742,Direct-to-Chip Liquid Cooling Manifold v3.0,Power & Cooling,WH-US-01,California Mega-Hub,US-West,United States,208,103,105,161,257,917,4430.99,921645.92,SUP-TW-01,TSMC Advanced Semiconductor,Taiwan,99.4,24,Air Priority Express,0.86,13.3,Optimal,2026-03-02
SKU-HW-01743,Hardware Security Module (HSM) Vault v4.0,Security Appliances,WH-APAC-04,Sydney Tech Fulfillment,APAC-ANZ,Australia,96,42,54,63,96,297,9425.21,904820.16,SUP-NL-01,ASML Precision Optics Hub,Netherlands,99.1,27,Air Priority Express,1.89,10.7,Optimal,2026-01-28
SKU-HW-01744,Dense Wavelength Mux Transceiver v1.0,Optical Components,WH-EU-01,Frankfurt Euro-Hub,EU-Central,Germany,2284,734,1550,877,1360,5264,820.23,1873405.32,SUP-JP-02,Kyocera Ceramic Packaging,Japan,98.1,10,Dedicated Rail Cargo,2.94,13.1,Optimal,2026-05-27
SKU-HW-01745,Dense Wavelength Mux Transceiver v2.0,Optical Components,WH-APAC-04,Sydney Tech Fulfillment,APAC-ANZ,Australia,3684,1646,2038,1364,2993,9520,751.25,2767605.0,SUP-TW-03,Quanta Computer Advanced Server,Taiwan,97.5,31,Air Priority Express,2.94,7.1,Optimal,2026-01-15
SKU-HW-01746,Liquid-Cooled AI Inference Blade v3.0,Compute Servers,WH-EU-01,Frankfurt Euro-Hub,EU-Central,Germany,69,45,24,146,277,900,8238.22,568437.18,SUP-TW-02,Foxconn Precision Industry,Taiwan,96.8,43,Ground Fleet Line,2.15,8.6,Low Stock,2026-08-05
SKU-HW-01747,Direct-to-Chip Liquid Cooling Manifold v4.0,Power & Cooling,WH-US-03,Chicago Central Depot,US-Central,United States,223,57,166,94,174,675,4460.19,994622.37,SUP-KR-01,Samsung Memory Module Division,South Korea,97.2,25,Dedicated Rail Cargo,0.2,11.8,Optimal,2026-06-05
SKU-HW-01748,100G Single-Mode Optical Transceiver v1.0,Optical Components,WH-US-01,California Mega-Hub,US-West,United States,5257,1859,3398,2156,3063,12238,310.16,1630511.12,SUP-US-02,Broadcom Optical Networks,United States,97.8,30,Air Priority Express,1.1,13.2,Optimal,2026-01-01
SKU-HW-01749,Edge AI Gateway Controller v2.0,Edge Devices,WH-APAC-03,Singapore Gateway Center,APAC-South,Singapore,839,342,497,293,601,2170,1675.71,1405920.69,SUP-KR-01,Samsung Memory Module Division,South Korea,97.2,43,Ground Fleet Line,0.67,10.0,Optimal,2026-03-09
SKU-HW-01750,High-Density GPU Tensor Server Node v3.0,Compute Servers,WH-APAC-02,Tokyo High-Tech Depot,APAC-East,Japan,94,34,60,59,110,303,13085.27,1230015.38,SUP-DE-01,Siemens Industrial Automation,Germany,98.6,11,Ground Fleet Line,1.46,4.1,Optimal,2026-05-08
SKU-HW-01751,Direct-to-Chip Liquid Cooling Manifold v4.0,Power & Cooling,WH-LATAM-01,Sao Paulo Distribution,LATAM,Brazil,392,54,338,88,163,411,4376.63,1715638.96,SUP-JP-01,Murata High-Freq Components,Japan,98.9,8,Air Priority Express,2.18,4.4,Overstocked,2026-02-01
SKU-HW-01752,Next-Gen Firewall Threat Shield v1.0,Security Appliances,WH-APAC-03,Singapore Gateway Center,APAC-South,Singapore,73,19,54,62,99,302,5387.69,393301.37,SUP-US-02,Broadcom Optical Networks,United States,97.8,10,Ocean Freight Container,2.51,13.9,Optimal,2026-07-13
SKU-HW-01753,Hardware Security Module (HSM) Vault v2.0,Security Appliances,WH-MEA-01,Dubai Industrial Port Hub,MEA,United Arab Emirates,67,19,48,56,83,250,10349.48,693415.16,SUP-NL-01,ASML Precision Optics Hub,Netherlands,99.1,35,Air Priority Express,1.07,11.1,Optimal,2026-01-08
SKU-HW-01754,High-Density GPU Tensor Server Node v3.0,Compute Servers,WH-APAC-02,Tokyo High-Tech Depot,APAC-East,Japan,94,21,73,73,154,419,14819.62,1393044.28,SUP-NL-01,ASML Precision Optics Hub,Netherlands,99.1,7,Ocean Freight Container,2.31,11.7,Optimal,2026-01-28
SKU-HW-01755,Distributed Object Storage Block v4.0,Storage Systems,WH-US-03,Chicago Central Depot,US-Central,United States,220,104,116,102,146,509,7078.53,1557276.6,SUP-US-02,Broadcom Optical Networks,United States,97.8,41,Dedicated Rail Cargo,2.29,8.3,Optimal,2026-06-23
SKU-HW-01756,Industrial IoT Telemetry Sensor v1.0,Edge Devices,WH-US-02,Virginia Cloud Center,US-East,United States,4795,1795,3000,3956,8023,25455,124.41,596545.95,SUP-JP-02,Kyocera Ceramic Packaging,Japan,98.1,43,Ground Fleet Line,0.82,6.5,Optimal,2026-07-21
SKU-HW-01757,Redundant Power Distribution Unit 3-Phase v2.0,Power & Cooling,WH-APAC-02,Tokyo High-Tech Depot,APAC-East,Japan,739,167,572,166,310,843,3378.48,2496696.72,SUP-DE-01,Siemens Industrial Automation,Germany,98.6,11,Air Priority Express,0.08,13.3,Overstocked,2026-06-12
SKU-HW-01758,Redundant Power Distribution Unit 3-Phase v3.0,Power & Cooling,WH-US-02,Virginia Cloud Center,US-East,United States,448,100,348,120,263,787,3240.85,1451900.8,SUP-JP-01,Murata High-Freq Components,Japan,98.9,17,Ground Fleet Line,1.39,3.8,Optimal,2026-04-15
SKU-HW-01759,Distributed Object Storage Block v4.0,Storage Systems,WH-APAC-03,Singapore Gateway Center,APAC-South,Singapore,436,232,204,180,325,1201,5880.77,2564015.72,SUP-JP-02,Kyocera Ceramic Packaging,Japan,98.1,6,Ground Fleet Line,0.26,10.7,Optimal,2026-01-20
SKU-HW-01760,Quantum Optical 800G Core Switch v1.0,Networking Hardware,WH-EU-03,London Distribution Gateway,EU-West,United Kingdom,77,40,37,58,97,281,19453.87,1497947.99,SUP-US-01,Supermicro Engineering Lab,United States,95.9,35,Ocean Freight Container,2.68,12.9,Optimal,2026-03-10
SKU-HW-01761,High-Density GPU Tensor Server Node v2.0,Compute Servers,WH-APAC-03,Singapore Gateway Center,APAC-South,Singapore,218,89,129,79,129,375,13910.4,3032467.2,SUP-TW-04,Delta Electronics Power Solutions,Taiwan,98.2,25,Air Priority Express,0.23,7.8,Optimal,2026-01-28
SKU-HW-01762,Industrial IoT Telemetry Sensor v3.0,Edge Devices,WH-EU-03,London Distribution Gateway,EU-West,United Kingdom,797,681,116,4293,6858,22184,122.89,97943.33,SUP-US-02,Broadcom Optical Networks,United States,97.8,37,Air Priority Express,1.75,11.4,Critical Shortage,2026-02-21
SKU-HW-01763,Quantum Optical 800G Core Switch v4.0,Networking Hardware,WH-US-01,California Mega-Hub,US-West,United States,157,46,111,76,118,424,18553.49,2912897.93,SUP-TW-01,TSMC Advanced Semiconductor,Taiwan,99.4,5,Air Priority Express,0.44,13.8,Optimal,2026-07-27
SKU-HW-01764,Direct-to-Chip Liquid Cooling Manifold v1.0,Power & Cooling,WH-APAC-04,Sydney Tech Fulfillment,APAC-ANZ,Australia,443,160,283,197,377,1017,4163.58,1844465.94,SUP-TW-03,Quanta Computer Advanced Server,Taiwan,97.5,44,Ocean Freight Container,1.03,8.8,Optimal,2026-05-02
SKU-HW-01765,100G Single-Mode Optical Transceiver v2.0,Optical Components,WH-LATAM-01,Sao Paulo Distribution,LATAM,Brazil,3630,917,2713,1708,2530,9033,254.69,924524.7,SUP-US-02,Broadcom Optical Networks,United States,97.8,28,Ocean Freight Container,0.3,3.9,Optimal,2026-03-22
SKU-HW-01766,Hardware Security Module (HSM) Vault v3.0,Security Appliances,WH-APAC-02,Tokyo High-Tech Depot,APAC-East,Japan,94,23,71,33,66,198,9994.99,939529.06,SUP-TW-02,Foxconn Precision Industry,Taiwan,96.8,5,Ground Fleet Line,1.72,7.3,Optimal,2026-08-04
SKU-HW-01767,Next-Gen Firewall Threat Shield v4.0,Security Appliances,WH-APAC-01,Taipei Logistics Hub,APAC-East,Taiwan,298,158,140,106,194,494,6098.18,1817257.64,SUP-US-01,Supermicro Engineering Lab,United States,95.9,42,Air Priority Express,2.08,5.0,Optimal,2026-04-24
SKU-HW-01768,All-Flash NVMe High-IOPS Array v1.0,Storage Systems,WH-APAC-04,Sydney Tech Fulfillment,APAC-ANZ,Australia,5,3,2,54,91,295,14327.3,71636.5,SUP-JP-01,Murata High-Freq Components,Japan,98.9,24,Ground Fleet Line,1.41,12.9,Critical Shortage,2026-01-20
SKU-HW-01769,Distributed Object Storage Block v2.0,Storage Systems,WH-EU-03,London Distribution Gateway,EU-West,United Kingdom,338,197,141,193,384,1345,6927.36,2341447.68,SUP-JP-01,Murata High-Freq Components,Japan,98.9,9,Air Priority Express,0.83,14.0,Optimal,2026-05-15
SKU-HW-01770,Ultra-Low Latency Spine Router v3.0,Networking Hardware,WH-APAC-04,Sydney Tech Fulfillment,APAC-ANZ,Australia,285,77,208,91,163,548,11245.69,3205021.65,SUP-TW-01,TSMC Advanced Semiconductor,Taiwan,99.4,6,Ground Fleet Line,2.6,3.5,Optimal,2026-06-14
SKU-HW-01771,Liquid-Cooled AI Inference Blade v4.0,Compute Servers,WH-EU-01,Frankfurt Euro-Hub,EU-Central,Germany,458,144,314,142,279,776,8064.26,3693431.08,SUP-US-01,Supermicro Engineering Lab,United States,95.9,43,Dedicated Rail Cargo,1.96,8.3,Optimal,2026-02-22
SKU-HW-01772,Edge AI Gateway Controller v1.0,Edge Devices,WH-APAC-02,Tokyo High-Tech Depot,APAC-East,Japan,613,355,258,451,699,2751,1778.61,1090287.93,SUP-JP-01,Murata High-Freq Components,Japan,98.9,41,Dedicated Rail Cargo,3.05,6.8,Optimal,2026-05-25
SKU-HW-01773,Hardware Security Module (HSM) Vault v2.0,Security Appliances,WH-APAC-01,Taipei Logistics Hub,APAC-East,Taiwan,2,1,1,35,76,268,9365.56,18731.12,SUP-JP-02,Kyocera Ceramic Packaging,Japan,98.1,16,Air Priority Express,1.56,3.8,Critical Shortage,2026-01-24
SKU-HW-01774,Edge AI Gateway Controller v3.0,Edge Devices,WH-APAC-04,Sydney Tech Fulfillment,APAC-ANZ,Australia,1357,238,1119,346,559,1552,2061.04,2796831.28,SUP-KR-01,Samsung Memory Module Division,South Korea,97.2,16,Dedicated Rail Cargo,1.6,13.1,Overstocked,2026-03-21
SKU-HW-01775,Quantum Optical 800G Core Switch v4.0,Networking Hardware,WH-APAC-04,Sydney Tech Fulfillment,APAC-ANZ,Australia,127,75,52,53,115,449,19327.9,2454643.3,SUP-DE-01,Siemens Industrial Automation,Germany,98.6,35,Air Priority Express,0.57,2.9,Optimal,2026-03-01
SKU-HW-01776,Liquid-Cooled AI Inference Blade v1.0,Compute Servers,WH-APAC-01,Taipei Logistics Hub,APAC-East,Taiwan,133,59,74,65,110,367,8093.44,1076427.52,SUP-JP-02,Kyocera Ceramic Packaging,Japan,98.1,43,Ground Fleet Line,2.06,7.1,Optimal,2026-05-04
SKU-HW-01777,Distributed Object Storage Block v2.0,Storage Systems,WH-EU-01,Frankfurt Euro-Hub,EU-Central,Germany,61,47,14,152,281,796,7083.86,432115.46,SUP-TW-03,Quanta Computer Advanced Server,Taiwan,97.5,26,Air Priority Express,1.19,8.7,Low Stock,2026-01-30
SKU-HW-01778,Direct-to-Chip Liquid Cooling Manifold v3.0,Power & Cooling,WH-LATAM-01,Sao Paulo Distribution,LATAM,Brazil,726,82,644,150,260,765,4152.49,3014707.74,SUP-NL-01,ASML Precision Optics Hub,Netherlands,99.1,38,Air Priority Express,2.7,11.0,Overstocked,2026-04-13
SKU-HW-01779,Industrial IoT Telemetry Sensor v4.0,Edge Devices,WH-US-01,California Mega-Hub,US-West,United States,13067,3860,9207,4576,7953,22444,124.12,1621876.04,SUP-TW-01,TSMC Advanced Semiconductor,Taiwan,99.4,9,Air Priority Express,2.45,7.1,Optimal,2026-05-08
SKU-HW-01780,Next-Gen Firewall Threat Shield v1.0,Security Appliances,WH-US-01,California Mega-Hub,US-West,United States,175,39,136,69,127,324,5581.13,976697.75,SUP-DE-01,Siemens Industrial Automation,Germany,98.6,20,Dedicated Rail Cargo,0.19,5.8,Optimal,2026-03-15
SKU-HW-01781,Direct-to-Chip Liquid Cooling Manifold v2.0,Power & Cooling,WH-APAC-03,Singapore Gateway Center,APAC-South,Singapore,347,183,164,237,335,893,4583.14,1590349.58,SUP-US-01,Supermicro Engineering Lab,United States,95.9,8,Air Priority Express,0.28,6.8,Optimal,2026-01-07
SKU-HW-01782,All-Flash NVMe High-IOPS Array v3.0,Storage Systems,WH-APAC-04,Sydney Tech Fulfillment,APAC-ANZ,Australia,189,109,80,63,115,337,14476.38,2736035.82,SUP-DE-01,Siemens Industrial Automation,Germany,98.6,6,Air Priority Express,2.69,11.1,Optimal,2026-03-03
SKU-HW-01783,Ultra-Low Latency Spine Router v4.0,Networking Hardware,WH-APAC-03,Singapore Gateway Center,APAC-South,Singapore,128,31,97,48,92,262,12377.34,1584299.52,SUP-JP-01,Murata High-Freq Components,Japan,98.9,14,Ocean Freight Container,1.63,3.9,Optimal,2026-01-21
SKU-HW-01784,100G Single-Mode Optical Transceiver v1.0,Optical Components,WH-APAC-03,Singapore Gateway Center,APAC-South,Singapore,1376,488,888,985,1422,4612,269.12,370309.12,SUP-JP-01,Murata High-Freq Components,Japan,98.9,39,Dedicated Rail Cargo,0.72,13.7,Optimal,2026-06-19
SKU-HW-01785,Industrial IoT Telemetry Sensor v2.0,Edge Devices,WH-APAC-01,Taipei Logistics Hub,APAC-East,Taiwan,6763,2956,3807,4085,8498,25317,138.82,938839.66,SUP-TW-01,TSMC Advanced Semiconductor,Taiwan,99.4,22,Ocean Freight Container,0.95,8.1,Optimal,2026-08-08
SKU-HW-01786,Quantum Optical 800G Core Switch v3.0,Networking Hardware,WH-US-03,Chicago Central Depot,US-Central,United States,94,30,64,60,91,345,17816.3,1674732.2,SUP-US-02,Broadcom Optical Networks,United States,97.8,20,Ocean Freight Container,2.04,3.0,Optimal,2026-06-25
SKU-HW-01787,100G Single-Mode Optical Transceiver v4.0,Optical Components,WH-EU-01,Frankfurt Euro-Hub,EU-Central,Germany,5785,2378,3407,2624,4367,11574,260.39,1506356.15,SUP-TW-03,Quanta Computer Advanced Server,Taiwan,97.5,24,Dedicated Rail Cargo,2.17,3.3,Optimal,2026-04-27
SKU-HW-01788,Ultra-Low Latency Spine Router v1.0,Networking Hardware,WH-US-01,California Mega-Hub,US-West,United States,210,105,105,72,146,517,12945.64,2718584.4,SUP-KR-01,Samsung Memory Module Division,South Korea,97.2,41,Ocean Freight Container,0.96,13.1,Optimal,2026-06-18
SKU-HW-01789,Quantum Optical 800G Core Switch v2.0,Networking Hardware,WH-EU-02,Rotterdam Logistics Park,EU-West,Netherlands,121,48,73,40,75,297,19956.85,2414778.85,SUP-TW-02,Foxconn Precision Industry,Taiwan,96.8,15,Ocean Freight Container,1.67,8.4,Optimal,2026-02-08
SKU-HW-01790,High-Density GPU Tensor Server Node v3.0,Compute Servers,WH-APAC-04,Sydney Tech Fulfillment,APAC-ANZ,Australia,50,36,14,78,147,375,14927.88,746394.0,SUP-TW-04,Delta Electronics Power Solutions,Taiwan,98.2,44,Ocean Freight Container,1.33,7.6,Low Stock,2026-04-05
SKU-HW-01791,Next-Gen Firewall Threat Shield v4.0,Security Appliances,WH-US-02,Virginia Cloud Center,US-East,United States,182,89,93,103,166,598,6197.37,1127921.34,SUP-NL-01,ASML Precision Optics Hub,Netherlands,99.1,14,Ground Fleet Line,2.95,8.2,Optimal,2026-04-20
SKU-HW-01792,Redundant Power Distribution Unit 3-Phase v1.0,Power & Cooling,WH-EU-01,Frankfurt Euro-Hub,EU-Central,Germany,415,194,221,152,331,953,3437.66,1426628.9,SUP-TW-03,Quanta Computer Advanced Server,Taiwan,97.5,28,Ground Fleet Line,2.06,12.4,Optimal,2026-02-26
SKU-HW-01793,Industrial IoT Telemetry Sensor v2.0,Edge Devices,WH-APAC-03,Singapore Gateway Center,APAC-South,Singapore,1594,926,668,3933,6122,23580,115.04,183373.76,SUP-US-01,Supermicro Engineering Lab,United States,95.9,12,Ocean Freight Container,2.76,7.4,Low Stock,2026-03-30
SKU-HW-01794,Edge AI Gateway Controller v3.0,Edge Devices,WH-MEA-01,Dubai Industrial Port Hub,MEA,United Arab Emirates,1258,688,570,380,787,2008,1818.92,2288201.36,SUP-KR-01,Samsung Memory Module Division,South Korea,97.2,10,Dedicated Rail Cargo,2.01,3.5,Optimal,2026-05-19
SKU-HW-01795,Ultra-Low Latency Spine Router v4.0,Networking Hardware,WH-EU-01,Frankfurt Euro-Hub,EU-Central,Germany,114,23,91,65,99,341,11413.28,1301113.92,SUP-TW-04,Delta Electronics Power Solutions,Taiwan,98.2,18,Dedicated Rail Cargo,2.45,6.1,Optimal,2026-07-14
SKU-HW-01796,Hardware Security Module (HSM) Vault v1.0,Security Appliances,WH-US-01,California Mega-Hub,US-West,United States,75,19,56,30,43,122,10391.09,779331.75,SUP-TW-04,Delta Electronics Power Solutions,Taiwan,98.2,45,Ocean Freight Container,0.47,3.5,Optimal,2026-04-27
SKU-HW-01797,Ultra-Low Latency Spine Router v2.0,Networking Hardware,WH-APAC-03,Singapore Gateway Center,APAC-South,Singapore,494,88,406,80,139,549,13044.03,6443750.82,SUP-TW-03,Quanta Computer Advanced Server,Taiwan,97.5,40,Ground Fleet Line,1.38,2.5,Overstocked,2026-05-04
SKU-HW-01798,High-Density GPU Tensor Server Node v3.0,Compute Servers,WH-APAC-04,Sydney Tech Fulfillment,APAC-ANZ,Australia,241,120,121,81,148,489,16149.6,3892053.6,SUP-KR-01,Samsung Memory Module Division,South Korea,97.2,37,Ground Fleet Line,1.04,7.5,Optimal,2026-01-26
SKU-HW-01799,Direct-to-Chip Liquid Cooling Manifold v4.0,Power & Cooling,WH-US-03,Chicago Central Depot,US-Central,United States,2,0,2,164,304,1198,4203.51,8407.02,SUP-KR-01,Samsung Memory Module Division,South Korea,97.2,38,Dedicated Rail Cargo,1.88,4.9,Critical Shortage,2026-08-09
SKU-HW-01800,Ultra-Low Latency Spine Router v1.0,Networking Hardware,WH-EU-03,London Distribution Gateway,EU-West,United Kingdom,139,67,72,55,83,262,12953.0,1800467.0,SUP-TW-01,TSMC Advanced Semiconductor,Taiwan,99.4,43,Dedicated Rail Cargo,2.72,11.2,Optimal,2026-02-18
SKU-HW-01801,Next-Gen Firewall Threat Shield v2.0,Security Appliances,WH-LATAM-01,Sao Paulo Distribution,LATAM,Brazil,550,112,438,149,318,1197,5194.65,2857057.5,SUP-DE-01,Siemens Industrial Automation,Germany,98.6,30,Dedicated Rail Cargo,2.51,4.9,Optimal,2026-03-02
SKU-HW-01802,Direct-to-Chip Liquid Cooling Manifold v3.0,Power & Cooling,WH-MEA-01,Dubai Industrial Port Hub,MEA,United Arab Emirates,452,146,306,235,342,905,4514.02,2040337.04,SUP-US-02,Broadcom Optical Networks,United States,97.8,12,Air Priority Express,1.12,14.1,Optimal,2026-04-09
SKU-HW-01803,All-Flash NVMe High-IOPS Array v4.0,Storage Systems,WH-MEA-01,Dubai Industrial Port Hub,MEA,United Arab Emirates,173,88,85,61,124,422,16429.19,2842249.87,SUP-DE-01,Siemens Industrial Automation,Germany,98.6,43,Ground Fleet Line,1.82,7.6,Optimal,2026-01-05
SKU-HW-01804,High-Density GPU Tensor Server Node v1.0,Compute Servers,WH-APAC-03,Singapore Gateway Center,APAC-South,Singapore,116,61,55,103,144,400,13061.36,1515117.76,SUP-TW-01,TSMC Advanced Semiconductor,Taiwan,99.4,37,Dedicated Rail Cargo,2.76,10.2,Optimal,2026-05-25
SKU-HW-01805,Liquid-Cooled AI Inference Blade v2.0,Compute Servers,WH-EU-01,Frankfurt Euro-Hub,EU-Central,Germany,46,23,23,91,135,516,9223.24,424269.04,SUP-NL-01,ASML Precision Optics Hub,Netherlands,99.1,38,Ocean Freight Container,0.37,4.4,Low Stock,2026-06-30
SKU-HW-01806,High-Density GPU Tensor Server Node v3.0,Compute Servers,WH-EU-02,Rotterdam Logistics Park,EU-West,Netherlands,166,38,128,63,100,313,13564.53,2251711.98,SUP-NL-01,ASML Precision Optics Hub,Netherlands,99.1,44,Ground Fleet Line,0.52,14.1,Optimal,2026-05-24
SKU-HW-01807,Direct-to-Chip Liquid Cooling Manifold v4.0,Power & Cooling,WH-LATAM-01,Sao Paulo Distribution,LATAM,Brazil,159,34,125,123,178,670,4332.6,688883.4,SUP-TW-04,Delta Electronics Power Solutions,Taiwan,98.2,28,Air Priority Express,0.07,7.4,Optimal,2026-01-13
SKU-HW-01808,Next-Gen Firewall Threat Shield v1.0,Security Appliances,WH-MEA-01,Dubai Industrial Port Hub,MEA,United Arab Emirates,86,64,22,125,205,660,5643.86,485371.96,SUP-KR-01,Samsung Memory Module Division,South Korea,97.2,7,Ground Fleet Line,2.17,13.6,Low Stock,2026-08-02
SKU-HW-01809,100G Single-Mode Optical Transceiver v2.0,Optical Components,WH-APAC-01,Taipei Logistics Hub,APAC-East,Taiwan,3234,1078,2156,1787,2648,6751,293.32,948596.88,SUP-US-02,Broadcom Optical Networks,United States,97.8,9,Dedicated Rail Cargo,0.49,13.2,Optimal,2026-04-09
SKU-HW-01810,Distributed Object Storage Block v3.0,Storage Systems,WH-MEA-01,Dubai Industrial Port Hub,MEA,United Arab Emirates,144,65,79,90,144,546,5991.52,862778.88,SUP-TW-04,Delta Electronics Power Solutions,Taiwan,98.2,27,Air Priority Express,1.57,6.9,Optimal,2026-02-09
SKU-HW-01811,Ultra-Low Latency Spine Router v4.0,Networking Hardware,WH-EU-01,Frankfurt Euro-Hub,EU-Central,Germany,144,81,63,69,146,446,13376.47,1926211.68,SUP-TW-03,Quanta Computer Advanced Server,Taiwan,97.5,21,Ocean Freight Container,0.31,13.4,Optimal,2026-07-19
SKU-HW-01812,Hardware Security Module (HSM) Vault v1.0,Security Appliances,WH-LATAM-01,Sao Paulo Distribution,LATAM,Brazil,187,35,152,38,83,208,10430.56,1950514.72,SUP-NL-01,ASML Precision Optics Hub,Netherlands,99.1,37,Ground Fleet Line,3.03,11.7,Overstocked,2026-07-02
SKU-HW-01813,Edge AI Gateway Controller v2.0,Edge Devices,WH-EU-01,Frankfurt Euro-Hub,EU-Central,Germany,1300,226,1074,302,535,1459,2042.09,2654717.0,SUP-TW-01,TSMC Advanced Semiconductor,Taiwan,99.4,21,Ocean Freight Container,1.32,9.5,Overstocked,2026-04-24
SKU-HW-01814,Next-Gen Firewall Threat Shield v3.0,Security Appliances,WH-US-01,California Mega-Hub,US-West,United States,18,12,6,160,289,964,6053.17,108957.06,SUP-TW-02,Foxconn Precision Industry,Taiwan,96.8,33,Ocean Freight Container,0.6,10.4,Critical Shortage,2026-03-01
SKU-HW-01815,100G Single-Mode Optical Transceiver v4.0,Optical Components,WH-EU-03,London Distribution Gateway,EU-West,United Kingdom,2776,1470,1306,1677,2714,10300,278.45,772977.2,SUP-JP-02,Kyocera Ceramic Packaging,Japan,98.1,13,Ocean Freight Container,1.37,3.4,Optimal,2026-02-01
SKU-HW-01816,All-Flash NVMe High-IOPS Array v1.0,Storage Systems,WH-LATAM-01,Sao Paulo Distribution,LATAM,Brazil,97,49,48,44,68,170,16866.93,1636092.21,SUP-NL-01,ASML Precision Optics Hub,Netherlands,99.1,33,Ground Fleet Line,1.38,11.0,Optimal,2026-04-14
SKU-HW-01817,Liquid-Cooled AI Inference Blade v2.0,Compute Servers,WH-LATAM-01,Sao Paulo Distribution,LATAM,Brazil,89,37,52,75,134,382,8306.26,739257.14,SUP-DE-01,Siemens Industrial Automation,Germany,98.6,20,Ocean Freight Container,2.25,9.1,Optimal,2026-03-05
SKU-HW-01818,Dense Wavelength Mux Transceiver v3.0,Optical Components,WH-US-02,Virginia Cloud Center,US-East,United States,153,130,23,935,1600,6272,774.77,118539.81,SUP-US-02,Broadcom Optical Networks,United States,97.8,30,Ground Fleet Line,0.97,9.0,Critical Shortage,2026-01-29
SKU-HW-01819,100G Single-Mode Optical Transceiver v4.0,Optical Components,WH-LATAM-01,Sao Paulo Distribution,LATAM,Brazil,3728,965,2763,2537,4898,19543,279.44,1041752.32,SUP-TW-02,Foxconn Precision Industry,Taiwan,96.8,36,Ground Fleet Line,2.95,14.0,Optimal,2026-03-25
SKU-HW-01820,Hardware Security Module (HSM) Vault v1.0,Security Appliances,WH-MEA-01,Dubai Industrial Port Hub,MEA,United Arab Emirates,112,38,74,52,85,267,9803.45,1097986.4,SUP-KR-01,Samsung Memory Module Division,South Korea,97.2,45,Air Priority Express,0.63,13.7,Optimal,2026-05-02
SKU-HW-01821,Next-Gen Firewall Threat Shield v2.0,Security Appliances,WH-APAC-02,Tokyo High-Tech Depot,APAC-East,Japan,319,166,153,156,253,903,5545.85,1769126.15,SUP-NL-01,ASML Precision Optics Hub,Netherlands,99.1,34,Ground Fleet Line,0.82,6.0,Optimal,2026-04-26
SKU-HW-01822,100G Single-Mode Optical Transceiver v3.0,Optical Components,WH-APAC-03,Singapore Gateway Center,APAC-South,Singapore,2852,1626,1226,1246,1935,6761,254.52,725891.04,SUP-TW-03,Quanta Computer Advanced Server,Taiwan,97.5,15,Air Priority Express,0.79,4.0,Optimal,2026-03-09
SKU-HW-01823,Quantum Optical 800G Core Switch v4.0,Networking Hardware,WH-US-01,California Mega-Hub,US-West,United States,141,55,86,53,83,316,18357.5,2588407.5,SUP-NL-01,ASML Precision Optics Hub,Netherlands,99.1,8,Dedicated Rail Cargo,2.6,12.2,Optimal,2026-02-04
SKU-HW-01824,Edge AI Gateway Controller v1.0,Edge Devices,WH-APAC-02,Tokyo High-Tech Depot,APAC-East,Japan,184,149,35,298,628,2330,1897.94,349220.96,SUP-JP-01,Murata High-Freq Components,Japan,98.9,17,Air Priority Express,0.9,4.8,Low Stock,2026-07-22
SKU-HW-01825,Industrial IoT Telemetry Sensor v2.0,Edge Devices,WH-APAC-02,Tokyo High-Tech Depot,APAC-East,Japan,16042,4432,11610,4458,6340,16725,135.6,2175295.2,SUP-KR-01,Samsung Memory Module Division,South Korea,97.2,16,Ocean Freight Container,1.63,6.1,Overstocked,2026-08-08
SKU-HW-01826,Direct-to-Chip Liquid Cooling Manifold v3.0,Power & Cooling,WH-APAC-04,Sydney Tech Fulfillment,APAC-ANZ,Australia,121,51,70,82,175,550,4024.19,486926.99,SUP-US-01,Supermicro Engineering Lab,United States,95.9,8,Ground Fleet Line,0.68,9.5,Optimal,2026-04-04
SKU-HW-01827,All-Flash NVMe High-IOPS Array v4.0,Storage Systems,WH-EU-02,Rotterdam Logistics Park,EU-West,Netherlands,119,30,89,59,103,370,13860.05,1649345.95,SUP-JP-02,Kyocera Ceramic Packaging,Japan,98.1,44,Air Priority Express,2.15,13.9,Optimal,2026-07-02
SKU-HW-01828,Edge AI Gateway Controller v1.0,Edge Devices,WH-EU-03,London Distribution Gateway,EU-West,United Kingdom,395,223,172,243,365,1132,1827.4,721823.0,SUP-TW-02,Foxconn Precision Industry,Taiwan,96.8,17,Ground Fleet Line,0.17,4.4,Optimal,2026-06-16
SKU-HW-01829,Liquid-Cooled AI Inference Blade v2.0,Compute Servers,WH-EU-02,Rotterdam Logistics Park,EU-West,Netherlands,234,92,142,90,165,521,8721.38,2040802.92,SUP-TW-02,Foxconn Precision Industry,Taiwan,96.8,8,Air Priority Express,0.07,8.7,Optimal,2026-03-11
SKU-HW-01830,Distributed Object Storage Block v3.0,Storage Systems,WH-US-01,California Mega-Hub,US-West,United States,221,89,132,106,216,742,6657.04,1471205.84,SUP-US-02,Broadcom Optical Networks,United States,97.8,12,Ocean Freight Container,0.66,6.3,Optimal,2026-03-18
SKU-HW-01831,100G Single-Mode Optical Transceiver v4.0,Optical Components,WH-EU-01,Frankfurt Euro-Hub,EU-Central,Germany,2781,618,2163,991,2151,5876,265.19,737493.39,SUP-DE-01,Siemens Industrial Automation,Germany,98.6,45,Air Priority Express,2.03,2.9,Optimal,2026-03-05
SKU-HW-01832,Industrial IoT Telemetry Sensor v1.0,Edge Devices,WH-EU-01,Frankfurt Euro-Hub,EU-Central,Germany,9333,3517,5816,3699,5306,13985,124.03,1157571.99,SUP-US-02,Broadcom Optical Networks,United States,97.8,6,Ground Fleet Line,2.3,2.7,Optimal,2026-04-09
SKU-HW-01833,100G Single-Mode Optical Transceiver v2.0,Optical Components,WH-APAC-01,Taipei Logistics Hub,APAC-East,Taiwan,1186,656,530,2173,4070,11618,254.73,302109.78,SUP-TW-01,TSMC Advanced Semiconductor,Taiwan,99.4,17,Dedicated Rail Cargo,0.9,10.8,Low Stock,2026-01-18
SKU-HW-01834,100G Single-Mode Optical Transceiver v3.0,Optical Components,WH-LATAM-01,Sao Paulo Distribution,LATAM,Brazil,2224,1229,995,978,1515,5058,257.26,572146.24,SUP-US-02,Broadcom Optical Networks,United States,97.8,31,Ocean Freight Container,0.49,6.3,Optimal,2026-03-27
SKU-HW-01835,Industrial IoT Telemetry Sensor v4.0,Edge Devices,WH-EU-02,Rotterdam Logistics Park,EU-West,Netherlands,17340,3931,13409,2568,5072,20266,129.55,2246397.0,SUP-TW-02,Foxconn Precision Industry,Taiwan,96.8,44,Air Priority Express,1.42,2.8,Overstocked,2026-04-17
SKU-HW-01836,Ultra-Low Latency Spine Router v1.0,Networking Hardware,WH-EU-02,Rotterdam Logistics Park,EU-West,Netherlands,261,55,206,45,88,270,12336.74,3219889.14,SUP-TW-01,TSMC Advanced Semiconductor,Taiwan,99.4,12,Ocean Freight Container,2.98,12.6,Overstocked,2026-03-05
SKU-HW-01837,Edge AI Gateway Controller v2.0,Edge Devices,WH-EU-01,Frankfurt Euro-Hub,EU-Central,Germany,498,247,251,288,526,1527,1796.4,894607.2,SUP-NL-01,ASML Precision Optics Hub,Netherlands,99.1,29,Dedicated Rail Cargo,0.92,12.0,Optimal,2026-07-20
SKU-HW-01838,Redundant Power Distribution Unit 3-Phase v3.0,Power & Cooling,WH-US-02,Virginia Cloud Center,US-East,United States,265,120,145,169,292,772,3092.59,819536.35,SUP-US-02,Broadcom Optical Networks,United States,97.8,31,Air Priority Express,1.08,13.4,Optimal,2026-01-28
SKU-HW-01839,Distributed Object Storage Block v4.0,Storage Systems,WH-APAC-01,Taipei Logistics Hub,APAC-East,Taiwan,257,110,147,176,248,801,6184.74,1589478.18,SUP-JP-01,Murata High-Freq Components,Japan,98.9,33,Air Priority Express,1.38,10.3,Optimal,2026-05-19
SKU-HW-01840,Liquid-Cooled AI Inference Blade v1.0,Compute Servers,WH-US-03,Chicago Central Depot,US-Central,United States,115,66,49,67,114,311,8870.83,1020145.45,SUP-US-01,Supermicro Engineering Lab,United States,95.9,21,Ground Fleet Line,0.26,8.1,Optimal,2026-04-15
SKU-HW-01841,Industrial IoT Telemetry Sensor v2.0,Edge Devices,WH-EU-03,London Distribution Gateway,EU-West,United Kingdom,1380,1051,329,2848,4062,14922,123.3,170154.0,SUP-KR-01,Samsung Memory Module Division,South Korea,97.2,16,Air Priority Express,2.19,11.2,Low Stock,2026-06-08
SKU-HW-01842,Industrial IoT Telemetry Sensor v3.0,Edge Devices,WH-MEA-01,Dubai Industrial Port Hub,MEA,United Arab Emirates,11267,5240,6027,4142,7273,25289,120.84,1361504.28,SUP-US-02,Broadcom Optical Networks,United States,97.8,10,Ground Fleet Line,1.13,3.3,Optimal,2026-03-21
SKU-HW-01843,Edge AI Gateway Controller v4.0,Edge Devices,WH-APAC-01,Taipei Logistics Hub,APAC-East,Taiwan,978,505,473,497,833,2258,1800.22,1760615.16,SUP-TW-03,Quanta Computer Advanced Server,Taiwan,97.5,13,Air Priority Express,0.6,13.1,Optimal,2026-07-21
SKU-HW-01844,Hardware Security Module (HSM) Vault v1.0,Security Appliances,WH-EU-02,Rotterdam Logistics Park,EU-West,Netherlands,161,69,92,58,123,429,10799.75,1738759.75,SUP-TW-03,Quanta Computer Advanced Server,Taiwan,97.5,38,Dedicated Rail Cargo,2.84,5.0,Optimal,2026-05-16
SKU-HW-01845,Liquid-Cooled AI Inference Blade v2.0,Compute Servers,WH-APAC-04,Sydney Tech Fulfillment,APAC-ANZ,Australia,200,112,88,129,182,530,9771.26,1954252.0,SUP-NL-01,ASML Precision Optics Hub,Netherlands,99.1,40,Air Priority Express,2.63,11.2,Optimal,2026-06-16
SKU-HW-01846,Quantum Optical 800G Core Switch v3.0,Networking Hardware,WH-APAC-02,Tokyo High-Tech Depot,APAC-East,Japan,86,38,48,58,85,228,19134.45,1645562.7,SUP-TW-03,Quanta Computer Advanced Server,Taiwan,97.5,27,Dedicated Rail Cargo,0.26,14.2,Optimal,2026-04-11
SKU-HW-01847,100G Single-Mode Optical Transceiver v4.0,Optical Components,WH-LATAM-01,Sao Paulo Distribution,LATAM,Brazil,4223,1275,2948,1661,2446,6928,275.1,1161747.3,SUP-TW-03,Quanta Computer Advanced Server,Taiwan,97.5,6,Ground Fleet Line,1.66,10.9,Optimal,2026-02-10
SKU-HW-01848,Direct-to-Chip Liquid Cooling Manifold v1.0,Power & Cooling,WH-EU-03,London Distribution Gateway,EU-West,United Kingdom,390,103,287,230,443,1469,3787.84,1477257.6,SUP-TW-03,Quanta Computer Advanced Server,Taiwan,97.5,44,Ocean Freight Container,0.43,3.3,Optimal,2026-02-17
SKU-HW-01849,Next-Gen Firewall Threat Shield v2.0,Security Appliances,WH-EU-01,Frankfurt Euro-Hub,EU-Central,Germany,1129,255,874,171,373,1202,5137.72,5800485.88,SUP-TW-02,Foxconn Precision Industry,Taiwan,96.8,5,Dedicated Rail Cargo,2.79,11.1,Overstocked,2026-06-25
SKU-HW-01850,Direct-to-Chip Liquid Cooling Manifold v3.0,Power & Cooling,WH-APAC-03,Singapore Gateway Center,APAC-South,Singapore,450,93,357,248,544,1423,4150.14,1867563.0,SUP-DE-01,Siemens Industrial Automation,Germany,98.6,7,Dedicated Rail Cargo,2.65,9.3,Optimal,2026-07-23
SKU-HW-01851,All-Flash NVMe High-IOPS Array v4.0,Storage Systems,WH-EU-01,Frankfurt Euro-Hub,EU-Central,Germany,288,67,221,52,87,301,16704.83,4810991.04,SUP-TW-03,Quanta Computer Advanced Server,Taiwan,97.5,41,Ocean Freight Container,1.74,10.6,Overstocked,2026-05-11
SKU-HW-01852,All-Flash NVMe High-IOPS Array v1.0,Storage Systems,WH-EU-01,Frankfurt Euro-Hub,EU-Central,Germany,235,42,193,53,98,256,13691.22,3217436.7,SUP-TW-02,Foxconn Precision Industry,Taiwan,96.8,22,Ocean Freight Container,1.44,2.6,Overstocked,2026-01-02
SKU-HW-01853,Direct-to-Chip Liquid Cooling Manifold v2.0,Power & Cooling,WH-US-03,Chicago Central Depot,US-Central,United States,53,39,14,105,191,729,4441.5,235399.5,SUP-TW-01,TSMC Advanced Semiconductor,Taiwan,99.4,43,Ocean Freight Container,0.52,9.2,Low Stock,2026-07-28
SKU-HW-01854,All-Flash NVMe High-IOPS Array v3.0,Storage Systems,WH-US-01,California Mega-Hub,US-West,United States,26,18,8,46,95,370,14064.83,365685.58,SUP-TW-02,Foxconn Precision Industry,Taiwan,96.8,7,Ground Fleet Line,0.81,4.5,Low Stock,2026-05-13
SKU-HW-01855,Liquid-Cooled AI Inference Blade v4.0,Compute Servers,WH-APAC-04,Sydney Tech Fulfillment,APAC-ANZ,Australia,230,52,178,140,268,959,9738.98,2239965.4,SUP-JP-01,Murata High-Freq Components,Japan,98.9,40,Air Priority Express,1.41,13.1,Optimal,2026-03-31
SKU-HW-01856,100G Single-Mode Optical Transceiver v1.0,Optical Components,WH-US-01,California Mega-Hub,US-West,United States,13294,1462,11832,2281,4806,13697,272.59,3623811.46,SUP-DE-01,Siemens Industrial Automation,Germany,98.6,14,Ground Fleet Line,2.2,8.3,Overstocked,2026-04-16
SKU-HW-01857,Liquid-Cooled AI Inference Blade v2.0,Compute Servers,WH-APAC-02,Tokyo High-Tech Depot,APAC-East,Japan,211,64,147,116,191,670,9577.98,2020953.78,SUP-TW-03,Quanta Computer Advanced Server,Taiwan,97.5,18,Air Priority Express,2.25,9.9,Optimal,2026-04-20
SKU-HW-01858,Liquid-Cooled AI Inference Blade v3.0,Compute Servers,WH-US-02,Virginia Cloud Center,US-East,United States,182,83,99,126,187,545,8807.22,1602914.04,SUP-JP-02,Kyocera Ceramic Packaging,Japan,98.1,12,Dedicated Rail Cargo,1.87,9.1,Optimal,2026-03-03
SKU-HW-01859,High-Density GPU Tensor Server Node v4.0,Compute Servers,WH-US-01,California Mega-Hub,US-West,United States,193,100,93,80,150,410,15206.55,2934864.15,SUP-NL-01,ASML Precision Optics Hub,Netherlands,99.1,40,Ground Fleet Line,1.31,3.7,Optimal,2026-07-30
SKU-HW-01860,Edge AI Gateway Controller v1.0,Edge Devices,WH-US-02,Virginia Cloud Center,US-East,United States,1067,280,787,437,624,1606,1882.94,2009096.98,SUP-TW-02,Foxconn Precision Industry,Taiwan,96.8,35,Ocean Freight Container,1.45,13.2,Optimal,2026-04-22
SKU-HW-01861,Edge AI Gateway Controller v2.0,Edge Devices,WH-EU-03,London Distribution Gateway,EU-West,United Kingdom,2842,378,2464,442,933,3183,1937.06,5505124.52,SUP-US-01,Supermicro Engineering Lab,United States,95.9,7,Ocean Freight Container,0.89,10.1,Overstocked,2026-05-20
SKU-HW-01862,Edge AI Gateway Controller v3.0,Edge Devices,WH-EU-03,London Distribution Gateway,EU-West,United Kingdom,970,445,525,454,990,3825,1853.83,1798215.1,SUP-TW-02,Foxconn Precision Industry,Taiwan,96.8,14,Ground Fleet Line,0.59,12.3,Optimal,2026-07-24
SKU-HW-01863,Dense Wavelength Mux Transceiver v4.0,Optical Components,WH-US-01,California Mega-Hub,US-West,United States,1695,812,883,1105,2088,5906,830.49,1407680.55,SUP-US-02,Broadcom Optical Networks,United States,97.8,9,Air Priority Express,0.15,9.5,Optimal,2026-06-04
SKU-HW-01864,Liquid-Cooled AI Inference Blade v1.0,Compute Servers,WH-US-03,Chicago Central Depot,US-Central,United States,249,59,190,127,196,703,9696.78,2414498.22,SUP-KR-01,Samsung Memory Module Division,South Korea,97.2,10,Air Priority Express,0.05,12.8,Optimal,2026-05-14
SKU-HW-01865,High-Density GPU Tensor Server Node v2.0,Compute Servers,WH-APAC-02,Tokyo High-Tech Depot,APAC-East,Japan,92,44,48,55,79,267,15818.2,1455274.4,SUP-JP-01,Murata High-Freq Components,Japan,98.9,42,Ocean Freight Container,1.66,9.6,Optimal,2026-06-05
SKU-HW-01866,Edge AI Gateway Controller v3.0,Edge Devices,WH-EU-01,Frankfurt Euro-Hub,EU-Central,Germany,959,547,412,364,582,2088,1932.56,1853325.04,SUP-JP-02,Kyocera Ceramic Packaging,Japan,98.1,44,Ground Fleet Line,1.26,12.2,Optimal,2026-07-28
SKU-HW-01867,Dense Wavelength Mux Transceiver v4.0,Optical Components,WH-LATAM-01,Sao Paulo Distribution,LATAM,Brazil,2847,1114,1733,1308,2075,5799,676.49,1925967.03,SUP-TW-01,TSMC Advanced Semiconductor,Taiwan,99.4,7,Air Priority Express,1.09,10.6,Optimal,2026-08-01
SKU-HW-01868,Dense Wavelength Mux Transceiver v1.0,Optical Components,WH-US-01,California Mega-Hub,US-West,United States,1079,341,738,863,1356,4258,756.68,816457.72,SUP-JP-01,Murata High-Freq Components,Japan,98.9,24,Ground Fleet Line,0.88,11.6,Optimal,2026-04-01
SKU-HW-01869,Distributed Object Storage Block v2.0,Storage Systems,WH-APAC-02,Tokyo High-Tech Depot,APAC-East,Japan,201,109,92,88,127,325,7016.45,1410306.45,SUP-US-01,Supermicro Engineering Lab,United States,95.9,40,Ground Fleet Line,1.03,13.5,Optimal,2026-05-02
SKU-HW-01870,Distributed Object Storage Block v3.0,Storage Systems,WH-APAC-02,Tokyo High-Tech Depot,APAC-East,Japan,238,106,132,156,338,934,6144.97,1462502.86,SUP-TW-02,Foxconn Precision Industry,Taiwan,96.8,30,Dedicated Rail Cargo,0.69,9.6,Optimal,2026-05-07
SKU-HW-01871,Direct-to-Chip Liquid Cooling Manifold v4.0,Power & Cooling,WH-EU-02,Rotterdam Logistics Park,EU-West,Netherlands,424,77,347,82,119,461,4097.22,1737221.28,SUP-NL-01,ASML Precision Optics Hub,Netherlands,99.1,31,Dedicated Rail Cargo,2.97,12.1,Overstocked,2026-04-24
SKU-HW-01872,Hardware Security Module (HSM) Vault v1.0,Security Appliances,WH-US-03,Chicago Central Depot,US-Central,United States,57,17,40,35,73,203,9372.2,534215.4,SUP-US-01,Supermicro Engineering Lab,United States,95.9,13,Ocean Freight Container,0.15,8.6,Optimal,2026-05-30
SKU-HW-01873,Dense Wavelength Mux Transceiver v2.0,Optical Components,WH-US-02,Virginia Cloud Center,US-East,United States,4699,1393,3306,977,1519,4800,701.75,3297523.25,SUP-TW-03,Quanta Computer Advanced Server,Taiwan,97.5,11,Air Priority Express,0.52,12.9,Overstocked,2026-03-05
SKU-HW-01874,Direct-to-Chip Liquid Cooling Manifold v3.0,Power & Cooling,WH-EU-02,Rotterdam Logistics Park,EU-West,Netherlands,72,40,32,113,219,741,3968.36,285721.92,SUP-TW-02,Foxconn Precision Industry,Taiwan,96.8,12,Ground Fleet Line,2.65,12.2,Low Stock,2026-03-08
SKU-HW-01875,Direct-to-Chip Liquid Cooling Manifold v4.0,Power & Cooling,WH-LATAM-01,Sao Paulo Distribution,LATAM,Brazil,280,68,212,210,328,965,4201.7,1176476.0,SUP-TW-02,Foxconn Precision Industry,Taiwan,96.8,42,Ground Fleet Line,2.84,12.3,Optimal,2026-04-26
SKU-HW-01876,High-Density GPU Tensor Server Node v1.0,Compute Servers,WH-LATAM-01,Sao Paulo Distribution,LATAM,Brazil,86,44,42,53,77,240,15879.88,1365669.68,SUP-TW-03,Quanta Computer Advanced Server,Taiwan,97.5,34,Ground Fleet Line,1.51,4.2,Optimal,2026-05-01
SKU-HW-01877,All-Flash NVMe High-IOPS Array v2.0,Storage Systems,WH-MEA-01,Dubai Industrial Port Hub,MEA,United Arab Emirates,82,47,35,48,102,361,15154.52,1242670.64,SUP-US-02,Broadcom Optical Networks,United States,97.8,36,Ocean Freight Container,0.28,9.4,Optimal,2026-06-23
SKU-HW-01878,Quantum Optical 800G Core Switch v3.0,Networking Hardware,WH-APAC-02,Tokyo High-Tech Depot,APAC-East,Japan,146,84,62,75,153,475,19846.97,2897657.62,SUP-KR-01,Samsung Memory Module Division,South Korea,97.2,30,Dedicated Rail Cargo,0.61,8.3,Optimal,2026-03-05
SKU-HW-01879,All-Flash NVMe High-IOPS Array v4.0,Storage Systems,WH-EU-03,London Distribution Gateway,EU-West,United Kingdom,157,60,97,59,91,361,15158.13,2379826.41,SUP-DE-01,Siemens Industrial Automation,Germany,98.6,11,Air Priority Express,0.32,5.0,Optimal,2026-03-15
SKU-HW-01880,Dense Wavelength Mux Transceiver v1.0,Optical Components,WH-APAC-04,Sydney Tech Fulfillment,APAC-ANZ,Australia,2492,809,1683,1183,2100,6257,726.73,1811011.16,SUP-TW-03,Quanta Computer Advanced Server,Taiwan,97.5,19,Air Priority Express,0.7,13.1,Optimal,2026-01-29
SKU-HW-01881,Next-Gen Firewall Threat Shield v2.0,Security Appliances,WH-MEA-01,Dubai Industrial Port Hub,MEA,United Arab Emirates,105,62,43,69,107,347,6188.44,649786.2,SUP-US-01,Supermicro Engineering Lab,United States,95.9,14,Air Priority Express,2.28,14.0,Optimal,2026-01-01
SKU-HW-01882,Next-Gen Firewall Threat Shield v3.0,Security Appliances,WH-APAC-03,Singapore Gateway Center,APAC-South,Singapore,17,9,8,178,344,1363,5515.76,93767.92,SUP-NL-01,ASML Precision Optics Hub,Netherlands,99.1,38,Air Priority Express,2.44,3.8,Critical Shortage,2026-05-03
SKU-HW-01883,Direct-to-Chip Liquid Cooling Manifold v4.0,Power & Cooling,WH-APAC-04,Sydney Tech Fulfillment,APAC-ANZ,Australia,484,204,280,204,437,1694,4125.87,1996921.08,SUP-KR-01,Samsung Memory Module Division,South Korea,97.2,25,Ocean Freight Container,1.59,10.6,Optimal,2026-01-19
SKU-HW-01884,Distributed Object Storage Block v1.0,Storage Systems,WH-MEA-01,Dubai Industrial Port Hub,MEA,United Arab Emirates,801,148,653,169,238,821,6454.71,5170222.71,SUP-TW-03,Quanta Computer Advanced Server,Taiwan,97.5,20,Ocean Freight Container,0.16,3.2,Overstocked,2026-08-03
SKU-HW-01885,Edge AI Gateway Controller v2.0,Edge Devices,WH-EU-01,Frankfurt Euro-Hub,EU-Central,Germany,1652,400,1252,299,511,1770,2006.73,3315117.96,SUP-TW-03,Quanta Computer Advanced Server,Taiwan,97.5,42,Ground Fleet Line,1.82,13.5,Overstocked,2026-01-21
SKU-HW-01886,Hardware Security Module (HSM) Vault v3.0,Security Appliances,WH-US-02,Virginia Cloud Center,US-East,United States,38,29,9,55,87,272,9277.36,352539.68,SUP-TW-02,Foxconn Precision Industry,Taiwan,96.8,34,Air Priority Express,1.87,9.4,Low Stock,2026-04-21
SKU-HW-01887,Hardware Security Module (HSM) Vault v4.0,Security Appliances,WH-APAC-04,Sydney Tech Fulfillment,APAC-ANZ,Australia,17,7,10,49,75,230,9950.34,169155.78,SUP-JP-01,Murata High-Freq Components,Japan,98.9,39,Ocean Freight Container,1.33,10.6,Critical Shortage,2026-05-29
SKU-HW-01888,Industrial IoT Telemetry Sensor v1.0,Edge Devices,WH-US-01,California Mega-Hub,US-West,United States,15892,1821,14071,2161,4736,18310,124.74,1982368.08,SUP-TW-01,TSMC Advanced Semiconductor,Taiwan,99.4,13,Air Priority Express,2.61,3.9,Overstocked,2026-06-08
SKU-HW-01889,Hardware Security Module (HSM) Vault v2.0,Security Appliances,WH-APAC-02,Tokyo High-Tech Depot,APAC-East,Japan,96,49,47,63,130,472,10885.22,1044981.12,SUP-DE-01,Siemens Industrial Automation,Germany,98.6,35,Ocean Freight Container,2.67,13.8,Optimal,2026-06-08
SKU-HW-01890,Quantum Optical 800G Core Switch v3.0,Networking Hardware,WH-APAC-03,Singapore Gateway Center,APAC-South,Singapore,195,104,91,61,110,396,17238.22,3361452.9,SUP-NL-01,ASML Precision Optics Hub,Netherlands,99.1,5,Dedicated Rail Cargo,1.0,6.6,Optimal,2026-06-16
SKU-HW-01891,Liquid-Cooled AI Inference Blade v4.0,Compute Servers,WH-US-03,Chicago Central Depot,US-Central,United States,146,56,90,76,151,493,8808.35,1286019.1,SUP-TW-01,TSMC Advanced Semiconductor,Taiwan,99.4,11,Dedicated Rail Cargo,0.89,10.4,Optimal,2026-08-03
SKU-HW-01892,Redundant Power Distribution Unit 3-Phase v1.0,Power & Cooling,WH-APAC-02,Tokyo High-Tech Depot,APAC-East,Japan,928,462,466,279,544,1789,2951.27,2738778.56,SUP-JP-01,Murata High-Freq Components,Japan,98.9,13,Ground Fleet Line,1.8,3.6,Optimal,2026-07-06
SKU-HW-01893,Quantum Optical 800G Core Switch v2.0,Networking Hardware,WH-LATAM-01,Sao Paulo Distribution,LATAM,Brazil,57,24,33,44,69,274,19075.38,1087296.66,SUP-US-01,Supermicro Engineering Lab,United States,95.9,42,Ocean Freight Container,1.37,7.4,Optimal,2026-07-29
SKU-HW-01894,All-Flash NVMe High-IOPS Array v3.0,Storage Systems,WH-US-03,Chicago Central Depot,US-Central,United States,52,31,21,40,85,229,14736.97,766322.44,SUP-TW-02,Foxconn Precision Industry,Taiwan,96.8,42,Air Priority Express,2.33,8.7,Optimal,2026-02-08
SKU-HW-01895,Industrial IoT Telemetry Sensor v4.0,Edge Devices,WH-APAC-02,Tokyo High-Tech Depot,APAC-East,Japan,4975,2938,2037,2939,4563,15287,122.88,611328.0,SUP-US-01,Supermicro Engineering Lab,United States,95.9,32,Ground Fleet Line,0.77,11.9,Optimal,2026-04-18
SKU-HW-01896,Hardware Security Module (HSM) Vault v1.0,Security Appliances,WH-EU-02,Rotterdam Logistics Park,EU-West,Netherlands,16,14,2,51,102,322,9759.28,156148.48,SUP-TW-03,Quanta Computer Advanced Server,Taiwan,97.5,17,Dedicated Rail Cargo,2.12,8.2,Critical Shortage,2026-06-07
SKU-HW-01897,100G Single-Mode Optical Transceiver v2.0,Optical Components,WH-EU-02,Rotterdam Logistics Park,EU-West,Netherlands,3521,1784,1737,2674,3898,14082,269.41,948592.61,SUP-TW-04,Delta Electronics Power Solutions,Taiwan,98.2,36,Ground Fleet Line,1.42,8.1,Optimal,2026-07-02
SKU-HW-01898,Next-Gen Firewall Threat Shield v3.0,Security Appliances,WH-MEA-01,Dubai Industrial Port Hub,MEA,United Arab Emirates,319,36,283,63,120,369,5682.78,1812806.82,SUP-NL-01,ASML Precision Optics Hub,Netherlands,99.1,6,Ground Fleet Line,1.32,13.2,Overstocked,2026-01-12
SKU-HW-01899,Dense Wavelength Mux Transceiver v4.0,Optical Components,WH-US-03,Chicago Central Depot,US-Central,United States,744,442,302,1415,2143,6333,790.79,588347.76,SUP-KR-01,Samsung Memory Module Division,South Korea,97.2,31,Air Priority Express,1.94,3.1,Low Stock,2026-06-18
SKU-HW-01900,All-Flash NVMe High-IOPS Array v1.0,Storage Systems,WH-APAC-03,Singapore Gateway Center,APAC-South,Singapore,79,42,37,39,56,176,15025.13,1186985.27,SUP-TW-01,TSMC Advanced Semiconductor,Taiwan,99.4,28,Air Priority Express,3.08,10.0,Optimal,2026-08-03
SKU-HW-01901,Ultra-Low Latency Spine Router v2.0,Networking Hardware,WH-LATAM-01,Sao Paulo Distribution,LATAM,Brazil,233,36,197,54,96,243,11935.11,2780880.63,SUP-TW-03,Quanta Computer Advanced Server,Taiwan,97.5,14,Ocean Freight Container,2.32,2.6,Overstocked,2026-02-10
SKU-HW-01902,Industrial IoT Telemetry Sensor v3.0,Edge Devices,WH-APAC-03,Singapore Gateway Center,APAC-South,Singapore,2819,1928,891,4372,9344,27329,137.19,386738.61,SUP-NL-01,ASML Precision Optics Hub,Netherlands,99.1,33,Dedicated Rail Cargo,1.92,14.0,Low Stock,2026-07-03
SKU-HW-01903,Distributed Object Storage Block v4.0,Storage Systems,WH-APAC-03,Singapore Gateway Center,APAC-South,Singapore,40,33,7,86,175,493,6953.65,278146.0,SUP-JP-01,Murata High-Freq Components,Japan,98.9,7,Dedicated Rail Cargo,1.24,3.0,Low Stock,2026-01-06
SKU-HW-01904,Edge AI Gateway Controller v1.0,Edge Devices,WH-APAC-02,Tokyo High-Tech Depot,APAC-East,Japan,807,395,412,468,799,2729,1708.13,1378460.91,SUP-NL-01,ASML Precision Optics Hub,Netherlands,99.1,45,Ground Fleet Line,2.26,12.3,Optimal,2026-03-22
SKU-HW-01905,Hardware Security Module (HSM) Vault v2.0,Security Appliances,WH-LATAM-01,Sao Paulo Distribution,LATAM,Brazil,47,20,27,26,45,145,9617.25,452010.75,SUP-DE-01,Siemens Industrial Automation,Germany,98.6,45,Ocean Freight Container,2.78,9.2,Optimal,2026-01-25
SKU-HW-01906,All-Flash NVMe High-IOPS Array v3.0,Storage Systems,WH-APAC-03,Singapore Gateway Center,APAC-South,Singapore,228,57,171,54,82,238,15586.43,3553706.04,SUP-TW-02,Foxconn Precision Industry,Taiwan,96.8,30,Dedicated Rail Cargo,0.97,6.3,Overstocked,2026-06-01
SKU-HW-01907,Liquid-Cooled AI Inference Blade v4.0,Compute Servers,WH-MEA-01,Dubai Industrial Port Hub,MEA,United Arab Emirates,239,134,105,141,217,587,8108.5,1937931.5,SUP-US-02,Broadcom Optical Networks,United States,97.8,32,Ground Fleet Line,2.81,9.7,Optimal,2026-04-18
SKU-HW-01908,Edge AI Gateway Controller v1.0,Edge Devices,WH-US-03,Chicago Central Depot,US-Central,United States,118,98,20,342,725,2605,1758.35,207485.3,SUP-NL-01,ASML Precision Optics Hub,Netherlands,99.1,9,Dedicated Rail Cargo,1.7,11.1,Critical Shortage,2026-05-18
SKU-HW-01909,Direct-to-Chip Liquid Cooling Manifold v2.0,Power & Cooling,WH-MEA-01,Dubai Industrial Port Hub,MEA,United Arab Emirates,897,233,664,246,526,1616,4015.24,3601670.28,SUP-US-02,Broadcom Optical Networks,United States,97.8,12,Air Priority Express,2.72,5.1,Optimal,2026-06-24
SKU-HW-01910,Edge AI Gateway Controller v3.0,Edge Devices,WH-APAC-03,Singapore Gateway Center,APAC-South,Singapore,1788,348,1440,445,720,1897,1970.49,3523236.12,SUP-JP-01,Murata High-Freq Components,Japan,98.9,36,Air Priority Express,2.19,5.6,Overstocked,2026-05-02
SKU-HW-01911,Hardware Security Module (HSM) Vault v4.0,Security Appliances,WH-US-02,Virginia Cloud Center,US-East,United States,79,16,63,43,82,232,9654.47,762703.13,SUP-JP-02,Kyocera Ceramic Packaging,Japan,98.1,8,Ground Fleet Line,0.49,11.1,Optimal,2026-07-14
SKU-HW-01912,Hardware Security Module (HSM) Vault v1.0,Security Appliances,WH-MEA-01,Dubai Industrial Port Hub,MEA,United Arab Emirates,194,41,153,69,114,367,9504.35,1843843.9,SUP-TW-04,Delta Electronics Power Solutions,Taiwan,98.2,18,Air Priority Express,1.93,11.0,Optimal,2026-06-30
SKU-HW-01913,Liquid-Cooled AI Inference Blade v2.0,Compute Servers,WH-US-03,Chicago Central Depot,US-Central,United States,468,118,350,134,275,782,9548.7,4468791.6,SUP-US-01,Supermicro Engineering Lab,United States,95.9,23,Air Priority Express,0.57,7.5,Optimal,2026-04-14
SKU-HW-01914,Dense Wavelength Mux Transceiver v3.0,Optical Components,WH-US-03,Chicago Central Depot,US-Central,United States,5751,1571,4180,1068,1830,6722,682.47,3924884.97,SUP-DE-01,Siemens Industrial Automation,Germany,98.6,44,Air Priority Express,2.28,8.5,Overstocked,2026-03-26
SKU-HW-01915,Hardware Security Module (HSM) Vault v4.0,Security Appliances,WH-EU-02,Rotterdam Logistics Park,EU-West,Netherlands,11,4,7,29,57,196,8970.63,98676.93,SUP-TW-02,Foxconn Precision Industry,Taiwan,96.8,29,Air Priority Express,2.76,6.4,Critical Shortage,2026-07-23
SKU-HW-01916,All-Flash NVMe High-IOPS Array v1.0,Storage Systems,WH-MEA-01,Dubai Industrial Port Hub,MEA,United Arab Emirates,102,56,46,79,138,528,15230.63,1553524.26,SUP-TW-03,Quanta Computer Advanced Server,Taiwan,97.5,24,Dedicated Rail Cargo,0.48,8.6,Optimal,2026-05-01
SKU-HW-01917,Edge AI Gateway Controller v2.0,Edge Devices,WH-EU-02,Rotterdam Logistics Park,EU-West,Netherlands,765,437,328,461,653,2561,1871.34,1431575.1,SUP-US-02,Broadcom Optical Networks,United States,97.8,25,Ocean Freight Container,1.25,6.4,Optimal,2026-01-28
SKU-HW-01918,Dense Wavelength Mux Transceiver v3.0,Optical Components,WH-MEA-01,Dubai Industrial Port Hub,MEA,United Arab Emirates,5881,1160,4721,1000,1986,6110,833.17,4899872.77,SUP-JP-02,Kyocera Ceramic Packaging,Japan,98.1,40,Air Priority Express,0.38,4.5,Overstocked,2026-01-20
SKU-HW-01919,All-Flash NVMe High-IOPS Array v4.0,Storage Systems,WH-EU-02,Rotterdam Logistics Park,EU-West,Netherlands,93,32,61,49,84,273,15463.13,1438071.09,SUP-JP-02,Kyocera Ceramic Packaging,Japan,98.1,39,Dedicated Rail Cargo,2.43,13.8,Optimal,2026-06-30
SKU-HW-01920,Dense Wavelength Mux Transceiver v1.0,Optical Components,WH-LATAM-01,Sao Paulo Distribution,LATAM,Brazil,2857,614,2243,777,1620,4892,748.79,2139293.03,SUP-KR-01,Samsung Memory Module Division,South Korea,97.2,8,Dedicated Rail Cargo,1.34,8.6,Optimal,2026-03-16
SKU-HW-01921,All-Flash NVMe High-IOPS Array v2.0,Storage Systems,WH-EU-01,Frankfurt Euro-Hub,EU-Central,Germany,2,1,1,37,72,277,15759.04,31518.08,SUP-TW-03,Quanta Computer Advanced Server,Taiwan,97.5,43,Ground Fleet Line,0.61,10.5,Critical Shortage,2026-05-25
SKU-HW-01922,Dense Wavelength Mux Transceiver v3.0,Optical Components,WH-EU-03,London Distribution Gateway,EU-West,United Kingdom,7,3,4,798,1361,4064,746.55,5225.85,SUP-DE-01,Siemens Industrial Automation,Germany,98.6,21,Ocean Freight Container,0.44,4.3,Critical Shortage,2026-01-03
SKU-HW-01923,Direct-to-Chip Liquid Cooling Manifold v4.0,Power & Cooling,WH-APAC-01,Taipei Logistics Hub,APAC-East,Taiwan,362,137,225,178,254,899,4524.6,1637905.2,SUP-KR-01,Samsung Memory Module Division,South Korea,97.2,10,Dedicated Rail Cargo,1.19,12.9,Optimal,2026-04-09
SKU-HW-01924,Quantum Optical 800G Core Switch v1.0,Networking Hardware,WH-MEA-01,Dubai Industrial Port Hub,MEA,United Arab Emirates,142,63,79,48,86,254,18991.13,2696740.46,SUP-TW-04,Delta Electronics Power Solutions,Taiwan,98.2,23,Dedicated Rail Cargo,1.49,11.8,Optimal,2026-06-08
SKU-HW-01925,Next-Gen Firewall Threat Shield v2.0,Security Appliances,WH-MEA-01,Dubai Industrial Port Hub,MEA,United Arab Emirates,362,76,286,134,223,758,5941.29,2150746.98,SUP-DE-01,Siemens Industrial Automation,Germany,98.6,25,Air Priority Express,1.18,2.7,Optimal,2026-02-25
SKU-HW-01926,Next-Gen Firewall Threat Shield v3.0,Security Appliances,WH-US-03,Chicago Central Depot,US-Central,United States,357,176,181,167,288,1076,6074.64,2168646.48,SUP-US-02,Broadcom Optical Networks,United States,97.8,8,Ocean Freight Container,0.36,12.5,Optimal,2026-01-07
SKU-HW-01927,Redundant Power Distribution Unit 3-Phase v4.0,Power & Cooling,WH-APAC-02,Tokyo High-Tech Depot,APAC-East,Japan,355,130,225,100,207,567,3048.11,1082079.05,SUP-TW-01,TSMC Advanced Semiconductor,Taiwan,99.4,44,Ground Fleet Line,1.79,9.0,Optimal,2026-08-08
SKU-HW-01928,Industrial IoT Telemetry Sensor v1.0,Edge Devices,WH-MEA-01,Dubai Industrial Port Hub,MEA,United Arab Emirates,12079,3497,8582,2703,3978,12975,124.18,1499970.22,SUP-TW-01,TSMC Advanced Semiconductor,Taiwan,99.4,5,Ground Fleet Line,2.12,13.0,Overstocked,2026-06-07
SKU-HW-01929,Dense Wavelength Mux Transceiver v2.0,Optical Components,WH-APAC-01,Taipei Logistics Hub,APAC-East,Taiwan,2476,1331,1145,981,1977,6505,703.23,1741197.48,SUP-JP-01,Murata High-Freq Components,Japan,98.9,33,Air Priority Express,3.01,5.5,Optimal,2026-03-14
SKU-HW-01930,Hardware Security Module (HSM) Vault v3.0,Security Appliances,WH-APAC-04,Sydney Tech Fulfillment,APAC-ANZ,Australia,74,38,36,29,56,144,9766.67,722733.58,SUP-TW-02,Foxconn Precision Industry,Taiwan,96.8,45,Air Priority Express,1.1,8.7,Optimal,2026-06-17
SKU-HW-01931,Ultra-Low Latency Spine Router v4.0,Networking Hardware,WH-LATAM-01,Sao Paulo Distribution,LATAM,Brazil,69,25,44,57,90,290,13011.17,897770.73,SUP-NL-01,ASML Precision Optics Hub,Netherlands,99.1,30,Dedicated Rail Cargo,0.71,9.8,Optimal,2026-06-26
SKU-HW-01932,Quantum Optical 800G Core Switch v1.0,Networking Hardware,WH-APAC-03,Singapore Gateway Center,APAC-South,Singapore,352,104,248,54,115,400,19587.01,6894627.52,SUP-US-02,Broadcom Optical Networks,United States,97.8,10,Air Priority Express,2.59,4.1,Overstocked,2026-04-18
SKU-HW-01933,All-Flash NVMe High-IOPS Array v2.0,Storage Systems,WH-US-02,Virginia Cloud Center,US-East,United States,70,37,33,38,66,248,15015.25,1051067.5,SUP-DE-01,Siemens Industrial Automation,Germany,98.6,6,Dedicated Rail Cargo,0.98,11.3,Optimal,2026-04-14
SKU-HW-01934,Direct-to-Chip Liquid Cooling Manifold v3.0,Power & Cooling,WH-APAC-01,Taipei Logistics Hub,APAC-East,Taiwan,464,119,345,210,317,1199,3780.12,1753975.68,SUP-US-01,Supermicro Engineering Lab,United States,95.9,31,Ocean Freight Container,2.94,5.4,Optimal,2026-01-16
SKU-HW-01935,Direct-to-Chip Liquid Cooling Manifold v4.0,Power & Cooling,WH-LATAM-01,Sao Paulo Distribution,LATAM,Brazil,60,27,33,119,193,706,4494.22,269653.2,SUP-TW-03,Quanta Computer Advanced Server,Taiwan,97.5,27,Ocean Freight Container,1.4,8.2,Low Stock,2026-01-29
SKU-HW-01936,Dense Wavelength Mux Transceiver v1.0,Optical Components,WH-APAC-02,Tokyo High-Tech Depot,APAC-East,Japan,1399,760,639,535,793,2139,831.07,1162666.93,SUP-NL-01,ASML Precision Optics Hub,Netherlands,99.1,45,Ocean Freight Container,2.63,11.2,Optimal,2026-03-02
SKU-HW-01937,Edge AI Gateway Controller v2.0,Edge Devices,WH-US-01,California Mega-Hub,US-West,United States,428,102,326,220,390,1481,1904.16,814980.48,SUP-KR-01,Samsung Memory Module Division,South Korea,97.2,10,Air Priority Express,2.56,9.9,Optimal,2026-05-26
SKU-HW-01938,Redundant Power Distribution Unit 3-Phase v3.0,Power & Cooling,WH-APAC-01,Taipei Logistics Hub,APAC-East,Taiwan,470,136,334,297,517,1550,3246.35,1525784.5,SUP-JP-02,Kyocera Ceramic Packaging,Japan,98.1,35,Dedicated Rail Cargo,1.24,7.8,Optimal,2026-03-22
SKU-HW-01939,Ultra-Low Latency Spine Router v4.0,Networking Hardware,WH-APAC-02,Tokyo High-Tech Depot,APAC-East,Japan,97,39,58,65,104,284,10895.17,1056831.49,SUP-JP-01,Murata High-Freq Components,Japan,98.9,28,Air Priority Express,1.42,13.7,Optimal,2026-01-29
SKU-HW-01940,Quantum Optical 800G Core Switch v1.0,Networking Hardware,WH-US-02,Virginia Cloud Center,US-East,United States,63,20,43,49,78,281,20714.59,1305019.17,SUP-KR-01,Samsung Memory Module Division,South Korea,97.2,22,Air Priority Express,0.82,8.1,Optimal,2026-03-11
SKU-HW-01941,Liquid-Cooled AI Inference Blade v2.0,Compute Servers,WH-EU-03,London Distribution Gateway,EU-West,United Kingdom,125,49,76,83,126,384,8858.11,1107263.75,SUP-NL-01,ASML Precision Optics Hub,Netherlands,99.1,44,Ocean Freight Container,3.12,2.6,Optimal,2026-03-19
SKU-HW-01942,All-Flash NVMe High-IOPS Array v3.0,Storage Systems,WH-US-02,Virginia Cloud Center,US-East,United States,209,84,125,78,141,387,14032.93,2932882.37,SUP-DE-01,Siemens Industrial Automation,Germany,98.6,17,Ocean Freight Container,2.06,12.9,Optimal,2026-03-24
SKU-HW-01943,Ultra-Low Latency Spine Router v4.0,Networking Hardware,WH-APAC-03,Singapore Gateway Center,APAC-South,Singapore,207,108,99,88,163,438,12800.35,2649672.45,SUP-TW-02,Foxconn Precision Industry,Taiwan,96.8,22,Air Priority Express,2.88,12.7,Optimal,2026-07-26
SKU-HW-01944,Hardware Security Module (HSM) Vault v1.0,Security Appliances,WH-US-01,California Mega-Hub,US-West,United States,50,19,31,39,77,255,10021.56,501078.0,SUP-KR-01,Samsung Memory Module Division,South Korea,97.2,9,Dedicated Rail Cargo,2.24,8.7,Optimal,2026-03-09
SKU-HW-01945,100G Single-Mode Optical Transceiver v2.0,Optical Components,WH-APAC-02,Tokyo High-Tech Depot,APAC-East,Japan,1578,721,857,970,1406,4185,267.95,422825.1,SUP-NL-01,ASML Precision Optics Hub,Netherlands,99.1,15,Ocean Freight Container,0.56,12.2,Optimal,2026-03-18
SKU-HW-01946,Direct-to-Chip Liquid Cooling Manifold v3.0,Power & Cooling,WH-US-03,Chicago Central Depot,US-Central,United States,305,104,201,122,199,589,3830.29,1168238.45,SUP-TW-04,Delta Electronics Power Solutions,Taiwan,98.2,7,Ocean Freight Container,1.64,13.0,Optimal,2026-03-19
SKU-HW-01947,Industrial IoT Telemetry Sensor v4.0,Edge Devices,WH-APAC-01,Taipei Logistics Hub,APAC-East,Taiwan,18239,2988,15251,4047,7558,20973,120.2,2192327.8,SUP-DE-01,Siemens Industrial Automation,Germany,98.6,35,Ground Fleet Line,2.08,11.6,Overstocked,2026-02-10
SKU-HW-01948,100G Single-Mode Optical Transceiver v1.0,Optical Components,WH-APAC-01,Taipei Logistics Hub,APAC-East,Taiwan,4524,1555,2969,1979,3638,10411,255.89,1157646.36,SUP-JP-01,Murata High-Freq Components,Japan,98.9,23,Ground Fleet Line,0.47,3.0,Optimal,2026-03-29
SKU-HW-01949,Ultra-Low Latency Spine Router v2.0,Networking Hardware,WH-APAC-03,Singapore Gateway Center,APAC-South,Singapore,93,45,48,62,113,339,13158.31,1223722.83,SUP-US-01,Supermicro Engineering Lab,United States,95.9,45,Air Priority Express,0.74,5.6,Optimal,2026-04-28
SKU-HW-01950,100G Single-Mode Optical Transceiver v3.0,Optical Components,WH-EU-02,Rotterdam Logistics Park,EU-West,Netherlands,7432,3742,3690,2231,4525,17889,297.89,2213918.48,SUP-NL-01,ASML Precision Optics Hub,Netherlands,99.1,11,Air Priority Express,2.42,11.8,Optimal,2026-01-18
SKU-HW-01951,Ultra-Low Latency Spine Router v4.0,Networking Hardware,WH-US-01,California Mega-Hub,US-West,United States,324,86,238,49,97,376,12965.47,4200812.28,SUP-JP-02,Kyocera Ceramic Packaging,Japan,98.1,32,Air Priority Express,2.86,13.1,Overstocked,2026-07-20
SKU-HW-01952,100G Single-Mode Optical Transceiver v1.0,Optical Components,WH-APAC-02,Tokyo High-Tech Depot,APAC-East,Japan,4071,976,3095,1174,2357,7924,260.59,1060861.89,SUP-US-02,Broadcom Optical Networks,United States,97.8,6,Ocean Freight Container,2.55,10.2,Optimal,2026-05-13
SKU-HW-01953,100G Single-Mode Optical Transceiver v2.0,Optical Components,WH-EU-01,Frankfurt Euro-Hub,EU-Central,Germany,3575,851,2724,1387,2426,9456,312.59,1117509.25,SUP-TW-04,Delta Electronics Power Solutions,Taiwan,98.2,8,Ground Fleet Line,0.94,12.5,Optimal,2026-06-06
SKU-HW-01954,Redundant Power Distribution Unit 3-Phase v3.0,Power & Cooling,WH-APAC-03,Singapore Gateway Center,APAC-South,Singapore,393,84,309,222,324,814,3340.04,1312635.72,SUP-DE-01,Siemens Industrial Automation,Germany,98.6,20,Air Priority Express,0.23,13.4,Optimal,2026-04-15
SKU-HW-01955,Edge AI Gateway Controller v4.0,Edge Devices,WH-EU-03,London Distribution Gateway,EU-West,United Kingdom,455,119,336,239,394,1108,2053.61,934392.55,SUP-JP-02,Kyocera Ceramic Packaging,Japan,98.1,20,Ocean Freight Container,3.0,13.9,Optimal,2026-04-09
SKU-HW-01956,All-Flash NVMe High-IOPS Array v1.0,Storage Systems,WH-APAC-01,Taipei Logistics Hub,APAC-East,Taiwan,222,124,98,71,138,434,14848.72,3296415.84,SUP-KR-01,Samsung Memory Module Division,South Korea,97.2,14,Air Priority Express,1.19,8.6,Optimal,2026-05-15
SKU-HW-01957,Distributed Object Storage Block v2.0,Storage Systems,WH-US-01,California Mega-Hub,US-West,United States,277,126,151,99,167,568,7029.66,1947215.82,SUP-JP-01,Murata High-Freq Components,Japan,98.9,8,Ground Fleet Line,2.88,4.4,Optimal,2026-06-05
SKU-HW-01958,Quantum Optical 800G Core Switch v3.0,Networking Hardware,WH-EU-03,London Distribution Gateway,EU-West,United Kingdom,50,19,31,38,54,184,17504.75,875237.5,SUP-TW-03,Quanta Computer Advanced Server,Taiwan,97.5,13,Dedicated Rail Cargo,2.54,8.2,Optimal,2026-01-18
SKU-HW-01959,Quantum Optical 800G Core Switch v4.0,Networking Hardware,WH-US-01,California Mega-Hub,US-West,United States,189,23,166,48,68,207,20122.89,3803226.21,SUP-TW-01,TSMC Advanced Semiconductor,Taiwan,99.4,35,Ocean Freight Container,2.19,8.5,Overstocked,2026-06-01
SKU-HW-01960,Direct-to-Chip Liquid Cooling Manifold v1.0,Power & Cooling,WH-EU-01,Frankfurt Euro-Hub,EU-Central,Germany,428,120,308,165,297,967,4136.45,1770400.6,SUP-TW-02,Foxconn Precision Industry,Taiwan,96.8,8,Dedicated Rail Cargo,0.78,7.1,Optimal,2026-05-03
SKU-HW-01961,Dense Wavelength Mux Transceiver v2.0,Optical Components,WH-APAC-01,Taipei Logistics Hub,APAC-East,Taiwan,2996,564,2432,424,822,3133,750.18,2247539.28,SUP-JP-01,Murata High-Freq Components,Japan,98.9,30,Ground Fleet Line,2.64,9.0,Overstocked,2026-01-11
SKU-HW-01962,Ultra-Low Latency Spine Router v3.0,Networking Hardware,WH-APAC-01,Taipei Logistics Hub,APAC-East,Taiwan,268,96,172,85,182,707,13125.56,3517650.08,SUP-JP-01,Murata High-Freq Components,Japan,98.9,28,Air Priority Express,0.33,4.8,Optimal,2026-03-28
SKU-HW-01963,Industrial IoT Telemetry Sensor v4.0,Edge Devices,WH-APAC-03,Singapore Gateway Center,APAC-South,Singapore,12126,3480,8646,2306,4408,12817,138.83,1683452.58,SUP-TW-03,Quanta Computer Advanced Server,Taiwan,97.5,39,Ocean Freight Container,1.01,7.6,Overstocked,2026-04-07
SKU-HW-01964,Quantum Optical 800G Core Switch v1.0,Networking Hardware,WH-APAC-04,Sydney Tech Fulfillment,APAC-ANZ,Australia,120,62,58,55,90,234,19401.31,2328157.2,SUP-US-01,Supermicro Engineering Lab,United States,95.9,33,Dedicated Rail Cargo,1.12,11.1,Optimal,2026-03-12
SKU-HW-01965,Liquid-Cooled AI Inference Blade v2.0,Compute Servers,WH-APAC-03,Singapore Gateway Center,APAC-South,Singapore,406,230,176,125,250,626,8455.3,3432851.8,SUP-JP-02,Kyocera Ceramic Packaging,Japan,98.1,38,Air Priority Express,1.9,4.8,Optimal,2026-01-06
SKU-HW-01966,Industrial IoT Telemetry Sensor v3.0,Edge Devices,WH-APAC-04,Sydney Tech Fulfillment,APAC-ANZ,Australia,10734,6229,4505,4467,8136,30929,120.34,1291729.56,SUP-US-02,Broadcom Optical Networks,United States,97.8,27,Ocean Freight Container,2.62,12.3,Optimal,2026-02-28
SKU-HW-01967,Direct-to-Chip Liquid Cooling Manifold v4.0,Power & Cooling,WH-US-02,Virginia Cloud Center,US-East,United States,3,2,1,169,280,1084,3854.6,11563.8,SUP-DE-01,Siemens Industrial Automation,Germany,98.6,17,Air Priority Express,1.76,10.6,Critical Shortage,2026-04-30
SKU-HW-01968,Ultra-Low Latency Spine Router v1.0,Networking Hardware,WH-MEA-01,Dubai Industrial Port Hub,MEA,United Arab Emirates,54,31,23,43,82,262,13094.49,707102.46,SUP-JP-01,Murata High-Freq Components,Japan,98.9,20,Ocean Freight Container,2.83,3.8,Optimal,2026-06-14
SKU-HW-01969,Distributed Object Storage Block v2.0,Storage Systems,WH-APAC-03,Singapore Gateway Center,APAC-South,Singapore,246,130,116,106,151,537,6646.18,1634960.28,SUP-TW-04,Delta Electronics Power Solutions,Taiwan,98.2,38,Ground Fleet Line,1.52,5.7,Optimal,2026-06-11
SKU-HW-01970,Edge AI Gateway Controller v3.0,Edge Devices,WH-US-01,California Mega-Hub,US-West,United States,1691,802,889,517,943,2689,1870.07,3162288.37,SUP-NL-01,ASML Precision Optics Hub,Netherlands,99.1,12,Ground Fleet Line,2.36,6.2,Optimal,2026-04-21
SKU-HW-01971,Next-Gen Firewall Threat Shield v4.0,Security Appliances,WH-US-01,California Mega-Hub,US-West,United States,394,80,314,119,259,672,5401.63,2128242.22,SUP-KR-01,Samsung Memory Module Division,South Korea,97.2,29,Dedicated Rail Cargo,0.28,13.9,Optimal,2026-01-22
SKU-HW-01972,Direct-to-Chip Liquid Cooling Manifold v1.0,Power & Cooling,WH-US-02,Virginia Cloud Center,US-East,United States,64,39,25,184,323,904,3837.35,245590.4,SUP-NL-01,ASML Precision Optics Hub,Netherlands,99.1,40,Ground Fleet Line,2.38,8.8,Critical Shortage,2026-04-07
SKU-HW-01973,All-Flash NVMe High-IOPS Array v2.0,Storage Systems,WH-APAC-01,Taipei Logistics Hub,APAC-East,Taiwan,28,18,10,82,144,509,13883.36,388734.08,SUP-TW-02,Foxconn Precision Industry,Taiwan,96.8,43,Dedicated Rail Cargo,2.0,8.0,Critical Shortage,2026-03-25
SKU-HW-01974,Next-Gen Firewall Threat Shield v3.0,Security Appliances,WH-EU-03,London Distribution Gateway,EU-West,United Kingdom,352,171,181,130,234,662,6138.82,2160864.64,SUP-JP-02,Kyocera Ceramic Packaging,Japan,98.1,35,Air Priority Express,0.98,3.7,Optimal,2026-06-14
SKU-HW-01975,Liquid-Cooled AI Inference Blade v4.0,Compute Servers,WH-APAC-03,Singapore Gateway Center,APAC-South,Singapore,143,34,109,76,120,462,8824.82,1261949.26,SUP-US-01,Supermicro Engineering Lab,United States,95.9,36,Ocean Freight Container,1.88,2.9,Optimal,2026-04-26
SKU-HW-01976,Quantum Optical 800G Core Switch v1.0,Networking Hardware,WH-LATAM-01,Sao Paulo Distribution,LATAM,Brazil,114,67,47,33,65,219,19262.04,2195872.56,SUP-NL-01,ASML Precision Optics Hub,Netherlands,99.1,10,Ocean Freight Container,0.22,6.0,Optimal,2026-04-04
SKU-HW-01977,Quantum Optical 800G Core Switch v2.0,Networking Hardware,WH-APAC-04,Sydney Tech Fulfillment,APAC-ANZ,Australia,92,51,41,42,70,266,19233.69,1769499.48,SUP-TW-01,TSMC Advanced Semiconductor,Taiwan,99.4,7,Ocean Freight Container,1.88,4.0,Optimal,2026-06-18
SKU-HW-01978,Quantum Optical 800G Core Switch v3.0,Networking Hardware,WH-APAC-01,Taipei Logistics Hub,APAC-East,Taiwan,62,27,35,30,64,179,19895.77,1233537.74,SUP-TW-04,Delta Electronics Power Solutions,Taiwan,98.2,9,Ground Fleet Line,2.53,4.2,Optimal,2026-06-05
SKU-HW-01979,All-Flash NVMe High-IOPS Array v4.0,Storage Systems,WH-MEA-01,Dubai Industrial Port Hub,MEA,United Arab Emirates,219,101,118,75,159,551,14017.72,3069880.68,SUP-US-02,Broadcom Optical Networks,United States,97.8,12,Ocean Freight Container,0.64,11.6,Optimal,2026-01-31
SKU-HW-01980,100G Single-Mode Optical Transceiver v1.0,Optical Components,WH-APAC-01,Taipei Logistics Hub,APAC-East,Taiwan,2633,950,1683,1010,1849,6320,302.88,797483.04,SUP-TW-01,TSMC Advanced Semiconductor,Taiwan,99.4,10,Air Priority Express,0.97,2.8,Optimal,2026-02-13
SKU-HW-01981,Dense Wavelength Mux Transceiver v2.0,Optical Components,WH-US-02,Virginia Cloud Center,US-East,United States,665,175,490,502,1101,4083,709.62,471897.3,SUP-US-01,Supermicro Engineering Lab,United States,95.9,31,Air Priority Express,1.52,8.2,Optimal,2026-01-26
SKU-HW-01982,Quantum Optical 800G Core Switch v3.0,Networking Hardware,WH-MEA-01,Dubai Industrial Port Hub,MEA,United Arab Emirates,66,30,36,45,67,195,19048.79,1257220.14,SUP-JP-02,Kyocera Ceramic Packaging,Japan,98.1,18,Air Priority Express,2.41,10.5,Optimal,2026-05-13
SKU-HW-01983,Liquid-Cooled AI Inference Blade v4.0,Compute Servers,WH-APAC-01,Taipei Logistics Hub,APAC-East,Taiwan,325,109,216,95,205,658,9575.4,3112005.0,SUP-TW-03,Quanta Computer Advanced Server,Taiwan,97.5,6,Ground Fleet Line,1.39,3.3,Optimal,2026-03-07
SKU-HW-01984,Liquid-Cooled AI Inference Blade v1.0,Compute Servers,WH-APAC-01,Taipei Logistics Hub,APAC-East,Taiwan,78,27,51,67,130,337,9703.71,756889.38,SUP-TW-04,Delta Electronics Power Solutions,Taiwan,98.2,12,Air Priority Express,2.73,12.7,Optimal,2026-01-12
SKU-HW-01985,Dense Wavelength Mux Transceiver v2.0,Optical Components,WH-APAC-01,Taipei Logistics Hub,APAC-East,Taiwan,1836,875,961,1430,2215,5619,728.07,1336736.52,SUP-NL-01,ASML Precision Optics Hub,Netherlands,99.1,22,Dedicated Rail Cargo,1.18,6.9,Optimal,2026-06-02
SKU-HW-01986,All-Flash NVMe High-IOPS Array v3.0,Storage Systems,WH-APAC-01,Taipei Logistics Hub,APAC-East,Taiwan,155,60,95,64,89,242,14507.4,2248647.0,SUP-US-01,Supermicro Engineering Lab,United States,95.9,38,Ocean Freight Container,2.58,4.6,Optimal,2026-02-27
SKU-HW-01987,Quantum Optical 800G Core Switch v4.0,Networking Hardware,WH-MEA-01,Dubai Industrial Port Hub,MEA,United Arab Emirates,167,58,109,58,101,256,19547.01,3264350.67,SUP-TW-04,Delta Electronics Power Solutions,Taiwan,98.2,24,Ocean Freight Container,1.17,11.6,Optimal,2026-05-08
SKU-HW-01988,High-Density GPU Tensor Server Node v1.0,Compute Servers,WH-US-02,Virginia Cloud Center,US-East,United States,123,42,81,85,153,578,15634.32,1923021.36,SUP-TW-04,Delta Electronics Power Solutions,Taiwan,98.2,27,Ocean Freight Container,0.88,9.2,Optimal,2026-03-05
SKU-HW-01989,Next-Gen Firewall Threat Shield v2.0,Security Appliances,WH-US-01,California Mega-Hub,US-West,United States,35,24,11,86,121,321,5622.16,196775.6,SUP-JP-02,Kyocera Ceramic Packaging,Japan,98.1,6,Dedicated Rail Cargo,2.48,11.3,Low Stock,2026-01-18
SKU-HW-01990,Liquid-Cooled AI Inference Blade v3.0,Compute Servers,WH-MEA-01,Dubai Industrial Port Hub,MEA,United Arab Emirates,42,32,10,68,131,403,9746.93,409371.06,SUP-TW-03,Quanta Computer Advanced Server,Taiwan,97.5,5,Ground Fleet Line,2.22,3.1,Low Stock,2026-07-21
SKU-HW-01991,Quantum Optical 800G Core Switch v4.0,Networking Hardware,WH-MEA-01,Dubai Industrial Port Hub,MEA,United Arab Emirates,135,52,83,54,95,371,19814.46,2674952.1,SUP-KR-01,Samsung Memory Module Division,South Korea,97.2,37,Air Priority Express,0.66,9.2,Optimal,2026-02-19
SKU-HW-01992,Liquid-Cooled AI Inference Blade v1.0,Compute Servers,WH-APAC-01,Taipei Logistics Hub,APAC-East,Taiwan,187,70,117,87,170,502,9423.27,1762151.49,SUP-TW-04,Delta Electronics Power Solutions,Taiwan,98.2,41,Air Priority Express,1.76,7.6,Optimal,2026-05-05
SKU-HW-01993,Liquid-Cooled AI Inference Blade v2.0,Compute Servers,WH-APAC-02,Tokyo High-Tech Depot,APAC-East,Japan,176,51,125,102,176,577,8219.92,1446705.92,SUP-JP-01,Murata High-Freq Components,Japan,98.9,14,Dedicated Rail Cargo,2.5,9.4,Optimal,2026-03-01
SKU-HW-01994,Liquid-Cooled AI Inference Blade v3.0,Compute Servers,WH-APAC-03,Singapore Gateway Center,APAC-South,Singapore,240,115,125,128,240,751,8207.14,1969713.6,SUP-DE-01,Siemens Industrial Automation,Germany,98.6,45,Ocean Freight Container,1.27,5.4,Optimal,2026-01-14
SKU-HW-01995,Direct-to-Chip Liquid Cooling Manifold v4.0,Power & Cooling,WH-US-03,Chicago Central Depot,US-Central,United States,44,21,23,152,275,791,3832.04,168609.76,SUP-US-02,Broadcom Optical Networks,United States,97.8,33,Ocean Freight Container,1.75,3.1,Critical Shortage,2026-06-18
SKU-HW-01996,Redundant Power Distribution Unit 3-Phase v1.0,Power & Cooling,WH-APAC-04,Sydney Tech Fulfillment,APAC-ANZ,Australia,217,73,144,152,297,823,3047.86,661385.62,SUP-JP-01,Murata High-Freq Components,Japan,98.9,15,Dedicated Rail Cargo,1.8,13.6,Optimal,2026-05-30
SKU-HW-01997,Direct-to-Chip Liquid Cooling Manifold v2.0,Power & Cooling,WH-APAC-04,Sydney Tech Fulfillment,APAC-ANZ,Australia,443,167,276,139,262,729,4382.06,1941252.58,SUP-US-02,Broadcom Optical Networks,United States,97.8,16,Air Priority Express,3.03,11.6,Optimal,2026-05-11
SKU-HW-01998,Distributed Object Storage Block v3.0,Storage Systems,WH-LATAM-01,Sao Paulo Distribution,LATAM,Brazil,297,61,236,138,219,829,6112.54,1815424.38,SUP-JP-02,Kyocera Ceramic Packaging,Japan,98.1,40,Dedicated Rail Cargo,2.03,10.7,Optimal,2026-03-12
SKU-HW-01999,Edge AI Gateway Controller v4.0,Edge Devices,WH-APAC-04,Sydney Tech Fulfillment,APAC-ANZ,Australia,1434,321,1113,422,829,2494,2022.67,2900508.78,SUP-JP-02,Kyocera Ceramic Packaging,Japan,98.1,26,Dedicated Rail Cargo,2.96,12.9,Optimal,2026-02-04
SKU-HW-02000,100G Single-Mode Optical Transceiver v1.0,Optical Components,WH-LATAM-01,Sao Paulo Distribution,LATAM,Brazil,3819,816,3003,2306,3918,12470,254.44,971706.36,SUP-JP-01,Murata High-Freq Components,Japan,98.9,8,Dedicated Rail Cargo,2.24,7.4,Optimal,2026-05-21
SKU-HW-02001,Hardware Security Module (HSM) Vault v2.0,Security Appliances,WH-APAC-03,Singapore Gateway Center,APAC-South,Singapore,284,42,242,61,106,300,8932.53,2536838.52,SUP-KR-01,Samsung Memory Module Division,South Korea,97.2,39,Ocean Freight Container,0.15,8.8,Overstocked,2026-05-06
SKU-HW-02002,Edge AI Gateway Controller v3.0,Edge Devices,WH-APAC-02,Tokyo High-Tech Depot,APAC-East,Japan,619,344,275,492,794,2761,1731.63,1071878.97,SUP-TW-02,Foxconn Precision Industry,Taiwan,96.8,28,Ocean Freight Container,2.04,13.8,Optimal,2026-01-28
SKU-HW-02003,Quantum Optical 800G Core Switch v4.0,Networking Hardware,WH-MEA-01,Dubai Industrial Port Hub,MEA,United Arab Emirates,115,52,63,58,90,277,19600.99,2254113.85,SUP-JP-01,Murata High-Freq Components,Japan,98.9,14,Ground Fleet Line,0.44,13.7,Optimal,2026-03-13
SKU-HW-02004,Industrial IoT Telemetry Sensor v1.0,Edge Devices,WH-US-01,California Mega-Hub,US-West,United States,12518,2827,9691,4626,9996,32045,128.49,1608437.82,SUP-KR-01,Samsung Memory Module Division,South Korea,97.2,14,Ocean Freight Container,1.91,13.0,Optimal,2026-04-02
SKU-HW-02005,Quantum Optical 800G Core Switch v2.0,Networking Hardware,WH-APAC-01,Taipei Logistics Hub,APAC-East,Taiwan,294,53,241,53,88,303,18063.42,5310645.48,SUP-DE-01,Siemens Industrial Automation,Germany,98.6,37,Air Priority Express,0.4,12.3,Overstocked,2026-08-03
SKU-HW-02006,High-Density GPU Tensor Server Node v3.0,Compute Servers,WH-US-01,California Mega-Hub,US-West,United States,285,132,153,86,167,504,14387.82,4100528.7,SUP-US-01,Supermicro Engineering Lab,United States,95.9,6,Ground Fleet Line,2.56,5.8,Optimal,2026-06-10
SKU-HW-02007,Direct-to-Chip Liquid Cooling Manifold v4.0,Power & Cooling,WH-EU-01,Frankfurt Euro-Hub,EU-Central,Germany,643,284,359,249,438,1101,4103.69,2638672.67,SUP-JP-02,Kyocera Ceramic Packaging,Japan,98.1,18,Ocean Freight Container,1.16,10.1,Optimal,2026-02-15
SKU-HW-02008,All-Flash NVMe High-IOPS Array v1.0,Storage Systems,WH-US-03,Chicago Central Depot,US-Central,United States,75,31,44,51,94,374,15547.84,1166088.0,SUP-TW-04,Delta Electronics Power Solutions,Taiwan,98.2,5,Air Priority Express,2.39,3.2,Optimal,2026-04-12
SKU-HW-02009,Ultra-Low Latency Spine Router v2.0,Networking Hardware,WH-APAC-02,Tokyo High-Tech Depot,APAC-East,Japan,299,130,169,84,171,458,13282.32,3971413.68,SUP-JP-02,Kyocera Ceramic Packaging,Japan,98.1,20,Ocean Freight Container,1.89,10.7,Optimal,2026-07-06
SKU-HW-02010,Distributed Object Storage Block v3.0,Storage Systems,WH-EU-02,Rotterdam Logistics Park,EU-West,Netherlands,202,107,95,122,262,851,6150.12,1242324.24,SUP-TW-04,Delta Electronics Power Solutions,Taiwan,98.2,23,Air Priority Express,2.6,11.4,Optimal,2026-03-09
SKU-HW-02011,Hardware Security Module (HSM) Vault v4.0,Security Appliances,WH-US-01,California Mega-Hub,US-West,United States,157,91,66,58,102,255,10011.56,1571814.92,SUP-US-01,Supermicro Engineering Lab,United States,95.9,10,Ocean Freight Container,2.6,8.9,Optimal,2026-04-29
SKU-HW-02012,Ultra-Low Latency Spine Router v1.0,Networking Hardware,WH-US-03,Chicago Central Depot,US-Central,United States,26,24,2,60,88,340,12753.16,331582.16,SUP-TW-04,Delta Electronics Power Solutions,Taiwan,98.2,17,Ocean Freight Container,1.01,2.8,Low Stock,2026-04-04
SKU-HW-02013,Next-Gen Firewall Threat Shield v2.0,Security Appliances,WH-MEA-01,Dubai Industrial Port Hub,MEA,United Arab Emirates,544,242,302,155,306,877,5976.79,3251373.76,SUP-KR-01,Samsung Memory Module Division,South Korea,97.2,20,Ocean Freight Container,3.1,5.0,Optimal,2026-06-23
SKU-HW-02014,Redundant Power Distribution Unit 3-Phase v3.0,Power & Cooling,WH-APAC-02,Tokyo High-Tech Depot,APAC-East,Japan,454,120,334,158,262,861,3350.67,1521204.18,SUP-TW-04,Delta Electronics Power Solutions,Taiwan,98.2,45,Dedicated Rail Cargo,1.84,8.4,Optimal,2026-03-14
SKU-HW-02015,Redundant Power Distribution Unit 3-Phase v4.0,Power & Cooling,WH-APAC-03,Singapore Gateway Center,APAC-South,Singapore,422,152,270,257,428,1294,3107.72,1311457.84,SUP-TW-01,TSMC Advanced Semiconductor,Taiwan,99.4,13,Ocean Freight Container,1.51,3.1,Optimal,2026-04-17
SKU-HW-02016,Ultra-Low Latency Spine Router v1.0,Networking Hardware,WH-APAC-01,Taipei Logistics Hub,APAC-East,Taiwan,97,39,58,57,116,373,12022.87,1166218.39,SUP-NL-01,ASML Precision Optics Hub,Netherlands,99.1,45,Air Priority Express,3.1,13.3,Optimal,2026-05-19
SKU-HW-02017,Direct-to-Chip Liquid Cooling Manifold v2.0,Power & Cooling,WH-US-02,Virginia Cloud Center,US-East,United States,269,122,147,154,326,947,3817.09,1026797.21,SUP-KR-01,Samsung Memory Module Division,South Korea,97.2,34,Ground Fleet Line,2.48,9.2,Optimal,2026-03-03
SKU-HW-02018,Redundant Power Distribution Unit 3-Phase v3.0,Power & Cooling,WH-US-01,California Mega-Hub,US-West,United States,116,73,43,300,429,1229,3428.98,397761.68,SUP-NL-01,ASML Precision Optics Hub,Netherlands,99.1,5,Dedicated Rail Cargo,1.92,9.4,Critical Shortage,2026-01-26
SKU-HW-02019,Dense Wavelength Mux Transceiver v4.0,Optical Components,WH-APAC-02,Tokyo High-Tech Depot,APAC-East,Japan,2679,383,2296,443,898,2858,768.23,2058088.17,SUP-KR-01,Samsung Memory Module Division,South Korea,97.2,6,Air Priority Express,2.35,8.2,Overstocked,2026-01-18
SKU-HW-02020,Ultra-Low Latency Spine Router v1.0,Networking Hardware,WH-APAC-01,Taipei Logistics Hub,APAC-East,Taiwan,74,44,30,51,108,329,12966.08,959489.92,SUP-TW-03,Quanta Computer Advanced Server,Taiwan,97.5,5,Ocean Freight Container,0.52,4.1,Optimal,2026-01-30
SKU-HW-02021,Ultra-Low Latency Spine Router v2.0,Networking Hardware,WH-MEA-01,Dubai Industrial Port Hub,MEA,United Arab Emirates,196,107,89,79,151,546,12141.53,2379739.88,SUP-JP-02,Kyocera Ceramic Packaging,Japan,98.1,35,Air Priority Express,1.99,6.1,Optimal,2026-06-26
SKU-HW-02022,Hardware Security Module (HSM) Vault v3.0,Security Appliances,WH-APAC-04,Sydney Tech Fulfillment,APAC-ANZ,Australia,225,55,170,56,85,244,10941.71,2461884.75,SUP-US-01,Supermicro Engineering Lab,United States,95.9,45,Dedicated Rail Cargo,1.15,11.8,Overstocked,2026-07-05
SKU-HW-02023,Edge AI Gateway Controller v4.0,Edge Devices,WH-APAC-04,Sydney Tech Fulfillment,APAC-ANZ,Australia,576,117,459,237,450,1780,2062.9,1188230.4,SUP-JP-02,Kyocera Ceramic Packaging,Japan,98.1,19,Dedicated Rail Cargo,1.62,5.8,Optimal,2026-02-16
SKU-HW-02024,Next-Gen Firewall Threat Shield v1.0,Security Appliances,WH-LATAM-01,Sao Paulo Distribution,LATAM,Brazil,290,162,128,129,187,481,5091.25,1476462.5,SUP-TW-04,Delta Electronics Power Solutions,Taiwan,98.2,19,Dedicated Rail Cargo,1.17,6.7,Optimal,2026-02-27
SKU-HW-02025,Direct-to-Chip Liquid Cooling Manifold v2.0,Power & Cooling,WH-LATAM-01,Sao Paulo Distribution,LATAM,Brazil,614,328,286,250,383,1218,4445.81,2729727.34,SUP-TW-01,TSMC Advanced Semiconductor,Taiwan,99.4,20,Ocean Freight Container,1.99,4.0,Optimal,2026-07-06
SKU-HW-02026,Direct-to-Chip Liquid Cooling Manifold v3.0,Power & Cooling,WH-APAC-04,Sydney Tech Fulfillment,APAC-ANZ,Australia,1447,236,1211,220,456,1586,3760.53,5441486.91,SUP-KR-01,Samsung Memory Module Division,South Korea,97.2,13,Ground Fleet Line,0.79,12.5,Overstocked,2026-06-29
SKU-HW-02027,Quantum Optical 800G Core Switch v4.0,Networking Hardware,WH-MEA-01,Dubai Industrial Port Hub,MEA,United Arab Emirates,300,89,211,42,89,348,20356.79,6107037.0,SUP-TW-03,Quanta Computer Advanced Server,Taiwan,97.5,12,Ground Fleet Line,1.82,4.8,Overstocked,2026-05-21
SKU-HW-02028,Next-Gen Firewall Threat Shield v1.0,Security Appliances,WH-EU-01,Frankfurt Euro-Hub,EU-Central,Germany,254,81,173,160,287,758,5687.45,1444612.3,SUP-US-01,Supermicro Engineering Lab,United States,95.9,25,Air Priority Express,0.64,7.8,Optimal,2026-06-14
SKU-HW-02029,Redundant Power Distribution Unit 3-Phase v2.0,Power & Cooling,WH-EU-01,Frankfurt Euro-Hub,EU-Central,Germany,302,117,185,118,236,920,3098.72,935813.44,SUP-US-01,Supermicro Engineering Lab,United States,95.9,30,Air Priority Express,1.03,5.6,Optimal,2026-01-06
SKU-HW-02030,High-Density GPU Tensor Server Node v3.0,Compute Servers,WH-EU-03,London Distribution Gateway,EU-West,United Kingdom,43,21,22,107,201,593,14913.93,641298.99,SUP-JP-01,Murata High-Freq Components,Japan,98.9,36,Air Priority Express,0.4,10.4,Low Stock,2026-03-20
SKU-HW-02031,Edge AI Gateway Controller v4.0,Edge Devices,WH-EU-03,London Distribution Gateway,EU-West,United Kingdom,3,1,2,407,690,2581,2046.56,6139.68,SUP-US-01,Supermicro Engineering Lab,United States,95.9,39,Ground Fleet Line,2.54,10.1,Critical Shortage,2026-02-18
SKU-HW-02032,Quantum Optical 800G Core Switch v1.0,Networking Hardware,WH-US-01,California Mega-Hub,US-West,United States,146,38,108,31,59,161,17203.26,2511675.96,SUP-NL-01,ASML Precision Optics Hub,Netherlands,99.1,21,Ocean Freight Container,1.69,14.0,Overstocked,2026-03-17
SKU-HW-02033,Redundant Power Distribution Unit 3-Phase v2.0,Power & Cooling,WH-EU-03,London Distribution Gateway,EU-West,United Kingdom,453,202,251,151,260,703,3578.48,1621051.44,SUP-TW-01,TSMC Advanced Semiconductor,Taiwan,99.4,14,Air Priority Express,2.72,8.7,Optimal,2026-07-09
SKU-HW-02034,Dense Wavelength Mux Transceiver v3.0,Optical Components,WH-APAC-03,Singapore Gateway Center,APAC-South,Singapore,2091,738,1353,1306,2165,5623,810.88,1695550.08,SUP-DE-01,Siemens Industrial Automation,Germany,98.6,24,Dedicated Rail Cargo,2.13,6.1,Optimal,2026-01-26
SKU-HW-02035,High-Density GPU Tensor Server Node v4.0,Compute Servers,WH-US-03,Chicago Central Depot,US-Central,United States,134,38,96,62,88,284,13420.27,1798316.18,SUP-KR-01,Samsung Memory Module Division,South Korea,97.2,27,Ground Fleet Line,0.41,10.7,Optimal,2026-05-01
SKU-HW-02036,Redundant Power Distribution Unit 3-Phase v1.0,Power & Cooling,WH-APAC-01,Taipei Logistics Hub,APAC-East,Taiwan,947,262,685,289,542,1726,2889.05,2735930.35,SUP-TW-03,Quanta Computer Advanced Server,Taiwan,97.5,40,Ocean Freight Container,0.6,5.5,Optimal,2026-01-05
SKU-HW-02037,Industrial IoT Telemetry Sensor v2.0,Edge Devices,WH-EU-02,Rotterdam Logistics Park,EU-West,Netherlands,1909,1265,644,4058,5709,18103,123.56,235876.04,SUP-TW-03,Quanta Computer Advanced Server,Taiwan,97.5,22,Ground Fleet Line,2.72,2.9,Low Stock,2026-06-15
SKU-HW-02038,Liquid-Cooled AI Inference Blade v3.0,Compute Servers,WH-APAC-01,Taipei Logistics Hub,APAC-East,Taiwan,216,105,111,125,187,595,9586.36,2070653.76,SUP-DE-01,Siemens Industrial Automation,Germany,98.6,43,Ground Fleet Line,1.81,3.9,Optimal,2026-01-07
SKU-HW-02039,High-Density GPU Tensor Server Node v4.0,Compute Servers,WH-EU-01,Frankfurt Euro-Hub,EU-Central,Germany,152,71,81,112,215,576,13116.06,1993641.12,SUP-KR-01,Samsung Memory Module Division,South Korea,97.2,33,Ground Fleet Line,1.12,9.8,Optimal,2026-03-17
SKU-HW-02040,Next-Gen Firewall Threat Shield v1.0,Security Appliances,WH-EU-02,Rotterdam Logistics Park,EU-West,Netherlands,395,104,291,131,235,899,5728.25,2262658.75,SUP-TW-01,TSMC Advanced Semiconductor,Taiwan,99.4,41,Ocean Freight Container,0.14,12.6,Optimal,2026-05-23
SKU-HW-02041,Hardware Security Module (HSM) Vault v2.0,Security Appliances,WH-US-01,California Mega-Hub,US-West,United States,18,11,7,60,90,328,10228.43,184111.74,SUP-JP-02,Kyocera Ceramic Packaging,Japan,98.1,8,Ground Fleet Line,0.78,8.9,Critical Shortage,2026-02-26
SKU-HW-02042,Quantum Optical 800G Core Switch v3.0,Networking Hardware,WH-US-03,Chicago Central Depot,US-Central,United States,336,92,244,55,87,344,18140.63,6095251.68,SUP-TW-02,Foxconn Precision Industry,Taiwan,96.8,36,Ground Fleet Line,2.73,4.2,Overstocked,2026-03-31
SKU-HW-02043,Quantum Optical 800G Core Switch v4.0,Networking Hardware,WH-EU-01,Frankfurt Euro-Hub,EU-Central,Germany,129,66,63,79,128,378,17038.67,2197988.43,SUP-JP-02,Kyocera Ceramic Packaging,Japan,98.1,43,Dedicated Rail Cargo,3.07,11.9,Optimal,2026-04-01
SKU-HW-02044,Distributed Object Storage Block v1.0,Storage Systems,WH-EU-01,Frankfurt Euro-Hub,EU-Central,Germany,375,96,279,83,145,437,6082.62,2280982.5,SUP-JP-02,Kyocera Ceramic Packaging,Japan,98.1,6,Ground Fleet Line,2.07,5.7,Overstocked,2026-03-06
SKU-HW-02045,Ultra-Low Latency Spine Router v2.0,Networking Hardware,WH-US-03,Chicago Central Depot,US-Central,United States,226,64,162,48,93,232,12080.34,2730156.84,SUP-KR-01,Samsung Memory Module Division,South Korea,97.2,12,Ocean Freight Container,0.79,11.2,Overstocked,2026-06-18
SKU-HW-02046,High-Density GPU Tensor Server Node v3.0,Compute Servers,WH-LATAM-01,Sao Paulo Distribution,LATAM,Brazil,189,97,92,62,112,443,13547.97,2560566.33,SUP-TW-04,Delta Electronics Power Solutions,Taiwan,98.2,16,Ground Fleet Line,0.15,9.9,Optimal,2026-02-05
SKU-HW-02047,High-Density GPU Tensor Server Node v4.0,Compute Servers,WH-APAC-01,Taipei Logistics Hub,APAC-East,Taiwan,221,111,110,112,182,694,13147.28,2905548.88,SUP-TW-02,Foxconn Precision Industry,Taiwan,96.8,36,Ground Fleet Line,2.21,7.9,Optimal,2026-02-18
SKU-HW-02048,Quantum Optical 800G Core Switch v1.0,Networking Hardware,WH-EU-01,Frankfurt Euro-Hub,EU-Central,Germany,414,53,361,72,137,439,18248.94,7555061.16,SUP-JP-02,Kyocera Ceramic Packaging,Japan,98.1,33,Dedicated Rail Cargo,2.29,12.7,Overstocked,2026-06-19
SKU-HW-02049,Industrial IoT Telemetry Sensor v2.0,Edge Devices,WH-US-03,Chicago Central Depot,US-Central,United States,16048,4643,11405,4223,9091,33819,126.66,2032639.68,SUP-TW-03,Quanta Computer Advanced Server,Taiwan,97.5,43,Air Priority Express,1.43,11.2,Optimal,2026-08-02
SKU-HW-02050,Quantum Optical 800G Core Switch v3.0,Networking Hardware,WH-MEA-01,Dubai Industrial Port Hub,MEA,United Arab Emirates,47,20,27,33,66,229,18906.23,888592.81,SUP-TW-04,Delta Electronics Power Solutions,Taiwan,98.2,10,Air Priority Express,1.86,8.8,Optimal,2026-05-02
SKU-HW-02051,All-Flash NVMe High-IOPS Array v4.0,Storage Systems,WH-EU-03,London Distribution Gateway,EU-West,United Kingdom,90,50,40,80,140,417,16026.75,1442407.5,SUP-US-01,Supermicro Engineering Lab,United States,95.9,21,Air Priority Express,2.94,4.5,Optimal,2026-02-21
SKU-HW-02052,Ultra-Low Latency Spine Router v1.0,Networking Hardware,WH-APAC-01,Taipei Logistics Hub,APAC-East,Taiwan,278,54,224,58,124,322,12282.35,3414493.3,SUP-TW-03,Quanta Computer Advanced Server,Taiwan,97.5,8,Ocean Freight Container,3.03,9.5,Overstocked,2026-06-23
SKU-HW-02053,Dense Wavelength Mux Transceiver v2.0,Optical Components,WH-US-02,Virginia Cloud Center,US-East,United States,3170,1536,1634,1275,2454,8277,711.95,2256881.5,SUP-DE-01,Siemens Industrial Automation,Germany,98.6,33,Air Priority Express,1.38,8.6,Optimal,2026-05-06
SKU-HW-02054,Quantum Optical 800G Core Switch v3.0,Networking Hardware,WH-APAC-04,Sydney Tech Fulfillment,APAC-ANZ,Australia,22,20,2,68,96,245,17551.63,386135.86,SUP-DE-01,Siemens Industrial Automation,Germany,98.6,22,Air Priority Express,1.23,8.2,Critical Shortage,2026-03-08
SKU-HW-02055,All-Flash NVMe High-IOPS Array v4.0,Storage Systems,WH-APAC-03,Singapore Gateway Center,APAC-South,Singapore,232,61,171,49,103,270,16590.97,3849105.04,SUP-JP-01,Murata High-Freq Components,Japan,98.9,35,Dedicated Rail Cargo,1.94,13.1,Overstocked,2026-07-23
SKU-HW-02056,Next-Gen Firewall Threat Shield v1.0,Security Appliances,WH-APAC-02,Tokyo High-Tech Depot,APAC-East,Japan,351,45,306,78,142,398,5264.94,1847993.94,SUP-KR-01,Samsung Memory Module Division,South Korea,97.2,6,Dedicated Rail Cargo,2.44,7.2,Overstocked,2026-07-24
SKU-HW-02057,Dense Wavelength Mux Transceiver v2.0,Optical Components,WH-US-01,California Mega-Hub,US-West,United States,3538,1722,1816,1232,2531,8618,702.49,2485409.62,SUP-JP-01,Murata High-Freq Components,Japan,98.9,37,Dedicated Rail Cargo,0.6,10.7,Optimal,2026-01-26
SKU-HW-02058,Redundant Power Distribution Unit 3-Phase v3.0,Power & Cooling,WH-APAC-01,Taipei Logistics Hub,APAC-East,Taiwan,760,358,402,253,426,1314,3140.09,2386468.4,SUP-TW-03,Quanta Computer Advanced Server,Taiwan,97.5,36,Dedicated Rail Cargo,0.64,5.5,Optimal,2026-07-06
SKU-HW-02059,All-Flash NVMe High-IOPS Array v4.0,Storage Systems,WH-APAC-04,Sydney Tech Fulfillment,APAC-ANZ,Australia,248,126,122,90,140,403,15653.17,3881986.16,SUP-TW-01,TSMC Advanced Semiconductor,Taiwan,99.4,31,Ocean Freight Container,2.81,6.1,Optimal,2026-03-18
SKU-HW-02060,Redundant Power Distribution Unit 3-Phase v1.0,Power & Cooling,WH-EU-01,Frankfurt Euro-Hub,EU-Central,Germany,385,171,214,104,216,862,3056.81,1176871.85,SUP-TW-01,TSMC Advanced Semiconductor,Taiwan,99.4,5,Air Priority Express,1.93,10.0,Optimal,2026-05-06
SKU-HW-02061,Hardware Security Module (HSM) Vault v2.0,Security Appliances,WH-US-03,Chicago Central Depot,US-Central,United States,129,77,52,56,92,334,9659.7,1246101.3,SUP-JP-02,Kyocera Ceramic Packaging,Japan,98.1,36,Ocean Freight Container,1.03,10.7,Optimal,2026-07-10
SKU-HW-02062,Industrial IoT Telemetry Sensor v3.0,Edge Devices,WH-US-02,Virginia Cloud Center,US-East,United States,10647,2289,8358,3376,6111,19019,125.26,1333643.22,SUP-TW-01,TSMC Advanced Semiconductor,Taiwan,99.4,32,Dedicated Rail Cargo,1.55,4.1,Optimal,2026-01-20
SKU-HW-02063,All-Flash NVMe High-IOPS Array v4.0,Storage Systems,WH-APAC-01,Taipei Logistics Hub,APAC-East,Taiwan,93,55,38,44,63,158,14660.57,1363433.01,SUP-DE-01,Siemens Industrial Automation,Germany,98.6,41,Ground Fleet Line,3.07,11.3,Optimal,2026-03-31
SKU-HW-02064,Redundant Power Distribution Unit 3-Phase v1.0,Power & Cooling,WH-US-02,Virginia Cloud Center,US-East,United States,1275,316,959,296,484,1406,3090.8,3940770.0,SUP-TW-04,Delta Electronics Power Solutions,Taiwan,98.2,15,Ocean Freight Container,1.3,10.7,Overstocked,2026-04-09
SKU-HW-02065,Edge AI Gateway Controller v2.0,Edge Devices,WH-LATAM-01,Sao Paulo Distribution,LATAM,Brazil,133,123,10,418,625,2466,1846.71,245612.43,SUP-TW-04,Delta Electronics Power Solutions,Taiwan,98.2,44,Ground Fleet Line,1.62,7.3,Critical Shortage,2026-08-06
SKU-HW-02066,Dense Wavelength Mux Transceiver v3.0,Optical Components,WH-LATAM-01,Sao Paulo Distribution,LATAM,Brazil,3856,1693,2163,1113,2372,6038,684.41,2639084.96,SUP-NL-01,ASML Precision Optics Hub,Netherlands,99.1,27,Air Priority Express,2.41,9.6,Optimal,2026-06-20
SKU-HW-02067,Liquid-Cooled AI Inference Blade v4.0,Compute Servers,WH-US-02,Virginia Cloud Center,US-East,United States,652,83,569,114,190,701,9302.84,6065451.68,SUP-US-01,Supermicro Engineering Lab,United States,95.9,40,Air Priority Express,2.04,7.2,Overstocked,2026-03-08
SKU-HW-02068,100G Single-Mode Optical Transceiver v1.0,Optical Components,WH-APAC-03,Singapore Gateway Center,APAC-South,Singapore,5770,1613,4157,1890,3301,10577,299.56,1728461.2,SUP-TW-01,TSMC Advanced Semiconductor,Taiwan,99.4,20,Dedicated Rail Cargo,2.53,3.1,Optimal,2026-06-10
SKU-HW-02069,Industrial IoT Telemetry Sensor v2.0,Edge Devices,WH-APAC-03,Singapore Gateway Center,APAC-South,Singapore,3242,991,2251,2142,4156,12791,138.93,450411.06,SUP-US-02,Broadcom Optical Networks,United States,97.8,10,Ocean Freight Container,1.05,13.8,Optimal,2026-02-19
SKU-HW-02070,Dense Wavelength Mux Transceiver v3.0,Optical Components,WH-APAC-04,Sydney Tech Fulfillment,APAC-ANZ,Australia,1281,294,987,1041,1525,5683,761.44,975404.64,SUP-JP-01,Murata High-Freq Components,Japan,98.9,42,Air Priority Express,1.26,13.6,Optimal,2026-02-28
SKU-HW-02071,Next-Gen Firewall Threat Shield v4.0,Security Appliances,WH-APAC-01,Taipei Logistics Hub,APAC-East,Taiwan,318,181,137,146,231,900,5433.35,1727805.3,SUP-JP-02,Kyocera Ceramic Packaging,Japan,98.1,34,Ground Fleet Line,0.43,6.4,Optimal,2026-05-17
SKU-HW-02072,Dense Wavelength Mux Transceiver v1.0,Optical Components,WH-EU-02,Rotterdam Logistics Park,EU-West,Netherlands,1528,623,905,1378,2776,9052,832.83,1272564.24,SUP-KR-01,Samsung Memory Module Division,South Korea,97.2,9,Air Priority Express,1.17,4.2,Optimal,2026-02-12
SKU-HW-02073,All-Flash NVMe High-IOPS Array v2.0,Storage Systems,WH-US-01,California Mega-Hub,US-West,United States,93,41,52,62,122,393,16671.62,1550460.66,SUP-DE-01,Siemens Industrial Automation,Germany,98.6,29,Ground Fleet Line,0.96,4.9,Optimal,2026-05-13
SKU-HW-02074,Ultra-Low Latency Spine Router v3.0,Networking Hardware,WH-APAC-02,Tokyo High-Tech Depot,APAC-East,Japan,102,36,66,42,85,317,11338.73,1156550.46,SUP-TW-04,Delta Electronics Power Solutions,Taiwan,98.2,17,Air Priority Express,0.18,7.7,Optimal,2026-02-18
SKU-HW-02075,100G Single-Mode Optical Transceiver v4.0,Optical Components,WH-EU-03,London Distribution Gateway,EU-West,United Kingdom,4073,1597,2476,2477,3990,11591,266.53,1085576.69,SUP-TW-04,Delta Electronics Power Solutions,Taiwan,98.2,28,Ground Fleet Line,2.62,9.2,Optimal,2026-05-22
SKU-HW-02076,High-Density GPU Tensor Server Node v1.0,Compute Servers,WH-US-03,Chicago Central Depot,US-Central,United States,77,43,34,52,98,369,15453.98,1189956.46,SUP-JP-01,Murata High-Freq Components,Japan,98.9,9,Ocean Freight Container,0.05,9.7,Optimal,2026-04-27
SKU-HW-02077,Next-Gen Firewall Threat Shield v2.0,Security Appliances,WH-EU-03,London Distribution Gateway,EU-West,United Kingdom,36,23,13,155,266,1012,5424.64,195287.04,SUP-US-01,Supermicro Engineering Lab,United States,95.9,40,Ground Fleet Line,0.19,13.8,Critical Shortage,2026-02-03
SKU-HW-02078,Hardware Security Module (HSM) Vault v3.0,Security Appliances,WH-MEA-01,Dubai Industrial Port Hub,MEA,United Arab Emirates,7,4,3,60,106,295,8861.66,62031.62,SUP-JP-02,Kyocera Ceramic Packaging,Japan,98.1,39,Ground Fleet Line,0.28,3.6,Critical Shortage,2026-05-16
SKU-HW-02079,Ultra-Low Latency Spine Router v4.0,Networking Hardware,WH-US-01,California Mega-Hub,US-West,United States,181,106,75,61,122,428,11780.71,2132308.51,SUP-TW-02,Foxconn Precision Industry,Taiwan,96.8,6,Air Priority Express,2.59,6.3,Optimal,2026-01-10
SKU-HW-02080,Redundant Power Distribution Unit 3-Phase v1.0,Power & Cooling,WH-APAC-03,Singapore Gateway Center,APAC-South,Singapore,98,46,52,242,523,1935,3015.67,295535.66,SUP-US-02,Broadcom Optical Networks,United States,97.8,39,Dedicated Rail Cargo,2.6,12.0,Low Stock,2026-03-08
SKU-HW-02081,All-Flash NVMe High-IOPS Array v2.0,Storage Systems,WH-APAC-02,Tokyo High-Tech Depot,APAC-East,Japan,60,27,33,36,71,230,14981.02,898861.2,SUP-NL-01,ASML Precision Optics Hub,Netherlands,99.1,9,Ocean Freight Container,1.85,8.1,Optimal,2026-06-30
SKU-HW-02082,Redundant Power Distribution Unit 3-Phase v3.0,Power & Cooling,WH-EU-03,London Distribution Gateway,EU-West,United Kingdom,231,102,129,159,246,753,3252.32,751285.92,SUP-TW-04,Delta Electronics Power Solutions,Taiwan,98.2,10,Ground Fleet Line,2.9,9.0,Optimal,2026-03-02
SKU-HW-02083,Liquid-Cooled AI Inference Blade v4.0,Compute Servers,WH-APAC-03,Singapore Gateway Center,APAC-South,Singapore,255,88,167,82,145,445,9150.4,2333352.0,SUP-DE-01,Siemens Industrial Automation,Germany,98.6,37,Ground Fleet Line,2.33,9.2,Optimal,2026-06-27
SKU-HW-02084,Industrial IoT Telemetry Sensor v1.0,Edge Devices,WH-MEA-01,Dubai Industrial Port Hub,MEA,United Arab Emirates,12867,6732,6135,3943,7817,26730,125.29,1612106.43,SUP-TW-04,Delta Electronics Power Solutions,Taiwan,98.2,38,Dedicated Rail Cargo,2.38,9.5,Optimal,2026-04-15
SKU-HW-02085,Edge AI Gateway Controller v2.0,Edge Devices,WH-EU-03,London Distribution Gateway,EU-West,United Kingdom,1056,433,623,395,822,2324,1713.21,1809149.76,SUP-TW-03,Quanta Computer Advanced Server,Taiwan,97.5,40,Ground Fleet Line,2.41,14.2,Optimal,2026-05-14
SKU-HW-02086,High-Density GPU Tensor Server Node v3.0,Compute Servers,WH-US-02,Virginia Cloud Center,US-East,United States,99,45,54,59,113,368,14102.03,1396100.97,SUP-TW-01,TSMC Advanced Semiconductor,Taiwan,99.4,29,Dedicated Rail Cargo,0.44,2.6,Optimal,2026-02-07
SKU-HW-02087,Hardware Security Module (HSM) Vault v4.0,Security Appliances,WH-US-01,California Mega-Hub,US-West,United States,147,61,86,45,83,330,9972.33,1465932.51,SUP-US-01,Supermicro Engineering Lab,United States,95.9,6,Ocean Freight Container,1.14,6.9,Optimal,2026-02-14
SKU-HW-02088,Dense Wavelength Mux Transceiver v1.0,Optical Components,WH-APAC-02,Tokyo High-Tech Depot,APAC-East,Japan,466,195,271,769,1348,5333,832.31,387856.46,SUP-TW-04,Delta Electronics Power Solutions,Taiwan,98.2,14,Dedicated Rail Cargo,3.19,13.4,Low Stock,2026-01-21
SKU-HW-02089,Next-Gen Firewall Threat Shield v2.0,Security Appliances,WH-LATAM-01,Sao Paulo Distribution,LATAM,Brazil,79,72,7,138,211,655,5939.02,469182.58,SUP-JP-01,Murata High-Freq Components,Japan,98.9,39,Air Priority Express,1.97,6.3,Low Stock,2026-04-22
SKU-HW-02090,Dense Wavelength Mux Transceiver v3.0,Optical Components,WH-US-01,California Mega-Hub,US-West,United States,2740,1085,1655,886,1754,5029,781.93,2142488.2,SUP-US-02,Broadcom Optical Networks,United States,97.8,20,Ground Fleet Line,2.24,10.5,Optimal,2026-07-04
SKU-HW-02091,High-Density GPU Tensor Server Node v4.0,Compute Servers,WH-US-02,Virginia Cloud Center,US-East,United States,121,65,56,106,166,432,16212.36,1961695.56,SUP-KR-01,Samsung Memory Module Division,South Korea,97.2,14,Ground Fleet Line,0.58,3.8,Optimal,2026-03-03
SKU-HW-02092,Liquid-Cooled AI Inference Blade v1.0,Compute Servers,WH-APAC-02,Tokyo High-Tech Depot,APAC-East,Japan,294,125,169,140,206,698,9319.74,2740003.56,SUP-NL-01,ASML Precision Optics Hub,Netherlands,99.1,33,Ocean Freight Container,0.76,5.8,Optimal,2026-07-30
SKU-HW-02093,High-Density GPU Tensor Server Node v2.0,Compute Servers,WH-APAC-04,Sydney Tech Fulfillment,APAC-ANZ,Australia,118,41,77,76,125,394,14769.56,1742808.08,SUP-US-01,Supermicro Engineering Lab,United States,95.9,32,Ocean Freight Container,0.86,9.3,Optimal,2026-06-01
SKU-HW-02094,Next-Gen Firewall Threat Shield v3.0,Security Appliances,WH-MEA-01,Dubai Industrial Port Hub,MEA,United Arab Emirates,347,107,240,108,222,751,6244.6,2166876.2,SUP-US-02,Broadcom Optical Networks,United States,97.8,29,Ground Fleet Line,0.69,8.4,Optimal,2026-06-10
SKU-HW-02095,Direct-to-Chip Liquid Cooling Manifold v4.0,Power & Cooling,WH-US-02,Virginia Cloud Center,US-East,United States,101,45,56,86,121,452,3823.6,386183.6,SUP-TW-03,Quanta Computer Advanced Server,Taiwan,97.5,31,Air Priority Express,2.02,13.9,Optimal,2026-07-19
SKU-HW-02096,100G Single-Mode Optical Transceiver v1.0,Optical Components,WH-EU-01,Frankfurt Euro-Hub,EU-Central,Germany,3866,1020,2846,2677,5181,18317,269.61,1042312.26,SUP-TW-02,Foxconn Precision Industry,Taiwan,96.8,42,Ocean Freight Container,0.69,3.6,Optimal,2026-06-01
SKU-HW-02097,All-Flash NVMe High-IOPS Array v2.0,Storage Systems,WH-EU-03,London Distribution Gateway,EU-West,United Kingdom,103,48,55,76,161,627,14615.26,1505371.78,SUP-DE-01,Siemens Industrial Automation,Germany,98.6,26,Ocean Freight Container,0.81,8.7,Optimal,2026-03-29
SKU-HW-02098,Redundant Power Distribution Unit 3-Phase v3.0,Power & Cooling,WH-APAC-04,Sydney Tech Fulfillment,APAC-ANZ,Australia,153,44,109,105,227,830,2986.28,456900.84,SUP-JP-01,Murata High-Freq Components,Japan,98.9,13,Ocean Freight Container,1.47,13.3,Optimal,2026-07-10
SKU-HW-02099,High-Density GPU Tensor Server Node v4.0,Compute Servers,WH-APAC-04,Sydney Tech Fulfillment,APAC-ANZ,Australia,92,40,52,58,92,358,15869.7,1460012.4,SUP-TW-01,TSMC Advanced Semiconductor,Taiwan,99.4,10,Dedicated Rail Cargo,2.18,5.2,Optimal,2026-05-28
SKU-HW-02100,Distributed Object Storage Block v1.0,Storage Systems,WH-APAC-03,Singapore Gateway Center,APAC-South,Singapore,402,86,316,199,308,831,6941.78,2790595.56,SUP-TW-04,Delta Electronics Power Solutions,Taiwan,98.2,44,Air Priority Express,0.42,14.2,Optimal,2026-01-19
SKU-HW-02101,Redundant Power Distribution Unit 3-Phase v2.0,Power & Cooling,WH-EU-02,Rotterdam Logistics Park,EU-West,Netherlands,725,379,346,256,403,1241,3433.55,2489323.75,SUP-DE-01,Siemens Industrial Automation,Germany,98.6,20,Air Priority Express,2.46,7.0,Optimal,2026-07-20
SKU-HW-02102,Direct-to-Chip Liquid Cooling Manifold v3.0,Power & Cooling,WH-APAC-04,Sydney Tech Fulfillment,APAC-ANZ,Australia,80,67,13,131,213,711,4278.56,342284.8,SUP-TW-02,Foxconn Precision Industry,Taiwan,96.8,29,Dedicated Rail Cargo,1.3,4.2,Low Stock,2026-06-22
SKU-HW-02103,Industrial IoT Telemetry Sensor v4.0,Edge Devices,WH-EU-02,Rotterdam Logistics Park,EU-West,Netherlands,7065,2937,4128,3190,5703,16069,116.31,821730.15,SUP-JP-01,Murata High-Freq Components,Japan,98.9,33,Ground Fleet Line,0.52,11.6,Optimal,2026-03-28
SKU-HW-02104,100G Single-Mode Optical Transceiver v1.0,Optical Components,WH-EU-01,Frankfurt Euro-Hub,EU-Central,Germany,9039,2890,6149,2791,5487,21836,277.73,2510401.47,SUP-JP-02,Kyocera Ceramic Packaging,Japan,98.1,13,Air Priority Express,1.74,14.1,Optimal,2026-07-06
SKU-HW-02105,Hardware Security Module (HSM) Vault v2.0,Security Appliances,WH-APAC-03,Singapore Gateway Center,APAC-South,Singapore,49,27,22,38,56,217,10285.14,503971.86,SUP-KR-01,Samsung Memory Module Division,South Korea,97.2,17,Ground Fleet Line,1.87,11.5,Optimal,2026-07-10
SKU-HW-02106,Distributed Object Storage Block v3.0,Storage Systems,WH-EU-01,Frankfurt Euro-Hub,EU-Central,Germany,188,109,79,161,344,1030,5948.37,1118293.56,SUP-NL-01,ASML Precision Optics Hub,Netherlands,99.1,19,Dedicated Rail Cargo,2.61,4.5,Optimal,2026-04-26
SKU-HW-02107,Distributed Object Storage Block v4.0,Storage Systems,WH-APAC-01,Taipei Logistics Hub,APAC-East,Taiwan,450,257,193,159,337,1271,7000.71,3150319.5,SUP-US-01,Supermicro Engineering Lab,United States,95.9,28,Ocean Freight Container,2.1,13.4,Optimal,2026-07-24
SKU-HW-02108,Ultra-Low Latency Spine Router v1.0,Networking Hardware,WH-APAC-01,Taipei Logistics Hub,APAC-East,Taiwan,286,75,211,41,86,295,10823.75,3095592.5,SUP-TW-02,Foxconn Precision Industry,Taiwan,96.8,26,Air Priority Express,0.06,2.8,Overstocked,2026-05-25
SKU-HW-02109,Dense Wavelength Mux Transceiver v2.0,Optical Components,WH-APAC-04,Sydney Tech Fulfillment,APAC-ANZ,Australia,3338,803,2535,1361,2090,6076,675.54,2254952.52,SUP-US-01,Supermicro Engineering Lab,United States,95.9,34,Dedicated Rail Cargo,2.57,12.4,Optimal,2026-04-03
SKU-HW-02110,Direct-to-Chip Liquid Cooling Manifold v3.0,Power & Cooling,WH-EU-01,Frankfurt Euro-Hub,EU-Central,Germany,258,102,156,100,169,548,4444.33,1146637.14,SUP-US-01,Supermicro Engineering Lab,United States,95.9,16,Dedicated Rail Cargo,2.55,14.1,Optimal,2026-02-08
SKU-HW-02111,100G Single-Mode Optical Transceiver v4.0,Optical Components,WH-EU-03,London Distribution Gateway,EU-West,United Kingdom,5812,3467,2345,2093,3959,15134,288.23,1675192.76,SUP-JP-02,Kyocera Ceramic Packaging,Japan,98.1,10,Dedicated Rail Cargo,1.38,12.1,Optimal,2026-04-07
SKU-HW-02112,Ultra-Low Latency Spine Router v1.0,Networking Hardware,WH-MEA-01,Dubai Industrial Port Hub,MEA,United Arab Emirates,115,46,69,41,83,230,12876.51,1480798.65,SUP-TW-02,Foxconn Precision Industry,Taiwan,96.8,21,Ground Fleet Line,1.81,13.7,Optimal,2026-03-19
SKU-HW-02113,Liquid-Cooled AI Inference Blade v2.0,Compute Servers,WH-MEA-01,Dubai Industrial Port Hub,MEA,United Arab Emirates,131,72,59,88,171,518,8257.48,1081729.88,SUP-JP-01,Murata High-Freq Components,Japan,98.9,37,Air Priority Express,2.19,8.7,Optimal,2026-08-09
SKU-HW-02114,Ultra-Low Latency Spine Router v3.0,Networking Hardware,WH-US-02,Virginia Cloud Center,US-East,United States,393,42,351,82,172,439,11308.42,4444209.06,SUP-NL-01,ASML Precision Optics Hub,Netherlands,99.1,13,Air Priority Express,0.96,10.3,Overstocked,2026-05-27
SKU-HW-02115,Dense Wavelength Mux Transceiver v4.0,Optical Components,WH-APAC-03,Singapore Gateway Center,APAC-South,Singapore,2174,435,1739,754,1589,4536,764.47,1661957.78,SUP-TW-01,TSMC Advanced Semiconductor,Taiwan,99.4,42,Ground Fleet Line,2.83,8.4,Optimal,2026-03-26
SKU-HW-02116,100G Single-Mode Optical Transceiver v1.0,Optical Components,WH-US-01,California Mega-Hub,US-West,United States,5434,1116,4318,1075,1719,5974,256.36,1393060.24,SUP-US-02,Broadcom Optical Networks,United States,97.8,39,Air Priority Express,1.42,4.7,Overstocked,2026-04-19
SKU-HW-02117,Edge AI Gateway Controller v2.0,Edge Devices,WH-APAC-04,Sydney Tech Fulfillment,APAC-ANZ,Australia,1111,631,480,587,1238,3392,1858.91,2065249.01,SUP-JP-02,Kyocera Ceramic Packaging,Japan,98.1,38,Dedicated Rail Cargo,1.01,6.1,Optimal,2026-01-18
SKU-HW-02118,Liquid-Cooled AI Inference Blade v3.0,Compute Servers,WH-APAC-02,Tokyo High-Tech Depot,APAC-East,Japan,534,60,474,100,164,588,9438.89,5040367.26,SUP-KR-01,Samsung Memory Module Division,South Korea,97.2,10,Ground Fleet Line,2.51,5.9,Overstocked,2026-03-07
SKU-HW-02119,100G Single-Mode Optical Transceiver v4.0,Optical Components,WH-MEA-01,Dubai Industrial Port Hub,MEA,United Arab Emirates,4542,1230,3312,1091,1844,5142,292.04,1326445.68,SUP-NL-01,ASML Precision Optics Hub,Netherlands,99.1,39,Ocean Freight Container,0.28,12.2,Overstocked,2026-02-08
SKU-HW-02120,Liquid-Cooled AI Inference Blade v1.0,Compute Servers,WH-LATAM-01,Sao Paulo Distribution,LATAM,Brazil,171,96,75,108,220,816,8224.92,1406461.32,SUP-JP-02,Kyocera Ceramic Packaging,Japan,98.1,30,Air Priority Express,0.09,3.2,Optimal,2026-05-05
SKU-HW-02121,Quantum Optical 800G Core Switch v2.0,Networking Hardware,WH-APAC-01,Taipei Logistics Hub,APAC-East,Taiwan,18,17,1,54,97,370,18548.05,333864.9,SUP-TW-01,TSMC Advanced Semiconductor,Taiwan,99.4,8,Ground Fleet Line,0.96,14.2,Critical Shortage,2026-01-14
SKU-HW-02122,Distributed Object Storage Block v3.0,Storage Systems,WH-APAC-03,Singapore Gateway Center,APAC-South,Singapore,179,106,73,124,183,677,7106.36,1272038.44,SUP-NL-01,ASML Precision Optics Hub,Netherlands,99.1,13,Dedicated Rail Cargo,2.55,13.0,Optimal,2026-06-08
SKU-HW-02123,Redundant Power Distribution Unit 3-Phase v4.0,Power & Cooling,WH-US-02,Virginia Cloud Center,US-East,United States,718,190,528,210,429,1255,3474.65,2494798.7,SUP-TW-02,Foxconn Precision Industry,Taiwan,96.8,22,Ocean Freight Container,2.56,6.2,Optimal,2026-06-03
SKU-HW-02124,Distributed Object Storage Block v1.0,Storage Systems,WH-APAC-02,Tokyo High-Tech Depot,APAC-East,Japan,760,151,609,126,239,867,6744.48,5125804.8,SUP-NL-01,ASML Precision Optics Hub,Netherlands,99.1,42,Ocean Freight Container,0.75,6.8,Overstocked,2026-05-22
SKU-HW-02125,Quantum Optical 800G Core Switch v2.0,Networking Hardware,WH-EU-01,Frankfurt Euro-Hub,EU-Central,Germany,180,91,89,62,111,343,18819.84,3387571.2,SUP-JP-02,Kyocera Ceramic Packaging,Japan,98.1,32,Ocean Freight Container,2.41,9.9,Optimal,2026-02-16
SKU-HW-02126,All-Flash NVMe High-IOPS Array v3.0,Storage Systems,WH-LATAM-01,Sao Paulo Distribution,LATAM,Brazil,96,32,64,37,65,194,15039.4,1443782.4,SUP-JP-01,Murata High-Freq Components,Japan,98.9,45,Air Priority Express,0.65,6.3,Optimal,2026-03-13
SKU-HW-02127,Edge AI Gateway Controller v4.0,Edge Devices,WH-EU-01,Frankfurt Euro-Hub,EU-Central,Germany,482,179,303,416,900,2390,1867.96,900356.72,SUP-US-02,Broadcom Optical Networks,United States,97.8,44,Dedicated Rail Cargo,2.64,9.4,Optimal,2026-03-10
SKU-HW-02128,Industrial IoT Telemetry Sensor v1.0,Edge Devices,WH-LATAM-01,Sao Paulo Distribution,LATAM,Brazil,4713,2049,2664,2053,3385,10099,134.17,632343.21,SUP-TW-03,Quanta Computer Advanced Server,Taiwan,97.5,39,Ground Fleet Line,1.03,3.7,Optimal,2026-03-15
SKU-HW-02129,Redundant Power Distribution Unit 3-Phase v2.0,Power & Cooling,WH-APAC-04,Sydney Tech Fulfillment,APAC-ANZ,Australia,626,266,360,283,446,1618,3354.84,2100129.84,SUP-TW-04,Delta Electronics Power Solutions,Taiwan,98.2,32,Air Priority Express,3.15,6.1,Optimal,2026-03-11
SKU-HW-02130,Industrial IoT Telemetry Sensor v3.0,Edge Devices,WH-US-02,Virginia Cloud Center,US-East,United States,6216,2673,3543,4531,8437,29782,138.71,862221.36,SUP-US-01,Supermicro Engineering Lab,United States,95.9,45,Dedicated Rail Cargo,1.08,6.8,Optimal,2026-06-28
SKU-HW-02131,Direct-to-Chip Liquid Cooling Manifold v4.0,Power & Cooling,WH-APAC-01,Taipei Logistics Hub,APAC-East,Taiwan,346,196,150,237,501,1593,3927.61,1358953.06,SUP-TW-02,Foxconn Precision Industry,Taiwan,96.8,23,Air Priority Express,2.66,4.2,Optimal,2026-04-08
SKU-HW-02132,All-Flash NVMe High-IOPS Array v1.0,Storage Systems,WH-US-01,California Mega-Hub,US-West,United States,99,25,74,50,108,291,16520.94,1635573.06,SUP-US-01,Supermicro Engineering Lab,United States,95.9,34,Ground Fleet Line,1.9,8.2,Optimal,2026-06-28
SKU-HW-02133,100G Single-Mode Optical Transceiver v2.0,Optical Components,WH-US-01,California Mega-Hub,US-West,United States,2598,654,1944,1539,2301,7239,300.39,780413.22,SUP-US-01,Supermicro Engineering Lab,United States,95.9,32,Air Priority Express,2.65,9.7,Optimal,2026-04-30
SKU-HW-02134,Hardware Security Module (HSM) Vault v3.0,Security Appliances,WH-EU-02,Rotterdam Logistics Park,EU-West,Netherlands,113,42,71,65,127,370,10037.91,1134283.83,SUP-KR-01,Samsung Memory Module Division,South Korea,97.2,42,Air Priority Express,1.68,2.6,Optimal,2026-03-22
SKU-HW-02135,Hardware Security Module (HSM) Vault v4.0,Security Appliances,WH-EU-02,Rotterdam Logistics Park,EU-West,Netherlands,220,90,130,70,146,567,8929.57,1964505.4,SUP-JP-01,Murata High-Freq Components,Japan,98.9,20,Air Priority Express,2.02,12.0,Optimal,2026-04-17
SKU-HW-02136,100G Single-Mode Optical Transceiver v1.0,Optical Components,WH-US-03,Chicago Central Depot,US-Central,United States,4841,1060,3781,2473,4743,13512,302.29,1463385.89,SUP-TW-01,TSMC Advanced Semiconductor,Taiwan,99.4,42,Ground Fleet Line,1.34,11.3,Optimal,2026-02-11
SKU-HW-02137,Industrial IoT Telemetry Sensor v2.0,Edge Devices,WH-US-02,Virginia Cloud Center,US-East,United States,11942,3557,8385,4748,8765,24229,116.88,1395780.96,SUP-DE-01,Siemens Industrial Automation,Germany,98.6,6,Ground Fleet Line,2.42,7.8,Optimal,2026-02-14
SKU-HW-02138,Distributed Object Storage Block v3.0,Storage Systems,WH-EU-02,Rotterdam Logistics Park,EU-West,Netherlands,466,227,239,178,353,1167,6379.5,2972847.0,SUP-TW-01,TSMC Advanced Semiconductor,Taiwan,99.4,9,Ground Fleet Line,2.77,4.3,Optimal,2026-01-03
SKU-HW-02139,All-Flash NVMe High-IOPS Array v4.0,Storage Systems,WH-EU-01,Frankfurt Euro-Hub,EU-Central,Germany,102,51,51,40,60,191,16488.29,1681805.58,SUP-TW-03,Quanta Computer Advanced Server,Taiwan,97.5,23,Ocean Freight Container,2.19,8.8,Optimal,2026-06-14
SKU-HW-02140,Hardware Security Module (HSM) Vault v1.0,Security Appliances,WH-EU-02,Rotterdam Logistics Park,EU-West,Netherlands,163,65,98,68,125,342,9850.98,1605709.74,SUP-TW-04,Delta Electronics Power Solutions,Taiwan,98.2,10,Dedicated Rail Cargo,0.13,7.0,Optimal,2026-08-02
SKU-HW-02141,High-Density GPU Tensor Server Node v2.0,Compute Servers,WH-MEA-01,Dubai Industrial Port Hub,MEA,United Arab Emirates,281,105,176,118,225,634,14791.81,4156498.61,SUP-US-01,Supermicro Engineering Lab,United States,95.9,28,Dedicated Rail Cargo,1.78,9.0,Optimal,2026-04-30
SKU-HW-02142,Distributed Object Storage Block v3.0,Storage Systems,WH-EU-01,Frankfurt Euro-Hub,EU-Central,Germany,503,160,343,162,308,1203,5810.55,2922706.65,SUP-NL-01,ASML Precision Optics Hub,Netherlands,99.1,29,Ocean Freight Container,0.5,12.4,Optimal,2026-05-15
SKU-HW-02143,Liquid-Cooled AI Inference Blade v4.0,Compute Servers,WH-LATAM-01,Sao Paulo Distribution,LATAM,Brazil,209,51,158,64,117,317,8180.58,1709741.22,SUP-JP-01,Murata High-Freq Components,Japan,98.9,22,Air Priority Express,0.73,5.5,Optimal,2026-06-28
SKU-HW-02144,Industrial IoT Telemetry Sensor v1.0,Edge Devices,WH-APAC-02,Tokyo High-Tech Depot,APAC-East,Japan,11749,6009,5740,4088,7737,29558,139.63,1640512.87,SUP-US-01,Supermicro Engineering Lab,United States,95.9,19,Dedicated Rail Cargo,1.67,12.4,Optimal,2026-03-29
SKU-HW-02145,All-Flash NVMe High-IOPS Array v2.0,Storage Systems,WH-APAC-04,Sydney Tech Fulfillment,APAC-ANZ,Australia,32,24,8,61,109,413,15929.33,509738.56,SUP-TW-01,TSMC Advanced Semiconductor,Taiwan,99.4,14,Ocean Freight Container,2.22,3.7,Low Stock,2026-06-30
SKU-HW-02146,Dense Wavelength Mux Transceiver v3.0,Optical Components,WH-US-02,Virginia Cloud Center,US-East,United States,2856,1332,1524,1423,2876,8904,742.22,2119780.32,SUP-KR-01,Samsung Memory Module Division,South Korea,97.2,20,Ocean Freight Container,1.17,6.9,Optimal,2026-05-13
SKU-HW-02147,Redundant Power Distribution Unit 3-Phase v4.0,Power & Cooling,WH-LATAM-01,Sao Paulo Distribution,LATAM,Brazil,329,182,147,142,219,550,3517.3,1157191.7,SUP-TW-03,Quanta Computer Advanced Server,Taiwan,97.5,42,Ground Fleet Line,1.62,8.2,Optimal,2026-01-09
SKU-HW-02148,Redundant Power Distribution Unit 3-Phase v1.0,Power & Cooling,WH-EU-02,Rotterdam Logistics Park,EU-West,Netherlands,270,122,148,229,377,976,3287.63,887660.1,SUP-TW-03,Quanta Computer Advanced Server,Taiwan,97.5,18,Ground Fleet Line,1.75,10.4,Optimal,2026-07-04
SKU-HW-02149,100G Single-Mode Optical Transceiver v2.0,Optical Components,WH-EU-02,Rotterdam Logistics Park,EU-West,Netherlands,705,597,108,2385,4612,12508,300.31,211718.55,SUP-US-02,Broadcom Optical Networks,United States,97.8,29,Air Priority Express,0.46,5.5,Critical Shortage,2026-05-31
SKU-HW-02150,Next-Gen Firewall Threat Shield v3.0,Security Appliances,WH-US-02,Virginia Cloud Center,US-East,United States,236,57,179,128,281,970,5828.31,1375481.16,SUP-TW-03,Quanta Computer Advanced Server,Taiwan,97.5,42,Dedicated Rail Cargo,2.35,12.3,Optimal,2026-06-17
SKU-HW-02151,Direct-to-Chip Liquid Cooling Manifold v4.0,Power & Cooling,WH-EU-02,Rotterdam Logistics Park,EU-West,Netherlands,322,79,243,245,424,1524,4554.22,1466458.84,SUP-KR-01,Samsung Memory Module Division,South Korea,97.2,26,Air Priority Express,2.7,2.6,Optimal,2026-06-16
SKU-HW-02152,Ultra-Low Latency Spine Router v1.0,Networking Hardware,WH-US-02,Virginia Cloud Center,US-East,United States,92,39,53,81,124,434,12465.48,1146824.16,SUP-US-01,Supermicro Engineering Lab,United States,95.9,31,Air Priority Express,0.54,13.3,Optimal,2026-02-09
SKU-HW-02153,High-Density GPU Tensor Server Node v2.0,Compute Servers,WH-US-02,Virginia Cloud Center,US-East,United States,212,108,104,83,165,492,15347.95,3253765.4,SUP-JP-02,Kyocera Ceramic Packaging,Japan,98.1,5,Air Priority Express,1.34,8.0,Optimal,2026-05-04
SKU-HW-02154,Ultra-Low Latency Spine Router v3.0,Networking Hardware,WH-APAC-03,Singapore Gateway Center,APAC-South,Singapore,141,38,103,84,140,414,11072.99,1561291.59,SUP-TW-01,TSMC Advanced Semiconductor,Taiwan,99.4,21,Dedicated Rail Cargo,0.96,2.6,Optimal,2026-04-03
SKU-HW-02155,Ultra-Low Latency Spine Router v4.0,Networking Hardware,WH-APAC-01,Taipei Logistics Hub,APAC-East,Taiwan,75,39,36,67,120,435,11855.37,889152.75,SUP-TW-01,TSMC Advanced Semiconductor,Taiwan,99.4,38,Dedicated Rail Cargo,2.21,3.6,Optimal,2026-06-30
SKU-HW-02156,Industrial IoT Telemetry Sensor v1.0,Edge Devices,WH-US-03,Chicago Central Depot,US-Central,United States,5935,2960,2975,3288,4945,13467,135.79,805913.65,SUP-DE-01,Siemens Industrial Automation,Germany,98.6,31,Ground Fleet Line,0.39,6.0,Optimal,2026-04-17
SKU-HW-02157,Liquid-Cooled AI Inference Blade v2.0,Compute Servers,WH-LATAM-01,Sao Paulo Distribution,LATAM,Brazil,313,146,167,117,191,484,8381.28,2623340.64,SUP-JP-01,Murata High-Freq Components,Japan,98.9,29,Ground Fleet Line,2.72,5.4,Optimal,2026-01-02
SKU-HW-02158,High-Density GPU Tensor Server Node v3.0,Compute Servers,WH-US-02,Virginia Cloud Center,US-East,United States,189,82,107,83,147,514,14705.9,2779415.1,SUP-DE-01,Siemens Industrial Automation,Germany,98.6,28,Ocean Freight Container,1.13,6.9,Optimal,2026-04-24
SKU-HW-02159,Liquid-Cooled AI Inference Blade v4.0,Compute Servers,WH-US-03,Chicago Central Depot,US-Central,United States,163,78,85,66,121,348,9777.46,1593725.98,SUP-NL-01,ASML Precision Optics Hub,Netherlands,99.1,6,Dedicated Rail Cargo,1.25,4.7,Optimal,2026-03-18
SKU-HW-02160,Hardware Security Module (HSM) Vault v1.0,Security Appliances,WH-APAC-02,Tokyo High-Tech Depot,APAC-East,Japan,49,25,24,37,80,318,9968.15,488439.35,SUP-TW-02,Foxconn Precision Industry,Taiwan,96.8,23,Ocean Freight Container,1.49,3.2,Optimal,2026-03-15
SKU-HW-02161,Dense Wavelength Mux Transceiver v2.0,Optical Components,WH-EU-03,London Distribution Gateway,EU-West,United Kingdom,26,20,6,1177,1704,5287,761.3,19793.8,SUP-DE-01,Siemens Industrial Automation,Germany,98.6,25,Air Priority Express,1.5,11.6,Critical Shortage,2026-04-27
SKU-HW-02162,Distributed Object Storage Block v3.0,Storage Systems,WH-US-03,Chicago Central Depot,US-Central,United States,306,165,141,138,249,776,6904.89,2112896.34,SUP-TW-03,Quanta Computer Advanced Server,Taiwan,97.5,9,Ocean Freight Container,0.09,9.8,Optimal,2026-04-13
SKU-HW-02163,Ultra-Low Latency Spine Router v4.0,Networking Hardware,WH-MEA-01,Dubai Industrial Port Hub,MEA,United Arab Emirates,531,142,389,91,189,614,13412.75,7122170.25,SUP-DE-01,Siemens Industrial Automation,Germany,98.6,32,Ocean Freight Container,2.97,7.6,Overstocked,2026-05-21
SKU-HW-02164,Next-Gen Firewall Threat Shield v1.0,Security Appliances,WH-APAC-04,Sydney Tech Fulfillment,APAC-ANZ,Australia,221,76,145,100,167,566,6240.72,1379199.12,SUP-TW-02,Foxconn Precision Industry,Taiwan,96.8,15,Ground Fleet Line,0.51,8.3,Optimal,2026-05-22
SKU-HW-02165,Liquid-Cooled AI Inference Blade v2.0,Compute Servers,WH-LATAM-01,Sao Paulo Distribution,LATAM,Brazil,198,54,144,92,178,638,9555.6,1892008.8,SUP-JP-02,Kyocera Ceramic Packaging,Japan,98.1,20,Air Priority Express,0.55,12.0,Optimal,2026-05-06
SKU-HW-02166,High-Density GPU Tensor Server Node v3.0,Compute Servers,WH-APAC-04,Sydney Tech Fulfillment,APAC-ANZ,Australia,52,45,7,116,201,707,14348.93,746144.36,SUP-NL-01,ASML Precision Optics Hub,Netherlands,99.1,22,Air Priority Express,1.68,5.6,Low Stock,2026-04-18
SKU-HW-02167,High-Density GPU Tensor Server Node v4.0,Compute Servers,WH-EU-02,Rotterdam Logistics Park,EU-West,Netherlands,531,74,457,119,174,587,15197.51,8069877.81,SUP-DE-01,Siemens Industrial Automation,Germany,98.6,14,Ocean Freight Container,1.68,13.0,Overstocked,2026-06-19
SKU-HW-02168,Quantum Optical 800G Core Switch v1.0,Networking Hardware,WH-APAC-04,Sydney Tech Fulfillment,APAC-ANZ,Australia,19,12,7,62,87,340,19095.8,362820.2,SUP-JP-01,Murata High-Freq Components,Japan,98.9,7,Ground Fleet Line,1.59,5.4,Critical Shortage,2026-07-05
SKU-HW-02169,Edge AI Gateway Controller v2.0,Edge Devices,WH-APAC-01,Taipei Logistics Hub,APAC-East,Taiwan,1506,899,607,519,905,2547,1805.36,2718872.16,SUP-JP-01,Murata High-Freq Components,Japan,98.9,20,Ocean Freight Container,1.57,9.8,Optimal,2026-06-02
SKU-HW-02170,Liquid-Cooled AI Inference Blade v3.0,Compute Servers,WH-EU-02,Rotterdam Logistics Park,EU-West,Netherlands,99,33,66,90,170,537,9849.04,975054.96,SUP-TW-04,Delta Electronics Power Solutions,Taiwan,98.2,19,Air Priority Express,1.78,9.8,Optimal,2026-02-24
SKU-HW-02171,Next-Gen Firewall Threat Shield v4.0,Security Appliances,WH-APAC-01,Taipei Logistics Hub,APAC-East,Taiwan,134,45,89,97,169,634,6154.86,824751.24,SUP-TW-01,TSMC Advanced Semiconductor,Taiwan,99.4,10,Ocean Freight Container,2.81,3.1,Optimal,2026-02-10
SKU-HW-02172,Dense Wavelength Mux Transceiver v1.0,Optical Components,WH-US-03,Chicago Central Depot,US-Central,United States,1958,330,1628,531,843,2156,794.13,1554906.54,SUP-NL-01,ASML Precision Optics Hub,Netherlands,99.1,33,Ground Fleet Line,1.42,14.2,Overstocked,2026-07-05
SKU-HW-02173,Ultra-Low Latency Spine Router v2.0,Networking Hardware,WH-APAC-04,Sydney Tech Fulfillment,APAC-ANZ,Australia,113,58,55,45,83,223,10847.04,1225715.52,SUP-NL-01,ASML Precision Optics Hub,Netherlands,99.1,22,Ocean Freight Container,1.59,6.8,Optimal,2026-03-19
SKU-HW-02174,Next-Gen Firewall Threat Shield v3.0,Security Appliances,WH-APAC-02,Tokyo High-Tech Depot,APAC-East,Japan,37,17,20,81,143,547,5269.13,194957.81,SUP-KR-01,Samsung Memory Module Division,South Korea,97.2,29,Ground Fleet Line,1.17,6.2,Low Stock,2026-08-02
SKU-HW-02175,Direct-to-Chip Liquid Cooling Manifold v4.0,Power & Cooling,WH-LATAM-01,Sao Paulo Distribution,LATAM,Brazil,528,148,380,201,300,1168,3875.41,2046216.48,SUP-US-02,Broadcom Optical Networks,United States,97.8,12,Ground Fleet Line,0.15,9.0,Optimal,2026-01-29
SKU-HW-02176,Edge AI Gateway Controller v1.0,Edge Devices,WH-EU-03,London Distribution Gateway,EU-West,United Kingdom,730,261,469,256,454,1273,1880.01,1372407.3,SUP-TW-01,TSMC Advanced Semiconductor,Taiwan,99.4,18,Dedicated Rail Cargo,0.56,4.3,Optimal,2026-01-27
SKU-HW-02177,Edge AI Gateway Controller v2.0,Edge Devices,WH-APAC-04,Sydney Tech Fulfillment,APAC-ANZ,Australia,946,429,517,559,1099,3174,1799.11,1701958.06,SUP-NL-01,ASML Precision Optics Hub,Netherlands,99.1,34,Ocean Freight Container,0.93,10.0,Optimal,2026-04-23
SKU-HW-02178,Distributed Object Storage Block v3.0,Storage Systems,WH-EU-01,Frankfurt Euro-Hub,EU-Central,Germany,233,108,125,150,263,913,6937.49,1616435.17,SUP-KR-01,Samsung Memory Module Division,South Korea,97.2,10,Dedicated Rail Cargo,2.85,8.6,Optimal,2026-06-06
SKU-HW-02179,Quantum Optical 800G Core Switch v4.0,Networking Hardware,WH-EU-01,Frankfurt Euro-Hub,EU-Central,Germany,185,76,109,80,123,432,19134.18,3539823.3,SUP-JP-01,Murata High-Freq Components,Japan,98.9,25,Air Priority Express,1.25,2.8,Optimal,2026-08-07
SKU-HW-02180,Liquid-Cooled AI Inference Blade v1.0,Compute Servers,WH-APAC-01,Taipei Logistics Hub,APAC-East,Taiwan,415,68,347,111,186,487,8669.36,3597784.4,SUP-US-01,Supermicro Engineering Lab,United States,95.9,28,Air Priority Express,2.57,8.9,Overstocked,2026-01-15
SKU-HW-02181,100G Single-Mode Optical Transceiver v2.0,Optical Components,WH-LATAM-01,Sao Paulo Distribution,LATAM,Brazil,6714,2632,4082,2503,4304,10951,298.22,2002249.08,SUP-DE-01,Siemens Industrial Automation,Germany,98.6,16,Air Priority Express,0.64,7.6,Optimal,2026-01-11
SKU-HW-02182,Redundant Power Distribution Unit 3-Phase v3.0,Power & Cooling,WH-EU-02,Rotterdam Logistics Park,EU-West,Netherlands,235,93,142,106,225,705,3260.12,766128.2,SUP-TW-04,Delta Electronics Power Solutions,Taiwan,98.2,13,Ocean Freight Container,1.38,10.7,Optimal,2026-01-30
SKU-HW-02183,High-Density GPU Tensor Server Node v4.0,Compute Servers,WH-APAC-04,Sydney Tech Fulfillment,APAC-ANZ,Australia,151,65,86,108,208,661,15028.4,2269288.4,SUP-DE-01,Siemens Industrial Automation,Germany,98.6,29,Ocean Freight Container,2.16,10.6,Optimal,2026-07-14
SKU-HW-02184,Direct-to-Chip Liquid Cooling Manifold v1.0,Power & Cooling,WH-US-02,Virginia Cloud Center,US-East,United States,299,71,228,187,343,873,3988.09,1192438.91,SUP-US-02,Broadcom Optical Networks,United States,97.8,17,Dedicated Rail Cargo,1.54,10.3,Optimal,2026-01-06
SKU-HW-02185,Direct-to-Chip Liquid Cooling Manifold v2.0,Power & Cooling,WH-EU-01,Frankfurt Euro-Hub,EU-Central,Germany,123,57,66,100,178,460,4148.76,510297.48,SUP-US-01,Supermicro Engineering Lab,United States,95.9,27,Dedicated Rail Cargo,3.01,6.8,Optimal,2026-06-17
SKU-HW-02186,Liquid-Cooled AI Inference Blade v3.0,Compute Servers,WH-MEA-01,Dubai Industrial Port Hub,MEA,United Arab Emirates,41,37,4,127,236,911,8893.28,364624.48,SUP-JP-02,Kyocera Ceramic Packaging,Japan,98.1,42,Dedicated Rail Cargo,0.51,4.0,Critical Shortage,2026-03-30
SKU-HW-02187,100G Single-Mode Optical Transceiver v4.0,Optical Components,WH-EU-02,Rotterdam Logistics Park,EU-West,Netherlands,2726,1551,1175,1855,3500,12353,291.81,795474.06,SUP-TW-04,Delta Electronics Power Solutions,Taiwan,98.2,24,Ocean Freight Container,2.56,4.2,Optimal,2026-05-12
SKU-HW-02188,100G Single-Mode Optical Transceiver v1.0,Optical Components,WH-LATAM-01,Sao Paulo Distribution,LATAM,Brazil,1239,734,505,867,1365,4700,267.16,331011.24,SUP-TW-04,Delta Electronics Power Solutions,Taiwan,98.2,32,Air Priority Express,2.86,12.1,Optimal,2026-06-22
SKU-HW-02189,Dense Wavelength Mux Transceiver v2.0,Optical Components,WH-APAC-02,Tokyo High-Tech Depot,APAC-East,Japan,648,516,132,1416,3002,11416,718.5,465588.0,SUP-DE-01,Siemens Industrial Automation,Germany,98.6,11,Air Priority Express,2.69,12.3,Low Stock,2026-04-24
SKU-HW-02190,100G Single-Mode Optical Transceiver v3.0,Optical Components,WH-MEA-01,Dubai Industrial Port Hub,MEA,United Arab Emirates,5858,1654,4204,2798,4855,14911,252.82,1481019.56,SUP-JP-02,Kyocera Ceramic Packaging,Japan,98.1,17,Dedicated Rail Cargo,2.06,4.7,Optimal,2026-03-04
SKU-HW-02191,Distributed Object Storage Block v4.0,Storage Systems,WH-LATAM-01,Sao Paulo Distribution,LATAM,Brazil,247,124,123,108,190,697,6481.37,1600898.39,SUP-JP-01,Murata High-Freq Components,Japan,98.9,7,Ocean Freight Container,0.67,14.0,Optimal,2026-01-22
SKU-HW-02192,Ultra-Low Latency Spine Router v1.0,Networking Hardware,WH-APAC-01,Taipei Logistics Hub,APAC-East,Taiwan,15,13,2,60,85,215,12069.33,181039.95,SUP-TW-04,Delta Electronics Power Solutions,Taiwan,98.2,28,Air Priority Express,2.88,11.7,Critical Shortage,2026-01-29
SKU-HW-02193,Edge AI Gateway Controller v2.0,Edge Devices,WH-EU-01,Frankfurt Euro-Hub,EU-Central,Germany,3263,926,2337,484,969,3642,1979.3,6458455.9,SUP-DE-01,Siemens Industrial Automation,Germany,98.6,45,Ocean Freight Container,1.35,12.7,Overstocked,2026-03-31
SKU-HW-02194,Next-Gen Firewall Threat Shield v3.0,Security Appliances,WH-EU-01,Frankfurt Euro-Hub,EU-Central,Germany,159,42,117,144,276,1024,5341.86,849355.74,SUP-TW-01,TSMC Advanced Semiconductor,Taiwan,99.4,20,Ocean Freight Container,2.96,7.2,Optimal,2026-06-07
SKU-HW-02195,Direct-to-Chip Liquid Cooling Manifold v4.0,Power & Cooling,WH-US-03,Chicago Central Depot,US-Central,United States,614,126,488,212,375,1010,3811.73,2340402.22,SUP-JP-01,Murata High-Freq Components,Japan,98.9,42,Ground Fleet Line,1.09,12.4,Optimal,2026-01-18
SKU-HW-02196,High-Density GPU Tensor Server Node v1.0,Compute Servers,WH-US-03,Chicago Central Depot,US-Central,United States,190,64,126,78,170,571,13806.28,2623193.2,SUP-KR-01,Samsung Memory Module Division,South Korea,97.2,34,Dedicated Rail Cargo,2.04,5.7,Optimal,2026-07-09
SKU-HW-02197,Distributed Object Storage Block v2.0,Storage Systems,WH-APAC-04,Sydney Tech Fulfillment,APAC-ANZ,Australia,112,99,13,164,241,903,7089.37,794009.44,SUP-DE-01,Siemens Industrial Automation,Germany,98.6,19,Ocean Freight Container,2.86,4.2,Low Stock,2026-05-24
SKU-HW-02198,All-Flash NVMe High-IOPS Array v3.0,Storage Systems,WH-EU-02,Rotterdam Logistics Park,EU-West,Netherlands,61,14,47,41,64,188,16088.02,981369.22,SUP-TW-03,Quanta Computer Advanced Server,Taiwan,97.5,20,Ocean Freight Container,2.46,12.8,Optimal,2026-06-15
SKU-HW-02199,High-Density GPU Tensor Server Node v4.0,Compute Servers,WH-EU-02,Rotterdam Logistics Park,EU-West,Netherlands,152,71,81,93,130,330,15031.93,2284853.36,SUP-TW-03,Quanta Computer Advanced Server,Taiwan,97.5,42,Dedicated Rail Cargo,2.79,8.2,Optimal,2026-02-16
SKU-HW-02200,High-Density GPU Tensor Server Node v1.0,Compute Servers,WH-US-03,Chicago Central Depot,US-Central,United States,182,62,120,90,137,346,15505.62,2822022.84,SUP-TW-01,TSMC Advanced Semiconductor,Taiwan,99.4,43,Ocean Freight Container,0.31,14.1,Optimal,2026-01-02
SKU-HW-02201,Edge AI Gateway Controller v2.0,Edge Devices,WH-MEA-01,Dubai Industrial Port Hub,MEA,United Arab Emirates,1154,370,784,526,1068,3095,1755.68,2026054.72,SUP-TW-03,Quanta Computer Advanced Server,Taiwan,97.5,36,Ocean Freight Container,0.07,5.2,Optimal,2026-04-01
SKU-HW-02202,Direct-to-Chip Liquid Cooling Manifold v3.0,Power & Cooling,WH-APAC-01,Taipei Logistics Hub,APAC-East,Taiwan,453,159,294,185,293,747,4541.31,2057213.43,SUP-TW-03,Quanta Computer Advanced Server,Taiwan,97.5,19,Ocean Freight Container,1.07,7.9,Optimal,2026-03-04
SKU-HW-02203,Direct-to-Chip Liquid Cooling Manifold v4.0,Power & Cooling,WH-APAC-02,Tokyo High-Tech Depot,APAC-East,Japan,607,78,529,146,268,705,4128.17,2505799.19,SUP-US-02,Broadcom Optical Networks,United States,97.8,5,Ocean Freight Container,3.11,6.7,Overstocked,2026-04-11
SKU-HW-02204,Direct-to-Chip Liquid Cooling Manifold v1.0,Power & Cooling,WH-EU-02,Rotterdam Logistics Park,EU-West,Netherlands,75,51,24,143,208,612,4407.29,330546.75,SUP-TW-02,Foxconn Precision Industry,Taiwan,96.8,35,Dedicated Rail Cargo,0.56,9.7,Low Stock,2026-03-03
SKU-HW-02205,Dense Wavelength Mux Transceiver v2.0,Optical Components,WH-EU-01,Frankfurt Euro-Hub,EU-Central,Germany,2169,444,1725,923,1947,7066,692.05,1501056.45,SUP-JP-01,Murata High-Freq Components,Japan,98.9,39,Dedicated Rail Cargo,1.35,5.1,Optimal,2026-01-03
SKU-HW-02206,Quantum Optical 800G Core Switch v3.0,Networking Hardware,WH-LATAM-01,Sao Paulo Distribution,LATAM,Brazil,9,6,3,39,56,203,19816.12,178345.08,SUP-JP-02,Kyocera Ceramic Packaging,Japan,98.1,30,Dedicated Rail Cargo,2.99,12.9,Critical Shortage,2026-06-29
SKU-HW-02207,Distributed Object Storage Block v4.0,Storage Systems,WH-MEA-01,Dubai Industrial Port Hub,MEA,United Arab Emirates,374,146,228,127,213,806,6972.46,2607700.04,SUP-TW-02,Foxconn Precision Industry,Taiwan,96.8,7,Ocean Freight Container,2.79,4.1,Optimal,2026-01-31
SKU-HW-02208,Redundant Power Distribution Unit 3-Phase v1.0,Power & Cooling,WH-APAC-02,Tokyo High-Tech Depot,APAC-East,Japan,656,275,381,193,382,1371,3048.23,1999638.88,SUP-TW-01,TSMC Advanced Semiconductor,Taiwan,99.4,38,Dedicated Rail Cargo,0.57,5.2,Optimal,2026-08-07
SKU-HW-02209,Distributed Object Storage Block v2.0,Storage Systems,WH-APAC-04,Sydney Tech Fulfillment,APAC-ANZ,Australia,213,119,94,173,353,1100,5772.36,1229512.68,SUP-NL-01,ASML Precision Optics Hub,Netherlands,99.1,40,Air Priority Express,0.77,9.8,Optimal,2026-02-22
SKU-HW-02210,100G Single-Mode Optical Transceiver v3.0,Optical Components,WH-MEA-01,Dubai Industrial Port Hub,MEA,United Arab Emirates,3279,1093,2186,1385,2238,6558,305.01,1000127.79,SUP-US-02,Broadcom Optical Networks,United States,97.8,31,Air Priority Express,1.2,8.2,Optimal,2026-04-26
SKU-HW-02211,Quantum Optical 800G Core Switch v4.0,Networking Hardware,WH-EU-01,Frankfurt Euro-Hub,EU-Central,Germany,126,52,74,35,76,205,19333.18,2435980.68,SUP-US-01,Supermicro Engineering Lab,United States,95.9,34,Ocean Freight Container,1.52,12.9,Optimal,2026-05-29
SKU-HW-02212,Direct-to-Chip Liquid Cooling Manifold v1.0,Power & Cooling,WH-EU-02,Rotterdam Logistics Park,EU-West,Netherlands,128,71,57,195,307,871,4030.84,515947.52,SUP-NL-01,ASML Precision Optics Hub,Netherlands,99.1,23,Ground Fleet Line,2.36,2.5,Low Stock,2026-07-05
SKU-HW-02213,Dense Wavelength Mux Transceiver v2.0,Optical Components,WH-APAC-02,Tokyo High-Tech Depot,APAC-East,Japan,1619,618,1001,529,1029,3167,675.78,1094087.82,SUP-NL-01,ASML Precision Optics Hub,Netherlands,99.1,45,Air Priority Express,0.12,13.9,Optimal,2026-04-25
SKU-HW-02214,Hardware Security Module (HSM) Vault v3.0,Security Appliances,WH-US-02,Virginia Cloud Center,US-East,United States,71,18,53,43,77,295,8875.77,630179.67,SUP-TW-02,Foxconn Precision Industry,Taiwan,96.8,27,Ground Fleet Line,1.82,11.9,Optimal,2026-05-11
SKU-HW-02215,High-Density GPU Tensor Server Node v4.0,Compute Servers,WH-US-01,California Mega-Hub,US-West,United States,101,35,66,57,92,271,14758.27,1490585.27,SUP-JP-02,Kyocera Ceramic Packaging,Japan,98.1,26,Dedicated Rail Cargo,0.28,3.3,Optimal,2026-03-12
SKU-HW-02216,Dense Wavelength Mux Transceiver v1.0,Optical Components,WH-US-03,Chicago Central Depot,US-Central,United States,944,484,460,521,906,3107,773.76,730429.44,SUP-TW-03,Quanta Computer Advanced Server,Taiwan,97.5,12,Ground Fleet Line,2.29,11.2,Optimal,2026-06-09
SKU-HW-02217,Distributed Object Storage Block v2.0,Storage Systems,WH-US-03,Chicago Central Depot,US-Central,United States,356,139,217,135,236,890,6546.22,2330454.32,SUP-TW-02,Foxconn Precision Industry,Taiwan,96.8,32,Ground Fleet Line,1.35,6.8,Optimal,2026-03-16
SKU-HW-02218,100G Single-Mode Optical Transceiver v3.0,Optical Components,WH-APAC-03,Singapore Gateway Center,APAC-South,Singapore,7838,3836,4002,2734,5629,19646,265.81,2083418.78,SUP-US-02,Broadcom Optical Networks,United States,97.8,12,Air Priority Express,2.48,9.8,Optimal,2026-05-04
SKU-HW-02219,Dense Wavelength Mux Transceiver v4.0,Optical Components,WH-US-03,Chicago Central Depot,US-Central,United States,3193,624,2569,632,1152,3646,793.11,2532400.23,SUP-NL-01,ASML Precision Optics Hub,Netherlands,99.1,39,Ground Fleet Line,0.87,7.7,Overstocked,2026-07-01
SKU-HW-02220,Edge AI Gateway Controller v1.0,Edge Devices,WH-APAC-02,Tokyo High-Tech Depot,APAC-East,Japan,780,454,326,397,792,2110,1731.78,1350788.4,SUP-TW-04,Delta Electronics Power Solutions,Taiwan,98.2,44,Ocean Freight Container,1.31,3.1,Optimal,2026-06-27
SKU-HW-02221,Edge AI Gateway Controller v2.0,Edge Devices,WH-US-03,Chicago Central Depot,US-Central,United States,633,248,385,522,1075,4215,1949.46,1234008.18,SUP-TW-01,TSMC Advanced Semiconductor,Taiwan,99.4,45,Dedicated Rail Cargo,2.29,7.3,Optimal,2026-07-09
SKU-HW-02222,Next-Gen Firewall Threat Shield v3.0,Security Appliances,WH-EU-02,Rotterdam Logistics Park,EU-West,Netherlands,569,138,431,177,358,1045,5829.45,3316957.05,SUP-TW-02,Foxconn Precision Industry,Taiwan,96.8,13,Ocean Freight Container,2.18,3.4,Optimal,2026-06-19
SKU-HW-02223,100G Single-Mode Optical Transceiver v4.0,Optical Components,WH-US-02,Virginia Cloud Center,US-East,United States,5262,2601,2661,2239,4067,12257,262.43,1380906.66,SUP-NL-01,ASML Precision Optics Hub,Netherlands,99.1,12,Dedicated Rail Cargo,0.74,5.0,Optimal,2026-02-07
SKU-HW-02224,Distributed Object Storage Block v1.0,Storage Systems,WH-US-01,California Mega-Hub,US-West,United States,958,283,675,173,295,1035,6502.31,6229212.98,SUP-TW-01,TSMC Advanced Semiconductor,Taiwan,99.4,27,Air Priority Express,0.24,5.4,Overstocked,2026-07-18
SKU-HW-02225,Liquid-Cooled AI Inference Blade v2.0,Compute Servers,WH-EU-03,London Distribution Gateway,EU-West,United Kingdom,430,118,312,139,281,979,8604.05,3699741.5,SUP-KR-01,Samsung Memory Module Division,South Korea,97.2,42,Dedicated Rail Cargo,0.53,5.4,Optimal,2026-08-01
SKU-HW-02226,Next-Gen Firewall Threat Shield v3.0,Security Appliances,WH-US-03,Chicago Central Depot,US-Central,United States,102,44,58,61,107,371,5114.79,521708.58,SUP-JP-01,Murata High-Freq Components,Japan,98.9,35,Ground Fleet Line,0.97,5.2,Optimal,2026-06-06
SKU-HW-02227,Liquid-Cooled AI Inference Blade v4.0,Compute Servers,WH-APAC-02,Tokyo High-Tech Depot,APAC-East,Japan,200,116,84,76,125,346,8101.12,1620224.0,SUP-DE-01,Siemens Industrial Automation,Germany,98.6,34,Ocean Freight Container,2.45,11.2,Optimal,2026-06-22
SKU-HW-02228,Liquid-Cooled AI Inference Blade v1.0,Compute Servers,WH-APAC-02,Tokyo High-Tech Depot,APAC-East,Japan,94,22,72,80,130,492,8080.53,759569.82,SUP-TW-01,TSMC Advanced Semiconductor,Taiwan,99.4,35,Air Priority Express,1.57,12.3,Optimal,2026-05-25
SKU-HW-02229,100G Single-Mode Optical Transceiver v2.0,Optical Components,WH-APAC-03,Singapore Gateway Center,APAC-South,Singapore,5710,1704,4006,1440,2528,6451,307.86,1757880.6,SUP-NL-01,ASML Precision Optics Hub,Netherlands,99.1,27,Ocean Freight Container,0.42,11.4,Overstocked,2026-06-05
SKU-HW-02230,Next-Gen Firewall Threat Shield v3.0,Security Appliances,WH-APAC-04,Sydney Tech Fulfillment,APAC-ANZ,Australia,343,163,180,126,258,924,5191.15,1780564.45,SUP-JP-01,Murata High-Freq Components,Japan,98.9,10,Dedicated Rail Cargo,1.33,7.4,Optimal,2026-05-19
SKU-HW-02231,Edge AI Gateway Controller v4.0,Edge Devices,WH-EU-02,Rotterdam Logistics Park,EU-West,Netherlands,1363,586,777,540,902,2279,1822.05,2483454.15,SUP-DE-01,Siemens Industrial Automation,Germany,98.6,5,Ground Fleet Line,2.98,4.4,Optimal,2026-03-31
SKU-HW-02232,Ultra-Low Latency Spine Router v1.0,Networking Hardware,WH-APAC-01,Taipei Logistics Hub,APAC-East,Taiwan,95,39,56,71,145,494,12541.68,1191459.6,SUP-DE-01,Siemens Industrial Automation,Germany,98.6,35,Air Priority Express,2.6,3.4,Optimal,2026-06-27
SKU-HW-02233,Ultra-Low Latency Spine Router v2.0,Networking Hardware,WH-MEA-01,Dubai Industrial Port Hub,MEA,United Arab Emirates,127,30,97,89,145,573,11416.21,1449858.67,SUP-US-02,Broadcom Optical Networks,United States,97.8,14,Ground Fleet Line,2.4,7.6,Optimal,2026-07-22
SKU-HW-02234,All-Flash NVMe High-IOPS Array v3.0,Storage Systems,WH-EU-03,London Distribution Gateway,EU-West,United Kingdom,241,102,139,68,138,387,15285.5,3683805.5,SUP-NL-01,ASML Precision Optics Hub,Netherlands,99.1,6,Dedicated Rail Cargo,2.72,8.0,Optimal,2026-07-02
SKU-HW-02235,Liquid-Cooled AI Inference Blade v4.0,Compute Servers,WH-US-01,California Mega-Hub,US-West,United States,197,44,153,86,135,433,8088.25,1593385.25,SUP-TW-04,Delta Electronics Power Solutions,Taiwan,98.2,37,Dedicated Rail Cargo,2.31,4.4,Optimal,2026-04-29
SKU-HW-02236,Edge AI Gateway Controller v1.0,Edge Devices,WH-APAC-02,Tokyo High-Tech Depot,APAC-East,Japan,394,189,205,331,538,1349,1982.64,781160.16,SUP-TW-01,TSMC Advanced Semiconductor,Taiwan,99.4,25,Ground Fleet Line,1.44,12.4,Optimal,2026-06-16
SKU-HW-02237,Liquid-Cooled AI Inference Blade v2.0,Compute Servers,WH-EU-02,Rotterdam Logistics Park,EU-West,Netherlands,228,83,145,79,135,346,8760.32,1997352.96,SUP-TW-01,TSMC Advanced Semiconductor,Taiwan,99.4,27,Ground Fleet Line,0.93,12.1,Optimal,2026-05-09
SKU-HW-02238,Next-Gen Firewall Threat Shield v3.0,Security Appliances,WH-LATAM-01,Sao Paulo Distribution,LATAM,Brazil,67,61,6,99,159,466,5171.67,346501.89,SUP-US-01,Supermicro Engineering Lab,United States,95.9,13,Dedicated Rail Cargo,1.75,4.6,Low Stock,2026-03-04
SKU-HW-02239,Hardware Security Module (HSM) Vault v4.0,Security Appliances,WH-LATAM-01,Sao Paulo Distribution,LATAM,Brazil,62,36,26,50,79,221,9560.21,592733.02,SUP-US-01,Supermicro Engineering Lab,United States,95.9,29,Air Priority Express,1.61,9.7,Optimal,2026-05-12
SKU-HW-02240,Direct-to-Chip Liquid Cooling Manifold v1.0,Power & Cooling,WH-US-01,California Mega-Hub,US-West,United States,50,25,25,133,243,639,4457.77,222888.5,SUP-NL-01,ASML Precision Optics Hub,Netherlands,99.1,5,Dedicated Rail Cargo,3.02,9.9,Critical Shortage,2026-07-28
SKU-HW-02241,Hardware Security Module (HSM) Vault v2.0,Security Appliances,WH-EU-03,London Distribution Gateway,EU-West,United Kingdom,109,43,66,50,74,185,9815.13,1069849.17,SUP-TW-01,TSMC Advanced Semiconductor,Taiwan,99.4,12,Ground Fleet Line,1.93,8.1,Optimal,2026-07-20
SKU-HW-02242,Ultra-Low Latency Spine Router v3.0,Networking Hardware,WH-EU-01,Frankfurt Euro-Hub,EU-Central,Germany,6,2,4,46,66,182,11186.07,67116.42,SUP-JP-02,Kyocera Ceramic Packaging,Japan,98.1,43,Ocean Freight Container,0.42,7.0,Critical Shortage,2026-03-31
SKU-HW-02243,High-Density GPU Tensor Server Node v4.0,Compute Servers,WH-APAC-04,Sydney Tech Fulfillment,APAC-ANZ,Australia,252,72,180,80,141,393,15729.68,3963879.36,SUP-JP-02,Kyocera Ceramic Packaging,Japan,98.1,29,Dedicated Rail Cargo,2.9,9.5,Optimal,2026-06-10
SKU-HW-02244,Edge AI Gateway Controller v1.0,Edge Devices,WH-LATAM-01,Sao Paulo Distribution,LATAM,Brazil,617,350,267,418,597,2294,1670.69,1030815.73,SUP-TW-02,Foxconn Precision Industry,Taiwan,96.8,14,Ocean Freight Container,1.79,10.8,Optimal,2026-02-16
SKU-HW-02245,Ultra-Low Latency Spine Router v2.0,Networking Hardware,WH-EU-03,London Distribution Gateway,EU-West,United Kingdom,75,24,51,60,116,460,12010.01,900750.75,SUP-TW-04,Delta Electronics Power Solutions,Taiwan,98.2,13,Dedicated Rail Cargo,0.14,3.3,Optimal,2026-05-20
SKU-HW-02246,Next-Gen Firewall Threat Shield v3.0,Security Appliances,WH-LATAM-01,Sao Paulo Distribution,LATAM,Brazil,183,72,111,65,112,347,5587.35,1022485.05,SUP-JP-02,Kyocera Ceramic Packaging,Japan,98.1,36,Ground Fleet Line,1.77,11.6,Optimal,2026-05-01
SKU-HW-02247,Liquid-Cooled AI Inference Blade v4.0,Compute Servers,WH-EU-01,Frankfurt Euro-Hub,EU-Central,Germany,134,26,108,92,188,611,9013.25,1207775.5,SUP-TW-01,TSMC Advanced Semiconductor,Taiwan,99.4,7,Ground Fleet Line,2.27,5.0,Optimal,2026-06-08
SKU-HW-02248,Distributed Object Storage Block v1.0,Storage Systems,WH-APAC-01,Taipei Logistics Hub,APAC-East,Taiwan,589,150,439,128,215,637,6553.22,3859846.58,SUP-JP-02,Kyocera Ceramic Packaging,Japan,98.1,20,Ground Fleet Line,1.52,12.0,Overstocked,2026-01-05
SKU-HW-02249,Edge AI Gateway Controller v2.0,Edge Devices,WH-MEA-01,Dubai Industrial Port Hub,MEA,United Arab Emirates,268,118,150,582,1044,3170,1895.88,508095.84,SUP-TW-02,Foxconn Precision Industry,Taiwan,96.8,24,Air Priority Express,0.86,12.7,Low Stock,2026-05-19
SKU-HW-02250,High-Density GPU Tensor Server Node v3.0,Compute Servers,WH-US-02,Virginia Cloud Center,US-East,United States,23,17,6,53,89,344,15763.01,362549.23,SUP-US-01,Supermicro Engineering Lab,United States,95.9,18,Dedicated Rail Cargo,2.16,6.0,Low Stock,2026-05-19
SKU-HW-02251,Distributed Object Storage Block v4.0,Storage Systems,WH-LATAM-01,Sao Paulo Distribution,LATAM,Brazil,129,77,52,103,171,529,6173.01,796318.29,SUP-JP-02,Kyocera Ceramic Packaging,Japan,98.1,33,Dedicated Rail Cargo,0.74,13.7,Optimal,2026-07-24
SKU-HW-02252,Industrial IoT Telemetry Sensor v1.0,Edge Devices,WH-APAC-01,Taipei Logistics Hub,APAC-East,Taiwan,11827,5578,6249,3636,7255,20294,115.2,1362470.4,SUP-TW-01,TSMC Advanced Semiconductor,Taiwan,99.4,37,Air Priority Express,3.09,7.0,Optimal,2026-04-01
SKU-HW-02253,Dense Wavelength Mux Transceiver v2.0,Optical Components,WH-LATAM-01,Sao Paulo Distribution,LATAM,Brazil,2956,1292,1664,1149,1745,6127,781.37,2309729.72,SUP-TW-04,Delta Electronics Power Solutions,Taiwan,98.2,32,Air Priority Express,0.87,10.9,Optimal,2026-03-25
SKU-HW-02254,Direct-to-Chip Liquid Cooling Manifold v3.0,Power & Cooling,WH-APAC-04,Sydney Tech Fulfillment,APAC-ANZ,Australia,433,106,327,81,117,455,3922.84,1698589.72,SUP-TW-01,TSMC Advanced Semiconductor,Taiwan,99.4,40,Air Priority Express,2.28,8.5,Overstocked,2026-03-16
SKU-HW-02255,Ultra-Low Latency Spine Router v4.0,Networking Hardware,WH-MEA-01,Dubai Industrial Port Hub,MEA,United Arab Emirates,123,39,84,59,124,377,11537.7,1419137.1,SUP-TW-03,Quanta Computer Advanced Server,Taiwan,97.5,16,Dedicated Rail Cargo,1.91,9.9,Optimal,2026-02-10
SKU-HW-02256,Quantum Optical 800G Core Switch v1.0,Networking Hardware,WH-APAC-03,Singapore Gateway Center,APAC-South,Singapore,136,54,82,51,77,280,19737.79,2684339.44,SUP-US-02,Broadcom Optical Networks,United States,97.8,11,Air Priority Express,1.42,8.8,Optimal,2026-05-22
SKU-HW-02257,Hardware Security Module (HSM) Vault v2.0,Security Appliances,WH-EU-03,London Distribution Gateway,EU-West,United Kingdom,31,7,24,27,38,121,9032.64,280011.84,SUP-TW-03,Quanta Computer Advanced Server,Taiwan,97.5,16,Dedicated Rail Cargo,2.72,7.9,Optimal,2026-06-15
SKU-HW-02258,Hardware Security Module (HSM) Vault v3.0,Security Appliances,WH-EU-02,Rotterdam Logistics Park,EU-West,Netherlands,59,30,29,30,61,199,10541.26,621934.34,SUP-NL-01,ASML Precision Optics Hub,Netherlands,99.1,6,Ocean Freight Container,2.82,9.7,Optimal,2026-05-10
SKU-HW-02259,Redundant Power Distribution Unit 3-Phase v4.0,Power & Cooling,WH-APAC-03,Singapore Gateway Center,APAC-South,Singapore,511,202,309,183,388,1091,3499.6,1788295.6,SUP-US-01,Supermicro Engineering Lab,United States,95.9,15,Ground Fleet Line,0.07,6.7,Optimal,2026-01-12
SKU-HW-02260,Quantum Optical 800G Core Switch v1.0,Networking Hardware,WH-LATAM-01,Sao Paulo Distribution,LATAM,Brazil,15,12,3,53,107,361,17290.79,259361.85,SUP-US-02,Broadcom Optical Networks,United States,97.8,25,Ocean Freight Container,2.54,12.1,Critical Shortage,2026-06-02
SKU-HW-02261,Hardware Security Module (HSM) Vault v2.0,Security Appliances,WH-EU-03,London Distribution Gateway,EU-West,United Kingdom,1,0,1,32,56,153,10118.08,10118.08,SUP-US-02,Broadcom Optical Networks,United States,97.8,36,Ocean Freight Container,1.54,7.0,Critical Shortage,2026-07-29
SKU-HW-02262,High-Density GPU Tensor Server Node v3.0,Compute Servers,WH-US-02,Virginia Cloud Center,US-East,United States,146,71,75,68,120,387,15902.97,2321833.62,SUP-US-01,Supermicro Engineering Lab,United States,95.9,10,Air Priority Express,1.72,5.7,Optimal,2026-05-07
SKU-HW-02263,Redundant Power Distribution Unit 3-Phase v4.0,Power & Cooling,WH-APAC-04,Sydney Tech Fulfillment,APAC-ANZ,Australia,562,117,445,247,365,1377,3131.59,1759953.58,SUP-TW-01,TSMC Advanced Semiconductor,Taiwan,99.4,15,Dedicated Rail Cargo,2.58,13.4,Optimal,2026-04-27
SKU-HW-02264,Redundant Power Distribution Unit 3-Phase v1.0,Power & Cooling,WH-US-03,Chicago Central Depot,US-Central,United States,20,17,3,150,327,1300,3490.42,69808.4,SUP-US-01,Supermicro Engineering Lab,United States,95.9,6,Ocean Freight Container,1.48,12.2,Critical Shortage,2026-06-11
SKU-HW-02265,Distributed Object Storage Block v2.0,Storage Systems,WH-EU-02,Rotterdam Logistics Park,EU-West,Netherlands,138,71,67,126,240,672,6967.22,961476.36,SUP-TW-01,TSMC Advanced Semiconductor,Taiwan,99.4,11,Ground Fleet Line,0.93,11.8,Optimal,2026-06-25
SKU-HW-02266,Industrial IoT Telemetry Sensor v3.0,Edge Devices,WH-APAC-03,Singapore Gateway Center,APAC-South,Singapore,17147,4998,12149,4859,9563,37316,130.77,2242313.19,SUP-US-01,Supermicro Engineering Lab,United States,95.9,36,Air Priority Express,2.0,7.0,Optimal,2026-05-10
SKU-HW-02267,Distributed Object Storage Block v4.0,Storage Systems,WH-US-02,Virginia Cloud Center,US-East,United States,73,45,28,193,377,1481,5943.91,433905.43,SUP-TW-01,TSMC Advanced Semiconductor,Taiwan,99.4,21,Air Priority Express,1.83,11.5,Critical Shortage,2026-02-22
SKU-HW-02268,Quantum Optical 800G Core Switch v1.0,Networking Hardware,WH-US-03,Chicago Central Depot,US-Central,United States,141,76,65,55,118,306,19867.31,2801290.71,SUP-TW-01,TSMC Advanced Semiconductor,Taiwan,99.4,10,Air Priority Express,1.43,9.5,Optimal,2026-05-11
SKU-HW-02269,Dense Wavelength Mux Transceiver v2.0,Optical Components,WH-APAC-02,Tokyo High-Tech Depot,APAC-East,Japan,409,204,205,1012,1794,6371,726.76,297244.84,SUP-KR-01,Samsung Memory Module Division,South Korea,97.2,25,Air Priority Express,0.29,7.8,Low Stock,2026-05-07
SKU-HW-02270,Distributed Object Storage Block v3.0,Storage Systems,WH-APAC-04,Sydney Tech Fulfillment,APAC-ANZ,Australia,76,69,7,116,236,818,6414.53,487504.28,SUP-TW-02,Foxconn Precision Industry,Taiwan,96.8,17,Ocean Freight Container,1.34,2.7,Low Stock,2026-03-20
SKU-HW-02271,100G Single-Mode Optical Transceiver v4.0,Optical Components,WH-EU-02,Rotterdam Logistics Park,EU-West,Netherlands,2227,784,1443,877,1522,3921,253.1,563653.7,SUP-JP-01,Murata High-Freq Components,Japan,98.9,25,Ocean Freight Container,1.54,9.3,Optimal,2026-07-21
SKU-HW-02272,Hardware Security Module (HSM) Vault v1.0,Security Appliances,WH-APAC-03,Singapore Gateway Center,APAC-South,Singapore,44,11,33,31,47,177,10907.59,479933.96,SUP-TW-04,Delta Electronics Power Solutions,Taiwan,98.2,10,Ground Fleet Line,2.54,3.8,Optimal,2026-02-09
SKU-HW-02273,100G Single-Mode Optical Transceiver v2.0,Optical Components,WH-EU-02,Rotterdam Logistics Park,EU-West,Netherlands,3309,1308,2001,2208,3215,10971,267.69,885786.21,SUP-DE-01,Siemens Industrial Automation,Germany,98.6,20,Dedicated Rail Cargo,0.14,8.8,Optimal,2026-03-14
SKU-HW-02274,Direct-to-Chip Liquid Cooling Manifold v3.0,Power & Cooling,WH-APAC-02,Tokyo High-Tech Depot,APAC-East,Japan,282,107,175,111,183,469,3981.54,1122794.28,SUP-JP-02,Kyocera Ceramic Packaging,Japan,98.1,23,Ocean Freight Container,1.82,13.5,Optimal,2026-07-02
SKU-HW-02275,Liquid-Cooled AI Inference Blade v4.0,Compute Servers,WH-APAC-04,Sydney Tech Fulfillment,APAC-ANZ,Australia,256,53,203,108,181,538,9348.64,2393251.84,SUP-TW-02,Foxconn Precision Industry,Taiwan,96.8,13,Air Priority Express,1.87,6.2,Optimal,2026-02-03
SKU-HW-02276,Dense Wavelength Mux Transceiver v1.0,Optical Components,WH-APAC-02,Tokyo High-Tech Depot,APAC-East,Japan,609,307,302,1208,1748,4781,730.17,444673.53,SUP-KR-01,Samsung Memory Module Division,South Korea,97.2,45,Ocean Freight Container,2.53,2.8,Low Stock,2026-01-13
SKU-HW-02277,Hardware Security Module (HSM) Vault v2.0,Security Appliances,WH-APAC-01,Taipei Logistics Hub,APAC-East,Taiwan,69,21,48,34,47,132,9220.37,636205.53,SUP-JP-02,Kyocera Ceramic Packaging,Japan,98.1,15,Air Priority Express,0.7,9.2,Optimal,2026-05-12
SKU-HW-02278,Distributed Object Storage Block v3.0,Storage Systems,WH-APAC-02,Tokyo High-Tech Depot,APAC-East,Japan,248,146,102,187,388,1100,6979.06,1730806.88,SUP-US-01,Supermicro Engineering Lab,United States,95.9,18,Ocean Freight Container,0.41,8.6,Optimal,2026-02-14
SKU-HW-02279,High-Density GPU Tensor Server Node v4.0,Compute Servers,WH-EU-03,London Distribution Gateway,EU-West,United Kingdom,326,138,188,92,187,557,15193.58,4953107.08,SUP-TW-01,TSMC Advanced Semiconductor,Taiwan,99.4,45,Ground Fleet Line,2.64,9.6,Optimal,2026-02-16
SKU-HW-02280,Hardware Security Module (HSM) Vault v1.0,Security Appliances,WH-LATAM-01,Sao Paulo Distribution,LATAM,Brazil,125,39,86,64,115,372,9446.86,1180857.5,SUP-US-02,Broadcom Optical Networks,United States,97.8,29,Ocean Freight Container,0.28,6.7,Optimal,2026-02-04
SKU-HW-02281,Industrial IoT Telemetry Sensor v2.0,Edge Devices,WH-EU-02,Rotterdam Logistics Park,EU-West,Netherlands,3606,1815,1791,1950,3353,13027,138.8,500512.8,SUP-TW-03,Quanta Computer Advanced Server,Taiwan,97.5,27,Dedicated Rail Cargo,0.41,9.1,Optimal,2026-01-04
SKU-HW-02282,All-Flash NVMe High-IOPS Array v3.0,Storage Systems,WH-EU-03,London Distribution Gateway,EU-West,United Kingdom,108,53,55,38,66,194,16504.08,1782440.64,SUP-NL-01,ASML Precision Optics Hub,Netherlands,99.1,14,Ocean Freight Container,1.0,10.2,Optimal,2026-05-09
SKU-HW-02283,Redundant Power Distribution Unit 3-Phase v4.0,Power & Cooling,WH-APAC-01,Taipei Logistics Hub,APAC-East,Taiwan,323,173,150,268,398,1310,3163.84,1021920.32,SUP-US-02,Broadcom Optical Networks,United States,97.8,33,Dedicated Rail Cargo,1.98,11.4,Optimal,2026-06-05
SKU-HW-02284,Hardware Security Module (HSM) Vault v1.0,Security Appliances,WH-US-01,California Mega-Hub,US-West,United States,279,48,231,60,85,323,9715.92,2710741.68,SUP-TW-01,TSMC Advanced Semiconductor,Taiwan,99.4,34,Ground Fleet Line,2.76,6.2,Overstocked,2026-01-30
SKU-HW-02285,Edge AI Gateway Controller v2.0,Edge Devices,WH-EU-01,Frankfurt Euro-Hub,EU-Central,Germany,671,376,295,280,532,1915,1917.1,1286374.1,SUP-US-01,Supermicro Engineering Lab,United States,95.9,6,Ground Fleet Line,1.42,6.3,Optimal,2026-04-27
SKU-HW-02286,Redundant Power Distribution Unit 3-Phase v3.0,Power & Cooling,WH-APAC-03,Singapore Gateway Center,APAC-South,Singapore,498,192,306,181,368,1264,2948.6,1468402.8,SUP-KR-01,Samsung Memory Module Division,South Korea,97.2,28,Air Priority Express,2.77,4.1,Optimal,2026-07-03
SKU-HW-02287,Redundant Power Distribution Unit 3-Phase v4.0,Power & Cooling,WH-US-01,California Mega-Hub,US-West,United States,349,135,214,137,209,573,3403.55,1187838.95,SUP-JP-01,Murata High-Freq Components,Japan,98.9,18,Ground Fleet Line,0.09,3.7,Optimal,2026-03-24
SKU-HW-02288,Quantum Optical 800G Core Switch v1.0,Networking Hardware,WH-EU-01,Frankfurt Euro-Hub,EU-Central,Germany,93,28,65,78,148,538,17644.11,1640902.23,SUP-TW-03,Quanta Computer Advanced Server,Taiwan,97.5,11,Ground Fleet Line,1.9,10.9,Optimal,2026-03-25
SKU-HW-02289,Ultra-Low Latency Spine Router v2.0,Networking Hardware,WH-APAC-03,Singapore Gateway Center,APAC-South,Singapore,215,43,172,96,171,604,11307.42,2431095.3,SUP-NL-01,ASML Precision Optics Hub,Netherlands,99.1,6,Ocean Freight Container,2.3,3.8,Optimal,2026-03-10
SKU-HW-02290,Direct-to-Chip Liquid Cooling Manifold v3.0,Power & Cooling,WH-US-01,California Mega-Hub,US-West,United States,347,172,175,139,303,869,3877.87,1345620.89,SUP-DE-01,Siemens Industrial Automation,Germany,98.6,27,Ground Fleet Line,0.52,11.4,Optimal,2026-06-23
SKU-HW-02291,Industrial IoT Telemetry Sensor v4.0,Edge Devices,WH-EU-01,Frankfurt Euro-Hub,EU-Central,Germany,12182,5767,6415,4930,9553,34165,114.45,1394229.9,SUP-TW-02,Foxconn Precision Industry,Taiwan,96.8,20,Ground Fleet Line,1.18,4.1,Optimal,2026-03-01
SKU-HW-02292,High-Density GPU Tensor Server Node v1.0,Compute Servers,WH-US-02,Virginia Cloud Center,US-East,United States,174,71,103,109,157,400,15801.55,2749469.7,SUP-US-02,Broadcom Optical Networks,United States,97.8,42,Dedicated Rail Cargo,0.55,5.0,Optimal,2026-03-14
SKU-HW-02293,High-Density GPU Tensor Server Node v2.0,Compute Servers,WH-MEA-01,Dubai Industrial Port Hub,MEA,United Arab Emirates,287,103,184,108,182,474,13990.59,4015299.33,SUP-US-01,Supermicro Engineering Lab,United States,95.9,38,Ocean Freight Container,3.19,4.3,Optimal,2026-06-05
SKU-HW-02294,Next-Gen Firewall Threat Shield v3.0,Security Appliances,WH-APAC-04,Sydney Tech Fulfillment,APAC-ANZ,Australia,146,64,82,130,274,751,5905.06,862138.76,SUP-TW-02,Foxconn Precision Industry,Taiwan,96.8,9,Air Priority Express,1.53,10.7,Optimal,2026-01-21
SKU-HW-02295,Direct-to-Chip Liquid Cooling Manifold v4.0,Power & Cooling,WH-MEA-01,Dubai Industrial Port Hub,MEA,United Arab Emirates,86,53,33,204,361,1423,3858.6,331839.6,SUP-JP-02,Kyocera Ceramic Packaging,Japan,98.1,38,Dedicated Rail Cargo,3.06,9.1,Low Stock,2026-07-29
SKU-HW-02296,Edge AI Gateway Controller v1.0,Edge Devices,WH-APAC-01,Taipei Logistics Hub,APAC-East,Taiwan,1148,372,776,564,992,3543,1727.91,1983640.68,SUP-TW-02,Foxconn Precision Industry,Taiwan,96.8,27,Ground Fleet Line,1.18,5.8,Optimal,2026-08-05
SKU-HW-02297,Hardware Security Module (HSM) Vault v2.0,Security Appliances,WH-APAC-02,Tokyo High-Tech Depot,APAC-East,Japan,124,32,92,63,114,335,10964.27,1359569.48,SUP-US-01,Supermicro Engineering Lab,United States,95.9,39,Air Priority Express,1.64,2.7,Optimal,2026-01-25
SKU-HW-02298,Quantum Optical 800G Core Switch v3.0,Networking Hardware,WH-APAC-04,Sydney Tech Fulfillment,APAC-ANZ,Australia,92,30,62,62,100,291,18139.9,1668870.8,SUP-DE-01,Siemens Industrial Automation,Germany,98.6,29,Dedicated Rail Cargo,0.16,7.7,Optimal,2026-06-28
SKU-HW-02299,Dense Wavelength Mux Transceiver v4.0,Optical Components,WH-EU-02,Rotterdam Logistics Park,EU-West,Netherlands,1370,477,893,571,889,2277,828.14,1134551.8,SUP-DE-01,Siemens Industrial Automation,Germany,98.6,36,Dedicated Rail Cargo,0.22,11.0,Optimal,2026-04-02
SKU-HW-02300,Edge AI Gateway Controller v1.0,Edge Devices,WH-EU-02,Rotterdam Logistics Park,EU-West,Netherlands,135,114,21,308,447,1236,1778.89,240150.15,SUP-US-01,Supermicro Engineering Lab,United States,95.9,32,Dedicated Rail Cargo,0.36,11.4,Low Stock,2026-03-07
SKU-HW-02301,Industrial IoT Telemetry Sensor v2.0,Edge Devices,WH-US-03,Chicago Central Depot,US-Central,United States,137,99,38,3160,6372,17794,128.51,17605.87,SUP-KR-01,Samsung Memory Module Division,South Korea,97.2,12,Air Priority Express,0.74,10.5,Critical Shortage,2026-07-29
SKU-HW-02302,Next-Gen Firewall Threat Shield v3.0,Security Appliances,WH-US-02,Virginia Cloud Center,US-East,United States,724,123,601,167,253,799,6035.2,4369484.8,SUP-DE-01,Siemens Industrial Automation,Germany,98.6,21,Ocean Freight Container,1.14,3.5,Overstocked,2026-05-19
SKU-HW-02303,Hardware Security Module (HSM) Vault v4.0,Security Appliances,WH-APAC-02,Tokyo High-Tech Depot,APAC-East,Japan,43,24,19,35,55,183,10824.53,465454.79,SUP-NL-01,ASML Precision Optics Hub,Netherlands,99.1,18,Ocean Freight Container,2.01,6.6,Optimal,2026-01-07
SKU-HW-02304,Ultra-Low Latency Spine Router v1.0,Networking Hardware,WH-EU-02,Rotterdam Logistics Park,EU-West,Netherlands,171,90,81,94,140,550,12444.78,2128057.38,SUP-TW-01,TSMC Advanced Semiconductor,Taiwan,99.4,28,Dedicated Rail Cargo,0.77,7.2,Optimal,2026-06-13
SKU-HW-02305,Hardware Security Module (HSM) Vault v2.0,Security Appliances,WH-APAC-02,Tokyo High-Tech Depot,APAC-East,Japan,74,18,56,31,57,158,9395.06,695234.44,SUP-DE-01,Siemens Industrial Automation,Germany,98.6,35,Ground Fleet Line,0.97,12.0,Optimal,2026-05-11
SKU-HW-02306,All-Flash NVMe High-IOPS Array v3.0,Storage Systems,WH-LATAM-01,Sao Paulo Distribution,LATAM,Brazil,131,66,65,42,78,242,15519.02,2032991.62,SUP-US-02,Broadcom Optical Networks,United States,97.8,39,Ground Fleet Line,2.67,4.2,Optimal,2026-06-29
SKU-HW-02307,Dense Wavelength Mux Transceiver v4.0,Optical Components,WH-EU-02,Rotterdam Logistics Park,EU-West,Netherlands,796,284,512,502,1035,2669,783.49,623658.04,SUP-TW-03,Quanta Computer Advanced Server,Taiwan,97.5,7,Ocean Freight Container,1.66,3.8,Optimal,2026-01-28
SKU-HW-02308,Liquid-Cooled AI Inference Blade v1.0,Compute Servers,WH-APAC-02,Tokyo High-Tech Depot,APAC-East,Japan,311,120,191,97,191,619,8597.46,2673810.06,SUP-TW-01,TSMC Advanced Semiconductor,Taiwan,99.4,35,Dedicated Rail Cargo,1.66,6.9,Optimal,2026-01-31
SKU-HW-02309,Dense Wavelength Mux Transceiver v2.0,Optical Components,WH-LATAM-01,Sao Paulo Distribution,LATAM,Brazil,1222,619,603,662,951,3685,795.15,971673.3,SUP-JP-01,Murata High-Freq Components,Japan,98.9,8,Air Priority Express,1.36,5.2,Optimal,2026-02-01
SKU-HW-02310,Edge AI Gateway Controller v3.0,Edge Devices,WH-US-03,Chicago Central Depot,US-Central,United States,370,160,210,233,497,1861,1793.42,663565.4,SUP-KR-01,Samsung Memory Module Division,South Korea,97.2,36,Ground Fleet Line,1.59,11.2,Optimal,2026-03-07
SKU-HW-02311,Liquid-Cooled AI Inference Blade v4.0,Compute Servers,WH-LATAM-01,Sao Paulo Distribution,LATAM,Brazil,145,74,71,66,113,375,8763.31,1270679.95,SUP-US-02,Broadcom Optical Networks,United States,97.8,24,Dedicated Rail Cargo,2.15,5.9,Optimal,2026-01-15
SKU-HW-02312,All-Flash NVMe High-IOPS Array v1.0,Storage Systems,WH-MEA-01,Dubai Industrial Port Hub,MEA,United Arab Emirates,181,76,105,67,115,434,16176.9,2928018.9,SUP-KR-01,Samsung Memory Module Division,South Korea,97.2,23,Dedicated Rail Cargo,0.39,7.4,Optimal,2026-02-15
SKU-HW-02313,Industrial IoT Telemetry Sensor v2.0,Edge Devices,WH-APAC-01,Taipei Logistics Hub,APAC-East,Taiwan,1510,746,764,3321,7148,20415,138.57,209240.7,SUP-US-02,Broadcom Optical Networks,United States,97.8,22,Air Priority Express,2.24,12.2,Low Stock,2026-02-24
SKU-HW-02314,Quantum Optical 800G Core Switch v3.0,Networking Hardware,WH-US-02,Virginia Cloud Center,US-East,United States,76,40,36,64,138,459,17265.84,1312203.84,SUP-TW-02,Foxconn Precision Industry,Taiwan,96.8,30,Ocean Freight Container,0.99,13.8,Optimal,2026-05-15
SKU-HW-02315,100G Single-Mode Optical Transceiver v4.0,Optical Components,WH-EU-03,London Distribution Gateway,EU-West,United Kingdom,8441,4966,3475,2813,6005,15583,297.99,2515333.59,SUP-US-02,Broadcom Optical Networks,United States,97.8,37,Ocean Freight Container,1.42,10.7,Optimal,2026-03-19
SKU-HW-02316,Quantum Optical 800G Core Switch v1.0,Networking Hardware,WH-EU-02,Rotterdam Logistics Park,EU-West,Netherlands,76,42,34,69,106,404,17488.43,1329120.68,SUP-TW-03,Quanta Computer Advanced Server,Taiwan,97.5,26,Ocean Freight Container,1.15,11.8,Optimal,2026-04-11
SKU-HW-02317,Quantum Optical 800G Core Switch v2.0,Networking Hardware,WH-APAC-02,Tokyo High-Tech Depot,APAC-East,Japan,16,6,10,55,82,227,17982.9,287726.4,SUP-TW-03,Quanta Computer Advanced Server,Taiwan,97.5,40,Dedicated Rail Cargo,3.09,11.0,Critical Shortage,2026-04-30
SKU-HW-02318,All-Flash NVMe High-IOPS Array v3.0,Storage Systems,WH-US-03,Chicago Central Depot,US-Central,United States,99,50,49,75,151,483,14060.09,1391948.91,SUP-US-02,Broadcom Optical Networks,United States,97.8,29,Ocean Freight Container,1.54,7.8,Optimal,2026-02-19
SKU-HW-02319,Ultra-Low Latency Spine Router v4.0,Networking Hardware,WH-MEA-01,Dubai Industrial Port Hub,MEA,United Arab Emirates,123,63,60,41,71,189,13378.18,1645516.14,SUP-TW-03,Quanta Computer Advanced Server,Taiwan,97.5,32,Dedicated Rail Cargo,2.99,9.7,Optimal,2026-06-20
SKU-HW-02320,Hardware Security Module (HSM) Vault v1.0,Security Appliances,WH-APAC-02,Tokyo High-Tech Depot,APAC-East,Japan,145,77,68,59,83,315,10934.78,1585543.1,SUP-NL-01,ASML Precision Optics Hub,Netherlands,99.1,15,Ocean Freight Container,1.05,8.5,Optimal,2026-03-06
SKU-HW-02321,100G Single-Mode Optical Transceiver v2.0,Optical Components,WH-EU-03,London Distribution Gateway,EU-West,United Kingdom,2355,895,1460,1678,3651,12715,278.68,656291.4,SUP-KR-01,Samsung Memory Module Division,South Korea,97.2,42,Air Priority Express,1.29,13.8,Optimal,2026-05-14
SKU-HW-02322,Next-Gen Firewall Threat Shield v3.0,Security Appliances,WH-US-02,Virginia Cloud Center,US-East,United States,304,67,237,115,170,626,5442.73,1654589.92,SUP-US-01,Supermicro Engineering Lab,United States,95.9,24,Ground Fleet Line,2.09,13.2,Optimal,2026-01-30
SKU-HW-02323,Next-Gen Firewall Threat Shield v4.0,Security Appliances,WH-LATAM-01,Sao Paulo Distribution,LATAM,Brazil,203,70,133,94,191,569,5397.64,1095720.92,SUP-TW-01,TSMC Advanced Semiconductor,Taiwan,99.4,42,Ocean Freight Container,0.68,11.8,Optimal,2026-03-28
SKU-HW-02324,Industrial IoT Telemetry Sensor v1.0,Edge Devices,WH-US-02,Virginia Cloud Center,US-East,United States,8555,3730,4825,3740,7578,23038,137.95,1180162.25,SUP-JP-01,Murata High-Freq Components,Japan,98.9,22,Air Priority Express,1.7,12.6,Optimal,2026-07-09
SKU-HW-02325,Industrial IoT Telemetry Sensor v2.0,Edge Devices,WH-APAC-02,Tokyo High-Tech Depot,APAC-East,Japan,7764,4585,3179,3354,5109,12958,125.39,973527.96,SUP-TW-03,Quanta Computer Advanced Server,Taiwan,97.5,9,Dedicated Rail Cargo,0.05,2.8,Optimal,2026-08-08
SKU-HW-02326,100G Single-Mode Optical Transceiver v3.0,Optical Components,WH-EU-02,Rotterdam Logistics Park,EU-West,Netherlands,485,256,229,1015,1849,6290,308.86,149797.1,SUP-US-02,Broadcom Optical Networks,United States,97.8,12,Dedicated Rail Cargo,1.47,6.5,Low Stock,2026-03-11
SKU-HW-02327,Distributed Object Storage Block v4.0,Storage Systems,WH-US-03,Chicago Central Depot,US-Central,United States,655,161,494,195,298,760,6309.88,4132971.4,SUP-TW-02,Foxconn Precision Industry,Taiwan,96.8,8,Ocean Freight Container,2.49,12.2,Overstocked,2026-06-04
SKU-HW-02328,Distributed Object Storage Block v1.0,Storage Systems,WH-EU-02,Rotterdam Logistics Park,EU-West,Netherlands,607,77,530,163,269,706,6551.25,3976608.75,SUP-DE-01,Siemens Industrial Automation,Germany,98.6,28,Dedicated Rail Cargo,2.53,5.4,Overstocked,2026-03-05
SKU-HW-02329,Redundant Power Distribution Unit 3-Phase v2.0,Power & Cooling,WH-US-02,Virginia Cloud Center,US-East,United States,1303,366,937,271,495,1347,3561.68,4640869.04,SUP-JP-01,Murata High-Freq Components,Japan,98.9,11,Ground Fleet Line,1.52,12.9,Overstocked,2026-06-09
SKU-HW-02330,100G Single-Mode Optical Transceiver v3.0,Optical Components,WH-US-01,California Mega-Hub,US-West,United States,2732,960,1772,1605,2847,10044,309.73,846182.36,SUP-US-01,Supermicro Engineering Lab,United States,95.9,43,Ground Fleet Line,2.36,13.3,Optimal,2026-03-08
SKU-HW-02331,100G Single-Mode Optical Transceiver v4.0,Optical Components,WH-EU-01,Frankfurt Euro-Hub,EU-Central,Germany,3120,1013,2107,1553,2880,10280,267.45,834444.0,SUP-US-02,Broadcom Optical Networks,United States,97.8,26,Ocean Freight Container,0.29,3.0,Optimal,2026-05-30
SKU-HW-02332,Quantum Optical 800G Core Switch v1.0,Networking Hardware,WH-APAC-01,Taipei Logistics Hub,APAC-East,Taiwan,92,47,45,50,91,341,17155.9,1578342.8,SUP-JP-01,Murata High-Freq Components,Japan,98.9,31,Air Priority Express,1.65,10.2,Optimal,2026-07-27
SKU-HW-02333,Dense Wavelength Mux Transceiver v2.0,Optical Components,WH-US-01,California Mega-Hub,US-West,United States,2010,968,1042,971,1685,4251,715.74,1438637.4,SUP-JP-01,Murata High-Freq Components,Japan,98.9,8,Ground Fleet Line,2.53,7.6,Optimal,2026-03-31
SKU-HW-02334,Hardware Security Module (HSM) Vault v3.0,Security Appliances,WH-APAC-01,Taipei Logistics Hub,APAC-East,Taiwan,216,63,153,63,123,365,9376.85,2025399.6,SUP-NL-01,ASML Precision Optics Hub,Netherlands,99.1,21,Ground Fleet Line,1.84,6.1,Optimal,2026-05-20
SKU-HW-02335,High-Density GPU Tensor Server Node v4.0,Compute Servers,WH-US-01,California Mega-Hub,US-West,United States,96,26,70,46,88,278,13614.98,1307038.08,SUP-TW-03,Quanta Computer Advanced Server,Taiwan,97.5,36,Dedicated Rail Cargo,2.22,9.7,Optimal,2026-05-25
SKU-HW-02336,Edge AI Gateway Controller v1.0,Edge Devices,WH-US-03,Chicago Central Depot,US-Central,United States,1160,288,872,442,712,2660,1938.1,2248196.0,SUP-DE-01,Siemens Industrial Automation,Germany,98.6,14,Ocean Freight Container,0.96,13.3,Optimal,2026-06-13
SKU-HW-02337,Next-Gen Firewall Threat Shield v2.0,Security Appliances,WH-APAC-02,Tokyo High-Tech Depot,APAC-East,Japan,244,85,159,103,159,604,5337.11,1302254.84,SUP-TW-01,TSMC Advanced Semiconductor,Taiwan,99.4,27,Ocean Freight Container,3.01,3.3,Optimal,2026-06-14
SKU-HW-02338,Direct-to-Chip Liquid Cooling Manifold v3.0,Power & Cooling,WH-US-02,Virginia Cloud Center,US-East,United States,441,157,284,177,325,1109,4250.68,1874549.88,SUP-TW-04,Delta Electronics Power Solutions,Taiwan,98.2,10,Ground Fleet Line,3.07,9.8,Optimal,2026-03-13
SKU-HW-02339,Redundant Power Distribution Unit 3-Phase v4.0,Power & Cooling,WH-US-02,Virginia Cloud Center,US-East,United States,658,258,400,297,601,1807,3202.81,2107448.98,SUP-TW-02,Foxconn Precision Industry,Taiwan,96.8,38,Air Priority Express,2.76,11.7,Optimal,2026-02-15
SKU-HW-02340,All-Flash NVMe High-IOPS Array v1.0,Storage Systems,WH-APAC-01,Taipei Logistics Hub,APAC-East,Taiwan,33,13,20,59,122,415,13853.41,457162.53,SUP-DE-01,Siemens Industrial Automation,Germany,98.6,26,Dedicated Rail Cargo,0.91,2.9,Low Stock,2026-04-11
SKU-HW-02341,High-Density GPU Tensor Server Node v2.0,Compute Servers,WH-APAC-04,Sydney Tech Fulfillment,APAC-ANZ,Australia,97,46,51,76,143,491,14981.69,1453223.93,SUP-DE-01,Siemens Industrial Automation,Germany,98.6,40,Dedicated Rail Cargo,1.87,11.4,Optimal,2026-03-28
SKU-HW-02342,Hardware Security Module (HSM) Vault v3.0,Security Appliances,WH-US-01,California Mega-Hub,US-West,United States,332,63,269,56,98,383,9031.3,2998391.6,SUP-US-02,Broadcom Optical Networks,United States,97.8,9,Air Priority Express,0.81,9.0,Overstocked,2026-04-21
SKU-HW-02343,Distributed Object Storage Block v4.0,Storage Systems,WH-APAC-02,Tokyo High-Tech Depot,APAC-East,Japan,20,10,10,151,224,641,6349.68,126993.6,SUP-KR-01,Samsung Memory Module Division,South Korea,97.2,11,Ground Fleet Line,0.75,4.4,Critical Shortage,2026-01-22
SKU-HW-02344,Distributed Object Storage Block v1.0,Storage Systems,WH-APAC-04,Sydney Tech Fulfillment,APAC-ANZ,Australia,33,24,9,177,346,973,7047.59,232570.47,SUP-DE-01,Siemens Industrial Automation,Germany,98.6,36,Dedicated Rail Cargo,0.08,2.5,Critical Shortage,2026-06-08
SKU-HW-02345,All-Flash NVMe High-IOPS Array v2.0,Storage Systems,WH-US-01,California Mega-Hub,US-West,United States,23,15,8,70,103,301,14496.21,333412.83,SUP-NL-01,ASML Precision Optics Hub,Netherlands,99.1,19,Ground Fleet Line,2.87,12.8,Critical Shortage,2026-04-16
SKU-HW-02346,Dense Wavelength Mux Transceiver v3.0,Optical Components,WH-EU-01,Frankfurt Euro-Hub,EU-Central,Germany,999,292,707,562,1186,3029,681.6,680918.4,SUP-NL-01,ASML Precision Optics Hub,Netherlands,99.1,28,Ocean Freight Container,0.64,13.9,Optimal,2026-01-30
SKU-HW-02347,Redundant Power Distribution Unit 3-Phase v4.0,Power & Cooling,WH-US-03,Chicago Central Depot,US-Central,United States,561,121,440,131,226,605,3035.23,1702764.03,SUP-TW-04,Delta Electronics Power Solutions,Taiwan,98.2,40,Air Priority Express,2.13,11.6,Overstocked,2026-03-20
SKU-HW-02348,Redundant Power Distribution Unit 3-Phase v1.0,Power & Cooling,WH-US-02,Virginia Cloud Center,US-East,United States,225,104,121,133,255,731,3087.5,694687.5,SUP-NL-01,ASML Precision Optics Hub,Netherlands,99.1,25,Ground Fleet Line,0.2,5.0,Optimal,2026-06-12
SKU-HW-02349,Quantum Optical 800G Core Switch v2.0,Networking Hardware,WH-EU-02,Rotterdam Logistics Park,EU-West,Netherlands,378,47,331,55,118,388,17897.97,6765432.66,SUP-JP-01,Murata High-Freq Components,Japan,98.9,36,Air Priority Express,1.79,6.6,Overstocked,2026-01-19
SKU-HW-02350,Ultra-Low Latency Spine Router v3.0,Networking Hardware,WH-APAC-02,Tokyo High-Tech Depot,APAC-East,Japan,185,101,84,62,122,439,11350.8,2099898.0,SUP-TW-01,TSMC Advanced Semiconductor,Taiwan,99.4,39,Air Priority Express,1.81,8.4,Optimal,2026-03-16
SKU-HW-02351,Liquid-Cooled AI Inference Blade v4.0,Compute Servers,WH-APAC-02,Tokyo High-Tech Depot,APAC-East,Japan,242,90,152,120,227,833,9941.02,2405726.84,SUP-JP-02,Kyocera Ceramic Packaging,Japan,98.1,19,Dedicated Rail Cargo,2.38,12.8,Optimal,2026-05-31
SKU-HW-02352,100G Single-Mode Optical Transceiver v1.0,Optical Components,WH-EU-03,London Distribution Gateway,EU-West,United Kingdom,1596,512,1084,1337,1926,7398,263.41,420402.36,SUP-JP-01,Murata High-Freq Components,Japan,98.9,11,Air Priority Express,2.67,5.5,Optimal,2026-04-17
SKU-HW-02353,Redundant Power Distribution Unit 3-Phase v2.0,Power & Cooling,WH-LATAM-01,Sao Paulo Distribution,LATAM,Brazil,491,146,345,236,490,1810,3050.65,1497869.15,SUP-TW-02,Foxconn Precision Industry,Taiwan,96.8,18,Ground Fleet Line,0.68,13.6,Optimal,2026-03-15
SKU-HW-02354,Direct-to-Chip Liquid Cooling Manifold v3.0,Power & Cooling,WH-US-03,Chicago Central Depot,US-Central,United States,182,39,143,114,227,774,4404.81,801675.42,SUP-TW-04,Delta Electronics Power Solutions,Taiwan,98.2,22,Air Priority Express,1.51,4.7,Optimal,2026-05-23
SKU-HW-02355,Distributed Object Storage Block v4.0,Storage Systems,WH-MEA-01,Dubai Industrial Port Hub,MEA,United Arab Emirates,158,57,101,111,213,831,6990.82,1104549.56,SUP-TW-02,Foxconn Precision Industry,Taiwan,96.8,7,Dedicated Rail Cargo,0.13,14.0,Optimal,2026-06-28
SKU-HW-02356,Industrial IoT Telemetry Sensor v1.0,Edge Devices,WH-LATAM-01,Sao Paulo Distribution,LATAM,Brazil,2450,761,1689,1952,3557,11857,116.06,284347.0,SUP-US-02,Broadcom Optical Networks,United States,97.8,37,Air Priority Express,0.39,10.1,Optimal,2026-02-07
SKU-HW-02357,Liquid-Cooled AI Inference Blade v2.0,Compute Servers,WH-APAC-04,Sydney Tech Fulfillment,APAC-ANZ,Australia,298,33,265,81,113,307,9596.07,2859628.86,SUP-KR-01,Samsung Memory Module Division,South Korea,97.2,25,Air Priority Express,0.27,13.1,Overstocked,2026-07-19
SKU-HW-02358,Edge AI Gateway Controller v3.0,Edge Devices,WH-MEA-01,Dubai Industrial Port Hub,MEA,United Arab Emirates,452,260,192,240,401,1588,2062.63,932308.76,SUP-NL-01,ASML Precision Optics Hub,Netherlands,99.1,26,Ground Fleet Line,1.71,3.5,Optimal,2026-06-15
SKU-HW-02359,Ultra-Low Latency Spine Router v4.0,Networking Hardware,WH-EU-02,Rotterdam Logistics Park,EU-West,Netherlands,125,54,71,54,111,377,11003.1,1375387.5,SUP-TW-04,Delta Electronics Power Solutions,Taiwan,98.2,43,Ocean Freight Container,2.87,8.6,Optimal,2026-02-09
SKU-HW-02360,Hardware Security Module (HSM) Vault v1.0,Security Appliances,WH-US-03,Chicago Central Depot,US-Central,United States,346,101,245,64,133,380,9611.32,3325516.72,SUP-TW-04,Delta Electronics Power Solutions,Taiwan,98.2,32,Ocean Freight Container,2.35,12.3,Overstocked,2026-01-27
SKU-HW-02361,Direct-to-Chip Liquid Cooling Manifold v2.0,Power & Cooling,WH-MEA-01,Dubai Industrial Port Hub,MEA,United Arab Emirates,431,233,198,187,309,1218,4205.72,1812665.32,SUP-TW-04,Delta Electronics Power Solutions,Taiwan,98.2,17,Air Priority Express,1.76,10.7,Optimal,2026-06-22
SKU-HW-02362,All-Flash NVMe High-IOPS Array v3.0,Storage Systems,WH-US-01,California Mega-Hub,US-West,United States,303,88,215,68,136,348,15004.23,4546281.69,SUP-TW-04,Delta Electronics Power Solutions,Taiwan,98.2,23,Air Priority Express,1.41,5.6,Overstocked,2026-07-10
SKU-HW-02363,100G Single-Mode Optical Transceiver v4.0,Optical Components,WH-LATAM-01,Sao Paulo Distribution,LATAM,Brazil,6887,3425,3462,2656,4616,18090,293.23,2019475.01,SUP-US-02,Broadcom Optical Networks,United States,97.8,25,Ocean Freight Container,0.54,3.8,Optimal,2026-02-03
SKU-HW-02364,Ultra-Low Latency Spine Router v1.0,Networking Hardware,WH-LATAM-01,Sao Paulo Distribution,LATAM,Brazil,92,18,74,61,106,306,11656.64,1072410.88,SUP-US-02,Broadcom Optical Networks,United States,97.8,9,Dedicated Rail Cargo,1.99,5.1,Optimal,2026-05-24
SKU-HW-02365,Quantum Optical 800G Core Switch v2.0,Networking Hardware,WH-EU-02,Rotterdam Logistics Park,EU-West,Netherlands,173,56,117,67,102,401,17618.77,3048047.21,SUP-TW-01,TSMC Advanced Semiconductor,Taiwan,99.4,29,Dedicated Rail Cargo,3.09,6.8,Optimal,2026-04-19
SKU-HW-02366,Ultra-Low Latency Spine Router v3.0,Networking Hardware,WH-US-01,California Mega-Hub,US-West,United States,244,53,191,95,182,558,12895.23,3146436.12,SUP-KR-01,Samsung Memory Module Division,South Korea,97.2,23,Dedicated Rail Cargo,0.11,7.1,Optimal,2026-04-15
SKU-HW-02367,Next-Gen Firewall Threat Shield v4.0,Security Appliances,WH-EU-02,Rotterdam Logistics Park,EU-West,Netherlands,264,68,196,107,155,495,5542.69,1463270.16,SUP-NL-01,ASML Precision Optics Hub,Netherlands,99.1,19,Air Priority Express,0.09,4.1,Optimal,2026-05-09
SKU-HW-02368,Ultra-Low Latency Spine Router v1.0,Networking Hardware,WH-EU-02,Rotterdam Logistics Park,EU-West,Netherlands,135,67,68,48,102,295,13403.5,1809472.5,SUP-KR-01,Samsung Memory Module Division,South Korea,97.2,7,Ground Fleet Line,1.03,10.0,Optimal,2026-02-13
SKU-HW-02369,Next-Gen Firewall Threat Shield v2.0,Security Appliances,WH-APAC-04,Sydney Tech Fulfillment,APAC-ANZ,Australia,485,229,256,171,313,874,5674.56,2752161.6,SUP-DE-01,Siemens Industrial Automation,Germany,98.6,22,Air Priority Express,3.17,2.6,Optimal,2026-01-01
SKU-HW-02370,Distributed Object Storage Block v3.0,Storage Systems,WH-APAC-01,Taipei Logistics Hub,APAC-East,Taiwan,92,58,34,153,328,1053,7156.4,658388.8,SUP-JP-02,Kyocera Ceramic Packaging,Japan,98.1,21,Ground Fleet Line,1.01,4.1,Low Stock,2026-06-21
SKU-HW-02371,Quantum Optical 800G Core Switch v4.0,Networking Hardware,WH-US-02,Virginia Cloud Center,US-East,United States,190,80,110,73,132,487,19020.17,3613832.3,SUP-US-02,Broadcom Optical Networks,United States,97.8,42,Ground Fleet Line,3.07,9.3,Optimal,2026-08-04
SKU-HW-02372,All-Flash NVMe High-IOPS Array v1.0,Storage Systems,WH-APAC-03,Singapore Gateway Center,APAC-South,Singapore,165,76,89,47,97,311,15752.32,2599132.8,SUP-US-01,Supermicro Engineering Lab,United States,95.9,10,Dedicated Rail Cargo,0.45,13.8,Optimal,2026-04-14
SKU-HW-02373,High-Density GPU Tensor Server Node v2.0,Compute Servers,WH-EU-03,London Distribution Gateway,EU-West,United Kingdom,132,28,104,115,167,532,14943.54,1972547.28,SUP-JP-01,Murata High-Freq Components,Japan,98.9,28,Dedicated Rail Cargo,1.02,6.7,Optimal,2026-02-15
SKU-HW-02374,All-Flash NVMe High-IOPS Array v3.0,Storage Systems,WH-EU-03,London Distribution Gateway,EU-West,United Kingdom,94,45,49,78,144,476,14466.11,1359814.34,SUP-JP-01,Murata High-Freq Components,Japan,98.9,14,Air Priority Express,2.6,5.1,Optimal,2026-08-07
SKU-HW-02375,Redundant Power Distribution Unit 3-Phase v4.0,Power & Cooling,WH-APAC-02,Tokyo High-Tech Depot,APAC-East,Japan,303,118,185,213,459,1680,3415.65,1034941.95,SUP-DE-01,Siemens Industrial Automation,Germany,98.6,20,Ocean Freight Container,2.14,12.1,Optimal,2026-04-06
SKU-HW-02376,100G Single-Mode Optical Transceiver v1.0,Optical Components,WH-US-01,California Mega-Hub,US-West,United States,3994,2302,1692,2308,4560,13867,295.41,1179867.54,SUP-KR-01,Samsung Memory Module Division,South Korea,97.2,16,Ocean Freight Container,2.26,7.2,Optimal,2026-01-10
SKU-HW-02377,Liquid-Cooled AI Inference Blade v2.0,Compute Servers,WH-APAC-02,Tokyo High-Tech Depot,APAC-East,Japan,320,186,134,110,208,746,8570.28,2742489.6,SUP-US-01,Supermicro Engineering Lab,United States,95.9,15,Air Priority Express,2.93,9.7,Optimal,2026-07-31
SKU-HW-02378,100G Single-Mode Optical Transceiver v3.0,Optical Components,WH-US-02,Virginia Cloud Center,US-East,United States,1972,961,1011,1653,2725,7582,268.79,530053.88,SUP-TW-03,Quanta Computer Advanced Server,Taiwan,97.5,10,Dedicated Rail Cargo,2.48,7.2,Optimal,2026-06-30
SKU-HW-02379,Industrial IoT Telemetry Sensor v4.0,Edge Devices,WH-US-03,Chicago Central Depot,US-Central,United States,12782,3181,9601,3464,5395,14570,126.55,1617562.1,SUP-JP-01,Murata High-Freq Components,Japan,98.9,23,Dedicated Rail Cargo,1.56,7.7,Overstocked,2026-03-10
SKU-HW-02380,Edge AI Gateway Controller v1.0,Edge Devices,WH-APAC-02,Tokyo High-Tech Depot,APAC-East,Japan,1048,523,525,501,992,2552,1748.8,1832742.4,SUP-TW-04,Delta Electronics Power Solutions,Taiwan,98.2,7,Air Priority Express,1.69,12.2,Optimal,2026-05-05
SKU-HW-02381,All-Flash NVMe High-IOPS Array v2.0,Storage Systems,WH-US-01,California Mega-Hub,US-West,United States,136,40,96,62,116,401,16940.9,2303962.4,SUP-TW-04,Delta Electronics Power Solutions,Taiwan,98.2,10,Air Priority Express,3.07,11.3,Optimal,2026-06-11
SKU-HW-02382,Industrial IoT Telemetry Sensor v3.0,Edge Devices,WH-LATAM-01,Sao Paulo Distribution,LATAM,Brazil,33224,3726,29498,4626,9801,36974,135.41,4498861.84,SUP-US-02,Broadcom Optical Networks,United States,97.8,11,Ground Fleet Line,3.03,13.3,Overstocked,2026-06-05
SKU-HW-02383,Redundant Power Distribution Unit 3-Phase v4.0,Power & Cooling,WH-US-03,Chicago Central Depot,US-Central,United States,203,82,121,129,218,700,3284.89,666832.67,SUP-TW-02,Foxconn Precision Industry,Taiwan,96.8,10,Air Priority Express,1.78,6.0,Optimal,2026-01-03
SKU-HW-02384,100G Single-Mode Optical Transceiver v1.0,Optical Components,WH-EU-01,Frankfurt Euro-Hub,EU-Central,Germany,5459,1879,3580,2269,3579,10679,263.99,1441121.41,SUP-TW-01,TSMC Advanced Semiconductor,Taiwan,99.4,43,Ground Fleet Line,0.62,11.5,Optimal,2026-06-30
SKU-HW-02385,Hardware Security Module (HSM) Vault v2.0,Security Appliances,WH-MEA-01,Dubai Industrial Port Hub,MEA,United Arab Emirates,46,24,22,26,36,112,10579.58,486660.68,SUP-US-01,Supermicro Engineering Lab,United States,95.9,5,Ocean Freight Container,2.73,12.4,Optimal,2026-05-26
SKU-HW-02386,Industrial IoT Telemetry Sensor v3.0,Edge Devices,WH-EU-01,Frankfurt Euro-Hub,EU-Central,Germany,21287,2310,18977,3399,6940,21990,134.93,2872254.91,SUP-KR-01,Samsung Memory Module Division,South Korea,97.2,6,Air Priority Express,2.39,3.5,Overstocked,2026-03-01
SKU-HW-02387,100G Single-Mode Optical Transceiver v4.0,Optical Components,WH-US-01,California Mega-Hub,US-West,United States,4326,1252,3074,1664,3648,9992,260.36,1126317.36,SUP-TW-04,Delta Electronics Power Solutions,Taiwan,98.2,36,Dedicated Rail Cargo,1.05,12.1,Optimal,2026-06-29
SKU-HW-02388,Next-Gen Firewall Threat Shield v1.0,Security Appliances,WH-EU-03,London Distribution Gateway,EU-West,United Kingdom,446,51,395,77,131,465,5086.34,2268507.64,SUP-US-02,Broadcom Optical Networks,United States,97.8,30,Ocean Freight Container,3.09,4.4,Overstocked,2026-03-22
SKU-HW-02389,Direct-to-Chip Liquid Cooling Manifold v2.0,Power & Cooling,WH-APAC-01,Taipei Logistics Hub,APAC-East,Taiwan,504,291,213,138,293,1012,3841.25,1935990.0,SUP-TW-03,Quanta Computer Advanced Server,Taiwan,97.5,21,Ocean Freight Container,1.85,11.0,Optimal,2026-06-29
SKU-HW-02390,Dense Wavelength Mux Transceiver v3.0,Optical Components,WH-US-01,California Mega-Hub,US-West,United States,3672,2006,1666,1178,2306,8516,823.97,3025617.84,SUP-KR-01,Samsung Memory Module Division,South Korea,97.2,5,Dedicated Rail Cargo,3.05,6.6,Optimal,2026-01-08
SKU-HW-02391,Dense Wavelength Mux Transceiver v4.0,Optical Components,WH-APAC-02,Tokyo High-Tech Depot,APAC-East,Japan,189,96,93,522,1121,3695,778.56,147147.84,SUP-TW-02,Foxconn Precision Industry,Taiwan,96.8,26,Dedicated Rail Cargo,2.35,3.2,Critical Shortage,2026-04-04
SKU-HW-02392,100G Single-Mode Optical Transceiver v1.0,Optical Components,WH-EU-01,Frankfurt Euro-Hub,EU-Central,Germany,2682,791,1891,1053,2076,5721,304.53,816749.46,SUP-DE-01,Siemens Industrial Automation,Germany,98.6,14,Dedicated Rail Cargo,2.06,6.4,Optimal,2026-06-30
SKU-HW-02393,Liquid-Cooled AI Inference Blade v2.0,Compute Servers,WH-EU-03,London Distribution Gateway,EU-West,United Kingdom,374,114,260,147,268,675,9413.07,3520488.18,SUP-TW-03,Quanta Computer Advanced Server,Taiwan,97.5,38,Ground Fleet Line,0.43,9.8,Optimal,2026-04-25
SKU-HW-02394,100G Single-Mode Optical Transceiver v3.0,Optical Components,WH-APAC-02,Tokyo High-Tech Depot,APAC-East,Japan,2801,1238,1563,1557,2513,8954,287.85,806267.85,SUP-KR-01,Samsung Memory Module Division,South Korea,97.2,15,Ground Fleet Line,0.68,8.7,Optimal,2026-06-16
SKU-HW-02395,Direct-to-Chip Liquid Cooling Manifold v4.0,Power & Cooling,WH-APAC-04,Sydney Tech Fulfillment,APAC-ANZ,Australia,272,75,197,106,164,513,4149.07,1128547.04,SUP-US-02,Broadcom Optical Networks,United States,97.8,8,Air Priority Express,1.06,7.7,Optimal,2026-03-13
SKU-HW-02396,Hardware Security Module (HSM) Vault v1.0,Security Appliances,WH-US-03,Chicago Central Depot,US-Central,United States,59,32,27,44,66,220,10152.64,599005.76,SUP-NL-01,ASML Precision Optics Hub,Netherlands,99.1,17,Ocean Freight Container,1.11,3.5,Optimal,2026-02-10
SKU-HW-02397,Edge AI Gateway Controller v2.0,Edge Devices,WH-APAC-01,Taipei Logistics Hub,APAC-East,Taiwan,1523,830,693,531,971,3653,1691.7,2576459.1,SUP-KR-01,Samsung Memory Module Division,South Korea,97.2,12,Ocean Freight Container,1.42,10.6,Optimal,2026-05-23
SKU-HW-02398,Edge AI Gateway Controller v3.0,Edge Devices,WH-APAC-01,Taipei Logistics Hub,APAC-East,Taiwan,341,84,257,266,497,1413,1733.53,591133.73,SUP-TW-01,TSMC Advanced Semiconductor,Taiwan,99.4,16,Dedicated Rail Cargo,2.66,6.0,Optimal,2026-06-20
SKU-HW-02399,High-Density GPU Tensor Server Node v4.0,Compute Servers,WH-MEA-01,Dubai Industrial Port Hub,MEA,United Arab Emirates,186,45,141,57,120,375,13716.3,2551231.8,SUP-DE-01,Siemens Industrial Automation,Germany,98.6,36,Ground Fleet Line,1.56,9.8,Optimal,2026-05-14
SKU-HW-02400,Edge AI Gateway Controller v1.0,Edge Devices,WH-EU-02,Rotterdam Logistics Park,EU-West,Netherlands,139,127,12,215,347,1349,1771.54,246244.06,SUP-TW-01,TSMC Advanced Semiconductor,Taiwan,99.4,32,Ground Fleet Line,2.32,8.3,Low Stock,2026-05-16
SKU-HW-02401,Edge AI Gateway Controller v2.0,Edge Devices,WH-EU-01,Frankfurt Euro-Hub,EU-Central,Germany,1420,368,1052,551,889,2240,1949.4,2768148.0,SUP-US-01,Supermicro Engineering Lab,United States,95.9,29,Dedicated Rail Cargo,0.42,5.4,Optimal,2026-03-24
SKU-HW-02402,All-Flash NVMe High-IOPS Array v3.0,Storage Systems,WH-EU-01,Frankfurt Euro-Hub,EU-Central,Germany,286,61,225,86,184,638,15366.8,4394904.8,SUP-TW-02,Foxconn Precision Industry,Taiwan,96.8,40,Ocean Freight Container,2.9,3.3,Optimal,2026-04-15
SKU-HW-02403,Next-Gen Firewall Threat Shield v4.0,Security Appliances,WH-US-03,Chicago Central Depot,US-Central,United States,453,242,211,170,268,1016,6159.97,2790466.41,SUP-US-01,Supermicro Engineering Lab,United States,95.9,23,Air Priority Express,2.85,8.3,Optimal,2026-05-27
SKU-HW-02404,Ultra-Low Latency Spine Router v1.0,Networking Hardware,WH-APAC-03,Singapore Gateway Center,APAC-South,Singapore,67,21,46,45,77,294,11499.57,770471.19,SUP-TW-04,Delta Electronics Power Solutions,Taiwan,98.2,13,Ground Fleet Line,0.92,13.5,Optimal,2026-01-07
SKU-HW-02405,Quantum Optical 800G Core Switch v2.0,Networking Hardware,WH-APAC-04,Sydney Tech Fulfillment,APAC-ANZ,Australia,73,31,42,43,64,205,20509.06,1497161.38,SUP-TW-02,Foxconn Precision Industry,Taiwan,96.8,16,Air Priority Express,1.82,14.0,Optimal,2026-04-16
SKU-HW-02406,Hardware Security Module (HSM) Vault v3.0,Security Appliances,WH-EU-03,London Distribution Gateway,EU-West,United Kingdom,100,51,49,49,78,219,10444.75,1044475.0,SUP-JP-02,Kyocera Ceramic Packaging,Japan,98.1,9,Ocean Freight Container,1.98,8.4,Optimal,2026-04-14
SKU-HW-02407,Dense Wavelength Mux Transceiver v4.0,Optical Components,WH-EU-01,Frankfurt Euro-Hub,EU-Central,Germany,515,229,286,461,764,3029,760.28,391544.2,SUP-TW-02,Foxconn Precision Industry,Taiwan,96.8,30,Air Priority Express,2.52,6.0,Optimal,2026-04-07
SKU-HW-02408,Ultra-Low Latency Spine Router v1.0,Networking Hardware,WH-EU-03,London Distribution Gateway,EU-West,United Kingdom,145,80,65,54,116,309,12114.57,1756612.65,SUP-TW-01,TSMC Advanced Semiconductor,Taiwan,99.4,20,Ground Fleet Line,1.5,5.3,Optimal,2026-03-31
SKU-HW-02409,Direct-to-Chip Liquid Cooling Manifold v2.0,Power & Cooling,WH-LATAM-01,Sao Paulo Distribution,LATAM,Brazil,1703,393,1310,225,491,1822,4264.72,7262818.16,SUP-NL-01,ASML Precision Optics Hub,Netherlands,99.1,17,Ocean Freight Container,2.08,10.4,Overstocked,2026-07-09
SKU-HW-02410,Ultra-Low Latency Spine Router v3.0,Networking Hardware,WH-EU-01,Frankfurt Euro-Hub,EU-Central,Germany,148,43,105,65,120,394,13104.26,1939430.48,SUP-US-01,Supermicro Engineering Lab,United States,95.9,38,Air Priority Express,0.56,13.1,Optimal,2026-05-08
SKU-HW-02411,Dense Wavelength Mux Transceiver v4.0,Optical Components,WH-US-02,Virginia Cloud Center,US-East,United States,3051,916,2135,1369,2984,7481,825.62,2518966.62,SUP-DE-01,Siemens Industrial Automation,Germany,98.6,24,Dedicated Rail Cargo,3.17,13.8,Optimal,2026-07-27
SKU-HW-02412,Industrial IoT Telemetry Sensor v1.0,Edge Devices,WH-APAC-03,Singapore Gateway Center,APAC-South,Singapore,5006,1221,3785,2199,3779,14814,126.67,634110.02,SUP-US-02,Broadcom Optical Networks,United States,97.8,35,Air Priority Express,2.38,3.7,Optimal,2026-07-03
SKU-HW-02413,Ultra-Low Latency Spine Router v2.0,Networking Hardware,WH-APAC-01,Taipei Logistics Hub,APAC-East,Taiwan,364,74,290,100,217,802,11843.9,4311179.6,SUP-TW-01,TSMC Advanced Semiconductor,Taiwan,99.4,25,Dedicated Rail Cargo,1.02,7.3,Optimal,2026-03-28
SKU-HW-02414,Liquid-Cooled AI Inference Blade v3.0,Compute Servers,WH-EU-03,London Distribution Gateway,EU-West,United Kingdom,373,109,264,95,146,413,9233.76,3444192.48,SUP-NL-01,ASML Precision Optics Hub,Netherlands,99.1,25,Air Priority Express,1.96,4.0,Overstocked,2026-06-13
SKU-HW-02415,100G Single-Mode Optical Transceiver v4.0,Optical Components,WH-APAC-03,Singapore Gateway Center,APAC-South,Singapore,3172,1441,1731,2253,4545,11800,261.57,829700.04,SUP-TW-03,Quanta Computer Advanced Server,Taiwan,97.5,11,Air Priority Express,1.87,6.5,Optimal,2026-06-19
SKU-HW-02416,All-Flash NVMe High-IOPS Array v1.0,Storage Systems,WH-MEA-01,Dubai Industrial Port Hub,MEA,United Arab Emirates,403,98,305,77,141,441,16131.88,6501147.64,SUP-NL-01,ASML Precision Optics Hub,Netherlands,99.1,7,Air Priority Express,0.16,11.1,Overstocked,2026-06-29
SKU-HW-02417,Ultra-Low Latency Spine Router v2.0,Networking Hardware,WH-EU-03,London Distribution Gateway,EU-West,United Kingdom,147,50,97,71,143,443,11066.78,1626816.66,SUP-US-01,Supermicro Engineering Lab,United States,95.9,31,Dedicated Rail Cargo,2.69,4.4,Optimal,2026-05-07
SKU-HW-02418,Edge AI Gateway Controller v3.0,Edge Devices,WH-APAC-03,Singapore Gateway Center,APAC-South,Singapore,907,229,678,361,775,2933,1945.95,1764976.65,SUP-TW-03,Quanta Computer Advanced Server,Taiwan,97.5,8,Dedicated Rail Cargo,0.19,10.5,Optimal,2026-04-09
SKU-HW-02419,High-Density GPU Tensor Server Node v4.0,Compute Servers,WH-US-01,California Mega-Hub,US-West,United States,217,80,137,83,160,504,14414.95,3128044.15,SUP-TW-03,Quanta Computer Advanced Server,Taiwan,97.5,12,Ocean Freight Container,0.2,9.3,Optimal,2026-04-30
SKU-HW-02420,Edge AI Gateway Controller v1.0,Edge Devices,WH-EU-01,Frankfurt Euro-Hub,EU-Central,Germany,1290,411,879,377,779,2722,1846.69,2382230.1,SUP-JP-01,Murata High-Freq Components,Japan,98.9,19,Air Priority Express,2.19,9.5,Optimal,2026-08-06
SKU-HW-02421,Edge AI Gateway Controller v2.0,Edge Devices,WH-APAC-01,Taipei Logistics Hub,APAC-East,Taiwan,361,91,270,246,423,1570,2023.07,730328.27,SUP-JP-01,Murata High-Freq Components,Japan,98.9,43,Ocean Freight Container,3.11,9.0,Optimal,2026-02-12
SKU-HW-02422,Next-Gen Firewall Threat Shield v3.0,Security Appliances,WH-APAC-04,Sydney Tech Fulfillment,APAC-ANZ,Australia,371,124,247,120,229,641,5140.31,1907055.01,SUP-DE-01,Siemens Industrial Automation,Germany,98.6,20,Ground Fleet Line,2.05,8.1,Optimal,2026-01-26
SKU-HW-02423,Ultra-Low Latency Spine Router v4.0,Networking Hardware,WH-US-02,Virginia Cloud Center,US-East,United States,13,11,2,64,96,243,12173.17,158251.21,SUP-US-01,Supermicro Engineering Lab,United States,95.9,41,Dedicated Rail Cargo,1.55,8.0,Critical Shortage,2026-06-21
SKU-HW-02424,Redundant Power Distribution Unit 3-Phase v1.0,Power & Cooling,WH-EU-03,London Distribution Gateway,EU-West,United Kingdom,281,80,201,113,198,572,3328.11,935198.91,SUP-NL-01,ASML Precision Optics Hub,Netherlands,99.1,10,Air Priority Express,0.63,5.1,Optimal,2026-04-15
SKU-HW-02425,All-Flash NVMe High-IOPS Array v2.0,Storage Systems,WH-APAC-01,Taipei Logistics Hub,APAC-East,Taiwan,114,55,59,69,114,349,15842.85,1806084.9,SUP-TW-03,Quanta Computer Advanced Server,Taiwan,97.5,5,Ground Fleet Line,3.06,12.4,Optimal,2026-04-28
SKU-HW-02426,All-Flash NVMe High-IOPS Array v3.0,Storage Systems,WH-US-01,California Mega-Hub,US-West,United States,97,47,50,36,56,166,14919.15,1447157.55,SUP-US-01,Supermicro Engineering Lab,United States,95.9,5,Dedicated Rail Cargo,1.2,11.2,Optimal,2026-03-13
SKU-HW-02427,Next-Gen Firewall Threat Shield v4.0,Security Appliances,WH-APAC-02,Tokyo High-Tech Depot,APAC-East,Japan,345,171,174,145,210,808,6094.93,2102750.85,SUP-JP-02,Kyocera Ceramic Packaging,Japan,98.1,40,Ground Fleet Line,2.28,6.7,Optimal,2026-04-13
SKU-HW-02428,Next-Gen Firewall Threat Shield v1.0,Security Appliances,WH-APAC-03,Singapore Gateway Center,APAC-South,Singapore,244,132,112,79,150,453,5574.5,1360178.0,SUP-US-01,Supermicro Engineering Lab,United States,95.9,42,Air Priority Express,2.0,5.8,Optimal,2026-01-21
SKU-HW-02429,Industrial IoT Telemetry Sensor v2.0,Edge Devices,WH-MEA-01,Dubai Industrial Port Hub,MEA,United Arab Emirates,10582,3292,7290,4490,6631,21810,134.54,1423702.28,SUP-JP-01,Murata High-Freq Components,Japan,98.9,41,Ground Fleet Line,0.42,13.4,Optimal,2026-03-28
SKU-HW-02430,Next-Gen Firewall Threat Shield v3.0,Security Appliances,WH-US-02,Virginia Cloud Center,US-East,United States,93,32,61,61,86,216,5845.38,543620.34,SUP-DE-01,Siemens Industrial Automation,Germany,98.6,39,Ocean Freight Container,2.77,10.9,Optimal,2026-07-14
SKU-HW-02431,Liquid-Cooled AI Inference Blade v4.0,Compute Servers,WH-US-01,California Mega-Hub,US-West,United States,242,50,192,120,171,664,8826.12,2135921.04,SUP-TW-01,TSMC Advanced Semiconductor,Taiwan,99.4,21,Dedicated Rail Cargo,0.75,2.9,Optimal,2026-07-27
SKU-HW-02432,Dense Wavelength Mux Transceiver v1.0,Optical Components,WH-APAC-02,Tokyo High-Tech Depot,APAC-East,Japan,951,471,480,579,977,3145,706.23,671624.73,SUP-DE-01,Siemens Industrial Automation,Germany,98.6,14,Air Priority Express,0.82,13.7,Optimal,2026-06-05
SKU-HW-02433,All-Flash NVMe High-IOPS Array v2.0,Storage Systems,WH-EU-01,Frankfurt Euro-Hub,EU-Central,Germany,377,64,313,83,152,392,13863.17,5226415.09,SUP-JP-02,Kyocera Ceramic Packaging,Japan,98.1,17,Ground Fleet Line,3.11,3.7,Overstocked,2026-02-14
SKU-HW-02434,Dense Wavelength Mux Transceiver v3.0,Optical Components,WH-APAC-01,Taipei Logistics Hub,APAC-East,Taiwan,2602,797,1805,730,1588,4978,679.05,1766888.1,SUP-TW-01,TSMC Advanced Semiconductor,Taiwan,99.4,37,Ground Fleet Line,0.28,8.6,Optimal,2026-06-12
SKU-HW-02435,100G Single-Mode Optical Transceiver v4.0,Optical Components,WH-EU-02,Rotterdam Logistics Park,EU-West,Netherlands,4475,1793,2682,2368,3600,13541,298.6,1336235.0,SUP-TW-03,Quanta Computer Advanced Server,Taiwan,97.5,6,Ocean Freight Container,2.41,4.2,Optimal,2026-02-19
SKU-HW-02436,Hardware Security Module (HSM) Vault v1.0,Security Appliances,WH-APAC-01,Taipei Logistics Hub,APAC-East,Taiwan,55,29,26,34,51,151,10534.46,579395.3,SUP-US-01,Supermicro Engineering Lab,United States,95.9,8,Ocean Freight Container,0.08,13.7,Optimal,2026-01-27
SKU-HW-02437,Distributed Object Storage Block v2.0,Storage Systems,WH-APAC-02,Tokyo High-Tech Depot,APAC-East,Japan,420,160,260,192,390,1327,6311.27,2650733.4,SUP-TW-02,Foxconn Precision Industry,Taiwan,96.8,17,Air Priority Express,2.45,12.8,Optimal,2026-03-19
SKU-HW-02438,Liquid-Cooled AI Inference Blade v3.0,Compute Servers,WH-APAC-03,Singapore Gateway Center,APAC-South,Singapore,178,95,83,116,168,610,9355.7,1665314.6,SUP-US-01,Supermicro Engineering Lab,United States,95.9,27,Air Priority Express,0.87,5.4,Optimal,2026-03-16
SKU-HW-02439,Industrial IoT Telemetry Sensor v4.0,Edge Devices,WH-APAC-01,Taipei Logistics Hub,APAC-East,Taiwan,9355,5189,4166,3698,7231,26058,127.24,1190330.2,SUP-US-01,Supermicro Engineering Lab,United States,95.9,34,Ground Fleet Line,0.61,7.5,Optimal,2026-05-26
SKU-HW-02440,Next-Gen Firewall Threat Shield v1.0,Security Appliances,WH-EU-01,Frankfurt Euro-Hub,EU-Central,Germany,407,84,323,159,287,885,6174.26,2512923.82,SUP-DE-01,Siemens Industrial Automation,Germany,98.6,16,Air Priority Express,2.28,8.1,Optimal,2026-07-23
SKU-HW-02441,Liquid-Cooled AI Inference Blade v2.0,Compute Servers,WH-APAC-02,Tokyo High-Tech Depot,APAC-East,Japan,328,153,175,113,185,717,8402.4,2755987.2,SUP-NL-01,ASML Precision Optics Hub,Netherlands,99.1,28,Dedicated Rail Cargo,0.43,6.6,Optimal,2026-07-27
SKU-HW-02442,Redundant Power Distribution Unit 3-Phase v3.0,Power & Cooling,WH-EU-03,London Distribution Gateway,EU-West,United Kingdom,11,4,7,146,272,912,2967.47,32642.17,SUP-TW-01,TSMC Advanced Semiconductor,Taiwan,99.4,11,Air Priority Express,0.59,5.4,Critical Shortage,2026-05-30
SKU-HW-02443,100G Single-Mode Optical Transceiver v4.0,Optical Components,WH-US-01,California Mega-Hub,US-West,United States,3663,2123,1540,1218,2291,5831,293.1,1073625.3,SUP-TW-01,TSMC Advanced Semiconductor,Taiwan,99.4,40,Ocean Freight Container,1.01,12.6,Optimal,2026-06-03
SKU-HW-02444,High-Density GPU Tensor Server Node v1.0,Compute Servers,WH-APAC-01,Taipei Logistics Hub,APAC-East,Taiwan,794,152,642,105,217,818,13052.75,10363883.5,SUP-DE-01,Siemens Industrial Automation,Germany,98.6,43,Ground Fleet Line,0.2,5.5,Overstocked,2026-01-15
SKU-HW-02445,100G Single-Mode Optical Transceiver v2.0,Optical Components,WH-EU-03,London Distribution Gateway,EU-West,United Kingdom,5214,2933,2281,2863,5697,19927,310.27,1617747.78,SUP-JP-02,Kyocera Ceramic Packaging,Japan,98.1,42,Dedicated Rail Cargo,2.03,12.1,Optimal,2026-06-07
SKU-HW-02446,100G Single-Mode Optical Transceiver v3.0,Optical Components,WH-APAC-02,Tokyo High-Tech Depot,APAC-East,Japan,4152,846,3306,2128,3814,12930,263.13,1092515.76,SUP-NL-01,ASML Precision Optics Hub,Netherlands,99.1,13,Air Priority Express,0.91,4.9,Optimal,2026-02-11
SKU-HW-02447,Hardware Security Module (HSM) Vault v4.0,Security Appliances,WH-EU-01,Frankfurt Euro-Hub,EU-Central,Germany,68,28,40,38,75,191,9183.37,624469.16,SUP-TW-04,Delta Electronics Power Solutions,Taiwan,98.2,29,Ocean Freight Container,0.48,8.0,Optimal,2026-02-14
SKU-HW-02448,Ultra-Low Latency Spine Router v1.0,Networking Hardware,WH-EU-03,London Distribution Gateway,EU-West,United Kingdom,31,26,5,78,163,454,11065.12,343018.72,SUP-US-02,Broadcom Optical Networks,United States,97.8,29,Ocean Freight Container,1.9,9.0,Critical Shortage,2026-02-08
SKU-HW-02449,Ultra-Low Latency Spine Router v2.0,Networking Hardware,WH-EU-03,London Distribution Gateway,EU-West,United Kingdom,417,94,323,53,115,447,13293.84,5543531.28,SUP-US-01,Supermicro Engineering Lab,United States,95.9,23,Dedicated Rail Cargo,2.27,7.1,Overstocked,2026-01-11
SKU-HW-02450,All-Flash NVMe High-IOPS Array v3.0,Storage Systems,WH-APAC-03,Singapore Gateway Center,APAC-South,Singapore,27,19,8,60,93,272,14351.58,387492.66,SUP-JP-02,Kyocera Ceramic Packaging,Japan,98.1,38,Air Priority Express,0.39,12.2,Low Stock,2026-04-28
SKU-HW-02451,Liquid-Cooled AI Inference Blade v4.0,Compute Servers,WH-US-01,California Mega-Hub,US-West,United States,162,35,127,136,233,673,9453.31,1531436.22,SUP-JP-02,Kyocera Ceramic Packaging,Japan,98.1,17,Dedicated Rail Cargo,1.32,6.0,Optimal,2026-01-22
SKU-HW-02452,All-Flash NVMe High-IOPS Array v1.0,Storage Systems,WH-US-01,California Mega-Hub,US-West,United States,101,33,68,88,140,380,15196.49,1534845.49,SUP-JP-01,Murata High-Freq Components,Japan,98.9,20,Dedicated Rail Cargo,2.39,12.0,Optimal,2026-02-18
SKU-HW-02453,Industrial IoT Telemetry Sensor v2.0,Edge Devices,WH-US-02,Virginia Cloud Center,US-East,United States,8560,3702,4858,2568,5426,20339,118.93,1018040.8,SUP-JP-02,Kyocera Ceramic Packaging,Japan,98.1,14,Ocean Freight Container,1.98,3.2,Optimal,2026-05-20
SKU-HW-02454,Next-Gen Firewall Threat Shield v3.0,Security Appliances,WH-US-01,California Mega-Hub,US-West,United States,995,220,775,171,290,1016,5589.55,5561602.25,SUP-JP-01,Murata High-Freq Components,Japan,98.9,45,Air Priority Express,2.19,4.5,Overstocked,2026-05-31
SKU-HW-02455,100G Single-Mode Optical Transceiver v4.0,Optical Components,WH-LATAM-01,Sao Paulo Distribution,LATAM,Brazil,6475,3361,3114,2692,4702,17644,259.25,1678643.75,SUP-TW-03,Quanta Computer Advanced Server,Taiwan,97.5,19,Ocean Freight Container,0.87,13.8,Optimal,2026-05-15
SKU-HW-02456,Edge AI Gateway Controller v1.0,Edge Devices,WH-US-03,Chicago Central Depot,US-Central,United States,319,72,247,242,478,1280,1776.69,566764.11,SUP-US-02,Broadcom Optical Networks,United States,97.8,31,Air Priority Express,1.11,5.3,Optimal,2026-01-09
SKU-HW-02457,Next-Gen Firewall Threat Shield v2.0,Security Appliances,WH-MEA-01,Dubai Industrial Port Hub,MEA,United Arab Emirates,12,9,3,143,257,941,5056.12,60673.44,SUP-KR-01,Samsung Memory Module Division,South Korea,97.2,21,Air Priority Express,2.21,7.5,Critical Shortage,2026-01-06
SKU-HW-02458,Ultra-Low Latency Spine Router v3.0,Networking Hardware,WH-EU-02,Rotterdam Logistics Park,EU-West,Netherlands,84,39,45,42,75,231,12027.13,1010278.92,SUP-DE-01,Siemens Industrial Automation,Germany,98.6,23,Ground Fleet Line,0.53,10.3,Optimal,2026-03-30
SKU-HW-02459,High-Density GPU Tensor Server Node v4.0,Compute Servers,WH-LATAM-01,Sao Paulo Distribution,LATAM,Brazil,172,99,73,100,153,511,13880.77,2387492.44,SUP-JP-01,Murata High-Freq Components,Japan,98.9,39,Ocean Freight Container,2.39,6.2,Optimal,2026-02-28
SKU-HW-02460,High-Density GPU Tensor Server Node v1.0,Compute Servers,WH-US-02,Virginia Cloud Center,US-East,United States,37,17,20,77,142,368,14667.43,542694.91,SUP-US-02,Broadcom Optical Networks,United States,97.8,35,Dedicated Rail Cargo,0.43,7.9,Low Stock,2026-03-06
SKU-HW-02461,All-Flash NVMe High-IOPS Array v2.0,Storage Systems,WH-MEA-01,Dubai Industrial Port Hub,MEA,United Arab Emirates,138,49,89,53,81,301,16600.58,2290880.04,SUP-TW-01,TSMC Advanced Semiconductor,Taiwan,99.4,17,Air Priority Express,2.35,11.5,Optimal,2026-02-01
SKU-HW-02462,Industrial IoT Telemetry Sensor v3.0,Edge Devices,WH-APAC-01,Taipei Logistics Hub,APAC-East,Taiwan,12259,2822,9437,4971,7684,26265,112.57,1379995.63,SUP-US-02,Broadcom Optical Networks,United States,97.8,22,Air Priority Express,3.03,8.5,Optimal,2026-06-18
SKU-HW-02463,Distributed Object Storage Block v4.0,Storage Systems,WH-APAC-01,Taipei Logistics Hub,APAC-East,Taiwan,119,26,93,80,126,481,6985.17,831235.23,SUP-KR-01,Samsung Memory Module Division,South Korea,97.2,20,Ocean Freight Container,1.03,6.5,Optimal,2026-07-16
SKU-HW-02464,Direct-to-Chip Liquid Cooling Manifold v1.0,Power & Cooling,WH-EU-01,Frankfurt Euro-Hub,EU-Central,Germany,472,188,284,159,314,853,4262.86,2012069.92,SUP-TW-02,Foxconn Precision Industry,Taiwan,96.8,10,Dedicated Rail Cargo,2.37,11.6,Optimal,2026-07-18
SKU-HW-02465,Hardware Security Module (HSM) Vault v2.0,Security Appliances,WH-APAC-04,Sydney Tech Fulfillment,APAC-ANZ,Australia,298,50,248,49,101,319,10843.45,3231348.1,SUP-TW-02,Foxconn Precision Industry,Taiwan,96.8,33,Ocean Freight Container,3.15,3.2,Overstocked,2026-03-03
SKU-HW-02466,Direct-to-Chip Liquid Cooling Manifold v3.0,Power & Cooling,WH-APAC-01,Taipei Logistics Hub,APAC-East,Taiwan,255,113,142,146,265,858,4181.87,1066376.85,SUP-DE-01,Siemens Industrial Automation,Germany,98.6,11,Ocean Freight Container,0.26,10.5,Optimal,2026-07-10
SKU-HW-02467,Redundant Power Distribution Unit 3-Phase v4.0,Power & Cooling,WH-US-03,Chicago Central Depot,US-Central,United States,632,311,321,174,354,1032,2915.12,1842355.84,SUP-US-01,Supermicro Engineering Lab,United States,95.9,15,Air Priority Express,2.23,12.6,Optimal,2026-07-07
SKU-HW-02468,Quantum Optical 800G Core Switch v1.0,Networking Hardware,WH-APAC-03,Singapore Gateway Center,APAC-South,Singapore,103,22,81,40,74,213,19693.49,2028429.47,SUP-JP-02,Kyocera Ceramic Packaging,Japan,98.1,25,Dedicated Rail Cargo,2.93,4.9,Optimal,2026-01-24
SKU-HW-02469,Quantum Optical 800G Core Switch v2.0,Networking Hardware,WH-EU-03,London Distribution Gateway,EU-West,United Kingdom,256,79,177,71,145,426,19508.69,4994224.64,SUP-KR-01,Samsung Memory Module Division,South Korea,97.2,18,Ocean Freight Container,0.6,14.1,Optimal,2026-05-12
SKU-HW-02470,100G Single-Mode Optical Transceiver v3.0,Optical Components,WH-LATAM-01,Sao Paulo Distribution,LATAM,Brazil,6933,3308,3625,2153,4260,10839,302.33,2096053.89,SUP-TW-02,Foxconn Precision Industry,Taiwan,96.8,43,Dedicated Rail Cargo,2.35,3.1,Optimal,2026-05-19
SKU-HW-02471,Dense Wavelength Mux Transceiver v4.0,Optical Components,WH-MEA-01,Dubai Industrial Port Hub,MEA,United Arab Emirates,7224,1075,6149,1344,2054,8007,741.88,5359341.12,SUP-TW-02,Foxconn Precision Industry,Taiwan,96.8,11,Air Priority Express,1.51,8.5,Overstocked,2026-01-17
SKU-HW-02472,Distributed Object Storage Block v1.0,Storage Systems,WH-EU-01,Frankfurt Euro-Hub,EU-Central,Germany,174,58,116,126,219,839,6644.89,1156210.86,SUP-NL-01,ASML Precision Optics Hub,Netherlands,99.1,5,Dedicated Rail Cargo,1.37,7.7,Optimal,2026-04-05
SKU-HW-02473,Distributed Object Storage Block v2.0,Storage Systems,WH-APAC-01,Taipei Logistics Hub,APAC-East,Taiwan,215,104,111,151,303,812,6877.82,1478731.3,SUP-TW-04,Delta Electronics Power Solutions,Taiwan,98.2,10,Ocean Freight Container,2.61,2.6,Optimal,2026-04-12
SKU-HW-02474,Ultra-Low Latency Spine Router v3.0,Networking Hardware,WH-EU-02,Rotterdam Logistics Park,EU-West,Netherlands,184,64,120,91,200,552,12363.05,2274801.2,SUP-TW-01,TSMC Advanced Semiconductor,Taiwan,99.4,14,Ocean Freight Container,2.46,7.0,Optimal,2026-05-20
SKU-HW-02475,Hardware Security Module (HSM) Vault v4.0,Security Appliances,WH-US-02,Virginia Cloud Center,US-East,United States,321,66,255,54,94,367,9766.67,3135101.07,SUP-US-01,Supermicro Engineering Lab,United States,95.9,37,Dedicated Rail Cargo,0.17,13.2,Overstocked,2026-06-30
SKU-HW-02476,High-Density GPU Tensor Server Node v1.0,Compute Servers,WH-LATAM-01,Sao Paulo Distribution,LATAM,Brazil,115,58,57,103,175,478,16003.73,1840428.95,SUP-DE-01,Siemens Industrial Automation,Germany,98.6,18,Dedicated Rail Cargo,2.04,2.7,Optimal,2026-02-15
SKU-HW-02477,Ultra-Low Latency Spine Router v2.0,Networking Hardware,WH-US-03,Chicago Central Depot,US-Central,United States,150,45,105,43,87,315,10814.92,1622238.0,SUP-KR-01,Samsung Memory Module Division,South Korea,97.2,20,Dedicated Rail Cargo,0.38,13.7,Optimal,2026-06-25
SKU-HW-02478,Redundant Power Distribution Unit 3-Phase v3.0,Power & Cooling,WH-US-03,Chicago Central Depot,US-Central,United States,208,45,163,142,296,1074,2938.93,611297.44,SUP-TW-03,Quanta Computer Advanced Server,Taiwan,97.5,39,Air Priority Express,2.26,8.8,Optimal,2026-03-29
SKU-HW-02479,High-Density GPU Tensor Server Node v4.0,Compute Servers,WH-APAC-01,Taipei Logistics Hub,APAC-East,Taiwan,94,19,75,73,122,457,15607.8,1467133.2,SUP-US-02,Broadcom Optical Networks,United States,97.8,11,Dedicated Rail Cargo,2.18,4.0,Optimal,2026-06-14
SKU-HW-02480,Hardware Security Module (HSM) Vault v1.0,Security Appliances,WH-APAC-03,Singapore Gateway Center,APAC-South,Singapore,142,43,99,59,110,408,8844.23,1255880.66,SUP-US-02,Broadcom Optical Networks,United States,97.8,6,Ground Fleet Line,0.84,10.3,Optimal,2026-03-27
SKU-HW-02481,Quantum Optical 800G Core Switch v2.0,Networking Hardware,WH-US-03,Chicago Central Depot,US-Central,United States,131,47,84,69,111,378,19122.17,2505004.27,SUP-NL-01,ASML Precision Optics Hub,Netherlands,99.1,19,Air Priority Express,1.24,3.1,Optimal,2026-04-12
SKU-HW-02482,Direct-to-Chip Liquid Cooling Manifold v3.0,Power & Cooling,WH-EU-02,Rotterdam Logistics Park,EU-West,Netherlands,216,73,143,163,316,1010,4315.07,932055.12,SUP-TW-02,Foxconn Precision Industry,Taiwan,96.8,44,Dedicated Rail Cargo,0.21,12.0,Optimal,2026-03-04
SKU-HW-02483,Hardware Security Module (HSM) Vault v4.0,Security Appliances,WH-EU-03,London Distribution Gateway,EU-West,United Kingdom,429,45,384,70,152,481,9057.55,3885688.95,SUP-NL-01,ASML Precision Optics Hub,Netherlands,99.1,24,Dedicated Rail Cargo,1.27,11.6,Overstocked,2026-03-30
SKU-HW-02484,100G Single-Mode Optical Transceiver v1.0,Optical Components,WH-APAC-04,Sydney Tech Fulfillment,APAC-ANZ,Australia,1719,783,936,1058,1950,6712,309.75,532460.25,SUP-JP-02,Kyocera Ceramic Packaging,Japan,98.1,18,Ocean Freight Container,1.05,13.7,Optimal,2026-06-17
SKU-HW-02485,Distributed Object Storage Block v2.0,Storage Systems,WH-US-02,Virginia Cloud Center,US-East,United States,177,62,115,139,223,728,5938.92,1051188.84,SUP-TW-02,Foxconn Precision Industry,Taiwan,96.8,31,Dedicated Rail Cargo,0.6,13.4,Optimal,2026-03-28
SKU-HW-02486,Edge AI Gateway Controller v3.0,Edge Devices,WH-LATAM-01,Sao Paulo Distribution,LATAM,Brazil,909,501,408,555,1032,3464,1667.81,1516039.29,SUP-US-02,Broadcom Optical Networks,United States,97.8,9,Ground Fleet Line,2.47,7.2,Optimal,2026-04-11
SKU-HW-02487,Ultra-Low Latency Spine Router v4.0,Networking Hardware,WH-LATAM-01,Sao Paulo Distribution,LATAM,Brazil,172,40,132,66,124,339,11190.66,1924793.52,SUP-JP-02,Kyocera Ceramic Packaging,Japan,98.1,44,Ground Fleet Line,3.13,7.3,Optimal,2026-05-18
SKU-HW-02488,Liquid-Cooled AI Inference Blade v1.0,Compute Servers,WH-EU-01,Frankfurt Euro-Hub,EU-Central,Germany,172,55,117,74,104,360,9113.63,1567544.36,SUP-JP-02,Kyocera Ceramic Packaging,Japan,98.1,16,Ocean Freight Container,2.69,6.4,Optimal,2026-07-05
SKU-HW-02489,High-Density GPU Tensor Server Node v2.0,Compute Servers,WH-US-01,California Mega-Hub,US-West,United States,154,86,68,76,110,278,16030.18,2468647.72,SUP-DE-01,Siemens Industrial Automation,Germany,98.6,40,Ocean Freight Container,1.05,5.7,Optimal,2026-02-06
SKU-HW-02490,Quantum Optical 800G Core Switch v3.0,Networking Hardware,WH-US-01,California Mega-Hub,US-West,United States,96,51,45,54,90,333,20406.12,1958987.52,SUP-JP-02,Kyocera Ceramic Packaging,Japan,98.1,29,Air Priority Express,0.62,11.3,Optimal,2026-03-01
SKU-HW-02491,Industrial IoT Telemetry Sensor v4.0,Edge Devices,WH-APAC-03,Singapore Gateway Center,APAC-South,Singapore,14721,5522,9199,4328,8347,25725,114.97,1692473.37,SUP-TW-02,Foxconn Precision Industry,Taiwan,96.8,33,Ocean Freight Container,0.59,8.4,Optimal,2026-04-06
SKU-HW-02492,Next-Gen Firewall Threat Shield v1.0,Security Appliances,WH-APAC-02,Tokyo High-Tech Depot,APAC-East,Japan,132,53,79,120,193,752,5766.38,761162.16,SUP-JP-01,Murata High-Freq Components,Japan,98.9,15,Ocean Freight Container,1.7,3.5,Optimal,2026-06-03
SKU-HW-02493,Redundant Power Distribution Unit 3-Phase v2.0,Power & Cooling,WH-US-03,Chicago Central Depot,US-Central,United States,774,312,462,300,618,1551,2983.69,2309376.06,SUP-JP-01,Murata High-Freq Components,Japan,98.9,44,Ground Fleet Line,1.53,8.6,Optimal,2026-07-29
SKU-HW-02494,Next-Gen Firewall Threat Shield v3.0,Security Appliances,WH-EU-02,Rotterdam Logistics Park,EU-West,Netherlands,374,150,224,153,299,1195,6047.65,2261821.1,SUP-TW-02,Foxconn Precision Industry,Taiwan,96.8,7,Dedicated Rail Cargo,0.58,8.8,Optimal,2026-05-11
SKU-HW-02495,100G Single-Mode Optical Transceiver v4.0,Optical Components,WH-APAC-04,Sydney Tech Fulfillment,APAC-ANZ,Australia,5673,1410,4263,2950,5063,15998,272.15,1543906.95,SUP-TW-03,Quanta Computer Advanced Server,Taiwan,97.5,43,Dedicated Rail Cargo,0.96,3.9,Optimal,2026-04-04
SKU-HW-02496,Industrial IoT Telemetry Sensor v1.0,Edge Devices,WH-US-02,Virginia Cloud Center,US-East,United States,7847,4685,3162,3155,5854,18698,124.49,976873.03,SUP-JP-01,Murata High-Freq Components,Japan,98.9,13,Dedicated Rail Cargo,1.58,11.8,Optimal,2026-03-31
SKU-HW-02497,Distributed Object Storage Block v2.0,Storage Systems,WH-EU-03,London Distribution Gateway,EU-West,United Kingdom,352,98,254,196,331,1119,6130.73,2158016.96,SUP-TW-02,Foxconn Precision Industry,Taiwan,96.8,8,Dedicated Rail Cargo,0.77,3.7,Optimal,2026-05-28
SKU-HW-02498,Next-Gen Firewall Threat Shield v3.0,Security Appliances,WH-EU-01,Frankfurt Euro-Hub,EU-Central,Germany,377,184,193,106,233,669,6114.53,2305177.81,SUP-TW-02,Foxconn Precision Industry,Taiwan,96.8,29,Dedicated Rail Cargo,0.88,4.9,Optimal,2026-03-01
SKU-HW-02499,100G Single-Mode Optical Transceiver v4.0,Optical Components,WH-APAC-03,Singapore Gateway Center,APAC-South,Singapore,6108,3530,2578,2845,4230,11233,254.74,1555951.92,SUP-JP-02,Kyocera Ceramic Packaging,Japan,98.1,37,Ground Fleet Line,2.02,11.2,Optimal,2026-06-20
SKU-HW-02500,Edge AI Gateway Controller v1.0,Edge Devices,WH-APAC-01,Taipei Logistics Hub,APAC-East,Taiwan,859,469,390,442,654,2502,2037.19,1749946.21,SUP-DE-01,Siemens Industrial Automation,Germany,98.6,13,Dedicated Rail Cargo,2.75,10.4,Optimal,2026-06-07
