record_id,fiscal_year,fiscal_quarter,period_label,business_unit_code,business_unit,department_code,department,revenue_usd,cogs_usd,gross_profit_usd,gross_margin_pct,rd_expense_usd,sales_marketing_expense_usd,ga_expense_usd,total_opex_usd,operating_income_usd,ebitda_usd,ebitda_margin_pct,net_income_usd,capex_usd,headcount,budget_allocated_usd,budget_variance_pct,revenue_growth_yoy_pct
FIN-2023-00001,2023,Q1,2023-Q1,ECP,Enterprise Cloud Platform,ENG,Core Engineering & Software R&D,1966110.9,479693.67,1486417.23,75.6,3079709.73,842363.43,1196946.94,5119020.1,-3632602.87,-2912682.19,-148.14,-2869756.27,1599823.74,268,4989570.38,2.59,21.44
FIN-2023-00002,2023,Q1,2023-Q1,ECP,Enterprise Cloud Platform,SALES,Global Enterprise Sales & Field Ops,12815589.26,3571926.32,9243662.94,72.13,2694389.31,393657.09,200997.67,3289044.07,5954618.87,6233576.35,48.64,4704148.91,619905.52,61,3581923.71,-8.18,25.89
FIN-2023-00003,2023,Q1,2023-Q1,ECP,Enterprise Cloud Platform,MKTG,Global Growth & Brand Marketing,2650403.33,817925.72,1832477.61,69.14,501660.73,317375.26,673568.89,1492604.88,339872.73,980684.69,37.0,268499.46,1424026.57,330,1528226.45,-2.33,15.06
FIN-2023-00004,2023,Q1,2023-Q1,ECP,Enterprise Cloud Platform,CSM,Customer Success & Technical Account Mgmt,8334864.66,2690441.5,5644423.16,67.72,1873392.75,481578.4,906302.55,3261273.7,2383149.46,2672869.37,32.07,1882688.07,643822.02,246,3309288.46,-1.45,35.63
FIN-2023-00005,2023,Q1,2023-Q1,ECP,Enterprise Cloud Platform,OPS,Cloud Infrastructure & Network Operations,5491898.97,1755664.06,3736234.91,68.03,2920187.97,864942.87,563218.92,4348349.76,-612114.85,140589.54,2.56,-483570.73,1672676.42,137,4618268.28,-5.84,10.46
FIN-2023-00006,2023,Q1,2023-Q1,ECP,Enterprise Cloud Platform,GA,Corporate General & Administrative,4288316.61,1094447.11,3193869.5,74.48,1717763.31,803661.94,841491.08,3362916.33,-169046.83,503691.79,11.75,-133547.0,1494974.71,352,3152687.05,6.67,10.32
FIN-2023-00007,2023,Q1,2023-Q1,ECP,Enterprise Cloud Platform,LEGAL,"Legal, Risk & Compliance",3862551.05,1109948.61,2752602.44,71.26,1607997.02,395268.56,557890.02,2561155.6,191446.84,364308.0,9.43,151243.0,384135.92,330,2397678.11,6.82,25.53
FIN-2023-00008,2023,Q1,2023-Q1,ECP,Enterprise Cloud Platform,PROD,Product Strategy & User Experience,2987579.08,1013414.67,1974164.41,66.08,1518049.59,344523.16,1141824.06,3004396.81,-1030232.4,-313524.38,-10.49,-813883.6,1592684.49,365,3304965.69,-9.09,8.5
FIN-2023-00009,2023,Q1,2023-Q1,AIDS,Artificial Intelligence & Data Solutions,ENG,Core Engineering & Software R&D,356476.57,66444.05,290032.52,81.36,425958.02,380037.05,704773.34,1510768.41,-1220735.89,-1059424.87,-297.19,-964381.35,358468.94,424,1598107.96,-5.47,13.59
FIN-2023-00010,2023,Q1,2023-Q1,AIDS,Artificial Intelligence & Data Solutions,SALES,Global Enterprise Sales & Field Ops,17281631.33,3467984.98,13813646.35,79.93,2089227.94,2040966.24,1024444.82,5154639.0,8659007.35,9130927.58,52.84,6840615.81,1048711.63,401,5515423.94,-6.54,25.18
FIN-2023-00011,2023,Q1,2023-Q1,AIDS,Artificial Intelligence & Data Solutions,MKTG,Global Growth & Brand Marketing,11528063.85,3636851.86,7891211.99,68.45,857056.92,629270.85,579249.28,2065577.05,5825634.94,6358636.53,55.16,4602251.6,1184447.97,206,2191179.56,-5.73,18.1
FIN-2023-00012,2023,Q1,2023-Q1,AIDS,Artificial Intelligence & Data Solutions,CSM,Customer Success & Technical Account Mgmt,7284621.31,1355504.42,5929116.89,81.39,2150841.15,2003466.71,888595.23,5042903.09,886213.8,1383977.78,19.0,700108.9,1106142.18,156,4788051.61,5.32,18.16
FIN-2023-00013,2023,Q1,2023-Q1,AIDS,Artificial Intelligence & Data Solutions,OPS,Cloud Infrastructure & Network Operations,11766283.45,2369520.82,9396762.63,79.86,866263.32,2409379.2,806095.51,4081738.03,5315024.6,6000369.71,51.0,4198869.43,1522989.13,360,3776394.59,8.09,31.07
FIN-2023-00014,2023,Q1,2023-Q1,AIDS,Artificial Intelligence & Data Solutions,GA,Corporate General & Administrative,6350982.59,2084871.67,4266110.92,67.17,1362208.43,775623.2,533578.04,2671409.67,1594701.25,2350126.06,37.0,1259813.99,1678721.8,418,2729999.57,-2.15,32.12
FIN-2023-00015,2023,Q1,2023-Q1,AIDS,Artificial Intelligence & Data Solutions,LEGAL,"Legal, Risk & Compliance",1959556.54,366054.8,1593501.74,81.32,2595024.4,1299014.57,1002969.87,4897008.84,-3303507.1,-3024392.01,-154.34,-2609770.61,620255.75,70,4918429.58,-0.44,32.83
FIN-2023-00016,2023,Q1,2023-Q1,AIDS,Artificial Intelligence & Data Solutions,PROD,Product Strategy & User Experience,903156.95,212559.3,690597.65,76.46,1978461.66,972933.8,837934.65,3789330.11,-3098732.46,-2426045.72,-268.62,-2447998.64,1494859.42,294,4166025.28,-9.04,21.7
FIN-2023-00017,2023,Q1,2023-Q1,CZTI,Cybersecurity & Zero-Trust Infrastructure,ENG,Core Engineering & Software R&D,1089353.68,315873.75,773479.93,71.0,2338522.11,1226786.05,915127.54,4480435.7,-3706955.77,-3284198.26,-301.48,-2928495.06,939461.13,168,4617689.82,-2.97,13.19
FIN-2023-00018,2023,Q1,2023-Q1,CZTI,Cybersecurity & Zero-Trust Infrastructure,SALES,Global Enterprise Sales & Field Ops,15572388.52,3860637.36,11711751.16,75.21,2769586.23,440827.95,955991.83,4166406.01,7545345.15,8102125.25,52.03,5960822.67,1237289.11,425,4106745.94,1.45,9.31
FIN-2023-00019,2023,Q1,2023-Q1,CZTI,Cybersecurity & Zero-Trust Infrastructure,MKTG,Global Growth & Brand Marketing,3833396.11,882527.63,2950868.48,76.98,2849056.31,330524.0,446063.36,3625643.67,-674775.19,-617273.54,-16.1,-533072.4,127781.45,73,4045107.18,-10.37,26.12
FIN-2023-00020,2023,Q1,2023-Q1,CZTI,Cybersecurity & Zero-Trust Infrastructure,CSM,Customer Success & Technical Account Mgmt,9596601.16,2683207.22,6913393.94,72.04,653741.5,1700848.6,703568.45,3058158.55,3855235.39,4222175.26,44.0,3045635.96,815421.93,67,2886699.06,5.94,32.46
FIN-2023-00021,2023,Q1,2023-Q1,CZTI,Cybersecurity & Zero-Trust Infrastructure,OPS,Cloud Infrastructure & Network Operations,10495524.09,2978956.83,7516567.26,71.62,1322148.89,378849.36,590958.58,2291956.83,5224610.43,5344030.3,50.92,4127442.24,265377.48,70,2388079.2,-4.03,28.98
FIN-2023-00022,2023,Q1,2023-Q1,CZTI,Cybersecurity & Zero-Trust Infrastructure,GA,Corporate General & Administrative,4755545.97,1096224.61,3659321.36,76.95,874336.38,1825335.19,491149.72,3190821.29,468500.07,618464.64,13.01,370115.06,333254.59,184,3222596.62,-0.99,25.36
FIN-2023-00023,2023,Q1,2023-Q1,CZTI,Cybersecurity & Zero-Trust Infrastructure,LEGAL,"Legal, Risk & Compliance",1716189.06,422143.38,1294045.68,75.4,2146205.73,1587950.39,1095726.15,4829882.27,-3535836.59,-2992538.03,-174.37,-2793310.91,1207330.13,151,4708934.72,2.57,23.6
FIN-2023-00024,2023,Q1,2023-Q1,CZTI,Cybersecurity & Zero-Trust Infrastructure,PROD,Product Strategy & User Experience,740491.78,173192.71,567299.07,76.61,2097910.53,1740064.83,694334.89,4532310.25,-3965011.18,-3294482.83,-444.9,-3132358.83,1490063.0,302,4892274.12,-7.36,32.08
FIN-2023-00025,2023,Q1,2023-Q1,GHSS,Global Hardware & Semiconductor Systems,ENG,Core Engineering & Software R&D,4544820.14,1350405.78,3194414.36,70.29,1592946.2,2478057.67,679899.04,4750902.91,-1556488.55,-1046077.97,-23.02,-1229625.95,1134245.74,323,5319409.51,-10.69,12.26
FIN-2023-00026,2023,Q1,2023-Q1,GHSS,Global Hardware & Semiconductor Systems,SALES,Global Enterprise Sales & Field Ops,15243212.32,3037800.1,12205412.22,80.07,1916976.08,1401847.17,353091.07,3671914.32,8533497.9,9308673.75,61.07,6741463.34,1722612.99,279,3557245.8,3.22,30.97
FIN-2023-00027,2023,Q1,2023-Q1,GHSS,Global Hardware & Semiconductor Systems,MKTG,Global Growth & Brand Marketing,17755437.0,6183472.82,11571964.18,65.17,899401.51,1154930.92,777236.65,2831569.08,8740395.1,9349736.61,52.66,6904912.13,1354092.24,154,2729136.67,3.75,16.6
FIN-2023-00028,2023,Q1,2023-Q1,GHSS,Global Hardware & Semiconductor Systems,CSM,Customer Success & Technical Account Mgmt,11695277.82,3390854.09,8304423.73,71.01,434088.14,1046105.65,484989.61,1965183.4,6339240.33,6660711.11,56.95,5007999.86,714379.51,256,2146790.01,-8.46,12.78
FIN-2023-00029,2023,Q1,2023-Q1,GHSS,Global Hardware & Semiconductor Systems,OPS,Cloud Infrastructure & Network Operations,12534795.46,2834822.43,9699973.03,77.38,1982961.93,1280991.16,963512.17,4227465.26,5472507.77,6266073.91,49.99,4323281.14,1763480.32,270,4652866.5,-9.14,21.84
FIN-2023-00030,2023,Q1,2023-Q1,GHSS,Global Hardware & Semiconductor Systems,GA,Corporate General & Administrative,5847948.01,2034621.02,3813326.99,65.21,803781.61,1393648.85,307386.06,2504816.52,1308510.47,1475176.31,25.23,1033723.27,370368.54,181,2801885.3,-10.6,34.07
FIN-2023-00031,2023,Q1,2023-Q1,GHSS,Global Hardware & Semiconductor Systems,LEGAL,"Legal, Risk & Compliance",3030013.64,785320.25,2244693.39,74.08,1952190.98,450747.73,1029367.84,3432306.55,-1187613.16,-1049347.69,-34.63,-938214.4,307256.61,130,3368326.97,1.9,24.52
FIN-2023-00032,2023,Q1,2023-Q1,GHSS,Global Hardware & Semiconductor Systems,PROD,Product Strategy & User Experience,1727822.72,375347.86,1352474.86,78.28,3137587.08,1401320.41,929790.19,5468697.68,-4116222.82,-3905382.55,-226.03,-3251816.03,468533.94,183,5562138.8,-1.68,14.66
FIN-2023-00033,2023,Q1,2023-Q1,DCBM,Digital Commerce & B2B Marketplace,ENG,Core Engineering & Software R&D,4352883.31,894531.79,3458351.52,79.45,1327089.2,1856168.09,451878.43,3635135.72,-176784.2,362516.25,8.33,-139659.52,1198445.44,278,3398080.24,6.98,31.07
FIN-2023-00034,2023,Q1,2023-Q1,DCBM,Digital Commerce & B2B Marketplace,SALES,Global Enterprise Sales & Field Ops,6498880.25,1581245.5,4917634.75,75.67,1410926.73,1882415.85,384586.46,3677929.04,1239705.71,1691478.66,26.03,979367.51,1003939.88,204,3785119.15,-2.83,9.32
FIN-2023-00035,2023,Q1,2023-Q1,DCBM,Digital Commerce & B2B Marketplace,MKTG,Global Growth & Brand Marketing,3250517.66,838434.46,2412083.2,74.21,1276583.8,571193.69,336916.88,2184694.37,227388.83,626253.28,19.27,179637.18,886365.45,65,2240262.32,-2.48,20.59
FIN-2023-00036,2023,Q1,2023-Q1,DCBM,Digital Commerce & B2B Marketplace,CSM,Customer Success & Technical Account Mgmt,3815371.16,1285537.16,2529834.0,66.31,2230155.85,353185.18,358309.16,2941650.19,-411816.19,321435.28,8.42,-325334.79,1629447.72,136,3094430.56,-4.94,32.08
FIN-2023-00037,2023,Q1,2023-Q1,DCBM,Digital Commerce & B2B Marketplace,OPS,Cloud Infrastructure & Network Operations,9859706.16,3402496.81,6457209.35,65.49,1698630.02,680112.86,562299.56,2941042.44,3516166.91,3659751.46,37.12,2777771.86,319076.78,294,3175046.28,-7.37,23.64
FIN-2023-00038,2023,Q1,2023-Q1,DCBM,Digital Commerce & B2B Marketplace,GA,Corporate General & Administrative,4980358.74,1734572.75,3245785.99,65.17,2908227.6,1233143.5,945591.29,5086962.39,-1841176.4,-1767576.05,-35.49,-1454529.36,163556.34,314,5591778.93,-9.03,25.21
FIN-2023-00039,2023,Q1,2023-Q1,DCBM,Digital Commerce & B2B Marketplace,LEGAL,"Legal, Risk & Compliance",2109010.23,511907.09,1597103.14,75.73,1404634.76,1497605.91,996474.51,3898715.18,-2301612.04,-2202507.42,-104.43,-1818273.51,220232.48,347,4077321.43,-4.38,21.3
FIN-2023-00040,2023,Q1,2023-Q1,DCBM,Digital Commerce & B2B Marketplace,PROD,Product Strategy & User Experience,2622001.13,853544.51,1768456.62,67.45,486959.41,1522352.49,272534.71,2281846.61,-513389.99,-75095.18,-2.86,-405578.09,973988.46,240,2555207.39,-10.7,11.62
FIN-2023-00041,2023,Q1,2023-Q1,SFTP,Strategic FinTech & Payments Hub,ENG,Core Engineering & Software R&D,3958890.51,877705.86,3081184.65,77.83,405744.09,1635462.49,593469.73,2634676.31,446508.34,903736.56,22.83,352741.59,1016062.72,244,2827911.18,-6.83,29.97
FIN-2023-00042,2023,Q1,2023-Q1,SFTP,Strategic FinTech & Payments Hub,SALES,Global Enterprise Sales & Field Ops,10955434.3,3063098.43,7892335.87,72.04,2107435.24,491418.11,353141.7,2951995.05,4940340.82,5696152.13,51.99,3902869.25,1679580.7,88,2956665.8,-0.16,13.33
FIN-2023-00043,2023,Q1,2023-Q1,SFTP,Strategic FinTech & Payments Hub,MKTG,Global Growth & Brand Marketing,17687316.3,4848436.59,12838879.71,72.59,1698124.23,652685.52,629291.5,2980101.25,9858778.46,10069699.4,56.93,7788434.98,468713.21,382,3146213.49,-5.28,19.08
FIN-2023-00044,2023,Q1,2023-Q1,SFTP,Strategic FinTech & Payments Hub,CSM,Customer Success & Technical Account Mgmt,5777148.21,1820925.53,3956222.68,68.48,756906.86,2428440.69,930615.96,4115963.51,-159740.83,629464.04,10.9,-126195.26,1753788.59,431,3988968.7,3.18,35.39
FIN-2023-00045,2023,Q1,2023-Q1,SFTP,Strategic FinTech & Payments Hub,OPS,Cloud Infrastructure & Network Operations,6989226.84,2292324.97,4696901.87,67.2,546210.64,2087135.79,167654.51,2801000.94,1895900.93,2159816.17,30.9,1497761.73,586478.31,373,3042589.85,-7.94,18.21
FIN-2023-00046,2023,Q1,2023-Q1,SFTP,Strategic FinTech & Payments Hub,GA,Corporate General & Administrative,1823086.22,592669.69,1230416.53,67.49,2360580.68,1065339.23,355776.81,3781696.72,-2551280.19,-1868484.61,-102.49,-2015511.35,1517323.51,371,3761305.03,0.54,25.22
FIN-2023-00047,2023,Q1,2023-Q1,SFTP,Strategic FinTech & Payments Hub,LEGAL,"Legal, Risk & Compliance",4789694.38,1603718.53,3185975.85,66.52,1991197.91,1054543.71,1111372.4,4157114.02,-971138.17,-373155.9,-7.79,-767199.15,1328849.49,303,4178636.55,-0.52,21.47
FIN-2023-00048,2023,Q1,2023-Q1,SFTP,Strategic FinTech & Payments Hub,PROD,Product Strategy & User Experience,1345757.6,262109.12,1083648.48,80.52,2996745.67,1731899.4,1079427.95,5808073.02,-4724424.54,-4543436.35,-337.61,-3732295.39,402195.97,320,5867957.43,-1.02,10.01
FIN-2023-00049,2023,Q1,2023-Q1,PST,Professional Services & Transformation,ENG,Core Engineering & Software R&D,587028.21,180543.62,406484.59,69.24,646198.1,1626020.27,746458.88,3018677.25,-2612192.66,-2437004.41,-415.14,-2063632.2,389307.22,99,2907787.49,3.81,27.23
FIN-2023-00050,2023,Q1,2023-Q1,PST,Professional Services & Transformation,SALES,Global Enterprise Sales & Field Ops,13571303.12,4360107.02,9211196.1,67.87,1184358.82,2433578.75,826610.36,4444547.93,4766648.17,5062774.37,37.3,3765652.05,658058.23,420,4934980.15,-9.94,12.53
FIN-2023-00051,2023,Q1,2023-Q1,PST,Professional Services & Transformation,MKTG,Global Growth & Brand Marketing,9017368.67,2676068.17,6341300.5,70.32,407400.51,2191629.86,623319.9,3222350.27,3118950.23,3572641.11,39.62,2463970.68,1008201.95,213,3573807.43,-9.83,34.04
FIN-2023-00052,2023,Q1,2023-Q1,PST,Professional Services & Transformation,CSM,Customer Success & Technical Account Mgmt,8752184.46,2004828.9,6747355.56,77.09,2274362.68,1976091.14,1108667.3,5359121.12,1388234.44,1461988.54,16.7,1096705.21,163897.99,238,5178232.94,3.49,26.26
FIN-2023-00053,2023,Q1,2023-Q1,PST,Professional Services & Transformation,OPS,Cloud Infrastructure & Network Operations,12958730.51,3680266.99,9278463.52,71.6,2416285.76,2298391.29,242429.23,4957106.28,4321357.24,4784947.07,36.92,3413872.22,1030199.62,277,4874116.61,1.7,10.94
FIN-2023-00054,2023,Q1,2023-Q1,PST,Professional Services & Transformation,GA,Corporate General & Administrative,4475294.7,1544565.58,2930729.12,65.49,407702.95,891520.04,359496.54,1658719.53,1272009.59,1374550.25,30.71,1004887.58,227868.13,76,1580671.63,4.94,33.6
FIN-2023-00055,2023,Q1,2023-Q1,PST,Professional Services & Transformation,LEGAL,"Legal, Risk & Compliance",1875015.26,645470.3,1229544.96,65.58,3115627.19,2260613.47,444840.79,5821081.45,-4591536.49,-4239252.6,-226.09,-3627313.83,782853.1,240,5805195.24,0.27,17.45
FIN-2023-00056,2023,Q1,2023-Q1,PST,Professional Services & Transformation,PROD,Product Strategy & User Experience,676507.05,197313.85,479193.2,70.83,1992672.91,810767.91,284326.13,3087766.95,-2608573.75,-2351808.82,-347.64,-2060773.26,570588.74,93,3037686.07,1.65,8.74
FIN-2023-00057,2023,Q1,2023-Q1,ARDQ,Advanced R&D & Quantum Computing,ENG,Core Engineering & Software R&D,3485288.96,1219188.3,2266100.66,65.02,622156.86,973922.84,749662.55,2345742.25,-79641.59,168306.94,4.83,-62916.86,550996.73,321,2550402.02,-8.02,32.17
FIN-2023-00058,2023,Q1,2023-Q1,ARDQ,Advanced R&D & Quantum Computing,SALES,Global Enterprise Sales & Field Ops,16395204.09,4864972.15,11530231.94,70.33,1584646.79,2404813.31,539483.65,4528943.75,7001288.19,7242038.95,44.17,5531017.67,535001.68,105,4438634.19,2.03,12.7
FIN-2023-00059,2023,Q1,2023-Q1,ARDQ,Advanced R&D & Quantum Computing,MKTG,Global Growth & Brand Marketing,4835677.95,1282358.82,3553319.13,73.48,465019.3,802045.46,310734.73,1577799.49,1975519.64,2022707.99,41.83,1560660.52,104862.99,271,1655825.13,-4.71,27.79
FIN-2023-00060,2023,Q1,2023-Q1,ARDQ,Advanced R&D & Quantum Computing,CSM,Customer Success & Technical Account Mgmt,17326087.34,3971049.91,13355037.43,77.08,1970448.43,2091295.45,628874.05,4690617.93,8664419.5,9033856.6,52.14,6844891.41,820971.33,376,4912367.23,-4.51,20.87
FIN-2023-00061,2023,Q1,2023-Q1,ARDQ,Advanced R&D & Quantum Computing,OPS,Cloud Infrastructure & Network Operations,15215241.62,5139909.49,10075332.13,66.22,2524104.01,658690.08,254793.35,3437587.44,6637744.69,7103979.14,46.69,5243818.31,1036076.55,223,3756924.74,-8.5,10.84
FIN-2023-00062,2023,Q1,2023-Q1,ARDQ,Advanced R&D & Quantum Computing,GA,Corporate General & Administrative,3666557.75,1181211.38,2485346.37,67.78,3124050.34,2481975.92,321707.74,5927734.0,-3442387.63,-3000970.56,-81.85,-2719486.23,980926.82,427,5956926.04,-0.49,35.59
FIN-2023-00063,2023,Q1,2023-Q1,ARDQ,Advanced R&D & Quantum Computing,LEGAL,"Legal, Risk & Compliance",5547064.94,1611105.83,3935959.11,70.96,1082432.35,2482320.51,841881.95,4406634.81,-470675.7,-367054.62,-6.62,-371833.8,230269.06,380,4564402.15,-3.46,23.61
FIN-2023-00064,2023,Q1,2023-Q1,ARDQ,Advanced R&D & Quantum Computing,PROD,Product Strategy & User Experience,5659048.71,1614238.48,4044810.23,71.48,699034.12,1274800.82,234510.77,2208345.71,1836464.52,2279636.59,40.28,1450806.97,984826.83,266,2104365.5,4.94,14.97
FIN-2023-00065,2023,Q2,2023-Q2,ECP,Enterprise Cloud Platform,ENG,Core Engineering & Software R&D,2901843.49,581882.08,2319961.41,79.95,1420058.22,378725.19,852528.4,2651311.81,-331350.4,180183.75,6.21,-261766.82,1136742.56,422,2653512.85,-0.08,20.55
FIN-2023-00066,2023,Q2,2023-Q2,ECP,Enterprise Cloud Platform,SALES,Global Enterprise Sales & Field Ops,3387701.67,1078205.51,2309496.16,68.17,3156197.66,906738.57,847248.46,4910184.69,-2600688.53,-2133229.13,-62.97,-2054543.94,1038798.67,110,4993120.74,-1.66,34.97
FIN-2023-00067,2023,Q2,2023-Q2,ECP,Enterprise Cloud Platform,MKTG,Global Growth & Brand Marketing,16275381.1,4855688.11,11419692.99,70.17,1669824.33,405853.54,942177.46,3017855.33,8401837.66,8519519.37,52.35,6637451.75,261514.9,224,3328857.6,-9.34,19.93
FIN-2023-00068,2023,Q2,2023-Q2,ECP,Enterprise Cloud Platform,CSM,Customer Success & Technical Account Mgmt,17759942.22,3560528.59,14199413.63,79.95,2562517.05,461018.59,920153.27,3943688.91,10255724.72,11032477.62,62.12,8102022.53,1726117.55,151,3920230.48,0.6,21.05
FIN-2023-00069,2023,Q2,2023-Q2,ECP,Enterprise Cloud Platform,OPS,Cloud Infrastructure & Network Operations,12391270.54,4086670.43,8304600.11,67.02,2924060.37,1880840.49,1071799.03,5876699.89,2427900.22,2653131.79,21.41,1918041.17,500514.6,396,5525660.53,6.35,12.58
FIN-2023-00070,2023,Q2,2023-Q2,ECP,Enterprise Cloud Platform,GA,Corporate General & Administrative,986777.72,260003.83,726773.89,73.65,1540440.22,2555455.79,440168.8,4536064.81,-3809290.92,-3552189.47,-359.98,-3009339.83,571336.56,73,4474141.24,1.38,11.42
FIN-2023-00071,2023,Q2,2023-Q2,ECP,Enterprise Cloud Platform,LEGAL,"Legal, Risk & Compliance",869941.88,292551.11,577390.77,66.37,3122004.98,1813290.69,257505.84,5192801.51,-4615410.74,-4040696.69,-464.48,-3646174.48,1277142.34,355,5061518.78,2.59,27.02
FIN-2023-00072,2023,Q2,2023-Q2,ECP,Enterprise Cloud Platform,PROD,Product Strategy & User Experience,1382830.15,265319.08,1117511.07,80.81,1884532.03,1330764.02,490366.08,3705662.13,-2588151.06,-1819296.21,-131.56,-2044639.34,1708566.33,118,3881054.77,-4.52,28.69
FIN-2023-00073,2023,Q2,2023-Q2,AIDS,Artificial Intelligence & Data Solutions,ENG,Core Engineering & Software R&D,5205126.06,1813157.48,3391968.58,65.17,1073214.36,1918975.88,847870.43,3840060.67,-448092.09,90820.41,1.74,-353992.75,1197583.33,247,4209592.61,-8.78,21.62
FIN-2023-00074,2023,Q2,2023-Q2,AIDS,Artificial Intelligence & Data Solutions,SALES,Global Enterprise Sales & Field Ops,5123409.87,1021098.78,4102311.09,80.07,1528866.37,973102.68,1087405.09,3589374.14,512936.95,622535.11,12.15,405220.19,243551.47,204,3429983.84,4.65,24.0
FIN-2023-00075,2023,Q2,2023-Q2,AIDS,Artificial Intelligence & Data Solutions,MKTG,Global Growth & Brand Marketing,5757531.72,1286341.37,4471190.35,77.66,1200564.17,1712152.44,646775.02,3559491.63,911698.72,1383428.93,24.03,720241.99,1048289.36,358,3296825.1,7.97,31.53
FIN-2023-00076,2023,Q2,2023-Q2,AIDS,Artificial Intelligence & Data Solutions,CSM,Customer Success & Technical Account Mgmt,14791488.65,3151686.14,11639802.51,78.69,866915.15,1628689.57,1179070.77,3674675.49,7965127.02,8353277.36,56.47,6292450.35,862556.32,205,3773878.31,-2.63,34.46
FIN-2023-00077,2023,Q2,2023-Q2,AIDS,Artificial Intelligence & Data Solutions,OPS,Cloud Infrastructure & Network Operations,11660989.94,3785319.01,7875670.93,67.54,2366702.94,351852.77,471158.89,3189714.6,4685956.33,5469776.56,46.91,3701905.5,1741822.73,361,2963884.55,7.62,35.73
FIN-2023-00078,2023,Q2,2023-Q2,AIDS,Artificial Intelligence & Data Solutions,GA,Corporate General & Administrative,3449923.87,761127.63,2688796.24,77.94,2960121.2,1948986.45,520083.16,5429190.81,-2740394.57,-2135460.08,-61.9,-2164911.71,1344298.87,208,5800102.11,-6.39,30.03
FIN-2023-00079,2023,Q2,2023-Q2,AIDS,Artificial Intelligence & Data Solutions,LEGAL,"Legal, Risk & Compliance",1193450.19,315988.51,877461.68,73.52,967952.62,2360226.28,1006456.79,4334635.69,-3457174.01,-3163336.53,-265.06,-2731167.47,652972.17,121,4269210.88,1.53,21.49
FIN-2023-00080,2023,Q2,2023-Q2,AIDS,Artificial Intelligence & Data Solutions,PROD,Product Strategy & User Experience,3526430.07,706104.91,2820325.16,79.98,917147.36,2182775.76,161511.98,3261435.1,-441109.94,-158200.68,-4.49,-348476.85,628687.24,202,3466583.12,-5.92,14.44
FIN-2023-00081,2023,Q2,2023-Q2,CZTI,Cybersecurity & Zero-Trust Infrastructure,ENG,Core Engineering & Software R&D,2794111.86,773902.01,2020209.85,72.3,2509980.74,2040666.3,619907.8,5170554.84,-3150344.99,-3014327.36,-107.88,-2488772.54,302261.39,442,5464389.46,-5.38,33.24
FIN-2023-00082,2023,Q2,2023-Q2,CZTI,Cybersecurity & Zero-Trust Infrastructure,SALES,Global Enterprise Sales & Field Ops,18030484.01,4996011.72,13034472.29,72.29,651378.59,1001446.74,520275.35,2173100.68,10861371.61,11589740.35,64.28,8580483.57,1618597.19,134,2308099.61,-5.85,11.9
FIN-2023-00083,2023,Q2,2023-Q2,CZTI,Cybersecurity & Zero-Trust Infrastructure,MKTG,Global Growth & Brand Marketing,6839924.05,1824188.45,5015735.6,73.33,2287629.03,1980493.1,1183251.69,5451373.82,-435638.22,218014.59,3.19,-344154.19,1452561.79,391,5547916.35,-1.74,12.03
FIN-2023-00084,2023,Q2,2023-Q2,CZTI,Cybersecurity & Zero-Trust Infrastructure,CSM,Customer Success & Technical Account Mgmt,13562173.29,3606411.84,9955761.45,73.41,715521.92,2108860.53,549001.3,3373383.75,6582377.7,6867697.21,50.64,5200078.38,634043.35,420,3469228.06,-2.76,30.61
FIN-2023-00085,2023,Q2,2023-Q2,CZTI,Cybersecurity & Zero-Trust Infrastructure,OPS,Cloud Infrastructure & Network Operations,17813877.83,4595852.07,13218025.76,74.2,953230.77,902603.4,607901.13,2463735.3,10754290.46,11442265.97,64.23,8495889.46,1528834.46,122,2609051.64,-5.57,13.12
FIN-2023-00086,2023,Q2,2023-Q2,CZTI,Cybersecurity & Zero-Trust Infrastructure,GA,Corporate General & Administrative,1637640.16,554546.17,1083093.99,66.14,1259480.06,1654864.42,211884.62,3126229.1,-2043135.11,-1687998.57,-103.08,-1614076.74,789192.32,206,2884298.98,8.39,22.95
FIN-2023-00087,2023,Q2,2023-Q2,CZTI,Cybersecurity & Zero-Trust Infrastructure,LEGAL,"Legal, Risk & Compliance",2321098.49,467607.2,1853491.29,79.85,505916.75,2597543.63,737535.33,3840995.71,-1987504.42,-1189818.08,-51.26,-1570128.49,1772636.31,129,4245824.78,-9.53,9.35
FIN-2023-00088,2023,Q2,2023-Q2,CZTI,Cybersecurity & Zero-Trust Infrastructure,PROD,Product Strategy & User Experience,2867676.08,628928.06,2238748.02,78.07,1353819.23,1589153.59,781124.85,3724097.67,-1485349.65,-1296763.67,-45.22,-1173426.22,419079.96,173,3444575.4,8.11,12.41
FIN-2023-00089,2023,Q2,2023-Q2,GHSS,Global Hardware & Semiconductor Systems,ENG,Core Engineering & Software R&D,5438250.73,1124794.81,4313455.92,79.32,1992876.39,1118617.99,1099661.08,4211155.46,102300.46,209047.54,3.84,80817.36,237215.73,191,4287960.53,-1.79,28.39
FIN-2023-00090,2023,Q2,2023-Q2,GHSS,Global Hardware & Semiconductor Systems,SALES,Global Enterprise Sales & Field Ops,17971427.41,4239335.7,13732091.71,76.41,2726841.91,831041.48,617027.53,4174910.92,9557180.79,10216879.3,56.85,7550172.82,1465996.68,319,3876736.15,7.69,19.3
FIN-2023-00091,2023,Q2,2023-Q2,GHSS,Global Hardware & Semiconductor Systems,MKTG,Global Growth & Brand Marketing,15697720.37,4230513.13,11467207.24,73.05,1234441.14,1716327.12,579351.83,3530120.09,7937087.15,8115831.77,51.7,6270298.85,397210.26,383,3611442.69,-2.25,13.68
FIN-2023-00092,2023,Q2,2023-Q2,GHSS,Global Hardware & Semiconductor Systems,CSM,Customer Success & Technical Account Mgmt,5945704.91,1659841.35,4285863.56,72.08,2123382.24,1321736.42,649755.19,4094873.85,190989.71,992122.82,16.69,150881.87,1780295.81,126,3809229.34,7.5,13.84
FIN-2023-00093,2023,Q2,2023-Q2,GHSS,Global Hardware & Semiconductor Systems,OPS,Cloud Infrastructure & Network Operations,12739835.8,3113839.02,9625996.78,75.56,1148332.49,1047850.82,774212.68,2970395.99,6655600.79,7138695.52,56.03,5257924.62,1073543.85,442,3020984.06,-1.67,16.92
FIN-2023-00094,2023,Q2,2023-Q2,GHSS,Global Hardware & Semiconductor Systems,GA,Corporate General & Administrative,1727529.83,444113.8,1283416.03,74.29,3051882.94,1538783.97,369252.93,4959919.84,-3676503.81,-3085735.17,-178.62,-2904438.01,1312819.21,119,5312164.42,-6.63,35.95
FIN-2023-00095,2023,Q2,2023-Q2,GHSS,Global Hardware & Semiconductor Systems,LEGAL,"Legal, Risk & Compliance",5009703.57,1473216.07,3536487.5,70.59,468896.19,2027048.08,1101826.69,3597770.96,-61283.46,54484.35,1.09,-48413.93,257261.81,341,3482362.6,3.31,26.02
FIN-2023-00096,2023,Q2,2023-Q2,GHSS,Global Hardware & Semiconductor Systems,PROD,Product Strategy & User Experience,2036198.23,551494.32,1484703.91,72.92,1024748.13,1251127.01,254732.73,2530607.87,-1045903.96,-426387.65,-20.94,-826264.13,1376702.91,339,2400048.35,5.44,21.4
FIN-2023-00097,2023,Q2,2023-Q2,DCBM,Digital Commerce & B2B Marketplace,ENG,Core Engineering & Software R&D,1233211.16,240209.42,993001.74,80.52,602812.93,347481.83,680414.99,1630709.75,-637708.01,-488448.66,-39.61,-503789.33,331687.45,411,1670062.94,-2.36,11.57
FIN-2023-00098,2023,Q2,2023-Q2,DCBM,Digital Commerce & B2B Marketplace,SALES,Global Enterprise Sales & Field Ops,4137378.61,877721.42,3259657.19,78.79,1665357.28,706844.29,726781.4,3098982.97,160674.22,855903.69,20.69,126932.63,1544954.37,393,3147640.62,-1.55,26.14
FIN-2023-00099,2023,Q2,2023-Q2,DCBM,Digital Commerce & B2B Marketplace,MKTG,Global Growth & Brand Marketing,4262482.03,1161189.54,3101292.49,72.76,2984357.54,2577543.33,577956.74,6139857.61,-3038565.12,-2905807.81,-68.17,-2400466.44,295016.25,215,5844551.63,5.05,20.4
FIN-2023-00100,2023,Q2,2023-Q2,DCBM,Digital Commerce & B2B Marketplace,CSM,Customer Success & Technical Account Mgmt,6468577.34,1938548.92,4530028.42,70.03,898207.22,2223865.52,1094551.16,4216623.9,313404.52,695035.6,10.74,247589.57,848069.07,263,4546754.61,-7.26,12.31
FIN-2023-00101,2023,Q2,2023-Q2,DCBM,Digital Commerce & B2B Marketplace,OPS,Cloud Infrastructure & Network Operations,13488751.6,4078813.07,9409938.53,69.76,3019622.42,1600111.97,919053.22,5538787.61,3871150.92,4367600.45,32.38,3058209.23,1103221.17,211,5521409.81,0.31,24.33
FIN-2023-00102,2023,Q2,2023-Q2,DCBM,Digital Commerce & B2B Marketplace,GA,Corporate General & Administrative,1917026.43,650560.51,1266465.92,66.06,611837.39,675558.01,983360.1,2270755.5,-1004289.58,-384730.41,-20.07,-793388.77,1376798.15,435,2121552.28,7.03,20.65
FIN-2023-00103,2023,Q2,2023-Q2,DCBM,Digital Commerce & B2B Marketplace,LEGAL,"Legal, Risk & Compliance",2852297.7,616890.21,2235407.49,78.37,3231835.19,417721.17,709929.15,4359485.51,-2124078.02,-1973580.21,-69.19,-1678021.64,334439.57,409,4745150.79,-8.13,16.04
FIN-2023-00104,2023,Q2,2023-Q2,DCBM,Digital Commerce & B2B Marketplace,PROD,Product Strategy & User Experience,4045634.25,879913.33,3165720.92,78.25,693041.89,610839.09,754500.21,2058381.19,1107339.73,1176160.11,29.07,874798.39,152934.17,229,2289185.13,-10.08,35.35
FIN-2023-00105,2023,Q2,2023-Q2,SFTP,Strategic FinTech & Payments Hub,ENG,Core Engineering & Software R&D,706479.3,192891.87,513587.43,72.7,1037150.5,2195843.81,520171.49,3753165.8,-3239578.37,-2821000.39,-399.3,-2559266.91,930173.29,49,3962824.47,-5.29,27.27
FIN-2023-00106,2023,Q2,2023-Q2,SFTP,Strategic FinTech & Payments Hub,SALES,Global Enterprise Sales & Field Ops,15579637.37,4362500.64,11217136.73,72.0,734495.58,1934515.13,384393.21,3053403.92,8163732.81,8430655.23,54.11,6449348.92,593160.94,438,3094749.33,-1.34,34.2
FIN-2023-00107,2023,Q2,2023-Q2,SFTP,Strategic FinTech & Payments Hub,MKTG,Global Growth & Brand Marketing,5391081.13,1443301.97,3947779.16,73.23,2776556.94,1542226.24,160797.63,4479580.81,-531801.65,-464494.12,-8.62,-420123.3,149572.29,81,4833401.65,-7.32,10.56
FIN-2023-00108,2023,Q2,2023-Q2,SFTP,Strategic FinTech & Payments Hub,CSM,Customer Success & Technical Account Mgmt,16155727.38,4726959.52,11428767.86,70.74,3206182.35,1669269.82,580193.49,5455645.66,5973122.2,6121158.73,37.89,4718766.54,328970.06,465,5604469.35,-2.66,20.04
FIN-2023-00109,2023,Q2,2023-Q2,SFTP,Strategic FinTech & Payments Hub,OPS,Cloud Infrastructure & Network Operations,6543340.31,2286084.75,4257255.56,65.06,1110967.09,1534301.87,429105.55,3074374.51,1182881.05,1841394.93,28.14,934476.03,1463364.17,106,3048430.65,0.85,22.82
FIN-2023-00110,2023,Q2,2023-Q2,SFTP,Strategic FinTech & Payments Hub,GA,Corporate General & Administrative,7108018.26,2451629.43,4656388.83,65.51,595694.03,621148.35,1042075.66,2258918.04,2397470.79,2947749.74,41.47,1894001.92,1222842.11,66,2256278.4,0.12,29.51
FIN-2023-00111,2023,Q2,2023-Q2,SFTP,Strategic FinTech & Payments Hub,LEGAL,"Legal, Risk & Compliance",1124086.44,215702.48,908383.96,80.81,1181069.39,1321071.58,1190906.59,3693047.56,-2784663.6,-2135974.43,-190.02,-2199884.24,1441531.49,141,3605500.53,2.43,35.61
FIN-2023-00112,2023,Q2,2023-Q2,SFTP,Strategic FinTech & Payments Hub,PROD,Product Strategy & User Experience,2744287.35,625750.56,2118536.79,77.2,2226477.6,1815499.16,840197.08,4882173.84,-2763637.05,-2213516.24,-80.66,-2183273.27,1222490.69,428,5271549.74,-7.39,8.71
FIN-2023-00113,2023,Q2,2023-Q2,PST,Professional Services & Transformation,ENG,Core Engineering & Software R&D,684567.89,167778.26,516789.63,75.49,2680189.11,419464.8,1196365.69,4296019.6,-3779229.97,-3651078.66,-533.34,-2985591.68,284780.7,334,4337415.09,-0.95,34.94
FIN-2023-00114,2023,Q2,2023-Q2,PST,Professional Services & Transformation,SALES,Global Enterprise Sales & Field Ops,8231054.29,2355243.86,5875810.43,71.39,1560334.03,875779.78,627269.86,3063383.67,2812426.76,3523194.97,42.8,2221817.14,1579484.91,414,3125350.55,-1.98,19.73
FIN-2023-00115,2023,Q2,2023-Q2,PST,Professional Services & Transformation,MKTG,Global Growth & Brand Marketing,13327213.1,4657206.94,8670006.16,65.05,2830900.93,2030312.75,803227.32,5664441.0,3005565.16,3382052.46,25.38,2374396.48,836638.45,136,6325282.05,-10.45,30.97
FIN-2023-00116,2023,Q2,2023-Q2,PST,Professional Services & Transformation,CSM,Customer Success & Technical Account Mgmt,5392485.92,1543449.43,3849036.49,71.38,773465.8,906146.38,908134.18,2587746.36,1261290.13,1575681.11,29.22,996419.2,698646.63,245,2575653.12,0.47,26.33
FIN-2023-00117,2023,Q2,2023-Q2,PST,Professional Services & Transformation,OPS,Cloud Infrastructure & Network Operations,6712570.73,2200112.79,4512457.94,67.22,2158016.84,2081508.51,222848.88,4462374.23,50083.71,291568.92,4.34,39566.13,536633.81,131,4138601.44,7.82,11.74
FIN-2023-00118,2023,Q2,2023-Q2,PST,Professional Services & Transformation,GA,Corporate General & Administrative,2136592.96,644367.4,1492225.56,69.84,2357827.88,1380527.79,1194272.4,4932628.07,-3440402.51,-3078161.7,-144.07,-2717917.98,804979.58,301,5369110.45,-8.13,32.42
FIN-2023-00119,2023,Q2,2023-Q2,PST,Professional Services & Transformation,LEGAL,"Legal, Risk & Compliance",5459870.57,1577476.05,3882394.52,71.11,2014457.15,2148558.0,219418.75,4382433.9,-500039.38,247291.43,4.53,-395031.11,1660735.14,318,4892610.02,-10.43,34.97
FIN-2023-00120,2023,Q2,2023-Q2,PST,Professional Services & Transformation,PROD,Product Strategy & User Experience,872185.44,205895.3,666290.14,76.39,3085426.74,1185684.31,952771.58,5223882.63,-4557592.49,-4379801.45,-502.16,-3600498.07,395091.21,91,5276631.75,-1.0,16.03
FIN-2023-00121,2023,Q2,2023-Q2,ARDQ,Advanced R&D & Quantum Computing,ENG,Core Engineering & Software R&D,923064.3,235642.07,687422.23,74.47,2796307.62,2029901.3,1096887.22,5923096.14,-5235673.91,-5047011.25,-546.77,-4136182.39,419250.35,235,6351779.12,-6.75,34.12
FIN-2023-00122,2023,Q2,2023-Q2,ARDQ,Advanced R&D & Quantum Computing,SALES,Global Enterprise Sales & Field Ops,3621993.5,922356.66,2699636.84,74.53,1414188.66,2593037.44,1002082.85,5009308.95,-2309672.11,-1819620.36,-50.24,-1824640.97,1089003.88,217,5050674.73,-0.82,29.47
FIN-2023-00123,2023,Q2,2023-Q2,ARDQ,Advanced R&D & Quantum Computing,MKTG,Global Growth & Brand Marketing,6850044.35,1491091.02,5358953.33,78.23,1221079.01,1529955.57,1082937.92,3833972.5,1524980.83,2243011.15,32.74,1204734.86,1595622.94,72,3880754.79,-1.21,33.15
FIN-2023-00124,2023,Q2,2023-Q2,ARDQ,Advanced R&D & Quantum Computing,CSM,Customer Success & Technical Account Mgmt,12238410.59,2226126.4,10012284.19,81.81,1873556.58,1746385.8,651348.97,4271291.35,5740992.84,6559494.36,53.6,4535384.34,1818892.26,42,4668729.7,-8.51,18.64
FIN-2023-00125,2023,Q2,2023-Q2,ARDQ,Advanced R&D & Quantum Computing,OPS,Cloud Infrastructure & Network Operations,17521198.11,4809424.06,12711774.05,72.55,914241.25,565863.67,1095304.84,2575409.76,10136364.29,10219189.05,58.32,8007727.79,184055.02,360,2839082.09,-9.29,14.98
FIN-2023-00126,2023,Q2,2023-Q2,ARDQ,Advanced R&D & Quantum Computing,GA,Corporate General & Administrative,2592126.51,895986.54,1696139.97,65.43,749210.1,314625.98,333324.43,1397160.51,298979.46,404263.25,15.6,236193.77,233963.97,279,1305344.31,7.03,9.18
FIN-2023-00127,2023,Q2,2023-Q2,ARDQ,Advanced R&D & Quantum Computing,LEGAL,"Legal, Risk & Compliance",6373327.91,1308386.07,5064941.84,79.47,1952228.15,2492250.02,1129691.5,5574169.67,-509227.83,-97571.07,-1.53,-402289.99,914792.79,356,5793742.68,-3.79,25.67
FIN-2023-00128,2023,Q2,2023-Q2,ARDQ,Advanced R&D & Quantum Computing,PROD,Product Strategy & User Experience,1590792.01,399548.43,1191243.58,74.88,1117662.81,1604219.52,1110471.38,3832353.71,-2641110.13,-2417818.22,-151.99,-2086477.0,496204.24,425,4216968.44,-9.12,8.83
FIN-2023-00129,2023,Q3,2023-Q3,ECP,Enterprise Cloud Platform,ENG,Core Engineering & Software R&D,2456650.11,732545.96,1724104.15,70.18,924961.19,660100.31,158784.63,1743846.13,-19741.98,350407.81,14.26,-15596.16,822555.09,99,1698703.47,2.66,21.79
FIN-2023-00130,2023,Q3,2023-Q3,ECP,Enterprise Cloud Platform,SALES,Global Enterprise Sales & Field Ops,7777936.44,2098158.42,5679778.02,73.02,564319.16,1276772.73,990106.95,2831198.84,2848579.18,3386322.86,43.54,2250377.55,1194985.96,267,3022832.23,-6.34,15.39
FIN-2023-00131,2023,Q3,2023-Q3,ECP,Enterprise Cloud Platform,MKTG,Global Growth & Brand Marketing,14264050.24,4044605.49,10219444.75,71.64,2355648.82,2617395.82,771501.98,5744546.62,4474898.13,5237690.74,36.72,3535169.52,1695094.69,116,5745773.17,-0.02,27.95
FIN-2023-00132,2023,Q3,2023-Q3,ECP,Enterprise Cloud Platform,CSM,Customer Success & Technical Account Mgmt,12432930.34,3986711.45,8446218.89,67.93,2913787.54,2456479.14,199202.37,5569469.05,2876749.84,3726715.12,29.97,2272632.37,1888811.73,121,6056429.14,-8.04,33.58
FIN-2023-00133,2023,Q3,2023-Q3,ECP,Enterprise Cloud Platform,OPS,Cloud Infrastructure & Network Operations,15652601.81,4856214.96,10796386.85,68.98,2614542.12,2692224.15,289038.03,5595804.3,5200582.55,5704471.13,36.44,4108460.21,1119752.4,405,5840252.95,-4.19,12.93
FIN-2023-00134,2023,Q3,2023-Q3,ECP,Enterprise Cloud Platform,GA,Corporate General & Administrative,2990558.4,831488.89,2159069.51,72.2,1004298.28,2464660.64,454058.92,3923017.84,-1763948.33,-1528916.48,-51.12,-1393519.18,522292.99,157,3668107.44,6.95,13.63
FIN-2023-00135,2023,Q3,2023-Q3,ECP,Enterprise Cloud Platform,LEGAL,"Legal, Risk & Compliance",3840612.07,714873.51,3125738.56,81.39,3241281.59,2485052.67,511384.3,6237718.56,-3111980.0,-2821716.26,-73.47,-2458464.2,645030.53,101,5750465.28,8.47,30.21
FIN-2023-00136,2023,Q3,2023-Q3,ECP,Enterprise Cloud Platform,PROD,Product Strategy & User Experience,2367380.4,812615.47,1554764.93,65.67,787834.83,2671398.21,694389.76,4153622.8,-2598857.87,-1921658.03,-81.17,-2053097.72,1504888.54,276,4599325.5,-9.69,35.22
FIN-2023-00137,2023,Q3,2023-Q3,AIDS,Artificial Intelligence & Data Solutions,ENG,Core Engineering & Software R&D,2798537.25,950812.81,1847724.44,66.02,3369298.79,2321705.1,469503.34,6160507.23,-4312782.79,-3891368.9,-139.05,-3407098.4,936475.31,155,6355842.46,-3.07,17.54
FIN-2023-00138,2023,Q3,2023-Q3,AIDS,Artificial Intelligence & Data Solutions,SALES,Global Enterprise Sales & Field Ops,4676825.94,1509298.0,3167527.94,67.73,842293.46,1359993.76,1133510.43,3335797.65,-168269.71,-60173.44,-1.29,-132933.07,240213.94,119,3314323.98,0.65,14.64
FIN-2023-00139,2023,Q3,2023-Q3,AIDS,Artificial Intelligence & Data Solutions,MKTG,Global Growth & Brand Marketing,18452883.62,5727788.27,12725095.35,68.96,2468007.59,484636.72,852452.3,3805096.61,8919998.74,9148216.06,49.58,7046799.0,507149.6,372,4241598.48,-10.29,25.99
FIN-2023-00140,2023,Q3,2023-Q3,AIDS,Artificial Intelligence & Data Solutions,CSM,Customer Success & Technical Account Mgmt,12997061.09,3075570.79,9921490.3,76.34,2767684.09,922261.64,966442.94,4656388.67,5265101.63,5545234.16,42.67,4159430.29,622516.74,331,4339154.15,7.31,13.07
FIN-2023-00141,2023,Q3,2023-Q3,AIDS,Artificial Intelligence & Data Solutions,OPS,Cloud Infrastructure & Network Operations,14127071.65,3027395.38,11099676.27,78.57,2392774.73,1537010.98,1143988.11,5073773.82,6025902.45,6607392.34,46.77,4760462.94,1292199.75,382,5402711.42,-6.09,15.34
FIN-2023-00142,2023,Q3,2023-Q3,AIDS,Artificial Intelligence & Data Solutions,GA,Corporate General & Administrative,3513745.11,916392.14,2597352.97,73.92,1592505.9,1892528.96,847242.47,4332277.33,-1734924.36,-1182580.96,-33.66,-1370590.24,1227429.77,167,4021972.91,7.72,30.82
FIN-2023-00143,2023,Q3,2023-Q3,AIDS,Artificial Intelligence & Data Solutions,LEGAL,"Legal, Risk & Compliance",6134278.31,1113321.33,5020956.98,81.85,911729.35,2008401.78,605988.81,3526119.94,1494837.04,1920028.08,31.3,1180921.26,944868.98,479,3804844.58,-7.33,24.59
FIN-2023-00144,2023,Q3,2023-Q3,AIDS,Artificial Intelligence & Data Solutions,PROD,Product Strategy & User Experience,1074166.0,367961.68,706204.32,65.74,437440.45,1069831.19,180126.12,1687397.76,-981193.44,-800566.54,-74.53,-775142.82,401393.12,123,1559369.18,8.21,27.2
FIN-2023-00145,2023,Q3,2023-Q3,CZTI,Cybersecurity & Zero-Trust Infrastructure,ENG,Core Engineering & Software R&D,2349925.7,815905.5,1534020.2,65.28,609325.5,344136.38,189632.88,1143094.76,390925.44,925000.29,39.36,308831.1,1186833.01,414,1076653.53,6.17,23.88
FIN-2023-00146,2023,Q3,2023-Q3,CZTI,Cybersecurity & Zero-Trust Infrastructure,SALES,Global Enterprise Sales & Field Ops,3546192.33,1211170.8,2335021.53,65.85,2907518.69,2429506.13,267975.61,5605000.43,-3269978.9,-2429248.38,-68.5,-2583283.33,1868290.04,39,6111842.21,-8.29,23.46
FIN-2023-00147,2023,Q3,2023-Q3,CZTI,Cybersecurity & Zero-Trust Infrastructure,MKTG,Global Growth & Brand Marketing,18128996.41,4745809.19,13383187.22,73.82,749769.48,596160.23,454798.79,1800728.5,11582458.72,12015640.11,66.28,9150142.39,962625.31,297,1714493.58,5.03,18.59
FIN-2023-00148,2023,Q3,2023-Q3,CZTI,Cybersecurity & Zero-Trust Infrastructure,CSM,Customer Success & Technical Account Mgmt,19040703.71,6012928.44,13027775.27,68.42,3071317.68,2474718.22,334993.34,5881029.24,7146746.03,7427812.39,39.01,5645929.36,624591.91,100,5828195.53,0.91,27.09
FIN-2023-00149,2023,Q3,2023-Q3,CZTI,Cybersecurity & Zero-Trust Infrastructure,OPS,Cloud Infrastructure & Network Operations,8836545.79,2967040.02,5869505.77,66.42,1974657.86,441346.66,652154.6,3068159.12,2801346.65,3330088.03,37.69,2213063.85,1174980.85,180,3008389.44,1.99,35.26
FIN-2023-00150,2023,Q3,2023-Q3,CZTI,Cybersecurity & Zero-Trust Infrastructure,GA,Corporate General & Administrative,1761638.78,574608.47,1187030.31,67.38,1519300.57,1896818.39,1143061.56,4559180.52,-3372150.21,-2738033.59,-155.43,-2663998.67,1409148.04,139,4251560.04,7.24,18.81
FIN-2023-00151,2023,Q3,2023-Q3,CZTI,Cybersecurity & Zero-Trust Infrastructure,LEGAL,"Legal, Risk & Compliance",2831271.65,659816.63,2171455.02,76.7,2822139.73,1286750.36,340647.98,4449538.07,-2278083.05,-1532075.84,-54.11,-1799685.61,1657793.81,484,4915316.66,-9.48,19.28
FIN-2023-00152,2023,Q3,2023-Q3,CZTI,Cybersecurity & Zero-Trust Infrastructure,PROD,Product Strategy & User Experience,901922.84,254193.84,647729.0,71.82,1976267.88,689407.44,1091380.66,3757055.98,-3109326.98,-2368785.7,-262.64,-2456368.31,1645647.28,48,3536531.47,6.24,16.53
FIN-2023-00153,2023,Q3,2023-Q3,GHSS,Global Hardware & Semiconductor Systems,ENG,Core Engineering & Software R&D,2043216.61,381588.94,1661627.67,81.32,636389.1,1846670.15,783675.01,3266734.26,-1605106.59,-955580.72,-46.77,-1268034.21,1443390.82,368,3305385.08,-1.17,9.74
FIN-2023-00154,2023,Q3,2023-Q3,GHSS,Global Hardware & Semiconductor Systems,SALES,Global Enterprise Sales & Field Ops,14738096.2,2680451.72,12057644.48,81.81,1257679.82,2578372.18,1100832.45,4936884.45,7120760.03,7678299.03,52.1,5625400.42,1238975.55,452,4572846.16,7.96,27.9
FIN-2023-00155,2023,Q3,2023-Q3,GHSS,Global Hardware & Semiconductor Systems,MKTG,Global Growth & Brand Marketing,2923163.91,658686.63,2264477.28,77.47,961137.52,848099.89,517430.57,2326667.98,-62190.7,220617.62,7.55,-49130.65,628462.94,197,2586042.81,-10.03,29.36
FIN-2023-00156,2023,Q3,2023-Q3,GHSS,Global Hardware & Semiconductor Systems,CSM,Customer Success & Technical Account Mgmt,19020159.74,3821375.18,15198784.56,79.91,1142120.71,2273879.6,1151242.32,4567242.63,10631541.93,11246185.47,59.13,8398918.12,1365874.53,324,4304497.04,6.1,10.81
FIN-2023-00157,2023,Q3,2023-Q3,GHSS,Global Hardware & Semiconductor Systems,OPS,Cloud Infrastructure & Network Operations,7376330.74,2247990.79,5128339.95,69.52,1160788.87,2071157.14,754014.86,3985960.87,1142379.08,1460167.24,19.8,902479.47,706195.92,245,4392453.38,-9.25,28.19
FIN-2023-00158,2023,Q3,2023-Q3,GHSS,Global Hardware & Semiconductor Systems,GA,Corporate General & Administrative,1631539.49,389559.36,1241980.13,76.12,3139861.41,2282005.91,306976.29,5728843.61,-4486863.48,-3846696.8,-235.77,-3544622.15,1422592.62,211,5616778.03,2.0,31.46
FIN-2023-00159,2023,Q3,2023-Q3,GHSS,Global Hardware & Semiconductor Systems,LEGAL,"Legal, Risk & Compliance",1494562.26,301394.01,1193168.25,79.83,2111150.93,1245615.52,998942.07,4355708.52,-3162540.27,-2949708.01,-197.36,-2498406.81,472960.57,214,4234080.84,2.87,25.9
FIN-2023-00160,2023,Q3,2023-Q3,GHSS,Global Hardware & Semiconductor Systems,PROD,Product Strategy & User Experience,3763431.88,973727.54,2789704.34,74.13,3372062.79,1809296.49,887532.64,6068891.92,-3279187.58,-2756389.69,-73.24,-2590558.19,1161773.08,290,5767734.85,5.22,18.41
FIN-2023-00161,2023,Q3,2023-Q3,DCBM,Digital Commerce & B2B Marketplace,ENG,Core Engineering & Software R&D,2481917.12,757120.7,1724796.42,69.49,1445154.09,1083933.33,968012.1,3497099.52,-1772303.1,-1404903.26,-56.61,-1400119.45,816444.09,345,3278021.68,6.68,13.51
FIN-2023-00162,2023,Q3,2023-Q3,DCBM,Digital Commerce & B2B Marketplace,SALES,Global Enterprise Sales & Field Ops,3046455.27,994182.28,2052272.99,67.37,3036661.09,1252373.45,1015925.47,5304960.01,-3252687.02,-2494848.48,-81.89,-2569622.75,1684085.64,428,5028049.75,5.51,23.73
FIN-2023-00163,2023,Q3,2023-Q3,DCBM,Digital Commerce & B2B Marketplace,MKTG,Global Growth & Brand Marketing,9757743.64,3148299.18,6609444.46,67.74,2120062.23,2174000.51,464281.29,4758344.03,1851100.43,2614657.59,26.8,1462369.34,1696793.69,225,4413841.0,7.81,21.93
FIN-2023-00164,2023,Q3,2023-Q3,DCBM,Digital Commerce & B2B Marketplace,CSM,Customer Success & Technical Account Mgmt,10950600.27,2918113.02,8032487.25,73.35,2197585.03,1576286.13,554639.79,4328510.95,3703976.3,4466867.6,40.79,2926141.28,1695314.0,271,4413628.58,-1.93,16.52
FIN-2023-00165,2023,Q3,2023-Q3,DCBM,Digital Commerce & B2B Marketplace,OPS,Cloud Infrastructure & Network Operations,6576623.48,2108719.51,4467903.97,67.94,2303136.76,2550122.25,929656.03,5782915.04,-1315011.07,-523256.77,-7.96,-1038858.75,1759454.01,271,5716853.12,1.16,30.04
FIN-2023-00166,2023,Q3,2023-Q3,DCBM,Digital Commerce & B2B Marketplace,GA,Corporate General & Administrative,1735831.24,476548.63,1259282.61,72.55,608786.69,1679555.12,568339.58,2856681.39,-1597398.78,-1415247.86,-81.53,-1261945.04,404779.83,112,3198831.77,-10.7,17.35
FIN-2023-00167,2023,Q3,2023-Q3,DCBM,Digital Commerce & B2B Marketplace,LEGAL,"Legal, Risk & Compliance",4351891.75,1304119.98,3047771.77,70.03,2804508.94,848704.7,934057.5,4587271.14,-1539499.37,-827671.59,-19.02,-1216204.5,1581839.52,66,4888556.51,-6.16,10.53
FIN-2023-00168,2023,Q3,2023-Q3,DCBM,Digital Commerce & B2B Marketplace,PROD,Product Strategy & User Experience,1203190.8,278481.3,924709.5,76.85,1963120.56,1896629.94,1175869.89,5035620.39,-4110910.89,-3999565.88,-332.41,-3247619.6,247433.35,157,5408217.09,-6.89,34.53
FIN-2023-00169,2023,Q3,2023-Q3,SFTP,Strategic FinTech & Payments Hub,ENG,Core Engineering & Software R&D,2000066.98,673335.43,1326731.55,66.33,1673655.84,510649.06,767054.66,2951359.56,-1624628.01,-1206205.29,-60.31,-1283456.13,929828.27,345,2860558.32,3.17,16.71
FIN-2023-00170,2023,Q3,2023-Q3,SFTP,Strategic FinTech & Payments Hub,SALES,Global Enterprise Sales & Field Ops,10264212.18,2593460.99,7670751.19,74.73,1543139.15,766627.64,1116223.61,3425990.4,4244760.79,4837059.47,47.13,3353361.02,1316219.29,368,3154027.51,8.62,11.73
FIN-2023-00171,2023,Q3,2023-Q3,SFTP,Strategic FinTech & Payments Hub,MKTG,Global Growth & Brand Marketing,14186960.18,4927909.23,9259050.95,65.26,2640044.8,2631274.72,1092633.34,6363952.86,2895098.09,3028651.23,21.35,2287127.49,296784.75,227,6540109.16,-2.69,30.92
FIN-2023-00172,2023,Q3,2023-Q3,SFTP,Strategic FinTech & Payments Hub,CSM,Customer Success & Technical Account Mgmt,10812031.8,3171869.38,7640162.42,70.66,3173210.26,1166371.53,821298.52,5160880.31,2479282.11,2978739.96,27.55,1958632.87,1109906.33,455,4869533.66,5.98,35.12
FIN-2023-00173,2023,Q3,2023-Q3,SFTP,Strategic FinTech & Payments Hub,OPS,Cloud Infrastructure & Network Operations,15422003.06,5266938.58,10155064.48,65.85,3331718.6,422672.39,706935.78,4461326.77,5693737.71,6012040.15,38.98,4498052.79,707338.76,79,4872691.01,-8.44,29.16
FIN-2023-00174,2023,Q3,2023-Q3,SFTP,Strategic FinTech & Payments Hub,GA,Corporate General & Administrative,1232783.36,397826.65,834956.71,67.73,477108.32,1955441.4,514055.02,2946604.74,-2111648.03,-1667768.2,-135.28,-1668201.94,986399.62,64,2899020.36,1.64,23.27
FIN-2023-00175,2023,Q3,2023-Q3,SFTP,Strategic FinTech & Payments Hub,LEGAL,"Legal, Risk & Compliance",2224500.03,637426.01,1587074.02,71.35,748081.04,2113195.69,242788.74,3104065.47,-1516991.45,-838953.14,-37.71,-1198423.25,1506751.79,176,2938726.23,5.63,35.56
FIN-2023-00176,2023,Q3,2023-Q3,SFTP,Strategic FinTech & Payments Hub,PROD,Product Strategy & User Experience,1760822.93,335218.85,1425604.08,80.96,1698396.21,1239756.84,602623.62,3540776.67,-2115172.59,-1283345.91,-72.88,-1670986.35,1848503.73,232,3365107.49,5.22,27.83
FIN-2023-00177,2023,Q3,2023-Q3,PST,Professional Services & Transformation,ENG,Core Engineering & Software R&D,2727295.0,521141.93,2206153.07,80.89,1494454.68,972417.8,1088513.67,3555386.15,-1349233.08,-1022522.75,-37.49,-1065894.13,726022.95,472,3796772.66,-6.36,19.34
FIN-2023-00178,2023,Q3,2023-Q3,PST,Professional Services & Transformation,SALES,Global Enterprise Sales & Field Ops,13327965.12,3167603.68,10160361.44,76.23,1412404.98,2679251.17,771476.47,4863132.62,5297228.82,6016064.39,45.14,4184810.77,1597412.38,185,5206504.06,-6.6,15.82
FIN-2023-00179,2023,Q3,2023-Q3,PST,Professional Services & Transformation,MKTG,Global Growth & Brand Marketing,10635704.1,2481461.15,8154242.95,76.67,609978.47,396792.21,545216.28,1551986.96,6602255.99,7177899.09,67.49,5215782.23,1279206.89,188,1704389.01,-8.94,27.21
FIN-2023-00180,2023,Q3,2023-Q3,PST,Professional Services & Transformation,CSM,Customer Success & Technical Account Mgmt,17843268.24,3989255.26,13854012.98,77.64,2771665.13,2138655.38,550312.21,5460632.72,8393380.26,8624675.73,48.34,6630770.41,513989.93,479,5940065.92,-8.07,8.68
FIN-2023-00181,2023,Q3,2023-Q3,PST,Professional Services & Transformation,OPS,Cloud Infrastructure & Network Operations,7855532.92,1882585.39,5972947.53,76.03,2395098.75,2383799.94,195354.02,4974252.71,998694.82,1670008.6,21.26,788968.91,1491808.41,128,4579623.45,8.62,31.34
FIN-2023-00182,2023,Q3,2023-Q3,PST,Professional Services & Transformation,GA,Corporate General & Administrative,2354216.62,723347.09,1630869.53,69.27,2505994.77,1625843.09,974515.16,5106353.02,-3475483.49,-3236650.3,-137.48,-2745631.96,530740.43,76,5302800.33,-3.7,13.95
FIN-2023-00183,2023,Q3,2023-Q3,PST,Professional Services & Transformation,LEGAL,"Legal, Risk & Compliance",2789063.04,758931.57,2030131.47,72.79,3188258.48,954387.25,219202.95,4361848.68,-2331717.21,-1642521.93,-58.89,-1842056.6,1531545.06,105,4773790.93,-8.63,30.28
FIN-2023-00184,2023,Q3,2023-Q3,PST,Professional Services & Transformation,PROD,Product Strategy & User Experience,1244192.17,255216.54,988975.63,79.49,867925.08,587723.23,719715.35,2175363.66,-1186388.03,-655171.79,-52.66,-937246.54,1180480.53,94,2334384.56,-6.81,28.68
FIN-2023-00185,2023,Q3,2023-Q3,ARDQ,Advanced R&D & Quantum Computing,ENG,Core Engineering & Software R&D,625042.81,192714.31,432328.5,69.17,3127607.58,1897972.82,172623.78,5198204.18,-4765875.68,-4201760.18,-672.24,-3765041.79,1253590.0,88,5104097.14,1.84,18.17
FIN-2023-00186,2023,Q3,2023-Q3,ARDQ,Advanced R&D & Quantum Computing,SALES,Global Enterprise Sales & Field Ops,7912428.56,1629289.21,6283139.35,79.41,1181112.22,1714154.16,735603.47,3630869.85,2652269.5,2791893.56,35.28,2095292.91,310275.68,89,3583970.08,1.31,22.05
FIN-2023-00187,2023,Q3,2023-Q3,ARDQ,Advanced R&D & Quantum Computing,MKTG,Global Growth & Brand Marketing,2921785.67,1013570.56,1908215.11,65.31,996016.99,944108.29,444688.93,2384814.21,-476599.1,-302539.6,-10.35,-376513.29,386798.88,437,2383210.18,0.07,27.73
FIN-2023-00188,2023,Q3,2023-Q3,ARDQ,Advanced R&D & Quantum Computing,CSM,Customer Success & Technical Account Mgmt,8040889.18,2117098.65,5923790.53,73.67,3409733.05,749848.34,327101.64,4486683.03,1437107.5,1587250.54,19.74,1135314.93,333651.21,84,4351693.34,3.1,13.63
FIN-2023-00189,2023,Q3,2023-Q3,ARDQ,Advanced R&D & Quantum Computing,OPS,Cloud Infrastructure & Network Operations,17422553.38,4907353.09,12515200.29,71.83,2608209.03,1092088.9,496885.24,4197183.17,8318017.12,8619623.98,49.47,6571233.52,670237.46,316,4096154.69,2.47,33.25
FIN-2023-00190,2023,Q3,2023-Q3,ARDQ,Advanced R&D & Quantum Computing,GA,Corporate General & Administrative,4291151.41,1166496.4,3124655.01,72.82,1692603.35,574764.5,727856.04,2995223.89,129431.12,355598.14,8.29,102250.58,502593.37,213,3000873.1,-0.19,32.14
FIN-2023-00191,2023,Q3,2023-Q3,ARDQ,Advanced R&D & Quantum Computing,LEGAL,"Legal, Risk & Compliance",2553077.62,468129.41,2084948.21,81.66,513903.84,1830053.44,190526.1,2534483.38,-449535.17,18958.93,0.74,-355132.78,1041098.01,253,2656714.83,-4.6,19.92
FIN-2023-00192,2023,Q3,2023-Q3,ARDQ,Advanced R&D & Quantum Computing,PROD,Product Strategy & User Experience,4098153.8,1354242.0,2743911.8,66.95,1140421.89,756560.63,287137.48,2184120.0,559791.8,767844.76,18.74,442235.52,462339.92,160,2429531.35,-10.1,14.97
FIN-2023-00193,2023,Q4,2023-Q4,ECP,Enterprise Cloud Platform,ENG,Core Engineering & Software R&D,554799.34,108363.51,446435.83,80.47,987641.26,664123.24,994792.49,2646556.99,-2200121.16,-1852571.71,-333.92,-1738095.72,772332.12,381,2537043.8,4.32,35.52
FIN-2023-00194,2023,Q4,2023-Q4,ECP,Enterprise Cloud Platform,SALES,Global Enterprise Sales & Field Ops,7749613.9,1523879.31,6225734.59,80.34,2233236.98,609181.7,596497.74,3438916.42,2786818.17,2937766.1,37.91,2201586.35,335439.85,378,3218226.63,6.86,23.02
FIN-2023-00195,2023,Q4,2023-Q4,ECP,Enterprise Cloud Platform,MKTG,Global Growth & Brand Marketing,5355386.02,1801579.87,3553806.15,66.36,2955407.52,1917351.92,1161782.44,6034541.88,-2480735.73,-2092061.36,-39.06,-1959781.23,863720.83,119,5843153.19,3.28,12.2
FIN-2023-00196,2023,Q4,2023-Q4,ECP,Enterprise Cloud Platform,CSM,Customer Success & Technical Account Mgmt,9790458.97,2649193.49,7141265.48,72.94,894912.85,556354.59,352356.01,1803623.45,5337642.03,5796638.65,59.21,4216737.2,1019992.49,259,2017405.11,-10.6,25.03
FIN-2023-00197,2023,Q4,2023-Q4,ECP,Enterprise Cloud Platform,OPS,Cloud Infrastructure & Network Operations,8966858.74,2158904.4,6807954.34,75.92,482999.72,1600019.15,842961.7,2925980.57,3881973.77,4109136.05,45.83,3066759.28,504805.06,46,3193087.68,-8.37,17.02
FIN-2023-00198,2023,Q4,2023-Q4,ECP,Enterprise Cloud Platform,GA,Corporate General & Administrative,2160732.08,725046.18,1435685.9,66.44,1332721.53,1801520.27,1177628.28,4311870.08,-2876184.18,-2109279.98,-97.62,-2272185.5,1704231.56,359,4007661.46,7.59,31.85
FIN-2023-00199,2023,Q4,2023-Q4,ECP,Enterprise Cloud Platform,LEGAL,"Legal, Risk & Compliance",4258888.38,1060213.33,3198675.05,75.11,681395.65,693385.87,688241.99,2063023.51,1135651.54,1628454.2,38.24,897164.72,1095117.02,326,2303660.25,-10.45,33.05
FIN-2023-00200,2023,Q4,2023-Q4,ECP,Enterprise Cloud Platform,PROD,Product Strategy & User Experience,611877.02,152318.2,459558.82,75.11,2398699.96,1206163.83,1141795.39,4746659.18,-4287100.36,-3715841.09,-607.29,-3386809.28,1269465.05,431,4765378.97,-0.39,25.18
FIN-2023-00201,2023,Q4,2023-Q4,AIDS,Artificial Intelligence & Data Solutions,ENG,Core Engineering & Software R&D,1153821.43,280315.53,873505.9,75.71,3260723.19,2355643.84,189248.71,5805615.74,-4932109.84,-4251292.93,-368.45,-3896366.77,1512926.46,448,6373926.09,-8.92,11.31
FIN-2023-00202,2023,Q4,2023-Q4,AIDS,Artificial Intelligence & Data Solutions,SALES,Global Enterprise Sales & Field Ops,5317291.57,1407770.89,3909520.68,73.52,2701374.78,874943.97,847728.65,4424047.4,-514526.72,-216824.6,-4.08,-406476.11,661560.27,48,4895323.08,-9.63,23.91
FIN-2023-00203,2023,Q4,2023-Q4,AIDS,Artificial Intelligence & Data Solutions,MKTG,Global Growth & Brand Marketing,3133986.61,668717.2,2465269.41,78.66,1819583.72,474624.7,1109043.96,3403252.38,-937982.97,-186876.87,-5.96,-741006.55,1669124.66,176,3307107.4,2.91,30.07
FIN-2023-00204,2023,Q4,2023-Q4,AIDS,Artificial Intelligence & Data Solutions,CSM,Customer Success & Technical Account Mgmt,16845196.2,3402807.92,13442388.28,79.8,1314882.86,1165131.22,926116.46,3406130.54,10036257.74,10788156.74,64.04,7928643.61,1670886.66,288,3442681.78,-1.06,23.89
FIN-2023-00205,2023,Q4,2023-Q4,AIDS,Artificial Intelligence & Data Solutions,OPS,Cloud Infrastructure & Network Operations,12999836.89,2407242.32,10592594.57,81.48,1449902.64,2271276.78,762828.22,4484007.64,6108586.93,6304230.08,48.49,4825783.67,434762.55,237,4444806.75,0.88,23.95
FIN-2023-00206,2023,Q4,2023-Q4,AIDS,Artificial Intelligence & Data Solutions,GA,Corporate General & Administrative,5871069.52,1990048.81,3881020.71,66.1,3516609.44,1521391.57,313928.54,5351929.55,-1470908.84,-1017858.42,-17.34,-1162017.98,1006778.71,237,5560181.09,-3.75,26.01
FIN-2023-00207,2023,Q4,2023-Q4,AIDS,Artificial Intelligence & Data Solutions,LEGAL,"Legal, Risk & Compliance",5908897.49,1428859.02,4480038.47,75.82,624763.21,892559.72,425336.06,1942658.99,2537379.48,3269777.37,55.34,2004529.79,1627550.87,396,1820849.51,6.69,32.94
FIN-2023-00208,2023,Q4,2023-Q4,AIDS,Artificial Intelligence & Data Solutions,PROD,Product Strategy & User Experience,3863672.38,953673.61,2909998.77,75.32,3395272.45,2293814.61,1035854.47,6724941.53,-3814942.76,-3455739.01,-89.44,-3013804.78,798230.56,494,6832021.66,-1.57,8.54
FIN-2023-00209,2023,Q4,2023-Q4,CZTI,Cybersecurity & Zero-Trust Infrastructure,ENG,Core Engineering & Software R&D,823029.48,188315.75,634713.73,77.12,1913956.54,938318.31,746983.44,3599258.29,-2964544.56,-2496371.49,-303.31,-2341990.2,1040384.61,190,3393923.2,6.05,9.18
FIN-2023-00210,2023,Q4,2023-Q4,CZTI,Cybersecurity & Zero-Trust Infrastructure,SALES,Global Enterprise Sales & Field Ops,12863084.47,4287570.2,8575514.27,66.67,2268325.2,1973520.43,1187871.98,5429717.61,3145796.66,3642403.94,28.32,2485179.36,1103571.73,361,5910226.01,-8.13,26.86
FIN-2023-00211,2023,Q4,2023-Q4,CZTI,Cybersecurity & Zero-Trust Infrastructure,MKTG,Global Growth & Brand Marketing,11889410.06,2792790.78,9096619.28,76.51,654708.56,964911.21,552768.96,2172388.73,6924230.55,7183215.39,60.42,5470142.13,575521.86,221,2416200.3,-10.09,28.13
FIN-2023-00212,2023,Q4,2023-Q4,CZTI,Cybersecurity & Zero-Trust Infrastructure,CSM,Customer Success & Technical Account Mgmt,6817625.68,1304820.63,5512805.05,80.86,2163968.4,459066.33,761668.25,3384702.98,2128102.07,2607521.02,38.25,1681200.64,1065375.45,39,3436741.73,-1.51,25.77
FIN-2023-00213,2023,Q4,2023-Q4,CZTI,Cybersecurity & Zero-Trust Infrastructure,OPS,Cloud Infrastructure & Network Operations,16127736.12,4326164.35,11801571.77,73.18,3482738.03,1876871.42,280165.09,5639774.54,6161797.23,6762813.53,41.93,4867819.81,1335591.78,68,5740728.86,-1.76,14.13
FIN-2023-00214,2023,Q4,2023-Q4,CZTI,Cybersecurity & Zero-Trust Infrastructure,GA,Corporate General & Administrative,4741298.64,879345.49,3861953.15,81.45,2591225.8,553183.05,943080.81,4087489.66,-225536.51,241951.26,5.1,-178173.84,1038861.71,174,4393184.68,-6.96,9.0
FIN-2023-00215,2023,Q4,2023-Q4,CZTI,Cybersecurity & Zero-Trust Infrastructure,LEGAL,"Legal, Risk & Compliance",5276144.72,1785619.36,3490525.36,66.16,1688357.98,1957728.0,726051.81,4372137.79,-881612.43,-578640.21,-10.97,-696473.82,673271.6,266,4838865.66,-9.65,35.48
FIN-2023-00216,2023,Q4,2023-Q4,CZTI,Cybersecurity & Zero-Trust Infrastructure,PROD,Product Strategy & User Experience,4258739.33,808298.8,3450440.53,81.02,2989771.94,1888364.14,738056.2,5616192.28,-2165751.75,-1520115.73,-35.69,-1710943.88,1434746.72,207,5666244.42,-0.88,23.38
FIN-2023-00217,2023,Q4,2023-Q4,GHSS,Global Hardware & Semiconductor Systems,ENG,Core Engineering & Software R&D,5192996.42,1690654.23,3502342.19,67.44,731565.09,1870310.77,217466.25,2819342.11,683000.08,1566550.96,30.17,539570.06,1963446.39,64,2777296.48,1.51,31.7
FIN-2023-00218,2023,Q4,2023-Q4,GHSS,Global Hardware & Semiconductor Systems,SALES,Global Enterprise Sales & Field Ops,9557091.79,2678364.0,6878727.79,71.98,782286.88,2339308.65,1148048.5,4269644.03,2609083.76,3065745.68,32.08,2061176.17,1014804.27,421,4499542.1,-5.11,13.97
FIN-2023-00219,2023,Q4,2023-Q4,GHSS,Global Hardware & Semiconductor Systems,MKTG,Global Growth & Brand Marketing,11652289.29,2372103.04,9280186.25,79.64,2316815.58,1628895.72,387314.4,4333025.7,4947160.55,5209490.29,44.71,3908256.83,582954.98,212,4097986.85,5.74,26.84
FIN-2023-00220,2023,Q4,2023-Q4,GHSS,Global Hardware & Semiconductor Systems,CSM,Customer Success & Technical Account Mgmt,15605100.96,4985377.14,10619723.82,68.05,2428056.98,1893232.66,180805.3,4502094.94,6117628.88,6807368.07,43.62,4832926.82,1532753.76,192,4166880.06,8.04,12.19
FIN-2023-00221,2023,Q4,2023-Q4,GHSS,Global Hardware & Semiconductor Systems,OPS,Cloud Infrastructure & Network Operations,4689967.58,1418601.24,3271366.34,69.75,2715818.06,2356175.31,872966.75,5944960.12,-2673593.78,-2264626.25,-48.29,-2112139.09,908816.73,229,5605400.66,6.06,32.95
FIN-2023-00222,2023,Q4,2023-Q4,GHSS,Global Hardware & Semiconductor Systems,GA,Corporate General & Administrative,6009577.78,2024759.23,3984818.55,66.31,1245919.1,824400.37,844774.76,2915094.23,1069724.32,1826545.73,30.39,845082.21,1681825.36,378,2708128.95,7.64,24.41
FIN-2023-00223,2023,Q4,2023-Q4,GHSS,Global Hardware & Semiconductor Systems,LEGAL,"Legal, Risk & Compliance",3949242.72,1038117.17,2911125.55,73.71,3052611.39,1712040.84,378667.81,5143320.04,-2232194.49,-2021924.06,-51.2,-1763433.65,467267.62,112,4750547.74,8.27,14.69
FIN-2023-00224,2023,Q4,2023-Q4,GHSS,Global Hardware & Semiconductor Systems,PROD,Product Strategy & User Experience,3558293.23,1012112.82,2546180.41,71.56,1939821.39,1729765.2,1029093.7,4698680.29,-2152499.88,-1784281.34,-50.14,-1700474.91,818263.42,188,4485611.86,4.75,24.68
FIN-2023-00225,2023,Q4,2023-Q4,DCBM,Digital Commerce & B2B Marketplace,ENG,Core Engineering & Software R&D,3555989.91,725710.59,2830279.32,79.59,3311980.82,404540.61,234470.24,3950991.67,-1120712.35,-527673.0,-14.84,-885362.76,1317865.23,104,3949513.68,0.04,34.3
FIN-2023-00226,2023,Q4,2023-Q4,DCBM,Digital Commerce & B2B Marketplace,SALES,Global Enterprise Sales & Field Ops,11154682.09,2176103.52,8978578.57,80.49,1314201.77,2769268.25,474171.39,4557641.41,4420937.16,4536394.38,40.67,3492540.36,256571.6,222,4819702.29,-5.44,31.76
FIN-2023-00227,2023,Q4,2023-Q4,DCBM,Digital Commerce & B2B Marketplace,MKTG,Global Growth & Brand Marketing,14059413.44,2673813.93,11385599.51,80.98,1926954.48,1528442.23,1080818.75,4536215.46,6849384.05,7387241.59,52.54,5411013.4,1195238.98,334,4439879.53,2.17,27.52
FIN-2023-00228,2023,Q4,2023-Q4,DCBM,Digital Commerce & B2B Marketplace,CSM,Customer Success & Technical Account Mgmt,7628276.81,2401927.49,5226349.32,68.51,622226.93,2585306.25,276400.71,3483933.89,1742415.43,2234977.81,29.3,1376508.19,1094583.06,419,3607643.22,-3.43,13.29
FIN-2023-00229,2023,Q4,2023-Q4,DCBM,Digital Commerce & B2B Marketplace,OPS,Cloud Infrastructure & Network Operations,10162625.98,3370011.99,6792613.99,66.84,2854343.04,2507550.23,1002747.39,6364640.66,427973.33,674025.55,6.63,338098.93,546782.72,390,7098243.76,-10.33,18.98
FIN-2023-00230,2023,Q4,2023-Q4,DCBM,Digital Commerce & B2B Marketplace,GA,Corporate General & Administrative,1807896.15,453061.56,1354834.59,74.94,1732998.45,2142586.51,182694.71,4058279.67,-2703445.08,-2511765.77,-138.93,-2135721.61,425954.02,383,4206502.07,-3.52,29.28
FIN-2023-00231,2023,Q4,2023-Q4,DCBM,Digital Commerce & B2B Marketplace,LEGAL,"Legal, Risk & Compliance",4598586.32,1002244.04,3596342.28,78.21,2299745.79,2684592.84,513967.32,5498305.95,-1901963.67,-1530271.68,-33.28,-1502551.3,825982.21,164,5580773.81,-1.48,10.13
FIN-2023-00232,2023,Q4,2023-Q4,DCBM,Digital Commerce & B2B Marketplace,PROD,Product Strategy & User Experience,4050029.1,1067464.68,2982564.42,73.64,1939362.04,1836801.03,1082490.89,4858653.96,-1876089.54,-1203039.71,-29.7,-1482110.74,1495666.29,395,4590359.5,5.84,25.0
FIN-2023-00233,2023,Q4,2023-Q4,SFTP,Strategic FinTech & Payments Hub,ENG,Core Engineering & Software R&D,1668217.18,450441.4,1217775.78,73.0,1627836.9,2602448.9,1133276.62,5363562.42,-4145786.64,-3673845.38,-220.23,-3275171.45,1048758.36,256,5047016.8,6.27,31.95
FIN-2023-00234,2023,Q4,2023-Q4,SFTP,Strategic FinTech & Payments Hub,SALES,Global Enterprise Sales & Field Ops,15911281.46,4025019.33,11886262.13,74.7,1062805.86,2336131.85,467628.83,3866566.54,8019695.59,8324967.79,52.32,6335559.52,678382.67,373,4030790.41,-4.07,10.92
FIN-2023-00235,2023,Q4,2023-Q4,SFTP,Strategic FinTech & Payments Hub,MKTG,Global Growth & Brand Marketing,12409540.91,4325025.14,8084515.77,65.15,2265621.21,1084211.23,1019941.96,4369774.4,3714741.37,3986613.14,32.13,2934645.68,604159.49,501,4690993.31,-6.85,33.13
FIN-2023-00236,2023,Q4,2023-Q4,SFTP,Strategic FinTech & Payments Hub,CSM,Customer Success & Technical Account Mgmt,7289547.7,1382410.26,5907137.44,81.04,1500372.18,1818367.13,324222.92,3642962.23,2264175.21,2611990.11,35.83,1788698.42,772921.99,185,3476057.45,4.8,32.74
FIN-2023-00237,2023,Q4,2023-Q4,SFTP,Strategic FinTech & Payments Hub,OPS,Cloud Infrastructure & Network Operations,13296566.32,4085992.64,9210573.68,69.27,2422894.82,381475.59,540648.86,3345019.27,5865554.41,5946424.74,44.72,4633787.98,179711.85,64,3739774.31,-10.56,21.08
FIN-2023-00238,2023,Q4,2023-Q4,SFTP,Strategic FinTech & Payments Hub,GA,Corporate General & Administrative,4305573.28,1426690.46,2878882.82,66.86,2102361.02,2082372.84,703701.87,4888435.73,-2009552.91,-1591766.2,-36.97,-1587546.8,928414.9,410,5405035.98,-9.56,29.8
FIN-2023-00239,2023,Q4,2023-Q4,SFTP,Strategic FinTech & Payments Hub,LEGAL,"Legal, Risk & Compliance",865007.88,230250.51,634757.37,73.38,2042529.5,1854984.24,912771.14,4810284.88,-4175527.51,-3545409.71,-409.87,-3298666.73,1400261.78,357,5383939.07,-10.65,12.65
FIN-2023-00240,2023,Q4,2023-Q4,SFTP,Strategic FinTech & Payments Hub,PROD,Product Strategy & User Experience,7483634.29,2580112.71,4903521.58,65.52,2199576.63,1661677.24,523525.43,4384779.3,518742.28,1302569.38,17.41,409806.4,1741837.99,127,4556679.19,-3.77,25.16
FIN-2023-00241,2023,Q4,2023-Q4,PST,Professional Services & Transformation,ENG,Core Engineering & Software R&D,1498831.43,449364.23,1049467.2,70.02,521720.76,853825.06,976773.31,2352319.13,-1302851.93,-582680.1,-38.88,-1029253.02,1600381.85,437,2556775.48,-8.0,15.9
FIN-2023-00242,2023,Q4,2023-Q4,PST,Professional Services & Transformation,SALES,Global Enterprise Sales & Field Ops,3961496.17,909562.44,3051933.73,77.04,2908930.24,2048422.25,216353.82,5173706.31,-2121772.58,-1894950.3,-47.83,-1676200.34,504049.51,277,5607255.75,-7.73,29.25
FIN-2023-00243,2023,Q4,2023-Q4,PST,Professional Services & Transformation,MKTG,Global Growth & Brand Marketing,5896747.32,1673130.34,4223616.98,71.63,2359464.09,2008616.82,908826.62,5276907.53,-1053290.55,-968158.21,-16.42,-832099.53,189182.98,254,5134872.12,2.77,25.39
FIN-2023-00244,2023,Q4,2023-Q4,PST,Professional Services & Transformation,CSM,Customer Success & Technical Account Mgmt,16866611.15,3367668.56,13498942.59,80.03,2820179.98,370149.09,736538.83,3926867.9,9572074.69,9973323.91,59.13,7561939.01,891664.93,419,4300211.42,-8.68,28.41
FIN-2023-00245,2023,Q4,2023-Q4,PST,Professional Services & Transformation,OPS,Cloud Infrastructure & Network Operations,12272357.28,3357693.87,8914663.41,72.64,3194642.86,2712376.42,783107.48,6690126.76,2224536.65,2367728.72,19.29,1757383.95,318204.59,93,6835342.49,-2.12,16.74
FIN-2023-00246,2023,Q4,2023-Q4,PST,Professional Services & Transformation,GA,Corporate General & Administrative,2012855.41,551119.97,1461735.44,72.62,1377317.79,415543.9,973068.07,2765929.76,-1304194.32,-1176498.66,-58.45,-1030313.51,283768.14,418,2701465.7,2.39,33.46
FIN-2023-00247,2023,Q4,2023-Q4,PST,Professional Services & Transformation,LEGAL,"Legal, Risk & Compliance",6178848.96,1324180.88,4854668.08,78.57,3377153.5,1845538.9,596006.2,5818698.6,-964030.52,-413685.37,-6.7,-761584.11,1222989.23,67,6369731.07,-8.65,9.58
FIN-2023-00248,2023,Q4,2023-Q4,PST,Professional Services & Transformation,PROD,Product Strategy & User Experience,866454.91,219070.55,647384.36,74.72,869360.53,1547421.57,1185945.03,3602727.13,-2955342.77,-2431363.4,-280.61,-2334720.79,1164398.61,311,3610164.22,-0.21,32.67
FIN-2023-00249,2023,Q4,2023-Q4,ARDQ,Advanced R&D & Quantum Computing,ENG,Core Engineering & Software R&D,894424.53,225196.94,669227.59,74.82,1720161.92,1842456.51,416399.04,3979017.47,-3309789.88,-2725771.44,-304.75,-2614734.01,1297818.75,453,4385514.1,-9.27,27.15
FIN-2023-00250,2023,Q4,2023-Q4,ARDQ,Advanced R&D & Quantum Computing,SALES,Global Enterprise Sales & Field Ops,9234872.59,2399938.19,6834934.4,74.01,1612717.77,1927446.43,798930.13,4339094.33,2495840.07,2903269.77,31.44,1971713.66,905399.33,116,4692704.67,-7.54,27.41
FIN-2023-00251,2023,Q4,2023-Q4,ARDQ,Advanced R&D & Quantum Computing,MKTG,Global Growth & Brand Marketing,15104361.32,4269085.78,10835275.54,71.74,2206203.79,2237578.53,472251.59,4916033.91,5919241.63,6354929.22,42.07,4676200.89,968194.65,331,5069303.79,-3.02,27.0
FIN-2023-00252,2023,Q4,2023-Q4,ARDQ,Advanced R&D & Quantum Computing,CSM,Customer Success & Technical Account Mgmt,18650812.46,3489563.73,15161248.73,81.29,1152283.35,461898.52,1154338.75,2768520.62,12392728.11,12823527.15,68.76,9790255.21,957331.2,222,2565734.43,7.9,31.23
FIN-2023-00253,2023,Q4,2023-Q4,ARDQ,Advanced R&D & Quantum Computing,OPS,Cloud Infrastructure & Network Operations,17867742.42,4211550.05,13656192.37,76.43,1102169.54,2485844.65,444176.17,4032190.36,9624002.01,10050519.32,56.25,7602961.59,947816.24,414,3714884.75,8.54,20.04
FIN-2023-00254,2023,Q4,2023-Q4,ARDQ,Advanced R&D & Quantum Computing,GA,Corporate General & Administrative,5412396.91,1845306.0,3567090.91,65.91,1054616.82,519289.8,641529.75,2215436.37,1351654.54,1771540.05,32.73,1067807.09,933078.91,426,2416622.78,-8.33,12.6
FIN-2023-00255,2023,Q4,2023-Q4,ARDQ,Advanced R&D & Quantum Computing,LEGAL,"Legal, Risk & Compliance",1747517.98,514526.8,1232991.18,70.56,2681247.82,1871481.73,1121615.41,5674344.96,-4441353.78,-3675256.81,-210.31,-3508669.49,1702437.72,307,5623243.29,0.91,11.36
FIN-2023-00256,2023,Q4,2023-Q4,ARDQ,Advanced R&D & Quantum Computing,PROD,Product Strategy & User Experience,498564.72,161129.06,337435.66,67.68,1149218.43,2400517.15,231666.52,3781402.1,-3443966.44,-3221998.66,-646.25,-2720733.49,493261.74,173,3565393.91,6.06,9.08
FIN-2024-00257,2024,Q1,2024-Q1,ECP,Enterprise Cloud Platform,ENG,Core Engineering & Software R&D,1284482.94,332203.32,952279.62,74.14,1024493.51,2484320.52,1083995.88,4592809.91,-3640530.29,-3003330.57,-233.82,-2876018.93,1415999.38,431,4644948.26,-1.12,33.94
FIN-2024-00258,2024,Q1,2024-Q1,ECP,Enterprise Cloud Platform,SALES,Global Enterprise Sales & Field Ops,10878948.16,3542047.22,7336900.94,67.44,1523450.73,2200636.95,968262.6,4692350.28,2644550.66,3513792.66,32.3,2089195.02,1931648.89,96,4469250.73,4.99,26.15
FIN-2024-00259,2024,Q1,2024-Q1,ECP,Enterprise Cloud Platform,MKTG,Global Growth & Brand Marketing,19456337.83,5358687.96,14097649.87,72.46,3112318.64,2059642.54,454596.96,5626558.14,8471091.73,8793289.78,45.19,6692162.47,715995.67,467,5336988.01,5.43,37.77
FIN-2024-00260,2024,Q1,2024-Q1,ECP,Enterprise Cloud Platform,CSM,Customer Success & Technical Account Mgmt,3081346.4,968352.35,2112994.05,68.57,1568506.7,1342298.92,1133650.11,4044455.73,-1931461.68,-1281065.2,-41.57,-1525854.73,1445325.52,144,3859087.24,4.8,28.34
FIN-2024-00261,2024,Q1,2024-Q1,ECP,Enterprise Cloud Platform,OPS,Cloud Infrastructure & Network Operations,10447276.77,2067801.85,8379474.92,80.21,1297979.15,2282044.07,989361.73,4569384.95,3810089.97,3992073.83,38.21,3009971.08,404408.58,302,4809398.52,-4.99,38.46
FIN-2024-00262,2024,Q1,2024-Q1,ECP,Enterprise Cloud Platform,GA,Corporate General & Administrative,6799227.72,2252707.59,4546520.13,66.87,3056361.37,812630.68,1186213.36,5055205.41,-508685.28,8527.44,0.13,-401861.37,1149361.6,259,5349896.14,-5.51,29.76
FIN-2024-00263,2024,Q1,2024-Q1,ECP,Enterprise Cloud Platform,LEGAL,"Legal, Risk & Compliance",1407633.34,419925.43,987707.91,70.17,1154444.54,2569611.84,1143699.45,4867755.83,-3880047.92,-3118752.91,-221.56,-3065237.86,1691766.69,431,4968577.85,-2.03,29.76
FIN-2024-00264,2024,Q1,2024-Q1,ECP,Enterprise Cloud Platform,PROD,Product Strategy & User Experience,1468789.26,350627.74,1118161.52,76.13,780875.15,1568576.7,1052281.43,3401733.28,-2283571.76,-1467202.74,-99.89,-1804021.69,1814153.38,527,3250659.2,4.65,15.15
FIN-2024-00265,2024,Q1,2024-Q1,AIDS,Artificial Intelligence & Data Solutions,ENG,Core Engineering & Software R&D,2411848.35,550441.38,1861406.97,77.18,837366.15,1398478.7,500925.34,2736770.19,-875363.22,-93548.44,-3.88,-691536.94,1737366.17,309,2549936.55,7.33,34.05
FIN-2024-00266,2024,Q1,2024-Q1,AIDS,Artificial Intelligence & Data Solutions,SALES,Global Enterprise Sales & Field Ops,12505001.95,2409201.25,10095800.7,80.73,2733666.88,2443579.69,598694.15,5775940.72,4319859.98,5161038.87,41.27,3412689.38,1869286.42,349,6309809.58,-8.46,32.96
FIN-2024-00267,2024,Q1,2024-Q1,AIDS,Artificial Intelligence & Data Solutions,MKTG,Global Growth & Brand Marketing,4102333.0,839400.86,3262932.14,79.54,823250.31,708931.24,716390.6,2248572.15,1014359.99,1868845.31,45.56,801344.39,1898856.27,192,2427337.75,-7.36,33.6
FIN-2024-00268,2024,Q1,2024-Q1,AIDS,Artificial Intelligence & Data Solutions,CSM,Customer Success & Technical Account Mgmt,7274075.91,1879220.11,5394855.8,74.17,1500990.21,2595165.78,449418.72,4545574.71,849281.09,1417765.09,19.49,670932.06,1263297.77,381,4388561.0,3.58,30.28
FIN-2024-00269,2024,Q1,2024-Q1,AIDS,Artificial Intelligence & Data Solutions,OPS,Cloud Infrastructure & Network Operations,13382200.9,3559875.07,9822325.83,73.4,2794073.6,787366.93,1177749.49,4759190.02,5063135.81,5624055.29,42.03,3999877.29,1246487.74,147,5007443.7,-4.96,32.66
FIN-2024-00270,2024,Q1,2024-Q1,AIDS,Artificial Intelligence & Data Solutions,GA,Corporate General & Administrative,4262002.5,833381.13,3428621.37,80.45,2024670.06,1047937.97,997491.19,4070099.22,-641477.85,-492670.65,-11.56,-506767.5,330682.66,426,4002311.46,1.69,25.43
FIN-2024-00271,2024,Q1,2024-Q1,AIDS,Artificial Intelligence & Data Solutions,LEGAL,"Legal, Risk & Compliance",2831219.77,924734.42,1906485.35,67.34,673210.18,1044182.89,988541.18,2705934.25,-799448.9,-436621.71,-15.42,-631564.63,806282.64,303,2795792.89,-3.21,23.62
FIN-2024-00272,2024,Q1,2024-Q1,AIDS,Artificial Intelligence & Data Solutions,PROD,Product Strategy & User Experience,1500449.5,481795.47,1018654.03,67.89,2880464.76,1615269.47,854101.56,5349835.79,-4331181.76,-3674202.05,-244.87,-3421633.59,1459954.9,438,5038583.17,6.18,34.86
FIN-2024-00273,2024,Q1,2024-Q1,CZTI,Cybersecurity & Zero-Trust Infrastructure,ENG,Core Engineering & Software R&D,2410953.13,554902.51,1856050.62,76.98,1619458.48,559384.39,1005629.72,3184472.59,-1328421.97,-579393.61,-24.03,-1049453.36,1664507.46,244,3248419.0,-1.97,35.36
FIN-2024-00274,2024,Q1,2024-Q1,CZTI,Cybersecurity & Zero-Trust Infrastructure,SALES,Global Enterprise Sales & Field Ops,8544700.03,2522268.88,6022431.15,70.48,3510623.23,1316576.53,993943.18,5821142.94,201288.21,985151.71,11.53,159017.69,1741918.9,385,5777320.66,0.76,18.55
FIN-2024-00275,2024,Q1,2024-Q1,CZTI,Cybersecurity & Zero-Trust Infrastructure,MKTG,Global Growth & Brand Marketing,9720277.3,2596729.19,7123548.11,73.29,2014950.7,1866451.77,481554.3,4362956.77,2760591.34,2816459.45,28.98,2180867.16,124151.35,442,4875487.89,-10.51,20.21
FIN-2024-00276,2024,Q1,2024-Q1,CZTI,Cybersecurity & Zero-Trust Infrastructure,CSM,Customer Success & Technical Account Mgmt,4764007.34,1278256.86,3485750.48,73.17,2595366.53,580959.27,470740.38,3647066.18,-161315.7,602652.57,12.65,-127439.4,1697707.27,340,3478965.95,4.83,29.48
FIN-2024-00277,2024,Q1,2024-Q1,CZTI,Cybersecurity & Zero-Trust Infrastructure,OPS,Cloud Infrastructure & Network Operations,15479577.32,3299832.26,12179745.06,78.68,1824120.94,789879.23,623170.71,3237170.88,8942574.18,9326613.85,60.25,7064633.6,853421.48,505,3336679.19,-2.98,22.21
FIN-2024-00278,2024,Q1,2024-Q1,CZTI,Cybersecurity & Zero-Trust Infrastructure,GA,Corporate General & Administrative,5503922.93,1544987.04,3958935.89,71.93,1973007.23,1474180.12,465773.93,3912961.28,45974.61,770353.82,14.0,36319.94,1609731.57,438,4247547.09,-7.88,30.67
FIN-2024-00279,2024,Q1,2024-Q1,CZTI,Cybersecurity & Zero-Trust Infrastructure,LEGAL,"Legal, Risk & Compliance",669427.24,209891.67,459535.57,68.65,2483285.72,2046330.75,1138730.17,5668346.64,-5208811.07,-4618547.51,-689.93,-4114960.75,1311696.81,226,5732938.22,-1.13,27.31
FIN-2024-00280,2024,Q1,2024-Q1,CZTI,Cybersecurity & Zero-Trust Infrastructure,PROD,Product Strategy & User Experience,1278397.61,247350.52,1031047.09,80.65,2147551.29,2638402.3,494013.25,5279966.84,-4248919.75,-4173462.24,-326.46,-3356646.6,167683.35,61,4992484.5,5.76,28.16
FIN-2024-00281,2024,Q1,2024-Q1,GHSS,Global Hardware & Semiconductor Systems,ENG,Core Engineering & Software R&D,3065644.63,967854.37,2097790.26,68.43,852408.52,2726848.56,1018201.32,4597458.4,-2499668.14,-1798312.62,-58.66,-1974737.83,1558567.82,415,4245464.14,8.29,34.04
FIN-2024-00282,2024,Q1,2024-Q1,GHSS,Global Hardware & Semiconductor Systems,SALES,Global Enterprise Sales & Field Ops,6534850.95,2000665.41,4534185.54,69.38,3103771.36,988096.44,558398.94,4650266.74,-116081.2,155421.96,2.38,-91704.15,603340.36,334,4791888.54,-2.96,26.66
FIN-2024-00283,2024,Q1,2024-Q1,GHSS,Global Hardware & Semiconductor Systems,MKTG,Global Growth & Brand Marketing,13777693.55,3477936.64,10299756.91,74.76,2225042.43,1606824.45,1164749.71,4996616.59,5303140.32,5605233.45,40.68,4189480.85,671318.07,292,5465563.73,-8.58,31.33
FIN-2024-00284,2024,Q1,2024-Q1,GHSS,Global Hardware & Semiconductor Systems,CSM,Customer Success & Technical Account Mgmt,19453282.53,6795700.55,12657581.98,65.07,3155712.09,828737.84,1090305.73,5074755.66,7582826.32,7709834.44,39.63,5990432.79,282240.27,48,4864275.96,4.33,37.59
FIN-2024-00285,2024,Q1,2024-Q1,GHSS,Global Hardware & Semiconductor Systems,OPS,Cloud Infrastructure & Network Operations,14978581.49,3716567.41,11262014.08,75.19,3482099.24,1443017.49,208007.7,5133124.43,6128889.65,6867025.19,45.85,4841822.82,1640301.2,243,5639146.78,-8.97,20.84
FIN-2024-00286,2024,Q1,2024-Q1,GHSS,Global Hardware & Semiconductor Systems,GA,Corporate General & Administrative,2898607.76,891969.14,2006638.62,69.23,2659041.24,1342442.68,797311.66,4798795.58,-2792156.96,-2465999.45,-85.08,-2205804.0,724794.47,358,5101698.34,-5.94,12.88
FIN-2024-00287,2024,Q1,2024-Q1,GHSS,Global Hardware & Semiconductor Systems,LEGAL,"Legal, Risk & Compliance",3145864.21,906943.27,2238920.94,71.17,3615064.84,895959.6,1057164.68,5568189.12,-3329268.18,-3069165.16,-97.56,-2630121.86,578006.71,241,6112095.63,-8.9,29.73
FIN-2024-00288,2024,Q1,2024-Q1,GHSS,Global Hardware & Semiconductor Systems,PROD,Product Strategy & User Experience,2406833.87,824917.99,1581915.88,65.73,1995441.65,439721.95,170746.85,2605910.45,-1023994.57,-221000.43,-9.18,-808955.71,1784431.42,176,2620510.27,-0.56,33.4
FIN-2024-00289,2024,Q1,2024-Q1,DCBM,Digital Commerce & B2B Marketplace,ENG,Core Engineering & Software R&D,7110089.56,1556433.02,5553656.54,78.11,2378097.08,1858242.64,297918.43,4534258.15,1019398.39,1351117.61,19.0,805324.73,737153.82,529,5033089.14,-9.91,32.52
FIN-2024-00290,2024,Q1,2024-Q1,DCBM,Digital Commerce & B2B Marketplace,SALES,Global Enterprise Sales & Field Ops,16448652.48,4683567.37,11765085.11,71.53,3739165.47,1837329.24,881247.5,6457742.21,5307342.9,6186609.93,37.61,4192800.89,1953926.74,207,6578787.53,-1.84,30.16
FIN-2024-00291,2024,Q1,2024-Q1,DCBM,Digital Commerce & B2B Marketplace,MKTG,Global Growth & Brand Marketing,8913779.14,1698244.75,7215534.39,80.95,3609031.54,2839583.56,265089.02,6713704.12,501830.27,774463.99,8.69,396445.91,605852.72,291,7137947.72,-5.94,37.41
FIN-2024-00292,2024,Q1,2024-Q1,DCBM,Digital Commerce & B2B Marketplace,CSM,Customer Success & Technical Account Mgmt,11062209.63,2662946.94,8399262.69,75.93,2996363.37,1427116.27,858126.42,5281606.06,3117656.63,3929567.51,35.52,2462948.74,1804246.39,510,5026654.64,5.07,21.71
FIN-2024-00293,2024,Q1,2024-Q1,DCBM,Digital Commerce & B2B Marketplace,OPS,Cloud Infrastructure & Network Operations,14115409.66,2600258.76,11515150.9,81.58,3482289.84,2830425.41,1115316.65,7428031.9,4087119.0,4778700.63,33.85,3228824.01,1536848.07,513,7552176.22,-1.64,31.96
FIN-2024-00294,2024,Q1,2024-Q1,DCBM,Digital Commerce & B2B Marketplace,GA,Corporate General & Administrative,2050608.73,692083.89,1358524.84,66.25,3582906.78,675054.1,1144131.57,5402092.45,-4043567.61,-3588217.47,-174.98,-3194418.41,1011889.19,452,5550398.87,-2.67,28.12
FIN-2024-00295,2024,Q1,2024-Q1,DCBM,Digital Commerce & B2B Marketplace,LEGAL,"Legal, Risk & Compliance",1920923.27,650276.38,1270646.89,66.15,3376863.11,2643186.38,396746.06,6416795.55,-5146148.66,-4770205.64,-248.33,-4065457.44,835428.94,355,6966766.43,-7.89,26.55
FIN-2024-00296,2024,Q1,2024-Q1,DCBM,Digital Commerce & B2B Marketplace,PROD,Product Strategy & User Experience,5327631.58,1584096.79,3743534.79,70.27,3246518.34,586870.99,174183.34,4007572.67,-264037.88,317712.04,5.96,-208589.93,1292777.59,180,4158849.38,-3.64,36.62
FIN-2024-00297,2024,Q1,2024-Q1,SFTP,Strategic FinTech & Payments Hub,ENG,Core Engineering & Software R&D,505977.79,112986.09,392991.7,77.67,674375.05,2586409.51,178486.73,3439271.29,-3046279.59,-2887374.76,-570.65,-2406560.88,353121.84,231,3231854.32,6.42,32.02
FIN-2024-00298,2024,Q1,2024-Q1,SFTP,Strategic FinTech & Payments Hub,SALES,Global Enterprise Sales & Field Ops,16925911.05,5586230.88,11339680.17,67.0,1572109.87,1433329.54,230516.0,3235955.41,8103724.76,8530830.94,50.4,6401942.56,949124.85,55,3610871.96,-10.38,36.46
FIN-2024-00299,2024,Q1,2024-Q1,SFTP,Strategic FinTech & Payments Hub,MKTG,Global Growth & Brand Marketing,9856869.03,3417465.07,6439403.96,65.33,1083657.71,2189878.98,803091.35,4076628.04,2362775.92,3180817.18,32.27,1866592.98,1817869.46,273,3836092.78,6.27,25.74
FIN-2024-00300,2024,Q1,2024-Q1,SFTP,Strategic FinTech & Payments Hub,CSM,Customer Success & Technical Account Mgmt,20390109.3,4218218.06,16171891.24,79.31,2252700.35,1203134.46,1149781.99,4605616.8,11566274.44,12200138.7,59.83,9137356.81,1408587.24,302,5036102.9,-8.55,14.16
FIN-2024-00301,2024,Q1,2024-Q1,SFTP,Strategic FinTech & Payments Hub,OPS,Cloud Infrastructure & Network Operations,9248183.59,1867085.25,7381098.34,79.81,2432319.73,516763.2,1005275.39,3954358.32,3426740.02,4102723.02,44.36,2707124.62,1502184.45,434,4268871.66,-7.37,14.53
FIN-2024-00302,2024,Q1,2024-Q1,SFTP,Strategic FinTech & Payments Hub,GA,Corporate General & Administrative,4783427.91,1163119.24,3620308.67,75.68,2660974.6,1431626.01,547746.05,4640346.66,-1020037.99,-529507.89,-11.07,-805830.01,1090066.88,256,4881854.34,-4.95,12.57
FIN-2024-00303,2024,Q1,2024-Q1,SFTP,Strategic FinTech & Payments Hub,LEGAL,"Legal, Risk & Compliance",3693300.88,1222293.99,2471006.89,66.91,3479930.6,1453148.83,936421.83,5869501.26,-3398494.37,-3001754.1,-81.28,-2684810.55,881645.05,480,5501387.95,6.69,22.34
FIN-2024-00304,2024,Q1,2024-Q1,SFTP,Strategic FinTech & Payments Hub,PROD,Product Strategy & User Experience,3200225.09,1108770.35,2091454.74,65.35,1518275.49,2346124.09,295764.78,4160164.36,-2068709.62,-1147768.84,-35.87,-1634280.6,2046535.07,520,4466780.72,-6.86,23.82
FIN-2024-00305,2024,Q1,2024-Q1,PST,Professional Services & Transformation,ENG,Core Engineering & Software R&D,6803274.69,1884021.14,4919253.55,72.31,3441990.75,1421372.7,598592.3,5461955.75,-542702.2,220047.31,3.23,-428734.74,1694998.9,440,5080556.16,7.51,25.35
FIN-2024-00306,2024,Q1,2024-Q1,PST,Professional Services & Transformation,SALES,Global Enterprise Sales & Field Ops,6145715.34,1948080.43,4197634.91,68.3,865639.35,2487288.74,162388.55,3515316.64,682318.27,838664.19,13.65,539031.43,347435.37,160,3649061.05,-3.67,32.0
FIN-2024-00307,2024,Q1,2024-Q1,PST,Professional Services & Transformation,MKTG,Global Growth & Brand Marketing,10705592.79,3147126.26,7558466.53,70.6,1430295.07,1822322.01,1069020.04,4321637.12,3236829.41,3724263.47,34.79,2557095.23,1083186.8,144,4178957.89,3.41,15.11
FIN-2024-00308,2024,Q1,2024-Q1,PST,Professional Services & Transformation,CSM,Customer Success & Technical Account Mgmt,7310036.16,2403954.05,4906082.11,67.11,712051.37,1279160.91,939914.88,2931127.16,1974954.95,2806777.9,38.4,1560214.41,1848495.44,67,3012411.97,-2.7,12.84
FIN-2024-00309,2024,Q1,2024-Q1,PST,Professional Services & Transformation,OPS,Cloud Infrastructure & Network Operations,15520579.26,4039822.99,11480756.27,73.97,1482094.08,2737793.04,679194.01,4899081.13,6581675.14,7312014.74,47.11,5199523.36,1622976.9,527,4876563.01,0.46,31.31
FIN-2024-00310,2024,Q1,2024-Q1,PST,Professional Services & Transformation,GA,Corporate General & Administrative,2962617.75,649644.15,2312973.6,78.07,974558.28,663714.25,356629.74,1994902.27,318071.33,410991.06,13.87,251276.35,206488.29,427,2152203.32,-7.31,16.03
FIN-2024-00311,2024,Q1,2024-Q1,PST,Professional Services & Transformation,LEGAL,"Legal, Risk & Compliance",3901924.06,1133194.18,2768729.88,70.96,1368458.51,994145.57,623485.1,2986089.18,-217359.3,46153.11,1.18,-171713.85,585583.14,138,3081666.84,-3.1,39.03
FIN-2024-00312,2024,Q1,2024-Q1,PST,Professional Services & Transformation,PROD,Product Strategy & User Experience,1119302.04,290311.14,828990.9,74.06,714690.1,2421505.22,775594.43,3911789.75,-3082798.85,-2208286.85,-197.29,-2435411.09,1943360.01,389,3844076.14,1.76,30.11
FIN-2024-00313,2024,Q1,2024-Q1,ARDQ,Advanced R&D & Quantum Computing,ENG,Core Engineering & Software R&D,4265762.81,1364762.22,2901000.59,68.01,3492337.89,1190074.67,1136301.83,5818714.39,-2917713.8,-1978608.37,-46.38,-2304993.9,2086900.95,227,6135522.06,-5.16,24.42
FIN-2024-00314,2024,Q1,2024-Q1,ARDQ,Advanced R&D & Quantum Computing,SALES,Global Enterprise Sales & Field Ops,11137900.44,3881865.86,7256034.58,65.15,1826935.15,1612849.5,304373.72,3744158.37,3511876.21,3753889.08,33.7,2774382.21,537806.37,399,3747823.14,-0.1,35.02
FIN-2024-00315,2024,Q1,2024-Q1,ARDQ,Advanced R&D & Quantum Computing,MKTG,Global Growth & Brand Marketing,13229189.19,2971554.41,10257634.78,77.54,1552342.82,1892885.89,507976.2,3953204.91,6304429.87,6976870.22,52.74,4980499.6,1494311.89,450,4108256.07,-3.77,35.49
FIN-2024-00316,2024,Q1,2024-Q1,ARDQ,Advanced R&D & Quantum Computing,CSM,Customer Success & Technical Account Mgmt,3404552.53,1100311.23,2304241.3,67.68,1238542.11,1450216.78,763590.35,3452349.24,-1148107.94,-520726.56,-15.3,-907005.27,1394180.85,239,3475916.43,-0.68,38.07
FIN-2024-00317,2024,Q1,2024-Q1,ARDQ,Advanced R&D & Quantum Computing,OPS,Cloud Infrastructure & Network Operations,20698345.98,6896056.14,13802289.84,66.68,704715.81,2526446.38,787475.21,4018637.4,9783652.44,10406863.23,50.28,7729085.43,1384912.87,442,3769887.32,6.6,13.63
FIN-2024-00318,2024,Q1,2024-Q1,ARDQ,Advanced R&D & Quantum Computing,GA,Corporate General & Administrative,1395675.38,382655.29,1013020.09,72.58,1276439.08,2214131.78,1116002.69,4606573.55,-3593553.46,-3378261.37,-242.05,-2838907.23,478426.87,204,4903421.76,-6.05,22.82
FIN-2024-00319,2024,Q1,2024-Q1,ARDQ,Advanced R&D & Quantum Computing,LEGAL,"Legal, Risk & Compliance",4860611.25,1137882.29,3722728.96,76.59,721642.93,2548095.18,231068.86,3500806.97,221921.99,325231.25,6.69,175318.37,229576.13,445,3462905.59,1.09,21.12
FIN-2024-00320,2024,Q1,2024-Q1,ARDQ,Advanced R&D & Quantum Computing,PROD,Product Strategy & User Experience,1187915.95,402166.47,785749.48,66.15,1036649.6,1432020.54,795521.14,3264191.28,-2478441.8,-2247629.81,-189.21,-1957969.02,512915.54,415,3336615.42,-2.17,18.81
FIN-2024-00321,2024,Q2,2024-Q2,ECP,Enterprise Cloud Platform,ENG,Core Engineering & Software R&D,2987669.19,1007598.74,1980070.45,66.27,1808513.06,493291.77,307808.49,2609613.32,-629542.87,-543635.62,-18.2,-497338.87,190905.0,505,2686247.57,-2.85,16.39
FIN-2024-00322,2024,Q2,2024-Q2,ECP,Enterprise Cloud Platform,SALES,Global Enterprise Sales & Field Ops,9040847.9,2211469.61,6829378.29,75.54,2803352.19,2195260.56,230131.3,5228744.05,1600634.24,1835440.61,20.3,1264501.05,521791.93,298,5201696.65,0.52,22.25
FIN-2024-00323,2024,Q2,2024-Q2,ECP,Enterprise Cloud Platform,MKTG,Global Growth & Brand Marketing,10636549.43,2429998.21,8206551.22,77.15,617127.18,1167471.22,690387.12,2474985.52,5731565.7,6641562.62,62.44,4527936.9,2022215.37,490,2538620.43,-2.51,34.5
FIN-2024-00324,2024,Q2,2024-Q2,ECP,Enterprise Cloud Platform,CSM,Customer Success & Technical Account Mgmt,14306117.2,2771588.13,11534529.07,80.63,2082790.76,381937.29,955554.1,3420282.15,8114246.92,8999639.55,62.91,6410255.07,1967539.18,255,3780813.57,-9.54,19.49
FIN-2024-00325,2024,Q2,2024-Q2,ECP,Enterprise Cloud Platform,OPS,Cloud Infrastructure & Network Operations,16355586.74,4993840.61,11361746.13,69.47,3853267.1,2916978.14,598688.49,7368933.73,3992812.4,4905071.36,29.99,3154321.8,2027242.14,266,6819581.4,8.06,14.71
FIN-2024-00326,2024,Q2,2024-Q2,ECP,Enterprise Cloud Platform,GA,Corporate General & Administrative,1380841.35,283131.11,1097710.24,79.5,516566.66,1496429.59,529084.34,2542080.59,-1444370.35,-1021867.78,-74.0,-1141052.58,938894.6,95,2544559.04,-0.1,30.25
FIN-2024-00327,2024,Q2,2024-Q2,ECP,Enterprise Cloud Platform,LEGAL,"Legal, Risk & Compliance",1984224.41,469141.07,1515083.34,76.36,2359340.17,1321829.48,720873.52,4402043.17,-2886959.83,-2667024.42,-134.41,-2280698.27,488745.36,93,4201089.32,4.78,26.58
FIN-2024-00328,2024,Q2,2024-Q2,ECP,Enterprise Cloud Platform,PROD,Product Strategy & User Experience,5468306.89,1177706.45,4290600.44,78.46,1585542.44,1040713.31,257177.7,2883433.45,1407166.99,1690566.34,30.92,1111661.92,629776.33,90,3182443.49,-9.4,28.34
FIN-2024-00329,2024,Q2,2024-Q2,AIDS,Artificial Intelligence & Data Solutions,ENG,Core Engineering & Software R&D,2347263.73,606548.82,1740714.91,74.16,1282205.71,883491.1,306340.12,2472036.93,-731322.02,161975.16,6.9,-577744.4,1985104.85,448,2449462.96,0.92,15.01
FIN-2024-00330,2024,Q2,2024-Q2,AIDS,Artificial Intelligence & Data Solutions,SALES,Global Enterprise Sales & Field Ops,20841418.46,4683004.33,16158414.13,77.53,1253221.03,1821142.97,455676.3,3530040.3,12628373.83,12890053.45,61.85,9976415.33,581510.27,59,3273453.58,7.84,21.41
FIN-2024-00331,2024,Q2,2024-Q2,AIDS,Artificial Intelligence & Data Solutions,MKTG,Global Growth & Brand Marketing,3904357.79,1000592.63,2903765.16,74.37,1491613.53,2493192.66,608043.22,4592849.41,-1689084.25,-1552252.55,-39.76,-1334376.56,304070.44,97,4427403.98,3.74,28.02
FIN-2024-00332,2024,Q2,2024-Q2,AIDS,Artificial Intelligence & Data Solutions,CSM,Customer Success & Technical Account Mgmt,4326006.56,1482285.58,2843720.98,65.74,3801901.85,2992003.97,1016105.86,7810011.68,-4966290.7,-4263239.41,-98.55,-3923369.65,1562336.2,282,7979623.07,-2.13,25.51
FIN-2024-00333,2024,Q2,2024-Q2,AIDS,Artificial Intelligence & Data Solutions,OPS,Cloud Infrastructure & Network Operations,4666525.39,1198645.06,3467880.33,74.31,2570390.88,1980361.72,663592.57,5214345.17,-1746464.84,-955365.07,-20.47,-1379707.22,1757999.49,86,5658192.01,-7.84,31.84
FIN-2024-00334,2024,Q2,2024-Q2,AIDS,Artificial Intelligence & Data Solutions,GA,Corporate General & Administrative,2121081.95,468075.64,1653006.31,77.93,1209231.51,1502489.54,512807.95,3224529.0,-1571522.69,-904138.06,-42.63,-1241502.93,1483076.96,509,3481323.09,-7.38,33.7
FIN-2024-00335,2024,Q2,2024-Q2,AIDS,Artificial Intelligence & Data Solutions,LEGAL,"Legal, Risk & Compliance",902115.6,182469.66,719645.94,79.77,962389.62,2239200.33,311618.39,3513208.34,-2793562.4,-2618234.52,-290.23,-2206914.3,389617.51,468,3668078.97,-4.22,15.23
FIN-2024-00336,2024,Q2,2024-Q2,AIDS,Artificial Intelligence & Data Solutions,PROD,Product Strategy & User Experience,4743956.5,876156.82,3867799.68,81.53,786419.01,828067.77,198167.66,1812654.44,2055145.24,2431447.12,51.25,1623564.74,836226.41,410,1976911.14,-8.31,31.5
FIN-2024-00337,2024,Q2,2024-Q2,CZTI,Cybersecurity & Zero-Trust Infrastructure,ENG,Core Engineering & Software R&D,3426826.67,774620.99,2652205.68,77.4,2358048.62,1966836.82,409492.58,4734378.02,-2082172.34,-1369868.32,-39.97,-1644916.15,1582897.83,101,4889105.65,-3.16,28.23
FIN-2024-00338,2024,Q2,2024-Q2,CZTI,Cybersecurity & Zero-Trust Infrastructure,SALES,Global Enterprise Sales & Field Ops,13463841.88,3253164.06,10210677.82,75.84,603117.77,737213.06,490312.35,1830643.18,8380034.64,8805089.69,65.4,6620227.37,944566.77,171,1955748.23,-6.4,23.12
FIN-2024-00339,2024,Q2,2024-Q2,CZTI,Cybersecurity & Zero-Trust Infrastructure,MKTG,Global Growth & Brand Marketing,15007216.65,3712516.18,11294700.47,75.26,3569283.43,2811871.44,1071735.88,7452890.75,3841809.72,3906791.43,26.03,3035029.68,144403.8,301,7766516.24,-4.04,38.56
FIN-2024-00340,2024,Q2,2024-Q2,CZTI,Cybersecurity & Zero-Trust Infrastructure,CSM,Customer Success & Technical Account Mgmt,18239791.49,3497535.55,14742255.94,80.82,2194305.4,845305.41,1130332.91,4169943.72,10572312.22,10630137.87,58.28,8352126.65,128501.44,433,4422626.6,-5.71,37.4
FIN-2024-00341,2024,Q2,2024-Q2,CZTI,Cybersecurity & Zero-Trust Infrastructure,OPS,Cloud Infrastructure & Network Operations,10859909.96,2236305.53,8623604.43,79.41,2321475.91,839569.74,956355.13,4117400.78,4506203.65,4867848.48,44.82,3559900.88,803655.17,217,4207169.18,-2.13,21.29
FIN-2024-00342,2024,Q2,2024-Q2,CZTI,Cybersecurity & Zero-Trust Infrastructure,GA,Corporate General & Administrative,923416.14,215839.91,707576.23,76.63,1395779.61,2223516.54,311528.63,3930824.78,-3223248.55,-3111417.51,-336.95,-2546366.35,248513.43,176,4028012.03,-2.41,20.63
FIN-2024-00343,2024,Q2,2024-Q2,CZTI,Cybersecurity & Zero-Trust Infrastructure,LEGAL,"Legal, Risk & Compliance",6757371.35,1396101.04,5361270.31,79.34,3132430.94,1084588.99,1005715.27,5222735.2,138535.11,480633.82,7.11,109442.74,760219.35,547,5326695.43,-1.95,36.58
FIN-2024-00344,2024,Q2,2024-Q2,CZTI,Cybersecurity & Zero-Trust Infrastructure,PROD,Product Strategy & User Experience,2790498.14,866583.78,1923914.36,68.95,3215452.24,2788043.8,1045958.52,7049454.56,-5125540.2,-4185816.86,-150.0,-4049176.76,2088274.09,460,6609524.68,6.66,30.18
FIN-2024-00345,2024,Q2,2024-Q2,GHSS,Global Hardware & Semiconductor Systems,ENG,Core Engineering & Software R&D,1468563.8,457571.27,1010992.53,68.84,3130140.61,2095650.23,1057453.95,6283244.79,-5272252.26,-4597542.07,-313.06,-4165079.29,1499355.98,155,6862983.7,-8.45,13.49
FIN-2024-00346,2024,Q2,2024-Q2,GHSS,Global Hardware & Semiconductor Systems,SALES,Global Enterprise Sales & Field Ops,8249745.47,2226582.0,6023163.47,73.01,1660842.42,2988686.25,631303.07,5280831.74,742331.73,957851.73,11.61,586442.07,478933.34,65,5832628.19,-9.46,39.84
FIN-2024-00347,2024,Q2,2024-Q2,GHSS,Global Hardware & Semiconductor Systems,MKTG,Global Growth & Brand Marketing,15508684.34,3672785.66,11835898.68,76.32,3814276.23,2907664.2,483242.58,7205183.01,4630715.67,5027323.25,32.42,3658265.38,881350.17,366,8022945.62,-10.19,19.02
FIN-2024-00348,2024,Q2,2024-Q2,GHSS,Global Hardware & Semiconductor Systems,CSM,Customer Success & Technical Account Mgmt,6637560.27,1618935.69,5018624.58,75.61,653609.69,3027171.68,980967.44,4661748.81,356875.77,848397.3,12.78,281931.86,1092270.07,412,5104101.16,-8.67,31.8
FIN-2024-00349,2024,Q2,2024-Q2,GHSS,Global Hardware & Semiconductor Systems,OPS,Cloud Infrastructure & Network Operations,16820259.45,4829667.89,11990591.56,71.29,3775729.0,2340250.69,1177128.93,7293108.62,4697482.94,4971747.21,29.56,3711011.52,609476.16,189,6748876.51,8.06,30.74
FIN-2024-00350,2024,Q2,2024-Q2,GHSS,Global Hardware & Semiconductor Systems,GA,Corporate General & Administrative,5655477.06,1354003.78,4301473.28,76.06,3515719.14,2224812.09,249860.73,5990391.96,-1688918.68,-1506369.27,-26.64,-1334245.76,405665.36,48,6444029.89,-7.04,26.55
FIN-2024-00351,2024,Q2,2024-Q2,GHSS,Global Hardware & Semiconductor Systems,LEGAL,"Legal, Risk & Compliance",7689796.1,1670054.3,6019741.8,78.28,2921708.59,2688426.07,495690.37,6105825.03,-86083.23,29484.25,0.38,-68005.75,256816.62,432,6396381.58,-4.54,20.19
FIN-2024-00352,2024,Q2,2024-Q2,GHSS,Global Hardware & Semiconductor Systems,PROD,Product Strategy & User Experience,5308913.13,1274424.46,4034488.67,75.99,2962985.99,1359612.56,1030341.75,5352940.3,-1318451.63,-1125888.84,-21.21,-1041576.79,427917.31,490,5902695.55,-9.31,24.47
FIN-2024-00353,2024,Q2,2024-Q2,DCBM,Digital Commerce & B2B Marketplace,ENG,Core Engineering & Software R&D,5652185.09,1941376.72,3710808.37,65.65,3876647.9,875051.84,945573.27,5697273.01,-1986464.64,-1004907.6,-17.78,-1569307.07,2181237.87,321,5749007.18,-0.9,17.19
FIN-2024-00354,2024,Q2,2024-Q2,DCBM,Digital Commerce & B2B Marketplace,SALES,Global Enterprise Sales & Field Ops,4454876.3,950640.68,3504235.62,78.66,1120564.62,1693543.35,345836.15,3159944.12,344291.5,1129456.15,25.35,271990.29,1744810.34,195,3253039.17,-2.86,12.76
FIN-2024-00355,2024,Q2,2024-Q2,DCBM,Digital Commerce & B2B Marketplace,MKTG,Global Growth & Brand Marketing,3519522.17,797094.09,2722428.08,77.35,1228532.45,1141217.74,562880.63,2932630.82,-210202.74,712722.54,20.25,-166060.16,2050945.06,458,2991279.82,-1.96,32.44
FIN-2024-00356,2024,Q2,2024-Q2,DCBM,Digital Commerce & B2B Marketplace,CSM,Customer Success & Technical Account Mgmt,18198840.69,5885505.72,12313334.97,67.66,2196886.39,1690565.61,658337.08,4545789.08,7767545.89,8080079.66,44.4,6136361.25,694519.48,165,4420674.71,2.83,24.82
FIN-2024-00357,2024,Q2,2024-Q2,DCBM,Digital Commerce & B2B Marketplace,OPS,Cloud Infrastructure & Network Operations,15966226.11,3594856.16,12371369.95,77.48,3631104.87,2493721.32,426593.18,6551419.37,5819950.58,6098512.67,38.2,4597760.96,619026.86,459,7330704.34,-10.63,37.52
FIN-2024-00358,2024,Q2,2024-Q2,DCBM,Digital Commerce & B2B Marketplace,GA,Corporate General & Administrative,1543095.11,317219.44,1225875.67,79.44,2806196.69,1899295.64,472705.11,5178197.44,-3952321.77,-3377188.79,-218.86,-3122334.2,1278073.29,325,5537685.16,-6.49,38.92
FIN-2024-00359,2024,Q2,2024-Q2,DCBM,Digital Commerce & B2B Marketplace,LEGAL,"Legal, Risk & Compliance",2087047.92,506376.03,1580671.89,75.74,2371218.71,1529861.03,1074032.69,4975112.43,-3394440.54,-2750285.3,-131.78,-2681608.03,1431456.08,518,5252415.48,-5.28,28.39
FIN-2024-00360,2024,Q2,2024-Q2,DCBM,Digital Commerce & B2B Marketplace,PROD,Product Strategy & User Experience,8219168.52,2787610.12,5431558.4,66.08,498563.58,2514842.91,864682.07,3878088.56,1553469.84,2370797.64,28.84,1227241.17,1816284.0,89,3895075.43,-0.44,18.54
FIN-2024-00361,2024,Q2,2024-Q2,SFTP,Strategic FinTech & Payments Hub,ENG,Core Engineering & Software R&D,5170799.18,1277317.55,3893481.63,75.3,1215568.26,656103.01,343029.1,2214700.37,1678781.26,2528073.39,48.89,1326237.2,1887315.85,419,2393046.64,-7.45,20.11
FIN-2024-00362,2024,Q2,2024-Q2,SFTP,Strategic FinTech & Payments Hub,SALES,Global Enterprise Sales & Field Ops,17470286.48,4293148.79,13177137.69,75.43,1469781.42,1230850.79,1054018.0,3754650.21,9422487.48,10300917.09,58.96,7443765.11,1952065.81,236,3952930.12,-5.02,21.68
FIN-2024-00363,2024,Q2,2024-Q2,SFTP,Strategic FinTech & Payments Hub,MKTG,Global Growth & Brand Marketing,16249581.29,2956011.69,13293569.6,81.81,2757120.25,1692060.79,829440.09,5278621.13,8014948.47,8330895.46,51.27,6331809.29,702104.42,414,4940270.49,6.85,37.34
FIN-2024-00364,2024,Q2,2024-Q2,SFTP,Strategic FinTech & Payments Hub,CSM,Customer Success & Technical Account Mgmt,16859198.85,4701890.34,12157308.51,72.11,870131.7,2387994.33,633362.15,3891488.18,8265820.33,8531403.66,50.6,6529998.06,590185.17,400,4230974.69,-8.02,35.18
FIN-2024-00365,2024,Q2,2024-Q2,SFTP,Strategic FinTech & Payments Hub,OPS,Cloud Infrastructure & Network Operations,18278465.93,5676206.22,12602259.71,68.95,1544459.73,2042884.29,228483.97,3815827.99,8786431.72,9360956.05,51.21,6941281.06,1276720.74,391,3637121.64,4.91,21.31
FIN-2024-00366,2024,Q2,2024-Q2,SFTP,Strategic FinTech & Payments Hub,GA,Corporate General & Administrative,2414535.49,526105.98,1888429.51,78.21,3679959.6,1354110.52,1071487.03,6105557.15,-4217127.64,-3834247.95,-158.8,-3331530.84,850843.76,355,5717658.52,6.78,26.59
FIN-2024-00367,2024,Q2,2024-Q2,SFTP,Strategic FinTech & Payments Hub,LEGAL,"Legal, Risk & Compliance",2470521.7,587913.16,1882608.54,76.2,528305.36,743442.54,917130.41,2188878.31,-306269.77,55937.28,2.26,-241953.12,804904.55,417,2337199.94,-6.35,30.71
FIN-2024-00368,2024,Q2,2024-Q2,SFTP,Strategic FinTech & Payments Hub,PROD,Product Strategy & User Experience,3168082.87,772746.35,2395336.52,75.61,779526.08,1385990.57,481299.98,2646816.63,-251480.11,-191453.51,-6.04,-198669.29,133392.45,497,2711396.09,-2.38,15.61
FIN-2024-00369,2024,Q2,2024-Q2,PST,Professional Services & Transformation,ENG,Core Engineering & Software R&D,5062488.9,1290971.32,3771517.58,74.5,2555312.11,681330.88,539732.13,3776375.12,-4857.54,310153.72,6.13,-3837.46,700025.03,425,3496835.97,7.99,20.81
FIN-2024-00370,2024,Q2,2024-Q2,PST,Professional Services & Transformation,SALES,Global Enterprise Sales & Field Ops,12589107.62,4355198.15,8233909.47,65.41,3689926.4,2953708.21,196058.97,6839693.58,1394215.89,2068683.64,16.43,1101430.55,1498817.22,480,6504734.79,5.15,35.02
FIN-2024-00371,2024,Q2,2024-Q2,PST,Professional Services & Transformation,MKTG,Global Growth & Brand Marketing,16824752.46,3440542.56,13384209.9,79.55,1358942.69,407811.23,985476.27,2752230.19,10631979.71,11412460.32,67.83,8399263.97,1734401.36,162,2604345.17,5.68,35.67
FIN-2024-00372,2024,Q2,2024-Q2,PST,Professional Services & Transformation,CSM,Customer Success & Technical Account Mgmt,8137601.12,2297658.97,5839942.15,71.76,3828547.36,1159488.31,487028.88,5475064.55,364877.6,573087.28,7.04,288253.3,462688.17,442,5442886.76,0.59,14.63
FIN-2024-00373,2024,Q2,2024-Q2,PST,Professional Services & Transformation,OPS,Cloud Infrastructure & Network Operations,10729692.78,3454316.59,7275376.19,67.81,1506952.83,2019871.33,926602.73,4453426.89,2821949.3,3007210.56,28.03,2229339.95,411691.69,347,4812690.51,-7.46,32.48
FIN-2024-00374,2024,Q2,2024-Q2,PST,Professional Services & Transformation,GA,Corporate General & Administrative,7289452.6,2181660.53,5107792.07,70.07,605911.93,920505.45,249777.3,1776194.68,3331597.39,3440083.74,47.19,2631961.94,241080.77,113,1781257.45,-0.28,18.84
FIN-2024-00375,2024,Q2,2024-Q2,PST,Professional Services & Transformation,LEGAL,"Legal, Risk & Compliance",4083933.36,1151538.51,2932394.85,71.8,3101882.46,1653541.37,925369.71,5680793.54,-2748398.69,-1783960.32,-43.68,-2171234.97,2143196.38,518,5573969.46,1.92,29.77
FIN-2024-00376,2024,Q2,2024-Q2,PST,Professional Services & Transformation,PROD,Product Strategy & User Experience,5109388.73,1742631.5,3366757.23,65.89,2050606.41,2949972.03,539542.34,5540120.78,-2173363.55,-1504142.54,-29.44,-1716957.2,1487157.8,475,5453748.1,1.58,22.5
FIN-2024-00377,2024,Q2,2024-Q2,ARDQ,Advanced R&D & Quantum Computing,ENG,Core Engineering & Software R&D,4760993.64,1148690.85,3612302.79,75.87,1160245.15,2030189.92,321261.68,3511696.75,100606.04,686478.88,14.42,79478.77,1301939.65,541,3605016.93,-2.59,33.69
FIN-2024-00378,2024,Q2,2024-Q2,ARDQ,Advanced R&D & Quantum Computing,SALES,Global Enterprise Sales & Field Ops,20918173.33,6128008.62,14790164.71,70.7,2611565.5,475563.49,444420.94,3531549.93,11258614.78,12236235.18,58.5,8894305.68,2172489.77,169,3761816.39,-6.12,37.78
FIN-2024-00379,2024,Q2,2024-Q2,ARDQ,Advanced R&D & Quantum Computing,MKTG,Global Growth & Brand Marketing,14026437.53,2718153.1,11308284.43,80.62,3346110.66,1936783.4,354922.99,5637817.05,5670467.38,6212890.88,44.29,4479669.23,1205385.56,227,6200497.06,-9.07,13.89
FIN-2024-00380,2024,Q2,2024-Q2,ARDQ,Advanced R&D & Quantum Computing,CSM,Customer Success & Technical Account Mgmt,10338182.04,2818262.67,7519919.37,72.74,2805233.67,369955.16,484151.95,3659340.78,3860578.59,4720271.08,45.66,3049857.09,1910427.76,244,3470081.1,5.45,20.16
FIN-2024-00381,2024,Q2,2024-Q2,ARDQ,Advanced R&D & Quantum Computing,OPS,Cloud Infrastructure & Network Operations,5431788.03,1089116.89,4342671.14,79.95,2140071.53,979124.58,1076010.12,4195206.23,147464.91,465154.95,8.56,116497.28,705977.86,237,4474252.83,-6.24,19.71
FIN-2024-00382,2024,Q2,2024-Q2,ARDQ,Advanced R&D & Quantum Computing,GA,Corporate General & Administrative,5081374.06,1398080.21,3683293.85,72.49,3312638.11,1193986.45,531632.75,5038257.31,-1354963.46,-886844.44,-17.45,-1070421.13,1040264.49,76,5586584.7,-9.82,20.82
FIN-2024-00383,2024,Q2,2024-Q2,ARDQ,Advanced R&D & Quantum Computing,LEGAL,"Legal, Risk & Compliance",3053645.98,926389.82,2127256.16,69.66,3035362.01,1108180.44,1190038.14,5333580.59,-3206324.43,-2459323.08,-80.54,-2532996.3,1660002.99,230,5676537.68,-6.04,15.55
FIN-2024-00384,2024,Q2,2024-Q2,ARDQ,Advanced R&D & Quantum Computing,PROD,Product Strategy & User Experience,1408867.15,491888.94,916978.21,65.09,929217.82,1734006.94,826864.61,3490089.37,-2573111.16,-2375644.27,-168.62,-2032757.82,438815.32,100,3282563.59,6.32,13.91
FIN-2024-00385,2024,Q3,2024-Q3,ECP,Enterprise Cloud Platform,ENG,Core Engineering & Software R&D,1883665.62,502342.24,1381323.38,73.33,3782865.19,2895965.89,872796.56,7551627.64,-6170304.26,-5832211.72,-309.62,-4874540.37,751316.75,386,6947874.77,8.69,30.17
FIN-2024-00386,2024,Q3,2024-Q3,ECP,Enterprise Cloud Platform,SALES,Global Enterprise Sales & Field Ops,9268959.1,2648190.29,6620768.81,71.43,3855655.31,464486.92,260360.03,4580502.26,2040266.55,2619291.92,28.26,1611810.57,1286723.05,214,4363904.7,4.96,14.84
FIN-2024-00387,2024,Q3,2024-Q3,ECP,Enterprise Cloud Platform,MKTG,Global Growth & Brand Marketing,5878332.4,1834580.6,4043751.8,68.79,983495.74,489435.59,902101.14,2375032.47,1668719.33,2634462.78,44.82,1318288.27,2146096.55,111,2452945.56,-3.18,33.6
FIN-2024-00388,2024,Q3,2024-Q3,ECP,Enterprise Cloud Platform,CSM,Customer Success & Technical Account Mgmt,14487836.0,4796129.78,9691706.22,66.9,3781945.15,1074572.35,341444.29,5197961.79,4493744.43,4656196.06,32.14,3550058.1,361003.63,496,5721651.98,-9.15,33.92
FIN-2024-00389,2024,Q3,2024-Q3,ECP,Enterprise Cloud Platform,OPS,Cloud Infrastructure & Network Operations,18630222.85,3388533.1,15241689.75,81.81,2323020.14,3012670.36,1178656.91,6514347.41,8727342.34,9587427.04,51.46,6894600.45,1911299.34,120,7192934.54,-9.43,13.57
FIN-2024-00390,2024,Q3,2024-Q3,ECP,Enterprise Cloud Platform,GA,Corporate General & Administrative,1065426.38,257785.53,807640.85,75.8,3650707.95,3024021.87,267780.95,6942510.77,-6134869.92,-5438213.73,-510.43,-4846547.24,1548124.87,333,7280365.52,-4.64,36.66
FIN-2024-00391,2024,Q3,2024-Q3,ECP,Enterprise Cloud Platform,LEGAL,"Legal, Risk & Compliance",2363156.65,623318.98,1739837.67,73.62,3858593.92,1164670.58,463942.68,5487207.18,-3747369.51,-3203275.22,-135.55,-2960421.91,1209098.43,353,5546443.56,-1.07,16.76
FIN-2024-00392,2024,Q3,2024-Q3,ECP,Enterprise Cloud Platform,PROD,Product Strategy & User Experience,5045579.61,1405755.44,3639824.17,72.14,753167.97,1501368.15,966202.6,3220738.72,419085.45,1180688.68,23.4,331077.51,1692451.62,258,3392462.81,-5.06,23.2
FIN-2024-00393,2024,Q3,2024-Q3,AIDS,Artificial Intelligence & Data Solutions,ENG,Core Engineering & Software R&D,3120084.6,659329.44,2460755.16,78.87,2022220.57,2226074.85,922937.35,5171232.77,-2710477.61,-2159380.22,-69.21,-2141277.31,1224660.86,115,5755634.25,-10.15,26.34
FIN-2024-00394,2024,Q3,2024-Q3,AIDS,Artificial Intelligence & Data Solutions,SALES,Global Enterprise Sales & Field Ops,15677711.48,4886715.29,10790996.19,68.83,1852204.88,2312918.51,306917.36,4472040.75,6318955.44,6732754.73,42.94,4991974.8,919553.97,377,4567127.25,-2.08,21.26
FIN-2024-00395,2024,Q3,2024-Q3,AIDS,Artificial Intelligence & Data Solutions,MKTG,Global Growth & Brand Marketing,10843350.73,3588783.28,7254567.45,66.9,3807527.5,1559189.46,510532.66,5877249.62,1377317.83,2189110.84,20.19,1088081.09,1803984.47,199,6006711.49,-2.16,20.57
FIN-2024-00396,2024,Q3,2024-Q3,AIDS,Artificial Intelligence & Data Solutions,CSM,Customer Success & Technical Account Mgmt,6528561.28,1208891.26,5319670.02,81.48,1725007.14,1114356.86,268042.01,3107406.01,2212264.01,3220226.38,49.33,1747688.57,2239916.37,147,2982679.67,4.18,36.6
FIN-2024-00397,2024,Q3,2024-Q3,AIDS,Artificial Intelligence & Data Solutions,OPS,Cloud Infrastructure & Network Operations,6621854.88,1945547.06,4676307.82,70.62,3217848.76,1673652.46,838940.71,5730441.93,-1054134.11,-226762.29,-3.42,-832765.95,1838604.04,60,5490038.73,4.38,24.89
FIN-2024-00398,2024,Q3,2024-Q3,AIDS,Artificial Intelligence & Data Solutions,GA,Corporate General & Administrative,4242597.46,964668.82,3277928.64,77.26,1100167.24,2998876.55,1104299.23,5203343.02,-1925414.38,-1778676.0,-41.92,-1521077.36,326085.29,530,4967446.17,4.75,18.65
FIN-2024-00399,2024,Q3,2024-Q3,AIDS,Artificial Intelligence & Data Solutions,LEGAL,"Legal, Risk & Compliance",8742834.92,2672259.6,6070575.32,69.43,2369005.88,2126873.5,180779.58,4676658.96,1393916.36,2170527.46,24.83,1101193.92,1725802.45,362,4316845.05,8.34,19.67
FIN-2024-00400,2024,Q3,2024-Q3,AIDS,Artificial Intelligence & Data Solutions,PROD,Product Strategy & User Experience,2308511.6,750054.77,1558456.83,67.51,2043057.18,2258861.51,406912.3,4708830.99,-3150374.16,-2467744.06,-106.9,-2488795.59,1516955.77,261,4514567.88,4.3,29.69
FIN-2024-00401,2024,Q3,2024-Q3,CZTI,Cybersecurity & Zero-Trust Infrastructure,ENG,Core Engineering & Software R&D,1863160.7,505784.01,1357376.69,72.85,2917281.8,783768.9,1188219.59,4889270.29,-3531893.6,-2638087.24,-141.59,-2790195.94,1986236.35,47,5179161.81,-5.6,15.12
FIN-2024-00402,2024,Q3,2024-Q3,CZTI,Cybersecurity & Zero-Trust Infrastructure,SALES,Global Enterprise Sales & Field Ops,6072018.88,1206521.17,4865497.71,80.13,3121498.63,844770.3,656778.48,4623047.41,242450.3,882172.16,14.53,191535.74,1421604.13,312,4593977.16,0.63,28.17
FIN-2024-00403,2024,Q3,2024-Q3,CZTI,Cybersecurity & Zero-Trust Infrastructure,MKTG,Global Growth & Brand Marketing,11048093.97,3174480.97,7873613.0,71.27,776401.69,621436.45,1119759.44,2517597.58,5356015.42,6254798.82,56.61,4231252.18,1997296.44,332,2324719.54,8.3,17.1
FIN-2024-00404,2024,Q3,2024-Q3,CZTI,Cybersecurity & Zero-Trust Infrastructure,CSM,Customer Success & Technical Account Mgmt,5346873.19,1012166.91,4334706.28,81.07,3937933.75,3049404.29,372645.34,7359983.38,-3025277.1,-2948082.9,-55.14,-2389968.91,171542.67,172,7327199.35,0.45,34.55
FIN-2024-00405,2024,Q3,2024-Q3,CZTI,Cybersecurity & Zero-Trust Infrastructure,OPS,Cloud Infrastructure & Network Operations,5549092.22,1469956.1,4079136.12,73.51,3344569.52,835404.9,236740.91,4416715.33,-337579.21,264183.88,4.76,-266687.58,1337251.32,464,4616698.84,-4.33,29.56
FIN-2024-00406,2024,Q3,2024-Q3,CZTI,Cybersecurity & Zero-Trust Infrastructure,GA,Corporate General & Administrative,4750347.8,1006973.05,3743374.75,78.8,507763.11,432511.73,632115.51,1572390.35,2170984.4,2355987.54,49.6,1715077.68,411118.09,397,1487730.05,5.69,34.75
FIN-2024-00407,2024,Q3,2024-Q3,CZTI,Cybersecurity & Zero-Trust Infrastructure,LEGAL,"Legal, Risk & Compliance",5532090.82,1544810.23,3987280.59,72.08,703192.32,1570404.59,151287.06,2424883.97,1562396.62,2111839.62,38.17,1234293.33,1220984.44,147,2538815.19,-4.49,35.31
FIN-2024-00408,2024,Q3,2024-Q3,CZTI,Cybersecurity & Zero-Trust Infrastructure,PROD,Product Strategy & User Experience,1044115.27,221877.35,822237.92,78.75,2589991.48,2667121.45,1181969.71,6439082.64,-5616844.72,-5473311.23,-524.21,-4437307.33,318963.31,383,6075396.37,5.99,35.51
FIN-2024-00409,2024,Q3,2024-Q3,GHSS,Global Hardware & Semiconductor Systems,ENG,Core Engineering & Software R&D,2590601.79,585915.77,2004686.02,77.38,4014432.04,2057520.92,392032.57,6463985.53,-4459299.51,-4322916.35,-166.87,-3522846.61,303073.68,224,7000038.92,-7.66,17.71
FIN-2024-00410,2024,Q3,2024-Q3,GHSS,Global Hardware & Semiconductor Systems,SALES,Global Enterprise Sales & Field Ops,22376744.28,7281829.71,15094914.57,67.46,906086.26,2019330.49,549799.73,3475216.48,11619698.09,12262381.27,54.8,9179561.49,1428184.85,226,3447896.18,0.79,20.86
FIN-2024-00411,2024,Q3,2024-Q3,GHSS,Global Hardware & Semiconductor Systems,MKTG,Global Growth & Brand Marketing,14757175.76,2845461.38,11911714.38,80.72,3785109.01,1902870.46,1146394.12,6834373.59,5077340.79,5668368.4,38.41,4011099.22,1313394.68,520,6962635.51,-1.84,18.99
FIN-2024-00412,2024,Q3,2024-Q3,GHSS,Global Hardware & Semiconductor Systems,CSM,Customer Success & Technical Account Mgmt,5569351.61,1671254.96,3898096.65,69.99,1152882.48,995452.0,1096199.57,3244534.05,653562.6,966582.95,17.36,516314.45,695600.78,382,3437994.09,-5.63,24.9
FIN-2024-00413,2024,Q3,2024-Q3,GHSS,Global Hardware & Semiconductor Systems,OPS,Cloud Infrastructure & Network Operations,14357453.62,4927237.08,9430216.54,65.68,693624.11,1118974.16,899072.16,2711670.43,6718546.11,7443470.74,51.84,5307651.43,1610943.63,550,2646130.16,2.48,31.0
FIN-2024-00414,2024,Q3,2024-Q3,GHSS,Global Hardware & Semiconductor Systems,GA,Corporate General & Administrative,5170127.12,1307282.4,3862844.72,74.71,3089337.5,2333092.36,648381.33,6070811.19,-2207966.47,-1299109.36,-25.13,-1744293.51,2019682.47,439,6623387.43,-8.34,19.62
FIN-2024-00415,2024,Q3,2024-Q3,GHSS,Global Hardware & Semiconductor Systems,LEGAL,"Legal, Risk & Compliance",1554343.18,301716.62,1252626.56,80.59,2747867.3,3020377.13,668044.75,6436289.18,-5183662.62,-4254641.25,-273.73,-4095093.47,2064491.93,558,6047900.65,6.42,35.26
FIN-2024-00416,2024,Q3,2024-Q3,GHSS,Global Hardware & Semiconductor Systems,PROD,Product Strategy & User Experience,6564490.5,1692483.11,4872007.39,74.22,2318959.16,2193846.79,1010989.75,5523795.7,-651788.31,104897.91,1.6,-514912.76,1681524.93,326,5583378.31,-1.07,38.68
FIN-2024-00417,2024,Q3,2024-Q3,DCBM,Digital Commerce & B2B Marketplace,ENG,Core Engineering & Software R&D,3664086.45,689137.41,2974949.04,81.19,2712491.53,596288.88,329676.44,3638456.85,-663507.81,-405483.03,-11.07,-524171.17,573388.39,499,3720766.15,-2.21,33.05
FIN-2024-00418,2024,Q3,2024-Q3,DCBM,Digital Commerce & B2B Marketplace,SALES,Global Enterprise Sales & Field Ops,7653650.79,1925754.22,5727896.57,74.84,1627359.59,2090243.62,664894.24,4382497.45,1345399.12,1932191.34,25.25,1062865.3,1303982.71,154,4160794.69,5.33,18.42
FIN-2024-00419,2024,Q3,2024-Q3,DCBM,Digital Commerce & B2B Marketplace,MKTG,Global Growth & Brand Marketing,9559305.67,1729413.07,7829892.6,81.91,753348.69,1311080.51,515958.27,2580387.47,5249505.13,5456707.11,57.08,4147109.05,460448.85,516,2781762.08,-7.24,36.34
FIN-2024-00420,2024,Q3,2024-Q3,DCBM,Digital Commerce & B2B Marketplace,CSM,Customer Success & Technical Account Mgmt,19577333.75,6645510.4,12931823.35,66.06,1697813.83,2338646.01,845352.3,4881812.14,8050011.21,8183309.44,41.8,6359508.86,296218.28,62,5171839.65,-5.61,27.47
FIN-2024-00421,2024,Q3,2024-Q3,DCBM,Digital Commerce & B2B Marketplace,OPS,Cloud Infrastructure & Network Operations,22309622.94,4175044.74,18134578.2,81.29,2211822.18,2548346.81,656536.11,5416705.1,12717873.1,12895061.81,57.8,10047119.75,393752.68,309,5093090.23,6.35,32.66
FIN-2024-00422,2024,Q3,2024-Q3,DCBM,Digital Commerce & B2B Marketplace,GA,Corporate General & Administrative,3866488.3,1027802.75,2838685.55,73.42,533153.86,1811189.45,736534.99,3080878.3,-242192.75,-138676.15,-3.59,-191332.27,230036.89,523,2970393.89,3.72,27.55
FIN-2024-00423,2024,Q3,2024-Q3,DCBM,Digital Commerce & B2B Marketplace,LEGAL,"Legal, Risk & Compliance",2011142.81,616464.11,1394678.7,69.35,1284673.14,2853046.14,393133.57,4530852.85,-3136174.15,-3058361.36,-152.07,-2477577.58,172917.31,250,4341626.16,4.36,26.06
FIN-2024-00424,2024,Q3,2024-Q3,DCBM,Digital Commerce & B2B Marketplace,PROD,Product Strategy & User Experience,3116030.01,598797.31,2517232.7,80.78,1098822.55,1990602.13,151865.3,3241289.98,-724057.28,-539827.55,-17.32,-572005.25,409399.41,423,3021086.83,7.29,25.43
FIN-2024-00425,2024,Q3,2024-Q3,SFTP,Strategic FinTech & Payments Hub,ENG,Core Engineering & Software R&D,1491119.05,342454.57,1148664.48,77.03,3377846.53,2056712.36,787373.99,6221932.88,-5073268.4,-4400940.89,-295.14,-4007882.04,1494061.13,103,5918737.56,5.12,14.68
FIN-2024-00426,2024,Q3,2024-Q3,SFTP,Strategic FinTech & Payments Hub,SALES,Global Enterprise Sales & Field Ops,18050137.56,4607350.72,13442786.84,74.47,3084320.34,2144865.59,916115.91,6145301.84,7297485.0,7840653.72,43.44,5765013.15,1207041.6,470,5986260.3,2.66,36.07
FIN-2024-00427,2024,Q3,2024-Q3,SFTP,Strategic FinTech & Payments Hub,MKTG,Global Growth & Brand Marketing,3190650.65,842198.85,2348451.8,73.6,2532999.13,602792.74,784773.11,3920564.98,-1572113.18,-1272001.34,-39.87,-1241969.41,666915.19,133,3865947.25,1.41,31.54
FIN-2024-00428,2024,Q3,2024-Q3,SFTP,Strategic FinTech & Payments Hub,CSM,Customer Success & Technical Account Mgmt,16046509.99,3052343.5,12994166.49,80.98,2217366.37,961312.36,850830.39,4029509.12,8964657.37,9970076.04,62.13,7082079.32,2234263.71,457,4394893.72,-8.31,28.38
FIN-2024-00429,2024,Q3,2024-Q3,SFTP,Strategic FinTech & Payments Hub,OPS,Cloud Infrastructure & Network Operations,14220722.28,3840075.14,10380647.14,73.0,624081.6,1273400.42,198998.58,2096480.6,8284166.54,8627434.85,60.67,6544491.57,762818.47,516,2020683.24,3.75,15.21
FIN-2024-00430,2024,Q3,2024-Q3,SFTP,Strategic FinTech & Payments Hub,GA,Corporate General & Administrative,5959054.82,1507656.44,4451398.38,74.7,602049.67,1334870.57,260399.79,2197320.03,2254078.35,2972004.87,49.87,1780721.9,1595392.27,74,2159304.73,1.76,38.49
FIN-2024-00431,2024,Q3,2024-Q3,SFTP,Strategic FinTech & Payments Hub,LEGAL,"Legal, Risk & Compliance",2299545.17,789290.57,1510254.6,65.68,2911135.13,842912.41,408413.8,4162461.34,-2652206.74,-2238653.34,-97.35,-2095243.32,919007.56,154,4468201.28,-6.84,22.07
FIN-2024-00432,2024,Q3,2024-Q3,SFTP,Strategic FinTech & Payments Hub,PROD,Product Strategy & User Experience,3822741.7,769613.99,3053127.71,79.87,2443373.57,1442139.94,1016657.83,4902171.34,-1849043.63,-1615439.9,-42.26,-1460744.47,519119.39,340,4773646.22,2.69,26.69
FIN-2024-00433,2024,Q3,2024-Q3,PST,Professional Services & Transformation,ENG,Core Engineering & Software R&D,4363172.32,1161581.52,3201590.8,73.38,1542955.33,1501479.58,837190.18,3881625.09,-680034.29,-109597.12,-2.51,-537227.09,1267638.16,177,3912810.12,-0.8,18.63
FIN-2024-00434,2024,Q3,2024-Q3,PST,Professional Services & Transformation,SALES,Global Enterprise Sales & Field Ops,15227821.56,4168634.04,11059187.52,72.62,2507744.2,2176239.27,237952.9,4921936.37,6137251.15,6604486.5,43.37,4848428.41,1038300.78,551,5467658.56,-9.98,38.15
FIN-2024-00435,2024,Q3,2024-Q3,PST,Professional Services & Transformation,MKTG,Global Growth & Brand Marketing,5925644.46,1248562.59,4677081.87,78.93,960985.4,1806405.33,233566.62,3000957.35,1676124.52,2528798.77,42.68,1324138.37,1894831.66,480,2772667.61,8.23,15.81
FIN-2024-00436,2024,Q3,2024-Q3,PST,Professional Services & Transformation,CSM,Customer Success & Technical Account Mgmt,13531556.26,4330728.34,9200827.92,68.0,3889528.87,779767.1,948326.16,5617622.13,3583205.79,4502304.16,33.27,2830732.57,2042440.83,102,5481753.44,2.48,37.97
FIN-2024-00437,2024,Q3,2024-Q3,PST,Professional Services & Transformation,OPS,Cloud Infrastructure & Network Operations,22241465.69,4795096.32,17446369.37,78.44,619346.34,3000664.06,967419.38,4587429.78,12858939.59,12970274.2,58.32,10158562.28,247410.24,229,4896589.73,-6.31,35.68
FIN-2024-00438,2024,Q3,2024-Q3,PST,Professional Services & Transformation,GA,Corporate General & Administrative,2958978.75,968139.2,1990839.55,67.28,1019478.85,1605510.85,896775.66,3521765.36,-1530925.81,-1038152.18,-35.08,-1209431.39,1095052.51,368,3888713.69,-9.44,15.94
FIN-2024-00439,2024,Q3,2024-Q3,PST,Professional Services & Transformation,LEGAL,"Legal, Risk & Compliance",2395558.75,809249.29,1586309.46,66.22,532311.54,3052709.0,298428.55,3883449.09,-2297139.63,-1727409.93,-72.11,-1814740.31,1266066.01,111,3704096.3,4.84,13.22
FIN-2024-00440,2024,Q3,2024-Q3,PST,Professional Services & Transformation,PROD,Product Strategy & User Experience,2692087.07,502364.0,2189723.07,81.34,2296257.12,2893037.82,282673.03,5471967.97,-3282244.9,-2275974.24,-84.54,-2592973.47,2236157.02,288,5790831.96,-5.51,25.53
FIN-2024-00441,2024,Q3,2024-Q3,ARDQ,Advanced R&D & Quantum Computing,ENG,Core Engineering & Software R&D,1994913.29,604055.19,1390858.1,69.72,3013914.84,3068562.17,362500.54,6444977.55,-5054119.45,-4653557.91,-233.27,-3992754.37,890136.75,475,6038931.22,6.72,17.26
FIN-2024-00442,2024,Q3,2024-Q3,ARDQ,Advanced R&D & Quantum Computing,SALES,Global Enterprise Sales & Field Ops,12239073.81,2375328.36,9863745.45,80.59,3597763.32,2286072.64,164247.47,6048083.43,3815662.02,4192837.21,34.26,3014373.0,838167.09,96,6677917.07,-9.43,33.77
FIN-2024-00443,2024,Q3,2024-Q3,ARDQ,Advanced R&D & Quantum Computing,MKTG,Global Growth & Brand Marketing,17730472.29,4603146.79,13127325.5,74.04,3728584.31,798335.31,222229.66,4749149.28,8378176.22,8554115.32,48.25,6618759.21,390975.77,442,5093145.22,-6.75,28.68
FIN-2024-00444,2024,Q3,2024-Q3,ARDQ,Advanced R&D & Quantum Computing,CSM,Customer Success & Technical Account Mgmt,21309217.56,4846071.51,16463146.05,77.26,3426017.56,619817.03,1071454.01,5117288.6,11345857.45,11784257.65,55.3,8963227.39,974222.66,330,5348229.91,-4.32,35.6
FIN-2024-00445,2024,Q3,2024-Q3,ARDQ,Advanced R&D & Quantum Computing,OPS,Cloud Infrastructure & Network Operations,6794291.6,1768779.19,5025512.41,73.97,2830422.81,2751437.69,914114.59,6495975.09,-1470462.68,-593205.26,-8.73,-1161665.52,1949460.94,555,6624056.06,-1.93,25.49
FIN-2024-00446,2024,Q3,2024-Q3,ARDQ,Advanced R&D & Quantum Computing,GA,Corporate General & Administrative,2407911.95,760286.09,1647625.86,68.43,1474292.61,2254821.75,1077430.26,4806544.62,-3158918.76,-2222525.01,-92.3,-2495545.82,2080875.01,489,4499293.12,6.83,21.25
FIN-2024-00447,2024,Q3,2024-Q3,ARDQ,Advanced R&D & Quantum Computing,LEGAL,"Legal, Risk & Compliance",2832552.28,711039.26,2121513.02,74.9,2901123.36,1727800.31,1198720.07,5827643.74,-3706130.72,-2869777.32,-101.31,-2927843.27,1858563.12,98,6197767.21,-5.97,23.73
FIN-2024-00448,2024,Q3,2024-Q3,ARDQ,Advanced R&D & Quantum Computing,PROD,Product Strategy & User Experience,1058727.44,345693.01,713034.43,67.35,1018339.83,2418272.42,339269.78,3775882.03,-3062847.6,-2859611.97,-270.1,-2419649.6,451634.73,339,3789708.36,-0.36,18.63
FIN-2024-00449,2024,Q4,2024-Q4,ECP,Enterprise Cloud Platform,ENG,Core Engineering & Software R&D,2301509.47,753919.07,1547590.4,67.24,2868587.28,1760144.82,740058.12,5368790.22,-3821199.82,-2770389.46,-120.37,-3018747.86,2335134.14,502,5984440.24,-10.29,24.19
FIN-2024-00450,2024,Q4,2024-Q4,ECP,Enterprise Cloud Platform,SALES,Global Enterprise Sales & Field Ops,23192129.5,5993268.41,17198861.09,74.16,3180577.78,2499129.71,174422.36,5854129.85,11344731.24,12361231.04,53.3,8962337.68,2258888.44,545,5772703.81,1.41,32.55
FIN-2024-00451,2024,Q4,2024-Q4,ECP,Enterprise Cloud Platform,MKTG,Global Growth & Brand Marketing,10656632.18,3712812.48,6943819.7,65.16,1879158.94,2147697.18,276070.47,4302926.59,2640893.11,2958943.06,27.77,2086305.56,706777.66,127,4764324.35,-9.68,18.85
FIN-2024-00452,2024,Q4,2024-Q4,ECP,Enterprise Cloud Platform,CSM,Customer Success & Technical Account Mgmt,6021099.72,1643885.4,4377214.32,72.7,737529.47,1641876.44,677901.88,3057307.79,1319906.53,2365916.57,39.29,1042726.16,2324466.76,581,2964821.21,3.12,21.46
FIN-2024-00453,2024,Q4,2024-Q4,ECP,Enterprise Cloud Platform,OPS,Cloud Infrastructure & Network Operations,7885902.12,1791265.81,6094636.31,77.29,1173820.16,731172.71,1096451.22,3001444.09,3093192.22,3306722.85,41.93,2443621.85,474512.51,346,3315282.91,-9.47,26.07
FIN-2024-00454,2024,Q4,2024-Q4,ECP,Enterprise Cloud Platform,GA,Corporate General & Administrative,5576411.98,1210907.61,4365504.37,78.29,1713270.11,3020535.87,816652.39,5550458.37,-1184954.0,-145046.7,-2.6,-936113.66,2310905.12,73,5746721.23,-3.42,31.97
FIN-2024-00455,2024,Q4,2024-Q4,ECP,Enterprise Cloud Platform,LEGAL,"Legal, Risk & Compliance",2712742.12,618114.6,2094627.52,77.21,1818738.5,1457446.94,682166.94,3958352.38,-1863724.86,-1202225.96,-44.32,-1472342.64,1469997.55,208,3830657.66,3.33,32.76
FIN-2024-00456,2024,Q4,2024-Q4,ECP,Enterprise Cloud Platform,PROD,Product Strategy & User Experience,1507208.86,296811.78,1210397.08,80.31,1452349.79,430024.09,446502.48,2328876.36,-1118479.28,-986689.47,-65.46,-883598.63,292866.25,290,2153305.82,8.15,15.49
FIN-2024-00457,2024,Q4,2024-Q4,AIDS,Artificial Intelligence & Data Solutions,ENG,Core Engineering & Software R&D,1556377.74,496615.35,1059762.39,68.09,2650214.51,2009860.78,918082.01,5578157.3,-4518394.91,-4406117.95,-283.1,-3569531.98,249504.36,180,6169051.73,-9.58,23.09
FIN-2024-00458,2024,Q4,2024-Q4,AIDS,Artificial Intelligence & Data Solutions,SALES,Global Enterprise Sales & Field Ops,21859188.04,5536965.93,16322222.11,74.67,570259.87,2723929.11,733372.97,4027561.95,12294660.16,13215642.13,60.46,9712781.53,2046626.61,168,3933764.7,2.38,31.82
FIN-2024-00459,2024,Q4,2024-Q4,AIDS,Artificial Intelligence & Data Solutions,MKTG,Global Growth & Brand Marketing,10942129.31,3533220.85,7408908.46,67.71,3644103.61,2020236.11,412892.21,6077231.93,1331676.53,1753100.1,16.02,1052024.46,936496.82,119,6802466.57,-10.66,21.53
FIN-2024-00460,2024,Q4,2024-Q4,AIDS,Artificial Intelligence & Data Solutions,CSM,Customer Success & Technical Account Mgmt,13000703.05,2663861.04,10336842.01,79.51,2477508.32,1337836.29,903332.5,4718677.11,5618164.9,6000154.67,46.15,4438350.27,848866.16,197,4606765.06,2.43,28.93
FIN-2024-00461,2024,Q4,2024-Q4,AIDS,Artificial Intelligence & Data Solutions,OPS,Cloud Infrastructure & Network Operations,13524620.78,4712037.57,8812583.21,65.16,2650474.79,2352992.94,378092.0,5381559.73,3431023.48,4220545.99,31.21,2710508.55,1754494.46,544,5889872.85,-8.63,20.23
FIN-2024-00462,2024,Q4,2024-Q4,AIDS,Artificial Intelligence & Data Solutions,GA,Corporate General & Administrative,1354742.93,441786.5,912956.43,67.39,3825693.39,2721227.25,529829.09,7076749.73,-6163793.3,-5942365.17,-438.63,-4869396.71,492062.52,423,7091644.34,-0.21,15.3
FIN-2024-00463,2024,Q4,2024-Q4,AIDS,Artificial Intelligence & Data Solutions,LEGAL,"Legal, Risk & Compliance",3097807.37,715694.11,2382113.26,76.9,925319.94,2906719.29,172781.83,4004821.06,-1622707.8,-1404157.85,-45.33,-1281939.16,485666.56,258,4252931.02,-5.83,38.75
FIN-2024-00464,2024,Q4,2024-Q4,AIDS,Artificial Intelligence & Data Solutions,PROD,Product Strategy & User Experience,9091766.8,2594442.3,6497324.5,71.46,808642.64,2566263.25,623148.62,3998054.51,2499269.99,3542548.67,38.96,1974423.29,2318397.07,52,4023907.42,-0.64,18.79
FIN-2024-00465,2024,Q4,2024-Q4,CZTI,Cybersecurity & Zero-Trust Infrastructure,ENG,Core Engineering & Software R&D,2335262.39,462722.62,1872539.77,80.19,2903774.49,2864252.54,976055.5,6744082.53,-4871542.76,-4726229.34,-202.39,-3848518.78,322918.71,111,7192463.53,-6.23,36.67
FIN-2024-00466,2024,Q4,2024-Q4,CZTI,Cybersecurity & Zero-Trust Infrastructure,SALES,Global Enterprise Sales & Field Ops,4986555.3,1162912.47,3823642.83,76.68,2464132.5,1536902.82,1097128.67,5098163.99,-1274521.16,-695846.82,-13.95,-1006871.72,1285942.98,170,5392741.92,-5.46,37.3
FIN-2024-00467,2024,Q4,2024-Q4,CZTI,Cybersecurity & Zero-Trust Infrastructure,MKTG,Global Growth & Brand Marketing,3288420.59,1142557.39,2145863.2,65.26,2752491.12,1869864.59,485406.21,5107761.92,-2961898.72,-2057568.06,-62.57,-2339899.99,2009623.68,173,5184640.76,-1.48,13.8
FIN-2024-00468,2024,Q4,2024-Q4,CZTI,Cybersecurity & Zero-Trust Infrastructure,CSM,Customer Success & Technical Account Mgmt,11424482.8,3606347.7,7818135.1,68.43,2648429.84,817925.75,681024.04,4147379.63,3670755.47,4539522.25,39.74,2899896.82,1930592.85,439,4098895.59,1.18,16.27
FIN-2024-00469,2024,Q4,2024-Q4,CZTI,Cybersecurity & Zero-Trust Infrastructure,OPS,Cloud Infrastructure & Network Operations,12685752.64,4154190.75,8531561.89,67.25,2501489.39,1738116.64,1127906.94,5367512.97,3164048.92,3402390.08,26.82,2499598.65,529647.02,188,5407879.28,-0.75,28.89
FIN-2024-00470,2024,Q4,2024-Q4,CZTI,Cybersecurity & Zero-Trust Infrastructure,GA,Corporate General & Administrative,4149956.05,1319689.84,2830266.21,68.2,2309786.78,1353652.34,503175.23,4166614.35,-1336348.14,-1148037.8,-27.66,-1055715.03,418467.43,553,3908574.93,6.6,35.14
FIN-2024-00471,2024,Q4,2024-Q4,CZTI,Cybersecurity & Zero-Trust Infrastructure,LEGAL,"Legal, Risk & Compliance",7302694.23,1830269.62,5472424.61,74.94,1490953.59,2121194.14,882698.02,4494845.75,977578.86,1601753.16,21.93,772287.3,1387054.01,543,4903468.9,-8.33,22.9
FIN-2024-00472,2024,Q4,2024-Q4,CZTI,Cybersecurity & Zero-Trust Infrastructure,PROD,Product Strategy & User Experience,7268124.0,2164373.25,5103750.75,70.22,1589815.18,3198743.47,1006746.85,5795305.5,-691554.75,311669.87,4.29,-546328.25,2229388.05,68,6139216.43,-5.6,36.33
FIN-2024-00473,2024,Q4,2024-Q4,GHSS,Global Hardware & Semiconductor Systems,ENG,Core Engineering & Software R&D,3538082.03,1222470.52,2315611.51,65.45,3477975.7,1163862.4,788358.02,5430196.12,-3114584.61,-2782058.13,-78.63,-2460521.84,738947.74,386,5760621.41,-5.74,33.46
FIN-2024-00474,2024,Q4,2024-Q4,GHSS,Global Hardware & Semiconductor Systems,SALES,Global Enterprise Sales & Field Ops,17565912.11,3498256.22,14067655.89,80.08,557658.91,409491.19,796229.25,1763379.35,12304276.54,12894074.05,73.4,9720378.47,1310661.13,295,1849562.75,-4.66,22.84
FIN-2024-00475,2024,Q4,2024-Q4,GHSS,Global Hardware & Semiconductor Systems,MKTG,Global Growth & Brand Marketing,17014337.84,4078083.73,12936254.11,76.03,2767559.59,1269264.23,251998.94,4288822.76,8647431.35,9196713.38,54.05,6831470.77,1220626.74,364,4691991.71,-8.59,35.19
FIN-2024-00476,2024,Q4,2024-Q4,GHSS,Global Hardware & Semiconductor Systems,CSM,Customer Success & Technical Account Mgmt,10955317.25,3775684.0,7179633.25,65.54,1881267.07,3131112.63,1050549.59,6062929.29,1116703.96,1782793.81,16.27,882196.13,1480199.66,83,6220507.63,-2.53,33.57
FIN-2024-00477,2024,Q4,2024-Q4,GHSS,Global Hardware & Semiconductor Systems,OPS,Cloud Infrastructure & Network Operations,17701804.22,3760200.24,13941603.98,78.76,1494875.34,2501584.87,891255.6,4887715.81,9053888.17,9883019.46,55.83,7152571.65,1842513.98,145,5268493.13,-7.23,21.56
FIN-2024-00478,2024,Q4,2024-Q4,GHSS,Global Hardware & Semiconductor Systems,GA,Corporate General & Administrative,3516533.75,660289.62,2856244.13,81.22,1796519.22,1232572.51,808985.48,3838077.21,-981833.08,-431654.61,-12.28,-775648.13,1222618.82,312,3577119.86,7.3,38.58
FIN-2024-00479,2024,Q4,2024-Q4,GHSS,Global Hardware & Semiconductor Systems,LEGAL,"Legal, Risk & Compliance",3436747.65,1045814.6,2390933.05,69.57,2031349.54,475326.67,626018.96,3132695.17,-741762.12,73476.26,2.14,-585992.07,1811640.85,360,3427670.6,-8.61,22.39
FIN-2024-00480,2024,Q4,2024-Q4,GHSS,Global Hardware & Semiconductor Systems,PROD,Product Strategy & User Experience,7411644.53,1934081.09,5477563.44,73.9,2560585.7,2822746.21,530638.14,5913970.05,-436406.61,304848.06,4.11,-344761.22,1647232.59,102,6481229.06,-8.75,29.79
FIN-2024-00481,2024,Q4,2024-Q4,DCBM,Digital Commerce & B2B Marketplace,ENG,Core Engineering & Software R&D,2592917.7,488395.84,2104521.86,81.16,2414277.52,1976798.75,853268.64,5244344.91,-3139823.05,-2353436.55,-90.76,-2480460.21,1747525.56,452,5288166.48,-0.83,33.44
FIN-2024-00482,2024,Q4,2024-Q4,DCBM,Digital Commerce & B2B Marketplace,SALES,Global Enterprise Sales & Field Ops,21046094.11,3923534.83,17122559.28,81.36,1651517.15,2707312.73,198624.0,4557453.88,12565105.4,13146746.0,62.47,9926433.27,1292534.66,63,5089739.85,-10.46,28.24
FIN-2024-00483,2024,Q4,2024-Q4,DCBM,Digital Commerce & B2B Marketplace,MKTG,Global Growth & Brand Marketing,16255649.79,4762852.76,11492797.03,70.7,2274552.54,935785.92,168253.01,3378591.47,8114205.56,8322397.81,51.2,6410222.39,462649.45,421,3353424.39,0.75,27.15
FIN-2024-00484,2024,Q4,2024-Q4,DCBM,Digital Commerce & B2B Marketplace,CSM,Customer Success & Technical Account Mgmt,15081817.03,4993788.89,10088028.14,66.89,3720245.06,798675.62,161059.38,4679980.06,5408048.08,5512712.92,36.55,4272357.98,232588.53,564,5034591.66,-7.04,28.84
FIN-2024-00485,2024,Q4,2024-Q4,DCBM,Digital Commerce & B2B Marketplace,OPS,Cloud Infrastructure & Network Operations,16659060.13,4896152.09,11762908.04,70.61,1937825.43,2098869.77,931492.3,4968187.5,6794720.54,7662786.44,46.0,5367829.23,1929035.34,309,4847859.85,2.48,35.04
FIN-2024-00486,2024,Q4,2024-Q4,DCBM,Digital Commerce & B2B Marketplace,GA,Corporate General & Administrative,3207325.71,679195.1,2528130.61,78.82,1289630.29,2849725.11,158943.8,4298299.2,-1770168.59,-724234.91,-22.58,-1398433.19,2324297.06,422,4169723.7,3.08,33.85
FIN-2024-00487,2024,Q4,2024-Q4,DCBM,Digital Commerce & B2B Marketplace,LEGAL,"Legal, Risk & Compliance",3356352.48,847753.01,2508599.47,74.74,3023122.48,1015658.52,1126499.73,5165280.73,-2656681.26,-1737961.11,-51.78,-2098778.2,2041600.33,115,5477714.58,-5.7,22.42
FIN-2024-00488,2024,Q4,2024-Q4,DCBM,Digital Commerce & B2B Marketplace,PROD,Product Strategy & User Experience,2569271.9,812278.52,1756993.38,68.38,2799595.15,3083600.04,699916.48,6583111.67,-4826118.29,-3957581.99,-154.04,-3812633.45,1930080.66,338,6992742.15,-5.86,27.89
FIN-2024-00489,2024,Q4,2024-Q4,SFTP,Strategic FinTech & Payments Hub,ENG,Core Engineering & Software R&D,1087246.66,343540.8,743705.86,68.4,3184946.19,2703659.5,1119708.51,7008314.2,-6264608.34,-5619705.98,-516.87,-4949040.59,1433116.36,90,6704894.52,4.53,36.94
FIN-2024-00490,2024,Q4,2024-Q4,SFTP,Strategic FinTech & Payments Hub,SALES,Global Enterprise Sales & Field Ops,12997569.44,2998167.95,9999401.49,76.93,1262776.41,485866.96,357011.26,2105654.63,7893746.86,8289862.54,63.78,6236060.02,880257.06,419,2057367.17,2.35,12.62
FIN-2024-00491,2024,Q4,2024-Q4,SFTP,Strategic FinTech & Payments Hub,MKTG,Global Growth & Brand Marketing,16505697.97,5575708.61,10929989.36,66.22,1217034.4,1838169.54,1127215.28,4182419.22,6747570.14,7051600.59,42.72,5330580.41,675623.22,449,4570083.12,-8.48,24.06
FIN-2024-00492,2024,Q4,2024-Q4,SFTP,Strategic FinTech & Payments Hub,CSM,Customer Success & Technical Account Mgmt,9218974.59,3008475.68,6210498.91,67.37,661814.09,1275451.53,646526.96,2583792.58,3626706.33,4474497.37,48.54,2865098.0,1883980.09,358,2583351.65,0.02,18.68
FIN-2024-00493,2024,Q4,2024-Q4,SFTP,Strategic FinTech & Payments Hub,OPS,Cloud Infrastructure & Network Operations,17176642.2,5079207.57,12097434.63,70.43,3578371.63,522337.77,776044.47,4876753.87,7220680.76,7757365.06,45.16,5704337.8,1192631.77,73,4607308.21,5.85,13.02
FIN-2024-00494,2024,Q4,2024-Q4,SFTP,Strategic FinTech & Payments Hub,GA,Corporate General & Administrative,4868113.54,1421598.17,3446515.37,70.8,2370772.42,1908863.3,317571.43,4597207.15,-1150691.78,-402038.44,-8.26,-909046.51,1663674.09,436,4515028.37,1.82,13.36
FIN-2024-00495,2024,Q4,2024-Q4,SFTP,Strategic FinTech & Payments Hub,LEGAL,"Legal, Risk & Compliance",2343171.1,770452.05,1572719.05,67.12,3807546.65,599701.01,234264.35,4641512.01,-3068792.96,-2886304.44,-123.18,-2424346.44,405530.05,110,4743030.86,-2.14,16.43
FIN-2024-00496,2024,Q4,2024-Q4,SFTP,Strategic FinTech & Payments Hub,PROD,Product Strategy & User Experience,8599019.23,1723116.88,6875902.35,79.96,1048762.7,1463771.84,223781.1,2736315.64,4139586.71,4323089.63,50.27,3270273.5,407784.26,492,2940705.48,-6.95,27.47
FIN-2024-00497,2024,Q4,2024-Q4,PST,Professional Services & Transformation,ENG,Core Engineering & Software R&D,2129962.85,660037.55,1469925.3,69.01,2704144.21,2128671.65,1157632.01,5990447.87,-4520522.57,-3541421.51,-166.27,-3571212.83,2175780.14,327,6339258.59,-5.5,25.53
FIN-2024-00498,2024,Q4,2024-Q4,PST,Professional Services & Transformation,SALES,Global Enterprise Sales & Field Ops,15760996.59,2918856.67,12842139.92,81.48,1260563.57,1570385.57,180567.19,3011516.33,9830623.59,10345316.01,65.64,7766192.64,1143760.94,287,3007330.74,0.14,19.83
FIN-2024-00499,2024,Q4,2024-Q4,PST,Professional Services & Transformation,MKTG,Global Growth & Brand Marketing,22705448.02,4319261.97,18386186.05,80.98,1157581.26,1499330.95,515722.17,3172634.38,15213551.67,16073509.81,70.79,12018705.82,1911018.1,140,2921864.24,8.58,19.97
FIN-2024-00500,2024,Q4,2024-Q4,PST,Professional Services & Transformation,CSM,Customer Success & Technical Account Mgmt,13521461.9,3087922.19,10433539.71,77.16,2852512.79,618728.44,915864.72,4387105.95,6046433.76,6160749.73,45.56,4776682.67,254035.48,329,4166692.12,5.29,18.48
FIN-2024-00501,2024,Q4,2024-Q4,PST,Professional Services & Transformation,OPS,Cloud Infrastructure & Network Operations,13361401.31,4140487.11,9220914.2,69.01,1223610.07,1732542.2,281711.16,3237863.43,5983050.77,6144828.97,45.99,4726610.11,359507.12,321,3388089.94,-4.43,30.25
FIN-2024-00502,2024,Q4,2024-Q4,PST,Professional Services & Transformation,GA,Corporate General & Administrative,4445190.06,1472871.74,2972318.32,66.87,3078735.06,1285794.15,402934.43,4767463.64,-1795145.32,-771469.04,-17.36,-1418164.8,2274836.17,380,4842632.35,-1.55,38.32
FIN-2024-00503,2024,Q4,2024-Q4,PST,Professional Services & Transformation,LEGAL,"Legal, Risk & Compliance",3030100.18,909782.88,2120317.3,69.98,1995003.46,2786644.6,715415.24,5497063.3,-3376746.0,-2773378.35,-91.53,-2667629.34,1340817.0,74,5366395.55,2.43,14.45
FIN-2024-00504,2024,Q4,2024-Q4,PST,Professional Services & Transformation,PROD,Product Strategy & User Experience,6344013.75,2033844.52,4310169.23,67.94,1722056.15,3148838.74,1041642.74,5912537.63,-1602368.4,-960542.04,-15.14,-1265871.04,1426280.79,393,5720326.89,3.36,14.26
FIN-2024-00505,2024,Q4,2024-Q4,ARDQ,Advanced R&D & Quantum Computing,ENG,Core Engineering & Software R&D,3704983.3,1072923.52,2632059.78,71.04,1522459.55,3211884.53,809999.14,5544343.22,-2912283.44,-2005393.3,-54.13,-2300703.92,2015311.42,565,5719936.46,-3.07,33.55
FIN-2024-00506,2024,Q4,2024-Q4,ARDQ,Advanced R&D & Quantum Computing,SALES,Global Enterprise Sales & Field Ops,21073022.52,4088650.62,16984371.9,80.6,2010672.35,1976618.74,662279.89,4649570.98,12334800.92,13155763.44,62.43,9744492.73,1824361.16,194,5088676.1,-8.63,14.65
FIN-2024-00507,2024,Q4,2024-Q4,ARDQ,Advanced R&D & Quantum Computing,MKTG,Global Growth & Brand Marketing,5213685.47,1045592.11,4168093.36,79.95,3089743.17,2059606.45,479355.51,5628705.13,-1460611.77,-795569.81,-15.26,-1153883.3,1477871.03,460,5781019.27,-2.63,35.79
FIN-2024-00508,2024,Q4,2024-Q4,ARDQ,Advanced R&D & Quantum Computing,CSM,Customer Success & Technical Account Mgmt,5425796.46,1101325.8,4324470.66,79.7,1567519.88,1514128.8,839840.5,3921489.18,402981.48,1408322.27,25.96,318355.37,2234090.64,345,3960776.19,-0.99,27.31
FIN-2024-00509,2024,Q4,2024-Q4,ARDQ,Advanced R&D & Quantum Computing,OPS,Cloud Infrastructure & Network Operations,14078075.33,4027727.91,10050347.42,71.39,2338043.91,2661184.19,667150.21,5666378.31,4383969.11,4464243.03,31.71,3463335.6,178386.49,348,5482404.68,3.36,17.08
FIN-2024-00510,2024,Q4,2024-Q4,ARDQ,Advanced R&D & Quantum Computing,GA,Corporate General & Administrative,3597349.88,736482.79,2860867.09,79.53,2832258.64,3156143.79,294992.82,6283395.25,-3422528.16,-2507366.94,-69.7,-2703797.25,2033691.6,234,5969472.82,5.26,19.9
FIN-2024-00511,2024,Q4,2024-Q4,ARDQ,Advanced R&D & Quantum Computing,LEGAL,"Legal, Risk & Compliance",3805722.65,764030.69,3041691.96,79.92,3104673.77,3169530.53,744537.75,7018742.05,-3977050.09,-3794073.5,-99.69,-3141869.57,406614.65,511,6922075.77,1.4,39.91
FIN-2024-00512,2024,Q4,2024-Q4,ARDQ,Advanced R&D & Quantum Computing,PROD,Product Strategy & User Experience,3387604.09,906291.82,2481312.27,73.25,675308.17,1265814.61,773839.36,2714962.14,-233649.87,277267.84,8.18,-184583.4,1135372.69,313,2568603.78,5.7,18.47
FIN-2025-00513,2025,Q1,2025-Q1,ECP,Enterprise Cloud Platform,ENG,Core Engineering & Software R&D,894256.74,298135.31,596121.43,66.66,3706457.75,2138052.48,1160317.28,7004827.51,-6408706.08,-5875296.52,-657.0,-5062877.8,1185354.57,517,7078275.23,-1.04,39.43
FIN-2025-00514,2025,Q1,2025-Q1,ECP,Enterprise Cloud Platform,SALES,Global Enterprise Sales & Field Ops,14559064.64,3274625.06,11284439.58,77.51,1602190.73,1825879.89,906459.14,4334529.76,6949909.82,8041026.91,55.23,5490428.76,2424704.64,277,4391883.87,-1.31,42.78
FIN-2025-00515,2025,Q1,2025-Q1,ECP,Enterprise Cloud Platform,MKTG,Global Growth & Brand Marketing,17673624.46,3537578.96,14136045.5,79.98,1619446.04,2511220.52,858127.52,4988794.08,9147251.42,9949817.74,56.3,7226328.62,1783480.72,579,5205495.41,-4.16,38.2
FIN-2025-00516,2025,Q1,2025-Q1,ECP,Enterprise Cloud Platform,CSM,Customer Success & Technical Account Mgmt,7326333.81,2229498.59,5096835.22,69.57,2772161.68,2648447.63,968188.37,6388797.68,-1291962.46,-675454.63,-9.22,-1020650.34,1370017.4,512,5930178.65,7.73,26.19
FIN-2025-00517,2025,Q1,2025-Q1,ECP,Enterprise Cloud Platform,OPS,Cloud Infrastructure & Network Operations,22695433.42,5736160.24,16959273.18,74.73,982163.42,2894919.12,841264.69,4718347.23,12240925.95,12520741.04,55.17,9670331.5,621811.31,348,4648967.95,1.49,30.73
FIN-2025-00518,2025,Q1,2025-Q1,ECP,Enterprise Cloud Platform,GA,Corporate General & Administrative,5882607.82,1094269.81,4788338.01,81.4,2946472.77,3057791.3,1040307.23,7044571.3,-2256233.29,-1572514.35,-26.73,-1782424.3,1519375.43,485,6851850.97,2.81,35.07
FIN-2025-00519,2025,Q1,2025-Q1,ECP,Enterprise Cloud Platform,LEGAL,"Legal, Risk & Compliance",6473464.64,1561790.33,4911674.31,75.87,3916489.76,1880632.92,284084.93,6081207.61,-1169533.3,-682913.38,-10.55,-923931.31,1081377.6,271,5665986.18,7.33,27.93
FIN-2025-00520,2025,Q1,2025-Q1,ECP,Enterprise Cloud Platform,PROD,Product Strategy & User Experience,5795450.63,1479299.79,4316150.84,74.47,1037939.12,3198376.81,650916.49,4887232.42,-571081.58,93652.71,1.62,-451154.45,1477187.3,100,4759612.93,2.68,20.9
FIN-2025-00521,2025,Q1,2025-Q1,AIDS,Artificial Intelligence & Data Solutions,ENG,Core Engineering & Software R&D,4358158.98,1506048.98,2852110.0,65.44,3687241.56,3085846.19,248050.19,7021137.94,-4169027.94,-3395786.18,-77.92,-3293532.07,1718315.02,289,6864952.53,2.28,27.17
FIN-2025-00522,2025,Q1,2025-Q1,AIDS,Artificial Intelligence & Data Solutions,SALES,Global Enterprise Sales & Field Ops,22273205.41,7742722.9,14530482.51,65.24,695653.22,732465.72,364376.17,1792495.11,12737987.4,13722261.54,61.61,10063010.05,2187275.86,326,1710495.62,4.79,27.24
FIN-2025-00523,2025,Q1,2025-Q1,AIDS,Artificial Intelligence & Data Solutions,MKTG,Global Growth & Brand Marketing,6302533.73,1291837.55,5010696.18,79.5,2283432.13,571437.32,460542.82,3315412.27,1695283.91,1998538.08,31.71,1339274.29,673898.16,479,3584547.53,-7.51,35.36
FIN-2025-00524,2025,Q1,2025-Q1,AIDS,Artificial Intelligence & Data Solutions,CSM,Customer Success & Technical Account Mgmt,22300178.48,6644688.36,15655490.12,70.2,1079046.19,2885386.47,1097598.41,5062031.07,10593459.05,11040602.5,49.51,8368832.65,993652.1,429,5175225.9,-2.19,18.2
FIN-2025-00525,2025,Q1,2025-Q1,AIDS,Artificial Intelligence & Data Solutions,OPS,Cloud Infrastructure & Network Operations,18506896.8,4776249.67,13730647.13,74.19,2918773.33,2484519.65,543449.01,5946741.99,7783905.14,8453897.63,45.68,6149285.06,1488872.2,387,6037869.41,-1.51,26.02
FIN-2025-00526,2025,Q1,2025-Q1,AIDS,Artificial Intelligence & Data Solutions,GA,Corporate General & Administrative,5055866.05,1271867.26,3783998.79,74.84,1676024.28,1797034.17,723614.5,4196672.95,-412674.16,656284.12,12.98,-326012.59,2375462.84,229,4170960.2,0.62,19.02
FIN-2025-00527,2025,Q1,2025-Q1,AIDS,Artificial Intelligence & Data Solutions,LEGAL,"Legal, Risk & Compliance",3948310.01,1149297.78,2799012.23,70.89,1421140.31,2870303.73,444342.03,4735786.07,-1936773.84,-1664386.34,-42.15,-1530051.33,605305.55,243,4553322.64,4.01,40.68
FIN-2025-00528,2025,Q1,2025-Q1,AIDS,Artificial Intelligence & Data Solutions,PROD,Product Strategy & User Experience,2866340.39,658743.39,2207597.0,77.02,3854668.83,638660.55,900513.27,5393842.65,-3186245.65,-3064696.8,-106.92,-2517134.06,270108.55,454,5336559.35,1.07,36.21
FIN-2025-00529,2025,Q1,2025-Q1,CZTI,Cybersecurity & Zero-Trust Infrastructure,ENG,Core Engineering & Software R&D,6121599.32,1394546.27,4727053.05,77.22,1195166.28,3250708.95,408688.31,4854563.54,-127510.49,220778.82,3.61,-100733.29,773976.25,186,4763387.53,1.91,27.88
FIN-2025-00530,2025,Q1,2025-Q1,CZTI,Cybersecurity & Zero-Trust Infrastructure,SALES,Global Enterprise Sales & Field Ops,22585919.6,6016863.1,16569056.5,73.36,3338691.96,2211865.09,372975.5,5923532.55,10645523.95,11037079.69,48.87,8409963.92,870123.86,394,5938222.13,-0.25,36.21
FIN-2025-00531,2025,Q1,2025-Q1,CZTI,Cybersecurity & Zero-Trust Infrastructure,MKTG,Global Growth & Brand Marketing,10932132.23,3371221.66,7560910.57,69.16,4232982.75,1084198.22,574143.91,5891324.88,1669585.69,1858190.7,17.0,1318972.7,419122.24,325,6098581.36,-3.4,33.62
FIN-2025-00532,2025,Q1,2025-Q1,CZTI,Cybersecurity & Zero-Trust Infrastructure,CSM,Customer Success & Technical Account Mgmt,20432055.23,4583749.28,15848305.95,77.57,2366370.41,2945774.49,564905.42,5877050.32,9971255.63,10683779.26,52.29,7877291.95,1583385.85,422,5956320.6,-1.33,16.61
FIN-2025-00533,2025,Q1,2025-Q1,CZTI,Cybersecurity & Zero-Trust Infrastructure,OPS,Cloud Infrastructure & Network Operations,12867034.18,4450981.51,8416052.67,65.41,1555250.57,696293.49,152672.41,2404216.47,6011836.2,6270968.74,48.74,4749350.6,575850.08,255,2458182.08,-2.2,26.96
FIN-2025-00534,2025,Q1,2025-Q1,CZTI,Cybersecurity & Zero-Trust Infrastructure,GA,Corporate General & Administrative,819775.03,158624.68,661150.35,80.65,3472918.18,2558367.28,650345.11,6681630.57,-6020480.22,-5373601.42,-655.5,-4756179.37,1437508.45,604,6348303.68,5.25,41.32
FIN-2025-00535,2025,Q1,2025-Q1,CZTI,Cybersecurity & Zero-Trust Infrastructure,LEGAL,"Legal, Risk & Compliance",3898515.01,774433.48,3124081.53,80.14,4125750.45,1058007.01,292949.91,5476707.37,-2352625.84,-2078032.07,-53.3,-1858574.41,610208.38,388,5143926.03,6.47,40.49
FIN-2025-00536,2025,Q1,2025-Q1,CZTI,Cybersecurity & Zero-Trust Infrastructure,PROD,Product Strategy & User Experience,1470406.04,304574.21,1165831.83,79.29,4257339.71,619897.57,521234.95,5398472.23,-4232640.4,-3946276.77,-268.38,-3343785.92,636363.63,583,5201834.44,3.78,28.37
FIN-2025-00537,2025,Q1,2025-Q1,GHSS,Global Hardware & Semiconductor Systems,ENG,Core Engineering & Software R&D,1115794.06,375695.69,740098.37,66.33,1269618.36,1665667.77,672758.4,3608044.53,-2867946.16,-1944995.06,-174.31,-2265677.47,2051002.45,319,3534780.1,2.07,17.8
FIN-2025-00538,2025,Q1,2025-Q1,GHSS,Global Hardware & Semiconductor Systems,SALES,Global Enterprise Sales & Field Ops,19013482.98,3577794.98,15435688.0,81.18,1223665.66,2272152.06,1112456.8,4608274.52,10827413.48,11598714.75,61.0,8553656.65,1714002.82,512,4311025.81,6.9,34.2
FIN-2025-00539,2025,Q1,2025-Q1,GHSS,Global Hardware & Semiconductor Systems,MKTG,Global Growth & Brand Marketing,24269400.96,8406087.0,15863313.96,65.36,2280452.25,3220646.77,1058574.66,6559673.68,9303640.28,9924133.52,40.89,7349875.82,1378873.87,192,6822329.31,-3.85,20.15
FIN-2025-00540,2025,Q1,2025-Q1,GHSS,Global Hardware & Semiconductor Systems,CSM,Customer Success & Technical Account Mgmt,16742377.14,4286835.85,12455541.29,74.4,2937585.62,2910839.52,891588.93,6740014.07,5715527.22,6487071.21,38.75,4515266.5,1714542.21,313,6555759.22,2.81,26.81
FIN-2025-00541,2025,Q1,2025-Q1,GHSS,Global Hardware & Semiconductor Systems,OPS,Cloud Infrastructure & Network Operations,20500252.28,6404340.86,14095911.42,68.76,910939.69,1302778.37,542720.41,2756438.47,11339472.95,11722081.83,57.18,8958183.63,850241.96,339,2946950.6,-6.46,17.18
FIN-2025-00542,2025,Q1,2025-Q1,GHSS,Global Hardware & Semiconductor Systems,GA,Corporate General & Administrative,4535975.37,1542516.14,2993459.23,65.99,1703066.37,1142584.09,400795.67,3246446.13,-252986.9,218932.1,4.83,-199859.65,1048708.9,287,3171544.42,2.36,19.6
FIN-2025-00543,2025,Q1,2025-Q1,GHSS,Global Hardware & Semiconductor Systems,LEGAL,"Legal, Risk & Compliance",7596147.77,1730015.94,5866131.83,77.23,2874176.14,1464834.1,1070577.81,5409588.05,456543.78,1000058.35,13.17,360669.59,1207810.15,247,5243327.92,3.17,38.97
FIN-2025-00544,2025,Q1,2025-Q1,GHSS,Global Hardware & Semiconductor Systems,PROD,Product Strategy & User Experience,3767475.33,1192500.21,2574975.12,68.35,3151939.25,1347555.81,155671.05,4655166.11,-2080190.99,-1664428.45,-44.18,-1643350.88,923916.75,378,4448062.46,4.66,22.04
FIN-2025-00545,2025,Q1,2025-Q1,DCBM,Digital Commerce & B2B Marketplace,ENG,Core Engineering & Software R&D,7781962.02,1824059.68,5957902.34,76.56,2141688.45,2690616.44,278683.97,5110988.86,846913.48,1144850.36,14.71,669061.65,662081.95,402,5646880.57,-9.49,27.95
FIN-2025-00546,2025,Q1,2025-Q1,DCBM,Digital Commerce & B2B Marketplace,SALES,Global Enterprise Sales & Field Ops,24020138.34,5245219.36,18774918.98,78.16,3278526.2,2299439.56,774044.67,6352010.43,12422908.55,13431310.34,55.92,9814097.75,2240892.86,240,6147120.45,3.33,38.94
FIN-2025-00547,2025,Q1,2025-Q1,DCBM,Digital Commerce & B2B Marketplace,MKTG,Global Growth & Brand Marketing,7463782.97,1760225.16,5703557.81,76.42,683530.68,2640151.4,1054140.6,4377822.68,1325735.13,1870657.39,25.06,1047330.75,1210938.36,248,4307041.03,1.64,40.17
FIN-2025-00548,2025,Q1,2025-Q1,DCBM,Digital Commerce & B2B Marketplace,CSM,Customer Success & Technical Account Mgmt,20125649.67,6029252.01,14096397.66,70.04,3462294.95,2600399.42,340925.5,6403619.87,7692777.79,8656994.31,43.01,6077294.45,2142703.37,562,7096023.67,-9.76,16.91
FIN-2025-00549,2025,Q1,2025-Q1,DCBM,Digital Commerce & B2B Marketplace,OPS,Cloud Infrastructure & Network Operations,13291183.76,4134395.86,9156787.9,68.89,801589.49,2615139.29,792686.45,4209415.23,4947372.67,5944651.53,44.73,3908424.41,2216175.25,100,3965033.49,6.16,19.61
FIN-2025-00550,2025,Q1,2025-Q1,DCBM,Digital Commerce & B2B Marketplace,GA,Corporate General & Administrative,4522903.2,1554582.71,2968320.49,65.63,3556160.82,2220567.4,902993.85,6679722.07,-3711401.58,-3586442.75,-79.3,-2932007.25,277686.3,412,6815198.16,-1.99,30.03
FIN-2025-00551,2025,Q1,2025-Q1,DCBM,Digital Commerce & B2B Marketplace,LEGAL,"Legal, Risk & Compliance",1952990.93,554081.78,1398909.15,71.63,3935613.39,1558297.27,894353.68,6388264.34,-4989355.19,-4357166.71,-223.1,-3941590.6,1404863.28,598,6831281.05,-6.49,39.63
FIN-2025-00552,2025,Q1,2025-Q1,DCBM,Digital Commerce & B2B Marketplace,PROD,Product Strategy & User Experience,5740429.84,1689090.92,4051338.92,70.58,2629138.93,1976434.62,339817.9,4945391.45,-894052.53,-41069.27,-0.72,-706301.5,1895518.35,226,4878509.08,1.37,38.27
FIN-2025-00553,2025,Q1,2025-Q1,SFTP,Strategic FinTech & Payments Hub,ENG,Core Engineering & Software R&D,6524891.8,1653066.17,4871825.63,74.67,1445591.12,540614.78,1144709.58,3130915.48,1740910.15,2667916.19,40.89,1375319.02,2060013.43,164,3252382.65,-3.73,32.65
FIN-2025-00554,2025,Q1,2025-Q1,SFTP,Strategic FinTech & Payments Hub,SALES,Global Enterprise Sales & Field Ops,10221179.02,3441237.1,6779941.92,66.33,3755364.72,624336.99,1063544.99,5443246.7,1336695.22,2145401.35,20.99,1055989.22,1797124.74,147,6065713.48,-10.26,39.16
FIN-2025-00555,2025,Q1,2025-Q1,SFTP,Strategic FinTech & Payments Hub,MKTG,Global Growth & Brand Marketing,13820646.8,3996772.72,9823874.08,71.08,3893398.2,1335468.17,300044.78,5528911.15,4294962.93,5098939.64,36.89,3393020.71,1786614.91,129,5374895.85,2.87,18.99
FIN-2025-00556,2025,Q1,2025-Q1,SFTP,Strategic FinTech & Payments Hub,CSM,Customer Success & Technical Account Mgmt,4706171.18,1065564.18,3640607.0,77.36,1043341.23,2380474.24,246462.3,3670277.77,-29670.77,703971.61,14.96,-23439.91,1630316.39,97,3925139.9,-6.49,26.03
FIN-2025-00557,2025,Q1,2025-Q1,SFTP,Strategic FinTech & Payments Hub,OPS,Cloud Infrastructure & Network Operations,8072626.35,2250068.93,5822557.42,72.13,2535843.69,531358.73,962917.99,4030120.41,1792437.01,2215726.25,27.45,1416025.24,940642.76,400,4482814.46,-10.1,34.2
FIN-2025-00558,2025,Q1,2025-Q1,SFTP,Strategic FinTech & Payments Hub,GA,Corporate General & Administrative,1526497.92,319610.89,1206887.03,79.06,3815352.49,2806871.97,347505.56,6969730.02,-5762842.99,-5009287.92,-328.16,-4552645.96,1674566.82,329,6843153.83,1.85,41.02
FIN-2025-00559,2025,Q1,2025-Q1,SFTP,Strategic FinTech & Payments Hub,LEGAL,"Legal, Risk & Compliance",1840376.48,359147.24,1481229.24,80.49,3200499.75,1337298.55,951522.45,5489320.75,-4008091.51,-3363181.75,-182.74,-3166392.29,1433132.79,77,5669886.39,-3.18,23.94
FIN-2025-00560,2025,Q1,2025-Q1,SFTP,Strategic FinTech & Payments Hub,PROD,Product Strategy & User Experience,1923513.65,496980.44,1426533.21,74.16,838696.32,2391191.32,603844.35,3833731.99,-2407198.78,-1552638.8,-80.72,-1901687.04,1899022.17,611,4072947.52,-5.87,36.8
FIN-2025-00561,2025,Q1,2025-Q1,PST,Professional Services & Transformation,ENG,Core Engineering & Software R&D,5180900.3,1075636.08,4105264.22,79.24,1576343.2,1704338.83,697945.75,3978627.78,126636.44,569444.63,10.99,100042.79,984018.21,260,4011308.61,-0.81,27.99
FIN-2025-00562,2025,Q1,2025-Q1,PST,Professional Services & Transformation,SALES,Global Enterprise Sales & Field Ops,16164976.08,4155880.74,12009095.34,74.29,1755308.43,2413119.29,1005783.5,5174211.22,6834884.12,7148297.65,44.22,5399558.45,696474.52,65,4872253.19,6.2,35.1
FIN-2025-00563,2025,Q1,2025-Q1,PST,Professional Services & Transformation,MKTG,Global Growth & Brand Marketing,4859037.53,1062790.79,3796246.74,78.13,689952.83,528388.06,929974.81,2148315.7,1647931.04,2283303.63,46.99,1301865.52,1411939.08,379,2233909.29,-3.83,19.59
FIN-2025-00564,2025,Q1,2025-Q1,PST,Professional Services & Transformation,CSM,Customer Success & Technical Account Mgmt,21436461.18,4782725.07,16653736.11,77.69,1517627.34,1067163.05,944366.92,3529157.31,13124578.8,13851990.95,64.62,10368417.25,1616471.45,588,3424004.26,3.07,34.73
FIN-2025-00565,2025,Q1,2025-Q1,PST,Professional Services & Transformation,OPS,Cloud Infrastructure & Network Operations,4828548.65,1145999.04,3682549.61,76.27,2018225.66,986234.7,529377.44,3533837.8,148711.81,530748.99,10.99,117482.33,848971.51,264,3390376.87,4.23,16.95
FIN-2025-00566,2025,Q1,2025-Q1,PST,Professional Services & Transformation,GA,Corporate General & Administrative,1898213.55,450210.43,1448003.12,76.28,1738256.3,1661312.06,1025457.4,4425025.76,-2977022.64,-2014906.92,-106.15,-2351847.89,2138034.94,88,4153470.04,6.54,21.24
FIN-2025-00567,2025,Q1,2025-Q1,PST,Professional Services & Transformation,LEGAL,"Legal, Risk & Compliance",4766430.72,1435832.18,3330598.54,69.88,562920.86,2647109.4,225381.19,3435411.45,-104812.91,454583.23,9.54,-82802.2,1243102.53,588,3370718.6,1.92,19.59
FIN-2025-00568,2025,Q1,2025-Q1,PST,Professional Services & Transformation,PROD,Product Strategy & User Experience,8515201.87,2750090.18,5765111.69,67.7,1888807.41,861930.83,734296.11,3485034.35,2280077.34,3042271.86,35.73,1801261.1,1693765.61,159,3592138.14,-2.98,28.72
FIN-2025-00569,2025,Q1,2025-Q1,ARDQ,Advanced R&D & Quantum Computing,ENG,Core Engineering & Software R&D,3068738.26,1070339.24,1998399.02,65.12,1891944.41,948280.17,641747.94,3481972.52,-1483573.5,-964054.73,-31.42,-1172023.06,1154486.15,595,3667255.85,-5.05,31.71
FIN-2025-00570,2025,Q1,2025-Q1,ARDQ,Advanced R&D & Quantum Computing,SALES,Global Enterprise Sales & Field Ops,24092823.83,5024845.75,19067978.08,79.14,2974853.65,3007784.59,931187.42,6913825.66,12154152.42,12686479.37,52.66,9601780.41,1182948.78,162,7337330.18,-5.77,20.58
FIN-2025-00571,2025,Q1,2025-Q1,ARDQ,Advanced R&D & Quantum Computing,MKTG,Global Growth & Brand Marketing,10062242.27,2550057.61,7512184.66,74.66,2548960.92,1759345.41,1056387.21,5364693.54,2147491.12,2272027.32,22.58,1696517.98,276747.12,225,5797845.64,-7.47,37.85
FIN-2025-00572,2025,Q1,2025-Q1,ARDQ,Advanced R&D & Quantum Computing,CSM,Customer Success & Technical Account Mgmt,10914962.8,3750545.9,7164416.9,65.64,787808.51,615408.57,1144284.56,2547501.64,4616915.26,5241635.98,48.02,3647363.06,1388268.26,454,2567722.29,-0.79,22.52
FIN-2025-00573,2025,Q1,2025-Q1,ARDQ,Advanced R&D & Quantum Computing,OPS,Cloud Infrastructure & Network Operations,20295734.64,6742449.02,13553285.62,66.78,1835330.35,968900.2,471534.45,3275765.0,10277520.62,10442492.69,51.45,8119241.29,366604.6,123,3417690.12,-4.15,30.86
FIN-2025-00574,2025,Q1,2025-Q1,ARDQ,Advanced R&D & Quantum Computing,GA,Corporate General & Administrative,4110348.75,893435.3,3216913.45,78.26,3727519.49,817528.03,418837.39,4963884.91,-1746971.46,-1154291.38,-28.08,-1380107.45,1317066.85,158,4857776.59,2.18,36.81
FIN-2025-00575,2025,Q1,2025-Q1,ARDQ,Advanced R&D & Quantum Computing,LEGAL,"Legal, Risk & Compliance",1948231.3,651101.96,1297129.34,66.58,1003720.91,3341417.45,1150035.52,5495173.88,-4198044.54,-3888739.65,-199.6,-3316455.19,687344.2,136,5427357.73,1.25,34.9
FIN-2025-00576,2025,Q1,2025-Q1,ARDQ,Advanced R&D & Quantum Computing,PROD,Product Strategy & User Experience,7861423.51,2042238.85,5819184.66,74.02,1124307.35,2816174.77,449004.19,4389486.31,1429698.35,2059680.71,26.2,1129461.7,1399960.8,608,4274575.3,2.69,23.59
FIN-2025-00577,2025,Q2,2025-Q2,ECP,Enterprise Cloud Platform,ENG,Core Engineering & Software R&D,969944.01,207213.42,762730.59,78.64,3818361.51,3100141.68,814239.03,7732742.22,-6970011.63,-6329896.71,-652.6,-5506309.19,1422477.61,81,7636343.44,1.26,38.4
FIN-2025-00578,2025,Q2,2025-Q2,ECP,Enterprise Cloud Platform,SALES,Global Enterprise Sales & Field Ops,14970145.8,2810211.61,12159934.19,81.23,2395429.85,973715.85,495551.51,3864697.21,8295236.98,8522565.19,56.93,6553237.21,505173.81,382,4211287.42,-8.23,24.92
FIN-2025-00579,2025,Q2,2025-Q2,ECP,Enterprise Cloud Platform,MKTG,Global Growth & Brand Marketing,8486689.13,2898962.89,5587726.24,65.84,3312029.59,2018482.68,319840.84,5650353.11,-62626.87,213652.14,2.52,-49475.23,613953.36,534,6094687.98,-7.29,20.36
FIN-2025-00580,2025,Q2,2025-Q2,ECP,Enterprise Cloud Platform,CSM,Customer Success & Technical Account Mgmt,5404874.86,1162368.66,4242506.2,78.49,3170031.53,2015410.25,1061947.01,6247388.79,-2004882.59,-1111361.39,-20.56,-1583857.25,1985602.66,174,5937615.2,5.22,17.84
FIN-2025-00581,2025,Q2,2025-Q2,ECP,Enterprise Cloud Platform,OPS,Cloud Infrastructure & Network Operations,14466067.77,4355731.3,10110336.47,69.89,4416150.44,2742364.01,543861.85,7702376.3,2407960.17,2894776.76,20.01,1902288.53,1081814.65,215,8617892.99,-10.62,17.99
FIN-2025-00582,2025,Q2,2025-Q2,ECP,Enterprise Cloud Platform,GA,Corporate General & Administrative,3480184.74,887449.02,2592735.72,74.5,3112668.5,3337955.76,384629.66,6835253.92,-4242518.2,-3329758.32,-95.68,-3351589.38,2028355.28,370,6702168.38,1.99,33.95
FIN-2025-00583,2025,Q2,2025-Q2,ECP,Enterprise Cloud Platform,LEGAL,"Legal, Risk & Compliance",562125.47,179699.91,382425.56,68.03,1216973.55,1226390.23,800384.2,3243747.98,-2861322.42,-2788464.0,-496.06,-2260444.71,161907.61,542,3018611.72,7.46,37.1
FIN-2025-00584,2025,Q2,2025-Q2,ECP,Enterprise Cloud Platform,PROD,Product Strategy & User Experience,2535450.64,798759.46,1736691.18,68.5,2977723.97,3469349.14,905422.05,7352495.16,-5615803.98,-5157675.72,-203.42,-4436485.14,1018062.81,262,7325689.26,0.37,22.7
FIN-2025-00585,2025,Q2,2025-Q2,AIDS,Artificial Intelligence & Data Solutions,ENG,Core Engineering & Software R&D,3500778.09,1097442.56,2403335.53,68.65,3076587.06,1145889.5,1145701.86,5368178.42,-2964842.89,-1885748.56,-53.87,-2342225.88,2397987.39,371,5513809.48,-2.64,28.9
FIN-2025-00586,2025,Q2,2025-Q2,AIDS,Artificial Intelligence & Data Solutions,SALES,Global Enterprise Sales & Field Ops,6288036.53,2171482.77,4116553.76,65.47,575294.79,1048806.53,348105.86,1972207.18,2144346.58,2610766.9,41.52,1694033.8,1036489.59,502,1981247.76,-0.46,25.98
FIN-2025-00587,2025,Q2,2025-Q2,AIDS,Artificial Intelligence & Data Solutions,MKTG,Global Growth & Brand Marketing,15746319.47,4420913.41,11325406.06,71.92,667647.11,1599237.56,821046.83,3087931.5,8237474.56,8315806.76,52.81,6507604.9,174071.55,177,2903471.69,6.35,29.08
FIN-2025-00588,2025,Q2,2025-Q2,AIDS,Artificial Intelligence & Data Solutions,CSM,Customer Success & Technical Account Mgmt,10675370.36,3517739.7,7157630.66,67.05,948002.92,1407339.52,496976.49,2852318.93,4305311.73,5297370.19,49.62,3401196.27,2204574.35,301,3172247.51,-10.09,21.38
FIN-2025-00589,2025,Q2,2025-Q2,AIDS,Artificial Intelligence & Data Solutions,OPS,Cloud Infrastructure & Network Operations,24103395.26,6010144.07,18093251.19,75.07,1077380.91,905492.68,982903.15,2965776.74,15127474.45,16211100.73,67.26,11950704.82,2408058.39,355,2976451.8,-0.36,36.71
FIN-2025-00590,2025,Q2,2025-Q2,AIDS,Artificial Intelligence & Data Solutions,GA,Corporate General & Administrative,2181141.81,477289.9,1703851.91,78.12,892512.12,755882.72,779668.4,2428063.24,-724211.33,89006.2,4.08,-572126.95,1807150.07,458,2602389.95,-6.7,42.88
FIN-2025-00591,2025,Q2,2025-Q2,AIDS,Artificial Intelligence & Data Solutions,LEGAL,"Legal, Risk & Compliance",9130642.78,1924416.15,7206226.63,78.92,3883322.97,3483022.85,986529.94,8352875.76,-1146649.13,-1007099.71,-11.03,-905852.81,310109.82,168,8551931.54,-2.33,42.23
FIN-2025-00592,2025,Q2,2025-Q2,AIDS,Artificial Intelligence & Data Solutions,PROD,Product Strategy & User Experience,3751719.92,1010568.35,2741151.57,73.06,3807342.56,1958225.31,643696.86,6409264.73,-3668113.16,-3526236.93,-93.99,-2897809.4,315280.52,66,6641716.88,-3.5,17.73
FIN-2025-00593,2025,Q2,2025-Q2,CZTI,Cybersecurity & Zero-Trust Infrastructure,ENG,Core Engineering & Software R&D,6245710.18,1817466.04,4428244.14,70.9,3524614.73,452687.33,1121746.52,5099048.58,-670804.44,63964.34,1.02,-529935.51,1632819.51,626,5062518.69,0.72,29.74
FIN-2025-00594,2025,Q2,2025-Q2,CZTI,Cybersecurity & Zero-Trust Infrastructure,SALES,Global Enterprise Sales & Field Ops,5375530.86,1519359.55,3856171.31,71.74,2245103.2,3124666.0,731503.04,6101272.24,-2245100.93,-1579352.61,-29.38,-1773629.73,1479440.71,453,6713442.59,-9.12,43.85
FIN-2025-00595,2025,Q2,2025-Q2,CZTI,Cybersecurity & Zero-Trust Infrastructure,MKTG,Global Growth & Brand Marketing,5003150.16,1362985.91,3640164.25,72.76,1151075.32,502280.43,246412.49,1899768.24,1740396.01,2770647.64,55.38,1374912.85,2289448.06,185,2107097.06,-9.84,28.38
FIN-2025-00596,2025,Q2,2025-Q2,CZTI,Cybersecurity & Zero-Trust Infrastructure,CSM,Customer Success & Technical Account Mgmt,20744766.22,7081573.13,13663193.09,65.86,719199.4,2090268.72,1129597.77,3939065.89,9724127.2,10033151.34,48.36,7682060.49,686720.31,333,4092965.41,-3.76,37.84
FIN-2025-00597,2025,Q2,2025-Q2,CZTI,Cybersecurity & Zero-Trust Infrastructure,OPS,Cloud Infrastructure & Network Operations,13271984.66,3933760.58,9338224.08,70.36,3067446.49,2320553.97,931027.59,6319028.05,3019196.03,3157651.03,23.79,2385164.86,307677.77,250,6471370.79,-2.35,33.45
FIN-2025-00598,2025,Q2,2025-Q2,CZTI,Cybersecurity & Zero-Trust Infrastructure,GA,Corporate General & Administrative,1503824.74,343490.85,1160333.89,77.16,2586866.17,1999101.41,697119.74,5283087.32,-4122753.43,-3480579.5,-231.45,-3256975.21,1427053.17,322,5101481.09,3.56,21.59
FIN-2025-00599,2025,Q2,2025-Q2,CZTI,Cybersecurity & Zero-Trust Infrastructure,LEGAL,"Legal, Risk & Compliance",5023085.77,1100620.81,3922464.96,78.09,2666855.17,1861069.51,1061987.2,5589911.88,-1667446.92,-576650.68,-11.48,-1317283.07,2423991.65,159,5986529.79,-6.63,37.36
FIN-2025-00600,2025,Q2,2025-Q2,CZTI,Cybersecurity & Zero-Trust Infrastructure,PROD,Product Strategy & User Experience,1101930.89,381938.12,719992.77,65.34,2965709.93,3272617.38,264404.81,6502732.12,-5782739.35,-5106765.48,-463.44,-4568364.09,1502164.15,293,6997361.32,-7.07,40.14
FIN-2025-00601,2025,Q2,2025-Q2,GHSS,Global Hardware & Semiconductor Systems,ENG,Core Engineering & Software R&D,4523440.96,957585.0,3565855.96,78.83,1002169.35,3073403.69,400116.86,4475689.9,-909833.94,-456814.67,-10.1,-718768.81,1006709.48,297,4565705.05,-1.97,28.93
FIN-2025-00602,2025,Q2,2025-Q2,GHSS,Global Hardware & Semiconductor Systems,SALES,Global Enterprise Sales & Field Ops,7296397.14,1781165.31,5515231.83,75.59,2938610.6,1853916.02,326094.08,5118620.7,396611.13,1061356.4,14.55,313322.79,1477211.7,137,5497564.1,-6.89,30.62
FIN-2025-00603,2025,Q2,2025-Q2,GHSS,Global Hardware & Semiconductor Systems,MKTG,Global Growth & Brand Marketing,12117027.02,3591810.63,8525216.39,70.36,3095327.66,2492086.98,759981.02,6347395.66,2177820.73,2261612.42,18.66,1720478.38,186203.76,92,6781161.48,-6.4,41.19
FIN-2025-00604,2025,Q2,2025-Q2,GHSS,Global Hardware & Semiconductor Systems,CSM,Customer Success & Technical Account Mgmt,8390157.23,2258150.98,6132006.25,73.09,614469.01,972773.62,1155987.01,2743229.64,3388776.61,4055029.04,48.33,2677133.52,1480560.96,569,2870596.16,-4.44,24.47
FIN-2025-00605,2025,Q2,2025-Q2,GHSS,Global Hardware & Semiconductor Systems,OPS,Cloud Infrastructure & Network Operations,19742600.33,4222294.93,15520305.4,78.61,1225184.11,1793241.66,1021822.7,4040248.47,11480056.93,12393673.9,62.78,9069244.97,2030259.94,247,4182368.56,-3.4,35.81
FIN-2025-00606,2025,Q2,2025-Q2,GHSS,Global Hardware & Semiconductor Systems,GA,Corporate General & Administrative,6736417.35,1266028.39,5470388.96,81.21,1348032.09,2883060.94,317012.31,4548105.34,922283.62,1062684.91,15.78,728604.06,312002.87,137,4373522.48,3.99,33.21
FIN-2025-00607,2025,Q2,2025-Q2,GHSS,Global Hardware & Semiconductor Systems,LEGAL,"Legal, Risk & Compliance",6429174.55,1203379.03,5225795.52,81.28,3298404.37,2867797.49,708229.51,6874431.37,-1648635.85,-711879.4,-11.07,-1302422.32,2081680.99,617,7355665.6,-6.54,19.01
FIN-2025-00608,2025,Q2,2025-Q2,GHSS,Global Hardware & Semiconductor Systems,PROD,Product Strategy & User Experience,3216928.63,779238.5,2437690.13,75.78,3764174.98,3429902.06,394947.41,7589024.45,-5151334.32,-4442478.43,-138.1,-4069554.11,1575235.32,529,7192483.97,5.51,17.67
FIN-2025-00609,2025,Q2,2025-Q2,DCBM,Digital Commerce & B2B Marketplace,ENG,Core Engineering & Software R&D,3892160.89,1209689.9,2682470.99,68.92,3122785.76,1050308.43,1142491.86,5315586.05,-2633115.06,-2409999.61,-61.92,-2080160.9,495812.11,364,5501636.5,-3.38,35.79
FIN-2025-00610,2025,Q2,2025-Q2,DCBM,Digital Commerce & B2B Marketplace,SALES,Global Enterprise Sales & Field Ops,5553108.19,1624204.18,3928904.01,70.75,1200425.96,1311877.93,282216.47,2794520.36,1134383.65,2190496.88,39.45,896163.08,2346918.28,609,2760570.18,1.23,36.03
FIN-2025-00611,2025,Q2,2025-Q2,DCBM,Digital Commerce & B2B Marketplace,MKTG,Global Growth & Brand Marketing,9688336.97,2648406.94,7039930.03,72.66,2164832.46,2474121.47,983877.97,5622831.9,1417098.13,2301554.77,23.76,1119507.52,1965459.21,487,5578619.71,0.79,32.81
FIN-2025-00612,2025,Q2,2025-Q2,DCBM,Digital Commerce & B2B Marketplace,CSM,Customer Success & Technical Account Mgmt,18990310.06,4109334.67,14880975.39,78.36,1323837.12,3041893.84,443769.46,4809500.42,10071474.97,10397013.56,54.75,7956465.23,723419.09,419,4884546.95,-1.54,23.26
FIN-2025-00613,2025,Q2,2025-Q2,DCBM,Digital Commerce & B2B Marketplace,OPS,Cloud Infrastructure & Network Operations,13665829.32,3574416.67,10091412.65,73.84,2202387.6,2378361.78,312499.56,4893248.94,5198163.71,5478993.07,40.09,4106549.33,624065.25,138,5073244.32,-3.55,32.94
FIN-2025-00614,2025,Q2,2025-Q2,DCBM,Digital Commerce & B2B Marketplace,GA,Corporate General & Administrative,2150628.86,475018.64,1675610.22,77.91,796486.01,1724641.18,984269.08,3505396.27,-1829786.05,-1602180.06,-74.5,-1445530.98,505791.08,607,3543856.65,-1.09,16.75
FIN-2025-00615,2025,Q2,2025-Q2,DCBM,Digital Commerce & B2B Marketplace,LEGAL,"Legal, Risk & Compliance",4852350.47,1220647.3,3631703.17,74.84,1932029.94,3334657.4,736336.62,6003023.96,-2371320.79,-2093925.19,-43.15,-1873343.42,616434.67,497,6647062.14,-9.69,23.39
FIN-2025-00616,2025,Q2,2025-Q2,DCBM,Digital Commerce & B2B Marketplace,PROD,Product Strategy & User Experience,1993292.43,463011.88,1530280.55,76.77,731620.48,2991073.96,613415.29,4336109.73,-2805829.18,-2568608.91,-128.86,-2216605.05,527156.15,288,4460961.69,-2.8,42.17
FIN-2025-00617,2025,Q2,2025-Q2,SFTP,Strategic FinTech & Payments Hub,ENG,Core Engineering & Software R&D,2457998.42,617236.43,1840761.99,74.89,1128506.21,2436366.02,930378.83,4495251.06,-2654489.07,-2071290.04,-84.27,-2097046.37,1295997.84,627,5027826.42,-10.59,25.18
FIN-2025-00618,2025,Q2,2025-Q2,SFTP,Strategic FinTech & Payments Hub,SALES,Global Enterprise Sales & Field Ops,5077505.9,1311280.02,3766225.88,74.17,3738370.95,1931620.14,1177481.08,6847472.17,-3081246.29,-2002631.71,-39.44,-2434184.57,2396921.29,126,6460752.88,5.99,35.74
FIN-2025-00619,2025,Q2,2025-Q2,SFTP,Strategic FinTech & Payments Hub,MKTG,Global Growth & Brand Marketing,5425192.25,1289646.46,4135545.79,76.23,2532679.92,1907943.71,616966.08,5057589.71,-922043.92,-787069.65,-14.51,-728414.7,299942.83,277,5544286.48,-8.78,29.62
FIN-2025-00620,2025,Q2,2025-Q2,SFTP,Strategic FinTech & Payments Hub,CSM,Customer Success & Technical Account Mgmt,17933903.86,5846721.95,12087181.91,67.4,2339925.77,2994666.55,1077011.0,6411603.32,5675578.59,6148646.26,34.29,4483707.09,1051261.48,434,6900727.69,-7.09,33.37
FIN-2025-00621,2025,Q2,2025-Q2,SFTP,Strategic FinTech & Payments Hub,OPS,Cloud Infrastructure & Network Operations,4427105.5,1357318.33,3069787.17,69.34,3919319.13,2317197.37,910272.9,7146789.4,-4077002.23,-3638033.0,-82.18,-3220831.76,975487.17,244,6983443.44,2.34,23.31
FIN-2025-00622,2025,Q2,2025-Q2,SFTP,Strategic FinTech & Payments Hub,GA,Corporate General & Administrative,6262071.76,1285726.82,4976344.94,79.47,2264046.42,1316794.94,499183.62,4080024.98,896319.96,1808161.53,28.87,708092.77,2026314.59,597,4407579.39,-7.43,31.91
FIN-2025-00623,2025,Q2,2025-Q2,SFTP,Strategic FinTech & Payments Hub,LEGAL,"Legal, Risk & Compliance",3611618.22,1227685.48,2383932.74,66.01,1762034.39,730526.76,452300.15,2944861.3,-560928.56,-105410.55,-2.92,-443133.56,1012262.25,207,3212788.08,-8.34,40.22
FIN-2025-00624,2025,Q2,2025-Q2,SFTP,Strategic FinTech & Payments Hub,PROD,Product Strategy & User Experience,5171219.86,1232580.85,3938639.01,76.16,3615461.6,1553295.9,377463.94,5546221.44,-1607582.43,-931572.48,-18.01,-1269990.12,1502244.34,575,5270782.51,5.23,43.18
FIN-2025-00625,2025,Q2,2025-Q2,PST,Professional Services & Transformation,ENG,Core Engineering & Software R&D,3624923.59,874966.22,2749957.37,75.86,2210746.09,1596466.41,295061.41,4102273.91,-1352316.54,-639663.26,-17.65,-1068330.07,1583673.96,613,4134517.83,-0.78,22.4
FIN-2025-00626,2025,Q2,2025-Q2,PST,Professional Services & Transformation,SALES,Global Enterprise Sales & Field Ops,3573712.94,842320.04,2731392.9,76.43,1641024.47,3396464.93,381308.16,5418797.56,-2687404.66,-2183579.75,-61.1,-2123049.68,1119610.91,488,6031201.42,-10.15,32.54
FIN-2025-00627,2025,Q2,2025-Q2,PST,Professional Services & Transformation,MKTG,Global Growth & Brand Marketing,13854148.76,4813610.0,9040538.76,65.26,3652243.0,1911635.42,162936.29,5726814.71,3313724.05,3973075.89,28.68,2617842.0,1465226.32,567,6119994.53,-6.42,42.11
FIN-2025-00628,2025,Q2,2025-Q2,PST,Professional Services & Transformation,CSM,Customer Success & Technical Account Mgmt,24836514.76,6284722.59,18551792.17,74.7,2708069.72,1045718.29,945553.94,4699341.95,13852450.22,14634292.2,58.92,10943435.67,1737426.62,468,4577616.08,2.66,32.5
FIN-2025-00629,2025,Q2,2025-Q2,PST,Professional Services & Transformation,OPS,Cloud Infrastructure & Network Operations,12809620.17,3362808.47,9446811.7,73.75,3471148.39,1767542.54,1041410.91,6280101.84,3166709.86,4027681.74,31.44,2501700.79,1913270.84,534,6897864.6,-8.96,43.85
FIN-2025-00630,2025,Q2,2025-Q2,PST,Professional Services & Transformation,GA,Corporate General & Administrative,1095000.44,337990.48,757009.96,69.13,3371240.4,1456653.02,1187808.55,6015701.97,-5258692.01,-4460660.33,-407.37,-4154366.69,1773403.74,515,6468829.06,-7.0,28.07
FIN-2025-00631,2025,Q2,2025-Q2,PST,Professional Services & Transformation,LEGAL,"Legal, Risk & Compliance",6373617.92,1654663.78,4718954.14,74.04,2480089.5,2144469.79,726553.57,5351112.86,-632158.72,46018.16,0.72,-499405.39,1507059.73,168,5813113.54,-7.95,28.48
FIN-2025-00632,2025,Q2,2025-Q2,PST,Professional Services & Transformation,PROD,Product Strategy & User Experience,3016782.35,777484.46,2239297.89,74.23,1242051.33,2357911.11,174879.03,3774841.47,-1535543.58,-1229400.63,-40.75,-1213079.43,680317.67,546,3557361.36,6.11,22.99
FIN-2025-00633,2025,Q2,2025-Q2,ARDQ,Advanced R&D & Quantum Computing,ENG,Core Engineering & Software R&D,515187.82,176045.37,339142.45,65.83,3681519.74,3079619.68,482119.62,7243259.04,-6904116.59,-6757907.53,-1311.74,-5454252.11,324909.02,490,6859990.82,5.59,41.72
FIN-2025-00634,2025,Q2,2025-Q2,ARDQ,Advanced R&D & Quantum Computing,SALES,Global Enterprise Sales & Field Ops,21898917.22,5089533.79,16809383.43,76.76,4425786.69,502663.8,183307.26,5111757.75,11697625.68,12261726.74,55.99,9241124.29,1253557.92,558,5012838.29,1.97,20.93
FIN-2025-00635,2025,Q2,2025-Q2,ARDQ,Advanced R&D & Quantum Computing,MKTG,Global Growth & Brand Marketing,6761738.82,1565970.81,5195768.01,76.84,769086.69,1652153.35,765890.03,3187130.07,2008637.94,3083307.04,45.6,1586823.97,2388153.55,431,2944730.46,8.23,34.26
FIN-2025-00636,2025,Q2,2025-Q2,ARDQ,Advanced R&D & Quantum Computing,CSM,Customer Success & Technical Account Mgmt,4840983.85,988704.24,3852279.61,79.58,1350864.83,599961.95,568388.07,2519214.85,1333064.76,2004735.07,41.41,1053121.16,1492600.69,149,2570921.17,-2.01,27.3
FIN-2025-00637,2025,Q2,2025-Q2,ARDQ,Advanced R&D & Quantum Computing,OPS,Cloud Infrastructure & Network Operations,16072413.21,3796049.49,12276363.72,76.38,1879358.89,1598321.2,1016915.96,4494596.05,7781767.67,8000040.57,49.77,6147596.46,485050.88,49,4903392.5,-8.34,31.14
FIN-2025-00638,2025,Q2,2025-Q2,ARDQ,Advanced R&D & Quantum Computing,GA,Corporate General & Administrative,5557717.46,1350902.89,4206814.57,75.69,2916287.09,2584593.73,1162710.47,6663591.29,-2456776.72,-1512360.88,-27.21,-1940853.61,2098701.87,516,7396628.46,-9.91,16.61
FIN-2025-00639,2025,Q2,2025-Q2,ARDQ,Advanced R&D & Quantum Computing,LEGAL,"Legal, Risk & Compliance",1584334.34,360651.49,1223682.85,77.24,2352489.5,2675376.78,463967.19,5491833.47,-4268150.62,-3383855.04,-213.58,-3371838.99,1965101.3,74,5148219.99,6.67,26.75
FIN-2025-00640,2025,Q2,2025-Q2,ARDQ,Advanced R&D & Quantum Computing,PROD,Product Strategy & User Experience,3581633.79,953554.63,2628079.16,73.38,4059877.05,1980246.42,1068738.26,7108861.73,-4480782.57,-4343997.21,-121.29,-3539818.23,303967.47,156,7601257.95,-6.48,37.26
FIN-2025-00641,2025,Q3,2025-Q3,ECP,Enterprise Cloud Platform,ENG,Core Engineering & Software R&D,2858800.11,741658.42,2117141.69,74.06,1894732.86,2808668.23,1100845.3,5804246.39,-3687104.7,-2912915.64,-101.89,-2912812.71,1720420.13,215,5838841.0,-0.59,32.07
FIN-2025-00642,2025,Q3,2025-Q3,ECP,Enterprise Cloud Platform,SALES,Global Enterprise Sales & Field Ops,4429266.85,1547887.71,2881379.14,65.05,1987092.61,1834677.36,348955.94,4170725.91,-1289346.77,-1105835.2,-24.97,-1018583.95,407803.5,154,4120505.04,1.22,25.54
FIN-2025-00643,2025,Q3,2025-Q3,ECP,Enterprise Cloud Platform,MKTG,Global Growth & Brand Marketing,6688572.31,1733151.49,4955420.82,74.09,3099471.93,2080531.81,581709.29,5761713.03,-806292.21,-225751.67,-3.38,-636970.85,1290090.09,435,6304923.47,-8.62,21.28
FIN-2025-00644,2025,Q3,2025-Q3,ECP,Enterprise Cloud Platform,CSM,Customer Success & Technical Account Mgmt,25363176.78,8218411.66,17144765.12,67.6,3419215.43,2207597.92,729844.48,6356657.83,10788107.29,11623181.93,45.83,8522604.76,1855721.43,367,6842527.79,-7.1,31.55
FIN-2025-00645,2025,Q3,2025-Q3,ECP,Enterprise Cloud Platform,OPS,Cloud Infrastructure & Network Operations,24751026.63,7936291.24,16814735.39,67.94,2430482.56,2009040.94,761799.05,5201322.55,11613412.84,12219449.51,49.37,9174596.14,1346748.15,592,5142048.59,1.15,42.19
FIN-2025-00646,2025,Q3,2025-Q3,ECP,Enterprise Cloud Platform,GA,Corporate General & Administrative,5388547.54,1394717.29,3993830.25,74.12,3159349.74,2140179.52,391585.29,5691114.55,-1697284.3,-949818.24,-17.63,-1340854.6,1661035.69,347,6049740.06,-5.93,32.73
FIN-2025-00647,2025,Q3,2025-Q3,ECP,Enterprise Cloud Platform,LEGAL,"Legal, Risk & Compliance",5841165.99,1841789.47,3999376.52,68.47,1334595.79,776525.98,451381.74,2562503.51,1436873.01,1552497.8,26.58,1135129.68,256943.97,442,2775390.64,-7.67,40.52
FIN-2025-00648,2025,Q3,2025-Q3,ECP,Enterprise Cloud Platform,PROD,Product Strategy & User Experience,9211016.95,2926314.54,6284702.41,68.23,3282130.39,2498800.0,407800.08,6188730.47,95971.94,619024.2,6.72,75817.83,1162338.36,407,6094837.05,1.54,17.03
FIN-2025-00649,2025,Q3,2025-Q3,AIDS,Artificial Intelligence & Data Solutions,ENG,Core Engineering & Software R&D,1580632.27,345559.89,1235072.38,78.14,2284727.54,830017.96,225912.22,3340657.72,-2105585.34,-1120984.83,-70.92,-1663412.42,2188001.13,572,3245027.78,2.95,35.41
FIN-2025-00650,2025,Q3,2025-Q3,AIDS,Artificial Intelligence & Data Solutions,SALES,Global Enterprise Sales & Field Ops,6328280.82,2035215.93,4293064.89,67.84,1554311.42,1401771.67,866335.23,3822418.32,470646.57,622449.68,9.84,371810.79,337340.24,56,4027132.86,-5.08,39.52
FIN-2025-00651,2025,Q3,2025-Q3,AIDS,Artificial Intelligence & Data Solutions,MKTG,Global Growth & Brand Marketing,10728984.78,2964203.38,7764781.4,72.37,2166330.63,1843074.16,972061.46,4981466.25,2783315.15,3307016.89,30.82,2198818.97,1163781.65,191,5123616.9,-2.77,18.84
FIN-2025-00652,2025,Q3,2025-Q3,AIDS,Artificial Intelligence & Data Solutions,CSM,Customer Success & Technical Account Mgmt,9921516.65,2326187.91,7595328.74,76.55,3451434.65,3113453.63,1117058.16,7681946.44,-86617.7,1020906.52,10.29,-68427.98,2461164.94,569,7914234.77,-2.94,35.49
FIN-2025-00653,2025,Q3,2025-Q3,AIDS,Artificial Intelligence & Data Solutions,OPS,Cloud Infrastructure & Network Operations,20461112.36,7053239.6,13407872.76,65.53,1661328.73,1182729.92,978287.36,3822346.01,9585526.75,9746602.89,47.63,7572566.13,357946.97,81,4056609.15,-5.77,40.29
FIN-2025-00654,2025,Q3,2025-Q3,AIDS,Artificial Intelligence & Data Solutions,GA,Corporate General & Administrative,2000476.97,690599.54,1309877.43,65.48,1431853.68,3398162.14,235990.02,5066005.84,-3756128.41,-2938747.72,-146.9,-2967341.44,1816401.53,319,4698904.08,7.81,33.51
FIN-2025-00655,2025,Q3,2025-Q3,AIDS,Artificial Intelligence & Data Solutions,LEGAL,"Legal, Risk & Compliance",3414332.75,825578.59,2588754.16,75.82,1699815.27,1166812.39,718238.89,3584866.55,-996112.39,59855.51,1.75,-786928.79,2346595.33,101,3934314.46,-8.88,26.69
FIN-2025-00656,2025,Q3,2025-Q3,AIDS,Artificial Intelligence & Data Solutions,PROD,Product Strategy & User Experience,4898852.8,1076133.59,3822719.21,78.03,1783688.19,3588829.32,1035407.32,6407924.83,-2585205.62,-1727709.73,-35.27,-2042312.44,1905546.43,246,6649139.71,-3.63,20.69
FIN-2025-00657,2025,Q3,2025-Q3,CZTI,Cybersecurity & Zero-Trust Infrastructure,ENG,Core Engineering & Software R&D,1277138.96,342136.98,935001.98,73.21,4479133.99,2620960.12,779978.82,7880072.93,-6945070.95,-5853383.17,-458.32,-5486606.05,2425972.84,621,8682770.32,-9.24,38.48
FIN-2025-00658,2025,Q3,2025-Q3,CZTI,Cybersecurity & Zero-Trust Infrastructure,SALES,Global Enterprise Sales & Field Ops,12979717.31,4315584.78,8664132.53,66.75,1729949.83,3223246.92,163534.93,5116731.68,3547400.85,4171404.68,32.14,2802446.67,1386675.18,473,5636195.17,-9.22,20.27
FIN-2025-00659,2025,Q3,2025-Q3,CZTI,Cybersecurity & Zero-Trust Infrastructure,MKTG,Global Growth & Brand Marketing,22084036.72,6017185.35,16066851.37,72.75,1244091.58,2060723.19,457660.32,3762475.09,12304376.28,13243544.83,59.97,9720457.26,2087041.22,163,3630125.93,3.65,40.54
FIN-2025-00660,2025,Q3,2025-Q3,CZTI,Cybersecurity & Zero-Trust Infrastructure,CSM,Customer Success & Technical Account Mgmt,24634068.46,7046560.73,17587507.73,71.4,3171248.43,1424653.14,805032.01,5400933.58,12186574.15,12961705.52,52.62,9627393.58,1722514.16,100,5998947.68,-9.97,24.09
FIN-2025-00661,2025,Q3,2025-Q3,CZTI,Cybersecurity & Zero-Trust Infrastructure,OPS,Cloud Infrastructure & Network Operations,23541362.94,4365539.63,19175823.31,81.46,2681308.14,3420757.98,1068123.18,7170189.3,12005634.01,12899022.66,54.79,9484450.87,1985308.12,81,7686109.25,-6.71,16.63
FIN-2025-00662,2025,Q3,2025-Q3,CZTI,Cybersecurity & Zero-Trust Infrastructure,GA,Corporate General & Administrative,2628747.67,784846.36,1843901.31,70.14,3924648.91,2247205.76,223958.22,6395812.89,-4551911.58,-3416667.98,-129.97,-3596010.15,2522763.55,71,6733278.85,-5.01,19.47
FIN-2025-00663,2025,Q3,2025-Q3,CZTI,Cybersecurity & Zero-Trust Infrastructure,LEGAL,"Legal, Risk & Compliance",7263950.4,2155128.41,5108821.99,70.33,3571614.86,895759.31,698270.01,5165644.18,-56822.19,967090.9,13.31,-44889.53,2275362.43,78,5112128.23,1.05,36.82
FIN-2025-00664,2025,Q3,2025-Q3,CZTI,Cybersecurity & Zero-Trust Infrastructure,PROD,Product Strategy & User Experience,3575515.2,1073761.14,2501754.06,69.97,3221699.86,2496939.52,923787.74,6642427.12,-4140673.06,-3434739.38,-96.06,-3271131.72,1568741.5,442,7370355.72,-9.88,35.12
FIN-2025-00665,2025,Q3,2025-Q3,GHSS,Global Hardware & Semiconductor Systems,ENG,Core Engineering & Software R&D,1234006.43,350951.28,883055.15,71.56,3579535.67,2993944.59,189856.62,6763336.88,-5880281.73,-5486083.22,-444.57,-4645422.57,875996.68,134,6349821.76,6.51,39.95
FIN-2025-00666,2025,Q3,2025-Q3,GHSS,Global Hardware & Semiconductor Systems,SALES,Global Enterprise Sales & Field Ops,24370918.02,5748480.85,18622437.17,76.41,844081.88,942444.44,776507.47,2563033.79,16059403.38,16824212.5,69.03,12686928.67,1699575.82,395,2713782.36,-5.55,41.67
FIN-2025-00667,2025,Q3,2025-Q3,GHSS,Global Hardware & Semiconductor Systems,MKTG,Global Growth & Brand Marketing,11706061.09,2605996.4,9100064.69,77.74,3283468.19,1827517.63,717714.05,5828699.87,3271364.82,3737302.74,31.93,2584378.21,1035417.6,591,6052752.48,-3.7,39.72
FIN-2025-00668,2025,Q3,2025-Q3,GHSS,Global Hardware & Semiconductor Systems,CSM,Customer Success & Technical Account Mgmt,9674912.46,1951500.14,7723412.32,79.83,2077993.13,3323269.48,882660.16,6283922.77,1439489.55,1637603.26,16.93,1137196.74,440252.68,129,6472818.58,-2.92,27.68
FIN-2025-00669,2025,Q3,2025-Q3,GHSS,Global Hardware & Semiconductor Systems,OPS,Cloud Infrastructure & Network Operations,21161423.22,6327889.2,14833534.02,70.1,1867994.05,2275878.55,164415.87,4308288.47,10525245.55,10632428.5,50.24,8314943.98,238184.34,418,4145812.8,3.92,26.6
FIN-2025-00670,2025,Q3,2025-Q3,GHSS,Global Hardware & Semiconductor Systems,GA,Corporate General & Administrative,4719449.27,916896.32,3802552.95,80.57,1436939.91,1310980.24,276219.77,3024139.92,778413.03,961066.49,20.36,614946.29,405896.57,187,3017121.23,0.23,19.16
FIN-2025-00671,2025,Q3,2025-Q3,GHSS,Global Hardware & Semiconductor Systems,LEGAL,"Legal, Risk & Compliance",6042894.0,1403551.67,4639342.33,76.77,709631.59,1779491.15,1160284.0,3649406.74,989935.59,1190698.31,19.7,782049.12,446139.38,161,3830513.18,-4.73,31.0
FIN-2025-00672,2025,Q3,2025-Q3,GHSS,Global Hardware & Semiconductor Systems,PROD,Product Strategy & User Experience,3862746.14,762670.76,3100075.38,80.26,2293605.68,953085.65,1127319.81,4374011.14,-1273935.76,-295883.23,-7.66,-1006409.25,2173450.07,55,4626436.81,-5.46,23.0
FIN-2025-00673,2025,Q3,2025-Q3,DCBM,Digital Commerce & B2B Marketplace,ENG,Core Engineering & Software R&D,4288982.41,1080144.97,3208837.44,74.82,4520750.47,1887857.25,1123778.5,7532386.22,-4323548.78,-3846671.27,-89.69,-3415603.54,1059727.81,145,7813249.51,-3.59,17.41
FIN-2025-00674,2025,Q3,2025-Q3,DCBM,Digital Commerce & B2B Marketplace,SALES,Global Enterprise Sales & Field Ops,21880682.52,4445438.63,17435243.89,79.68,2985514.33,644234.68,780107.0,4409856.01,13025387.88,13564000.98,61.99,10290056.43,1196918.01,585,4525990.36,-2.57,20.41
FIN-2025-00675,2025,Q3,2025-Q3,DCBM,Digital Commerce & B2B Marketplace,MKTG,Global Growth & Brand Marketing,8741916.86,2253807.25,6488109.61,74.22,4411087.12,3101381.65,157067.75,7669536.52,-1181426.91,-903657.5,-10.34,-933327.26,617265.35,227,8243688.47,-6.96,17.8
FIN-2025-00676,2025,Q3,2025-Q3,DCBM,Digital Commerce & B2B Marketplace,CSM,Customer Success & Technical Account Mgmt,22540150.42,4236438.11,18303712.31,81.2,2383356.88,1341062.98,162758.53,3887178.39,14416533.92,15429541.22,68.45,11389061.8,2251127.33,385,3868178.0,0.49,26.84
FIN-2025-00677,2025,Q3,2025-Q3,DCBM,Digital Commerce & B2B Marketplace,OPS,Cloud Infrastructure & Network Operations,7894630.46,1970819.98,5923810.48,75.04,4041861.15,1235103.75,354346.02,5631310.92,292499.56,1397662.6,17.7,231074.65,2455917.87,627,6130106.18,-8.14,42.18
FIN-2025-00678,2025,Q3,2025-Q3,DCBM,Digital Commerce & B2B Marketplace,GA,Corporate General & Administrative,2852583.91,901774.24,1950809.67,68.39,2316829.97,2035078.12,655293.59,5007201.68,-3056392.01,-2742493.43,-96.14,-2414549.69,697552.4,628,5089975.62,-1.63,28.69
FIN-2025-00679,2025,Q3,2025-Q3,DCBM,Digital Commerce & B2B Marketplace,LEGAL,"Legal, Risk & Compliance",4194652.49,885168.87,3309483.62,78.9,1912306.08,2338522.96,666778.25,4917607.29,-1608123.67,-973274.29,-23.2,-1270417.7,1410776.39,305,5298427.82,-7.19,20.11
FIN-2025-00680,2025,Q3,2025-Q3,DCBM,Digital Commerce & B2B Marketplace,PROD,Product Strategy & User Experience,1728823.04,409377.25,1319445.79,76.32,2101435.29,875585.96,287959.23,3264980.48,-1945534.69,-1452643.52,-84.02,-1536972.41,1095313.7,362,3654577.13,-10.66,42.79
FIN-2025-00681,2025,Q3,2025-Q3,SFTP,Strategic FinTech & Payments Hub,ENG,Core Engineering & Software R&D,1281064.19,248425.33,1032638.86,80.61,4580797.41,3026762.1,988966.34,8596525.85,-7563886.99,-6412271.37,-500.54,-5975470.72,2559145.83,300,9476943.13,-9.29,34.42
FIN-2025-00682,2025,Q3,2025-Q3,SFTP,Strategic FinTech & Payments Hub,SALES,Global Enterprise Sales & Field Ops,24654006.77,7402008.92,17251997.85,69.98,3723119.99,3284942.69,294775.36,7302838.04,9949159.81,10559413.13,42.83,7859836.25,1356118.5,630,8026190.93,-9.01,37.62
FIN-2025-00683,2025,Q3,2025-Q3,SFTP,Strategic FinTech & Payments Hub,MKTG,Global Growth & Brand Marketing,21477638.42,6656102.85,14821535.57,69.01,1276775.97,2675569.44,404842.3,4357187.71,10464347.86,10644147.4,49.56,8266834.81,399554.53,164,4868830.73,-10.51,38.56
FIN-2025-00684,2025,Q3,2025-Q3,SFTP,Strategic FinTech & Payments Hub,CSM,Customer Success & Technical Account Mgmt,23851299.83,7844910.3,16006389.53,67.11,3040023.13,2946212.35,294486.84,6280722.32,9725667.21,9858903.39,41.33,7683277.1,296080.41,426,6676871.08,-5.93,40.19
FIN-2025-00685,2025,Q3,2025-Q3,SFTP,Strategic FinTech & Payments Hub,OPS,Cloud Infrastructure & Network Operations,8009236.21,1584929.1,6424307.11,80.21,4149835.38,1380482.67,546223.74,6076541.79,347765.32,737613.16,9.21,274734.6,866328.53,283,5966205.66,1.85,28.32
FIN-2025-00686,2025,Q3,2025-Q3,SFTP,Strategic FinTech & Payments Hub,GA,Corporate General & Administrative,1667643.61,429253.46,1238390.15,74.26,993993.55,3386239.65,388041.69,4768274.89,-3529884.74,-2737012.24,-164.12,-2788608.94,1761938.89,576,4741790.06,0.56,34.64
FIN-2025-00687,2025,Q3,2025-Q3,SFTP,Strategic FinTech & Payments Hub,LEGAL,"Legal, Risk & Compliance",3160638.75,1067800.34,2092838.41,66.22,1255680.87,2875540.2,481789.43,4613010.5,-2520172.09,-1819678.48,-57.57,-1990935.95,1556652.46,323,4378286.06,5.36,21.82
FIN-2025-00688,2025,Q3,2025-Q3,SFTP,Strategic FinTech & Payments Hub,PROD,Product Strategy & User Experience,841253.27,253661.05,587592.22,69.85,1389004.0,745135.01,1149352.05,3283491.06,-2695898.84,-2311933.71,-274.82,-2129760.08,853255.85,240,3614988.2,-9.17,31.14
FIN-2025-00689,2025,Q3,2025-Q3,PST,Professional Services & Transformation,ENG,Core Engineering & Software R&D,5920125.15,1716752.32,4203372.83,71.0,953285.31,1026276.1,541272.13,2520833.54,1682539.29,2276257.86,38.45,1329206.04,1319374.6,184,2326385.45,8.36,22.12
FIN-2025-00690,2025,Q3,2025-Q3,PST,Professional Services & Transformation,SALES,Global Enterprise Sales & Field Ops,9330443.69,3211663.94,6118779.75,65.58,2111417.42,1393003.64,959910.58,4464331.64,1654448.11,1903320.2,20.4,1307014.01,553049.08,80,4537363.69,-1.61,33.11
FIN-2025-00691,2025,Q3,2025-Q3,PST,Professional Services & Transformation,MKTG,Global Growth & Brand Marketing,22587924.47,4359243.41,18228681.06,80.7,1696399.6,1942587.91,532161.64,4171149.15,14057531.91,15192174.97,67.26,11105450.21,2521429.03,546,4174870.21,-0.09,26.58
FIN-2025-00692,2025,Q3,2025-Q3,PST,Professional Services & Transformation,CSM,Customer Success & Technical Account Mgmt,4807732.29,1550133.96,3257598.33,67.76,2583807.07,523648.55,912588.5,4020044.12,-762445.79,247131.14,5.14,-602332.17,2243504.3,516,4028793.86,-0.22,21.19
FIN-2025-00693,2025,Q3,2025-Q3,PST,Professional Services & Transformation,OPS,Cloud Infrastructure & Network Operations,9365389.45,2046260.01,7319129.44,78.15,2752729.01,2514140.15,436578.41,5703447.57,1615681.87,2727580.93,29.12,1276388.68,2470886.79,247,5345887.58,6.69,32.53
FIN-2025-00694,2025,Q3,2025-Q3,PST,Professional Services & Transformation,GA,Corporate General & Administrative,6292012.47,1776123.66,4515888.81,71.77,3920165.9,2290902.24,288708.27,6499776.41,-1983887.6,-1855710.14,-29.49,-1567271.2,284838.81,293,7272530.74,-10.63,19.42
FIN-2025-00695,2025,Q3,2025-Q3,PST,Professional Services & Transformation,LEGAL,"Legal, Risk & Compliance",823479.91,270570.96,552908.95,67.14,4257163.63,2951701.18,1079676.51,8288541.32,-7735632.37,-7551875.09,-917.07,-6111149.57,408349.52,375,8270684.76,0.22,43.0
FIN-2025-00696,2025,Q3,2025-Q3,PST,Professional Services & Transformation,PROD,Product Strategy & User Experience,1057361.25,199285.4,858075.85,81.15,3294715.68,3213942.94,606610.19,7115268.81,-6257192.96,-6099441.73,-576.86,-4943182.44,350558.29,107,6708850.19,6.06,20.04
FIN-2025-00697,2025,Q3,2025-Q3,ARDQ,Advanced R&D & Quantum Computing,ENG,Core Engineering & Software R&D,5591229.86,1441537.77,4149692.09,74.22,1602649.3,2450727.61,1040502.42,5093879.33,-944187.24,-618318.95,-11.06,-745907.92,724151.76,111,5073286.55,0.41,20.18
FIN-2025-00698,2025,Q3,2025-Q3,ARDQ,Advanced R&D & Quantum Computing,SALES,Global Enterprise Sales & Field Ops,20429852.88,4338091.69,16091761.19,78.77,3858430.73,1785521.07,271668.53,5915620.33,10176140.86,10874421.12,53.23,8039151.28,1551733.9,285,5685751.29,4.04,37.37
FIN-2025-00699,2025,Q3,2025-Q3,ARDQ,Advanced R&D & Quantum Computing,MKTG,Global Growth & Brand Marketing,4445174.79,829397.52,3615777.27,81.34,2321243.73,2504127.7,1170090.68,5995462.11,-2379684.84,-1602549.98,-36.05,-1879951.02,1726966.36,141,5790893.33,3.53,38.19
FIN-2025-00700,2025,Q3,2025-Q3,ARDQ,Advanced R&D & Quantum Computing,CSM,Customer Success & Technical Account Mgmt,3743357.39,1183393.08,2559964.31,68.39,2132525.25,1391058.91,707406.9,4230991.06,-1671026.75,-996544.66,-26.62,-1320111.13,1498849.08,614,4196203.06,0.83,32.5
FIN-2025-00701,2025,Q3,2025-Q3,ARDQ,Advanced R&D & Quantum Computing,OPS,Cloud Infrastructure & Network Operations,18404798.37,6224814.51,12179983.86,66.18,927865.36,1816067.7,1032579.68,3776512.74,8403471.12,9076193.83,49.31,6638742.18,1494939.35,403,3535405.91,6.82,36.54
FIN-2025-00702,2025,Q3,2025-Q3,ARDQ,Advanced R&D & Quantum Computing,GA,Corporate General & Administrative,5027783.05,1378274.88,3649508.17,72.59,3088705.72,3409908.89,282824.01,6781438.62,-3131930.45,-2878338.76,-57.25,-2474225.06,563537.1,66,7247329.95,-6.43,16.84
FIN-2025-00703,2025,Q3,2025-Q3,ARDQ,Advanced R&D & Quantum Computing,LEGAL,"Legal, Risk & Compliance",5906504.29,1281834.19,4624670.1,78.3,4488079.6,3020543.42,360223.44,7868846.46,-3244176.36,-2087049.81,-35.33,-2562899.32,2571392.34,252,7981156.4,-1.41,26.78
FIN-2025-00704,2025,Q3,2025-Q3,ARDQ,Advanced R&D & Quantum Computing,PROD,Product Strategy & User Experience,3441110.98,769923.33,2671187.65,77.63,703242.26,3381129.98,493453.48,4577825.72,-1906638.07,-928917.38,-26.99,-1506244.08,2172712.64,142,4623401.25,-0.99,40.92
FIN-2025-00705,2025,Q4,2025-Q4,ECP,Enterprise Cloud Platform,ENG,Core Engineering & Software R&D,1135252.13,259798.72,875453.41,77.12,4591171.67,3035548.14,1084834.14,8711553.95,-7836100.54,-7260095.09,-639.51,-6190519.43,1280012.12,120,8742328.08,-0.35,20.47
FIN-2025-00706,2025,Q4,2025-Q4,ECP,Enterprise Cloud Platform,SALES,Global Enterprise Sales & Field Ops,17563116.77,5897025.38,11666091.39,66.42,4057321.96,3334014.91,678492.1,8069828.97,3596262.42,4569126.66,26.02,2841047.31,2161920.53,525,8859653.52,-8.91,24.87
FIN-2025-00707,2025,Q4,2025-Q4,ECP,Enterprise Cloud Platform,MKTG,Global Growth & Brand Marketing,25626212.7,4926607.54,20699605.16,80.78,4706587.99,1608315.86,1042613.1,7357516.95,13342088.21,14475161.63,56.49,10540249.69,2517940.94,415,8074333.74,-8.88,24.48
FIN-2025-00708,2025,Q4,2025-Q4,ECP,Enterprise Cloud Platform,CSM,Customer Success & Technical Account Mgmt,12441520.18,4021730.56,8419789.62,67.67,2163833.06,1572234.58,522466.17,4258533.81,4161255.81,4727223.09,38.0,3287392.09,1257705.07,446,4151775.13,2.57,32.04
FIN-2025-00709,2025,Q4,2025-Q4,ECP,Enterprise Cloud Platform,OPS,Cloud Infrastructure & Network Operations,15403836.76,4810303.91,10593532.85,68.77,640982.9,577126.45,367303.74,1585413.09,9008119.76,9780634.37,63.49,7116414.61,1716699.13,211,1717120.42,-7.67,32.47
FIN-2025-00710,2025,Q4,2025-Q4,ECP,Enterprise Cloud Platform,GA,Corporate General & Administrative,9062419.26,1644085.75,7418333.51,81.86,4038133.9,3480747.37,1060399.46,8579280.73,-1160947.22,-804349.13,-8.88,-917148.3,792440.19,152,9549909.43,-10.16,38.62
FIN-2025-00711,2025,Q4,2025-Q4,ECP,Enterprise Cloud Platform,LEGAL,"Legal, Risk & Compliance",3259578.02,1099057.11,2160520.91,66.28,1465638.83,3498974.16,154494.28,5119107.27,-2958586.36,-2580393.45,-79.16,-2337283.22,840428.68,649,5183748.6,-1.25,39.85
FIN-2025-00712,2025,Q4,2025-Q4,ECP,Enterprise Cloud Platform,PROD,Product Strategy & User Experience,3424302.95,1077869.51,2346433.44,68.52,4140869.43,466830.82,207991.44,4815691.69,-2469258.25,-1645587.92,-48.06,-1950714.02,1830378.5,337,4709721.81,2.25,33.81
FIN-2025-00713,2025,Q4,2025-Q4,AIDS,Artificial Intelligence & Data Solutions,ENG,Core Engineering & Software R&D,1534357.07,373361.21,1160995.86,75.67,2634827.23,2708862.59,543730.05,5887419.87,-4726424.01,-4141927.93,-269.95,-3733874.97,1298880.18,151,6369328.61,-7.57,24.81
FIN-2025-00714,2025,Q4,2025-Q4,AIDS,Artificial Intelligence & Data Solutions,SALES,Global Enterprise Sales & Field Ops,12745875.8,3255438.72,9490437.08,74.46,2316626.97,1404266.0,1102634.46,4823527.43,4666909.65,4885647.68,38.33,3686858.62,486084.5,118,4737696.43,1.81,32.8
FIN-2025-00715,2025,Q4,2025-Q4,AIDS,Artificial Intelligence & Data Solutions,MKTG,Global Growth & Brand Marketing,26398084.62,6920365.81,19477718.81,73.78,1354318.67,2556407.92,179349.54,4090076.13,15387642.68,15537969.52,58.86,12156237.72,334059.64,366,4143135.02,-1.28,20.81
FIN-2025-00716,2025,Q4,2025-Q4,AIDS,Artificial Intelligence & Data Solutions,CSM,Customer Success & Technical Account Mgmt,8833790.03,2501590.56,6332199.47,71.68,4542519.46,3447811.37,868705.67,8859036.5,-2526837.03,-1874730.0,-21.22,-1996201.25,1449126.73,397,9063848.1,-2.26,43.96
FIN-2025-00717,2025,Q4,2025-Q4,AIDS,Artificial Intelligence & Data Solutions,OPS,Cloud Infrastructure & Network Operations,13669822.76,3290615.85,10379206.91,75.93,1201620.48,2125015.2,1191539.52,4518175.2,5861031.71,7035111.21,51.46,4630215.05,2609065.55,71,4412761.89,2.39,31.66
FIN-2025-00718,2025,Q4,2025-Q4,AIDS,Artificial Intelligence & Data Solutions,GA,Corporate General & Administrative,4141622.57,890978.96,3250643.61,78.49,1641343.7,3340112.25,1115061.67,6096517.62,-2845874.01,-2770683.87,-66.9,-2248240.47,167089.21,435,5866485.73,3.92,26.07
FIN-2025-00719,2025,Q4,2025-Q4,AIDS,Artificial Intelligence & Data Solutions,LEGAL,"Legal, Risk & Compliance",4464459.38,1181909.52,3282549.86,73.53,3095781.32,1038292.44,679728.02,4813801.78,-1531251.92,-503908.58,-11.29,-1209689.02,2282985.21,288,5390716.59,-10.7,42.66
FIN-2025-00720,2025,Q4,2025-Q4,AIDS,Artificial Intelligence & Data Solutions,PROD,Product Strategy & User Experience,8337687.46,2268377.28,6069310.18,72.79,1717857.47,1458248.63,536280.65,3712386.75,2356923.43,3159155.37,37.89,1861969.51,1782737.64,309,4091583.72,-9.27,41.47
FIN-2025-00721,2025,Q4,2025-Q4,CZTI,Cybersecurity & Zero-Trust Infrastructure,ENG,Core Engineering & Software R&D,6529911.6,1972733.03,4557178.57,69.79,2712386.25,2006786.55,1169601.96,5888774.76,-1331596.19,-217354.68,-3.33,-1051960.99,2476092.24,355,6578831.69,-10.49,21.97
FIN-2025-00722,2025,Q4,2025-Q4,CZTI,Cybersecurity & Zero-Trust Infrastructure,SALES,Global Enterprise Sales & Field Ops,12268982.56,3982594.33,8286388.23,67.54,3841692.64,1391927.44,1003698.37,6237318.45,2049069.78,3218456.52,26.23,1618765.13,2598637.2,158,6572046.07,-5.09,42.02
FIN-2025-00723,2025,Q4,2025-Q4,CZTI,Cybersecurity & Zero-Trust Infrastructure,MKTG,Global Growth & Brand Marketing,11753114.53,2732450.85,9020663.68,76.75,3767535.61,952367.53,200464.63,4920367.77,4100295.91,4649058.33,39.56,3239233.77,1219472.05,302,4678321.38,5.17,22.73
FIN-2025-00724,2025,Q4,2025-Q4,CZTI,Cybersecurity & Zero-Trust Infrastructure,CSM,Customer Success & Technical Account Mgmt,20093763.74,5835013.11,14258750.63,70.96,1932408.15,947459.2,743328.62,3623195.97,10635554.66,10754540.42,53.52,8402088.18,264412.8,83,3391174.28,6.84,30.22
FIN-2025-00725,2025,Q4,2025-Q4,CZTI,Cybersecurity & Zero-Trust Infrastructure,OPS,Cloud Infrastructure & Network Operations,12894580.04,4081197.71,8813382.33,68.35,2209730.47,3329056.27,1053736.1,6592522.84,2220859.49,3000101.57,23.27,1754479.0,1731649.07,487,6229384.98,5.83,27.76
FIN-2025-00726,2025,Q4,2025-Q4,CZTI,Cybersecurity & Zero-Trust Infrastructure,GA,Corporate General & Administrative,6665901.16,1918118.04,4747783.12,71.22,2409227.28,2848226.98,752016.09,6009470.35,-1261687.23,-808382.93,-12.13,-996732.91,1007342.89,328,6279498.35,-4.3,29.37
FIN-2025-00727,2025,Q4,2025-Q4,CZTI,Cybersecurity & Zero-Trust Infrastructure,LEGAL,"Legal, Risk & Compliance",5308968.82,1461706.71,3847262.11,72.47,3797251.99,3036549.87,937904.49,7771706.35,-3924444.24,-2793677.69,-52.62,-3100310.95,2512814.56,63,7846932.81,-0.96,37.7
FIN-2025-00728,2025,Q4,2025-Q4,CZTI,Cybersecurity & Zero-Trust Infrastructure,PROD,Product Strategy & User Experience,4108264.62,835818.79,3272445.83,79.66,2330908.39,1524389.87,223895.74,4079194.0,-806748.17,-587704.97,-14.31,-637331.05,486762.66,250,4210515.13,-3.12,29.4
FIN-2025-00729,2025,Q4,2025-Q4,GHSS,Global Hardware & Semiconductor Systems,ENG,Core Engineering & Software R&D,6168425.63,2069683.68,4098741.95,66.45,1612685.13,3544047.03,200181.8,5356913.96,-1258172.01,-258291.01,-4.19,-993955.89,2221957.78,103,5573281.36,-3.88,42.03
FIN-2025-00730,2025,Q4,2025-Q4,GHSS,Global Hardware & Semiconductor Systems,SALES,Global Enterprise Sales & Field Ops,5088703.19,1163548.51,3925154.68,77.13,4257299.59,1834845.74,979351.18,7071496.51,-3146341.83,-2582411.58,-50.75,-2485610.05,1253178.33,506,6908672.28,2.36,39.67
FIN-2025-00731,2025,Q4,2025-Q4,GHSS,Global Hardware & Semiconductor Systems,MKTG,Global Growth & Brand Marketing,18836077.61,4881932.7,13954144.91,74.08,3964307.71,972848.43,976417.79,5913573.93,8040570.98,9038360.5,47.98,6352051.07,2217310.04,78,5853435.12,1.03,22.39
FIN-2025-00732,2025,Q4,2025-Q4,GHSS,Global Hardware & Semiconductor Systems,CSM,Customer Success & Technical Account Mgmt,16545058.66,3468795.16,13076263.5,79.03,4181914.55,1672793.08,943536.07,6798243.7,6278019.8,7101754.55,42.92,4959635.64,1830521.66,606,6398441.87,6.25,36.85
FIN-2025-00733,2025,Q4,2025-Q4,GHSS,Global Hardware & Semiconductor Systems,OPS,Cloud Infrastructure & Network Operations,19518640.72,5902395.71,13616245.01,69.76,2578353.1,2852230.13,636128.39,6066711.62,7549533.39,8508221.61,43.59,5964131.38,2130418.26,373,6060043.3,0.11,32.34
FIN-2025-00734,2025,Q4,2025-Q4,GHSS,Global Hardware & Semiconductor Systems,GA,Corporate General & Administrative,5514902.03,1224670.4,4290231.63,77.79,2875861.95,2853975.28,284040.52,6013877.75,-1723646.12,-1433893.55,-26.0,-1361680.43,643894.61,137,6090434.58,-1.26,39.41
FIN-2025-00735,2025,Q4,2025-Q4,GHSS,Global Hardware & Semiconductor Systems,LEGAL,"Legal, Risk & Compliance",1460006.31,407110.17,1052896.14,72.12,2064605.88,1015239.66,943321.23,4023166.77,-2970270.63,-2413051.82,-165.28,-2346513.8,1238264.03,632,3701474.16,8.69,21.88
FIN-2025-00736,2025,Q4,2025-Q4,GHSS,Global Hardware & Semiconductor Systems,PROD,Product Strategy & User Experience,3524892.42,692222.25,2832670.17,80.36,3021855.49,3423809.78,996402.36,7442067.63,-4609397.46,-3778679.01,-107.2,-3641423.99,1846041.01,114,8170998.28,-8.92,27.89
FIN-2025-00737,2025,Q4,2025-Q4,DCBM,Digital Commerce & B2B Marketplace,ENG,Core Engineering & Software R&D,3273376.01,630990.89,2642385.12,80.72,2584713.8,3592178.78,257516.34,6434408.92,-3792023.8,-2957212.36,-90.34,-2995698.8,1855136.53,577,6076176.6,5.9,17.14
FIN-2025-00738,2025,Q4,2025-Q4,DCBM,Digital Commerce & B2B Marketplace,SALES,Global Enterprise Sales & Field Ops,13889163.05,4499514.97,9389648.08,67.6,2033130.43,996838.56,667905.05,3697874.04,5691774.04,6048621.63,43.55,4496501.49,792994.65,487,3508059.06,5.41,36.62
FIN-2025-00739,2025,Q4,2025-Q4,DCBM,Digital Commerce & B2B Marketplace,MKTG,Global Growth & Brand Marketing,5151945.58,1251673.16,3900272.42,75.7,3322351.08,1156153.1,675630.95,5154135.13,-1253862.71,-580995.27,-11.28,-990551.54,1495260.97,241,5375265.27,-4.11,31.43
FIN-2025-00740,2025,Q4,2025-Q4,DCBM,Digital Commerce & B2B Marketplace,CSM,Customer Success & Technical Account Mgmt,25850452.35,6693813.96,19156638.39,74.11,3288159.67,2424022.78,435082.77,6147265.22,13009373.17,13468864.26,52.1,10277404.8,1021091.32,514,6240554.91,-1.49,28.7
FIN-2025-00741,2025,Q4,2025-Q4,DCBM,Digital Commerce & B2B Marketplace,OPS,Cloud Infrastructure & Network Operations,20206374.71,5415208.78,14791165.93,73.2,2689435.1,2229687.64,638875.52,5557998.26,9233167.67,9441931.51,46.73,7294202.46,463919.65,479,5753992.49,-3.41,27.55
FIN-2025-00742,2025,Q4,2025-Q4,DCBM,Digital Commerce & B2B Marketplace,GA,Corporate General & Administrative,2496276.4,532962.49,1963313.91,78.65,4633705.39,3246707.82,226464.21,8106877.42,-6143563.51,-5547151.25,-222.22,-4853415.17,1325360.58,401,8879562.34,-8.7,29.61
FIN-2025-00743,2025,Q4,2025-Q4,DCBM,Digital Commerce & B2B Marketplace,LEGAL,"Legal, Risk & Compliance",1511534.91,312419.77,1199115.14,79.33,1446093.0,2183928.64,421307.0,4051328.64,-2852213.5,-1730604.52,-114.49,-2253248.67,2492464.4,385,4282022.3,-5.39,28.95
FIN-2025-00744,2025,Q4,2025-Q4,DCBM,Digital Commerce & B2B Marketplace,PROD,Product Strategy & User Experience,3441197.71,953879.51,2487318.2,72.28,2774861.58,1755686.73,413848.32,4944396.63,-2457078.43,-1839591.52,-53.46,-1941091.96,1372193.14,382,5294960.93,-6.62,31.81
FIN-2025-00745,2025,Q4,2025-Q4,SFTP,Strategic FinTech & Payments Hub,ENG,Core Engineering & Software R&D,2759912.09,705580.93,2054331.16,74.43,3200655.24,2182229.58,953726.07,6336610.89,-4282279.73,-4140327.91,-150.02,-3383000.99,315448.5,629,5937475.93,6.72,29.83
FIN-2025-00746,2025,Q4,2025-Q4,SFTP,Strategic FinTech & Payments Hub,SALES,Global Enterprise Sales & Field Ops,19300474.77,4174475.33,15125999.44,78.37,1959426.07,3168197.71,985762.17,6113385.95,9012613.49,10018294.92,51.91,7119964.66,2234847.63,104,6367174.83,-3.99,16.52
FIN-2025-00747,2025,Q4,2025-Q4,SFTP,Strategic FinTech & Payments Hub,MKTG,Global Growth & Brand Marketing,22906324.33,7991709.37,14914614.96,65.11,3243429.56,2854189.37,297312.29,6394931.22,8519683.74,9525149.53,41.58,6730550.15,2234368.42,116,6300233.3,1.5,19.74
FIN-2025-00748,2025,Q4,2025-Q4,SFTP,Strategic FinTech & Payments Hub,CSM,Customer Success & Technical Account Mgmt,12571885.69,3553877.12,9018008.57,71.73,4313104.76,1377656.32,240059.43,5930820.51,3087188.06,3336435.02,26.54,2438878.57,553882.13,387,6282924.07,-5.6,32.0
FIN-2025-00749,2025,Q4,2025-Q4,SFTP,Strategic FinTech & Payments Hub,OPS,Cloud Infrastructure & Network Operations,5403716.29,1671325.46,3732390.83,69.07,2671783.24,3356479.83,778660.45,6806923.52,-3074532.69,-2048581.38,-37.91,-2428880.83,2279891.8,510,7108139.62,-4.24,39.27
FIN-2025-00750,2025,Q4,2025-Q4,SFTP,Strategic FinTech & Payments Hub,GA,Corporate General & Administrative,816049.15,273941.3,542107.85,66.43,1944407.37,2609478.77,619155.09,5173041.23,-4630933.38,-3649155.05,-447.17,-3658437.37,2181729.62,642,5526374.81,-6.39,24.45
FIN-2025-00751,2025,Q4,2025-Q4,SFTP,Strategic FinTech & Payments Hub,LEGAL,"Legal, Risk & Compliance",2968404.91,895439.94,2072964.97,69.83,2288688.17,3254467.01,218638.9,5761794.08,-3688829.11,-2562064.34,-86.31,-2914175.0,2503921.72,122,5572357.93,3.4,30.92
FIN-2025-00752,2025,Q4,2025-Q4,SFTP,Strategic FinTech & Payments Hub,PROD,Product Strategy & User Experience,6838462.83,2053140.17,4785322.66,69.98,3091399.07,3585116.56,673760.32,7350275.95,-2564953.29,-2056183.29,-30.07,-2026313.1,1130600.01,378,7514726.93,-2.19,33.16
FIN-2025-00753,2025,Q4,2025-Q4,PST,Professional Services & Transformation,ENG,Core Engineering & Software R&D,7279093.28,1553334.86,5725758.42,78.66,2632692.79,1452692.9,820724.68,4906110.37,819648.05,1669889.02,22.94,647521.96,1889424.38,181,5241769.66,-6.4,41.67
FIN-2025-00754,2025,Q4,2025-Q4,PST,Professional Services & Transformation,SALES,Global Enterprise Sales & Field Ops,6606225.06,2010904.83,4595320.23,69.56,2113540.61,3049891.51,403892.31,5567324.43,-972004.2,-376869.43,-5.7,-767883.32,1322521.71,61,5828341.3,-4.48,42.18
FIN-2025-00755,2025,Q4,2025-Q4,PST,Professional Services & Transformation,MKTG,Global Growth & Brand Marketing,19336423.1,6507837.28,12828585.82,66.34,2428428.48,1104818.25,509134.47,4042381.2,8786204.62,9325095.28,48.23,6941101.65,1197534.79,97,3875578.14,4.3,41.62
FIN-2025-00756,2025,Q4,2025-Q4,PST,Professional Services & Transformation,CSM,Customer Success & Technical Account Mgmt,3909371.9,925623.9,2983748.0,76.32,1799848.85,695026.29,542861.75,3037736.89,-53988.89,271628.98,6.95,-42651.22,723595.27,646,2821901.44,7.65,37.0
FIN-2025-00757,2025,Q4,2025-Q4,PST,Professional Services & Transformation,OPS,Cloud Infrastructure & Network Operations,23991472.65,6174677.14,17816795.51,74.26,3786213.3,3121711.77,275233.59,7183158.66,10633636.85,11228503.48,46.8,8400573.11,1321925.84,283,6890313.32,4.25,25.11
FIN-2025-00758,2025,Q4,2025-Q4,PST,Professional Services & Transformation,GA,Corporate General & Administrative,6572246.53,1726910.02,4845336.51,73.72,4411833.36,2114236.47,689043.9,7215113.73,-2369777.22,-1659999.42,-25.26,-1872124.0,1577284.01,544,7721108.13,-6.55,24.48
FIN-2025-00759,2025,Q4,2025-Q4,PST,Professional Services & Transformation,LEGAL,"Legal, Risk & Compliance",1467819.51,466338.82,1001480.69,68.23,1131545.47,2661363.93,423114.24,4216023.64,-3214542.95,-2431406.27,-165.65,-2539488.93,1740303.73,154,4639000.17,-9.12,32.01
FIN-2025-00760,2025,Q4,2025-Q4,PST,Professional Services & Transformation,PROD,Product Strategy & User Experience,8321594.25,1817657.01,6503937.24,78.16,3823455.44,3366827.57,288185.96,7478468.97,-974531.73,195621.92,2.35,-769880.07,2600341.45,665,8261914.31,-9.48,39.55
FIN-2025-00761,2025,Q4,2025-Q4,ARDQ,Advanced R&D & Quantum Computing,ENG,Core Engineering & Software R&D,2619969.77,571619.1,2048350.67,78.18,1594133.53,3138747.44,381663.63,5114544.6,-3066193.93,-2908012.76,-110.99,-2422293.2,351513.71,413,5164788.47,-0.97,33.19
FIN-2025-00762,2025,Q4,2025-Q4,ARDQ,Advanced R&D & Quantum Computing,SALES,Global Enterprise Sales & Field Ops,18513003.94,5957053.54,12555950.4,67.82,1999098.0,2024977.97,1173003.36,5197079.33,7358871.07,8514636.65,45.99,5813508.15,2568367.95,461,5210225.95,-0.25,27.01
FIN-2025-00763,2025,Q4,2025-Q4,ARDQ,Advanced R&D & Quantum Computing,MKTG,Global Growth & Brand Marketing,7908389.74,2676769.53,5231620.21,66.15,1213740.49,1017277.66,662760.48,2893778.63,2337841.58,2859940.19,36.16,1846894.85,1160219.14,327,2976191.35,-2.77,23.35
FIN-2025-00764,2025,Q4,2025-Q4,ARDQ,Advanced R&D & Quantum Computing,CSM,Customer Success & Technical Account Mgmt,8809167.34,2810705.75,5998461.59,68.09,2369238.13,2019766.4,298954.12,4687958.65,1310502.94,1607708.85,18.25,1035297.32,660457.58,351,4697434.55,-0.2,32.02
FIN-2025-00765,2025,Q4,2025-Q4,ARDQ,Advanced R&D & Quantum Computing,OPS,Cloud Infrastructure & Network Operations,23823853.51,7655034.64,16168818.87,67.87,1423864.46,1067681.1,903461.47,3395007.03,12773811.84,13680790.81,57.42,10091311.35,2015508.82,530,3301334.33,2.84,34.82
FIN-2025-00766,2025,Q4,2025-Q4,ARDQ,Advanced R&D & Quantum Computing,GA,Corporate General & Administrative,5863243.46,1597129.93,4266113.53,72.76,2431149.64,2502050.08,529698.34,5462898.06,-1196784.53,-508117.2,-8.67,-945459.78,1530371.85,462,5133749.2,6.41,27.43
FIN-2025-00767,2025,Q4,2025-Q4,ARDQ,Advanced R&D & Quantum Computing,LEGAL,"Legal, Risk & Compliance",2573816.29,671549.96,1902266.33,73.91,3476574.75,532671.4,926968.9,4936215.05,-3033948.72,-2084955.06,-81.01,-2396819.49,2108874.81,592,5419625.68,-8.92,36.53
FIN-2025-00768,2025,Q4,2025-Q4,ARDQ,Advanced R&D & Quantum Computing,PROD,Product Strategy & User Experience,5211626.95,1069419.4,4142207.55,79.48,1119582.01,2556472.54,515363.13,4191417.68,-49210.13,85574.62,1.64,-38876.0,299521.67,216,3980621.79,5.3,40.96
FIN-2026-00769,2026,Q1,2026-Q1,ECP,Enterprise Cloud Platform,ENG,Core Engineering & Software R&D,7624875.81,1860013.19,5764862.62,75.61,1222969.09,3195666.34,881643.98,5300279.41,464583.21,707955.94,9.28,367020.74,540828.29,607,5632203.9,-5.89,34.27
FIN-2026-00770,2026,Q1,2026-Q1,ECP,Enterprise Cloud Platform,SALES,Global Enterprise Sales & Field Ops,12577771.42,4303998.64,8273772.78,65.78,1176977.34,678924.77,299411.65,2155313.76,6118459.02,6527901.87,51.9,4833582.63,909872.99,145,2074595.24,3.89,23.65
FIN-2026-00771,2026,Q1,2026-Q1,ECP,Enterprise Cloud Platform,MKTG,Global Growth & Brand Marketing,4378374.08,1282796.88,3095577.2,70.7,4230314.94,1309336.93,1049799.11,6589450.98,-3493873.78,-3369008.41,-76.95,-2760160.29,277478.6,395,6371811.34,3.42,26.75
FIN-2026-00772,2026,Q1,2026-Q1,ECP,Enterprise Cloud Platform,CSM,Customer Success & Technical Account Mgmt,6423076.91,2009541.93,4413534.98,68.71,3506873.3,1598398.89,1157143.44,6262415.63,-1848880.65,-864803.84,-13.46,-1460615.71,2186837.35,503,5765982.78,8.61,31.08
FIN-2026-00773,2026,Q1,2026-Q1,ECP,Enterprise Cloud Platform,OPS,Cloud Infrastructure & Network Operations,19490493.91,4350416.64,15140077.27,77.68,3224656.8,1870054.83,507588.23,5602299.86,9537777.41,10672049.44,54.76,7534844.15,2520604.51,292,5939706.71,-5.68,30.09
FIN-2026-00774,2026,Q1,2026-Q1,ECP,Enterprise Cloud Platform,GA,Corporate General & Administrative,1869862.1,564816.41,1305045.69,69.79,3473032.73,1024426.82,685153.59,5182613.14,-3877567.45,-3392204.11,-181.41,-3063278.29,1078585.2,682,5363177.79,-3.37,44.94
FIN-2026-00775,2026,Q1,2026-Q1,ECP,Enterprise Cloud Platform,LEGAL,"Legal, Risk & Compliance",5242651.78,1177110.2,4065541.58,77.55,3999009.63,2811950.82,672680.61,7483641.06,-3418099.48,-2177550.18,-41.54,-2700298.59,2756776.23,329,7065543.59,5.92,37.03
FIN-2026-00776,2026,Q1,2026-Q1,ECP,Enterprise Cloud Platform,PROD,Product Strategy & User Experience,3062434.2,553528.53,2508905.67,81.93,3026515.21,3094370.5,167584.45,6288470.16,-3779564.49,-2935463.98,-95.85,-2985855.95,1875778.91,426,6892761.32,-8.77,25.59
FIN-2026-00777,2026,Q1,2026-Q1,AIDS,Artificial Intelligence & Data Solutions,ENG,Core Engineering & Software R&D,7779451.58,1437069.33,6342382.25,81.53,3065160.58,2674212.38,405968.53,6145341.49,197040.76,710080.77,9.13,155662.2,1140088.92,442,6863401.08,-10.46,20.61
FIN-2026-00778,2026,Q1,2026-Q1,AIDS,Artificial Intelligence & Data Solutions,SALES,Global Enterprise Sales & Field Ops,6121832.19,2107484.36,4014347.83,65.57,3209304.79,2600551.12,343814.37,6153670.28,-2139322.45,-1447325.06,-23.64,-1690064.74,1537771.98,158,5879176.52,4.67,30.27
FIN-2026-00779,2026,Q1,2026-Q1,AIDS,Artificial Intelligence & Data Solutions,MKTG,Global Growth & Brand Marketing,17224630.68,4150412.54,13074218.14,75.9,3828882.31,550853.35,953182.64,5332918.3,7741299.84,8730976.15,50.69,6115626.87,2199280.68,654,4985149.3,6.98,26.45
FIN-2026-00780,2026,Q1,2026-Q1,AIDS,Artificial Intelligence & Data Solutions,CSM,Customer Success & Technical Account Mgmt,27049633.46,7411051.19,19638582.27,72.6,1691441.23,2219895.19,293119.3,4204455.72,15434126.55,16369042.1,60.51,12192959.97,2077590.1,257,4459586.92,-5.72,47.95
FIN-2026-00781,2026,Q1,2026-Q1,AIDS,Artificial Intelligence & Data Solutions,OPS,Cloud Infrastructure & Network Operations,27429360.04,7556180.89,19873179.15,72.45,2428115.5,2551840.19,896683.68,5876639.37,13996539.78,14925155.37,54.41,11057266.43,2063590.19,155,5677365.27,3.51,42.59
FIN-2026-00782,2026,Q1,2026-Q1,AIDS,Artificial Intelligence & Data Solutions,GA,Corporate General & Administrative,6610160.92,1951939.12,4658221.8,70.47,2328849.4,655407.67,155505.03,3139762.1,1518459.7,1917687.4,29.01,1199583.16,887172.67,305,3212644.63,-2.27,30.38
FIN-2026-00783,2026,Q1,2026-Q1,AIDS,Artificial Intelligence & Data Solutions,LEGAL,"Legal, Risk & Compliance",1392727.4,437214.03,955513.37,68.61,3393498.04,647675.25,589934.77,4631108.06,-3675594.69,-3419254.37,-245.51,-2903719.81,569645.15,648,5002314.08,-7.42,44.05
FIN-2026-00784,2026,Q1,2026-Q1,AIDS,Artificial Intelligence & Data Solutions,PROD,Product Strategy & User Experience,4196572.9,788383.86,3408189.04,81.21,1098190.56,807847.36,485884.64,2391922.56,1016266.48,1749352.9,41.69,802850.52,1629080.94,436,2621248.35,-8.75,21.99
FIN-2026-00785,2026,Q1,2026-Q1,CZTI,Cybersecurity & Zero-Trust Infrastructure,ENG,Core Engineering & Software R&D,4856160.97,1656309.31,3199851.66,65.89,2127278.78,1980568.65,1123617.5,5231464.93,-2031613.27,-1851350.01,-38.12,-1604974.48,400585.03,151,5319162.57,-1.65,20.53
FIN-2026-00786,2026,Q1,2026-Q1,CZTI,Cybersecurity & Zero-Trust Infrastructure,SALES,Global Enterprise Sales & Field Ops,6579627.15,2229759.89,4349867.26,66.11,4611409.66,1900835.55,958909.56,7471154.77,-3121287.51,-1881362.88,-28.59,-2465817.13,2755388.06,320,7074120.84,5.61,36.96
FIN-2026-00787,2026,Q1,2026-Q1,CZTI,Cybersecurity & Zero-Trust Infrastructure,MKTG,Global Growth & Brand Marketing,21471657.34,4961658.02,16509999.32,76.89,2736454.71,2132167.66,763747.51,5632369.88,10877629.44,11901541.17,55.43,8593327.26,2275359.39,141,5519001.32,2.05,35.37
FIN-2026-00788,2026,Q1,2026-Q1,CZTI,Cybersecurity & Zero-Trust Infrastructure,CSM,Customer Success & Technical Account Mgmt,25463601.26,5300302.9,20163298.36,79.18,3769779.88,1259205.92,296471.33,5325457.13,14837841.23,15549362.19,61.07,11721894.57,1581157.68,550,5802333.12,-8.22,31.63
FIN-2026-00789,2026,Q1,2026-Q1,CZTI,Cybersecurity & Zero-Trust Infrastructure,OPS,Cloud Infrastructure & Network Operations,20098325.84,5621699.99,14476625.85,72.03,1175864.3,2081042.05,601073.08,3857979.43,10618646.42,11129343.71,55.37,8388730.67,1134882.87,682,3722876.97,3.63,31.07
FIN-2026-00790,2026,Q1,2026-Q1,CZTI,Cybersecurity & Zero-Trust Infrastructure,GA,Corporate General & Administrative,1916169.11,572782.67,1343386.44,70.11,1112405.92,925791.94,1032472.94,3070670.8,-1727284.36,-545332.41,-28.46,-1364554.64,2626559.89,674,2918729.57,5.21,43.14
FIN-2026-00791,2026,Q1,2026-Q1,CZTI,Cybersecurity & Zero-Trust Infrastructure,LEGAL,"Legal, Risk & Compliance",1839506.7,494515.43,1344991.27,73.12,1285304.7,3041538.28,804926.33,5131769.31,-3786778.04,-3485545.37,-189.48,-2991554.65,669405.94,527,5488081.34,-6.49,33.27
FIN-2026-00792,2026,Q1,2026-Q1,CZTI,Cybersecurity & Zero-Trust Infrastructure,PROD,Product Strategy & User Experience,4816655.31,967633.66,3849021.65,79.91,1164532.63,1443462.51,443922.34,3051917.48,797104.17,1492813.72,30.99,629712.29,1546021.23,173,3384373.51,-9.82,46.72
FIN-2026-00793,2026,Q1,2026-Q1,GHSS,Global Hardware & Semiconductor Systems,ENG,Core Engineering & Software R&D,6104953.05,1347657.47,4757295.58,77.93,2121277.53,2915046.08,1010510.29,6046833.9,-1289538.32,-1124778.24,-18.42,-1018735.27,366133.51,400,6502120.09,-7.0,33.58
FIN-2026-00794,2026,Q1,2026-Q1,GHSS,Global Hardware & Semiconductor Systems,SALES,Global Enterprise Sales & Field Ops,4058495.08,906559.56,3151935.52,77.66,4402588.67,2975725.33,530174.81,7908488.81,-4756553.29,-4072292.7,-100.34,-3757677.1,1520579.08,414,7552470.12,4.71,28.45
FIN-2026-00795,2026,Q1,2026-Q1,GHSS,Global Hardware & Semiconductor Systems,MKTG,Global Growth & Brand Marketing,13892557.82,3040354.82,10852203.0,78.12,4580071.46,1043268.52,228658.91,5851998.89,5000204.11,5796462.47,41.72,3950161.25,1769463.03,215,5422507.1,7.92,44.48
FIN-2026-00796,2026,Q1,2026-Q1,GHSS,Global Hardware & Semiconductor Systems,CSM,Customer Success & Technical Account Mgmt,5538336.94,1815250.69,3723086.25,67.22,3449656.92,1267887.76,747020.16,5464564.84,-1741478.59,-1409830.57,-25.46,-1375768.09,736995.59,461,5120454.6,6.72,45.05
FIN-2026-00797,2026,Q1,2026-Q1,GHSS,Global Hardware & Semiconductor Systems,OPS,Cloud Infrastructure & Network Operations,19410610.62,6482866.22,12927744.4,66.6,3496304.67,2814426.74,879073.96,7189805.37,5737939.03,5856887.95,30.17,4532971.83,264330.93,458,6834239.41,5.2,34.02
FIN-2026-00798,2026,Q1,2026-Q1,GHSS,Global Hardware & Semiconductor Systems,GA,Corporate General & Administrative,3243563.49,838214.88,2405348.61,74.16,1353428.29,2670035.42,816037.48,4839501.19,-2434152.58,-2275357.79,-70.15,-1922980.54,352877.3,372,4749258.86,1.9,42.26
FIN-2026-00799,2026,Q1,2026-Q1,GHSS,Global Hardware & Semiconductor Systems,LEGAL,"Legal, Risk & Compliance",1016247.07,349734.69,666512.38,65.59,3869668.38,3802675.46,1024115.35,8696459.19,-8029946.81,-7484938.65,-736.53,-6343657.98,1211129.24,162,8761412.27,-0.74,45.41
FIN-2026-00800,2026,Q1,2026-Q1,GHSS,Global Hardware & Semiconductor Systems,PROD,Product Strategy & User Experience,6908776.0,2383937.06,4524838.94,65.49,3301180.84,2201319.6,1123510.45,6626010.89,-2101171.95,-1419124.9,-20.54,-1659925.84,1515660.12,293,7011135.35,-5.49,31.82
