employee_id,first_name,last_name,work_email,department,job_title,work_location,country,region,employment_type,hire_date,tenure_years,base_salary_usd,bonus_target_pct,annual_total_comp_usd,performance_rating,last_review_score,projects_completed_ytd,training_hours_completed,overtime_hours_per_month,satisfaction_score,work_life_balance_rating,peer_recognition_count,attrition_risk_pct,attrition_risk_level,promotion_eligible
EMP-10001,Linda,Rodriguez,linda.rodriguez1@enterprise-ai.corp,Product Management & Growth,Senior Group Product Manager,Taipei,Taiwan,APAC-East,Full-Time Permanent,2024-10-12,6.8,185600.0,22.0,226400.0,4.69,4.9,12,39,3.5,7.2,4.2,28,0.31,Medium,No
EMP-10002,Tariq,Jackson,tariq.jackson2@enterprise-ai.corp,"Corporate Finance, Legal & Compliance",Senior Financial Analyst,Taipei,Taiwan,APAC-East,Full-Time Permanent,2021-01-29,3.1,113800.0,15.0,130900.0,3.59,2.6,20,17,55.7,3.3,1.7,25,0.79,High,No
EMP-10003,Anthony,Sharma,anthony.sharma3@enterprise-ai.corp,Product Management & Growth,Senior Group Product Manager,San Francisco,United States,US-West,Full-Time Permanent,2022-07-14,4.5,197600.0,22.0,241100.0,4.1,4.8,11,67,5.8,9.6,3.8,12,0.16,Low,No
EMP-10004,Joseph,Gonzalez,joseph.gonzalez4@enterprise-ai.corp,People Operations & Talent Acquisition,Talent Acquisition Lead,New York,United States,US-East,Full-Time Permanent,2018-09-03,0.7,128200.0,18.0,151300.0,3.29,3.7,27,2,55.9,3.1,2.3,27,0.73,High,No
EMP-10005,Patricia,Wilson,patricia.wilson5@enterprise-ai.corp,Cloud Platform & DevOps / SRE,Staff Reliability Architect,Austin,United States,US-Central,Full-Time Permanent,2025-10-14,7.8,225300.0,25.0,281600.0,3.82,2.7,27,4,40.9,3.1,1.6,23,0.65,High,No
EMP-10006,Linda,Moore,linda.moore6@enterprise-ai.corp,Product Management & Growth,Senior Group Product Manager,Tokyo,Japan,APAC-East,Full-Time Permanent,2018-10-12,0.8,197600.0,22.0,241100.0,4.25,4.9,10,33,9.3,7.1,3.9,26,0.12,Low,No
EMP-10007,William,Martin,william.martin7@enterprise-ai.corp,AI & Machine Learning Research,L5 Principal Research Fellow,Remote - Global,Global Remote,Remote,Full-Time Permanent,2024-08-17,6.6,355400.0,40.0,497600.0,4.45,4.2,16,49,8.5,7.1,3.9,8,0.19,Low,No
EMP-10008,Kenji,Rodriguez,kenji.rodriguez8@enterprise-ai.corp,AI & Machine Learning Research,L2 AI/ML Engineer,Zurich,Switzerland,EU-Central,Full-Time Permanent,2021-07-05,3.5,143100.0,15.0,164600.0,4.96,3.9,12,76,8.7,8.2,3.9,18,0.31,Medium,Yes
EMP-10009,Mary,Dubois,mary.dubois9@enterprise-ai.corp,Core Software Engineering,Engineering Director,Zurich,Switzerland,EU-Central,Full-Time Permanent,2021-08-24,3.6,317600.0,35.0,428800.0,4.73,4.6,6,83,8.0,7.6,3.5,38,0.28,Medium,Yes
EMP-10010,Mateo,Garcia,mateo.garcia10@enterprise-ai.corp,UI/UX Product Design,Product Designer,Remote - Global,Global Remote,Remote,Full-Time Permanent,2025-01-12,7.0,123600.0,12.0,138400.0,4.62,4.7,14,27,11.2,8.5,4.7,15,0.14,Low,Yes
EMP-10011,David,Schneider,david.schneider11@enterprise-ai.corp,UI/UX Product Design,Staff UI/UX Design Lead,Berlin,Germany,EU-Central,Full-Time Permanent,2022-05-05,4.3,184800.0,20.0,221800.0,3.97,2.4,24,4,55.0,2.4,2.0,25,0.95,High,No
EMP-10012,Elizabeth,Martin,elizabeth.martin12@enterprise-ai.corp,UI/UX Product Design,Staff UI/UX Design Lead,London,United Kingdom,EU-West,Full-Time Permanent,2024-10-12,6.8,155400.0,20.0,186500.0,4.79,4.1,13,81,5.3,8.3,3.9,7,0.05,Low,Yes
EMP-10013,Camila,Huang,camila.huang13@enterprise-ai.corp,"Corporate Finance, Legal & Compliance",Corporate Counsel / Compliance Director,Singapore,Singapore,APAC-South,Full-Time Permanent,2020-12-25,3.0,213400.0,25.0,266800.0,3.79,4.0,5,78,8.6,7.8,5.0,1,0.35,Medium,No
EMP-10014,Michael,Santos,michael.santos14@enterprise-ai.corp,Product Management & Growth,Senior Group Product Manager,Taipei,Taiwan,APAC-East,Full-Time Permanent,2023-06-06,5.4,168700.0,22.0,205800.0,2.53,2.3,25,7,41.5,2.7,2.3,37,0.93,High,No
EMP-10015,Thomas,Huang,thomas.huang15@enterprise-ai.corp,Cloud Platform & DevOps / SRE,Staff Reliability Architect,London,United Kingdom,EU-West,Full-Time Permanent,2023-06-07,5.4,204500.0,25.0,255600.0,2.74,2.6,16,10,28.3,3.7,2.3,4,0.66,High,No
EMP-10016,Hiroshi,Nakamura,hiroshi.nakamura16@enterprise-ai.corp,Product Management & Growth,Product Manager,Remote - Global,Global Remote,Remote,Full-Time Permanent,2025-05-09,7.4,129400.0,15.0,148800.0,3.99,4.3,18,66,1.4,9.2,4.2,9,0.11,Low,No
EMP-10017,Mei,Anderson,mei.anderson17@enterprise-ai.corp,People Operations & Talent Acquisition,People Operations Partner,Taipei,Taiwan,APAC-East,Full-Time Permanent,2019-11-25,1.9,90000.0,12.0,100800.0,3.95,4.3,17,45,7.2,8.2,4.3,31,0.08,Low,No
EMP-10018,Sarah,Martinez,sarah.martinez18@enterprise-ai.corp,Cloud Platform & DevOps / SRE,Staff Reliability Architect,Taipei,Taiwan,APAC-East,Full-Time Permanent,2020-12-01,2.9,236000.0,25.0,295000.0,3.76,4.8,5,64,14.9,8.5,3.5,17,0.19,Low,No
EMP-10019,Chloe,Kim,chloe.kim19@enterprise-ai.corp,Customer Success & Technical Support,Senior Technical Account Manager,London,United Kingdom,EU-West,Full-Time Permanent,2025-03-15,7.2,125700.0,20.0,150800.0,4.25,4.1,12,72,2.9,8.9,4.4,27,0.09,Low,No
EMP-10020,Yuki,Anderson,yuki.anderson20@enterprise-ai.corp,Global Enterprise Sales & BD,Strategic Sales Director,Singapore,Singapore,APAC-South,Full-Time Permanent,2025-04-29,7.3,266200.0,55.0,412600.0,4.87,4.1,6,70,14.4,9.2,4.1,28,0.18,Low,Yes
EMP-10021,Kenji,Oliveira,kenji.oliveira21@enterprise-ai.corp,Enterprise Solutions Architecture,Principal Enterprise Architect,San Francisco,United States,US-West,Full-Time Permanent,2025-11-02,7.8,215300.0,25.0,269100.0,3.97,4.7,6,40,8.7,9.2,5.0,17,0.04,Low,No
EMP-10022,Camila,Ivanov,camila.ivanov22@enterprise-ai.corp,"Corporate Finance, Legal & Compliance",Senior Financial Analyst,New York,United States,US-East,Full-Time Permanent,2020-03-29,2.2,114000.0,15.0,131100.0,4.77,4.9,6,84,2.4,7.3,3.9,17,0.12,Low,No
EMP-10023,Matthew,Nakamura,matthew.nakamura23@enterprise-ai.corp,People Operations & Talent Acquisition,Talent Acquisition Lead,Berlin,Germany,EU-Central,Full-Time Permanent,2024-08-03,6.6,109400.0,18.0,129100.0,2.74,3.0,12,18,40.4,4.7,2.4,5,0.61,High,No
EMP-10024,James,Rodriguez,james.rodriguez24@enterprise-ai.corp,"Corporate Finance, Legal & Compliance",Senior Financial Analyst,Berlin,Germany,EU-Central,Full-Time Permanent,2019-09-13,1.7,104700.0,15.0,120400.0,4.95,4.5,8,53,5.7,8.4,3.5,2,0.19,Low,Yes
EMP-10025,Zoe,Moore,zoe.moore25@enterprise-ai.corp,Product Management & Growth,Product Manager,Austin,United States,US-Central,Full-Time Permanent,2019-07-28,1.6,123800.0,15.0,142400.0,2.64,2.7,16,15,48.5,3.3,1.6,6,0.89,High,No
EMP-10026,Karen,Yamamoto,karen.yamamoto26@enterprise-ai.corp,AI & Machine Learning Research,L2 AI/ML Engineer,Berlin,Germany,EU-Central,Full-Time Permanent,2022-06-07,4.4,157200.0,15.0,180800.0,4.42,4.5,5,23,9.2,9.2,4.6,35,0.25,Medium,No
EMP-10027,Richard,Park,richard.park27@enterprise-ai.corp,UI/UX Product Design,Product Designer,Sydney,Australia,APAC-ANZ,Full-Time Permanent,2023-04-20,5.3,102600.0,12.0,114900.0,4.02,4.0,15,54,11.5,7.0,3.9,18,0.11,Low,No
EMP-10028,William,Taylor,william.taylor28@enterprise-ai.corp,Global Enterprise Sales & BD,VP of Global Enterprise Sales,Taipei,Taiwan,APAC-East,Full-Time Permanent,2020-11-02,2.8,358400.0,60.0,573400.0,4.6,4.9,5,46,6.3,7.9,4.7,4,0.22,Medium,Yes
EMP-10029,Margaret,Miller,margaret.miller29@enterprise-ai.corp,People Operations & Talent Acquisition,People Operations Partner,Singapore,Singapore,APAC-South,Full-Time Permanent,2021-01-28,3.1,98200.0,12.0,110000.0,4.41,4.1,11,34,0.0,9.5,4.4,11,0.24,Medium,No
EMP-10030,Jessica,Huang,jessica.huang30@enterprise-ai.corp,"Corporate Finance, Legal & Compliance",Corporate Counsel / Compliance Director,Singapore,Singapore,APAC-South,Full-Time Permanent,2023-04-03,5.3,201600.0,25.0,252000.0,4.52,4.2,17,20,2.5,9.0,4.4,38,0.25,Medium,Yes
EMP-10031,Elizabeth,Davis,elizabeth.davis31@enterprise-ai.corp,Customer Success & Technical Support,Senior Technical Account Manager,London,United Kingdom,EU-West,Full-Time Permanent,2023-12-22,6.0,141700.0,20.0,170000.0,4.97,4.0,8,42,8.4,7.6,3.6,33,0.29,Medium,Yes
EMP-10032,Charles,Moreau,charles.moreau32@enterprise-ai.corp,AI & Machine Learning Research,L5 Principal Research Fellow,Singapore,Singapore,APAC-South,Full-Time Permanent,2020-02-28,2.2,350200.0,40.0,490300.0,4.4,4.1,14,77,9.6,8.5,4.7,21,0.2,Medium,No
EMP-10033,Hiroshi,Oliveira,hiroshi.oliveira33@enterprise-ai.corp,Enterprise Solutions Architecture,Senior Solutions Architect,Zurich,Switzerland,EU-Central,Full-Time Permanent,2022-07-31,4.6,167300.0,20.0,200800.0,3.81,4.3,12,61,12.2,8.9,4.9,20,0.26,Medium,No
EMP-10034,Margaret,Thomas,margaret.thomas34@enterprise-ai.corp,Cloud Platform & DevOps / SRE,Cloud Infrastructure SRE,Zurich,Switzerland,EU-Central,Full-Time Permanent,2022-03-31,4.2,142300.0,18.0,167900.0,4.21,4.1,13,43,9.6,9.7,3.7,5,0.2,Medium,No
EMP-10035,Wei,Tanaka,wei.tanaka35@enterprise-ai.corp,Enterprise Solutions Architecture,Principal Enterprise Architect,Taipei,Taiwan,APAC-East,Full-Time Permanent,2019-03-27,1.2,215600.0,25.0,269500.0,4.6,4.7,15,70,5.0,7.6,3.6,25,0.23,Medium,No
EMP-10036,Betty,Lin,betty.lin36@enterprise-ai.corp,Cloud Platform & DevOps / SRE,Staff Reliability Architect,Singapore,Singapore,APAC-South,Full-Time Permanent,2021-01-25,3.1,233800.0,25.0,292200.0,3.39,3.1,12,11,45.4,2.2,1.6,9,0.74,High,No
EMP-10037,William,Sato,william.sato37@enterprise-ai.corp,People Operations & Talent Acquisition,People Operations Partner,London,United Kingdom,EU-West,Full-Time Permanent,2019-08-10,1.6,108300.0,12.0,121300.0,4.27,4.4,14,53,5.3,7.2,4.0,38,0.11,Low,No
EMP-10038,Matthew,Hernandez,matthew.hernandez38@enterprise-ai.corp,Enterprise Solutions Architecture,Senior Solutions Architect,Tokyo,Japan,APAC-East,Full-Time Permanent,2024-08-05,6.6,174800.0,20.0,209800.0,4.95,4.9,14,59,2.4,7.0,4.5,37,0.14,Low,No
EMP-10039,David,Patel,david.patel39@enterprise-ai.corp,UI/UX Product Design,Staff UI/UX Design Lead,New York,United States,US-East,Full-Time Permanent,2025-05-19,7.4,181700.0,20.0,218000.0,4.28,4.1,17,80,11.9,7.5,4.7,20,0.26,Medium,No
EMP-10040,Patricia,Lopez,patricia.lopez40@enterprise-ai.corp,Enterprise Solutions Architecture,Principal Enterprise Architect,Zurich,Switzerland,EU-Central,Full-Time Permanent,2019-07-10,1.5,227300.0,25.0,284100.0,4.62,4.1,18,61,4.9,7.1,4.1,28,0.31,Medium,No
EMP-10041,Camila,Chen,camila.chen41@enterprise-ai.corp,Customer Success & Technical Support,Customer Success Manager,Berlin,Germany,EU-Central,Full-Time Permanent,2020-11-16,2.9,108100.0,15.0,124300.0,4.93,3.8,11,34,1.8,9.9,3.8,29,0.08,Low,Yes
EMP-10042,Ananya,Hernandez,ananya.hernandez42@enterprise-ai.corp,Global Enterprise Sales & BD,Senior Enterprise Account Executive,London,United Kingdom,EU-West,Full-Time Permanent,2020-01-03,2.0,171600.0,50.0,257400.0,3.9,4.7,16,68,7.9,7.8,4.7,21,0.16,Low,No
EMP-10043,Elizabeth,Brown,elizabeth.brown43@enterprise-ai.corp,AI & Machine Learning Research,L3 Senior Deep Learning Researcher,Taipei,Taiwan,APAC-East,Full-Time Permanent,2022-04-06,4.3,194500.0,25.0,243100.0,3.88,4.4,18,55,0.6,9.2,4.8,31,0.07,Low,No
EMP-10044,Alex,Patel,alex.patel44@enterprise-ai.corp,AI & Machine Learning Research,L2 AI/ML Engineer,San Francisco,United States,US-West,Full-Time Permanent,2021-01-03,3.0,147800.0,15.0,170000.0,2.74,3.8,27,6,56.5,2.6,2.2,9,0.66,High,No
EMP-10045,Betty,Huang,betty.huang45@enterprise-ai.corp,UI/UX Product Design,Staff UI/UX Design Lead,Singapore,Singapore,APAC-South,Full-Time Permanent,2020-12-19,3.0,183800.0,20.0,220600.0,4.29,4.4,7,25,2.5,7.5,3.8,19,0.03,Low,No
EMP-10046,Ting,Lin,ting.lin46@enterprise-ai.corp,AI & Machine Learning Research,L2 AI/ML Engineer,New York,United States,US-East,Full-Time Permanent,2023-12-14,5.9,150900.0,15.0,173500.0,4.82,4.7,5,75,4.4,7.8,3.8,10,0.34,Medium,Yes
EMP-10047,Mark,Santos,mark.santos47@enterprise-ai.corp,AI & Machine Learning Research,L3 Senior Deep Learning Researcher,Austin,United States,US-Central,Full-Time Permanent,2021-08-31,3.7,185200.0,25.0,231500.0,4.7,5.0,5,83,13.2,8.2,3.7,6,0.31,Medium,Yes
EMP-10048,Matthew,Lin,matthew.lin48@enterprise-ai.corp,Product Management & Growth,Senior Group Product Manager,Remote - Global,Global Remote,Remote,Full-Time Permanent,2019-08-29,1.7,211500.0,22.0,258000.0,2.94,3.5,19,5,39.6,5.3,1.5,13,0.71,High,No
EMP-10049,Chloe,Tanaka,chloe.tanaka49@enterprise-ai.corp,AI & Machine Learning Research,L2 AI/ML Engineer,Berlin,Germany,EU-Central,Full-Time Permanent,2020-04-19,2.3,127400.0,15.0,146500.0,2.93,3.1,16,17,48.7,3.6,1.9,37,0.63,High,No
EMP-10050,Rohan,Davis,rohan.davis50@enterprise-ai.corp,Global Enterprise Sales & BD,Mid-Market Account Executive,San Francisco,United States,US-West,Full-Time Permanent,2021-10-19,3.8,102500.0,40.0,143500.0,3.97,5.0,12,66,7.7,7.8,3.8,26,0.23,Medium,No
EMP-10051,Camila,Jackson,camila.jackson51@enterprise-ai.corp,Enterprise Solutions Architecture,Senior Solutions Architect,Remote - Global,Global Remote,Remote,Full-Time Permanent,2024-08-26,6.7,159200.0,20.0,191000.0,3.52,2.5,24,7,25.8,4.0,1.1,24,0.63,High,No
EMP-10052,Sandra,Anderson,sandra.anderson52@enterprise-ai.corp,UI/UX Product Design,Product Designer,New York,United States,US-East,Full-Time Permanent,2022-09-17,4.7,111100.0,12.0,124400.0,4.57,4.1,12,24,6.3,8.0,4.0,2,0.27,Medium,Yes
EMP-10053,Nancy,Sato,nancy.sato53@enterprise-ai.corp,Global Enterprise Sales & BD,Senior Enterprise Account Executive,Taipei,Taiwan,APAC-East,Full-Time Permanent,2022-03-25,4.2,159900.0,50.0,239800.0,3.79,2.9,20,9,49.7,4.6,1.5,18,0.87,High,No
EMP-10054,James,Jackson,james.jackson54@enterprise-ai.corp,Customer Success & Technical Support,Director of Customer Success,Sydney,Australia,APAC-ANZ,Full-Time Permanent,2019-02-05,1.1,183400.0,25.0,229200.0,4.7,4.4,4,77,14.8,9.0,4.9,17,0.21,Medium,No
EMP-10055,Robert,Santos,robert.santos55@enterprise-ai.corp,Product Management & Growth,Senior Group Product Manager,London,United Kingdom,EU-West,Full-Time Permanent,2024-04-23,6.3,213800.0,22.0,260800.0,4.78,4.2,14,27,10.9,9.9,4.5,16,0.13,Low,Yes
EMP-10056,Mateo,Williams,mateo.williams56@enterprise-ai.corp,Cloud Platform & DevOps / SRE,Cloud Infrastructure SRE,Austin,United States,US-Central,Full-Time Permanent,2019-05-26,1.4,150800.0,18.0,177900.0,4.44,4.3,17,73,0.4,7.8,4.5,19,0.07,Low,No
EMP-10057,Matthew,Garcia,matthew.garcia57@enterprise-ai.corp,UI/UX Product Design,Product Designer,Sydney,Australia,APAC-ANZ,Contractor Strategic,2024-07-20,6.5,104600.0,12.0,117200.0,3.78,4.9,15,29,4.9,9.6,4.3,7,0.16,Low,No
EMP-10058,Rohan,Williams,rohan.williams58@enterprise-ai.corp,Cloud Platform & DevOps / SRE,Cloud Infrastructure SRE,Zurich,Switzerland,EU-Central,Full-Time Permanent,2023-02-04,5.1,143300.0,18.0,169100.0,4.72,4.6,9,81,5.3,8.4,4.0,20,0.3,Medium,Yes
EMP-10059,Camila,Wilson,camila.wilson59@enterprise-ai.corp,Product Management & Growth,Product Manager,Austin,United States,US-Central,Full-Time Permanent,2020-03-08,2.2,143200.0,15.0,164700.0,3.91,4.6,8,70,6.8,8.5,4.6,15,0.19,Low,No
EMP-10060,Sven,Rodriguez,sven.rodriguez60@enterprise-ai.corp,Enterprise Solutions Architecture,Principal Enterprise Architect,Singapore,Singapore,APAC-South,Full-Time Permanent,2019-01-21,1.1,227700.0,25.0,284600.0,3.89,4.2,17,83,14.8,8.4,4.0,38,0.15,Low,No
EMP-10061,Sandra,Park,sandra.park61@enterprise-ai.corp,People Operations & Talent Acquisition,Talent Acquisition Lead,Taipei,Taiwan,APAC-East,Full-Time Permanent,2020-02-21,2.1,106200.0,18.0,125300.0,4.78,4.6,5,29,13.1,7.5,3.6,5,0.27,Medium,Yes
EMP-10062,Hiroshi,Anderson,hiroshi.anderson62@enterprise-ai.corp,UI/UX Product Design,Product Designer,London,United Kingdom,EU-West,Full-Time Permanent,2025-07-08,7.5,125100.0,12.0,140100.0,4.16,4.0,16,35,6.8,8.8,3.8,32,0.16,Low,No
EMP-10063,Jessica,Kim,jessica.kim63@enterprise-ai.corp,Product Management & Growth,Product Manager,London,United Kingdom,EU-West,Full-Time Permanent,2022-12-16,5.0,136300.0,15.0,156700.0,4.37,4.7,4,33,13.3,9.1,4.0,34,0.2,Medium,No
EMP-10064,Jessica,Rodriguez,jessica.rodriguez64@enterprise-ai.corp,Enterprise Solutions Architecture,Senior Solutions Architect,Sydney,Australia,APAC-ANZ,Full-Time Permanent,2021-08-18,3.6,150000.0,20.0,180000.0,3.8,3.9,8,51,0.4,8.0,4.5,36,0.05,Low,No
EMP-10065,Robert,Sharma,robert.sharma65@enterprise-ai.corp,AI & Machine Learning Research,L2 AI/ML Engineer,Austin,United States,US-Central,Contractor Strategic,2025-03-25,7.2,126800.0,15.0,145800.0,2.81,3.6,27,4,30.4,4.5,2.3,37,0.7,High,No
EMP-10066,Mark,Park,mark.park66@enterprise-ai.corp,Cloud Platform & DevOps / SRE,Staff Reliability Architect,Sydney,Australia,APAC-ANZ,Full-Time Permanent,2022-08-15,4.6,233300.0,25.0,291600.0,3.96,4.2,18,41,11.7,9.4,4.5,36,0.29,Medium,No
EMP-10067,Sven,Chen,sven.chen67@enterprise-ai.corp,"Corporate Finance, Legal & Compliance",Corporate Counsel / Compliance Director,Tokyo,Japan,APAC-East,Full-Time Permanent,2024-01-07,6.0,220400.0,25.0,275500.0,4.28,4.4,6,62,15.0,7.1,4.5,7,0.33,Medium,No
EMP-10068,Patricia,Nakamura,patricia.nakamura68@enterprise-ai.corp,"Corporate Finance, Legal & Compliance",Corporate Counsel / Compliance Director,Singapore,Singapore,APAC-South,Full-Time Permanent,2023-07-09,5.5,219000.0,25.0,273800.0,4.58,4.4,17,21,2.6,9.5,3.7,14,0.18,Low,Yes
EMP-10069,Sarah,Garcia,sarah.garcia69@enterprise-ai.corp,People Operations & Talent Acquisition,Talent Acquisition Lead,Austin,United States,US-Central,Full-Time Permanent,2020-08-11,2.6,137600.0,18.0,162400.0,4.71,4.4,18,57,8.2,7.7,4.5,13,0.31,Medium,Yes
EMP-10070,Jennifer,Ivanov,jennifer.ivanov70@enterprise-ai.corp,Cloud Platform & DevOps / SRE,Cloud Infrastructure SRE,Tokyo,Japan,APAC-East,Full-Time Permanent,2020-11-11,2.9,129800.0,18.0,153200.0,4.87,4.0,16,77,6.7,7.1,3.8,25,0.15,Low,No
EMP-10071,Robert,Kim,robert.kim71@enterprise-ai.corp,Core Software Engineering,L5 Principal Infrastructure Architect,San Francisco,United States,US-West,Full-Time Permanent,2025-04-03,7.3,271500.0,30.0,353000.0,4.37,4.8,11,76,2.4,7.5,4.5,10,0.19,Low,No
EMP-10072,William,Kowalski,william.kowalski72@enterprise-ai.corp,UI/UX Product Design,Product Designer,Tokyo,Japan,APAC-East,Full-Time Permanent,2019-03-10,1.2,114300.0,12.0,128000.0,4.05,4.9,9,49,10.7,9.5,4.2,10,0.12,Low,No
EMP-10073,John,Brown,john.brown73@enterprise-ai.corp,"Corporate Finance, Legal & Compliance",Senior Financial Analyst,Remote - Global,Global Remote,Remote,Full-Time Permanent,2024-11-18,6.9,131800.0,15.0,151600.0,4.52,4.2,12,20,7.5,7.1,4.6,5,0.3,Medium,No
EMP-10074,Wei,Santos,wei.santos74@enterprise-ai.corp,AI & Machine Learning Research,L4 Staff AI Scientist,Zurich,Switzerland,EU-Central,Full-Time Permanent,2025-11-20,7.9,271200.0,30.0,352600.0,3.28,3.3,21,14,29.7,3.3,1.9,20,0.75,High,No
EMP-10075,Richard,Taylor,richard.taylor75@enterprise-ai.corp,"Corporate Finance, Legal & Compliance",Corporate Counsel / Compliance Director,Berlin,Germany,EU-Central,Full-Time Permanent,2025-01-13,7.0,248100.0,25.0,310100.0,4.31,4.0,13,32,10.0,9.2,4.8,33,0.08,Low,No
EMP-10076,Jennifer,Miller,jennifer.miller76@enterprise-ai.corp,Core Software Engineering,L1 Associate Software Engineer,Zurich,Switzerland,EU-Central,Full-Time Permanent,2019-02-19,1.1,89700.0,10.0,98700.0,4.32,4.6,9,38,0.2,7.6,4.2,18,0.24,Medium,No
EMP-10077,Jessica,Jackson,jessica.jackson77@enterprise-ai.corp,Customer Success & Technical Support,Customer Success Manager,Tokyo,Japan,APAC-East,Full-Time Permanent,2024-03-09,6.2,101900.0,15.0,117200.0,2.65,3.5,24,7,27.0,3.1,1.4,9,0.65,High,No
EMP-10078,Alex,Moreau,alex.moreau78@enterprise-ai.corp,Customer Success & Technical Support,Customer Success Manager,Sydney,Australia,APAC-ANZ,Full-Time Permanent,2023-06-18,5.5,90400.0,15.0,104000.0,4.67,4.8,9,35,8.7,8.5,4.6,33,0.07,Low,Yes
EMP-10079,Zoe,Mueller,zoe.mueller79@enterprise-ai.corp,Core Software Engineering,L3 Senior Software Engineer,Zurich,Switzerland,EU-Central,Full-Time Permanent,2022-01-21,4.1,169300.0,20.0,203200.0,4.3,5.0,6,68,1.6,9.5,4.1,31,0.22,Medium,No
EMP-10080,Tariq,Jones,tariq.jones80@enterprise-ai.corp,Product Management & Growth,Director of Product,Berlin,Germany,EU-Central,Full-Time Permanent,2022-01-08,4.0,248500.0,30.0,323000.0,4.89,3.9,12,57,11.2,8.4,3.8,17,0.17,Low,Yes
EMP-10081,Yuki,Taylor,yuki.taylor81@enterprise-ai.corp,"Corporate Finance, Legal & Compliance",Corporate Counsel / Compliance Director,Sydney,Australia,APAC-ANZ,Full-Time Permanent,2019-06-24,1.5,223800.0,25.0,279800.0,3.86,2.3,24,15,57.0,5.3,1.4,38,0.87,High,No
EMP-10082,Patricia,Davis,patricia.davis82@enterprise-ai.corp,Cloud Platform & DevOps / SRE,Staff Reliability Architect,Taipei,Taiwan,APAC-East,Full-Time Permanent,2021-06-21,3.5,214700.0,25.0,268400.0,3.72,3.9,8,46,10.9,7.9,4.9,27,0.18,Low,No
EMP-10083,Elena,Tanaka,elena.tanaka83@enterprise-ai.corp,Product Management & Growth,Senior Group Product Manager,Tokyo,Japan,APAC-East,Full-Time Permanent,2024-12-08,6.9,191700.0,22.0,233900.0,4.73,4.2,17,27,6.6,8.4,3.7,5,0.19,Low,Yes
EMP-10084,Karen,Moore,karen.moore84@enterprise-ai.corp,Enterprise Solutions Architecture,Senior Solutions Architect,San Francisco,United States,US-West,Full-Time Permanent,2018-03-03,0.2,176500.0,20.0,211800.0,4.16,2.2,25,11,51.8,3.2,1.6,15,0.63,High,No
EMP-10085,Daniel,Gonzalez,daniel.gonzalez85@enterprise-ai.corp,People Operations & Talent Acquisition,Talent Acquisition Lead,Zurich,Switzerland,EU-Central,Full-Time Permanent,2021-06-25,3.5,105500.0,18.0,124500.0,4.38,4.5,14,46,10.4,9.8,4.6,22,0.25,Medium,No
EMP-10086,Dmitri,Rodriguez,dmitri.rodriguez86@enterprise-ai.corp,Customer Success & Technical Support,Senior Technical Account Manager,Austin,United States,US-Central,Full-Time Permanent,2023-02-04,5.1,155000.0,20.0,186000.0,2.61,2.9,24,3,29.2,5.1,1.3,16,0.95,High,No
EMP-10087,Mei,Moreau,mei.moreau87@enterprise-ai.corp,"Corporate Finance, Legal & Compliance",Corporate Counsel / Compliance Director,Berlin,Germany,EU-Central,Full-Time Permanent,2018-05-10,0.4,231900.0,25.0,289900.0,4.53,5.0,6,21,8.4,8.1,4.0,11,0.28,Medium,No
EMP-10088,Camila,Sato,camila.sato88@enterprise-ai.corp,AI & Machine Learning Research,L5 Principal Research Fellow,Tokyo,Japan,APAC-East,Full-Time Permanent,2021-02-22,3.1,344400.0,40.0,482200.0,4.7,4.0,7,58,6.3,8.0,4.6,7,0.32,Medium,Yes
EMP-10089,Michael,Kim,michael.kim89@enterprise-ai.corp,Cloud Platform & DevOps / SRE,Cloud Infrastructure SRE,Taipei,Taiwan,APAC-East,Full-Time Permanent,2019-05-19,1.4,128300.0,18.0,151400.0,4.04,4.2,8,65,12.5,9.2,3.7,16,0.14,Low,No
EMP-10090,Sven,Tanaka,sven.tanaka90@enterprise-ai.corp,People Operations & Talent Acquisition,Talent Acquisition Lead,Zurich,Switzerland,EU-Central,Contractor Strategic,2022-11-29,4.9,129000.0,18.0,152200.0,3.88,3.9,8,67,11.9,8.8,3.8,4,0.25,Medium,No
EMP-10091,Dmitri,Patel,dmitri.patel91@enterprise-ai.corp,UI/UX Product Design,Product Designer,Zurich,Switzerland,EU-Central,Full-Time Permanent,2024-11-24,6.9,107700.0,12.0,120600.0,3.61,4.1,5,68,0.4,8.5,4.0,17,0.06,Low,No
EMP-10092,Lisa,Taylor,lisa.taylor92@enterprise-ai.corp,People Operations & Talent Acquisition,People Operations Partner,San Francisco,United States,US-West,Full-Time Permanent,2024-03-21,6.2,93100.0,12.0,104300.0,4.05,4.2,6,35,2.0,9.8,4.3,25,0.05,Low,No
EMP-10093,Betty,Patel,betty.patel93@enterprise-ai.corp,Global Enterprise Sales & BD,VP of Global Enterprise Sales,San Francisco,United States,US-West,Full-Time Permanent,2018-04-26,0.3,344800.0,60.0,551700.0,3.85,4.1,10,35,13.7,7.0,4.1,13,0.27,Medium,No
EMP-10094,Patricia,Lopez,patricia.lopez94@enterprise-ai.corp,Cloud Platform & DevOps / SRE,Cloud Infrastructure SRE,London,United Kingdom,EU-West,Full-Time Permanent,2022-06-15,4.5,147700.0,18.0,174300.0,3.81,4.1,10,46,11.1,8.8,4.7,28,0.26,Medium,No
EMP-10095,Robert,Miller,robert.miller95@enterprise-ai.corp,UI/UX Product Design,Staff UI/UX Design Lead,Sydney,Australia,APAC-ANZ,Full-Time Permanent,2020-09-18,2.7,178600.0,20.0,214300.0,4.25,4.4,13,77,9.5,7.9,3.8,11,0.06,Low,No
EMP-10096,Daniel,Moore,daniel.moore96@enterprise-ai.corp,UI/UX Product Design,Staff UI/UX Design Lead,London,United Kingdom,EU-West,Full-Time Permanent,2018-06-04,0.4,155900.0,20.0,187100.0,4.55,4.3,6,56,1.8,9.6,3.6,7,0.2,Medium,No
EMP-10097,Fatima,Brown,fatima.brown97@enterprise-ai.corp,Enterprise Solutions Architecture,Principal Enterprise Architect,San Francisco,United States,US-West,Full-Time Permanent,2024-03-03,6.2,257100.0,25.0,321400.0,3.9,5.0,14,50,4.9,9.8,4.8,28,0.28,Medium,No
EMP-10098,Alex,Martinez,alex.martinez98@enterprise-ai.corp,Global Enterprise Sales & BD,VP of Global Enterprise Sales,Austin,United States,US-Central,Full-Time Permanent,2024-02-05,6.1,310500.0,60.0,496800.0,4.14,4.4,11,30,4.5,8.5,4.3,36,0.13,Low,No
EMP-10099,Ting,Schneider,ting.schneider0@enterprise-ai.corp,People Operations & Talent Acquisition,Talent Acquisition Lead,Taipei,Taiwan,APAC-East,Full-Time Permanent,2019-11-30,1.9,124800.0,18.0,147300.0,4.99,4.4,10,24,9.7,7.4,4.4,20,0.34,Medium,No
EMP-10100,Donald,Kowalski,donald.kowalski1@enterprise-ai.corp,Core Software Engineering,L2 Software Engineer,Singapore,Singapore,APAC-South,Full-Time Permanent,2022-06-10,4.4,133000.0,15.0,153000.0,3.22,3.7,12,17,33.8,4.1,2.4,8,0.84,High,No
EMP-10101,Sven,Anderson,sven.anderson2@enterprise-ai.corp,Core Software Engineering,Engineering Director,Austin,United States,US-Central,Full-Time Permanent,2023-08-06,5.6,335200.0,35.0,452500.0,3.92,4.0,14,27,12.0,9.4,4.5,6,0.24,Medium,No
EMP-10102,Karen,Moreau,karen.moreau3@enterprise-ai.corp,UI/UX Product Design,Product Designer,Taipei,Taiwan,APAC-East,Full-Time Permanent,2019-08-27,1.7,112900.0,12.0,126400.0,4.72,4.6,15,38,1.8,9.7,4.6,23,0.3,Medium,Yes
EMP-10103,Barbara,Sharma,barbara.sharma4@enterprise-ai.corp,Customer Success & Technical Support,Customer Success Manager,Zurich,Switzerland,EU-Central,Full-Time Permanent,2020-03-30,2.2,110800.0,15.0,127400.0,2.78,2.1,25,3,47.1,5.4,1.1,30,0.93,High,No
EMP-10104,Fatima,Ivanov,fatima.ivanov5@enterprise-ai.corp,Core Software Engineering,L3 Senior Software Engineer,Berlin,Germany,EU-Central,Full-Time Permanent,2025-05-18,7.4,180200.0,20.0,216200.0,3.82,4.3,6,76,8.5,7.1,4.6,27,0.11,Low,No
EMP-10105,Dmitri,Sharma,dmitri.sharma6@enterprise-ai.corp,Product Management & Growth,Senior Group Product Manager,Berlin,Germany,EU-Central,Full-Time Permanent,2019-05-26,1.4,185700.0,22.0,226600.0,4.14,3.9,5,54,7.0,8.1,3.7,17,0.08,Low,No
EMP-10106,Zoe,Schmidt,zoe.schmidt7@enterprise-ai.corp,AI & Machine Learning Research,L2 AI/ML Engineer,Sydney,Australia,APAC-ANZ,Full-Time Permanent,2022-10-02,4.8,152600.0,15.0,175500.0,3.88,4.3,11,77,11.6,8.8,4.6,17,0.32,Medium,No
EMP-10107,Alex,Lin,alex.lin8@enterprise-ai.corp,Cloud Platform & DevOps / SRE,Staff Reliability Architect,Zurich,Switzerland,EU-Central,Full-Time Permanent,2021-11-04,3.8,241800.0,25.0,302200.0,4.26,4.8,17,35,13.2,8.6,4.0,28,0.13,Low,No
EMP-10108,Ting,Schmidt,ting.schmidt9@enterprise-ai.corp,UI/UX Product Design,Product Designer,San Francisco,United States,US-West,Full-Time Permanent,2024-05-28,6.4,104600.0,12.0,117200.0,4.2,4.9,12,24,3.4,8.2,4.6,23,0.07,Low,No
EMP-10109,Donald,Jackson,donald.jackson10@enterprise-ai.corp,Core Software Engineering,L3 Senior Software Engineer,Zurich,Switzerland,EU-Central,Full-Time Permanent,2021-08-25,3.6,152200.0,20.0,182600.0,4.1,4.0,12,70,13.9,7.3,4.5,29,0.07,Low,No
EMP-10110,Dmitri,Thomas,dmitri.thomas11@enterprise-ai.corp,AI & Machine Learning Research,L4 Staff AI Scientist,Taipei,Taiwan,APAC-East,Full-Time Permanent,2018-07-23,0.6,272300.0,30.0,354000.0,3.18,2.1,16,15,44.9,2.6,1.8,7,0.84,High,No
EMP-10111,Rohan,Thomas,rohan.thomas12@enterprise-ai.corp,UI/UX Product Design,Product Designer,Zurich,Switzerland,EU-Central,Full-Time Permanent,2023-08-27,5.7,119200.0,12.0,133500.0,3.66,4.6,4,37,4.5,7.7,3.9,3,0.31,Medium,No
EMP-10112,Astrid,Moore,astrid.moore13@enterprise-ai.corp,"Corporate Finance, Legal & Compliance",Senior Financial Analyst,New York,United States,US-East,Full-Time Permanent,2024-02-19,6.1,101700.0,15.0,117000.0,4.93,4.6,5,49,14.7,9.8,5.0,10,0.25,Medium,Yes
EMP-10113,Sarah,Jones,sarah.jones14@enterprise-ai.corp,UI/UX Product Design,Staff UI/UX Design Lead,Austin,United States,US-Central,Full-Time Permanent,2025-08-12,7.6,193900.0,20.0,232700.0,4.83,4.1,12,63,1.7,7.2,3.5,8,0.07,Low,No
EMP-10114,Joseph,Gonzalez,joseph.gonzalez15@enterprise-ai.corp,Customer Success & Technical Support,Customer Success Manager,Berlin,Germany,EU-Central,Full-Time Permanent,2021-02-16,3.1,113300.0,15.0,130300.0,4.67,4.3,6,82,4.7,7.5,4.9,21,0.19,Low,Yes
EMP-10115,Lisa,Thomas,lisa.thomas16@enterprise-ai.corp,Cloud Platform & DevOps / SRE,Staff Reliability Architect,Sydney,Australia,APAC-ANZ,Full-Time Permanent,2024-03-19,6.2,237600.0,25.0,297000.0,4.62,4.5,7,40,13.4,8.5,4.2,12,0.3,Medium,Yes
EMP-10116,Yuki,Schmidt,yuki.schmidt17@enterprise-ai.corp,Customer Success & Technical Support,Director of Customer Success,Austin,United States,US-Central,Contractor Strategic,2021-04-24,3.3,195500.0,25.0,244400.0,4.61,5.0,7,74,12.8,8.4,3.8,9,0.33,Medium,Yes
EMP-10117,Linda,Smith,linda.smith18@enterprise-ai.corp,Enterprise Solutions Architecture,Principal Enterprise Architect,Taipei,Taiwan,APAC-East,Full-Time Permanent,2024-05-05,6.3,254200.0,25.0,317800.0,3.87,3.1,14,11,41.0,3.4,1.7,1,0.9,High,No
EMP-10118,Astrid,Schneider,astrid.schneider19@enterprise-ai.corp,UI/UX Product Design,Product Designer,Austin,United States,US-Central,Full-Time Permanent,2021-02-10,3.1,111900.0,12.0,125300.0,4.66,4.8,17,24,13.6,8.9,4.6,9,0.23,Medium,Yes
EMP-10119,Susan,Moore,susan.moore20@enterprise-ai.corp,UI/UX Product Design,Product Designer,New York,United States,US-East,Full-Time Permanent,2021-11-26,3.9,118300.0,12.0,132500.0,4.0,3.9,4,74,7.4,8.6,5.0,28,0.19,Low,No
EMP-10120,Mary,Yamamoto,mary.yamamoto21@enterprise-ai.corp,"Corporate Finance, Legal & Compliance",Corporate Counsel / Compliance Director,Zurich,Switzerland,EU-Central,Full-Time Permanent,2023-04-09,5.3,230200.0,25.0,287800.0,4.71,4.7,10,50,10.7,8.5,4.0,15,0.3,Medium,Yes
EMP-10121,Ananya,Nakamura,ananya.nakamura22@enterprise-ai.corp,Core Software Engineering,L1 Associate Software Engineer,Singapore,Singapore,APAC-South,Full-Time Permanent,2018-11-16,0.9,92600.0,10.0,101900.0,4.22,4.9,8,26,4.0,8.6,3.7,4,0.08,Low,No
EMP-10122,Rohan,Moreau,rohan.moreau23@enterprise-ai.corp,Product Management & Growth,Director of Product,London,United Kingdom,EU-West,Full-Time Permanent,2022-09-15,4.7,247700.0,30.0,322000.0,3.97,4.0,12,74,6.1,8.5,3.5,13,0.09,Low,No
EMP-10123,Dmitri,Schneider,dmitri.schneider24@enterprise-ai.corp,Cloud Platform & DevOps / SRE,Staff Reliability Architect,Zurich,Switzerland,EU-Central,Full-Time Permanent,2023-03-29,5.2,216300.0,25.0,270400.0,4.09,4.1,5,46,10.1,8.8,3.7,24,0.19,Low,No
EMP-10124,Nancy,Martinez,nancy.martinez25@enterprise-ai.corp,"Corporate Finance, Legal & Compliance",Corporate Counsel / Compliance Director,Tokyo,Japan,APAC-East,Full-Time Permanent,2025-01-28,7.1,235400.0,25.0,294200.0,4.31,4.6,14,72,14.8,9.5,3.7,23,0.1,Low,No
EMP-10125,Daniel,Moore,daniel.moore26@enterprise-ai.corp,Global Enterprise Sales & BD,Senior Enterprise Account Executive,San Francisco,United States,US-West,Full-Time Permanent,2025-07-19,7.5,173700.0,50.0,260600.0,4.99,4.0,9,27,11.8,8.5,4.9,32,0.35,Medium,Yes
EMP-10126,Astrid,Sharma,astrid.sharma27@enterprise-ai.corp,Product Management & Growth,Director of Product,Berlin,Germany,EU-Central,Full-Time Permanent,2025-09-28,7.7,240400.0,30.0,312500.0,4.96,4.3,7,75,0.4,7.3,3.6,23,0.25,Medium,No
EMP-10127,Susan,Huang,susan.huang28@enterprise-ai.corp,People Operations & Talent Acquisition,People Operations Partner,Sydney,Australia,APAC-ANZ,Contractor Strategic,2021-11-02,3.8,84000.0,12.0,94100.0,3.67,4.9,17,75,2.9,8.5,4.7,35,0.04,Low,No
EMP-10128,Fatima,Yamamoto,fatima.yamamoto29@enterprise-ai.corp,Global Enterprise Sales & BD,Mid-Market Account Executive,New York,United States,US-East,Full-Time Permanent,2022-07-16,4.5,122900.0,40.0,172100.0,3.91,4.3,16,60,0.8,7.1,3.8,26,0.04,Low,No
EMP-10129,Michael,Park,michael.park30@enterprise-ai.corp,Cloud Platform & DevOps / SRE,Staff Reliability Architect,Taipei,Taiwan,APAC-East,Full-Time Permanent,2024-12-02,6.9,204900.0,25.0,256100.0,3.99,3.9,17,40,3.6,8.5,3.7,30,0.35,Medium,No
EMP-10130,Jennifer,Huang,jennifer.huang31@enterprise-ai.corp,Cloud Platform & DevOps / SRE,Cloud Infrastructure SRE,Singapore,Singapore,APAC-South,Full-Time Permanent,2025-04-06,7.3,125600.0,18.0,148200.0,4.1,4.5,13,65,9.3,8.3,3.6,27,0.23,Medium,No
EMP-10131,Camila,Park,camila.park32@enterprise-ai.corp,Core Software Engineering,L2 Software Engineer,New York,United States,US-East,Contractor Strategic,2024-01-09,6.0,122700.0,15.0,141100.0,4.87,4.6,14,33,14.5,9.1,4.5,20,0.1,Low,Yes
EMP-10132,Fatima,Nakamura,fatima.nakamura33@enterprise-ai.corp,UI/UX Product Design,Staff UI/UX Design Lead,Austin,United States,US-Central,Full-Time Permanent,2025-09-30,7.7,159500.0,20.0,191400.0,4.95,4.9,8,40,4.3,8.5,3.8,7,0.12,Low,Yes
EMP-10133,Mateo,Santos,mateo.santos34@enterprise-ai.corp,AI & Machine Learning Research,L5 Principal Research Fellow,Tokyo,Japan,APAC-East,Full-Time Permanent,2020-06-24,2.5,376600.0,40.0,527200.0,4.45,3.8,4,71,2.6,8.7,4.6,15,0.06,Low,No
EMP-10134,Lucas,Brown,lucas.brown35@enterprise-ai.corp,Customer Success & Technical Support,Customer Success Manager,San Francisco,United States,US-West,Full-Time Permanent,2021-04-26,3.3,112100.0,15.0,128900.0,4.15,4.1,8,79,12.2,8.4,3.5,7,0.26,Medium,No
EMP-10135,Betty,Jackson,betty.jackson36@enterprise-ai.corp,Product Management & Growth,Product Manager,Sydney,Australia,APAC-ANZ,Full-Time Permanent,2019-01-01,1.0,126000.0,15.0,144900.0,3.9,3.8,13,73,13.1,9.4,3.9,37,0.11,Low,No
EMP-10136,Charles,Lin,charles.lin37@enterprise-ai.corp,Enterprise Solutions Architecture,Senior Solutions Architect,London,United Kingdom,EU-West,Full-Time Permanent,2019-05-05,1.3,177300.0,20.0,212800.0,4.17,4.7,18,62,4.0,8.5,3.9,9,0.34,Medium,No
EMP-10137,Margaret,Anderson,margaret.anderson38@enterprise-ai.corp,Enterprise Solutions Architecture,Principal Enterprise Architect,Austin,United States,US-Central,Full-Time Permanent,2025-03-09,7.2,268200.0,25.0,335200.0,4.98,4.1,13,69,12.3,9.4,4.2,14,0.32,Medium,Yes
EMP-10138,Nancy,Rodriguez,nancy.rodriguez39@enterprise-ai.corp,Enterprise Solutions Architecture,Principal Enterprise Architect,Berlin,Germany,EU-Central,Full-Time Permanent,2024-01-26,6.1,261500.0,25.0,326900.0,4.15,4.9,16,25,13.9,9.2,4.3,21,0.16,Low,No
EMP-10139,Karen,Huang,karen.huang40@enterprise-ai.corp,"Corporate Finance, Legal & Compliance",Senior Financial Analyst,Remote - Global,Global Remote,Remote,Full-Time Permanent,2021-09-25,3.7,109300.0,15.0,125700.0,4.63,3.9,10,58,2.5,7.9,4.4,16,0.09,Low,Yes
EMP-10140,Hiroshi,Taylor,hiroshi.taylor41@enterprise-ai.corp,People Operations & Talent Acquisition,Talent Acquisition Lead,London,United Kingdom,EU-West,Full-Time Permanent,2018-10-19,0.8,128000.0,18.0,151000.0,3.95,4.4,6,80,14.0,9.2,4.4,36,0.04,Low,No
EMP-10141,Sandra,Davis,sandra.davis42@enterprise-ai.corp,Global Enterprise Sales & BD,Enterprise SDR / BDR,Sydney,Australia,APAC-ANZ,Full-Time Permanent,2023-11-19,5.9,71900.0,30.0,93500.0,3.81,4.8,12,40,0.7,9.2,4.5,25,0.16,Low,No
EMP-10142,Mary,Rodriguez,mary.rodriguez43@enterprise-ai.corp,People Operations & Talent Acquisition,People Operations Partner,London,United Kingdom,EU-West,Full-Time Permanent,2023-08-07,5.6,96000.0,12.0,107500.0,2.65,3.5,26,2,33.4,4.2,2.1,35,0.87,High,No
EMP-10143,Hiroshi,Garcia,hiroshi.garcia44@enterprise-ai.corp,People Operations & Talent Acquisition,Talent Acquisition Lead,Sydney,Australia,APAC-ANZ,Full-Time Permanent,2021-11-28,3.9,133700.0,18.0,157800.0,4.19,4.1,15,46,10.6,8.4,3.8,30,0.05,Low,No
EMP-10144,Rohan,Sharma,rohan.sharma45@enterprise-ai.corp,Core Software Engineering,L2 Software Engineer,Zurich,Switzerland,EU-Central,Contractor Strategic,2023-04-26,5.3,132100.0,15.0,151900.0,3.66,4.7,18,85,11.5,9.7,4.0,20,0.18,Low,No
EMP-10145,Mark,Tanaka,mark.tanaka46@enterprise-ai.corp,"Corporate Finance, Legal & Compliance",Senior Financial Analyst,San Francisco,United States,US-West,Full-Time Permanent,2021-12-21,4.0,128700.0,15.0,148000.0,3.12,3.6,16,17,43.2,3.2,2.4,3,0.78,High,No
EMP-10146,Patricia,Sato,patricia.sato47@enterprise-ai.corp,Customer Success & Technical Support,Customer Success Manager,Singapore,Singapore,APAC-South,Full-Time Permanent,2023-12-02,5.9,98100.0,15.0,112800.0,3.67,4.6,9,22,7.4,8.5,3.9,24,0.22,Medium,No
EMP-10147,Ananya,Johnson,ananya.johnson48@enterprise-ai.corp,"Corporate Finance, Legal & Compliance",Senior Financial Analyst,Zurich,Switzerland,EU-Central,Full-Time Permanent,2025-01-14,7.0,125600.0,15.0,144400.0,4.34,4.6,9,25,12.6,7.5,4.7,34,0.08,Low,No
EMP-10148,Alex,Kowalski,alex.kowalski49@enterprise-ai.corp,Core Software Engineering,L3 Senior Software Engineer,Sydney,Australia,APAC-ANZ,Full-Time Permanent,2018-03-21,0.2,174700.0,20.0,209600.0,4.23,4.3,12,34,0.7,9.2,3.7,29,0.04,Low,No
EMP-10149,Nancy,Moore,nancy.moore50@enterprise-ai.corp,AI & Machine Learning Research,L2 AI/ML Engineer,San Francisco,United States,US-West,Full-Time Permanent,2022-10-18,4.8,157800.0,15.0,181500.0,4.15,4.0,18,46,8.6,7.6,4.8,6,0.16,Low,No
EMP-10150,Thomas,Rodriguez,thomas.rodriguez51@enterprise-ai.corp,Customer Success & Technical Support,Customer Success Manager,Austin,United States,US-Central,Full-Time Permanent,2019-12-15,2.0,104100.0,15.0,119700.0,3.67,2.6,10,15,34.7,2.9,1.8,11,0.95,High,No
EMP-10151,Karen,Mueller,karen.mueller52@enterprise-ai.corp,"Corporate Finance, Legal & Compliance",Corporate Counsel / Compliance Director,New York,United States,US-East,Full-Time Permanent,2020-06-07,2.4,213300.0,25.0,266600.0,4.35,4.8,18,43,13.6,8.1,3.9,7,0.07,Low,No
EMP-10152,Mateo,Huang,mateo.huang53@enterprise-ai.corp,AI & Machine Learning Research,L3 Senior Deep Learning Researcher,New York,United States,US-East,Contractor Strategic,2021-11-11,3.9,183500.0,25.0,229400.0,4.94,4.4,11,82,0.6,8.3,4.7,17,0.15,Low,Yes
EMP-10153,Patricia,Nakamura,patricia.nakamura54@enterprise-ai.corp,Core Software Engineering,Engineering Director,London,United Kingdom,EU-West,Full-Time Permanent,2021-03-05,3.2,297300.0,35.0,401400.0,4.13,4.6,17,28,14.8,7.1,3.7,5,0.09,Low,No
EMP-10154,Linda,Davis,linda.davis55@enterprise-ai.corp,Cloud Platform & DevOps / SRE,Cloud Infrastructure SRE,Zurich,Switzerland,EU-Central,Contractor Strategic,2021-06-23,3.5,143800.0,18.0,169700.0,4.19,3.9,5,58,1.2,7.6,4.0,23,0.29,Medium,No
EMP-10155,Alex,Sharma,alex.sharma56@enterprise-ai.corp,People Operations & Talent Acquisition,Talent Acquisition Lead,New York,United States,US-East,Full-Time Permanent,2023-04-16,5.3,115000.0,18.0,135700.0,4.08,4.9,12,60,7.5,8.4,3.6,15,0.29,Medium,No
EMP-10156,Karen,Moore,karen.moore57@enterprise-ai.corp,UI/UX Product Design,Staff UI/UX Design Lead,Sydney,Australia,APAC-ANZ,Full-Time Permanent,2020-10-19,2.8,164000.0,20.0,196800.0,3.72,4.3,9,77,13.2,8.1,3.6,19,0.24,Medium,No
EMP-10157,Daniel,Gonzalez,daniel.gonzalez58@enterprise-ai.corp,UI/UX Product Design,Product Designer,Berlin,Germany,EU-Central,Full-Time Permanent,2025-09-10,7.7,112400.0,12.0,125900.0,2.63,3.8,16,20,38.6,2.7,1.6,9,0.8,High,No
EMP-10158,Wei,Hernandez,wei.hernandez59@enterprise-ai.corp,UI/UX Product Design,Product Designer,San Francisco,United States,US-West,Full-Time Permanent,2022-04-28,4.3,96600.0,12.0,108200.0,4.25,3.9,13,76,4.6,9.3,3.7,32,0.3,Medium,No
EMP-10159,Karen,Chen,karen.chen60@enterprise-ai.corp,Core Software Engineering,L1 Associate Software Engineer,Remote - Global,Global Remote,Remote,Full-Time Permanent,2025-07-28,7.6,99600.0,10.0,109600.0,4.19,3.1,17,4,53.4,3.4,2.4,29,0.84,High,No
EMP-10160,Daniel,Garcia,daniel.garcia61@enterprise-ai.corp,Product Management & Growth,Senior Group Product Manager,Tokyo,Japan,APAC-East,Full-Time Permanent,2023-03-07,5.2,191600.0,22.0,233800.0,4.37,4.2,8,45,9.2,9.2,4.1,2,0.31,Medium,No
EMP-10161,Kenji,Kowalski,kenji.kowalski62@enterprise-ai.corp,UI/UX Product Design,Staff UI/UX Design Lead,Zurich,Switzerland,EU-Central,Contractor Strategic,2022-02-23,4.1,199700.0,20.0,239600.0,4.03,5.0,4,84,10.9,9.4,5.0,36,0.29,Medium,No
EMP-10162,Mei,Davis,mei.davis63@enterprise-ai.corp,Global Enterprise Sales & BD,VP of Global Enterprise Sales,Remote - Global,Global Remote,Remote,Full-Time Permanent,2021-11-28,3.9,310900.0,60.0,497400.0,3.99,4.3,12,75,10.5,7.7,4.3,25,0.27,Medium,No
EMP-10163,Barbara,Tanaka,barbara.tanaka64@enterprise-ai.corp,Enterprise Solutions Architecture,Senior Solutions Architect,Sydney,Australia,APAC-ANZ,Full-Time Permanent,2021-03-01,3.2,153900.0,20.0,184700.0,3.94,4.1,4,30,6.9,8.8,4.5,28,0.06,Low,No
EMP-10164,Thomas,Jones,thomas.jones65@enterprise-ai.corp,Enterprise Solutions Architecture,Principal Enterprise Architect,Tokyo,Japan,APAC-East,Full-Time Permanent,2024-10-11,6.8,266200.0,25.0,332800.0,3.99,3.2,22,10,43.2,4.5,1.7,31,0.91,High,No
EMP-10165,Camila,Ivanov,camila.ivanov66@enterprise-ai.corp,Product Management & Growth,Senior Group Product Manager,New York,United States,US-East,Full-Time Permanent,2020-07-01,2.5,211900.0,22.0,258500.0,4.9,4.7,6,66,2.2,8.3,3.9,18,0.17,Low,Yes
EMP-10166,Zoe,Tanaka,zoe.tanaka67@enterprise-ai.corp,Cloud Platform & DevOps / SRE,Staff Reliability Architect,New York,United States,US-East,Full-Time Permanent,2020-09-08,2.7,242600.0,25.0,303200.0,4.22,4.3,18,28,5.4,8.3,4.3,37,0.17,Low,No
EMP-10167,Mei,Anderson,mei.anderson68@enterprise-ai.corp,Core Software Engineering,L4 Staff Distributed Engineer,San Francisco,United States,US-West,Full-Time Permanent,2024-03-17,6.2,229800.0,25.0,287200.0,4.38,3.9,6,22,9.0,7.5,3.8,24,0.17,Low,No
EMP-10168,Daniel,Anderson,daniel.anderson69@enterprise-ai.corp,Enterprise Solutions Architecture,Principal Enterprise Architect,Zurich,Switzerland,EU-Central,Full-Time Permanent,2024-04-22,6.3,264400.0,25.0,330500.0,3.62,4.7,6,28,2.1,8.8,3.9,27,0.11,Low,No
EMP-10169,Dmitri,Martin,dmitri.martin70@enterprise-ai.corp,AI & Machine Learning Research,L5 Principal Research Fellow,New York,United States,US-East,Full-Time Permanent,2022-06-11,4.4,374400.0,40.0,524200.0,4.07,4.2,7,23,7.1,7.3,4.4,19,0.3,Medium,No
EMP-10170,Mei,Huang,mei.huang71@enterprise-ai.corp,Customer Success & Technical Support,Director of Customer Success,Austin,United States,US-Central,Full-Time Permanent,2023-11-19,5.9,209100.0,25.0,261400.0,4.64,4.4,18,39,8.9,7.3,4.9,29,0.27,Medium,No
EMP-10171,Linda,Thomas,linda.thomas72@enterprise-ai.corp,"Corporate Finance, Legal & Compliance",Corporate Counsel / Compliance Director,San Francisco,United States,US-West,Full-Time Permanent,2020-05-05,2.3,251100.0,25.0,313900.0,3.7,4.3,6,36,10.7,9.2,4.8,5,0.29,Medium,No
EMP-10172,Anthony,Sato,anthony.sato73@enterprise-ai.corp,Product Management & Growth,Senior Group Product Manager,Taipei,Taiwan,APAC-East,Contractor Strategic,2025-08-06,7.6,199200.0,22.0,243000.0,3.62,4.3,4,68,2.5,8.3,4.9,28,0.16,Low,No
EMP-10173,Lucas,Martinez,lucas.martinez74@enterprise-ai.corp,Global Enterprise Sales & BD,Mid-Market Account Executive,Zurich,Switzerland,EU-Central,Full-Time Permanent,2020-12-05,2.9,97300.0,40.0,136200.0,4.19,4.4,10,83,14.2,9.1,3.8,35,0.17,Low,No
EMP-10174,Hiroshi,Kim,hiroshi.kim75@enterprise-ai.corp,Core Software Engineering,L1 Associate Software Engineer,Remote - Global,Global Remote,Remote,Full-Time Permanent,2021-07-31,3.6,99200.0,10.0,109100.0,4.87,4.5,5,67,10.3,8.1,4.7,7,0.21,Medium,Yes
EMP-10175,Susan,Rodriguez,susan.rodriguez76@enterprise-ai.corp,Enterprise Solutions Architecture,Senior Solutions Architect,Austin,United States,US-Central,Full-Time Permanent,2022-03-20,4.2,162300.0,20.0,194800.0,3.83,4.5,7,39,5.0,8.2,4.0,34,0.1,Low,No
EMP-10176,Rohan,Smith,rohan.smith77@enterprise-ai.corp,Cloud Platform & DevOps / SRE,Cloud Infrastructure SRE,Singapore,Singapore,APAC-South,Contractor Strategic,2024-10-23,6.8,131600.0,18.0,155300.0,3.85,4.4,16,48,11.4,7.2,3.9,27,0.25,Medium,No
EMP-10177,Matthew,Brown,matthew.brown78@enterprise-ai.corp,Customer Success & Technical Support,Senior Technical Account Manager,Remote - Global,Global Remote,Remote,Full-Time Permanent,2020-12-03,2.9,138000.0,20.0,165600.0,3.85,4.0,10,24,8.2,8.1,4.5,32,0.14,Low,No
EMP-10178,Michael,Mueller,michael.mueller79@enterprise-ai.corp,UI/UX Product Design,Staff UI/UX Design Lead,Berlin,Germany,EU-Central,Full-Time Permanent,2022-07-16,4.5,162600.0,20.0,195100.0,4.89,4.9,9,72,10.3,7.2,3.9,32,0.31,Medium,No
EMP-10179,Ting,Kim,ting.kim80@enterprise-ai.corp,Cloud Platform & DevOps / SRE,Staff Reliability Architect,San Francisco,United States,US-West,Full-Time Permanent,2023-07-03,5.5,229200.0,25.0,286500.0,4.17,4.2,12,82,6.1,8.9,4.5,26,0.08,Low,No
EMP-10180,Hiroshi,Nakamura,hiroshi.nakamura81@enterprise-ai.corp,People Operations & Talent Acquisition,People Operations Partner,Sydney,Australia,APAC-ANZ,Full-Time Permanent,2019-09-29,1.7,96300.0,12.0,107900.0,3.26,2.2,22,19,30.1,2.6,1.5,21,0.89,High,No
EMP-10181,Kenji,Ivanov,kenji.ivanov82@enterprise-ai.corp,Product Management & Growth,Director of Product,San Francisco,United States,US-West,Full-Time Permanent,2022-12-04,4.9,246000.0,30.0,319800.0,3.75,5.0,14,34,10.8,8.9,4.1,32,0.06,Low,No
EMP-10182,Mark,Moreau,mark.moreau83@enterprise-ai.corp,Enterprise Solutions Architecture,Principal Enterprise Architect,San Francisco,United States,US-West,Full-Time Permanent,2024-01-02,6.0,223800.0,25.0,279800.0,4.95,4.5,5,78,0.2,9.5,4.2,24,0.05,Low,Yes
EMP-10183,James,Dubois,james.dubois84@enterprise-ai.corp,Cloud Platform & DevOps / SRE,Cloud Infrastructure SRE,Tokyo,Japan,APAC-East,Full-Time Permanent,2024-07-03,6.5,131200.0,18.0,154800.0,4.93,5.0,9,42,5.7,8.3,4.1,21,0.25,Medium,Yes
EMP-10184,Matthew,Schmidt,matthew.schmidt85@enterprise-ai.corp,Core Software Engineering,L5 Principal Infrastructure Architect,Sydney,Australia,APAC-ANZ,Full-Time Permanent,2018-09-29,0.7,308400.0,30.0,400900.0,4.45,4.7,9,29,6.9,9.7,5.0,36,0.33,Medium,No
EMP-10185,Sven,Jones,sven.jones86@enterprise-ai.corp,People Operations & Talent Acquisition,People Operations Partner,Tokyo,Japan,APAC-East,Full-Time Permanent,2018-04-22,0.3,97800.0,12.0,109500.0,3.89,4.8,14,58,12.1,9.1,3.8,6,0.24,Medium,No
EMP-10186,Elena,Santos,elena.santos87@enterprise-ai.corp,Customer Success & Technical Support,Customer Success Manager,Singapore,Singapore,APAC-South,Full-Time Permanent,2022-09-06,4.7,97300.0,15.0,111900.0,4.66,4.4,9,75,13.6,9.7,3.6,18,0.1,Low,Yes
EMP-10187,Richard,Kim,richard.kim88@enterprise-ai.corp,Product Management & Growth,Director of Product,Austin,United States,US-Central,Contractor Strategic,2025-04-29,7.3,272400.0,30.0,354100.0,3.97,4.0,18,49,2.2,9.0,4.2,5,0.23,Medium,No
EMP-10188,Charles,Martinez,charles.martinez89@enterprise-ai.corp,AI & Machine Learning Research,L4 Staff AI Scientist,Singapore,Singapore,APAC-South,Full-Time Permanent,2024-01-05,6.0,229200.0,30.0,298000.0,4.43,4.3,9,64,2.2,8.6,3.8,28,0.17,Low,No
EMP-10189,Yuki,Moore,yuki.moore90@enterprise-ai.corp,Enterprise Solutions Architecture,Senior Solutions Architect,Berlin,Germany,EU-Central,Full-Time Permanent,2025-09-07,7.7,152300.0,20.0,182800.0,4.7,4.8,18,55,6.9,9.2,4.0,26,0.32,Medium,Yes
EMP-10190,David,Jones,david.jones91@enterprise-ai.corp,People Operations & Talent Acquisition,People Operations Partner,Zurich,Switzerland,EU-Central,Full-Time Permanent,2025-05-07,7.3,92300.0,12.0,103400.0,3.65,3.8,15,72,1.9,8.6,4.3,4,0.26,Medium,No
EMP-10191,Thomas,Moore,thomas.moore92@enterprise-ai.corp,Core Software Engineering,Engineering Director,Sydney,Australia,APAC-ANZ,Full-Time Permanent,2024-10-02,6.8,356700.0,35.0,481500.0,4.09,4.7,18,27,6.5,9.9,4.3,33,0.06,Low,No
EMP-10192,Kenji,Dubois,kenji.dubois93@enterprise-ai.corp,Enterprise Solutions Architecture,Senior Solutions Architect,Tokyo,Japan,APAC-East,Full-Time Permanent,2025-04-30,7.3,170400.0,20.0,204500.0,3.73,4.6,9,32,4.4,9.8,4.3,25,0.21,Medium,No
EMP-10193,Zoe,Chen,zoe.chen94@enterprise-ai.corp,Enterprise Solutions Architecture,Principal Enterprise Architect,Berlin,Germany,EU-Central,Full-Time Permanent,2022-11-29,4.9,245800.0,25.0,307200.0,4.54,4.0,15,53,4.5,9.5,4.3,17,0.05,Low,Yes
EMP-10194,Wei,Schneider,wei.schneider95@enterprise-ai.corp,Global Enterprise Sales & BD,Senior Enterprise Account Executive,San Francisco,United States,US-West,Full-Time Permanent,2023-04-11,5.3,188900.0,50.0,283400.0,4.59,4.8,11,63,11.0,9.5,4.8,19,0.16,Low,Yes
EMP-10195,Richard,Jones,richard.jones96@enterprise-ai.corp,Cloud Platform & DevOps / SRE,Cloud Infrastructure SRE,San Francisco,United States,US-West,Full-Time Permanent,2025-05-20,7.4,126500.0,18.0,149300.0,4.31,4.6,6,37,5.0,9.2,4.9,11,0.31,Medium,No
EMP-10196,Ting,Garcia,ting.garcia97@enterprise-ai.corp,Product Management & Growth,Senior Group Product Manager,Remote - Global,Global Remote,Remote,Full-Time Permanent,2025-09-07,7.7,187200.0,22.0,228400.0,4.7,4.7,8,29,12.3,9.4,3.6,15,0.07,Low,Yes
EMP-10197,Sven,Taylor,sven.taylor98@enterprise-ai.corp,Customer Success & Technical Support,Director of Customer Success,Austin,United States,US-Central,Full-Time Permanent,2023-08-15,5.6,211400.0,25.0,264200.0,4.93,4.4,15,82,12.8,9.8,4.3,22,0.31,Medium,Yes
EMP-10198,Susan,Patel,susan.patel0@enterprise-ai.corp,UI/UX Product Design,Staff UI/UX Design Lead,New York,United States,US-East,Full-Time Permanent,2022-08-06,4.6,199500.0,20.0,239400.0,3.0,2.6,11,14,34.0,5.0,1.9,28,0.91,High,No
EMP-10199,Ting,Park,ting.park1@enterprise-ai.corp,UI/UX Product Design,Product Designer,Taipei,Taiwan,APAC-East,Full-Time Permanent,2020-08-18,2.6,127600.0,12.0,142900.0,4.38,4.5,17,21,0.3,7.3,4.1,25,0.24,Medium,No
EMP-10200,Lucas,Wilson,lucas.wilson2@enterprise-ai.corp,Cloud Platform & DevOps / SRE,Staff Reliability Architect,New York,United States,US-East,Full-Time Permanent,2024-07-28,6.6,206500.0,25.0,258100.0,4.84,4.5,13,51,6.4,7.9,4.0,25,0.08,Low,Yes
EMP-10201,Donald,Lopez,donald.lopez3@enterprise-ai.corp,Product Management & Growth,Director of Product,Tokyo,Japan,APAC-East,Contractor Strategic,2023-03-12,5.2,290200.0,30.0,377300.0,4.79,5.0,11,49,7.4,7.1,4.8,26,0.18,Low,No
EMP-10202,William,Davis,william.davis4@enterprise-ai.corp,UI/UX Product Design,Product Designer,Sydney,Australia,APAC-ANZ,Full-Time Permanent,2025-09-18,7.7,128200.0,12.0,143600.0,4.08,2.6,24,11,40.4,3.5,2.0,10,0.68,High,No
EMP-10203,Nancy,Schneider,nancy.schneider5@enterprise-ai.corp,Enterprise Solutions Architecture,Principal Enterprise Architect,San Francisco,United States,US-West,Full-Time Permanent,2021-05-09,3.4,256700.0,25.0,320900.0,4.47,4.2,6,36,7.9,7.7,4.6,36,0.04,Low,No
EMP-10204,Hiroshi,Smith,hiroshi.smith6@enterprise-ai.corp,Enterprise Solutions Architecture,Principal Enterprise Architect,Remote - Global,Global Remote,Remote,Full-Time Permanent,2022-04-14,4.3,218600.0,25.0,273200.0,4.9,4.8,11,32,2.2,7.9,5.0,32,0.18,Low,Yes
EMP-10205,Camila,Lopez,camila.lopez7@enterprise-ai.corp,Product Management & Growth,Director of Product,Singapore,Singapore,APAC-South,Full-Time Permanent,2022-04-04,4.3,287600.0,30.0,373900.0,4.92,4.6,12,55,3.6,7.0,4.8,20,0.11,Low,No
EMP-10206,Elizabeth,Moore,elizabeth.moore8@enterprise-ai.corp,Product Management & Growth,Senior Group Product Manager,Singapore,Singapore,APAC-South,Full-Time Permanent,2018-08-10,0.6,176400.0,22.0,215200.0,3.66,4.2,7,51,1.5,9.6,4.3,16,0.12,Low,No
EMP-10207,Elena,Oliveira,elena.oliveira9@enterprise-ai.corp,Enterprise Solutions Architecture,Principal Enterprise Architect,Remote - Global,Global Remote,Remote,Full-Time Permanent,2025-06-11,7.4,243900.0,25.0,304900.0,4.35,4.8,7,62,13.0,7.3,4.4,22,0.18,Low,No
EMP-10208,Alex,Yamamoto,alex.yamamoto10@enterprise-ai.corp,UI/UX Product Design,Staff UI/UX Design Lead,San Francisco,United States,US-West,Contractor Strategic,2021-05-05,3.3,167700.0,20.0,201200.0,3.71,4.9,8,44,2.7,7.1,4.6,33,0.12,Low,No
EMP-10209,James,Anderson,james.anderson11@enterprise-ai.corp,UI/UX Product Design,Product Designer,New York,United States,US-East,Full-Time Permanent,2024-05-21,6.4,113200.0,12.0,126800.0,4.04,3.9,9,26,5.5,8.6,4.6,26,0.21,Medium,No
EMP-10210,Fatima,Brown,fatima.brown12@enterprise-ai.corp,UI/UX Product Design,Staff UI/UX Design Lead,Zurich,Switzerland,EU-Central,Full-Time Permanent,2020-04-07,2.3,180500.0,20.0,216600.0,4.68,4.2,6,40,10.3,7.7,4.4,12,0.13,Low,Yes
EMP-10211,Camila,Johnson,camila.johnson13@enterprise-ai.corp,People Operations & Talent Acquisition,People Operations Partner,Berlin,Germany,EU-Central,Full-Time Permanent,2022-04-12,4.3,100000.0,12.0,112000.0,4.12,4.5,13,59,2.6,8.7,3.8,29,0.1,Low,No
EMP-10212,Charles,Miller,charles.miller14@enterprise-ai.corp,AI & Machine Learning Research,L2 AI/ML Engineer,Austin,United States,US-Central,Contractor Strategic,2020-12-09,2.9,144800.0,15.0,166500.0,3.76,4.3,7,76,3.9,8.9,4.4,12,0.17,Low,No
EMP-10213,Camila,Hernandez,camila.hernandez15@enterprise-ai.corp,Core Software Engineering,L2 Software Engineer,New York,United States,US-East,Full-Time Permanent,2021-08-04,3.6,113900.0,15.0,131000.0,4.45,5.0,8,76,5.0,7.8,3.8,9,0.12,Low,No
EMP-10214,Ananya,Patel,ananya.patel16@enterprise-ai.corp,People Operations & Talent Acquisition,People Operations Partner,London,United Kingdom,EU-West,Full-Time Permanent,2018-05-28,0.4,98000.0,12.0,109800.0,3.25,2.2,27,12,49.1,4.3,1.5,14,0.9,High,No
EMP-10215,Patricia,Taylor,patricia.taylor17@enterprise-ai.corp,Cloud Platform & DevOps / SRE,Cloud Infrastructure SRE,Tokyo,Japan,APAC-East,Full-Time Permanent,2022-09-15,4.7,140000.0,18.0,165200.0,3.73,4.5,13,71,4.1,7.3,3.9,25,0.33,Medium,No
EMP-10216,Ting,Oliveira,ting.oliveira18@enterprise-ai.corp,AI & Machine Learning Research,L2 AI/ML Engineer,New York,United States,US-East,Full-Time Permanent,2019-09-28,1.7,145300.0,15.0,167100.0,4.75,4.1,6,74,9.2,7.3,3.6,29,0.35,Medium,No
EMP-10217,Mei,Rodriguez,mei.rodriguez19@enterprise-ai.corp,Global Enterprise Sales & BD,Senior Enterprise Account Executive,Remote - Global,Global Remote,Remote,Full-Time Permanent,2018-05-07,0.3,151700.0,50.0,227600.0,2.55,2.4,13,17,28.5,5.4,1.1,27,0.62,High,No
EMP-10218,Susan,Jones,susan.jones20@enterprise-ai.corp,Global Enterprise Sales & BD,Senior Enterprise Account Executive,Berlin,Germany,EU-Central,Full-Time Permanent,2019-05-11,1.4,178500.0,50.0,267800.0,3.91,4.0,12,83,11.7,7.3,4.8,21,0.06,Low,No
EMP-10219,Anthony,Williams,anthony.williams21@enterprise-ai.corp,Product Management & Growth,Director of Product,Berlin,Germany,EU-Central,Full-Time Permanent,2024-02-19,6.1,291100.0,30.0,378400.0,4.47,4.4,9,49,2.8,9.0,3.5,15,0.18,Low,No
EMP-10220,Dmitri,Sato,dmitri.sato22@enterprise-ai.corp,Cloud Platform & DevOps / SRE,Cloud Infrastructure SRE,New York,United States,US-East,Full-Time Permanent,2018-06-09,0.4,135300.0,18.0,159700.0,3.83,4.8,13,34,6.2,8.7,3.6,25,0.21,Medium,No
EMP-10221,Jessica,Dubois,jessica.dubois23@enterprise-ai.corp,Cloud Platform & DevOps / SRE,Cloud Infrastructure SRE,Zurich,Switzerland,EU-Central,Full-Time Permanent,2023-10-13,5.8,148800.0,18.0,175600.0,3.89,5.0,12,73,0.1,9.3,3.6,26,0.24,Medium,No
EMP-10222,Anthony,Tanaka,anthony.tanaka24@enterprise-ai.corp,Product Management & Growth,Senior Group Product Manager,Remote - Global,Global Remote,Remote,Full-Time Permanent,2024-06-02,6.4,183300.0,22.0,223600.0,3.95,4.9,9,45,7.8,9.3,3.6,3,0.05,Low,No
EMP-10223,Sarah,Martinez,sarah.martinez25@enterprise-ai.corp,"Corporate Finance, Legal & Compliance",Corporate Counsel / Compliance Director,London,United Kingdom,EU-West,Full-Time Permanent,2022-03-16,4.2,196600.0,25.0,245800.0,4.26,4.9,13,82,12.1,8.4,4.8,34,0.29,Medium,No
EMP-10224,Jennifer,Jackson,jennifer.jackson26@enterprise-ai.corp,Global Enterprise Sales & BD,Enterprise SDR / BDR,Austin,United States,US-Central,Full-Time Permanent,2021-05-19,3.4,72000.0,30.0,93600.0,4.4,4.8,11,54,11.5,8.2,4.8,7,0.17,Low,No
EMP-10225,Donald,Schneider,donald.schneider27@enterprise-ai.corp,People Operations & Talent Acquisition,Talent Acquisition Lead,Singapore,Singapore,APAC-South,Full-Time Permanent,2023-03-04,5.2,134500.0,18.0,158700.0,3.36,3.0,13,16,37.8,5.1,1.0,18,0.81,High,No
EMP-10226,John,Sharma,john.sharma28@enterprise-ai.corp,Enterprise Solutions Architecture,Senior Solutions Architect,Zurich,Switzerland,EU-Central,Full-Time Permanent,2024-08-03,6.6,166600.0,20.0,199900.0,4.67,4.6,10,54,12.6,9.8,4.9,38,0.14,Low,Yes
EMP-10227,Margaret,Anderson,margaret.anderson29@enterprise-ai.corp,AI & Machine Learning Research,L5 Principal Research Fellow,Remote - Global,Global Remote,Remote,Full-Time Permanent,2024-02-13,6.1,409300.0,40.0,573000.0,4.34,5.0,14,42,2.9,8.0,4.4,2,0.34,Medium,No
EMP-10228,Yuki,Sato,yuki.sato30@enterprise-ai.corp,People Operations & Talent Acquisition,Talent Acquisition Lead,San Francisco,United States,US-West,Full-Time Permanent,2025-09-23,7.7,105600.0,18.0,124600.0,4.31,4.2,11,33,2.3,8.1,4.0,33,0.14,Low,No
EMP-10229,John,Kim,john.kim31@enterprise-ai.corp,AI & Machine Learning Research,L4 Staff AI Scientist,Zurich,Switzerland,EU-Central,Full-Time Permanent,2021-03-10,3.2,262000.0,30.0,340600.0,4.34,4.9,15,27,3.9,9.1,3.7,3,0.28,Medium,No
EMP-10230,Lucas,Schmidt,lucas.schmidt32@enterprise-ai.corp,"Corporate Finance, Legal & Compliance",Senior Financial Analyst,Sydney,Australia,APAC-ANZ,Full-Time Permanent,2022-07-30,4.6,132700.0,15.0,152600.0,4.02,4.8,4,57,0.3,9.2,3.8,29,0.11,Low,No
EMP-10231,Susan,Lopez,susan.lopez33@enterprise-ai.corp,Product Management & Growth,Product Manager,Zurich,Switzerland,EU-Central,Full-Time Permanent,2018-04-13,0.3,132800.0,15.0,152700.0,4.91,4.7,12,67,6.0,9.0,4.9,24,0.16,Low,No
EMP-10232,Charles,Santos,charles.santos34@enterprise-ai.corp,Product Management & Growth,Director of Product,Austin,United States,US-Central,Full-Time Permanent,2025-12-10,7.9,299000.0,30.0,388700.0,4.85,4.7,16,63,7.8,7.0,4.5,6,0.11,Low,No
EMP-10233,Donald,Ivanov,donald.ivanov35@enterprise-ai.corp,Cloud Platform & DevOps / SRE,Staff Reliability Architect,New York,United States,US-East,Full-Time Permanent,2022-01-21,4.1,248700.0,25.0,310900.0,3.76,4.3,17,45,9.3,8.8,3.7,15,0.18,Low,No
EMP-10234,Patricia,Sharma,patricia.sharma36@enterprise-ai.corp,Product Management & Growth,Director of Product,Sydney,Australia,APAC-ANZ,Full-Time Permanent,2023-07-31,5.6,264500.0,30.0,343800.0,4.02,4.0,15,35,8.5,8.0,4.4,27,0.11,Low,No
EMP-10235,Lucas,Sato,lucas.sato37@enterprise-ai.corp,Product Management & Growth,Director of Product,Tokyo,Japan,APAC-East,Full-Time Permanent,2024-11-22,6.9,264500.0,30.0,343800.0,4.91,4.2,5,82,3.3,8.1,4.8,33,0.31,Medium,Yes
EMP-10236,Matthew,Jackson,matthew.jackson38@enterprise-ai.corp,Global Enterprise Sales & BD,Senior Enterprise Account Executive,Singapore,Singapore,APAC-South,Full-Time Permanent,2018-04-25,0.3,147700.0,50.0,221600.0,3.75,4.2,12,39,0.8,7.8,3.8,16,0.19,Low,No
EMP-10237,Barbara,Sharma,barbara.sharma39@enterprise-ai.corp,Core Software Engineering,L2 Software Engineer,Zurich,Switzerland,EU-Central,Full-Time Permanent,2025-10-24,7.8,116400.0,15.0,133900.0,4.44,3.9,11,50,11.4,9.4,4.2,34,0.13,Low,No
EMP-10238,Elena,Lin,elena.lin40@enterprise-ai.corp,People Operations & Talent Acquisition,Talent Acquisition Lead,Remote - Global,Global Remote,Remote,Full-Time Permanent,2024-05-26,6.4,116500.0,18.0,137500.0,3.87,3.9,5,73,4.2,8.6,4.1,22,0.05,Low,No
EMP-10239,Richard,Moreau,richard.moreau41@enterprise-ai.corp,Core Software Engineering,Engineering Director,Berlin,Germany,EU-Central,Full-Time Permanent,2020-04-18,2.3,352800.0,35.0,476300.0,4.42,4.5,12,24,9.3,8.4,3.6,15,0.28,Medium,No
EMP-10240,Michael,Sato,michael.sato42@enterprise-ai.corp,"Corporate Finance, Legal & Compliance",Corporate Counsel / Compliance Director,San Francisco,United States,US-West,Full-Time Permanent,2019-08-06,1.6,252600.0,25.0,315800.0,3.53,3.7,22,18,41.6,4.6,1.3,7,0.64,High,No
EMP-10241,Fatima,Dubois,fatima.dubois43@enterprise-ai.corp,Core Software Engineering,L4 Staff Distributed Engineer,Tokyo,Japan,APAC-East,Full-Time Permanent,2022-07-03,4.5,215500.0,25.0,269400.0,3.72,2.6,25,15,55.9,4.9,2.4,29,0.8,High,No
EMP-10242,Chloe,Hernandez,chloe.hernandez44@enterprise-ai.corp,AI & Machine Learning Research,L3 Senior Deep Learning Researcher,New York,United States,US-East,Full-Time Permanent,2018-08-02,0.6,195400.0,25.0,244200.0,4.1,4.1,5,77,8.3,8.2,4.3,19,0.33,Medium,No
EMP-10243,Zoe,Schmidt,zoe.schmidt45@enterprise-ai.corp,UI/UX Product Design,Product Designer,Remote - Global,Global Remote,Remote,Full-Time Permanent,2024-09-04,6.7,107100.0,12.0,120000.0,3.05,2.6,26,19,45.5,2.3,1.5,21,0.67,High,No
EMP-10244,Nancy,Patel,nancy.patel46@enterprise-ai.corp,Cloud Platform & DevOps / SRE,Staff Reliability Architect,Remote - Global,Global Remote,Remote,Full-Time Permanent,2024-04-16,6.3,242100.0,25.0,302600.0,4.28,4.3,11,25,4.6,7.5,3.6,22,0.13,Low,No
EMP-10245,Rohan,Santos,rohan.santos47@enterprise-ai.corp,"Corporate Finance, Legal & Compliance",Senior Financial Analyst,Austin,United States,US-Central,Full-Time Permanent,2023-09-03,5.7,127100.0,15.0,146200.0,3.78,4.9,4,38,14.4,9.8,5.0,31,0.3,Medium,No
EMP-10246,Yuki,Oliveira,yuki.oliveira48@enterprise-ai.corp,UI/UX Product Design,Staff UI/UX Design Lead,Sydney,Australia,APAC-ANZ,Full-Time Permanent,2019-11-15,1.9,195700.0,20.0,234800.0,4.58,4.9,10,75,7.4,9.0,3.9,28,0.21,Medium,Yes
EMP-10247,Chloe,Yamamoto,chloe.yamamoto49@enterprise-ai.corp,People Operations & Talent Acquisition,People Operations Partner,New York,United States,US-East,Full-Time Permanent,2025-06-05,7.4,97200.0,12.0,108900.0,3.74,5.0,14,33,8.0,9.2,5.0,12,0.08,Low,No
EMP-10248,Margaret,Moore,margaret.moore50@enterprise-ai.corp,Core Software Engineering,L3 Senior Software Engineer,New York,United States,US-East,Full-Time Permanent,2021-11-23,3.9,165700.0,20.0,198800.0,3.54,3.1,21,20,36.8,5.2,1.4,4,0.74,High,No
EMP-10249,Lucas,Patel,lucas.patel51@enterprise-ai.corp,Cloud Platform & DevOps / SRE,Cloud Infrastructure SRE,Berlin,Germany,EU-Central,Full-Time Permanent,2022-09-30,4.7,149200.0,18.0,176100.0,4.88,3.8,11,36,0.5,9.8,4.6,35,0.08,Low,Yes
EMP-10250,Sven,Sato,sven.sato52@enterprise-ai.corp,UI/UX Product Design,Product Designer,Zurich,Switzerland,EU-Central,Full-Time Permanent,2021-10-02,3.8,117900.0,12.0,132000.0,3.8,4.2,12,65,5.6,8.9,4.3,19,0.21,Medium,No
EMP-10251,Zoe,Nakamura,zoe.nakamura53@enterprise-ai.corp,People Operations & Talent Acquisition,Talent Acquisition Lead,Singapore,Singapore,APAC-South,Full-Time Permanent,2021-06-04,3.4,109600.0,18.0,129300.0,3.68,3.6,12,16,40.6,3.5,2.2,6,0.75,High,No
EMP-10252,Alex,Lin,alex.lin54@enterprise-ai.corp,"Corporate Finance, Legal & Compliance",Senior Financial Analyst,San Francisco,United States,US-West,Full-Time Permanent,2018-06-23,0.5,113400.0,15.0,130400.0,4.3,4.6,17,55,4.6,8.1,4.8,31,0.24,Medium,No
EMP-10253,Dmitri,Williams,dmitri.williams55@enterprise-ai.corp,Global Enterprise Sales & BD,Enterprise SDR / BDR,Taipei,Taiwan,APAC-East,Full-Time Permanent,2023-11-20,5.9,74700.0,30.0,97100.0,3.94,4.5,5,62,8.3,7.7,4.8,15,0.04,Low,No
EMP-10254,Robert,Thomas,robert.thomas56@enterprise-ai.corp,Customer Success & Technical Support,Director of Customer Success,Berlin,Germany,EU-Central,Full-Time Permanent,2020-03-10,2.2,229800.0,25.0,287200.0,3.98,4.5,13,47,4.9,7.9,3.7,34,0.1,Low,No
EMP-10255,Sarah,Johnson,sarah.johnson57@enterprise-ai.corp,AI & Machine Learning Research,L2 AI/ML Engineer,Tokyo,Japan,APAC-East,Full-Time Permanent,2024-06-09,6.4,143200.0,15.0,164700.0,3.98,4.4,5,42,13.7,8.2,4.2,33,0.26,Medium,No
EMP-10256,Betty,Lopez,betty.lopez58@enterprise-ai.corp,People Operations & Talent Acquisition,People Operations Partner,Singapore,Singapore,APAC-South,Full-Time Permanent,2025-01-06,7.0,98800.0,12.0,110700.0,4.94,4.8,6,54,10.9,9.8,4.0,38,0.09,Low,Yes
EMP-10257,Yuki,Kim,yuki.kim59@enterprise-ai.corp,"Corporate Finance, Legal & Compliance",Senior Financial Analyst,Tokyo,Japan,APAC-East,Full-Time Permanent,2018-04-02,0.2,127300.0,15.0,146400.0,3.64,4.0,12,73,13.7,8.9,4.5,33,0.35,Medium,No
EMP-10258,Karen,Mueller,karen.mueller60@enterprise-ai.corp,Cloud Platform & DevOps / SRE,Staff Reliability Architect,New York,United States,US-East,Full-Time Permanent,2021-12-20,4.0,239100.0,25.0,298900.0,3.95,4.8,7,61,4.1,7.8,4.7,2,0.34,Medium,No
EMP-10259,Mary,Lin,mary.lin61@enterprise-ai.corp,Global Enterprise Sales & BD,Mid-Market Account Executive,Singapore,Singapore,APAC-South,Full-Time Permanent,2024-10-18,6.8,125800.0,40.0,176100.0,4.02,4.4,10,83,1.0,7.2,4.1,34,0.32,Medium,No
EMP-10260,Susan,Sato,susan.sato62@enterprise-ai.corp,UI/UX Product Design,Staff UI/UX Design Lead,Taipei,Taiwan,APAC-East,Full-Time Permanent,2023-01-30,5.1,195400.0,20.0,234500.0,3.89,4.1,6,76,0.8,8.8,3.9,14,0.18,Low,No
EMP-10261,James,Mueller,james.mueller63@enterprise-ai.corp,AI & Machine Learning Research,L2 AI/ML Engineer,San Francisco,United States,US-West,Contractor Strategic,2021-11-03,3.8,150700.0,15.0,173300.0,4.54,4.3,11,48,8.4,7.7,5.0,20,0.09,Low,Yes
EMP-10262,Robert,Mueller,robert.mueller64@enterprise-ai.corp,Enterprise Solutions Architecture,Senior Solutions Architect,Singapore,Singapore,APAC-South,Full-Time Permanent,2022-06-05,4.4,166400.0,20.0,199700.0,4.14,4.8,18,68,2.2,8.3,3.8,19,0.07,Low,No
EMP-10263,Patricia,Miller,patricia.miller65@enterprise-ai.corp,Global Enterprise Sales & BD,Mid-Market Account Executive,London,United Kingdom,EU-West,Full-Time Permanent,2023-03-01,5.2,103200.0,40.0,144500.0,4.85,4.8,12,67,0.8,9.7,4.8,16,0.09,Low,Yes
EMP-10264,Matthew,Sato,matthew.sato66@enterprise-ai.corp,Customer Success & Technical Support,Director of Customer Success,Sydney,Australia,APAC-ANZ,Full-Time Permanent,2018-08-19,0.6,205700.0,25.0,257100.0,4.06,3.9,7,45,9.6,9.6,4.0,24,0.25,Medium,No
EMP-10265,Astrid,Kowalski,astrid.kowalski67@enterprise-ai.corp,AI & Machine Learning Research,L4 Staff AI Scientist,Taipei,Taiwan,APAC-East,Full-Time Permanent,2022-11-21,4.9,283400.0,30.0,368400.0,4.49,4.2,14,64,13.8,7.8,3.7,4,0.1,Low,No
EMP-10266,Sarah,Sharma,sarah.sharma68@enterprise-ai.corp,Cloud Platform & DevOps / SRE,Staff Reliability Architect,New York,United States,US-East,Full-Time Permanent,2020-08-26,2.7,243300.0,25.0,304100.0,4.95,4.9,15,72,5.7,9.5,3.6,33,0.15,Low,Yes
EMP-10267,Sven,Oliveira,sven.oliveira69@enterprise-ai.corp,People Operations & Talent Acquisition,Talent Acquisition Lead,Singapore,Singapore,APAC-South,Full-Time Permanent,2023-05-23,5.4,128100.0,18.0,151200.0,4.93,4.6,11,64,10.0,9.3,4.4,1,0.27,Medium,Yes
EMP-10268,Dmitri,Brown,dmitri.brown70@enterprise-ai.corp,AI & Machine Learning Research,L2 AI/ML Engineer,New York,United States,US-East,Full-Time Permanent,2024-07-29,6.6,136700.0,15.0,157200.0,2.79,2.6,27,20,32.6,5.0,1.8,29,0.64,High,No
EMP-10269,Yuki,Jones,yuki.jones71@enterprise-ai.corp,Core Software Engineering,L5 Principal Infrastructure Architect,Berlin,Germany,EU-Central,Contractor Strategic,2023-09-14,5.7,291100.0,30.0,378400.0,3.66,5.0,8,63,6.1,7.8,4.4,29,0.3,Medium,No
EMP-10270,David,Ivanov,david.ivanov72@enterprise-ai.corp,Global Enterprise Sales & BD,Enterprise SDR / BDR,San Francisco,United States,US-West,Full-Time Permanent,2018-08-03,0.6,73400.0,30.0,95400.0,4.13,4.6,10,26,2.3,7.4,4.7,6,0.24,Medium,No
EMP-10271,Alex,Ivanov,alex.ivanov73@enterprise-ai.corp,Enterprise Solutions Architecture,Principal Enterprise Architect,Berlin,Germany,EU-Central,Full-Time Permanent,2018-10-23,0.8,255600.0,25.0,319500.0,4.78,3.9,14,49,2.5,9.0,3.6,35,0.06,Low,No
EMP-10272,Susan,Brown,susan.brown74@enterprise-ai.corp,People Operations & Talent Acquisition,People Operations Partner,Taipei,Taiwan,APAC-East,Full-Time Permanent,2020-05-05,2.3,86400.0,12.0,96800.0,3.8,4.3,8,38,3.8,9.4,4.6,31,0.06,Low,No
EMP-10273,Sarah,Hernandez,sarah.hernandez75@enterprise-ai.corp,Cloud Platform & DevOps / SRE,Cloud Infrastructure SRE,Tokyo,Japan,APAC-East,Full-Time Permanent,2023-07-21,5.5,128400.0,18.0,151500.0,3.91,4.8,10,80,13.4,8.3,3.7,34,0.34,Medium,No
EMP-10274,Mary,Park,mary.park76@enterprise-ai.corp,"Corporate Finance, Legal & Compliance",Corporate Counsel / Compliance Director,London,United Kingdom,EU-West,Full-Time Permanent,2019-09-13,1.7,249700.0,25.0,312100.0,4.49,3.8,14,57,7.5,9.2,4.9,2,0.25,Medium,No
EMP-10275,John,Martinez,john.martinez77@enterprise-ai.corp,UI/UX Product Design,Staff UI/UX Design Lead,Berlin,Germany,EU-Central,Full-Time Permanent,2024-03-05,6.2,196600.0,20.0,235900.0,4.27,4.4,5,35,6.5,8.8,3.7,35,0.33,Medium,No
EMP-10276,Richard,Sharma,richard.sharma78@enterprise-ai.corp,"Corporate Finance, Legal & Compliance",Corporate Counsel / Compliance Director,London,United Kingdom,EU-West,Full-Time Permanent,2025-05-23,7.4,217600.0,25.0,272000.0,4.87,5.0,10,47,0.7,7.5,4.3,23,0.07,Low,Yes
EMP-10277,Sandra,Wilson,sandra.wilson79@enterprise-ai.corp,AI & Machine Learning Research,L3 Senior Deep Learning Researcher,Remote - Global,Global Remote,Remote,Full-Time Permanent,2019-05-14,1.4,213000.0,25.0,266200.0,4.7,4.1,10,27,6.7,7.5,4.8,26,0.12,Low,No
EMP-10278,Tariq,Rodriguez,tariq.rodriguez80@enterprise-ai.corp,Enterprise Solutions Architecture,Senior Solutions Architect,Austin,United States,US-Central,Full-Time Permanent,2021-07-18,3.5,166900.0,20.0,200300.0,4.75,4.5,17,45,11.3,8.9,4.4,27,0.07,Low,Yes
EMP-10279,Yuki,Miller,yuki.miller81@enterprise-ai.corp,"Corporate Finance, Legal & Compliance",Corporate Counsel / Compliance Director,London,United Kingdom,EU-West,Full-Time Permanent,2022-07-29,4.6,203800.0,25.0,254800.0,3.85,4.1,5,60,11.4,8.8,3.9,28,0.12,Low,No
EMP-10280,Sandra,Kim,sandra.kim82@enterprise-ai.corp,Customer Success & Technical Support,Director of Customer Success,Remote - Global,Global Remote,Remote,Full-Time Permanent,2021-08-28,3.7,202600.0,25.0,253200.0,4.79,4.4,15,69,8.6,7.8,4.3,20,0.23,Medium,Yes
EMP-10281,Ananya,Ivanov,ananya.ivanov83@enterprise-ai.corp,Global Enterprise Sales & BD,Enterprise SDR / BDR,Sydney,Australia,APAC-ANZ,Full-Time Permanent,2023-10-24,5.8,77000.0,30.0,100100.0,2.64,2.6,22,11,26.9,2.9,2.0,25,0.89,High,No
EMP-10282,Mei,Hernandez,mei.hernandez84@enterprise-ai.corp,Product Management & Growth,Senior Group Product Manager,Remote - Global,Global Remote,Remote,Full-Time Permanent,2024-02-20,6.1,182600.0,22.0,222800.0,4.08,5.0,5,58,11.3,8.7,4.2,11,0.35,Medium,No
EMP-10283,Hiroshi,Miller,hiroshi.miller85@enterprise-ai.corp,Product Management & Growth,Product Manager,Singapore,Singapore,APAC-South,Full-Time Permanent,2022-11-14,4.9,116600.0,15.0,134100.0,3.26,3.6,28,16,40.1,4.6,2.4,25,0.81,High,No
EMP-10284,Sandra,Anderson,sandra.anderson86@enterprise-ai.corp,AI & Machine Learning Research,L4 Staff AI Scientist,Zurich,Switzerland,EU-Central,Full-Time Permanent,2021-02-18,3.1,276300.0,30.0,359200.0,4.76,4.2,17,74,0.6,8.9,3.5,3,0.08,Low,Yes
EMP-10285,Betty,Lin,betty.lin87@enterprise-ai.corp,AI & Machine Learning Research,L4 Staff AI Scientist,Berlin,Germany,EU-Central,Full-Time Permanent,2018-06-12,0.4,236700.0,30.0,307700.0,3.76,4.8,13,23,5.3,8.1,4.1,25,0.22,Medium,No
EMP-10286,Jessica,Ivanov,jessica.ivanov88@enterprise-ai.corp,Cloud Platform & DevOps / SRE,Staff Reliability Architect,Sydney,Australia,APAC-ANZ,Full-Time Permanent,2025-05-24,7.4,206600.0,25.0,258200.0,3.2,2.7,19,18,55.4,4.1,2.4,7,0.62,High,No
EMP-10287,Alex,Brown,alex.brown89@enterprise-ai.corp,UI/UX Product Design,Product Designer,Remote - Global,Global Remote,Remote,Full-Time Permanent,2019-05-14,1.4,129000.0,12.0,144500.0,3.94,4.7,15,75,0.5,8.4,3.7,24,0.18,Low,No
EMP-10288,Mary,Schneider,mary.schneider90@enterprise-ai.corp,AI & Machine Learning Research,L3 Senior Deep Learning Researcher,Sydney,Australia,APAC-ANZ,Full-Time Permanent,2020-01-15,2.0,187700.0,25.0,234600.0,4.27,4.1,14,42,14.7,8.5,4.0,34,0.35,Medium,No
EMP-10289,Chloe,Johnson,chloe.johnson91@enterprise-ai.corp,Core Software Engineering,L3 Senior Software Engineer,London,United Kingdom,EU-West,Full-Time Permanent,2018-12-07,0.9,178900.0,20.0,214700.0,4.51,4.2,7,25,4.9,7.8,4.3,31,0.21,Medium,No
EMP-10290,Richard,Williams,richard.williams92@enterprise-ai.corp,Core Software Engineering,L5 Principal Infrastructure Architect,London,United Kingdom,EU-West,Full-Time Permanent,2025-10-06,7.8,311900.0,30.0,405500.0,4.41,4.7,8,32,11.4,8.4,4.9,17,0.23,Medium,No
EMP-10291,Susan,Martinez,susan.martinez93@enterprise-ai.corp,AI & Machine Learning Research,L4 Staff AI Scientist,Sydney,Australia,APAC-ANZ,Full-Time Permanent,2025-05-07,7.3,259900.0,30.0,337900.0,4.65,4.1,14,81,3.7,9.4,4.7,3,0.31,Medium,Yes
EMP-10292,Alex,Wilson,alex.wilson94@enterprise-ai.corp,Customer Success & Technical Support,Director of Customer Success,Singapore,Singapore,APAC-South,Full-Time Permanent,2022-11-08,4.9,204100.0,25.0,255100.0,4.98,4.6,13,20,9.6,9.1,4.4,38,0.11,Low,Yes
EMP-10293,Joseph,Mueller,joseph.mueller95@enterprise-ai.corp,Cloud Platform & DevOps / SRE,Staff Reliability Architect,Sydney,Australia,APAC-ANZ,Full-Time Permanent,2018-10-22,0.8,234200.0,25.0,292800.0,3.87,3.9,10,64,0.8,9.6,5.0,35,0.3,Medium,No
EMP-10294,Charles,Yamamoto,charles.yamamoto96@enterprise-ai.corp,Product Management & Growth,Director of Product,New York,United States,US-East,Full-Time Permanent,2023-02-26,5.2,286400.0,30.0,372300.0,2.76,2.1,18,18,57.2,5.2,1.9,6,0.78,High,No
EMP-10295,Susan,Lopez,susan.lopez97@enterprise-ai.corp,Core Software Engineering,L2 Software Engineer,Berlin,Germany,EU-Central,Full-Time Permanent,2022-03-04,4.2,124400.0,15.0,143100.0,3.19,2.3,20,11,42.5,2.6,2.3,9,0.94,High,No
EMP-10296,Yuki,Wilson,yuki.wilson98@enterprise-ai.corp,Core Software Engineering,L1 Associate Software Engineer,New York,United States,US-East,Full-Time Permanent,2022-06-17,4.5,95700.0,10.0,105300.0,4.8,4.2,4,65,4.0,8.9,3.7,36,0.29,Medium,Yes
EMP-10297,Margaret,Moreau,margaret.moreau0@enterprise-ai.corp,People Operations & Talent Acquisition,People Operations Partner,San Francisco,United States,US-West,Full-Time Permanent,2022-08-24,4.6,87100.0,12.0,97600.0,4.25,3.8,5,59,3.2,9.9,3.7,20,0.03,Low,No
EMP-10298,Charles,Yamamoto,charles.yamamoto1@enterprise-ai.corp,Global Enterprise Sales & BD,Senior Enterprise Account Executive,Zurich,Switzerland,EU-Central,Full-Time Permanent,2019-03-09,1.2,179200.0,50.0,268800.0,2.59,2.9,28,7,26.8,3.8,1.5,10,0.77,High,No
EMP-10299,Mateo,Schneider,mateo.schneider2@enterprise-ai.corp,Cloud Platform & DevOps / SRE,Cloud Infrastructure SRE,Taipei,Taiwan,APAC-East,Full-Time Permanent,2025-05-09,7.4,131600.0,18.0,155300.0,3.87,4.0,8,69,0.4,9.9,4.6,35,0.19,Low,No
EMP-10300,Astrid,Taylor,astrid.taylor3@enterprise-ai.corp,Cloud Platform & DevOps / SRE,Cloud Infrastructure SRE,Sydney,Australia,APAC-ANZ,Full-Time Permanent,2024-09-09,6.7,150200.0,18.0,177200.0,3.92,4.5,11,43,14.4,8.7,4.6,12,0.05,Low,No
EMP-10301,Dmitri,Schmidt,dmitri.schmidt4@enterprise-ai.corp,"Corporate Finance, Legal & Compliance",Senior Financial Analyst,Zurich,Switzerland,EU-Central,Full-Time Permanent,2020-06-19,2.5,123000.0,15.0,141400.0,4.35,3.9,10,81,10.2,7.2,4.3,34,0.25,Medium,No
EMP-10302,Donald,Huang,donald.huang5@enterprise-ai.corp,Cloud Platform & DevOps / SRE,Cloud Infrastructure SRE,Remote - Global,Global Remote,Remote,Full-Time Permanent,2021-11-04,3.8,130500.0,18.0,154000.0,4.5,4.9,6,78,14.0,9.6,4.6,26,0.23,Medium,Yes
EMP-10303,Hiroshi,Ivanov,hiroshi.ivanov6@enterprise-ai.corp,Product Management & Growth,Product Manager,New York,United States,US-East,Full-Time Permanent,2020-01-01,2.0,146400.0,15.0,168400.0,4.54,4.8,12,41,9.3,9.1,4.5,37,0.27,Medium,Yes
EMP-10304,Lucas,Mueller,lucas.mueller7@enterprise-ai.corp,AI & Machine Learning Research,L4 Staff AI Scientist,London,United Kingdom,EU-West,Full-Time Permanent,2024-08-08,6.6,259800.0,30.0,337700.0,4.72,4.6,6,79,6.9,9.8,4.9,24,0.31,Medium,Yes
EMP-10305,Matthew,Williams,matthew.williams8@enterprise-ai.corp,People Operations & Talent Acquisition,People Operations Partner,Tokyo,Japan,APAC-East,Full-Time Permanent,2021-04-03,3.3,80100.0,12.0,89700.0,3.78,4.5,9,61,4.2,9.6,4.2,35,0.3,Medium,No
EMP-10306,Fatima,Park,fatima.park9@enterprise-ai.corp,UI/UX Product Design,Product Designer,Sydney,Australia,APAC-ANZ,Full-Time Permanent,2022-09-10,4.7,113300.0,12.0,126900.0,4.92,4.0,5,32,10.7,7.9,4.8,14,0.14,Low,Yes
EMP-10307,Lucas,Hernandez,lucas.hernandez10@enterprise-ai.corp,"Corporate Finance, Legal & Compliance",Corporate Counsel / Compliance Director,Berlin,Germany,EU-Central,Full-Time Permanent,2022-07-02,4.5,248300.0,25.0,310400.0,3.62,4.8,9,36,4.8,8.1,3.8,1,0.3,Medium,No
EMP-10308,Patricia,Williams,patricia.williams11@enterprise-ai.corp,Core Software Engineering,L2 Software Engineer,Zurich,Switzerland,EU-Central,Contractor Strategic,2018-06-13,0.4,133100.0,15.0,153100.0,4.87,4.0,14,26,0.1,8.8,3.6,34,0.05,Low,No
EMP-10309,John,Mueller,john.mueller12@enterprise-ai.corp,Enterprise Solutions Architecture,Principal Enterprise Architect,Remote - Global,Global Remote,Remote,Full-Time Permanent,2023-03-25,5.2,225300.0,25.0,281600.0,3.83,4.0,16,69,4.3,8.4,3.9,15,0.2,Medium,No
EMP-10310,Camila,Garcia,camila.garcia13@enterprise-ai.corp,People Operations & Talent Acquisition,Talent Acquisition Lead,Taipei,Taiwan,APAC-East,Full-Time Permanent,2022-04-01,4.2,116000.0,18.0,136900.0,4.26,4.3,4,83,7.5,8.1,3.5,11,0.07,Low,No
EMP-10311,Chloe,Santos,chloe.santos14@enterprise-ai.corp,"Corporate Finance, Legal & Compliance",Corporate Counsel / Compliance Director,Sydney,Australia,APAC-ANZ,Full-Time Permanent,2019-01-26,1.1,224400.0,25.0,280500.0,3.71,4.2,12,85,7.0,7.2,4.0,15,0.04,Low,No
EMP-10312,Tariq,Thomas,tariq.thomas15@enterprise-ai.corp,AI & Machine Learning Research,L4 Staff AI Scientist,Austin,United States,US-Central,Full-Time Permanent,2022-04-02,4.2,236000.0,30.0,306800.0,3.88,4.0,4,31,2.8,8.4,4.7,16,0.27,Medium,No
EMP-10313,Lucas,Garcia,lucas.garcia16@enterprise-ai.corp,"Corporate Finance, Legal & Compliance",Senior Financial Analyst,San Francisco,United States,US-West,Full-Time Permanent,2019-04-02,1.2,133100.0,15.0,153100.0,2.96,2.1,13,17,29.6,2.9,2.5,32,0.69,High,No
EMP-10314,Elena,Kowalski,elena.kowalski17@enterprise-ai.corp,Cloud Platform & DevOps / SRE,Cloud Infrastructure SRE,London,United Kingdom,EU-West,Full-Time Permanent,2024-10-05,6.8,152900.0,18.0,180400.0,4.34,4.8,18,71,12.4,8.5,4.7,10,0.13,Low,No
EMP-10315,Jessica,Oliveira,jessica.oliveira18@enterprise-ai.corp,Enterprise Solutions Architecture,Senior Solutions Architect,Sydney,Australia,APAC-ANZ,Full-Time Permanent,2023-11-13,5.9,174700.0,20.0,209600.0,4.41,4.6,5,28,7.3,9.4,4.5,24,0.07,Low,No
EMP-10316,Lucas,Davis,lucas.davis19@enterprise-ai.corp,"Corporate Finance, Legal & Compliance",Corporate Counsel / Compliance Director,Berlin,Germany,EU-Central,Full-Time Permanent,2023-03-21,5.2,210900.0,25.0,263600.0,4.93,4.6,8,80,9.4,8.5,4.8,30,0.06,Low,Yes
EMP-10317,Mei,Wilson,mei.wilson20@enterprise-ai.corp,People Operations & Talent Acquisition,People Operations Partner,Tokyo,Japan,APAC-East,Full-Time Permanent,2018-04-10,0.3,90600.0,12.0,101500.0,4.03,4.9,14,40,0.2,7.8,4.1,10,0.32,Medium,No
EMP-10318,Wei,Lin,wei.lin21@enterprise-ai.corp,"Corporate Finance, Legal & Compliance",Corporate Counsel / Compliance Director,Austin,United States,US-Central,Full-Time Permanent,2020-01-08,2.0,255500.0,25.0,319400.0,3.86,4.7,6,26,11.8,9.7,3.5,23,0.08,Low,No
EMP-10319,Ting,Jackson,ting.jackson22@enterprise-ai.corp,Global Enterprise Sales & BD,Mid-Market Account Executive,Remote - Global,Global Remote,Remote,Full-Time Permanent,2019-03-05,1.2,101600.0,40.0,142200.0,4.27,4.5,11,83,2.0,7.8,3.7,26,0.34,Medium,No
EMP-10320,Joseph,Gonzalez,joseph.gonzalez23@enterprise-ai.corp,Enterprise Solutions Architecture,Principal Enterprise Architect,Zurich,Switzerland,EU-Central,Full-Time Permanent,2021-05-04,3.3,229200.0,25.0,286500.0,3.64,3.8,13,82,5.6,9.1,3.7,11,0.14,Low,No
EMP-10321,Sarah,Park,sarah.park24@enterprise-ai.corp,Enterprise Solutions Architecture,Principal Enterprise Architect,Sydney,Australia,APAC-ANZ,Contractor Strategic,2023-06-07,5.4,235100.0,25.0,293900.0,4.66,3.9,15,70,8.6,7.7,4.4,27,0.07,Low,Yes
EMP-10322,Charles,Moore,charles.moore25@enterprise-ai.corp,Enterprise Solutions Architecture,Senior Solutions Architect,Berlin,Germany,EU-Central,Full-Time Permanent,2025-06-07,7.4,163100.0,20.0,195700.0,4.87,3.9,4,64,11.7,7.3,4.2,31,0.33,Medium,No
EMP-10323,Kenji,Tanaka,kenji.tanaka26@enterprise-ai.corp,AI & Machine Learning Research,L3 Senior Deep Learning Researcher,Taipei,Taiwan,APAC-East,Full-Time Permanent,2025-05-23,7.4,204200.0,25.0,255200.0,4.23,4.3,10,26,13.3,7.2,4.8,16,0.32,Medium,No
EMP-10324,Dmitri,Hernandez,dmitri.hernandez27@enterprise-ai.corp,Global Enterprise Sales & BD,Strategic Sales Director,Austin,United States,US-Central,Full-Time Permanent,2023-01-31,5.1,246700.0,55.0,382400.0,4.83,3.9,14,46,11.7,9.5,3.7,26,0.27,Medium,Yes
EMP-10325,Tariq,Ivanov,tariq.ivanov28@enterprise-ai.corp,People Operations & Talent Acquisition,Talent Acquisition Lead,Zurich,Switzerland,EU-Central,Full-Time Permanent,2020-11-29,2.9,113700.0,18.0,134200.0,3.79,3.9,8,63,8.0,7.7,4.7,32,0.05,Low,No
EMP-10326,John,Chen,john.chen29@enterprise-ai.corp,People Operations & Talent Acquisition,People Operations Partner,Taipei,Taiwan,APAC-East,Full-Time Permanent,2018-10-14,0.8,94500.0,12.0,105800.0,2.99,3.6,11,5,26.2,4.2,1.8,19,0.66,High,No
EMP-10327,Robert,Garcia,robert.garcia30@enterprise-ai.corp,AI & Machine Learning Research,L3 Senior Deep Learning Researcher,Sydney,Australia,APAC-ANZ,Full-Time Permanent,2020-10-08,2.8,170600.0,25.0,213200.0,4.71,4.8,5,27,5.5,7.3,4.4,6,0.27,Medium,No
EMP-10328,Dmitri,Martin,dmitri.martin31@enterprise-ai.corp,Product Management & Growth,Director of Product,New York,United States,US-East,Full-Time Permanent,2022-06-18,4.5,248400.0,30.0,322900.0,4.85,4.7,10,46,1.6,7.5,3.8,10,0.2,Medium,Yes
EMP-10329,Thomas,Moore,thomas.moore32@enterprise-ai.corp,Enterprise Solutions Architecture,Principal Enterprise Architect,New York,United States,US-East,Contractor Strategic,2022-05-14,4.4,224400.0,25.0,280500.0,3.66,4.8,8,23,9.0,7.9,5.0,26,0.16,Low,No
EMP-10330,Donald,Sato,donald.sato33@enterprise-ai.corp,Customer Success & Technical Support,Director of Customer Success,Taipei,Taiwan,APAC-East,Full-Time Permanent,2019-04-13,1.3,191100.0,25.0,238900.0,3.6,4.3,7,76,7.2,7.2,4.5,6,0.3,Medium,No
EMP-10331,Lucas,Taylor,lucas.taylor34@enterprise-ai.corp,Enterprise Solutions Architecture,Senior Solutions Architect,Zurich,Switzerland,EU-Central,Full-Time Permanent,2020-02-12,2.1,151700.0,20.0,182000.0,3.93,3.8,4,69,13.3,7.7,4.9,18,0.04,Low,No
EMP-10332,Mark,Oliveira,mark.oliveira35@enterprise-ai.corp,Enterprise Solutions Architecture,Principal Enterprise Architect,Berlin,Germany,EU-Central,Full-Time Permanent,2022-01-14,4.0,237800.0,25.0,297200.0,3.88,4.6,10,60,2.2,8.3,4.6,36,0.24,Medium,No
EMP-10333,Wei,Thomas,wei.thomas36@enterprise-ai.corp,Cloud Platform & DevOps / SRE,Cloud Infrastructure SRE,Sydney,Australia,APAC-ANZ,Full-Time Permanent,2023-03-19,5.2,135500.0,18.0,159900.0,4.77,4.3,10,41,5.5,7.6,4.2,21,0.08,Low,Yes
EMP-10334,Mark,Jackson,mark.jackson37@enterprise-ai.corp,Customer Success & Technical Support,Customer Success Manager,Singapore,Singapore,APAC-South,Full-Time Permanent,2022-05-18,4.4,112400.0,15.0,129300.0,4.34,4.3,16,59,7.7,8.7,3.5,24,0.05,Low,No
EMP-10335,Jennifer,Jackson,jennifer.jackson38@enterprise-ai.corp,"Corporate Finance, Legal & Compliance",Corporate Counsel / Compliance Director,Zurich,Switzerland,EU-Central,Full-Time Permanent,2022-07-30,4.6,228000.0,25.0,285000.0,4.58,4.2,10,31,7.7,8.9,4.8,16,0.27,Medium,Yes
EMP-10336,Charles,Nakamura,charles.nakamura39@enterprise-ai.corp,Global Enterprise Sales & BD,Enterprise SDR / BDR,London,United Kingdom,EU-West,Full-Time Permanent,2022-04-20,4.3,71500.0,30.0,93000.0,2.85,3.4,13,2,45.2,3.9,1.8,24,0.66,High,No
EMP-10337,Anthony,Gonzalez,anthony.gonzalez40@enterprise-ai.corp,UI/UX Product Design,Staff UI/UX Design Lead,Taipei,Taiwan,APAC-East,Full-Time Permanent,2022-08-22,4.6,189000.0,20.0,226800.0,4.4,4.4,12,22,14.0,8.7,4.1,14,0.08,Low,No
EMP-10338,Michael,Taylor,michael.taylor41@enterprise-ai.corp,Enterprise Solutions Architecture,Senior Solutions Architect,New York,United States,US-East,Contractor Strategic,2020-02-27,2.2,190900.0,20.0,229100.0,3.98,3.8,18,53,4.1,7.9,4.8,6,0.31,Medium,No
EMP-10339,Robert,Davis,robert.davis42@enterprise-ai.corp,Enterprise Solutions Architecture,Principal Enterprise Architect,Sydney,Australia,APAC-ANZ,Full-Time Permanent,2022-08-15,4.6,265200.0,25.0,331500.0,4.8,4.7,9,72,1.5,7.6,3.8,3,0.14,Low,Yes
EMP-10340,Robert,Kim,robert.kim43@enterprise-ai.corp,Global Enterprise Sales & BD,Strategic Sales Director,Taipei,Taiwan,APAC-East,Full-Time Permanent,2021-11-27,3.9,251400.0,55.0,389700.0,4.11,4.4,13,81,11.7,8.4,4.8,29,0.06,Low,No
EMP-10341,Dmitri,Dubois,dmitri.dubois44@enterprise-ai.corp,Cloud Platform & DevOps / SRE,Cloud Infrastructure SRE,Tokyo,Japan,APAC-East,Full-Time Permanent,2019-12-17,2.0,130900.0,18.0,154500.0,4.9,3.8,16,72,9.1,7.1,3.9,5,0.19,Low,No
EMP-10342,Camila,Thomas,camila.thomas45@enterprise-ai.corp,Product Management & Growth,Senior Group Product Manager,Austin,United States,US-Central,Full-Time Permanent,2022-06-29,4.5,206400.0,22.0,251800.0,3.94,3.4,12,4,48.1,3.1,1.2,33,0.88,High,No
EMP-10343,Ananya,Santos,ananya.santos46@enterprise-ai.corp,"Corporate Finance, Legal & Compliance",Senior Financial Analyst,Tokyo,Japan,APAC-East,Full-Time Permanent,2020-08-24,2.6,102500.0,15.0,117900.0,3.74,2.7,10,9,25.2,5.5,1.5,31,0.77,High,No
EMP-10344,John,Tanaka,john.tanaka47@enterprise-ai.corp,AI & Machine Learning Research,L3 Senior Deep Learning Researcher,Tokyo,Japan,APAC-East,Full-Time Permanent,2022-02-13,4.1,175800.0,25.0,219800.0,3.69,5.0,18,36,2.4,7.4,4.1,3,0.3,Medium,No
EMP-10345,Lucas,Oliveira,lucas.oliveira48@enterprise-ai.corp,Core Software Engineering,L1 Associate Software Engineer,Berlin,Germany,EU-Central,Full-Time Permanent,2018-10-07,0.8,101300.0,10.0,111400.0,4.18,4.9,8,24,4.2,8.3,4.3,32,0.21,Medium,No
EMP-10346,Linda,Taylor,linda.taylor49@enterprise-ai.corp,Global Enterprise Sales & BD,Senior Enterprise Account Executive,New York,United States,US-East,Full-Time Permanent,2018-09-09,0.7,153900.0,50.0,230800.0,4.6,3.9,12,42,11.1,7.9,4.7,33,0.14,Low,No
EMP-10347,Fatima,Sato,fatima.sato50@enterprise-ai.corp,People Operations & Talent Acquisition,Talent Acquisition Lead,Sydney,Australia,APAC-ANZ,Full-Time Permanent,2025-03-19,7.2,114000.0,18.0,134500.0,3.64,4.3,13,32,1.2,9.1,4.0,7,0.31,Medium,No
EMP-10348,Camila,Santos,camila.santos51@enterprise-ai.corp,Cloud Platform & DevOps / SRE,Cloud Infrastructure SRE,Austin,United States,US-Central,Full-Time Permanent,2021-02-07,3.1,121300.0,18.0,143100.0,4.69,4.2,15,79,6.4,9.7,4.3,22,0.31,Medium,Yes
EMP-10349,Karen,Jones,karen.jones52@enterprise-ai.corp,Global Enterprise Sales & BD,Mid-Market Account Executive,New York,United States,US-East,Full-Time Permanent,2022-12-19,5.0,96200.0,40.0,134700.0,4.39,4.9,18,56,3.0,8.7,3.8,29,0.3,Medium,No
EMP-10350,Fatima,Ivanov,fatima.ivanov53@enterprise-ai.corp,Customer Success & Technical Support,Senior Technical Account Manager,London,United Kingdom,EU-West,Full-Time Permanent,2018-03-11,0.2,131900.0,20.0,158300.0,4.29,4.8,14,63,3.2,7.7,4.7,31,0.28,Medium,No
EMP-10351,Wei,Rodriguez,wei.rodriguez54@enterprise-ai.corp,Global Enterprise Sales & BD,Strategic Sales Director,Austin,United States,US-Central,Full-Time Permanent,2023-09-18,5.7,279200.0,55.0,432800.0,3.98,5.0,6,45,12.3,8.9,3.6,31,0.23,Medium,No
EMP-10352,Sven,Jones,sven.jones55@enterprise-ai.corp,UI/UX Product Design,Staff UI/UX Design Lead,Berlin,Germany,EU-Central,Contractor Strategic,2020-10-10,2.8,162000.0,20.0,194400.0,4.21,4.0,5,59,2.7,9.0,3.6,16,0.2,Medium,No
EMP-10353,Mei,Jackson,mei.jackson56@enterprise-ai.corp,Core Software Engineering,L2 Software Engineer,London,United Kingdom,EU-West,Full-Time Permanent,2025-03-14,7.2,120100.0,15.0,138100.0,3.09,2.2,19,6,44.7,2.7,1.7,10,0.85,High,No
EMP-10354,Astrid,Brown,astrid.brown57@enterprise-ai.corp,People Operations & Talent Acquisition,People Operations Partner,London,United Kingdom,EU-West,Full-Time Permanent,2018-06-14,0.4,94500.0,12.0,105800.0,4.78,4.4,5,77,11.4,7.6,4.6,6,0.17,Low,No
EMP-10355,Sven,Rodriguez,sven.rodriguez58@enterprise-ai.corp,Customer Success & Technical Support,Director of Customer Success,San Francisco,United States,US-West,Full-Time Permanent,2022-12-14,5.0,182700.0,25.0,228400.0,4.36,4.4,5,64,11.9,8.3,4.0,38,0.2,Medium,No
EMP-10356,Hiroshi,Schneider,hiroshi.schneider59@enterprise-ai.corp,Cloud Platform & DevOps / SRE,Staff Reliability Architect,Remote - Global,Global Remote,Remote,Full-Time Permanent,2018-12-10,0.9,239000.0,25.0,298800.0,4.6,4.1,13,48,7.7,8.2,4.0,6,0.09,Low,No
EMP-10357,Joseph,Thomas,joseph.thomas60@enterprise-ai.corp,Cloud Platform & DevOps / SRE,Staff Reliability Architect,Austin,United States,US-Central,Full-Time Permanent,2022-01-19,4.0,196000.0,25.0,245000.0,4.06,4.7,18,55,14.8,9.3,4.8,4,0.15,Low,No
EMP-10358,Michael,Brown,michael.brown61@enterprise-ai.corp,AI & Machine Learning Research,L5 Principal Research Fellow,Remote - Global,Global Remote,Remote,Full-Time Permanent,2025-02-24,7.1,307000.0,40.0,429800.0,3.66,2.3,28,19,45.7,5.2,1.3,3,0.81,High,No
EMP-10359,Elena,Gonzalez,elena.gonzalez62@enterprise-ai.corp,Global Enterprise Sales & BD,Enterprise SDR / BDR,Austin,United States,US-Central,Full-Time Permanent,2022-07-24,4.6,66400.0,30.0,86300.0,3.81,4.3,5,53,11.5,7.4,4.4,35,0.24,Medium,No
EMP-10360,Yuki,Thomas,yuki.thomas63@enterprise-ai.corp,Customer Success & Technical Support,Director of Customer Success,Austin,United States,US-Central,Full-Time Permanent,2023-09-21,5.7,221400.0,25.0,276800.0,2.7,2.2,16,5,31.1,4.3,2.1,24,0.63,High,No
EMP-10361,Camila,Lopez,camila.lopez64@enterprise-ai.corp,UI/UX Product Design,Staff UI/UX Design Lead,London,United Kingdom,EU-West,Full-Time Permanent,2025-10-04,7.8,171200.0,20.0,205400.0,3.85,5.0,7,39,12.3,9.8,3.7,18,0.31,Medium,No
EMP-10362,Astrid,Mueller,astrid.mueller65@enterprise-ai.corp,Cloud Platform & DevOps / SRE,Staff Reliability Architect,Berlin,Germany,EU-Central,Full-Time Permanent,2021-07-13,3.5,240300.0,25.0,300400.0,3.81,3.0,23,5,42.2,3.7,1.3,12,0.8,High,No
EMP-10363,Wei,Davis,wei.davis66@enterprise-ai.corp,UI/UX Product Design,Product Designer,Austin,United States,US-Central,Full-Time Permanent,2019-08-25,1.6,104400.0,12.0,116900.0,3.78,5.0,17,48,1.2,9.5,3.7,36,0.21,Medium,No
EMP-10364,Wei,Santos,wei.santos67@enterprise-ai.corp,Customer Success & Technical Support,Director of Customer Success,Remote - Global,Global Remote,Remote,Contractor Strategic,2019-02-25,1.1,213300.0,25.0,266600.0,3.84,4.0,16,61,9.1,8.7,3.5,28,0.27,Medium,No
EMP-10365,Mateo,Taylor,mateo.taylor68@enterprise-ai.corp,Enterprise Solutions Architecture,Principal Enterprise Architect,San Francisco,United States,US-West,Full-Time Permanent,2021-12-01,3.9,232800.0,25.0,291000.0,3.26,2.6,28,9,56.8,4.0,1.2,11,0.84,High,No
EMP-10366,Linda,Park,linda.park69@enterprise-ai.corp,People Operations & Talent Acquisition,Talent Acquisition Lead,Remote - Global,Global Remote,Remote,Full-Time Permanent,2025-03-10,7.2,109200.0,18.0,128900.0,4.88,4.6,7,85,4.3,8.3,4.5,16,0.14,Low,Yes
EMP-10367,Wei,Jackson,wei.jackson70@enterprise-ai.corp,UI/UX Product Design,Product Designer,London,United Kingdom,EU-West,Contractor Strategic,2024-07-20,6.5,123600.0,12.0,138400.0,4.2,4.9,5,45,1.5,8.4,4.6,22,0.07,Low,No
EMP-10368,Tariq,Sharma,tariq.sharma71@enterprise-ai.corp,Product Management & Growth,Senior Group Product Manager,San Francisco,United States,US-West,Full-Time Permanent,2023-10-29,5.8,211000.0,22.0,257400.0,4.02,3.8,24,7,54.9,4.3,1.1,28,0.64,High,No
EMP-10369,Sandra,Yamamoto,sandra.yamamoto72@enterprise-ai.corp,Customer Success & Technical Support,Director of Customer Success,Remote - Global,Global Remote,Remote,Full-Time Permanent,2021-03-30,3.2,181700.0,25.0,227100.0,4.91,4.0,4,28,7.9,7.6,4.8,26,0.29,Medium,Yes
EMP-10370,Daniel,Ivanov,daniel.ivanov73@enterprise-ai.corp,Core Software Engineering,Engineering Director,Sydney,Australia,APAC-ANZ,Full-Time Permanent,2025-03-17,7.2,298900.0,35.0,403500.0,3.64,2.5,20,2,56.3,5.2,1.2,14,0.85,High,No
EMP-10371,Mary,Schneider,mary.schneider74@enterprise-ai.corp,Core Software Engineering,Engineering Director,Taipei,Taiwan,APAC-East,Full-Time Permanent,2023-10-12,5.8,344200.0,35.0,464700.0,3.98,4.6,7,59,11.4,8.7,3.8,27,0.18,Low,No
EMP-10372,Zoe,Thomas,zoe.thomas75@enterprise-ai.corp,People Operations & Talent Acquisition,Talent Acquisition Lead,Remote - Global,Global Remote,Remote,Full-Time Permanent,2023-12-13,5.9,126400.0,18.0,149200.0,4.29,4.7,15,70,5.1,9.7,4.2,4,0.16,Low,No
EMP-10373,Jennifer,Garcia,jennifer.garcia76@enterprise-ai.corp,Core Software Engineering,L5 Principal Infrastructure Architect,Tokyo,Japan,APAC-East,Full-Time Permanent,2025-03-04,7.2,310900.0,30.0,404200.0,3.67,3.9,16,51,5.3,8.4,3.7,4,0.16,Low,No
EMP-10374,William,Chen,william.chen77@enterprise-ai.corp,Global Enterprise Sales & BD,Enterprise SDR / BDR,San Francisco,United States,US-West,Full-Time Permanent,2022-03-20,4.2,81800.0,30.0,106300.0,4.5,3.8,14,54,4.6,8.8,4.6,24,0.26,Medium,Yes
EMP-10375,Fatima,Taylor,fatima.taylor78@enterprise-ai.corp,Core Software Engineering,L1 Associate Software Engineer,Berlin,Germany,EU-Central,Full-Time Permanent,2025-01-16,7.0,92200.0,10.0,101400.0,4.04,4.1,15,36,4.7,9.5,4.6,34,0.13,Low,No
EMP-10376,Tariq,Garcia,tariq.garcia79@enterprise-ai.corp,Global Enterprise Sales & BD,Senior Enterprise Account Executive,Singapore,Singapore,APAC-South,Full-Time Permanent,2020-03-07,2.2,183500.0,50.0,275200.0,4.53,3.8,12,45,8.3,9.8,4.0,36,0.23,Medium,Yes
EMP-10377,Camila,Yamamoto,camila.yamamoto80@enterprise-ai.corp,People Operations & Talent Acquisition,People Operations Partner,London,United Kingdom,EU-West,Full-Time Permanent,2022-12-05,4.9,103100.0,12.0,115500.0,4.19,4.0,11,60,0.6,8.4,4.8,13,0.17,Low,No
EMP-10378,Anthony,Hernandez,anthony.hernandez81@enterprise-ai.corp,AI & Machine Learning Research,L4 Staff AI Scientist,Zurich,Switzerland,EU-Central,Full-Time Permanent,2023-04-21,5.3,283600.0,30.0,368700.0,4.04,4.4,18,35,1.2,8.1,4.2,32,0.24,Medium,No
EMP-10379,Charles,Lopez,charles.lopez82@enterprise-ai.corp,Enterprise Solutions Architecture,Senior Solutions Architect,Sydney,Australia,APAC-ANZ,Full-Time Permanent,2021-05-26,3.4,158900.0,20.0,190700.0,4.88,4.6,11,25,14.2,8.4,4.5,3,0.04,Low,Yes
EMP-10380,Zoe,Martinez,zoe.martinez83@enterprise-ai.corp,Global Enterprise Sales & BD,Senior Enterprise Account Executive,Sydney,Australia,APAC-ANZ,Full-Time Permanent,2018-08-15,0.6,170600.0,50.0,255900.0,3.72,5.0,17,22,3.5,8.5,4.1,36,0.21,Medium,No
EMP-10381,Linda,Ivanov,linda.ivanov84@enterprise-ai.corp,"Corporate Finance, Legal & Compliance",Senior Financial Analyst,Austin,United States,US-Central,Full-Time Permanent,2021-01-16,3.0,129900.0,15.0,149400.0,4.75,4.4,6,73,12.8,8.8,3.8,14,0.05,Low,Yes
EMP-10382,David,Taylor,david.taylor85@enterprise-ai.corp,AI & Machine Learning Research,L2 AI/ML Engineer,San Francisco,United States,US-West,Full-Time Permanent,2025-10-19,7.8,155800.0,15.0,179200.0,3.09,3.2,23,9,32.0,4.5,1.4,20,0.67,High,No
EMP-10383,Barbara,Davis,barbara.davis86@enterprise-ai.corp,Core Software Engineering,L3 Senior Software Engineer,Singapore,Singapore,APAC-South,Full-Time Permanent,2024-11-24,6.9,179700.0,20.0,215600.0,3.4,2.2,17,3,49.7,3.4,2.2,17,0.61,High,No
EMP-10384,Thomas,Jones,thomas.jones87@enterprise-ai.corp,People Operations & Talent Acquisition,Talent Acquisition Lead,Tokyo,Japan,APAC-East,Full-Time Permanent,2021-07-14,3.5,112400.0,18.0,132600.0,4.3,5.0,9,65,13.5,9.8,4.7,24,0.14,Low,No
EMP-10385,Rohan,Chen,rohan.chen88@enterprise-ai.corp,People Operations & Talent Acquisition,Talent Acquisition Lead,Tokyo,Japan,APAC-East,Full-Time Permanent,2019-10-12,1.8,119000.0,18.0,140400.0,3.63,4.0,15,46,1.4,8.9,4.8,7,0.06,Low,No
EMP-10386,Ananya,Moreau,ananya.moreau89@enterprise-ai.corp,Enterprise Solutions Architecture,Principal Enterprise Architect,Tokyo,Japan,APAC-East,Full-Time Permanent,2022-04-30,4.3,261600.0,25.0,327000.0,4.07,4.6,8,20,7.9,7.1,3.7,15,0.16,Low,No
EMP-10387,Camila,Anderson,camila.anderson90@enterprise-ai.corp,Global Enterprise Sales & BD,Mid-Market Account Executive,Sydney,Australia,APAC-ANZ,Full-Time Permanent,2019-02-04,1.1,115800.0,40.0,162100.0,3.63,4.0,11,21,5.8,7.9,3.8,21,0.22,Medium,No
EMP-10388,Sven,Santos,sven.santos91@enterprise-ai.corp,Core Software Engineering,L1 Associate Software Engineer,Zurich,Switzerland,EU-Central,Full-Time Permanent,2025-10-28,7.8,87000.0,10.0,95700.0,4.26,4.2,15,31,7.0,9.2,3.7,2,0.11,Low,No
EMP-10389,Sven,Oliveira,sven.oliveira92@enterprise-ai.corp,"Corporate Finance, Legal & Compliance",Corporate Counsel / Compliance Director,London,United Kingdom,EU-West,Full-Time Permanent,2019-12-02,1.9,233400.0,25.0,291800.0,3.92,2.8,26,8,36.4,4.3,1.4,6,0.7,High,No
EMP-10390,Alex,Moreau,alex.moreau93@enterprise-ai.corp,Cloud Platform & DevOps / SRE,Cloud Infrastructure SRE,Taipei,Taiwan,APAC-East,Full-Time Permanent,2020-01-10,2.0,141000.0,18.0,166400.0,3.63,4.6,6,79,1.0,8.5,3.6,33,0.22,Medium,No
EMP-10391,Zoe,Taylor,zoe.taylor94@enterprise-ai.corp,Customer Success & Technical Support,Senior Technical Account Manager,Singapore,Singapore,APAC-South,Full-Time Permanent,2021-07-29,3.6,142200.0,20.0,170600.0,3.78,4.2,7,55,3.2,7.9,4.1,23,0.1,Low,No
EMP-10392,Fatima,Martinez,fatima.martinez95@enterprise-ai.corp,"Corporate Finance, Legal & Compliance",Corporate Counsel / Compliance Director,London,United Kingdom,EU-West,Full-Time Permanent,2019-02-16,1.1,191000.0,25.0,238800.0,4.0,4.9,17,33,5.5,7.9,4.4,22,0.26,Medium,No
EMP-10393,Wei,Jones,wei.jones96@enterprise-ai.corp,People Operations & Talent Acquisition,Talent Acquisition Lead,San Francisco,United States,US-West,Full-Time Permanent,2018-05-21,0.4,123400.0,18.0,145600.0,4.92,3.9,5,72,13.6,7.8,3.5,26,0.07,Low,No
EMP-10394,Dmitri,Sato,dmitri.sato97@enterprise-ai.corp,Customer Success & Technical Support,Customer Success Manager,Zurich,Switzerland,EU-Central,Full-Time Permanent,2025-04-15,7.3,105300.0,15.0,121100.0,4.46,4.6,14,73,12.1,9.9,4.2,6,0.16,Low,No
EMP-10395,Yuki,Schneider,yuki.schneider98@enterprise-ai.corp,Global Enterprise Sales & BD,Enterprise SDR / BDR,New York,United States,US-East,Full-Time Permanent,2018-12-14,1.0,66900.0,30.0,87000.0,4.74,5.0,14,84,8.6,7.0,4.0,36,0.18,Low,No
EMP-10396,Nancy,Sharma,nancy.sharma0@enterprise-ai.corp,Product Management & Growth,Senior Group Product Manager,Remote - Global,Global Remote,Remote,Full-Time Permanent,2023-10-02,5.7,196000.0,22.0,239100.0,3.02,3.3,18,7,46.4,4.9,1.6,18,0.67,High,No
EMP-10397,Rohan,Brown,rohan.brown1@enterprise-ai.corp,AI & Machine Learning Research,L5 Principal Research Fellow,London,United Kingdom,EU-West,Full-Time Permanent,2019-03-31,1.2,327600.0,40.0,458600.0,4.68,4.0,5,83,14.6,8.6,3.9,33,0.2,Medium,No
EMP-10398,Richard,Sato,richard.sato2@enterprise-ai.corp,People Operations & Talent Acquisition,Talent Acquisition Lead,Tokyo,Japan,APAC-East,Full-Time Permanent,2024-01-26,6.1,116900.0,18.0,137900.0,2.74,3.4,25,13,45.5,4.8,2.2,19,0.84,High,No
EMP-10399,Zoe,Ivanov,zoe.ivanov3@enterprise-ai.corp,"Corporate Finance, Legal & Compliance",Corporate Counsel / Compliance Director,Remote - Global,Global Remote,Remote,Full-Time Permanent,2023-01-06,5.0,238900.0,25.0,298600.0,3.63,4.8,5,55,13.5,8.7,3.8,37,0.19,Low,No
EMP-10400,Camila,Moore,camila.moore4@enterprise-ai.corp,UI/UX Product Design,Product Designer,London,United Kingdom,EU-West,Full-Time Permanent,2022-07-06,4.5,123900.0,12.0,138800.0,3.3,3.4,12,13,40.2,5.5,2.2,7,0.72,High,No
EMP-10401,Joseph,Tanaka,joseph.tanaka5@enterprise-ai.corp,Customer Success & Technical Support,Director of Customer Success,Taipei,Taiwan,APAC-East,Full-Time Permanent,2019-04-20,1.3,228400.0,25.0,285500.0,4.47,4.1,9,37,8.5,9.5,4.1,20,0.24,Medium,No
EMP-10402,Camila,Thomas,camila.thomas6@enterprise-ai.corp,Customer Success & Technical Support,Director of Customer Success,Berlin,Germany,EU-Central,Full-Time Permanent,2018-07-08,0.5,184100.0,25.0,230100.0,4.23,3.9,4,40,11.1,8.8,4.8,10,0.28,Medium,No
EMP-10403,Kenji,Nakamura,kenji.nakamura7@enterprise-ai.corp,Core Software Engineering,L4 Staff Distributed Engineer,London,United Kingdom,EU-West,Contractor Strategic,2018-07-13,0.5,203600.0,25.0,254500.0,4.48,4.1,4,52,4.1,8.8,4.2,28,0.29,Medium,No
EMP-10404,Ananya,Nakamura,ananya.nakamura8@enterprise-ai.corp,UI/UX Product Design,Staff UI/UX Design Lead,Remote - Global,Global Remote,Remote,Full-Time Permanent,2019-03-21,1.2,194700.0,20.0,233600.0,4.14,4.3,16,20,0.3,9.1,3.6,36,0.34,Medium,No
EMP-10405,Mary,Johnson,mary.johnson9@enterprise-ai.corp,Enterprise Solutions Architecture,Principal Enterprise Architect,Taipei,Taiwan,APAC-East,Full-Time Permanent,2024-05-27,6.4,258900.0,25.0,323600.0,3.62,4.4,6,66,10.5,9.9,3.8,22,0.1,Low,No
EMP-10406,Mateo,Jackson,mateo.jackson10@enterprise-ai.corp,UI/UX Product Design,Product Designer,Austin,United States,US-Central,Full-Time Permanent,2025-05-17,7.4,109200.0,12.0,122300.0,4.14,4.8,15,62,6.4,9.0,4.4,18,0.18,Low,No
EMP-10407,Sven,Moreau,sven.moreau11@enterprise-ai.corp,People Operations & Talent Acquisition,Talent Acquisition Lead,Berlin,Germany,EU-Central,Full-Time Permanent,2024-08-20,6.6,139000.0,18.0,164000.0,4.33,5.0,14,40,4.8,9.7,4.8,15,0.28,Medium,No
EMP-10408,Susan,Yamamoto,susan.yamamoto12@enterprise-ai.corp,UI/UX Product Design,Product Designer,Remote - Global,Global Remote,Remote,Full-Time Permanent,2019-11-26,1.9,100800.0,12.0,112900.0,3.87,4.2,11,80,6.7,9.7,4.3,29,0.23,Medium,No
EMP-10409,Elizabeth,Lin,elizabeth.lin13@enterprise-ai.corp,Product Management & Growth,Director of Product,Taipei,Taiwan,APAC-East,Full-Time Permanent,2023-07-23,5.6,251200.0,30.0,326600.0,4.13,4.5,17,84,4.2,7.1,4.0,33,0.19,Low,No
EMP-10410,Lisa,Santos,lisa.santos14@enterprise-ai.corp,Global Enterprise Sales & BD,VP of Global Enterprise Sales,Taipei,Taiwan,APAC-East,Full-Time Permanent,2020-07-27,2.6,330500.0,60.0,528800.0,3.69,3.7,11,17,47.0,4.3,1.7,4,0.72,High,No
EMP-10411,Anthony,Jones,anthony.jones15@enterprise-ai.corp,Global Enterprise Sales & BD,VP of Global Enterprise Sales,San Francisco,United States,US-West,Full-Time Permanent,2021-03-12,3.2,359700.0,60.0,575500.0,4.04,3.7,26,2,41.3,2.8,1.3,4,0.93,High,No
EMP-10412,Charles,Brown,charles.brown16@enterprise-ai.corp,Customer Success & Technical Support,Senior Technical Account Manager,Sydney,Australia,APAC-ANZ,Full-Time Permanent,2019-02-26,1.2,154800.0,20.0,185800.0,3.82,4.3,6,45,11.4,7.6,4.8,32,0.24,Medium,No
EMP-10413,Daniel,Mueller,daniel.mueller17@enterprise-ai.corp,Customer Success & Technical Support,Senior Technical Account Manager,Singapore,Singapore,APAC-South,Full-Time Permanent,2019-12-22,2.0,132300.0,20.0,158800.0,4.84,4.0,11,77,2.7,7.8,3.9,22,0.1,Low,Yes
EMP-10414,Susan,Johnson,susan.johnson18@enterprise-ai.corp,Global Enterprise Sales & BD,VP of Global Enterprise Sales,Remote - Global,Global Remote,Remote,Full-Time Permanent,2024-08-24,6.6,327800.0,60.0,524500.0,4.26,4.9,15,34,14.9,8.8,4.9,34,0.11,Low,No
EMP-10415,Lisa,Moore,lisa.moore19@enterprise-ai.corp,Global Enterprise Sales & BD,Mid-Market Account Executive,London,United Kingdom,EU-West,Full-Time Permanent,2023-12-18,6.0,129000.0,40.0,180600.0,4.45,4.1,15,20,9.1,8.3,4.8,7,0.09,Low,No
EMP-10416,Margaret,Hernandez,margaret.hernandez20@enterprise-ai.corp,Cloud Platform & DevOps / SRE,Staff Reliability Architect,Zurich,Switzerland,EU-Central,Full-Time Permanent,2023-03-06,5.2,224500.0,25.0,280600.0,4.02,4.2,9,20,8.2,7.1,4.5,21,0.05,Low,No
EMP-10417,Rohan,Schmidt,rohan.schmidt21@enterprise-ai.corp,Enterprise Solutions Architecture,Principal Enterprise Architect,Remote - Global,Global Remote,Remote,Full-Time Permanent,2019-10-19,1.8,240200.0,25.0,300200.0,4.63,4.3,5,61,8.7,7.9,3.8,2,0.07,Low,Yes
EMP-10418,Matthew,Garcia,matthew.garcia22@enterprise-ai.corp,Core Software Engineering,L4 Staff Distributed Engineer,Singapore,Singapore,APAC-South,Full-Time Permanent,2025-06-07,7.4,215800.0,25.0,269800.0,4.48,4.9,7,37,2.5,8.0,4.9,37,0.29,Medium,No
EMP-10419,Lucas,Park,lucas.park23@enterprise-ai.corp,Global Enterprise Sales & BD,Mid-Market Account Executive,New York,United States,US-East,Full-Time Permanent,2025-01-13,7.0,117600.0,40.0,164600.0,3.77,4.7,9,42,3.7,9.2,3.5,6,0.04,Low,No
EMP-10420,Margaret,Dubois,margaret.dubois24@enterprise-ai.corp,Cloud Platform & DevOps / SRE,Cloud Infrastructure SRE,Taipei,Taiwan,APAC-East,Full-Time Permanent,2020-10-11,2.8,122400.0,18.0,144400.0,4.08,4.9,8,28,6.3,7.8,4.3,26,0.29,Medium,No
EMP-10421,Barbara,Moore,barbara.moore25@enterprise-ai.corp,Global Enterprise Sales & BD,Enterprise SDR / BDR,Tokyo,Japan,APAC-East,Full-Time Permanent,2021-11-19,3.9,73700.0,30.0,95800.0,3.7,4.9,10,43,5.3,9.6,4.7,18,0.3,Medium,No
EMP-10422,Michael,Martinez,michael.martinez26@enterprise-ai.corp,People Operations & Talent Acquisition,People Operations Partner,Remote - Global,Global Remote,Remote,Contractor Strategic,2021-04-04,3.3,103900.0,12.0,116400.0,4.08,4.7,7,55,14.6,8.9,4.4,19,0.16,Low,No
EMP-10423,Wei,Johnson,wei.johnson27@enterprise-ai.corp,Customer Success & Technical Support,Customer Success Manager,New York,United States,US-East,Full-Time Permanent,2023-04-15,5.3,114600.0,15.0,131800.0,3.91,4.2,5,65,9.6,7.8,4.1,30,0.16,Low,No
EMP-10424,Kenji,Johnson,kenji.johnson28@enterprise-ai.corp,People Operations & Talent Acquisition,People Operations Partner,New York,United States,US-East,Full-Time Permanent,2023-01-14,5.0,107800.0,12.0,120700.0,3.88,3.8,15,39,11.1,7.5,4.6,22,0.31,Medium,No
EMP-10425,Elizabeth,Jones,elizabeth.jones29@enterprise-ai.corp,Cloud Platform & DevOps / SRE,Staff Reliability Architect,Austin,United States,US-Central,Full-Time Permanent,2020-10-11,2.8,200400.0,25.0,250500.0,4.41,4.3,9,66,14.2,8.1,4.1,8,0.11,Low,No
EMP-10426,Richard,Ivanov,richard.ivanov30@enterprise-ai.corp,"Corporate Finance, Legal & Compliance",Senior Financial Analyst,Zurich,Switzerland,EU-Central,Full-Time Permanent,2023-05-21,5.4,111700.0,15.0,128500.0,4.59,4.5,18,60,11.6,9.1,4.4,9,0.31,Medium,Yes
EMP-10427,Patricia,Martinez,patricia.martinez31@enterprise-ai.corp,People Operations & Talent Acquisition,People Operations Partner,Singapore,Singapore,APAC-South,Full-Time Permanent,2023-11-10,5.9,93500.0,12.0,104700.0,4.27,4.2,10,80,3.3,7.3,4.4,18,0.2,Medium,No
EMP-10428,Linda,Schmidt,linda.schmidt32@enterprise-ai.corp,AI & Machine Learning Research,L4 Staff AI Scientist,Berlin,Germany,EU-Central,Full-Time Permanent,2022-06-10,4.4,287400.0,30.0,373600.0,4.44,4.7,13,20,7.0,9.1,3.7,10,0.33,Medium,No
EMP-10429,Mary,Wilson,mary.wilson33@enterprise-ai.corp,Cloud Platform & DevOps / SRE,Cloud Infrastructure SRE,Zurich,Switzerland,EU-Central,Full-Time Permanent,2022-08-02,4.6,138400.0,18.0,163300.0,3.3,3.6,18,11,44.4,3.6,1.1,24,0.88,High,No
EMP-10430,Rohan,Santos,rohan.santos34@enterprise-ai.corp,"Corporate Finance, Legal & Compliance",Senior Financial Analyst,Remote - Global,Global Remote,Remote,Full-Time Permanent,2018-03-26,0.2,100800.0,15.0,115900.0,4.38,4.0,13,39,9.1,7.4,5.0,29,0.13,Low,No
EMP-10431,Anthony,Lopez,anthony.lopez35@enterprise-ai.corp,Customer Success & Technical Support,Director of Customer Success,London,United Kingdom,EU-West,Full-Time Permanent,2024-08-10,6.6,218300.0,25.0,272900.0,4.36,4.8,13,63,1.5,9.5,4.2,4,0.11,Low,No
EMP-10432,Elizabeth,Garcia,elizabeth.garcia36@enterprise-ai.corp,"Corporate Finance, Legal & Compliance",Corporate Counsel / Compliance Director,San Francisco,United States,US-West,Full-Time Permanent,2018-05-14,0.4,219000.0,25.0,273800.0,3.97,5.0,6,48,4.6,9.7,4.1,6,0.11,Low,No
EMP-10433,Lisa,Hernandez,lisa.hernandez37@enterprise-ai.corp,AI & Machine Learning Research,L3 Senior Deep Learning Researcher,Zurich,Switzerland,EU-Central,Full-Time Permanent,2023-07-19,5.5,201900.0,25.0,252400.0,3.25,2.2,19,18,36.6,4.2,2.2,36,0.62,High,No
EMP-10434,Thomas,Lin,thomas.lin38@enterprise-ai.corp,Product Management & Growth,Director of Product,Tokyo,Japan,APAC-East,Full-Time Permanent,2022-05-30,4.4,236200.0,30.0,307100.0,3.82,4.1,12,55,11.7,7.6,4.7,14,0.21,Medium,No
EMP-10435,Fatima,Anderson,fatima.anderson39@enterprise-ai.corp,Core Software Engineering,Engineering Director,Tokyo,Japan,APAC-East,Full-Time Permanent,2024-04-15,6.3,285400.0,35.0,385300.0,4.58,4.8,17,34,12.7,7.4,4.6,26,0.19,Low,No
EMP-10436,Sandra,Anderson,sandra.anderson40@enterprise-ai.corp,"Corporate Finance, Legal & Compliance",Corporate Counsel / Compliance Director,Sydney,Australia,APAC-ANZ,Full-Time Permanent,2018-06-18,0.5,226900.0,25.0,283600.0,4.52,4.4,8,24,3.3,7.5,4.6,25,0.3,Medium,No
EMP-10437,Richard,Miller,richard.miller41@enterprise-ai.corp,Enterprise Solutions Architecture,Principal Enterprise Architect,Remote - Global,Global Remote,Remote,Contractor Strategic,2025-08-26,7.6,255700.0,25.0,319600.0,4.44,4.0,10,80,10.0,9.7,3.9,36,0.04,Low,No
EMP-10438,Hiroshi,Sato,hiroshi.sato42@enterprise-ai.corp,Core Software Engineering,L5 Principal Infrastructure Architect,Singapore,Singapore,APAC-South,Full-Time Permanent,2021-04-06,3.3,253000.0,30.0,328900.0,4.68,4.0,7,31,5.5,7.4,4.8,35,0.14,Low,No
EMP-10439,Sandra,Brown,sandra.brown43@enterprise-ai.corp,Product Management & Growth,Senior Group Product Manager,Berlin,Germany,EU-Central,Full-Time Permanent,2020-03-11,2.2,198600.0,22.0,242300.0,3.97,4.2,4,35,4.4,7.3,4.8,35,0.15,Low,No
EMP-10440,Patricia,Sato,patricia.sato44@enterprise-ai.corp,Core Software Engineering,L1 Associate Software Engineer,Sydney,Australia,APAC-ANZ,Contractor Strategic,2021-12-08,3.9,86900.0,10.0,95600.0,4.12,4.2,16,51,5.0,7.7,3.5,15,0.32,Medium,No
EMP-10441,Mark,Martinez,mark.martinez45@enterprise-ai.corp,Core Software Engineering,L5 Principal Infrastructure Architect,Zurich,Switzerland,EU-Central,Full-Time Permanent,2022-02-26,4.2,281300.0,30.0,365700.0,4.04,4.8,14,52,7.9,8.2,4.8,19,0.29,Medium,No
EMP-10442,Tariq,Yamamoto,tariq.yamamoto46@enterprise-ai.corp,People Operations & Talent Acquisition,People Operations Partner,Austin,United States,US-Central,Full-Time Permanent,2018-06-12,0.4,94700.0,12.0,106100.0,4.9,4.9,11,37,11.4,8.2,3.7,35,0.31,Medium,No
EMP-10443,Zoe,Smith,zoe.smith47@enterprise-ai.corp,Global Enterprise Sales & BD,VP of Global Enterprise Sales,New York,United States,US-East,Full-Time Permanent,2025-02-10,7.1,301300.0,60.0,482100.0,4.29,4.4,12,38,4.4,9.4,4.5,19,0.12,Low,No
EMP-10444,Charles,Miller,charles.miller48@enterprise-ai.corp,AI & Machine Learning Research,L2 AI/ML Engineer,London,United Kingdom,EU-West,Full-Time Permanent,2021-02-06,3.1,144800.0,15.0,166500.0,4.48,4.5,8,80,14.3,7.1,4.1,25,0.13,Low,No
EMP-10445,Daniel,Taylor,daniel.taylor49@enterprise-ai.corp,Cloud Platform & DevOps / SRE,Cloud Infrastructure SRE,San Francisco,United States,US-West,Full-Time Permanent,2025-06-18,7.5,143400.0,18.0,169200.0,4.28,4.2,18,31,5.0,9.6,3.9,38,0.12,Low,No
EMP-10446,Mei,Ivanov,mei.ivanov50@enterprise-ai.corp,AI & Machine Learning Research,L4 Staff AI Scientist,Zurich,Switzerland,EU-Central,Full-Time Permanent,2024-01-21,6.1,239700.0,30.0,311600.0,4.46,4.5,11,34,6.8,7.4,3.5,33,0.26,Medium,No
EMP-10447,John,Davis,john.davis51@enterprise-ai.corp,Global Enterprise Sales & BD,Mid-Market Account Executive,Austin,United States,US-Central,Full-Time Permanent,2018-05-02,0.3,116300.0,40.0,162800.0,3.46,2.2,19,18,43.3,3.7,2.3,23,0.67,High,No
EMP-10448,Margaret,Patel,margaret.patel52@enterprise-ai.corp,AI & Machine Learning Research,L4 Staff AI Scientist,Sydney,Australia,APAC-ANZ,Full-Time Permanent,2021-12-21,4.0,285800.0,30.0,371500.0,3.86,4.7,4,72,9.1,8.6,3.9,13,0.29,Medium,No
EMP-10449,Ting,Patel,ting.patel53@enterprise-ai.corp,Cloud Platform & DevOps / SRE,Cloud Infrastructure SRE,Remote - Global,Global Remote,Remote,Full-Time Permanent,2024-07-24,6.6,133200.0,18.0,157200.0,3.65,3.8,22,16,49.8,4.8,1.5,35,0.68,High,No
EMP-10450,Susan,Mueller,susan.mueller54@enterprise-ai.corp,UI/UX Product Design,Product Designer,Sydney,Australia,APAC-ANZ,Full-Time Permanent,2021-05-22,3.4,96300.0,12.0,107900.0,4.42,4.9,10,20,12.0,8.6,4.1,38,0.25,Medium,No
EMP-10451,Zoe,Sharma,zoe.sharma55@enterprise-ai.corp,Core Software Engineering,L1 Associate Software Engineer,Austin,United States,US-Central,Full-Time Permanent,2021-01-11,3.0,101100.0,10.0,111200.0,2.63,2.2,20,19,25.3,5.0,1.8,37,0.69,High,No
EMP-10452,Lisa,Davis,lisa.davis56@enterprise-ai.corp,AI & Machine Learning Research,L2 AI/ML Engineer,Singapore,Singapore,APAC-South,Full-Time Permanent,2022-08-03,4.6,153200.0,15.0,176200.0,4.72,4.6,11,53,1.2,8.5,4.9,34,0.15,Low,Yes
EMP-10453,Kenji,Yamamoto,kenji.yamamoto57@enterprise-ai.corp,Global Enterprise Sales & BD,Mid-Market Account Executive,New York,United States,US-East,Full-Time Permanent,2020-07-22,2.6,115500.0,40.0,161700.0,4.5,4.4,6,52,14.4,7.7,4.5,29,0.19,Low,Yes
EMP-10454,Mark,Jackson,mark.jackson58@enterprise-ai.corp,Customer Success & Technical Support,Customer Success Manager,New York,United States,US-East,Full-Time Permanent,2021-11-23,3.9,109500.0,15.0,125900.0,4.97,4.6,13,53,12.3,9.1,4.6,30,0.27,Medium,Yes
EMP-10455,Rohan,Dubois,rohan.dubois59@enterprise-ai.corp,Customer Success & Technical Support,Senior Technical Account Manager,Remote - Global,Global Remote,Remote,Full-Time Permanent,2018-10-08,0.8,144400.0,20.0,173300.0,4.54,4.9,12,61,2.9,8.3,4.8,23,0.35,Medium,No
EMP-10456,Dmitri,Lopez,dmitri.lopez60@enterprise-ai.corp,People Operations & Talent Acquisition,Talent Acquisition Lead,New York,United States,US-East,Full-Time Permanent,2025-11-21,7.9,115100.0,18.0,135800.0,3.83,4.6,13,81,8.6,8.2,3.9,19,0.19,Low,No
EMP-10457,Anthony,Jones,anthony.jones61@enterprise-ai.corp,AI & Machine Learning Research,L3 Senior Deep Learning Researcher,Zurich,Switzerland,EU-Central,Full-Time Permanent,2019-02-26,1.2,205500.0,25.0,256900.0,4.73,4.7,18,37,9.1,8.8,4.4,14,0.11,Low,No
EMP-10458,Tariq,Schneider,tariq.schneider62@enterprise-ai.corp,Enterprise Solutions Architecture,Senior Solutions Architect,Sydney,Australia,APAC-ANZ,Full-Time Permanent,2019-12-03,1.9,165600.0,20.0,198700.0,3.1,3.7,14,5,33.6,3.8,1.4,5,0.65,High,No
EMP-10459,Patricia,Moreau,patricia.moreau63@enterprise-ai.corp,Product Management & Growth,Senior Group Product Manager,London,United Kingdom,EU-West,Full-Time Permanent,2020-10-15,2.8,186900.0,22.0,228000.0,4.89,4.4,16,22,6.5,8.8,3.7,10,0.25,Medium,Yes
EMP-10460,Tariq,Lopez,tariq.lopez64@enterprise-ai.corp,Cloud Platform & DevOps / SRE,Staff Reliability Architect,Austin,United States,US-Central,Full-Time Permanent,2024-05-26,6.4,210100.0,25.0,262600.0,4.0,4.9,13,59,7.2,7.7,3.7,27,0.05,Low,No
EMP-10461,Wei,Davis,wei.davis65@enterprise-ai.corp,Global Enterprise Sales & BD,Enterprise SDR / BDR,New York,United States,US-East,Contractor Strategic,2018-03-19,0.2,69700.0,30.0,90600.0,3.72,4.5,15,52,10.9,9.6,3.8,8,0.33,Medium,No
EMP-10462,Linda,Moreau,linda.moreau66@enterprise-ai.corp,UI/UX Product Design,Staff UI/UX Design Lead,Tokyo,Japan,APAC-East,Full-Time Permanent,2023-05-28,5.4,164400.0,20.0,197300.0,3.9,4.7,5,33,7.2,9.5,3.7,37,0.18,Low,No
EMP-10463,Fatima,Thomas,fatima.thomas67@enterprise-ai.corp,Cloud Platform & DevOps / SRE,Staff Reliability Architect,Sydney,Australia,APAC-ANZ,Full-Time Permanent,2019-11-25,1.9,237700.0,25.0,297100.0,4.16,4.8,5,80,9.8,7.9,3.6,18,0.29,Medium,No
EMP-10464,Kenji,Gonzalez,kenji.gonzalez68@enterprise-ai.corp,"Corporate Finance, Legal & Compliance",Senior Financial Analyst,Austin,United States,US-Central,Full-Time Permanent,2022-08-25,4.6,123500.0,15.0,142000.0,4.08,4.5,13,43,14.0,8.5,4.2,23,0.28,Medium,No
EMP-10465,Barbara,Martinez,barbara.martinez69@enterprise-ai.corp,Global Enterprise Sales & BD,Senior Enterprise Account Executive,London,United Kingdom,EU-West,Full-Time Permanent,2022-01-21,4.1,144100.0,50.0,216200.0,4.69,4.5,11,62,11.7,7.8,4.7,23,0.16,Low,Yes
EMP-10466,Kenji,Huang,kenji.huang70@enterprise-ai.corp,People Operations & Talent Acquisition,People Operations Partner,Tokyo,Japan,APAC-East,Full-Time Permanent,2021-11-03,3.8,100800.0,12.0,112900.0,2.69,3.4,12,4,28.7,3.5,2.4,33,0.6,High,No
EMP-10467,Linda,Lopez,linda.lopez71@enterprise-ai.corp,Cloud Platform & DevOps / SRE,Staff Reliability Architect,Tokyo,Japan,APAC-East,Full-Time Permanent,2018-09-22,0.7,210000.0,25.0,262500.0,4.01,4.3,6,22,4.1,7.3,4.8,35,0.12,Low,No
EMP-10468,Yuki,Williams,yuki.williams72@enterprise-ai.corp,People Operations & Talent Acquisition,People Operations Partner,Tokyo,Japan,APAC-East,Full-Time Permanent,2021-07-24,3.6,102400.0,12.0,114700.0,3.88,4.1,7,26,5.7,8.2,3.6,10,0.14,Low,No
EMP-10469,Zoe,Anderson,zoe.anderson73@enterprise-ai.corp,Product Management & Growth,Director of Product,Sydney,Australia,APAC-ANZ,Full-Time Permanent,2024-02-19,6.1,241300.0,30.0,313700.0,3.96,2.7,15,13,52.8,4.0,1.2,17,0.8,High,No
EMP-10470,Margaret,Ivanov,margaret.ivanov74@enterprise-ai.corp,Global Enterprise Sales & BD,Enterprise SDR / BDR,Singapore,Singapore,APAC-South,Full-Time Permanent,2024-02-22,6.1,77400.0,30.0,100600.0,4.42,4.8,10,74,7.6,8.8,4.9,34,0.12,Low,No
EMP-10471,Dmitri,Moreau,dmitri.moreau75@enterprise-ai.corp,Customer Success & Technical Support,Director of Customer Success,London,United Kingdom,EU-West,Full-Time Permanent,2024-07-16,6.5,218600.0,25.0,273200.0,4.9,4.4,11,32,13.1,7.4,3.7,32,0.08,Low,No
EMP-10472,James,Davis,james.davis76@enterprise-ai.corp,AI & Machine Learning Research,L3 Senior Deep Learning Researcher,Remote - Global,Global Remote,Remote,Full-Time Permanent,2021-12-20,4.0,192300.0,25.0,240400.0,4.6,4.8,13,49,13.6,8.1,4.5,12,0.05,Low,Yes
EMP-10473,David,Schneider,david.schneider77@enterprise-ai.corp,AI & Machine Learning Research,L5 Principal Research Fellow,Berlin,Germany,EU-Central,Full-Time Permanent,2025-05-31,7.4,386800.0,40.0,541500.0,2.7,2.6,16,17,28.9,3.9,2.5,2,0.79,High,No
EMP-10474,Daniel,Thomas,daniel.thomas78@enterprise-ai.corp,Global Enterprise Sales & BD,Strategic Sales Director,Remote - Global,Global Remote,Remote,Full-Time Permanent,2021-12-06,3.9,225400.0,55.0,349400.0,2.97,2.8,18,9,32.3,3.4,1.9,28,0.63,High,No
EMP-10475,Thomas,Taylor,thomas.taylor79@enterprise-ai.corp,Customer Success & Technical Support,Senior Technical Account Manager,San Francisco,United States,US-West,Full-Time Permanent,2025-09-19,7.7,129000.0,20.0,154800.0,4.27,4.4,15,49,0.4,8.0,4.2,22,0.08,Low,No
EMP-10476,Elena,Sato,elena.sato80@enterprise-ai.corp,People Operations & Talent Acquisition,People Operations Partner,London,United Kingdom,EU-West,Full-Time Permanent,2024-12-14,7.0,100400.0,12.0,112400.0,3.72,3.7,22,19,27.6,5.0,2.0,31,0.6,High,No
EMP-10477,Mei,Hernandez,mei.hernandez81@enterprise-ai.corp,AI & Machine Learning Research,L3 Senior Deep Learning Researcher,London,United Kingdom,EU-West,Full-Time Permanent,2020-12-07,2.9,206200.0,25.0,257800.0,4.67,4.5,5,33,0.4,9.7,4.3,19,0.27,Medium,Yes
EMP-10478,William,Nakamura,william.nakamura82@enterprise-ai.corp,Customer Success & Technical Support,Director of Customer Success,Taipei,Taiwan,APAC-East,Full-Time Permanent,2021-02-15,3.1,203300.0,25.0,254100.0,4.97,4.2,13,59,1.7,8.8,4.6,31,0.2,Medium,Yes
EMP-10479,Fatima,Patel,fatima.patel83@enterprise-ai.corp,Product Management & Growth,Director of Product,Sydney,Australia,APAC-ANZ,Full-Time Permanent,2023-07-25,5.6,270100.0,30.0,351100.0,4.38,4.9,13,46,5.5,9.0,4.2,9,0.17,Low,No
EMP-10480,Lucas,Wilson,lucas.wilson84@enterprise-ai.corp,AI & Machine Learning Research,L5 Principal Research Fellow,Remote - Global,Global Remote,Remote,Full-Time Permanent,2023-08-30,5.7,353600.0,40.0,495000.0,4.1,3.2,23,15,44.2,2.6,2.4,8,0.61,High,No
EMP-10481,Matthew,Kim,matthew.kim85@enterprise-ai.corp,AI & Machine Learning Research,L4 Staff AI Scientist,Berlin,Germany,EU-Central,Full-Time Permanent,2021-08-31,3.7,286300.0,30.0,372200.0,4.1,4.3,10,22,13.3,7.1,4.5,6,0.11,Low,No
EMP-10482,Zoe,Santos,zoe.santos86@enterprise-ai.corp,Global Enterprise Sales & BD,VP of Global Enterprise Sales,London,United Kingdom,EU-West,Full-Time Permanent,2025-09-03,7.7,376200.0,60.0,601900.0,2.68,3.4,14,7,46.6,4.0,1.4,36,0.89,High,No
EMP-10483,Camila,Smith,camila.smith87@enterprise-ai.corp,Core Software Engineering,L4 Staff Distributed Engineer,Singapore,Singapore,APAC-South,Full-Time Permanent,2021-07-15,3.5,198400.0,25.0,248000.0,4.96,4.4,13,77,2.4,7.7,4.1,19,0.27,Medium,Yes
EMP-10484,David,Rodriguez,david.rodriguez88@enterprise-ai.corp,Enterprise Solutions Architecture,Principal Enterprise Architect,New York,United States,US-East,Full-Time Permanent,2020-10-28,2.8,224600.0,25.0,280800.0,3.66,4.0,16,55,3.8,7.5,5.0,2,0.23,Medium,No
EMP-10485,Camila,Chen,camila.chen89@enterprise-ai.corp,Customer Success & Technical Support,Director of Customer Success,New York,United States,US-East,Full-Time Permanent,2020-06-13,2.4,202500.0,25.0,253100.0,4.11,4.8,13,63,3.5,9.0,4.6,24,0.14,Low,No
EMP-10486,Lucas,Rodriguez,lucas.rodriguez90@enterprise-ai.corp,People Operations & Talent Acquisition,People Operations Partner,Singapore,Singapore,APAC-South,Full-Time Permanent,2019-04-29,1.3,103400.0,12.0,115800.0,4.26,5.0,10,66,2.9,8.7,3.8,10,0.15,Low,No
EMP-10487,Rohan,Smith,rohan.smith91@enterprise-ai.corp,Global Enterprise Sales & BD,Senior Enterprise Account Executive,Tokyo,Japan,APAC-East,Full-Time Permanent,2019-10-03,1.8,165700.0,50.0,248600.0,4.03,4.1,15,32,14.1,7.6,4.8,22,0.08,Low,No
EMP-10488,Margaret,Johnson,margaret.johnson92@enterprise-ai.corp,Core Software Engineering,L1 Associate Software Engineer,San Francisco,United States,US-West,Full-Time Permanent,2025-10-26,7.8,91800.0,10.0,101000.0,4.93,4.3,8,48,6.9,8.5,4.9,9,0.25,Medium,Yes
EMP-10489,Susan,Martinez,susan.martinez93@enterprise-ai.corp,"Corporate Finance, Legal & Compliance",Corporate Counsel / Compliance Director,New York,United States,US-East,Full-Time Permanent,2023-10-23,5.8,233000.0,25.0,291200.0,3.92,3.7,22,8,36.6,4.2,2.5,17,0.65,High,No
EMP-10490,Mark,Smith,mark.smith94@enterprise-ai.corp,Customer Success & Technical Support,Director of Customer Success,Taipei,Taiwan,APAC-East,Full-Time Permanent,2019-10-18,1.8,192900.0,25.0,241100.0,3.78,3.9,4,32,10.8,9.3,4.6,17,0.08,Low,No
EMP-10491,Jennifer,Mueller,jennifer.mueller95@enterprise-ai.corp,AI & Machine Learning Research,L2 AI/ML Engineer,New York,United States,US-East,Full-Time Permanent,2021-09-27,3.7,134900.0,15.0,155100.0,2.76,2.5,27,3,38.7,2.8,1.5,36,0.84,High,No
EMP-10492,Hiroshi,Moreau,hiroshi.moreau96@enterprise-ai.corp,Global Enterprise Sales & BD,Mid-Market Account Executive,Remote - Global,Global Remote,Remote,Full-Time Permanent,2025-10-06,7.8,97200.0,40.0,136100.0,4.32,4.5,17,27,0.4,7.6,3.9,35,0.14,Low,No
EMP-10493,Rohan,Davis,rohan.davis97@enterprise-ai.corp,Core Software Engineering,L1 Associate Software Engineer,Taipei,Taiwan,APAC-East,Full-Time Permanent,2022-12-05,4.9,86700.0,10.0,95400.0,4.76,4.7,9,25,12.9,9.2,4.1,23,0.17,Low,Yes
EMP-10494,Anthony,Yamamoto,anthony.yamamoto98@enterprise-ai.corp,AI & Machine Learning Research,L3 Senior Deep Learning Researcher,Sydney,Australia,APAC-ANZ,Contractor Strategic,2018-12-22,1.0,174000.0,25.0,217500.0,4.15,4.7,16,53,6.8,7.8,4.4,34,0.17,Low,No
EMP-10495,Thomas,Williams,thomas.williams0@enterprise-ai.corp,Product Management & Growth,Product Manager,Tokyo,Japan,APAC-East,Full-Time Permanent,2024-02-22,6.1,137500.0,15.0,158100.0,4.85,4.3,17,24,12.3,8.5,5.0,33,0.33,Medium,Yes
EMP-10496,Charles,Yamamoto,charles.yamamoto1@enterprise-ai.corp,Cloud Platform & DevOps / SRE,Cloud Infrastructure SRE,Taipei,Taiwan,APAC-East,Full-Time Permanent,2018-06-06,0.4,146300.0,18.0,172600.0,4.28,4.0,16,31,4.9,9.4,3.9,16,0.1,Low,No
EMP-10497,Linda,Jackson,linda.jackson2@enterprise-ai.corp,UI/UX Product Design,Staff UI/UX Design Lead,Zurich,Switzerland,EU-Central,Full-Time Permanent,2022-09-10,4.7,165200.0,20.0,198200.0,4.36,4.1,18,73,9.8,9.5,4.5,36,0.05,Low,No
EMP-10498,Charles,Martin,charles.martin3@enterprise-ai.corp,Cloud Platform & DevOps / SRE,Cloud Infrastructure SRE,Austin,United States,US-Central,Full-Time Permanent,2019-11-23,1.9,139700.0,18.0,164800.0,3.81,4.8,9,54,3.5,7.7,4.8,16,0.04,Low,No
EMP-10499,Lisa,Lopez,lisa.lopez4@enterprise-ai.corp,"Corporate Finance, Legal & Compliance",Corporate Counsel / Compliance Director,Berlin,Germany,EU-Central,Full-Time Permanent,2020-05-24,2.4,230300.0,25.0,287900.0,3.97,3.8,15,18,57.2,2.7,1.5,17,0.89,High,No
EMP-10500,Barbara,Wilson,barbara.wilson5@enterprise-ai.corp,Global Enterprise Sales & BD,Enterprise SDR / BDR,Remote - Global,Global Remote,Remote,Full-Time Permanent,2020-04-07,2.3,74100.0,30.0,96300.0,3.99,3.9,11,75,10.9,8.7,4.8,4,0.31,Medium,No
EMP-10501,Zoe,Park,zoe.park6@enterprise-ai.corp,"Corporate Finance, Legal & Compliance",Corporate Counsel / Compliance Director,Singapore,Singapore,APAC-South,Full-Time Permanent,2019-09-25,1.7,192100.0,25.0,240100.0,4.27,4.5,14,55,10.1,9.4,4.0,31,0.08,Low,No
EMP-10502,Fatima,Anderson,fatima.anderson7@enterprise-ai.corp,Core Software Engineering,L3 Senior Software Engineer,Zurich,Switzerland,EU-Central,Full-Time Permanent,2020-10-10,2.8,173800.0,20.0,208600.0,3.61,4.9,14,49,2.7,8.5,4.0,12,0.13,Low,No
EMP-10503,Margaret,Mueller,margaret.mueller8@enterprise-ai.corp,Product Management & Growth,Director of Product,Zurich,Switzerland,EU-Central,Full-Time Permanent,2024-07-16,6.5,268400.0,30.0,348900.0,4.94,4.2,5,37,9.7,8.6,4.2,36,0.07,Low,Yes
EMP-10504,Elizabeth,Taylor,elizabeth.taylor9@enterprise-ai.corp,Product Management & Growth,Product Manager,Singapore,Singapore,APAC-South,Full-Time Permanent,2025-08-15,7.6,127100.0,15.0,146200.0,3.91,3.9,13,62,14.3,8.1,4.7,1,0.15,Low,No
EMP-10505,Linda,Patel,linda.patel10@enterprise-ai.corp,People Operations & Talent Acquisition,People Operations Partner,Sydney,Australia,APAC-ANZ,Full-Time Permanent,2020-02-02,2.1,92700.0,12.0,103800.0,4.96,4.7,13,67,1.2,8.0,3.7,29,0.16,Low,Yes
EMP-10506,Rohan,Ivanov,rohan.ivanov11@enterprise-ai.corp,AI & Machine Learning Research,L5 Principal Research Fellow,Remote - Global,Global Remote,Remote,Full-Time Permanent,2023-05-28,5.4,407500.0,40.0,570500.0,3.87,4.1,4,53,1.8,7.7,4.0,13,0.2,Medium,No
EMP-10507,Alex,Williams,alex.williams12@enterprise-ai.corp,Enterprise Solutions Architecture,Principal Enterprise Architect,Zurich,Switzerland,EU-Central,Contractor Strategic,2024-09-08,6.7,254500.0,25.0,318100.0,4.13,2.0,20,19,30.5,4.2,2.3,19,0.76,High,No
EMP-10508,Robert,Santos,robert.santos13@enterprise-ai.corp,AI & Machine Learning Research,L4 Staff AI Scientist,London,United Kingdom,EU-West,Full-Time Permanent,2025-08-06,7.6,287800.0,30.0,374100.0,4.49,4.9,15,28,10.7,7.2,4.1,17,0.19,Low,No
EMP-10509,Donald,Huang,donald.huang14@enterprise-ai.corp,UI/UX Product Design,Product Designer,New York,United States,US-East,Full-Time Permanent,2023-03-06,5.2,123200.0,12.0,138000.0,3.7,3.0,16,12,45.5,4.2,2.3,4,0.83,High,No
EMP-10510,Richard,Sato,richard.sato15@enterprise-ai.corp,Product Management & Growth,Senior Group Product Manager,New York,United States,US-East,Full-Time Permanent,2024-11-14,6.9,195100.0,22.0,238000.0,4.29,4.4,12,58,11.3,7.1,3.7,2,0.33,Medium,No
EMP-10511,Lisa,Park,lisa.park16@enterprise-ai.corp,Cloud Platform & DevOps / SRE,Cloud Infrastructure SRE,Austin,United States,US-Central,Full-Time Permanent,2018-04-21,0.3,137700.0,18.0,162500.0,3.64,4.6,10,77,2.1,8.7,4.1,20,0.07,Low,No
EMP-10512,Zoe,Kim,zoe.kim17@enterprise-ai.corp,Customer Success & Technical Support,Senior Technical Account Manager,Tokyo,Japan,APAC-East,Full-Time Permanent,2020-03-24,2.2,131400.0,20.0,157700.0,4.39,4.1,14,61,7.9,7.8,3.8,27,0.14,Low,No
EMP-10513,William,Jones,william.jones18@enterprise-ai.corp,Enterprise Solutions Architecture,Senior Solutions Architect,Tokyo,Japan,APAC-East,Full-Time Permanent,2024-05-03,6.3,163800.0,20.0,196600.0,3.76,3.8,7,31,11.8,7.9,4.4,17,0.08,Low,No
EMP-10514,John,Ivanov,john.ivanov19@enterprise-ai.corp,Core Software Engineering,L4 Staff Distributed Engineer,Taipei,Taiwan,APAC-East,Full-Time Permanent,2022-07-28,4.6,201100.0,25.0,251400.0,4.18,4.7,18,22,15.0,9.6,3.6,14,0.08,Low,No
EMP-10515,Linda,Garcia,linda.garcia20@enterprise-ai.corp,Global Enterprise Sales & BD,Strategic Sales Director,New York,United States,US-East,Full-Time Permanent,2020-11-20,2.9,229900.0,55.0,356300.0,3.65,4.9,15,50,7.2,9.5,5.0,28,0.08,Low,No
EMP-10516,Elena,Patel,elena.patel21@enterprise-ai.corp,Core Software Engineering,L4 Staff Distributed Engineer,Sydney,Australia,APAC-ANZ,Full-Time Permanent,2021-04-07,3.3,228600.0,25.0,285800.0,3.85,4.4,7,31,4.6,9.0,4.3,4,0.35,Medium,No
EMP-10517,Sarah,Johnson,sarah.johnson22@enterprise-ai.corp,AI & Machine Learning Research,L2 AI/ML Engineer,Remote - Global,Global Remote,Remote,Full-Time Permanent,2021-04-21,3.3,157800.0,15.0,181500.0,4.55,3.8,10,64,9.3,7.7,3.9,23,0.18,Low,Yes
EMP-10518,Astrid,Schneider,astrid.schneider23@enterprise-ai.corp,Product Management & Growth,Senior Group Product Manager,New York,United States,US-East,Full-Time Permanent,2024-12-30,7.0,186900.0,22.0,228000.0,2.66,2.2,10,17,45.8,4.6,1.3,30,0.66,High,No
EMP-10519,William,Schmidt,william.schmidt24@enterprise-ai.corp,AI & Machine Learning Research,L3 Senior Deep Learning Researcher,Remote - Global,Global Remote,Remote,Full-Time Permanent,2021-07-15,3.5,190100.0,25.0,237600.0,4.75,4.5,8,53,1.3,7.9,4.3,15,0.33,Medium,Yes
EMP-10520,Daniel,Smith,daniel.smith25@enterprise-ai.corp,Enterprise Solutions Architecture,Principal Enterprise Architect,San Francisco,United States,US-West,Full-Time Permanent,2023-01-20,5.1,241500.0,25.0,301900.0,4.81,4.2,14,73,13.0,9.2,4.5,25,0.19,Low,Yes
EMP-10521,Margaret,Park,margaret.park26@enterprise-ai.corp,Product Management & Growth,Product Manager,Berlin,Germany,EU-Central,Full-Time Permanent,2020-03-15,2.2,147900.0,15.0,170100.0,4.25,4.9,15,29,14.3,7.1,4.5,17,0.28,Medium,No
EMP-10522,Wei,Wilson,wei.wilson27@enterprise-ai.corp,Cloud Platform & DevOps / SRE,Cloud Infrastructure SRE,London,United Kingdom,EU-West,Full-Time Permanent,2018-03-23,0.2,123700.0,18.0,146000.0,4.29,4.2,10,67,8.0,8.2,4.4,18,0.13,Low,No
EMP-10523,Betty,Schneider,betty.schneider28@enterprise-ai.corp,Global Enterprise Sales & BD,VP of Global Enterprise Sales,Remote - Global,Global Remote,Remote,Full-Time Permanent,2021-12-27,4.0,318600.0,60.0,509800.0,3.48,2.8,18,13,52.0,5.0,1.7,4,0.81,High,No
EMP-10524,Donald,Moore,donald.moore29@enterprise-ai.corp,Cloud Platform & DevOps / SRE,Staff Reliability Architect,San Francisco,United States,US-West,Full-Time Permanent,2019-11-28,1.9,210300.0,25.0,262900.0,3.49,3.2,22,14,41.7,2.3,1.1,38,0.95,High,No
EMP-10525,Karen,Schmidt,karen.schmidt30@enterprise-ai.corp,Enterprise Solutions Architecture,Principal Enterprise Architect,Remote - Global,Global Remote,Remote,Full-Time Permanent,2021-05-29,3.4,266900.0,25.0,333600.0,4.28,4.3,18,41,6.5,9.7,4.0,1,0.05,Low,No
EMP-10526,Astrid,Smith,astrid.smith31@enterprise-ai.corp,Core Software Engineering,L2 Software Engineer,Taipei,Taiwan,APAC-East,Full-Time Permanent,2022-12-18,5.0,124300.0,15.0,142900.0,4.12,4.3,7,69,4.3,8.0,5.0,16,0.27,Medium,No
EMP-10527,Margaret,Taylor,margaret.taylor32@enterprise-ai.corp,"Corporate Finance, Legal & Compliance",Corporate Counsel / Compliance Director,Sydney,Australia,APAC-ANZ,Full-Time Permanent,2019-01-27,1.1,198800.0,25.0,248500.0,4.6,4.0,18,63,5.2,7.9,4.1,16,0.22,Medium,No
EMP-10528,Robert,Santos,robert.santos33@enterprise-ai.corp,Global Enterprise Sales & BD,Enterprise SDR / BDR,Tokyo,Japan,APAC-East,Full-Time Permanent,2022-05-11,4.4,72700.0,30.0,94500.0,3.74,4.5,11,46,3.6,7.3,4.9,34,0.24,Medium,No
EMP-10529,Donald,Johnson,donald.johnson34@enterprise-ai.corp,Product Management & Growth,Product Manager,Remote - Global,Global Remote,Remote,Full-Time Permanent,2018-05-12,0.4,124600.0,15.0,143300.0,4.32,4.2,7,25,14.6,7.1,5.0,4,0.27,Medium,No
EMP-10530,Kenji,Park,kenji.park35@enterprise-ai.corp,AI & Machine Learning Research,L4 Staff AI Scientist,San Francisco,United States,US-West,Full-Time Permanent,2022-11-04,4.8,243100.0,30.0,316000.0,3.85,4.5,5,41,12.8,8.4,4.7,14,0.25,Medium,No
EMP-10531,John,Schmidt,john.schmidt36@enterprise-ai.corp,AI & Machine Learning Research,L4 Staff AI Scientist,Remote - Global,Global Remote,Remote,Full-Time Permanent,2021-08-01,3.6,257500.0,30.0,334800.0,3.12,2.5,28,14,49.4,3.7,2.4,28,0.94,High,No
EMP-10532,Betty,Garcia,betty.garcia37@enterprise-ai.corp,AI & Machine Learning Research,L5 Principal Research Fellow,London,United Kingdom,EU-West,Full-Time Permanent,2023-09-14,5.7,301800.0,40.0,422500.0,3.26,3.2,18,3,33.4,5.5,2.0,7,0.74,High,No
EMP-10533,Michael,Mueller,michael.mueller38@enterprise-ai.corp,Enterprise Solutions Architecture,Principal Enterprise Architect,Berlin,Germany,EU-Central,Full-Time Permanent,2024-05-06,6.3,266800.0,25.0,333500.0,3.96,4.3,7,55,13.8,7.2,4.4,17,0.24,Medium,No
EMP-10534,John,Smith,john.smith39@enterprise-ai.corp,AI & Machine Learning Research,L3 Senior Deep Learning Researcher,San Francisco,United States,US-West,Full-Time Permanent,2023-10-21,5.8,199300.0,25.0,249100.0,4.6,4.8,17,35,12.0,7.5,4.2,15,0.33,Medium,Yes
EMP-10535,Robert,Martinez,robert.martinez40@enterprise-ai.corp,"Corporate Finance, Legal & Compliance",Senior Financial Analyst,Tokyo,Japan,APAC-East,Full-Time Permanent,2023-04-09,5.3,105800.0,15.0,121700.0,2.93,3.1,23,3,29.8,3.6,1.7,3,0.62,High,No
EMP-10536,Betty,Martinez,betty.martinez41@enterprise-ai.corp,Core Software Engineering,Engineering Director,Sydney,Australia,APAC-ANZ,Full-Time Permanent,2020-06-09,2.4,285100.0,35.0,384900.0,4.94,4.5,8,77,1.4,9.5,3.9,27,0.22,Medium,Yes
EMP-10537,Dmitri,Williams,dmitri.williams42@enterprise-ai.corp,Core Software Engineering,L5 Principal Infrastructure Architect,Zurich,Switzerland,EU-Central,Full-Time Permanent,2024-03-08,6.2,250000.0,30.0,325000.0,4.17,3.4,17,8,26.3,3.2,1.9,31,0.66,High,No
EMP-10538,Nancy,Garcia,nancy.garcia43@enterprise-ai.corp,Core Software Engineering,Engineering Director,Zurich,Switzerland,EU-Central,Full-Time Permanent,2019-01-24,1.1,326800.0,35.0,441200.0,4.97,4.5,18,26,14.1,8.9,4.0,26,0.04,Low,No
EMP-10539,David,Dubois,david.dubois44@enterprise-ai.corp,"Corporate Finance, Legal & Compliance",Corporate Counsel / Compliance Director,Sydney,Australia,APAC-ANZ,Full-Time Permanent,2024-07-20,6.5,224200.0,25.0,280200.0,4.89,4.9,9,57,13.7,8.2,4.5,18,0.03,Low,Yes
EMP-10540,Jennifer,Lin,jennifer.lin45@enterprise-ai.corp,People Operations & Talent Acquisition,Talent Acquisition Lead,Taipei,Taiwan,APAC-East,Full-Time Permanent,2022-04-18,4.3,134200.0,18.0,158400.0,3.08,3.4,28,3,38.4,4.4,1.4,16,0.87,High,No
EMP-10541,Yuki,Rodriguez,yuki.rodriguez46@enterprise-ai.corp,"Corporate Finance, Legal & Compliance",Corporate Counsel / Compliance Director,Austin,United States,US-Central,Full-Time Permanent,2023-12-25,6.0,223700.0,25.0,279600.0,4.18,3.9,15,35,11.1,7.1,4.8,2,0.04,Low,No
EMP-10542,Tariq,Patel,tariq.patel47@enterprise-ai.corp,Global Enterprise Sales & BD,Enterprise SDR / BDR,Remote - Global,Global Remote,Remote,Full-Time Permanent,2025-08-30,7.7,72300.0,30.0,94000.0,4.28,4.4,7,34,7.0,7.2,3.9,5,0.11,Low,No
EMP-10543,John,Yamamoto,john.yamamoto48@enterprise-ai.corp,Enterprise Solutions Architecture,Principal Enterprise Architect,Tokyo,Japan,APAC-East,Full-Time Permanent,2024-12-10,6.9,220700.0,25.0,275900.0,4.19,3.3,22,4,49.6,4.4,1.4,34,0.86,High,No
EMP-10544,Kenji,Rodriguez,kenji.rodriguez49@enterprise-ai.corp,Customer Success & Technical Support,Senior Technical Account Manager,Zurich,Switzerland,EU-Central,Full-Time Permanent,2021-10-30,3.8,148000.0,20.0,177600.0,3.79,4.2,7,74,9.2,9.7,4.4,5,0.14,Low,No
EMP-10545,Anthony,Garcia,anthony.garcia50@enterprise-ai.corp,Global Enterprise Sales & BD,Enterprise SDR / BDR,Tokyo,Japan,APAC-East,Full-Time Permanent,2025-02-12,7.1,73800.0,30.0,95900.0,3.76,2.6,13,10,37.6,3.0,1.0,14,0.9,High,No
EMP-10546,Elena,Davis,elena.davis51@enterprise-ai.corp,People Operations & Talent Acquisition,People Operations Partner,Austin,United States,US-Central,Full-Time Permanent,2022-08-14,4.6,92800.0,12.0,103900.0,4.61,4.4,7,21,6.7,9.2,4.6,7,0.13,Low,Yes
EMP-10547,Astrid,Moore,astrid.moore52@enterprise-ai.corp,Global Enterprise Sales & BD,Strategic Sales Director,London,United Kingdom,EU-West,Full-Time Permanent,2021-01-10,3.0,261200.0,55.0,404900.0,3.62,4.1,10,71,6.3,9.2,3.9,9,0.14,Low,No
EMP-10548,Yuki,Kowalski,yuki.kowalski53@enterprise-ai.corp,UI/UX Product Design,Product Designer,Zurich,Switzerland,EU-Central,Full-Time Permanent,2020-12-18,3.0,99400.0,12.0,111300.0,4.82,4.7,7,62,2.5,9.1,4.3,31,0.26,Medium,Yes
EMP-10549,Ananya,Miller,ananya.miller54@enterprise-ai.corp,"Corporate Finance, Legal & Compliance",Corporate Counsel / Compliance Director,Taipei,Taiwan,APAC-East,Full-Time Permanent,2019-10-09,1.8,229800.0,25.0,287200.0,3.7,4.4,6,34,13.8,9.4,3.7,4,0.1,Low,No
EMP-10550,Camila,Santos,camila.santos55@enterprise-ai.corp,AI & Machine Learning Research,L4 Staff AI Scientist,Sydney,Australia,APAC-ANZ,Full-Time Permanent,2025-05-30,7.4,237200.0,30.0,308400.0,4.38,4.6,14,44,10.3,8.8,4.0,17,0.31,Medium,No
EMP-10551,Barbara,Kowalski,barbara.kowalski56@enterprise-ai.corp,Product Management & Growth,Director of Product,Sydney,Australia,APAC-ANZ,Full-Time Permanent,2023-09-20,5.7,295800.0,30.0,384500.0,4.32,4.3,15,71,0.2,7.3,4.2,29,0.27,Medium,No
EMP-10552,Nancy,Rodriguez,nancy.rodriguez57@enterprise-ai.corp,People Operations & Talent Acquisition,Talent Acquisition Lead,New York,United States,US-East,Full-Time Permanent,2020-05-15,2.4,138600.0,18.0,163500.0,4.46,4.5,15,79,1.7,8.3,4.5,18,0.21,Medium,No
EMP-10553,Lucas,Chen,lucas.chen58@enterprise-ai.corp,People Operations & Talent Acquisition,People Operations Partner,Remote - Global,Global Remote,Remote,Full-Time Permanent,2021-01-18,3.0,87200.0,12.0,97700.0,4.38,4.5,14,42,11.0,9.7,4.2,20,0.06,Low,No
EMP-10554,Matthew,Brown,matthew.brown59@enterprise-ai.corp,"Corporate Finance, Legal & Compliance",Corporate Counsel / Compliance Director,Zurich,Switzerland,EU-Central,Full-Time Permanent,2022-07-02,4.5,195300.0,25.0,244100.0,3.97,4.3,17,81,11.3,8.8,4.0,36,0.33,Medium,No
EMP-10555,Lisa,Mueller,lisa.mueller60@enterprise-ai.corp,Product Management & Growth,Senior Group Product Manager,Zurich,Switzerland,EU-Central,Full-Time Permanent,2020-11-30,2.9,178300.0,22.0,217500.0,4.34,4.7,13,24,9.2,9.3,4.8,20,0.18,Low,No
EMP-10556,Camila,Moreau,camila.moreau61@enterprise-ai.corp,People Operations & Talent Acquisition,People Operations Partner,Austin,United States,US-Central,Full-Time Permanent,2020-07-15,2.5,100400.0,12.0,112400.0,4.65,4.4,8,65,11.2,9.5,4.5,3,0.13,Low,Yes
EMP-10557,Linda,Brown,linda.brown62@enterprise-ai.corp,"Corporate Finance, Legal & Compliance",Corporate Counsel / Compliance Director,London,United Kingdom,EU-West,Full-Time Permanent,2021-01-26,3.1,221100.0,25.0,276400.0,4.54,3.8,17,78,10.7,8.4,4.5,18,0.17,Low,Yes
EMP-10558,Richard,Moore,richard.moore63@enterprise-ai.corp,People Operations & Talent Acquisition,Talent Acquisition Lead,Singapore,Singapore,APAC-South,Full-Time Permanent,2018-08-10,0.6,105700.0,18.0,124700.0,3.46,2.9,23,12,54.6,4.1,1.4,25,0.85,High,No
EMP-10559,Kenji,Chen,kenji.chen64@enterprise-ai.corp,AI & Machine Learning Research,L5 Principal Research Fellow,Taipei,Taiwan,APAC-East,Full-Time Permanent,2023-09-27,5.7,318700.0,40.0,446200.0,4.25,4.5,14,84,8.1,8.2,4.1,26,0.15,Low,No
EMP-10560,Lucas,Anderson,lucas.anderson65@enterprise-ai.corp,"Corporate Finance, Legal & Compliance",Senior Financial Analyst,New York,United States,US-East,Full-Time Permanent,2019-07-15,1.5,132200.0,15.0,152000.0,4.84,4.5,12,40,4.2,9.0,4.2,35,0.29,Medium,Yes
EMP-10561,Tariq,Jones,tariq.jones66@enterprise-ai.corp,Core Software Engineering,L5 Principal Infrastructure Architect,Taipei,Taiwan,APAC-East,Full-Time Permanent,2018-07-02,0.5,283500.0,30.0,368600.0,4.93,4.4,5,56,2.5,8.4,4.4,16,0.04,Low,No
EMP-10562,Margaret,Hernandez,margaret.hernandez67@enterprise-ai.corp,Product Management & Growth,Senior Group Product Manager,Tokyo,Japan,APAC-East,Full-Time Permanent,2019-08-13,1.6,214500.0,22.0,261700.0,4.71,4.4,9,81,3.8,9.2,3.7,10,0.15,Low,Yes
EMP-10563,Elena,Schmidt,elena.schmidt68@enterprise-ai.corp,UI/UX Product Design,Product Designer,San Francisco,United States,US-West,Full-Time Permanent,2020-06-05,2.4,127200.0,12.0,142500.0,2.67,2.6,26,16,53.9,3.3,1.1,37,0.68,High,No
EMP-10564,Lucas,Rodriguez,lucas.rodriguez69@enterprise-ai.corp,Core Software Engineering,L3 Senior Software Engineer,New York,United States,US-East,Full-Time Permanent,2025-07-06,7.5,163700.0,20.0,196400.0,4.37,4.9,8,52,3.9,9.1,3.8,8,0.33,Medium,No
EMP-10565,Robert,Moore,robert.moore70@enterprise-ai.corp,Core Software Engineering,Engineering Director,Remote - Global,Global Remote,Remote,Full-Time Permanent,2020-11-18,2.9,287800.0,35.0,388500.0,4.59,4.6,15,76,5.3,9.8,4.1,12,0.2,Medium,Yes
EMP-10566,Betty,Schneider,betty.schneider71@enterprise-ai.corp,Core Software Engineering,L3 Senior Software Engineer,Singapore,Singapore,APAC-South,Full-Time Permanent,2023-01-15,5.0,168600.0,20.0,202300.0,4.23,4.3,17,57,7.8,9.4,4.0,9,0.18,Low,No
EMP-10567,William,Wilson,william.wilson72@enterprise-ai.corp,Core Software Engineering,L2 Software Engineer,San Francisco,United States,US-West,Full-Time Permanent,2021-11-15,3.9,138100.0,15.0,158800.0,4.85,4.5,4,65,14.1,8.4,4.3,2,0.08,Low,Yes
EMP-10568,Richard,Taylor,richard.taylor73@enterprise-ai.corp,UI/UX Product Design,Product Designer,Taipei,Taiwan,APAC-East,Full-Time Permanent,2019-09-08,1.7,100700.0,12.0,112800.0,3.68,4.9,4,84,14.8,8.3,4.6,18,0.09,Low,No
EMP-10569,Karen,Santos,karen.santos74@enterprise-ai.corp,Core Software Engineering,Engineering Director,Berlin,Germany,EU-Central,Full-Time Permanent,2020-05-07,2.3,340800.0,35.0,460100.0,3.92,4.1,7,70,4.9,7.6,4.4,21,0.21,Medium,No
EMP-10570,Sven,Yamamoto,sven.yamamoto75@enterprise-ai.corp,People Operations & Talent Acquisition,People Operations Partner,Zurich,Switzerland,EU-Central,Full-Time Permanent,2018-04-30,0.3,90400.0,12.0,101200.0,4.83,4.7,10,72,11.9,8.1,4.1,1,0.04,Low,No
EMP-10571,James,Kowalski,james.kowalski76@enterprise-ai.corp,Global Enterprise Sales & BD,Enterprise SDR / BDR,Taipei,Taiwan,APAC-East,Full-Time Permanent,2018-08-28,0.7,79700.0,30.0,103600.0,3.74,3.6,17,6,33.8,3.1,2.2,4,0.84,High,No
EMP-10572,Joseph,Miller,joseph.miller77@enterprise-ai.corp,Global Enterprise Sales & BD,Mid-Market Account Executive,Zurich,Switzerland,EU-Central,Full-Time Permanent,2025-07-31,7.6,123100.0,40.0,172300.0,3.83,4.9,8,41,11.8,9.4,3.6,24,0.23,Medium,No
EMP-10573,Margaret,Lin,margaret.lin78@enterprise-ai.corp,Product Management & Growth,Senior Group Product Manager,Zurich,Switzerland,EU-Central,Full-Time Permanent,2020-12-30,3.0,185500.0,22.0,226300.0,4.36,4.3,18,53,12.3,9.4,4.2,4,0.15,Low,No
EMP-10574,Matthew,Hernandez,matthew.hernandez79@enterprise-ai.corp,Customer Success & Technical Support,Senior Technical Account Manager,Berlin,Germany,EU-Central,Full-Time Permanent,2021-12-18,4.0,123200.0,20.0,147800.0,3.59,3.0,14,17,37.5,3.5,1.5,12,0.65,High,No
EMP-10575,Camila,Yamamoto,camila.yamamoto80@enterprise-ai.corp,Product Management & Growth,Senior Group Product Manager,Austin,United States,US-Central,Full-Time Permanent,2021-11-18,3.9,168500.0,22.0,205600.0,4.87,4.3,5,36,14.1,8.2,3.9,21,0.13,Low,Yes
EMP-10576,Alex,Smith,alex.smith81@enterprise-ai.corp,Cloud Platform & DevOps / SRE,Cloud Infrastructure SRE,Berlin,Germany,EU-Central,Full-Time Permanent,2023-08-21,5.6,134300.0,18.0,158500.0,4.02,4.5,7,45,2.1,9.1,4.5,23,0.19,Low,No
EMP-10577,Margaret,Hernandez,margaret.hernandez82@enterprise-ai.corp,UI/UX Product Design,Product Designer,Berlin,Germany,EU-Central,Full-Time Permanent,2024-07-18,6.5,97900.0,12.0,109600.0,3.81,4.8,4,71,0.0,8.0,4.7,33,0.22,Medium,No
EMP-10578,Barbara,Wilson,barbara.wilson83@enterprise-ai.corp,Core Software Engineering,L1 Associate Software Engineer,New York,United States,US-East,Full-Time Permanent,2024-04-06,6.3,103400.0,10.0,113700.0,4.63,3.9,12,76,8.3,9.6,4.8,5,0.19,Low,Yes
EMP-10579,Ananya,Kowalski,ananya.kowalski84@enterprise-ai.corp,Cloud Platform & DevOps / SRE,Staff Reliability Architect,New York,United States,US-East,Full-Time Permanent,2022-08-24,4.6,207900.0,25.0,259900.0,4.45,4.0,17,64,12.0,7.5,4.4,26,0.32,Medium,No
EMP-10580,Nancy,Johnson,nancy.johnson85@enterprise-ai.corp,AI & Machine Learning Research,L5 Principal Research Fellow,Berlin,Germany,EU-Central,Full-Time Permanent,2020-11-05,2.8,325500.0,40.0,455700.0,3.84,4.6,14,73,12.9,9.2,5.0,16,0.34,Medium,No
EMP-10581,Michael,Santos,michael.santos86@enterprise-ai.corp,People Operations & Talent Acquisition,People Operations Partner,Taipei,Taiwan,APAC-East,Full-Time Permanent,2024-05-17,6.4,98100.0,12.0,109900.0,4.68,4.0,11,85,14.3,8.6,3.6,20,0.31,Medium,Yes
EMP-10582,Matthew,Anderson,matthew.anderson87@enterprise-ai.corp,UI/UX Product Design,Staff UI/UX Design Lead,London,United Kingdom,EU-West,Full-Time Permanent,2019-05-20,1.4,180100.0,20.0,216100.0,3.72,4.1,8,43,5.4,8.6,3.6,32,0.16,Low,No
EMP-10583,Michael,Martin,michael.martin88@enterprise-ai.corp,Enterprise Solutions Architecture,Senior Solutions Architect,Berlin,Germany,EU-Central,Full-Time Permanent,2019-03-31,1.2,152300.0,20.0,182800.0,4.46,4.2,12,62,14.3,7.9,3.5,7,0.15,Low,No
EMP-10584,Barbara,Moore,barbara.moore89@enterprise-ai.corp,"Corporate Finance, Legal & Compliance",Corporate Counsel / Compliance Director,Tokyo,Japan,APAC-East,Full-Time Permanent,2023-11-14,5.9,245700.0,25.0,307100.0,3.81,4.7,15,74,13.3,9.4,4.2,33,0.11,Low,No
EMP-10585,Richard,Santos,richard.santos90@enterprise-ai.corp,"Corporate Finance, Legal & Compliance",Senior Financial Analyst,Sydney,Australia,APAC-ANZ,Full-Time Permanent,2021-07-28,3.6,105500.0,15.0,121300.0,4.32,3.9,6,44,9.4,7.5,4.8,10,0.1,Low,No
EMP-10586,Kenji,Santos,kenji.santos91@enterprise-ai.corp,UI/UX Product Design,Staff UI/UX Design Lead,Berlin,Germany,EU-Central,Full-Time Permanent,2023-09-24,5.7,164100.0,20.0,196900.0,4.04,3.8,9,81,3.9,7.7,4.4,2,0.14,Low,No
EMP-10587,Ananya,Gonzalez,ananya.gonzalez92@enterprise-ai.corp,"Corporate Finance, Legal & Compliance",Corporate Counsel / Compliance Director,Zurich,Switzerland,EU-Central,Full-Time Permanent,2022-09-18,4.7,205900.0,25.0,257400.0,4.83,4.4,5,84,7.5,8.5,4.9,7,0.16,Low,Yes
EMP-10588,Fatima,Santos,fatima.santos93@enterprise-ai.corp,Global Enterprise Sales & BD,Strategic Sales Director,Berlin,Germany,EU-Central,Full-Time Permanent,2025-09-14,7.7,224100.0,55.0,347400.0,4.55,4.1,17,54,5.8,9.2,3.6,32,0.07,Low,Yes
EMP-10589,Anthony,Ivanov,anthony.ivanov94@enterprise-ai.corp,Core Software Engineering,Engineering Director,London,United Kingdom,EU-West,Full-Time Permanent,2021-02-11,3.1,324700.0,35.0,438300.0,3.89,4.8,7,21,6.5,9.6,3.5,23,0.11,Low,No
EMP-10590,Anthony,Moore,anthony.moore95@enterprise-ai.corp,AI & Machine Learning Research,L5 Principal Research Fellow,Berlin,Germany,EU-Central,Full-Time Permanent,2018-09-28,0.7,374600.0,40.0,524400.0,3.77,4.0,5,22,3.2,7.4,3.8,16,0.03,Low,No
EMP-10591,Kenji,Ivanov,kenji.ivanov96@enterprise-ai.corp,Core Software Engineering,L5 Principal Infrastructure Architect,Remote - Global,Global Remote,Remote,Full-Time Permanent,2024-12-02,6.9,294900.0,30.0,383400.0,4.49,4.0,6,44,1.8,7.3,3.7,29,0.16,Low,No
EMP-10592,Matthew,Sato,matthew.sato97@enterprise-ai.corp,Cloud Platform & DevOps / SRE,Cloud Infrastructure SRE,Zurich,Switzerland,EU-Central,Full-Time Permanent,2025-07-04,7.5,127300.0,18.0,150200.0,4.27,4.7,15,84,7.4,9.5,4.6,26,0.13,Low,No
EMP-10593,Ting,Nakamura,ting.nakamura98@enterprise-ai.corp,Global Enterprise Sales & BD,VP of Global Enterprise Sales,New York,United States,US-East,Full-Time Permanent,2021-12-30,4.0,389300.0,60.0,622900.0,4.19,3.4,18,16,43.7,3.2,1.9,38,0.79,High,No
EMP-10594,Susan,Ivanov,susan.ivanov0@enterprise-ai.corp,Global Enterprise Sales & BD,Enterprise SDR / BDR,Taipei,Taiwan,APAC-East,Full-Time Permanent,2024-05-26,6.4,72400.0,30.0,94100.0,4.24,4.0,13,67,9.2,9.9,4.7,18,0.07,Low,No
EMP-10595,Tariq,Lin,tariq.lin1@enterprise-ai.corp,People Operations & Talent Acquisition,Talent Acquisition Lead,London,United Kingdom,EU-West,Full-Time Permanent,2023-08-07,5.6,135700.0,18.0,160100.0,4.75,4.2,17,32,11.8,8.7,4.6,1,0.28,Medium,Yes
EMP-10596,Elizabeth,Kim,elizabeth.kim2@enterprise-ai.corp,Core Software Engineering,L1 Associate Software Engineer,Zurich,Switzerland,EU-Central,Full-Time Permanent,2019-01-25,1.1,95700.0,10.0,105300.0,4.98,3.8,14,37,8.5,8.6,4.3,5,0.33,Medium,No
EMP-10597,Wei,Jones,wei.jones3@enterprise-ai.corp,Core Software Engineering,L1 Associate Software Engineer,Berlin,Germany,EU-Central,Full-Time Permanent,2022-03-16,4.2,98700.0,10.0,108600.0,4.29,4.4,7,45,8.6,8.9,4.3,18,0.17,Low,No
EMP-10598,John,Kim,john.kim4@enterprise-ai.corp,Product Management & Growth,Product Manager,Sydney,Australia,APAC-ANZ,Full-Time Permanent,2020-11-26,2.9,141700.0,15.0,163000.0,3.85,4.8,7,40,13.6,9.7,3.9,8,0.2,Medium,No
EMP-10599,Jessica,Patel,jessica.patel5@enterprise-ai.corp,Enterprise Solutions Architecture,Principal Enterprise Architect,Berlin,Germany,EU-Central,Full-Time Permanent,2020-12-05,2.9,216000.0,25.0,270000.0,3.04,3.5,17,15,51.6,3.4,2.2,2,0.86,High,No
EMP-10600,Margaret,Schneider,margaret.schneider6@enterprise-ai.corp,"Corporate Finance, Legal & Compliance",Senior Financial Analyst,Taipei,Taiwan,APAC-East,Full-Time Permanent,2021-01-17,3.0,133200.0,15.0,153200.0,4.62,4.1,5,56,6.6,7.3,3.7,10,0.04,Low,No
EMP-10601,Lucas,Wilson,lucas.wilson7@enterprise-ai.corp,UI/UX Product Design,Staff UI/UX Design Lead,Remote - Global,Global Remote,Remote,Contractor Strategic,2018-10-01,0.7,192800.0,20.0,231400.0,4.82,4.9,11,51,13.3,9.6,4.6,9,0.19,Low,No
EMP-10602,Ting,Martin,ting.martin8@enterprise-ai.corp,AI & Machine Learning Research,L4 Staff AI Scientist,London,United Kingdom,EU-West,Full-Time Permanent,2024-04-20,6.3,282800.0,30.0,367600.0,3.77,4.9,10,73,3.9,8.8,4.1,34,0.07,Low,No
EMP-10603,Robert,Garcia,robert.garcia9@enterprise-ai.corp,UI/UX Product Design,Product Designer,Remote - Global,Global Remote,Remote,Full-Time Permanent,2018-03-12,0.2,106100.0,12.0,118800.0,4.65,4.2,6,83,13.8,9.1,3.6,18,0.07,Low,No
EMP-10604,Elizabeth,Nakamura,elizabeth.nakamura10@enterprise-ai.corp,"Corporate Finance, Legal & Compliance",Senior Financial Analyst,London,United Kingdom,EU-West,Full-Time Permanent,2023-07-15,5.5,113400.0,15.0,130400.0,4.05,3.9,7,21,1.0,8.5,3.5,13,0.23,Medium,No
EMP-10605,Mary,Nakamura,mary.nakamura11@enterprise-ai.corp,Cloud Platform & DevOps / SRE,Staff Reliability Architect,Remote - Global,Global Remote,Remote,Full-Time Permanent,2023-09-09,5.7,219700.0,25.0,274600.0,2.86,3.7,23,20,49.5,5.2,1.1,6,0.81,High,No
EMP-10606,William,Brown,william.brown12@enterprise-ai.corp,Customer Success & Technical Support,Senior Technical Account Manager,Tokyo,Japan,APAC-East,Full-Time Permanent,2022-09-16,4.7,124500.0,20.0,149400.0,3.9,4.6,13,82,13.2,8.2,4.1,15,0.21,Medium,No
EMP-10607,Karen,Moreau,karen.moreau13@enterprise-ai.corp,Customer Success & Technical Support,Director of Customer Success,San Francisco,United States,US-West,Full-Time Permanent,2025-11-16,7.9,203100.0,25.0,253900.0,3.27,2.3,19,19,46.4,3.6,1.2,16,0.92,High,No
EMP-10608,Sarah,Gonzalez,sarah.gonzalez14@enterprise-ai.corp,Global Enterprise Sales & BD,VP of Global Enterprise Sales,New York,United States,US-East,Full-Time Permanent,2018-04-16,0.3,364900.0,60.0,583800.0,4.27,4.0,9,23,6.4,9.5,4.8,2,0.27,Medium,No
EMP-10609,Susan,Dubois,susan.dubois15@enterprise-ai.corp,People Operations & Talent Acquisition,Talent Acquisition Lead,San Francisco,United States,US-West,Full-Time Permanent,2024-10-11,6.8,120700.0,18.0,142400.0,3.65,2.3,12,6,28.6,3.7,2.1,20,0.87,High,No
EMP-10610,Elizabeth,Patel,elizabeth.patel16@enterprise-ai.corp,Enterprise Solutions Architecture,Principal Enterprise Architect,New York,United States,US-East,Full-Time Permanent,2025-10-17,7.8,245700.0,25.0,307100.0,4.25,4.9,10,61,3.1,7.8,4.7,20,0.17,Low,No
EMP-10611,Sven,Santos,sven.santos17@enterprise-ai.corp,Core Software Engineering,L3 Senior Software Engineer,Berlin,Germany,EU-Central,Full-Time Permanent,2023-12-08,5.9,148500.0,20.0,178200.0,4.33,3.9,11,78,14.3,8.8,4.1,10,0.09,Low,No
EMP-10612,Susan,Mueller,susan.mueller18@enterprise-ai.corp,Global Enterprise Sales & BD,Mid-Market Account Executive,Taipei,Taiwan,APAC-East,Full-Time Permanent,2021-05-23,3.4,122300.0,40.0,171200.0,4.65,4.7,16,58,4.4,7.7,3.9,26,0.2,Medium,Yes
EMP-10613,Jessica,Rodriguez,jessica.rodriguez19@enterprise-ai.corp,People Operations & Talent Acquisition,People Operations Partner,New York,United States,US-East,Full-Time Permanent,2019-11-29,1.9,108800.0,12.0,121900.0,4.34,5.0,6,80,11.6,9.8,4.3,24,0.32,Medium,No
EMP-10614,John,Hernandez,john.hernandez20@enterprise-ai.corp,AI & Machine Learning Research,L3 Senior Deep Learning Researcher,London,United Kingdom,EU-West,Full-Time Permanent,2018-08-17,0.6,217300.0,25.0,271600.0,4.0,3.5,12,17,33.9,4.4,2.2,34,0.69,High,No
EMP-10615,Chloe,Park,chloe.park21@enterprise-ai.corp,People Operations & Talent Acquisition,People Operations Partner,London,United Kingdom,EU-West,Full-Time Permanent,2024-06-08,6.4,100800.0,12.0,112900.0,4.03,4.8,8,41,14.3,7.5,4.1,5,0.04,Low,No
EMP-10616,Linda,Ivanov,linda.ivanov22@enterprise-ai.corp,Cloud Platform & DevOps / SRE,Staff Reliability Architect,London,United Kingdom,EU-West,Full-Time Permanent,2022-12-18,5.0,200600.0,25.0,250800.0,4.02,2.9,26,9,33.6,4.1,1.9,23,0.73,High,No
EMP-10617,Daniel,Taylor,daniel.taylor23@enterprise-ai.corp,Cloud Platform & DevOps / SRE,Staff Reliability Architect,Taipei,Taiwan,APAC-East,Full-Time Permanent,2021-10-02,3.8,203400.0,25.0,254200.0,4.19,4.2,12,43,5.7,9.7,4.5,28,0.33,Medium,No
EMP-10618,William,Lin,william.lin24@enterprise-ai.corp,Core Software Engineering,L4 Staff Distributed Engineer,London,United Kingdom,EU-West,Full-Time Permanent,2020-05-04,2.3,221500.0,25.0,276900.0,3.84,4.2,18,68,3.4,8.9,4.2,9,0.24,Medium,No
EMP-10619,Susan,Jackson,susan.jackson25@enterprise-ai.corp,Enterprise Solutions Architecture,Senior Solutions Architect,San Francisco,United States,US-West,Full-Time Permanent,2025-12-01,7.9,161500.0,20.0,193800.0,4.16,4.5,8,60,9.0,7.5,4.1,30,0.04,Low,No
EMP-10620,Joseph,Williams,joseph.williams26@enterprise-ai.corp,"Corporate Finance, Legal & Compliance",Senior Financial Analyst,Sydney,Australia,APAC-ANZ,Full-Time Permanent,2020-01-05,2.0,107500.0,15.0,123600.0,3.87,3.9,9,54,9.5,9.7,3.6,23,0.09,Low,No
EMP-10621,Lisa,Chen,lisa.chen27@enterprise-ai.corp,AI & Machine Learning Research,L5 Principal Research Fellow,Berlin,Germany,EU-Central,Full-Time Permanent,2023-09-13,5.7,351500.0,40.0,492100.0,4.61,4.7,12,27,11.6,7.5,4.8,1,0.3,Medium,Yes
EMP-10622,Mary,Smith,mary.smith28@enterprise-ai.corp,Product Management & Growth,Product Manager,New York,United States,US-East,Full-Time Permanent,2024-04-26,6.3,121000.0,15.0,139200.0,4.34,4.0,7,76,8.3,7.6,4.5,4,0.26,Medium,No
EMP-10623,Karen,Moore,karen.moore29@enterprise-ai.corp,"Corporate Finance, Legal & Compliance",Corporate Counsel / Compliance Director,Austin,United States,US-Central,Full-Time Permanent,2022-07-16,4.5,249400.0,25.0,311800.0,3.68,4.9,18,39,13.3,9.3,4.8,8,0.24,Medium,No
EMP-10624,Karen,Sharma,karen.sharma30@enterprise-ai.corp,Core Software Engineering,L3 Senior Software Engineer,San Francisco,United States,US-West,Full-Time Permanent,2019-04-24,1.3,151100.0,20.0,181300.0,4.0,4.2,15,66,13.5,9.0,4.0,34,0.32,Medium,No
EMP-10625,Charles,Schneider,charles.schneider31@enterprise-ai.corp,Product Management & Growth,Product Manager,Taipei,Taiwan,APAC-East,Full-Time Permanent,2019-11-20,1.9,133200.0,15.0,153200.0,3.66,2.7,11,16,29.0,3.3,1.7,25,0.83,High,No
EMP-10626,Donald,Park,donald.park32@enterprise-ai.corp,"Corporate Finance, Legal & Compliance",Corporate Counsel / Compliance Director,Taipei,Taiwan,APAC-East,Full-Time Permanent,2024-12-11,6.9,244700.0,25.0,305900.0,4.57,4.6,16,49,8.8,8.4,4.0,18,0.13,Low,Yes
EMP-10627,Mateo,Tanaka,mateo.tanaka33@enterprise-ai.corp,UI/UX Product Design,Staff UI/UX Design Lead,Zurich,Switzerland,EU-Central,Full-Time Permanent,2020-09-17,2.7,175500.0,20.0,210600.0,3.86,4.6,7,48,14.8,8.9,3.6,9,0.32,Medium,No
EMP-10628,Alex,Mueller,alex.mueller34@enterprise-ai.corp,Enterprise Solutions Architecture,Principal Enterprise Architect,New York,United States,US-East,Full-Time Permanent,2020-12-03,2.9,229500.0,25.0,286900.0,4.71,4.8,11,28,2.5,8.4,4.1,14,0.05,Low,Yes
EMP-10629,Jessica,Davis,jessica.davis35@enterprise-ai.corp,Customer Success & Technical Support,Customer Success Manager,Berlin,Germany,EU-Central,Full-Time Permanent,2018-04-03,0.3,85200.0,15.0,98000.0,4.54,4.3,4,42,9.9,9.1,3.8,1,0.04,Low,No
EMP-10630,Wei,Moreau,wei.moreau36@enterprise-ai.corp,AI & Machine Learning Research,L3 Senior Deep Learning Researcher,San Francisco,United States,US-West,Full-Time Permanent,2022-01-07,4.0,198100.0,25.0,247600.0,3.78,2.6,17,9,47.9,3.4,2.4,24,0.78,High,No
EMP-10631,Astrid,Gonzalez,astrid.gonzalez37@enterprise-ai.corp,Core Software Engineering,Engineering Director,Austin,United States,US-Central,Full-Time Permanent,2019-01-10,1.0,336000.0,35.0,453600.0,4.7,4.4,7,75,4.4,7.0,3.5,32,0.34,Medium,No
EMP-10632,Daniel,Brown,daniel.brown38@enterprise-ai.corp,"Corporate Finance, Legal & Compliance",Senior Financial Analyst,Sydney,Australia,APAC-ANZ,Full-Time Permanent,2021-11-20,3.9,133500.0,15.0,153500.0,4.52,4.6,16,21,4.4,8.1,4.5,3,0.1,Low,Yes
EMP-10633,Matthew,Moreau,matthew.moreau39@enterprise-ai.corp,Cloud Platform & DevOps / SRE,Cloud Infrastructure SRE,Sydney,Australia,APAC-ANZ,Full-Time Permanent,2020-02-28,2.2,133800.0,18.0,157900.0,3.67,4.0,8,36,15.0,8.3,4.2,25,0.31,Medium,No
EMP-10634,Robert,Thomas,robert.thomas40@enterprise-ai.corp,Core Software Engineering,L2 Software Engineer,San Francisco,United States,US-West,Full-Time Permanent,2025-06-22,7.5,110200.0,15.0,126700.0,4.14,4.4,5,55,2.2,7.4,4.2,4,0.22,Medium,No
EMP-10635,Anthony,Kowalski,anthony.kowalski41@enterprise-ai.corp,Enterprise Solutions Architecture,Senior Solutions Architect,Singapore,Singapore,APAC-South,Full-Time Permanent,2022-05-14,4.4,163200.0,20.0,195800.0,3.7,4.5,9,43,8.9,7.6,4.3,12,0.31,Medium,No
EMP-10636,Karen,Miller,karen.miller42@enterprise-ai.corp,Enterprise Solutions Architecture,Principal Enterprise Architect,San Francisco,United States,US-West,Full-Time Permanent,2021-08-15,3.6,220900.0,25.0,276100.0,4.48,4.8,12,65,12.8,9.5,4.0,3,0.34,Medium,No
EMP-10637,Robert,Gonzalez,robert.gonzalez43@enterprise-ai.corp,Enterprise Solutions Architecture,Principal Enterprise Architect,Tokyo,Japan,APAC-East,Full-Time Permanent,2020-08-01,2.6,267900.0,25.0,334900.0,4.37,4.4,13,80,9.8,8.5,4.6,24,0.16,Low,No
EMP-10638,Susan,Miller,susan.miller44@enterprise-ai.corp,Enterprise Solutions Architecture,Principal Enterprise Architect,Singapore,Singapore,APAC-South,Full-Time Permanent,2023-03-17,5.2,246000.0,25.0,307500.0,4.44,4.0,10,43,5.2,8.5,4.5,8,0.24,Medium,No
EMP-10639,Camila,Brown,camila.brown45@enterprise-ai.corp,Global Enterprise Sales & BD,Enterprise SDR / BDR,Berlin,Germany,EU-Central,Full-Time Permanent,2025-07-05,7.5,75100.0,30.0,97600.0,4.0,4.7,14,79,13.7,9.1,4.3,16,0.15,Low,No
EMP-10640,Mary,Schmidt,mary.schmidt46@enterprise-ai.corp,People Operations & Talent Acquisition,People Operations Partner,Zurich,Switzerland,EU-Central,Full-Time Permanent,2022-01-07,4.0,108500.0,12.0,121500.0,3.92,4.6,16,31,4.5,9.3,4.0,29,0.34,Medium,No
EMP-10641,Richard,Wilson,richard.wilson47@enterprise-ai.corp,Cloud Platform & DevOps / SRE,Cloud Infrastructure SRE,New York,United States,US-East,Full-Time Permanent,2022-04-09,4.3,148000.0,18.0,174600.0,4.09,4.4,13,41,9.6,8.6,4.6,2,0.1,Low,No
EMP-10642,Yuki,Martinez,yuki.martinez48@enterprise-ai.corp,Enterprise Solutions Architecture,Principal Enterprise Architect,London,United Kingdom,EU-West,Full-Time Permanent,2025-05-09,7.4,241100.0,25.0,301400.0,4.49,4.1,14,84,1.7,9.2,3.9,13,0.35,Medium,No
EMP-10643,Barbara,Ivanov,barbara.ivanov49@enterprise-ai.corp,"Corporate Finance, Legal & Compliance",Corporate Counsel / Compliance Director,Singapore,Singapore,APAC-South,Full-Time Permanent,2019-06-11,1.4,226100.0,25.0,282600.0,2.82,2.4,27,12,46.4,5.4,2.2,37,0.65,High,No
EMP-10644,Lisa,Nakamura,lisa.nakamura50@enterprise-ai.corp,Global Enterprise Sales & BD,Senior Enterprise Account Executive,Remote - Global,Global Remote,Remote,Full-Time Permanent,2022-10-18,4.8,143100.0,50.0,214600.0,4.21,3.9,8,31,11.9,9.3,4.6,36,0.29,Medium,No
EMP-10645,Kenji,Tanaka,kenji.tanaka51@enterprise-ai.corp,People Operations & Talent Acquisition,Talent Acquisition Lead,Singapore,Singapore,APAC-South,Full-Time Permanent,2025-11-04,7.8,114200.0,18.0,134800.0,3.99,4.6,6,84,8.9,7.6,4.3,6,0.07,Low,No
EMP-10646,Chloe,Moreau,chloe.moreau52@enterprise-ai.corp,UI/UX Product Design,Product Designer,Remote - Global,Global Remote,Remote,Full-Time Permanent,2019-07-16,1.5,129000.0,12.0,144500.0,4.1,2.7,25,16,31.1,2.9,2.2,2,0.64,High,No
EMP-10647,Wei,Sato,wei.sato53@enterprise-ai.corp,Core Software Engineering,Engineering Director,Berlin,Germany,EU-Central,Full-Time Permanent,2022-01-04,4.0,343400.0,35.0,463600.0,4.93,4.2,5,71,1.2,9.7,3.7,29,0.23,Medium,Yes
EMP-10648,Chloe,Ivanov,chloe.ivanov54@enterprise-ai.corp,People Operations & Talent Acquisition,Talent Acquisition Lead,Taipei,Taiwan,APAC-East,Full-Time Permanent,2024-10-15,6.8,120200.0,18.0,141800.0,4.56,4.4,16,25,7.2,9.1,4.7,30,0.11,Low,Yes
EMP-10649,Lucas,Dubois,lucas.dubois55@enterprise-ai.corp,AI & Machine Learning Research,L3 Senior Deep Learning Researcher,San Francisco,United States,US-West,Full-Time Permanent,2025-08-15,7.6,194600.0,25.0,243200.0,4.29,4.5,7,40,1.6,7.3,4.7,19,0.25,Medium,No
EMP-10650,Joseph,Park,joseph.park56@enterprise-ai.corp,UI/UX Product Design,Product Designer,New York,United States,US-East,Full-Time Permanent,2021-05-07,3.3,123600.0,12.0,138400.0,3.56,2.8,15,7,33.1,2.8,2.0,21,0.92,High,No
EMP-10651,Karen,Wilson,karen.wilson57@enterprise-ai.corp,People Operations & Talent Acquisition,People Operations Partner,San Francisco,United States,US-West,Full-Time Permanent,2019-08-12,1.6,103700.0,12.0,116100.0,4.75,4.0,10,64,10.4,8.3,4.4,19,0.22,Medium,Yes
EMP-10652,Margaret,Ivanov,margaret.ivanov58@enterprise-ai.corp,Cloud Platform & DevOps / SRE,Staff Reliability Architect,Tokyo,Japan,APAC-East,Full-Time Permanent,2020-03-28,2.2,203500.0,25.0,254400.0,3.95,3.9,6,66,10.9,9.1,3.6,36,0.11,Low,No
EMP-10653,Margaret,Miller,margaret.miller59@enterprise-ai.corp,Enterprise Solutions Architecture,Principal Enterprise Architect,New York,United States,US-East,Full-Time Permanent,2024-11-04,6.8,211500.0,25.0,264400.0,3.78,3.9,11,30,10.1,9.7,3.8,38,0.2,Medium,No
EMP-10654,Lucas,Brown,lucas.brown60@enterprise-ai.corp,"Corporate Finance, Legal & Compliance",Corporate Counsel / Compliance Director,Remote - Global,Global Remote,Remote,Contractor Strategic,2022-02-09,4.1,230100.0,25.0,287600.0,4.15,4.3,13,39,13.1,7.0,4.3,29,0.31,Medium,No
EMP-10655,Jessica,Moreau,jessica.moreau61@enterprise-ai.corp,Cloud Platform & DevOps / SRE,Staff Reliability Architect,New York,United States,US-East,Full-Time Permanent,2025-05-20,7.4,241800.0,25.0,302200.0,3.96,4.7,15,53,9.2,9.0,4.6,24,0.07,Low,No
EMP-10656,Matthew,Gonzalez,matthew.gonzalez62@enterprise-ai.corp,"Corporate Finance, Legal & Compliance",Senior Financial Analyst,New York,United States,US-East,Full-Time Permanent,2025-03-01,7.2,130100.0,15.0,149600.0,4.16,4.1,7,61,11.2,7.1,4.2,11,0.27,Medium,No
EMP-10657,Zoe,Kim,zoe.kim63@enterprise-ai.corp,Cloud Platform & DevOps / SRE,Cloud Infrastructure SRE,Remote - Global,Global Remote,Remote,Full-Time Permanent,2018-08-15,0.6,148600.0,18.0,175300.0,4.71,3.9,18,33,11.0,8.3,3.6,13,0.23,Medium,No
EMP-10658,Yuki,Santos,yuki.santos64@enterprise-ai.corp,Core Software Engineering,L3 Senior Software Engineer,San Francisco,United States,US-West,Full-Time Permanent,2021-08-12,3.6,151700.0,20.0,182000.0,4.05,3.9,6,26,3.7,8.9,4.7,22,0.17,Low,No
EMP-10659,Zoe,Anderson,zoe.anderson65@enterprise-ai.corp,Global Enterprise Sales & BD,Strategic Sales Director,Singapore,Singapore,APAC-South,Full-Time Permanent,2020-11-21,2.9,240200.0,55.0,372300.0,3.85,5.0,9,56,2.2,7.9,3.7,37,0.13,Low,No
EMP-10660,Jessica,Rodriguez,jessica.rodriguez66@enterprise-ai.corp,Customer Success & Technical Support,Customer Success Manager,Singapore,Singapore,APAC-South,Full-Time Permanent,2023-10-25,5.8,101500.0,15.0,116700.0,4.66,4.6,11,38,8.3,8.3,3.5,35,0.1,Low,Yes
EMP-10661,Mateo,Chen,mateo.chen67@enterprise-ai.corp,Core Software Engineering,Engineering Director,Remote - Global,Global Remote,Remote,Full-Time Permanent,2024-04-22,6.3,351200.0,35.0,474100.0,4.72,3.9,4,67,1.8,9.4,3.6,14,0.34,Medium,Yes
EMP-10662,Jennifer,Jackson,jennifer.jackson68@enterprise-ai.corp,Cloud Platform & DevOps / SRE,Cloud Infrastructure SRE,Tokyo,Japan,APAC-East,Full-Time Permanent,2025-03-22,7.2,132800.0,18.0,156700.0,3.79,4.0,12,65,7.0,8.3,3.5,3,0.21,Medium,No
EMP-10663,Mark,Davis,mark.davis69@enterprise-ai.corp,"Corporate Finance, Legal & Compliance",Corporate Counsel / Compliance Director,London,United Kingdom,EU-West,Full-Time Permanent,2019-08-25,1.6,225700.0,25.0,282100.0,4.5,4.8,10,38,5.1,8.9,3.6,16,0.27,Medium,Yes
EMP-10664,Tariq,Dubois,tariq.dubois70@enterprise-ai.corp,Product Management & Growth,Senior Group Product Manager,New York,United States,US-East,Full-Time Permanent,2024-05-21,6.4,166700.0,22.0,203400.0,4.7,4.3,8,67,12.8,9.4,4.1,7,0.13,Low,Yes
EMP-10665,William,Rodriguez,william.rodriguez71@enterprise-ai.corp,AI & Machine Learning Research,L4 Staff AI Scientist,Singapore,Singapore,APAC-South,Full-Time Permanent,2020-04-25,2.3,231900.0,30.0,301500.0,3.97,3.8,9,75,7.5,9.6,4.9,30,0.19,Low,No
EMP-10666,Daniel,Moreau,daniel.moreau72@enterprise-ai.corp,Enterprise Solutions Architecture,Principal Enterprise Architect,Sydney,Australia,APAC-ANZ,Full-Time Permanent,2020-02-16,2.1,253500.0,25.0,316900.0,4.41,4.3,4,69,12.0,9.8,4.1,22,0.17,Low,No
EMP-10667,Camila,Santos,camila.santos73@enterprise-ai.corp,Global Enterprise Sales & BD,Enterprise SDR / BDR,New York,United States,US-East,Full-Time Permanent,2019-05-05,1.3,68300.0,30.0,88800.0,4.35,4.1,6,47,5.8,8.9,3.6,35,0.33,Medium,No
EMP-10668,Margaret,Chen,margaret.chen74@enterprise-ai.corp,"Corporate Finance, Legal & Compliance",Senior Financial Analyst,Berlin,Germany,EU-Central,Full-Time Permanent,2022-12-31,5.0,132300.0,15.0,152100.0,4.53,4.4,8,71,6.2,9.7,3.7,2,0.05,Low,Yes
EMP-10669,Fatima,Thomas,fatima.thomas75@enterprise-ai.corp,Cloud Platform & DevOps / SRE,Staff Reliability Architect,Austin,United States,US-Central,Contractor Strategic,2020-02-23,2.1,199700.0,25.0,249600.0,3.62,4.3,11,37,10.1,8.9,4.9,31,0.15,Low,No
EMP-10670,Betty,Smith,betty.smith76@enterprise-ai.corp,AI & Machine Learning Research,L3 Senior Deep Learning Researcher,New York,United States,US-East,Full-Time Permanent,2020-08-29,2.7,172500.0,25.0,215600.0,4.53,5.0,16,66,1.6,9.6,4.4,9,0.09,Low,Yes
EMP-10671,Lisa,Garcia,lisa.garcia77@enterprise-ai.corp,Global Enterprise Sales & BD,Mid-Market Account Executive,Zurich,Switzerland,EU-Central,Full-Time Permanent,2020-07-25,2.6,115200.0,40.0,161300.0,4.0,4.5,15,44,7.6,8.4,3.7,14,0.15,Low,No
EMP-10672,Joseph,Moore,joseph.moore78@enterprise-ai.corp,Core Software Engineering,L3 Senior Software Engineer,Taipei,Taiwan,APAC-East,Full-Time Permanent,2024-08-28,6.7,181500.0,20.0,217800.0,3.63,2.8,14,15,57.8,3.3,2.2,31,0.93,High,No
EMP-10673,Richard,Williams,richard.williams79@enterprise-ai.corp,Core Software Engineering,L1 Associate Software Engineer,London,United Kingdom,EU-West,Full-Time Permanent,2024-04-06,6.3,104800.0,10.0,115300.0,3.78,5.0,4,31,0.2,9.1,4.8,12,0.31,Medium,No
EMP-10674,Kenji,Anderson,kenji.anderson80@enterprise-ai.corp,AI & Machine Learning Research,L2 AI/ML Engineer,New York,United States,US-East,Contractor Strategic,2020-04-09,2.3,146400.0,15.0,168400.0,4.26,5.0,16,67,6.5,9.2,4.9,19,0.24,Medium,No
EMP-10675,Elena,Jones,elena.jones81@enterprise-ai.corp,Global Enterprise Sales & BD,Enterprise SDR / BDR,Berlin,Germany,EU-Central,Full-Time Permanent,2019-10-10,1.8,83400.0,30.0,108400.0,3.61,4.4,7,55,8.6,8.9,4.7,7,0.23,Medium,No
EMP-10676,Anthony,Moore,anthony.moore82@enterprise-ai.corp,People Operations & Talent Acquisition,People Operations Partner,New York,United States,US-East,Full-Time Permanent,2018-07-08,0.5,91900.0,12.0,102900.0,4.11,3.3,25,18,53.1,4.3,2.3,9,0.84,High,No
EMP-10677,Nancy,Lopez,nancy.lopez83@enterprise-ai.corp,UI/UX Product Design,Product Designer,London,United Kingdom,EU-West,Full-Time Permanent,2025-04-29,7.3,98400.0,12.0,110200.0,3.92,3.2,13,11,49.2,3.0,1.8,19,0.7,High,No
EMP-10678,Nancy,Sharma,nancy.sharma84@enterprise-ai.corp,Enterprise Solutions Architecture,Senior Solutions Architect,New York,United States,US-East,Full-Time Permanent,2024-03-10,6.2,185200.0,20.0,222200.0,4.1,3.5,16,9,31.6,3.7,2.4,24,0.76,High,No
EMP-10679,Susan,Martin,susan.martin85@enterprise-ai.corp,UI/UX Product Design,Staff UI/UX Design Lead,Berlin,Germany,EU-Central,Full-Time Permanent,2022-06-02,4.4,168400.0,20.0,202100.0,4.11,2.6,21,11,47.9,2.6,1.2,34,0.95,High,No
EMP-10680,Susan,Lin,susan.lin86@enterprise-ai.corp,"Corporate Finance, Legal & Compliance",Corporate Counsel / Compliance Director,London,United Kingdom,EU-West,Full-Time Permanent,2018-10-31,0.8,236100.0,25.0,295100.0,3.86,3.1,18,3,33.0,3.5,1.6,9,0.85,High,No
EMP-10681,Joseph,Huang,joseph.huang87@enterprise-ai.corp,UI/UX Product Design,Product Designer,San Francisco,United States,US-West,Full-Time Permanent,2020-04-08,2.3,101900.0,12.0,114100.0,4.23,4.7,18,21,5.9,7.1,5.0,37,0.03,Low,No
EMP-10682,Tariq,Santos,tariq.santos88@enterprise-ai.corp,Product Management & Growth,Senior Group Product Manager,Remote - Global,Global Remote,Remote,Full-Time Permanent,2019-02-16,1.1,179800.0,22.0,219400.0,3.69,5.0,9,84,5.4,9.1,4.6,32,0.31,Medium,No
EMP-10683,Mei,Mueller,mei.mueller89@enterprise-ai.corp,Cloud Platform & DevOps / SRE,Staff Reliability Architect,Tokyo,Japan,APAC-East,Contractor Strategic,2019-07-13,1.5,246900.0,25.0,308600.0,4.95,4.6,5,82,2.5,7.2,4.1,28,0.09,Low,No
EMP-10684,Barbara,Schmidt,barbara.schmidt90@enterprise-ai.corp,"Corporate Finance, Legal & Compliance",Corporate Counsel / Compliance Director,Tokyo,Japan,APAC-East,Full-Time Permanent,2020-05-26,2.4,194100.0,25.0,242600.0,3.23,3.5,27,16,27.5,2.7,2.1,14,0.69,High,No
EMP-10685,Rohan,Kowalski,rohan.kowalski91@enterprise-ai.corp,Product Management & Growth,Director of Product,Tokyo,Japan,APAC-East,Full-Time Permanent,2023-06-14,5.4,263300.0,30.0,342300.0,4.46,3.8,17,50,5.7,8.2,3.6,8,0.13,Low,No
EMP-10686,Michael,Johnson,michael.johnson92@enterprise-ai.corp,Core Software Engineering,Engineering Director,San Francisco,United States,US-West,Full-Time Permanent,2019-10-12,1.8,339500.0,35.0,458300.0,4.92,4.4,14,76,0.6,8.0,4.1,10,0.09,Low,Yes
EMP-10687,Astrid,Oliveira,astrid.oliveira93@enterprise-ai.corp,Global Enterprise Sales & BD,Senior Enterprise Account Executive,London,United Kingdom,EU-West,Full-Time Permanent,2025-04-08,7.3,142700.0,50.0,214000.0,4.31,4.6,4,27,5.0,7.2,4.9,34,0.15,Low,No
EMP-10688,Sven,Schmidt,sven.schmidt94@enterprise-ai.corp,AI & Machine Learning Research,L3 Senior Deep Learning Researcher,San Francisco,United States,US-West,Full-Time Permanent,2019-05-25,1.4,176500.0,25.0,220600.0,4.83,4.4,15,49,2.3,8.7,4.6,25,0.13,Low,No
EMP-10689,Anthony,Davis,anthony.davis95@enterprise-ai.corp,Enterprise Solutions Architecture,Principal Enterprise Architect,Taipei,Taiwan,APAC-East,Full-Time Permanent,2018-12-20,1.0,265800.0,25.0,332200.0,4.9,3.9,15,80,10.5,9.8,3.7,36,0.19,Low,No
EMP-10690,William,Garcia,william.garcia96@enterprise-ai.corp,Customer Success & Technical Support,Senior Technical Account Manager,Remote - Global,Global Remote,Remote,Full-Time Permanent,2021-04-27,3.3,145100.0,20.0,174100.0,3.65,4.9,5,65,7.8,7.3,4.4,16,0.05,Low,No
EMP-10691,Karen,Mueller,karen.mueller97@enterprise-ai.corp,AI & Machine Learning Research,L5 Principal Research Fellow,London,United Kingdom,EU-West,Full-Time Permanent,2025-07-25,7.6,323400.0,40.0,452800.0,4.41,4.8,16,73,13.0,8.3,3.9,38,0.11,Low,No
EMP-10692,Dmitri,Huang,dmitri.huang98@enterprise-ai.corp,"Corporate Finance, Legal & Compliance",Corporate Counsel / Compliance Director,Taipei,Taiwan,APAC-East,Full-Time Permanent,2022-12-10,4.9,236100.0,25.0,295100.0,4.57,3.9,5,81,9.1,8.1,4.4,12,0.05,Low,Yes
EMP-10693,Ananya,Wilson,ananya.wilson0@enterprise-ai.corp,People Operations & Talent Acquisition,People Operations Partner,Tokyo,Japan,APAC-East,Full-Time Permanent,2020-03-18,2.2,99800.0,12.0,111800.0,4.14,4.3,12,23,7.7,8.1,3.7,9,0.11,Low,No
EMP-10694,Linda,Smith,linda.smith1@enterprise-ai.corp,People Operations & Talent Acquisition,Talent Acquisition Lead,Taipei,Taiwan,APAC-East,Full-Time Permanent,2021-07-04,3.5,111100.0,18.0,131100.0,4.03,4.1,9,74,14.8,8.5,4.2,4,0.21,Medium,No
EMP-10695,Betty,Rodriguez,betty.rodriguez2@enterprise-ai.corp,UI/UX Product Design,Product Designer,San Francisco,United States,US-West,Full-Time Permanent,2023-05-20,5.4,115900.0,12.0,129800.0,4.15,4.1,12,77,11.5,7.6,4.6,19,0.08,Low,No
EMP-10696,Sven,Yamamoto,sven.yamamoto3@enterprise-ai.corp,Customer Success & Technical Support,Senior Technical Account Manager,Austin,United States,US-Central,Full-Time Permanent,2020-01-03,2.0,126000.0,20.0,151200.0,4.89,4.8,7,20,12.8,9.6,3.5,5,0.23,Medium,Yes
EMP-10697,David,Nakamura,david.nakamura4@enterprise-ai.corp,Customer Success & Technical Support,Director of Customer Success,London,United Kingdom,EU-West,Contractor Strategic,2020-04-15,2.3,196500.0,25.0,245600.0,3.53,2.4,19,3,32.8,3.4,1.7,11,0.67,High,No
EMP-10698,James,Gonzalez,james.gonzalez5@enterprise-ai.corp,Product Management & Growth,Director of Product,New York,United States,US-East,Full-Time Permanent,2019-09-27,1.7,258000.0,30.0,335400.0,3.93,4.9,8,43,4.4,7.2,3.6,23,0.21,Medium,No
EMP-10699,Sarah,Garcia,sarah.garcia6@enterprise-ai.corp,Global Enterprise Sales & BD,Senior Enterprise Account Executive,Austin,United States,US-Central,Full-Time Permanent,2019-12-24,2.0,165400.0,50.0,248100.0,3.73,4.5,4,24,0.5,9.8,4.8,32,0.06,Low,No
EMP-10700,Betty,Lin,betty.lin7@enterprise-ai.corp,UI/UX Product Design,Staff UI/UX Design Lead,New York,United States,US-East,Full-Time Permanent,2022-04-01,4.2,156700.0,20.0,188000.0,3.34,2.1,12,5,49.5,4.4,1.8,36,0.77,High,No
EMP-10701,Tariq,Martinez,tariq.martinez8@enterprise-ai.corp,Enterprise Solutions Architecture,Senior Solutions Architect,Zurich,Switzerland,EU-Central,Full-Time Permanent,2021-06-29,3.5,187600.0,20.0,225100.0,4.52,4.1,10,81,4.7,9.8,4.5,13,0.31,Medium,Yes
EMP-10702,Sarah,Taylor,sarah.taylor9@enterprise-ai.corp,UI/UX Product Design,Product Designer,Sydney,Australia,APAC-ANZ,Full-Time Permanent,2021-05-23,3.4,105400.0,12.0,118000.0,3.67,4.3,8,58,4.3,7.1,4.1,3,0.21,Medium,No
EMP-10703,Kenji,Martin,kenji.martin10@enterprise-ai.corp,AI & Machine Learning Research,L3 Senior Deep Learning Researcher,Austin,United States,US-Central,Full-Time Permanent,2020-10-28,2.8,206600.0,25.0,258200.0,4.97,4.3,14,58,2.1,9.1,4.3,7,0.31,Medium,Yes
EMP-10704,Elizabeth,Rodriguez,elizabeth.rodriguez11@enterprise-ai.corp,Global Enterprise Sales & BD,VP of Global Enterprise Sales,New York,United States,US-East,Full-Time Permanent,2019-09-07,1.7,329900.0,60.0,527800.0,4.62,3.9,18,56,11.0,9.1,4.9,24,0.33,Medium,Yes
EMP-10705,Jessica,Jackson,jessica.jackson12@enterprise-ai.corp,Core Software Engineering,L2 Software Engineer,Sydney,Australia,APAC-ANZ,Full-Time Permanent,2022-07-27,4.6,136700.0,15.0,157200.0,4.55,3.9,11,64,0.4,7.5,4.8,19,0.27,Medium,Yes
EMP-10706,Jessica,Jones,jessica.jones13@enterprise-ai.corp,"Corporate Finance, Legal & Compliance",Corporate Counsel / Compliance Director,Singapore,Singapore,APAC-South,Full-Time Permanent,2020-09-05,2.7,230600.0,25.0,288200.0,4.32,5.0,15,83,0.3,8.0,3.8,15,0.11,Low,No
EMP-10707,Rohan,Garcia,rohan.garcia14@enterprise-ai.corp,AI & Machine Learning Research,L4 Staff AI Scientist,Zurich,Switzerland,EU-Central,Full-Time Permanent,2023-04-10,5.3,264000.0,30.0,343200.0,4.54,4.5,5,44,14.9,8.7,4.8,5,0.22,Medium,Yes
EMP-10708,Camila,Smith,camila.smith15@enterprise-ai.corp,People Operations & Talent Acquisition,Talent Acquisition Lead,San Francisco,United States,US-West,Full-Time Permanent,2025-03-25,7.2,137000.0,18.0,161700.0,4.94,4.1,12,62,0.8,8.7,3.6,38,0.05,Low,Yes
EMP-10709,Anthony,Kowalski,anthony.kowalski16@enterprise-ai.corp,Product Management & Growth,Senior Group Product Manager,Remote - Global,Global Remote,Remote,Full-Time Permanent,2020-11-11,2.9,201600.0,22.0,246000.0,3.04,3.1,18,9,32.6,3.2,2.2,33,0.62,High,No
EMP-10710,Barbara,Sato,barbara.sato17@enterprise-ai.corp,AI & Machine Learning Research,L4 Staff AI Scientist,Zurich,Switzerland,EU-Central,Full-Time Permanent,2025-11-23,7.9,241300.0,30.0,313700.0,3.83,4.5,14,84,3.6,9.0,3.7,1,0.24,Medium,No
EMP-10711,Tariq,Martin,tariq.martin18@enterprise-ai.corp,People Operations & Talent Acquisition,Talent Acquisition Lead,Austin,United States,US-Central,Full-Time Permanent,2021-08-15,3.6,128300.0,18.0,151400.0,4.89,4.0,9,69,12.7,7.4,3.9,35,0.07,Low,No
EMP-10712,Camila,Moore,camila.moore19@enterprise-ai.corp,AI & Machine Learning Research,L2 AI/ML Engineer,Berlin,Germany,EU-Central,Full-Time Permanent,2023-02-27,5.2,159500.0,15.0,183400.0,3.44,2.7,21,20,42.1,5.3,1.1,14,0.77,High,No
EMP-10713,Barbara,Gonzalez,barbara.gonzalez20@enterprise-ai.corp,Customer Success & Technical Support,Director of Customer Success,Austin,United States,US-Central,Full-Time Permanent,2020-05-19,2.4,205200.0,25.0,256500.0,3.76,4.2,9,73,4.9,8.3,4.5,17,0.25,Medium,No
EMP-10714,David,Yamamoto,david.yamamoto21@enterprise-ai.corp,Enterprise Solutions Architecture,Senior Solutions Architect,Remote - Global,Global Remote,Remote,Full-Time Permanent,2022-11-28,4.9,191600.0,20.0,229900.0,4.02,2.5,17,10,42.1,3.4,1.0,17,0.72,High,No
EMP-10715,Sandra,Smith,sandra.smith22@enterprise-ai.corp,People Operations & Talent Acquisition,Talent Acquisition Lead,Tokyo,Japan,APAC-East,Full-Time Permanent,2018-12-25,1.0,129000.0,18.0,152200.0,3.71,2.9,27,11,32.0,2.3,2.0,22,0.86,High,No
EMP-10716,Astrid,Johnson,astrid.johnson23@enterprise-ai.corp,UI/UX Product Design,Product Designer,Singapore,Singapore,APAC-South,Full-Time Permanent,2020-04-22,2.3,101300.0,12.0,113500.0,3.95,4.0,14,63,9.9,9.7,4.4,8,0.21,Medium,No
EMP-10717,William,Ivanov,william.ivanov24@enterprise-ai.corp,Product Management & Growth,Product Manager,San Francisco,United States,US-West,Full-Time Permanent,2019-09-17,1.7,141000.0,15.0,162200.0,3.83,4.3,17,55,13.9,8.2,4.6,5,0.18,Low,No
EMP-10718,Betty,Yamamoto,betty.yamamoto25@enterprise-ai.corp,Product Management & Growth,Product Manager,San Francisco,United States,US-West,Full-Time Permanent,2019-01-08,1.0,132300.0,15.0,152100.0,3.89,2.8,19,10,30.6,3.6,2.0,29,0.73,High,No
EMP-10719,Margaret,Williams,margaret.williams26@enterprise-ai.corp,Core Software Engineering,L1 Associate Software Engineer,Remote - Global,Global Remote,Remote,Full-Time Permanent,2024-02-23,6.1,99500.0,10.0,109500.0,4.9,4.5,10,70,10.2,8.1,4.6,3,0.16,Low,Yes
EMP-10720,Kenji,Nakamura,kenji.nakamura27@enterprise-ai.corp,Cloud Platform & DevOps / SRE,Staff Reliability Architect,Zurich,Switzerland,EU-Central,Contractor Strategic,2020-05-25,2.4,229500.0,25.0,286900.0,3.77,3.9,9,62,8.4,8.0,4.9,37,0.19,Low,No
EMP-10721,Alex,Thomas,alex.thomas28@enterprise-ai.corp,Customer Success & Technical Support,Customer Success Manager,Berlin,Germany,EU-Central,Full-Time Permanent,2020-12-29,3.0,99900.0,15.0,114900.0,4.95,4.0,5,37,10.4,7.7,4.7,33,0.14,Low,Yes
EMP-10722,Ting,Patel,ting.patel29@enterprise-ai.corp,Core Software Engineering,L3 Senior Software Engineer,Taipei,Taiwan,APAC-East,Full-Time Permanent,2018-07-27,0.6,180800.0,20.0,217000.0,2.95,3.5,23,18,53.4,4.1,1.1,33,0.88,High,No
EMP-10723,Ting,Moreau,ting.moreau30@enterprise-ai.corp,Cloud Platform & DevOps / SRE,Staff Reliability Architect,Berlin,Germany,EU-Central,Full-Time Permanent,2020-05-15,2.4,205800.0,25.0,257200.0,4.51,4.2,12,52,0.6,9.0,3.7,21,0.25,Medium,Yes
EMP-10724,Astrid,Hernandez,astrid.hernandez31@enterprise-ai.corp,Customer Success & Technical Support,Senior Technical Account Manager,London,United Kingdom,EU-West,Full-Time Permanent,2024-05-09,6.4,141300.0,20.0,169600.0,2.51,3.5,20,7,44.5,3.5,2.4,11,0.65,High,No
EMP-10725,Charles,Lin,charles.lin32@enterprise-ai.corp,People Operations & Talent Acquisition,Talent Acquisition Lead,New York,United States,US-East,Full-Time Permanent,2023-04-24,5.3,118300.0,18.0,139600.0,4.01,3.8,6,84,11.7,7.0,3.9,35,0.13,Low,No
EMP-10726,Mei,Lopez,mei.lopez33@enterprise-ai.corp,Customer Success & Technical Support,Senior Technical Account Manager,Taipei,Taiwan,APAC-East,Full-Time Permanent,2023-12-24,6.0,120000.0,20.0,144000.0,4.27,4.0,8,45,3.5,7.0,4.3,20,0.26,Medium,No
EMP-10727,Camila,Hernandez,camila.hernandez34@enterprise-ai.corp,Enterprise Solutions Architecture,Senior Solutions Architect,New York,United States,US-East,Full-Time Permanent,2019-02-17,1.1,157800.0,20.0,189400.0,4.04,4.0,7,48,7.1,7.1,4.2,3,0.29,Medium,No
EMP-10728,Susan,Brown,susan.brown35@enterprise-ai.corp,Enterprise Solutions Architecture,Senior Solutions Architect,Tokyo,Japan,APAC-East,Full-Time Permanent,2023-05-07,5.3,175500.0,20.0,210600.0,4.15,4.1,15,38,13.2,7.2,4.3,6,0.33,Medium,No
EMP-10729,Dmitri,Moore,dmitri.moore36@enterprise-ai.corp,UI/UX Product Design,Staff UI/UX Design Lead,New York,United States,US-East,Contractor Strategic,2019-09-17,1.7,165600.0,20.0,198700.0,3.82,4.4,15,45,1.1,9.1,4.8,31,0.1,Low,No
EMP-10730,Patricia,Garcia,patricia.garcia37@enterprise-ai.corp,UI/UX Product Design,Staff UI/UX Design Lead,Sydney,Australia,APAC-ANZ,Full-Time Permanent,2021-05-13,3.4,156400.0,20.0,187700.0,3.95,4.7,17,30,9.1,8.7,3.8,38,0.08,Low,No
EMP-10731,Mark,Martin,mark.martin38@enterprise-ai.corp,Cloud Platform & DevOps / SRE,Cloud Infrastructure SRE,Singapore,Singapore,APAC-South,Full-Time Permanent,2025-06-19,7.5,147700.0,18.0,174300.0,3.89,2.5,11,10,45.7,3.8,1.3,6,0.6,High,No
EMP-10732,Robert,Hernandez,robert.hernandez39@enterprise-ai.corp,Core Software Engineering,L3 Senior Software Engineer,New York,United States,US-East,Full-Time Permanent,2021-02-18,3.1,181600.0,20.0,217900.0,4.58,4.4,6,79,13.4,8.6,4.1,8,0.05,Low,Yes
EMP-10733,William,Mueller,william.mueller40@enterprise-ai.corp,Global Enterprise Sales & BD,VP of Global Enterprise Sales,Berlin,Germany,EU-Central,Full-Time Permanent,2022-10-14,4.8,326300.0,60.0,522100.0,4.16,5.0,12,67,11.2,8.1,4.5,29,0.2,Medium,No
EMP-10734,Patricia,Garcia,patricia.garcia41@enterprise-ai.corp,Global Enterprise Sales & BD,Enterprise SDR / BDR,Singapore,Singapore,APAC-South,Contractor Strategic,2025-08-24,7.6,75800.0,30.0,98500.0,4.64,4.7,10,40,11.1,8.3,4.9,5,0.18,Low,Yes
EMP-10735,David,Schneider,david.schneider42@enterprise-ai.corp,People Operations & Talent Acquisition,People Operations Partner,Austin,United States,US-Central,Full-Time Permanent,2021-05-19,3.4,108000.0,12.0,121000.0,3.83,4.6,4,78,13.7,7.2,3.6,36,0.09,Low,No
EMP-10736,Zoe,Rodriguez,zoe.rodriguez43@enterprise-ai.corp,AI & Machine Learning Research,L3 Senior Deep Learning Researcher,Taipei,Taiwan,APAC-East,Full-Time Permanent,2020-05-01,2.3,192600.0,25.0,240800.0,3.91,4.8,15,38,12.4,7.4,4.9,12,0.2,Medium,No
EMP-10737,Alex,Brown,alex.brown44@enterprise-ai.corp,Core Software Engineering,L4 Staff Distributed Engineer,London,United Kingdom,EU-West,Full-Time Permanent,2021-04-03,3.3,199400.0,25.0,249200.0,4.49,4.9,6,43,6.6,7.5,3.9,3,0.17,Low,No
EMP-10738,Alex,Lin,alex.lin45@enterprise-ai.corp,Enterprise Solutions Architecture,Senior Solutions Architect,Berlin,Germany,EU-Central,Full-Time Permanent,2024-02-06,6.1,172900.0,20.0,207500.0,3.77,4.1,10,63,3.7,8.7,3.9,4,0.22,Medium,No
EMP-10739,Richard,Rodriguez,richard.rodriguez46@enterprise-ai.corp,People Operations & Talent Acquisition,Talent Acquisition Lead,San Francisco,United States,US-West,Full-Time Permanent,2021-05-30,3.4,120000.0,18.0,141600.0,4.08,4.6,12,50,14.4,8.1,5.0,4,0.22,Medium,No
EMP-10740,Ting,Nakamura,ting.nakamura47@enterprise-ai.corp,Customer Success & Technical Support,Senior Technical Account Manager,London,United Kingdom,EU-West,Full-Time Permanent,2019-11-14,1.9,144700.0,20.0,173600.0,4.26,4.2,16,28,9.5,8.6,4.1,31,0.25,Medium,No
EMP-10741,Patricia,Garcia,patricia.garcia48@enterprise-ai.corp,Global Enterprise Sales & BD,Strategic Sales Director,Taipei,Taiwan,APAC-East,Full-Time Permanent,2020-09-04,2.7,212100.0,55.0,328800.0,4.5,4.3,14,40,2.4,9.2,4.2,2,0.09,Low,Yes
EMP-10742,Sandra,Chen,sandra.chen49@enterprise-ai.corp,Global Enterprise Sales & BD,Senior Enterprise Account Executive,Remote - Global,Global Remote,Remote,Full-Time Permanent,2023-11-20,5.9,148400.0,50.0,222600.0,4.66,4.8,10,36,0.9,7.7,4.0,28,0.34,Medium,Yes
EMP-10743,Richard,Davis,richard.davis50@enterprise-ai.corp,People Operations & Talent Acquisition,Talent Acquisition Lead,Sydney,Australia,APAC-ANZ,Full-Time Permanent,2021-05-15,3.4,109300.0,18.0,129000.0,4.75,4.4,17,26,8.4,7.3,4.2,14,0.13,Low,No
EMP-10744,Charles,Wilson,charles.wilson51@enterprise-ai.corp,Global Enterprise Sales & BD,Strategic Sales Director,Tokyo,Japan,APAC-East,Full-Time Permanent,2025-02-21,7.1,279600.0,55.0,433400.0,4.41,4.7,16,60,5.4,7.6,4.4,31,0.08,Low,No
EMP-10745,Donald,Miller,donald.miller52@enterprise-ai.corp,Global Enterprise Sales & BD,VP of Global Enterprise Sales,San Francisco,United States,US-West,Full-Time Permanent,2022-05-09,4.4,340900.0,60.0,545400.0,3.99,4.6,15,50,8.0,9.7,4.3,22,0.19,Low,No
EMP-10746,Yuki,Park,yuki.park53@enterprise-ai.corp,UI/UX Product Design,Staff UI/UX Design Lead,Tokyo,Japan,APAC-East,Full-Time Permanent,2022-01-19,4.0,169300.0,20.0,203200.0,4.93,4.9,16,60,8.2,8.4,4.4,18,0.32,Medium,Yes
EMP-10747,Kenji,Brown,kenji.brown54@enterprise-ai.corp,Product Management & Growth,Product Manager,London,United Kingdom,EU-West,Full-Time Permanent,2025-07-12,7.5,148200.0,15.0,170400.0,3.85,4.1,8,49,14.1,7.4,3.6,22,0.07,Low,No
EMP-10748,Lucas,Brown,lucas.brown55@enterprise-ai.corp,Customer Success & Technical Support,Senior Technical Account Manager,Zurich,Switzerland,EU-Central,Full-Time Permanent,2021-06-27,3.5,148800.0,20.0,178600.0,4.31,4.6,13,57,11.9,8.8,4.8,17,0.09,Low,No
EMP-10749,Elena,Moore,elena.moore56@enterprise-ai.corp,UI/UX Product Design,Staff UI/UX Design Lead,Sydney,Australia,APAC-ANZ,Full-Time Permanent,2019-11-08,1.9,173900.0,20.0,208700.0,3.82,4.2,17,44,1.1,7.9,4.4,29,0.25,Medium,No
EMP-10750,Linda,Moore,linda.moore57@enterprise-ai.corp,UI/UX Product Design,Product Designer,Berlin,Germany,EU-Central,Full-Time Permanent,2020-10-23,2.8,122000.0,12.0,136600.0,4.43,4.1,14,51,4.8,7.7,3.7,32,0.23,Medium,No
EMP-10751,Sandra,Chen,sandra.chen58@enterprise-ai.corp,Core Software Engineering,L4 Staff Distributed Engineer,Taipei,Taiwan,APAC-East,Full-Time Permanent,2023-07-17,5.5,222800.0,25.0,278500.0,4.65,4.0,18,63,5.5,8.7,3.6,35,0.34,Medium,Yes
EMP-10752,Karen,Sato,karen.sato59@enterprise-ai.corp,People Operations & Talent Acquisition,Talent Acquisition Lead,Austin,United States,US-Central,Full-Time Permanent,2019-01-11,1.0,111900.0,18.0,132000.0,4.22,4.1,14,33,12.3,8.9,4.1,32,0.17,Low,No
EMP-10753,Ananya,Smith,ananya.smith60@enterprise-ai.corp,AI & Machine Learning Research,L5 Principal Research Fellow,Tokyo,Japan,APAC-East,Full-Time Permanent,2023-07-31,5.6,325200.0,40.0,455300.0,4.05,3.4,10,4,32.4,3.2,2.1,38,0.85,High,No
EMP-10754,Karen,Tanaka,karen.tanaka61@enterprise-ai.corp,Customer Success & Technical Support,Senior Technical Account Manager,Sydney,Australia,APAC-ANZ,Full-Time Permanent,2022-04-01,4.2,121800.0,20.0,146200.0,3.75,4.3,15,73,13.1,9.4,3.7,15,0.04,Low,No
EMP-10755,Karen,Kowalski,karen.kowalski62@enterprise-ai.corp,"Corporate Finance, Legal & Compliance",Corporate Counsel / Compliance Director,Remote - Global,Global Remote,Remote,Full-Time Permanent,2019-06-01,1.4,212000.0,25.0,265000.0,3.82,4.2,4,52,1.4,9.8,4.3,10,0.29,Medium,No
EMP-10756,Charles,Johnson,charles.johnson63@enterprise-ai.corp,Global Enterprise Sales & BD,Enterprise SDR / BDR,Singapore,Singapore,APAC-South,Full-Time Permanent,2025-06-15,7.5,70000.0,30.0,91000.0,4.37,4.4,12,76,11.7,8.9,4.6,33,0.17,Low,No
EMP-10757,Daniel,Garcia,daniel.garcia64@enterprise-ai.corp,"Corporate Finance, Legal & Compliance",Senior Financial Analyst,Austin,United States,US-Central,Full-Time Permanent,2023-01-18,5.0,106700.0,15.0,122700.0,4.98,4.8,14,40,9.0,7.5,4.4,16,0.21,Medium,Yes
EMP-10758,Kenji,Smith,kenji.smith65@enterprise-ai.corp,Customer Success & Technical Support,Customer Success Manager,London,United Kingdom,EU-West,Full-Time Permanent,2020-06-13,2.4,98700.0,15.0,113500.0,4.46,3.8,10,49,2.5,8.0,4.6,18,0.14,Low,No
EMP-10759,Chloe,Anderson,chloe.anderson66@enterprise-ai.corp,AI & Machine Learning Research,L5 Principal Research Fellow,Tokyo,Japan,APAC-East,Full-Time Permanent,2019-11-20,1.9,359800.0,40.0,503700.0,4.97,4.8,18,35,9.4,8.8,3.8,36,0.32,Medium,Yes
EMP-10760,Jessica,Johnson,jessica.johnson67@enterprise-ai.corp,Customer Success & Technical Support,Director of Customer Success,London,United Kingdom,EU-West,Full-Time Permanent,2024-02-07,6.1,187200.0,25.0,234000.0,4.07,4.4,12,51,7.9,9.2,4.7,26,0.13,Low,No
EMP-10761,Barbara,Thomas,barbara.thomas68@enterprise-ai.corp,Customer Success & Technical Support,Director of Customer Success,San Francisco,United States,US-West,Full-Time Permanent,2019-12-08,1.9,183800.0,25.0,229800.0,4.18,4.3,14,77,1.5,7.7,4.8,10,0.32,Medium,No
EMP-10762,Lucas,Oliveira,lucas.oliveira69@enterprise-ai.corp,Product Management & Growth,Product Manager,Tokyo,Japan,APAC-East,Full-Time Permanent,2019-08-25,1.6,136800.0,15.0,157300.0,4.4,4.9,8,48,2.0,9.0,4.2,5,0.06,Low,No
EMP-10763,Daniel,Rodriguez,daniel.rodriguez70@enterprise-ai.corp,Global Enterprise Sales & BD,Senior Enterprise Account Executive,Berlin,Germany,EU-Central,Full-Time Permanent,2021-05-11,3.4,187600.0,50.0,281400.0,4.79,3.9,16,24,5.5,9.6,4.7,9,0.14,Low,Yes
EMP-10764,Elena,Nakamura,elena.nakamura71@enterprise-ai.corp,"Corporate Finance, Legal & Compliance",Senior Financial Analyst,Tokyo,Japan,APAC-East,Full-Time Permanent,2019-06-10,1.4,125700.0,15.0,144600.0,4.57,3.9,10,50,7.5,7.9,3.5,12,0.15,Low,No
EMP-10765,Lisa,Martinez,lisa.martinez72@enterprise-ai.corp,Product Management & Growth,Senior Group Product Manager,Tokyo,Japan,APAC-East,Full-Time Permanent,2018-10-17,0.8,185200.0,22.0,225900.0,4.17,4.5,18,49,3.7,9.0,4.3,28,0.03,Low,No
EMP-10766,Sven,Nakamura,sven.nakamura73@enterprise-ai.corp,Product Management & Growth,Product Manager,San Francisco,United States,US-West,Full-Time Permanent,2022-08-29,4.7,144500.0,15.0,166200.0,3.67,4.0,18,71,9.9,9.6,4.0,33,0.34,Medium,No
EMP-10767,Chloe,Davis,chloe.davis74@enterprise-ai.corp,Global Enterprise Sales & BD,Mid-Market Account Executive,Sydney,Australia,APAC-ANZ,Full-Time Permanent,2023-07-16,5.5,105500.0,40.0,147700.0,3.38,3.0,13,3,54.1,5.1,1.6,35,0.83,High,No
EMP-10768,Susan,Sato,susan.sato75@enterprise-ai.corp,People Operations & Talent Acquisition,Talent Acquisition Lead,Berlin,Germany,EU-Central,Full-Time Permanent,2020-05-02,2.3,136100.0,18.0,160600.0,3.7,4.5,15,75,13.3,8.9,4.1,32,0.34,Medium,No
EMP-10769,Donald,Mueller,donald.mueller76@enterprise-ai.corp,Core Software Engineering,Engineering Director,Tokyo,Japan,APAC-East,Full-Time Permanent,2019-06-14,1.4,280800.0,35.0,379100.0,2.8,3.4,20,6,57.9,3.5,1.1,15,0.76,High,No
EMP-10770,Sarah,Davis,sarah.davis77@enterprise-ai.corp,Enterprise Solutions Architecture,Senior Solutions Architect,Tokyo,Japan,APAC-East,Full-Time Permanent,2024-03-25,6.2,164300.0,20.0,197200.0,4.75,4.6,18,61,6.0,8.0,4.6,30,0.18,Low,Yes
EMP-10771,Mark,Garcia,mark.garcia78@enterprise-ai.corp,AI & Machine Learning Research,L3 Senior Deep Learning Researcher,Remote - Global,Global Remote,Remote,Full-Time Permanent,2019-12-27,2.0,219900.0,25.0,274900.0,4.73,3.9,9,50,2.4,7.0,4.5,17,0.32,Medium,No
EMP-10772,Mei,Miller,mei.miller79@enterprise-ai.corp,UI/UX Product Design,Product Designer,Berlin,Germany,EU-Central,Full-Time Permanent,2019-05-03,1.3,126800.0,12.0,142000.0,3.96,4.0,5,56,12.5,7.5,4.4,4,0.05,Low,No
EMP-10773,Fatima,Rodriguez,fatima.rodriguez80@enterprise-ai.corp,People Operations & Talent Acquisition,People Operations Partner,Tokyo,Japan,APAC-East,Contractor Strategic,2022-11-18,4.9,85600.0,12.0,95900.0,4.99,4.2,11,83,11.2,7.8,5.0,12,0.18,Low,Yes
EMP-10774,Lucas,Chen,lucas.chen81@enterprise-ai.corp,Customer Success & Technical Support,Customer Success Manager,Remote - Global,Global Remote,Remote,Full-Time Permanent,2021-10-16,3.8,106600.0,15.0,122600.0,2.64,3.3,22,20,52.0,4.6,1.3,26,0.91,High,No
EMP-10775,Lisa,Moore,lisa.moore82@enterprise-ai.corp,Core Software Engineering,Engineering Director,Remote - Global,Global Remote,Remote,Full-Time Permanent,2018-07-16,0.5,283400.0,35.0,382600.0,3.88,4.3,9,43,6.1,8.5,3.6,28,0.27,Medium,No
EMP-10776,Fatima,Johnson,fatima.johnson83@enterprise-ai.corp,Cloud Platform & DevOps / SRE,Cloud Infrastructure SRE,Sydney,Australia,APAC-ANZ,Full-Time Permanent,2018-09-03,0.7,141800.0,18.0,167300.0,4.98,4.5,8,31,3.7,9.0,4.5,27,0.3,Medium,No
EMP-10777,Dmitri,Chen,dmitri.chen84@enterprise-ai.corp,Product Management & Growth,Senior Group Product Manager,London,United Kingdom,EU-West,Full-Time Permanent,2020-11-06,2.8,174900.0,22.0,213400.0,4.37,4.0,9,52,3.2,7.6,4.8,33,0.17,Low,No
EMP-10778,Sandra,Chen,sandra.chen85@enterprise-ai.corp,AI & Machine Learning Research,L4 Staff AI Scientist,London,United Kingdom,EU-West,Full-Time Permanent,2022-08-09,4.6,226500.0,30.0,294400.0,3.86,4.2,14,29,0.5,8.6,4.9,4,0.27,Medium,No
EMP-10779,Robert,Schmidt,robert.schmidt86@enterprise-ai.corp,Customer Success & Technical Support,Senior Technical Account Manager,Tokyo,Japan,APAC-East,Full-Time Permanent,2022-08-29,4.7,134100.0,20.0,160900.0,4.87,4.5,11,45,14.1,7.0,3.8,37,0.27,Medium,No
EMP-10780,Lisa,Yamamoto,lisa.yamamoto87@enterprise-ai.corp,Product Management & Growth,Product Manager,London,United Kingdom,EU-West,Full-Time Permanent,2024-11-01,6.8,127000.0,15.0,146000.0,4.57,4.7,10,55,8.6,8.9,4.8,31,0.28,Medium,Yes
EMP-10781,Margaret,Huang,margaret.huang88@enterprise-ai.corp,People Operations & Talent Acquisition,Talent Acquisition Lead,Remote - Global,Global Remote,Remote,Full-Time Permanent,2024-04-23,6.3,109000.0,18.0,128600.0,3.84,4.9,14,30,13.9,7.7,4.3,12,0.19,Low,No
EMP-10782,Zoe,Patel,zoe.patel89@enterprise-ai.corp,Core Software Engineering,L5 Principal Infrastructure Architect,Tokyo,Japan,APAC-East,Full-Time Permanent,2024-05-20,6.4,271600.0,30.0,353100.0,4.55,4.8,11,44,12.3,7.7,4.1,3,0.29,Medium,Yes
EMP-10783,Margaret,Martinez,margaret.martinez90@enterprise-ai.corp,People Operations & Talent Acquisition,People Operations Partner,London,United Kingdom,EU-West,Full-Time Permanent,2022-08-02,4.6,104300.0,12.0,116800.0,3.23,3.4,17,5,33.6,2.5,2.3,30,0.89,High,No
EMP-10784,Lisa,Kim,lisa.kim91@enterprise-ai.corp,Enterprise Solutions Architecture,Principal Enterprise Architect,New York,United States,US-East,Contractor Strategic,2019-11-27,1.9,235600.0,25.0,294500.0,3.97,4.3,12,41,9.9,9.7,4.4,16,0.09,Low,No
EMP-10785,Michael,Lin,michael.lin92@enterprise-ai.corp,Core Software Engineering,L4 Staff Distributed Engineer,Remote - Global,Global Remote,Remote,Full-Time Permanent,2025-01-06,7.0,198500.0,25.0,248100.0,3.84,4.6,5,42,1.1,9.9,5.0,34,0.23,Medium,No
EMP-10786,Sandra,Davis,sandra.davis93@enterprise-ai.corp,Enterprise Solutions Architecture,Principal Enterprise Architect,San Francisco,United States,US-West,Full-Time Permanent,2024-09-10,6.7,237500.0,25.0,296900.0,4.61,4.2,7,58,7.5,9.8,3.6,3,0.09,Low,Yes
EMP-10787,Astrid,Oliveira,astrid.oliveira94@enterprise-ai.corp,Global Enterprise Sales & BD,VP of Global Enterprise Sales,Berlin,Germany,EU-Central,Full-Time Permanent,2025-07-08,7.5,345700.0,60.0,553100.0,3.72,3.1,21,13,29.7,4.7,2.3,32,0.73,High,No
EMP-10788,Margaret,Chen,margaret.chen95@enterprise-ai.corp,Core Software Engineering,L1 Associate Software Engineer,Berlin,Germany,EU-Central,Full-Time Permanent,2024-12-29,7.0,87000.0,10.0,95700.0,2.82,3.1,24,4,53.9,4.1,2.0,30,0.62,High,No
EMP-10789,Thomas,Davis,thomas.davis96@enterprise-ai.corp,UI/UX Product Design,Product Designer,Remote - Global,Global Remote,Remote,Full-Time Permanent,2019-02-13,1.1,117700.0,12.0,131800.0,4.02,4.5,11,53,11.7,8.5,4.1,33,0.22,Medium,No
EMP-10790,Lucas,Smith,lucas.smith97@enterprise-ai.corp,Cloud Platform & DevOps / SRE,Cloud Infrastructure SRE,London,United Kingdom,EU-West,Full-Time Permanent,2024-06-19,6.5,145700.0,18.0,171900.0,4.32,3.9,4,72,8.8,9.1,4.1,5,0.13,Low,No
EMP-10791,Karen,Yamamoto,karen.yamamoto98@enterprise-ai.corp,Cloud Platform & DevOps / SRE,Cloud Infrastructure SRE,Remote - Global,Global Remote,Remote,Full-Time Permanent,2025-02-16,7.1,147800.0,18.0,174400.0,4.21,4.4,5,31,3.5,9.2,3.7,27,0.06,Low,No
EMP-10792,Kenji,Thomas,kenji.thomas0@enterprise-ai.corp,Customer Success & Technical Support,Customer Success Manager,Taipei,Taiwan,APAC-East,Full-Time Permanent,2019-05-26,1.4,111700.0,15.0,128500.0,4.2,4.6,4,64,13.8,8.5,4.6,38,0.13,Low,No
EMP-10793,Camila,Park,camila.park1@enterprise-ai.corp,Customer Success & Technical Support,Senior Technical Account Manager,Taipei,Taiwan,APAC-East,Full-Time Permanent,2018-06-27,0.5,153500.0,20.0,184200.0,4.71,3.8,10,70,7.5,7.8,4.7,8,0.18,Low,No
EMP-10794,Mateo,Ivanov,mateo.ivanov2@enterprise-ai.corp,Global Enterprise Sales & BD,VP of Global Enterprise Sales,Berlin,Germany,EU-Central,Full-Time Permanent,2020-11-28,2.9,312300.0,60.0,499700.0,4.39,4.3,17,28,1.1,9.4,3.8,36,0.17,Low,No
EMP-10795,Rohan,Huang,rohan.huang3@enterprise-ai.corp,People Operations & Talent Acquisition,People Operations Partner,New York,United States,US-East,Full-Time Permanent,2022-12-02,4.9,84800.0,12.0,95000.0,3.96,2.7,19,2,41.5,4.3,1.3,2,0.73,High,No
EMP-10796,Elizabeth,Yamamoto,elizabeth.yamamoto4@enterprise-ai.corp,Enterprise Solutions Architecture,Principal Enterprise Architect,Sydney,Australia,APAC-ANZ,Full-Time Permanent,2025-05-19,7.4,242700.0,25.0,303400.0,4.91,4.8,6,59,8.8,9.4,3.6,24,0.22,Medium,Yes
EMP-10797,Susan,Smith,susan.smith5@enterprise-ai.corp,Enterprise Solutions Architecture,Senior Solutions Architect,Remote - Global,Global Remote,Remote,Full-Time Permanent,2018-11-22,0.9,180400.0,20.0,216500.0,3.92,4.8,12,65,0.5,7.6,4.4,13,0.27,Medium,No
EMP-10798,Daniel,Martin,daniel.martin6@enterprise-ai.corp,"Corporate Finance, Legal & Compliance",Senior Financial Analyst,Singapore,Singapore,APAC-South,Full-Time Permanent,2023-09-25,5.7,111300.0,15.0,128000.0,4.6,3.8,8,52,4.6,8.0,3.8,4,0.16,Low,Yes
EMP-10799,Donald,Schneider,donald.schneider7@enterprise-ai.corp,UI/UX Product Design,Product Designer,Taipei,Taiwan,APAC-East,Full-Time Permanent,2022-09-06,4.7,107800.0,12.0,120700.0,4.88,4.0,6,68,1.4,8.4,4.1,10,0.04,Low,Yes
EMP-10800,Sarah,Ivanov,sarah.ivanov8@enterprise-ai.corp,UI/UX Product Design,Product Designer,Singapore,Singapore,APAC-South,Full-Time Permanent,2018-08-17,0.6,123300.0,12.0,138100.0,3.29,2.2,23,20,53.5,3.7,2.4,29,0.64,High,No
EMP-10801,Kenji,Moreau,kenji.moreau9@enterprise-ai.corp,AI & Machine Learning Research,L4 Staff AI Scientist,Zurich,Switzerland,EU-Central,Full-Time Permanent,2020-06-11,2.4,231100.0,30.0,300400.0,4.76,4.3,4,35,0.7,8.3,4.2,5,0.15,Low,Yes
EMP-10802,Karen,Thomas,karen.thomas10@enterprise-ai.corp,Core Software Engineering,Engineering Director,New York,United States,US-East,Full-Time Permanent,2023-06-07,5.4,340700.0,35.0,459900.0,3.17,2.9,26,13,54.0,3.7,1.7,12,0.65,High,No
EMP-10803,Kenji,Kowalski,kenji.kowalski11@enterprise-ai.corp,UI/UX Product Design,Staff UI/UX Design Lead,Zurich,Switzerland,EU-Central,Full-Time Permanent,2022-04-14,4.3,191300.0,20.0,229600.0,2.73,3.3,18,11,45.1,5.3,2.0,38,0.77,High,No
EMP-10804,Susan,Moore,susan.moore12@enterprise-ai.corp,Product Management & Growth,Senior Group Product Manager,Tokyo,Japan,APAC-East,Full-Time Permanent,2021-03-09,3.2,207400.0,22.0,253000.0,4.61,4.5,13,45,9.8,8.1,3.9,12,0.33,Medium,Yes
EMP-10805,Patricia,Sato,patricia.sato13@enterprise-ai.corp,UI/UX Product Design,Product Designer,Tokyo,Japan,APAC-East,Full-Time Permanent,2024-04-15,6.3,110800.0,12.0,124100.0,3.76,3.9,18,79,13.3,7.2,3.7,25,0.33,Medium,No
EMP-10806,Kenji,Oliveira,kenji.oliveira14@enterprise-ai.corp,People Operations & Talent Acquisition,People Operations Partner,Taipei,Taiwan,APAC-East,Full-Time Permanent,2024-06-27,6.5,81400.0,12.0,91200.0,3.25,2.7,23,14,35.9,2.7,1.0,11,0.85,High,No
EMP-10807,Zoe,Williams,zoe.williams15@enterprise-ai.corp,People Operations & Talent Acquisition,People Operations Partner,Taipei,Taiwan,APAC-East,Full-Time Permanent,2020-02-14,2.1,88500.0,12.0,99100.0,4.05,4.5,4,32,10.9,7.7,4.0,13,0.27,Medium,No
EMP-10808,Betty,Santos,betty.santos16@enterprise-ai.corp,AI & Machine Learning Research,L2 AI/ML Engineer,Sydney,Australia,APAC-ANZ,Full-Time Permanent,2023-04-19,5.3,153800.0,15.0,176900.0,4.39,4.3,17,53,11.4,8.4,3.6,3,0.15,Low,No
EMP-10809,Astrid,Kowalski,astrid.kowalski17@enterprise-ai.corp,Global Enterprise Sales & BD,Strategic Sales Director,San Francisco,United States,US-West,Full-Time Permanent,2024-12-07,6.9,217400.0,55.0,337000.0,3.74,2.4,25,17,54.7,3.1,2.3,3,0.8,High,No
EMP-10810,Betty,Miller,betty.miller18@enterprise-ai.corp,Product Management & Growth,Director of Product,Taipei,Taiwan,APAC-East,Full-Time Permanent,2023-10-22,5.8,291800.0,30.0,379300.0,4.81,4.4,18,67,10.3,9.3,3.8,23,0.22,Medium,Yes
EMP-10811,Thomas,Johnson,thomas.johnson19@enterprise-ai.corp,UI/UX Product Design,Product Designer,Tokyo,Japan,APAC-East,Full-Time Permanent,2024-10-02,6.8,120700.0,12.0,135200.0,4.55,4.3,5,66,13.5,9.7,4.7,10,0.2,Medium,Yes
EMP-10812,Joseph,Miller,joseph.miller20@enterprise-ai.corp,Customer Success & Technical Support,Customer Success Manager,San Francisco,United States,US-West,Full-Time Permanent,2022-07-13,4.5,101200.0,15.0,116400.0,3.1,3.7,12,6,31.2,5.1,1.6,29,0.85,High,No
EMP-10813,Robert,Chen,robert.chen21@enterprise-ai.corp,Cloud Platform & DevOps / SRE,Staff Reliability Architect,London,United Kingdom,EU-West,Full-Time Permanent,2021-02-01,3.1,249400.0,25.0,311800.0,4.22,4.2,9,24,5.2,8.3,4.0,14,0.18,Low,No
EMP-10814,Anthony,Jackson,anthony.jackson22@enterprise-ai.corp,UI/UX Product Design,Staff UI/UX Design Lead,Zurich,Switzerland,EU-Central,Full-Time Permanent,2025-01-14,7.0,160700.0,20.0,192800.0,3.9,2.9,19,15,30.2,3.3,1.2,33,0.92,High,No
EMP-10815,David,Hernandez,david.hernandez23@enterprise-ai.corp,Enterprise Solutions Architecture,Principal Enterprise Architect,Zurich,Switzerland,EU-Central,Full-Time Permanent,2021-12-31,4.0,242100.0,25.0,302600.0,4.94,4.6,18,43,13.2,8.3,4.8,5,0.31,Medium,Yes
EMP-10816,Matthew,Davis,matthew.davis24@enterprise-ai.corp,UI/UX Product Design,Staff UI/UX Design Lead,Berlin,Germany,EU-Central,Full-Time Permanent,2024-04-19,6.3,161700.0,20.0,194000.0,4.1,4.1,7,42,6.9,8.7,3.8,38,0.06,Low,No
EMP-10817,Charles,Williams,charles.williams25@enterprise-ai.corp,Global Enterprise Sales & BD,VP of Global Enterprise Sales,San Francisco,United States,US-West,Full-Time Permanent,2023-06-27,5.5,380400.0,60.0,608600.0,4.25,4.2,14,58,9.9,7.7,4.3,21,0.33,Medium,No
EMP-10818,Barbara,Sharma,barbara.sharma26@enterprise-ai.corp,Global Enterprise Sales & BD,VP of Global Enterprise Sales,London,United Kingdom,EU-West,Full-Time Permanent,2020-12-23,3.0,364300.0,60.0,582900.0,3.49,3.5,17,15,55.9,5.0,1.9,37,0.68,High,No
EMP-10819,Daniel,Kowalski,daniel.kowalski27@enterprise-ai.corp,Cloud Platform & DevOps / SRE,Staff Reliability Architect,Tokyo,Japan,APAC-East,Full-Time Permanent,2020-09-20,2.7,199100.0,25.0,248900.0,4.82,4.4,5,79,2.7,9.4,4.0,13,0.05,Low,Yes
EMP-10820,Fatima,Kim,fatima.kim28@enterprise-ai.corp,UI/UX Product Design,Product Designer,Berlin,Germany,EU-Central,Full-Time Permanent,2025-01-02,7.0,109200.0,12.0,122300.0,3.9,4.3,8,63,5.8,9.5,3.6,33,0.13,Low,No
EMP-10821,Thomas,Williams,thomas.williams29@enterprise-ai.corp,AI & Machine Learning Research,L3 Senior Deep Learning Researcher,London,United Kingdom,EU-West,Contractor Strategic,2019-08-31,1.7,177500.0,25.0,221900.0,4.74,4.7,7,71,12.0,8.2,4.1,31,0.09,Low,Yes
EMP-10822,Nancy,Park,nancy.park30@enterprise-ai.corp,Customer Success & Technical Support,Director of Customer Success,Singapore,Singapore,APAC-South,Full-Time Permanent,2019-09-29,1.7,197600.0,25.0,247000.0,4.5,4.8,11,23,11.3,9.3,3.9,36,0.33,Medium,Yes
EMP-10823,Rohan,Garcia,rohan.garcia31@enterprise-ai.corp,Product Management & Growth,Director of Product,Singapore,Singapore,APAC-South,Full-Time Permanent,2025-03-30,7.2,268300.0,30.0,348800.0,2.54,3.6,19,12,46.7,4.2,1.3,23,0.84,High,No
EMP-10824,Michael,Rodriguez,michael.rodriguez32@enterprise-ai.corp,Enterprise Solutions Architecture,Senior Solutions Architect,London,United Kingdom,EU-West,Full-Time Permanent,2024-02-25,6.1,169700.0,20.0,203600.0,4.35,4.2,13,43,1.2,7.3,4.4,31,0.3,Medium,No
EMP-10825,Nancy,Rodriguez,nancy.rodriguez33@enterprise-ai.corp,Cloud Platform & DevOps / SRE,Staff Reliability Architect,Tokyo,Japan,APAC-East,Full-Time Permanent,2021-02-21,3.1,199700.0,25.0,249600.0,4.25,4.9,12,21,7.5,8.1,3.6,34,0.26,Medium,No
EMP-10826,Camila,Park,camila.park34@enterprise-ai.corp,Cloud Platform & DevOps / SRE,Cloud Infrastructure SRE,Singapore,Singapore,APAC-South,Full-Time Permanent,2019-07-13,1.5,154500.0,18.0,182300.0,3.68,4.4,8,77,1.5,7.7,4.0,2,0.16,Low,No
EMP-10827,Elizabeth,Brown,elizabeth.brown35@enterprise-ai.corp,Core Software Engineering,L3 Senior Software Engineer,Taipei,Taiwan,APAC-East,Full-Time Permanent,2022-11-25,4.9,156300.0,20.0,187600.0,4.75,4.4,13,69,5.6,8.6,3.9,26,0.17,Low,Yes
EMP-10828,Lisa,Garcia,lisa.garcia36@enterprise-ai.corp,"Corporate Finance, Legal & Compliance",Senior Financial Analyst,New York,United States,US-East,Full-Time Permanent,2024-08-10,6.6,120900.0,15.0,139000.0,4.8,4.0,13,77,7.5,8.4,3.5,17,0.3,Medium,Yes
EMP-10829,Alex,Brown,alex.brown37@enterprise-ai.corp,UI/UX Product Design,Staff UI/UX Design Lead,Berlin,Germany,EU-Central,Full-Time Permanent,2018-10-23,0.8,156100.0,20.0,187300.0,4.73,4.6,11,68,9.3,8.7,4.9,19,0.13,Low,No
EMP-10830,Ananya,Davis,ananya.davis38@enterprise-ai.corp,Core Software Engineering,L4 Staff Distributed Engineer,Tokyo,Japan,APAC-East,Full-Time Permanent,2018-10-08,0.8,199700.0,25.0,249600.0,5.0,4.5,15,53,0.5,9.6,4.3,36,0.07,Low,No
EMP-10831,Betty,Martin,betty.martin39@enterprise-ai.corp,Enterprise Solutions Architecture,Senior Solutions Architect,Taipei,Taiwan,APAC-East,Full-Time Permanent,2024-10-01,6.7,194600.0,20.0,233500.0,4.12,3.2,28,15,50.5,4.9,2.4,33,0.71,High,No
EMP-10832,Mateo,Patel,mateo.patel40@enterprise-ai.corp,Cloud Platform & DevOps / SRE,Staff Reliability Architect,Zurich,Switzerland,EU-Central,Full-Time Permanent,2025-01-31,7.1,210900.0,25.0,263600.0,3.76,4.3,7,56,2.4,8.2,4.2,31,0.12,Low,No
EMP-10833,Jennifer,Jackson,jennifer.jackson41@enterprise-ai.corp,Core Software Engineering,L5 Principal Infrastructure Architect,Austin,United States,US-Central,Full-Time Permanent,2022-09-24,4.7,316200.0,30.0,411100.0,3.73,4.5,13,40,8.7,7.3,4.7,2,0.12,Low,No
EMP-10834,Robert,Martin,robert.martin42@enterprise-ai.corp,Core Software Engineering,L1 Associate Software Engineer,Singapore,Singapore,APAC-South,Full-Time Permanent,2021-11-03,3.8,104400.0,10.0,114800.0,3.9,4.9,14,26,10.9,8.8,3.9,17,0.15,Low,No
EMP-10835,Astrid,Miller,astrid.miller43@enterprise-ai.corp,UI/UX Product Design,Product Designer,New York,United States,US-East,Full-Time Permanent,2022-01-03,4.0,113900.0,12.0,127600.0,4.93,5.0,15,63,11.6,9.6,4.2,25,0.08,Low,Yes
EMP-10836,Wei,Garcia,wei.garcia44@enterprise-ai.corp,AI & Machine Learning Research,L2 AI/ML Engineer,San Francisco,United States,US-West,Full-Time Permanent,2021-01-01,3.0,137000.0,15.0,157600.0,4.03,3.1,23,10,50.8,3.6,1.5,6,0.86,High,No
EMP-10837,Jennifer,Jackson,jennifer.jackson45@enterprise-ai.corp,Core Software Engineering,L1 Associate Software Engineer,Sydney,Australia,APAC-ANZ,Full-Time Permanent,2021-07-28,3.6,102500.0,10.0,112800.0,3.9,4.9,5,47,9.7,8.7,4.1,30,0.17,Low,No
EMP-10838,Ananya,Park,ananya.park46@enterprise-ai.corp,Customer Success & Technical Support,Customer Success Manager,London,United Kingdom,EU-West,Full-Time Permanent,2020-08-23,2.6,89100.0,15.0,102500.0,4.11,2.4,13,18,25.4,2.8,2.2,9,0.82,High,No
EMP-10839,Fatima,Martinez,fatima.martinez47@enterprise-ai.corp,Product Management & Growth,Senior Group Product Manager,Singapore,Singapore,APAC-South,Full-Time Permanent,2025-06-17,7.5,207200.0,22.0,252800.0,3.18,3.6,13,9,46.7,2.7,1.2,17,0.68,High,No
EMP-10840,Yuki,Tanaka,yuki.tanaka48@enterprise-ai.corp,People Operations & Talent Acquisition,Talent Acquisition Lead,London,United Kingdom,EU-West,Full-Time Permanent,2021-07-01,3.5,127000.0,18.0,149900.0,3.72,4.0,17,42,10.9,7.2,4.7,3,0.18,Low,No
EMP-10841,Ting,Taylor,ting.taylor49@enterprise-ai.corp,Enterprise Solutions Architecture,Principal Enterprise Architect,London,United Kingdom,EU-West,Full-Time Permanent,2024-09-13,6.7,266200.0,25.0,332800.0,4.0,4.4,12,34,12.7,8.0,3.6,5,0.17,Low,No
EMP-10842,Chloe,Rodriguez,chloe.rodriguez50@enterprise-ai.corp,"Corporate Finance, Legal & Compliance",Senior Financial Analyst,Austin,United States,US-Central,Full-Time Permanent,2021-01-24,3.1,105800.0,15.0,121700.0,3.99,4.4,16,73,3.9,8.4,3.9,7,0.33,Medium,No
EMP-10843,Patricia,Sharma,patricia.sharma51@enterprise-ai.corp,People Operations & Talent Acquisition,Talent Acquisition Lead,Zurich,Switzerland,EU-Central,Full-Time Permanent,2021-08-08,3.6,119200.0,18.0,140700.0,3.36,2.6,18,9,34.5,4.4,2.2,15,0.7,High,No
EMP-10844,Betty,Sharma,betty.sharma52@enterprise-ai.corp,Core Software Engineering,L1 Associate Software Engineer,Berlin,Germany,EU-Central,Full-Time Permanent,2018-10-13,0.8,96000.0,10.0,105600.0,4.84,4.5,16,21,0.6,7.8,3.5,13,0.34,Medium,No
EMP-10845,Barbara,Davis,barbara.davis53@enterprise-ai.corp,UI/UX Product Design,Staff UI/UX Design Lead,Berlin,Germany,EU-Central,Full-Time Permanent,2021-05-19,3.4,191900.0,20.0,230300.0,4.46,4.1,4,83,6.1,9.2,3.7,19,0.06,Low,No
EMP-10846,Dmitri,Sato,dmitri.sato54@enterprise-ai.corp,UI/UX Product Design,Staff UI/UX Design Lead,New York,United States,US-East,Contractor Strategic,2018-10-06,0.8,161800.0,20.0,194200.0,4.1,4.2,10,55,8.1,9.5,3.6,11,0.3,Medium,No
EMP-10847,Margaret,Park,margaret.park55@enterprise-ai.corp,UI/UX Product Design,Product Designer,Berlin,Germany,EU-Central,Full-Time Permanent,2025-08-27,7.7,116800.0,12.0,130800.0,3.84,4.4,9,85,6.1,9.8,4.2,21,0.05,Low,No
EMP-10848,Mark,Williams,mark.williams56@enterprise-ai.corp,AI & Machine Learning Research,L5 Principal Research Fellow,Remote - Global,Global Remote,Remote,Full-Time Permanent,2021-06-18,3.5,326400.0,40.0,457000.0,4.87,3.9,18,36,10.0,8.4,4.2,34,0.05,Low,Yes
EMP-10849,Alex,Jackson,alex.jackson57@enterprise-ai.corp,Core Software Engineering,L4 Staff Distributed Engineer,Austin,United States,US-Central,Full-Time Permanent,2019-08-28,1.7,224100.0,25.0,280100.0,4.83,4.7,18,31,8.1,8.0,4.1,20,0.14,Low,Yes
EMP-10850,Lisa,Mueller,lisa.mueller58@enterprise-ai.corp,AI & Machine Learning Research,L5 Principal Research Fellow,Singapore,Singapore,APAC-South,Full-Time Permanent,2019-03-18,1.2,402700.0,40.0,563800.0,4.96,3.8,13,84,12.8,9.5,4.2,30,0.1,Low,No
EMP-10851,Elizabeth,Martinez,elizabeth.martinez59@enterprise-ai.corp,Core Software Engineering,L4 Staff Distributed Engineer,San Francisco,United States,US-West,Full-Time Permanent,2020-12-30,3.0,229700.0,25.0,287100.0,3.68,3.7,17,11,45.9,5.0,2.2,34,0.77,High,No
EMP-10852,Ananya,Lin,ananya.lin60@enterprise-ai.corp,AI & Machine Learning Research,L4 Staff AI Scientist,Remote - Global,Global Remote,Remote,Full-Time Permanent,2019-02-20,1.1,274500.0,30.0,356800.0,4.95,4.1,9,61,3.1,7.6,4.1,37,0.14,Low,No
EMP-10853,John,Santos,john.santos61@enterprise-ai.corp,Global Enterprise Sales & BD,Enterprise SDR / BDR,Austin,United States,US-Central,Full-Time Permanent,2020-06-28,2.5,73800.0,30.0,95900.0,4.27,4.3,8,45,9.3,8.8,3.6,38,0.03,Low,No
EMP-10854,Fatima,Rodriguez,fatima.rodriguez62@enterprise-ai.corp,Global Enterprise Sales & BD,Strategic Sales Director,New York,United States,US-East,Full-Time Permanent,2018-09-10,0.7,225300.0,55.0,349200.0,3.61,3.9,13,50,1.8,8.2,3.9,2,0.18,Low,No
EMP-10855,Robert,Chen,robert.chen63@enterprise-ai.corp,Core Software Engineering,L1 Associate Software Engineer,Tokyo,Japan,APAC-East,Full-Time Permanent,2025-07-04,7.5,103700.0,10.0,114100.0,4.59,4.4,13,31,4.0,9.9,4.9,31,0.25,Medium,Yes
EMP-10856,Mary,Martin,mary.martin64@enterprise-ai.corp,Global Enterprise Sales & BD,VP of Global Enterprise Sales,New York,United States,US-East,Full-Time Permanent,2024-05-18,6.4,388800.0,60.0,622100.0,2.82,2.4,13,5,26.6,2.9,2.3,6,0.79,High,No
EMP-10857,Barbara,Kowalski,barbara.kowalski65@enterprise-ai.corp,Cloud Platform & DevOps / SRE,Staff Reliability Architect,Singapore,Singapore,APAC-South,Full-Time Permanent,2020-06-10,2.4,215100.0,25.0,268900.0,4.41,4.6,17,43,13.7,7.6,4.1,12,0.19,Low,No
EMP-10858,Mateo,Schneider,mateo.schneider66@enterprise-ai.corp,Cloud Platform & DevOps / SRE,Staff Reliability Architect,Sydney,Australia,APAC-ANZ,Full-Time Permanent,2023-12-18,6.0,225000.0,25.0,281200.0,4.65,4.6,14,52,9.1,7.8,4.1,11,0.21,Medium,Yes
EMP-10859,Jessica,Schmidt,jessica.schmidt67@enterprise-ai.corp,Product Management & Growth,Product Manager,New York,United States,US-East,Full-Time Permanent,2021-08-05,3.6,123500.0,15.0,142000.0,3.92,4.1,12,21,4.0,8.7,4.2,14,0.28,Medium,No
EMP-10860,Michael,Martinez,michael.martinez68@enterprise-ai.corp,Enterprise Solutions Architecture,Principal Enterprise Architect,Zurich,Switzerland,EU-Central,Full-Time Permanent,2019-03-06,1.2,257700.0,25.0,322100.0,4.5,4.8,16,40,5.5,7.7,4.0,12,0.28,Medium,No
EMP-10861,Linda,Moreau,linda.moreau69@enterprise-ai.corp,"Corporate Finance, Legal & Compliance",Senior Financial Analyst,Sydney,Australia,APAC-ANZ,Full-Time Permanent,2024-09-19,6.7,106900.0,15.0,122900.0,4.15,4.5,18,23,13.3,9.0,4.3,36,0.33,Medium,No
EMP-10862,Sandra,Johnson,sandra.johnson70@enterprise-ai.corp,Core Software Engineering,Engineering Director,Berlin,Germany,EU-Central,Full-Time Permanent,2021-11-22,3.9,326200.0,35.0,440400.0,4.17,4.9,8,43,5.8,7.2,4.5,5,0.08,Low,No
EMP-10863,Lucas,Jackson,lucas.jackson71@enterprise-ai.corp,People Operations & Talent Acquisition,Talent Acquisition Lead,Berlin,Germany,EU-Central,Full-Time Permanent,2022-06-15,4.5,139900.0,18.0,165100.0,3.9,4.0,18,45,3.7,7.2,4.5,16,0.11,Low,No
EMP-10864,Ting,Lopez,ting.lopez72@enterprise-ai.corp,Customer Success & Technical Support,Senior Technical Account Manager,London,United Kingdom,EU-West,Full-Time Permanent,2024-12-27,7.0,153500.0,20.0,184200.0,4.87,4.7,6,40,14.6,7.2,4.9,23,0.07,Low,No
EMP-10865,Astrid,Brown,astrid.brown73@enterprise-ai.corp,Product Management & Growth,Senior Group Product Manager,Singapore,Singapore,APAC-South,Full-Time Permanent,2020-01-15,2.0,166000.0,22.0,202500.0,3.84,2.8,17,6,28.8,3.2,2.1,19,0.71,High,No
EMP-10866,Lucas,Park,lucas.park74@enterprise-ai.corp,People Operations & Talent Acquisition,Talent Acquisition Lead,Sydney,Australia,APAC-ANZ,Full-Time Permanent,2022-07-21,4.6,116900.0,18.0,137900.0,2.77,2.5,26,4,56.6,2.5,1.1,24,0.92,High,No
EMP-10867,Nancy,Dubois,nancy.dubois75@enterprise-ai.corp,Product Management & Growth,Senior Group Product Manager,Tokyo,Japan,APAC-East,Full-Time Permanent,2022-03-28,4.2,188800.0,22.0,230300.0,3.67,4.5,4,67,0.3,8.9,3.6,23,0.14,Low,No
EMP-10868,Sarah,Martinez,sarah.martinez76@enterprise-ai.corp,People Operations & Talent Acquisition,Talent Acquisition Lead,Austin,United States,US-Central,Full-Time Permanent,2021-10-24,3.8,123900.0,18.0,146200.0,3.87,4.0,8,40,8.3,8.7,3.8,26,0.15,Low,No
EMP-10869,Robert,Dubois,robert.dubois77@enterprise-ai.corp,Core Software Engineering,L1 Associate Software Engineer,San Francisco,United States,US-West,Full-Time Permanent,2021-08-25,3.6,98500.0,10.0,108400.0,3.61,4.6,17,65,3.9,8.8,3.6,23,0.32,Medium,No
EMP-10870,Betty,Jones,betty.jones78@enterprise-ai.corp,"Corporate Finance, Legal & Compliance",Corporate Counsel / Compliance Director,Berlin,Germany,EU-Central,Full-Time Permanent,2023-07-29,5.6,249200.0,25.0,311500.0,4.45,5.0,4,39,10.6,9.0,4.5,26,0.31,Medium,No
EMP-10871,Daniel,Moore,daniel.moore79@enterprise-ai.corp,Global Enterprise Sales & BD,VP of Global Enterprise Sales,Zurich,Switzerland,EU-Central,Full-Time Permanent,2023-11-10,5.9,303800.0,60.0,486100.0,3.88,4.1,10,63,9.7,8.5,3.8,35,0.16,Low,No
EMP-10872,Linda,Huang,linda.huang80@enterprise-ai.corp,Core Software Engineering,Engineering Director,Zurich,Switzerland,EU-Central,Full-Time Permanent,2022-02-24,4.1,284000.0,35.0,383400.0,3.88,3.1,11,17,39.7,3.4,1.8,4,0.92,High,No
EMP-10873,Ananya,Schmidt,ananya.schmidt81@enterprise-ai.corp,Enterprise Solutions Architecture,Principal Enterprise Architect,Taipei,Taiwan,APAC-East,Full-Time Permanent,2023-01-02,5.0,236500.0,25.0,295600.0,4.09,3.3,20,18,42.4,4.1,1.5,13,0.9,High,No
EMP-10874,James,Kowalski,james.kowalski82@enterprise-ai.corp,AI & Machine Learning Research,L3 Senior Deep Learning Researcher,Berlin,Germany,EU-Central,Full-Time Permanent,2020-01-18,2.0,196700.0,25.0,245900.0,3.65,3.8,11,44,10.9,8.2,3.8,38,0.18,Low,No
EMP-10875,Joseph,Lin,joseph.lin83@enterprise-ai.corp,People Operations & Talent Acquisition,Talent Acquisition Lead,Tokyo,Japan,APAC-East,Full-Time Permanent,2021-01-28,3.1,113400.0,18.0,133800.0,3.51,2.5,18,5,56.4,2.7,2.2,35,0.8,High,No
EMP-10876,Rohan,Lin,rohan.lin84@enterprise-ai.corp,Core Software Engineering,L2 Software Engineer,Berlin,Germany,EU-Central,Full-Time Permanent,2025-11-24,7.9,127900.0,15.0,147100.0,4.18,4.7,10,77,12.6,8.5,4.2,15,0.31,Medium,No
EMP-10877,Mateo,Gonzalez,mateo.gonzalez85@enterprise-ai.corp,"Corporate Finance, Legal & Compliance",Corporate Counsel / Compliance Director,Zurich,Switzerland,EU-Central,Full-Time Permanent,2022-10-29,4.8,255600.0,25.0,319500.0,4.24,3.9,6,44,6.9,8.7,4.9,4,0.04,Low,No
EMP-10878,Sandra,Sato,sandra.sato86@enterprise-ai.corp,Core Software Engineering,Engineering Director,Remote - Global,Global Remote,Remote,Full-Time Permanent,2023-07-05,5.5,284500.0,35.0,384100.0,4.78,3.8,18,24,14.3,8.8,3.6,6,0.21,Medium,Yes
EMP-10879,David,Garcia,david.garcia87@enterprise-ai.corp,Product Management & Growth,Product Manager,Tokyo,Japan,APAC-East,Full-Time Permanent,2024-09-15,6.7,116400.0,15.0,133900.0,4.51,4.5,6,73,12.7,7.2,3.8,5,0.23,Medium,No
EMP-10880,Lisa,Tanaka,lisa.tanaka88@enterprise-ai.corp,People Operations & Talent Acquisition,People Operations Partner,Tokyo,Japan,APAC-East,Full-Time Permanent,2023-03-21,5.2,83000.0,12.0,93000.0,3.89,4.6,7,65,13.0,9.9,4.4,17,0.3,Medium,No
EMP-10881,Anthony,Ivanov,anthony.ivanov89@enterprise-ai.corp,AI & Machine Learning Research,L5 Principal Research Fellow,Austin,United States,US-Central,Full-Time Permanent,2023-01-14,5.0,362300.0,40.0,507200.0,4.89,4.6,11,31,5.3,9.3,4.7,26,0.12,Low,Yes
EMP-10882,Lucas,Hernandez,lucas.hernandez90@enterprise-ai.corp,Customer Success & Technical Support,Senior Technical Account Manager,New York,United States,US-East,Full-Time Permanent,2020-12-09,2.9,131800.0,20.0,158200.0,4.07,4.2,16,39,4.7,9.8,4.7,13,0.27,Medium,No
EMP-10883,Sandra,Tanaka,sandra.tanaka91@enterprise-ai.corp,Global Enterprise Sales & BD,Enterprise SDR / BDR,Taipei,Taiwan,APAC-East,Full-Time Permanent,2024-03-30,6.2,72400.0,30.0,94100.0,3.67,5.0,13,30,7.4,8.0,4.5,5,0.23,Medium,No
EMP-10884,Mark,Schneider,mark.schneider92@enterprise-ai.corp,UI/UX Product Design,Staff UI/UX Design Lead,Zurich,Switzerland,EU-Central,Full-Time Permanent,2019-04-21,1.3,174200.0,20.0,209000.0,4.92,4.1,18,25,12.3,8.2,3.6,3,0.17,Low,No
EMP-10885,Thomas,Schneider,thomas.schneider93@enterprise-ai.corp,Customer Success & Technical Support,Customer Success Manager,London,United Kingdom,EU-West,Full-Time Permanent,2021-05-24,3.4,110400.0,15.0,127000.0,4.38,4.2,16,71,3.4,9.0,3.9,16,0.06,Low,No
EMP-10886,John,Chen,john.chen94@enterprise-ai.corp,Global Enterprise Sales & BD,VP of Global Enterprise Sales,London,United Kingdom,EU-West,Full-Time Permanent,2023-07-19,5.5,346400.0,60.0,554200.0,4.99,4.5,17,40,10.7,9.8,3.6,28,0.13,Low,Yes
EMP-10887,Wei,Huang,wei.huang95@enterprise-ai.corp,AI & Machine Learning Research,L3 Senior Deep Learning Researcher,London,United Kingdom,EU-West,Full-Time Permanent,2020-09-13,2.7,199400.0,25.0,249200.0,4.79,4.3,17,52,10.0,8.9,5.0,3,0.19,Low,Yes
EMP-10888,Sven,Hernandez,sven.hernandez96@enterprise-ai.corp,Cloud Platform & DevOps / SRE,Staff Reliability Architect,Austin,United States,US-Central,Full-Time Permanent,2024-02-19,6.1,241600.0,25.0,302000.0,4.53,3.9,7,66,3.3,7.4,4.8,27,0.13,Low,No
EMP-10889,Kenji,Oliveira,kenji.oliveira97@enterprise-ai.corp,Global Enterprise Sales & BD,Mid-Market Account Executive,Singapore,Singapore,APAC-South,Full-Time Permanent,2022-08-13,4.6,96300.0,40.0,134800.0,4.33,4.3,18,78,2.9,8.3,4.3,35,0.31,Medium,No
EMP-10890,Sven,Tanaka,sven.tanaka98@enterprise-ai.corp,UI/UX Product Design,Product Designer,Sydney,Australia,APAC-ANZ,Full-Time Permanent,2023-04-13,5.3,128300.0,12.0,143700.0,3.86,4.5,6,49,11.6,9.3,4.9,32,0.26,Medium,No
EMP-10891,Alex,Lopez,alex.lopez0@enterprise-ai.corp,Enterprise Solutions Architecture,Principal Enterprise Architect,Remote - Global,Global Remote,Remote,Full-Time Permanent,2023-09-29,5.7,218900.0,25.0,273600.0,3.94,3.5,10,16,36.1,4.6,1.8,36,0.79,High,No
EMP-10892,Zoe,Jones,zoe.jones1@enterprise-ai.corp,"Corporate Finance, Legal & Compliance",Corporate Counsel / Compliance Director,Singapore,Singapore,APAC-South,Full-Time Permanent,2023-03-01,5.2,209700.0,25.0,262100.0,4.14,4.5,5,24,1.5,8.8,4.8,35,0.04,Low,No
EMP-10893,Jessica,Brown,jessica.brown2@enterprise-ai.corp,"Corporate Finance, Legal & Compliance",Senior Financial Analyst,Tokyo,Japan,APAC-East,Full-Time Permanent,2022-03-02,4.2,101600.0,15.0,116800.0,3.56,3.0,11,18,43.9,3.6,1.1,9,0.88,High,No
EMP-10894,David,Hernandez,david.hernandez3@enterprise-ai.corp,UI/UX Product Design,Product Designer,San Francisco,United States,US-West,Full-Time Permanent,2022-09-11,4.7,98200.0,12.0,110000.0,4.09,4.7,7,43,9.3,7.2,4.1,2,0.11,Low,No
EMP-10895,Mary,Garcia,mary.garcia4@enterprise-ai.corp,Cloud Platform & DevOps / SRE,Staff Reliability Architect,New York,United States,US-East,Full-Time Permanent,2018-03-30,0.2,221100.0,25.0,276400.0,4.4,4.4,14,69,4.9,9.4,3.6,15,0.22,Medium,No
EMP-10896,Margaret,Dubois,margaret.dubois5@enterprise-ai.corp,Customer Success & Technical Support,Director of Customer Success,New York,United States,US-East,Full-Time Permanent,2022-05-13,4.4,180800.0,25.0,226000.0,4.91,4.2,11,50,8.1,9.3,4.2,29,0.05,Low,Yes
EMP-10897,Jennifer,Jackson,jennifer.jackson6@enterprise-ai.corp,Cloud Platform & DevOps / SRE,Cloud Infrastructure SRE,Austin,United States,US-Central,Full-Time Permanent,2021-03-06,3.2,146200.0,18.0,172500.0,4.5,3.9,13,22,9.4,9.5,4.4,3,0.04,Low,Yes
EMP-10898,Patricia,Moore,patricia.moore7@enterprise-ai.corp,Customer Success & Technical Support,Senior Technical Account Manager,New York,United States,US-East,Full-Time Permanent,2019-06-10,1.4,147400.0,20.0,176900.0,4.93,4.1,4,47,10.6,9.7,3.5,21,0.28,Medium,No
EMP-10899,Kenji,Moreau,kenji.moreau8@enterprise-ai.corp,People Operations & Talent Acquisition,People Operations Partner,Taipei,Taiwan,APAC-East,Full-Time Permanent,2020-09-09,2.7,109400.0,12.0,122500.0,4.44,3.8,7,23,7.2,8.1,4.1,10,0.33,Medium,No
EMP-10900,Lucas,Williams,lucas.williams9@enterprise-ai.corp,Core Software Engineering,L4 Staff Distributed Engineer,Tokyo,Japan,APAC-East,Full-Time Permanent,2025-04-30,7.3,228800.0,25.0,286000.0,4.85,4.2,12,39,3.7,9.3,3.8,16,0.07,Low,Yes
EMP-10901,Dmitri,Oliveira,dmitri.oliveira10@enterprise-ai.corp,People Operations & Talent Acquisition,Talent Acquisition Lead,San Francisco,United States,US-West,Full-Time Permanent,2023-07-12,5.5,118900.0,18.0,140300.0,4.96,4.1,9,53,12.4,9.8,4.5,37,0.15,Low,Yes
EMP-10902,Michael,Jackson,michael.jackson11@enterprise-ai.corp,Enterprise Solutions Architecture,Principal Enterprise Architect,Singapore,Singapore,APAC-South,Full-Time Permanent,2021-10-20,3.8,249300.0,25.0,311600.0,4.55,4.5,16,63,14.6,7.7,4.8,32,0.21,Medium,Yes
EMP-10903,Betty,Chen,betty.chen12@enterprise-ai.corp,UI/UX Product Design,Staff UI/UX Design Lead,Zurich,Switzerland,EU-Central,Full-Time Permanent,2018-06-26,0.5,179900.0,20.0,215900.0,4.1,4.6,12,46,8.8,8.1,3.6,13,0.33,Medium,No
EMP-10904,Mark,Sharma,mark.sharma13@enterprise-ai.corp,Enterprise Solutions Architecture,Senior Solutions Architect,Singapore,Singapore,APAC-South,Full-Time Permanent,2018-05-08,0.3,188600.0,20.0,226300.0,4.19,4.3,16,67,4.3,7.8,4.4,34,0.15,Low,No
EMP-10905,Chloe,Huang,chloe.huang14@enterprise-ai.corp,People Operations & Talent Acquisition,Talent Acquisition Lead,Austin,United States,US-Central,Contractor Strategic,2025-02-01,7.1,134700.0,18.0,158900.0,4.0,4.3,11,40,5.6,8.1,4.4,12,0.06,Low,No
EMP-10906,Richard,Oliveira,richard.oliveira15@enterprise-ai.corp,Core Software Engineering,L3 Senior Software Engineer,San Francisco,United States,US-West,Full-Time Permanent,2025-09-21,7.7,181800.0,20.0,218200.0,3.91,3.8,6,64,7.9,9.0,4.0,36,0.27,Medium,No
EMP-10907,Fatima,Yamamoto,fatima.yamamoto16@enterprise-ai.corp,People Operations & Talent Acquisition,People Operations Partner,Singapore,Singapore,APAC-South,Full-Time Permanent,2025-02-06,7.1,81700.0,12.0,91500.0,4.52,4.8,17,45,6.7,9.4,5.0,33,0.16,Low,Yes
EMP-10908,Hiroshi,Huang,hiroshi.huang17@enterprise-ai.corp,Product Management & Growth,Director of Product,Singapore,Singapore,APAC-South,Full-Time Permanent,2019-02-24,1.1,287000.0,30.0,373100.0,4.91,4.8,18,65,9.8,8.9,4.6,9,0.08,Low,No
EMP-10909,Alex,Schmidt,alex.schmidt18@enterprise-ai.corp,People Operations & Talent Acquisition,People Operations Partner,Taipei,Taiwan,APAC-East,Contractor Strategic,2022-08-31,4.7,96600.0,12.0,108200.0,3.93,3.9,7,59,2.0,7.7,4.7,15,0.23,Medium,No
EMP-10910,Fatima,Park,fatima.park19@enterprise-ai.corp,UI/UX Product Design,Staff UI/UX Design Lead,Zurich,Switzerland,EU-Central,Full-Time Permanent,2025-09-06,7.7,195000.0,20.0,234000.0,3.95,3.8,18,21,5.6,9.6,4.4,12,0.09,Low,No
EMP-10911,Mateo,Tanaka,mateo.tanaka20@enterprise-ai.corp,"Corporate Finance, Legal & Compliance",Senior Financial Analyst,New York,United States,US-East,Full-Time Permanent,2021-08-16,3.6,111300.0,15.0,128000.0,3.82,4.0,12,42,9.5,9.7,3.7,25,0.15,Low,No
EMP-10912,Fatima,Lin,fatima.lin21@enterprise-ai.corp,Global Enterprise Sales & BD,Enterprise SDR / BDR,New York,United States,US-East,Full-Time Permanent,2020-04-12,2.3,75800.0,30.0,98500.0,3.96,4.9,8,77,10.6,9.1,4.6,6,0.34,Medium,No
EMP-10913,Lisa,Hernandez,lisa.hernandez22@enterprise-ai.corp,Cloud Platform & DevOps / SRE,Staff Reliability Architect,London,United Kingdom,EU-West,Full-Time Permanent,2023-12-17,6.0,212300.0,25.0,265400.0,4.19,3.4,15,4,38.5,2.8,1.8,29,0.6,High,No
EMP-10914,Donald,Mueller,donald.mueller23@enterprise-ai.corp,UI/UX Product Design,Product Designer,Sydney,Australia,APAC-ANZ,Full-Time Permanent,2023-10-23,5.8,102300.0,12.0,114600.0,3.99,4.1,7,27,1.4,7.6,3.9,12,0.05,Low,No
EMP-10915,Nancy,Lin,nancy.lin24@enterprise-ai.corp,"Corporate Finance, Legal & Compliance",Senior Financial Analyst,London,United Kingdom,EU-West,Full-Time Permanent,2024-01-23,6.1,119500.0,15.0,137400.0,4.26,4.0,7,65,9.8,9.1,3.8,38,0.16,Low,No
EMP-10916,Hiroshi,Thomas,hiroshi.thomas25@enterprise-ai.corp,Enterprise Solutions Architecture,Senior Solutions Architect,London,United Kingdom,EU-West,Full-Time Permanent,2019-01-30,1.1,155900.0,20.0,187100.0,4.33,3.9,14,43,9.8,8.7,4.6,36,0.26,Medium,No
EMP-10917,Tariq,Wilson,tariq.wilson26@enterprise-ai.corp,Enterprise Solutions Architecture,Principal Enterprise Architect,Singapore,Singapore,APAC-South,Contractor Strategic,2025-06-22,7.5,264600.0,25.0,330800.0,4.07,4.3,7,67,8.0,8.1,3.6,11,0.26,Medium,No
EMP-10918,Fatima,Moreau,fatima.moreau27@enterprise-ai.corp,UI/UX Product Design,Staff UI/UX Design Lead,Sydney,Australia,APAC-ANZ,Full-Time Permanent,2022-11-18,4.9,160300.0,20.0,192400.0,3.74,4.1,8,57,1.7,7.1,4.9,27,0.31,Medium,No
EMP-10919,Wei,Nakamura,wei.nakamura28@enterprise-ai.corp,Core Software Engineering,L4 Staff Distributed Engineer,Taipei,Taiwan,APAC-East,Full-Time Permanent,2022-08-12,4.6,209800.0,25.0,262200.0,3.97,4.9,15,26,5.8,8.7,4.2,1,0.23,Medium,No
EMP-10920,Robert,Wilson,robert.wilson29@enterprise-ai.corp,AI & Machine Learning Research,L2 AI/ML Engineer,Singapore,Singapore,APAC-South,Full-Time Permanent,2023-04-27,5.3,128800.0,15.0,148100.0,4.4,4.5,7,31,10.6,9.3,4.0,25,0.28,Medium,No
EMP-10921,Hiroshi,Moreau,hiroshi.moreau30@enterprise-ai.corp,UI/UX Product Design,Staff UI/UX Design Lead,Remote - Global,Global Remote,Remote,Full-Time Permanent,2021-05-01,3.3,175200.0,20.0,210200.0,4.98,4.4,15,38,12.5,7.3,4.2,2,0.12,Low,No
EMP-10922,Camila,Moreau,camila.moreau31@enterprise-ai.corp,Cloud Platform & DevOps / SRE,Staff Reliability Architect,San Francisco,United States,US-West,Full-Time Permanent,2019-11-23,1.9,211100.0,25.0,263900.0,3.82,4.4,5,50,0.2,8.0,4.4,7,0.18,Low,No
EMP-10923,Ting,Williams,ting.williams32@enterprise-ai.corp,AI & Machine Learning Research,L4 Staff AI Scientist,Remote - Global,Global Remote,Remote,Full-Time Permanent,2020-07-06,2.5,237400.0,30.0,308600.0,3.74,4.0,15,28,5.4,9.0,3.8,32,0.18,Low,No
EMP-10924,Alex,Taylor,alex.taylor33@enterprise-ai.corp,UI/UX Product Design,Staff UI/UX Design Lead,London,United Kingdom,EU-West,Full-Time Permanent,2020-10-28,2.8,188400.0,20.0,226100.0,4.61,3.8,7,36,0.5,8.1,3.8,31,0.29,Medium,Yes
EMP-10925,Mei,Schmidt,mei.schmidt34@enterprise-ai.corp,AI & Machine Learning Research,L3 Senior Deep Learning Researcher,Austin,United States,US-Central,Contractor Strategic,2024-05-12,6.4,172500.0,25.0,215600.0,3.78,4.8,5,68,6.3,9.5,4.9,32,0.27,Medium,No
EMP-10926,David,Park,david.park35@enterprise-ai.corp,"Corporate Finance, Legal & Compliance",Corporate Counsel / Compliance Director,Singapore,Singapore,APAC-South,Full-Time Permanent,2021-05-15,3.4,213000.0,25.0,266200.0,4.34,4.8,8,43,9.7,8.3,4.8,13,0.35,Medium,No
EMP-10927,Thomas,Santos,thomas.santos36@enterprise-ai.corp,Customer Success & Technical Support,Director of Customer Success,Taipei,Taiwan,APAC-East,Full-Time Permanent,2020-08-06,2.6,189700.0,25.0,237100.0,2.95,3.4,28,3,51.2,2.3,1.1,37,0.81,High,No
EMP-10928,Susan,Ivanov,susan.ivanov37@enterprise-ai.corp,UI/UX Product Design,Staff UI/UX Design Lead,Remote - Global,Global Remote,Remote,Full-Time Permanent,2019-02-08,1.1,183300.0,20.0,220000.0,4.25,4.9,6,36,0.9,8.2,4.5,37,0.23,Medium,No
EMP-10929,Mateo,Sato,mateo.sato38@enterprise-ai.corp,Global Enterprise Sales & BD,Senior Enterprise Account Executive,New York,United States,US-East,Full-Time Permanent,2021-01-25,3.1,175900.0,50.0,263800.0,4.09,4.6,18,64,0.8,7.8,4.0,32,0.05,Low,No
EMP-10930,Rohan,Wilson,rohan.wilson39@enterprise-ai.corp,Core Software Engineering,L1 Associate Software Engineer,Austin,United States,US-Central,Full-Time Permanent,2024-10-20,6.8,85100.0,10.0,93600.0,4.22,4.4,14,75,4.9,8.1,4.6,26,0.31,Medium,No
EMP-10931,Zoe,Lopez,zoe.lopez40@enterprise-ai.corp,Enterprise Solutions Architecture,Senior Solutions Architect,Remote - Global,Global Remote,Remote,Full-Time Permanent,2024-12-01,6.9,177000.0,20.0,212400.0,4.26,4.2,17,25,13.9,7.5,4.4,7,0.33,Medium,No
EMP-10932,Fatima,Lopez,fatima.lopez41@enterprise-ai.corp,Core Software Engineering,L2 Software Engineer,Zurich,Switzerland,EU-Central,Full-Time Permanent,2019-12-21,2.0,112100.0,15.0,128900.0,3.19,3.3,12,5,38.0,3.6,1.8,29,0.87,High,No
EMP-10933,Yuki,Thomas,yuki.thomas42@enterprise-ai.corp,Core Software Engineering,L5 Principal Infrastructure Architect,New York,United States,US-East,Full-Time Permanent,2025-10-06,7.8,275000.0,30.0,357500.0,3.64,4.5,16,74,1.4,9.1,4.5,33,0.2,Medium,No
EMP-10934,Sven,Sato,sven.sato43@enterprise-ai.corp,Core Software Engineering,Engineering Director,San Francisco,United States,US-West,Full-Time Permanent,2023-03-06,5.2,314100.0,35.0,424000.0,3.84,3.8,17,25,6.9,9.6,4.2,1,0.32,Medium,No
EMP-10935,Mateo,Smith,mateo.smith44@enterprise-ai.corp,People Operations & Talent Acquisition,Talent Acquisition Lead,Austin,United States,US-Central,Full-Time Permanent,2024-07-01,6.5,115100.0,18.0,135800.0,4.62,4.9,10,59,6.5,8.1,4.8,18,0.3,Medium,Yes
EMP-10936,Linda,Thomas,linda.thomas45@enterprise-ai.corp,Customer Success & Technical Support,Director of Customer Success,Sydney,Australia,APAC-ANZ,Full-Time Permanent,2019-10-18,1.8,227500.0,25.0,284400.0,4.42,5.0,9,42,8.4,8.8,3.7,32,0.17,Low,No
EMP-10937,William,Rodriguez,william.rodriguez46@enterprise-ai.corp,Global Enterprise Sales & BD,Senior Enterprise Account Executive,San Francisco,United States,US-West,Full-Time Permanent,2024-04-22,6.3,162900.0,50.0,244400.0,4.1,4.0,18,50,12.0,9.4,4.0,15,0.21,Medium,No
EMP-10938,William,Moore,william.moore47@enterprise-ai.corp,Product Management & Growth,Senior Group Product Manager,Zurich,Switzerland,EU-Central,Full-Time Permanent,2022-09-04,4.7,189700.0,22.0,231400.0,3.7,4.1,5,78,3.4,9.2,4.3,17,0.16,Low,No
EMP-10939,Patricia,Gonzalez,patricia.gonzalez48@enterprise-ai.corp,Cloud Platform & DevOps / SRE,Staff Reliability Architect,Zurich,Switzerland,EU-Central,Full-Time Permanent,2021-07-08,3.5,234400.0,25.0,293000.0,3.71,4.5,16,45,0.3,7.6,3.6,3,0.25,Medium,No
EMP-10940,Jennifer,Martinez,jennifer.martinez49@enterprise-ai.corp,AI & Machine Learning Research,L4 Staff AI Scientist,Singapore,Singapore,APAC-South,Full-Time Permanent,2018-07-25,0.6,232600.0,30.0,302400.0,4.4,4.0,9,74,6.2,9.9,3.6,17,0.18,Low,No
EMP-10941,Elizabeth,Park,elizabeth.park50@enterprise-ai.corp,Customer Success & Technical Support,Director of Customer Success,Zurich,Switzerland,EU-Central,Full-Time Permanent,2024-04-25,6.3,222000.0,25.0,277500.0,4.49,4.7,16,25,5.9,9.2,4.3,25,0.31,Medium,No
EMP-10942,Astrid,Park,astrid.park51@enterprise-ai.corp,People Operations & Talent Acquisition,Talent Acquisition Lead,Taipei,Taiwan,APAC-East,Full-Time Permanent,2025-04-29,7.3,125600.0,18.0,148200.0,4.11,4.8,13,65,7.7,7.5,4.8,20,0.08,Low,No
EMP-10943,Alex,Jones,alex.jones52@enterprise-ai.corp,AI & Machine Learning Research,L4 Staff AI Scientist,London,United Kingdom,EU-West,Full-Time Permanent,2023-03-06,5.2,255800.0,30.0,332500.0,3.6,4.6,11,58,8.2,7.6,5.0,35,0.09,Low,No
EMP-10944,Jennifer,Smith,jennifer.smith53@enterprise-ai.corp,Product Management & Growth,Senior Group Product Manager,London,United Kingdom,EU-West,Full-Time Permanent,2024-05-18,6.4,204500.0,22.0,249500.0,3.99,4.1,17,23,8.5,9.0,4.1,21,0.31,Medium,No
EMP-10945,Ting,Schmidt,ting.schmidt54@enterprise-ai.corp,"Corporate Finance, Legal & Compliance",Senior Financial Analyst,New York,United States,US-East,Full-Time Permanent,2021-11-07,3.8,121500.0,15.0,139700.0,3.62,4.1,18,23,5.4,7.5,4.0,31,0.07,Low,No
EMP-10946,Charles,Davis,charles.davis55@enterprise-ai.corp,"Corporate Finance, Legal & Compliance",Senior Financial Analyst,Austin,United States,US-Central,Full-Time Permanent,2024-08-29,6.7,102900.0,15.0,118300.0,3.97,4.3,13,31,8.9,8.6,4.2,22,0.18,Low,No
EMP-10947,Hiroshi,Rodriguez,hiroshi.rodriguez56@enterprise-ai.corp,UI/UX Product Design,Product Designer,Singapore,Singapore,APAC-South,Full-Time Permanent,2020-03-04,2.2,102200.0,12.0,114500.0,3.65,4.0,17,24,3.0,9.0,4.0,11,0.13,Low,No
EMP-10948,Matthew,Davis,matthew.davis57@enterprise-ai.corp,Core Software Engineering,Engineering Director,New York,United States,US-East,Full-Time Permanent,2019-02-22,1.1,283500.0,35.0,382700.0,3.61,3.8,9,46,9.4,8.3,4.7,37,0.24,Medium,No
EMP-10949,Kenji,Tanaka,kenji.tanaka58@enterprise-ai.corp,AI & Machine Learning Research,L5 Principal Research Fellow,Austin,United States,US-Central,Full-Time Permanent,2020-03-04,2.2,408800.0,40.0,572300.0,4.32,4.0,14,51,11.4,7.9,3.6,30,0.08,Low,No
EMP-10950,Patricia,Mueller,patricia.mueller59@enterprise-ai.corp,Global Enterprise Sales & BD,Enterprise SDR / BDR,Sydney,Australia,APAC-ANZ,Full-Time Permanent,2023-07-12,5.5,71500.0,30.0,93000.0,3.86,4.1,13,68,7.4,9.7,4.1,30,0.1,Low,No
EMP-10951,Betty,Thomas,betty.thomas60@enterprise-ai.corp,UI/UX Product Design,Product Designer,Taipei,Taiwan,APAC-East,Full-Time Permanent,2021-11-30,3.9,128800.0,12.0,144300.0,3.8,4.7,4,28,7.9,7.2,4.4,1,0.23,Medium,No
EMP-10952,Hiroshi,Lin,hiroshi.lin61@enterprise-ai.corp,Product Management & Growth,Director of Product,Remote - Global,Global Remote,Remote,Full-Time Permanent,2023-12-13,5.9,256700.0,30.0,333700.0,3.92,2.7,16,12,55.8,4.7,1.4,37,0.84,High,No
EMP-10953,David,Brown,david.brown62@enterprise-ai.corp,UI/UX Product Design,Staff UI/UX Design Lead,London,United Kingdom,EU-West,Full-Time Permanent,2024-01-01,6.0,186200.0,20.0,223400.0,4.43,4.3,8,37,12.2,8.4,4.6,19,0.21,Medium,No
EMP-10954,Mei,Tanaka,mei.tanaka63@enterprise-ai.corp,Product Management & Growth,Director of Product,Austin,United States,US-Central,Full-Time Permanent,2021-02-25,3.2,271900.0,30.0,353500.0,3.86,4.0,12,80,5.8,7.2,4.3,23,0.18,Low,No
EMP-10955,Alex,Johnson,alex.johnson64@enterprise-ai.corp,People Operations & Talent Acquisition,People Operations Partner,San Francisco,United States,US-West,Full-Time Permanent,2020-06-29,2.5,89100.0,12.0,99800.0,4.02,4.5,10,59,3.2,7.4,4.3,8,0.2,Medium,No
EMP-10956,Wei,Martinez,wei.martinez65@enterprise-ai.corp,AI & Machine Learning Research,L5 Principal Research Fellow,Tokyo,Japan,APAC-East,Full-Time Permanent,2018-09-17,0.7,399200.0,40.0,558900.0,4.12,3.7,27,16,47.2,4.0,2.2,35,0.75,High,No
EMP-10957,James,Nakamura,james.nakamura66@enterprise-ai.corp,"Corporate Finance, Legal & Compliance",Corporate Counsel / Compliance Director,Berlin,Germany,EU-Central,Full-Time Permanent,2025-11-04,7.8,197900.0,25.0,247400.0,4.98,3.9,4,50,14.8,7.7,3.6,31,0.2,Medium,Yes
EMP-10958,Donald,Kim,donald.kim67@enterprise-ai.corp,UI/UX Product Design,Product Designer,Sydney,Australia,APAC-ANZ,Full-Time Permanent,2022-09-13,4.7,105200.0,12.0,117800.0,4.61,3.8,11,56,2.1,9.1,3.9,11,0.15,Low,Yes
EMP-10959,Yuki,Davis,yuki.davis68@enterprise-ai.corp,Global Enterprise Sales & BD,VP of Global Enterprise Sales,Taipei,Taiwan,APAC-East,Full-Time Permanent,2018-11-12,0.9,318700.0,60.0,509900.0,4.41,4.7,13,28,4.5,8.2,3.9,6,0.1,Low,No
EMP-10960,John,Yamamoto,john.yamamoto69@enterprise-ai.corp,Core Software Engineering,L1 Associate Software Engineer,Sydney,Australia,APAC-ANZ,Full-Time Permanent,2022-08-12,4.6,88100.0,10.0,96900.0,4.99,4.6,16,24,4.8,8.3,5.0,38,0.25,Medium,Yes
EMP-10961,Michael,Nakamura,michael.nakamura70@enterprise-ai.corp,Cloud Platform & DevOps / SRE,Staff Reliability Architect,Taipei,Taiwan,APAC-East,Full-Time Permanent,2020-05-30,2.4,239700.0,25.0,299600.0,4.52,4.2,10,24,3.9,9.5,4.4,8,0.21,Medium,Yes
EMP-10962,David,Nakamura,david.nakamura71@enterprise-ai.corp,Core Software Engineering,L4 Staff Distributed Engineer,Singapore,Singapore,APAC-South,Contractor Strategic,2024-03-16,6.2,198900.0,25.0,248600.0,3.74,4.1,13,35,9.4,7.3,4.1,32,0.28,Medium,No
EMP-10963,James,Chen,james.chen72@enterprise-ai.corp,"Corporate Finance, Legal & Compliance",Corporate Counsel / Compliance Director,Zurich,Switzerland,EU-Central,Full-Time Permanent,2024-11-19,6.9,201600.0,25.0,252000.0,4.23,4.0,4,33,6.1,8.7,4.4,13,0.3,Medium,No
EMP-10964,Ananya,Moreau,ananya.moreau73@enterprise-ai.corp,AI & Machine Learning Research,L4 Staff AI Scientist,Sydney,Australia,APAC-ANZ,Full-Time Permanent,2023-04-28,5.3,236700.0,30.0,307700.0,4.86,4.6,14,81,1.1,7.4,4.8,25,0.15,Low,No
EMP-10965,Margaret,Huang,margaret.huang74@enterprise-ai.corp,UI/UX Product Design,Product Designer,London,United Kingdom,EU-West,Full-Time Permanent,2021-04-29,3.3,122900.0,12.0,137600.0,4.91,3.8,12,36,12.4,7.1,4.8,7,0.07,Low,No
EMP-10966,John,Garcia,john.garcia75@enterprise-ai.corp,"Corporate Finance, Legal & Compliance",Senior Financial Analyst,Taipei,Taiwan,APAC-East,Full-Time Permanent,2018-09-12,0.7,105300.0,15.0,121100.0,4.15,4.6,17,34,5.5,7.5,4.0,7,0.33,Medium,No
EMP-10967,Astrid,Wilson,astrid.wilson76@enterprise-ai.corp,Product Management & Growth,Senior Group Product Manager,Remote - Global,Global Remote,Remote,Full-Time Permanent,2019-12-17,2.0,201800.0,22.0,246200.0,4.99,4.2,16,62,6.4,8.9,4.5,3,0.26,Medium,Yes
EMP-10968,Betty,Huang,betty.huang77@enterprise-ai.corp,People Operations & Talent Acquisition,Talent Acquisition Lead,New York,United States,US-East,Full-Time Permanent,2023-11-06,5.8,113800.0,18.0,134300.0,4.38,4.6,5,59,13.8,9.9,4.8,34,0.25,Medium,No
EMP-10969,Camila,Martinez,camila.martinez78@enterprise-ai.corp,Customer Success & Technical Support,Customer Success Manager,London,United Kingdom,EU-West,Full-Time Permanent,2023-08-08,5.6,95700.0,15.0,110100.0,4.38,3.9,10,72,2.4,8.4,3.6,1,0.08,Low,No
EMP-10970,David,Brown,david.brown79@enterprise-ai.corp,UI/UX Product Design,Staff UI/UX Design Lead,Taipei,Taiwan,APAC-East,Full-Time Permanent,2019-03-04,1.2,157500.0,20.0,189000.0,4.59,4.8,5,76,1.6,9.5,4.1,7,0.12,Low,No
EMP-10971,Sven,Lopez,sven.lopez80@enterprise-ai.corp,Cloud Platform & DevOps / SRE,Cloud Infrastructure SRE,Berlin,Germany,EU-Central,Full-Time Permanent,2023-12-17,6.0,142600.0,18.0,168300.0,3.33,2.1,15,6,40.9,4.0,2.0,37,0.64,High,No
EMP-10972,Nancy,Martinez,nancy.martinez81@enterprise-ai.corp,Global Enterprise Sales & BD,Senior Enterprise Account Executive,Sydney,Australia,APAC-ANZ,Full-Time Permanent,2020-05-05,2.3,168200.0,50.0,252300.0,3.68,3.9,7,40,12.7,7.2,3.5,7,0.08,Low,No
EMP-10973,William,Miller,william.miller82@enterprise-ai.corp,People Operations & Talent Acquisition,Talent Acquisition Lead,Zurich,Switzerland,EU-Central,Contractor Strategic,2021-10-09,3.8,115200.0,18.0,135900.0,2.5,2.0,19,12,36.3,3.0,1.6,37,0.91,High,No
EMP-10974,Mary,Jackson,mary.jackson83@enterprise-ai.corp,Global Enterprise Sales & BD,Mid-Market Account Executive,New York,United States,US-East,Full-Time Permanent,2024-05-30,6.4,100100.0,40.0,140100.0,4.33,4.0,11,62,3.7,9.2,4.1,13,0.06,Low,No
EMP-10975,Karen,Davis,karen.davis84@enterprise-ai.corp,"Corporate Finance, Legal & Compliance",Senior Financial Analyst,Berlin,Germany,EU-Central,Full-Time Permanent,2020-08-20,2.6,119800.0,15.0,137800.0,4.73,3.8,5,57,5.4,7.3,4.1,31,0.18,Low,No
EMP-10976,Hiroshi,Moreau,hiroshi.moreau85@enterprise-ai.corp,Product Management & Growth,Senior Group Product Manager,Taipei,Taiwan,APAC-East,Full-Time Permanent,2020-07-23,2.6,174300.0,22.0,212600.0,4.0,4.2,13,41,4.7,9.6,3.5,20,0.33,Medium,No
EMP-10977,Matthew,Jones,matthew.jones86@enterprise-ai.corp,Enterprise Solutions Architecture,Senior Solutions Architect,Remote - Global,Global Remote,Remote,Full-Time Permanent,2021-10-06,3.8,188200.0,20.0,225800.0,3.67,4.2,10,46,5.7,8.9,4.2,21,0.09,Low,No
EMP-10978,Hiroshi,Chen,hiroshi.chen87@enterprise-ai.corp,Global Enterprise Sales & BD,VP of Global Enterprise Sales,London,United Kingdom,EU-West,Full-Time Permanent,2021-12-29,4.0,302600.0,60.0,484200.0,4.41,4.9,14,63,4.9,9.4,4.4,29,0.31,Medium,No
EMP-10979,Thomas,Mueller,thomas.mueller88@enterprise-ai.corp,Product Management & Growth,Senior Group Product Manager,Austin,United States,US-Central,Full-Time Permanent,2024-05-21,6.4,175500.0,22.0,214100.0,3.96,4.0,8,81,12.1,9.3,3.6,15,0.05,Low,No
EMP-10980,Thomas,Anderson,thomas.anderson89@enterprise-ai.corp,People Operations & Talent Acquisition,People Operations Partner,Taipei,Taiwan,APAC-East,Full-Time Permanent,2022-09-25,4.7,95700.0,12.0,107200.0,4.52,4.2,8,74,12.5,8.9,4.2,1,0.17,Low,Yes
EMP-10981,Mateo,Chen,mateo.chen90@enterprise-ai.corp,Cloud Platform & DevOps / SRE,Cloud Infrastructure SRE,Sydney,Australia,APAC-ANZ,Contractor Strategic,2024-04-04,6.3,120200.0,18.0,141800.0,4.03,3.1,21,8,31.0,3.6,1.0,32,0.64,High,No
EMP-10982,Alex,Oliveira,alex.oliveira91@enterprise-ai.corp,Product Management & Growth,Director of Product,Remote - Global,Global Remote,Remote,Full-Time Permanent,2025-12-02,7.9,280300.0,30.0,364400.0,4.13,4.2,14,85,9.2,9.1,4.4,20,0.05,Low,No
EMP-10983,Elena,Sato,elena.sato92@enterprise-ai.corp,People Operations & Talent Acquisition,Talent Acquisition Lead,Berlin,Germany,EU-Central,Full-Time Permanent,2020-12-25,3.0,106000.0,18.0,125100.0,4.53,5.0,15,40,5.9,8.9,4.8,3,0.23,Medium,Yes
EMP-10984,William,Sato,william.sato93@enterprise-ai.corp,People Operations & Talent Acquisition,Talent Acquisition Lead,Singapore,Singapore,APAC-South,Full-Time Permanent,2020-03-11,2.2,117300.0,18.0,138400.0,3.76,4.8,17,61,13.3,7.1,4.2,24,0.26,Medium,No
EMP-10985,Yuki,Santos,yuki.santos94@enterprise-ai.corp,"Corporate Finance, Legal & Compliance",Senior Financial Analyst,Tokyo,Japan,APAC-East,Contractor Strategic,2023-07-19,5.5,101600.0,15.0,116800.0,3.7,4.2,12,50,5.5,8.2,3.9,15,0.05,Low,No
EMP-10986,Mark,Taylor,mark.taylor95@enterprise-ai.corp,AI & Machine Learning Research,L5 Principal Research Fellow,Austin,United States,US-Central,Contractor Strategic,2023-07-15,5.5,405800.0,40.0,568100.0,3.95,2.9,27,2,45.4,2.2,2.0,5,0.87,High,No
EMP-10987,Matthew,Ivanov,matthew.ivanov96@enterprise-ai.corp,AI & Machine Learning Research,L3 Senior Deep Learning Researcher,Remote - Global,Global Remote,Remote,Full-Time Permanent,2023-06-12,5.4,172600.0,25.0,215800.0,4.95,4.6,7,36,0.3,7.0,3.7,28,0.12,Low,No
EMP-10988,Camila,Wilson,camila.wilson97@enterprise-ai.corp,Product Management & Growth,Product Manager,Austin,United States,US-Central,Full-Time Permanent,2023-12-14,5.9,124800.0,15.0,143500.0,4.69,3.8,13,50,7.4,9.0,4.5,15,0.06,Low,Yes
EMP-10989,Daniel,Wilson,daniel.wilson98@enterprise-ai.corp,People Operations & Talent Acquisition,Talent Acquisition Lead,New York,United States,US-East,Full-Time Permanent,2020-08-20,2.6,109300.0,18.0,129000.0,3.87,5.0,5,62,1.9,9.3,4.6,38,0.29,Medium,No
EMP-10990,Mei,Moreau,mei.moreau0@enterprise-ai.corp,Global Enterprise Sales & BD,Strategic Sales Director,Berlin,Germany,EU-Central,Full-Time Permanent,2020-01-20,2.1,244800.0,55.0,379400.0,3.57,2.2,10,2,46.8,4.7,1.8,34,0.8,High,No
EMP-10991,Fatima,Hernandez,fatima.hernandez1@enterprise-ai.corp,Product Management & Growth,Director of Product,Austin,United States,US-Central,Full-Time Permanent,2021-09-05,3.7,259100.0,30.0,336800.0,4.81,4.9,12,65,0.2,8.5,4.6,15,0.31,Medium,Yes
EMP-10992,Margaret,Schneider,margaret.schneider2@enterprise-ai.corp,AI & Machine Learning Research,L5 Principal Research Fellow,London,United Kingdom,EU-West,Full-Time Permanent,2021-03-18,3.2,357000.0,40.0,499800.0,4.11,4.6,16,57,9.5,9.4,4.3,17,0.04,Low,No
EMP-10993,Astrid,Schmidt,astrid.schmidt3@enterprise-ai.corp,AI & Machine Learning Research,L3 Senior Deep Learning Researcher,San Francisco,United States,US-West,Contractor Strategic,2020-10-10,2.8,205400.0,25.0,256800.0,2.68,3.4,15,16,33.6,2.3,1.5,34,0.62,High,No
EMP-10994,Daniel,Yamamoto,daniel.yamamoto4@enterprise-ai.corp,UI/UX Product Design,Product Designer,London,United Kingdom,EU-West,Full-Time Permanent,2019-02-10,1.1,108000.0,12.0,121000.0,4.77,4.9,17,81,9.1,9.8,4.9,35,0.16,Low,No
EMP-10995,Daniel,Schneider,daniel.schneider5@enterprise-ai.corp,Customer Success & Technical Support,Customer Success Manager,Zurich,Switzerland,EU-Central,Full-Time Permanent,2022-10-03,4.8,113200.0,15.0,130200.0,3.84,4.7,8,61,1.3,8.9,3.6,16,0.14,Low,No
EMP-10996,Kenji,Jones,kenji.jones6@enterprise-ai.corp,Enterprise Solutions Architecture,Principal Enterprise Architect,Taipei,Taiwan,APAC-East,Full-Time Permanent,2020-06-01,2.4,215300.0,25.0,269100.0,2.68,2.1,21,16,42.5,4.6,2.3,6,0.86,High,No
EMP-10997,Astrid,Nakamura,astrid.nakamura7@enterprise-ai.corp,"Corporate Finance, Legal & Compliance",Corporate Counsel / Compliance Director,London,United Kingdom,EU-West,Full-Time Permanent,2020-10-20,2.8,249800.0,25.0,312200.0,3.97,5.0,11,37,1.3,8.0,4.6,28,0.22,Medium,No
EMP-10998,Astrid,Sharma,astrid.sharma8@enterprise-ai.corp,Core Software Engineering,L1 Associate Software Engineer,New York,United States,US-East,Full-Time Permanent,2019-10-24,1.8,86500.0,10.0,95200.0,4.24,3.8,10,52,8.5,9.1,3.6,24,0.11,Low,No
EMP-10999,Rohan,Sato,rohan.sato9@enterprise-ai.corp,Product Management & Growth,Product Manager,San Francisco,United States,US-West,Full-Time Permanent,2025-06-22,7.5,148900.0,15.0,171200.0,4.41,4.8,5,44,9.5,9.7,4.9,18,0.29,Medium,No
EMP-11000,Rohan,Santos,rohan.santos10@enterprise-ai.corp,Customer Success & Technical Support,Senior Technical Account Manager,Remote - Global,Global Remote,Remote,Full-Time Permanent,2025-08-21,7.6,121500.0,20.0,145800.0,4.59,4.1,4,43,1.3,8.2,3.5,38,0.06,Low,Yes
EMP-11001,Chloe,Taylor,chloe.taylor11@enterprise-ai.corp,UI/UX Product Design,Staff UI/UX Design Lead,Singapore,Singapore,APAC-South,Full-Time Permanent,2021-04-15,3.3,170800.0,20.0,205000.0,3.69,4.6,14,60,2.4,7.1,4.3,27,0.3,Medium,No
EMP-11002,Chloe,Dubois,chloe.dubois12@enterprise-ai.corp,AI & Machine Learning Research,L3 Senior Deep Learning Researcher,Zurich,Switzerland,EU-Central,Full-Time Permanent,2020-11-25,2.9,203900.0,25.0,254900.0,4.0,4.2,11,29,10.4,9.3,4.9,9,0.04,Low,No
EMP-11003,Tariq,Anderson,tariq.anderson13@enterprise-ai.corp,Customer Success & Technical Support,Senior Technical Account Manager,Berlin,Germany,EU-Central,Full-Time Permanent,2021-04-24,3.3,136400.0,20.0,163700.0,3.47,3.4,16,18,57.4,4.9,1.1,14,0.68,High,No
EMP-11004,Mark,Rodriguez,mark.rodriguez14@enterprise-ai.corp,"Corporate Finance, Legal & Compliance",Senior Financial Analyst,Zurich,Switzerland,EU-Central,Full-Time Permanent,2020-12-18,3.0,105800.0,15.0,121700.0,4.05,2.2,11,18,55.7,2.5,2.3,17,0.7,High,No
EMP-11005,John,Park,john.park15@enterprise-ai.corp,Global Enterprise Sales & BD,Enterprise SDR / BDR,London,United Kingdom,EU-West,Full-Time Permanent,2024-07-19,6.5,84000.0,30.0,109200.0,3.84,4.4,6,30,3.8,8.5,4.1,12,0.12,Low,No
EMP-11006,Mark,Schneider,mark.schneider16@enterprise-ai.corp,AI & Machine Learning Research,L4 Staff AI Scientist,Austin,United States,US-Central,Full-Time Permanent,2022-07-01,4.5,269300.0,30.0,350100.0,3.94,3.9,6,80,9.8,9.6,3.7,28,0.28,Medium,No
EMP-11007,Yuki,Tanaka,yuki.tanaka17@enterprise-ai.corp,Product Management & Growth,Product Manager,Tokyo,Japan,APAC-East,Contractor Strategic,2024-12-17,7.0,146300.0,15.0,168200.0,3.96,4.0,14,70,12.1,8.9,4.4,21,0.05,Low,No
EMP-11008,Joseph,Gonzalez,joseph.gonzalez18@enterprise-ai.corp,"Corporate Finance, Legal & Compliance",Senior Financial Analyst,San Francisco,United States,US-West,Full-Time Permanent,2018-03-20,0.2,100600.0,15.0,115700.0,4.43,4.7,13,46,8.8,9.3,4.9,19,0.19,Low,No
EMP-11009,Joseph,Taylor,joseph.taylor19@enterprise-ai.corp,Enterprise Solutions Architecture,Senior Solutions Architect,Remote - Global,Global Remote,Remote,Full-Time Permanent,2019-07-19,1.5,172900.0,20.0,207500.0,4.75,4.6,6,84,10.5,8.9,3.5,32,0.05,Low,Yes
EMP-11010,William,Lopez,william.lopez20@enterprise-ai.corp,People Operations & Talent Acquisition,Talent Acquisition Lead,New York,United States,US-East,Full-Time Permanent,2019-01-22,1.1,139500.0,18.0,164600.0,4.34,4.6,11,49,3.4,8.4,4.7,12,0.09,Low,No
EMP-11011,Matthew,Wilson,matthew.wilson21@enterprise-ai.corp,Cloud Platform & DevOps / SRE,Cloud Infrastructure SRE,Sydney,Australia,APAC-ANZ,Contractor Strategic,2022-10-26,4.8,131000.0,18.0,154600.0,3.99,4.0,11,72,12.3,8.0,4.9,32,0.16,Low,No
EMP-11012,Sarah,Jones,sarah.jones22@enterprise-ai.corp,Product Management & Growth,Director of Product,Zurich,Switzerland,EU-Central,Full-Time Permanent,2019-01-07,1.0,246100.0,30.0,319900.0,4.17,4.4,5,63,5.5,7.6,4.4,32,0.29,Medium,No
EMP-11013,Nancy,Brown,nancy.brown23@enterprise-ai.corp,Core Software Engineering,Engineering Director,Sydney,Australia,APAC-ANZ,Full-Time Permanent,2025-04-02,7.2,286300.0,35.0,386500.0,4.73,3.8,14,29,8.8,8.8,3.8,34,0.22,Medium,Yes
EMP-11014,Tariq,Schneider,tariq.schneider24@enterprise-ai.corp,AI & Machine Learning Research,L3 Senior Deep Learning Researcher,Tokyo,Japan,APAC-East,Full-Time Permanent,2024-07-01,6.5,175800.0,25.0,219800.0,4.43,4.6,10,83,5.3,8.0,3.9,21,0.17,Low,No
EMP-11015,Alex,Huang,alex.huang25@enterprise-ai.corp,Enterprise Solutions Architecture,Principal Enterprise Architect,Austin,United States,US-Central,Full-Time Permanent,2019-07-07,1.5,261800.0,25.0,327200.0,3.87,4.1,18,81,11.3,9.8,3.5,8,0.03,Low,No
EMP-11016,Daniel,Lin,daniel.lin26@enterprise-ai.corp,People Operations & Talent Acquisition,People Operations Partner,San Francisco,United States,US-West,Full-Time Permanent,2024-11-26,6.9,105700.0,12.0,118400.0,4.76,4.2,16,75,3.4,7.5,4.6,15,0.2,Medium,Yes
EMP-11017,Fatima,Garcia,fatima.garcia27@enterprise-ai.corp,Core Software Engineering,Engineering Director,Sydney,Australia,APAC-ANZ,Contractor Strategic,2018-09-20,0.7,331700.0,35.0,447800.0,4.42,4.5,5,37,13.9,7.8,4.5,12,0.03,Low,No
EMP-11018,Camila,Jones,camila.jones28@enterprise-ai.corp,People Operations & Talent Acquisition,People Operations Partner,San Francisco,United States,US-West,Full-Time Permanent,2024-09-13,6.7,82000.0,12.0,91800.0,4.12,4.0,16,33,2.2,8.7,3.6,11,0.11,Low,No
EMP-11019,Dmitri,Schmidt,dmitri.schmidt29@enterprise-ai.corp,Core Software Engineering,L1 Associate Software Engineer,Taipei,Taiwan,APAC-East,Full-Time Permanent,2019-04-29,1.3,100700.0,10.0,110800.0,3.7,4.8,9,23,12.4,7.7,3.5,22,0.11,Low,No
EMP-11020,Kenji,Chen,kenji.chen30@enterprise-ai.corp,Cloud Platform & DevOps / SRE,Staff Reliability Architect,San Francisco,United States,US-West,Full-Time Permanent,2020-03-05,2.2,240300.0,25.0,300400.0,4.21,4.2,5,24,3.7,9.4,3.9,4,0.21,Medium,No
EMP-11021,Dmitri,Brown,dmitri.brown31@enterprise-ai.corp,Customer Success & Technical Support,Director of Customer Success,Singapore,Singapore,APAC-South,Full-Time Permanent,2022-07-03,4.5,225400.0,25.0,281800.0,4.43,4.4,12,54,4.6,9.0,3.8,8,0.26,Medium,No
EMP-11022,John,Kim,john.kim32@enterprise-ai.corp,Enterprise Solutions Architecture,Principal Enterprise Architect,Sydney,Australia,APAC-ANZ,Full-Time Permanent,2022-05-05,4.3,219400.0,25.0,274200.0,4.77,4.6,17,33,4.0,8.5,4.5,14,0.31,Medium,Yes
EMP-11023,Karen,Miller,karen.miller33@enterprise-ai.corp,Cloud Platform & DevOps / SRE,Staff Reliability Architect,Sydney,Australia,APAC-ANZ,Full-Time Permanent,2019-09-25,1.7,227500.0,25.0,284400.0,3.45,2.9,13,14,45.8,2.5,1.1,36,0.76,High,No
EMP-11024,Matthew,Jones,matthew.jones34@enterprise-ai.corp,"Corporate Finance, Legal & Compliance",Senior Financial Analyst,Remote - Global,Global Remote,Remote,Full-Time Permanent,2018-10-28,0.8,109400.0,15.0,125800.0,4.7,4.3,6,82,12.1,8.3,4.4,8,0.11,Low,No
EMP-11025,Alex,Sato,alex.sato35@enterprise-ai.corp,Enterprise Solutions Architecture,Senior Solutions Architect,San Francisco,United States,US-West,Full-Time Permanent,2022-04-29,4.3,180100.0,20.0,216100.0,4.57,4.0,16,55,7.6,8.8,4.1,23,0.11,Low,Yes
EMP-11026,Elena,Gonzalez,elena.gonzalez36@enterprise-ai.corp,Customer Success & Technical Support,Director of Customer Success,London,United Kingdom,EU-West,Full-Time Permanent,2020-03-23,2.2,219100.0,25.0,273900.0,4.65,4.3,16,41,4.3,9.2,4.4,14,0.14,Low,Yes
EMP-11027,William,Ivanov,william.ivanov37@enterprise-ai.corp,Customer Success & Technical Support,Customer Success Manager,Sydney,Australia,APAC-ANZ,Contractor Strategic,2024-12-01,6.9,106800.0,15.0,122800.0,2.91,3.5,16,9,31.2,3.3,2.3,35,0.7,High,No
EMP-11028,Linda,Tanaka,linda.tanaka38@enterprise-ai.corp,Enterprise Solutions Architecture,Senior Solutions Architect,San Francisco,United States,US-West,Full-Time Permanent,2020-01-07,2.0,170300.0,20.0,204400.0,4.86,4.8,14,69,8.0,7.2,4.7,30,0.03,Low,No
EMP-11029,David,Park,david.park39@enterprise-ai.corp,Enterprise Solutions Architecture,Principal Enterprise Architect,Austin,United States,US-Central,Full-Time Permanent,2024-09-12,6.7,252900.0,25.0,316100.0,4.73,4.0,16,73,7.3,7.6,4.8,15,0.28,Medium,Yes
EMP-11030,Ananya,Lopez,ananya.lopez40@enterprise-ai.corp,Cloud Platform & DevOps / SRE,Cloud Infrastructure SRE,New York,United States,US-East,Full-Time Permanent,2023-10-26,5.8,143700.0,18.0,169600.0,3.73,4.3,15,56,3.4,7.3,3.6,37,0.31,Medium,No
EMP-11031,Lucas,Jones,lucas.jones41@enterprise-ai.corp,Core Software Engineering,L4 Staff Distributed Engineer,Singapore,Singapore,APAC-South,Full-Time Permanent,2023-06-08,5.4,226500.0,25.0,283100.0,4.77,4.5,13,80,4.5,9.6,4.8,12,0.12,Low,Yes
EMP-11032,Mark,Anderson,mark.anderson42@enterprise-ai.corp,Core Software Engineering,L3 Senior Software Engineer,Singapore,Singapore,APAC-South,Full-Time Permanent,2019-06-16,1.5,169500.0,20.0,203400.0,4.87,4.3,14,38,1.6,7.3,3.8,30,0.22,Medium,No
EMP-11033,Kenji,Huang,kenji.huang43@enterprise-ai.corp,People Operations & Talent Acquisition,People Operations Partner,San Francisco,United States,US-West,Full-Time Permanent,2022-11-23,4.9,93600.0,12.0,104800.0,3.89,2.4,20,14,45.9,2.7,2.1,7,0.87,High,No
EMP-11034,Dmitri,Hernandez,dmitri.hernandez44@enterprise-ai.corp,UI/UX Product Design,Staff UI/UX Design Lead,Zurich,Switzerland,EU-Central,Full-Time Permanent,2018-09-24,0.7,160000.0,20.0,192000.0,4.64,4.9,15,81,13.5,9.0,4.2,25,0.2,Medium,No
EMP-11035,Jennifer,Anderson,jennifer.anderson45@enterprise-ai.corp,Product Management & Growth,Senior Group Product Manager,Austin,United States,US-Central,Full-Time Permanent,2024-06-18,6.5,187100.0,22.0,228300.0,3.99,4.4,16,36,1.3,9.6,4.5,5,0.07,Low,No
EMP-11036,Jennifer,Martinez,jennifer.martinez46@enterprise-ai.corp,AI & Machine Learning Research,L5 Principal Research Fellow,Zurich,Switzerland,EU-Central,Full-Time Permanent,2024-10-09,6.8,385900.0,40.0,540300.0,3.74,4.8,14,21,2.2,7.6,4.7,19,0.34,Medium,No
EMP-11037,Mary,Huang,mary.huang47@enterprise-ai.corp,"Corporate Finance, Legal & Compliance",Senior Financial Analyst,Tokyo,Japan,APAC-East,Full-Time Permanent,2018-06-23,0.5,120800.0,15.0,138900.0,4.64,4.9,4,68,4.2,8.6,4.8,32,0.33,Medium,No
EMP-11038,Lucas,Tanaka,lucas.tanaka48@enterprise-ai.corp,AI & Machine Learning Research,L3 Senior Deep Learning Researcher,Singapore,Singapore,APAC-South,Full-Time Permanent,2020-03-10,2.2,190400.0,25.0,238000.0,4.57,5.0,12,44,2.4,7.8,3.6,27,0.26,Medium,Yes
EMP-11039,Wei,Moreau,wei.moreau49@enterprise-ai.corp,Product Management & Growth,Director of Product,Sydney,Australia,APAC-ANZ,Contractor Strategic,2024-12-14,7.0,299000.0,30.0,388700.0,4.39,4.8,17,64,11.9,9.0,4.1,20,0.26,Medium,No
EMP-11040,Mary,Huang,mary.huang50@enterprise-ai.corp,Core Software Engineering,Engineering Director,Sydney,Australia,APAC-ANZ,Full-Time Permanent,2019-12-17,2.0,358800.0,35.0,484400.0,3.84,4.3,10,51,12.7,9.3,4.0,3,0.23,Medium,No
EMP-11041,James,Moore,james.moore51@enterprise-ai.corp,UI/UX Product Design,Product Designer,Taipei,Taiwan,APAC-East,Full-Time Permanent,2024-07-24,6.6,104900.0,12.0,117500.0,4.13,4.7,8,53,14.3,7.7,4.7,20,0.21,Medium,No
EMP-11042,Barbara,Martin,barbara.martin52@enterprise-ai.corp,Product Management & Growth,Senior Group Product Manager,San Francisco,United States,US-West,Full-Time Permanent,2024-05-02,6.3,210100.0,22.0,256300.0,4.04,4.1,11,45,13.7,7.2,3.7,37,0.16,Low,No
EMP-11043,Fatima,Oliveira,fatima.oliveira53@enterprise-ai.corp,AI & Machine Learning Research,L2 AI/ML Engineer,San Francisco,United States,US-West,Full-Time Permanent,2023-06-07,5.4,147400.0,15.0,169500.0,4.74,4.8,7,33,7.7,7.4,4.5,31,0.28,Medium,No
EMP-11044,Patricia,Miller,patricia.miller54@enterprise-ai.corp,UI/UX Product Design,Product Designer,Taipei,Taiwan,APAC-East,Full-Time Permanent,2022-03-05,4.2,117000.0,12.0,131000.0,3.71,4.8,5,36,6.3,7.3,3.6,22,0.18,Low,No
EMP-11045,Donald,Patel,donald.patel55@enterprise-ai.corp,Cloud Platform & DevOps / SRE,Staff Reliability Architect,London,United Kingdom,EU-West,Full-Time Permanent,2018-12-12,0.9,240800.0,25.0,301000.0,2.68,3.6,26,8,34.6,2.7,2.3,25,0.78,High,No
EMP-11046,Mei,Park,mei.park56@enterprise-ai.corp,Product Management & Growth,Product Manager,Sydney,Australia,APAC-ANZ,Full-Time Permanent,2025-03-09,7.2,121000.0,15.0,139200.0,4.91,4.3,12,32,2.9,7.4,3.7,30,0.33,Medium,No
EMP-11047,Yuki,Hernandez,yuki.hernandez57@enterprise-ai.corp,UI/UX Product Design,Product Designer,Remote - Global,Global Remote,Remote,Full-Time Permanent,2021-01-17,3.0,97500.0,12.0,109200.0,3.86,4.3,15,56,11.2,7.4,4.7,27,0.11,Low,No
EMP-11048,Camila,Wilson,camila.wilson58@enterprise-ai.corp,Product Management & Growth,Director of Product,San Francisco,United States,US-West,Full-Time Permanent,2023-08-12,5.6,245400.0,30.0,319000.0,4.63,4.0,8,76,4.5,7.7,4.0,26,0.34,Medium,Yes
EMP-11049,Camila,Tanaka,camila.tanaka59@enterprise-ai.corp,Global Enterprise Sales & BD,Mid-Market Account Executive,New York,United States,US-East,Full-Time Permanent,2022-07-16,4.5,95700.0,40.0,134000.0,3.6,4.9,11,47,12.0,8.9,4.8,14,0.06,Low,No
EMP-11050,Richard,Hernandez,richard.hernandez60@enterprise-ai.corp,UI/UX Product Design,Staff UI/UX Design Lead,Tokyo,Japan,APAC-East,Full-Time Permanent,2025-05-04,7.3,171700.0,20.0,206000.0,3.02,2.9,12,18,42.6,4.5,2.2,3,0.75,High,No
EMP-11051,Camila,Jones,camila.jones61@enterprise-ai.corp,Customer Success & Technical Support,Customer Success Manager,Berlin,Germany,EU-Central,Full-Time Permanent,2022-03-28,4.2,98600.0,15.0,113400.0,4.05,2.2,14,6,39.1,5.4,2.2,2,0.91,High,No
EMP-11052,Zoe,Jones,zoe.jones62@enterprise-ai.corp,"Corporate Finance, Legal & Compliance",Senior Financial Analyst,Sydney,Australia,APAC-ANZ,Full-Time Permanent,2024-06-06,6.4,131100.0,15.0,150800.0,4.47,4.0,12,36,0.6,9.7,4.0,26,0.2,Medium,No
EMP-11053,Mateo,Garcia,mateo.garcia63@enterprise-ai.corp,People Operations & Talent Acquisition,Talent Acquisition Lead,Remote - Global,Global Remote,Remote,Full-Time Permanent,2025-01-11,7.0,127300.0,18.0,150200.0,3.86,3.9,6,39,1.6,9.3,3.8,36,0.03,Low,No
EMP-11054,Jennifer,Tanaka,jennifer.tanaka64@enterprise-ai.corp,Enterprise Solutions Architecture,Senior Solutions Architect,Berlin,Germany,EU-Central,Full-Time Permanent,2018-05-10,0.4,150200.0,20.0,180200.0,4.74,4.1,16,75,1.9,8.0,4.3,28,0.12,Low,No
EMP-11055,Margaret,Lin,margaret.lin65@enterprise-ai.corp,Enterprise Solutions Architecture,Senior Solutions Architect,Tokyo,Japan,APAC-East,Full-Time Permanent,2020-02-23,2.1,168000.0,20.0,201600.0,3.91,4.8,14,78,11.3,9.1,4.0,36,0.04,Low,No
EMP-11056,Sandra,Hernandez,sandra.hernandez66@enterprise-ai.corp,Global Enterprise Sales & BD,Mid-Market Account Executive,Sydney,Australia,APAC-ANZ,Full-Time Permanent,2019-05-03,1.3,111600.0,40.0,156200.0,4.38,4.7,8,46,1.2,7.5,4.5,35,0.07,Low,No
EMP-11057,Kenji,Davis,kenji.davis67@enterprise-ai.corp,"Corporate Finance, Legal & Compliance",Senior Financial Analyst,London,United Kingdom,EU-West,Contractor Strategic,2019-07-31,1.6,112300.0,15.0,129100.0,2.75,2.5,26,14,31.3,4.3,1.8,31,0.85,High,No
EMP-11058,Sven,Miller,sven.miller68@enterprise-ai.corp,Cloud Platform & DevOps / SRE,Staff Reliability Architect,Singapore,Singapore,APAC-South,Full-Time Permanent,2018-09-04,0.7,243400.0,25.0,304200.0,2.51,3.3,17,12,39.2,4.5,2.1,12,0.63,High,No
EMP-11059,Sarah,Johnson,sarah.johnson69@enterprise-ai.corp,"Corporate Finance, Legal & Compliance",Senior Financial Analyst,Zurich,Switzerland,EU-Central,Full-Time Permanent,2022-03-01,4.2,104700.0,15.0,120400.0,4.17,3.9,5,45,8.6,8.3,5.0,25,0.25,Medium,No
EMP-11060,Elena,Rodriguez,elena.rodriguez70@enterprise-ai.corp,UI/UX Product Design,Staff UI/UX Design Lead,San Francisco,United States,US-West,Full-Time Permanent,2019-01-21,1.1,195400.0,20.0,234500.0,4.96,4.0,8,85,11.5,9.3,3.6,13,0.22,Medium,No
EMP-11061,Matthew,Schneider,matthew.schneider71@enterprise-ai.corp,Enterprise Solutions Architecture,Principal Enterprise Architect,London,United Kingdom,EU-West,Full-Time Permanent,2023-09-01,5.7,258500.0,25.0,323100.0,2.76,2.2,15,8,42.6,2.4,2.5,12,0.74,High,No
EMP-11062,Margaret,Gonzalez,margaret.gonzalez72@enterprise-ai.corp,Global Enterprise Sales & BD,Strategic Sales Director,Singapore,Singapore,APAC-South,Full-Time Permanent,2020-07-20,2.5,257400.0,55.0,399000.0,4.28,4.3,7,69,2.4,7.6,3.8,10,0.14,Low,No
EMP-11063,Ting,Park,ting.park73@enterprise-ai.corp,Product Management & Growth,Senior Group Product Manager,San Francisco,United States,US-West,Full-Time Permanent,2023-03-16,5.2,201500.0,22.0,245800.0,3.82,4.6,17,78,3.1,7.4,3.5,13,0.17,Low,No
EMP-11064,Anthony,Lin,anthony.lin74@enterprise-ai.corp,Enterprise Solutions Architecture,Principal Enterprise Architect,Remote - Global,Global Remote,Remote,Full-Time Permanent,2022-03-14,4.2,255800.0,25.0,319800.0,4.19,2.7,16,9,41.1,3.5,2.4,8,0.76,High,No
EMP-11065,Mary,Moore,mary.moore75@enterprise-ai.corp,Enterprise Solutions Architecture,Principal Enterprise Architect,Singapore,Singapore,APAC-South,Full-Time Permanent,2025-01-30,7.1,269600.0,25.0,337000.0,4.61,4.0,5,71,2.2,8.6,3.8,35,0.28,Medium,Yes
EMP-11066,Rohan,Williams,rohan.williams76@enterprise-ai.corp,Global Enterprise Sales & BD,Senior Enterprise Account Executive,Singapore,Singapore,APAC-South,Full-Time Permanent,2024-06-04,6.4,162400.0,50.0,243600.0,4.81,3.9,6,49,11.0,9.4,4.9,17,0.27,Medium,Yes
EMP-11067,Anthony,Yamamoto,anthony.yamamoto77@enterprise-ai.corp,Product Management & Growth,Product Manager,Tokyo,Japan,APAC-East,Full-Time Permanent,2024-05-15,6.4,135900.0,15.0,156300.0,4.73,4.5,15,48,5.5,9.3,4.3,34,0.29,Medium,Yes
EMP-11068,Thomas,Schmidt,thomas.schmidt78@enterprise-ai.corp,AI & Machine Learning Research,L4 Staff AI Scientist,Tokyo,Japan,APAC-East,Full-Time Permanent,2024-12-24,7.0,257300.0,30.0,334500.0,4.81,4.1,5,48,4.6,7.7,3.9,15,0.14,Low,Yes
EMP-11069,Jessica,Chen,jessica.chen79@enterprise-ai.corp,Product Management & Growth,Senior Group Product Manager,Singapore,Singapore,APAC-South,Full-Time Permanent,2019-10-25,1.8,186300.0,22.0,227300.0,4.8,4.2,10,41,6.0,8.0,4.0,10,0.3,Medium,Yes
EMP-11070,Rohan,Lin,rohan.lin80@enterprise-ai.corp,Product Management & Growth,Director of Product,San Francisco,United States,US-West,Full-Time Permanent,2018-03-19,0.2,269400.0,30.0,350200.0,4.71,4.8,4,21,4.6,9.6,4.3,13,0.19,Low,No
EMP-11071,Sarah,Garcia,sarah.garcia81@enterprise-ai.corp,"Corporate Finance, Legal & Compliance",Corporate Counsel / Compliance Director,New York,United States,US-East,Full-Time Permanent,2022-10-10,4.8,210200.0,25.0,262800.0,3.78,3.8,10,61,8.4,7.7,4.6,38,0.27,Medium,No
EMP-11072,Kenji,Patel,kenji.patel82@enterprise-ai.corp,UI/UX Product Design,Staff UI/UX Design Lead,Sydney,Australia,APAC-ANZ,Full-Time Permanent,2021-12-28,4.0,166500.0,20.0,199800.0,3.68,5.0,14,85,11.9,7.7,4.9,18,0.3,Medium,No
EMP-11073,Mei,Kim,mei.kim83@enterprise-ai.corp,Customer Success & Technical Support,Director of Customer Success,Singapore,Singapore,APAC-South,Full-Time Permanent,2024-11-01,6.8,187500.0,25.0,234400.0,4.08,4.7,15,35,13.4,8.3,4.9,18,0.24,Medium,No
EMP-11074,Joseph,Anderson,joseph.anderson84@enterprise-ai.corp,Product Management & Growth,Senior Group Product Manager,Berlin,Germany,EU-Central,Full-Time Permanent,2025-09-08,7.7,173800.0,22.0,212000.0,4.34,4.8,18,26,10.3,8.3,4.4,34,0.04,Low,No
EMP-11075,Thomas,Sharma,thomas.sharma85@enterprise-ai.corp,Enterprise Solutions Architecture,Principal Enterprise Architect,New York,United States,US-East,Full-Time Permanent,2021-04-30,3.3,232500.0,25.0,290600.0,3.86,4.8,6,64,5.8,7.5,4.0,14,0.33,Medium,No
EMP-11076,Zoe,Smith,zoe.smith86@enterprise-ai.corp,Cloud Platform & DevOps / SRE,Cloud Infrastructure SRE,San Francisco,United States,US-West,Full-Time Permanent,2020-10-16,2.8,126200.0,18.0,148900.0,3.33,2.3,19,14,38.1,2.7,1.1,8,0.78,High,No
EMP-11077,Nancy,Santos,nancy.santos87@enterprise-ai.corp,"Corporate Finance, Legal & Compliance",Senior Financial Analyst,Singapore,Singapore,APAC-South,Full-Time Permanent,2019-03-10,1.2,106600.0,15.0,122600.0,4.65,4.2,14,79,4.8,9.5,4.8,30,0.15,Low,No
EMP-11078,Chloe,Tanaka,chloe.tanaka88@enterprise-ai.corp,Cloud Platform & DevOps / SRE,Cloud Infrastructure SRE,New York,United States,US-East,Full-Time Permanent,2019-02-20,1.1,146200.0,18.0,172500.0,4.25,4.2,11,55,0.6,7.6,4.8,12,0.26,Medium,No
EMP-11079,Karen,Martinez,karen.martinez89@enterprise-ai.corp,Core Software Engineering,L1 Associate Software Engineer,New York,United States,US-East,Full-Time Permanent,2025-09-25,7.7,85600.0,10.0,94200.0,4.65,4.0,10,59,0.7,9.1,3.8,14,0.16,Low,Yes
EMP-11080,Margaret,Smith,margaret.smith90@enterprise-ai.corp,Cloud Platform & DevOps / SRE,Staff Reliability Architect,Tokyo,Japan,APAC-East,Full-Time Permanent,2018-08-16,0.6,237200.0,25.0,296500.0,4.95,3.9,5,25,0.7,8.0,3.7,11,0.31,Medium,No
EMP-11081,Elena,Schmidt,elena.schmidt91@enterprise-ai.corp,Product Management & Growth,Product Manager,Taipei,Taiwan,APAC-East,Full-Time Permanent,2023-04-08,5.3,120000.0,15.0,138000.0,4.49,4.6,16,45,10.2,8.9,4.3,24,0.17,Low,No
EMP-11082,Ting,Jones,ting.jones92@enterprise-ai.corp,Enterprise Solutions Architecture,Principal Enterprise Architect,Zurich,Switzerland,EU-Central,Full-Time Permanent,2021-11-02,3.8,253000.0,25.0,316200.0,3.05,2.4,17,2,47.7,3.7,1.7,5,0.8,High,No
EMP-11083,Robert,Johnson,robert.johnson93@enterprise-ai.corp,UI/UX Product Design,Product Designer,Remote - Global,Global Remote,Remote,Full-Time Permanent,2024-10-24,6.8,104600.0,12.0,117200.0,4.67,4.7,15,31,12.2,9.4,3.7,13,0.1,Low,Yes
EMP-11084,Ting,Yamamoto,ting.yamamoto94@enterprise-ai.corp,Global Enterprise Sales & BD,Enterprise SDR / BDR,Zurich,Switzerland,EU-Central,Contractor Strategic,2022-03-21,4.2,75100.0,30.0,97600.0,4.09,4.0,12,38,11.9,7.3,3.7,8,0.05,Low,No
EMP-11085,Mei,Oliveira,mei.oliveira95@enterprise-ai.corp,Enterprise Solutions Architecture,Senior Solutions Architect,Taipei,Taiwan,APAC-East,Full-Time Permanent,2024-07-15,6.5,161600.0,20.0,193900.0,4.04,3.8,10,2,52.8,4.0,1.5,7,0.78,High,No
EMP-11086,Daniel,Schmidt,daniel.schmidt96@enterprise-ai.corp,UI/UX Product Design,Staff UI/UX Design Lead,San Francisco,United States,US-West,Contractor Strategic,2019-02-18,1.1,159900.0,20.0,191900.0,2.51,2.9,13,7,38.0,2.8,2.1,28,0.8,High,No
EMP-11087,Donald,Oliveira,donald.oliveira97@enterprise-ai.corp,UI/UX Product Design,Product Designer,Sydney,Australia,APAC-ANZ,Full-Time Permanent,2020-12-08,2.9,121400.0,12.0,136000.0,4.79,4.4,12,27,8.2,8.5,4.6,9,0.34,Medium,Yes
EMP-11088,Ananya,Wilson,ananya.wilson98@enterprise-ai.corp,"Corporate Finance, Legal & Compliance",Senior Financial Analyst,San Francisco,United States,US-West,Full-Time Permanent,2019-10-20,1.8,105500.0,15.0,121300.0,3.82,4.2,18,40,9.6,9.3,4.1,31,0.18,Low,No
EMP-11089,Betty,Martinez,betty.martinez0@enterprise-ai.corp,Product Management & Growth,Senior Group Product Manager,New York,United States,US-East,Full-Time Permanent,2018-08-30,0.7,202400.0,22.0,246900.0,4.58,4.8,12,83,10.0,7.6,3.6,32,0.15,Low,No
EMP-11090,Thomas,Davis,thomas.davis1@enterprise-ai.corp,Global Enterprise Sales & BD,Senior Enterprise Account Executive,Remote - Global,Global Remote,Remote,Full-Time Permanent,2018-03-23,0.2,181600.0,50.0,272400.0,4.82,4.4,4,47,2.7,7.0,4.9,31,0.3,Medium,No
EMP-11091,Michael,Dubois,michael.dubois2@enterprise-ai.corp,Enterprise Solutions Architecture,Senior Solutions Architect,Tokyo,Japan,APAC-East,Contractor Strategic,2023-09-22,5.7,165200.0,20.0,198200.0,3.61,4.9,18,38,9.1,7.8,4.1,27,0.19,Low,No
EMP-11092,James,Oliveira,james.oliveira3@enterprise-ai.corp,People Operations & Talent Acquisition,Talent Acquisition Lead,San Francisco,United States,US-West,Full-Time Permanent,2022-07-15,4.5,105900.0,18.0,125000.0,3.85,4.4,17,77,0.6,9.7,4.4,10,0.28,Medium,No
EMP-11093,Fatima,Williams,fatima.williams4@enterprise-ai.corp,"Corporate Finance, Legal & Compliance",Senior Financial Analyst,New York,United States,US-East,Full-Time Permanent,2021-08-15,3.6,121700.0,15.0,140000.0,3.6,3.6,12,19,39.8,2.5,2.2,27,0.64,High,No
EMP-11094,Fatima,Mueller,fatima.mueller5@enterprise-ai.corp,Product Management & Growth,Product Manager,Zurich,Switzerland,EU-Central,Full-Time Permanent,2020-01-08,2.0,133300.0,15.0,153300.0,4.53,3.8,7,32,8.6,8.7,4.3,1,0.24,Medium,Yes
EMP-11095,Mei,Thomas,mei.thomas6@enterprise-ai.corp,Cloud Platform & DevOps / SRE,Staff Reliability Architect,Tokyo,Japan,APAC-East,Full-Time Permanent,2020-07-26,2.6,198400.0,25.0,248000.0,4.98,4.4,4,82,3.4,9.7,3.6,12,0.35,Medium,Yes
EMP-11096,Hiroshi,Patel,hiroshi.patel7@enterprise-ai.corp,Enterprise Solutions Architecture,Senior Solutions Architect,Taipei,Taiwan,APAC-East,Contractor Strategic,2018-08-14,0.6,159900.0,20.0,191900.0,2.83,2.0,27,11,49.4,3.9,1.3,16,0.86,High,No
EMP-11097,Betty,Jackson,betty.jackson8@enterprise-ai.corp,Cloud Platform & DevOps / SRE,Staff Reliability Architect,London,United Kingdom,EU-West,Full-Time Permanent,2021-03-31,3.2,209400.0,25.0,261800.0,3.36,2.6,23,5,48.0,4.0,1.4,37,0.64,High,No
EMP-11098,Elizabeth,Kim,elizabeth.kim9@enterprise-ai.corp,Global Enterprise Sales & BD,Enterprise SDR / BDR,Sydney,Australia,APAC-ANZ,Full-Time Permanent,2023-11-16,5.9,67700.0,30.0,88000.0,3.66,4.2,13,53,10.3,9.7,4.5,28,0.08,Low,No
EMP-11099,Michael,Moreau,michael.moreau10@enterprise-ai.corp,Product Management & Growth,Product Manager,Taipei,Taiwan,APAC-East,Full-Time Permanent,2024-07-01,6.5,130800.0,15.0,150400.0,4.56,4.7,9,84,6.1,9.4,4.7,22,0.16,Low,Yes
EMP-11100,Richard,Miller,richard.miller11@enterprise-ai.corp,Enterprise Solutions Architecture,Senior Solutions Architect,Tokyo,Japan,APAC-East,Full-Time Permanent,2023-08-13,5.6,171500.0,20.0,205800.0,4.64,3.8,5,52,10.2,9.0,4.5,27,0.12,Low,Yes
EMP-11101,Yuki,Kowalski,yuki.kowalski12@enterprise-ai.corp,Global Enterprise Sales & BD,Enterprise SDR / BDR,Berlin,Germany,EU-Central,Full-Time Permanent,2019-01-16,1.0,68300.0,30.0,88800.0,2.78,2.6,11,20,50.0,4.8,1.2,19,0.89,High,No
EMP-11102,Kenji,Patel,kenji.patel13@enterprise-ai.corp,Global Enterprise Sales & BD,Strategic Sales Director,Austin,United States,US-Central,Contractor Strategic,2023-04-20,5.3,243100.0,55.0,376800.0,2.66,3.5,20,13,45.4,5.1,2.0,32,0.67,High,No
EMP-11103,Margaret,Miller,margaret.miller14@enterprise-ai.corp,Global Enterprise Sales & BD,Enterprise SDR / BDR,Zurich,Switzerland,EU-Central,Full-Time Permanent,2023-01-20,5.1,73800.0,30.0,95900.0,4.72,4.8,15,23,10.6,7.0,4.1,31,0.21,Medium,No
EMP-11104,Michael,Tanaka,michael.tanaka15@enterprise-ai.corp,UI/UX Product Design,Product Designer,Sydney,Australia,APAC-ANZ,Full-Time Permanent,2019-07-06,1.5,102800.0,12.0,115100.0,4.39,4.6,13,46,4.0,7.5,3.5,19,0.16,Low,No
EMP-11105,Donald,Mueller,donald.mueller16@enterprise-ai.corp,Global Enterprise Sales & BD,Mid-Market Account Executive,New York,United States,US-East,Full-Time Permanent,2019-01-03,1.0,117300.0,40.0,164200.0,4.35,4.9,18,59,5.9,8.2,4.7,37,0.1,Low,No
EMP-11106,William,Dubois,william.dubois17@enterprise-ai.corp,Enterprise Solutions Architecture,Senior Solutions Architect,Remote - Global,Global Remote,Remote,Full-Time Permanent,2023-07-10,5.5,188600.0,20.0,226300.0,4.6,4.0,8,37,14.8,9.1,4.6,17,0.15,Low,Yes
EMP-11107,Lisa,Lopez,lisa.lopez18@enterprise-ai.corp,Cloud Platform & DevOps / SRE,Cloud Infrastructure SRE,Tokyo,Japan,APAC-East,Full-Time Permanent,2019-01-08,1.0,133500.0,18.0,157500.0,4.14,4.1,11,43,11.8,8.7,4.7,18,0.18,Low,No
EMP-11108,Daniel,Jones,daniel.jones19@enterprise-ai.corp,People Operations & Talent Acquisition,Talent Acquisition Lead,Zurich,Switzerland,EU-Central,Full-Time Permanent,2020-10-20,2.8,110100.0,18.0,129900.0,4.21,4.6,7,46,3.8,9.5,4.1,36,0.1,Low,No
EMP-11109,Camila,Kim,camila.kim20@enterprise-ai.corp,Enterprise Solutions Architecture,Principal Enterprise Architect,Singapore,Singapore,APAC-South,Full-Time Permanent,2024-11-30,6.9,231800.0,25.0,289800.0,4.29,4.5,5,45,2.6,9.0,5.0,15,0.1,Low,No
EMP-11110,Linda,Smith,linda.smith21@enterprise-ai.corp,Global Enterprise Sales & BD,Mid-Market Account Executive,Berlin,Germany,EU-Central,Full-Time Permanent,2020-10-08,2.8,122000.0,40.0,170800.0,2.63,2.4,19,9,28.9,5.2,2.5,31,0.64,High,No
EMP-11111,Susan,Gonzalez,susan.gonzalez22@enterprise-ai.corp,"Corporate Finance, Legal & Compliance",Senior Financial Analyst,Austin,United States,US-Central,Full-Time Permanent,2018-10-07,0.8,103500.0,15.0,119000.0,4.53,4.2,12,78,12.0,9.8,4.5,22,0.19,Low,No
EMP-11112,Richard,Williams,richard.williams23@enterprise-ai.corp,UI/UX Product Design,Staff UI/UX Design Lead,Remote - Global,Global Remote,Remote,Full-Time Permanent,2022-12-08,4.9,155000.0,20.0,186000.0,4.85,4.7,8,49,1.6,9.8,3.9,1,0.34,Medium,Yes
EMP-11113,Donald,Williams,donald.williams24@enterprise-ai.corp,Customer Success & Technical Support,Senior Technical Account Manager,Berlin,Germany,EU-Central,Full-Time Permanent,2025-02-24,7.1,128600.0,20.0,154300.0,3.87,4.4,9,51,14.3,9.1,3.7,2,0.34,Medium,No
EMP-11114,Nancy,Davis,nancy.davis25@enterprise-ai.corp,Cloud Platform & DevOps / SRE,Cloud Infrastructure SRE,Taipei,Taiwan,APAC-East,Full-Time Permanent,2018-11-10,0.9,152300.0,18.0,179700.0,4.34,4.0,9,30,4.7,8.9,4.8,27,0.26,Medium,No
EMP-11115,Jennifer,Lin,jennifer.lin26@enterprise-ai.corp,Global Enterprise Sales & BD,Mid-Market Account Executive,Sydney,Australia,APAC-ANZ,Full-Time Permanent,2022-07-29,4.6,126500.0,40.0,177100.0,3.74,4.9,9,45,3.1,8.4,3.7,4,0.33,Medium,No
EMP-11116,Elizabeth,Rodriguez,elizabeth.rodriguez27@enterprise-ai.corp,Global Enterprise Sales & BD,Mid-Market Account Executive,Taipei,Taiwan,APAC-East,Full-Time Permanent,2021-04-13,3.3,114100.0,40.0,159700.0,3.63,4.9,4,46,0.0,9.9,4.3,33,0.35,Medium,No
EMP-11117,Donald,Taylor,donald.taylor28@enterprise-ai.corp,"Corporate Finance, Legal & Compliance",Senior Financial Analyst,Berlin,Germany,EU-Central,Full-Time Permanent,2021-02-15,3.1,104600.0,15.0,120300.0,4.45,4.7,5,84,5.6,9.0,4.7,7,0.22,Medium,No
EMP-11118,Mei,Oliveira,mei.oliveira29@enterprise-ai.corp,"Corporate Finance, Legal & Compliance",Corporate Counsel / Compliance Director,Tokyo,Japan,APAC-East,Full-Time Permanent,2022-08-09,4.6,229800.0,25.0,287200.0,4.11,4.2,13,33,8.7,7.0,4.5,22,0.18,Low,No
EMP-11119,Michael,Taylor,michael.taylor30@enterprise-ai.corp,UI/UX Product Design,Product Designer,London,United Kingdom,EU-West,Full-Time Permanent,2024-04-18,6.3,120000.0,12.0,134400.0,2.94,2.3,10,16,50.3,4.1,1.4,38,0.88,High,No
EMP-11120,Astrid,Johnson,astrid.johnson31@enterprise-ai.corp,Global Enterprise Sales & BD,Mid-Market Account Executive,New York,United States,US-East,Full-Time Permanent,2019-05-20,1.4,123600.0,40.0,173000.0,3.66,4.8,9,33,13.7,7.8,4.8,21,0.11,Low,No
EMP-11121,Joseph,Anderson,joseph.anderson32@enterprise-ai.corp,"Corporate Finance, Legal & Compliance",Senior Financial Analyst,London,United Kingdom,EU-West,Full-Time Permanent,2023-05-16,5.4,122700.0,15.0,141100.0,4.56,3.8,9,35,1.3,8.3,3.8,31,0.13,Low,Yes
EMP-11122,Elena,Schneider,elena.schneider33@enterprise-ai.corp,AI & Machine Learning Research,L3 Senior Deep Learning Researcher,Tokyo,Japan,APAC-East,Full-Time Permanent,2019-08-19,1.6,171600.0,25.0,214500.0,4.06,5.0,8,65,9.3,7.0,3.6,32,0.06,Low,No
EMP-11123,Lisa,Moore,lisa.moore34@enterprise-ai.corp,Global Enterprise Sales & BD,VP of Global Enterprise Sales,Remote - Global,Global Remote,Remote,Full-Time Permanent,2018-04-22,0.3,357800.0,60.0,572500.0,4.52,5.0,12,47,2.3,8.7,4.3,15,0.04,Low,No
EMP-11124,Mark,Anderson,mark.anderson35@enterprise-ai.corp,People Operations & Talent Acquisition,People Operations Partner,Taipei,Taiwan,APAC-East,Full-Time Permanent,2024-06-04,6.4,99800.0,12.0,111800.0,4.82,4.0,13,25,13.9,9.0,3.8,22,0.33,Medium,Yes
EMP-11125,Mei,Wilson,mei.wilson36@enterprise-ai.corp,Core Software Engineering,L3 Senior Software Engineer,Sydney,Australia,APAC-ANZ,Contractor Strategic,2018-12-09,0.9,146400.0,20.0,175700.0,4.44,3.9,14,66,7.6,9.0,4.9,36,0.35,Medium,No
EMP-11126,Anthony,Johnson,anthony.johnson37@enterprise-ai.corp,Product Management & Growth,Senior Group Product Manager,Austin,United States,US-Central,Full-Time Permanent,2019-10-16,1.8,183700.0,22.0,224100.0,3.86,4.1,5,43,11.3,7.1,3.8,10,0.3,Medium,No
EMP-11127,Yuki,Huang,yuki.huang38@enterprise-ai.corp,UI/UX Product Design,Product Designer,Zurich,Switzerland,EU-Central,Full-Time Permanent,2021-12-02,3.9,116400.0,12.0,130400.0,3.27,3.4,24,5,54.4,4.6,2.2,34,0.78,High,No
EMP-11128,Patricia,Ivanov,patricia.ivanov39@enterprise-ai.corp,Customer Success & Technical Support,Director of Customer Success,Zurich,Switzerland,EU-Central,Full-Time Permanent,2023-06-09,5.4,226100.0,25.0,282600.0,4.16,4.1,17,67,5.2,8.5,4.9,14,0.12,Low,No
EMP-11129,Astrid,Jones,astrid.jones40@enterprise-ai.corp,Global Enterprise Sales & BD,Mid-Market Account Executive,Austin,United States,US-Central,Full-Time Permanent,2019-11-30,1.9,116700.0,40.0,163400.0,4.96,3.9,11,29,0.9,7.6,4.6,24,0.34,Medium,Yes
EMP-11130,Karen,Miller,karen.miller41@enterprise-ai.corp,Global Enterprise Sales & BD,VP of Global Enterprise Sales,Zurich,Switzerland,EU-Central,Full-Time Permanent,2019-04-20,1.3,327100.0,60.0,523400.0,3.83,4.7,13,78,11.6,7.4,3.9,35,0.19,Low,No
EMP-11131,Mei,Santos,mei.santos42@enterprise-ai.corp,Enterprise Solutions Architecture,Senior Solutions Architect,Berlin,Germany,EU-Central,Contractor Strategic,2025-10-11,7.8,152500.0,20.0,183000.0,3.91,4.0,17,48,2.6,9.0,4.8,9,0.27,Medium,No
EMP-11132,William,Williams,william.williams43@enterprise-ai.corp,Global Enterprise Sales & BD,VP of Global Enterprise Sales,San Francisco,United States,US-West,Full-Time Permanent,2023-05-08,5.3,338100.0,60.0,541000.0,3.83,4.2,14,59,8.8,9.4,4.7,35,0.08,Low,No
EMP-11133,Patricia,Wilson,patricia.wilson44@enterprise-ai.corp,Cloud Platform & DevOps / SRE,Cloud Infrastructure SRE,Tokyo,Japan,APAC-East,Full-Time Permanent,2024-04-30,6.3,133800.0,18.0,157900.0,4.79,4.7,8,23,9.2,8.3,3.7,12,0.19,Low,Yes
EMP-11134,Sven,Mueller,sven.mueller45@enterprise-ai.corp,UI/UX Product Design,Staff UI/UX Design Lead,Remote - Global,Global Remote,Remote,Full-Time Permanent,2020-11-01,2.8,167500.0,20.0,201000.0,3.64,4.7,9,31,0.2,7.6,4.7,35,0.24,Medium,No
EMP-11135,Thomas,Huang,thomas.huang46@enterprise-ai.corp,Product Management & Growth,Director of Product,London,United Kingdom,EU-West,Full-Time Permanent,2025-07-13,7.5,276700.0,30.0,359700.0,3.79,4.1,13,72,1.4,8.8,4.6,36,0.04,Low,No
EMP-11136,Astrid,Johnson,astrid.johnson47@enterprise-ai.corp,Customer Success & Technical Support,Director of Customer Success,San Francisco,United States,US-West,Full-Time Permanent,2022-03-30,4.2,225900.0,25.0,282400.0,4.27,4.9,7,41,12.8,9.1,4.7,12,0.26,Medium,No
EMP-11137,James,Wilson,james.wilson48@enterprise-ai.corp,Product Management & Growth,Senior Group Product Manager,Berlin,Germany,EU-Central,Full-Time Permanent,2023-12-30,6.0,172400.0,22.0,210300.0,4.08,2.8,20,17,38.9,4.8,2.0,32,0.92,High,No
EMP-11138,Tariq,Patel,tariq.patel49@enterprise-ai.corp,UI/UX Product Design,Product Designer,Zurich,Switzerland,EU-Central,Full-Time Permanent,2018-12-16,1.0,118100.0,12.0,132300.0,3.77,4.1,11,35,6.1,8.0,4.5,13,0.29,Medium,No
EMP-11139,Camila,Hernandez,camila.hernandez50@enterprise-ai.corp,People Operations & Talent Acquisition,Talent Acquisition Lead,Tokyo,Japan,APAC-East,Full-Time Permanent,2019-09-01,1.7,120800.0,18.0,142500.0,4.77,4.5,10,85,3.5,9.7,3.9,25,0.08,Low,Yes
EMP-11140,Astrid,Ivanov,astrid.ivanov51@enterprise-ai.corp,AI & Machine Learning Research,L2 AI/ML Engineer,New York,United States,US-East,Full-Time Permanent,2024-04-06,6.3,152500.0,15.0,175400.0,4.01,2.3,20,2,39.6,4.5,2.0,23,0.72,High,No
EMP-11141,Michael,Oliveira,michael.oliveira52@enterprise-ai.corp,Cloud Platform & DevOps / SRE,Cloud Infrastructure SRE,London,United Kingdom,EU-West,Full-Time Permanent,2025-10-10,7.8,126800.0,18.0,149600.0,3.82,4.2,7,56,1.1,9.2,4.8,12,0.33,Medium,No
EMP-11142,Wei,Patel,wei.patel53@enterprise-ai.corp,Global Enterprise Sales & BD,Enterprise SDR / BDR,New York,United States,US-East,Full-Time Permanent,2021-03-11,3.2,79400.0,30.0,103200.0,3.69,4.1,14,46,9.9,7.4,4.4,30,0.11,Low,No
EMP-11143,Susan,Oliveira,susan.oliveira54@enterprise-ai.corp,People Operations & Talent Acquisition,People Operations Partner,Austin,United States,US-Central,Full-Time Permanent,2019-10-05,1.8,103700.0,12.0,116100.0,4.39,4.0,6,49,10.0,9.7,3.9,7,0.25,Medium,No
EMP-11144,Lucas,Garcia,lucas.garcia55@enterprise-ai.corp,Core Software Engineering,L2 Software Engineer,London,United Kingdom,EU-West,Contractor Strategic,2022-04-03,4.3,118500.0,15.0,136300.0,3.15,3.5,23,5,37.6,4.4,1.7,22,0.88,High,No
EMP-11145,Jessica,Nakamura,jessica.nakamura56@enterprise-ai.corp,Global Enterprise Sales & BD,VP of Global Enterprise Sales,Remote - Global,Global Remote,Remote,Full-Time Permanent,2021-01-13,3.0,317300.0,60.0,507700.0,4.91,3.9,12,81,10.3,8.8,4.2,1,0.09,Low,Yes
EMP-11146,Alex,Sato,alex.sato57@enterprise-ai.corp,Enterprise Solutions Architecture,Principal Enterprise Architect,London,United Kingdom,EU-West,Full-Time Permanent,2020-12-15,3.0,264400.0,25.0,330500.0,4.34,3.8,17,44,14.1,7.1,3.8,4,0.06,Low,No
EMP-11147,Yuki,Park,yuki.park58@enterprise-ai.corp,Product Management & Growth,Senior Group Product Manager,Austin,United States,US-Central,Full-Time Permanent,2024-10-18,6.8,165200.0,22.0,201500.0,4.02,4.4,4,35,10.0,9.2,4.1,11,0.28,Medium,No
EMP-11148,Elena,Schneider,elena.schneider59@enterprise-ai.corp,Product Management & Growth,Senior Group Product Manager,Austin,United States,US-Central,Full-Time Permanent,2021-03-29,3.2,203800.0,22.0,248600.0,4.4,4.6,5,48,1.9,9.1,4.8,31,0.32,Medium,No
EMP-11149,Nancy,Thomas,nancy.thomas60@enterprise-ai.corp,Global Enterprise Sales & BD,Senior Enterprise Account Executive,Berlin,Germany,EU-Central,Full-Time Permanent,2022-06-06,4.4,181700.0,50.0,272600.0,3.79,3.6,27,11,56.7,3.1,1.6,14,0.71,High,No
EMP-11150,Matthew,Garcia,matthew.garcia61@enterprise-ai.corp,Core Software Engineering,L5 Principal Infrastructure Architect,London,United Kingdom,EU-West,Full-Time Permanent,2020-11-25,2.9,296700.0,30.0,385700.0,4.37,4.2,6,22,6.2,7.1,3.6,22,0.29,Medium,No
EMP-11151,Hiroshi,Park,hiroshi.park62@enterprise-ai.corp,Enterprise Solutions Architecture,Principal Enterprise Architect,London,United Kingdom,EU-West,Full-Time Permanent,2018-10-28,0.8,245900.0,25.0,307400.0,4.13,4.2,18,47,9.8,9.1,4.7,26,0.25,Medium,No
EMP-11152,Donald,Dubois,donald.dubois63@enterprise-ai.corp,Global Enterprise Sales & BD,Strategic Sales Director,Austin,United States,US-Central,Full-Time Permanent,2024-03-25,6.2,213300.0,55.0,330600.0,4.95,4.4,14,44,6.7,8.3,4.5,31,0.04,Low,Yes
EMP-11153,Kenji,Anderson,kenji.anderson64@enterprise-ai.corp,Customer Success & Technical Support,Customer Success Manager,Tokyo,Japan,APAC-East,Full-Time Permanent,2024-01-06,6.0,107400.0,15.0,123500.0,3.99,4.8,12,47,0.0,8.3,3.8,36,0.28,Medium,No
EMP-11154,Zoe,Jackson,zoe.jackson65@enterprise-ai.corp,Cloud Platform & DevOps / SRE,Staff Reliability Architect,Taipei,Taiwan,APAC-East,Contractor Strategic,2020-08-08,2.6,221900.0,25.0,277400.0,4.99,4.9,16,27,1.9,9.5,4.5,33,0.2,Medium,Yes
EMP-11155,Jennifer,Williams,jennifer.williams66@enterprise-ai.corp,People Operations & Talent Acquisition,Talent Acquisition Lead,Taipei,Taiwan,APAC-East,Full-Time Permanent,2024-03-15,6.2,113500.0,18.0,133900.0,4.48,4.7,15,44,2.1,9.7,4.5,5,0.21,Medium,No
EMP-11156,Mary,Schmidt,mary.schmidt67@enterprise-ai.corp,Cloud Platform & DevOps / SRE,Cloud Infrastructure SRE,Berlin,Germany,EU-Central,Full-Time Permanent,2022-08-13,4.6,154300.0,18.0,182100.0,4.0,4.4,14,35,10.5,9.6,4.9,26,0.22,Medium,No
EMP-11157,Hiroshi,Huang,hiroshi.huang68@enterprise-ai.corp,"Corporate Finance, Legal & Compliance",Corporate Counsel / Compliance Director,Austin,United States,US-Central,Full-Time Permanent,2023-08-07,5.6,238900.0,25.0,298600.0,4.19,4.6,12,40,1.5,8.8,4.4,37,0.08,Low,No
EMP-11158,Fatima,Hernandez,fatima.hernandez69@enterprise-ai.corp,Global Enterprise Sales & BD,Enterprise SDR / BDR,San Francisco,United States,US-West,Full-Time Permanent,2023-10-28,5.8,70800.0,30.0,92000.0,4.45,4.2,15,33,14.0,9.1,4.3,11,0.08,Low,No
EMP-11159,Elena,Wilson,elena.wilson70@enterprise-ai.corp,People Operations & Talent Acquisition,People Operations Partner,Remote - Global,Global Remote,Remote,Full-Time Permanent,2024-06-23,6.5,94100.0,12.0,105400.0,4.76,3.9,13,76,3.4,7.2,4.8,32,0.19,Low,No
EMP-11160,James,Tanaka,james.tanaka71@enterprise-ai.corp,UI/UX Product Design,Staff UI/UX Design Lead,London,United Kingdom,EU-West,Full-Time Permanent,2024-08-02,6.6,185500.0,20.0,222600.0,4.31,4.5,9,37,1.7,7.5,4.7,23,0.12,Low,No
EMP-11161,Sarah,Johnson,sarah.johnson72@enterprise-ai.corp,Core Software Engineering,L4 Staff Distributed Engineer,Austin,United States,US-Central,Full-Time Permanent,2025-04-24,7.3,239400.0,25.0,299200.0,4.66,4.4,5,22,12.1,8.1,4.2,4,0.16,Low,Yes
EMP-11162,Fatima,Jackson,fatima.jackson73@enterprise-ai.corp,Cloud Platform & DevOps / SRE,Staff Reliability Architect,Singapore,Singapore,APAC-South,Full-Time Permanent,2022-07-04,4.5,208500.0,25.0,260600.0,4.91,4.7,15,80,3.7,8.8,4.1,35,0.32,Medium,Yes
EMP-11163,Zoe,Jackson,zoe.jackson74@enterprise-ai.corp,UI/UX Product Design,Product Designer,Zurich,Switzerland,EU-Central,Full-Time Permanent,2025-11-01,7.8,129300.0,12.0,144800.0,3.99,2.2,16,16,48.5,5.4,1.8,25,0.87,High,No
EMP-11164,Susan,Sato,susan.sato75@enterprise-ai.corp,Global Enterprise Sales & BD,Mid-Market Account Executive,Singapore,Singapore,APAC-South,Full-Time Permanent,2021-12-31,4.0,114000.0,40.0,159600.0,4.41,4.7,14,35,6.6,7.6,4.7,5,0.22,Medium,No
EMP-11165,Sven,Nakamura,sven.nakamura76@enterprise-ai.corp,AI & Machine Learning Research,L3 Senior Deep Learning Researcher,Tokyo,Japan,APAC-East,Full-Time Permanent,2024-04-02,6.3,203900.0,25.0,254900.0,3.66,2.7,12,13,36.2,4.9,2.2,28,0.62,High,No
EMP-11166,Elena,Yamamoto,elena.yamamoto77@enterprise-ai.corp,AI & Machine Learning Research,L4 Staff AI Scientist,New York,United States,US-East,Full-Time Permanent,2018-11-20,0.9,263100.0,30.0,342000.0,4.53,4.1,16,52,6.9,8.1,4.4,14,0.34,Medium,No
EMP-11167,Jennifer,Dubois,jennifer.dubois78@enterprise-ai.corp,Global Enterprise Sales & BD,VP of Global Enterprise Sales,New York,United States,US-East,Full-Time Permanent,2024-04-25,6.3,366100.0,60.0,585800.0,4.95,4.7,17,20,8.8,7.9,4.4,17,0.14,Low,Yes
EMP-11168,Matthew,Patel,matthew.patel79@enterprise-ai.corp,Customer Success & Technical Support,Director of Customer Success,Sydney,Australia,APAC-ANZ,Full-Time Permanent,2021-02-28,3.2,203000.0,25.0,253800.0,4.37,4.4,14,43,5.4,7.8,3.5,6,0.16,Low,No
EMP-11169,Lucas,Schneider,lucas.schneider80@enterprise-ai.corp,UI/UX Product Design,Staff UI/UX Design Lead,Singapore,Singapore,APAC-South,Full-Time Permanent,2021-09-20,3.7,172000.0,20.0,206400.0,4.26,4.1,4,54,8.5,7.1,3.5,24,0.29,Medium,No
EMP-11170,Yuki,Jackson,yuki.jackson81@enterprise-ai.corp,Customer Success & Technical Support,Senior Technical Account Manager,Tokyo,Japan,APAC-East,Full-Time Permanent,2018-11-11,0.9,132600.0,20.0,159100.0,4.55,4.7,13,83,13.4,7.3,4.2,9,0.2,Medium,No
EMP-11171,Joseph,Davis,joseph.davis82@enterprise-ai.corp,Global Enterprise Sales & BD,Enterprise SDR / BDR,San Francisco,United States,US-West,Full-Time Permanent,2019-07-25,1.6,79800.0,30.0,103700.0,3.8,4.3,12,82,11.7,7.5,4.1,34,0.26,Medium,No
EMP-11172,Ananya,Huang,ananya.huang83@enterprise-ai.corp,Customer Success & Technical Support,Customer Success Manager,Austin,United States,US-Central,Full-Time Permanent,2019-08-18,1.6,91800.0,15.0,105600.0,4.57,4.7,15,38,5.7,7.5,4.3,36,0.33,Medium,Yes
EMP-11173,Chloe,Hernandez,chloe.hernandez84@enterprise-ai.corp,Customer Success & Technical Support,Customer Success Manager,Remote - Global,Global Remote,Remote,Full-Time Permanent,2024-03-20,6.2,97700.0,15.0,112400.0,3.9,4.7,14,50,12.9,7.9,4.3,21,0.29,Medium,No
EMP-11174,Sarah,Nakamura,sarah.nakamura85@enterprise-ai.corp,Product Management & Growth,Senior Group Product Manager,New York,United States,US-East,Contractor Strategic,2018-05-17,0.4,191500.0,22.0,233600.0,3.85,2.9,14,11,46.8,2.7,2.0,15,0.63,High,No
EMP-11175,Zoe,Davis,zoe.davis86@enterprise-ai.corp,Cloud Platform & DevOps / SRE,Staff Reliability Architect,San Francisco,United States,US-West,Full-Time Permanent,2024-07-07,6.5,197600.0,25.0,247000.0,4.99,4.3,16,65,14.9,7.0,3.9,27,0.22,Medium,No
EMP-11176,Hiroshi,Jackson,hiroshi.jackson87@enterprise-ai.corp,Enterprise Solutions Architecture,Principal Enterprise Architect,San Francisco,United States,US-West,Full-Time Permanent,2024-02-15,6.1,249600.0,25.0,312000.0,4.92,4.8,9,50,3.6,8.2,4.3,26,0.32,Medium,Yes
EMP-11177,Karen,Thomas,karen.thomas88@enterprise-ai.corp,Enterprise Solutions Architecture,Senior Solutions Architect,Tokyo,Japan,APAC-East,Full-Time Permanent,2018-09-27,0.7,190700.0,20.0,228800.0,4.75,4.1,7,63,11.5,7.9,3.6,4,0.05,Low,No
EMP-11178,Donald,Thomas,donald.thomas89@enterprise-ai.corp,"Corporate Finance, Legal & Compliance",Senior Financial Analyst,Remote - Global,Global Remote,Remote,Full-Time Permanent,2020-11-15,2.9,118600.0,15.0,136400.0,4.16,4.7,8,71,2.4,9.3,4.8,38,0.23,Medium,No
EMP-11179,Camila,Kowalski,camila.kowalski90@enterprise-ai.corp,Customer Success & Technical Support,Senior Technical Account Manager,Singapore,Singapore,APAC-South,Full-Time Permanent,2024-05-29,6.4,129200.0,20.0,155000.0,4.65,4.8,4,37,11.0,8.8,4.0,27,0.06,Low,Yes
EMP-11180,Jennifer,Rodriguez,jennifer.rodriguez91@enterprise-ai.corp,AI & Machine Learning Research,L4 Staff AI Scientist,Taipei,Taiwan,APAC-East,Full-Time Permanent,2019-12-13,1.9,283700.0,30.0,368800.0,3.9,3.9,14,69,9.5,8.2,3.7,33,0.31,Medium,No
EMP-11181,Michael,Rodriguez,michael.rodriguez92@enterprise-ai.corp,UI/UX Product Design,Staff UI/UX Design Lead,Singapore,Singapore,APAC-South,Full-Time Permanent,2020-08-02,2.6,156100.0,20.0,187300.0,4.33,5.0,8,34,4.1,9.3,4.6,37,0.1,Low,No
EMP-11182,Kenji,Mueller,kenji.mueller93@enterprise-ai.corp,"Corporate Finance, Legal & Compliance",Senior Financial Analyst,Remote - Global,Global Remote,Remote,Full-Time Permanent,2021-08-06,3.6,114900.0,15.0,132100.0,4.29,4.1,15,31,6.1,9.9,4.2,11,0.3,Medium,No
EMP-11183,Elena,Tanaka,elena.tanaka94@enterprise-ai.corp,People Operations & Talent Acquisition,Talent Acquisition Lead,Singapore,Singapore,APAC-South,Contractor Strategic,2021-06-30,3.5,132700.0,18.0,156600.0,3.82,4.7,17,57,13.0,9.3,4.0,28,0.03,Low,No
EMP-11184,Hiroshi,Martinez,hiroshi.martinez95@enterprise-ai.corp,AI & Machine Learning Research,L5 Principal Research Fellow,Remote - Global,Global Remote,Remote,Full-Time Permanent,2020-04-16,2.3,403600.0,40.0,565000.0,5.0,4.8,10,59,2.2,8.0,3.7,19,0.32,Medium,Yes
EMP-11185,Richard,Gonzalez,richard.gonzalez96@enterprise-ai.corp,"Corporate Finance, Legal & Compliance",Corporate Counsel / Compliance Director,Tokyo,Japan,APAC-East,Full-Time Permanent,2018-06-29,0.5,227600.0,25.0,284500.0,4.3,4.8,15,24,6.1,7.2,4.3,15,0.28,Medium,No
EMP-11186,Charles,Lin,charles.lin97@enterprise-ai.corp,AI & Machine Learning Research,L5 Principal Research Fellow,Sydney,Australia,APAC-ANZ,Full-Time Permanent,2020-02-26,2.2,368300.0,40.0,515600.0,4.22,4.0,5,57,3.9,9.4,4.9,10,0.15,Low,No
EMP-11187,Sandra,Schmidt,sandra.schmidt98@enterprise-ai.corp,Enterprise Solutions Architecture,Principal Enterprise Architect,Tokyo,Japan,APAC-East,Contractor Strategic,2018-05-28,0.4,248000.0,25.0,310000.0,4.76,4.0,8,38,13.2,9.3,5.0,10,0.28,Medium,No
EMP-11188,David,Taylor,david.taylor0@enterprise-ai.corp,AI & Machine Learning Research,L2 AI/ML Engineer,Zurich,Switzerland,EU-Central,Full-Time Permanent,2023-11-16,5.9,149000.0,15.0,171400.0,4.01,5.0,14,69,5.1,9.3,4.3,36,0.04,Low,No
EMP-11189,Sandra,Moreau,sandra.moreau1@enterprise-ai.corp,Customer Success & Technical Support,Senior Technical Account Manager,Tokyo,Japan,APAC-East,Full-Time Permanent,2022-11-28,4.9,132000.0,20.0,158400.0,4.1,4.7,4,26,6.5,9.6,4.3,22,0.26,Medium,No
EMP-11190,Hiroshi,Ivanov,hiroshi.ivanov2@enterprise-ai.corp,UI/UX Product Design,Product Designer,Taipei,Taiwan,APAC-East,Full-Time Permanent,2019-05-23,1.4,129200.0,12.0,144700.0,3.99,4.5,14,41,3.0,8.2,4.9,3,0.32,Medium,No
EMP-11191,Kenji,Davis,kenji.davis3@enterprise-ai.corp,Cloud Platform & DevOps / SRE,Cloud Infrastructure SRE,Tokyo,Japan,APAC-East,Contractor Strategic,2020-07-06,2.5,121100.0,18.0,142900.0,3.25,2.6,24,9,45.9,2.8,2.1,28,0.88,High,No
EMP-11192,Daniel,Miller,daniel.miller4@enterprise-ai.corp,Cloud Platform & DevOps / SRE,Staff Reliability Architect,Austin,United States,US-Central,Full-Time Permanent,2024-02-03,6.1,222400.0,25.0,278000.0,4.54,3.8,7,75,8.5,9.7,4.5,37,0.12,Low,Yes
EMP-11193,Tariq,Martin,tariq.martin5@enterprise-ai.corp,UI/UX Product Design,Product Designer,Zurich,Switzerland,EU-Central,Full-Time Permanent,2025-08-25,7.6,108400.0,12.0,121400.0,3.76,4.4,9,25,13.4,7.7,3.9,24,0.34,Medium,No
EMP-11194,Lisa,Wilson,lisa.wilson6@enterprise-ai.corp,Product Management & Growth,Product Manager,Austin,United States,US-Central,Full-Time Permanent,2024-09-27,6.7,122400.0,15.0,140800.0,3.72,3.9,4,60,10.9,8.8,4.5,18,0.08,Low,No
EMP-11195,Barbara,Kim,barbara.kim7@enterprise-ai.corp,Core Software Engineering,L4 Staff Distributed Engineer,Tokyo,Japan,APAC-East,Full-Time Permanent,2023-12-18,6.0,226500.0,25.0,283100.0,3.78,4.3,14,68,2.6,7.6,4.4,10,0.22,Medium,No
EMP-11196,Tariq,Smith,tariq.smith8@enterprise-ai.corp,AI & Machine Learning Research,L4 Staff AI Scientist,San Francisco,United States,US-West,Full-Time Permanent,2021-02-15,3.1,230300.0,30.0,299400.0,4.08,4.3,16,56,11.2,8.6,3.7,7,0.28,Medium,No
EMP-11197,Karen,Kim,karen.kim9@enterprise-ai.corp,Cloud Platform & DevOps / SRE,Cloud Infrastructure SRE,Austin,United States,US-Central,Full-Time Permanent,2021-02-20,3.1,150200.0,18.0,177200.0,4.62,4.0,6,72,6.2,8.7,4.5,33,0.22,Medium,Yes
EMP-11198,Betty,Hernandez,betty.hernandez10@enterprise-ai.corp,Product Management & Growth,Senior Group Product Manager,San Francisco,United States,US-West,Full-Time Permanent,2025-09-22,7.7,195400.0,22.0,238400.0,4.17,4.2,4,50,14.8,7.8,4.8,8,0.08,Low,No
EMP-11199,Kenji,Martin,kenji.martin11@enterprise-ai.corp,Product Management & Growth,Director of Product,Berlin,Germany,EU-Central,Full-Time Permanent,2023-09-17,5.7,290500.0,30.0,377600.0,2.76,3.1,25,11,46.5,2.4,1.1,5,0.83,High,No
EMP-11200,Margaret,Jones,margaret.jones12@enterprise-ai.corp,Core Software Engineering,L4 Staff Distributed Engineer,San Francisco,United States,US-West,Full-Time Permanent,2022-01-02,4.0,207200.0,25.0,259000.0,4.33,4.7,8,20,11.2,8.1,4.8,10,0.28,Medium,No
EMP-11201,Fatima,Hernandez,fatima.hernandez13@enterprise-ai.corp,AI & Machine Learning Research,L2 AI/ML Engineer,Taipei,Taiwan,APAC-East,Full-Time Permanent,2018-04-18,0.3,136300.0,15.0,156700.0,3.64,4.4,6,47,9.5,9.6,4.1,19,0.35,Medium,No
EMP-11202,Lisa,Rodriguez,lisa.rodriguez14@enterprise-ai.corp,UI/UX Product Design,Staff UI/UX Design Lead,New York,United States,US-East,Full-Time Permanent,2025-06-12,7.4,169800.0,20.0,203800.0,3.64,2.9,26,3,54.0,2.2,1.8,13,0.67,High,No
EMP-11203,Charles,Jackson,charles.jackson15@enterprise-ai.corp,UI/UX Product Design,Product Designer,Sydney,Australia,APAC-ANZ,Contractor Strategic,2024-08-19,6.6,116700.0,12.0,130700.0,4.85,4.2,10,53,3.5,9.4,3.6,16,0.04,Low,Yes
EMP-11204,David,Lopez,david.lopez16@enterprise-ai.corp,Cloud Platform & DevOps / SRE,Staff Reliability Architect,Tokyo,Japan,APAC-East,Full-Time Permanent,2020-06-17,2.5,217000.0,25.0,271200.0,4.27,3.9,10,56,0.6,8.9,3.7,23,0.11,Low,No
EMP-11205,Linda,Smith,linda.smith17@enterprise-ai.corp,Cloud Platform & DevOps / SRE,Staff Reliability Architect,New York,United States,US-East,Full-Time Permanent,2023-08-02,5.6,238900.0,25.0,298600.0,4.67,4.2,9,38,12.1,8.0,4.0,28,0.15,Low,Yes
EMP-11206,Robert,Santos,robert.santos18@enterprise-ai.corp,Enterprise Solutions Architecture,Senior Solutions Architect,Austin,United States,US-Central,Contractor Strategic,2024-03-24,6.2,154600.0,20.0,185500.0,3.87,4.4,15,49,2.8,7.2,3.8,20,0.29,Medium,No
EMP-11207,Anthony,Hernandez,anthony.hernandez19@enterprise-ai.corp,UI/UX Product Design,Product Designer,Zurich,Switzerland,EU-Central,Full-Time Permanent,2019-05-02,1.3,95000.0,12.0,106400.0,4.71,4.9,5,83,8.8,8.3,5.0,15,0.23,Medium,No
EMP-11208,Sven,Moreau,sven.moreau20@enterprise-ai.corp,People Operations & Talent Acquisition,Talent Acquisition Lead,San Francisco,United States,US-West,Full-Time Permanent,2024-01-23,6.1,130400.0,18.0,153900.0,4.25,4.5,14,71,7.1,9.2,4.6,32,0.17,Low,No
EMP-11209,Daniel,Anderson,daniel.anderson21@enterprise-ai.corp,"Corporate Finance, Legal & Compliance",Corporate Counsel / Compliance Director,Austin,United States,US-Central,Full-Time Permanent,2021-12-19,4.0,190200.0,25.0,237800.0,4.59,4.0,6,57,3.0,7.8,4.2,25,0.06,Low,Yes
EMP-11210,Richard,Schneider,richard.schneider22@enterprise-ai.corp,Core Software Engineering,Engineering Director,Taipei,Taiwan,APAC-East,Full-Time Permanent,2022-01-25,4.1,300100.0,35.0,405100.0,3.88,4.0,14,59,8.6,7.4,4.7,1,0.17,Low,No
EMP-11211,Ting,Hernandez,ting.hernandez23@enterprise-ai.corp,AI & Machine Learning Research,L2 AI/ML Engineer,Austin,United States,US-Central,Full-Time Permanent,2024-10-21,6.8,132200.0,15.0,152000.0,4.83,4.3,6,77,6.1,7.5,4.8,13,0.25,Medium,Yes
EMP-11212,Tariq,Johnson,tariq.johnson24@enterprise-ai.corp,Product Management & Growth,Director of Product,London,United Kingdom,EU-West,Contractor Strategic,2020-10-21,2.8,265600.0,30.0,345300.0,3.27,2.1,10,8,47.5,5.3,1.4,5,0.73,High,No
EMP-11213,Kenji,Kim,kenji.kim25@enterprise-ai.corp,AI & Machine Learning Research,L5 Principal Research Fellow,Zurich,Switzerland,EU-Central,Full-Time Permanent,2025-11-01,7.8,373500.0,40.0,522900.0,4.97,4.1,17,65,13.6,9.9,3.7,34,0.23,Medium,Yes
EMP-11214,Chloe,Rodriguez,chloe.rodriguez26@enterprise-ai.corp,Global Enterprise Sales & BD,Strategic Sales Director,New York,United States,US-East,Full-Time Permanent,2018-08-10,0.6,237500.0,55.0,368100.0,4.5,4.6,18,57,8.9,9.5,4.0,37,0.1,Low,No
EMP-11215,Linda,Santos,linda.santos27@enterprise-ai.corp,Core Software Engineering,L4 Staff Distributed Engineer,Taipei,Taiwan,APAC-East,Full-Time Permanent,2018-09-10,0.7,236800.0,25.0,296000.0,4.85,4.6,11,30,14.9,9.9,4.3,20,0.35,Medium,No
EMP-11216,Tariq,Dubois,tariq.dubois28@enterprise-ai.corp,Product Management & Growth,Product Manager,London,United Kingdom,EU-West,Full-Time Permanent,2019-12-24,2.0,124500.0,15.0,143200.0,3.19,2.8,10,10,40.5,2.7,2.0,23,0.73,High,No
EMP-11217,Thomas,Dubois,thomas.dubois29@enterprise-ai.corp,Global Enterprise Sales & BD,VP of Global Enterprise Sales,London,United Kingdom,EU-West,Full-Time Permanent,2025-11-05,7.8,361900.0,60.0,579000.0,4.08,4.7,9,65,2.7,7.9,3.7,33,0.32,Medium,No
EMP-11218,Lisa,Davis,lisa.davis30@enterprise-ai.corp,Enterprise Solutions Architecture,Principal Enterprise Architect,Sydney,Australia,APAC-ANZ,Full-Time Permanent,2023-07-17,5.5,265700.0,25.0,332100.0,3.58,2.3,18,4,41.3,3.5,2.3,22,0.9,High,No
EMP-11219,Susan,Martinez,susan.martinez31@enterprise-ai.corp,Customer Success & Technical Support,Customer Success Manager,Zurich,Switzerland,EU-Central,Full-Time Permanent,2021-06-04,3.4,97100.0,15.0,111700.0,3.09,2.9,28,14,48.4,3.6,1.7,27,0.91,High,No
EMP-11220,Sven,Mueller,sven.mueller32@enterprise-ai.corp,Core Software Engineering,L3 Senior Software Engineer,Taipei,Taiwan,APAC-East,Full-Time Permanent,2019-04-07,1.3,177800.0,20.0,213400.0,3.79,4.2,15,74,7.5,8.2,4.0,30,0.06,Low,No
EMP-11221,Chloe,Kowalski,chloe.kowalski33@enterprise-ai.corp,Customer Success & Technical Support,Director of Customer Success,Sydney,Australia,APAC-ANZ,Full-Time Permanent,2021-01-23,3.1,197200.0,25.0,246500.0,4.33,4.3,13,39,10.8,7.6,4.8,5,0.13,Low,No
EMP-11222,William,Moore,william.moore34@enterprise-ai.corp,UI/UX Product Design,Staff UI/UX Design Lead,Tokyo,Japan,APAC-East,Full-Time Permanent,2024-01-21,6.1,172500.0,20.0,207000.0,4.48,4.4,5,32,4.3,9.0,3.7,33,0.14,Low,No
EMP-11223,Sarah,Brown,sarah.brown35@enterprise-ai.corp,Product Management & Growth,Product Manager,Singapore,Singapore,APAC-South,Full-Time Permanent,2018-07-11,0.5,137100.0,15.0,157700.0,4.86,4.3,12,76,7.8,9.3,4.3,15,0.23,Medium,No
EMP-11224,Camila,Huang,camila.huang36@enterprise-ai.corp,Cloud Platform & DevOps / SRE,Staff Reliability Architect,Berlin,Germany,EU-Central,Full-Time Permanent,2025-06-15,7.5,212300.0,25.0,265400.0,4.67,4.0,7,21,8.8,8.2,4.1,16,0.17,Low,Yes
EMP-11225,Margaret,Ivanov,margaret.ivanov37@enterprise-ai.corp,Enterprise Solutions Architecture,Principal Enterprise Architect,San Francisco,United States,US-West,Full-Time Permanent,2022-09-08,4.7,251000.0,25.0,313800.0,4.37,5.0,14,47,4.5,8.9,4.4,29,0.16,Low,No
EMP-11226,Joseph,Williams,joseph.williams38@enterprise-ai.corp,People Operations & Talent Acquisition,People Operations Partner,Remote - Global,Global Remote,Remote,Full-Time Permanent,2019-12-14,1.9,99400.0,12.0,111300.0,4.67,4.8,10,82,1.0,7.8,3.7,9,0.35,Medium,Yes
EMP-11227,Rohan,Dubois,rohan.dubois39@enterprise-ai.corp,AI & Machine Learning Research,L4 Staff AI Scientist,New York,United States,US-East,Full-Time Permanent,2019-10-08,1.8,241000.0,30.0,313300.0,4.32,4.6,8,61,11.8,8.4,4.8,10,0.26,Medium,No
EMP-11228,Tariq,Taylor,tariq.taylor40@enterprise-ai.corp,Global Enterprise Sales & BD,Mid-Market Account Executive,London,United Kingdom,EU-West,Full-Time Permanent,2022-01-10,4.0,103300.0,40.0,144600.0,3.94,3.8,15,40,9.0,8.2,4.1,28,0.06,Low,No
EMP-11229,Barbara,Davis,barbara.davis41@enterprise-ai.corp,Global Enterprise Sales & BD,VP of Global Enterprise Sales,Taipei,Taiwan,APAC-East,Full-Time Permanent,2019-12-18,2.0,311000.0,60.0,497600.0,4.99,4.2,9,60,9.8,7.7,4.6,15,0.29,Medium,Yes
EMP-11230,Camila,Wilson,camila.wilson42@enterprise-ai.corp,Customer Success & Technical Support,Director of Customer Success,Austin,United States,US-Central,Full-Time Permanent,2021-11-27,3.9,220100.0,25.0,275100.0,3.98,3.8,4,63,14.9,9.4,4.6,31,0.19,Low,No
EMP-11231,Yuki,Chen,yuki.chen43@enterprise-ai.corp,Enterprise Solutions Architecture,Principal Enterprise Architect,San Francisco,United States,US-West,Contractor Strategic,2025-02-22,7.1,230200.0,25.0,287800.0,3.83,4.4,14,85,2.5,9.3,5.0,31,0.03,Low,No
EMP-11232,Richard,Sato,richard.sato44@enterprise-ai.corp,People Operations & Talent Acquisition,Talent Acquisition Lead,London,United Kingdom,EU-West,Full-Time Permanent,2023-07-15,5.5,134000.0,18.0,158100.0,4.1,4.3,4,34,7.8,9.8,4.5,12,0.19,Low,No
EMP-11233,Mei,Dubois,mei.dubois45@enterprise-ai.corp,Cloud Platform & DevOps / SRE,Cloud Infrastructure SRE,Singapore,Singapore,APAC-South,Full-Time Permanent,2025-06-21,7.5,132500.0,18.0,156400.0,4.67,4.2,13,48,9.2,9.4,4.6,18,0.06,Low,Yes
EMP-11234,Mark,Schmidt,mark.schmidt46@enterprise-ai.corp,Product Management & Growth,Director of Product,London,United Kingdom,EU-West,Full-Time Permanent,2021-06-08,3.4,254000.0,30.0,330200.0,4.54,4.0,11,37,10.6,7.2,3.9,14,0.28,Medium,No
EMP-11235,Ting,Schneider,ting.schneider47@enterprise-ai.corp,Customer Success & Technical Support,Senior Technical Account Manager,Singapore,Singapore,APAC-South,Full-Time Permanent,2019-02-26,1.2,152800.0,20.0,183400.0,3.85,4.2,14,33,14.5,7.4,4.6,35,0.1,Low,No
EMP-11236,Mateo,Kowalski,mateo.kowalski48@enterprise-ai.corp,"Corporate Finance, Legal & Compliance",Senior Financial Analyst,Tokyo,Japan,APAC-East,Full-Time Permanent,2025-11-26,7.9,106200.0,15.0,122100.0,3.32,3.1,10,11,29.1,3.6,2.1,5,0.64,High,No
EMP-11237,Mark,Williams,mark.williams49@enterprise-ai.corp,Core Software Engineering,L1 Associate Software Engineer,London,United Kingdom,EU-West,Full-Time Permanent,2022-07-12,4.5,98900.0,10.0,108800.0,4.08,3.8,16,59,4.6,9.3,3.7,28,0.26,Medium,No
EMP-11238,Elena,Hernandez,elena.hernandez50@enterprise-ai.corp,Enterprise Solutions Architecture,Senior Solutions Architect,New York,United States,US-East,Full-Time Permanent,2023-01-10,5.0,165300.0,20.0,198400.0,4.32,4.6,14,71,5.1,9.3,3.6,23,0.28,Medium,No
EMP-11239,Mateo,Tanaka,mateo.tanaka51@enterprise-ai.corp,Product Management & Growth,Director of Product,Tokyo,Japan,APAC-East,Full-Time Permanent,2023-04-05,5.3,231500.0,30.0,301000.0,4.63,4.3,6,60,14.9,8.4,4.2,24,0.32,Medium,Yes
EMP-11240,Yuki,Sharma,yuki.sharma52@enterprise-ai.corp,Global Enterprise Sales & BD,Senior Enterprise Account Executive,Austin,United States,US-Central,Full-Time Permanent,2023-05-22,5.4,166600.0,50.0,249900.0,3.21,3.5,20,20,55.9,3.3,1.2,17,0.83,High,No
EMP-11241,Susan,Williams,susan.williams53@enterprise-ai.corp,People Operations & Talent Acquisition,Talent Acquisition Lead,London,United Kingdom,EU-West,Full-Time Permanent,2021-07-29,3.6,108300.0,18.0,127800.0,4.66,4.0,13,82,8.7,7.5,4.8,27,0.23,Medium,Yes
EMP-11242,Sven,Lopez,sven.lopez54@enterprise-ai.corp,UI/UX Product Design,Staff UI/UX Design Lead,Austin,United States,US-Central,Full-Time Permanent,2021-11-10,3.9,195200.0,20.0,234200.0,4.85,5.0,5,57,7.4,7.9,4.7,17,0.11,Low,Yes
EMP-11243,Charles,Hernandez,charles.hernandez55@enterprise-ai.corp,UI/UX Product Design,Staff UI/UX Design Lead,New York,United States,US-East,Full-Time Permanent,2018-07-12,0.5,159300.0,20.0,191200.0,4.87,4.8,5,27,0.2,9.3,4.1,15,0.06,Low,No
EMP-11244,Robert,Davis,robert.davis56@enterprise-ai.corp,Global Enterprise Sales & BD,Senior Enterprise Account Executive,London,United Kingdom,EU-West,Full-Time Permanent,2023-06-15,5.5,143100.0,50.0,214600.0,3.92,5.0,6,27,3.9,8.6,3.5,25,0.21,Medium,No
EMP-11245,Jessica,Anderson,jessica.anderson57@enterprise-ai.corp,Enterprise Solutions Architecture,Principal Enterprise Architect,London,United Kingdom,EU-West,Full-Time Permanent,2022-04-29,4.3,218700.0,25.0,273400.0,3.78,4.7,18,70,5.0,8.0,3.9,32,0.24,Medium,No
EMP-11246,Elizabeth,Sharma,elizabeth.sharma58@enterprise-ai.corp,Core Software Engineering,L4 Staff Distributed Engineer,Remote - Global,Global Remote,Remote,Full-Time Permanent,2024-07-26,6.6,227400.0,25.0,284200.0,3.45,2.7,14,19,36.6,3.4,2.0,37,0.62,High,No
EMP-11247,Charles,Williams,charles.williams59@enterprise-ai.corp,Product Management & Growth,Product Manager,Remote - Global,Global Remote,Remote,Full-Time Permanent,2025-11-12,7.9,144200.0,15.0,165800.0,3.8,4.1,16,24,11.9,7.8,4.1,7,0.31,Medium,No
EMP-11248,Karen,Park,karen.park60@enterprise-ai.corp,UI/UX Product Design,Staff UI/UX Design Lead,London,United Kingdom,EU-West,Full-Time Permanent,2021-02-23,3.1,180800.0,20.0,217000.0,4.06,4.3,13,62,13.2,7.4,3.8,22,0.31,Medium,No
EMP-11249,Margaret,Smith,margaret.smith61@enterprise-ai.corp,People Operations & Talent Acquisition,Talent Acquisition Lead,Berlin,Germany,EU-Central,Full-Time Permanent,2018-03-13,0.2,122000.0,18.0,144000.0,3.29,2.7,16,15,55.3,3.4,1.8,24,0.83,High,No
EMP-11250,Robert,Lin,robert.lin62@enterprise-ai.corp,"Corporate Finance, Legal & Compliance",Corporate Counsel / Compliance Director,Berlin,Germany,EU-Central,Full-Time Permanent,2021-02-19,3.1,252100.0,25.0,315100.0,4.88,5.0,12,66,5.0,9.2,3.8,37,0.04,Low,Yes
EMP-11251,Hiroshi,Wilson,hiroshi.wilson63@enterprise-ai.corp,Product Management & Growth,Product Manager,Berlin,Germany,EU-Central,Full-Time Permanent,2018-06-24,0.5,145700.0,15.0,167600.0,4.44,4.2,9,29,6.1,8.7,3.6,18,0.35,Medium,No
EMP-11252,Mateo,Wilson,mateo.wilson64@enterprise-ai.corp,People Operations & Talent Acquisition,People Operations Partner,Taipei,Taiwan,APAC-East,Full-Time Permanent,2024-05-19,6.4,93600.0,12.0,104800.0,4.09,4.7,9,65,3.9,7.3,4.0,29,0.13,Low,No
EMP-11253,Patricia,Jones,patricia.jones65@enterprise-ai.corp,"Corporate Finance, Legal & Compliance",Corporate Counsel / Compliance Director,Zurich,Switzerland,EU-Central,Full-Time Permanent,2019-05-04,1.3,196500.0,25.0,245600.0,4.59,3.8,14,59,3.0,8.4,4.9,29,0.32,Medium,No
EMP-11254,Ting,Mueller,ting.mueller66@enterprise-ai.corp,Enterprise Solutions Architecture,Senior Solutions Architect,Remote - Global,Global Remote,Remote,Full-Time Permanent,2021-05-23,3.4,171800.0,20.0,206200.0,4.75,5.0,7,70,6.6,8.2,3.7,27,0.19,Low,Yes
EMP-11255,Linda,Dubois,linda.dubois67@enterprise-ai.corp,UI/UX Product Design,Staff UI/UX Design Lead,London,United Kingdom,EU-West,Full-Time Permanent,2019-05-07,1.3,199000.0,20.0,238800.0,4.71,3.9,16,78,1.8,9.3,3.6,33,0.17,Low,No
EMP-11256,Joseph,Patel,joseph.patel68@enterprise-ai.corp,Cloud Platform & DevOps / SRE,Staff Reliability Architect,Singapore,Singapore,APAC-South,Full-Time Permanent,2024-10-15,6.8,249500.0,25.0,311900.0,3.65,2.1,15,17,55.7,3.0,2.1,20,0.77,High,No
EMP-11257,Wei,Santos,wei.santos69@enterprise-ai.corp,Cloud Platform & DevOps / SRE,Cloud Infrastructure SRE,Zurich,Switzerland,EU-Central,Full-Time Permanent,2019-02-24,1.1,126600.0,18.0,149400.0,4.19,4.9,5,47,7.4,8.1,4.4,7,0.31,Medium,No
EMP-11258,Elena,Schneider,elena.schneider70@enterprise-ai.corp,Global Enterprise Sales & BD,Senior Enterprise Account Executive,Singapore,Singapore,APAC-South,Full-Time Permanent,2022-11-22,4.9,151600.0,50.0,227400.0,5.0,4.4,13,54,3.8,9.0,3.8,30,0.16,Low,Yes
EMP-11259,John,Hernandez,john.hernandez71@enterprise-ai.corp,Product Management & Growth,Product Manager,Taipei,Taiwan,APAC-East,Full-Time Permanent,2023-10-06,5.8,128800.0,15.0,148100.0,2.88,2.3,16,4,44.8,3.8,1.3,1,0.81,High,No
EMP-11260,Linda,Williams,linda.williams72@enterprise-ai.corp,Global Enterprise Sales & BD,Mid-Market Account Executive,Zurich,Switzerland,EU-Central,Full-Time Permanent,2024-04-24,6.3,95800.0,40.0,134100.0,4.16,3.8,12,26,1.7,9.0,3.7,1,0.16,Low,No
EMP-11261,Mei,Ivanov,mei.ivanov73@enterprise-ai.corp,AI & Machine Learning Research,L4 Staff AI Scientist,Sydney,Australia,APAC-ANZ,Contractor Strategic,2024-05-17,6.4,248900.0,30.0,323600.0,4.21,4.3,10,71,13.2,9.8,4.4,14,0.14,Low,No
EMP-11262,Sarah,Park,sarah.park74@enterprise-ai.corp,People Operations & Talent Acquisition,Talent Acquisition Lead,Sydney,Australia,APAC-ANZ,Full-Time Permanent,2019-09-16,1.7,121000.0,18.0,142800.0,3.91,4.0,11,73,10.2,8.6,3.8,26,0.08,Low,No
EMP-11263,Ting,Ivanov,ting.ivanov75@enterprise-ai.corp,Product Management & Growth,Product Manager,New York,United States,US-East,Full-Time Permanent,2021-04-25,3.3,128500.0,15.0,147800.0,3.63,4.7,9,21,9.7,9.0,4.8,30,0.14,Low,No
EMP-11264,David,Yamamoto,david.yamamoto76@enterprise-ai.corp,"Corporate Finance, Legal & Compliance",Corporate Counsel / Compliance Director,Berlin,Germany,EU-Central,Full-Time Permanent,2023-06-19,5.5,210100.0,25.0,262600.0,4.54,5.0,17,72,11.3,7.7,4.8,23,0.24,Medium,Yes
EMP-11265,Margaret,Gonzalez,margaret.gonzalez77@enterprise-ai.corp,Customer Success & Technical Support,Director of Customer Success,Taipei,Taiwan,APAC-East,Full-Time Permanent,2025-03-01,7.2,216500.0,25.0,270600.0,2.83,3.1,24,4,39.7,3.1,1.0,15,0.68,High,No
EMP-11266,Nancy,Patel,nancy.patel78@enterprise-ai.corp,AI & Machine Learning Research,L5 Principal Research Fellow,Berlin,Germany,EU-Central,Full-Time Permanent,2022-10-16,4.8,408400.0,40.0,571800.0,3.74,4.8,17,68,2.7,9.6,3.6,8,0.23,Medium,No
EMP-11267,Matthew,Park,matthew.park79@enterprise-ai.corp,"Corporate Finance, Legal & Compliance",Senior Financial Analyst,Remote - Global,Global Remote,Remote,Full-Time Permanent,2023-09-09,5.7,112800.0,15.0,129700.0,2.88,3.5,17,8,56.9,4.7,1.1,17,0.65,High,No
EMP-11268,Richard,Miller,richard.miller80@enterprise-ai.corp,UI/UX Product Design,Staff UI/UX Design Lead,Remote - Global,Global Remote,Remote,Full-Time Permanent,2019-10-12,1.8,187300.0,20.0,224800.0,4.83,4.0,6,28,14.5,9.5,5.0,35,0.24,Medium,Yes
EMP-11269,Mei,Moore,mei.moore81@enterprise-ai.corp,Core Software Engineering,L1 Associate Software Engineer,Austin,United States,US-Central,Full-Time Permanent,2019-10-26,1.8,85600.0,10.0,94200.0,3.87,4.1,8,35,7.6,9.1,4.9,23,0.07,Low,No
EMP-11270,Betty,Wilson,betty.wilson82@enterprise-ai.corp,UI/UX Product Design,Staff UI/UX Design Lead,Taipei,Taiwan,APAC-East,Full-Time Permanent,2018-05-26,0.4,193200.0,20.0,231800.0,4.37,4.2,4,72,5.2,8.6,4.0,2,0.2,Medium,No
EMP-11271,William,Jackson,william.jackson83@enterprise-ai.corp,UI/UX Product Design,Product Designer,Taipei,Taiwan,APAC-East,Full-Time Permanent,2020-08-15,2.6,113100.0,12.0,126700.0,5.0,4.3,13,49,8.8,8.8,3.6,5,0.2,Medium,Yes
EMP-11272,Susan,Martinez,susan.martinez84@enterprise-ai.corp,Cloud Platform & DevOps / SRE,Staff Reliability Architect,New York,United States,US-East,Full-Time Permanent,2023-04-09,5.3,195300.0,25.0,244100.0,3.77,4.5,7,28,14.3,9.6,4.4,30,0.09,Low,No
EMP-11273,Ting,Brown,ting.brown85@enterprise-ai.corp,People Operations & Talent Acquisition,Talent Acquisition Lead,San Francisco,United States,US-West,Full-Time Permanent,2018-10-01,0.7,133400.0,18.0,157400.0,4.34,4.5,8,28,4.9,7.5,3.7,27,0.06,Low,No
EMP-11274,Mateo,Gonzalez,mateo.gonzalez86@enterprise-ai.corp,People Operations & Talent Acquisition,People Operations Partner,Remote - Global,Global Remote,Remote,Full-Time Permanent,2020-01-20,2.1,83600.0,12.0,93600.0,2.65,2.6,15,9,40.7,2.5,2.2,28,0.8,High,No
EMP-11275,Sandra,Santos,sandra.santos87@enterprise-ai.corp,Customer Success & Technical Support,Customer Success Manager,Berlin,Germany,EU-Central,Full-Time Permanent,2019-01-25,1.1,104000.0,15.0,119600.0,4.97,4.8,18,63,12.8,9.7,4.0,1,0.1,Low,No
EMP-11276,Rohan,Oliveira,rohan.oliveira88@enterprise-ai.corp,AI & Machine Learning Research,L4 Staff AI Scientist,Sydney,Australia,APAC-ANZ,Full-Time Permanent,2023-06-13,5.4,238500.0,30.0,310000.0,3.62,2.4,17,13,40.3,4.3,1.5,27,0.88,High,No
EMP-11277,Lisa,Hernandez,lisa.hernandez89@enterprise-ai.corp,Core Software Engineering,Engineering Director,Singapore,Singapore,APAC-South,Full-Time Permanent,2020-12-02,2.9,325600.0,35.0,439600.0,3.97,4.2,4,56,6.8,8.7,4.8,38,0.2,Medium,No
EMP-11278,Susan,Brown,susan.brown90@enterprise-ai.corp,Cloud Platform & DevOps / SRE,Staff Reliability Architect,Singapore,Singapore,APAC-South,Full-Time Permanent,2022-03-01,4.2,237100.0,25.0,296400.0,2.63,2.3,26,14,52.1,4.1,2.2,3,0.88,High,No
EMP-11279,David,Sato,david.sato91@enterprise-ai.corp,Customer Success & Technical Support,Customer Success Manager,San Francisco,United States,US-West,Full-Time Permanent,2019-02-14,1.1,95200.0,15.0,109500.0,4.92,3.9,9,70,1.3,9.1,4.9,8,0.24,Medium,No
EMP-11280,Susan,Garcia,susan.garcia92@enterprise-ai.corp,People Operations & Talent Acquisition,Talent Acquisition Lead,Zurich,Switzerland,EU-Central,Full-Time Permanent,2018-07-29,0.6,112000.0,18.0,132200.0,3.77,4.7,16,36,7.3,9.8,3.6,28,0.19,Low,No
EMP-11281,Ting,Taylor,ting.taylor93@enterprise-ai.corp,Enterprise Solutions Architecture,Principal Enterprise Architect,New York,United States,US-East,Full-Time Permanent,2024-03-29,6.2,222800.0,25.0,278500.0,3.63,4.5,10,64,5.7,7.8,4.6,20,0.09,Low,No
EMP-11282,Fatima,Sato,fatima.sato94@enterprise-ai.corp,Customer Success & Technical Support,Senior Technical Account Manager,Tokyo,Japan,APAC-East,Full-Time Permanent,2024-12-21,7.0,122900.0,20.0,147500.0,4.7,4.2,8,43,2.8,7.4,3.7,10,0.3,Medium,No
EMP-11283,Wei,Martin,wei.martin95@enterprise-ai.corp,People Operations & Talent Acquisition,People Operations Partner,Singapore,Singapore,APAC-South,Full-Time Permanent,2025-06-17,7.5,95100.0,12.0,106500.0,3.8,2.8,12,5,34.2,3.7,2.3,31,0.93,High,No
EMP-11284,Lucas,Gonzalez,lucas.gonzalez96@enterprise-ai.corp,UI/UX Product Design,Product Designer,New York,United States,US-East,Full-Time Permanent,2023-07-08,5.5,124700.0,12.0,139700.0,3.95,4.5,14,21,7.6,9.1,4.5,25,0.1,Low,No
EMP-11285,Charles,Moreau,charles.moreau97@enterprise-ai.corp,Product Management & Growth,Director of Product,London,United Kingdom,EU-West,Full-Time Permanent,2023-07-17,5.5,251400.0,30.0,326800.0,3.15,2.7,15,6,33.2,5.3,1.2,29,0.86,High,No
EMP-11286,Lucas,Davis,lucas.davis98@enterprise-ai.corp,Cloud Platform & DevOps / SRE,Cloud Infrastructure SRE,Tokyo,Japan,APAC-East,Full-Time Permanent,2024-12-06,6.9,145800.0,18.0,172000.0,4.3,4.7,18,73,13.4,7.0,4.4,28,0.22,Medium,No
EMP-11287,Linda,Patel,linda.patel0@enterprise-ai.corp,People Operations & Talent Acquisition,Talent Acquisition Lead,New York,United States,US-East,Full-Time Permanent,2020-12-21,3.0,125800.0,18.0,148400.0,3.72,4.5,16,45,9.9,7.2,4.9,4,0.22,Medium,No
EMP-11288,Thomas,Rodriguez,thomas.rodriguez1@enterprise-ai.corp,AI & Machine Learning Research,L4 Staff AI Scientist,San Francisco,United States,US-West,Full-Time Permanent,2018-05-26,0.4,231500.0,30.0,301000.0,4.32,4.0,17,47,6.4,7.4,4.3,9,0.07,Low,No
EMP-11289,Sandra,Jackson,sandra.jackson2@enterprise-ai.corp,People Operations & Talent Acquisition,People Operations Partner,Berlin,Germany,EU-Central,Full-Time Permanent,2025-10-27,7.8,80100.0,12.0,89700.0,4.59,4.9,11,59,6.9,7.6,4.5,27,0.13,Low,Yes
EMP-11290,James,Sato,james.sato3@enterprise-ai.corp,Customer Success & Technical Support,Customer Success Manager,New York,United States,US-East,Full-Time Permanent,2020-06-17,2.5,96000.0,15.0,110400.0,4.44,4.8,15,44,11.6,8.5,4.9,8,0.27,Medium,No
EMP-11291,Zoe,Kim,zoe.kim4@enterprise-ai.corp,Customer Success & Technical Support,Director of Customer Success,Singapore,Singapore,APAC-South,Contractor Strategic,2020-07-29,2.6,217700.0,25.0,272100.0,3.68,4.1,9,28,5.2,9.7,4.3,29,0.24,Medium,No
EMP-11292,Joseph,Garcia,joseph.garcia5@enterprise-ai.corp,UI/UX Product Design,Staff UI/UX Design Lead,New York,United States,US-East,Full-Time Permanent,2022-12-01,4.9,161600.0,20.0,193900.0,3.45,2.7,20,4,39.3,3.6,1.1,13,0.9,High,No
EMP-11293,Patricia,Tanaka,patricia.tanaka6@enterprise-ai.corp,Global Enterprise Sales & BD,Strategic Sales Director,San Francisco,United States,US-West,Full-Time Permanent,2021-04-08,3.3,246700.0,55.0,382400.0,2.51,2.4,26,20,44.8,2.5,1.9,32,0.82,High,No
EMP-11294,Matthew,Mueller,matthew.mueller7@enterprise-ai.corp,"Corporate Finance, Legal & Compliance",Senior Financial Analyst,Remote - Global,Global Remote,Remote,Full-Time Permanent,2022-06-15,4.5,100200.0,15.0,115200.0,3.8,4.5,5,63,12.1,7.2,4.4,17,0.14,Low,No
EMP-11295,Anthony,Williams,anthony.williams8@enterprise-ai.corp,"Corporate Finance, Legal & Compliance",Senior Financial Analyst,Taipei,Taiwan,APAC-East,Full-Time Permanent,2022-02-11,4.1,130900.0,15.0,150500.0,4.56,4.8,6,84,5.7,7.8,4.5,7,0.07,Low,Yes
EMP-11296,Hiroshi,Gonzalez,hiroshi.gonzalez9@enterprise-ai.corp,"Corporate Finance, Legal & Compliance",Corporate Counsel / Compliance Director,London,United Kingdom,EU-West,Full-Time Permanent,2021-12-05,3.9,245300.0,25.0,306600.0,2.98,3.0,17,14,48.3,3.5,1.5,13,0.79,High,No
EMP-11297,William,Mueller,william.mueller10@enterprise-ai.corp,Customer Success & Technical Support,Customer Success Manager,Singapore,Singapore,APAC-South,Full-Time Permanent,2020-06-14,2.5,93800.0,15.0,107900.0,4.82,4.1,4,51,0.1,7.2,3.9,35,0.05,Low,No
EMP-11298,Lucas,Lin,lucas.lin11@enterprise-ai.corp,Product Management & Growth,Product Manager,Singapore,Singapore,APAC-South,Full-Time Permanent,2025-02-21,7.1,145900.0,15.0,167800.0,4.02,4.2,9,45,1.4,7.1,4.0,35,0.25,Medium,No
EMP-11299,Jennifer,Sharma,jennifer.sharma12@enterprise-ai.corp,People Operations & Talent Acquisition,Talent Acquisition Lead,Taipei,Taiwan,APAC-East,Full-Time Permanent,2021-08-18,3.6,113900.0,18.0,134400.0,4.39,4.2,17,23,12.4,8.3,4.2,37,0.23,Medium,No
EMP-11300,Matthew,Kowalski,matthew.kowalski13@enterprise-ai.corp,AI & Machine Learning Research,L5 Principal Research Fellow,Sydney,Australia,APAC-ANZ,Full-Time Permanent,2025-05-27,7.4,416100.0,40.0,582500.0,3.7,4.7,8,55,9.8,7.2,4.2,12,0.04,Low,No
EMP-11301,Elizabeth,Huang,elizabeth.huang14@enterprise-ai.corp,UI/UX Product Design,Product Designer,Singapore,Singapore,APAC-South,Full-Time Permanent,2020-11-06,2.8,122400.0,12.0,137100.0,3.62,4.8,7,79,5.0,9.3,4.4,21,0.12,Low,No
EMP-11302,Nancy,Santos,nancy.santos15@enterprise-ai.corp,Enterprise Solutions Architecture,Principal Enterprise Architect,Singapore,Singapore,APAC-South,Full-Time Permanent,2022-12-15,5.0,256300.0,25.0,320400.0,4.49,4.7,5,43,7.0,7.9,4.9,16,0.27,Medium,No
EMP-11303,Margaret,Nakamura,margaret.nakamura16@enterprise-ai.corp,Cloud Platform & DevOps / SRE,Staff Reliability Architect,New York,United States,US-East,Full-Time Permanent,2020-06-28,2.5,212400.0,25.0,265500.0,4.76,4.2,18,71,1.1,7.2,4.4,10,0.05,Low,No
EMP-11304,William,Ivanov,william.ivanov17@enterprise-ai.corp,Customer Success & Technical Support,Director of Customer Success,Berlin,Germany,EU-Central,Full-Time Permanent,2025-01-22,7.1,192000.0,25.0,240000.0,3.99,4.4,11,78,14.6,8.6,3.7,18,0.11,Low,No
EMP-11305,Alex,Garcia,alex.garcia18@enterprise-ai.corp,UI/UX Product Design,Product Designer,Singapore,Singapore,APAC-South,Full-Time Permanent,2024-03-03,6.2,109800.0,12.0,123000.0,4.97,4.8,15,43,2.2,8.0,3.7,4,0.19,Low,Yes
EMP-11306,Chloe,Hernandez,chloe.hernandez19@enterprise-ai.corp,Cloud Platform & DevOps / SRE,Staff Reliability Architect,Berlin,Germany,EU-Central,Full-Time Permanent,2020-09-29,2.7,211800.0,25.0,264800.0,4.34,4.9,5,70,1.9,9.8,4.2,32,0.09,Low,No
EMP-11307,Jennifer,Sharma,jennifer.sharma20@enterprise-ai.corp,Global Enterprise Sales & BD,Mid-Market Account Executive,Singapore,Singapore,APAC-South,Full-Time Permanent,2018-05-26,0.4,115000.0,40.0,161000.0,4.42,4.8,11,53,9.0,9.8,4.7,24,0.03,Low,No
EMP-11308,Barbara,Mueller,barbara.mueller21@enterprise-ai.corp,"Corporate Finance, Legal & Compliance",Corporate Counsel / Compliance Director,New York,United States,US-East,Full-Time Permanent,2025-04-07,7.3,242600.0,25.0,303200.0,3.72,2.4,14,4,26.8,4.4,1.1,6,0.78,High,No
EMP-11309,Linda,Schneider,linda.schneider22@enterprise-ai.corp,Product Management & Growth,Director of Product,Tokyo,Japan,APAC-East,Contractor Strategic,2025-08-19,7.6,241600.0,30.0,314100.0,3.88,4.5,10,67,0.6,9.7,4.7,28,0.06,Low,No
EMP-11310,Charles,Huang,charles.huang23@enterprise-ai.corp,People Operations & Talent Acquisition,People Operations Partner,Berlin,Germany,EU-Central,Full-Time Permanent,2025-02-09,7.1,93500.0,12.0,104700.0,4.84,4.0,8,35,4.1,8.2,4.7,14,0.26,Medium,Yes
EMP-11311,Camila,Garcia,camila.garcia24@enterprise-ai.corp,Customer Success & Technical Support,Director of Customer Success,Austin,United States,US-Central,Full-Time Permanent,2019-03-02,1.2,222700.0,25.0,278400.0,4.92,4.9,12,81,6.7,9.3,3.7,4,0.14,Low,No
EMP-11312,Mark,Lin,mark.lin25@enterprise-ai.corp,Customer Success & Technical Support,Customer Success Manager,London,United Kingdom,EU-West,Full-Time Permanent,2019-05-19,1.4,88900.0,15.0,102200.0,3.09,2.6,13,5,54.8,3.7,1.6,12,0.63,High,No
EMP-11313,Astrid,Mueller,astrid.mueller26@enterprise-ai.corp,Enterprise Solutions Architecture,Senior Solutions Architect,London,United Kingdom,EU-West,Full-Time Permanent,2025-05-09,7.4,190300.0,20.0,228400.0,4.88,4.5,8,83,3.1,8.2,4.1,11,0.26,Medium,Yes
EMP-11314,Margaret,Miller,margaret.miller27@enterprise-ai.corp,Global Enterprise Sales & BD,VP of Global Enterprise Sales,London,United Kingdom,EU-West,Full-Time Permanent,2025-07-08,7.5,395200.0,60.0,632300.0,4.06,2.3,27,8,28.7,4.0,2.3,3,0.87,High,No
EMP-11315,Sven,Jackson,sven.jackson28@enterprise-ai.corp,Cloud Platform & DevOps / SRE,Cloud Infrastructure SRE,Taipei,Taiwan,APAC-East,Full-Time Permanent,2023-09-29,5.7,144600.0,18.0,170600.0,4.7,4.7,4,49,11.7,8.4,3.8,30,0.27,Medium,Yes
EMP-11316,Matthew,Park,matthew.park29@enterprise-ai.corp,Customer Success & Technical Support,Director of Customer Success,Sydney,Australia,APAC-ANZ,Full-Time Permanent,2020-08-25,2.6,183400.0,25.0,229200.0,4.17,3.8,7,42,9.9,7.9,4.2,1,0.3,Medium,No
EMP-11317,Rohan,Williams,rohan.williams30@enterprise-ai.corp,People Operations & Talent Acquisition,Talent Acquisition Lead,Berlin,Germany,EU-Central,Full-Time Permanent,2021-08-17,3.6,113300.0,18.0,133700.0,4.97,4.7,15,43,4.7,9.6,4.0,7,0.31,Medium,Yes
EMP-11318,Mei,Jones,mei.jones31@enterprise-ai.corp,Core Software Engineering,L4 Staff Distributed Engineer,Zurich,Switzerland,EU-Central,Full-Time Permanent,2024-07-28,6.6,226000.0,25.0,282500.0,3.65,3.7,17,3,52.2,3.8,2.2,7,0.84,High,No
EMP-11319,Betty,Lopez,betty.lopez32@enterprise-ai.corp,"Corporate Finance, Legal & Compliance",Corporate Counsel / Compliance Director,Berlin,Germany,EU-Central,Full-Time Permanent,2021-07-27,3.6,227500.0,25.0,284400.0,4.78,4.4,15,65,8.0,9.0,4.5,37,0.28,Medium,Yes
EMP-11320,Barbara,Wilson,barbara.wilson33@enterprise-ai.corp,AI & Machine Learning Research,L3 Senior Deep Learning Researcher,Zurich,Switzerland,EU-Central,Full-Time Permanent,2021-01-26,3.1,219400.0,25.0,274200.0,4.12,3.9,18,61,8.1,7.1,4.4,29,0.17,Low,No
EMP-11321,William,Martinez,william.martinez34@enterprise-ai.corp,Global Enterprise Sales & BD,Senior Enterprise Account Executive,Zurich,Switzerland,EU-Central,Full-Time Permanent,2021-05-29,3.4,174200.0,50.0,261300.0,4.61,4.3,18,64,1.2,9.0,3.7,24,0.04,Low,Yes
EMP-11322,Susan,Garcia,susan.garcia35@enterprise-ai.corp,Cloud Platform & DevOps / SRE,Staff Reliability Architect,Remote - Global,Global Remote,Remote,Full-Time Permanent,2018-06-30,0.5,205500.0,25.0,256900.0,4.83,4.5,4,26,4.0,9.1,4.0,31,0.3,Medium,No
EMP-11323,Hiroshi,Nakamura,hiroshi.nakamura36@enterprise-ai.corp,UI/UX Product Design,Staff UI/UX Design Lead,Tokyo,Japan,APAC-East,Full-Time Permanent,2018-04-17,0.3,164800.0,20.0,197800.0,4.8,5.0,17,42,6.6,9.7,3.8,22,0.17,Low,No
EMP-11324,Mateo,Kim,mateo.kim37@enterprise-ai.corp,People Operations & Talent Acquisition,Talent Acquisition Lead,Taipei,Taiwan,APAC-East,Full-Time Permanent,2025-05-17,7.4,107200.0,18.0,126500.0,4.41,4.3,4,57,12.8,9.8,4.3,30,0.18,Low,No
EMP-11325,Susan,Schmidt,susan.schmidt38@enterprise-ai.corp,Customer Success & Technical Support,Director of Customer Success,Remote - Global,Global Remote,Remote,Full-Time Permanent,2025-02-24,7.1,185800.0,25.0,232200.0,3.96,2.3,10,20,55.4,3.1,1.1,35,0.92,High,No
EMP-11326,Dmitri,Patel,dmitri.patel39@enterprise-ai.corp,Cloud Platform & DevOps / SRE,Staff Reliability Architect,Tokyo,Japan,APAC-East,Full-Time Permanent,2024-09-23,6.7,204200.0,25.0,255200.0,2.51,3.2,18,10,54.0,3.5,2.0,24,0.75,High,No
EMP-11327,Sandra,Taylor,sandra.taylor40@enterprise-ai.corp,Product Management & Growth,Senior Group Product Manager,Berlin,Germany,EU-Central,Full-Time Permanent,2024-07-16,6.5,168300.0,22.0,205300.0,3.99,4.4,15,42,12.3,8.9,4.2,23,0.26,Medium,No
EMP-11328,Tariq,Dubois,tariq.dubois41@enterprise-ai.corp,UI/UX Product Design,Staff UI/UX Design Lead,Berlin,Germany,EU-Central,Contractor Strategic,2021-11-20,3.9,156100.0,20.0,187300.0,4.75,4.3,6,34,6.5,8.8,3.5,14,0.23,Medium,Yes
EMP-11329,Michael,Jones,michael.jones42@enterprise-ai.corp,People Operations & Talent Acquisition,People Operations Partner,Austin,United States,US-Central,Full-Time Permanent,2020-04-03,2.3,87300.0,12.0,97800.0,3.3,2.6,13,9,34.3,2.8,1.6,29,0.87,High,No
EMP-11330,Rohan,Moreau,rohan.moreau43@enterprise-ai.corp,"Corporate Finance, Legal & Compliance",Corporate Counsel / Compliance Director,New York,United States,US-East,Contractor Strategic,2023-07-09,5.5,259100.0,25.0,323900.0,3.67,4.3,7,77,6.2,7.0,4.3,38,0.25,Medium,No
EMP-11331,Jessica,Yamamoto,jessica.yamamoto44@enterprise-ai.corp,Product Management & Growth,Senior Group Product Manager,New York,United States,US-East,Full-Time Permanent,2021-08-26,3.6,167100.0,22.0,203900.0,3.66,4.9,10,55,14.1,7.2,4.7,12,0.2,Medium,No
EMP-11332,Joseph,Oliveira,joseph.oliveira45@enterprise-ai.corp,"Corporate Finance, Legal & Compliance",Corporate Counsel / Compliance Director,Sydney,Australia,APAC-ANZ,Full-Time Permanent,2025-09-04,7.7,226700.0,25.0,283400.0,4.11,3.5,10,15,56.2,4.6,1.3,8,0.88,High,No
EMP-11333,Hiroshi,Brown,hiroshi.brown46@enterprise-ai.corp,People Operations & Talent Acquisition,People Operations Partner,Remote - Global,Global Remote,Remote,Full-Time Permanent,2022-09-03,4.7,92700.0,12.0,103800.0,3.64,4.3,17,59,12.4,8.5,3.5,16,0.27,Medium,No
EMP-11334,Zoe,Nakamura,zoe.nakamura47@enterprise-ai.corp,Global Enterprise Sales & BD,Mid-Market Account Executive,Austin,United States,US-Central,Full-Time Permanent,2024-07-30,6.6,122300.0,40.0,171200.0,4.91,4.9,13,21,7.7,9.1,3.9,3,0.28,Medium,Yes
EMP-11335,Wei,Smith,wei.smith48@enterprise-ai.corp,Customer Success & Technical Support,Customer Success Manager,Sydney,Australia,APAC-ANZ,Full-Time Permanent,2018-09-06,0.7,90500.0,15.0,104100.0,4.79,4.7,7,57,2.7,9.1,3.8,25,0.13,Low,No
EMP-11336,Kenji,Martinez,kenji.martinez49@enterprise-ai.corp,AI & Machine Learning Research,L2 AI/ML Engineer,San Francisco,United States,US-West,Full-Time Permanent,2020-03-17,2.2,132200.0,15.0,152000.0,4.18,3.2,27,2,41.5,4.3,1.6,13,0.62,High,No
EMP-11337,Margaret,Jackson,margaret.jackson50@enterprise-ai.corp,"Corporate Finance, Legal & Compliance",Senior Financial Analyst,Taipei,Taiwan,APAC-East,Contractor Strategic,2020-04-28,2.3,126200.0,15.0,145100.0,3.67,4.6,6,27,7.6,8.0,4.9,3,0.23,Medium,No
EMP-11338,Patricia,Hernandez,patricia.hernandez51@enterprise-ai.corp,Product Management & Growth,Product Manager,Taipei,Taiwan,APAC-East,Full-Time Permanent,2019-02-26,1.2,149000.0,15.0,171400.0,4.7,4.8,14,50,6.1,7.9,4.5,18,0.19,Low,No
EMP-11339,Kenji,Sato,kenji.sato52@enterprise-ai.corp,Product Management & Growth,Product Manager,Austin,United States,US-Central,Full-Time Permanent,2021-06-23,3.5,135400.0,15.0,155700.0,3.97,3.6,23,15,31.3,4.8,1.4,7,0.61,High,No
EMP-11340,Linda,Schneider,linda.schneider53@enterprise-ai.corp,Global Enterprise Sales & BD,VP of Global Enterprise Sales,Sydney,Australia,APAC-ANZ,Full-Time Permanent,2019-03-09,1.2,327900.0,60.0,524600.0,3.72,3.9,16,85,3.0,7.3,4.8,11,0.33,Medium,No
EMP-11341,Rohan,Anderson,rohan.anderson54@enterprise-ai.corp,AI & Machine Learning Research,L4 Staff AI Scientist,Taipei,Taiwan,APAC-East,Full-Time Permanent,2019-04-21,1.3,225100.0,30.0,292600.0,4.64,4.7,17,40,3.7,9.5,3.7,11,0.3,Medium,No
EMP-11342,Patricia,Garcia,patricia.garcia55@enterprise-ai.corp,Customer Success & Technical Support,Director of Customer Success,Berlin,Germany,EU-Central,Full-Time Permanent,2022-02-07,4.1,194500.0,25.0,243100.0,3.8,5.0,13,77,14.7,7.8,3.5,7,0.25,Medium,No
EMP-11343,Elena,Davis,elena.davis56@enterprise-ai.corp,Customer Success & Technical Support,Director of Customer Success,Taipei,Taiwan,APAC-East,Full-Time Permanent,2019-11-04,1.8,205100.0,25.0,256400.0,3.69,4.8,4,50,5.1,7.6,4.6,23,0.12,Low,No
EMP-11344,Michael,Yamamoto,michael.yamamoto57@enterprise-ai.corp,Customer Success & Technical Support,Director of Customer Success,Zurich,Switzerland,EU-Central,Full-Time Permanent,2023-08-15,5.6,200800.0,25.0,251000.0,4.32,4.3,14,26,6.1,9.2,3.7,5,0.26,Medium,No
EMP-11345,Charles,Sato,charles.sato58@enterprise-ai.corp,"Corporate Finance, Legal & Compliance",Senior Financial Analyst,San Francisco,United States,US-West,Full-Time Permanent,2023-11-16,5.9,132800.0,15.0,152700.0,4.8,4.9,12,40,3.9,7.2,4.6,3,0.19,Low,No
EMP-11346,William,Oliveira,william.oliveira59@enterprise-ai.corp,People Operations & Talent Acquisition,People Operations Partner,London,United Kingdom,EU-West,Full-Time Permanent,2024-09-08,6.7,89500.0,12.0,100200.0,3.92,4.3,9,53,9.3,9.7,4.8,9,0.28,Medium,No
EMP-11347,Charles,Wilson,charles.wilson60@enterprise-ai.corp,AI & Machine Learning Research,L4 Staff AI Scientist,Zurich,Switzerland,EU-Central,Full-Time Permanent,2023-01-18,5.0,241800.0,30.0,314300.0,4.55,4.6,6,67,1.0,7.8,3.7,31,0.18,Low,Yes
EMP-11348,Karen,Miller,karen.miller61@enterprise-ai.corp,Customer Success & Technical Support,Senior Technical Account Manager,San Francisco,United States,US-West,Full-Time Permanent,2020-01-04,2.0,124100.0,20.0,148900.0,2.6,2.9,13,5,44.3,4.5,1.5,1,0.61,High,No
EMP-11349,Chloe,Davis,chloe.davis62@enterprise-ai.corp,"Corporate Finance, Legal & Compliance",Corporate Counsel / Compliance Director,Singapore,Singapore,APAC-South,Full-Time Permanent,2023-11-24,5.9,212400.0,25.0,265500.0,4.63,4.0,8,80,7.7,9.8,4.4,12,0.18,Low,Yes
EMP-11350,Alex,Mueller,alex.mueller63@enterprise-ai.corp,Product Management & Growth,Senior Group Product Manager,Austin,United States,US-Central,Full-Time Permanent,2018-07-08,0.5,196300.0,22.0,239500.0,4.98,4.2,11,72,8.2,9.2,4.7,33,0.15,Low,No
EMP-11351,Karen,Yamamoto,karen.yamamoto64@enterprise-ai.corp,Enterprise Solutions Architecture,Senior Solutions Architect,San Francisco,United States,US-West,Full-Time Permanent,2022-10-01,4.7,176500.0,20.0,211800.0,4.99,4.4,9,57,11.2,9.1,4.4,31,0.31,Medium,Yes
EMP-11352,Barbara,Anderson,barbara.anderson65@enterprise-ai.corp,Product Management & Growth,Director of Product,Singapore,Singapore,APAC-South,Full-Time Permanent,2023-03-30,5.2,268000.0,30.0,348400.0,4.35,4.7,5,51,3.9,8.6,4.8,7,0.08,Low,No
EMP-11353,Mary,Kowalski,mary.kowalski66@enterprise-ai.corp,Core Software Engineering,L2 Software Engineer,New York,United States,US-East,Full-Time Permanent,2023-01-12,5.0,136100.0,15.0,156500.0,4.55,3.9,15,77,7.6,8.5,4.6,36,0.25,Medium,Yes
EMP-11354,Lisa,Williams,lisa.williams67@enterprise-ai.corp,Enterprise Solutions Architecture,Principal Enterprise Architect,Tokyo,Japan,APAC-East,Full-Time Permanent,2018-03-25,0.2,244300.0,25.0,305400.0,3.62,4.4,4,59,7.4,9.4,4.6,37,0.15,Low,No
EMP-11355,Mary,Ivanov,mary.ivanov68@enterprise-ai.corp,People Operations & Talent Acquisition,People Operations Partner,Singapore,Singapore,APAC-South,Full-Time Permanent,2022-09-20,4.7,81400.0,12.0,91200.0,4.2,5.0,17,83,8.1,9.0,4.1,32,0.05,Low,No
EMP-11356,Zoe,Kim,zoe.kim69@enterprise-ai.corp,Customer Success & Technical Support,Customer Success Manager,Berlin,Germany,EU-Central,Full-Time Permanent,2021-01-24,3.1,109700.0,15.0,126200.0,4.39,4.6,9,84,8.7,7.3,3.8,18,0.29,Medium,No
EMP-11357,Robert,Sato,robert.sato70@enterprise-ai.corp,UI/UX Product Design,Product Designer,Zurich,Switzerland,EU-Central,Full-Time Permanent,2019-10-01,1.7,109300.0,12.0,122400.0,4.22,4.8,18,76,5.6,9.5,4.8,17,0.27,Medium,No
EMP-11358,Dmitri,Martinez,dmitri.martinez71@enterprise-ai.corp,Customer Success & Technical Support,Senior Technical Account Manager,Tokyo,Japan,APAC-East,Full-Time Permanent,2025-01-21,7.1,128400.0,20.0,154100.0,3.82,5.0,10,44,1.0,7.0,3.7,24,0.12,Low,No
EMP-11359,Karen,Lopez,karen.lopez72@enterprise-ai.corp,Customer Success & Technical Support,Director of Customer Success,Singapore,Singapore,APAC-South,Full-Time Permanent,2019-11-13,1.9,200200.0,25.0,250200.0,4.81,4.3,8,73,8.2,7.6,4.4,13,0.27,Medium,Yes
EMP-11360,Michael,Jones,michael.jones73@enterprise-ai.corp,Product Management & Growth,Director of Product,New York,United States,US-East,Full-Time Permanent,2024-06-02,6.4,268600.0,30.0,349200.0,4.17,4.5,5,84,4.4,9.6,4.2,4,0.35,Medium,No
EMP-11361,Dmitri,Santos,dmitri.santos74@enterprise-ai.corp,Cloud Platform & DevOps / SRE,Staff Reliability Architect,Singapore,Singapore,APAC-South,Full-Time Permanent,2018-10-31,0.8,243600.0,25.0,304500.0,4.79,4.4,7,57,8.0,8.3,3.6,26,0.09,Low,No
EMP-11362,Jessica,Taylor,jessica.taylor75@enterprise-ai.corp,AI & Machine Learning Research,L5 Principal Research Fellow,Austin,United States,US-Central,Full-Time Permanent,2022-06-02,4.4,322100.0,40.0,450900.0,4.78,4.7,13,29,13.9,7.3,4.8,27,0.3,Medium,No
EMP-11363,Jennifer,Sharma,jennifer.sharma76@enterprise-ai.corp,"Corporate Finance, Legal & Compliance",Senior Financial Analyst,Remote - Global,Global Remote,Remote,Full-Time Permanent,2023-02-07,5.1,122400.0,15.0,140800.0,3.62,3.2,16,8,50.7,2.6,1.0,10,0.74,High,No
EMP-11364,Donald,Patel,donald.patel77@enterprise-ai.corp,People Operations & Talent Acquisition,Talent Acquisition Lead,San Francisco,United States,US-West,Full-Time Permanent,2019-07-11,1.5,129900.0,18.0,153300.0,2.64,3.5,17,15,26.1,5.1,1.5,37,0.87,High,No
EMP-11365,Richard,Ivanov,richard.ivanov78@enterprise-ai.corp,Global Enterprise Sales & BD,Senior Enterprise Account Executive,San Francisco,United States,US-West,Full-Time Permanent,2020-06-28,2.5,165100.0,50.0,247600.0,3.11,3.0,23,7,47.1,2.5,2.2,15,0.92,High,No
EMP-11366,David,Miller,david.miller79@enterprise-ai.corp,Cloud Platform & DevOps / SRE,Staff Reliability Architect,Berlin,Germany,EU-Central,Full-Time Permanent,2020-05-17,2.4,202100.0,25.0,252600.0,4.78,4.6,11,26,11.5,7.3,4.7,34,0.26,Medium,No
EMP-11367,Dmitri,Rodriguez,dmitri.rodriguez80@enterprise-ai.corp,Enterprise Solutions Architecture,Senior Solutions Architect,Taipei,Taiwan,APAC-East,Full-Time Permanent,2020-06-30,2.5,191300.0,20.0,229600.0,4.44,3.9,17,20,13.4,9.0,4.7,1,0.06,Low,No
EMP-11368,Linda,Huang,linda.huang81@enterprise-ai.corp,"Corporate Finance, Legal & Compliance",Corporate Counsel / Compliance Director,Singapore,Singapore,APAC-South,Full-Time Permanent,2024-09-03,6.7,228500.0,25.0,285600.0,4.39,3.9,16,47,7.0,7.4,4.5,1,0.26,Medium,No
EMP-11369,Wei,Rodriguez,wei.rodriguez82@enterprise-ai.corp,"Corporate Finance, Legal & Compliance",Corporate Counsel / Compliance Director,Remote - Global,Global Remote,Remote,Full-Time Permanent,2021-05-11,3.4,257800.0,25.0,322200.0,3.79,2.5,13,20,55.5,4.6,2.3,29,0.92,High,No
EMP-11370,Tariq,Lin,tariq.lin83@enterprise-ai.corp,Cloud Platform & DevOps / SRE,Cloud Infrastructure SRE,New York,United States,US-East,Full-Time Permanent,2018-10-19,0.8,148400.0,18.0,175100.0,4.22,4.3,7,69,13.9,8.9,4.2,33,0.21,Medium,No
EMP-11371,Sarah,Park,sarah.park84@enterprise-ai.corp,Cloud Platform & DevOps / SRE,Cloud Infrastructure SRE,Taipei,Taiwan,APAC-East,Contractor Strategic,2019-03-18,1.2,127800.0,18.0,150800.0,3.9,4.7,16,84,13.5,9.8,4.4,25,0.35,Medium,No
EMP-11372,Rohan,Anderson,rohan.anderson85@enterprise-ai.corp,Core Software Engineering,L3 Senior Software Engineer,Tokyo,Japan,APAC-East,Full-Time Permanent,2018-11-27,0.9,159800.0,20.0,191800.0,4.13,4.4,4,41,6.9,7.1,4.0,7,0.19,Low,No
EMP-11373,Matthew,Hernandez,matthew.hernandez86@enterprise-ai.corp,People Operations & Talent Acquisition,Talent Acquisition Lead,London,United Kingdom,EU-West,Full-Time Permanent,2023-12-13,5.9,114700.0,18.0,135300.0,4.01,3.9,17,42,6.6,7.0,3.5,27,0.23,Medium,No
EMP-11374,Patricia,Park,patricia.park87@enterprise-ai.corp,Global Enterprise Sales & BD,Strategic Sales Director,New York,United States,US-East,Full-Time Permanent,2018-08-18,0.6,268800.0,55.0,416600.0,4.28,4.2,5,42,7.9,7.1,4.5,30,0.25,Medium,No
EMP-11375,David,Garcia,david.garcia88@enterprise-ai.corp,Enterprise Solutions Architecture,Senior Solutions Architect,Austin,United States,US-Central,Full-Time Permanent,2023-06-05,5.4,169500.0,20.0,203400.0,2.63,2.6,23,16,48.7,4.1,2.0,14,0.87,High,No
EMP-11376,Ananya,Davis,ananya.davis89@enterprise-ai.corp,Enterprise Solutions Architecture,Senior Solutions Architect,Tokyo,Japan,APAC-East,Full-Time Permanent,2023-06-04,5.4,162900.0,20.0,195500.0,4.46,4.7,10,80,1.4,9.4,3.5,28,0.25,Medium,No
EMP-11377,Chloe,Dubois,chloe.dubois90@enterprise-ai.corp,Product Management & Growth,Product Manager,Singapore,Singapore,APAC-South,Full-Time Permanent,2019-08-13,1.6,120800.0,15.0,138900.0,4.56,3.9,18,32,14.3,7.5,4.6,24,0.18,Low,Yes
EMP-11378,Anthony,Sato,anthony.sato91@enterprise-ai.corp,UI/UX Product Design,Product Designer,New York,United States,US-East,Full-Time Permanent,2024-12-20,7.0,122500.0,12.0,137200.0,4.24,4.5,5,46,2.9,8.0,3.6,26,0.18,Low,No
EMP-11379,Sarah,Lopez,sarah.lopez92@enterprise-ai.corp,Global Enterprise Sales & BD,Senior Enterprise Account Executive,Sydney,Australia,APAC-ANZ,Full-Time Permanent,2022-03-21,4.2,160300.0,50.0,240400.0,4.87,4.4,8,36,7.0,9.5,3.8,21,0.18,Low,Yes
EMP-11380,Alex,Moore,alex.moore93@enterprise-ai.corp,Enterprise Solutions Architecture,Principal Enterprise Architect,Sydney,Australia,APAC-ANZ,Full-Time Permanent,2024-12-04,6.9,221900.0,25.0,277400.0,4.89,4.0,15,30,14.7,7.1,3.6,2,0.2,Medium,No
EMP-11381,Michael,Lin,michael.lin94@enterprise-ai.corp,Cloud Platform & DevOps / SRE,Cloud Infrastructure SRE,London,United Kingdom,EU-West,Full-Time Permanent,2021-08-25,3.6,122600.0,18.0,144700.0,4.06,4.0,16,56,2.5,7.5,4.4,27,0.3,Medium,No
EMP-11382,Sarah,Hernandez,sarah.hernandez95@enterprise-ai.corp,People Operations & Talent Acquisition,People Operations Partner,New York,United States,US-East,Full-Time Permanent,2018-12-06,0.9,105500.0,12.0,118200.0,4.8,3.8,17,53,1.3,8.0,4.2,34,0.09,Low,No
EMP-11383,Ananya,Kim,ananya.kim96@enterprise-ai.corp,Cloud Platform & DevOps / SRE,Staff Reliability Architect,Austin,United States,US-Central,Full-Time Permanent,2021-11-01,3.8,236200.0,25.0,295200.0,3.75,3.6,10,11,56.7,2.7,2.0,6,0.77,High,No
EMP-11384,James,Thomas,james.thomas97@enterprise-ai.corp,AI & Machine Learning Research,L4 Staff AI Scientist,Austin,United States,US-Central,Full-Time Permanent,2018-07-14,0.5,249900.0,30.0,324900.0,4.47,4.1,5,61,14.6,8.0,4.1,16,0.05,Low,No
EMP-11385,Zoe,Oliveira,zoe.oliveira98@enterprise-ai.corp,Customer Success & Technical Support,Senior Technical Account Manager,Singapore,Singapore,APAC-South,Full-Time Permanent,2018-08-04,0.6,150500.0,20.0,180600.0,4.04,5.0,13,51,11.2,7.2,4.2,19,0.04,Low,No
EMP-11386,Matthew,Dubois,matthew.dubois0@enterprise-ai.corp,AI & Machine Learning Research,L5 Principal Research Fellow,London,United Kingdom,EU-West,Full-Time Permanent,2023-04-30,5.3,325400.0,40.0,455600.0,3.91,4.6,8,43,10.7,7.7,4.3,11,0.31,Medium,No
EMP-11387,Matthew,Smith,matthew.smith1@enterprise-ai.corp,Core Software Engineering,Engineering Director,San Francisco,United States,US-West,Full-Time Permanent,2021-07-20,3.5,312700.0,35.0,422100.0,4.25,4.6,9,83,7.6,8.7,3.8,28,0.3,Medium,No
EMP-11388,Sandra,Schneider,sandra.schneider2@enterprise-ai.corp,AI & Machine Learning Research,L4 Staff AI Scientist,San Francisco,United States,US-West,Full-Time Permanent,2019-01-10,1.0,252100.0,30.0,327700.0,3.53,3.6,15,12,54.5,2.8,1.9,5,0.68,High,No
EMP-11389,Mei,Huang,mei.huang3@enterprise-ai.corp,Core Software Engineering,L1 Associate Software Engineer,Berlin,Germany,EU-Central,Full-Time Permanent,2023-06-14,5.4,99100.0,10.0,109000.0,4.88,4.1,6,23,3.8,8.1,4.8,30,0.14,Low,Yes
EMP-11390,Jessica,Mueller,jessica.mueller4@enterprise-ai.corp,Cloud Platform & DevOps / SRE,Staff Reliability Architect,Zurich,Switzerland,EU-Central,Full-Time Permanent,2022-10-05,4.8,228400.0,25.0,285500.0,4.1,4.7,5,27,2.2,7.0,4.5,11,0.05,Low,No
EMP-11391,Mei,Jackson,mei.jackson5@enterprise-ai.corp,Global Enterprise Sales & BD,Mid-Market Account Executive,Berlin,Germany,EU-Central,Full-Time Permanent,2024-11-02,6.8,108000.0,40.0,151200.0,4.37,4.5,18,54,5.9,9.0,4.8,33,0.08,Low,No
EMP-11392,Sven,Schneider,sven.schneider6@enterprise-ai.corp,"Corporate Finance, Legal & Compliance",Senior Financial Analyst,Austin,United States,US-Central,Full-Time Permanent,2021-01-30,3.1,120100.0,15.0,138100.0,3.73,4.4,9,69,13.8,8.4,5.0,6,0.07,Low,No
EMP-11393,Betty,Hernandez,betty.hernandez7@enterprise-ai.corp,People Operations & Talent Acquisition,People Operations Partner,Remote - Global,Global Remote,Remote,Full-Time Permanent,2024-02-26,6.2,99700.0,12.0,111700.0,3.69,3.5,20,19,47.5,3.4,2.1,35,0.62,High,No
EMP-11394,Rohan,Jones,rohan.jones8@enterprise-ai.corp,AI & Machine Learning Research,L5 Principal Research Fellow,Sydney,Australia,APAC-ANZ,Full-Time Permanent,2021-12-18,4.0,302700.0,40.0,423800.0,4.37,3.8,9,81,14.6,7.7,4.7,9,0.21,Medium,No
EMP-11395,Sven,Moore,sven.moore9@enterprise-ai.corp,Customer Success & Technical Support,Director of Customer Success,New York,United States,US-East,Full-Time Permanent,2019-08-27,1.7,209500.0,25.0,261900.0,4.56,4.1,15,54,0.6,8.0,4.0,12,0.34,Medium,Yes
EMP-11396,William,Chen,william.chen10@enterprise-ai.corp,UI/UX Product Design,Staff UI/UX Design Lead,Austin,United States,US-Central,Full-Time Permanent,2023-02-24,5.1,171400.0,20.0,205700.0,4.73,5.0,12,22,5.3,9.6,3.6,17,0.25,Medium,Yes
EMP-11397,Tariq,Miller,tariq.miller11@enterprise-ai.corp,"Corporate Finance, Legal & Compliance",Corporate Counsel / Compliance Director,Sydney,Australia,APAC-ANZ,Full-Time Permanent,2021-09-19,3.7,255400.0,25.0,319200.0,4.97,5.0,5,21,14.5,9.7,4.0,5,0.32,Medium,Yes
EMP-11398,Yuki,Jackson,yuki.jackson12@enterprise-ai.corp,Product Management & Growth,Director of Product,Singapore,Singapore,APAC-South,Full-Time Permanent,2018-03-24,0.2,297100.0,30.0,386200.0,2.61,3.3,12,10,45.6,4.9,2.1,37,0.88,High,No
EMP-11399,Michael,Lopez,michael.lopez13@enterprise-ai.corp,Cloud Platform & DevOps / SRE,Staff Reliability Architect,Sydney,Australia,APAC-ANZ,Full-Time Permanent,2019-10-24,1.8,242000.0,25.0,302500.0,3.9,3.9,10,34,11.8,8.4,4.9,34,0.27,Medium,No
EMP-11400,Joseph,Miller,joseph.miller14@enterprise-ai.corp,Cloud Platform & DevOps / SRE,Staff Reliability Architect,Zurich,Switzerland,EU-Central,Full-Time Permanent,2022-03-07,4.2,235400.0,25.0,294200.0,2.6,2.7,18,3,26.5,4.8,1.9,19,0.61,High,No
EMP-11401,Thomas,Tanaka,thomas.tanaka15@enterprise-ai.corp,UI/UX Product Design,Staff UI/UX Design Lead,Sydney,Australia,APAC-ANZ,Full-Time Permanent,2019-01-28,1.1,168700.0,20.0,202400.0,4.48,4.4,18,31,9.9,9.5,4.7,1,0.21,Medium,No
EMP-11402,Elizabeth,Thomas,elizabeth.thomas16@enterprise-ai.corp,Global Enterprise Sales & BD,Enterprise SDR / BDR,Singapore,Singapore,APAC-South,Full-Time Permanent,2023-07-31,5.6,76300.0,30.0,99200.0,4.49,4.0,15,39,2.1,8.4,4.8,19,0.29,Medium,No
EMP-11403,Zoe,Sharma,zoe.sharma17@enterprise-ai.corp,Enterprise Solutions Architecture,Senior Solutions Architect,Remote - Global,Global Remote,Remote,Full-Time Permanent,2023-09-12,5.7,183400.0,20.0,220100.0,4.14,4.2,4,33,6.8,8.9,4.1,29,0.2,Medium,No
EMP-11404,Wei,Lin,wei.lin18@enterprise-ai.corp,Global Enterprise Sales & BD,VP of Global Enterprise Sales,Zurich,Switzerland,EU-Central,Full-Time Permanent,2022-08-07,4.6,346500.0,60.0,554400.0,4.87,4.0,17,52,11.3,7.3,4.1,10,0.2,Medium,No
EMP-11405,Lucas,Martinez,lucas.martinez19@enterprise-ai.corp,Global Enterprise Sales & BD,VP of Global Enterprise Sales,New York,United States,US-East,Full-Time Permanent,2020-01-27,2.1,318800.0,60.0,510100.0,3.9,3.9,11,65,10.0,8.0,4.7,26,0.22,Medium,No
EMP-11406,Susan,Sharma,susan.sharma20@enterprise-ai.corp,Core Software Engineering,Engineering Director,London,United Kingdom,EU-West,Full-Time Permanent,2023-03-02,5.2,298400.0,35.0,402800.0,4.4,3.9,13,85,10.0,7.6,4.9,34,0.09,Low,No
EMP-11407,Sven,Martinez,sven.martinez21@enterprise-ai.corp,Global Enterprise Sales & BD,Strategic Sales Director,Zurich,Switzerland,EU-Central,Full-Time Permanent,2020-06-24,2.5,214800.0,55.0,332900.0,3.85,4.7,13,51,10.3,7.0,3.9,34,0.34,Medium,No
EMP-11408,Susan,Martin,susan.martin22@enterprise-ai.corp,Customer Success & Technical Support,Senior Technical Account Manager,Tokyo,Japan,APAC-East,Full-Time Permanent,2023-01-22,5.1,138800.0,20.0,166600.0,4.37,5.0,16,41,8.6,7.4,4.5,13,0.19,Low,No
EMP-11409,Tariq,Taylor,tariq.taylor23@enterprise-ai.corp,People Operations & Talent Acquisition,People Operations Partner,Tokyo,Japan,APAC-East,Full-Time Permanent,2024-01-06,6.0,101300.0,12.0,113500.0,3.85,4.8,8,41,15.0,9.7,4.6,13,0.2,Medium,No
EMP-11410,Donald,Schneider,donald.schneider24@enterprise-ai.corp,Core Software Engineering,L1 Associate Software Engineer,Taipei,Taiwan,APAC-East,Full-Time Permanent,2018-05-26,0.4,90000.0,10.0,99000.0,4.13,4.2,9,80,2.5,7.2,4.1,30,0.12,Low,No
EMP-11411,Rohan,Thomas,rohan.thomas25@enterprise-ai.corp,AI & Machine Learning Research,L4 Staff AI Scientist,London,United Kingdom,EU-West,Full-Time Permanent,2024-05-31,6.4,282200.0,30.0,366900.0,4.3,4.6,10,61,6.3,7.5,3.5,23,0.18,Low,No
EMP-11412,Elizabeth,Brown,elizabeth.brown26@enterprise-ai.corp,"Corporate Finance, Legal & Compliance",Senior Financial Analyst,Tokyo,Japan,APAC-East,Full-Time Permanent,2018-09-22,0.7,119400.0,15.0,137300.0,4.66,4.5,7,37,10.2,9.8,3.8,30,0.08,Low,No
EMP-11413,Jennifer,Mueller,jennifer.mueller27@enterprise-ai.corp,Enterprise Solutions Architecture,Principal Enterprise Architect,Tokyo,Japan,APAC-East,Full-Time Permanent,2020-10-31,2.8,217700.0,25.0,272100.0,4.12,4.8,13,41,6.7,7.2,4.1,14,0.05,Low,No
EMP-11414,Richard,Brown,richard.brown28@enterprise-ai.corp,Core Software Engineering,L3 Senior Software Engineer,Singapore,Singapore,APAC-South,Full-Time Permanent,2022-08-23,4.6,154400.0,20.0,185300.0,2.82,3.4,20,3,44.4,2.6,1.9,1,0.6,High,No
EMP-11415,Astrid,Lin,astrid.lin29@enterprise-ai.corp,"Corporate Finance, Legal & Compliance",Corporate Counsel / Compliance Director,Remote - Global,Global Remote,Remote,Full-Time Permanent,2023-04-15,5.3,227500.0,25.0,284400.0,2.74,2.6,15,20,28.0,3.7,1.7,10,0.69,High,No
EMP-11416,Patricia,Wilson,patricia.wilson30@enterprise-ai.corp,UI/UX Product Design,Staff UI/UX Design Lead,San Francisco,United States,US-West,Full-Time Permanent,2024-08-05,6.6,171100.0,20.0,205300.0,3.61,4.4,10,76,13.9,9.1,4.2,32,0.21,Medium,No
EMP-11417,Sandra,Smith,sandra.smith31@enterprise-ai.corp,Customer Success & Technical Support,Director of Customer Success,Remote - Global,Global Remote,Remote,Full-Time Permanent,2020-01-22,2.1,184700.0,25.0,230900.0,3.87,4.9,7,76,3.7,8.8,3.8,28,0.31,Medium,No
EMP-11418,Elizabeth,Tanaka,elizabeth.tanaka32@enterprise-ai.corp,"Corporate Finance, Legal & Compliance",Senior Financial Analyst,Berlin,Germany,EU-Central,Full-Time Permanent,2022-05-19,4.4,127200.0,15.0,146300.0,3.76,3.9,10,84,1.9,7.9,4.6,19,0.3,Medium,No
EMP-11419,Rohan,Moore,rohan.moore33@enterprise-ai.corp,Customer Success & Technical Support,Director of Customer Success,Singapore,Singapore,APAC-South,Full-Time Permanent,2025-06-26,7.5,211300.0,25.0,264100.0,4.52,4.0,17,74,13.4,9.9,4.1,36,0.1,Low,Yes
EMP-11420,Chloe,Patel,chloe.patel34@enterprise-ai.corp,AI & Machine Learning Research,L3 Senior Deep Learning Researcher,Singapore,Singapore,APAC-South,Full-Time Permanent,2022-07-27,4.6,211400.0,25.0,264200.0,4.97,4.3,7,58,12.1,7.7,4.8,14,0.22,Medium,Yes
EMP-11421,James,Davis,james.davis35@enterprise-ai.corp,Global Enterprise Sales & BD,Mid-Market Account Executive,Remote - Global,Global Remote,Remote,Full-Time Permanent,2018-04-23,0.3,112600.0,40.0,157600.0,4.49,3.8,17,25,6.7,7.8,3.9,30,0.28,Medium,No
EMP-11422,Betty,Miller,betty.miller36@enterprise-ai.corp,UI/UX Product Design,Staff UI/UX Design Lead,San Francisco,United States,US-West,Full-Time Permanent,2021-10-01,3.7,179000.0,20.0,214800.0,4.47,4.7,8,52,12.9,7.2,4.1,14,0.22,Medium,No
EMP-11423,James,Moore,james.moore37@enterprise-ai.corp,People Operations & Talent Acquisition,People Operations Partner,New York,United States,US-East,Full-Time Permanent,2020-04-29,2.3,86100.0,12.0,96400.0,4.36,4.9,8,51,14.9,8.6,4.9,17,0.21,Medium,No
EMP-11424,Fatima,Mueller,fatima.mueller38@enterprise-ai.corp,Customer Success & Technical Support,Senior Technical Account Manager,Tokyo,Japan,APAC-East,Full-Time Permanent,2020-02-07,2.1,135200.0,20.0,162200.0,4.5,4.1,13,26,7.9,9.4,4.3,24,0.11,Low,Yes
EMP-11425,Alex,Jones,alex.jones39@enterprise-ai.corp,People Operations & Talent Acquisition,People Operations Partner,Tokyo,Japan,APAC-East,Full-Time Permanent,2019-03-02,1.2,82100.0,12.0,92000.0,4.12,4.4,12,42,12.9,9.4,4.7,36,0.08,Low,No
EMP-11426,Mary,Dubois,mary.dubois40@enterprise-ai.corp,Cloud Platform & DevOps / SRE,Staff Reliability Architect,Remote - Global,Global Remote,Remote,Full-Time Permanent,2022-09-26,4.7,225200.0,25.0,281500.0,3.64,4.1,4,29,10.2,7.5,4.1,33,0.27,Medium,No
EMP-11427,Susan,Taylor,susan.taylor41@enterprise-ai.corp,Customer Success & Technical Support,Customer Success Manager,Sydney,Australia,APAC-ANZ,Full-Time Permanent,2020-06-04,2.4,89900.0,15.0,103400.0,4.0,4.6,4,37,0.9,7.1,4.1,16,0.09,Low,No
EMP-11428,Linda,Smith,linda.smith42@enterprise-ai.corp,UI/UX Product Design,Product Designer,New York,United States,US-East,Full-Time Permanent,2019-05-29,1.4,99600.0,12.0,111600.0,3.64,4.9,17,81,2.4,7.3,4.4,12,0.28,Medium,No
EMP-11429,James,Thomas,james.thomas43@enterprise-ai.corp,Enterprise Solutions Architecture,Principal Enterprise Architect,Taipei,Taiwan,APAC-East,Full-Time Permanent,2023-01-20,5.1,224400.0,25.0,280500.0,3.94,4.7,13,25,14.7,9.1,3.9,6,0.07,Low,No
EMP-11430,David,Kowalski,david.kowalski44@enterprise-ai.corp,UI/UX Product Design,Staff UI/UX Design Lead,Tokyo,Japan,APAC-East,Full-Time Permanent,2023-05-20,5.4,160800.0,20.0,193000.0,3.07,3.8,27,13,32.6,5.0,2.3,6,0.71,High,No
EMP-11431,Yuki,Taylor,yuki.taylor45@enterprise-ai.corp,Customer Success & Technical Support,Senior Technical Account Manager,Zurich,Switzerland,EU-Central,Full-Time Permanent,2024-04-03,6.3,147900.0,20.0,177500.0,3.65,3.8,17,48,0.8,8.5,4.1,37,0.22,Medium,No
EMP-11432,Patricia,Thomas,patricia.thomas46@enterprise-ai.corp,Product Management & Growth,Product Manager,Remote - Global,Global Remote,Remote,Contractor Strategic,2018-06-24,0.5,149800.0,15.0,172300.0,4.68,4.7,5,75,2.3,7.7,4.0,26,0.11,Low,No
EMP-11433,Elizabeth,Kowalski,elizabeth.kowalski47@enterprise-ai.corp,Global Enterprise Sales & BD,VP of Global Enterprise Sales,Sydney,Australia,APAC-ANZ,Contractor Strategic,2025-03-05,7.2,355000.0,60.0,568000.0,3.61,4.9,4,36,12.1,9.5,4.6,22,0.04,Low,No
EMP-11434,Ananya,Lopez,ananya.lopez48@enterprise-ai.corp,Cloud Platform & DevOps / SRE,Staff Reliability Architect,Singapore,Singapore,APAC-South,Full-Time Permanent,2024-02-01,6.1,211100.0,25.0,263900.0,4.44,3.9,11,40,7.0,9.1,4.6,30,0.09,Low,No
EMP-11435,David,Taylor,david.taylor49@enterprise-ai.corp,AI & Machine Learning Research,L5 Principal Research Fellow,Singapore,Singapore,APAC-South,Full-Time Permanent,2019-11-17,1.9,408500.0,40.0,571900.0,4.26,4.1,6,30,4.1,9.5,4.2,34,0.12,Low,No
EMP-11436,Rohan,Mueller,rohan.mueller50@enterprise-ai.corp,AI & Machine Learning Research,L2 AI/ML Engineer,Remote - Global,Global Remote,Remote,Full-Time Permanent,2023-07-21,5.5,140400.0,15.0,161500.0,4.1,2.9,21,19,30.4,4.8,1.1,33,0.73,High,No
EMP-11437,Jennifer,Santos,jennifer.santos51@enterprise-ai.corp,Product Management & Growth,Product Manager,Zurich,Switzerland,EU-Central,Full-Time Permanent,2021-04-28,3.3,122000.0,15.0,140300.0,4.91,4.4,5,20,7.2,8.1,4.1,25,0.08,Low,Yes
EMP-11438,Hiroshi,Martin,hiroshi.martin52@enterprise-ai.corp,Enterprise Solutions Architecture,Senior Solutions Architect,Sydney,Australia,APAC-ANZ,Full-Time Permanent,2020-02-21,2.1,186100.0,20.0,223300.0,3.92,3.9,11,78,9.2,7.5,3.6,9,0.1,Low,No
EMP-11439,Mateo,Chen,mateo.chen53@enterprise-ai.corp,Global Enterprise Sales & BD,Senior Enterprise Account Executive,Taipei,Taiwan,APAC-East,Full-Time Permanent,2019-12-20,2.0,147200.0,50.0,220800.0,3.29,2.7,18,10,37.3,2.7,1.8,8,0.74,High,No
EMP-11440,Kenji,Dubois,kenji.dubois54@enterprise-ai.corp,UI/UX Product Design,Staff UI/UX Design Lead,Berlin,Germany,EU-Central,Full-Time Permanent,2023-09-03,5.7,160800.0,20.0,193000.0,4.79,4.1,12,68,0.1,8.4,4.0,24,0.27,Medium,Yes
EMP-11441,Margaret,Martinez,margaret.martinez55@enterprise-ai.corp,Enterprise Solutions Architecture,Senior Solutions Architect,Berlin,Germany,EU-Central,Full-Time Permanent,2022-12-04,4.9,172400.0,20.0,206900.0,3.77,4.4,9,23,5.1,7.6,4.3,18,0.35,Medium,No
EMP-11442,Betty,Hernandez,betty.hernandez56@enterprise-ai.corp,AI & Machine Learning Research,L4 Staff AI Scientist,New York,United States,US-East,Full-Time Permanent,2022-01-31,4.1,257400.0,30.0,334600.0,4.5,4.5,7,74,14.1,8.9,3.5,37,0.16,Low,Yes
EMP-11443,Mateo,Gonzalez,mateo.gonzalez57@enterprise-ai.corp,Product Management & Growth,Product Manager,Berlin,Germany,EU-Central,Full-Time Permanent,2020-06-02,2.4,120200.0,15.0,138200.0,3.74,4.2,16,47,8.5,7.2,4.9,30,0.29,Medium,No
EMP-11444,Joseph,Martinez,joseph.martinez58@enterprise-ai.corp,Cloud Platform & DevOps / SRE,Cloud Infrastructure SRE,Tokyo,Japan,APAC-East,Full-Time Permanent,2021-05-12,3.4,134600.0,18.0,158800.0,3.63,3.7,23,10,55.5,5.3,2.0,31,0.61,High,No
EMP-11445,Yuki,Jones,yuki.jones59@enterprise-ai.corp,People Operations & Talent Acquisition,Talent Acquisition Lead,Tokyo,Japan,APAC-East,Full-Time Permanent,2023-09-20,5.7,106300.0,18.0,125400.0,3.81,3.6,18,19,51.1,2.8,1.4,19,0.92,High,No
EMP-11446,Mei,Kim,mei.kim60@enterprise-ai.corp,UI/UX Product Design,Staff UI/UX Design Lead,Sydney,Australia,APAC-ANZ,Full-Time Permanent,2020-04-22,2.3,171800.0,20.0,206200.0,4.39,4.3,5,42,11.5,9.4,4.6,22,0.14,Low,No
EMP-11447,Rohan,Park,rohan.park61@enterprise-ai.corp,Enterprise Solutions Architecture,Senior Solutions Architect,New York,United States,US-East,Full-Time Permanent,2022-08-21,4.6,158900.0,20.0,190700.0,4.59,4.8,18,80,12.2,9.0,4.8,28,0.33,Medium,Yes
EMP-11448,William,Chen,william.chen62@enterprise-ai.corp,"Corporate Finance, Legal & Compliance",Senior Financial Analyst,Remote - Global,Global Remote,Remote,Full-Time Permanent,2024-08-17,6.6,103600.0,15.0,119100.0,4.31,4.9,6,45,11.7,7.7,4.0,27,0.06,Low,No
EMP-11449,Camila,Tanaka,camila.tanaka63@enterprise-ai.corp,AI & Machine Learning Research,L2 AI/ML Engineer,Berlin,Germany,EU-Central,Contractor Strategic,2021-05-14,3.4,138400.0,15.0,159200.0,3.9,4.7,16,37,0.2,9.4,3.7,4,0.05,Low,No
EMP-11450,Sarah,Ivanov,sarah.ivanov64@enterprise-ai.corp,Product Management & Growth,Senior Group Product Manager,Berlin,Germany,EU-Central,Full-Time Permanent,2025-02-11,7.1,211400.0,22.0,257900.0,4.34,4.8,11,62,4.9,8.3,4.3,12,0.25,Medium,No
EMP-11451,Lisa,Lin,lisa.lin65@enterprise-ai.corp,Core Software Engineering,L5 Principal Infrastructure Architect,Tokyo,Japan,APAC-East,Full-Time Permanent,2020-09-19,2.7,261500.0,30.0,340000.0,4.97,4.4,6,82,12.3,8.9,4.1,4,0.17,Low,Yes
EMP-11452,Alex,Brown,alex.brown66@enterprise-ai.corp,"Corporate Finance, Legal & Compliance",Senior Financial Analyst,Remote - Global,Global Remote,Remote,Full-Time Permanent,2023-07-28,5.6,101400.0,15.0,116600.0,4.35,4.9,18,55,14.4,9.8,4.2,23,0.22,Medium,No
EMP-11453,Betty,Patel,betty.patel67@enterprise-ai.corp,Cloud Platform & DevOps / SRE,Cloud Infrastructure SRE,Remote - Global,Global Remote,Remote,Full-Time Permanent,2021-08-29,3.7,151300.0,18.0,178500.0,3.63,3.9,7,63,13.3,7.1,4.5,6,0.12,Low,No
EMP-11454,Robert,Ivanov,robert.ivanov68@enterprise-ai.corp,Global Enterprise Sales & BD,Mid-Market Account Executive,Tokyo,Japan,APAC-East,Full-Time Permanent,2019-08-21,1.6,121600.0,40.0,170200.0,3.61,4.1,13,26,9.7,9.7,4.4,24,0.26,Medium,No
EMP-11455,Jennifer,Miller,jennifer.miller69@enterprise-ai.corp,"Corporate Finance, Legal & Compliance",Senior Financial Analyst,Austin,United States,US-Central,Full-Time Permanent,2021-04-15,3.3,128900.0,15.0,148200.0,3.71,5.0,15,30,6.3,7.4,4.1,31,0.24,Medium,No
EMP-11456,Alex,Lopez,alex.lopez70@enterprise-ai.corp,Core Software Engineering,Engineering Director,Berlin,Germany,EU-Central,Full-Time Permanent,2024-06-14,6.5,343500.0,35.0,463700.0,4.01,4.4,9,72,12.1,7.3,4.1,8,0.25,Medium,No
EMP-11457,Mark,Anderson,mark.anderson71@enterprise-ai.corp,Global Enterprise Sales & BD,VP of Global Enterprise Sales,Berlin,Germany,EU-Central,Contractor Strategic,2019-03-07,1.2,356500.0,60.0,570400.0,4.67,4.4,11,51,2.8,8.3,4.2,14,0.35,Medium,No
EMP-11458,Mark,Schmidt,mark.schmidt72@enterprise-ai.corp,Global Enterprise Sales & BD,Enterprise SDR / BDR,London,United Kingdom,EU-West,Full-Time Permanent,2020-05-04,2.3,72900.0,30.0,94800.0,4.28,4.5,12,73,0.1,9.6,4.5,30,0.13,Low,No
EMP-11459,Jessica,Rodriguez,jessica.rodriguez73@enterprise-ai.corp,UI/UX Product Design,Staff UI/UX Design Lead,Austin,United States,US-Central,Full-Time Permanent,2023-12-17,6.0,162000.0,20.0,194400.0,3.09,3.1,24,11,52.7,5.2,2.0,33,0.6,High,No
EMP-11460,John,Kowalski,john.kowalski74@enterprise-ai.corp,People Operations & Talent Acquisition,Talent Acquisition Lead,San Francisco,United States,US-West,Full-Time Permanent,2024-11-03,6.8,137200.0,18.0,161900.0,4.44,3.9,14,65,11.2,8.6,4.8,12,0.11,Low,No
EMP-11461,Thomas,Chen,thomas.chen75@enterprise-ai.corp,Customer Success & Technical Support,Senior Technical Account Manager,Berlin,Germany,EU-Central,Full-Time Permanent,2021-12-07,3.9,150400.0,20.0,180500.0,3.4,3.4,28,5,54.8,3.1,2.2,2,0.79,High,No
EMP-11462,Barbara,Johnson,barbara.johnson76@enterprise-ai.corp,People Operations & Talent Acquisition,Talent Acquisition Lead,Berlin,Germany,EU-Central,Full-Time Permanent,2025-02-02,7.1,108400.0,18.0,127900.0,4.67,4.3,18,34,11.8,8.1,4.4,22,0.28,Medium,Yes
EMP-11463,Jessica,Kim,jessica.kim77@enterprise-ai.corp,Cloud Platform & DevOps / SRE,Cloud Infrastructure SRE,Austin,United States,US-Central,Full-Time Permanent,2020-01-25,2.1,153500.0,18.0,181100.0,3.43,3.5,26,7,40.4,4.6,2.1,27,0.95,High,No
EMP-11464,Alex,Moreau,alex.moreau78@enterprise-ai.corp,"Corporate Finance, Legal & Compliance",Corporate Counsel / Compliance Director,New York,United States,US-East,Full-Time Permanent,2025-02-01,7.1,258500.0,25.0,323100.0,4.75,4.5,15,57,9.6,9.8,3.7,21,0.23,Medium,Yes
EMP-11465,Lucas,Patel,lucas.patel79@enterprise-ai.corp,UI/UX Product Design,Product Designer,Tokyo,Japan,APAC-East,Full-Time Permanent,2024-06-02,6.4,116600.0,12.0,130600.0,4.24,4.8,11,22,12.5,8.4,4.3,38,0.2,Medium,No
EMP-11466,Fatima,Patel,fatima.patel80@enterprise-ai.corp,Cloud Platform & DevOps / SRE,Cloud Infrastructure SRE,Remote - Global,Global Remote,Remote,Full-Time Permanent,2018-04-25,0.3,128800.0,18.0,152000.0,4.64,4.4,10,47,8.6,7.3,4.8,2,0.2,Medium,No
EMP-11467,Sven,Nakamura,sven.nakamura81@enterprise-ai.corp,UI/UX Product Design,Product Designer,San Francisco,United States,US-West,Full-Time Permanent,2024-01-22,6.1,113700.0,12.0,127300.0,4.54,4.2,13,84,4.3,7.5,4.7,26,0.24,Medium,Yes
EMP-11468,Charles,Schneider,charles.schneider82@enterprise-ai.corp,Global Enterprise Sales & BD,VP of Global Enterprise Sales,Remote - Global,Global Remote,Remote,Full-Time Permanent,2023-01-21,5.1,395600.0,60.0,633000.0,4.33,3.8,5,36,6.1,9.0,4.3,30,0.24,Medium,No
EMP-11469,Yuki,Williams,yuki.williams83@enterprise-ai.corp,Core Software Engineering,L4 Staff Distributed Engineer,Berlin,Germany,EU-Central,Contractor Strategic,2023-12-24,6.0,207400.0,25.0,259200.0,3.64,4.3,18,61,1.6,8.3,4.2,36,0.28,Medium,No
EMP-11470,Jessica,Jackson,jessica.jackson84@enterprise-ai.corp,Enterprise Solutions Architecture,Principal Enterprise Architect,Sydney,Australia,APAC-ANZ,Full-Time Permanent,2018-03-12,0.2,224600.0,25.0,280800.0,3.71,3.9,8,31,4.8,7.0,3.8,37,0.19,Low,No
EMP-11471,David,Dubois,david.dubois85@enterprise-ai.corp,Cloud Platform & DevOps / SRE,Staff Reliability Architect,New York,United States,US-East,Full-Time Permanent,2019-10-15,1.8,199300.0,25.0,249100.0,3.79,2.5,11,11,42.0,5.4,1.7,28,0.7,High,No
EMP-11472,Michael,Smith,michael.smith86@enterprise-ai.corp,Cloud Platform & DevOps / SRE,Cloud Infrastructure SRE,Austin,United States,US-Central,Full-Time Permanent,2023-09-03,5.7,134400.0,18.0,158600.0,4.3,3.8,11,75,5.2,9.4,4.7,18,0.03,Low,No
EMP-11473,Hiroshi,Wilson,hiroshi.wilson87@enterprise-ai.corp,UI/UX Product Design,Staff UI/UX Design Lead,London,United Kingdom,EU-West,Full-Time Permanent,2025-10-08,7.8,157000.0,20.0,188400.0,4.3,4.3,4,67,9.3,9.3,4.5,36,0.11,Low,No
EMP-11474,Jessica,Gonzalez,jessica.gonzalez88@enterprise-ai.corp,Product Management & Growth,Director of Product,Austin,United States,US-Central,Full-Time Permanent,2025-10-08,7.8,239600.0,30.0,311500.0,3.61,3.4,19,5,39.0,2.8,1.3,19,0.73,High,No
EMP-11475,Joseph,Santos,joseph.santos89@enterprise-ai.corp,"Corporate Finance, Legal & Compliance",Corporate Counsel / Compliance Director,Tokyo,Japan,APAC-East,Full-Time Permanent,2019-01-15,1.0,235100.0,25.0,293900.0,4.96,3.8,12,23,5.5,9.5,4.8,35,0.11,Low,No
EMP-11476,Kenji,Taylor,kenji.taylor90@enterprise-ai.corp,Customer Success & Technical Support,Senior Technical Account Manager,Tokyo,Japan,APAC-East,Full-Time Permanent,2019-07-31,1.6,130900.0,20.0,157100.0,3.88,2.6,11,20,42.6,3.8,1.9,11,0.78,High,No
EMP-11477,Chloe,Johnson,chloe.johnson91@enterprise-ai.corp,Global Enterprise Sales & BD,Enterprise SDR / BDR,Zurich,Switzerland,EU-Central,Full-Time Permanent,2020-04-08,2.3,72200.0,30.0,93900.0,4.93,4.6,5,22,10.3,9.3,4.7,37,0.05,Low,Yes
EMP-11478,Ting,Santos,ting.santos92@enterprise-ai.corp,Core Software Engineering,Engineering Director,Taipei,Taiwan,APAC-East,Full-Time Permanent,2025-05-04,7.3,308700.0,35.0,416700.0,3.83,4.3,15,58,9.6,9.5,3.9,19,0.31,Medium,No
EMP-11479,Alex,Yamamoto,alex.yamamoto93@enterprise-ai.corp,Product Management & Growth,Director of Product,New York,United States,US-East,Full-Time Permanent,2021-06-28,3.5,242800.0,30.0,315600.0,4.28,4.9,7,58,6.9,8.7,4.0,17,0.35,Medium,No
EMP-11480,Robert,Mueller,robert.mueller94@enterprise-ai.corp,"Corporate Finance, Legal & Compliance",Corporate Counsel / Compliance Director,Austin,United States,US-Central,Full-Time Permanent,2021-11-21,3.9,192800.0,25.0,241000.0,2.91,3.7,21,7,51.1,2.7,2.4,10,0.95,High,No
EMP-11481,Karen,Schmidt,karen.schmidt95@enterprise-ai.corp,AI & Machine Learning Research,L4 Staff AI Scientist,Austin,United States,US-Central,Full-Time Permanent,2022-05-24,4.4,240900.0,30.0,313200.0,4.92,4.4,11,23,8.8,8.7,3.9,13,0.04,Low,Yes
EMP-11482,Mateo,Taylor,mateo.taylor96@enterprise-ai.corp,UI/UX Product Design,Product Designer,San Francisco,United States,US-West,Full-Time Permanent,2024-08-12,6.6,107800.0,12.0,120700.0,3.88,4.8,12,39,2.8,8.5,4.5,13,0.18,Low,No
EMP-11483,Barbara,Tanaka,barbara.tanaka97@enterprise-ai.corp,"Corporate Finance, Legal & Compliance",Corporate Counsel / Compliance Director,San Francisco,United States,US-West,Full-Time Permanent,2022-09-20,4.7,222600.0,25.0,278200.0,4.33,4.1,9,42,12.3,9.0,4.0,31,0.04,Low,No
EMP-11484,Donald,Huang,donald.huang98@enterprise-ai.corp,"Corporate Finance, Legal & Compliance",Corporate Counsel / Compliance Director,Singapore,Singapore,APAC-South,Contractor Strategic,2018-10-22,0.8,194000.0,25.0,242500.0,4.41,4.4,14,81,0.1,9.8,4.2,15,0.05,Low,No
EMP-11485,Fatima,Jackson,fatima.jackson0@enterprise-ai.corp,Core Software Engineering,L3 Senior Software Engineer,Austin,United States,US-Central,Full-Time Permanent,2024-09-07,6.7,176600.0,20.0,211900.0,2.69,3.5,19,12,55.9,4.9,1.3,35,0.76,High,No
EMP-11486,David,Williams,david.williams1@enterprise-ai.corp,Product Management & Growth,Director of Product,San Francisco,United States,US-West,Full-Time Permanent,2022-09-17,4.7,284000.0,30.0,369200.0,4.91,4.0,14,35,3.5,9.8,3.8,27,0.18,Low,Yes
EMP-11487,Lucas,Huang,lucas.huang2@enterprise-ai.corp,Enterprise Solutions Architecture,Senior Solutions Architect,Singapore,Singapore,APAC-South,Full-Time Permanent,2018-06-12,0.4,190200.0,20.0,228200.0,4.41,4.4,9,37,6.1,9.9,4.3,20,0.04,Low,No
EMP-11488,Kenji,Nakamura,kenji.nakamura3@enterprise-ai.corp,UI/UX Product Design,Staff UI/UX Design Lead,Tokyo,Japan,APAC-East,Full-Time Permanent,2019-02-06,1.1,159900.0,20.0,191900.0,4.74,4.4,16,75,13.5,9.1,3.9,29,0.32,Medium,No
EMP-11489,Chloe,Anderson,chloe.anderson4@enterprise-ai.corp,Global Enterprise Sales & BD,Mid-Market Account Executive,Taipei,Taiwan,APAC-East,Full-Time Permanent,2025-01-24,7.1,115300.0,40.0,161400.0,3.78,2.8,11,17,30.0,3.6,1.6,11,0.93,High,No
EMP-11490,Zoe,Miller,zoe.miller5@enterprise-ai.corp,Enterprise Solutions Architecture,Senior Solutions Architect,New York,United States,US-East,Full-Time Permanent,2025-02-01,7.1,163300.0,20.0,196000.0,4.87,5.0,16,68,2.1,7.2,4.1,32,0.31,Medium,No
EMP-11491,Wei,Rodriguez,wei.rodriguez6@enterprise-ai.corp,UI/UX Product Design,Staff UI/UX Design Lead,Taipei,Taiwan,APAC-East,Full-Time Permanent,2024-03-31,6.2,185600.0,20.0,222700.0,4.1,4.5,6,46,10.4,9.7,4.7,27,0.04,Low,No
EMP-11492,William,Mueller,william.mueller7@enterprise-ai.corp,UI/UX Product Design,Staff UI/UX Design Lead,Remote - Global,Global Remote,Remote,Full-Time Permanent,2024-11-20,6.9,163200.0,20.0,195800.0,4.36,4.0,12,60,5.8,7.7,4.6,28,0.15,Low,No
EMP-11493,Lucas,Sato,lucas.sato8@enterprise-ai.corp,Core Software Engineering,L2 Software Engineer,Austin,United States,US-Central,Full-Time Permanent,2023-08-16,5.6,126900.0,15.0,145900.0,4.51,4.5,5,77,8.5,9.3,4.6,26,0.11,Low,Yes
EMP-11494,Lucas,Jackson,lucas.jackson9@enterprise-ai.corp,People Operations & Talent Acquisition,Talent Acquisition Lead,New York,United States,US-East,Full-Time Permanent,2021-10-19,3.8,119000.0,18.0,140400.0,4.51,4.3,11,82,4.5,8.0,4.2,15,0.14,Low,Yes
EMP-11495,Yuki,Dubois,yuki.dubois10@enterprise-ai.corp,Enterprise Solutions Architecture,Senior Solutions Architect,Zurich,Switzerland,EU-Central,Full-Time Permanent,2024-12-03,6.9,194500.0,20.0,233400.0,3.8,4.1,5,68,10.3,8.1,4.6,26,0.29,Medium,No
EMP-11496,Donald,Santos,donald.santos11@enterprise-ai.corp,AI & Machine Learning Research,L3 Senior Deep Learning Researcher,Taipei,Taiwan,APAC-East,Full-Time Permanent,2021-01-18,3.0,187700.0,25.0,234600.0,4.68,4.0,14,43,9.1,7.1,4.9,16,0.17,Low,No
EMP-11497,Ting,Sato,ting.sato12@enterprise-ai.corp,UI/UX Product Design,Product Designer,Singapore,Singapore,APAC-South,Full-Time Permanent,2025-06-27,7.5,121300.0,12.0,135900.0,2.88,3.5,23,12,36.8,2.6,1.0,5,0.74,High,No
EMP-11498,Margaret,Thomas,margaret.thomas13@enterprise-ai.corp,People Operations & Talent Acquisition,Talent Acquisition Lead,Remote - Global,Global Remote,Remote,Full-Time Permanent,2021-08-15,3.6,109100.0,18.0,128700.0,4.8,4.1,13,46,6.9,7.4,4.9,7,0.28,Medium,No
EMP-11499,Barbara,Ivanov,barbara.ivanov14@enterprise-ai.corp,People Operations & Talent Acquisition,People Operations Partner,Austin,United States,US-Central,Full-Time Permanent,2021-10-16,3.8,86400.0,12.0,96800.0,4.8,4.6,10,28,13.5,7.5,4.7,4,0.17,Low,Yes
EMP-11500,Fatima,Mueller,fatima.mueller15@enterprise-ai.corp,Product Management & Growth,Senior Group Product Manager,Berlin,Germany,EU-Central,Full-Time Permanent,2025-08-04,7.6,212900.0,22.0,259700.0,3.58,2.3,21,11,42.2,3.5,1.3,33,0.79,High,No
