campaign_id,campaign_name,channel,channel_category,target_audience,target_region,ad_spend_usd,impressions,clicks,click_through_rate_pct,leads_generated,cost_per_lead_usd,mql_qualified_leads,sql_sales_opportunities,pipeline_created_usd,conversions,revenue_generated_usd,return_on_ad_spend,customer_acquisition_cost_usd,roi_pct,start_date,end_date,campaign_status
CAMP-2024-00001,Cloud Cost Optimization 40% - Q2 2024 [Phase 2],Google Search Ads - Enterprise Intent,Paid Search,FinTech Chief Information Security Officers (CISO),Western Europe,16100.0,65679,2417,3.68,152,105.92,103,46,393738.94,20,106099.0,6.59,805.0,559.0,2024-01-14,2024-02-16,Completed
CAMP-2024-00002,Unified Customer 360 AI - Q3 2024 [Phase 3],LinkedIn B2B Sponsored Content & InMail,Paid Social,Fortune 500 CTOs & VP Infrastructure,Western Europe,16200.0,50979,989,1.94,74,218.92,35,17,479359.62,6,109350.0,6.75,2700.0,575.0,2024-12-01,2025-02-13,Completed
CAMP-2024-00003,Edge AI for Smart Robotics - Q4 2024 [Phase 1],YouTube Deep-Dive Tech Architecture,Video Marketing,Cloud Native DevOps & SRE Architects,Western Europe,87200.0,257655,7472,2.9,928,93.97,435,205,3459590.78,90,897288.0,10.29,968.89,929.0,2024-05-16,2024-07-05,Completed
CAMP-2024-00004,High-Throughput Streaming Engine - Q1 2024 [Phase 2],Programmatic Account-Based Display (ABM),ABM Display,Global AI/ML Research Scientists,Middle East,44500.0,268083,3217,1.2,264,168.56,193,48,627406.98,10,189570.0,4.26,4450.0,326.0,2025-08-15,2025-10-13,Completed
CAMP-2024-00005,Next-Gen Lakehouse Migration - Q2 2024 [Phase 3],Google Search Ads - Enterprise Intent,Paid Search,FinTech Chief Information Security Officers (CISO),Middle East,60200.0,220536,6572,2.98,509,118.27,372,119,2099322.98,24,587552.0,9.76,2508.33,876.0,2026-06-14,2026-09-07,Active
CAMP-2024-00006,GenAI Enterprise Copilot Accelerator - Q3 2024 [Phase 1],Gartner & Forrester Summit Sponsorships,Events & Conferences,Cloud Native DevOps & SRE Architects,Latin America,61100.0,298333,4833,1.62,189,323.28,75,21,1217741.45,7,354991.0,5.81,8728.57,481.0,2024-12-12,2025-01-28,Completed
CAMP-2024-00007,Cloud Cost Optimization 40% - Q4 2024 [Phase 2],Technical SEO & Pillar Blog Content,Organic Content,Global AI/ML Research Scientists,Western Europe,36300.0,30782,2281,7.41,954,38.05,525,194,1756485.58,54,567006.0,15.62,672.22,1462.0,2026-05-27,2026-06-16,Completed
CAMP-2024-00008,Edge AI for Smart Robotics - Q1 2024 [Phase 3],Developer Hackathons & Open Source Grants,Community,Global AI/ML Research Scientists,Western Europe,5000.0,6744,375,5.56,153,32.68,98,30,297012.63,9,103300.0,20.66,555.56,1966.0,2025-12-10,2025-12-25,Completed
CAMP-2024-00009,High-Throughput Streaming Engine - Q2 2024 [Phase 1],Developer Hackathons & Open Source Grants,Community,Fortune 500 CTOs & VP Infrastructure,Global Multi-Region,77400.0,468163,28043,5.99,2302,33.62,1292,325,3794847.3,116,1067346.0,13.79,667.24,1279.0,2025-05-26,2025-07-10,Completed
CAMP-2024-00010,Quantum-Safe Cryptography Suite - Q3 2024 [Phase 2],Regional Strategic Partner Co-Marketing,Partner Co-Op,Cloud Native DevOps & SRE Architects,Latin America,69500.0,94179,4191,4.45,1017,68.34,479,257,3638151.33,108,891685.0,12.83,643.52,1183.0,2024-07-14,2024-07-31,Completed
CAMP-2024-00011,Kubernetes Multi-Cloud Mesh - Q4 2024 [Phase 3],LinkedIn B2B Sponsored Content & InMail,Paid Social,Global AI/ML Research Scientists,North America,74400.0,158199,4920,3.11,324,229.63,217,78,1332670.5,27,502200.0,6.75,2755.56,575.0,2024-12-09,2024-12-29,Completed
CAMP-2024-00012,Kubernetes Multi-Cloud Mesh - Q1 2024 [Phase 1],YouTube Deep-Dive Tech Architecture,Video Marketing,Cloud Native DevOps & SRE Architects,ANZ,8900.0,22032,683,3.1,86,103.49,45,12,444574.25,2,95230.0,10.7,4450.0,970.0,2024-08-23,2024-11-19,Completed
CAMP-2024-00013,Kubernetes Multi-Cloud Mesh - Q2 2024 [Phase 2],Technical SEO & Pillar Blog Content,Organic Content,Retail E-Commerce Engineering Directors,Latin America,95000.0,167360,9322,5.57,3403,27.92,1980,1083,11910996.91,446,2604900.0,27.42,213.0,2642.0,2024-10-21,2024-12-10,Completed
CAMP-2024-00014,Kubernetes Multi-Cloud Mesh - Q3 2024 [Phase 3],Technical SEO & Pillar Blog Content,Organic Content,Cloud Native DevOps & SRE Architects,APAC (Japan/Taiwan/SG),76900.0,143426,10212,7.12,2615,29.41,1749,791,8377723.56,221,2380824.0,30.96,347.96,2996.0,2026-03-20,2026-06-02,Completed
CAMP-2024-00015,Real-Time Telemetry at Scale - Q4 2024 [Phase 1],Gartner & Forrester Summit Sponsorships,Events & Conferences,Fortune 500 CTOs & VP Infrastructure,North America,45500.0,446467,8974,2.01,156,291.67,75,22,981082.9,6,197470.0,4.34,7583.33,334.0,2024-10-18,2024-11-18,Completed
CAMP-2024-00016,GenAI Enterprise Copilot Accelerator - Q1 2024 [Phase 2],Gartner & Forrester Summit Sponsorships,Events & Conferences,FinTech Chief Information Security Officers (CISO),North America,40900.0,157323,3115,1.98,99,413.13,46,12,895220.08,4,220042.0,5.38,10225.0,438.0,2026-01-14,2026-03-19,Completed
CAMP-2024-00017,High-Throughput Streaming Engine - Q2 2024 [Phase 3],Virtual Tech Demos & Hands-on Webinars,Owned Events,Enterprise Data Engineering Leads,Middle East,20300.0,125444,5783,4.61,352,57.67,142,67,540426.57,13,165242.0,8.14,1561.54,714.0,2025-08-09,2025-09-05,Completed
CAMP-2024-00018,Edge AI for Smart Robotics - Q3 2024 [Phase 1],LinkedIn B2B Sponsored Content & InMail,Paid Social,SMB Growth Tech Founders,Global Multi-Region,19700.0,127445,3492,2.74,95,207.37,58,16,645340.1,6,214927.0,10.91,3283.33,991.0,2025-07-16,2025-08-12,Completed
CAMP-2024-00019,Automated Compliance & SOC2 - Q4 2024 [Phase 2],LinkedIn B2B Sponsored Content & InMail,Paid Social,Enterprise Data Engineering Leads,Middle East,4000.0,31379,728,2.32,17,235.29,7,3,159435.59,1,47000.0,11.75,4000.0,1075.0,2024-03-26,2024-04-17,Completed
CAMP-2024-00020,High-Throughput Streaming Engine - Q1 2024 [Phase 3],Regional Strategic Partner Co-Marketing,Partner Co-Op,Enterprise Data Engineering Leads,ANZ,13000.0,98402,3080,3.13,271,47.97,190,87,404296.77,27,149760.0,11.52,481.48,1052.0,2025-06-18,2025-08-17,Completed
CAMP-2024-00021,GenAI Enterprise Copilot Accelerator - Q2 2024 [Phase 1],Tech Podcast Host-Read Sponsorship,Audio & Podcasts,FinTech Chief Information Security Officers (CISO),ANZ,21100.0,65848,2173,3.3,251,84.06,112,44,777484.27,17,279153.0,13.23,1241.18,1223.0,2024-08-04,2024-10-02,Completed
CAMP-2024-00022,Next-Gen Lakehouse Migration - Q3 2024 [Phase 2],Google Search Ads - Enterprise Intent,Paid Search,Global AI/ML Research Scientists,Global Multi-Region,46600.0,246390,6554,2.66,392,118.88,183,84,959303.2,36,299638.0,6.43,1294.44,543.0,2025-11-12,2026-01-08,Completed
CAMP-2024-00023,Kubernetes Multi-Cloud Mesh - Q4 2024 [Phase 3],Google Search Ads - Enterprise Intent,Paid Search,SMB Growth Tech Founders,APAC (Japan/Taiwan/SG),78000.0,439182,11287,2.57,506,154.15,299,141,1863585.1,43,711360.0,9.12,1813.95,812.0,2026-06-17,2026-07-24,Completed
CAMP-2024-00024,GenAI Enterprise Copilot Accelerator - Q1 2024 [Phase 1],Google Search Ads - Enterprise Intent,Paid Search,SMB Growth Tech Founders,North America,25900.0,55310,2135,3.86,185,140.0,109,50,988868.94,9,279720.0,10.8,2877.78,980.0,2026-01-11,2026-02-27,Completed
CAMP-2024-00025,Zero-Trust Perimeter Defense - Q2 2024 [Phase 2],Tech Podcast Host-Read Sponsorship,Audio & Podcasts,Fortune 500 CTOs & VP Infrastructure,North America,87300.0,174795,7691,4.4,1189,73.42,798,345,4078645.31,135,1252755.0,14.35,646.67,1335.0,2026-03-29,2026-05-12,Completed
CAMP-2024-00026,Developer Productivity Blitz - Q3 2024 [Phase 3],Gartner & Forrester Summit Sponsorships,Events & Conferences,Fortune 500 CTOs & VP Infrastructure,ANZ,10600.0,62362,1478,2.37,27,392.59,15,6,214285.24,1,69960.0,6.6,10600.0,560.0,2025-04-10,2025-05-14,Completed
CAMP-2024-00027,Cloud Cost Optimization 40% - Q4 2024 [Phase 1],YouTube Deep-Dive Tech Architecture,Video Marketing,Retail E-Commerce Engineering Directors,Western Europe,72100.0,415466,12921,3.11,1039,69.39,562,207,3664233.07,55,746235.0,10.35,1310.91,935.0,2024-09-07,2024-11-17,Completed
CAMP-2024-00028,Edge AI for Smart Robotics - Q1 2024 [Phase 2],Tech Podcast Host-Read Sponsorship,Audio & Podcasts,SMB Growth Tech Founders,APAC (Japan/Taiwan/SG),44700.0,353485,13185,3.73,507,88.17,364,197,1626269.85,48,644127.0,14.41,931.25,1341.0,2025-05-05,2025-06-01,Completed
CAMP-2024-00029,Automated Compliance & SOC2 - Q2 2024 [Phase 3],Tech Podcast Host-Read Sponsorship,Audio & Podcasts,SMB Growth Tech Founders,Western Europe,94800.0,227434,6914,3.04,1014,93.49,680,340,4383717.66,72,1181208.0,12.46,1316.67,1146.0,2024-12-07,2025-02-25,Completed
CAMP-2024-00030,Automated Compliance & SOC2 - Q3 2024 [Phase 1],YouTube Deep-Dive Tech Architecture,Video Marketing,Cloud Native DevOps & SRE Architects,North America,48800.0,262083,5661,2.16,434,112.44,225,80,1036138.57,31,304024.0,6.23,1574.19,523.0,2024-11-26,2025-01-06,Completed
CAMP-2024-00031,Quantum-Safe Cryptography Suite - Q4 2024 [Phase 2],Virtual Tech Demos & Hands-on Webinars,Owned Events,Cloud Native DevOps & SRE Architects,North America,84900.0,145381,7051,4.85,1364,62.24,959,507,3175386.44,175,921165.0,10.85,485.14,985.0,2025-12-01,2026-01-15,Completed
CAMP-2024-00032,Kubernetes Multi-Cloud Mesh - Q1 2024 [Phase 3],LinkedIn B2B Sponsored Content & InMail,Paid Social,SMB Growth Tech Founders,Western Europe,12400.0,117044,3406,2.91,69,179.71,42,22,358265.46,9,142476.0,11.49,1377.78,1049.0,2026-04-20,2026-06-28,Completed
CAMP-2024-00033,Quantum-Safe Cryptography Suite - Q2 2024 [Phase 1],Developer Hackathons & Open Source Grants,Community,Enterprise Data Engineering Leads,ANZ,25800.0,37079,2184,5.89,603,42.79,390,122,2467760.67,47,509292.0,19.74,548.94,1874.0,2024-03-26,2024-04-28,Completed
CAMP-2024-00034,GenAI Enterprise Copilot Accelerator - Q3 2024 [Phase 2],Executive Newsletter Sponsorships,Sponsored Content,SMB Growth Tech Founders,North America,30100.0,70720,2553,3.61,325,92.62,146,56,1606978.44,11,405447.0,13.47,2736.36,1247.0,2025-02-16,2025-03-10,Completed
CAMP-2024-00035,Zero-Trust Perimeter Defense - Q4 2024 [Phase 3],LinkedIn B2B Sponsored Content & InMail,Paid Social,Retail E-Commerce Engineering Directors,Latin America,40400.0,120902,3482,2.88,277,145.85,171,59,1658616.6,17,410060.0,10.15,2376.47,915.0,2026-04-01,2026-06-08,Completed
CAMP-2024-00036,High-Throughput Streaming Engine - Q1 2024 [Phase 1],Regional Strategic Partner Co-Marketing,Partner Co-Op,Healthcare & Life Sciences Tech Leads,Global Multi-Region,39700.0,194170,9126,4.7,677,58.64,288,75,1282285.71,21,388663.0,9.79,1890.48,879.0,2026-03-20,2026-04-14,Completed
CAMP-2024-00037,Real-Time Telemetry at Scale - Q2 2024 [Phase 2],Developer Hackathons & Open Source Grants,Community,Healthcare & Life Sciences Tech Leads,Middle East,23800.0,31880,2764,8.67,535,44.49,276,111,934865.51,28,325584.0,13.68,850.0,1268.0,2024-06-09,2024-08-17,Completed
CAMP-2024-00038,Developer Productivity Blitz - Q3 2024 [Phase 3],Technical SEO & Pillar Blog Content,Organic Content,Enterprise Data Engineering Leads,ANZ,85000.0,267668,11938,4.46,3079,27.61,2229,1192,5777902.47,354,1966900.0,23.14,240.11,2214.0,2024-07-16,2024-08-18,Completed
CAMP-2024-00039,Next-Gen Lakehouse Migration - Q4 2024 [Phase 1],LinkedIn B2B Sponsored Content & InMail,Paid Social,Fortune 500 CTOs & VP Infrastructure,North America,56100.0,148421,4794,3.23,334,167.96,203,80,1291928.65,31,448239.0,7.99,1809.68,699.0,2025-02-18,2025-05-06,Completed
CAMP-2024-00040,GenAI Enterprise Copilot Accelerator - Q1 2024 [Phase 2],Gartner & Forrester Summit Sponsorships,Events & Conferences,Global AI/ML Research Scientists,Western Europe,58600.0,265313,6341,2.39,196,298.98,97,40,1551346.2,10,547910.0,9.35,5860.0,835.0,2025-11-15,2026-01-26,Completed
CAMP-2024-00041,Cloud Cost Optimization 40% - Q2 2024 [Phase 3],Google Search Ads - Enterprise Intent,Paid Search,SMB Growth Tech Founders,Latin America,10000.0,23588,894,3.79,87,114.94,45,19,198809.45,6,66000.0,6.6,1666.67,560.0,2025-12-24,2026-01-12,Completed
CAMP-2024-00042,Next-Gen Lakehouse Migration - Q3 2024 [Phase 1],Technical SEO & Pillar Blog Content,Organic Content,Global AI/ML Research Scientists,Latin America,72600.0,95074,4440,4.67,2690,26.99,1879,788,4861934.08,286,1478136.0,20.36,253.85,1936.0,2025-09-06,2025-10-31,Completed
CAMP-2024-00043,Developer Productivity Blitz - Q4 2024 [Phase 2],Tech Podcast Host-Read Sponsorship,Audio & Podcasts,Global AI/ML Research Scientists,Western Europe,77300.0,293639,9602,3.27,1207,64.04,674,204,2830363.81,89,780730.0,10.1,868.54,910.0,2024-01-18,2024-02-04,Completed
CAMP-2024-00044,Unified Customer 360 AI - Q1 2024 [Phase 3],YouTube Deep-Dive Tech Architecture,Video Marketing,Enterprise Data Engineering Leads,Global Multi-Region,80700.0,371504,9139,2.46,1185,68.1,475,147,4350175.24,36,970821.0,12.03,2241.67,1103.0,2024-10-02,2024-12-10,Completed
CAMP-2024-00045,Quantum-Safe Cryptography Suite - Q2 2024 [Phase 1],Technical SEO & Pillar Blog Content,Organic Content,FinTech Chief Information Security Officers (CISO),Western Europe,84200.0,126299,8361,6.62,2123,39.66,1163,399,5942735.65,124,2287714.0,27.17,679.03,2617.0,2024-02-12,2024-03-04,Completed
CAMP-2024-00046,High-Throughput Streaming Engine - Q3 2024 [Phase 2],Programmatic Account-Based Display (ABM),ABM Display,Cloud Native DevOps & SRE Architects,APAC (Japan/Taiwan/SG),35900.0,181138,3659,2.02,172,208.72,78,25,754425.35,9,291508.0,8.12,3988.89,712.0,2024-06-30,2024-08-27,Completed
CAMP-2024-00047,Automated Compliance & SOC2 - Q4 2024 [Phase 3],LinkedIn B2B Sponsored Content & InMail,Paid Social,Cloud Native DevOps & SRE Architects,Western Europe,20800.0,63390,1477,2.33,113,184.07,48,15,495699.74,4,119184.0,5.73,5200.0,473.0,2025-05-04,2025-05-31,Completed
CAMP-2024-00048,Real-Time Telemetry at Scale - Q1 2024 [Phase 1],Tech Podcast Host-Read Sponsorship,Audio & Podcasts,FinTech Chief Information Security Officers (CISO),Middle East,22900.0,58101,1714,2.95,385,59.48,211,80,1147769.47,33,360904.0,15.76,693.94,1476.0,2024-07-08,2024-08-23,Completed
CAMP-2024-00049,Real-Time Telemetry at Scale - Q2 2024 [Phase 2],Programmatic Account-Based Display (ABM),ABM Display,Fortune 500 CTOs & VP Infrastructure,APAC (Japan/Taiwan/SG),39200.0,271610,3205,1.18,159,246.54,81,29,938710.67,6,227752.0,5.81,6533.33,481.0,2025-05-01,2025-06-17,Completed
CAMP-2024-00050,Quantum-Safe Cryptography Suite - Q3 2024 [Phase 3],Executive Newsletter Sponsorships,Sponsored Content,Enterprise Data Engineering Leads,Western Europe,60900.0,144701,8002,5.53,818,74.45,512,128,3145803.69,37,892185.0,14.65,1645.95,1365.0,2025-11-16,2025-12-01,Completed
CAMP-2024-00051,Kubernetes Multi-Cloud Mesh - Q4 2024 [Phase 1],Google Search Ads - Enterprise Intent,Paid Search,Retail E-Commerce Engineering Directors,Middle East,66600.0,501123,17389,3.47,565,117.88,328,172,2903030.87,46,711954.0,10.69,1447.83,969.0,2025-06-07,2025-08-03,Completed
CAMP-2024-00052,GenAI Enterprise Copilot Accelerator - Q1 2024 [Phase 2],Developer Hackathons & Open Source Grants,Community,Enterprise Data Engineering Leads,Middle East,80500.0,93925,5072,5.4,2620,30.73,1223,462,6374831.38,101,1518230.0,18.86,797.03,1786.0,2025-05-31,2025-08-08,Completed
CAMP-2024-00053,Automated Compliance & SOC2 - Q2 2024 [Phase 3],Programmatic Account-Based Display (ABM),ABM Display,Enterprise Data Engineering Leads,Middle East,41600.0,385867,7563,1.96,176,236.36,109,56,706378.54,17,250432.0,6.02,2447.06,502.0,2025-11-16,2025-12-11,Completed
CAMP-2024-00054,Zero-Trust Perimeter Defense - Q3 2024 [Phase 1],Developer Hackathons & Open Source Grants,Community,Cloud Native DevOps & SRE Architects,Western Europe,38500.0,72163,3969,5.5,1095,35.16,513,162,2316806.82,58,799645.0,20.77,663.79,1977.0,2026-04-06,2026-05-06,Completed
CAMP-2024-00055,Quantum-Safe Cryptography Suite - Q4 2024 [Phase 2],Tech Podcast Host-Read Sponsorship,Audio & Podcasts,Cloud Native DevOps & SRE Architects,APAC (Japan/Taiwan/SG),55300.0,112076,4102,3.66,758,72.96,318,102,3457660.74,21,852173.0,15.41,2633.33,1441.0,2024-09-19,2024-12-06,Completed
CAMP-2024-00056,Developer Productivity Blitz - Q1 2024 [Phase 3],Google Search Ads - Enterprise Intent,Paid Search,Enterprise Data Engineering Leads,Middle East,66400.0,361933,9736,2.69,493,134.69,364,158,1759736.74,44,468784.0,7.06,1509.09,606.0,2025-08-10,2025-11-04,Completed
CAMP-2024-00057,Developer Productivity Blitz - Q2 2024 [Phase 1],Virtual Tech Demos & Hands-on Webinars,Owned Events,Retail E-Commerce Engineering Directors,Global Multi-Region,90100.0,497935,21710,4.36,1157,77.87,554,266,3014331.18,53,901901.0,10.01,1700.0,901.0,2025-12-17,2026-03-02,Completed
CAMP-2024-00058,Cloud Cost Optimization 40% - Q3 2024 [Phase 2],Google Search Ads - Enterprise Intent,Paid Search,Cloud Native DevOps & SRE Architects,Western Europe,47500.0,228419,7515,3.29,379,125.33,188,84,2030737.31,32,464550.0,9.78,1484.38,878.0,2025-02-09,2025-02-25,Completed
CAMP-2024-00059,Kubernetes Multi-Cloud Mesh - Q4 2024 [Phase 3],Tech Podcast Host-Read Sponsorship,Audio & Podcasts,Retail E-Commerce Engineering Directors,Middle East,55100.0,292625,13373,4.57,607,90.77,263,69,2602494.47,29,674424.0,12.24,1900.0,1124.0,2025-09-04,2025-12-03,Completed
CAMP-2024-00060,Automated Compliance & SOC2 - Q1 2024 [Phase 1],Virtual Tech Demos & Hands-on Webinars,Owned Events,Retail E-Commerce Engineering Directors,Global Multi-Region,56900.0,120850,6393,5.29,688,82.7,419,109,2409583.3,20,818791.0,14.39,2845.0,1339.0,2026-06-04,2026-08-10,Active
CAMP-2024-00061,Kubernetes Multi-Cloud Mesh - Q2 2024 [Phase 2],Regional Strategic Partner Co-Marketing,Partner Co-Op,Fortune 500 CTOs & VP Infrastructure,North America,87800.0,125232,5936,4.74,1395,62.94,784,304,5171844.95,88,1047454.0,11.93,997.73,1093.0,2024-10-03,2024-11-19,Completed
CAMP-2024-00062,Quantum-Safe Cryptography Suite - Q3 2024 [Phase 3],Gartner & Forrester Summit Sponsorships,Events & Conferences,SMB Growth Tech Founders,Latin America,61000.0,252437,5074,2.01,185,329.73,107,28,2049869.77,8,439200.0,7.2,7625.0,620.0,2025-09-24,2025-10-13,Completed
CAMP-2024-00063,Automated Compliance & SOC2 - Q4 2024 [Phase 1],Gartner & Forrester Summit Sponsorships,Events & Conferences,Retail E-Commerce Engineering Directors,Latin America,69500.0,239213,4258,1.78,287,242.16,172,91,2945154.85,36,631060.0,9.08,1930.56,808.0,2024-10-12,2024-12-05,Completed
CAMP-2024-00064,GenAI Enterprise Copilot Accelerator - Q1 2024 [Phase 2],Virtual Tech Demos & Hands-on Webinars,Owned Events,Global AI/ML Research Scientists,ANZ,69800.0,72458,4833,6.67,938,74.41,394,156,3745583.25,49,878084.0,12.58,1424.49,1158.0,2025-10-07,2025-11-14,Completed
CAMP-2024-00065,Edge AI for Smart Robotics - Q2 2024 [Phase 3],Tech Podcast Host-Read Sponsorship,Audio & Podcasts,Cloud Native DevOps & SRE Architects,Global Multi-Region,56600.0,170072,7075,4.16,665,85.11,463,225,2944568.13,73,710330.0,12.55,775.34,1155.0,2024-01-26,2024-04-10,Completed
CAMP-2024-00066,Cloud Cost Optimization 40% - Q3 2024 [Phase 1],Developer Hackathons & Open Source Grants,Community,Global AI/ML Research Scientists,Western Europe,69800.0,115584,8299,7.18,2295,30.41,1192,460,3790917.32,111,1171244.0,16.78,628.83,1578.0,2024-09-23,2024-11-15,Completed
CAMP-2024-00067,GenAI Enterprise Copilot Accelerator - Q4 2024 [Phase 2],LinkedIn B2B Sponsored Content & InMail,Paid Social,Healthcare & Life Sciences Tech Leads,Middle East,76200.0,511522,12430,2.43,430,177.21,257,118,2315148.24,35,465582.0,6.11,2177.14,511.0,2026-05-29,2026-06-29,Completed
CAMP-2024-00068,Kubernetes Multi-Cloud Mesh - Q1 2024 [Phase 3],Executive Newsletter Sponsorships,Sponsored Content,SMB Growth Tech Founders,ANZ,17500.0,26773,1336,4.99,194,90.21,139,72,442501.81,31,158725.0,9.07,564.52,807.0,2024-05-17,2024-07-01,Completed
CAMP-2024-00069,Quantum-Safe Cryptography Suite - Q2 2024 [Phase 1],LinkedIn B2B Sponsored Content & InMail,Paid Social,Healthcare & Life Sciences Tech Leads,APAC (Japan/Taiwan/SG),67300.0,168081,4118,2.45,393,171.25,185,90,1338647.19,18,506769.0,7.53,3738.89,653.0,2024-05-04,2024-06-08,Completed
CAMP-2024-00070,High-Throughput Streaming Engine - Q3 2024 [Phase 2],YouTube Deep-Dive Tech Architecture,Video Marketing,Retail E-Commerce Engineering Directors,North America,47700.0,134525,4251,3.16,493,96.75,243,90,1880747.58,38,584802.0,12.26,1255.26,1126.0,2025-08-01,2025-09-07,Completed
CAMP-2024-00071,High-Throughput Streaming Engine - Q4 2024 [Phase 3],YouTube Deep-Dive Tech Architecture,Video Marketing,Healthcare & Life Sciences Tech Leads,ANZ,8800.0,26831,813,3.03,127,69.29,64,18,307583.83,5,68024.0,7.73,1760.0,673.0,2026-05-24,2026-08-16,Active
CAMP-2024-00072,Next-Gen Lakehouse Migration - Q1 2024 [Phase 1],LinkedIn B2B Sponsored Content & InMail,Paid Social,Healthcare & Life Sciences Tech Leads,Western Europe,68700.0,478882,9003,1.88,342,200.88,168,59,2155789.01,21,645780.0,9.4,3271.43,840.0,2024-11-24,2025-02-20,Completed
CAMP-2024-00073,Quantum-Safe Cryptography Suite - Q2 2024 [Phase 2],Regional Strategic Partner Co-Marketing,Partner Co-Op,Healthcare & Life Sciences Tech Leads,Latin America,94400.0,218730,7065,3.23,1915,49.3,1138,518,4984844.17,200,1011968.0,10.72,472.0,972.0,2025-08-19,2025-09-29,Completed
CAMP-2024-00074,Edge AI for Smart Robotics - Q3 2024 [Phase 3],Gartner & Forrester Summit Sponsorships,Events & Conferences,Global AI/ML Research Scientists,Middle East,40500.0,153598,3671,2.39,127,318.9,86,41,629501.27,13,212625.0,5.25,3115.38,425.0,2024-04-25,2024-06-11,Completed
CAMP-2024-00075,Next-Gen Lakehouse Migration - Q4 2024 [Phase 1],Virtual Tech Demos & Hands-on Webinars,Owned Events,SMB Growth Tech Founders,APAC (Japan/Taiwan/SG),59300.0,69599,3473,4.99,754,78.65,458,235,1275480.61,94,453645.0,7.65,630.85,665.0,2024-02-05,2024-03-02,Completed
CAMP-2024-00076,Unified Customer 360 AI - Q1 2024 [Phase 2],Virtual Tech Demos & Hands-on Webinars,Owned Events,FinTech Chief Information Security Officers (CISO),North America,31700.0,47011,2957,6.29,504,62.9,236,79,1558587.87,28,423195.0,13.35,1132.14,1235.0,2025-04-05,2025-05-24,Completed
CAMP-2024-00077,High-Throughput Streaming Engine - Q2 2024 [Phase 3],LinkedIn B2B Sponsored Content & InMail,Paid Social,Enterprise Data Engineering Leads,APAC (Japan/Taiwan/SG),37800.0,216972,4730,2.18,226,167.26,168,45,1048546.53,10,246078.0,6.51,3780.0,551.0,2025-12-21,2026-03-18,Completed
CAMP-2024-00078,Next-Gen Lakehouse Migration - Q3 2024 [Phase 1],Programmatic Account-Based Display (ABM),ABM Display,Retail E-Commerce Engineering Directors,ANZ,36800.0,361859,7201,1.99,150,245.33,63,30,1202979.97,10,270112.0,7.34,3680.0,634.0,2024-01-14,2024-02-23,Completed
CAMP-2024-00079,Cloud Cost Optimization 40% - Q4 2024 [Phase 2],Developer Hackathons & Open Source Grants,Community,SMB Growth Tech Founders,Western Europe,89200.0,142800,8668,6.07,2148,41.53,1579,477,6799319.59,182,1651092.0,18.51,490.11,1751.0,2024-07-02,2024-09-18,Completed
CAMP-2024-00080,Kubernetes Multi-Cloud Mesh - Q1 2024 [Phase 3],Google Search Ads - Enterprise Intent,Paid Search,Retail E-Commerce Engineering Directors,Middle East,37000.0,207925,5614,2.7,375,98.67,247,73,825546.56,22,326710.0,8.83,1681.82,783.0,2025-02-12,2025-04-01,Completed
CAMP-2024-00081,Developer Productivity Blitz - Q2 2024 [Phase 1],LinkedIn B2B Sponsored Content & InMail,Paid Social,Cloud Native DevOps & SRE Architects,Latin America,91600.0,186267,5439,2.92,525,174.48,389,184,3329012.67,68,686084.0,7.49,1347.06,649.0,2026-06-11,2026-09-01,Active
CAMP-2024-00082,High-Throughput Streaming Engine - Q3 2024 [Phase 2],Developer Hackathons & Open Source Grants,Community,Healthcare & Life Sciences Tech Leads,ANZ,88400.0,340307,20997,6.17,2030,43.55,1224,373,6499511.18,72,2039388.0,23.07,1227.78,2207.0,2025-03-18,2025-05-07,Completed
CAMP-2024-00083,Unified Customer 360 AI - Q4 2024 [Phase 3],Technical SEO & Pillar Blog Content,Organic Content,SMB Growth Tech Founders,Middle East,65400.0,72817,4238,5.82,1507,43.4,752,408,4626649.06,94,1243908.0,19.02,695.74,1802.0,2025-03-23,2025-06-12,Completed
CAMP-2024-00084,Automated Compliance & SOC2 - Q1 2024 [Phase 1],Google Search Ads - Enterprise Intent,Paid Search,Enterprise Data Engineering Leads,North America,66200.0,270340,10327,3.82,673,98.37,285,94,2026070.33,37,477964.0,7.22,1789.19,622.0,2024-10-12,2025-01-03,Completed
CAMP-2024-00085,Quantum-Safe Cryptography Suite - Q2 2024 [Phase 2],YouTube Deep-Dive Tech Architecture,Video Marketing,SMB Growth Tech Founders,North America,59800.0,424811,14656,3.45,819,73.02,354,190,1258498.58,34,397670.0,6.65,1758.82,565.0,2024-03-25,2024-05-29,Completed
CAMP-2024-00086,Unified Customer 360 AI - Q3 2024 [Phase 3],Tech Podcast Host-Read Sponsorship,Audio & Podcasts,FinTech Chief Information Security Officers (CISO),APAC (Japan/Taiwan/SG),6500.0,30300,1212,4.0,107,60.75,65,17,510449.33,4,106275.0,16.35,1625.0,1535.0,2024-10-25,2024-12-15,Completed
CAMP-2024-00087,Unified Customer 360 AI - Q4 2024 [Phase 1],YouTube Deep-Dive Tech Architecture,Video Marketing,Enterprise Data Engineering Leads,Western Europe,3700.0,7351,211,2.87,46,80.43,30,14,117472.72,6,37888.0,10.24,616.67,924.0,2025-06-20,2025-08-19,Completed
CAMP-2024-00088,Zero-Trust Perimeter Defense - Q1 2024 [Phase 2],Technical SEO & Pillar Blog Content,Organic Content,SMB Growth Tech Founders,APAC (Japan/Taiwan/SG),83100.0,330138,19016,5.76,1942,42.79,823,345,10512029.19,69,2633439.0,31.69,1204.35,3069.0,2026-01-01,2026-03-21,Completed
CAMP-2024-00089,GenAI Enterprise Copilot Accelerator - Q2 2024 [Phase 3],Tech Podcast Host-Read Sponsorship,Audio & Podcasts,Retail E-Commerce Engineering Directors,ANZ,86400.0,494988,21928,4.43,947,91.24,392,100,2975054.88,23,678240.0,7.85,3756.52,685.0,2025-07-30,2025-10-27,Completed
CAMP-2024-00090,Edge AI for Smart Robotics - Q3 2024 [Phase 1],Google Search Ads - Enterprise Intent,Paid Search,Cloud Native DevOps & SRE Architects,APAC (Japan/Taiwan/SG),72900.0,132051,4120,3.12,597,122.11,404,129,2311367.22,28,731916.0,10.04,2603.57,904.0,2024-03-10,2024-04-19,Completed
CAMP-2024-00091,High-Throughput Streaming Engine - Q4 2024 [Phase 2],Developer Hackathons & Open Source Grants,Community,FinTech Chief Information Security Officers (CISO),North America,69800.0,61705,3943,6.39,1367,51.06,824,421,8080584.69,182,1631226.0,23.37,383.52,2237.0,2024-02-05,2024-04-30,Completed
CAMP-2024-00092,Kubernetes Multi-Cloud Mesh - Q1 2024 [Phase 3],Google Search Ads - Enterprise Intent,Paid Search,SMB Growth Tech Founders,ANZ,41300.0,95742,3418,3.57,289,142.91,208,112,1019021.33,29,332465.0,8.05,1424.14,705.0,2025-11-17,2026-01-09,Completed
CAMP-2024-00093,Cloud Cost Optimization 40% - Q2 2024 [Phase 1],YouTube Deep-Dive Tech Architecture,Video Marketing,Fortune 500 CTOs & VP Infrastructure,Western Europe,89200.0,172812,4977,2.88,1195,74.64,503,262,3127650.83,64,935708.0,10.49,1393.75,949.0,2025-11-03,2025-11-18,Completed
CAMP-2024-00094,Automated Compliance & SOC2 - Q3 2024 [Phase 2],Tech Podcast Host-Read Sponsorship,Audio & Podcasts,Fortune 500 CTOs & VP Infrastructure,North America,34000.0,42701,1960,4.59,383,88.77,213,106,790584.46,38,311100.0,9.15,894.74,815.0,2025-04-24,2025-07-11,Completed
CAMP-2024-00095,Edge AI for Smart Robotics - Q4 2024 [Phase 3],YouTube Deep-Dive Tech Architecture,Video Marketing,Healthcare & Life Sciences Tech Leads,Global Multi-Region,82500.0,179356,6690,3.73,849,97.17,566,253,3537272.36,104,815925.0,9.89,793.27,889.0,2025-03-15,2025-05-29,Completed
CAMP-2024-00096,Real-Time Telemetry at Scale - Q1 2024 [Phase 1],Technical SEO & Pillar Blog Content,Organic Content,Fortune 500 CTOs & VP Infrastructure,ANZ,31900.0,135505,6030,4.45,764,41.75,493,148,2809373.29,50,796543.0,24.97,638.0,2397.0,2025-07-11,2025-09-06,Completed
CAMP-2024-00097,Edge AI for Smart Robotics - Q2 2024 [Phase 2],Tech Podcast Host-Read Sponsorship,Audio & Podcasts,Cloud Native DevOps & SRE Architects,Global Multi-Region,65500.0,392464,10989,2.8,826,79.3,581,183,2770654.8,51,861325.0,13.15,1284.31,1215.0,2026-04-20,2026-06-08,Completed
CAMP-2024-00098,Real-Time Telemetry at Scale - Q3 2024 [Phase 3],Regional Strategic Partner Co-Marketing,Partner Co-Op,FinTech Chief Information Security Officers (CISO),Western Europe,69000.0,206470,9126,4.42,1615,42.72,1075,464,5293745.49,86,1167480.0,16.92,802.33,1592.0,2025-01-17,2025-02-27,Completed
CAMP-2024-00099,Quantum-Safe Cryptography Suite - Q4 2024 [Phase 1],Tech Podcast Host-Read Sponsorship,Audio & Podcasts,Enterprise Data Engineering Leads,Middle East,57000.0,366312,12418,3.39,931,61.22,551,192,3230253.0,59,865260.0,15.18,966.1,1418.0,2024-11-25,2024-12-21,Completed
CAMP-2024-00100,Zero-Trust Perimeter Defense - Q1 2024 [Phase 2],Tech Podcast Host-Read Sponsorship,Audio & Podcasts,Healthcare & Life Sciences Tech Leads,North America,47200.0,95511,3639,3.81,511,92.37,344,108,2083710.62,35,446984.0,9.47,1348.57,847.0,2024-04-13,2024-05-01,Completed
CAMP-2024-00101,Kubernetes Multi-Cloud Mesh - Q2 2024 [Phase 3],LinkedIn B2B Sponsored Content & InMail,Paid Social,Enterprise Data Engineering Leads,Middle East,79000.0,496379,11516,2.32,384,205.73,280,139,2797691.1,31,891910.0,11.29,2548.39,1029.0,2026-03-24,2026-05-16,Completed
CAMP-2024-00102,GenAI Enterprise Copilot Accelerator - Q3 2024 [Phase 1],Regional Strategic Partner Co-Marketing,Partner Co-Op,SMB Growth Tech Founders,North America,18100.0,116380,4469,3.84,323,56.04,238,107,1480974.17,23,318198.0,17.58,786.96,1658.0,2026-02-18,2026-05-19,Completed
CAMP-2024-00103,Unified Customer 360 AI - Q4 2024 [Phase 2],Programmatic Account-Based Display (ABM),ABM Display,Enterprise Data Engineering Leads,APAC (Japan/Taiwan/SG),94000.0,1518609,28398,1.87,526,178.71,289,142,2154416.55,30,549900.0,5.85,3133.33,485.0,2024-12-19,2025-02-19,Completed
CAMP-2024-00104,GenAI Enterprise Copilot Accelerator - Q1 2024 [Phase 3],Technical SEO & Pillar Blog Content,Organic Content,Retail E-Commerce Engineering Directors,Western Europe,56700.0,189075,9000,4.76,1833,30.93,765,320,4234694.52,119,868077.0,15.31,476.47,1431.0,2025-01-13,2025-04-07,Completed
CAMP-2024-00105,GenAI Enterprise Copilot Accelerator - Q2 2024 [Phase 1],Google Search Ads - Enterprise Intent,Paid Search,SMB Growth Tech Founders,ANZ,57500.0,142048,5270,3.71,499,115.23,312,134,2556679.91,59,572700.0,9.96,974.58,896.0,2025-09-24,2025-12-01,Completed
CAMP-2024-00106,GenAI Enterprise Copilot Accelerator - Q3 2024 [Phase 2],Regional Strategic Partner Co-Marketing,Partner Co-Op,FinTech Chief Information Security Officers (CISO),Global Multi-Region,32400.0,105123,3816,3.63,495,65.45,319,125,2066146.95,45,420228.0,12.97,720.0,1197.0,2025-09-12,2025-09-30,Completed
CAMP-2024-00107,Quantum-Safe Cryptography Suite - Q4 2024 [Phase 3],LinkedIn B2B Sponsored Content & InMail,Paid Social,Retail E-Commerce Engineering Directors,Middle East,29600.0,129658,3799,2.93,148,200.0,60,18,503001.43,6,173752.0,5.87,4933.33,487.0,2024-09-07,2024-10-05,Completed
CAMP-2024-00108,Automated Compliance & SOC2 - Q1 2024 [Phase 1],Gartner & Forrester Summit Sponsorships,Events & Conferences,Fortune 500 CTOs & VP Infrastructure,Global Multi-Region,82400.0,485267,10870,2.24,269,306.32,135,34,1958047.09,8,768792.0,9.33,10300.0,833.0,2025-09-03,2025-10-21,Completed
CAMP-2024-00109,Quantum-Safe Cryptography Suite - Q2 2024 [Phase 2],YouTube Deep-Dive Tech Architecture,Video Marketing,Healthcare & Life Sciences Tech Leads,APAC (Japan/Taiwan/SG),70200.0,178338,6010,3.37,708,99.15,339,142,3135301.87,46,686556.0,9.78,1526.09,878.0,2024-11-26,2025-01-05,Completed
CAMP-2024-00110,Cloud Cost Optimization 40% - Q3 2024 [Phase 3],Programmatic Account-Based Display (ABM),ABM Display,Retail E-Commerce Engineering Directors,ANZ,76400.0,931568,14253,1.53,459,166.45,310,122,2510451.18,34,594392.0,7.78,2247.06,678.0,2025-10-24,2026-01-21,Completed
CAMP-2024-00111,Real-Time Telemetry at Scale - Q4 2024 [Phase 1],Executive Newsletter Sponsorships,Sponsored Content,Enterprise Data Engineering Leads,Latin America,10500.0,27960,1426,5.1,154,68.18,63,18,601613.89,7,138810.0,13.22,1500.0,1222.0,2024-11-05,2025-01-31,Completed
CAMP-2024-00112,Quantum-Safe Cryptography Suite - Q1 2024 [Phase 2],Programmatic Account-Based Display (ABM),ABM Display,Retail E-Commerce Engineering Directors,Global Multi-Region,65300.0,456792,7263,1.59,325,200.92,159,53,1440571.32,15,402248.0,6.16,4353.33,516.0,2024-03-05,2024-04-07,Completed
CAMP-2024-00113,Unified Customer 360 AI - Q2 2024 [Phase 3],LinkedIn B2B Sponsored Content & InMail,Paid Social,Fortune 500 CTOs & VP Infrastructure,Middle East,18700.0,58409,1542,2.64,112,166.96,50,21,435579.05,4,144925.0,7.75,4675.0,675.0,2025-03-01,2025-03-16,Completed
CAMP-2024-00114,High-Throughput Streaming Engine - Q3 2024 [Phase 1],Tech Podcast Host-Read Sponsorship,Audio & Podcasts,Retail E-Commerce Engineering Directors,Western Europe,39200.0,56857,2479,4.36,417,94.0,241,85,1233689.23,38,473144.0,12.07,1031.58,1107.0,2024-10-15,2024-11-29,Completed
CAMP-2024-00115,Next-Gen Lakehouse Migration - Q4 2024 [Phase 2],Tech Podcast Host-Read Sponsorship,Audio & Podcasts,Enterprise Data Engineering Leads,Latin America,72200.0,150335,4931,3.28,1052,68.63,445,180,4044701.22,46,905388.0,12.54,1569.57,1154.0,2026-01-16,2026-04-12,Completed
CAMP-2024-00116,Zero-Trust Perimeter Defense - Q1 2024 [Phase 3],Tech Podcast Host-Read Sponsorship,Audio & Podcasts,Enterprise Data Engineering Leads,North America,41700.0,54089,2407,4.45,471,88.54,281,130,1592647.01,30,331932.0,7.96,1390.0,696.0,2025-05-25,2025-07-09,Completed
CAMP-2024-00117,Unified Customer 360 AI - Q2 2024 [Phase 1],Google Search Ads - Enterprise Intent,Paid Search,SMB Growth Tech Founders,North America,9800.0,13970,577,4.13,86,113.95,41,21,326174.45,6,82516.0,8.42,1633.33,742.0,2025-03-12,2025-06-07,Completed
CAMP-2024-00118,Real-Time Telemetry at Scale - Q3 2024 [Phase 2],Programmatic Account-Based Display (ABM),ABM Display,Global AI/ML Research Scientists,Western Europe,25300.0,71791,1443,2.01,115,220.0,78,23,417134.82,6,127765.0,5.05,4216.67,405.0,2025-07-17,2025-08-28,Completed
CAMP-2024-00119,Next-Gen Lakehouse Migration - Q4 2024 [Phase 3],Tech Podcast Host-Read Sponsorship,Audio & Podcasts,Enterprise Data Engineering Leads,APAC (Japan/Taiwan/SG),24900.0,204757,8006,3.91,437,56.98,290,152,1369716.15,36,380223.0,15.27,691.67,1427.0,2025-04-01,2025-04-27,Completed
CAMP-2024-00120,Quantum-Safe Cryptography Suite - Q1 2024 [Phase 1],Programmatic Account-Based Display (ABM),ABM Display,Fortune 500 CTOs & VP Infrastructure,Western Europe,14400.0,57158,1046,1.83,64,225.0,38,12,438444.26,4,120240.0,8.35,3600.0,735.0,2025-05-23,2025-07-11,Completed
CAMP-2024-00121,Kubernetes Multi-Cloud Mesh - Q2 2024 [Phase 2],Technical SEO & Pillar Blog Content,Organic Content,Fortune 500 CTOs & VP Infrastructure,Global Multi-Region,27900.0,89484,3991,4.46,928,30.06,519,138,3791883.97,53,865179.0,31.01,526.42,3001.0,2025-08-06,2025-10-02,Completed
CAMP-2024-00122,High-Throughput Streaming Engine - Q3 2024 [Phase 3],Developer Hackathons & Open Source Grants,Community,FinTech Chief Information Security Officers (CISO),Latin America,73600.0,132105,6777,5.13,1502,49.0,999,306,4647340.23,85,1063520.0,14.45,865.88,1345.0,2025-06-25,2025-07-19,Completed
CAMP-2024-00123,GenAI Enterprise Copilot Accelerator - Q4 2024 [Phase 1],Regional Strategic Partner Co-Marketing,Partner Co-Op,Global AI/ML Research Scientists,Middle East,87300.0,221143,11411,5.16,1587,55.01,1152,455,3435501.86,119,1333071.0,15.27,733.61,1427.0,2024-08-24,2024-11-18,Completed
CAMP-2024-00124,Real-Time Telemetry at Scale - Q1 2024 [Phase 2],Programmatic Account-Based Display (ABM),ABM Display,Retail E-Commerce Engineering Directors,North America,14700.0,160596,2425,1.51,61,240.98,29,9,315836.16,3,72618.0,4.94,4900.0,394.0,2024-11-09,2025-01-03,Completed
CAMP-2024-00125,Edge AI for Smart Robotics - Q2 2024 [Phase 3],Virtual Tech Demos & Hands-on Webinars,Owned Events,SMB Growth Tech Founders,North America,82400.0,184316,10248,5.56,1263,65.24,847,216,4532504.72,41,1107456.0,13.44,2009.76,1244.0,2025-01-19,2025-04-17,Completed
CAMP-2024-00126,Cloud Cost Optimization 40% - Q3 2024 [Phase 1],Virtual Tech Demos & Hands-on Webinars,Owned Events,FinTech Chief Information Security Officers (CISO),ANZ,26300.0,125833,6493,5.16,385,68.31,162,70,623667.61,25,218553.0,8.31,1052.0,731.0,2025-07-30,2025-09-25,Completed
CAMP-2024-00127,GenAI Enterprise Copilot Accelerator - Q4 2024 [Phase 2],Technical SEO & Pillar Blog Content,Organic Content,Cloud Native DevOps & SRE Architects,Middle East,35300.0,99141,6236,6.29,1075,32.84,594,213,4610238.83,55,995460.0,28.2,641.82,2720.0,2024-07-29,2024-10-15,Completed
CAMP-2024-00128,High-Throughput Streaming Engine - Q1 2024 [Phase 3],Tech Podcast Host-Read Sponsorship,Audio & Podcasts,Enterprise Data Engineering Leads,APAC (Japan/Taiwan/SG),73000.0,218892,6523,2.98,936,77.99,385,112,3106718.0,43,699340.0,9.58,1697.67,858.0,2025-10-27,2026-01-12,Completed
CAMP-2024-00129,Real-Time Telemetry at Scale - Q2 2024 [Phase 1],Google Search Ads - Enterprise Intent,Paid Search,Healthcare & Life Sciences Tech Leads,North America,76500.0,495962,18301,3.69,576,132.81,334,145,2975058.16,34,618120.0,8.08,2250.0,708.0,2026-04-22,2026-06-07,Completed
CAMP-2024-00130,Zero-Trust Perimeter Defense - Q3 2024 [Phase 2],Google Search Ads - Enterprise Intent,Paid Search,Retail E-Commerce Engineering Directors,North America,62400.0,162172,6568,4.05,423,147.52,226,87,1039461.35,23,340080.0,5.45,2713.04,445.0,2024-07-15,2024-08-22,Completed
CAMP-2024-00131,Edge AI for Smart Robotics - Q4 2024 [Phase 3],Technical SEO & Pillar Blog Content,Organic Content,Cloud Native DevOps & SRE Architects,North America,31800.0,43133,1941,4.5,842,37.77,412,142,1281638.25,30,466188.0,14.66,1060.0,1366.0,2024-04-07,2024-05-06,Completed
CAMP-2024-00132,Cloud Cost Optimization 40% - Q1 2024 [Phase 1],Executive Newsletter Sponsorships,Sponsored Content,SMB Growth Tech Founders,Western Europe,56100.0,324726,11885,3.66,867,64.71,424,108,2629181.8,26,998019.0,17.79,2157.69,1679.0,2026-05-15,2026-07-25,Completed
CAMP-2024-00133,Automated Compliance & SOC2 - Q2 2024 [Phase 2],Tech Podcast Host-Read Sponsorship,Audio & Podcasts,Enterprise Data Engineering Leads,Western Europe,69400.0,362018,15422,4.26,1105,62.81,713,184,1734981.76,38,560058.0,8.07,1826.32,707.0,2024-02-28,2024-05-19,Completed
CAMP-2024-00134,Next-Gen Lakehouse Migration - Q3 2024 [Phase 3],Programmatic Account-Based Display (ABM),ABM Display,Healthcare & Life Sciences Tech Leads,APAC (Japan/Taiwan/SG),8200.0,48861,987,2.02,46,178.26,31,12,204832.84,3,55760.0,6.8,2733.33,580.0,2025-10-06,2025-10-31,Completed
CAMP-2024-00135,Real-Time Telemetry at Scale - Q4 2024 [Phase 1],Virtual Tech Demos & Hands-on Webinars,Owned Events,Cloud Native DevOps & SRE Architects,ANZ,31300.0,155735,7195,4.62,589,53.14,368,200,1642326.36,53,395319.0,12.63,590.57,1163.0,2025-08-22,2025-09-24,Completed
CAMP-2024-00136,Zero-Trust Perimeter Defense - Q1 2024 [Phase 2],Developer Hackathons & Open Source Grants,Community,FinTech Chief Information Security Officers (CISO),APAC (Japan/Taiwan/SG),58700.0,91156,5834,6.4,1498,39.19,704,332,4102835.34,60,865238.0,14.74,978.33,1374.0,2025-02-16,2025-03-25,Completed
CAMP-2024-00137,Kubernetes Multi-Cloud Mesh - Q2 2024 [Phase 3],Google Search Ads - Enterprise Intent,Paid Search,Global AI/ML Research Scientists,Latin America,73900.0,441811,12194,2.76,614,120.36,412,113,2561323.92,27,804032.0,10.88,2737.04,988.0,2024-02-03,2024-02-21,Completed
CAMP-2024-00138,Quantum-Safe Cryptography Suite - Q3 2024 [Phase 1],Technical SEO & Pillar Blog Content,Organic Content,Enterprise Data Engineering Leads,APAC (Japan/Taiwan/SG),35000.0,122405,6769,5.53,826,42.37,505,154,3571526.61,36,834750.0,23.85,972.22,2285.0,2024-10-06,2024-11-26,Completed
CAMP-2024-00139,Real-Time Telemetry at Scale - Q4 2024 [Phase 2],LinkedIn B2B Sponsored Content & InMail,Paid Social,Healthcare & Life Sciences Tech Leads,Global Multi-Region,72300.0,585692,11421,1.95,390,185.38,201,75,2603297.43,32,588522.0,8.14,2259.38,714.0,2025-11-10,2026-01-24,Completed
CAMP-2024-00140,GenAI Enterprise Copilot Accelerator - Q1 2024 [Phase 3],Tech Podcast Host-Read Sponsorship,Audio & Podcasts,Enterprise Data Engineering Leads,APAC (Japan/Taiwan/SG),26600.0,117777,4346,3.69,343,77.55,176,63,844005.38,19,240996.0,9.06,1400.0,806.0,2024-12-10,2025-03-03,Completed
CAMP-2024-00141,Quantum-Safe Cryptography Suite - Q2 2024 [Phase 1],Technical SEO & Pillar Blog Content,Organic Content,Global AI/ML Research Scientists,North America,72700.0,335269,18641,5.56,2436,29.84,1371,545,8683061.28,105,1969443.0,27.09,692.38,2609.0,2024-09-30,2024-11-15,Completed
CAMP-2024-00142,Real-Time Telemetry at Scale - Q3 2024 [Phase 2],Tech Podcast Host-Read Sponsorship,Audio & Podcasts,Healthcare & Life Sciences Tech Leads,North America,39400.0,83857,2348,2.8,565,69.73,246,83,1196797.72,16,417246.0,10.59,2462.5,959.0,2024-09-10,2024-10-30,Completed
CAMP-2024-00143,Next-Gen Lakehouse Migration - Q4 2024 [Phase 3],Gartner & Forrester Summit Sponsorships,Events & Conferences,Fortune 500 CTOs & VP Infrastructure,North America,8500.0,62284,1445,2.32,24,354.17,13,3,141591.02,1,41990.0,4.94,8500.0,394.0,2025-07-19,2025-10-03,Completed
CAMP-2024-00144,Quantum-Safe Cryptography Suite - Q1 2024 [Phase 1],LinkedIn B2B Sponsored Content & InMail,Paid Social,Fortune 500 CTOs & VP Infrastructure,APAC (Japan/Taiwan/SG),28800.0,322491,9965,3.09,161,178.88,97,42,1026654.36,17,273600.0,9.5,1694.12,850.0,2025-09-15,2025-10-15,Completed
CAMP-2024-00145,Quantum-Safe Cryptography Suite - Q2 2024 [Phase 2],Virtual Tech Demos & Hands-on Webinars,Owned Events,Cloud Native DevOps & SRE Architects,Global Multi-Region,46300.0,41804,2826,6.76,944,49.05,541,137,2072372.35,48,570416.0,12.32,964.58,1132.0,2025-05-15,2025-08-11,Completed
CAMP-2024-00146,Developer Productivity Blitz - Q3 2024 [Phase 3],Google Search Ads - Enterprise Intent,Paid Search,FinTech Chief Information Security Officers (CISO),North America,55400.0,398549,12913,3.24,474,116.88,303,134,2537840.9,46,530178.0,9.57,1204.35,857.0,2025-10-17,2025-11-01,Completed
CAMP-2024-00147,Next-Gen Lakehouse Migration - Q4 2024 [Phase 1],LinkedIn B2B Sponsored Content & InMail,Paid Social,Fortune 500 CTOs & VP Infrastructure,Middle East,58400.0,151205,3387,2.24,303,192.74,141,72,2707491.44,22,610280.0,10.45,2654.55,945.0,2024-04-22,2024-06-05,Completed
CAMP-2024-00148,Kubernetes Multi-Cloud Mesh - Q1 2024 [Phase 2],Programmatic Account-Based Display (ABM),ABM Display,Enterprise Data Engineering Leads,ANZ,21100.0,106568,1801,1.69,89,237.08,43,16,607273.39,6,144113.0,6.83,3516.67,583.0,2025-08-31,2025-10-18,Completed
CAMP-2024-00149,Kubernetes Multi-Cloud Mesh - Q2 2024 [Phase 3],Programmatic Account-Based Display (ABM),ABM Display,SMB Growth Tech Founders,Global Multi-Region,5600.0,42083,808,1.92,21,266.67,12,3,107249.61,1,30128.0,5.38,5600.0,438.0,2024-08-25,2024-10-31,Completed
CAMP-2024-00150,Kubernetes Multi-Cloud Mesh - Q3 2024 [Phase 1],LinkedIn B2B Sponsored Content & InMail,Paid Social,Global AI/ML Research Scientists,ANZ,61400.0,370085,8660,2.34,309,198.71,201,75,2689301.58,15,604176.0,9.84,4093.33,884.0,2025-05-23,2025-08-06,Completed
CAMP-2024-00151,Next-Gen Lakehouse Migration - Q4 2024 [Phase 2],LinkedIn B2B Sponsored Content & InMail,Paid Social,SMB Growth Tech Founders,ANZ,8000.0,26947,768,2.85,50,160.0,32,14,253587.58,2,64960.0,8.12,4000.0,712.0,2024-07-24,2024-10-15,Completed
CAMP-2024-00152,Edge AI for Smart Robotics - Q1 2024 [Phase 3],LinkedIn B2B Sponsored Content & InMail,Paid Social,SMB Growth Tech Founders,Western Europe,44500.0,122105,3016,2.47,244,182.38,142,47,804356.26,11,279015.0,6.27,4045.45,527.0,2024-12-12,2025-02-12,Completed
CAMP-2024-00153,GenAI Enterprise Copilot Accelerator - Q2 2024 [Phase 1],LinkedIn B2B Sponsored Content & InMail,Paid Social,Cloud Native DevOps & SRE Architects,Western Europe,28400.0,111139,2634,2.37,134,211.94,56,25,660269.08,7,209308.0,7.37,4057.14,637.0,2026-02-20,2026-03-18,Completed
CAMP-2024-00154,Developer Productivity Blitz - Q3 2024 [Phase 2],YouTube Deep-Dive Tech Architecture,Video Marketing,Fortune 500 CTOs & VP Infrastructure,Global Multi-Region,94800.0,158706,5888,3.71,1096,86.5,557,276,2923825.56,93,1065552.0,11.24,1019.35,1024.0,2024-04-14,2024-05-24,Completed
CAMP-2024-00155,Cloud Cost Optimization 40% - Q4 2024 [Phase 3],Google Search Ads - Enterprise Intent,Paid Search,FinTech Chief Information Security Officers (CISO),Middle East,58900.0,534371,17848,3.34,493,119.47,262,121,1874220.62,41,623162.0,10.58,1436.59,958.0,2025-05-01,2025-06-28,Completed
CAMP-2024-00156,Automated Compliance & SOC2 - Q1 2024 [Phase 1],LinkedIn B2B Sponsored Content & InMail,Paid Social,FinTech Chief Information Security Officers (CISO),Western Europe,50100.0,112444,3036,2.7,360,139.17,242,82,2074683.35,23,588675.0,11.75,2178.26,1075.0,2025-05-14,2025-07-05,Completed
CAMP-2024-00157,Developer Productivity Blitz - Q2 2024 [Phase 2],LinkedIn B2B Sponsored Content & InMail,Paid Social,SMB Growth Tech Founders,APAC (Japan/Taiwan/SG),66600.0,369414,8201,2.22,358,186.03,241,103,1854261.33,29,514818.0,7.73,2296.55,673.0,2025-02-25,2025-03-31,Completed
CAMP-2024-00158,Real-Time Telemetry at Scale - Q3 2024 [Phase 3],YouTube Deep-Dive Tech Architecture,Video Marketing,Global AI/ML Research Scientists,ANZ,65400.0,550462,11890,2.16,630,103.81,347,158,1580071.48,55,576174.0,8.81,1189.09,781.0,2026-04-08,2026-04-29,Completed
CAMP-2024-00159,Cloud Cost Optimization 40% - Q4 2024 [Phase 1],Technical SEO & Pillar Blog Content,Organic Content,Fortune 500 CTOs & VP Infrastructure,Middle East,35300.0,45079,2565,5.69,1097,32.18,450,158,3484404.09,39,956277.0,27.09,905.13,2609.0,2024-04-03,2024-05-25,Completed
CAMP-2024-00160,Quantum-Safe Cryptography Suite - Q1 2024 [Phase 2],Google Search Ads - Enterprise Intent,Paid Search,Fortune 500 CTOs & VP Infrastructure,Global Multi-Region,22400.0,129972,4705,3.62,147,152.38,94,38,1022147.78,11,219744.0,9.81,2036.36,881.0,2026-05-12,2026-07-14,Completed
CAMP-2024-00161,GenAI Enterprise Copilot Accelerator - Q2 2024 [Phase 3],LinkedIn B2B Sponsored Content & InMail,Paid Social,Cloud Native DevOps & SRE Architects,Western Europe,92600.0,419523,8810,2.1,591,156.68,431,221,3357879.8,43,768580.0,8.3,2153.49,730.0,2025-04-30,2025-05-22,Completed
CAMP-2024-00162,GenAI Enterprise Copilot Accelerator - Q3 2024 [Phase 1],Developer Hackathons & Open Source Grants,Community,SMB Growth Tech Founders,Latin America,33800.0,39441,3250,8.24,704,48.01,458,188,1826249.66,42,608062.0,17.99,804.76,1699.0,2025-08-05,2025-08-23,Completed
CAMP-2024-00163,Cloud Cost Optimization 40% - Q4 2024 [Phase 2],YouTube Deep-Dive Tech Architecture,Video Marketing,Fortune 500 CTOs & VP Infrastructure,ANZ,56200.0,105377,3625,3.44,725,77.52,524,239,2660882.68,68,713740.0,12.7,826.47,1170.0,2024-08-16,2024-09-12,Completed
CAMP-2024-00164,GenAI Enterprise Copilot Accelerator - Q1 2024 [Phase 3],Google Search Ads - Enterprise Intent,Paid Search,Cloud Native DevOps & SRE Architects,North America,84800.0,1141985,31062,2.72,732,115.85,445,138,2055206.94,49,797120.0,9.4,1730.61,840.0,2025-04-03,2025-06-11,Completed
CAMP-2024-00165,Unified Customer 360 AI - Q2 2024 [Phase 1],Executive Newsletter Sponsorships,Sponsored Content,FinTech Chief Information Security Officers (CISO),Latin America,56300.0,91400,3263,3.57,638,88.24,436,183,2281218.07,51,503885.0,8.95,1103.92,795.0,2024-04-29,2024-07-15,Completed
CAMP-2024-00166,Kubernetes Multi-Cloud Mesh - Q3 2024 [Phase 2],Technical SEO & Pillar Blog Content,Organic Content,Fortune 500 CTOs & VP Infrastructure,Latin America,79500.0,283848,17627,6.21,2553,31.14,1309,343,8970268.2,93,1990680.0,25.04,854.84,2404.0,2025-11-09,2025-12-31,Completed
CAMP-2024-00167,Developer Productivity Blitz - Q4 2024 [Phase 3],Google Search Ads - Enterprise Intent,Paid Search,SMB Growth Tech Founders,Global Multi-Region,6600.0,26301,889,3.38,42,157.14,17,4,91329.48,1,35640.0,5.4,6600.0,440.0,2024-03-10,2024-04-10,Completed
CAMP-2024-00168,High-Throughput Streaming Engine - Q1 2024 [Phase 1],Virtual Tech Demos & Hands-on Webinars,Owned Events,Fortune 500 CTOs & VP Infrastructure,Western Europe,45600.0,157567,6413,4.07,667,68.37,422,112,1810654.78,30,434568.0,9.53,1520.0,853.0,2024-03-29,2024-05-14,Completed
CAMP-2024-00169,Developer Productivity Blitz - Q2 2024 [Phase 2],Google Search Ads - Enterprise Intent,Paid Search,Cloud Native DevOps & SRE Architects,APAC (Japan/Taiwan/SG),47900.0,73283,2924,3.99,438,109.36,245,81,1358614.95,33,363561.0,7.59,1451.52,659.0,2024-05-31,2024-07-01,Completed
CAMP-2024-00170,Edge AI for Smart Robotics - Q3 2024 [Phase 3],Gartner & Forrester Summit Sponsorships,Events & Conferences,Retail E-Commerce Engineering Directors,Middle East,74100.0,882352,19500,2.21,231,320.78,111,29,1308950.89,12,423111.0,5.71,6175.0,471.0,2024-12-10,2025-01-17,Completed
CAMP-2024-00171,GenAI Enterprise Copilot Accelerator - Q4 2024 [Phase 1],LinkedIn B2B Sponsored Content & InMail,Paid Social,Healthcare & Life Sciences Tech Leads,North America,15000.0,111588,2388,2.14,82,182.93,38,16,399414.44,7,123450.0,8.23,2142.86,723.0,2024-05-09,2024-07-27,Completed
CAMP-2024-00172,Real-Time Telemetry at Scale - Q1 2024 [Phase 2],Virtual Tech Demos & Hands-on Webinars,Owned Events,FinTech Chief Information Security Officers (CISO),APAC (Japan/Taiwan/SG),23200.0,27140,1699,6.26,417,55.64,283,111,559486.95,20,203000.0,8.75,1160.0,775.0,2025-08-08,2025-09-16,Completed
CAMP-2024-00173,High-Throughput Streaming Engine - Q2 2024 [Phase 3],Executive Newsletter Sponsorships,Sponsored Content,Enterprise Data Engineering Leads,Global Multi-Region,10100.0,17405,825,4.74,95,106.32,48,12,322642.04,4,106454.0,10.54,2525.0,954.0,2024-11-09,2024-12-13,Completed
CAMP-2024-00174,Real-Time Telemetry at Scale - Q3 2024 [Phase 1],Tech Podcast Host-Read Sponsorship,Audio & Podcasts,FinTech Chief Information Security Officers (CISO),North America,44000.0,75000,2835,3.78,465,94.62,306,150,3188627.47,65,651640.0,14.81,676.92,1381.0,2025-05-15,2025-07-27,Completed
CAMP-2024-00175,Edge AI for Smart Robotics - Q4 2024 [Phase 2],Tech Podcast Host-Read Sponsorship,Audio & Podcasts,SMB Growth Tech Founders,APAC (Japan/Taiwan/SG),31000.0,236015,6042,2.56,549,56.47,332,174,615263.11,74,232810.0,7.51,418.92,651.0,2025-08-27,2025-10-25,Completed
CAMP-2024-00176,Quantum-Safe Cryptography Suite - Q1 2024 [Phase 3],Virtual Tech Demos & Hands-on Webinars,Owned Events,Fortune 500 CTOs & VP Infrastructure,Global Multi-Region,10600.0,38260,2529,6.61,189,56.08,122,48,532149.18,11,128790.0,12.15,963.64,1115.0,2025-07-15,2025-09-01,Completed
CAMP-2024-00177,Edge AI for Smart Robotics - Q2 2024 [Phase 1],YouTube Deep-Dive Tech Architecture,Video Marketing,Fortune 500 CTOs & VP Infrastructure,Middle East,77100.0,491757,11753,2.39,749,102.94,541,195,2044528.38,61,501150.0,6.5,1263.93,550.0,2024-06-22,2024-09-11,Completed
CAMP-2024-00178,Next-Gen Lakehouse Migration - Q3 2024 [Phase 2],Developer Hackathons & Open Source Grants,Community,Enterprise Data Engineering Leads,North America,7100.0,11757,602,5.12,137,51.82,75,34,483384.98,11,130072.0,18.32,645.45,1732.0,2026-06-16,2026-09-07,Active
CAMP-2024-00179,Kubernetes Multi-Cloud Mesh - Q4 2024 [Phase 3],Technical SEO & Pillar Blog Content,Organic Content,Retail E-Commerce Engineering Directors,APAC (Japan/Taiwan/SG),21700.0,33036,1893,5.73,778,27.89,522,256,3205032.17,76,696136.0,32.08,285.53,3108.0,2025-12-21,2026-03-10,Completed
CAMP-2024-00180,Next-Gen Lakehouse Migration - Q1 2024 [Phase 1],Gartner & Forrester Summit Sponsorships,Events & Conferences,Fortune 500 CTOs & VP Infrastructure,APAC (Japan/Taiwan/SG),46500.0,131461,2879,2.19,132,352.27,76,30,1779258.66,10,376650.0,8.1,4650.0,710.0,2025-10-06,2025-11-23,Completed
CAMP-2024-00181,Real-Time Telemetry at Scale - Q2 2024 [Phase 2],Executive Newsletter Sponsorships,Sponsored Content,SMB Growth Tech Founders,APAC (Japan/Taiwan/SG),47600.0,68600,4020,5.86,678,70.21,360,97,3484285.97,26,867272.0,18.22,1830.77,1722.0,2025-07-03,2025-08-14,Completed
CAMP-2024-00182,High-Throughput Streaming Engine - Q3 2024 [Phase 3],Executive Newsletter Sponsorships,Sponsored Content,Fortune 500 CTOs & VP Infrastructure,APAC (Japan/Taiwan/SG),65300.0,155512,5614,3.61,676,96.6,488,187,2114625.24,69,625574.0,9.58,946.38,858.0,2026-01-24,2026-02-26,Completed
CAMP-2024-00183,High-Throughput Streaming Engine - Q4 2024 [Phase 1],Developer Hackathons & Open Source Grants,Community,FinTech Chief Information Security Officers (CISO),Latin America,9400.0,16594,1311,7.9,200,47.0,93,31,578618.49,11,191196.0,20.34,854.55,1934.0,2026-03-31,2026-05-30,Completed
CAMP-2024-00184,Unified Customer 360 AI - Q1 2024 [Phase 2],Tech Podcast Host-Read Sponsorship,Audio & Podcasts,Healthcare & Life Sciences Tech Leads,Western Europe,23000.0,149489,4978,3.33,276,83.33,153,72,1042066.15,27,302680.0,13.16,851.85,1216.0,2024-03-31,2024-05-16,Completed
CAMP-2024-00185,GenAI Enterprise Copilot Accelerator - Q2 2024 [Phase 3],Programmatic Account-Based Display (ABM),ABM Display,Healthcare & Life Sciences Tech Leads,APAC (Japan/Taiwan/SG),42600.0,184275,2543,1.38,217,196.31,101,44,615428.85,9,165714.0,3.89,4733.33,289.0,2024-04-23,2024-07-14,Completed
CAMP-2024-00186,Real-Time Telemetry at Scale - Q3 2024 [Phase 1],Google Search Ads - Enterprise Intent,Paid Search,Cloud Native DevOps & SRE Architects,Middle East,19600.0,43651,1327,3.04,163,120.25,101,40,740486.94,11,197764.0,10.09,1781.82,909.0,2024-03-21,2024-05-07,Completed
CAMP-2024-00187,Developer Productivity Blitz - Q4 2024 [Phase 2],Programmatic Account-Based Display (ABM),ABM Display,FinTech Chief Information Security Officers (CISO),Western Europe,54800.0,274250,5485,2.0,242,226.45,143,37,1430499.15,13,378668.0,6.91,4215.38,591.0,2025-09-16,2025-10-07,Completed
CAMP-2024-00188,Automated Compliance & SOC2 - Q1 2024 [Phase 3],Developer Hackathons & Open Source Grants,Community,Global AI/ML Research Scientists,Middle East,43500.0,50555,4277,8.46,853,51.0,612,260,3047293.41,74,736020.0,16.92,587.84,1592.0,2026-04-14,2026-05-06,Completed
CAMP-2024-00189,Next-Gen Lakehouse Migration - Q2 2024 [Phase 1],Technical SEO & Pillar Blog Content,Organic Content,Fortune 500 CTOs & VP Infrastructure,North America,27300.0,48721,3659,7.51,631,43.26,255,132,2443763.24,45,766311.0,28.07,606.67,2707.0,2024-06-24,2024-07-24,Completed
CAMP-2024-00190,Unified Customer 360 AI - Q3 2024 [Phase 2],YouTube Deep-Dive Tech Architecture,Video Marketing,Enterprise Data Engineering Leads,North America,27500.0,113932,3361,2.95,241,114.11,106,37,678367.78,15,186175.0,6.77,1833.33,577.0,2024-01-11,2024-03-10,Completed
CAMP-2024-00191,Developer Productivity Blitz - Q4 2024 [Phase 3],Tech Podcast Host-Read Sponsorship,Audio & Podcasts,Fortune 500 CTOs & VP Infrastructure,Global Multi-Region,67400.0,94977,4236,4.46,1135,59.38,590,151,3403908.21,49,996172.0,14.78,1375.51,1378.0,2025-04-16,2025-06-10,Completed
CAMP-2024-00192,GenAI Enterprise Copilot Accelerator - Q1 2024 [Phase 1],Gartner & Forrester Summit Sponsorships,Events & Conferences,Enterprise Data Engineering Leads,Western Europe,3500.0,39004,862,2.21,12,291.67,7,3,124972.62,1,29330.0,8.38,3500.0,738.0,2024-04-12,2024-06-17,Completed
CAMP-2024-00193,Zero-Trust Perimeter Defense - Q2 2024 [Phase 2],Regional Strategic Partner Co-Marketing,Partner Co-Op,Retail E-Commerce Engineering Directors,Latin America,44800.0,242363,12409,5.12,968,46.28,708,358,3768821.4,67,787136.0,17.57,668.66,1657.0,2024-07-08,2024-09-26,Completed
CAMP-2024-00194,Real-Time Telemetry at Scale - Q3 2024 [Phase 3],Virtual Tech Demos & Hands-on Webinars,Owned Events,Enterprise Data Engineering Leads,Middle East,25500.0,85241,4228,4.96,479,53.24,258,132,740319.78,55,294780.0,11.56,463.64,1056.0,2024-05-19,2024-08-01,Completed
CAMP-2024-00195,GenAI Enterprise Copilot Accelerator - Q4 2024 [Phase 1],Developer Hackathons & Open Source Grants,Community,Global AI/ML Research Scientists,Middle East,83500.0,122113,9940,8.14,1638,50.98,775,226,4648050.12,68,1142280.0,13.68,1227.94,1268.0,2024-05-04,2024-06-01,Completed
CAMP-2024-00196,Developer Productivity Blitz - Q1 2024 [Phase 2],Gartner & Forrester Summit Sponsorships,Events & Conferences,Retail E-Commerce Engineering Directors,APAC (Japan/Taiwan/SG),68200.0,470359,6538,1.39,175,389.71,111,35,1256833.64,12,425568.0,6.24,5683.33,524.0,2026-05-18,2026-06-14,Completed
CAMP-2024-00197,Zero-Trust Perimeter Defense - Q2 2024 [Phase 3],Regional Strategic Partner Co-Marketing,Partner Co-Op,Cloud Native DevOps & SRE Architects,Global Multi-Region,51400.0,302091,9244,3.06,775,66.32,473,173,2622291.14,77,734506.0,14.29,667.53,1329.0,2025-09-14,2025-12-05,Completed
CAMP-2024-00198,Real-Time Telemetry at Scale - Q3 2024 [Phase 1],Developer Hackathons & Open Source Grants,Community,Enterprise Data Engineering Leads,ANZ,16400.0,77748,5077,6.53,455,36.04,270,79,1001447.56,15,245672.0,14.98,1093.33,1398.0,2025-08-17,2025-10-22,Completed
CAMP-2024-00199,Unified Customer 360 AI - Q4 2024 [Phase 2],Technical SEO & Pillar Blog Content,Organic Content,Enterprise Data Engineering Leads,Global Multi-Region,64500.0,180553,8811,4.88,2371,27.2,1605,602,7387833.5,213,1636365.0,25.37,302.82,2437.0,2025-09-19,2025-10-17,Completed
CAMP-2024-00200,Next-Gen Lakehouse Migration - Q1 2024 [Phase 3],Executive Newsletter Sponsorships,Sponsored Content,Cloud Native DevOps & SRE Architects,Global Multi-Region,55500.0,150000,5115,3.41,602,92.19,348,188,4073235.56,35,816960.0,14.72,1585.71,1372.0,2024-06-07,2024-07-28,Completed
CAMP-2024-00201,Unified Customer 360 AI - Q2 2024 [Phase 1],Virtual Tech Demos & Hands-on Webinars,Owned Events,FinTech Chief Information Security Officers (CISO),Global Multi-Region,90700.0,467424,21595,4.62,1294,70.09,548,231,5476820.81,82,1277963.0,14.09,1106.1,1309.0,2026-05-17,2026-06-21,Completed
CAMP-2024-00202,Edge AI for Smart Robotics - Q3 2024 [Phase 2],Programmatic Account-Based Display (ABM),ABM Display,SMB Growth Tech Founders,ANZ,93100.0,407947,7751,1.9,379,245.65,163,65,2101618.44,25,423605.0,4.55,3724.0,355.0,2025-11-25,2026-02-20,Completed
CAMP-2024-00203,High-Throughput Streaming Engine - Q4 2024 [Phase 3],Google Search Ads - Enterprise Intent,Paid Search,Global AI/ML Research Scientists,ANZ,38600.0,175244,5012,2.86,331,116.62,215,109,899650.84,48,217704.0,5.64,804.17,464.0,2025-03-13,2025-05-12,Completed
CAMP-2024-00204,Edge AI for Smart Robotics - Q1 2024 [Phase 1],Technical SEO & Pillar Blog Content,Organic Content,Healthcare & Life Sciences Tech Leads,Middle East,72000.0,85711,5117,5.97,1847,38.98,983,490,6530048.05,204,1519200.0,21.1,352.94,2010.0,2024-07-01,2024-09-06,Completed
CAMP-2024-00205,GenAI Enterprise Copilot Accelerator - Q2 2024 [Phase 2],Tech Podcast Host-Read Sponsorship,Audio & Podcasts,Healthcare & Life Sciences Tech Leads,Middle East,83800.0,696713,19717,2.83,1368,61.26,954,524,2540301.74,186,760904.0,9.08,450.54,808.0,2025-05-11,2025-07-09,Completed
CAMP-2024-00206,Next-Gen Lakehouse Migration - Q3 2024 [Phase 3],Programmatic Account-Based Display (ABM),ABM Display,Healthcare & Life Sciences Tech Leads,Western Europe,14900.0,102645,1940,1.89,75,198.67,49,15,614345.54,4,124713.0,8.37,3725.0,737.0,2025-11-30,2025-12-20,Completed
CAMP-2024-00207,Developer Productivity Blitz - Q4 2024 [Phase 1],YouTube Deep-Dive Tech Architecture,Video Marketing,Global AI/ML Research Scientists,North America,75500.0,290497,6420,2.21,798,94.61,329,155,2342840.65,67,528500.0,7.0,1126.87,600.0,2024-01-24,2024-03-20,Completed
CAMP-2024-00208,Edge AI for Smart Robotics - Q1 2024 [Phase 2],Developer Hackathons & Open Source Grants,Community,SMB Growth Tech Founders,Latin America,84000.0,87389,6930,7.93,2262,37.14,1388,360,3421044.42,143,1040760.0,12.39,587.41,1139.0,2025-08-15,2025-09-18,Completed
CAMP-2024-00209,Edge AI for Smart Robotics - Q2 2024 [Phase 3],Google Search Ads - Enterprise Intent,Paid Search,Retail E-Commerce Engineering Directors,Middle East,91300.0,201547,8203,4.07,850,107.41,412,214,2371454.17,77,670142.0,7.34,1185.71,634.0,2025-01-10,2025-04-07,Completed
CAMP-2024-00210,Kubernetes Multi-Cloud Mesh - Q3 2024 [Phase 1],Tech Podcast Host-Read Sponsorship,Audio & Podcasts,Healthcare & Life Sciences Tech Leads,ANZ,34500.0,101129,4207,4.16,572,60.31,372,113,959506.18,29,377775.0,10.95,1189.66,995.0,2025-09-04,2025-10-25,Completed
CAMP-2024-00211,Cloud Cost Optimization 40% - Q4 2024 [Phase 2],Virtual Tech Demos & Hands-on Webinars,Owned Events,Enterprise Data Engineering Leads,Global Multi-Region,16200.0,97224,4764,4.9,317,51.1,197,90,415718.5,28,122958.0,7.59,578.57,659.0,2025-05-13,2025-07-23,Completed
CAMP-2024-00212,Cloud Cost Optimization 40% - Q1 2024 [Phase 3],YouTube Deep-Dive Tech Architecture,Video Marketing,Enterprise Data Engineering Leads,North America,15900.0,28948,1019,3.52,231,68.83,168,86,963860.81,23,194775.0,12.25,691.3,1125.0,2025-07-13,2025-07-31,Completed
CAMP-2024-00213,Cloud Cost Optimization 40% - Q2 2024 [Phase 1],Programmatic Account-Based Display (ABM),ABM Display,Retail E-Commerce Engineering Directors,Latin America,49400.0,256875,3288,1.28,311,158.84,130,32,1007999.3,12,228722.0,4.63,4116.67,363.0,2024-03-31,2024-05-20,Completed
CAMP-2024-00214,Cloud Cost Optimization 40% - Q3 2024 [Phase 2],Technical SEO & Pillar Blog Content,Organic Content,Cloud Native DevOps & SRE Architects,APAC (Japan/Taiwan/SG),22300.0,25501,1423,5.58,641,34.79,335,173,2664712.45,67,621278.0,27.86,332.84,2686.0,2024-09-04,2024-11-26,Completed
CAMP-2024-00215,Cloud Cost Optimization 40% - Q4 2024 [Phase 3],Executive Newsletter Sponsorships,Sponsored Content,SMB Growth Tech Founders,Global Multi-Region,3700.0,5365,220,4.1,57,64.91,36,17,254975.8,5,58349.0,15.77,740.0,1477.0,2026-02-04,2026-04-24,Completed
CAMP-2024-00216,High-Throughput Streaming Engine - Q1 2024 [Phase 1],Gartner & Forrester Summit Sponsorships,Events & Conferences,Retail E-Commerce Engineering Directors,Middle East,93200.0,408488,9191,2.25,294,317.01,148,74,1928223.02,22,546152.0,5.86,4236.36,486.0,2025-03-06,2025-05-04,Completed
CAMP-2024-00217,GenAI Enterprise Copilot Accelerator - Q2 2024 [Phase 2],LinkedIn B2B Sponsored Content & InMail,Paid Social,FinTech Chief Information Security Officers (CISO),Latin America,47500.0,390481,11363,2.91,312,152.24,190,101,1139604.91,27,284525.0,5.99,1759.26,499.0,2024-12-17,2025-02-15,Completed
CAMP-2024-00218,High-Throughput Streaming Engine - Q3 2024 [Phase 3],Gartner & Forrester Summit Sponsorships,Events & Conferences,FinTech Chief Information Security Officers (CISO),Middle East,15000.0,133664,2152,1.61,55,272.73,38,17,594294.58,6,140700.0,9.38,2500.0,838.0,2025-10-04,2025-12-24,Completed
CAMP-2024-00219,Edge AI for Smart Robotics - Q4 2024 [Phase 1],Developer Hackathons & Open Source Grants,Community,Retail E-Commerce Engineering Directors,APAC (Japan/Taiwan/SG),39700.0,41776,2987,7.15,921,43.11,438,148,2420677.48,39,526025.0,13.25,1017.95,1225.0,2024-01-30,2024-04-20,Completed
CAMP-2024-00220,Kubernetes Multi-Cloud Mesh - Q1 2024 [Phase 2],Technical SEO & Pillar Blog Content,Organic Content,FinTech Chief Information Security Officers (CISO),APAC (Japan/Taiwan/SG),34400.0,27968,1969,7.04,910,37.8,595,185,1581065.6,52,609912.0,17.73,661.54,1673.0,2024-07-21,2024-09-04,Completed
CAMP-2024-00221,Quantum-Safe Cryptography Suite - Q2 2024 [Phase 3],Tech Podcast Host-Read Sponsorship,Audio & Podcasts,SMB Growth Tech Founders,Middle East,3200.0,7916,209,2.64,41,78.05,24,6,139388.56,1,46016.0,14.38,3200.0,1338.0,2026-05-24,2026-08-17,Active
CAMP-2024-00222,Real-Time Telemetry at Scale - Q3 2024 [Phase 1],Google Search Ads - Enterprise Intent,Paid Search,Healthcare & Life Sciences Tech Leads,APAC (Japan/Taiwan/SG),15400.0,181666,5559,3.06,114,135.09,49,19,690838.49,3,142912.0,9.28,5133.33,828.0,2024-12-28,2025-01-26,Completed
CAMP-2024-00223,Developer Productivity Blitz - Q4 2024 [Phase 2],Virtual Tech Demos & Hands-on Webinars,Owned Events,Healthcare & Life Sciences Tech Leads,ANZ,31000.0,53597,2905,5.42,398,77.89,286,92,1445023.95,38,428420.0,13.82,815.79,1282.0,2025-09-30,2025-12-19,Completed
CAMP-2024-00224,Edge AI for Smart Robotics - Q1 2024 [Phase 3],Tech Podcast Host-Read Sponsorship,Audio & Podcasts,FinTech Chief Information Security Officers (CISO),North America,31300.0,82424,2992,3.63,508,61.61,233,90,1480557.85,34,315191.0,10.07,920.59,907.0,2025-12-22,2026-01-24,Completed
CAMP-2024-00225,Next-Gen Lakehouse Migration - Q2 2024 [Phase 1],Executive Newsletter Sponsorships,Sponsored Content,Cloud Native DevOps & SRE Architects,APAC (Japan/Taiwan/SG),48900.0,163321,9440,5.78,527,92.79,228,119,1958755.87,35,674820.0,13.8,1397.14,1280.0,2025-04-19,2025-05-25,Completed
CAMP-2024-00226,Zero-Trust Perimeter Defense - Q3 2024 [Phase 2],Gartner & Forrester Summit Sponsorships,Events & Conferences,Global AI/ML Research Scientists,North America,80000.0,264174,5442,2.06,232,344.83,159,66,1634781.13,24,447200.0,5.59,3333.33,459.0,2025-08-13,2025-10-04,Completed
CAMP-2024-00227,Real-Time Telemetry at Scale - Q4 2024 [Phase 3],Technical SEO & Pillar Blog Content,Organic Content,Enterprise Data Engineering Leads,Middle East,32600.0,30013,2161,7.2,833,39.14,540,215,3080563.97,69,957136.0,29.36,472.46,2836.0,2026-01-11,2026-04-03,Completed
CAMP-2024-00228,Quantum-Safe Cryptography Suite - Q1 2024 [Phase 1],YouTube Deep-Dive Tech Architecture,Video Marketing,Cloud Native DevOps & SRE Architects,North America,73700.0,158961,4133,2.6,939,78.49,528,181,1895774.08,77,605814.0,8.22,957.14,722.0,2024-06-20,2024-09-16,Completed
CAMP-2024-00229,Zero-Trust Perimeter Defense - Q2 2024 [Phase 2],Developer Hackathons & Open Source Grants,Community,Global AI/ML Research Scientists,Middle East,90100.0,362124,18577,5.13,1916,47.03,1397,378,6097734.92,92,1974992.0,21.92,979.35,2092.0,2025-09-09,2025-10-20,Completed
CAMP-2024-00230,Developer Productivity Blitz - Q3 2024 [Phase 3],YouTube Deep-Dive Tech Architecture,Video Marketing,Cloud Native DevOps & SRE Architects,APAC (Japan/Taiwan/SG),81400.0,500378,14561,2.91,700,116.29,479,157,3078017.4,40,986568.0,12.12,2035.0,1112.0,2025-06-26,2025-08-06,Completed
CAMP-2024-00231,Kubernetes Multi-Cloud Mesh - Q4 2024 [Phase 1],Gartner & Forrester Summit Sponsorships,Events & Conferences,Cloud Native DevOps & SRE Architects,APAC (Japan/Taiwan/SG),77500.0,217800,4356,2.0,220,352.27,95,32,2208593.69,9,709900.0,9.16,8611.11,816.0,2026-01-11,2026-02-24,Completed
CAMP-2024-00232,Next-Gen Lakehouse Migration - Q1 2024 [Phase 2],Developer Hackathons & Open Source Grants,Community,Enterprise Data Engineering Leads,North America,7000.0,9600,770,8.02,168,41.67,81,29,582310.89,12,157780.0,22.54,583.33,2154.0,2026-04-08,2026-06-01,Completed
CAMP-2024-00233,Unified Customer 360 AI - Q2 2024 [Phase 3],Google Search Ads - Enterprise Intent,Paid Search,Retail E-Commerce Engineering Directors,ANZ,42100.0,96759,2777,2.87,390,107.95,183,62,1307804.75,21,337221.0,8.01,2004.76,701.0,2024-06-08,2024-07-15,Completed
CAMP-2024-00234,Zero-Trust Perimeter Defense - Q3 2024 [Phase 1],Virtual Tech Demos & Hands-on Webinars,Owned Events,Global AI/ML Research Scientists,Latin America,17600.0,24105,1010,4.19,268,65.67,178,71,683345.46,23,239360.0,13.6,765.22,1260.0,2026-05-31,2026-08-21,Active
CAMP-2024-00235,Zero-Trust Perimeter Defense - Q4 2024 [Phase 2],Regional Strategic Partner Co-Marketing,Partner Co-Op,SMB Growth Tech Founders,ANZ,37000.0,75258,3206,4.26,887,41.71,359,176,1498544.54,44,469530.0,12.69,840.91,1169.0,2026-03-19,2026-04-16,Completed
CAMP-2024-00236,High-Throughput Streaming Engine - Q1 2024 [Phase 3],LinkedIn B2B Sponsored Content & InMail,Paid Social,Healthcare & Life Sciences Tech Leads,Middle East,79500.0,479670,11656,2.43,438,181.51,214,57,2953689.65,11,864165.0,10.87,7227.27,987.0,2024-04-19,2024-07-09,Completed
CAMP-2024-00237,Kubernetes Multi-Cloud Mesh - Q2 2024 [Phase 1],Regional Strategic Partner Co-Marketing,Partner Co-Op,Healthcare & Life Sciences Tech Leads,Middle East,51100.0,426888,19210,4.5,848,60.26,476,192,1848028.3,53,708246.0,13.86,964.15,1286.0,2024-06-12,2024-07-15,Completed
CAMP-2024-00238,Cloud Cost Optimization 40% - Q3 2024 [Phase 2],Technical SEO & Pillar Blog Content,Organic Content,Global AI/ML Research Scientists,Latin America,19400.0,49711,3271,6.58,438,44.29,279,79,1088876.81,18,373450.0,19.25,1077.78,1825.0,2025-06-12,2025-08-11,Completed
CAMP-2024-00239,Unified Customer 360 AI - Q4 2024 [Phase 3],Google Search Ads - Enterprise Intent,Paid Search,Global AI/ML Research Scientists,APAC (Japan/Taiwan/SG),83000.0,245543,6998,2.85,901,92.12,617,296,2847263.7,85,893080.0,10.76,976.47,976.0,2024-07-18,2024-09-14,Completed
CAMP-2024-00240,Edge AI for Smart Robotics - Q1 2024 [Phase 1],Technical SEO & Pillar Blog Content,Organic Content,Cloud Native DevOps & SRE Architects,Middle East,31000.0,38151,2724,7.14,974,31.83,525,222,4114944.89,87,853740.0,27.54,356.32,2654.0,2024-09-26,2024-12-12,Completed
CAMP-2024-00241,Quantum-Safe Cryptography Suite - Q2 2024 [Phase 2],Virtual Tech Demos & Hands-on Webinars,Owned Events,FinTech Chief Information Security Officers (CISO),North America,22700.0,50613,2642,5.22,422,53.79,267,114,836509.28,34,275351.0,12.13,667.65,1113.0,2025-02-16,2025-03-17,Completed
CAMP-2024-00242,Zero-Trust Perimeter Defense - Q3 2024 [Phase 3],Executive Newsletter Sponsorships,Sponsored Content,SMB Growth Tech Founders,ANZ,49500.0,167050,7534,4.51,730,67.81,495,263,2909712.52,59,663300.0,13.4,838.98,1240.0,2024-09-24,2024-12-20,Completed
CAMP-2024-00243,Unified Customer 360 AI - Q4 2024 [Phase 1],Developer Hackathons & Open Source Grants,Community,Retail E-Commerce Engineering Directors,Global Multi-Region,84900.0,216299,15898,7.35,1788,47.48,1042,315,6572253.06,91,1415283.0,16.67,932.97,1567.0,2025-11-17,2026-01-11,Completed
CAMP-2024-00244,Kubernetes Multi-Cloud Mesh - Q1 2024 [Phase 2],Executive Newsletter Sponsorships,Sponsored Content,Fortune 500 CTOs & VP Infrastructure,Middle East,4000.0,6916,305,4.41,49,81.63,32,11,174414.71,3,37160.0,9.29,1333.33,829.0,2026-06-17,2026-08-30,Active
CAMP-2024-00245,Edge AI for Smart Robotics - Q2 2024 [Phase 3],Technical SEO & Pillar Blog Content,Organic Content,Healthcare & Life Sciences Tech Leads,Global Multi-Region,23200.0,67495,4070,6.03,546,42.49,310,109,1624031.84,22,598792.0,25.81,1054.55,2481.0,2024-06-27,2024-09-25,Completed
CAMP-2024-00246,GenAI Enterprise Copilot Accelerator - Q3 2024 [Phase 1],Gartner & Forrester Summit Sponsorships,Events & Conferences,Fortune 500 CTOs & VP Infrastructure,Western Europe,44100.0,597183,8480,1.42,153,288.24,86,30,918795.53,8,264600.0,6.0,5512.5,500.0,2026-04-11,2026-05-26,Completed
CAMP-2024-00247,Kubernetes Multi-Cloud Mesh - Q4 2024 [Phase 2],Regional Strategic Partner Co-Marketing,Partner Co-Op,Cloud Native DevOps & SRE Architects,Latin America,16100.0,20609,1049,5.09,247,65.18,145,46,738600.28,13,240695.0,14.95,1238.46,1395.0,2024-11-18,2024-12-21,Completed
CAMP-2024-00248,Quantum-Safe Cryptography Suite - Q1 2024 [Phase 3],Google Search Ads - Enterprise Intent,Paid Search,Healthcare & Life Sciences Tech Leads,ANZ,85300.0,246157,10314,4.19,930,91.72,690,209,1394519.09,47,548479.0,6.43,1814.89,543.0,2025-04-24,2025-06-08,Completed
CAMP-2024-00249,Unified Customer 360 AI - Q2 2024 [Phase 1],LinkedIn B2B Sponsored Content & InMail,Paid Social,FinTech Chief Information Security Officers (CISO),Western Europe,43200.0,140966,3792,2.69,247,174.9,112,37,1214206.3,16,280368.0,6.49,2700.0,549.0,2024-11-08,2025-02-02,Completed
CAMP-2024-00250,Real-Time Telemetry at Scale - Q3 2024 [Phase 2],Programmatic Account-Based Display (ABM),ABM Display,Global AI/ML Research Scientists,Middle East,74900.0,468176,7959,1.7,439,170.62,302,115,2903931.93,22,592459.0,7.91,3404.55,691.0,2026-03-24,2026-04-21,Completed
CAMP-2024-00251,High-Throughput Streaming Engine - Q4 2024 [Phase 3],Virtual Tech Demos & Hands-on Webinars,Owned Events,Enterprise Data Engineering Leads,Latin America,12000.0,24078,1045,4.34,144,83.33,76,27,634765.59,7,144960.0,12.08,1714.29,1108.0,2025-07-27,2025-08-22,Completed
CAMP-2024-00252,Real-Time Telemetry at Scale - Q1 2024 [Phase 1],Google Search Ads - Enterprise Intent,Paid Search,Enterprise Data Engineering Leads,Latin America,12300.0,32674,1173,3.59,103,119.42,64,33,552366.47,9,115374.0,9.38,1366.67,838.0,2024-09-15,2024-11-03,Completed
CAMP-2024-00253,Kubernetes Multi-Cloud Mesh - Q2 2024 [Phase 2],Developer Hackathons & Open Source Grants,Community,Healthcare & Life Sciences Tech Leads,ANZ,10900.0,10270,722,7.03,261,41.76,161,85,502462.61,17,120118.0,11.02,641.18,1002.0,2024-05-21,2024-07-29,Completed
CAMP-2024-00254,Developer Productivity Blitz - Q3 2024 [Phase 3],Technical SEO & Pillar Blog Content,Organic Content,Global AI/ML Research Scientists,Latin America,40600.0,56086,3612,6.44,1517,26.76,1026,431,2804745.45,167,979678.0,24.13,243.11,2313.0,2024-01-10,2024-02-16,Completed
CAMP-2024-00255,Quantum-Safe Cryptography Suite - Q4 2024 [Phase 1],Gartner & Forrester Summit Sponsorships,Events & Conferences,Healthcare & Life Sciences Tech Leads,Western Europe,9400.0,33348,717,2.15,37,254.05,26,11,238483.9,2,49444.0,5.26,4700.0,426.0,2024-08-22,2024-11-20,Completed
CAMP-2024-00256,Cloud Cost Optimization 40% - Q1 2024 [Phase 2],Regional Strategic Partner Co-Marketing,Partner Co-Op,Cloud Native DevOps & SRE Architects,ANZ,30400.0,63115,3282,5.2,667,45.58,271,128,937967.05,27,297920.0,9.8,1125.93,880.0,2024-12-23,2025-02-24,Completed
CAMP-2024-00257,GenAI Enterprise Copilot Accelerator - Q2 2024 [Phase 3],Technical SEO & Pillar Blog Content,Organic Content,Fortune 500 CTOs & VP Infrastructure,APAC (Japan/Taiwan/SG),86800.0,380446,22142,5.82,2309,37.59,1575,407,7039944.3,106,1607536.0,18.52,818.87,1752.0,2024-09-18,2024-11-14,Completed
CAMP-2024-00258,Kubernetes Multi-Cloud Mesh - Q3 2024 [Phase 1],Google Search Ads - Enterprise Intent,Paid Search,Enterprise Data Engineering Leads,Western Europe,46800.0,92831,3639,3.92,325,144.0,147,71,1056494.92,23,393588.0,8.41,2034.78,741.0,2024-04-10,2024-05-26,Completed
CAMP-2024-00259,Zero-Trust Perimeter Defense - Q4 2024 [Phase 2],YouTube Deep-Dive Tech Architecture,Video Marketing,SMB Growth Tech Founders,Middle East,51900.0,227943,5653,2.48,709,73.2,375,111,2338696.81,36,617091.0,11.89,1441.67,1089.0,2026-05-01,2026-05-15,Completed
CAMP-2024-00260,Kubernetes Multi-Cloud Mesh - Q1 2024 [Phase 3],Tech Podcast Host-Read Sponsorship,Audio & Podcasts,SMB Growth Tech Founders,ANZ,39000.0,135857,3804,2.8,534,73.03,369,120,1947591.96,43,566670.0,14.53,906.98,1353.0,2025-06-10,2025-07-29,Completed
CAMP-2024-00261,GenAI Enterprise Copilot Accelerator - Q2 2024 [Phase 1],Google Search Ads - Enterprise Intent,Paid Search,Global AI/ML Research Scientists,Global Multi-Region,14800.0,91496,2873,3.14,95,155.79,40,21,390181.21,9,143264.0,9.68,1644.44,868.0,2025-08-06,2025-08-27,Completed
CAMP-2024-00262,Quantum-Safe Cryptography Suite - Q3 2024 [Phase 2],Developer Hackathons & Open Source Grants,Community,FinTech Chief Information Security Officers (CISO),Latin America,93700.0,133537,10042,7.52,2419,38.74,1452,680,6654561.48,135,1943338.0,20.74,694.07,1974.0,2025-08-28,2025-10-29,Completed
CAMP-2024-00263,Next-Gen Lakehouse Migration - Q4 2024 [Phase 3],Developer Hackathons & Open Source Grants,Community,Cloud Native DevOps & SRE Architects,ANZ,63600.0,65957,4030,6.11,1713,37.13,1221,567,3308725.54,141,1122540.0,17.65,451.06,1665.0,2024-04-19,2024-05-21,Completed
CAMP-2024-00264,Edge AI for Smart Robotics - Q1 2024 [Phase 1],Gartner & Forrester Summit Sponsorships,Events & Conferences,Enterprise Data Engineering Leads,APAC (Japan/Taiwan/SG),68000.0,431939,7127,1.65,180,377.78,86,22,2735358.88,9,626280.0,9.21,7555.56,821.0,2026-06-04,2026-07-22,Completed
CAMP-2024-00265,Kubernetes Multi-Cloud Mesh - Q2 2024 [Phase 2],Virtual Tech Demos & Hands-on Webinars,Owned Events,Global AI/ML Research Scientists,ANZ,94300.0,146541,9364,6.39,1637,57.61,833,229,5298347.35,71,1316428.0,13.96,1328.17,1296.0,2024-08-20,2024-09-11,Completed
CAMP-2024-00266,Zero-Trust Perimeter Defense - Q3 2024 [Phase 3],Developer Hackathons & Open Source Grants,Community,Enterprise Data Engineering Leads,ANZ,11100.0,8273,714,8.63,257,43.19,133,63,571992.39,25,203685.0,18.35,444.0,1735.0,2024-12-28,2025-03-18,Completed
CAMP-2024-00267,Next-Gen Lakehouse Migration - Q4 2024 [Phase 1],LinkedIn B2B Sponsored Content & InMail,Paid Social,Fortune 500 CTOs & VP Infrastructure,North America,44700.0,485336,10823,2.23,260,171.92,138,68,1759085.66,18,401406.0,8.98,2483.33,798.0,2024-08-31,2024-11-24,Completed
CAMP-2024-00268,GenAI Enterprise Copilot Accelerator - Q1 2024 [Phase 2],LinkedIn B2B Sponsored Content & InMail,Paid Social,Retail E-Commerce Engineering Directors,Global Multi-Region,35300.0,154338,3735,2.42,157,224.84,71,18,784025.17,3,219566.0,6.22,11766.67,522.0,2025-03-21,2025-05-21,Completed
CAMP-2024-00269,Next-Gen Lakehouse Migration - Q2 2024 [Phase 3],Programmatic Account-Based Display (ABM),ABM Display,SMB Growth Tech Founders,Middle East,76000.0,291098,5036,1.73,280,271.43,161,76,1583690.19,20,503120.0,6.62,3800.0,562.0,2024-07-18,2024-08-16,Completed
CAMP-2024-00270,Real-Time Telemetry at Scale - Q3 2024 [Phase 1],Google Search Ads - Enterprise Intent,Paid Search,Global AI/ML Research Scientists,Global Multi-Region,58500.0,141380,4199,2.97,415,140.96,178,70,1596378.31,17,337545.0,5.77,3441.18,477.0,2025-02-22,2025-03-25,Completed
CAMP-2024-00271,Edge AI for Smart Robotics - Q4 2024 [Phase 2],Gartner & Forrester Summit Sponsorships,Events & Conferences,Cloud Native DevOps & SRE Architects,Western Europe,79100.0,1095894,16548,1.51,313,252.72,201,67,2110047.33,16,592459.0,7.49,4943.75,649.0,2026-05-14,2026-06-05,Completed
CAMP-2024-00272,Zero-Trust Perimeter Defense - Q1 2024 [Phase 3],Virtual Tech Demos & Hands-on Webinars,Owned Events,Healthcare & Life Sciences Tech Leads,Western Europe,39100.0,33328,2283,6.85,677,57.75,506,210,1293663.85,54,461771.0,11.81,724.07,1081.0,2025-07-19,2025-09-16,Completed
CAMP-2024-00273,Cloud Cost Optimization 40% - Q2 2024 [Phase 1],Google Search Ads - Enterprise Intent,Paid Search,Enterprise Data Engineering Leads,North America,55900.0,285831,12205,4.27,522,107.09,294,74,1040314.51,31,319189.0,5.71,1803.23,471.0,2026-02-20,2026-04-07,Completed
CAMP-2024-00274,Edge AI for Smart Robotics - Q3 2024 [Phase 2],Technical SEO & Pillar Blog Content,Organic Content,Fortune 500 CTOs & VP Infrastructure,Western Europe,3500.0,4293,298,6.94,106,33.02,76,24,315513.84,5,86625.0,24.75,700.0,2375.0,2026-03-13,2026-04-19,Completed
CAMP-2024-00275,Developer Productivity Blitz - Q4 2024 [Phase 3],LinkedIn B2B Sponsored Content & InMail,Paid Social,Global AI/ML Research Scientists,APAC (Japan/Taiwan/SG),16500.0,214624,5709,2.66,102,161.76,71,30,656084.46,12,180345.0,10.93,1375.0,993.0,2026-04-29,2026-07-07,Completed
CAMP-2024-00276,Unified Customer 360 AI - Q1 2024 [Phase 1],Regional Strategic Partner Co-Marketing,Partner Co-Op,SMB Growth Tech Founders,North America,25900.0,62695,3047,4.86,465,55.7,194,73,840750.6,25,241129.0,9.31,1036.0,831.0,2024-02-11,2024-03-16,Completed
CAMP-2024-00277,High-Throughput Streaming Engine - Q2 2024 [Phase 2],LinkedIn B2B Sponsored Content & InMail,Paid Social,Global AI/ML Research Scientists,Middle East,28600.0,223891,4948,2.21,166,172.29,88,46,1028940.09,10,327184.0,11.44,2860.0,1044.0,2024-12-26,2025-01-12,Completed
CAMP-2024-00278,Automated Compliance & SOC2 - Q3 2024 [Phase 3],Executive Newsletter Sponsorships,Sponsored Content,Fortune 500 CTOs & VP Infrastructure,APAC (Japan/Taiwan/SG),25900.0,27251,1537,5.64,302,85.76,220,66,1409614.08,17,292929.0,11.31,1523.53,1031.0,2026-03-18,2026-05-17,Completed
CAMP-2024-00279,High-Throughput Streaming Engine - Q4 2024 [Phase 1],Technical SEO & Pillar Blog Content,Organic Content,Retail E-Commerce Engineering Directors,ANZ,62100.0,108430,4836,4.46,1366,45.46,726,203,7621176.37,43,1691604.0,27.24,1444.19,2624.0,2026-03-10,2026-06-02,Completed
CAMP-2024-00280,Unified Customer 360 AI - Q1 2024 [Phase 2],Developer Hackathons & Open Source Grants,Community,Retail E-Commerce Engineering Directors,North America,63800.0,62992,4126,6.55,1686,37.84,1172,438,5806019.73,156,1539494.0,24.13,408.97,2313.0,2025-08-17,2025-09-17,Completed
CAMP-2024-00281,Cloud Cost Optimization 40% - Q2 2024 [Phase 3],Tech Podcast Host-Read Sponsorship,Audio & Podcasts,Enterprise Data Engineering Leads,Middle East,71200.0,167549,5948,3.55,818,87.04,537,263,4213676.84,47,918480.0,12.9,1514.89,1190.0,2025-09-09,2025-11-24,Completed
CAMP-2024-00282,Kubernetes Multi-Cloud Mesh - Q3 2024 [Phase 1],Executive Newsletter Sponsorships,Sponsored Content,Global AI/ML Research Scientists,APAC (Japan/Taiwan/SG),55900.0,102045,5786,5.67,762,73.36,396,172,2333650.82,45,777569.0,13.91,1242.22,1291.0,2026-06-04,2026-08-25,Active
CAMP-2024-00283,Zero-Trust Perimeter Defense - Q4 2024 [Phase 2],LinkedIn B2B Sponsored Content & InMail,Paid Social,FinTech Chief Information Security Officers (CISO),Western Europe,13500.0,176598,3479,1.97,59,228.81,29,9,437894.59,2,153900.0,11.4,6750.0,1040.0,2026-03-11,2026-04-09,Completed
CAMP-2024-00284,Next-Gen Lakehouse Migration - Q1 2024 [Phase 3],Google Search Ads - Enterprise Intent,Paid Search,Global AI/ML Research Scientists,Western Europe,56000.0,87342,3319,3.8,370,151.35,170,46,2274106.82,18,616560.0,11.01,3111.11,1001.0,2026-02-20,2026-03-13,Completed
CAMP-2024-00285,Zero-Trust Perimeter Defense - Q2 2024 [Phase 1],Executive Newsletter Sponsorships,Sponsored Content,Healthcare & Life Sciences Tech Leads,Middle East,25200.0,140520,6478,4.61,254,99.21,126,59,711066.52,23,231588.0,9.19,1095.65,819.0,2025-01-21,2025-02-10,Completed
CAMP-2024-00286,Unified Customer 360 AI - Q3 2024 [Phase 2],Regional Strategic Partner Co-Marketing,Partner Co-Op,Fortune 500 CTOs & VP Infrastructure,ANZ,46100.0,109002,3717,3.41,957,48.17,467,144,3125439.39,30,652315.0,14.15,1536.67,1315.0,2026-04-25,2026-07-03,Completed
CAMP-2024-00287,Unified Customer 360 AI - Q4 2024 [Phase 3],Executive Newsletter Sponsorships,Sponsored Content,Cloud Native DevOps & SRE Architects,Middle East,44400.0,175685,9487,5.4,560,79.29,401,121,2382915.82,33,667776.0,15.04,1345.45,1404.0,2024-01-07,2024-02-16,Completed
CAMP-2024-00288,GenAI Enterprise Copilot Accelerator - Q1 2024 [Phase 1],Virtual Tech Demos & Hands-on Webinars,Owned Events,FinTech Chief Information Security Officers (CISO),North America,23000.0,21275,1468,6.9,346,66.47,191,50,753838.44,11,163530.0,7.11,2090.91,611.0,2025-05-25,2025-06-30,Completed
CAMP-2024-00289,Cloud Cost Optimization 40% - Q2 2024 [Phase 2],Gartner & Forrester Summit Sponsorships,Events & Conferences,Enterprise Data Engineering Leads,Latin America,70700.0,289117,3932,1.36,202,350.0,125,36,1469653.06,12,468741.0,6.63,5891.67,563.0,2025-05-10,2025-07-06,Completed
CAMP-2024-00290,Unified Customer 360 AI - Q3 2024 [Phase 3],Gartner & Forrester Summit Sponsorships,Events & Conferences,Cloud Native DevOps & SRE Architects,ANZ,37100.0,242477,5480,2.26,93,398.92,56,27,842067.6,4,269346.0,7.26,9275.0,626.0,2025-07-28,2025-09-07,Completed
CAMP-2024-00291,Edge AI for Smart Robotics - Q4 2024 [Phase 1],Executive Newsletter Sponsorships,Sponsored Content,SMB Growth Tech Founders,ANZ,59800.0,96292,5325,5.53,542,110.33,297,125,2278776.8,51,608166.0,10.17,1172.55,917.0,2024-04-19,2024-05-05,Completed
CAMP-2024-00292,Next-Gen Lakehouse Migration - Q1 2024 [Phase 2],Gartner & Forrester Summit Sponsorships,Events & Conferences,Enterprise Data Engineering Leads,Western Europe,2700.0,32631,620,1.9,7,385.71,3,1,45667.74,1,15093.0,5.59,2700.0,459.0,2025-08-08,2025-09-11,Completed
CAMP-2024-00293,Developer Productivity Blitz - Q2 2024 [Phase 3],Regional Strategic Partner Co-Marketing,Partner Co-Op,Retail E-Commerce Engineering Directors,Western Europe,60100.0,83648,4333,5.18,1320,45.53,837,426,2823031.71,106,625040.0,10.4,566.98,940.0,2024-07-15,2024-10-09,Completed
CAMP-2024-00294,Edge AI for Smart Robotics - Q3 2024 [Phase 1],LinkedIn B2B Sponsored Content & InMail,Paid Social,FinTech Chief Information Security Officers (CISO),Middle East,42900.0,419577,11916,2.84,205,209.27,96,44,819256.8,10,308022.0,7.18,4290.0,618.0,2025-11-15,2025-12-26,Completed
CAMP-2024-00295,Kubernetes Multi-Cloud Mesh - Q4 2024 [Phase 2],Executive Newsletter Sponsorships,Sponsored Content,Cloud Native DevOps & SRE Architects,Latin America,49800.0,122343,6631,5.42,703,70.84,328,91,2349789.2,23,640926.0,12.87,2165.22,1187.0,2026-02-17,2026-05-15,Completed
CAMP-2024-00296,Unified Customer 360 AI - Q1 2024 [Phase 3],Google Search Ads - Enterprise Intent,Paid Search,Retail E-Commerce Engineering Directors,Latin America,54600.0,96558,3872,4.01,422,129.38,201,108,1313626.38,36,433524.0,7.94,1516.67,694.0,2024-01-03,2024-03-17,Completed
CAMP-2024-00297,Automated Compliance & SOC2 - Q2 2024 [Phase 1],YouTube Deep-Dive Tech Architecture,Video Marketing,Cloud Native DevOps & SRE Architects,Global Multi-Region,30800.0,275514,6695,2.43,422,72.99,180,89,1159295.3,29,281512.0,9.14,1062.07,814.0,2025-07-28,2025-08-14,Completed
CAMP-2024-00298,Automated Compliance & SOC2 - Q3 2024 [Phase 2],LinkedIn B2B Sponsored Content & InMail,Paid Social,Fortune 500 CTOs & VP Infrastructure,North America,71400.0,158349,4893,3.09,424,168.4,214,88,2918306.33,22,813246.0,11.39,3245.45,1039.0,2026-06-03,2026-08-21,Active
CAMP-2024-00299,Quantum-Safe Cryptography Suite - Q4 2024 [Phase 3],Virtual Tech Demos & Hands-on Webinars,Owned Events,Healthcare & Life Sciences Tech Leads,APAC (Japan/Taiwan/SG),16400.0,109002,4480,4.11,252,65.08,133,60,581592.05,17,190568.0,11.62,964.71,1062.0,2024-11-05,2025-01-03,Completed
CAMP-2024-00300,Edge AI for Smart Robotics - Q1 2024 [Phase 1],Developer Hackathons & Open Source Grants,Community,Global AI/ML Research Scientists,Latin America,16900.0,16503,1043,6.32,541,31.24,227,112,555009.42,21,209898.0,12.42,804.76,1142.0,2024-01-13,2024-02-17,Completed
CAMP-2024-00301,Real-Time Telemetry at Scale - Q2 2024 [Phase 2],Executive Newsletter Sponsorships,Sponsored Content,Enterprise Data Engineering Leads,APAC (Japan/Taiwan/SG),52200.0,189020,8487,4.49,716,72.91,457,128,3668907.8,30,837288.0,16.04,1740.0,1504.0,2024-04-03,2024-04-24,Completed
CAMP-2024-00302,High-Throughput Streaming Engine - Q3 2024 [Phase 3],Developer Hackathons & Open Source Grants,Community,FinTech Chief Information Security Officers (CISO),Latin America,29400.0,36438,2824,7.75,649,45.3,280,70,2113473.96,28,655914.0,22.31,1050.0,2131.0,2026-01-13,2026-04-07,Completed
CAMP-2024-00303,Cloud Cost Optimization 40% - Q4 2024 [Phase 1],Google Search Ads - Enterprise Intent,Paid Search,Global AI/ML Research Scientists,Western Europe,68300.0,125805,4139,3.29,511,133.66,312,93,1089893.37,39,420045.0,6.15,1751.28,515.0,2024-03-08,2024-05-22,Completed
CAMP-2024-00304,Edge AI for Smart Robotics - Q1 2024 [Phase 2],Programmatic Account-Based Display (ABM),ABM Display,Enterprise Data Engineering Leads,APAC (Japan/Taiwan/SG),87700.0,458429,5547,1.21,409,214.43,284,148,2409322.69,54,633194.0,7.22,1624.07,622.0,2025-07-07,2025-09-13,Completed
CAMP-2024-00305,High-Throughput Streaming Engine - Q2 2024 [Phase 3],YouTube Deep-Dive Tech Architecture,Video Marketing,FinTech Chief Information Security Officers (CISO),ANZ,26400.0,53195,1798,3.38,259,101.93,127,69,726128.48,14,219648.0,8.32,1885.71,732.0,2024-03-04,2024-04-18,Completed
CAMP-2024-00306,GenAI Enterprise Copilot Accelerator - Q3 2024 [Phase 1],Programmatic Account-Based Display (ABM),ABM Display,Cloud Native DevOps & SRE Architects,Middle East,65200.0,259032,4818,1.86,350,186.29,241,68,2031706.93,26,491608.0,7.54,2507.69,654.0,2024-02-13,2024-03-12,Completed
CAMP-2024-00307,Edge AI for Smart Robotics - Q4 2024 [Phase 2],Regional Strategic Partner Co-Marketing,Partner Co-Op,Healthcare & Life Sciences Tech Leads,ANZ,92900.0,143231,7534,5.26,1562,59.48,1098,480,3068332.95,208,1166824.0,12.56,446.63,1156.0,2025-10-16,2025-11-08,Completed
CAMP-2024-00308,Kubernetes Multi-Cloud Mesh - Q1 2024 [Phase 3],Programmatic Account-Based Display (ABM),ABM Display,SMB Growth Tech Founders,Western Europe,36700.0,254744,4993,1.96,208,176.44,132,40,601218.84,9,212860.0,5.8,4077.78,480.0,2024-06-21,2024-08-10,Completed
CAMP-2024-00309,Zero-Trust Perimeter Defense - Q2 2024 [Phase 1],Tech Podcast Host-Read Sponsorship,Audio & Podcasts,Enterprise Data Engineering Leads,Western Europe,87300.0,575236,19443,3.38,1496,58.36,874,429,7128215.69,167,1450053.0,16.61,522.75,1561.0,2025-12-26,2026-02-21,Completed
CAMP-2024-00310,Next-Gen Lakehouse Migration - Q3 2024 [Phase 2],Programmatic Account-Based Display (ABM),ABM Display,Fortune 500 CTOs & VP Infrastructure,Middle East,20100.0,452777,7335,1.62,98,205.1,61,15,449685.56,4,138891.0,6.91,5025.0,591.0,2024-12-31,2025-02-15,Completed
CAMP-2024-00311,Zero-Trust Perimeter Defense - Q4 2024 [Phase 3],YouTube Deep-Dive Tech Architecture,Video Marketing,FinTech Chief Information Security Officers (CISO),North America,54100.0,205161,5724,2.79,474,114.14,217,79,2050915.78,19,709251.0,13.11,2847.37,1211.0,2024-10-27,2024-11-16,Completed
CAMP-2024-00312,Quantum-Safe Cryptography Suite - Q1 2024 [Phase 1],YouTube Deep-Dive Tech Architecture,Video Marketing,Cloud Native DevOps & SRE Architects,ANZ,56200.0,267862,6643,2.48,566,99.29,399,135,1800917.08,59,370920.0,6.6,952.54,560.0,2026-03-14,2026-06-08,Completed
CAMP-2024-00313,Real-Time Telemetry at Scale - Q2 2024 [Phase 2],Regional Strategic Partner Co-Marketing,Partner Co-Op,Retail E-Commerce Engineering Directors,Global Multi-Region,24700.0,49023,1858,3.79,391,63.17,282,152,951141.66,37,294918.0,11.94,667.57,1094.0,2025-06-13,2025-08-16,Completed
CAMP-2024-00314,Cloud Cost Optimization 40% - Q3 2024 [Phase 3],Executive Newsletter Sponsorships,Sponsored Content,Healthcare & Life Sciences Tech Leads,Middle East,82500.0,337633,19549,5.79,798,103.38,560,266,3558330.9,51,1048575.0,12.71,1617.65,1171.0,2026-04-27,2026-07-06,Completed
CAMP-2024-00315,Quantum-Safe Cryptography Suite - Q4 2024 [Phase 1],Regional Strategic Partner Co-Marketing,Partner Co-Op,Healthcare & Life Sciences Tech Leads,North America,58800.0,144887,5810,4.01,904,65.04,516,234,3456203.56,50,746760.0,12.7,1176.0,1170.0,2025-11-10,2025-12-14,Completed
CAMP-2024-00316,Kubernetes Multi-Cloud Mesh - Q1 2024 [Phase 2],Gartner & Forrester Summit Sponsorships,Events & Conferences,FinTech Chief Information Security Officers (CISO),North America,59700.0,788235,12060,1.53,216,276.39,87,24,1734534.85,6,496107.0,8.31,9950.0,731.0,2025-10-01,2025-11-22,Completed
CAMP-2024-00317,Automated Compliance & SOC2 - Q2 2024 [Phase 3],Developer Hackathons & Open Source Grants,Community,Retail E-Commerce Engineering Directors,ANZ,21900.0,20159,1266,6.28,444,49.32,326,162,2139120.01,50,429021.0,19.59,438.0,1859.0,2026-05-23,2026-06-13,Completed
CAMP-2024-00318,Real-Time Telemetry at Scale - Q3 2024 [Phase 1],LinkedIn B2B Sponsored Content & InMail,Paid Social,Healthcare & Life Sciences Tech Leads,Middle East,11600.0,40065,1226,3.06,52,223.08,28,13,538487.17,5,121568.0,10.48,2320.0,948.0,2024-05-20,2024-07-12,Completed
CAMP-2024-00319,Developer Productivity Blitz - Q4 2024 [Phase 2],Tech Podcast Host-Read Sponsorship,Audio & Podcasts,Fortune 500 CTOs & VP Infrastructure,ANZ,57900.0,216853,5790,2.67,1013,57.16,500,150,2313475.26,67,578421.0,9.99,864.18,899.0,2025-08-19,2025-10-09,Completed
CAMP-2024-00320,Edge AI for Smart Robotics - Q1 2024 [Phase 3],YouTube Deep-Dive Tech Architecture,Video Marketing,Retail E-Commerce Engineering Directors,North America,68300.0,210350,4796,2.28,804,84.95,429,124,1797507.83,45,584648.0,8.56,1517.78,756.0,2024-08-09,2024-09-02,Completed
CAMP-2024-00321,Developer Productivity Blitz - Q2 2024 [Phase 1],LinkedIn B2B Sponsored Content & InMail,Paid Social,Global AI/ML Research Scientists,APAC (Japan/Taiwan/SG),89300.0,271810,6605,2.43,432,206.71,247,103,2943575.56,25,600096.0,6.72,3572.0,572.0,2025-02-01,2025-03-27,Completed
CAMP-2024-00322,High-Throughput Streaming Engine - Q3 2024 [Phase 2],Gartner & Forrester Summit Sponsorships,Events & Conferences,Enterprise Data Engineering Leads,North America,86600.0,1289856,17929,1.39,260,333.08,125,39,2378494.72,15,793256.0,9.16,5773.33,816.0,2025-11-24,2026-02-22,Completed
CAMP-2024-00323,Zero-Trust Perimeter Defense - Q4 2024 [Phase 3],Gartner & Forrester Summit Sponsorships,Events & Conferences,Healthcare & Life Sciences Tech Leads,Latin America,92200.0,1106428,18588,1.68,242,380.99,131,38,2730455.76,11,688734.0,7.47,8381.82,647.0,2025-07-18,2025-08-28,Completed
CAMP-2024-00324,GenAI Enterprise Copilot Accelerator - Q1 2024 [Phase 1],Regional Strategic Partner Co-Marketing,Partner Co-Op,Global AI/ML Research Scientists,Middle East,61000.0,125297,4423,3.53,926,65.87,538,200,2895241.21,63,1152290.0,18.89,968.25,1789.0,2024-11-30,2025-02-14,Completed
CAMP-2024-00325,Edge AI for Smart Robotics - Q2 2024 [Phase 2],YouTube Deep-Dive Tech Architecture,Video Marketing,Healthcare & Life Sciences Tech Leads,Middle East,4400.0,8850,285,3.22,47,93.62,22,7,246178.89,2,54296.0,12.34,2200.0,1134.0,2025-09-03,2025-10-09,Completed
CAMP-2024-00326,Developer Productivity Blitz - Q3 2024 [Phase 3],Virtual Tech Demos & Hands-on Webinars,Owned Events,Retail E-Commerce Engineering Directors,ANZ,73500.0,82136,5306,6.46,1353,54.32,769,200,3826767.28,88,880530.0,11.98,835.23,1098.0,2025-03-05,2025-05-12,Completed
CAMP-2024-00327,Next-Gen Lakehouse Migration - Q4 2024 [Phase 1],Google Search Ads - Enterprise Intent,Paid Search,Retail E-Commerce Engineering Directors,Latin America,27700.0,333383,11035,3.31,196,141.33,107,32,1069380.98,6,301653.0,10.89,4616.67,989.0,2024-06-21,2024-09-12,Completed
CAMP-2024-00328,Automated Compliance & SOC2 - Q1 2024 [Phase 2],Programmatic Account-Based Display (ABM),ABM Display,Enterprise Data Engineering Leads,Western Europe,18800.0,455323,6329,1.39,83,226.51,55,21,458780.74,8,119192.0,6.34,2350.0,534.0,2026-04-12,2026-06-26,Completed
CAMP-2024-00329,Automated Compliance & SOC2 - Q2 2024 [Phase 3],Tech Podcast Host-Read Sponsorship,Audio & Podcasts,SMB Growth Tech Founders,ANZ,77300.0,178387,8188,4.59,829,93.24,558,298,1971985.66,115,630768.0,8.16,672.17,716.0,2025-01-28,2025-03-12,Completed
CAMP-2024-00330,Quantum-Safe Cryptography Suite - Q3 2024 [Phase 1],Virtual Tech Demos & Hands-on Webinars,Owned Events,Retail E-Commerce Engineering Directors,Western Europe,78500.0,163839,10797,6.59,955,82.2,417,138,4229007.69,27,1029920.0,13.12,2907.41,1212.0,2025-03-24,2025-04-11,Completed
CAMP-2024-00331,Real-Time Telemetry at Scale - Q4 2024 [Phase 2],Programmatic Account-Based Display (ABM),ABM Display,FinTech Chief Information Security Officers (CISO),Latin America,24600.0,143225,1776,1.24,111,221.62,59,31,508215.89,9,185976.0,7.56,2733.33,656.0,2024-04-07,2024-05-29,Completed
CAMP-2024-00332,High-Throughput Streaming Engine - Q1 2024 [Phase 3],Virtual Tech Demos & Hands-on Webinars,Owned Events,FinTech Chief Information Security Officers (CISO),Latin America,75100.0,120186,5168,4.3,1203,62.43,538,191,2485446.43,44,894441.0,11.91,1706.82,1091.0,2024-02-23,2024-03-30,Completed
CAMP-2024-00333,Cloud Cost Optimization 40% - Q2 2024 [Phase 1],Technical SEO & Pillar Blog Content,Organic Content,Cloud Native DevOps & SRE Architects,North America,26700.0,98597,5482,5.56,730,36.58,455,217,1815108.87,73,517446.0,19.38,365.75,1838.0,2024-04-11,2024-06-02,Completed
CAMP-2024-00334,Kubernetes Multi-Cloud Mesh - Q3 2024 [Phase 2],Developer Hackathons & Open Source Grants,Community,Retail E-Commerce Engineering Directors,Western Europe,50200.0,47479,3542,7.46,1150,43.65,572,266,3349407.38,57,1085826.0,21.63,880.7,2063.0,2025-07-26,2025-09-06,Completed
CAMP-2024-00335,Kubernetes Multi-Cloud Mesh - Q4 2024 [Phase 3],YouTube Deep-Dive Tech Architecture,Video Marketing,Healthcare & Life Sciences Tech Leads,North America,3200.0,7868,192,2.44,36,88.89,15,7,128547.41,2,26336.0,8.23,1600.0,723.0,2024-05-04,2024-07-25,Completed
CAMP-2024-00336,Real-Time Telemetry at Scale - Q1 2024 [Phase 1],Regional Strategic Partner Co-Marketing,Partner Co-Op,Retail E-Commerce Engineering Directors,Middle East,79000.0,194554,9825,5.05,1714,46.09,778,281,6694121.0,50,1540500.0,19.5,1580.0,1850.0,2026-06-02,2026-07-10,Completed
CAMP-2024-00337,Unified Customer 360 AI - Q2 2024 [Phase 2],Tech Podcast Host-Read Sponsorship,Audio & Podcasts,Healthcare & Life Sciences Tech Leads,ANZ,16700.0,33198,1318,3.97,179,93.3,90,32,744149.3,12,277053.0,16.59,1391.67,1559.0,2026-05-22,2026-06-22,Completed
CAMP-2024-00338,High-Throughput Streaming Engine - Q3 2024 [Phase 3],LinkedIn B2B Sponsored Content & InMail,Paid Social,FinTech Chief Information Security Officers (CISO),Latin America,22100.0,88916,2543,2.86,150,147.33,109,31,936905.62,7,196690.0,8.9,3157.14,790.0,2024-10-30,2025-01-27,Completed
CAMP-2024-00339,GenAI Enterprise Copilot Accelerator - Q4 2024 [Phase 1],Google Search Ads - Enterprise Intent,Paid Search,Retail E-Commerce Engineering Directors,Middle East,90400.0,518224,14303,2.76,873,103.55,566,302,4472292.67,89,999824.0,11.06,1015.73,1006.0,2025-11-27,2026-02-08,Completed
CAMP-2024-00340,Developer Productivity Blitz - Q1 2024 [Phase 2],Executive Newsletter Sponsorships,Sponsored Content,Healthcare & Life Sciences Tech Leads,Middle East,79600.0,174891,7223,4.13,736,108.15,526,227,1909934.11,52,748240.0,9.4,1530.77,840.0,2026-01-20,2026-04-12,Completed
CAMP-2024-00341,Cloud Cost Optimization 40% - Q2 2024 [Phase 3],Tech Podcast Host-Read Sponsorship,Audio & Podcasts,Global AI/ML Research Scientists,North America,39000.0,57855,2482,4.29,494,78.95,240,97,2528198.91,33,585390.0,15.01,1181.82,1401.0,2024-10-08,2025-01-06,Completed
CAMP-2024-00342,Zero-Trust Perimeter Defense - Q3 2024 [Phase 1],Gartner & Forrester Summit Sponsorships,Events & Conferences,Healthcare & Life Sciences Tech Leads,Latin America,89800.0,649246,12920,1.99,264,340.15,129,47,2229203.02,19,482226.0,5.37,4726.32,437.0,2025-05-02,2025-06-26,Completed
CAMP-2024-00343,Automated Compliance & SOC2 - Q4 2024 [Phase 2],Technical SEO & Pillar Blog Content,Organic Content,Global AI/ML Research Scientists,Latin America,9700.0,31604,2304,7.29,227,42.73,123,36,741458.04,11,152581.0,15.73,881.82,1473.0,2025-02-24,2025-04-16,Completed
CAMP-2024-00344,High-Throughput Streaming Engine - Q1 2024 [Phase 3],Executive Newsletter Sponsorships,Sponsored Content,Healthcare & Life Sciences Tech Leads,APAC (Japan/Taiwan/SG),45900.0,80824,4801,5.94,492,93.29,362,167,2749441.1,44,649485.0,14.15,1043.18,1315.0,2024-05-30,2024-07-01,Completed
CAMP-2024-00345,Quantum-Safe Cryptography Suite - Q2 2024 [Phase 1],Developer Hackathons & Open Source Grants,Community,Cloud Native DevOps & SRE Architects,Middle East,90600.0,213764,16353,7.65,2285,39.65,1021,500,8720652.26,189,1811094.0,19.99,479.37,1899.0,2024-08-11,2024-10-21,Completed
CAMP-2024-00346,Automated Compliance & SOC2 - Q3 2024 [Phase 2],YouTube Deep-Dive Tech Architecture,Video Marketing,Retail E-Commerce Engineering Directors,Global Multi-Region,89400.0,521104,18395,3.53,1179,75.83,566,165,2606820.37,42,795660.0,8.9,2128.57,790.0,2026-02-26,2026-03-15,Completed
CAMP-2024-00347,High-Throughput Streaming Engine - Q4 2024 [Phase 3],Tech Podcast Host-Read Sponsorship,Audio & Podcasts,FinTech Chief Information Security Officers (CISO),North America,25600.0,183039,5601,3.06,281,91.1,114,34,716627.26,7,212736.0,8.31,3657.14,731.0,2025-06-22,2025-08-19,Completed
CAMP-2024-00348,Developer Productivity Blitz - Q1 2024 [Phase 1],Programmatic Account-Based Display (ABM),ABM Display,Fortune 500 CTOs & VP Infrastructure,Western Europe,84500.0,424661,5648,1.33,412,205.1,225,89,1268696.16,25,330395.0,3.91,3380.0,291.0,2025-08-06,2025-09-27,Completed
CAMP-2024-00349,Zero-Trust Perimeter Defense - Q2 2024 [Phase 2],Google Search Ads - Enterprise Intent,Paid Search,Global AI/ML Research Scientists,Global Multi-Region,71000.0,451715,15268,3.38,572,124.13,247,85,1770889.7,17,362100.0,5.1,4176.47,410.0,2024-12-09,2025-01-23,Completed
CAMP-2024-00350,Developer Productivity Blitz - Q3 2024 [Phase 3],Executive Newsletter Sponsorships,Sponsored Content,Cloud Native DevOps & SRE Architects,Middle East,9900.0,14322,550,3.84,119,83.19,72,22,513485.16,8,134244.0,13.56,1237.5,1256.0,2024-07-20,2024-08-26,Completed
CAMP-2024-00351,Next-Gen Lakehouse Migration - Q4 2024 [Phase 1],YouTube Deep-Dive Tech Architecture,Video Marketing,Healthcare & Life Sciences Tech Leads,APAC (Japan/Taiwan/SG),48700.0,104914,3074,2.93,561,86.81,225,79,1148397.33,22,296096.0,6.08,2213.64,508.0,2026-02-20,2026-03-28,Completed
CAMP-2024-00352,Edge AI for Smart Robotics - Q1 2024 [Phase 2],Executive Newsletter Sponsorships,Sponsored Content,SMB Growth Tech Founders,APAC (Japan/Taiwan/SG),64900.0,239118,14108,5.9,614,105.7,372,139,2207590.59,62,711304.0,10.96,1046.77,996.0,2025-05-16,2025-08-10,Completed
CAMP-2024-00353,High-Throughput Streaming Engine - Q2 2024 [Phase 3],Developer Hackathons & Open Source Grants,Community,Retail E-Commerce Engineering Directors,Middle East,93600.0,439760,27529,6.26,2941,31.83,1451,631,7600466.86,216,1603368.0,17.13,433.33,1613.0,2025-11-04,2026-01-03,Completed
CAMP-2024-00354,Developer Productivity Blitz - Q3 2024 [Phase 1],Executive Newsletter Sponsorships,Sponsored Content,Global AI/ML Research Scientists,Global Multi-Region,70700.0,201976,10321,5.11,945,74.81,657,360,1674583.57,71,663166.0,9.38,995.77,838.0,2026-03-09,2026-04-16,Completed
CAMP-2024-00355,Next-Gen Lakehouse Migration - Q4 2024 [Phase 2],Tech Podcast Host-Read Sponsorship,Audio & Podcasts,Enterprise Data Engineering Leads,APAC (Japan/Taiwan/SG),42400.0,59069,2540,4.3,587,72.23,284,113,2233828.85,27,698752.0,16.48,1570.37,1548.0,2025-11-21,2026-01-28,Completed
CAMP-2024-00356,Next-Gen Lakehouse Migration - Q1 2024 [Phase 3],Developer Hackathons & Open Source Grants,Community,Cloud Native DevOps & SRE Architects,North America,20300.0,18706,1229,6.57,409,49.63,273,116,942088.86,38,250908.0,12.36,534.21,1136.0,2025-01-30,2025-02-24,Completed
CAMP-2024-00357,Quantum-Safe Cryptography Suite - Q2 2024 [Phase 1],Gartner & Forrester Summit Sponsorships,Events & Conferences,Cloud Native DevOps & SRE Architects,Western Europe,18100.0,66495,1556,2.34,55,329.09,25,6,517944.79,2,114211.0,6.31,9050.0,531.0,2024-07-16,2024-08-27,Completed
CAMP-2024-00358,Real-Time Telemetry at Scale - Q3 2024 [Phase 2],Regional Strategic Partner Co-Marketing,Partner Co-Op,SMB Growth Tech Founders,Western Europe,17100.0,70095,2923,4.17,360,47.5,208,86,598071.36,36,190152.0,11.12,475.0,1012.0,2024-05-03,2024-06-01,Completed
CAMP-2024-00359,GenAI Enterprise Copilot Accelerator - Q4 2024 [Phase 3],Regional Strategic Partner Co-Marketing,Partner Co-Op,Fortune 500 CTOs & VP Infrastructure,Global Multi-Region,12600.0,35256,1784,5.06,265,47.55,190,80,495691.54,30,166320.0,13.2,420.0,1220.0,2024-11-22,2025-01-04,Completed
CAMP-2024-00360,Unified Customer 360 AI - Q1 2024 [Phase 1],Google Search Ads - Enterprise Intent,Paid Search,Retail E-Commerce Engineering Directors,Latin America,48300.0,165578,5729,3.46,318,151.89,130,60,1275899.62,18,259371.0,5.37,2683.33,437.0,2024-12-31,2025-01-17,Completed
CAMP-2024-00361,Next-Gen Lakehouse Migration - Q2 2024 [Phase 2],Developer Hackathons & Open Source Grants,Community,Healthcare & Life Sciences Tech Leads,North America,74600.0,104600,6025,5.76,1940,38.45,1034,520,8070099.49,115,1668056.0,22.36,648.7,2136.0,2024-12-14,2025-03-05,Completed
CAMP-2024-00362,Zero-Trust Perimeter Defense - Q3 2024 [Phase 3],Google Search Ads - Enterprise Intent,Paid Search,Global AI/ML Research Scientists,Western Europe,38100.0,304895,10214,3.35,308,123.7,216,90,832688.69,37,284226.0,7.46,1029.73,646.0,2024-01-21,2024-03-13,Completed
CAMP-2024-00363,Cloud Cost Optimization 40% - Q4 2024 [Phase 1],Regional Strategic Partner Co-Marketing,Partner Co-Op,SMB Growth Tech Founders,Global Multi-Region,69700.0,660929,20621,3.12,1044,66.76,747,331,4046282.83,97,1062228.0,15.24,718.56,1424.0,2026-02-22,2026-04-02,Completed
CAMP-2024-00364,Automated Compliance & SOC2 - Q1 2024 [Phase 2],Developer Hackathons & Open Source Grants,Community,Fortune 500 CTOs & VP Infrastructure,ANZ,16400.0,51175,3787,7.4,480,34.17,303,134,820589.48,26,223368.0,13.62,630.77,1262.0,2025-04-27,2025-06-22,Completed
CAMP-2024-00365,Real-Time Telemetry at Scale - Q2 2024 [Phase 3],Regional Strategic Partner Co-Marketing,Partner Co-Op,Enterprise Data Engineering Leads,Western Europe,82400.0,388490,15695,4.04,1167,70.61,536,205,4354099.16,78,1205512.0,14.63,1056.41,1363.0,2026-03-16,2026-05-09,Completed
CAMP-2024-00366,Quantum-Safe Cryptography Suite - Q3 2024 [Phase 1],YouTube Deep-Dive Tech Architecture,Video Marketing,SMB Growth Tech Founders,North America,42600.0,94051,2925,3.11,408,104.41,196,52,2495265.61,21,508644.0,11.94,2028.57,1094.0,2026-01-14,2026-02-25,Completed
CAMP-2024-00367,Edge AI for Smart Robotics - Q4 2024 [Phase 2],Virtual Tech Demos & Hands-on Webinars,Owned Events,Retail E-Commerce Engineering Directors,Middle East,51000.0,95562,5944,6.22,815,62.58,358,137,1772485.88,27,417180.0,8.18,1888.89,718.0,2025-07-10,2025-08-12,Completed
CAMP-2024-00368,GenAI Enterprise Copilot Accelerator - Q1 2024 [Phase 3],Programmatic Account-Based Display (ABM),ABM Display,Cloud Native DevOps & SRE Architects,Global Multi-Region,42900.0,482525,9554,1.98,159,269.81,82,38,1248225.12,12,332046.0,7.74,3575.0,674.0,2025-06-06,2025-08-30,Completed
CAMP-2024-00369,Unified Customer 360 AI - Q2 2024 [Phase 1],Tech Podcast Host-Read Sponsorship,Audio & Podcasts,Cloud Native DevOps & SRE Architects,Latin America,64400.0,314393,10878,3.46,861,74.8,463,126,3224138.94,45,792764.0,12.31,1431.11,1131.0,2024-01-08,2024-03-04,Completed
CAMP-2024-00370,Developer Productivity Blitz - Q3 2024 [Phase 2],Developer Hackathons & Open Source Grants,Community,FinTech Chief Information Security Officers (CISO),APAC (Japan/Taiwan/SG),78500.0,59444,4815,8.1,1706,46.01,1125,406,6192186.12,178,1882430.0,23.98,441.01,2298.0,2026-03-03,2026-05-08,Completed
CAMP-2024-00371,GenAI Enterprise Copilot Accelerator - Q4 2024 [Phase 3],Tech Podcast Host-Read Sponsorship,Audio & Podcasts,Global AI/ML Research Scientists,Global Multi-Region,32600.0,320882,9819,3.06,365,89.32,168,49,813533.47,14,249064.0,7.64,2328.57,664.0,2024-10-11,2024-12-22,Completed
CAMP-2024-00372,High-Throughput Streaming Engine - Q1 2024 [Phase 1],Gartner & Forrester Summit Sponsorships,Events & Conferences,FinTech Chief Information Security Officers (CISO),ANZ,89300.0,567857,10335,1.82,217,411.52,115,45,2250901.38,11,582236.0,6.52,8118.18,552.0,2025-10-06,2025-11-23,Completed
CAMP-2024-00373,Developer Productivity Blitz - Q2 2024 [Phase 2],Executive Newsletter Sponsorships,Sponsored Content,Healthcare & Life Sciences Tech Leads,APAC (Japan/Taiwan/SG),31100.0,38905,1813,4.66,410,75.85,193,64,1364940.16,16,423582.0,13.62,1943.75,1262.0,2024-05-13,2024-06-25,Completed
CAMP-2024-00374,Developer Productivity Blitz - Q3 2024 [Phase 3],Google Search Ads - Enterprise Intent,Paid Search,Enterprise Data Engineering Leads,Middle East,53100.0,152694,4703,3.08,452,117.48,256,136,1664460.82,44,350460.0,6.6,1206.82,560.0,2025-09-16,2025-11-06,Completed
CAMP-2024-00375,Zero-Trust Perimeter Defense - Q4 2024 [Phase 1],Programmatic Account-Based Display (ABM),ABM Display,SMB Growth Tech Founders,North America,25600.0,148521,1708,1.15,97,263.92,66,20,707589.25,6,169216.0,6.61,4266.67,561.0,2025-11-03,2026-01-21,Completed
CAMP-2024-00376,Kubernetes Multi-Cloud Mesh - Q1 2024 [Phase 2],Technical SEO & Pillar Blog Content,Organic Content,SMB Growth Tech Founders,APAC (Japan/Taiwan/SG),36800.0,167357,8803,5.26,967,38.06,685,178,2572339.33,39,640688.0,17.41,943.59,1641.0,2025-07-30,2025-10-21,Completed
CAMP-2024-00377,Cloud Cost Optimization 40% - Q2 2024 [Phase 3],Gartner & Forrester Summit Sponsorships,Events & Conferences,Global AI/ML Research Scientists,Middle East,86500.0,336526,5620,1.67,227,381.06,156,56,2062104.03,13,693730.0,8.02,6653.85,702.0,2025-11-25,2026-01-01,Completed
CAMP-2024-00378,Edge AI for Smart Robotics - Q3 2024 [Phase 1],Technical SEO & Pillar Blog Content,Organic Content,Global AI/ML Research Scientists,North America,15100.0,15733,955,6.07,555,27.21,280,128,1533701.65,43,382181.0,25.31,351.16,2431.0,2024-05-07,2024-07-14,Completed
CAMP-2024-00379,GenAI Enterprise Copilot Accelerator - Q4 2024 [Phase 2],Programmatic Account-Based Display (ABM),ABM Display,Fortune 500 CTOs & VP Infrastructure,APAC (Japan/Taiwan/SG),51200.0,580753,11557,1.99,239,214.23,156,85,655774.94,37,256512.0,5.01,1383.78,401.0,2024-09-13,2024-10-25,Completed
CAMP-2024-00380,GenAI Enterprise Copilot Accelerator - Q1 2024 [Phase 3],YouTube Deep-Dive Tech Architecture,Video Marketing,FinTech Chief Information Security Officers (CISO),Western Europe,91900.0,204881,6925,3.38,1344,68.38,982,432,3028576.48,191,701197.0,7.63,481.15,663.0,2025-08-05,2025-10-17,Completed
CAMP-2024-00381,Next-Gen Lakehouse Migration - Q2 2024 [Phase 1],Technical SEO & Pillar Blog Content,Organic Content,Global AI/ML Research Scientists,Western Europe,34500.0,98970,5958,6.02,1246,27.69,701,185,2977048.62,62,987045.0,28.61,556.45,2761.0,2024-08-02,2024-10-18,Completed
CAMP-2024-00382,Unified Customer 360 AI - Q3 2024 [Phase 2],Developer Hackathons & Open Source Grants,Community,Enterprise Data Engineering Leads,Middle East,74500.0,141868,11236,7.92,2001,37.23,1269,401,2881097.81,178,1032570.0,13.86,418.54,1286.0,2024-01-02,2024-03-14,Completed
CAMP-2024-00383,Zero-Trust Perimeter Defense - Q4 2024 [Phase 3],Virtual Tech Demos & Hands-on Webinars,Owned Events,Enterprise Data Engineering Leads,Middle East,87300.0,231615,13619,5.88,1760,49.6,1031,308,2749063.77,105,778716.0,8.92,831.43,792.0,2024-04-09,2024-06-05,Completed
CAMP-2024-00384,Cloud Cost Optimization 40% - Q1 2024 [Phase 1],Virtual Tech Demos & Hands-on Webinars,Owned Events,Cloud Native DevOps & SRE Architects,Western Europe,66600.0,137443,9085,6.61,1010,65.94,717,231,3463942.66,57,849816.0,12.76,1168.42,1176.0,2025-05-03,2025-07-17,Completed
CAMP-2024-00385,Kubernetes Multi-Cloud Mesh - Q2 2024 [Phase 2],LinkedIn B2B Sponsored Content & InMail,Paid Social,FinTech Chief Information Security Officers (CISO),Global Multi-Region,85200.0,631568,16105,2.55,472,180.51,313,163,2514849.67,48,783840.0,9.2,1775.0,820.0,2026-05-27,2026-07-21,Completed
CAMP-2024-00386,Cloud Cost Optimization 40% - Q3 2024 [Phase 3],Technical SEO & Pillar Blog Content,Organic Content,Fortune 500 CTOs & VP Infrastructure,Global Multi-Region,75100.0,387538,22826,5.89,1974,38.04,1167,634,4186731.39,228,1489984.0,19.84,329.39,1884.0,2025-10-02,2025-12-01,Completed
CAMP-2024-00387,Next-Gen Lakehouse Migration - Q4 2024 [Phase 1],Developer Hackathons & Open Source Grants,Community,SMB Growth Tech Founders,Western Europe,31000.0,124204,9365,7.54,998,31.06,546,217,2282019.7,61,622480.0,20.08,508.2,1908.0,2025-01-06,2025-02-25,Completed
CAMP-2024-00388,Next-Gen Lakehouse Migration - Q1 2024 [Phase 2],Virtual Tech Demos & Hands-on Webinars,Owned Events,Healthcare & Life Sciences Tech Leads,APAC (Japan/Taiwan/SG),67200.0,184317,8368,4.54,1208,55.63,570,250,2433896.89,79,532896.0,7.93,850.63,693.0,2024-09-22,2024-10-16,Completed
CAMP-2024-00389,Zero-Trust Perimeter Defense - Q2 2024 [Phase 3],Programmatic Account-Based Display (ABM),ABM Display,SMB Growth Tech Founders,Latin America,40600.0,136536,2444,1.79,218,186.24,111,37,1081530.46,13,254156.0,6.26,3123.08,526.0,2026-02-28,2026-05-23,Completed
CAMP-2024-00390,Zero-Trust Perimeter Defense - Q3 2024 [Phase 1],LinkedIn B2B Sponsored Content & InMail,Paid Social,SMB Growth Tech Founders,ANZ,41500.0,94660,3067,3.24,226,183.63,155,80,884594.26,16,331170.0,7.98,2593.75,698.0,2024-04-12,2024-05-19,Completed
CAMP-2024-00391,Edge AI for Smart Robotics - Q4 2024 [Phase 2],Developer Hackathons & Open Source Grants,Community,FinTech Chief Information Security Officers (CISO),North America,46700.0,63841,4022,6.3,1006,46.42,438,159,2338332.92,57,621577.0,13.31,819.3,1231.0,2024-03-14,2024-04-07,Completed
CAMP-2024-00392,Quantum-Safe Cryptography Suite - Q1 2024 [Phase 3],Developer Hackathons & Open Source Grants,Community,Global AI/ML Research Scientists,Middle East,69000.0,65332,5697,8.72,2292,30.1,1699,590,2368314.16,217,812820.0,11.78,317.97,1078.0,2025-11-22,2026-01-12,Completed
CAMP-2024-00393,Cloud Cost Optimization 40% - Q2 2024 [Phase 1],Programmatic Account-Based Display (ABM),ABM Display,FinTech Chief Information Security Officers (CISO),APAC (Japan/Taiwan/SG),42500.0,165416,2382,1.44,260,163.46,183,99,1120942.87,37,308125.0,7.25,1148.65,625.0,2025-05-24,2025-07-16,Completed
CAMP-2024-00394,High-Throughput Streaming Engine - Q3 2024 [Phase 2],YouTube Deep-Dive Tech Architecture,Video Marketing,Retail E-Commerce Engineering Directors,APAC (Japan/Taiwan/SG),34000.0,383590,12927,3.37,466,72.96,193,105,1212626.54,35,365160.0,10.74,971.43,974.0,2024-10-26,2024-12-18,Completed
CAMP-2024-00395,High-Throughput Streaming Engine - Q4 2024 [Phase 3],Regional Strategic Partner Co-Marketing,Partner Co-Op,Enterprise Data Engineering Leads,ANZ,43600.0,131564,4960,3.77,843,51.72,618,172,1690772.34,52,654872.0,15.02,838.46,1402.0,2025-09-04,2025-10-17,Completed
CAMP-2024-00396,Automated Compliance & SOC2 - Q1 2024 [Phase 1],Virtual Tech Demos & Hands-on Webinars,Owned Events,FinTech Chief Information Security Officers (CISO),Middle East,92900.0,117076,7048,6.02,1232,75.41,753,305,5958199.26,78,1368417.0,14.73,1191.03,1373.0,2025-11-18,2025-12-20,Completed
CAMP-2024-00397,Unified Customer 360 AI - Q2 2024 [Phase 2],Tech Podcast Host-Read Sponsorship,Audio & Podcasts,Retail E-Commerce Engineering Directors,APAC (Japan/Taiwan/SG),42300.0,89158,2648,2.97,570,74.21,299,88,1358602.24,19,399735.0,9.45,2226.32,845.0,2024-01-16,2024-03-20,Completed
CAMP-2024-00398,High-Throughput Streaming Engine - Q3 2024 [Phase 3],Developer Hackathons & Open Source Grants,Community,Cloud Native DevOps & SRE Architects,Western Europe,94400.0,173913,10000,5.75,2274,41.51,1216,356,3913604.07,103,1169616.0,12.39,916.5,1139.0,2025-09-08,2025-10-03,Completed
CAMP-2024-00399,Real-Time Telemetry at Scale - Q4 2024 [Phase 1],Executive Newsletter Sponsorships,Sponsored Content,Healthcare & Life Sciences Tech Leads,APAC (Japan/Taiwan/SG),26900.0,35856,1653,4.61,279,96.42,135,41,1074312.57,10,360191.0,13.39,2690.0,1239.0,2024-06-12,2024-07-13,Completed
CAMP-2024-00400,Real-Time Telemetry at Scale - Q1 2024 [Phase 2],Technical SEO & Pillar Blog Content,Organic Content,Cloud Native DevOps & SRE Architects,APAC (Japan/Taiwan/SG),53800.0,271978,14986,5.51,1383,38.9,706,315,6545494.25,72,1318100.0,24.5,747.22,2350.0,2025-10-29,2025-12-06,Completed
CAMP-2024-00401,Zero-Trust Perimeter Defense - Q2 2024 [Phase 3],YouTube Deep-Dive Tech Architecture,Video Marketing,Enterprise Data Engineering Leads,Middle East,7200.0,27003,748,2.77,63,114.29,26,6,185140.41,2,67320.0,9.35,3600.0,835.0,2024-04-30,2024-05-24,Completed
CAMP-2024-00402,High-Throughput Streaming Engine - Q3 2024 [Phase 1],Tech Podcast Host-Read Sponsorship,Audio & Podcasts,Fortune 500 CTOs & VP Infrastructure,Latin America,58900.0,272809,8157,2.99,1037,56.8,466,252,2180660.89,54,752742.0,12.78,1090.74,1178.0,2025-10-18,2025-11-13,Completed
CAMP-2024-00403,Real-Time Telemetry at Scale - Q4 2024 [Phase 2],Programmatic Account-Based Display (ABM),ABM Display,Enterprise Data Engineering Leads,Latin America,10000.0,62513,1169,1.87,45,222.22,24,7,315847.59,1,65300.0,6.53,10000.0,553.0,2024-03-07,2024-04-19,Completed
CAMP-2024-00404,Zero-Trust Perimeter Defense - Q1 2024 [Phase 3],YouTube Deep-Dive Tech Architecture,Video Marketing,Enterprise Data Engineering Leads,Latin America,22400.0,54181,1257,2.32,327,68.5,219,88,1272366.49,21,257152.0,11.48,1066.67,1048.0,2024-04-02,2024-06-04,Completed
CAMP-2024-00405,Kubernetes Multi-Cloud Mesh - Q2 2024 [Phase 1],Programmatic Account-Based Display (ABM),ABM Display,FinTech Chief Information Security Officers (CISO),Western Europe,76400.0,410072,5659,1.38,397,192.44,264,81,1234382.7,27,328520.0,4.3,2829.63,330.0,2025-07-22,2025-09-27,Completed
CAMP-2024-00406,Automated Compliance & SOC2 - Q3 2024 [Phase 2],Developer Hackathons & Open Source Grants,Community,Global AI/ML Research Scientists,Western Europe,29500.0,50892,3593,7.06,658,44.83,489,187,2047096.45,41,424800.0,14.4,719.51,1340.0,2025-04-03,2025-06-07,Completed
CAMP-2024-00407,Quantum-Safe Cryptography Suite - Q4 2024 [Phase 3],Developer Hackathons & Open Source Grants,Community,FinTech Chief Information Security Officers (CISO),Latin America,85100.0,91647,7121,7.77,2231,38.14,917,405,6389854.97,154,1847521.0,21.71,552.6,2071.0,2026-03-21,2026-05-06,Completed
CAMP-2024-00408,Automated Compliance & SOC2 - Q1 2024 [Phase 1],Executive Newsletter Sponsorships,Sponsored Content,Global AI/ML Research Scientists,ANZ,46200.0,125248,4797,3.83,503,91.85,273,135,2572098.96,38,675906.0,14.63,1215.79,1363.0,2025-06-15,2025-07-26,Completed
CAMP-2024-00409,Next-Gen Lakehouse Migration - Q2 2024 [Phase 2],Tech Podcast Host-Read Sponsorship,Audio & Podcasts,Retail E-Commerce Engineering Directors,Latin America,4100.0,8251,236,2.86,70,58.57,29,7,300138.53,1,61336.0,14.96,4100.0,1396.0,2024-07-20,2024-09-30,Completed
CAMP-2024-00410,Kubernetes Multi-Cloud Mesh - Q3 2024 [Phase 3],Executive Newsletter Sponsorships,Sponsored Content,Enterprise Data Engineering Leads,Latin America,26200.0,73520,4448,6.05,362,72.38,227,57,1218329.3,14,338504.0,12.92,1871.43,1192.0,2026-01-03,2026-03-26,Completed
CAMP-2024-00411,High-Throughput Streaming Engine - Q4 2024 [Phase 1],Virtual Tech Demos & Hands-on Webinars,Owned Events,Retail E-Commerce Engineering Directors,Global Multi-Region,67600.0,81373,5273,6.48,1173,57.63,552,219,3109844.61,46,699660.0,10.35,1469.57,935.0,2025-08-13,2025-09-20,Completed
CAMP-2024-00412,Next-Gen Lakehouse Migration - Q1 2024 [Phase 2],Executive Newsletter Sponsorships,Sponsored Content,FinTech Chief Information Security Officers (CISO),APAC (Japan/Taiwan/SG),50600.0,93726,3496,3.73,609,83.09,428,140,2493288.94,33,816684.0,16.14,1533.33,1514.0,2026-06-03,2026-06-26,Completed
CAMP-2024-00413,Real-Time Telemetry at Scale - Q2 2024 [Phase 3],Programmatic Account-Based Display (ABM),ABM Display,Enterprise Data Engineering Leads,APAC (Japan/Taiwan/SG),46300.0,269256,3258,1.21,205,225.85,85,42,1118304.44,11,376882.0,8.14,4209.09,714.0,2025-10-24,2025-12-15,Completed
CAMP-2024-00414,Edge AI for Smart Robotics - Q3 2024 [Phase 1],YouTube Deep-Dive Tech Architecture,Video Marketing,Healthcare & Life Sciences Tech Leads,North America,4800.0,13822,405,2.93,64,75.0,38,14,159449.65,5,36864.0,7.68,960.0,668.0,2025-11-02,2026-01-05,Completed
CAMP-2024-00415,Automated Compliance & SOC2 - Q4 2024 [Phase 2],Developer Hackathons & Open Source Grants,Community,FinTech Chief Information Security Officers (CISO),Western Europe,87800.0,84739,5686,6.71,1802,48.72,1098,586,5299921.23,203,1139644.0,12.98,432.51,1198.0,2026-04-02,2026-04-26,Completed
CAMP-2024-00416,Automated Compliance & SOC2 - Q1 2024 [Phase 3],Tech Podcast Host-Read Sponsorship,Audio & Podcasts,Fortune 500 CTOs & VP Infrastructure,Global Multi-Region,45200.0,145506,5311,3.65,496,91.13,257,115,1634719.05,25,467820.0,10.35,1808.0,935.0,2025-09-11,2025-11-30,Completed
CAMP-2024-00417,GenAI Enterprise Copilot Accelerator - Q2 2024 [Phase 1],YouTube Deep-Dive Tech Architecture,Video Marketing,FinTech Chief Information Security Officers (CISO),APAC (Japan/Taiwan/SG),93000.0,248647,8454,3.4,1219,76.29,840,246,3374189.51,59,705870.0,7.59,1576.27,659.0,2025-08-26,2025-10-17,Completed
CAMP-2024-00418,GenAI Enterprise Copilot Accelerator - Q3 2024 [Phase 2],Google Search Ads - Enterprise Intent,Paid Search,Fortune 500 CTOs & VP Infrastructure,Global Multi-Region,21600.0,52784,1763,3.34,194,111.34,134,51,952577.82,20,192888.0,8.93,1080.0,793.0,2025-11-13,2026-02-07,Completed
CAMP-2024-00419,High-Throughput Streaming Engine - Q4 2024 [Phase 3],Regional Strategic Partner Co-Marketing,Partner Co-Op,Cloud Native DevOps & SRE Architects,Middle East,24400.0,31995,1475,4.61,519,47.01,272,82,1108477.34,16,401868.0,16.47,1525.0,1547.0,2025-08-04,2025-08-28,Completed
CAMP-2024-00420,High-Throughput Streaming Engine - Q1 2024 [Phase 1],Tech Podcast Host-Read Sponsorship,Audio & Podcasts,SMB Growth Tech Founders,Latin America,82400.0,215387,6397,2.97,1078,76.44,694,322,5327085.43,121,1136296.0,13.79,680.99,1279.0,2024-01-08,2024-03-28,Completed
CAMP-2024-00421,Zero-Trust Perimeter Defense - Q2 2024 [Phase 2],Developer Hackathons & Open Source Grants,Community,Global AI/ML Research Scientists,Middle East,27600.0,24363,2010,8.25,809,34.12,456,212,1075424.59,64,326232.0,11.82,431.25,1082.0,2024-12-23,2025-03-22,Completed
CAMP-2024-00422,Zero-Trust Perimeter Defense - Q3 2024 [Phase 3],Google Search Ads - Enterprise Intent,Paid Search,Retail E-Commerce Engineering Directors,Latin America,17400.0,155044,5194,3.35,192,90.62,90,38,368513.17,7,129108.0,7.42,2485.71,642.0,2024-09-11,2024-10-04,Completed
CAMP-2024-00423,Automated Compliance & SOC2 - Q4 2024 [Phase 1],Developer Hackathons & Open Source Grants,Community,Fortune 500 CTOs & VP Infrastructure,Global Multi-Region,40200.0,39930,2879,7.21,1290,31.16,809,314,2363977.26,102,494862.0,12.31,394.12,1131.0,2025-07-07,2025-09-27,Completed
CAMP-2024-00424,Automated Compliance & SOC2 - Q1 2024 [Phase 2],Tech Podcast Host-Read Sponsorship,Audio & Podcasts,Global AI/ML Research Scientists,North America,37100.0,62808,2594,4.13,555,66.85,290,155,2313644.96,41,490462.0,13.22,904.88,1222.0,2024-01-28,2024-02-22,Completed
CAMP-2024-00425,Edge AI for Smart Robotics - Q2 2024 [Phase 3],Regional Strategic Partner Co-Marketing,Partner Co-Op,Retail E-Commerce Engineering Directors,ANZ,49600.0,163248,7085,4.34,771,64.33,467,179,2946060.37,67,966208.0,19.48,740.3,1848.0,2025-06-07,2025-08-22,Completed
CAMP-2024-00426,Zero-Trust Perimeter Defense - Q3 2024 [Phase 1],YouTube Deep-Dive Tech Architecture,Video Marketing,SMB Growth Tech Founders,Middle East,51600.0,119426,4168,3.49,638,80.88,321,104,2750894.48,41,593400.0,11.5,1258.54,1050.0,2024-03-22,2024-06-13,Completed
CAMP-2024-00427,Developer Productivity Blitz - Q4 2024 [Phase 2],Gartner & Forrester Summit Sponsorships,Events & Conferences,Fortune 500 CTOs & VP Infrastructure,APAC (Japan/Taiwan/SG),42600.0,259756,4260,1.64,112,380.36,81,44,1613658.69,12,364230.0,8.55,3550.0,755.0,2024-04-03,2024-05-27,Completed
CAMP-2024-00428,GenAI Enterprise Copilot Accelerator - Q1 2024 [Phase 3],Executive Newsletter Sponsorships,Sponsored Content,Cloud Native DevOps & SRE Architects,APAC (Japan/Taiwan/SG),59100.0,197477,8768,4.44,727,81.29,461,164,4922846.67,71,1068528.0,18.08,832.39,1708.0,2026-02-01,2026-04-17,Completed
CAMP-2024-00429,Real-Time Telemetry at Scale - Q2 2024 [Phase 1],Technical SEO & Pillar Blog Content,Organic Content,SMB Growth Tech Founders,Global Multi-Region,47200.0,59740,2993,5.01,1122,42.07,552,197,3517467.1,78,943056.0,19.98,605.13,1898.0,2024-09-01,2024-11-15,Completed
CAMP-2024-00430,High-Throughput Streaming Engine - Q3 2024 [Phase 2],Programmatic Account-Based Display (ABM),ABM Display,FinTech Chief Information Security Officers (CISO),Latin America,32200.0,194031,2503,1.29,157,205.1,82,26,760975.01,8,159068.0,4.94,4025.0,394.0,2025-11-27,2026-01-16,Completed
CAMP-2024-00431,Zero-Trust Perimeter Defense - Q4 2024 [Phase 3],Tech Podcast Host-Read Sponsorship,Audio & Podcasts,Healthcare & Life Sciences Tech Leads,Global Multi-Region,59400.0,309886,10939,3.53,757,78.47,303,95,2464621.61,19,724086.0,12.19,3126.32,1119.0,2026-05-06,2026-05-23,Completed
CAMP-2024-00432,Automated Compliance & SOC2 - Q1 2024 [Phase 1],Regional Strategic Partner Co-Marketing,Partner Co-Op,Healthcare & Life Sciences Tech Leads,APAC (Japan/Taiwan/SG),67300.0,132774,4116,3.1,1230,54.72,519,269,2120461.83,58,720110.0,10.7,1160.34,970.0,2025-05-11,2025-07-09,Completed
CAMP-2024-00433,Developer Productivity Blitz - Q2 2024 [Phase 2],Regional Strategic Partner Co-Marketing,Partner Co-Op,Fortune 500 CTOs & VP Infrastructure,Western Europe,29000.0,57581,1762,3.06,480,60.42,294,142,1185892.66,45,328860.0,11.34,644.44,1034.0,2024-03-07,2024-04-06,Completed
CAMP-2024-00434,Automated Compliance & SOC2 - Q3 2024 [Phase 3],Gartner & Forrester Summit Sponsorships,Events & Conferences,Cloud Native DevOps & SRE Architects,Middle East,78100.0,234598,4387,1.87,262,298.09,156,42,2773316.55,9,625581.0,8.01,8677.78,701.0,2026-05-09,2026-06-07,Completed
CAMP-2024-00435,Unified Customer 360 AI - Q4 2024 [Phase 1],Programmatic Account-Based Display (ABM),ABM Display,Cloud Native DevOps & SRE Architects,ANZ,77300.0,272848,4502,1.65,367,210.63,194,81,782759.24,28,304562.0,3.94,2760.71,294.0,2024-03-19,2024-06-11,Completed
CAMP-2024-00436,Real-Time Telemetry at Scale - Q1 2024 [Phase 2],Programmatic Account-Based Display (ABM),ABM Display,Fortune 500 CTOs & VP Infrastructure,Latin America,80300.0,332810,6157,1.85,315,254.92,202,91,1071196.5,27,362956.0,4.52,2974.07,352.0,2026-05-31,2026-08-07,Active
CAMP-2024-00437,Cloud Cost Optimization 40% - Q2 2024 [Phase 3],Google Search Ads - Enterprise Intent,Paid Search,FinTech Chief Information Security Officers (CISO),APAC (Japan/Taiwan/SG),19000.0,201201,5191,2.58,155,122.58,100,33,599885.45,8,159410.0,8.39,2375.0,739.0,2025-09-24,2025-11-19,Completed
CAMP-2024-00438,Kubernetes Multi-Cloud Mesh - Q3 2024 [Phase 1],Google Search Ads - Enterprise Intent,Paid Search,Fortune 500 CTOs & VP Infrastructure,ANZ,12100.0,93557,2367,2.53,77,157.14,32,16,354789.04,5,109747.0,9.07,2420.0,807.0,2024-01-07,2024-03-19,Completed
CAMP-2024-00439,Unified Customer 360 AI - Q4 2024 [Phase 2],Virtual Tech Demos & Hands-on Webinars,Owned Events,Fortune 500 CTOs & VP Infrastructure,Global Multi-Region,63300.0,106455,4205,3.95,805,78.63,542,197,1557531.22,58,453861.0,7.17,1091.38,617.0,2025-10-14,2025-12-16,Completed
CAMP-2024-00440,Zero-Trust Perimeter Defense - Q1 2024 [Phase 3],Google Search Ads - Enterprise Intent,Paid Search,Fortune 500 CTOs & VP Infrastructure,Global Multi-Region,5500.0,50605,1589,3.14,43,127.91,30,9,220730.58,2,53845.0,9.79,2750.0,879.0,2024-10-23,2025-01-18,Completed
CAMP-2024-00441,GenAI Enterprise Copilot Accelerator - Q2 2024 [Phase 1],YouTube Deep-Dive Tech Architecture,Video Marketing,SMB Growth Tech Founders,ANZ,16000.0,28053,951,3.39,180,88.89,116,55,626269.78,22,206720.0,12.92,727.27,1192.0,2024-09-16,2024-11-02,Completed
CAMP-2024-00442,Unified Customer 360 AI - Q3 2024 [Phase 2],Regional Strategic Partner Co-Marketing,Partner Co-Op,Cloud Native DevOps & SRE Architects,ANZ,76600.0,218920,9129,4.17,1137,67.37,608,191,2381314.97,47,811194.0,10.59,1629.79,959.0,2026-05-24,2026-07-14,Completed
CAMP-2024-00443,Edge AI for Smart Robotics - Q4 2024 [Phase 3],Developer Hackathons & Open Source Grants,Community,Retail E-Commerce Engineering Directors,Western Europe,63200.0,123817,9212,7.44,1726,36.62,1261,334,2383325.17,85,846248.0,13.39,743.53,1239.0,2025-11-26,2026-01-14,Completed
CAMP-2024-00444,Unified Customer 360 AI - Q1 2024 [Phase 1],YouTube Deep-Dive Tech Architecture,Video Marketing,SMB Growth Tech Founders,Latin America,81700.0,151740,5144,3.39,809,100.99,483,223,2310612.0,73,656051.0,8.03,1119.18,703.0,2025-02-09,2025-03-12,Completed
CAMP-2024-00445,Automated Compliance & SOC2 - Q2 2024 [Phase 2],Gartner & Forrester Summit Sponsorships,Events & Conferences,FinTech Chief Information Security Officers (CISO),Middle East,73500.0,175485,4159,2.37,257,285.99,142,64,2264140.41,21,672525.0,9.15,3500.0,815.0,2025-06-21,2025-09-18,Completed
CAMP-2024-00446,Developer Productivity Blitz - Q3 2024 [Phase 3],Google Search Ads - Enterprise Intent,Paid Search,Enterprise Data Engineering Leads,APAC (Japan/Taiwan/SG),67900.0,252951,9941,3.93,448,151.56,223,69,2334135.78,26,550669.0,8.11,2611.54,711.0,2024-07-08,2024-07-22,Completed
CAMP-2024-00447,Edge AI for Smart Robotics - Q4 2024 [Phase 1],Regional Strategic Partner Co-Marketing,Partner Co-Op,Fortune 500 CTOs & VP Infrastructure,APAC (Japan/Taiwan/SG),59900.0,166991,5661,3.39,1312,45.66,703,232,3468192.42,90,799066.0,13.34,665.56,1234.0,2024-07-19,2024-09-20,Completed
CAMP-2024-00448,Cloud Cost Optimization 40% - Q1 2024 [Phase 2],LinkedIn B2B Sponsored Content & InMail,Paid Social,Enterprise Data Engineering Leads,Latin America,26800.0,51475,1570,3.05,127,211.02,84,37,938307.93,10,282204.0,10.53,2680.0,953.0,2024-03-16,2024-04-10,Completed
CAMP-2024-00449,Kubernetes Multi-Cloud Mesh - Q2 2024 [Phase 3],Executive Newsletter Sponsorships,Sponsored Content,Cloud Native DevOps & SRE Architects,Global Multi-Region,46000.0,46666,2590,5.55,585,78.63,268,116,2714958.3,40,572700.0,12.45,1150.0,1145.0,2025-05-02,2025-06-02,Completed
CAMP-2024-00450,Real-Time Telemetry at Scale - Q3 2024 [Phase 1],YouTube Deep-Dive Tech Architecture,Video Marketing,Enterprise Data Engineering Leads,Middle East,89400.0,585968,14825,2.53,1295,69.03,936,407,3563359.25,79,765264.0,8.56,1131.65,756.0,2024-04-12,2024-05-23,Completed
CAMP-2024-00451,GenAI Enterprise Copilot Accelerator - Q4 2024 [Phase 2],YouTube Deep-Dive Tech Architecture,Video Marketing,Enterprise Data Engineering Leads,North America,51000.0,98434,3583,3.64,515,99.03,265,88,2039272.77,20,638520.0,12.52,2550.0,1152.0,2025-08-31,2025-10-28,Completed
CAMP-2024-00452,Edge AI for Smart Robotics - Q1 2024 [Phase 3],Virtual Tech Demos & Hands-on Webinars,Owned Events,Global AI/ML Research Scientists,Latin America,71500.0,146199,7193,4.92,1141,62.66,687,318,2442162.48,86,508365.0,7.11,831.4,611.0,2026-03-25,2026-05-09,Completed
CAMP-2024-00453,Unified Customer 360 AI - Q2 2024 [Phase 1],YouTube Deep-Dive Tech Architecture,Video Marketing,SMB Growth Tech Founders,Western Europe,47100.0,192822,5534,2.87,511,92.17,296,114,1539307.26,39,530346.0,11.26,1207.69,1026.0,2024-02-29,2024-05-15,Completed
CAMP-2024-00454,High-Throughput Streaming Engine - Q3 2024 [Phase 2],Google Search Ads - Enterprise Intent,Paid Search,Fortune 500 CTOs & VP Infrastructure,Global Multi-Region,22400.0,107009,4366,4.08,196,114.29,91,30,661471.83,12,164640.0,7.35,1866.67,635.0,2025-04-02,2025-06-17,Completed
CAMP-2024-00455,Developer Productivity Blitz - Q4 2024 [Phase 3],Programmatic Account-Based Display (ABM),ABM Display,Retail E-Commerce Engineering Directors,Global Multi-Region,80900.0,731034,12720,1.74,308,262.66,225,67,1335040.58,30,338971.0,4.19,2696.67,319.0,2025-08-24,2025-11-06,Completed
CAMP-2024-00456,Quantum-Safe Cryptography Suite - Q1 2024 [Phase 1],LinkedIn B2B Sponsored Content & InMail,Paid Social,Healthcare & Life Sciences Tech Leads,ANZ,81800.0,463870,8628,1.86,397,206.05,189,51,1635600.68,10,465442.0,5.69,8180.0,469.0,2025-06-02,2025-07-03,Completed
CAMP-2024-00457,Next-Gen Lakehouse Migration - Q2 2024 [Phase 2],Programmatic Account-Based Display (ABM),ABM Display,Fortune 500 CTOs & VP Infrastructure,Global Multi-Region,56900.0,704444,8876,1.26,224,254.02,125,51,866820.16,20,236135.0,4.15,2845.0,315.0,2025-05-24,2025-06-16,Completed
CAMP-2024-00458,Unified Customer 360 AI - Q3 2024 [Phase 3],Tech Podcast Host-Read Sponsorship,Audio & Podcasts,Enterprise Data Engineering Leads,Western Europe,51800.0,304166,8395,2.76,668,77.54,388,128,3092367.75,54,763014.0,14.73,959.26,1373.0,2024-02-19,2024-04-15,Completed
CAMP-2024-00459,Unified Customer 360 AI - Q4 2024 [Phase 1],Tech Podcast Host-Read Sponsorship,Audio & Podcasts,Fortune 500 CTOs & VP Infrastructure,APAC (Japan/Taiwan/SG),21700.0,38750,1333,3.44,313,69.33,173,68,945155.44,28,325500.0,15.0,775.0,1400.0,2024-12-22,2025-01-21,Completed
CAMP-2024-00460,Zero-Trust Perimeter Defense - Q1 2024 [Phase 2],Programmatic Account-Based Display (ABM),ABM Display,Retail E-Commerce Engineering Directors,ANZ,17300.0,101709,1190,1.17,79,218.99,36,10,334711.86,2,119197.0,6.89,8650.0,589.0,2026-01-29,2026-04-17,Completed
CAMP-2024-00461,Zero-Trust Perimeter Defense - Q2 2024 [Phase 3],Tech Podcast Host-Read Sponsorship,Audio & Podcasts,Cloud Native DevOps & SRE Architects,Latin America,77800.0,293979,8790,2.99,814,95.58,353,148,3507623.7,51,761662.0,9.79,1525.49,879.0,2024-08-12,2024-11-10,Completed
CAMP-2024-00462,Kubernetes Multi-Cloud Mesh - Q3 2024 [Phase 1],Technical SEO & Pillar Blog Content,Organic Content,SMB Growth Tech Founders,ANZ,77300.0,135000,9180,6.8,1701,45.44,853,325,4628767.79,80,1305597.0,16.89,966.25,1589.0,2024-11-10,2025-01-03,Completed
CAMP-2024-00463,Automated Compliance & SOC2 - Q4 2024 [Phase 2],Virtual Tech Demos & Hands-on Webinars,Owned Events,FinTech Chief Information Security Officers (CISO),APAC (Japan/Taiwan/SG),42300.0,163224,8961,5.49,674,62.76,490,200,1652794.66,74,530019.0,12.53,571.62,1153.0,2024-10-04,2024-11-25,Completed
CAMP-2024-00464,Unified Customer 360 AI - Q1 2024 [Phase 3],Tech Podcast Host-Read Sponsorship,Audio & Podcasts,FinTech Chief Information Security Officers (CISO),Western Europe,34100.0,128351,3581,2.79,428,79.67,258,80,1841394.57,23,479105.0,14.05,1482.61,1305.0,2024-09-28,2024-10-19,Completed
CAMP-2024-00465,Zero-Trust Perimeter Defense - Q2 2024 [Phase 1],Virtual Tech Demos & Hands-on Webinars,Owned Events,SMB Growth Tech Founders,Middle East,46400.0,273619,14365,5.25,567,81.83,332,176,2585033.19,57,567472.0,12.23,814.04,1123.0,2025-12-09,2026-02-01,Completed
CAMP-2024-00466,High-Throughput Streaming Engine - Q3 2024 [Phase 2],Programmatic Account-Based Display (ABM),ABM Display,Healthcare & Life Sciences Tech Leads,North America,54400.0,585390,8254,1.41,252,215.87,165,68,1238434.3,21,382976.0,7.04,2590.48,604.0,2024-08-12,2024-09-30,Completed
CAMP-2024-00467,Real-Time Telemetry at Scale - Q4 2024 [Phase 3],Gartner & Forrester Summit Sponsorships,Events & Conferences,Enterprise Data Engineering Leads,North America,10100.0,81999,1476,1.8,39,258.97,24,11,159752.62,3,51813.0,5.13,3366.67,413.0,2024-03-07,2024-04-07,Completed
CAMP-2024-00468,Automated Compliance & SOC2 - Q1 2024 [Phase 1],Virtual Tech Demos & Hands-on Webinars,Owned Events,SMB Growth Tech Founders,Middle East,50400.0,232765,10521,4.52,953,52.89,635,159,1059982.56,33,379008.0,7.52,1527.27,652.0,2024-10-16,2025-01-02,Completed
CAMP-2024-00469,Edge AI for Smart Robotics - Q2 2024 [Phase 2],Technical SEO & Pillar Blog Content,Organic Content,Enterprise Data Engineering Leads,Middle East,43200.0,75566,4670,6.18,1404,30.77,985,340,4202546.35,89,1110672.0,25.71,485.39,2471.0,2024-06-18,2024-08-02,Completed
CAMP-2024-00470,GenAI Enterprise Copilot Accelerator - Q3 2024 [Phase 3],Technical SEO & Pillar Blog Content,Organic Content,Cloud Native DevOps & SRE Architects,Middle East,40600.0,77514,5178,6.68,893,45.46,577,221,3228674.38,67,669494.0,16.49,605.97,1549.0,2024-04-19,2024-06-05,Completed
CAMP-2024-00471,Next-Gen Lakehouse Migration - Q4 2024 [Phase 1],LinkedIn B2B Sponsored Content & InMail,Paid Social,Enterprise Data Engineering Leads,Middle East,43000.0,322820,6295,1.95,209,205.74,149,57,1421699.73,23,425700.0,9.9,1869.57,890.0,2025-03-03,2025-04-12,Completed
CAMP-2024-00472,GenAI Enterprise Copilot Accelerator - Q1 2024 [Phase 2],Executive Newsletter Sponsorships,Sponsored Content,Retail E-Commerce Engineering Directors,North America,58100.0,239275,9571,4.0,561,103.57,257,68,3552065.71,28,977242.0,16.82,2075.0,1582.0,2024-06-03,2024-07-23,Completed
CAMP-2024-00473,Next-Gen Lakehouse Migration - Q2 2024 [Phase 3],Tech Podcast Host-Read Sponsorship,Audio & Podcasts,Global AI/ML Research Scientists,APAC (Japan/Taiwan/SG),55200.0,101780,3430,3.37,583,94.68,392,154,3333251.89,46,735816.0,13.33,1200.0,1233.0,2026-05-27,2026-06-21,Completed
CAMP-2024-00474,Zero-Trust Perimeter Defense - Q3 2024 [Phase 1],Virtual Tech Demos & Hands-on Webinars,Owned Events,FinTech Chief Information Security Officers (CISO),Latin America,50900.0,68767,3961,5.76,740,68.78,514,197,2027364.79,69,526306.0,10.34,737.68,934.0,2026-03-19,2026-06-16,Completed
CAMP-2024-00475,GenAI Enterprise Copilot Accelerator - Q4 2024 [Phase 2],YouTube Deep-Dive Tech Architecture,Video Marketing,Global AI/ML Research Scientists,Western Europe,69500.0,432577,9733,2.25,749,92.79,417,125,1603801.09,37,464260.0,6.68,1878.38,568.0,2024-11-27,2024-12-17,Completed
CAMP-2024-00476,Unified Customer 360 AI - Q1 2024 [Phase 3],Google Search Ads - Enterprise Intent,Paid Search,Enterprise Data Engineering Leads,Latin America,10800.0,155748,3956,2.54,84,128.57,52,16,231350.33,6,73656.0,6.82,1800.0,582.0,2025-11-25,2026-02-14,Completed
CAMP-2024-00477,Developer Productivity Blitz - Q2 2024 [Phase 1],Regional Strategic Partner Co-Marketing,Partner Co-Op,SMB Growth Tech Founders,North America,78300.0,329188,16624,5.05,1525,51.34,1095,290,5355646.45,88,1555038.0,19.86,889.77,1886.0,2024-03-01,2024-05-25,Completed
CAMP-2024-00478,Quantum-Safe Cryptography Suite - Q3 2024 [Phase 2],Regional Strategic Partner Co-Marketing,Partner Co-Op,Fortune 500 CTOs & VP Infrastructure,North America,83700.0,501645,23778,4.74,1996,41.93,966,456,4306831.0,182,1356777.0,16.21,459.89,1521.0,2024-06-09,2024-07-25,Completed
CAMP-2024-00479,Real-Time Telemetry at Scale - Q4 2024 [Phase 3],Programmatic Account-Based Display (ABM),ABM Display,Global AI/ML Research Scientists,Latin America,54300.0,216012,3521,1.63,220,246.82,120,49,1452895.55,21,422997.0,7.79,2585.71,679.0,2026-02-28,2026-03-30,Completed
CAMP-2024-00480,Developer Productivity Blitz - Q1 2024 [Phase 1],Executive Newsletter Sponsorships,Sponsored Content,Fortune 500 CTOs & VP Infrastructure,APAC (Japan/Taiwan/SG),57400.0,143422,5364,3.74,606,94.72,304,151,2677210.36,33,905772.0,15.78,1739.39,1478.0,2026-01-06,2026-03-27,Completed
CAMP-2024-00481,GenAI Enterprise Copilot Accelerator - Q2 2024 [Phase 2],LinkedIn B2B Sponsored Content & InMail,Paid Social,Healthcare & Life Sciences Tech Leads,APAC (Japan/Taiwan/SG),10300.0,25062,797,3.18,49,210.2,27,6,214996.44,1,67053.0,6.51,10300.0,551.0,2024-12-28,2025-01-22,Completed
CAMP-2024-00482,Unified Customer 360 AI - Q3 2024 [Phase 3],Developer Hackathons & Open Source Grants,Community,Healthcare & Life Sciences Tech Leads,APAC (Japan/Taiwan/SG),27400.0,25313,2058,8.13,697,39.31,435,221,1299801.38,49,396752.0,14.48,559.18,1348.0,2025-05-26,2025-08-12,Completed
CAMP-2024-00483,Quantum-Safe Cryptography Suite - Q4 2024 [Phase 1],Programmatic Account-Based Display (ABM),ABM Display,Retail E-Commerce Engineering Directors,APAC (Japan/Taiwan/SG),23300.0,115833,1529,1.32,120,194.17,54,17,433853.73,4,94598.0,4.06,5825.0,306.0,2025-05-13,2025-08-03,Completed
CAMP-2024-00484,Quantum-Safe Cryptography Suite - Q1 2024 [Phase 2],LinkedIn B2B Sponsored Content & InMail,Paid Social,Fortune 500 CTOs & VP Infrastructure,APAC (Japan/Taiwan/SG),69600.0,539277,9707,1.8,446,156.05,321,136,2085057.18,58,521304.0,7.49,1200.0,649.0,2025-07-04,2025-08-08,Completed
CAMP-2024-00485,Quantum-Safe Cryptography Suite - Q2 2024 [Phase 3],YouTube Deep-Dive Tech Architecture,Video Marketing,Global AI/ML Research Scientists,Global Multi-Region,94200.0,236282,6356,2.69,1021,92.26,576,190,5042206.95,72,1094604.0,11.62,1308.33,1062.0,2026-01-18,2026-04-11,Completed
CAMP-2024-00486,Next-Gen Lakehouse Migration - Q3 2024 [Phase 1],LinkedIn B2B Sponsored Content & InMail,Paid Social,Healthcare & Life Sciences Tech Leads,Middle East,92700.0,308612,6450,2.09,618,150.0,291,86,2549588.49,26,541368.0,5.84,3565.38,484.0,2024-04-16,2024-05-26,Completed
CAMP-2024-00487,Edge AI for Smart Robotics - Q4 2024 [Phase 2],YouTube Deep-Dive Tech Architecture,Video Marketing,SMB Growth Tech Founders,North America,64400.0,484485,11773,2.43,619,104.04,356,101,2385153.42,25,778596.0,12.09,2576.0,1109.0,2026-06-18,2026-08-15,Active
CAMP-2024-00488,Unified Customer 360 AI - Q1 2024 [Phase 3],Tech Podcast Host-Read Sponsorship,Audio & Podcasts,FinTech Chief Information Security Officers (CISO),Global Multi-Region,83000.0,189015,5954,3.15,880,94.32,435,173,3646599.75,67,823360.0,9.92,1238.81,892.0,2025-03-23,2025-05-16,Completed
CAMP-2024-00489,Zero-Trust Perimeter Defense - Q2 2024 [Phase 1],Google Search Ads - Enterprise Intent,Paid Search,Cloud Native DevOps & SRE Architects,APAC (Japan/Taiwan/SG),53500.0,396368,14190,3.58,522,102.49,242,127,1172636.97,54,456890.0,8.54,990.74,754.0,2024-09-25,2024-12-16,Completed
CAMP-2024-00490,Kubernetes Multi-Cloud Mesh - Q3 2024 [Phase 2],Google Search Ads - Enterprise Intent,Paid Search,Retail E-Commerce Engineering Directors,ANZ,4600.0,15034,436,2.9,45,102.22,22,8,176900.43,1,40526.0,8.81,4600.0,781.0,2024-09-03,2024-10-12,Completed
CAMP-2024-00491,Unified Customer 360 AI - Q4 2024 [Phase 3],Virtual Tech Demos & Hands-on Webinars,Owned Events,Global AI/ML Research Scientists,ANZ,63700.0,203053,9178,4.52,1081,58.93,801,222,2992007.17,83,602602.0,9.46,767.47,846.0,2025-09-06,2025-11-14,Completed
CAMP-2024-00492,Automated Compliance & SOC2 - Q1 2024 [Phase 1],Developer Hackathons & Open Source Grants,Community,Global AI/ML Research Scientists,ANZ,65300.0,165199,9532,5.77,1618,40.36,1073,402,3416029.56,158,1181277.0,18.09,413.29,1709.0,2024-08-12,2024-09-23,Completed
CAMP-2024-00493,Edge AI for Smart Robotics - Q2 2024 [Phase 2],Technical SEO & Pillar Blog Content,Organic Content,Healthcare & Life Sciences Tech Leads,North America,62400.0,52217,4073,7.8,1394,44.76,717,327,7672907.65,130,1900704.0,30.46,480.0,2946.0,2025-05-18,2025-06-17,Completed
CAMP-2024-00494,Edge AI for Smart Robotics - Q3 2024 [Phase 3],Regional Strategic Partner Co-Marketing,Partner Co-Op,FinTech Chief Information Security Officers (CISO),Global Multi-Region,18800.0,28352,1222,4.31,361,52.08,166,84,1133576.34,36,300236.0,15.97,522.22,1497.0,2024-08-28,2024-11-09,Completed
CAMP-2024-00495,Developer Productivity Blitz - Q4 2024 [Phase 1],Developer Hackathons & Open Source Grants,Community,Retail E-Commerce Engineering Directors,APAC (Japan/Taiwan/SG),34400.0,58310,4210,7.22,1024,33.59,481,237,1953204.56,44,550400.0,16.0,781.82,1500.0,2024-04-11,2024-06-01,Completed
CAMP-2024-00496,Kubernetes Multi-Cloud Mesh - Q1 2024 [Phase 2],Programmatic Account-Based Display (ABM),ABM Display,Enterprise Data Engineering Leads,Middle East,74900.0,1284076,23627,1.84,389,192.54,256,100,1962281.62,24,478611.0,6.39,3120.83,539.0,2025-03-14,2025-04-24,Completed
CAMP-2024-00497,Developer Productivity Blitz - Q2 2024 [Phase 3],Technical SEO & Pillar Blog Content,Organic Content,Enterprise Data Engineering Leads,Global Multi-Region,42100.0,69963,3827,5.47,1289,32.66,635,292,5570098.16,59,1258369.0,29.89,713.56,2889.0,2024-07-18,2024-09-10,Completed
CAMP-2024-00498,Zero-Trust Perimeter Defense - Q3 2024 [Phase 1],Programmatic Account-Based Display (ABM),ABM Display,Global AI/ML Research Scientists,ANZ,27900.0,500748,7361,1.47,144,193.75,101,28,482456.54,7,114948.0,4.12,3985.71,312.0,2025-07-21,2025-09-24,Completed
CAMP-2024-00499,GenAI Enterprise Copilot Accelerator - Q4 2024 [Phase 2],Virtual Tech Demos & Hands-on Webinars,Owned Events,Cloud Native DevOps & SRE Architects,APAC (Japan/Taiwan/SG),94700.0,244554,14820,6.06,1265,74.86,906,291,4057631.47,62,1124089.0,11.87,1527.42,1087.0,2025-09-21,2025-11-01,Completed
CAMP-2025-00500,Real-Time Telemetry at Scale - Q1 2025 [Phase 3],Regional Strategic Partner Co-Marketing,Partner Co-Op,SMB Growth Tech Founders,ANZ,52700.0,229941,7818,3.4,857,61.49,591,162,2288959.17,71,535959.0,10.17,742.25,917.0,2026-01-19,2026-04-06,Completed
CAMP-2025-00501,Developer Productivity Blitz - Q2 2025 [Phase 1],Google Search Ads - Enterprise Intent,Paid Search,SMB Growth Tech Founders,Western Europe,76500.0,370158,11697,3.16,730,104.79,466,189,3757329.15,77,766530.0,10.02,993.51,902.0,2026-06-08,2026-07-30,Completed
CAMP-2025-00502,Next-Gen Lakehouse Migration - Q3 2025 [Phase 2],Regional Strategic Partner Co-Marketing,Partner Co-Op,FinTech Chief Information Security Officers (CISO),North America,66800.0,91236,4206,4.61,974,68.58,450,121,4353873.69,35,948560.0,14.2,1908.57,1320.0,2024-11-28,2025-02-05,Completed
CAMP-2025-00503,Kubernetes Multi-Cloud Mesh - Q4 2025 [Phase 3],Gartner & Forrester Summit Sponsorships,Events & Conferences,SMB Growth Tech Founders,Latin America,58600.0,209398,3832,1.83,157,373.25,75,27,1230772.03,9,470558.0,8.03,6511.11,703.0,2024-02-19,2024-04-06,Completed
CAMP-2025-00504,GenAI Enterprise Copilot Accelerator - Q1 2025 [Phase 1],Virtual Tech Demos & Hands-on Webinars,Owned Events,Cloud Native DevOps & SRE Architects,ANZ,35100.0,49288,2839,5.76,591,59.39,422,165,1470724.88,36,430677.0,12.27,975.0,1127.0,2026-01-21,2026-02-12,Completed
CAMP-2025-00505,Quantum-Safe Cryptography Suite - Q2 2025 [Phase 2],Programmatic Account-Based Display (ABM),ABM Display,SMB Growth Tech Founders,North America,85300.0,466322,7228,1.55,354,240.96,214,62,1517115.6,26,562980.0,6.6,3280.77,560.0,2024-09-01,2024-11-17,Completed
CAMP-2025-00506,GenAI Enterprise Copilot Accelerator - Q3 2025 [Phase 3],Google Search Ads - Enterprise Intent,Paid Search,FinTech Chief Information Security Officers (CISO),North America,87700.0,281012,11662,4.15,875,100.23,402,142,2642359.55,63,534093.0,6.09,1392.06,509.0,2026-03-20,2026-06-10,Completed
CAMP-2025-00507,Edge AI for Smart Robotics - Q4 2025 [Phase 1],Google Search Ads - Enterprise Intent,Paid Search,Enterprise Data Engineering Leads,North America,49800.0,125783,4654,3.7,336,148.21,186,58,1592592.41,20,380970.0,7.65,2490.0,665.0,2024-11-15,2024-12-09,Completed
CAMP-2025-00508,Zero-Trust Perimeter Defense - Q1 2025 [Phase 2],Technical SEO & Pillar Blog Content,Organic Content,FinTech Chief Information Security Officers (CISO),ANZ,35000.0,113227,5718,5.05,915,38.25,523,182,2742985.74,58,995750.0,28.45,603.45,2745.0,2025-04-27,2025-05-15,Completed
CAMP-2025-00509,Cloud Cost Optimization 40% - Q2 2025 [Phase 3],Google Search Ads - Enterprise Intent,Paid Search,Retail E-Commerce Engineering Directors,Latin America,22800.0,66079,1837,2.78,216,105.56,141,73,864468.96,32,197904.0,8.68,712.5,768.0,2026-01-25,2026-02-19,Completed
CAMP-2025-00510,Next-Gen Lakehouse Migration - Q3 2025 [Phase 1],Gartner & Forrester Summit Sponsorships,Events & Conferences,Healthcare & Life Sciences Tech Leads,North America,24200.0,243828,5413,2.22,72,336.11,48,21,380328.08,4,108900.0,4.5,6050.0,350.0,2024-12-20,2025-02-24,Completed
CAMP-2025-00511,GenAI Enterprise Copilot Accelerator - Q4 2025 [Phase 2],Technical SEO & Pillar Blog Content,Organic Content,Fortune 500 CTOs & VP Infrastructure,Global Multi-Region,45900.0,61471,3049,4.96,1159,39.6,788,426,3308402.18,170,691254.0,15.06,270.0,1406.0,2024-12-17,2025-02-25,Completed
CAMP-2025-00512,Real-Time Telemetry at Scale - Q1 2025 [Phase 3],Regional Strategic Partner Co-Marketing,Partner Co-Op,FinTech Chief Information Security Officers (CISO),ANZ,87500.0,98511,4965,5.04,1928,45.38,1394,713,7213190.96,190,1701000.0,19.44,460.53,1844.0,2024-11-13,2025-01-30,Completed
CAMP-2025-00513,Kubernetes Multi-Cloud Mesh - Q2 2025 [Phase 1],LinkedIn B2B Sponsored Content & InMail,Paid Social,FinTech Chief Information Security Officers (CISO),Western Europe,66600.0,833892,24850,2.98,418,159.33,255,123,1921269.69,38,666666.0,10.01,1752.63,901.0,2025-11-30,2026-02-17,Completed
CAMP-2025-00514,Unified Customer 360 AI - Q3 2025 [Phase 2],LinkedIn B2B Sponsored Content & InMail,Paid Social,FinTech Chief Information Security Officers (CISO),North America,34200.0,311647,8321,2.67,150,228.0,62,26,1562020.22,5,389538.0,11.39,6840.0,1039.0,2024-05-05,2024-07-04,Completed
CAMP-2025-00515,Automated Compliance & SOC2 - Q4 2025 [Phase 3],Developer Hackathons & Open Source Grants,Community,Retail E-Commerce Engineering Directors,North America,43800.0,99765,5537,5.55,1327,33.01,748,353,2549337.84,121,989004.0,22.58,361.98,2158.0,2024-11-29,2024-12-17,Completed
CAMP-2025-00516,Cloud Cost Optimization 40% - Q1 2025 [Phase 1],Gartner & Forrester Summit Sponsorships,Events & Conferences,Fortune 500 CTOs & VP Infrastructure,Western Europe,48900.0,246449,4165,1.69,153,319.61,112,42,1028037.87,8,374085.0,7.65,6112.5,665.0,2025-08-11,2025-09-18,Completed
CAMP-2025-00517,GenAI Enterprise Copilot Accelerator - Q2 2025 [Phase 2],Virtual Tech Demos & Hands-on Webinars,Owned Events,FinTech Chief Information Security Officers (CISO),ANZ,60400.0,163033,8331,5.11,1165,51.85,841,260,2269658.94,93,617288.0,10.22,649.46,922.0,2025-04-15,2025-05-22,Completed
CAMP-2025-00518,High-Throughput Streaming Engine - Q3 2025 [Phase 3],Developer Hackathons & Open Source Grants,Community,Healthcare & Life Sciences Tech Leads,Western Europe,35400.0,116813,9567,8.19,1007,35.15,634,330,1419271.69,83,398250.0,11.25,426.51,1025.0,2024-01-01,2024-02-19,Completed
CAMP-2025-00519,Cloud Cost Optimization 40% - Q4 2025 [Phase 1],Tech Podcast Host-Read Sponsorship,Audio & Podcasts,SMB Growth Tech Founders,Western Europe,52400.0,143388,5162,3.6,694,75.5,502,220,1976524.48,95,529240.0,10.1,551.58,910.0,2024-04-06,2024-04-23,Completed
CAMP-2025-00520,Unified Customer 360 AI - Q1 2025 [Phase 2],LinkedIn B2B Sponsored Content & InMail,Paid Social,Healthcare & Life Sciences Tech Leads,Global Multi-Region,21700.0,310230,8066,2.6,93,233.33,37,16,622874.18,6,176421.0,8.13,3616.67,713.0,2026-04-18,2026-06-16,Completed
CAMP-2025-00521,Edge AI for Smart Robotics - Q2 2025 [Phase 3],Tech Podcast Host-Read Sponsorship,Audio & Podcasts,Fortune 500 CTOs & VP Infrastructure,Global Multi-Region,51200.0,200757,7950,3.96,617,82.98,328,87,2789999.61,30,675328.0,13.19,1706.67,1219.0,2024-01-30,2024-03-02,Completed
CAMP-2025-00522,Quantum-Safe Cryptography Suite - Q3 2025 [Phase 1],Google Search Ads - Enterprise Intent,Paid Search,Enterprise Data Engineering Leads,APAC (Japan/Taiwan/SG),6100.0,20114,529,2.63,49,124.49,21,7,183269.12,2,46665.0,7.65,3050.0,665.0,2024-03-04,2024-05-09,Completed
CAMP-2025-00523,Cloud Cost Optimization 40% - Q4 2025 [Phase 2],Developer Hackathons & Open Source Grants,Community,Retail E-Commerce Engineering Directors,Middle East,71900.0,268385,14466,5.39,1770,40.62,1079,430,7036382.28,123,1563106.0,21.74,584.55,2074.0,2026-05-06,2026-07-06,Completed
CAMP-2025-00524,Kubernetes Multi-Cloud Mesh - Q1 2025 [Phase 3],Executive Newsletter Sponsorships,Sponsored Content,Global AI/ML Research Scientists,Western Europe,91000.0,336913,13207,3.92,870,104.6,356,184,4909119.12,62,1590680.0,17.48,1467.74,1648.0,2024-07-20,2024-09-05,Completed
CAMP-2025-00525,Zero-Trust Perimeter Defense - Q2 2025 [Phase 1],Executive Newsletter Sponsorships,Sponsored Content,Cloud Native DevOps & SRE Architects,APAC (Japan/Taiwan/SG),36000.0,56714,2779,4.9,429,83.92,243,125,2801055.58,23,662760.0,18.41,1565.22,1741.0,2024-11-18,2025-02-05,Completed
CAMP-2025-00526,GenAI Enterprise Copilot Accelerator - Q3 2025 [Phase 2],Virtual Tech Demos & Hands-on Webinars,Owned Events,Retail E-Commerce Engineering Directors,Western Europe,87500.0,192613,11422,5.93,1086,80.57,603,165,2047050.91,66,632625.0,7.23,1325.76,623.0,2025-04-09,2025-07-04,Completed
CAMP-2025-00527,Quantum-Safe Cryptography Suite - Q4 2025 [Phase 3],Virtual Tech Demos & Hands-on Webinars,Owned Events,Enterprise Data Engineering Leads,Western Europe,34900.0,38526,2666,6.92,565,61.77,264,110,1545194.94,43,393672.0,11.28,811.63,1028.0,2025-10-29,2025-12-30,Completed
CAMP-2025-00528,Automated Compliance & SOC2 - Q1 2025 [Phase 1],Programmatic Account-Based Display (ABM),ABM Display,Fortune 500 CTOs & VP Infrastructure,Middle East,73600.0,903067,14720,1.63,274,268.61,110,56,2309515.91,15,495328.0,6.73,4906.67,573.0,2024-10-04,2024-12-07,Completed
CAMP-2025-00529,Real-Time Telemetry at Scale - Q2 2025 [Phase 2],Virtual Tech Demos & Hands-on Webinars,Owned Events,Global AI/ML Research Scientists,ANZ,82300.0,158747,8493,5.35,1043,78.91,547,281,3430604.98,64,739877.0,8.99,1285.94,799.0,2025-09-21,2025-12-02,Completed
CAMP-2025-00530,Quantum-Safe Cryptography Suite - Q3 2025 [Phase 3],Technical SEO & Pillar Blog Content,Organic Content,Healthcare & Life Sciences Tech Leads,Global Multi-Region,68400.0,189620,9500,5.01,1833,37.32,938,245,4627813.35,82,1203156.0,17.59,834.15,1659.0,2024-09-23,2024-10-18,Completed
CAMP-2025-00531,Quantum-Safe Cryptography Suite - Q4 2025 [Phase 1],Regional Strategic Partner Co-Marketing,Partner Co-Op,Cloud Native DevOps & SRE Architects,ANZ,44100.0,150115,7791,5.19,808,54.58,379,185,2121962.44,57,679581.0,15.41,773.68,1441.0,2025-09-23,2025-10-08,Completed
CAMP-2025-00532,High-Throughput Streaming Engine - Q1 2025 [Phase 2],Google Search Ads - Enterprise Intent,Paid Search,Healthcare & Life Sciences Tech Leads,Global Multi-Region,13300.0,74296,2006,2.7,106,125.47,52,21,428283.87,6,128877.0,9.69,2216.67,869.0,2026-03-06,2026-04-20,Completed
CAMP-2025-00533,GenAI Enterprise Copilot Accelerator - Q2 2025 [Phase 3],Regional Strategic Partner Co-Marketing,Partner Co-Op,SMB Growth Tech Founders,Global Multi-Region,79600.0,186716,6199,3.32,1922,41.42,1104,326,5475463.67,70,1128728.0,14.18,1137.14,1318.0,2024-05-16,2024-08-04,Completed
CAMP-2025-00534,Next-Gen Lakehouse Migration - Q3 2025 [Phase 1],Regional Strategic Partner Co-Marketing,Partner Co-Op,Healthcare & Life Sciences Tech Leads,Middle East,66000.0,485156,23239,4.79,1352,48.82,933,490,2279041.77,209,714120.0,10.82,315.79,982.0,2026-03-27,2026-05-16,Completed
CAMP-2025-00535,Next-Gen Lakehouse Migration - Q4 2025 [Phase 2],Regional Strategic Partner Co-Marketing,Partner Co-Op,Cloud Native DevOps & SRE Architects,APAC (Japan/Taiwan/SG),14100.0,98634,4912,4.98,244,57.79,130,51,1169339.07,9,251967.0,17.87,1566.67,1687.0,2024-06-20,2024-07-16,Completed
CAMP-2025-00536,Kubernetes Multi-Cloud Mesh - Q1 2025 [Phase 3],Executive Newsletter Sponsorships,Sponsored Content,Retail E-Commerce Engineering Directors,Latin America,33400.0,84910,4271,5.03,476,70.17,200,87,2185294.06,19,582830.0,17.45,1757.89,1645.0,2024-07-18,2024-08-20,Completed
CAMP-2025-00537,Real-Time Telemetry at Scale - Q2 2025 [Phase 1],Google Search Ads - Enterprise Intent,Paid Search,Cloud Native DevOps & SRE Architects,Western Europe,31400.0,72860,3133,4.3,256,122.66,149,71,1206960.63,20,262818.0,8.37,1570.0,737.0,2026-04-09,2026-07-08,Completed
CAMP-2025-00538,High-Throughput Streaming Engine - Q3 2025 [Phase 2],Programmatic Account-Based Display (ABM),ABM Display,SMB Growth Tech Founders,Global Multi-Region,21300.0,156031,1966,1.26,97,219.59,68,17,320210.9,4,112890.0,5.3,5325.0,430.0,2024-08-21,2024-10-30,Completed
CAMP-2025-00539,Automated Compliance & SOC2 - Q4 2025 [Phase 3],Technical SEO & Pillar Blog Content,Organic Content,Global AI/ML Research Scientists,Middle East,32400.0,94224,4372,4.64,904,35.84,583,300,1786245.31,113,561168.0,17.32,286.73,1632.0,2024-04-28,2024-07-02,Completed
CAMP-2025-00540,Real-Time Telemetry at Scale - Q1 2025 [Phase 1],YouTube Deep-Dive Tech Architecture,Video Marketing,Global AI/ML Research Scientists,Western Europe,70300.0,316042,10461,3.31,675,104.15,328,121,2036998.14,23,508269.0,7.23,3056.52,623.0,2024-09-15,2024-10-23,Completed
CAMP-2025-00541,Next-Gen Lakehouse Migration - Q2 2025 [Phase 2],LinkedIn B2B Sponsored Content & InMail,Paid Social,Healthcare & Life Sciences Tech Leads,Middle East,20300.0,83250,1998,2.4,95,213.68,51,17,840660.02,6,170317.0,8.39,3383.33,739.0,2024-01-14,2024-03-10,Completed
CAMP-2025-00542,Edge AI for Smart Robotics - Q3 2025 [Phase 3],Gartner & Forrester Summit Sponsorships,Events & Conferences,Healthcare & Life Sciences Tech Leads,APAC (Japan/Taiwan/SG),54600.0,286818,4417,1.54,151,361.59,72,33,2133970.11,11,440076.0,8.06,4963.64,706.0,2025-09-13,2025-10-23,Completed
CAMP-2025-00543,Edge AI for Smart Robotics - Q4 2025 [Phase 1],Google Search Ads - Enterprise Intent,Paid Search,Cloud Native DevOps & SRE Architects,North America,34400.0,351788,12981,3.69,222,154.95,160,44,1379535.25,15,289304.0,8.41,2293.33,741.0,2024-04-06,2024-06-07,Completed
CAMP-2025-00544,Developer Productivity Blitz - Q1 2025 [Phase 2],Developer Hackathons & Open Source Grants,Community,FinTech Chief Information Security Officers (CISO),ANZ,49500.0,133858,7215,5.39,996,49.7,425,226,1841336.38,53,630630.0,12.74,933.96,1174.0,2025-01-10,2025-03-13,Completed
CAMP-2025-00545,Quantum-Safe Cryptography Suite - Q2 2025 [Phase 3],Developer Hackathons & Open Source Grants,Community,Healthcare & Life Sciences Tech Leads,Western Europe,21200.0,19599,1372,7.0,644,32.92,300,84,1214671.3,36,374816.0,17.68,588.89,1668.0,2026-04-03,2026-06-28,Completed
CAMP-2025-00546,Kubernetes Multi-Cloud Mesh - Q3 2025 [Phase 1],Technical SEO & Pillar Blog Content,Organic Content,Retail E-Commerce Engineering Directors,Middle East,49200.0,138650,9248,6.67,1528,32.2,861,394,6198052.09,71,1336272.0,27.16,692.96,2616.0,2026-03-19,2026-05-29,Completed
CAMP-2025-00547,GenAI Enterprise Copilot Accelerator - Q4 2025 [Phase 2],Gartner & Forrester Summit Sponsorships,Events & Conferences,Enterprise Data Engineering Leads,North America,45700.0,554157,10529,1.9,176,259.66,92,24,1202818.52,9,375197.0,8.21,5077.78,721.0,2025-07-21,2025-08-12,Completed
CAMP-2025-00548,Quantum-Safe Cryptography Suite - Q1 2025 [Phase 3],Gartner & Forrester Summit Sponsorships,Events & Conferences,SMB Growth Tech Founders,Global Multi-Region,41900.0,431201,10047,2.33,151,277.48,111,29,1010320.12,7,295395.0,7.05,5985.71,605.0,2024-08-19,2024-09-28,Completed
CAMP-2025-00549,Automated Compliance & SOC2 - Q2 2025 [Phase 1],Virtual Tech Demos & Hands-on Webinars,Owned Events,Global AI/ML Research Scientists,Latin America,40700.0,72047,3062,4.25,816,49.88,589,169,1065888.21,73,329670.0,8.1,557.53,710.0,2025-09-20,2025-11-28,Completed
CAMP-2025-00550,Cloud Cost Optimization 40% - Q3 2025 [Phase 2],Developer Hackathons & Open Source Grants,Community,Global AI/ML Research Scientists,Latin America,2800.0,3439,206,5.99,80,35.0,53,23,249593.86,8,50904.0,18.18,350.0,1718.0,2024-03-01,2024-05-23,Completed
CAMP-2025-00551,Real-Time Telemetry at Scale - Q4 2025 [Phase 3],Developer Hackathons & Open Source Grants,Community,Healthcare & Life Sciences Tech Leads,APAC (Japan/Taiwan/SG),21600.0,59789,3121,5.22,422,51.18,224,60,1212498.46,16,363960.0,16.85,1350.0,1585.0,2024-01-30,2024-03-17,Completed
CAMP-2025-00552,Kubernetes Multi-Cloud Mesh - Q1 2025 [Phase 1],LinkedIn B2B Sponsored Content & InMail,Paid Social,Fortune 500 CTOs & VP Infrastructure,Middle East,27200.0,82146,1684,2.05,117,232.48,84,24,1052589.12,5,325040.0,11.95,5440.0,1095.0,2024-06-20,2024-09-07,Completed
CAMP-2025-00553,Unified Customer 360 AI - Q2 2025 [Phase 2],Virtual Tech Demos & Hands-on Webinars,Owned Events,Retail E-Commerce Engineering Directors,Middle East,80500.0,113817,5247,4.61,1387,58.04,910,395,3816379.53,85,843640.0,10.48,947.06,948.0,2025-03-30,2025-06-27,Completed
CAMP-2025-00554,Developer Productivity Blitz - Q3 2025 [Phase 3],Virtual Tech Demos & Hands-on Webinars,Owned Events,Healthcare & Life Sciences Tech Leads,Western Europe,5700.0,12218,694,5.68,80,71.25,41,19,238637.44,5,50274.0,8.82,1140.0,782.0,2024-01-01,2024-03-28,Completed
CAMP-2025-00555,Edge AI for Smart Robotics - Q4 2025 [Phase 1],Virtual Tech Demos & Hands-on Webinars,Owned Events,Cloud Native DevOps & SRE Architects,Western Europe,30700.0,36016,1736,4.82,395,77.72,244,102,1397924.41,39,282440.0,9.2,787.18,820.0,2025-10-14,2025-12-20,Completed
CAMP-2025-00556,Zero-Trust Perimeter Defense - Q1 2025 [Phase 2],Virtual Tech Demos & Hands-on Webinars,Owned Events,SMB Growth Tech Founders,Middle East,84800.0,75893,4713,6.21,1398,60.66,981,319,2607155.12,123,630064.0,7.43,689.43,643.0,2026-01-21,2026-03-22,Completed
CAMP-2025-00557,Developer Productivity Blitz - Q2 2025 [Phase 3],YouTube Deep-Dive Tech Architecture,Video Marketing,Global AI/ML Research Scientists,ANZ,41100.0,204490,6421,3.14,430,95.58,313,165,1144966.03,73,305373.0,7.43,563.01,643.0,2024-05-16,2024-08-03,Completed
CAMP-2025-00558,Quantum-Safe Cryptography Suite - Q3 2025 [Phase 1],YouTube Deep-Dive Tech Architecture,Video Marketing,Global AI/ML Research Scientists,Western Europe,35200.0,151433,4861,3.21,331,106.34,154,44,952487.18,9,290752.0,8.26,3911.11,726.0,2025-08-14,2025-09-09,Completed
CAMP-2025-00559,Edge AI for Smart Robotics - Q4 2025 [Phase 2],Technical SEO & Pillar Blog Content,Organic Content,Healthcare & Life Sciences Tech Leads,Middle East,29100.0,154810,8174,5.28,723,40.25,327,95,1455123.09,24,494700.0,17.0,1212.5,1600.0,2025-08-12,2025-09-23,Completed
CAMP-2025-00560,High-Throughput Streaming Engine - Q1 2025 [Phase 3],Google Search Ads - Enterprise Intent,Paid Search,Healthcare & Life Sciences Tech Leads,APAC (Japan/Taiwan/SG),57500.0,201274,5213,2.59,379,151.72,200,95,1929623.62,29,397325.0,6.91,1982.76,591.0,2025-06-29,2025-07-25,Completed
CAMP-2025-00561,Cloud Cost Optimization 40% - Q2 2025 [Phase 1],Gartner & Forrester Summit Sponsorships,Events & Conferences,Global AI/ML Research Scientists,Latin America,9100.0,49372,1180,2.39,23,395.65,13,4,190442.15,1,48867.0,5.37,9100.0,437.0,2025-11-17,2026-02-15,Completed
CAMP-2025-00562,Kubernetes Multi-Cloud Mesh - Q3 2025 [Phase 2],Technical SEO & Pillar Blog Content,Organic Content,Fortune 500 CTOs & VP Infrastructure,North America,40200.0,145962,9327,6.39,980,41.02,634,165,2075631.56,60,611442.0,15.21,670.0,1421.0,2025-07-04,2025-07-29,Completed
CAMP-2025-00563,Automated Compliance & SOC2 - Q4 2025 [Phase 3],Developer Hackathons & Open Source Grants,Community,Retail E-Commerce Engineering Directors,Middle East,17300.0,11120,973,8.75,426,40.61,246,112,688731.22,33,271264.0,15.68,524.24,1468.0,2026-05-14,2026-07-04,Completed
CAMP-2025-00564,Edge AI for Smart Robotics - Q1 2025 [Phase 1],LinkedIn B2B Sponsored Content & InMail,Paid Social,Global AI/ML Research Scientists,Middle East,27400.0,87417,1591,1.82,167,164.07,70,20,956044.41,8,208788.0,7.62,3425.0,662.0,2025-11-26,2026-01-06,Completed
CAMP-2025-00565,High-Throughput Streaming Engine - Q2 2025 [Phase 2],Programmatic Account-Based Display (ABM),ABM Display,Retail E-Commerce Engineering Directors,ANZ,13700.0,82291,1580,1.92,70,195.71,36,16,343182.07,3,88913.0,6.49,4566.67,549.0,2025-08-09,2025-08-25,Completed
CAMP-2025-00566,Developer Productivity Blitz - Q3 2025 [Phase 3],LinkedIn B2B Sponsored Content & InMail,Paid Social,Healthcare & Life Sciences Tech Leads,Western Europe,24000.0,90364,2232,2.47,154,155.84,87,26,750333.96,11,199680.0,8.32,2181.82,732.0,2024-10-15,2024-12-01,Completed
CAMP-2025-00567,Cloud Cost Optimization 40% - Q4 2025 [Phase 1],Gartner & Forrester Summit Sponsorships,Events & Conferences,SMB Growth Tech Founders,North America,64500.0,437469,7087,1.62,199,324.12,87,33,1815948.78,14,387645.0,6.01,4607.14,501.0,2025-07-18,2025-09-23,Completed
CAMP-2025-00568,Next-Gen Lakehouse Migration - Q1 2025 [Phase 2],LinkedIn B2B Sponsored Content & InMail,Paid Social,SMB Growth Tech Founders,ANZ,53100.0,681428,20988,3.08,232,228.88,113,57,1878704.53,17,412587.0,7.77,3123.53,677.0,2026-05-20,2026-08-12,Active
CAMP-2025-00569,Real-Time Telemetry at Scale - Q2 2025 [Phase 3],Technical SEO & Pillar Blog Content,Organic Content,Global AI/ML Research Scientists,North America,52200.0,136385,9206,6.75,1478,35.32,967,457,4568811.48,83,1324836.0,25.38,628.92,2438.0,2025-02-10,2025-03-09,Completed
CAMP-2025-00570,Kubernetes Multi-Cloud Mesh - Q3 2025 [Phase 1],Technical SEO & Pillar Blog Content,Organic Content,Healthcare & Life Sciences Tech Leads,Western Europe,13300.0,35173,2033,5.78,320,41.56,218,117,1911410.0,43,386631.0,29.07,309.3,2807.0,2026-01-17,2026-02-21,Completed
CAMP-2025-00571,Zero-Trust Perimeter Defense - Q4 2025 [Phase 2],Regional Strategic Partner Co-Marketing,Partner Co-Op,FinTech Chief Information Security Officers (CISO),APAC (Japan/Taiwan/SG),61700.0,150232,6460,4.3,1466,42.09,952,454,4188098.66,197,1234617.0,20.01,313.2,1901.0,2024-12-17,2025-02-02,Completed
CAMP-2025-00572,GenAI Enterprise Copilot Accelerator - Q1 2025 [Phase 3],Developer Hackathons & Open Source Grants,Community,Fortune 500 CTOs & VP Infrastructure,Global Multi-Region,74500.0,73307,5784,7.89,1760,42.33,826,242,7426777.19,55,1515330.0,20.34,1354.55,1934.0,2026-05-26,2026-07-10,Completed
CAMP-2025-00573,GenAI Enterprise Copilot Accelerator - Q2 2025 [Phase 1],Programmatic Account-Based Display (ABM),ABM Display,Retail E-Commerce Engineering Directors,Western Europe,88800.0,1099948,21449,1.95,499,177.96,217,56,1680598.91,20,566544.0,6.38,4440.0,538.0,2024-12-13,2025-03-01,Completed
CAMP-2025-00574,GenAI Enterprise Copilot Accelerator - Q3 2025 [Phase 2],Tech Podcast Host-Read Sponsorship,Audio & Podcasts,SMB Growth Tech Founders,North America,76300.0,188069,6526,3.47,971,78.58,512,160,3471642.37,68,753081.0,9.87,1122.06,887.0,2024-01-27,2024-03-15,Completed
CAMP-2025-00575,GenAI Enterprise Copilot Accelerator - Q4 2025 [Phase 3],LinkedIn B2B Sponsored Content & InMail,Paid Social,Retail E-Commerce Engineering Directors,ANZ,58700.0,185326,3410,1.84,351,167.24,191,63,2603023.84,12,550606.0,9.38,4891.67,838.0,2025-11-09,2026-01-01,Completed
CAMP-2025-00576,GenAI Enterprise Copilot Accelerator - Q1 2025 [Phase 1],Regional Strategic Partner Co-Marketing,Partner Co-Op,Global AI/ML Research Scientists,Latin America,44400.0,94598,2942,3.11,664,66.87,377,181,1587467.43,38,615384.0,13.86,1168.42,1286.0,2026-01-12,2026-03-23,Completed
CAMP-2025-00577,Zero-Trust Perimeter Defense - Q2 2025 [Phase 2],Gartner & Forrester Summit Sponsorships,Events & Conferences,FinTech Chief Information Security Officers (CISO),North America,83600.0,286263,5439,1.9,267,313.11,111,31,1788047.02,12,464816.0,5.56,6966.67,456.0,2025-06-15,2025-07-06,Completed
CAMP-2025-00578,High-Throughput Streaming Engine - Q3 2025 [Phase 3],LinkedIn B2B Sponsored Content & InMail,Paid Social,Healthcare & Life Sciences Tech Leads,North America,85900.0,232934,6429,2.76,495,173.54,281,152,4643524.3,29,940605.0,10.95,2962.07,995.0,2025-10-06,2026-01-03,Completed
CAMP-2025-00579,Cloud Cost Optimization 40% - Q4 2025 [Phase 1],YouTube Deep-Dive Tech Architecture,Video Marketing,Fortune 500 CTOs & VP Infrastructure,Western Europe,5500.0,24600,647,2.63,49,112.24,26,7,251045.7,1,68035.0,12.37,5500.0,1137.0,2024-09-19,2024-11-27,Completed
CAMP-2025-00580,Cloud Cost Optimization 40% - Q1 2025 [Phase 2],Google Search Ads - Enterprise Intent,Paid Search,Healthcare & Life Sciences Tech Leads,APAC (Japan/Taiwan/SG),48800.0,109528,3023,2.76,346,141.04,198,98,1131744.59,39,268400.0,5.5,1251.28,450.0,2026-04-17,2026-06-13,Completed
CAMP-2025-00581,Kubernetes Multi-Cloud Mesh - Q2 2025 [Phase 3],YouTube Deep-Dive Tech Architecture,Video Marketing,Fortune 500 CTOs & VP Infrastructure,Latin America,60500.0,134100,4251,3.17,527,114.8,229,80,1485875.25,15,561440.0,9.28,4033.33,828.0,2024-07-17,2024-09-08,Completed
CAMP-2025-00582,Zero-Trust Perimeter Defense - Q3 2025 [Phase 1],YouTube Deep-Dive Tech Architecture,Video Marketing,Fortune 500 CTOs & VP Infrastructure,Middle East,30200.0,120495,3651,3.03,349,86.53,172,79,1232579.11,20,391694.0,12.97,1510.0,1197.0,2024-07-09,2024-08-10,Completed
CAMP-2025-00583,Kubernetes Multi-Cloud Mesh - Q4 2025 [Phase 2],Regional Strategic Partner Co-Marketing,Partner Co-Op,Enterprise Data Engineering Leads,Global Multi-Region,50500.0,172246,5598,3.25,1084,46.59,613,216,4047819.18,93,923645.0,18.29,543.01,1729.0,2025-10-10,2025-10-31,Completed
CAMP-2025-00584,Unified Customer 360 AI - Q1 2025 [Phase 3],YouTube Deep-Dive Tech Architecture,Video Marketing,Global AI/ML Research Scientists,North America,9200.0,23461,610,2.6,121,76.03,85,32,166916.9,11,61180.0,6.65,836.36,565.0,2026-03-16,2026-05-26,Completed
CAMP-2025-00585,GenAI Enterprise Copilot Accelerator - Q2 2025 [Phase 1],Programmatic Account-Based Display (ABM),ABM Display,Fortune 500 CTOs & VP Infrastructure,ANZ,11400.0,70804,1232,1.74,42,271.43,17,5,276678.34,1,88692.0,7.78,11400.0,678.0,2024-12-13,2025-02-06,Completed
CAMP-2025-00586,Next-Gen Lakehouse Migration - Q3 2025 [Phase 2],Developer Hackathons & Open Source Grants,Community,Cloud Native DevOps & SRE Architects,Latin America,17200.0,16657,1151,6.91,351,49.0,202,105,1405397.65,22,385796.0,22.43,781.82,2143.0,2025-04-17,2025-06-08,Completed
CAMP-2025-00587,Cloud Cost Optimization 40% - Q4 2025 [Phase 3],Programmatic Account-Based Display (ABM),ABM Display,FinTech Chief Information Security Officers (CISO),Middle East,80800.0,415726,4864,1.17,417,193.76,205,89,1012555.13,35,385416.0,4.77,2308.57,377.0,2024-09-30,2024-12-23,Completed
CAMP-2025-00588,Quantum-Safe Cryptography Suite - Q1 2025 [Phase 1],Gartner & Forrester Summit Sponsorships,Events & Conferences,Enterprise Data Engineering Leads,APAC (Japan/Taiwan/SG),38400.0,189928,2659,1.4,139,276.26,65,19,1494653.16,4,342912.0,8.93,9600.0,793.0,2024-04-01,2024-05-07,Completed
CAMP-2025-00589,Next-Gen Lakehouse Migration - Q2 2025 [Phase 2],Tech Podcast Host-Read Sponsorship,Audio & Podcasts,SMB Growth Tech Founders,APAC (Japan/Taiwan/SG),13000.0,77380,3250,4.2,146,89.04,91,26,1033481.84,9,214240.0,16.48,1444.44,1548.0,2025-07-10,2025-09-15,Completed
CAMP-2025-00590,Kubernetes Multi-Cloud Mesh - Q3 2025 [Phase 3],Technical SEO & Pillar Blog Content,Organic Content,Fortune 500 CTOs & VP Infrastructure,Middle East,2800.0,3402,163,4.79,83,33.73,58,14,300645.55,3,60984.0,21.78,933.33,2078.0,2026-04-24,2026-07-07,Completed
CAMP-2025-00591,Real-Time Telemetry at Scale - Q4 2025 [Phase 1],Executive Newsletter Sponsorships,Sponsored Content,Healthcare & Life Sciences Tech Leads,Global Multi-Region,13100.0,17560,943,5.37,169,77.51,114,60,493723.02,24,144624.0,11.04,545.83,1004.0,2024-01-27,2024-03-01,Completed
CAMP-2025-00592,Real-Time Telemetry at Scale - Q1 2025 [Phase 2],Developer Hackathons & Open Source Grants,Community,FinTech Chief Information Security Officers (CISO),ANZ,70400.0,65109,5072,7.79,2194,32.09,1624,589,2684691.48,165,831424.0,11.81,426.67,1081.0,2025-08-24,2025-10-29,Completed
CAMP-2025-00593,Developer Productivity Blitz - Q2 2025 [Phase 3],LinkedIn B2B Sponsored Content & InMail,Paid Social,Retail E-Commerce Engineering Directors,Latin America,60700.0,196742,4348,2.21,448,135.49,271,127,2828875.48,44,724758.0,11.94,1379.55,1094.0,2025-11-30,2026-02-24,Completed
CAMP-2025-00594,Real-Time Telemetry at Scale - Q3 2025 [Phase 1],Google Search Ads - Enterprise Intent,Paid Search,Fortune 500 CTOs & VP Infrastructure,ANZ,17500.0,97443,2592,2.66,113,154.87,47,12,306511.7,4,113750.0,6.5,4375.0,550.0,2025-10-06,2025-12-09,Completed
CAMP-2025-00595,Kubernetes Multi-Cloud Mesh - Q4 2025 [Phase 2],Executive Newsletter Sponsorships,Sponsored Content,Enterprise Data Engineering Leads,ANZ,53200.0,55852,3111,5.57,547,97.26,252,70,3501189.73,28,762356.0,14.33,1900.0,1333.0,2024-03-03,2024-04-25,Completed
CAMP-2025-00596,Real-Time Telemetry at Scale - Q1 2025 [Phase 3],Gartner & Forrester Summit Sponsorships,Events & Conferences,Retail E-Commerce Engineering Directors,Middle East,58700.0,842941,11464,1.36,177,331.64,105,34,1661143.62,8,459621.0,7.83,7337.5,683.0,2025-08-02,2025-10-26,Completed
CAMP-2025-00597,Real-Time Telemetry at Scale - Q2 2025 [Phase 1],Programmatic Account-Based Display (ABM),ABM Display,Healthcare & Life Sciences Tech Leads,North America,3000.0,21481,348,1.62,11,272.73,6,3,45213.67,1,17100.0,5.7,3000.0,470.0,2026-01-22,2026-03-25,Completed
CAMP-2025-00598,High-Throughput Streaming Engine - Q3 2025 [Phase 2],Regional Strategic Partner Co-Marketing,Partner Co-Op,Global AI/ML Research Scientists,Latin America,23500.0,120623,4644,3.85,462,50.87,242,116,1814527.52,32,376235.0,16.01,734.38,1501.0,2025-11-10,2025-12-14,Completed
CAMP-2025-00599,Edge AI for Smart Robotics - Q4 2025 [Phase 3],Virtual Tech Demos & Hands-on Webinars,Owned Events,Cloud Native DevOps & SRE Architects,Global Multi-Region,22400.0,31615,1546,4.89,322,69.57,240,99,774328.86,36,222880.0,9.95,622.22,895.0,2025-10-05,2025-12-31,Completed
CAMP-2025-00600,Automated Compliance & SOC2 - Q1 2025 [Phase 1],Tech Podcast Host-Read Sponsorship,Audio & Podcasts,Cloud Native DevOps & SRE Architects,ANZ,68200.0,194124,4989,2.57,728,93.68,410,117,1775673.8,47,515592.0,7.56,1451.06,656.0,2025-05-12,2025-06-11,Completed
CAMP-2025-00601,Quantum-Safe Cryptography Suite - Q2 2025 [Phase 2],Developer Hackathons & Open Source Grants,Community,Retail E-Commerce Engineering Directors,Latin America,74100.0,155333,9320,6.0,1758,42.15,1123,544,5328798.78,185,1118169.0,15.09,400.54,1409.0,2026-06-16,2026-08-05,Active
CAMP-2025-00602,Unified Customer 360 AI - Q3 2025 [Phase 3],LinkedIn B2B Sponsored Content & InMail,Paid Social,Retail E-Commerce Engineering Directors,North America,71500.0,471497,10703,2.27,411,173.97,183,78,2675918.88,20,859430.0,12.02,3575.0,1102.0,2026-03-03,2026-05-05,Completed
CAMP-2025-00603,High-Throughput Streaming Engine - Q4 2025 [Phase 1],LinkedIn B2B Sponsored Content & InMail,Paid Social,SMB Growth Tech Founders,Middle East,25900.0,56700,1701,3.0,175,148.0,100,39,724652.95,9,270396.0,10.44,2877.78,944.0,2026-01-08,2026-03-21,Completed
CAMP-2025-00604,Unified Customer 360 AI - Q1 2025 [Phase 2],Virtual Tech Demos & Hands-on Webinars,Owned Events,Fortune 500 CTOs & VP Infrastructure,Latin America,57200.0,58855,3496,5.94,1167,49.01,837,393,1600961.03,74,392392.0,6.86,772.97,586.0,2024-12-07,2024-12-25,Completed
CAMP-2025-00605,Next-Gen Lakehouse Migration - Q2 2025 [Phase 3],Tech Podcast Host-Read Sponsorship,Audio & Podcasts,Enterprise Data Engineering Leads,Latin America,42500.0,218393,6661,3.05,663,64.1,308,153,2418050.55,65,665550.0,15.66,653.85,1466.0,2025-01-28,2025-03-28,Completed
CAMP-2025-00606,Next-Gen Lakehouse Migration - Q3 2025 [Phase 1],Programmatic Account-Based Display (ABM),ABM Display,Healthcare & Life Sciences Tech Leads,Middle East,64400.0,379500,5313,1.4,294,219.05,152,60,1400901.79,17,294308.0,4.57,3788.24,357.0,2024-10-18,2025-01-06,Completed
CAMP-2025-00607,High-Throughput Streaming Engine - Q4 2025 [Phase 2],Executive Newsletter Sponsorships,Sponsored Content,Cloud Native DevOps & SRE Architects,North America,20500.0,41418,2394,5.78,211,97.16,128,45,1011901.63,11,368590.0,17.98,1863.64,1698.0,2025-02-12,2025-03-31,Completed
CAMP-2025-00608,High-Throughput Streaming Engine - Q1 2025 [Phase 3],Executive Newsletter Sponsorships,Sponsored Content,FinTech Chief Information Security Officers (CISO),Middle East,40100.0,58006,3347,5.77,556,72.12,398,178,2123134.35,33,449120.0,11.2,1215.15,1020.0,2026-01-09,2026-04-02,Completed
CAMP-2025-00609,Cloud Cost Optimization 40% - Q2 2025 [Phase 1],Regional Strategic Partner Co-Marketing,Partner Co-Op,Cloud Native DevOps & SRE Architects,Global Multi-Region,14600.0,47245,1715,3.63,305,47.87,219,94,940243.99,37,286890.0,19.65,394.59,1865.0,2024-06-12,2024-08-07,Completed
CAMP-2025-00610,Unified Customer 360 AI - Q3 2025 [Phase 2],YouTube Deep-Dive Tech Architecture,Video Marketing,SMB Growth Tech Founders,Latin America,65700.0,219695,5053,2.3,972,67.59,546,228,2310084.93,102,611010.0,9.3,644.12,830.0,2024-01-04,2024-04-01,Completed
CAMP-2025-00611,Unified Customer 360 AI - Q4 2025 [Phase 3],Developer Hackathons & Open Source Grants,Community,FinTech Chief Information Security Officers (CISO),Western Europe,66800.0,57650,3828,6.64,1859,35.93,1195,325,4691412.91,96,1194384.0,17.88,695.83,1688.0,2024-01-24,2024-04-07,Completed
CAMP-2025-00612,GenAI Enterprise Copilot Accelerator - Q1 2025 [Phase 1],Programmatic Account-Based Display (ABM),ABM Display,Healthcare & Life Sciences Tech Leads,ANZ,11600.0,63174,796,1.26,46,252.17,28,11,361394.52,4,75052.0,6.47,2900.0,547.0,2025-02-26,2025-04-14,Completed
CAMP-2025-00613,Developer Productivity Blitz - Q2 2025 [Phase 2],LinkedIn B2B Sponsored Content & InMail,Paid Social,Enterprise Data Engineering Leads,ANZ,60800.0,219537,4742,2.16,262,232.06,163,61,2219041.62,25,701632.0,11.54,2432.0,1054.0,2024-01-17,2024-02-18,Completed
CAMP-2025-00614,Quantum-Safe Cryptography Suite - Q3 2025 [Phase 3],YouTube Deep-Dive Tech Architecture,Video Marketing,SMB Growth Tech Founders,APAC (Japan/Taiwan/SG),85300.0,387203,8170,2.11,1177,72.47,597,273,2863645.38,95,801820.0,9.4,897.89,840.0,2024-09-10,2024-12-01,Completed
CAMP-2025-00615,GenAI Enterprise Copilot Accelerator - Q4 2025 [Phase 1],Programmatic Account-Based Display (ABM),ABM Display,Cloud Native DevOps & SRE Architects,ANZ,58100.0,388494,7226,1.86,230,252.61,147,39,918786.52,12,242277.0,4.17,4841.67,317.0,2025-09-29,2025-11-20,Completed
CAMP-2025-00616,Kubernetes Multi-Cloud Mesh - Q1 2025 [Phase 2],Programmatic Account-Based Display (ABM),ABM Display,Fortune 500 CTOs & VP Infrastructure,Global Multi-Region,62900.0,302787,4996,1.65,360,174.72,214,72,1408197.52,15,364820.0,5.8,4193.33,480.0,2025-02-03,2025-03-16,Completed
CAMP-2025-00617,Unified Customer 360 AI - Q2 2025 [Phase 3],Developer Hackathons & Open Source Grants,Community,Cloud Native DevOps & SRE Architects,Latin America,82800.0,139596,11084,7.94,2084,39.73,1294,401,7058724.01,148,1901916.0,22.97,559.46,2197.0,2025-01-13,2025-03-15,Completed
CAMP-2025-00618,Automated Compliance & SOC2 - Q3 2025 [Phase 1],Tech Podcast Host-Read Sponsorship,Audio & Podcasts,Fortune 500 CTOs & VP Infrastructure,Middle East,94900.0,587976,15111,2.57,1684,56.35,681,251,2104705.4,70,741169.0,7.81,1355.71,681.0,2024-10-03,2024-12-18,Completed
CAMP-2025-00619,GenAI Enterprise Copilot Accelerator - Q4 2025 [Phase 2],Developer Hackathons & Open Source Grants,Community,Healthcare & Life Sciences Tech Leads,APAC (Japan/Taiwan/SG),29700.0,30024,2489,8.29,584,50.86,373,149,1509037.85,61,337095.0,11.35,486.89,1035.0,2025-02-25,2025-03-22,Completed
CAMP-2025-00620,Quantum-Safe Cryptography Suite - Q1 2025 [Phase 3],YouTube Deep-Dive Tech Architecture,Video Marketing,Fortune 500 CTOs & VP Infrastructure,APAC (Japan/Taiwan/SG),45600.0,157248,4686,2.98,525,86.86,275,146,2289234.55,36,511632.0,11.22,1266.67,1022.0,2026-02-05,2026-03-31,Completed
CAMP-2025-00621,Unified Customer 360 AI - Q2 2025 [Phase 1],Gartner & Forrester Summit Sponsorships,Events & Conferences,Fortune 500 CTOs & VP Infrastructure,Middle East,80400.0,534969,8720,1.63,218,368.81,123,36,3126439.83,14,661692.0,8.23,5742.86,723.0,2026-04-08,2026-06-18,Completed
CAMP-2025-00622,High-Throughput Streaming Engine - Q3 2025 [Phase 2],LinkedIn B2B Sponsored Content & InMail,Paid Social,SMB Growth Tech Founders,Latin America,17400.0,195024,4037,2.07,76,228.95,45,11,636692.31,4,188442.0,10.83,4350.0,983.0,2025-11-17,2025-12-19,Completed
CAMP-2025-00623,Real-Time Telemetry at Scale - Q4 2025 [Phase 3],Tech Podcast Host-Read Sponsorship,Audio & Podcasts,Global AI/ML Research Scientists,ANZ,43100.0,175837,7561,4.3,507,85.01,309,147,870504.91,56,341783.0,7.93,769.64,693.0,2025-05-21,2025-08-18,Completed
CAMP-2025-00624,Kubernetes Multi-Cloud Mesh - Q1 2025 [Phase 1],Tech Podcast Host-Read Sponsorship,Audio & Podcasts,FinTech Chief Information Security Officers (CISO),ANZ,63900.0,164264,5470,3.33,692,92.34,393,151,2020464.76,45,548262.0,8.58,1420.0,758.0,2025-09-13,2025-11-23,Completed
CAMP-2025-00625,Automated Compliance & SOC2 - Q2 2025 [Phase 2],Developer Hackathons & Open Source Grants,Community,SMB Growth Tech Founders,ANZ,75400.0,301482,18300,6.07,2204,34.21,1613,622,5582287.26,150,1793012.0,23.78,502.67,2278.0,2024-10-20,2024-11-12,Completed
CAMP-2025-00626,Quantum-Safe Cryptography Suite - Q3 2025 [Phase 3],Programmatic Account-Based Display (ABM),ABM Display,Enterprise Data Engineering Leads,North America,58700.0,596402,8290,1.39,266,220.68,162,58,1353644.26,11,364527.0,6.21,5336.36,521.0,2026-02-19,2026-04-12,Completed
CAMP-2025-00627,Next-Gen Lakehouse Migration - Q4 2025 [Phase 1],Google Search Ads - Enterprise Intent,Paid Search,Fortune 500 CTOs & VP Infrastructure,Western Europe,43400.0,226718,5872,2.59,309,140.45,218,119,1070542.37,33,279062.0,6.43,1315.15,543.0,2025-10-09,2026-01-02,Completed
CAMP-2025-00628,Kubernetes Multi-Cloud Mesh - Q1 2025 [Phase 2],Tech Podcast Host-Read Sponsorship,Audio & Podcasts,Global AI/ML Research Scientists,Latin America,90400.0,140498,5072,3.61,1269,71.24,653,219,3589328.55,57,776536.0,8.59,1585.96,759.0,2024-03-07,2024-05-06,Completed
CAMP-2025-00629,Unified Customer 360 AI - Q2 2025 [Phase 3],LinkedIn B2B Sponsored Content & InMail,Paid Social,SMB Growth Tech Founders,Western Europe,2500.0,7444,169,2.27,15,166.67,8,3,95467.06,1,30600.0,12.24,2500.0,1124.0,2026-04-30,2026-07-25,Completed
CAMP-2025-00630,Kubernetes Multi-Cloud Mesh - Q3 2025 [Phase 1],Regional Strategic Partner Co-Marketing,Partner Co-Op,Enterprise Data Engineering Leads,ANZ,93600.0,145984,7416,5.08,2235,41.88,1519,440,4580619.67,121,1009008.0,10.78,773.55,978.0,2024-04-26,2024-06-22,Completed
CAMP-2025-00631,High-Throughput Streaming Engine - Q4 2025 [Phase 2],Tech Podcast Host-Read Sponsorship,Audio & Podcasts,Fortune 500 CTOs & VP Infrastructure,APAC (Japan/Taiwan/SG),33700.0,69331,2801,4.04,419,80.43,313,157,2160423.55,28,493031.0,14.63,1203.57,1363.0,2025-04-09,2025-05-22,Completed
CAMP-2025-00632,Real-Time Telemetry at Scale - Q1 2025 [Phase 3],LinkedIn B2B Sponsored Content & InMail,Paid Social,Enterprise Data Engineering Leads,Latin America,86800.0,505677,9709,1.92,469,185.07,225,60,3528128.6,15,866264.0,9.98,5786.67,898.0,2024-02-23,2024-04-22,Completed
CAMP-2025-00633,Real-Time Telemetry at Scale - Q2 2025 [Phase 1],Regional Strategic Partner Co-Marketing,Partner Co-Op,Healthcare & Life Sciences Tech Leads,Latin America,68500.0,97552,4146,4.25,996,68.78,578,289,6200680.09,79,1321365.0,19.29,867.09,1829.0,2025-01-13,2025-03-10,Completed
CAMP-2025-00634,Cloud Cost Optimization 40% - Q3 2025 [Phase 2],Virtual Tech Demos & Hands-on Webinars,Owned Events,Retail E-Commerce Engineering Directors,Western Europe,56300.0,65095,3743,5.75,770,73.12,441,220,1943295.47,57,458282.0,8.14,987.72,714.0,2025-07-03,2025-07-26,Completed
CAMP-2025-00635,Quantum-Safe Cryptography Suite - Q4 2025 [Phase 3],Executive Newsletter Sponsorships,Sponsored Content,Healthcare & Life Sciences Tech Leads,Middle East,62600.0,120459,4192,3.48,574,109.06,254,88,4087477.1,26,897058.0,14.33,2407.69,1333.0,2025-12-01,2026-01-31,Completed
CAMP-2025-00636,High-Throughput Streaming Engine - Q1 2025 [Phase 1],Programmatic Account-Based Display (ABM),ABM Display,Global AI/ML Research Scientists,Middle East,72000.0,237869,4020,1.69,280,257.14,207,106,1128623.17,31,379440.0,5.27,2322.58,427.0,2025-03-27,2025-05-01,Completed
CAMP-2025-00637,Zero-Trust Perimeter Defense - Q2 2025 [Phase 2],Gartner & Forrester Summit Sponsorships,Events & Conferences,Enterprise Data Engineering Leads,Global Multi-Region,50700.0,171571,3603,2.1,206,246.12,86,34,761547.23,10,221052.0,4.36,5070.0,336.0,2025-05-05,2025-07-07,Completed
CAMP-2025-00638,GenAI Enterprise Copilot Accelerator - Q3 2025 [Phase 3],Virtual Tech Demos & Hands-on Webinars,Owned Events,Fortune 500 CTOs & VP Infrastructure,ANZ,16600.0,27710,1610,5.81,215,77.21,122,58,508187.69,21,202686.0,12.21,790.48,1121.0,2025-08-26,2025-11-02,Completed
CAMP-2025-00639,Quantum-Safe Cryptography Suite - Q4 2025 [Phase 1],Gartner & Forrester Summit Sponsorships,Events & Conferences,SMB Growth Tech Founders,North America,22600.0,398904,5824,1.46,55,410.91,33,17,790447.41,6,160234.0,7.09,3766.67,609.0,2024-03-13,2024-05-01,Completed
CAMP-2025-00640,High-Throughput Streaming Engine - Q1 2025 [Phase 2],Executive Newsletter Sponsorships,Sponsored Content,Fortune 500 CTOs & VP Infrastructure,Latin America,85100.0,138795,5302,3.82,827,102.9,579,250,5086580.83,71,1375216.0,16.16,1198.59,1516.0,2025-11-08,2025-12-07,Completed
CAMP-2025-00641,Kubernetes Multi-Cloud Mesh - Q2 2025 [Phase 3],Virtual Tech Demos & Hands-on Webinars,Owned Events,Cloud Native DevOps & SRE Architects,APAC (Japan/Taiwan/SG),58100.0,51443,3385,6.58,809,71.82,418,226,1202661.22,94,419482.0,7.22,618.09,622.0,2026-05-13,2026-07-16,Completed
CAMP-2025-00642,GenAI Enterprise Copilot Accelerator - Q3 2025 [Phase 1],Developer Hackathons & Open Source Grants,Community,Enterprise Data Engineering Leads,ANZ,63600.0,105836,5313,5.02,1649,38.57,1137,419,4581783.59,127,1058940.0,16.65,500.79,1565.0,2026-05-15,2026-06-23,Completed
CAMP-2025-00643,Edge AI for Smart Robotics - Q4 2025 [Phase 2],Gartner & Forrester Summit Sponsorships,Events & Conferences,SMB Growth Tech Founders,Latin America,92700.0,659278,13713,2.08,338,274.26,190,70,1109363.48,19,398610.0,4.3,4878.95,330.0,2026-01-03,2026-03-23,Completed
CAMP-2025-00644,Developer Productivity Blitz - Q1 2025 [Phase 3],Google Search Ads - Enterprise Intent,Paid Search,Enterprise Data Engineering Leads,North America,69300.0,392821,12531,3.19,618,112.14,410,167,2145882.69,33,631323.0,9.11,2100.0,811.0,2024-12-15,2025-03-12,Completed
CAMP-2025-00645,High-Throughput Streaming Engine - Q2 2025 [Phase 1],Tech Podcast Host-Read Sponsorship,Audio & Podcasts,Global AI/ML Research Scientists,Western Europe,6600.0,16569,570,3.44,83,79.52,35,10,382710.79,4,91938.0,13.93,1650.0,1293.0,2024-12-02,2025-01-26,Completed
CAMP-2025-00646,Zero-Trust Perimeter Defense - Q3 2025 [Phase 2],Google Search Ads - Enterprise Intent,Paid Search,SMB Growth Tech Founders,North America,21200.0,205558,7544,3.67,145,146.21,89,29,545401.75,5,179988.0,8.49,4240.0,749.0,2024-09-04,2024-09-24,Completed
CAMP-2025-00647,Unified Customer 360 AI - Q4 2025 [Phase 3],Virtual Tech Demos & Hands-on Webinars,Owned Events,Enterprise Data Engineering Leads,Latin America,19900.0,46912,2355,5.02,336,59.23,247,84,784166.83,26,173926.0,8.74,765.38,774.0,2024-03-03,2024-03-30,Completed
CAMP-2025-00648,Developer Productivity Blitz - Q1 2025 [Phase 1],Virtual Tech Demos & Hands-on Webinars,Owned Events,FinTech Chief Information Security Officers (CISO),APAC (Japan/Taiwan/SG),9400.0,11844,565,4.77,112,83.93,78,25,336669.94,7,124832.0,13.28,1342.86,1228.0,2026-01-10,2026-03-11,Completed
CAMP-2025-00649,High-Throughput Streaming Engine - Q2 2025 [Phase 2],Developer Hackathons & Open Source Grants,Community,Retail E-Commerce Engineering Directors,ANZ,70000.0,65659,5279,8.04,1982,35.32,1098,588,5786824.89,114,1218700.0,17.41,614.04,1641.0,2025-02-12,2025-04-17,Completed
CAMP-2025-00650,Automated Compliance & SOC2 - Q3 2025 [Phase 3],LinkedIn B2B Sponsored Content & InMail,Paid Social,Enterprise Data Engineering Leads,Global Multi-Region,53300.0,206618,5682,2.75,298,178.86,194,83,1405977.71,20,365638.0,6.86,2665.0,586.0,2024-12-31,2025-03-28,Completed
CAMP-2025-00651,Unified Customer 360 AI - Q4 2025 [Phase 1],Tech Podcast Host-Read Sponsorship,Audio & Podcasts,Retail E-Commerce Engineering Directors,APAC (Japan/Taiwan/SG),68800.0,180307,5860,3.25,759,90.65,322,135,4116621.19,58,959760.0,13.95,1186.21,1295.0,2026-02-16,2026-05-09,Completed
CAMP-2025-00652,Next-Gen Lakehouse Migration - Q1 2025 [Phase 2],LinkedIn B2B Sponsored Content & InMail,Paid Social,Fortune 500 CTOs & VP Infrastructure,APAC (Japan/Taiwan/SG),42300.0,192489,4485,2.33,229,184.72,139,39,1214769.95,9,401427.0,9.49,4700.0,849.0,2024-03-07,2024-05-28,Completed
CAMP-2025-00653,Cloud Cost Optimization 40% - Q2 2025 [Phase 3],Gartner & Forrester Summit Sponsorships,Events & Conferences,Healthcare & Life Sciences Tech Leads,Global Multi-Region,93200.0,453858,10938,2.41,264,353.03,169,81,3237584.19,25,647740.0,6.95,3728.0,595.0,2024-11-22,2024-12-06,Completed
CAMP-2025-00654,Cloud Cost Optimization 40% - Q3 2025 [Phase 1],Developer Hackathons & Open Source Grants,Community,Retail E-Commerce Engineering Directors,Latin America,74500.0,172003,9959,5.79,1789,41.64,1228,655,3046963.23,182,1107070.0,14.86,409.34,1386.0,2025-03-09,2025-05-17,Completed
CAMP-2025-00655,Automated Compliance & SOC2 - Q4 2025 [Phase 2],Technical SEO & Pillar Blog Content,Organic Content,Healthcare & Life Sciences Tech Leads,Middle East,16100.0,17552,925,5.27,380,42.37,217,99,935053.22,32,242466.0,15.06,503.12,1406.0,2025-12-24,2026-01-27,Completed
CAMP-2025-00656,Next-Gen Lakehouse Migration - Q1 2025 [Phase 3],Tech Podcast Host-Read Sponsorship,Audio & Podcasts,Retail E-Commerce Engineering Directors,ANZ,49800.0,215950,6133,2.84,513,97.08,256,77,1725610.65,34,382464.0,7.68,1464.71,668.0,2024-11-08,2025-01-29,Completed
CAMP-2025-00657,Edge AI for Smart Robotics - Q2 2025 [Phase 1],Regional Strategic Partner Co-Marketing,Partner Co-Op,Cloud Native DevOps & SRE Architects,Western Europe,15200.0,48736,1813,3.72,357,42.58,181,51,1286709.2,21,289560.0,19.05,723.81,1805.0,2025-05-25,2025-08-03,Completed
CAMP-2025-00658,Developer Productivity Blitz - Q3 2025 [Phase 2],Virtual Tech Demos & Hands-on Webinars,Owned Events,Fortune 500 CTOs & VP Infrastructure,Western Europe,62500.0,58378,3853,6.6,868,72.0,382,203,2338325.07,80,588125.0,9.41,781.25,841.0,2025-08-01,2025-10-15,Completed
CAMP-2025-00659,Edge AI for Smart Robotics - Q4 2025 [Phase 3],Technical SEO & Pillar Blog Content,Organic Content,Retail E-Commerce Engineering Directors,APAC (Japan/Taiwan/SG),68700.0,198838,14555,7.32,1561,44.01,1108,456,3746426.76,166,1207746.0,17.58,413.86,1658.0,2024-06-23,2024-08-07,Completed
CAMP-2025-00660,Zero-Trust Perimeter Defense - Q1 2025 [Phase 1],Google Search Ads - Enterprise Intent,Paid Search,Healthcare & Life Sciences Tech Leads,North America,91200.0,146302,5223,3.57,997,91.47,671,367,3223360.17,113,768816.0,8.43,807.08,743.0,2024-05-09,2024-07-01,Completed
CAMP-2025-00661,Cloud Cost Optimization 40% - Q2 2025 [Phase 2],Regional Strategic Partner Co-Marketing,Partner Co-Op,FinTech Chief Information Security Officers (CISO),ANZ,59200.0,153788,6413,4.17,873,67.81,357,152,2722236.59,37,884448.0,14.94,1600.0,1394.0,2024-01-28,2024-04-25,Completed
CAMP-2025-00662,Developer Productivity Blitz - Q3 2025 [Phase 3],YouTube Deep-Dive Tech Architecture,Video Marketing,SMB Growth Tech Founders,Global Multi-Region,91300.0,438755,10223,2.33,1019,89.6,653,188,5248013.72,43,1164075.0,12.75,2123.26,1175.0,2024-03-15,2024-05-28,Completed
CAMP-2025-00663,Zero-Trust Perimeter Defense - Q4 2025 [Phase 1],Executive Newsletter Sponsorships,Sponsored Content,SMB Growth Tech Founders,Latin America,24300.0,50877,2030,3.99,314,77.39,143,67,1031810.21,14,217485.0,8.95,1735.71,795.0,2025-10-16,2025-12-09,Completed
CAMP-2025-00664,Real-Time Telemetry at Scale - Q1 2025 [Phase 2],Technical SEO & Pillar Blog Content,Organic Content,Fortune 500 CTOs & VP Infrastructure,North America,74700.0,141628,6784,4.79,2685,27.82,1132,617,3682517.59,167,1119006.0,14.98,447.31,1398.0,2024-09-30,2024-11-19,Completed
CAMP-2025-00665,High-Throughput Streaming Engine - Q2 2025 [Phase 3],Programmatic Account-Based Display (ABM),ABM Display,FinTech Chief Information Security Officers (CISO),APAC (Japan/Taiwan/SG),12700.0,58220,949,1.63,69,184.06,35,13,345132.2,4,103886.0,8.18,3175.0,718.0,2026-03-20,2026-05-13,Completed
CAMP-2025-00666,Cloud Cost Optimization 40% - Q3 2025 [Phase 1],Google Search Ads - Enterprise Intent,Paid Search,Cloud Native DevOps & SRE Architects,Western Europe,26700.0,59717,2329,3.9,177,150.85,114,47,684098.62,10,197046.0,7.38,2670.0,638.0,2024-12-25,2025-03-04,Completed
CAMP-2025-00667,GenAI Enterprise Copilot Accelerator - Q4 2025 [Phase 2],YouTube Deep-Dive Tech Architecture,Video Marketing,Fortune 500 CTOs & VP Infrastructure,Western Europe,12000.0,33591,1085,3.23,151,79.47,92,30,438093.7,11,99600.0,8.3,1090.91,730.0,2024-06-07,2024-08-21,Completed
CAMP-2025-00668,Quantum-Safe Cryptography Suite - Q1 2025 [Phase 3],Programmatic Account-Based Display (ABM),ABM Display,Cloud Native DevOps & SRE Architects,Latin America,63800.0,244099,3930,1.61,371,171.97,200,50,2447671.42,19,495726.0,7.77,3357.89,677.0,2026-06-05,2026-07-22,Completed
CAMP-2025-00669,Quantum-Safe Cryptography Suite - Q2 2025 [Phase 1],Developer Hackathons & Open Source Grants,Community,Healthcare & Life Sciences Tech Leads,North America,78100.0,291230,22250,7.64,1820,42.91,1240,442,8007183.81,103,1633852.0,20.92,758.25,1992.0,2024-07-08,2024-09-08,Completed
CAMP-2025-00670,Real-Time Telemetry at Scale - Q3 2025 [Phase 2],Gartner & Forrester Summit Sponsorships,Events & Conferences,Cloud Native DevOps & SRE Architects,APAC (Japan/Taiwan/SG),90300.0,599166,10066,1.68,230,392.61,109,32,3497490.73,14,754908.0,8.36,6450.0,736.0,2024-07-01,2024-07-28,Completed
CAMP-2025-00671,Zero-Trust Perimeter Defense - Q4 2025 [Phase 3],Technical SEO & Pillar Blog Content,Organic Content,Global AI/ML Research Scientists,North America,11600.0,34574,1829,5.29,331,35.05,180,98,1163576.39,19,292552.0,25.22,610.53,2422.0,2025-11-14,2026-01-29,Completed
CAMP-2025-00672,Kubernetes Multi-Cloud Mesh - Q1 2025 [Phase 1],Developer Hackathons & Open Source Grants,Community,Cloud Native DevOps & SRE Architects,Western Europe,27000.0,31171,1730,5.55,597,45.23,286,95,2248903.21,41,643410.0,23.83,658.54,2283.0,2025-09-22,2025-12-04,Completed
CAMP-2025-00673,Edge AI for Smart Robotics - Q2 2025 [Phase 2],Executive Newsletter Sponsorships,Sponsored Content,Healthcare & Life Sciences Tech Leads,ANZ,75500.0,169502,6475,3.82,687,109.9,275,85,2195925.77,27,635710.0,8.42,2796.3,742.0,2024-09-01,2024-11-25,Completed
CAMP-2025-00674,Zero-Trust Perimeter Defense - Q3 2025 [Phase 3],Google Search Ads - Enterprise Intent,Paid Search,Retail E-Commerce Engineering Directors,Middle East,22300.0,150970,4665,3.09,157,142.04,100,39,1169533.37,7,238610.0,10.7,3185.71,970.0,2025-08-04,2025-10-12,Completed
CAMP-2025-00675,Kubernetes Multi-Cloud Mesh - Q4 2025 [Phase 1],YouTube Deep-Dive Tech Architecture,Video Marketing,SMB Growth Tech Founders,Western Europe,81900.0,472765,14703,3.11,842,97.27,548,288,2788747.12,95,859950.0,10.5,862.11,950.0,2024-09-30,2024-11-02,Completed
CAMP-2025-00676,Quantum-Safe Cryptography Suite - Q1 2025 [Phase 2],YouTube Deep-Dive Tech Architecture,Video Marketing,SMB Growth Tech Founders,North America,17100.0,67761,1877,2.77,171,100.0,88,34,491923.3,8,179550.0,10.5,2137.5,950.0,2024-03-06,2024-05-07,Completed
CAMP-2025-00677,GenAI Enterprise Copilot Accelerator - Q2 2025 [Phase 3],Gartner & Forrester Summit Sponsorships,Events & Conferences,Fortune 500 CTOs & VP Infrastructure,APAC (Japan/Taiwan/SG),35900.0,113821,2174,1.91,134,267.91,74,25,1109632.94,9,248069.0,6.91,3988.89,591.0,2025-01-29,2025-02-26,Completed
CAMP-2025-00678,Zero-Trust Perimeter Defense - Q3 2025 [Phase 1],Virtual Tech Demos & Hands-on Webinars,Owned Events,Cloud Native DevOps & SRE Architects,Western Europe,29700.0,68854,3126,4.54,573,51.83,294,118,1037496.94,34,291357.0,9.81,873.53,881.0,2026-03-28,2026-06-10,Completed
CAMP-2025-00679,GenAI Enterprise Copilot Accelerator - Q4 2025 [Phase 2],Developer Hackathons & Open Source Grants,Community,Enterprise Data Engineering Leads,ANZ,68800.0,106201,7381,6.95,1682,40.9,691,332,5594508.24,64,1538368.0,22.36,1075.0,2136.0,2025-05-18,2025-06-01,Completed
CAMP-2025-00680,Cloud Cost Optimization 40% - Q1 2025 [Phase 3],Programmatic Account-Based Display (ABM),ABM Display,Cloud Native DevOps & SRE Architects,North America,42100.0,255888,4606,1.8,200,210.5,142,56,1167422.81,14,260599.0,6.19,3007.14,519.0,2024-03-26,2024-04-23,Completed
CAMP-2025-00681,Unified Customer 360 AI - Q2 2025 [Phase 1],Google Search Ads - Enterprise Intent,Paid Search,Enterprise Data Engineering Leads,Middle East,5300.0,22473,627,2.79,36,147.22,17,5,156229.11,1,37577.0,7.09,5300.0,609.0,2025-01-17,2025-02-04,Completed
CAMP-2025-00682,Cloud Cost Optimization 40% - Q3 2025 [Phase 2],Google Search Ads - Enterprise Intent,Paid Search,Cloud Native DevOps & SRE Architects,Latin America,70200.0,272361,7381,2.71,614,114.33,366,186,1910224.16,40,485082.0,6.91,1755.0,591.0,2024-08-17,2024-11-09,Completed
CAMP-2025-00683,High-Throughput Streaming Engine - Q4 2025 [Phase 3],Google Search Ads - Enterprise Intent,Paid Search,Fortune 500 CTOs & VP Infrastructure,North America,64800.0,508078,16919,3.33,510,127.06,291,141,2216750.58,47,583848.0,9.01,1378.72,801.0,2026-05-07,2026-05-23,Completed
CAMP-2025-00684,High-Throughput Streaming Engine - Q1 2025 [Phase 1],Google Search Ads - Enterprise Intent,Paid Search,FinTech Chief Information Security Officers (CISO),APAC (Japan/Taiwan/SG),16500.0,25618,1035,4.04,171,96.49,81,21,670323.17,4,142065.0,8.61,4125.0,761.0,2026-04-11,2026-06-25,Completed
CAMP-2025-00685,Kubernetes Multi-Cloud Mesh - Q2 2025 [Phase 2],Virtual Tech Demos & Hands-on Webinars,Owned Events,FinTech Chief Information Security Officers (CISO),Global Multi-Region,36000.0,50000,2945,5.89,453,79.47,201,99,1555719.29,37,318600.0,8.85,972.97,785.0,2026-05-14,2026-07-31,Completed
CAMP-2025-00686,Kubernetes Multi-Cloud Mesh - Q3 2025 [Phase 3],LinkedIn B2B Sponsored Content & InMail,Paid Social,Enterprise Data Engineering Leads,Western Europe,50100.0,359223,7400,2.06,279,179.57,208,55,1603323.01,19,383265.0,7.65,2636.84,665.0,2024-03-19,2024-05-07,Completed
CAMP-2025-00687,Zero-Trust Perimeter Defense - Q4 2025 [Phase 1],Technical SEO & Pillar Blog Content,Organic Content,Cloud Native DevOps & SRE Architects,ANZ,87100.0,283618,21243,7.49,2032,42.86,1115,540,6084817.64,158,1775098.0,20.38,551.27,1938.0,2026-01-10,2026-04-07,Completed
CAMP-2025-00688,Zero-Trust Perimeter Defense - Q1 2025 [Phase 2],Technical SEO & Pillar Blog Content,Organic Content,FinTech Chief Information Security Officers (CISO),North America,74100.0,92276,4540,4.92,1918,38.63,1237,496,6366433.47,195,1314534.0,17.74,380.0,1674.0,2025-06-11,2025-07-05,Completed
CAMP-2025-00689,Next-Gen Lakehouse Migration - Q2 2025 [Phase 3],Gartner & Forrester Summit Sponsorships,Events & Conferences,Healthcare & Life Sciences Tech Leads,Western Europe,69900.0,1591437,26577,1.67,211,331.28,133,36,1610622.15,7,510270.0,7.3,9985.71,630.0,2025-06-11,2025-07-29,Completed
CAMP-2025-00690,Unified Customer 360 AI - Q3 2025 [Phase 1],Technical SEO & Pillar Blog Content,Organic Content,SMB Growth Tech Founders,APAC (Japan/Taiwan/SG),49700.0,58198,3748,6.44,1754,28.34,1160,317,4915265.13,101,1241009.0,24.97,492.08,2397.0,2025-05-29,2025-08-01,Completed
CAMP-2025-00691,Kubernetes Multi-Cloud Mesh - Q4 2025 [Phase 2],Regional Strategic Partner Co-Marketing,Partner Co-Op,Global AI/ML Research Scientists,Western Europe,42000.0,67853,2592,3.82,644,65.22,381,122,1799773.75,26,690480.0,16.44,1615.38,1544.0,2025-07-20,2025-10-04,Completed
CAMP-2025-00692,High-Throughput Streaming Engine - Q1 2025 [Phase 3],Executive Newsletter Sponsorships,Sponsored Content,SMB Growth Tech Founders,ANZ,22200.0,54248,2924,5.39,294,75.51,125,60,1406747.37,12,362304.0,16.32,1850.0,1532.0,2024-10-19,2024-12-16,Completed
CAMP-2025-00693,Cloud Cost Optimization 40% - Q2 2025 [Phase 1],Executive Newsletter Sponsorships,Sponsored Content,FinTech Chief Information Security Officers (CISO),APAC (Japan/Taiwan/SG),35500.0,124242,6647,5.35,522,68.01,306,125,1950285.44,29,402215.0,11.33,1224.14,1033.0,2024-02-23,2024-03-26,Completed
CAMP-2025-00694,Developer Productivity Blitz - Q3 2025 [Phase 2],Regional Strategic Partner Co-Marketing,Partner Co-Op,SMB Growth Tech Founders,Global Multi-Region,31200.0,80946,3505,4.33,587,53.15,235,118,1557701.27,32,368472.0,11.81,975.0,1081.0,2025-03-30,2025-06-09,Completed
CAMP-2025-00695,Real-Time Telemetry at Scale - Q4 2025 [Phase 3],Google Search Ads - Enterprise Intent,Paid Search,FinTech Chief Information Security Officers (CISO),ANZ,29200.0,65296,1874,2.87,249,117.27,120,56,842744.93,18,180164.0,6.17,1622.22,517.0,2024-12-06,2025-01-10,Completed
CAMP-2025-00696,Cloud Cost Optimization 40% - Q1 2025 [Phase 1],Gartner & Forrester Summit Sponsorships,Events & Conferences,Cloud Native DevOps & SRE Architects,Latin America,7700.0,38054,704,1.85,19,405.26,12,3,221226.2,1,58674.0,7.62,7700.0,662.0,2026-04-27,2026-07-11,Completed
CAMP-2025-00697,GenAI Enterprise Copilot Accelerator - Q2 2025 [Phase 2],Regional Strategic Partner Co-Marketing,Partner Co-Op,Cloud Native DevOps & SRE Architects,APAC (Japan/Taiwan/SG),7000.0,29511,1449,4.91,126,55.56,69,19,273435.31,5,87080.0,12.44,1400.0,1144.0,2025-10-07,2025-12-01,Completed
CAMP-2025-00698,High-Throughput Streaming Engine - Q3 2025 [Phase 3],Virtual Tech Demos & Hands-on Webinars,Owned Events,Fortune 500 CTOs & VP Infrastructure,Latin America,36600.0,30327,2035,6.71,742,49.33,473,236,1605175.06,58,452376.0,12.36,631.03,1136.0,2024-01-02,2024-03-07,Completed
CAMP-2025-00699,Quantum-Safe Cryptography Suite - Q4 2025 [Phase 1],Tech Podcast Host-Read Sponsorship,Audio & Podcasts,Enterprise Data Engineering Leads,Global Multi-Region,68000.0,147366,3861,2.62,750,90.67,530,199,2816389.71,55,941800.0,13.85,1236.36,1285.0,2024-02-24,2024-03-21,Completed
CAMP-2025-00700,Cloud Cost Optimization 40% - Q1 2025 [Phase 2],Google Search Ads - Enterprise Intent,Paid Search,Global AI/ML Research Scientists,APAC (Japan/Taiwan/SG),91900.0,261702,9683,3.7,742,123.85,372,108,2522057.52,29,562428.0,6.12,3168.97,512.0,2024-08-15,2024-09-30,Completed
CAMP-2025-00701,Quantum-Safe Cryptography Suite - Q2 2025 [Phase 3],Regional Strategic Partner Co-Marketing,Partner Co-Op,Global AI/ML Research Scientists,Middle East,69800.0,133919,5638,4.21,1013,68.9,442,174,1917564.89,50,687530.0,9.85,1396.0,885.0,2025-04-15,2025-07-14,Completed
CAMP-2025-00702,High-Throughput Streaming Engine - Q3 2025 [Phase 1],Virtual Tech Demos & Hands-on Webinars,Owned Events,FinTech Chief Information Security Officers (CISO),Western Europe,20500.0,49354,3134,6.35,339,60.47,160,82,905607.49,19,301555.0,14.71,1078.95,1371.0,2024-06-16,2024-07-11,Completed
CAMP-2025-00703,Zero-Trust Perimeter Defense - Q4 2025 [Phase 2],Programmatic Account-Based Display (ABM),ABM Display,FinTech Chief Information Security Officers (CISO),Latin America,57700.0,213493,3544,1.66,250,230.8,169,69,1247826.29,19,253880.0,4.4,3036.84,340.0,2026-04-04,2026-04-26,Completed
CAMP-2025-00704,Automated Compliance & SOC2 - Q1 2025 [Phase 3],Tech Podcast Host-Read Sponsorship,Audio & Podcasts,Fortune 500 CTOs & VP Infrastructure,ANZ,74000.0,236317,8342,3.53,990,74.75,477,249,3088917.11,52,822880.0,11.12,1423.08,1012.0,2024-12-07,2024-12-31,Completed
CAMP-2025-00705,Automated Compliance & SOC2 - Q2 2025 [Phase 1],Gartner & Forrester Summit Sponsorships,Events & Conferences,Enterprise Data Engineering Leads,North America,13600.0,96394,2005,2.08,35,388.57,22,5,243508.66,1,76568.0,5.63,13600.0,463.0,2025-07-11,2025-08-19,Completed
CAMP-2025-00706,Quantum-Safe Cryptography Suite - Q3 2025 [Phase 2],Virtual Tech Demos & Hands-on Webinars,Owned Events,Fortune 500 CTOs & VP Infrastructure,APAC (Japan/Taiwan/SG),55300.0,78885,4812,6.1,972,56.89,646,220,1514877.04,42,593369.0,10.73,1316.67,973.0,2024-02-14,2024-05-06,Completed
CAMP-2025-00707,Developer Productivity Blitz - Q4 2025 [Phase 3],Developer Hackathons & Open Source Grants,Community,FinTech Chief Information Security Officers (CISO),ANZ,8700.0,10523,683,6.49,194,44.85,110,37,374442.09,15,124323.0,14.29,580.0,1329.0,2026-02-27,2026-05-03,Completed
CAMP-2025-00708,Cloud Cost Optimization 40% - Q1 2025 [Phase 1],Technical SEO & Pillar Blog Content,Organic Content,Retail E-Commerce Engineering Directors,APAC (Japan/Taiwan/SG),70500.0,413829,20857,5.04,1662,42.42,878,245,4635919.09,74,1234455.0,17.51,952.7,1651.0,2024-03-12,2024-05-10,Completed
CAMP-2025-00709,Unified Customer 360 AI - Q2 2025 [Phase 2],Google Search Ads - Enterprise Intent,Paid Search,Enterprise Data Engineering Leads,APAC (Japan/Taiwan/SG),22800.0,40062,1278,3.19,190,120.0,126,63,566105.55,25,212952.0,9.34,912.0,834.0,2024-09-25,2024-11-09,Completed
CAMP-2025-00710,Quantum-Safe Cryptography Suite - Q3 2025 [Phase 3],Tech Podcast Host-Read Sponsorship,Audio & Podcasts,FinTech Chief Information Security Officers (CISO),Latin America,9200.0,17536,719,4.1,121,76.03,79,20,370595.38,7,118404.0,12.87,1314.29,1187.0,2025-08-21,2025-10-27,Completed
CAMP-2025-00711,Real-Time Telemetry at Scale - Q4 2025 [Phase 1],Technical SEO & Pillar Blog Content,Organic Content,Cloud Native DevOps & SRE Architects,ANZ,68400.0,186417,8221,4.41,2143,31.92,1150,505,5784329.6,122,1761300.0,25.75,560.66,2475.0,2024-09-19,2024-10-05,Completed
CAMP-2025-00712,Edge AI for Smart Robotics - Q1 2025 [Phase 2],Virtual Tech Demos & Hands-on Webinars,Owned Events,Global AI/ML Research Scientists,Middle East,38300.0,35797,2445,6.83,524,73.09,360,140,1642306.43,57,531221.0,13.87,671.93,1287.0,2024-02-23,2024-03-14,Completed
CAMP-2025-00713,Cloud Cost Optimization 40% - Q2 2025 [Phase 3],Gartner & Forrester Summit Sponsorships,Events & Conferences,Enterprise Data Engineering Leads,Global Multi-Region,19400.0,139018,2266,1.63,72,269.44,30,15,783840.47,3,160244.0,8.26,6466.67,726.0,2025-07-10,2025-10-06,Completed
CAMP-2025-00714,Automated Compliance & SOC2 - Q3 2025 [Phase 1],Programmatic Account-Based Display (ABM),ABM Display,Global AI/ML Research Scientists,North America,69200.0,380677,6738,1.77,346,200.0,245,65,1668477.29,11,431116.0,6.23,6290.91,523.0,2026-06-16,2026-07-25,Completed
CAMP-2025-00715,Edge AI for Smart Robotics - Q4 2025 [Phase 2],Executive Newsletter Sponsorships,Sponsored Content,Global AI/ML Research Scientists,Western Europe,40500.0,159962,8526,5.33,504,80.36,366,122,2515393.64,36,513540.0,12.68,1125.0,1168.0,2024-09-05,2024-10-14,Completed
CAMP-2025-00716,GenAI Enterprise Copilot Accelerator - Q1 2025 [Phase 3],Gartner & Forrester Summit Sponsorships,Events & Conferences,Fortune 500 CTOs & VP Infrastructure,Global Multi-Region,91300.0,223765,5348,2.39,252,362.3,156,40,2627852.39,12,566973.0,6.21,7608.33,521.0,2024-04-14,2024-07-09,Completed
CAMP-2025-00717,Zero-Trust Perimeter Defense - Q2 2025 [Phase 1],Executive Newsletter Sponsorships,Sponsored Content,Healthcare & Life Sciences Tech Leads,Western Europe,52500.0,113745,5801,5.1,507,103.55,304,79,3191183.82,30,869925.0,16.57,1750.0,1557.0,2024-06-01,2024-07-25,Completed
CAMP-2025-00718,Next-Gen Lakehouse Migration - Q3 2025 [Phase 2],Tech Podcast Host-Read Sponsorship,Audio & Podcasts,Cloud Native DevOps & SRE Architects,ANZ,48500.0,132512,5486,4.14,617,78.61,248,78,1853793.17,18,530105.0,10.93,2694.44,993.0,2025-06-29,2025-08-17,Completed
CAMP-2025-00719,Kubernetes Multi-Cloud Mesh - Q4 2025 [Phase 3],Technical SEO & Pillar Blog Content,Organic Content,Global AI/ML Research Scientists,Latin America,60800.0,281792,13047,4.63,1358,44.77,660,275,3700004.26,86,1131488.0,18.61,706.98,1761.0,2025-05-28,2025-08-12,Completed
CAMP-2025-00720,GenAI Enterprise Copilot Accelerator - Q1 2025 [Phase 1],LinkedIn B2B Sponsored Content & InMail,Paid Social,SMB Growth Tech Founders,Latin America,7000.0,40885,1247,3.05,45,155.56,27,8,197183.04,2,64890.0,9.27,3500.0,827.0,2024-02-09,2024-03-25,Completed
CAMP-2025-00721,Next-Gen Lakehouse Migration - Q2 2025 [Phase 2],Developer Hackathons & Open Source Grants,Community,Healthcare & Life Sciences Tech Leads,Middle East,17000.0,15231,1150,7.55,380,44.74,175,94,773546.26,37,190060.0,11.18,459.46,1018.0,2025-06-27,2025-07-16,Completed
CAMP-2025-00722,Edge AI for Smart Robotics - Q3 2025 [Phase 3],Virtual Tech Demos & Hands-on Webinars,Owned Events,Cloud Native DevOps & SRE Architects,Global Multi-Region,77300.0,124902,6420,5.14,1397,55.33,721,326,3183921.86,137,681013.0,8.81,564.23,781.0,2025-10-25,2025-11-25,Completed
CAMP-2025-00723,Edge AI for Smart Robotics - Q4 2025 [Phase 1],Regional Strategic Partner Co-Marketing,Partner Co-Op,Fortune 500 CTOs & VP Infrastructure,Global Multi-Region,25100.0,41720,2086,5.0,374,67.11,151,50,1690238.74,10,514048.0,20.48,2510.0,1948.0,2025-01-18,2025-04-01,Completed
CAMP-2025-00724,Cloud Cost Optimization 40% - Q1 2025 [Phase 2],Regional Strategic Partner Co-Marketing,Partner Co-Op,Healthcare & Life Sciences Tech Leads,ANZ,46100.0,404648,12099,2.99,704,65.48,336,167,1574122.52,62,510327.0,11.07,743.55,1007.0,2026-06-14,2026-08-03,Active
CAMP-2025-00725,Real-Time Telemetry at Scale - Q2 2025 [Phase 3],YouTube Deep-Dive Tech Architecture,Video Marketing,FinTech Chief Information Security Officers (CISO),North America,72800.0,189942,6648,3.5,694,104.9,489,174,2514686.36,47,534352.0,7.34,1548.94,634.0,2025-07-31,2025-09-17,Completed
CAMP-2025-00726,Edge AI for Smart Robotics - Q3 2025 [Phase 1],YouTube Deep-Dive Tech Architecture,Video Marketing,FinTech Chief Information Security Officers (CISO),Global Multi-Region,26300.0,90842,2371,2.61,271,97.05,131,61,1227938.6,14,265367.0,10.09,1878.57,909.0,2025-04-09,2025-06-16,Completed
CAMP-2025-00727,Zero-Trust Perimeter Defense - Q4 2025 [Phase 2],Regional Strategic Partner Co-Marketing,Partner Co-Op,Retail E-Commerce Engineering Directors,Latin America,8200.0,22627,801,3.54,171,47.95,118,57,410194.59,25,90118.0,10.99,328.0,999.0,2025-08-27,2025-09-17,Completed
CAMP-2025-00728,Zero-Trust Perimeter Defense - Q1 2025 [Phase 3],Developer Hackathons & Open Source Grants,Community,Fortune 500 CTOs & VP Infrastructure,Middle East,56600.0,61852,4274,6.91,1150,49.22,744,371,3622952.8,139,846170.0,14.95,407.19,1395.0,2026-06-07,2026-07-04,Completed
CAMP-2025-00729,Kubernetes Multi-Cloud Mesh - Q2 2025 [Phase 1],Programmatic Account-Based Display (ABM),ABM Display,FinTech Chief Information Security Officers (CISO),North America,39700.0,217500,3393,1.56,151,262.91,98,25,614888.38,6,150066.0,3.78,6616.67,278.0,2026-01-07,2026-03-06,Completed
CAMP-2025-00730,Quantum-Safe Cryptography Suite - Q3 2025 [Phase 2],Executive Newsletter Sponsorships,Sponsored Content,FinTech Chief Information Security Officers (CISO),Global Multi-Region,85800.0,164760,7579,4.6,795,107.92,326,95,3572855.78,41,957528.0,11.16,2092.68,1016.0,2025-09-20,2025-11-03,Completed
CAMP-2025-00731,Next-Gen Lakehouse Migration - Q4 2025 [Phase 3],Programmatic Account-Based Display (ABM),ABM Display,Healthcare & Life Sciences Tech Leads,Middle East,17400.0,337837,5000,1.48,77,225.97,33,17,505998.48,3,126846.0,7.29,5800.0,629.0,2024-01-17,2024-04-10,Completed
CAMP-2025-00732,Unified Customer 360 AI - Q1 2025 [Phase 1],LinkedIn B2B Sponsored Content & InMail,Paid Social,FinTech Chief Information Security Officers (CISO),Latin America,56700.0,190262,5803,3.05,334,169.76,184,85,1859499.76,25,586278.0,10.34,2268.0,934.0,2025-10-24,2025-11-27,Completed
CAMP-2025-00733,Developer Productivity Blitz - Q2 2025 [Phase 2],Gartner & Forrester Summit Sponsorships,Events & Conferences,Enterprise Data Engineering Leads,Middle East,54700.0,594793,14394,2.42,185,295.68,112,34,1889123.6,7,406421.0,7.43,7814.29,643.0,2025-07-04,2025-08-21,Completed
CAMP-2025-00734,High-Throughput Streaming Engine - Q3 2025 [Phase 3],LinkedIn B2B Sponsored Content & InMail,Paid Social,Enterprise Data Engineering Leads,Global Multi-Region,67600.0,311282,9712,3.12,405,166.91,267,123,2418075.57,35,585416.0,8.66,1931.43,766.0,2025-05-06,2025-07-22,Completed
CAMP-2025-00735,Cloud Cost Optimization 40% - Q4 2025 [Phase 1],Gartner & Forrester Summit Sponsorships,Events & Conferences,Cloud Native DevOps & SRE Architects,North America,74500.0,786374,13447,1.71,257,289.88,171,55,1469537.77,22,393360.0,5.28,3386.36,428.0,2026-01-04,2026-03-05,Completed
CAMP-2025-00736,Kubernetes Multi-Cloud Mesh - Q1 2025 [Phase 2],Tech Podcast Host-Read Sponsorship,Audio & Podcasts,Cloud Native DevOps & SRE Architects,ANZ,4100.0,10942,360,3.29,44,93.18,23,9,156548.9,1,43583.0,10.63,4100.0,963.0,2024-09-27,2024-11-19,Completed
CAMP-2025-00737,Developer Productivity Blitz - Q2 2025 [Phase 3],Tech Podcast Host-Read Sponsorship,Audio & Podcasts,Retail E-Commerce Engineering Directors,North America,3000.0,29017,1181,4.07,32,93.75,14,5,117455.89,2,33030.0,11.01,1500.0,1001.0,2024-01-20,2024-02-27,Completed
CAMP-2025-00738,Zero-Trust Perimeter Defense - Q3 2025 [Phase 1],YouTube Deep-Dive Tech Architecture,Video Marketing,SMB Growth Tech Founders,ANZ,3300.0,7886,250,3.17,40,82.5,21,9,104383.22,2,28842.0,8.74,1650.0,774.0,2026-03-13,2026-04-15,Completed
CAMP-2025-00739,Kubernetes Multi-Cloud Mesh - Q4 2025 [Phase 2],Programmatic Account-Based Display (ABM),ABM Display,Healthcare & Life Sciences Tech Leads,Latin America,25000.0,143726,2314,1.61,98,255.1,49,24,363521.38,9,100500.0,4.02,2777.78,302.0,2024-11-25,2024-12-21,Completed
CAMP-2025-00740,Cloud Cost Optimization 40% - Q1 2025 [Phase 3],Google Search Ads - Enterprise Intent,Paid Search,Enterprise Data Engineering Leads,APAC (Japan/Taiwan/SG),40200.0,116372,4620,3.97,321,125.23,233,101,1507853.52,42,377076.0,9.38,957.14,838.0,2024-09-22,2024-10-10,Completed
CAMP-2025-00741,Developer Productivity Blitz - Q2 2025 [Phase 1],Developer Hackathons & Open Source Grants,Community,Enterprise Data Engineering Leads,ANZ,56900.0,79546,6308,7.93,1259,45.19,632,222,3010274.64,86,1134017.0,19.93,661.63,1893.0,2024-11-27,2024-12-13,Completed
CAMP-2025-00742,Automated Compliance & SOC2 - Q3 2025 [Phase 2],YouTube Deep-Dive Tech Architecture,Video Marketing,Enterprise Data Engineering Leads,ANZ,82800.0,353791,9517,2.69,1039,79.69,702,280,4010493.85,74,1069776.0,12.92,1118.92,1192.0,2025-02-18,2025-04-01,Completed
CAMP-2025-00743,Automated Compliance & SOC2 - Q4 2025 [Phase 3],Tech Podcast Host-Read Sponsorship,Audio & Podcasts,Fortune 500 CTOs & VP Infrastructure,North America,50500.0,83383,3302,3.96,648,77.93,293,159,3380137.63,33,748915.0,14.83,1530.3,1383.0,2025-12-12,2026-02-06,Completed
CAMP-2025-00744,Edge AI for Smart Robotics - Q1 2025 [Phase 1],Tech Podcast Host-Read Sponsorship,Audio & Podcasts,Global AI/ML Research Scientists,APAC (Japan/Taiwan/SG),3300.0,10038,262,2.61,50,66.0,23,8,104210.86,1,41316.0,12.52,3300.0,1152.0,2025-07-27,2025-10-22,Completed
CAMP-2025-00745,Kubernetes Multi-Cloud Mesh - Q2 2025 [Phase 2],Gartner & Forrester Summit Sponsorships,Events & Conferences,FinTech Chief Information Security Officers (CISO),Western Europe,42300.0,466737,11015,2.36,159,266.04,110,45,1077212.06,12,293985.0,6.95,3525.0,595.0,2026-02-16,2026-03-19,Completed
CAMP-2025-00746,Edge AI for Smart Robotics - Q3 2025 [Phase 3],LinkedIn B2B Sponsored Content & InMail,Paid Social,Retail E-Commerce Engineering Directors,Middle East,13000.0,44237,1044,2.36,89,146.07,64,32,675053.34,14,136630.0,10.51,928.57,951.0,2026-04-03,2026-05-20,Completed
CAMP-2025-00747,GenAI Enterprise Copilot Accelerator - Q4 2025 [Phase 1],Gartner & Forrester Summit Sponsorships,Events & Conferences,SMB Growth Tech Founders,Global Multi-Region,75800.0,610535,10257,1.68,186,407.53,138,42,2010328.43,9,707214.0,9.33,8422.22,833.0,2025-01-12,2025-02-09,Completed
CAMP-2025-00748,Edge AI for Smart Robotics - Q1 2025 [Phase 2],Virtual Tech Demos & Hands-on Webinars,Owned Events,FinTech Chief Information Security Officers (CISO),Western Europe,36700.0,119340,7960,6.67,580,63.28,401,112,777621.0,29,293967.0,8.01,1265.52,701.0,2024-05-08,2024-05-25,Completed
CAMP-2025-00749,Real-Time Telemetry at Scale - Q2 2025 [Phase 3],Programmatic Account-Based Display (ABM),ABM Display,FinTech Chief Information Security Officers (CISO),Latin America,73500.0,519057,7163,1.38,331,222.05,203,95,1348533.48,28,362355.0,4.93,2625.0,393.0,2026-05-09,2026-07-02,Completed
CAMP-2025-00750,Real-Time Telemetry at Scale - Q3 2025 [Phase 1],Virtual Tech Demos & Hands-on Webinars,Owned Events,Healthcare & Life Sciences Tech Leads,ANZ,13300.0,49316,2091,4.24,187,71.12,119,59,482605.05,16,99883.0,7.51,831.25,651.0,2025-01-24,2025-03-06,Completed
CAMP-2025-00751,Next-Gen Lakehouse Migration - Q4 2025 [Phase 2],Regional Strategic Partner Co-Marketing,Partner Co-Op,Retail E-Commerce Engineering Directors,Middle East,45500.0,177315,7926,4.47,838,54.3,602,241,1594499.68,76,441350.0,9.7,598.68,870.0,2026-05-07,2026-07-08,Completed
CAMP-2025-00752,Automated Compliance & SOC2 - Q1 2025 [Phase 3],Programmatic Account-Based Display (ABM),ABM Display,Cloud Native DevOps & SRE Architects,Western Europe,40500.0,196571,3440,1.75,165,245.45,67,36,747329.47,12,184680.0,4.56,3375.0,356.0,2026-06-14,2026-07-18,Completed
CAMP-2025-00753,Unified Customer 360 AI - Q2 2025 [Phase 1],Gartner & Forrester Summit Sponsorships,Events & Conferences,Healthcare & Life Sciences Tech Leads,APAC (Japan/Taiwan/SG),6400.0,62163,1063,1.71,22,290.91,12,3,217460.88,1,57472.0,8.98,6400.0,798.0,2024-12-18,2025-02-22,Completed
CAMP-2025-00754,Edge AI for Smart Robotics - Q3 2025 [Phase 2],Executive Newsletter Sponsorships,Sponsored Content,Retail E-Commerce Engineering Directors,Western Europe,54200.0,150313,8162,5.43,569,95.25,303,99,1296441.14,38,486174.0,8.97,1426.32,797.0,2024-07-13,2024-09-21,Completed
CAMP-2025-00755,Cloud Cost Optimization 40% - Q4 2025 [Phase 3],Regional Strategic Partner Co-Marketing,Partner Co-Op,FinTech Chief Information Security Officers (CISO),North America,64900.0,140105,5310,3.79,1048,61.93,515,279,3810794.77,108,933262.0,14.38,600.93,1338.0,2024-01-02,2024-03-09,Completed
CAMP-2025-00756,Quantum-Safe Cryptography Suite - Q1 2025 [Phase 1],Regional Strategic Partner Co-Marketing,Partner Co-Op,Healthcare & Life Sciences Tech Leads,North America,76200.0,221315,10092,4.56,1603,47.54,993,395,3413178.08,168,866394.0,11.37,453.57,1037.0,2026-03-19,2026-05-11,Completed
CAMP-2025-00757,Edge AI for Smart Robotics - Q2 2025 [Phase 2],Regional Strategic Partner Co-Marketing,Partner Co-Op,Retail E-Commerce Engineering Directors,Western Europe,68800.0,114094,3845,3.37,1216,56.58,908,471,4008460.96,86,1341600.0,19.5,800.0,1850.0,2024-08-06,2024-08-30,Completed
CAMP-2025-00758,Real-Time Telemetry at Scale - Q3 2025 [Phase 3],Executive Newsletter Sponsorships,Sponsored Content,Enterprise Data Engineering Leads,Latin America,13400.0,18091,910,5.03,157,85.35,106,53,488182.47,19,175272.0,13.08,705.26,1208.0,2026-03-11,2026-04-30,Completed
CAMP-2025-00759,Quantum-Safe Cryptography Suite - Q4 2025 [Phase 1],Tech Podcast Host-Read Sponsorship,Audio & Podcasts,Enterprise Data Engineering Leads,APAC (Japan/Taiwan/SG),65900.0,93286,3946,4.23,906,72.74,587,177,2697467.61,63,1065603.0,16.17,1046.03,1517.0,2024-12-20,2025-02-28,Completed
CAMP-2025-00760,Zero-Trust Perimeter Defense - Q1 2025 [Phase 2],Technical SEO & Pillar Blog Content,Organic Content,Cloud Native DevOps & SRE Architects,Global Multi-Region,31400.0,28145,2170,7.71,1079,29.1,724,308,3953707.67,75,923160.0,29.4,418.67,2840.0,2024-08-15,2024-10-24,Completed
CAMP-2025-00761,Developer Productivity Blitz - Q2 2025 [Phase 3],Regional Strategic Partner Co-Marketing,Partner Co-Op,Enterprise Data Engineering Leads,Global Multi-Region,47700.0,107379,3565,3.32,758,62.93,476,229,2327058.47,53,812331.0,17.03,900.0,1603.0,2026-02-18,2026-03-29,Completed
CAMP-2025-00762,Zero-Trust Perimeter Defense - Q3 2025 [Phase 1],LinkedIn B2B Sponsored Content & InMail,Paid Social,Global AI/ML Research Scientists,Latin America,47200.0,91805,2644,2.88,224,210.71,121,51,1475658.5,10,505984.0,10.72,4720.0,972.0,2024-01-11,2024-03-27,Completed
CAMP-2025-00763,Kubernetes Multi-Cloud Mesh - Q4 2025 [Phase 2],Virtual Tech Demos & Hands-on Webinars,Owned Events,Healthcare & Life Sciences Tech Leads,North America,29400.0,35612,1802,5.06,394,74.62,174,66,1517627.64,24,424242.0,14.43,1225.0,1343.0,2024-05-15,2024-06-01,Completed
CAMP-2025-00764,Developer Productivity Blitz - Q1 2025 [Phase 3],Tech Podcast Host-Read Sponsorship,Audio & Podcasts,Enterprise Data Engineering Leads,Latin America,69000.0,161863,5471,3.38,895,77.09,669,202,3274203.15,79,757620.0,10.98,873.42,998.0,2024-11-28,2025-02-01,Completed
CAMP-2025-00765,Automated Compliance & SOC2 - Q2 2025 [Phase 1],Technical SEO & Pillar Blog Content,Organic Content,Cloud Native DevOps & SRE Architects,North America,44000.0,103589,7272,7.02,1250,35.2,662,217,4175404.15,88,1176120.0,26.73,500.0,2573.0,2024-05-11,2024-07-09,Completed
CAMP-2025-00766,Zero-Trust Perimeter Defense - Q3 2025 [Phase 2],YouTube Deep-Dive Tech Architecture,Video Marketing,Enterprise Data Engineering Leads,Latin America,64800.0,111705,3798,3.4,558,116.13,323,173,1238810.87,57,445176.0,6.87,1136.84,587.0,2026-05-13,2026-06-20,Completed
CAMP-2025-00767,Unified Customer 360 AI - Q4 2025 [Phase 3],LinkedIn B2B Sponsored Content & InMail,Paid Social,Fortune 500 CTOs & VP Infrastructure,Middle East,26600.0,180099,3638,2.02,116,229.31,69,29,871885.68,9,315742.0,11.87,2955.56,1087.0,2024-02-06,2024-04-21,Completed
CAMP-2025-00768,Real-Time Telemetry at Scale - Q1 2025 [Phase 1],Tech Podcast Host-Read Sponsorship,Audio & Podcasts,Fortune 500 CTOs & VP Infrastructure,Middle East,21200.0,48673,1504,3.09,239,88.7,131,50,797658.93,21,191224.0,9.02,1009.52,802.0,2025-07-01,2025-09-26,Completed
CAMP-2025-00769,Quantum-Safe Cryptography Suite - Q2 2025 [Phase 2],Developer Hackathons & Open Source Grants,Community,Fortune 500 CTOs & VP Infrastructure,North America,48500.0,55108,3312,6.01,1416,34.25,737,294,2870508.8,83,759510.0,15.66,584.34,1466.0,2025-06-30,2025-08-22,Completed
CAMP-2025-00770,Unified Customer 360 AI - Q3 2025 [Phase 3],Tech Podcast Host-Read Sponsorship,Audio & Podcasts,Healthcare & Life Sciences Tech Leads,Latin America,52100.0,282424,12116,4.29,755,69.01,325,159,1869024.8,53,734610.0,14.1,983.02,1310.0,2024-09-05,2024-11-18,Completed
CAMP-2025-00771,Real-Time Telemetry at Scale - Q4 2025 [Phase 1],Tech Podcast Host-Read Sponsorship,Audio & Podcasts,Retail E-Commerce Engineering Directors,APAC (Japan/Taiwan/SG),15200.0,23316,907,3.89,164,92.68,111,49,1129495.1,19,252320.0,16.6,800.0,1560.0,2025-10-14,2026-01-06,Completed
CAMP-2025-00772,Next-Gen Lakehouse Migration - Q1 2025 [Phase 2],Technical SEO & Pillar Blog Content,Organic Content,Healthcare & Life Sciences Tech Leads,Latin America,15400.0,18475,1297,7.02,506,30.43,234,117,713740.05,42,273812.0,17.78,366.67,1678.0,2024-04-05,2024-05-04,Completed
CAMP-2025-00773,Unified Customer 360 AI - Q2 2025 [Phase 3],Executive Newsletter Sponsorships,Sponsored Content,Retail E-Commerce Engineering Directors,APAC (Japan/Taiwan/SG),15400.0,23697,1064,4.49,153,100.65,80,27,881116.29,8,209902.0,13.63,1925.0,1263.0,2025-09-04,2025-10-25,Completed
CAMP-2025-00774,GenAI Enterprise Copilot Accelerator - Q3 2025 [Phase 1],Regional Strategic Partner Co-Marketing,Partner Co-Op,SMB Growth Tech Founders,Western Europe,6100.0,41027,1358,3.31,94,64.89,41,12,356837.9,3,105164.0,17.24,2033.33,1624.0,2026-03-30,2026-05-23,Completed
CAMP-2025-00775,Real-Time Telemetry at Scale - Q4 2025 [Phase 2],Tech Podcast Host-Read Sponsorship,Audio & Podcasts,Enterprise Data Engineering Leads,North America,72400.0,119276,4449,3.73,932,77.68,450,159,2997349.18,37,771060.0,10.65,1956.76,965.0,2026-03-27,2026-05-31,Completed
CAMP-2025-00776,Edge AI for Smart Robotics - Q1 2025 [Phase 3],Programmatic Account-Based Display (ABM),ABM Display,Global AI/ML Research Scientists,Global Multi-Region,71100.0,852500,10230,1.2,391,181.84,263,129,1366428.46,26,457884.0,6.44,2734.62,544.0,2024-07-28,2024-10-17,Completed
CAMP-2025-00777,Next-Gen Lakehouse Migration - Q2 2025 [Phase 1],Technical SEO & Pillar Blog Content,Organic Content,Enterprise Data Engineering Leads,North America,45000.0,47316,3350,7.08,1019,44.16,733,227,3319992.76,62,1272600.0,28.28,725.81,2728.0,2025-11-25,2026-01-19,Completed
CAMP-2025-00778,GenAI Enterprise Copilot Accelerator - Q3 2025 [Phase 2],Gartner & Forrester Summit Sponsorships,Events & Conferences,Healthcare & Life Sciences Tech Leads,Western Europe,86200.0,263484,5217,1.98,330,261.21,198,58,1942381.53,17,682704.0,7.92,5070.59,692.0,2025-08-11,2025-09-01,Completed
CAMP-2025-00779,Edge AI for Smart Robotics - Q4 2025 [Phase 3],YouTube Deep-Dive Tech Architecture,Video Marketing,Cloud Native DevOps & SRE Architects,APAC (Japan/Taiwan/SG),77100.0,362134,12892,3.56,953,80.9,427,192,2941943.95,46,740160.0,9.6,1676.09,860.0,2024-07-10,2024-08-09,Completed
CAMP-2025-00780,Zero-Trust Perimeter Defense - Q1 2025 [Phase 1],YouTube Deep-Dive Tech Architecture,Video Marketing,Fortune 500 CTOs & VP Infrastructure,ANZ,28100.0,56927,1816,3.19,345,81.45,223,83,1108463.01,17,314158.0,11.18,1652.94,1018.0,2026-04-14,2026-05-21,Completed
CAMP-2025-00781,Kubernetes Multi-Cloud Mesh - Q2 2025 [Phase 2],Regional Strategic Partner Co-Marketing,Partner Co-Op,SMB Growth Tech Founders,Latin America,30400.0,88682,3636,4.1,480,63.33,238,84,2326048.22,27,482752.0,15.88,1125.93,1488.0,2025-07-30,2025-10-08,Completed
CAMP-2025-00782,Next-Gen Lakehouse Migration - Q3 2025 [Phase 3],Google Search Ads - Enterprise Intent,Paid Search,Enterprise Data Engineering Leads,APAC (Japan/Taiwan/SG),56300.0,202847,6126,3.02,469,120.04,200,88,1749100.59,32,403108.0,7.16,1759.38,616.0,2025-03-25,2025-04-18,Completed
CAMP-2025-00783,Real-Time Telemetry at Scale - Q4 2025 [Phase 1],Technical SEO & Pillar Blog Content,Organic Content,Cloud Native DevOps & SRE Architects,Latin America,93600.0,232169,17018,7.33,2482,37.71,1352,681,6590464.65,272,1481688.0,15.83,344.12,1483.0,2025-10-18,2026-01-13,Completed
CAMP-2025-00784,GenAI Enterprise Copilot Accelerator - Q1 2025 [Phase 2],Technical SEO & Pillar Blog Content,Organic Content,Cloud Native DevOps & SRE Architects,APAC (Japan/Taiwan/SG),25000.0,53445,3164,5.92,613,40.78,330,144,1628099.61,64,442500.0,17.7,390.62,1670.0,2024-03-10,2024-04-21,Completed
CAMP-2025-00785,Unified Customer 360 AI - Q2 2025 [Phase 3],Gartner & Forrester Summit Sponsorships,Events & Conferences,Retail E-Commerce Engineering Directors,Western Europe,68300.0,467621,9633,2.06,233,293.13,134,38,1788882.08,10,422094.0,6.18,6830.0,518.0,2024-01-10,2024-04-06,Completed
CAMP-2025-00786,Unified Customer 360 AI - Q3 2025 [Phase 1],Developer Hackathons & Open Source Grants,Community,Global AI/ML Research Scientists,Latin America,89400.0,71322,5556,7.79,1775,50.37,1244,413,9522069.53,98,2037426.0,22.79,912.24,2179.0,2024-04-22,2024-06-15,Completed
CAMP-2025-00787,Edge AI for Smart Robotics - Q4 2025 [Phase 2],LinkedIn B2B Sponsored Content & InMail,Paid Social,Global AI/ML Research Scientists,Western Europe,14000.0,44516,1242,2.79,88,159.09,61,27,400088.8,11,152880.0,10.92,1272.73,992.0,2024-09-22,2024-11-03,Completed
CAMP-2025-00788,GenAI Enterprise Copilot Accelerator - Q1 2025 [Phase 3],Developer Hackathons & Open Source Grants,Community,Fortune 500 CTOs & VP Infrastructure,Western Europe,30800.0,48346,3684,7.62,609,50.57,244,103,2357480.94,23,640948.0,20.81,1339.13,1981.0,2025-04-26,2025-06-04,Completed
CAMP-2025-00789,Edge AI for Smart Robotics - Q2 2025 [Phase 1],LinkedIn B2B Sponsored Content & InMail,Paid Social,Enterprise Data Engineering Leads,Latin America,75400.0,458426,12240,2.67,513,146.98,241,80,1220697.57,32,454662.0,6.03,2356.25,503.0,2024-06-10,2024-09-06,Completed
CAMP-2025-00790,GenAI Enterprise Copilot Accelerator - Q3 2025 [Phase 2],YouTube Deep-Dive Tech Architecture,Video Marketing,Retail E-Commerce Engineering Directors,APAC (Japan/Taiwan/SG),41900.0,153214,3861,2.52,384,109.11,201,57,1470349.51,17,478079.0,11.41,2464.71,1041.0,2024-03-07,2024-05-28,Completed
CAMP-2025-00791,Cloud Cost Optimization 40% - Q4 2025 [Phase 3],LinkedIn B2B Sponsored Content & InMail,Paid Social,Global AI/ML Research Scientists,Latin America,27700.0,77243,2186,2.83,170,162.94,108,55,1251347.65,24,292512.0,10.56,1154.17,956.0,2024-01-06,2024-01-30,Completed
CAMP-2025-00792,High-Throughput Streaming Engine - Q1 2025 [Phase 1],Technical SEO & Pillar Blog Content,Organic Content,Global AI/ML Research Scientists,Latin America,84500.0,95344,6226,6.53,2490,33.94,1203,442,12090613.07,157,2578095.0,30.51,538.22,2951.0,2024-02-11,2024-04-26,Completed
CAMP-2025-00793,Real-Time Telemetry at Scale - Q2 2025 [Phase 2],LinkedIn B2B Sponsored Content & InMail,Paid Social,Global AI/ML Research Scientists,Latin America,74000.0,1004009,22289,2.22,469,157.78,211,66,3419040.18,14,907980.0,12.27,5285.71,1127.0,2025-04-11,2025-05-02,Completed
CAMP-2025-00794,Zero-Trust Perimeter Defense - Q3 2025 [Phase 3],Executive Newsletter Sponsorships,Sponsored Content,Global AI/ML Research Scientists,Global Multi-Region,87500.0,286728,17089,5.96,1109,78.9,673,251,3907570.69,108,862750.0,9.86,810.19,886.0,2025-08-21,2025-11-09,Completed
CAMP-2025-00795,Real-Time Telemetry at Scale - Q4 2025 [Phase 1],Developer Hackathons & Open Source Grants,Community,Retail E-Commerce Engineering Directors,Middle East,37200.0,46819,3165,6.76,1137,32.72,482,129,2130456.71,24,558372.0,15.01,1550.0,1401.0,2026-02-01,2026-03-08,Completed
CAMP-2025-00796,Automated Compliance & SOC2 - Q1 2025 [Phase 2],Executive Newsletter Sponsorships,Sponsored Content,Healthcare & Life Sciences Tech Leads,Middle East,54100.0,248071,14661,5.91,791,68.39,345,112,2248060.66,28,728186.0,13.46,1932.14,1246.0,2025-01-27,2025-02-22,Completed
CAMP-2025-00797,High-Throughput Streaming Engine - Q2 2025 [Phase 3],Programmatic Account-Based Display (ABM),ABM Display,FinTech Chief Information Security Officers (CISO),Middle East,14600.0,56595,1064,1.88,58,251.72,36,17,249706.39,5,60006.0,4.11,2920.0,311.0,2026-04-21,2026-06-24,Completed
CAMP-2025-00798,Kubernetes Multi-Cloud Mesh - Q3 2025 [Phase 1],Tech Podcast Host-Read Sponsorship,Audio & Podcasts,FinTech Chief Information Security Officers (CISO),Western Europe,2700.0,36564,1075,2.94,34,79.41,16,4,140281.01,1,30240.0,11.2,2700.0,1020.0,2026-03-23,2026-05-18,Completed
CAMP-2025-00799,Zero-Trust Perimeter Defense - Q4 2025 [Phase 2],Executive Newsletter Sponsorships,Sponsored Content,Cloud Native DevOps & SRE Architects,North America,79300.0,670643,25015,3.73,771,102.85,329,174,4935408.52,68,1071343.0,13.51,1166.18,1251.0,2026-05-21,2026-07-25,Completed
CAMP-2025-00800,High-Throughput Streaming Engine - Q1 2025 [Phase 3],Regional Strategic Partner Co-Marketing,Partner Co-Op,Retail E-Commerce Engineering Directors,APAC (Japan/Taiwan/SG),50900.0,90320,3667,4.06,970,52.47,704,222,3207534.15,83,656101.0,12.89,613.25,1189.0,2024-04-13,2024-06-20,Completed
CAMP-2025-00801,Zero-Trust Perimeter Defense - Q2 2025 [Phase 1],YouTube Deep-Dive Tech Architecture,Video Marketing,Global AI/ML Research Scientists,North America,78700.0,136961,4643,3.39,1081,72.8,723,335,1560609.39,128,566640.0,7.2,614.84,620.0,2025-01-18,2025-04-12,Completed
CAMP-2025-00802,Unified Customer 360 AI - Q3 2025 [Phase 2],Virtual Tech Demos & Hands-on Webinars,Owned Events,SMB Growth Tech Founders,Global Multi-Region,24600.0,46453,3052,6.57,364,67.58,146,76,1005476.55,21,241326.0,9.81,1171.43,881.0,2024-04-27,2024-07-10,Completed
CAMP-2025-00803,Cloud Cost Optimization 40% - Q4 2025 [Phase 3],YouTube Deep-Dive Tech Architecture,Video Marketing,Healthcare & Life Sciences Tech Leads,North America,25200.0,80329,2193,2.73,256,98.44,107,41,1149139.92,8,242928.0,9.64,3150.0,864.0,2025-06-19,2025-07-14,Completed
CAMP-2025-00804,Edge AI for Smart Robotics - Q1 2025 [Phase 1],YouTube Deep-Dive Tech Architecture,Video Marketing,Retail E-Commerce Engineering Directors,Middle East,20900.0,69624,1483,2.13,223,93.72,159,72,951462.05,16,271073.0,12.97,1306.25,1197.0,2025-01-18,2025-03-16,Completed
CAMP-2025-00805,Quantum-Safe Cryptography Suite - Q2 2025 [Phase 2],Programmatic Account-Based Display (ABM),ABM Display,Retail E-Commerce Engineering Directors,North America,70600.0,1011088,14863,1.47,387,182.43,225,95,1038882.75,35,332526.0,4.71,2017.14,371.0,2024-11-15,2025-01-02,Completed
CAMP-2025-00806,Cloud Cost Optimization 40% - Q3 2025 [Phase 3],YouTube Deep-Dive Tech Architecture,Video Marketing,Retail E-Commerce Engineering Directors,APAC (Japan/Taiwan/SG),64700.0,159901,4861,3.04,811,79.78,481,261,3611197.07,57,789340.0,12.2,1135.09,1120.0,2024-08-03,2024-10-02,Completed
CAMP-2025-00807,Automated Compliance & SOC2 - Q4 2025 [Phase 1],Virtual Tech Demos & Hands-on Webinars,Owned Events,Global AI/ML Research Scientists,Western Europe,33900.0,49057,2237,4.56,446,76.01,185,46,1668224.87,16,370188.0,10.92,2118.75,992.0,2025-11-20,2025-12-08,Completed
CAMP-2025-00808,Real-Time Telemetry at Scale - Q1 2025 [Phase 2],Programmatic Account-Based Display (ABM),ABM Display,FinTech Chief Information Security Officers (CISO),Western Europe,34200.0,131529,2236,1.7,126,271.43,52,24,700967.82,9,193230.0,5.65,3800.0,465.0,2026-01-15,2026-02-21,Completed
CAMP-2025-00809,Kubernetes Multi-Cloud Mesh - Q2 2025 [Phase 3],Gartner & Forrester Summit Sponsorships,Events & Conferences,Fortune 500 CTOs & VP Infrastructure,Middle East,2700.0,10904,205,1.88,7,385.71,4,1,34616.55,1,12852.0,4.76,2700.0,376.0,2024-06-11,2024-07-06,Completed
CAMP-2025-00810,Real-Time Telemetry at Scale - Q3 2025 [Phase 1],LinkedIn B2B Sponsored Content & InMail,Paid Social,Global AI/ML Research Scientists,Western Europe,62800.0,442250,8845,2.0,286,219.58,128,68,2943496.97,22,702732.0,11.19,2854.55,1019.0,2024-09-09,2024-11-06,Completed
CAMP-2025-00811,Next-Gen Lakehouse Migration - Q4 2025 [Phase 2],Programmatic Account-Based Display (ABM),ABM Display,FinTech Chief Information Security Officers (CISO),Western Europe,94100.0,528163,10352,1.96,408,230.64,258,65,3665542.46,20,778207.0,8.27,4705.0,727.0,2024-01-30,2024-04-06,Completed
CAMP-2025-00812,Edge AI for Smart Robotics - Q1 2025 [Phase 3],Programmatic Account-Based Display (ABM),ABM Display,Cloud Native DevOps & SRE Architects,Middle East,19000.0,94393,1633,1.73,93,204.3,60,29,256970.01,10,74480.0,3.92,1900.0,292.0,2024-08-12,2024-10-20,Completed
CAMP-2025-00813,Kubernetes Multi-Cloud Mesh - Q2 2025 [Phase 1],YouTube Deep-Dive Tech Architecture,Video Marketing,Cloud Native DevOps & SRE Architects,Middle East,78900.0,317383,8855,2.79,929,84.93,606,179,4011128.95,65,860010.0,10.9,1213.85,990.0,2024-02-04,2024-05-03,Completed
CAMP-2025-00814,Quantum-Safe Cryptography Suite - Q3 2025 [Phase 2],Virtual Tech Demos & Hands-on Webinars,Owned Events,Retail E-Commerce Engineering Directors,ANZ,55500.0,70493,3856,5.47,802,69.2,479,180,1746142.08,41,492840.0,8.88,1353.66,788.0,2026-01-09,2026-02-15,Completed
CAMP-2025-00815,Developer Productivity Blitz - Q4 2025 [Phase 3],Technical SEO & Pillar Blog Content,Organic Content,Healthcare & Life Sciences Tech Leads,Middle East,69700.0,105447,6833,6.48,1548,45.03,1131,344,4360873.13,120,1656072.0,23.76,580.83,2276.0,2026-05-29,2026-07-25,Completed
CAMP-2025-00816,GenAI Enterprise Copilot Accelerator - Q1 2025 [Phase 1],YouTube Deep-Dive Tech Architecture,Video Marketing,Fortune 500 CTOs & VP Infrastructure,Western Europe,63200.0,218378,7272,3.33,761,83.05,315,125,3467323.8,25,772936.0,12.23,2528.0,1123.0,2024-07-19,2024-08-16,Completed
CAMP-2025-00817,Zero-Trust Perimeter Defense - Q2 2025 [Phase 2],Gartner & Forrester Summit Sponsorships,Events & Conferences,SMB Growth Tech Founders,Latin America,83800.0,296847,5462,1.84,302,277.48,178,70,2807163.74,21,588276.0,7.02,3990.48,602.0,2025-12-11,2026-02-16,Completed
CAMP-2025-00818,Next-Gen Lakehouse Migration - Q3 2025 [Phase 3],Technical SEO & Pillar Blog Content,Organic Content,Enterprise Data Engineering Leads,Latin America,58400.0,275103,20000,7.27,1750,33.37,1217,365,5447877.3,95,1191360.0,20.4,614.74,1940.0,2025-11-05,2025-12-30,Completed
CAMP-2025-00819,Kubernetes Multi-Cloud Mesh - Q4 2025 [Phase 1],Virtual Tech Demos & Hands-on Webinars,Owned Events,Global AI/ML Research Scientists,Latin America,59100.0,67429,4329,6.42,1134,52.12,728,342,1946820.06,83,403653.0,6.83,712.05,583.0,2026-01-21,2026-03-03,Completed
CAMP-2025-00820,High-Throughput Streaming Engine - Q1 2025 [Phase 2],Programmatic Account-Based Display (ABM),ABM Display,Cloud Native DevOps & SRE Architects,APAC (Japan/Taiwan/SG),90100.0,663255,8556,1.29,482,186.93,248,132,2887772.82,46,682958.0,7.58,1958.7,658.0,2025-12-25,2026-01-17,Completed
CAMP-2025-00821,Zero-Trust Perimeter Defense - Q2 2025 [Phase 3],Regional Strategic Partner Co-Marketing,Partner Co-Op,FinTech Chief Information Security Officers (CISO),ANZ,63400.0,434452,17465,4.02,1208,52.48,897,476,2701963.04,212,639072.0,10.08,299.06,908.0,2025-09-06,2025-09-24,Completed
CAMP-2025-00822,High-Throughput Streaming Engine - Q3 2025 [Phase 1],Gartner & Forrester Summit Sponsorships,Events & Conferences,Enterprise Data Engineering Leads,Global Multi-Region,32700.0,199756,3276,1.64,90,363.33,44,11,553696.08,4,143226.0,4.38,8175.0,338.0,2024-04-28,2024-07-16,Completed
CAMP-2025-00823,Kubernetes Multi-Cloud Mesh - Q4 2025 [Phase 2],Virtual Tech Demos & Hands-on Webinars,Owned Events,Fortune 500 CTOs & VP Infrastructure,ANZ,7500.0,19524,904,4.63,91,82.42,38,17,163525.42,4,63300.0,8.44,1875.0,744.0,2024-11-26,2025-01-02,Completed
CAMP-2025-00824,High-Throughput Streaming Engine - Q1 2025 [Phase 3],Technical SEO & Pillar Blog Content,Organic Content,Healthcare & Life Sciences Tech Leads,APAC (Japan/Taiwan/SG),9900.0,24492,1352,5.52,225,44.0,118,32,867542.2,8,184734.0,18.66,1237.5,1766.0,2026-05-14,2026-06-08,Completed
CAMP-2025-00825,Cloud Cost Optimization 40% - Q2 2025 [Phase 1],Regional Strategic Partner Co-Marketing,Partner Co-Op,Retail E-Commerce Engineering Directors,ANZ,74900.0,113812,4359,3.83,1122,66.76,610,322,6718886.26,136,1380407.0,18.43,550.74,1743.0,2025-09-17,2025-11-09,Completed
CAMP-2025-00826,Automated Compliance & SOC2 - Q3 2025 [Phase 2],YouTube Deep-Dive Tech Architecture,Video Marketing,Cloud Native DevOps & SRE Architects,North America,52200.0,281330,6133,2.18,590,88.47,323,157,2505497.25,31,620136.0,11.88,1683.87,1088.0,2025-05-05,2025-06-08,Completed
CAMP-2025-00827,Automated Compliance & SOC2 - Q4 2025 [Phase 3],Technical SEO & Pillar Blog Content,Organic Content,Fortune 500 CTOs & VP Infrastructure,ANZ,68900.0,139066,9985,7.18,1716,40.15,1201,387,5558924.25,135,1362842.0,19.78,510.37,1878.0,2024-10-11,2025-01-09,Completed
CAMP-2025-00828,Edge AI for Smart Robotics - Q1 2025 [Phase 1],Developer Hackathons & Open Source Grants,Community,FinTech Chief Information Security Officers (CISO),APAC (Japan/Taiwan/SG),72000.0,221353,16513,7.46,1420,50.7,914,355,4842122.0,72,1259280.0,17.49,1000.0,1649.0,2024-07-09,2024-08-05,Completed
CAMP-2025-00829,Next-Gen Lakehouse Migration - Q2 2025 [Phase 2],YouTube Deep-Dive Tech Architecture,Video Marketing,FinTech Chief Information Security Officers (CISO),APAC (Japan/Taiwan/SG),50400.0,89411,2888,3.23,523,96.37,334,137,1321903.14,29,364896.0,7.24,1737.93,624.0,2024-09-01,2024-11-15,Completed
CAMP-2025-00830,High-Throughput Streaming Engine - Q3 2025 [Phase 3],Developer Hackathons & Open Source Grants,Community,Healthcare & Life Sciences Tech Leads,APAC (Japan/Taiwan/SG),21500.0,99536,6231,6.26,697,30.85,424,124,2194001.76,47,500735.0,23.29,457.45,2229.0,2025-07-07,2025-08-04,Completed
CAMP-2025-00831,GenAI Enterprise Copilot Accelerator - Q4 2025 [Phase 1],Regional Strategic Partner Co-Marketing,Partner Co-Op,Global AI/ML Research Scientists,Global Multi-Region,80900.0,528875,21631,4.09,1762,45.91,1148,353,5510283.17,75,1545190.0,19.1,1078.67,1810.0,2024-08-31,2024-10-29,Completed
CAMP-2025-00832,Unified Customer 360 AI - Q1 2025 [Phase 2],Virtual Tech Demos & Hands-on Webinars,Owned Events,Enterprise Data Engineering Leads,Latin America,82500.0,255261,15137,5.93,1289,64.0,884,479,3231365.31,182,776325.0,9.41,453.3,841.0,2026-01-25,2026-03-16,Completed
CAMP-2025-00833,High-Throughput Streaming Engine - Q2 2025 [Phase 3],Gartner & Forrester Summit Sponsorships,Events & Conferences,FinTech Chief Information Security Officers (CISO),Middle East,54500.0,463198,10283,2.22,162,336.42,108,50,996746.37,19,348800.0,6.4,2868.42,540.0,2024-02-21,2024-04-19,Completed
CAMP-2025-00834,Cloud Cost Optimization 40% - Q3 2025 [Phase 1],Developer Hackathons & Open Source Grants,Community,FinTech Chief Information Security Officers (CISO),Western Europe,58400.0,165562,10000,6.04,1624,35.96,845,384,6526630.51,143,1419704.0,24.31,408.39,2331.0,2024-06-26,2024-09-24,Completed
CAMP-2025-00835,Zero-Trust Perimeter Defense - Q4 2025 [Phase 2],Tech Podcast Host-Read Sponsorship,Audio & Podcasts,Cloud Native DevOps & SRE Architects,Global Multi-Region,12600.0,174798,4772,2.73,169,74.56,104,49,498059.36,11,192276.0,15.26,1145.45,1426.0,2025-02-28,2025-03-18,Completed
CAMP-2025-00836,Unified Customer 360 AI - Q1 2025 [Phase 3],Gartner & Forrester Summit Sponsorships,Events & Conferences,Global AI/ML Research Scientists,Latin America,73300.0,342634,5722,1.67,199,368.34,135,58,1709609.23,25,602526.0,8.22,2932.0,722.0,2026-01-27,2026-02-28,Completed
CAMP-2025-00837,Edge AI for Smart Robotics - Q2 2025 [Phase 1],YouTube Deep-Dive Tech Architecture,Video Marketing,Enterprise Data Engineering Leads,Global Multi-Region,8500.0,76566,2297,3.0,85,100.0,61,18,419094.53,7,108630.0,12.78,1214.29,1178.0,2025-10-28,2025-12-01,Completed
CAMP-2025-00838,Real-Time Telemetry at Scale - Q3 2025 [Phase 2],Google Search Ads - Enterprise Intent,Paid Search,SMB Growth Tech Founders,Western Europe,60600.0,125705,3922,3.12,477,127.04,234,102,2257803.25,31,507828.0,8.38,1954.84,738.0,2025-12-05,2026-02-17,Completed
CAMP-2025-00839,High-Throughput Streaming Engine - Q4 2025 [Phase 3],LinkedIn B2B Sponsored Content & InMail,Paid Social,SMB Growth Tech Founders,ANZ,84700.0,300494,8504,2.83,452,187.39,253,135,1977357.24,25,543774.0,6.42,3388.0,542.0,2025-08-16,2025-09-14,Completed
CAMP-2025-00840,Zero-Trust Perimeter Defense - Q1 2025 [Phase 1],Tech Podcast Host-Read Sponsorship,Audio & Podcasts,Fortune 500 CTOs & VP Infrastructure,Middle East,8000.0,61132,1565,2.56,88,90.91,63,18,322162.51,4,84320.0,10.54,2000.0,954.0,2024-03-03,2024-04-17,Completed
CAMP-2025-00841,Cloud Cost Optimization 40% - Q2 2025 [Phase 2],Virtual Tech Demos & Hands-on Webinars,Owned Events,Fortune 500 CTOs & VP Infrastructure,North America,17900.0,20146,1098,5.45,267,67.04,198,72,683894.43,30,140694.0,7.86,596.67,686.0,2025-09-30,2025-12-10,Completed
CAMP-2025-00842,Cloud Cost Optimization 40% - Q3 2025 [Phase 3],Gartner & Forrester Summit Sponsorships,Events & Conferences,Global AI/ML Research Scientists,Western Europe,49700.0,229450,4589,2.0,179,277.65,120,37,2024296.83,8,444318.0,8.94,6212.5,794.0,2025-01-05,2025-02-24,Completed
CAMP-2025-00843,Kubernetes Multi-Cloud Mesh - Q4 2025 [Phase 1],LinkedIn B2B Sponsored Content & InMail,Paid Social,Cloud Native DevOps & SRE Architects,North America,37500.0,116452,2725,2.34,219,171.23,99,37,605951.26,15,232500.0,6.2,2500.0,520.0,2025-09-24,2025-10-27,Completed
CAMP-2025-00844,High-Throughput Streaming Engine - Q1 2025 [Phase 2],Google Search Ads - Enterprise Intent,Paid Search,Enterprise Data Engineering Leads,Middle East,15500.0,45781,1259,2.75,115,134.78,59,20,592031.81,7,124620.0,8.04,2214.29,704.0,2024-01-26,2024-03-09,Completed
CAMP-2025-00845,High-Throughput Streaming Engine - Q2 2025 [Phase 3],Technical SEO & Pillar Blog Content,Organic Content,Healthcare & Life Sciences Tech Leads,APAC (Japan/Taiwan/SG),67900.0,104507,6051,5.79,1937,35.05,1059,412,4068967.25,126,1177386.0,17.34,538.89,1634.0,2024-06-03,2024-08-19,Completed
CAMP-2025-00846,Real-Time Telemetry at Scale - Q3 2025 [Phase 1],Virtual Tech Demos & Hands-on Webinars,Owned Events,Healthcare & Life Sciences Tech Leads,APAC (Japan/Taiwan/SG),52700.0,101890,4473,4.39,912,57.79,610,227,1886510.21,71,489056.0,9.28,742.25,828.0,2024-06-16,2024-09-07,Completed
CAMP-2025-00847,Developer Productivity Blitz - Q4 2025 [Phase 2],Virtual Tech Demos & Hands-on Webinars,Owned Events,SMB Growth Tech Founders,Western Europe,69900.0,262219,11459,4.37,1302,53.69,645,332,2629269.51,86,821325.0,11.75,812.79,1075.0,2025-02-27,2025-04-10,Completed
CAMP-2025-00848,Cloud Cost Optimization 40% - Q1 2025 [Phase 3],Developer Hackathons & Open Source Grants,Community,SMB Growth Tech Founders,Global Multi-Region,34900.0,38594,2196,5.69,1015,34.38,473,118,1584753.27,38,523151.0,14.99,918.42,1399.0,2024-03-07,2024-03-23,Completed
CAMP-2025-00849,Kubernetes Multi-Cloud Mesh - Q2 2025 [Phase 1],Executive Newsletter Sponsorships,Sponsored Content,Global AI/ML Research Scientists,Global Multi-Region,36200.0,230300,9972,4.33,371,97.57,226,111,2493846.71,20,505352.0,13.96,1810.0,1296.0,2025-03-19,2025-05-29,Completed
CAMP-2025-00850,Unified Customer 360 AI - Q3 2025 [Phase 2],Tech Podcast Host-Read Sponsorship,Audio & Podcasts,SMB Growth Tech Founders,ANZ,25100.0,49727,1462,2.94,287,87.46,183,53,930394.58,23,345125.0,13.75,1091.3,1275.0,2025-02-01,2025-04-08,Completed
CAMP-2025-00851,Next-Gen Lakehouse Migration - Q4 2025 [Phase 3],Google Search Ads - Enterprise Intent,Paid Search,Global AI/ML Research Scientists,APAC (Japan/Taiwan/SG),18600.0,59267,1618,2.73,178,104.49,79,28,665177.89,10,172050.0,9.25,1860.0,825.0,2024-06-29,2024-07-15,Completed
CAMP-2025-00852,High-Throughput Streaming Engine - Q1 2025 [Phase 1],Developer Hackathons & Open Source Grants,Community,Global AI/ML Research Scientists,Global Multi-Region,35200.0,96605,6888,7.13,1158,30.4,486,136,2418725.31,58,500192.0,14.21,606.9,1321.0,2026-03-22,2026-05-07,Completed
CAMP-2025-00853,High-Throughput Streaming Engine - Q2 2025 [Phase 2],Developer Hackathons & Open Source Grants,Community,Global AI/ML Research Scientists,ANZ,37300.0,93763,7051,7.52,906,41.17,426,179,3500891.09,34,754206.0,20.22,1097.06,1922.0,2024-10-23,2024-12-08,Completed
CAMP-2025-00854,Quantum-Safe Cryptography Suite - Q3 2025 [Phase 3],Executive Newsletter Sponsorships,Sponsored Content,Fortune 500 CTOs & VP Infrastructure,Middle East,62100.0,173451,9748,5.62,616,100.81,454,186,1502035.32,49,545238.0,8.78,1267.35,778.0,2025-05-04,2025-06-19,Completed
CAMP-2025-00855,Unified Customer 360 AI - Q4 2025 [Phase 1],Executive Newsletter Sponsorships,Sponsored Content,Enterprise Data Engineering Leads,Global Multi-Region,52100.0,100259,5795,5.78,730,71.37,297,139,2071248.71,25,436598.0,8.38,2084.0,738.0,2024-02-15,2024-04-09,Completed
CAMP-2025-00856,Automated Compliance & SOC2 - Q1 2025 [Phase 2],Gartner & Forrester Summit Sponsorships,Events & Conferences,Cloud Native DevOps & SRE Architects,Middle East,73300.0,962654,15595,1.62,199,368.34,138,61,1545578.66,26,335714.0,4.58,2819.23,358.0,2024-06-20,2024-07-17,Completed
CAMP-2025-00857,High-Throughput Streaming Engine - Q2 2025 [Phase 3],Google Search Ads - Enterprise Intent,Paid Search,Healthcare & Life Sciences Tech Leads,North America,2500.0,13032,520,3.99,18,138.89,8,2,101284.65,1,23675.0,9.47,2500.0,847.0,2025-04-24,2025-06-06,Completed
CAMP-2025-00858,High-Throughput Streaming Engine - Q3 2025 [Phase 1],Tech Podcast Host-Read Sponsorship,Audio & Podcasts,Fortune 500 CTOs & VP Infrastructure,APAC (Japan/Taiwan/SG),21800.0,45704,1298,2.84,263,82.89,194,62,801703.93,15,197944.0,9.08,1453.33,808.0,2026-06-15,2026-08-23,Active
CAMP-2025-00859,Zero-Trust Perimeter Defense - Q4 2025 [Phase 2],Tech Podcast Host-Read Sponsorship,Audio & Podcasts,Global AI/ML Research Scientists,Middle East,43000.0,64105,2545,3.97,448,95.98,216,74,1640293.36,24,382700.0,8.9,1791.67,790.0,2026-06-15,2026-09-03,Active
CAMP-2025-00860,Zero-Trust Perimeter Defense - Q1 2025 [Phase 3],LinkedIn B2B Sponsored Content & InMail,Paid Social,Fortune 500 CTOs & VP Infrastructure,Latin America,45000.0,364318,11221,3.08,220,204.55,92,30,1608366.72,7,360450.0,8.01,6428.57,701.0,2025-06-07,2025-08-18,Completed
CAMP-2025-00861,Zero-Trust Perimeter Defense - Q2 2025 [Phase 1],Google Search Ads - Enterprise Intent,Paid Search,Retail E-Commerce Engineering Directors,ANZ,84900.0,291280,12059,4.14,671,126.53,493,180,2971276.43,68,833718.0,9.82,1248.53,882.0,2026-02-12,2026-04-06,Completed
CAMP-2025-00862,Next-Gen Lakehouse Migration - Q3 2025 [Phase 2],Executive Newsletter Sponsorships,Sponsored Content,Fortune 500 CTOs & VP Infrastructure,Middle East,60300.0,103120,4692,4.55,613,98.37,423,148,4071904.22,46,1025100.0,17.0,1310.87,1600.0,2025-03-06,2025-05-19,Completed
CAMP-2025-00863,Kubernetes Multi-Cloud Mesh - Q4 2025 [Phase 3],LinkedIn B2B Sponsored Content & InMail,Paid Social,Healthcare & Life Sciences Tech Leads,APAC (Japan/Taiwan/SG),92200.0,764520,22324,2.92,432,213.43,286,75,3500571.14,29,938596.0,10.18,3179.31,918.0,2024-06-09,2024-09-06,Completed
CAMP-2025-00864,Quantum-Safe Cryptography Suite - Q1 2025 [Phase 1],Tech Podcast Host-Read Sponsorship,Audio & Podcasts,FinTech Chief Information Security Officers (CISO),Global Multi-Region,35300.0,171636,5767,3.36,374,94.39,270,67,1058072.07,18,285930.0,8.1,1961.11,710.0,2024-01-05,2024-02-07,Completed
CAMP-2025-00865,Quantum-Safe Cryptography Suite - Q2 2025 [Phase 2],Google Search Ads - Enterprise Intent,Paid Search,Retail E-Commerce Engineering Directors,ANZ,25400.0,56752,1975,3.48,226,112.39,157,78,1000822.66,17,259588.0,10.22,1494.12,922.0,2024-10-08,2024-12-22,Completed
CAMP-2025-00866,GenAI Enterprise Copilot Accelerator - Q3 2025 [Phase 3],Technical SEO & Pillar Blog Content,Organic Content,FinTech Chief Information Security Officers (CISO),Global Multi-Region,47200.0,65746,3215,4.89,1501,31.45,679,175,2538480.82,41,999696.0,21.18,1151.22,2018.0,2026-05-24,2026-07-18,Completed
CAMP-2025-00867,Automated Compliance & SOC2 - Q4 2025 [Phase 1],Technical SEO & Pillar Blog Content,Organic Content,Fortune 500 CTOs & VP Infrastructure,North America,82500.0,211598,12971,6.13,2023,40.78,873,276,7292201.4,54,1936275.0,23.47,1527.78,2247.0,2025-03-15,2025-05-11,Completed
CAMP-2025-00868,High-Throughput Streaming Engine - Q1 2025 [Phase 2],Virtual Tech Demos & Hands-on Webinars,Owned Events,FinTech Chief Information Security Officers (CISO),ANZ,27300.0,29328,1877,6.4,367,74.39,181,69,1325318.92,27,313677.0,11.49,1011.11,1049.0,2026-01-18,2026-03-18,Completed
CAMP-2025-00869,Automated Compliance & SOC2 - Q2 2025 [Phase 3],Developer Hackathons & Open Source Grants,Community,Cloud Native DevOps & SRE Architects,Global Multi-Region,29500.0,84330,5608,6.65,613,48.12,297,106,1754837.73,32,685875.0,23.25,921.88,2225.0,2025-11-23,2026-01-10,Completed
CAMP-2025-00870,Quantum-Safe Cryptography Suite - Q3 2025 [Phase 1],YouTube Deep-Dive Tech Architecture,Video Marketing,Healthcare & Life Sciences Tech Leads,North America,27700.0,90551,2300,2.54,283,97.88,150,48,779663.83,19,191684.0,6.92,1457.89,592.0,2024-05-09,2024-08-01,Completed
CAMP-2025-00871,Developer Productivity Blitz - Q4 2025 [Phase 2],Tech Podcast Host-Read Sponsorship,Audio & Podcasts,Healthcare & Life Sciences Tech Leads,Western Europe,49100.0,357707,10767,3.01,526,93.35,238,97,2470004.93,25,788055.0,16.05,1964.0,1505.0,2024-12-12,2025-03-01,Completed
CAMP-2025-00872,GenAI Enterprise Copilot Accelerator - Q1 2025 [Phase 3],Regional Strategic Partner Co-Marketing,Partner Co-Op,Retail E-Commerce Engineering Directors,Western Europe,14100.0,27845,1189,4.27,307,45.93,141,61,857243.01,15,192888.0,13.68,940.0,1268.0,2024-09-23,2024-11-27,Completed
CAMP-2025-00873,Next-Gen Lakehouse Migration - Q2 2025 [Phase 1],Google Search Ads - Enterprise Intent,Paid Search,Healthcare & Life Sciences Tech Leads,North America,30900.0,51894,1863,3.59,238,129.83,129,49,741605.27,20,273156.0,8.84,1545.0,784.0,2024-02-03,2024-03-18,Completed
CAMP-2025-00874,Edge AI for Smart Robotics - Q3 2025 [Phase 2],Gartner & Forrester Summit Sponsorships,Events & Conferences,Fortune 500 CTOs & VP Infrastructure,North America,67600.0,190212,4470,2.35,178,379.78,126,47,1505079.11,9,528632.0,7.82,7511.11,682.0,2026-04-04,2026-06-06,Completed
CAMP-2025-00875,GenAI Enterprise Copilot Accelerator - Q4 2025 [Phase 3],LinkedIn B2B Sponsored Content & InMail,Paid Social,SMB Growth Tech Founders,APAC (Japan/Taiwan/SG),76900.0,900341,21068,2.34,489,157.26,328,128,2844645.39,27,576750.0,7.5,2848.15,650.0,2026-03-09,2026-04-22,Completed
CAMP-2025-00876,Automated Compliance & SOC2 - Q1 2025 [Phase 1],Gartner & Forrester Summit Sponsorships,Events & Conferences,Enterprise Data Engineering Leads,Latin America,5200.0,29780,542,1.82,18,288.89,13,4,158435.88,1,37804.0,7.27,5200.0,627.0,2025-05-27,2025-07-06,Completed
CAMP-2025-00877,Automated Compliance & SOC2 - Q2 2025 [Phase 2],Executive Newsletter Sponsorships,Sponsored Content,Fortune 500 CTOs & VP Infrastructure,North America,4500.0,6771,386,5.7,54,83.33,34,11,337192.21,3,67590.0,15.02,1500.0,1402.0,2025-03-03,2025-04-04,Completed
CAMP-2025-00878,Unified Customer 360 AI - Q3 2025 [Phase 3],LinkedIn B2B Sponsored Content & InMail,Paid Social,FinTech Chief Information Security Officers (CISO),ANZ,74600.0,252345,5703,2.26,516,144.57,291,99,1852111.9,29,575166.0,7.71,2572.41,671.0,2026-01-17,2026-03-04,Completed
CAMP-2025-00879,Next-Gen Lakehouse Migration - Q4 2025 [Phase 1],Tech Podcast Host-Read Sponsorship,Audio & Podcasts,FinTech Chief Information Security Officers (CISO),Latin America,8800.0,57537,1519,2.64,140,62.86,88,28,329992.5,6,123816.0,14.07,1466.67,1307.0,2024-11-14,2024-12-28,Completed
CAMP-2025-00880,GenAI Enterprise Copilot Accelerator - Q1 2025 [Phase 2],LinkedIn B2B Sponsored Content & InMail,Paid Social,Retail E-Commerce Engineering Directors,North America,69200.0,548403,16836,3.07,365,189.59,147,71,2340071.59,14,681620.0,9.85,4942.86,885.0,2026-03-06,2026-05-21,Completed
CAMP-2025-00881,Next-Gen Lakehouse Migration - Q2 2025 [Phase 3],Technical SEO & Pillar Blog Content,Organic Content,Cloud Native DevOps & SRE Architects,Middle East,46400.0,85535,6304,7.37,1482,31.31,749,306,5533669.99,90,1216608.0,26.22,515.56,2522.0,2024-04-21,2024-07-19,Completed
CAMP-2025-00882,High-Throughput Streaming Engine - Q3 2025 [Phase 1],LinkedIn B2B Sponsored Content & InMail,Paid Social,Fortune 500 CTOs & VP Infrastructure,Western Europe,85000.0,437322,8003,1.83,428,198.6,287,123,3843509.81,48,1031900.0,12.14,1770.83,1114.0,2025-07-31,2025-10-19,Completed
CAMP-2025-00883,Zero-Trust Perimeter Defense - Q4 2025 [Phase 2],Executive Newsletter Sponsorships,Sponsored Content,Fortune 500 CTOs & VP Infrastructure,Western Europe,90600.0,134518,6430,4.78,889,101.91,462,245,3550315.44,61,1103508.0,12.18,1485.25,1118.0,2025-05-30,2025-07-28,Completed
CAMP-2025-00884,Edge AI for Smart Robotics - Q1 2025 [Phase 3],Developer Hackathons & Open Source Grants,Community,Cloud Native DevOps & SRE Architects,Global Multi-Region,91500.0,70506,6120,8.68,2000,45.75,1219,348,8535980.43,68,2013915.0,22.01,1345.59,2101.0,2026-06-16,2026-08-07,Active
CAMP-2025-00885,Zero-Trust Perimeter Defense - Q2 2025 [Phase 1],Technical SEO & Pillar Blog Content,Organic Content,Retail E-Commerce Engineering Directors,ANZ,51800.0,67435,4734,7.02,1908,27.15,842,375,3814651.68,141,849002.0,16.39,367.38,1539.0,2024-01-07,2024-01-31,Completed
CAMP-2025-00886,Automated Compliance & SOC2 - Q3 2025 [Phase 2],Programmatic Account-Based Display (ABM),ABM Display,Global AI/ML Research Scientists,Middle East,62700.0,208181,4122,1.98,342,183.33,251,81,1281789.81,28,364914.0,5.82,2239.29,482.0,2024-08-02,2024-08-26,Completed
CAMP-2025-00887,Edge AI for Smart Robotics - Q4 2025 [Phase 3],Technical SEO & Pillar Blog Content,Organic Content,Cloud Native DevOps & SRE Architects,ANZ,83300.0,82081,5639,6.87,2641,31.54,1372,436,8687012.25,159,2069172.0,24.84,523.9,2384.0,2024-08-27,2024-10-01,Completed
CAMP-2025-00888,Quantum-Safe Cryptography Suite - Q1 2025 [Phase 1],Tech Podcast Host-Read Sponsorship,Audio & Podcasts,Cloud Native DevOps & SRE Architects,ANZ,90800.0,173903,5391,3.1,1342,67.66,967,262,3120302.82,105,1033304.0,11.38,864.76,1038.0,2025-06-09,2025-07-22,Completed
CAMP-2025-00889,Next-Gen Lakehouse Migration - Q2 2025 [Phase 2],Google Search Ads - Enterprise Intent,Paid Search,Cloud Native DevOps & SRE Architects,Middle East,81300.0,135273,4951,3.66,710,114.51,405,118,3076641.71,45,618693.0,7.61,1806.67,661.0,2025-07-23,2025-09-27,Completed
CAMP-2025-00890,Edge AI for Smart Robotics - Q3 2025 [Phase 3],Tech Podcast Host-Read Sponsorship,Audio & Podcasts,Fortune 500 CTOs & VP Infrastructure,Western Europe,92700.0,264491,9363,3.54,969,95.67,491,175,2259517.99,78,817614.0,8.82,1188.46,782.0,2025-11-12,2025-12-22,Completed
CAMP-2025-00891,Next-Gen Lakehouse Migration - Q4 2025 [Phase 1],Executive Newsletter Sponsorships,Sponsored Content,SMB Growth Tech Founders,Global Multi-Region,10800.0,26879,1430,5.32,145,74.48,63,22,874547.71,7,199368.0,18.46,1542.86,1746.0,2024-10-27,2024-11-24,Completed
CAMP-2025-00892,GenAI Enterprise Copilot Accelerator - Q1 2025 [Phase 2],Regional Strategic Partner Co-Marketing,Partner Co-Op,FinTech Chief Information Security Officers (CISO),Middle East,64500.0,235471,8995,3.82,1051,61.37,499,259,2038546.87,74,664995.0,10.31,871.62,931.0,2024-06-24,2024-07-30,Completed
CAMP-2025-00893,GenAI Enterprise Copilot Accelerator - Q2 2025 [Phase 3],Technical SEO & Pillar Blog Content,Organic Content,Healthcare & Life Sciences Tech Leads,North America,34300.0,81658,4777,5.85,1073,31.97,504,163,2625274.89,55,810166.0,23.62,623.64,2262.0,2025-01-12,2025-03-10,Completed
CAMP-2025-00894,Cloud Cost Optimization 40% - Q3 2025 [Phase 1],Developer Hackathons & Open Source Grants,Community,Cloud Native DevOps & SRE Architects,North America,5300.0,6238,335,5.37,105,50.48,71,33,347584.95,12,102608.0,19.36,441.67,1836.0,2025-01-29,2025-03-30,Completed
CAMP-2025-00895,Automated Compliance & SOC2 - Q4 2025 [Phase 2],Tech Podcast Host-Read Sponsorship,Audio & Podcasts,Cloud Native DevOps & SRE Architects,Middle East,36200.0,90898,2427,2.67,410,88.29,205,107,1600914.39,20,523814.0,14.47,1810.0,1347.0,2024-11-12,2024-12-17,Completed
CAMP-2025-00896,Zero-Trust Perimeter Defense - Q1 2025 [Phase 3],Google Search Ads - Enterprise Intent,Paid Search,SMB Growth Tech Founders,Middle East,36900.0,68249,2300,3.37,357,103.36,183,80,1392963.9,25,330624.0,8.96,1476.0,796.0,2025-03-14,2025-04-13,Completed
CAMP-2025-00897,Unified Customer 360 AI - Q2 2025 [Phase 1],Executive Newsletter Sponsorships,Sponsored Content,Healthcare & Life Sciences Tech Leads,APAC (Japan/Taiwan/SG),73400.0,171309,9028,5.27,906,81.02,655,182,3884032.49,53,967412.0,13.18,1384.91,1218.0,2026-01-12,2026-02-10,Completed
CAMP-2025-00898,Cloud Cost Optimization 40% - Q3 2025 [Phase 2],Programmatic Account-Based Display (ABM),ABM Display,Fortune 500 CTOs & VP Infrastructure,Latin America,5500.0,33828,592,1.75,21,261.9,12,3,97236.86,1,23760.0,4.32,5500.0,332.0,2025-07-26,2025-09-06,Completed
CAMP-2025-00899,Real-Time Telemetry at Scale - Q4 2025 [Phase 3],Virtual Tech Demos & Hands-on Webinars,Owned Events,FinTech Chief Information Security Officers (CISO),North America,52600.0,212873,9260,4.35,635,82.83,436,125,2007117.02,53,693794.0,13.19,992.45,1219.0,2024-10-26,2024-11-13,Completed
CAMP-2025-00900,High-Throughput Streaming Engine - Q1 2025 [Phase 1],Tech Podcast Host-Read Sponsorship,Audio & Podcasts,Healthcare & Life Sciences Tech Leads,ANZ,22600.0,179320,6330,3.53,329,68.69,227,71,674698.52,14,252216.0,11.16,1614.29,1016.0,2025-05-18,2025-07-26,Completed
CAMP-2025-00901,Next-Gen Lakehouse Migration - Q2 2025 [Phase 2],Technical SEO & Pillar Blog Content,Organic Content,FinTech Chief Information Security Officers (CISO),Middle East,81100.0,78536,4508,5.74,1820,44.56,1116,454,7844964.04,116,2079404.0,25.64,699.14,2464.0,2025-09-01,2025-10-28,Completed
CAMP-2025-00902,Unified Customer 360 AI - Q3 2025 [Phase 3],YouTube Deep-Dive Tech Architecture,Video Marketing,Healthcare & Life Sciences Tech Leads,North America,87500.0,216196,5513,2.55,755,115.89,562,220,3994335.7,68,1147125.0,13.11,1286.76,1211.0,2024-02-29,2024-05-02,Completed
CAMP-2025-00903,GenAI Enterprise Copilot Accelerator - Q4 2025 [Phase 1],Technical SEO & Pillar Blog Content,Organic Content,Retail E-Commerce Engineering Directors,Western Europe,28900.0,123831,7789,6.29,895,32.29,448,193,2167891.31,82,807755.0,27.95,352.44,2695.0,2025-08-05,2025-09-03,Completed
CAMP-2025-00904,Automated Compliance & SOC2 - Q1 2025 [Phase 2],Developer Hackathons & Open Source Grants,Community,Cloud Native DevOps & SRE Architects,Western Europe,27900.0,30895,1863,6.03,669,41.7,346,87,1472707.32,17,425754.0,15.26,1641.18,1426.0,2026-05-11,2026-05-28,Completed
CAMP-2025-00905,Quantum-Safe Cryptography Suite - Q2 2025 [Phase 3],Gartner & Forrester Summit Sponsorships,Events & Conferences,Global AI/ML Research Scientists,ANZ,8600.0,50853,834,1.64,21,409.52,13,3,201625.36,1,77916.0,9.06,8600.0,806.0,2024-05-10,2024-05-31,Completed
CAMP-2025-00906,Automated Compliance & SOC2 - Q3 2025 [Phase 1],Programmatic Account-Based Display (ABM),ABM Display,Retail E-Commerce Engineering Directors,North America,92400.0,280000,5292,1.89,444,208.11,222,112,1591047.0,21,437976.0,4.74,4400.0,374.0,2024-12-28,2025-03-20,Completed
CAMP-2025-00907,GenAI Enterprise Copilot Accelerator - Q4 2025 [Phase 2],Developer Hackathons & Open Source Grants,Community,Cloud Native DevOps & SRE Architects,North America,22800.0,44060,3613,8.2,508,44.88,336,101,1473910.06,34,529644.0,23.23,670.59,2223.0,2026-04-26,2026-05-19,Completed
CAMP-2025-00908,Zero-Trust Perimeter Defense - Q1 2025 [Phase 3],Google Search Ads - Enterprise Intent,Paid Search,SMB Growth Tech Founders,APAC (Japan/Taiwan/SG),11000.0,33702,1156,3.43,106,103.77,77,21,283077.53,4,60060.0,5.46,2750.0,446.0,2024-02-12,2024-03-05,Completed
CAMP-2025-00909,High-Throughput Streaming Engine - Q2 2025 [Phase 1],Regional Strategic Partner Co-Marketing,Partner Co-Op,Cloud Native DevOps & SRE Architects,Middle East,86700.0,172653,6768,3.92,1443,60.08,659,352,5212124.57,140,1561467.0,18.01,619.29,1701.0,2026-03-31,2026-06-01,Completed
CAMP-2025-00910,Cloud Cost Optimization 40% - Q3 2025 [Phase 2],Tech Podcast Host-Read Sponsorship,Audio & Podcasts,SMB Growth Tech Founders,Global Multi-Region,68900.0,803309,22814,2.84,953,72.3,616,300,2590419.52,90,992160.0,14.4,765.56,1340.0,2025-08-11,2025-09-18,Completed
CAMP-2025-00911,GenAI Enterprise Copilot Accelerator - Q4 2025 [Phase 3],Gartner & Forrester Summit Sponsorships,Events & Conferences,Global AI/ML Research Scientists,Latin America,69100.0,1403129,20626,1.47,238,290.34,122,39,1924544.99,12,450532.0,6.52,5758.33,552.0,2025-09-21,2025-11-24,Completed
CAMP-2025-00912,Kubernetes Multi-Cloud Mesh - Q1 2025 [Phase 1],Regional Strategic Partner Co-Marketing,Partner Co-Op,Cloud Native DevOps & SRE Architects,APAC (Japan/Taiwan/SG),90800.0,128776,6735,5.23,1432,63.41,912,393,7382582.18,94,1835068.0,20.21,965.96,1921.0,2024-08-06,2024-08-29,Completed
CAMP-2025-00913,Unified Customer 360 AI - Q2 2025 [Phase 2],Programmatic Account-Based Display (ABM),ABM Display,Fortune 500 CTOs & VP Infrastructure,North America,28600.0,291097,4774,1.64,140,204.29,72,23,533933.49,6,109538.0,3.83,4766.67,283.0,2024-01-26,2024-02-17,Completed
CAMP-2025-00914,Unified Customer 360 AI - Q3 2025 [Phase 3],Programmatic Account-Based Display (ABM),ABM Display,Global AI/ML Research Scientists,Global Multi-Region,38800.0,203576,2789,1.37,159,244.03,73,25,721794.76,4,234352.0,6.04,9700.0,504.0,2025-09-12,2025-11-23,Completed
CAMP-2025-00915,Automated Compliance & SOC2 - Q4 2025 [Phase 1],Tech Podcast Host-Read Sponsorship,Audio & Podcasts,Healthcare & Life Sciences Tech Leads,Latin America,34100.0,80670,3009,3.73,365,93.42,233,71,1596191.41,24,466829.0,13.69,1420.83,1269.0,2024-02-11,2024-03-07,Completed
CAMP-2025-00916,Quantum-Safe Cryptography Suite - Q1 2025 [Phase 2],Executive Newsletter Sponsorships,Sponsored Content,Global AI/ML Research Scientists,Middle East,18600.0,34719,1177,3.39,256,72.66,146,65,1594715.96,14,342240.0,18.4,1328.57,1740.0,2024-12-10,2025-03-07,Completed
CAMP-2025-00917,High-Throughput Streaming Engine - Q2 2025 [Phase 3],Google Search Ads - Enterprise Intent,Paid Search,Enterprise Data Engineering Leads,Middle East,27700.0,177985,4859,2.73,186,148.92,88,28,1207655.49,6,272291.0,9.83,4616.67,883.0,2026-03-18,2026-06-06,Completed
CAMP-2025-00918,High-Throughput Streaming Engine - Q3 2025 [Phase 1],Virtual Tech Demos & Hands-on Webinars,Owned Events,Cloud Native DevOps & SRE Architects,APAC (Japan/Taiwan/SG),76800.0,117861,5622,4.77,1018,75.44,507,182,2765273.8,65,592896.0,7.72,1181.54,672.0,2025-06-17,2025-08-20,Completed
CAMP-2025-00919,GenAI Enterprise Copilot Accelerator - Q4 2025 [Phase 2],Programmatic Account-Based Display (ABM),ABM Display,FinTech Chief Information Security Officers (CISO),ANZ,83800.0,464789,5531,1.19,454,184.58,292,108,1050573.96,38,346932.0,4.14,2205.26,314.0,2024-01-03,2024-01-22,Completed
CAMP-2025-00920,Cloud Cost Optimization 40% - Q1 2025 [Phase 3],LinkedIn B2B Sponsored Content & InMail,Paid Social,Retail E-Commerce Engineering Directors,APAC (Japan/Taiwan/SG),50300.0,207563,4089,1.97,302,166.56,179,73,2977888.89,27,604606.0,12.02,1862.96,1102.0,2026-05-15,2026-07-02,Completed
CAMP-2025-00921,Real-Time Telemetry at Scale - Q2 2025 [Phase 1],LinkedIn B2B Sponsored Content & InMail,Paid Social,SMB Growth Tech Founders,ANZ,93100.0,268442,7758,2.89,423,220.09,243,96,3175200.2,18,860244.0,9.24,5172.22,824.0,2024-12-07,2025-02-20,Completed
CAMP-2025-00922,Developer Productivity Blitz - Q3 2025 [Phase 2],Technical SEO & Pillar Blog Content,Organic Content,SMB Growth Tech Founders,Middle East,7600.0,55132,2911,5.28,201,37.81,148,78,784301.43,25,161880.0,21.3,304.0,2030.0,2024-12-10,2024-12-30,Completed
CAMP-2025-00923,Developer Productivity Blitz - Q4 2025 [Phase 3],Technical SEO & Pillar Blog Content,Organic Content,Global AI/ML Research Scientists,Latin America,24000.0,35040,2586,7.38,606,39.6,447,222,2162359.71,70,668880.0,27.87,342.86,2687.0,2026-01-24,2026-03-05,Completed
CAMP-2025-00924,Unified Customer 360 AI - Q1 2025 [Phase 1],Programmatic Account-Based Display (ABM),ABM Display,Cloud Native DevOps & SRE Architects,APAC (Japan/Taiwan/SG),31000.0,175317,2209,1.26,156,198.72,83,27,696930.72,10,167710.0,5.41,3100.0,441.0,2025-12-27,2026-03-09,Completed
CAMP-2025-00925,Unified Customer 360 AI - Q2 2025 [Phase 2],YouTube Deep-Dive Tech Architecture,Video Marketing,Healthcare & Life Sciences Tech Leads,Global Multi-Region,79700.0,360342,11567,3.21,816,97.67,381,154,2469447.56,67,561885.0,7.05,1189.55,605.0,2025-05-22,2025-08-05,Completed
CAMP-2025-00926,Automated Compliance & SOC2 - Q3 2025 [Phase 3],YouTube Deep-Dive Tech Architecture,Video Marketing,Enterprise Data Engineering Leads,APAC (Japan/Taiwan/SG),27100.0,88629,2393,2.7,257,105.45,144,78,722141.39,22,180757.0,6.67,1231.82,567.0,2024-10-08,2024-11-08,Completed
CAMP-2025-00927,Kubernetes Multi-Cloud Mesh - Q4 2025 [Phase 1],Developer Hackathons & Open Source Grants,Community,Cloud Native DevOps & SRE Architects,Latin America,7500.0,21199,1785,8.42,207,36.23,117,46,350574.88,12,104250.0,13.9,625.0,1290.0,2025-07-23,2025-08-17,Completed
CAMP-2025-00928,Edge AI for Smart Robotics - Q1 2025 [Phase 2],YouTube Deep-Dive Tech Architecture,Video Marketing,Fortune 500 CTOs & VP Infrastructure,Western Europe,56600.0,136571,4780,3.5,591,95.77,344,169,2203164.9,63,477704.0,8.44,898.41,744.0,2025-07-24,2025-08-07,Completed
CAMP-2025-00929,Kubernetes Multi-Cloud Mesh - Q2 2025 [Phase 3],LinkedIn B2B Sponsored Content & InMail,Paid Social,Global AI/ML Research Scientists,APAC (Japan/Taiwan/SG),70800.0,923136,25017,2.71,356,198.88,209,99,2469826.08,33,514716.0,7.27,2145.45,627.0,2024-04-20,2024-07-11,Completed
CAMP-2025-00930,Developer Productivity Blitz - Q3 2025 [Phase 1],Tech Podcast Host-Read Sponsorship,Audio & Podcasts,Global AI/ML Research Scientists,Global Multi-Region,25400.0,67018,1843,2.75,269,94.42,194,64,1249529.89,24,351790.0,13.85,1058.33,1285.0,2025-01-22,2025-04-03,Completed
CAMP-2025-00931,Kubernetes Multi-Cloud Mesh - Q4 2025 [Phase 2],Developer Hackathons & Open Source Grants,Community,FinTech Chief Information Security Officers (CISO),Middle East,43900.0,100220,5011,5.0,1433,30.64,989,259,3864813.49,57,1009261.0,22.99,770.18,2199.0,2024-05-13,2024-07-09,Completed
CAMP-2025-00932,Developer Productivity Blitz - Q1 2025 [Phase 3],Developer Hackathons & Open Source Grants,Community,Cloud Native DevOps & SRE Architects,ANZ,42600.0,54226,4311,7.95,1135,37.53,595,233,2313833.62,79,532500.0,12.5,539.24,1150.0,2024-06-10,2024-08-20,Completed
CAMP-2025-00933,Cloud Cost Optimization 40% - Q2 2025 [Phase 1],Technical SEO & Pillar Blog Content,Organic Content,Healthcare & Life Sciences Tech Leads,Global Multi-Region,60800.0,327225,17572,5.37,1420,42.82,696,348,4521255.05,124,1096224.0,18.03,490.32,1703.0,2025-10-15,2025-11-26,Completed
CAMP-2025-00934,Kubernetes Multi-Cloud Mesh - Q3 2025 [Phase 2],Virtual Tech Demos & Hands-on Webinars,Owned Events,SMB Growth Tech Founders,Middle East,64200.0,67428,4248,6.3,795,80.75,380,170,3506954.52,64,903936.0,14.08,1003.12,1308.0,2024-08-07,2024-08-24,Completed
CAMP-2025-00935,Zero-Trust Perimeter Defense - Q4 2025 [Phase 3],Virtual Tech Demos & Hands-on Webinars,Owned Events,Retail E-Commerce Engineering Directors,APAC (Japan/Taiwan/SG),88600.0,263444,13383,5.08,1076,82.34,510,272,2330027.12,88,715888.0,8.08,1006.82,708.0,2024-04-22,2024-07-13,Completed
CAMP-2025-00936,Zero-Trust Perimeter Defense - Q1 2025 [Phase 1],Google Search Ads - Enterprise Intent,Paid Search,Cloud Native DevOps & SRE Architects,Global Multi-Region,82400.0,431166,12935,3.0,766,107.57,315,167,4313402.21,70,884152.0,10.73,1177.14,973.0,2024-12-24,2025-01-27,Completed
CAMP-2025-00937,Edge AI for Smart Robotics - Q2 2025 [Phase 2],Programmatic Account-Based Display (ABM),ABM Display,Enterprise Data Engineering Leads,Global Multi-Region,78400.0,479310,6950,1.45,426,184.04,211,99,2274494.05,42,474320.0,6.05,1866.67,505.0,2024-04-30,2024-07-08,Completed
CAMP-2025-00938,Cloud Cost Optimization 40% - Q3 2025 [Phase 3],Google Search Ads - Enterprise Intent,Paid Search,Fortune 500 CTOs & VP Infrastructure,Middle East,91100.0,483685,16010,3.31,823,110.69,373,114,3799743.14,25,808057.0,8.87,3644.0,787.0,2024-01-10,2024-03-29,Completed
CAMP-2025-00939,Next-Gen Lakehouse Migration - Q4 2025 [Phase 1],YouTube Deep-Dive Tech Architecture,Video Marketing,Enterprise Data Engineering Leads,Latin America,89300.0,220766,5475,2.48,953,93.7,627,190,2339415.76,41,597417.0,6.69,2178.05,569.0,2024-03-30,2024-05-08,Completed
CAMP-2025-00940,Next-Gen Lakehouse Migration - Q1 2025 [Phase 2],Regional Strategic Partner Co-Marketing,Partner Co-Op,Cloud Native DevOps & SRE Architects,North America,78800.0,490660,14867,3.03,1105,71.31,486,175,5833965.66,56,1449132.0,18.39,1407.14,1739.0,2025-06-28,2025-09-08,Completed
CAMP-2025-00941,Developer Productivity Blitz - Q2 2025 [Phase 3],Google Search Ads - Enterprise Intent,Paid Search,Fortune 500 CTOs & VP Infrastructure,Middle East,40700.0,322641,8550,2.65,286,142.31,143,74,1174800.12,25,352055.0,8.65,1628.0,765.0,2025-03-15,2025-06-06,Completed
CAMP-2025-00942,Next-Gen Lakehouse Migration - Q3 2025 [Phase 1],Programmatic Account-Based Display (ABM),ABM Display,Fortune 500 CTOs & VP Infrastructure,Global Multi-Region,72100.0,638208,11041,1.73,355,203.1,234,126,1756057.02,37,537145.0,7.45,1948.65,645.0,2024-06-18,2024-07-13,Completed
CAMP-2025-00943,Unified Customer 360 AI - Q4 2025 [Phase 2],Virtual Tech Demos & Hands-on Webinars,Owned Events,Healthcare & Life Sciences Tech Leads,Western Europe,3800.0,5048,313,6.2,64,59.38,25,11,139258.41,3,28044.0,7.38,1266.67,638.0,2024-02-15,2024-03-13,Completed
CAMP-2025-00944,Unified Customer 360 AI - Q1 2025 [Phase 3],Tech Podcast Host-Read Sponsorship,Audio & Podcasts,Cloud Native DevOps & SRE Architects,Middle East,9800.0,59000,1888,3.2,104,94.23,44,22,364419.47,7,90552.0,9.24,1400.0,824.0,2025-01-13,2025-02-10,Completed
CAMP-2025-00945,Developer Productivity Blitz - Q2 2025 [Phase 1],LinkedIn B2B Sponsored Content & InMail,Paid Social,Enterprise Data Engineering Leads,North America,64800.0,385981,12390,3.21,474,136.71,270,147,3147713.67,65,790560.0,12.2,996.92,1120.0,2025-12-24,2026-03-24,Completed
CAMP-2025-00946,Automated Compliance & SOC2 - Q3 2025 [Phase 2],YouTube Deep-Dive Tech Architecture,Video Marketing,Fortune 500 CTOs & VP Infrastructure,Western Europe,87200.0,650929,17510,2.69,1004,86.85,585,251,4493109.82,107,990592.0,11.36,814.95,1036.0,2025-01-10,2025-03-03,Completed
CAMP-2025-00947,High-Throughput Streaming Engine - Q4 2025 [Phase 3],Technical SEO & Pillar Blog Content,Organic Content,Cloud Native DevOps & SRE Architects,ANZ,45300.0,139439,8952,6.42,1442,31.41,622,198,2882308.82,50,966249.0,21.33,906.0,2033.0,2024-11-16,2024-12-17,Completed
CAMP-2025-00948,Edge AI for Smart Robotics - Q1 2025 [Phase 1],Executive Newsletter Sponsorships,Sponsored Content,FinTech Chief Information Security Officers (CISO),APAC (Japan/Taiwan/SG),73000.0,147527,6624,4.49,663,110.11,412,182,3332651.3,38,1037330.0,14.21,1921.05,1321.0,2025-11-01,2026-01-05,Completed
CAMP-2025-00949,Real-Time Telemetry at Scale - Q2 2025 [Phase 2],Regional Strategic Partner Co-Marketing,Partner Co-Op,SMB Growth Tech Founders,ANZ,50400.0,119575,4221,3.53,721,69.9,357,109,2149562.13,38,702576.0,13.94,1326.32,1294.0,2026-03-12,2026-04-11,Completed
CAMP-2025-00950,Next-Gen Lakehouse Migration - Q3 2025 [Phase 3],Programmatic Account-Based Display (ABM),ABM Display,Healthcare & Life Sciences Tech Leads,APAC (Japan/Taiwan/SG),74200.0,687575,11345,1.65,390,190.26,243,109,2030891.34,40,586180.0,7.9,1855.0,690.0,2025-02-07,2025-03-06,Completed
CAMP-2025-00951,GenAI Enterprise Copilot Accelerator - Q4 2025 [Phase 1],LinkedIn B2B Sponsored Content & InMail,Paid Social,Cloud Native DevOps & SRE Architects,ANZ,38900.0,130972,2829,2.16,170,228.82,69,32,1390874.4,6,284359.0,7.31,6483.33,631.0,2024-11-26,2025-01-14,Completed
CAMP-2025-00952,GenAI Enterprise Copilot Accelerator - Q1 2025 [Phase 2],Google Search Ads - Enterprise Intent,Paid Search,Enterprise Data Engineering Leads,Global Multi-Region,19900.0,150456,4288,2.85,201,99.0,81,32,479337.17,8,146066.0,7.34,2487.5,634.0,2026-04-06,2026-05-02,Completed
CAMP-2025-00953,Developer Productivity Blitz - Q2 2025 [Phase 3],Developer Hackathons & Open Source Grants,Community,FinTech Chief Information Security Officers (CISO),ANZ,78900.0,66333,4849,7.31,1828,43.16,1352,372,4102434.51,149,1317630.0,16.7,529.53,1570.0,2025-08-16,2025-10-02,Completed
CAMP-2025-00954,Unified Customer 360 AI - Q3 2025 [Phase 1],Developer Hackathons & Open Source Grants,Community,SMB Growth Tech Founders,Western Europe,37500.0,65607,4914,7.49,1097,34.18,653,343,2545155.74,131,883125.0,23.55,286.26,2255.0,2024-08-23,2024-11-18,Completed
CAMP-2025-00955,Automated Compliance & SOC2 - Q4 2025 [Phase 2],YouTube Deep-Dive Tech Architecture,Video Marketing,Fortune 500 CTOs & VP Infrastructure,Global Multi-Region,24500.0,167302,3597,2.15,259,94.59,182,79,831563.67,29,267785.0,10.93,844.83,993.0,2025-11-21,2025-12-29,Completed
CAMP-2025-00956,Automated Compliance & SOC2 - Q1 2025 [Phase 3],YouTube Deep-Dive Tech Architecture,Video Marketing,Retail E-Commerce Engineering Directors,APAC (Japan/Taiwan/SG),38000.0,95657,2181,2.28,354,107.34,147,51,1610877.42,16,501980.0,13.21,2375.0,1221.0,2026-02-10,2026-04-15,Completed
CAMP-2025-00957,Quantum-Safe Cryptography Suite - Q2 2025 [Phase 1],Executive Newsletter Sponsorships,Sponsored Content,Cloud Native DevOps & SRE Architects,Latin America,53500.0,72148,3593,4.98,595,89.92,413,143,3396352.54,57,813735.0,15.21,938.6,1421.0,2024-12-11,2025-02-08,Completed
CAMP-2025-00958,Next-Gen Lakehouse Migration - Q3 2025 [Phase 2],Tech Podcast Host-Read Sponsorship,Audio & Podcasts,Fortune 500 CTOs & VP Infrastructure,Western Europe,78100.0,546015,14251,2.61,818,95.48,550,217,5328666.52,54,1094962.0,14.02,1446.3,1302.0,2025-03-14,2025-06-05,Completed
CAMP-2025-00959,Real-Time Telemetry at Scale - Q4 2025 [Phase 3],Virtual Tech Demos & Hands-on Webinars,Owned Events,SMB Growth Tech Founders,North America,14500.0,13049,813,6.23,256,56.64,174,81,625456.82,19,182410.0,12.58,763.16,1158.0,2026-05-22,2026-07-03,Completed
CAMP-2025-00960,Kubernetes Multi-Cloud Mesh - Q1 2025 [Phase 1],Executive Newsletter Sponsorships,Sponsored Content,FinTech Chief Information Security Officers (CISO),APAC (Japan/Taiwan/SG),22500.0,22326,1353,6.06,279,80.65,123,44,1407986.22,10,373275.0,16.59,2250.0,1559.0,2024-09-22,2024-11-15,Completed
CAMP-2025-00961,Zero-Trust Perimeter Defense - Q2 2025 [Phase 2],Regional Strategic Partner Co-Marketing,Partner Co-Op,Enterprise Data Engineering Leads,Western Europe,77900.0,157097,4980,3.17,1452,53.65,682,269,3310456.92,109,793801.0,10.19,714.68,919.0,2024-11-03,2025-01-21,Completed
CAMP-2025-00962,Edge AI for Smart Robotics - Q3 2025 [Phase 3],Regional Strategic Partner Co-Marketing,Partner Co-Op,Enterprise Data Engineering Leads,ANZ,80300.0,138598,6528,4.71,1246,64.45,857,325,4363200.72,83,1212530.0,15.1,967.47,1410.0,2026-04-16,2026-06-14,Completed
CAMP-2025-00963,Automated Compliance & SOC2 - Q4 2025 [Phase 1],Developer Hackathons & Open Source Grants,Community,Enterprise Data Engineering Leads,Latin America,40400.0,33581,2344,6.98,941,42.93,396,130,2600630.23,40,576104.0,14.26,1010.0,1326.0,2026-04-23,2026-06-08,Completed
CAMP-2025-00964,Developer Productivity Blitz - Q1 2025 [Phase 2],Tech Podcast Host-Read Sponsorship,Audio & Podcasts,SMB Growth Tech Founders,Western Europe,45900.0,425505,11361,2.67,538,85.32,396,210,1871398.14,77,625158.0,13.62,596.1,1262.0,2025-10-07,2025-12-22,Completed
CAMP-2025-00965,Edge AI for Smart Robotics - Q2 2025 [Phase 3],YouTube Deep-Dive Tech Architecture,Video Marketing,Healthcare & Life Sciences Tech Leads,APAC (Japan/Taiwan/SG),28800.0,137828,4507,3.27,330,87.27,223,116,630372.07,32,220032.0,7.64,900.0,664.0,2025-02-08,2025-04-01,Completed
CAMP-2025-00966,Unified Customer 360 AI - Q3 2025 [Phase 1],Regional Strategic Partner Co-Marketing,Partner Co-Op,FinTech Chief Information Security Officers (CISO),Middle East,29100.0,39910,1784,4.47,586,49.66,315,118,2625028.05,32,557265.0,19.15,909.38,1815.0,2024-04-23,2024-06-09,Completed
CAMP-2025-00967,Quantum-Safe Cryptography Suite - Q4 2025 [Phase 2],LinkedIn B2B Sponsored Content & InMail,Paid Social,Retail E-Commerce Engineering Directors,APAC (Japan/Taiwan/SG),58800.0,203451,4008,1.97,375,156.8,253,115,1963998.06,34,488040.0,8.3,1729.41,730.0,2025-12-12,2026-02-14,Completed
CAMP-2025-00968,Quantum-Safe Cryptography Suite - Q1 2025 [Phase 3],Technical SEO & Pillar Blog Content,Organic Content,Global AI/ML Research Scientists,Global Multi-Region,55600.0,62813,4152,6.61,1323,42.03,845,437,4290205.51,150,981340.0,17.65,370.67,1665.0,2024-06-06,2024-08-26,Completed
CAMP-2025-00969,Automated Compliance & SOC2 - Q2 2025 [Phase 1],LinkedIn B2B Sponsored Content & InMail,Paid Social,Cloud Native DevOps & SRE Architects,ANZ,85600.0,615112,13717,2.23,370,231.35,201,101,3058483.23,25,674528.0,7.88,3424.0,688.0,2024-07-16,2024-08-11,Completed
CAMP-2025-00970,Automated Compliance & SOC2 - Q3 2025 [Phase 2],Executive Newsletter Sponsorships,Sponsored Content,SMB Growth Tech Founders,North America,77500.0,130356,5488,4.21,986,78.6,579,179,3510452.44,64,913725.0,11.79,1210.94,1079.0,2024-04-13,2024-06-07,Completed
CAMP-2025-00971,Real-Time Telemetry at Scale - Q4 2025 [Phase 3],Technical SEO & Pillar Blog Content,Organic Content,Healthcare & Life Sciences Tech Leads,North America,42200.0,50194,3609,7.19,984,42.89,720,347,4056571.19,92,985370.0,23.35,458.7,2235.0,2024-10-08,2024-12-01,Completed
CAMP-2025-00972,Next-Gen Lakehouse Migration - Q1 2025 [Phase 1],Virtual Tech Demos & Hands-on Webinars,Owned Events,Enterprise Data Engineering Leads,Western Europe,53800.0,54637,3240,5.93,688,78.2,380,126,2223593.29,52,466446.0,8.67,1034.62,767.0,2024-02-18,2024-03-10,Completed
CAMP-2025-00973,Real-Time Telemetry at Scale - Q2 2025 [Phase 2],LinkedIn B2B Sponsored Content & InMail,Paid Social,Cloud Native DevOps & SRE Architects,APAC (Japan/Taiwan/SG),27300.0,84917,2573,3.03,145,188.28,65,32,946211.54,13,198198.0,7.26,2100.0,626.0,2024-11-03,2024-12-06,Completed
CAMP-2025-00974,Edge AI for Smart Robotics - Q3 2025 [Phase 3],Google Search Ads - Enterprise Intent,Paid Search,FinTech Chief Information Security Officers (CISO),North America,45400.0,395620,12106,3.06,351,129.34,206,77,1771789.16,15,470344.0,10.36,3026.67,936.0,2024-01-04,2024-03-07,Completed
CAMP-2025-00975,Kubernetes Multi-Cloud Mesh - Q4 2025 [Phase 1],Programmatic Account-Based Display (ABM),ABM Display,Retail E-Commerce Engineering Directors,Middle East,60800.0,297379,4312,1.45,245,248.16,158,79,1771661.67,34,398240.0,6.55,1788.24,555.0,2025-11-01,2025-12-10,Completed
CAMP-2025-00976,Real-Time Telemetry at Scale - Q1 2025 [Phase 2],Virtual Tech Demos & Hands-on Webinars,Owned Events,Global AI/ML Research Scientists,Western Europe,33100.0,49573,2206,4.45,607,54.53,282,131,847928.17,32,246595.0,7.45,1034.38,645.0,2026-04-08,2026-06-22,Completed
CAMP-2025-00977,Quantum-Safe Cryptography Suite - Q2 2025 [Phase 3],Tech Podcast Host-Read Sponsorship,Audio & Podcasts,Retail E-Commerce Engineering Directors,Global Multi-Region,42500.0,85351,3397,3.98,728,58.38,406,153,1459518.34,34,504475.0,11.87,1250.0,1087.0,2025-12-15,2026-01-02,Completed
CAMP-2025-00978,Automated Compliance & SOC2 - Q3 2025 [Phase 1],Developer Hackathons & Open Source Grants,Community,Enterprise Data Engineering Leads,Global Multi-Region,94600.0,311100,16115,5.18,2550,37.1,1798,877,6714151.3,222,2167286.0,22.91,426.13,2191.0,2024-05-14,2024-07-22,Completed
CAMP-2025-00979,Cloud Cost Optimization 40% - Q4 2025 [Phase 2],Google Search Ads - Enterprise Intent,Paid Search,Fortune 500 CTOs & VP Infrastructure,Global Multi-Region,18600.0,31971,1135,3.55,166,112.05,72,32,506117.98,8,116250.0,6.25,2325.0,525.0,2025-10-13,2025-12-03,Completed
CAMP-2025-00980,Next-Gen Lakehouse Migration - Q1 2025 [Phase 3],Developer Hackathons & Open Source Grants,Community,Cloud Native DevOps & SRE Architects,Latin America,10700.0,32576,2655,8.15,207,51.69,98,46,681313.01,14,246100.0,23.0,764.29,2200.0,2026-05-27,2026-06-27,Completed
CAMP-2025-00981,Unified Customer 360 AI - Q2 2025 [Phase 1],Regional Strategic Partner Co-Marketing,Partner Co-Op,Global AI/ML Research Scientists,North America,86400.0,221476,6600,2.98,1365,63.3,560,179,3849474.63,54,996192.0,11.53,1600.0,1053.0,2025-11-12,2025-11-27,Completed
CAMP-2025-00982,Zero-Trust Perimeter Defense - Q3 2025 [Phase 2],Tech Podcast Host-Read Sponsorship,Audio & Podcasts,Fortune 500 CTOs & VP Infrastructure,Middle East,11100.0,18474,678,3.67,124,89.52,80,24,374109.59,7,122211.0,11.01,1585.71,1001.0,2025-12-14,2026-03-03,Completed
CAMP-2025-00983,Quantum-Safe Cryptography Suite - Q4 2025 [Phase 3],Virtual Tech Demos & Hands-on Webinars,Owned Events,SMB Growth Tech Founders,Latin America,81800.0,220293,14275,6.48,1040,78.65,499,262,4420026.39,96,907980.0,11.1,852.08,1010.0,2026-02-06,2026-04-10,Completed
CAMP-2025-00984,GenAI Enterprise Copilot Accelerator - Q1 2025 [Phase 1],YouTube Deep-Dive Tech Architecture,Video Marketing,FinTech Chief Information Security Officers (CISO),ANZ,15100.0,50758,1137,2.24,206,73.3,127,50,372091.39,22,123367.0,8.17,686.36,717.0,2026-06-09,2026-08-04,Active
CAMP-2025-00985,Quantum-Safe Cryptography Suite - Q2 2025 [Phase 2],YouTube Deep-Dive Tech Architecture,Video Marketing,FinTech Chief Information Security Officers (CISO),Latin America,86600.0,197929,5067,2.56,1105,78.37,568,274,2902412.02,78,1086830.0,12.55,1110.26,1155.0,2026-06-14,2026-08-27,Active
CAMP-2025-00986,GenAI Enterprise Copilot Accelerator - Q3 2025 [Phase 3],Gartner & Forrester Summit Sponsorships,Events & Conferences,Fortune 500 CTOs & VP Infrastructure,Western Europe,79300.0,492888,11090,2.25,201,394.53,100,51,1195376.09,19,340990.0,4.3,4173.68,330.0,2025-03-05,2025-05-24,Completed
CAMP-2025-00987,GenAI Enterprise Copilot Accelerator - Q4 2025 [Phase 1],Google Search Ads - Enterprise Intent,Paid Search,Cloud Native DevOps & SRE Architects,North America,74100.0,324786,11400,3.51,581,127.54,406,165,1890279.53,63,535743.0,7.23,1176.19,623.0,2024-03-03,2024-03-22,Completed
CAMP-2025-00988,Kubernetes Multi-Cloud Mesh - Q1 2025 [Phase 2],Technical SEO & Pillar Blog Content,Organic Content,Enterprise Data Engineering Leads,APAC (Japan/Taiwan/SG),68100.0,180333,11884,6.59,1871,36.4,898,431,5973290.39,96,1985796.0,29.16,709.38,2816.0,2025-05-16,2025-08-08,Completed
CAMP-2025-00989,Cloud Cost Optimization 40% - Q2 2025 [Phase 3],Google Search Ads - Enterprise Intent,Paid Search,Retail E-Commerce Engineering Directors,APAC (Japan/Taiwan/SG),49900.0,82622,2867,3.47,518,96.33,241,75,1024232.71,22,369759.0,7.41,2268.18,641.0,2025-12-12,2026-02-26,Completed
CAMP-2025-00990,Cloud Cost Optimization 40% - Q3 2025 [Phase 1],Executive Newsletter Sponsorships,Sponsored Content,Enterprise Data Engineering Leads,Western Europe,36500.0,184767,8333,4.51,481,75.88,275,91,2158615.18,35,566480.0,15.52,1042.86,1452.0,2025-09-22,2025-11-24,Completed
CAMP-2025-00991,GenAI Enterprise Copilot Accelerator - Q4 2025 [Phase 2],Tech Podcast Host-Read Sponsorship,Audio & Podcasts,Healthcare & Life Sciences Tech Leads,North America,94300.0,118370,5303,4.48,989,95.35,638,262,3749965.06,83,983549.0,10.43,1136.14,943.0,2025-09-29,2025-12-17,Completed
CAMP-2025-00992,Unified Customer 360 AI - Q1 2025 [Phase 3],Executive Newsletter Sponsorships,Sponsored Content,Healthcare & Life Sciences Tech Leads,Latin America,29300.0,65703,2661,4.05,272,107.72,176,48,2089968.33,14,539413.0,18.41,2092.86,1741.0,2025-03-09,2025-05-22,Completed
CAMP-2025-00993,Edge AI for Smart Robotics - Q2 2025 [Phase 1],Tech Podcast Host-Read Sponsorship,Audio & Podcasts,SMB Growth Tech Founders,APAC (Japan/Taiwan/SG),29900.0,71013,2031,2.86,382,78.27,265,109,1835917.82,48,441623.0,14.77,622.92,1377.0,2024-09-23,2024-12-08,Completed
CAMP-2025-00994,Kubernetes Multi-Cloud Mesh - Q3 2025 [Phase 2],Developer Hackathons & Open Source Grants,Community,FinTech Chief Information Security Officers (CISO),Middle East,64500.0,126214,8835,7.0,1887,34.18,1349,452,2722034.28,153,1003620.0,15.56,421.57,1456.0,2024-08-03,2024-09-27,Completed
CAMP-2025-00995,Edge AI for Smart Robotics - Q4 2025 [Phase 3],Tech Podcast Host-Read Sponsorship,Audio & Podcasts,Fortune 500 CTOs & VP Infrastructure,Western Europe,9600.0,83663,3037,3.63,153,62.75,85,45,375789.55,11,116928.0,12.18,872.73,1118.0,2024-03-05,2024-05-05,Completed
CAMP-2025-00996,Unified Customer 360 AI - Q1 2025 [Phase 1],Executive Newsletter Sponsorships,Sponsored Content,Healthcare & Life Sciences Tech Leads,Middle East,85600.0,333781,14386,4.31,796,107.54,403,208,5125592.6,85,1243768.0,14.53,1007.06,1353.0,2024-07-27,2024-08-11,Completed
CAMP-2025-00997,Real-Time Telemetry at Scale - Q2 2025 [Phase 2],Virtual Tech Demos & Hands-on Webinars,Owned Events,Global AI/ML Research Scientists,Latin America,9700.0,49498,3356,6.78,147,65.99,82,24,412809.46,6,128331.0,13.23,1616.67,1223.0,2024-04-11,2024-06-07,Completed
CAMP-2025-00998,Developer Productivity Blitz - Q3 2025 [Phase 3],Google Search Ads - Enterprise Intent,Paid Search,Retail E-Commerce Engineering Directors,Western Europe,74200.0,323919,10495,3.24,745,99.6,356,115,1868404.38,38,377678.0,5.09,1952.63,409.0,2024-04-10,2024-05-11,Completed
CAMP-2025-00999,Zero-Trust Perimeter Defense - Q4 2025 [Phase 1],Virtual Tech Demos & Hands-on Webinars,Owned Events,Healthcare & Life Sciences Tech Leads,Latin America,87200.0,243555,13152,5.4,1192,73.15,499,160,4478895.93,56,1276608.0,14.64,1557.14,1364.0,2024-07-12,2024-10-07,Completed
CAMP-2026-01000,Quantum-Safe Cryptography Suite - Q1 2026 [Phase 2],Tech Podcast Host-Read Sponsorship,Audio & Podcasts,FinTech Chief Information Security Officers (CISO),Global Multi-Region,86600.0,442390,19244,4.35,902,96.01,363,154,2768233.64,31,941342.0,10.87,2793.55,987.0,2025-05-05,2025-06-14,Completed
CAMP-2026-01001,GenAI Enterprise Copilot Accelerator - Q2 2026 [Phase 3],Gartner & Forrester Summit Sponsorships,Events & Conferences,Cloud Native DevOps & SRE Architects,ANZ,32700.0,120000,1920,1.6,135,242.22,67,28,1013446.48,9,292992.0,8.96,3633.33,796.0,2025-07-30,2025-09-26,Completed
CAMP-2026-01002,Zero-Trust Perimeter Defense - Q3 2026 [Phase 1],YouTube Deep-Dive Tech Architecture,Video Marketing,Global AI/ML Research Scientists,ANZ,34200.0,150604,3238,2.15,379,90.24,215,70,1285641.4,13,311220.0,9.1,2630.77,810.0,2024-08-14,2024-11-04,Completed
CAMP-2026-01003,Cloud Cost Optimization 40% - Q4 2026 [Phase 2],Google Search Ads - Enterprise Intent,Paid Search,Healthcare & Life Sciences Tech Leads,APAC (Japan/Taiwan/SG),39000.0,56542,2437,4.31,345,113.04,167,46,977413.04,10,340080.0,8.72,3900.0,772.0,2025-01-14,2025-02-26,Completed
CAMP-2026-01004,High-Throughput Streaming Engine - Q1 2026 [Phase 3],Technical SEO & Pillar Blog Content,Organic Content,Fortune 500 CTOs & VP Infrastructure,Global Multi-Region,12000.0,66351,3092,4.66,362,33.15,171,62,755114.34,21,196920.0,16.41,571.43,1541.0,2025-08-07,2025-08-21,Completed
CAMP-2026-01005,Kubernetes Multi-Cloud Mesh - Q2 2026 [Phase 1],Virtual Tech Demos & Hands-on Webinars,Owned Events,FinTech Chief Information Security Officers (CISO),Western Europe,11100.0,60258,4188,6.95,190,58.42,104,56,329643.5,14,77478.0,6.98,792.86,598.0,2024-12-21,2025-01-05,Completed
CAMP-2026-01006,Edge AI for Smart Robotics - Q3 2026 [Phase 2],Programmatic Account-Based Display (ABM),ABM Display,Fortune 500 CTOs & VP Infrastructure,Middle East,37100.0,280151,3698,1.32,173,214.45,123,36,707662.37,12,152852.0,4.12,3091.67,312.0,2026-05-09,2026-06-21,Completed
CAMP-2026-01007,Unified Customer 360 AI - Q4 2026 [Phase 3],Programmatic Account-Based Display (ABM),ABM Display,Global AI/ML Research Scientists,Western Europe,71900.0,472520,5812,1.23,379,189.71,236,112,1261615.68,47,364533.0,5.07,1529.79,407.0,2025-05-14,2025-07-09,Completed
CAMP-2026-01008,High-Throughput Streaming Engine - Q1 2026 [Phase 1],Virtual Tech Demos & Hands-on Webinars,Owned Events,Cloud Native DevOps & SRE Architects,ANZ,23500.0,21107,1315,6.23,295,79.66,140,65,701433.6,21,254975.0,10.85,1119.05,985.0,2025-03-16,2025-05-23,Completed
CAMP-2026-01009,Zero-Trust Perimeter Defense - Q2 2026 [Phase 2],Regional Strategic Partner Co-Marketing,Partner Co-Op,SMB Growth Tech Founders,North America,36000.0,89117,3030,3.4,549,65.57,294,91,1405746.82,30,417600.0,11.6,1200.0,1060.0,2026-03-11,2026-06-09,Completed
CAMP-2026-01010,Developer Productivity Blitz - Q3 2026 [Phase 3],Regional Strategic Partner Co-Marketing,Partner Co-Op,Healthcare & Life Sciences Tech Leads,Western Europe,89400.0,735887,32747,4.45,1374,65.07,605,259,6394487.69,59,1771014.0,19.81,1515.25,1881.0,2025-08-28,2025-10-09,Completed
CAMP-2026-01011,Cloud Cost Optimization 40% - Q4 2026 [Phase 1],Executive Newsletter Sponsorships,Sponsored Content,FinTech Chief Information Security Officers (CISO),Middle East,77400.0,154145,7399,4.8,1034,74.85,742,343,4103205.84,81,1025550.0,13.25,955.56,1225.0,2024-02-15,2024-04-30,Completed
CAMP-2026-01012,Cloud Cost Optimization 40% - Q1 2026 [Phase 2],YouTube Deep-Dive Tech Architecture,Video Marketing,Retail E-Commerce Engineering Directors,Western Europe,3300.0,12451,320,2.57,36,91.67,26,13,159050.74,2,40920.0,12.4,1650.0,1140.0,2024-06-06,2024-08-21,Completed
CAMP-2026-01013,Quantum-Safe Cryptography Suite - Q2 2026 [Phase 3],Google Search Ads - Enterprise Intent,Paid Search,Global AI/ML Research Scientists,Middle East,52600.0,232520,8580,3.69,374,140.64,244,93,2318554.53,38,504960.0,9.6,1384.21,860.0,2024-09-03,2024-11-01,Completed
CAMP-2026-01014,GenAI Enterprise Copilot Accelerator - Q3 2026 [Phase 1],Tech Podcast Host-Read Sponsorship,Audio & Podcasts,Retail E-Commerce Engineering Directors,ANZ,80500.0,128407,5483,4.27,1104,72.92,541,233,2822012.99,72,617435.0,7.67,1118.06,667.0,2026-03-13,2026-03-29,Completed
CAMP-2026-01015,Automated Compliance & SOC2 - Q4 2026 [Phase 2],Executive Newsletter Sponsorships,Sponsored Content,Fortune 500 CTOs & VP Infrastructure,Latin America,58700.0,165408,6881,4.16,700,83.86,301,85,1432660.31,36,502472.0,8.56,1630.56,756.0,2025-04-01,2025-05-24,Completed
CAMP-2026-01016,Quantum-Safe Cryptography Suite - Q1 2026 [Phase 3],Gartner & Forrester Summit Sponsorships,Events & Conferences,SMB Growth Tech Founders,Middle East,86900.0,426091,7414,1.74,297,292.59,198,93,1036328.19,32,378015.0,4.35,2715.62,335.0,2024-01-01,2024-02-12,Completed
CAMP-2026-01017,Cloud Cost Optimization 40% - Q2 2026 [Phase 1],Virtual Tech Demos & Hands-on Webinars,Owned Events,Enterprise Data Engineering Leads,APAC (Japan/Taiwan/SG),8400.0,9174,578,6.3,141,59.57,89,43,317920.56,10,126336.0,15.04,840.0,1404.0,2025-06-01,2025-07-31,Completed
CAMP-2026-01018,High-Throughput Streaming Engine - Q3 2026 [Phase 2],YouTube Deep-Dive Tech Architecture,Video Marketing,Enterprise Data Engineering Leads,APAC (Japan/Taiwan/SG),28500.0,142145,3710,2.61,418,68.18,210,59,1422558.2,22,332595.0,11.67,1295.45,1067.0,2025-05-19,2025-06-10,Completed
CAMP-2026-01019,Real-Time Telemetry at Scale - Q4 2026 [Phase 3],Developer Hackathons & Open Source Grants,Community,Fortune 500 CTOs & VP Infrastructure,Latin America,70900.0,76104,6096,8.01,2232,31.77,1565,493,5217330.03,95,1366952.0,19.28,746.32,1828.0,2026-01-06,2026-02-05,Completed
CAMP-2026-01020,Edge AI for Smart Robotics - Q1 2026 [Phase 1],Developer Hackathons & Open Source Grants,Community,Enterprise Data Engineering Leads,Western Europe,22000.0,20790,1578,7.59,431,51.04,307,99,1002927.75,44,335500.0,15.25,500.0,1425.0,2026-03-29,2026-05-18,Completed
CAMP-2026-01021,Automated Compliance & SOC2 - Q2 2026 [Phase 2],Programmatic Account-Based Display (ABM),ABM Display,Global AI/ML Research Scientists,Middle East,59000.0,326648,5847,1.79,324,182.1,164,43,1293749.85,15,404150.0,6.85,3933.33,585.0,2025-10-27,2025-12-16,Completed
CAMP-2026-01022,Automated Compliance & SOC2 - Q3 2026 [Phase 3],Developer Hackathons & Open Source Grants,Community,Fortune 500 CTOs & VP Infrastructure,North America,3000.0,2300,179,7.78,78,38.46,32,13,246812.66,4,72720.0,24.24,750.0,2324.0,2024-06-30,2024-09-14,Completed
CAMP-2026-01023,Quantum-Safe Cryptography Suite - Q4 2026 [Phase 1],Developer Hackathons & Open Source Grants,Community,Retail E-Commerce Engineering Directors,North America,28300.0,39538,2400,6.07,684,41.37,336,134,1500441.2,39,369315.0,13.05,725.64,1205.0,2026-03-15,2026-04-03,Completed
CAMP-2026-01024,Zero-Trust Perimeter Defense - Q1 2026 [Phase 2],Technical SEO & Pillar Blog Content,Organic Content,Fortune 500 CTOs & VP Infrastructure,Global Multi-Region,69900.0,139415,8825,6.33,1870,37.38,862,249,8977916.45,72,2177385.0,31.15,970.83,3015.0,2025-06-27,2025-08-18,Completed
CAMP-2026-01025,Zero-Trust Perimeter Defense - Q2 2026 [Phase 3],Developer Hackathons & Open Source Grants,Community,SMB Growth Tech Founders,Latin America,31100.0,38091,3173,8.33,821,37.88,453,247,2342192.13,110,720276.0,23.16,282.73,2216.0,2024-03-25,2024-06-04,Completed
CAMP-2026-01026,Next-Gen Lakehouse Migration - Q3 2026 [Phase 1],Gartner & Forrester Summit Sponsorships,Events & Conferences,Retail E-Commerce Engineering Directors,APAC (Japan/Taiwan/SG),22300.0,60386,1250,2.07,57,391.23,24,11,674242.3,3,176839.0,7.93,7433.33,693.0,2026-01-31,2026-04-08,Completed
CAMP-2026-01027,Zero-Trust Perimeter Defense - Q4 2026 [Phase 2],Developer Hackathons & Open Source Grants,Community,Retail E-Commerce Engineering Directors,Western Europe,87800.0,617468,33899,5.49,1949,45.05,1420,586,5722846.79,255,1993938.0,22.71,344.31,2171.0,2024-10-30,2025-01-27,Completed
CAMP-2026-01028,Edge AI for Smart Robotics - Q1 2026 [Phase 3],Regional Strategic Partner Co-Marketing,Partner Co-Op,SMB Growth Tech Founders,Latin America,15000.0,28764,978,3.4,327,45.87,242,123,903777.6,25,244500.0,16.3,600.0,1530.0,2024-08-26,2024-10-20,Completed
CAMP-2026-01029,Kubernetes Multi-Cloud Mesh - Q2 2026 [Phase 1],LinkedIn B2B Sponsored Content & InMail,Paid Social,Global AI/ML Research Scientists,Latin America,15200.0,51479,1009,1.96,94,161.7,55,14,514349.32,2,107312.0,7.06,7600.0,606.0,2024-12-10,2025-02-09,Completed
CAMP-2026-01030,Zero-Trust Perimeter Defense - Q3 2026 [Phase 2],Programmatic Account-Based Display (ABM),ABM Display,SMB Growth Tech Founders,Global Multi-Region,35800.0,266647,4613,1.73,219,163.47,149,65,964346.05,20,250242.0,6.99,1790.0,599.0,2026-06-02,2026-08-11,Active
CAMP-2026-01031,Automated Compliance & SOC2 - Q4 2026 [Phase 3],Executive Newsletter Sponsorships,Sponsored Content,Fortune 500 CTOs & VP Infrastructure,Global Multi-Region,85300.0,131888,6845,5.19,1300,65.62,812,425,5734852.48,177,1160933.0,13.61,481.92,1261.0,2024-05-05,2024-06-23,Completed
CAMP-2026-01032,Real-Time Telemetry at Scale - Q1 2026 [Phase 1],Gartner & Forrester Summit Sponsorships,Events & Conferences,Healthcare & Life Sciences Tech Leads,APAC (Japan/Taiwan/SG),67200.0,293525,4080,1.39,209,321.53,94,36,1941840.49,14,621600.0,9.25,4800.0,825.0,2025-10-08,2025-12-03,Completed
CAMP-2026-01033,Developer Productivity Blitz - Q2 2026 [Phase 2],Developer Hackathons & Open Source Grants,Community,FinTech Chief Information Security Officers (CISO),Latin America,17600.0,45143,2993,6.63,514,34.24,288,130,904054.26,53,250096.0,14.21,332.08,1321.0,2024-07-31,2024-09-16,Completed
CAMP-2026-01034,Edge AI for Smart Robotics - Q3 2026 [Phase 3],Executive Newsletter Sponsorships,Sponsored Content,SMB Growth Tech Founders,Latin America,45800.0,199930,8657,4.33,551,83.12,365,150,1392442.79,43,390674.0,8.53,1065.12,753.0,2025-09-20,2025-12-09,Completed
CAMP-2026-01035,Quantum-Safe Cryptography Suite - Q4 2026 [Phase 1],LinkedIn B2B Sponsored Content & InMail,Paid Social,Fortune 500 CTOs & VP Infrastructure,Global Multi-Region,52800.0,303448,7040,2.32,337,156.68,246,81,1243406.21,23,304656.0,5.77,2295.65,477.0,2025-10-22,2025-12-21,Completed
CAMP-2026-01036,Quantum-Safe Cryptography Suite - Q1 2026 [Phase 2],Executive Newsletter Sponsorships,Sponsored Content,Healthcare & Life Sciences Tech Leads,North America,21300.0,46718,2406,5.15,207,102.9,131,55,965124.1,18,337179.0,15.83,1183.33,1483.0,2025-04-28,2025-07-03,Completed
CAMP-2026-01037,Developer Productivity Blitz - Q2 2026 [Phase 3],Tech Podcast Host-Read Sponsorship,Audio & Podcasts,Healthcare & Life Sciences Tech Leads,Middle East,10400.0,16031,614,3.83,149,69.8,74,26,389010.95,5,111384.0,10.71,2080.0,971.0,2025-12-27,2026-01-23,Completed
CAMP-2026-01038,Kubernetes Multi-Cloud Mesh - Q3 2026 [Phase 1],Technical SEO & Pillar Blog Content,Organic Content,Healthcare & Life Sciences Tech Leads,Western Europe,89000.0,84544,6121,7.24,2797,31.82,1424,516,11156451.11,151,2500900.0,28.1,589.4,2710.0,2025-02-13,2025-03-25,Completed
CAMP-2026-01039,Cloud Cost Optimization 40% - Q4 2026 [Phase 2],Google Search Ads - Enterprise Intent,Paid Search,Cloud Native DevOps & SRE Architects,ANZ,60500.0,356326,12222,3.43,667,90.7,303,144,2738219.75,51,672155.0,11.11,1186.27,1011.0,2024-03-10,2024-05-01,Completed
CAMP-2026-01040,Zero-Trust Perimeter Defense - Q1 2026 [Phase 3],YouTube Deep-Dive Tech Architecture,Video Marketing,SMB Growth Tech Founders,Middle East,43700.0,210168,6242,2.97,468,93.38,324,117,701416.59,42,278806.0,6.38,1040.48,538.0,2025-11-12,2025-12-24,Completed
CAMP-2026-01041,Developer Productivity Blitz - Q2 2026 [Phase 1],Programmatic Account-Based Display (ABM),ABM Display,Retail E-Commerce Engineering Directors,APAC (Japan/Taiwan/SG),71700.0,377299,5169,1.37,429,167.13,270,71,1143344.95,31,413709.0,5.77,2312.9,477.0,2025-10-25,2026-01-10,Completed
CAMP-2026-01042,Unified Customer 360 AI - Q3 2026 [Phase 2],Regional Strategic Partner Co-Marketing,Partner Co-Op,Healthcare & Life Sciences Tech Leads,Western Europe,46400.0,242193,7508,3.1,653,71.06,403,199,2588314.66,72,657952.0,14.18,644.44,1318.0,2025-11-24,2026-02-19,Completed
CAMP-2026-01043,Quantum-Safe Cryptography Suite - Q4 2026 [Phase 3],YouTube Deep-Dive Tech Architecture,Video Marketing,Healthcare & Life Sciences Tech Leads,ANZ,62600.0,144140,4526,3.14,745,84.03,367,198,1826328.35,86,650414.0,10.39,727.91,939.0,2025-03-11,2025-03-28,Completed
CAMP-2026-01044,Kubernetes Multi-Cloud Mesh - Q1 2026 [Phase 1],Executive Newsletter Sponsorships,Sponsored Content,Enterprise Data Engineering Leads,APAC (Japan/Taiwan/SG),66800.0,108648,5226,4.81,931,71.75,593,238,4216148.19,63,1101532.0,16.49,1060.32,1549.0,2025-11-08,2025-12-23,Completed
CAMP-2026-01045,Real-Time Telemetry at Scale - Q2 2026 [Phase 2],LinkedIn B2B Sponsored Content & InMail,Paid Social,Retail E-Commerce Engineering Directors,North America,89800.0,190522,5468,2.87,419,214.32,197,101,3124131.23,32,783954.0,8.73,2806.25,773.0,2025-01-01,2025-01-25,Completed
CAMP-2026-01046,Zero-Trust Perimeter Defense - Q3 2026 [Phase 3],Virtual Tech Demos & Hands-on Webinars,Owned Events,FinTech Chief Information Security Officers (CISO),ANZ,18700.0,54029,3339,6.18,326,57.36,187,92,808280.24,23,168113.0,8.99,813.04,799.0,2025-04-22,2025-05-19,Completed
CAMP-2026-01047,Real-Time Telemetry at Scale - Q4 2026 [Phase 1],Tech Podcast Host-Read Sponsorship,Audio & Podcasts,FinTech Chief Information Security Officers (CISO),ANZ,69400.0,130028,4629,3.56,1011,68.64,599,251,1602810.17,81,544790.0,7.85,856.79,685.0,2024-01-13,2024-03-07,Completed
CAMP-2026-01048,Automated Compliance & SOC2 - Q1 2026 [Phase 2],Executive Newsletter Sponsorships,Sponsored Content,Global AI/ML Research Scientists,Western Europe,41400.0,129787,5490,4.23,459,90.2,220,88,2119145.36,23,682686.0,16.49,1800.0,1549.0,2026-06-07,2026-06-27,Completed
CAMP-2026-01049,Kubernetes Multi-Cloud Mesh - Q2 2026 [Phase 3],Tech Podcast Host-Read Sponsorship,Audio & Podcasts,Healthcare & Life Sciences Tech Leads,APAC (Japan/Taiwan/SG),83500.0,169480,6203,3.66,1031,80.99,529,273,4031764.22,105,1166495.0,13.97,795.24,1297.0,2025-06-29,2025-07-18,Completed
CAMP-2026-01050,High-Throughput Streaming Engine - Q3 2026 [Phase 1],Developer Hackathons & Open Source Grants,Community,SMB Growth Tech Founders,Western Europe,31100.0,34047,2414,7.09,845,36.8,357,175,1362408.63,58,459658.0,14.78,536.21,1378.0,2026-05-05,2026-07-26,Completed
CAMP-2026-01051,High-Throughput Streaming Engine - Q4 2026 [Phase 2],Technical SEO & Pillar Blog Content,Organic Content,Enterprise Data Engineering Leads,North America,12300.0,26782,1315,4.91,273,45.05,154,63,1212529.53,13,366294.0,29.78,946.15,2878.0,2026-04-10,2026-05-16,Completed
CAMP-2026-01052,Automated Compliance & SOC2 - Q1 2026 [Phase 3],Virtual Tech Demos & Hands-on Webinars,Owned Events,SMB Growth Tech Founders,Western Europe,5500.0,12046,518,4.3,76,72.37,56,24,162876.43,8,38060.0,6.92,687.5,592.0,2025-05-07,2025-07-19,Completed
CAMP-2026-01053,Developer Productivity Blitz - Q2 2026 [Phase 1],LinkedIn B2B Sponsored Content & InMail,Paid Social,Healthcare & Life Sciences Tech Leads,North America,25000.0,169365,3201,1.89,134,186.57,75,23,433032.07,8,169250.0,6.77,3125.0,577.0,2025-04-17,2025-05-04,Completed
CAMP-2026-01054,Real-Time Telemetry at Scale - Q3 2026 [Phase 2],Regional Strategic Partner Co-Marketing,Partner Co-Op,FinTech Chief Information Security Officers (CISO),ANZ,6900.0,22327,710,3.18,102,67.65,47,16,447444.23,6,101775.0,14.75,1150.0,1375.0,2024-09-10,2024-12-08,Completed
CAMP-2026-01055,Unified Customer 360 AI - Q4 2026 [Phase 3],Virtual Tech Demos & Hands-on Webinars,Owned Events,Healthcare & Life Sciences Tech Leads,Global Multi-Region,60500.0,62743,3865,6.16,857,70.6,359,101,4346328.68,26,905685.0,14.97,2326.92,1397.0,2024-08-04,2024-09-25,Completed
CAMP-2026-01056,High-Throughput Streaming Engine - Q1 2026 [Phase 1],Developer Hackathons & Open Source Grants,Community,Global AI/ML Research Scientists,ANZ,17400.0,16482,1223,7.42,431,40.37,219,91,1129137.73,32,390630.0,22.45,543.75,2145.0,2025-03-07,2025-05-08,Completed
CAMP-2026-01057,GenAI Enterprise Copilot Accelerator - Q2 2026 [Phase 2],Regional Strategic Partner Co-Marketing,Partner Co-Op,Global AI/ML Research Scientists,APAC (Japan/Taiwan/SG),81800.0,287431,14659,5.1,1949,41.97,1353,445,2677015.63,104,879350.0,10.75,786.54,975.0,2025-03-26,2025-05-24,Completed
CAMP-2026-01058,Cloud Cost Optimization 40% - Q3 2026 [Phase 3],Developer Hackathons & Open Source Grants,Community,SMB Growth Tech Founders,North America,34200.0,73023,5652,7.74,1011,33.83,629,165,2806133.11,29,771552.0,22.56,1179.31,2156.0,2024-12-25,2025-01-31,Completed
CAMP-2026-01059,Zero-Trust Perimeter Defense - Q4 2026 [Phase 1],LinkedIn B2B Sponsored Content & InMail,Paid Social,Global AI/ML Research Scientists,Middle East,87400.0,259619,6828,2.63,546,160.07,395,114,2938068.29,30,749892.0,8.58,2913.33,758.0,2024-08-20,2024-10-13,Completed
CAMP-2026-01060,Kubernetes Multi-Cloud Mesh - Q1 2026 [Phase 2],Regional Strategic Partner Co-Marketing,Partner Co-Op,Global AI/ML Research Scientists,APAC (Japan/Taiwan/SG),3300.0,5502,186,3.38,69,47.83,39,17,154777.07,4,36762.0,11.14,825.0,1014.0,2024-10-07,2025-01-03,Completed
CAMP-2026-01061,Kubernetes Multi-Cloud Mesh - Q2 2026 [Phase 3],Programmatic Account-Based Display (ABM),ABM Display,Enterprise Data Engineering Leads,North America,15000.0,55511,977,1.76,88,170.45,43,19,170313.65,6,63450.0,4.23,2500.0,323.0,2026-02-08,2026-02-26,Completed
CAMP-2026-01062,Cloud Cost Optimization 40% - Q3 2026 [Phase 1],Regional Strategic Partner Co-Marketing,Partner Co-Op,Retail E-Commerce Engineering Directors,APAC (Japan/Taiwan/SG),62200.0,447980,13977,3.12,1254,49.6,811,213,3550353.83,74,772524.0,12.42,840.54,1142.0,2025-11-06,2025-12-13,Completed
CAMP-2026-01063,Kubernetes Multi-Cloud Mesh - Q4 2026 [Phase 2],Tech Podcast Host-Read Sponsorship,Audio & Podcasts,Cloud Native DevOps & SRE Architects,Global Multi-Region,19700.0,47709,1708,3.58,206,95.63,129,70,993964.44,15,250781.0,12.73,1313.33,1173.0,2024-05-16,2024-08-10,Completed
CAMP-2026-01064,Developer Productivity Blitz - Q1 2026 [Phase 3],YouTube Deep-Dive Tech Architecture,Video Marketing,Cloud Native DevOps & SRE Architects,Latin America,23300.0,102500,2706,2.64,257,90.66,122,58,815342.38,19,217855.0,9.35,1226.32,835.0,2024-04-14,2024-06-10,Completed
CAMP-2026-01065,Next-Gen Lakehouse Migration - Q2 2026 [Phase 1],Google Search Ads - Enterprise Intent,Paid Search,FinTech Chief Information Security Officers (CISO),Global Multi-Region,14700.0,62767,1701,2.71,149,98.66,78,27,379633.62,7,88641.0,6.03,2100.0,503.0,2026-05-29,2026-08-26,Active
CAMP-2026-01066,Next-Gen Lakehouse Migration - Q3 2026 [Phase 2],Tech Podcast Host-Read Sponsorship,Audio & Podcasts,Global AI/ML Research Scientists,ANZ,24800.0,177043,6108,3.45,263,94.3,131,59,1608465.2,21,326120.0,13.15,1180.95,1215.0,2024-01-29,2024-04-28,Completed
CAMP-2026-01067,Cloud Cost Optimization 40% - Q4 2026 [Phase 3],YouTube Deep-Dive Tech Architecture,Video Marketing,Enterprise Data Engineering Leads,North America,69100.0,752369,21593,2.87,638,108.31,424,149,4080870.88,38,863059.0,12.49,1818.42,1149.0,2025-07-25,2025-10-23,Completed
CAMP-2026-01068,Developer Productivity Blitz - Q1 2026 [Phase 1],Gartner & Forrester Summit Sponsorships,Events & Conferences,SMB Growth Tech Founders,Latin America,59700.0,284928,6012,2.11,189,315.87,109,52,1767546.33,9,514017.0,8.61,6633.33,761.0,2026-02-27,2026-05-03,Completed
CAMP-2026-01069,High-Throughput Streaming Engine - Q2 2026 [Phase 2],Technical SEO & Pillar Blog Content,Organic Content,Fortune 500 CTOs & VP Infrastructure,Middle East,8700.0,18664,1314,7.04,258,33.72,144,61,951804.45,17,217326.0,24.98,511.76,2398.0,2025-12-16,2026-02-15,Completed
CAMP-2026-01070,Next-Gen Lakehouse Migration - Q3 2026 [Phase 3],Virtual Tech Demos & Hands-on Webinars,Owned Events,Healthcare & Life Sciences Tech Leads,North America,40000.0,137323,9132,6.65,673,59.44,273,84,2737459.69,15,591600.0,14.79,2666.67,1379.0,2024-10-03,2024-10-24,Completed
CAMP-2026-01071,Next-Gen Lakehouse Migration - Q4 2026 [Phase 1],Gartner & Forrester Summit Sponsorships,Events & Conferences,SMB Growth Tech Founders,ANZ,63600.0,621948,9578,1.54,259,245.56,144,42,1596815.14,7,418488.0,6.58,9085.71,558.0,2024-04-30,2024-07-25,Completed
CAMP-2026-01072,Edge AI for Smart Robotics - Q1 2026 [Phase 2],YouTube Deep-Dive Tech Architecture,Video Marketing,Global AI/ML Research Scientists,APAC (Japan/Taiwan/SG),49000.0,139608,4635,3.32,653,75.04,290,104,2528940.31,31,527240.0,10.76,1580.65,976.0,2025-08-19,2025-09-07,Completed
CAMP-2026-01073,Developer Productivity Blitz - Q2 2026 [Phase 3],Google Search Ads - Enterprise Intent,Paid Search,Retail E-Commerce Engineering Directors,Global Multi-Region,41400.0,81749,2804,3.43,332,124.7,236,115,675980.28,28,267030.0,6.45,1478.57,545.0,2024-12-11,2025-01-22,Completed
CAMP-2026-01074,Quantum-Safe Cryptography Suite - Q3 2026 [Phase 1],Developer Hackathons & Open Source Grants,Community,Cloud Native DevOps & SRE Architects,ANZ,26600.0,53438,3730,6.98,838,31.74,617,229,2031519.46,96,609406.0,22.91,277.08,2191.0,2026-06-15,2026-07-26,Completed
CAMP-2026-01075,Kubernetes Multi-Cloud Mesh - Q4 2026 [Phase 2],Developer Hackathons & Open Source Grants,Community,Cloud Native DevOps & SRE Architects,Global Multi-Region,8200.0,37053,2779,7.5,209,39.23,83,41,409218.9,8,109798.0,13.39,1025.0,1239.0,2025-04-11,2025-07-08,Completed
CAMP-2026-01076,Developer Productivity Blitz - Q1 2026 [Phase 3],Google Search Ads - Enterprise Intent,Paid Search,FinTech Chief Information Security Officers (CISO),Latin America,60000.0,132748,5217,3.93,496,120.97,264,96,1959152.75,23,423600.0,7.06,2608.7,606.0,2025-01-02,2025-01-23,Completed
CAMP-2026-01077,Cloud Cost Optimization 40% - Q2 2026 [Phase 1],YouTube Deep-Dive Tech Architecture,Video Marketing,Healthcare & Life Sciences Tech Leads,Western Europe,70000.0,219541,7179,3.27,791,88.5,360,131,2004500.88,49,427000.0,6.1,1428.57,510.0,2024-08-20,2024-09-24,Completed
CAMP-2026-01078,Quantum-Safe Cryptography Suite - Q3 2026 [Phase 2],Developer Hackathons & Open Source Grants,Community,SMB Growth Tech Founders,Latin America,36300.0,72660,4069,5.6,1121,32.38,549,287,2248207.97,77,865392.0,23.84,471.43,2284.0,2024-02-10,2024-04-17,Completed
CAMP-2026-01079,High-Throughput Streaming Engine - Q4 2026 [Phase 3],Gartner & Forrester Summit Sponsorships,Events & Conferences,Global AI/ML Research Scientists,ANZ,22300.0,66750,1602,2.4,70,318.57,43,15,756693.29,6,194456.0,8.72,3716.67,772.0,2024-08-08,2024-10-25,Completed
CAMP-2026-01080,GenAI Enterprise Copilot Accelerator - Q1 2026 [Phase 1],YouTube Deep-Dive Tech Architecture,Video Marketing,SMB Growth Tech Founders,Western Europe,62300.0,478888,14223,2.97,898,69.38,512,251,2287706.53,103,721434.0,11.58,604.85,1058.0,2025-03-05,2025-05-13,Completed
CAMP-2026-01081,Zero-Trust Perimeter Defense - Q2 2026 [Phase 2],Regional Strategic Partner Co-Marketing,Partner Co-Op,Global AI/ML Research Scientists,ANZ,68400.0,346537,13411,3.87,1632,41.91,809,328,4071659.41,107,1045836.0,15.29,639.25,1429.0,2025-01-26,2025-03-30,Completed
CAMP-2026-01082,Zero-Trust Perimeter Defense - Q3 2026 [Phase 3],Gartner & Forrester Summit Sponsorships,Events & Conferences,FinTech Chief Information Security Officers (CISO),Western Europe,8400.0,36500,511,1.4,27,311.11,13,4,187042.5,1,57036.0,6.79,8400.0,579.0,2026-02-09,2026-05-01,Completed
CAMP-2026-01083,High-Throughput Streaming Engine - Q4 2026 [Phase 1],Executive Newsletter Sponsorships,Sponsored Content,Global AI/ML Research Scientists,Middle East,52300.0,194897,7601,3.9,512,102.15,227,94,1757288.89,23,501034.0,9.58,2273.91,858.0,2024-09-12,2024-11-06,Completed
CAMP-2026-01084,Next-Gen Lakehouse Migration - Q1 2026 [Phase 2],Technical SEO & Pillar Blog Content,Organic Content,Healthcare & Life Sciences Tech Leads,Middle East,10800.0,28441,1661,5.84,269,40.15,115,30,813273.31,10,284580.0,26.35,1080.0,2535.0,2024-06-09,2024-08-30,Completed
CAMP-2026-01085,Next-Gen Lakehouse Migration - Q2 2026 [Phase 3],Virtual Tech Demos & Hands-on Webinars,Owned Events,Healthcare & Life Sciences Tech Leads,Global Multi-Region,70400.0,121250,4753,3.92,1097,64.18,562,243,2424780.58,100,541376.0,7.69,704.0,669.0,2025-11-11,2025-12-09,Completed
CAMP-2026-01086,Next-Gen Lakehouse Migration - Q3 2026 [Phase 1],Google Search Ads - Enterprise Intent,Paid Search,Healthcare & Life Sciences Tech Leads,Western Europe,64000.0,318173,10977,3.45,522,122.61,271,76,2629242.32,26,609920.0,9.53,2461.54,853.0,2025-01-20,2025-04-11,Completed
CAMP-2026-01087,Developer Productivity Blitz - Q4 2026 [Phase 2],Virtual Tech Demos & Hands-on Webinars,Owned Events,SMB Growth Tech Founders,North America,61700.0,137074,7731,5.64,1199,51.46,779,361,2625978.28,118,579363.0,9.39,522.88,839.0,2025-12-12,2026-03-01,Completed
CAMP-2026-01088,GenAI Enterprise Copilot Accelerator - Q1 2026 [Phase 3],Tech Podcast Host-Read Sponsorship,Audio & Podcasts,FinTech Chief Information Security Officers (CISO),Middle East,26600.0,196559,5484,2.79,410,64.88,272,89,1065438.59,23,239400.0,9.0,1156.52,800.0,2026-02-07,2026-03-09,Completed
CAMP-2026-01089,Real-Time Telemetry at Scale - Q2 2026 [Phase 1],Regional Strategic Partner Co-Marketing,Partner Co-Op,Enterprise Data Engineering Leads,ANZ,60200.0,95700,4029,4.21,1456,41.35,585,200,2187249.49,38,752500.0,12.5,1584.21,1150.0,2026-02-25,2026-05-25,Completed
CAMP-2026-01090,High-Throughput Streaming Engine - Q3 2026 [Phase 2],Tech Podcast Host-Read Sponsorship,Audio & Podcasts,Cloud Native DevOps & SRE Architects,Middle East,61000.0,131565,4118,3.13,935,65.24,590,271,2742202.29,118,566690.0,9.29,516.95,829.0,2024-07-15,2024-09-17,Completed
CAMP-2026-01091,Edge AI for Smart Robotics - Q4 2026 [Phase 3],Virtual Tech Demos & Hands-on Webinars,Owned Events,Enterprise Data Engineering Leads,Middle East,65300.0,69295,4033,5.82,778,83.93,541,218,3307236.15,62,723524.0,11.08,1053.23,1008.0,2026-01-27,2026-03-30,Completed
CAMP-2026-01092,GenAI Enterprise Copilot Accelerator - Q1 2026 [Phase 1],Gartner & Forrester Summit Sponsorships,Events & Conferences,Fortune 500 CTOs & VP Infrastructure,Middle East,70800.0,305347,4397,1.44,212,333.96,110,30,1813009.51,8,454536.0,6.42,8850.0,542.0,2025-12-02,2025-12-27,Completed
CAMP-2026-01093,Cloud Cost Optimization 40% - Q2 2026 [Phase 2],Virtual Tech Demos & Hands-on Webinars,Owned Events,Fortune 500 CTOs & VP Infrastructure,APAC (Japan/Taiwan/SG),65100.0,84592,4568,5.4,786,82.82,583,151,2086236.69,30,555303.0,8.53,2170.0,753.0,2024-03-28,2024-04-21,Completed
CAMP-2026-01094,Cloud Cost Optimization 40% - Q3 2026 [Phase 3],Technical SEO & Pillar Blog Content,Organic Content,Healthcare & Life Sciences Tech Leads,Latin America,73600.0,351970,16613,4.72,1667,44.15,999,487,7857708.11,145,1871648.0,25.43,507.59,2443.0,2024-12-06,2025-02-01,Completed
CAMP-2026-01095,Developer Productivity Blitz - Q4 2026 [Phase 1],Tech Podcast Host-Read Sponsorship,Audio & Podcasts,Healthcare & Life Sciences Tech Leads,Western Europe,4700.0,22370,604,2.7,55,85.45,40,21,249384.35,6,77127.0,16.41,783.33,1541.0,2024-02-10,2024-04-19,Completed
CAMP-2026-01096,Cloud Cost Optimization 40% - Q1 2026 [Phase 2],Virtual Tech Demos & Hands-on Webinars,Owned Events,Global AI/ML Research Scientists,Middle East,85400.0,95719,5255,5.49,1331,64.16,588,240,3186722.49,82,1175104.0,13.76,1041.46,1276.0,2024-06-06,2024-07-03,Completed
CAMP-2026-01097,Next-Gen Lakehouse Migration - Q2 2026 [Phase 3],Programmatic Account-Based Display (ABM),ABM Display,FinTech Chief Information Security Officers (CISO),APAC (Japan/Taiwan/SG),79100.0,370198,5590,1.51,302,261.92,150,72,1781361.68,26,654948.0,8.28,3042.31,728.0,2026-04-07,2026-05-26,Completed
CAMP-2026-01098,Automated Compliance & SOC2 - Q3 2026 [Phase 1],Developer Hackathons & Open Source Grants,Community,Global AI/ML Research Scientists,Global Multi-Region,50800.0,157024,11981,7.63,1621,31.34,800,200,1503890.44,59,558292.0,10.99,861.02,999.0,2026-06-17,2026-08-05,Active
CAMP-2026-01099,Unified Customer 360 AI - Q4 2026 [Phase 2],Gartner & Forrester Summit Sponsorships,Events & Conferences,Enterprise Data Engineering Leads,Western Europe,19800.0,70844,1594,2.25,56,353.57,40,18,307143.29,3,101178.0,5.11,6600.0,411.0,2025-05-04,2025-06-12,Completed
CAMP-2026-01100,Real-Time Telemetry at Scale - Q1 2026 [Phase 3],Technical SEO & Pillar Blog Content,Organic Content,Healthcare & Life Sciences Tech Leads,North America,25800.0,132194,7350,5.56,966,26.71,548,285,3791549.41,119,761616.0,29.52,216.81,2852.0,2024-07-21,2024-08-11,Completed
CAMP-2026-01101,Next-Gen Lakehouse Migration - Q2 2026 [Phase 1],Executive Newsletter Sponsorships,Sponsored Content,FinTech Chief Information Security Officers (CISO),Middle East,78300.0,146512,7941,5.42,1154,67.85,777,380,2853722.31,125,1066446.0,13.62,626.4,1262.0,2024-10-03,2024-11-14,Completed
CAMP-2026-01102,Automated Compliance & SOC2 - Q3 2026 [Phase 2],Regional Strategic Partner Co-Marketing,Partner Co-Op,FinTech Chief Information Security Officers (CISO),Middle East,30300.0,206676,6965,3.37,436,69.5,285,107,2105664.86,47,579942.0,19.14,644.68,1814.0,2024-05-21,2024-07-04,Completed
CAMP-2026-01103,Developer Productivity Blitz - Q4 2026 [Phase 3],LinkedIn B2B Sponsored Content & InMail,Paid Social,Healthcare & Life Sciences Tech Leads,ANZ,83500.0,354652,6632,1.87,360,231.94,156,56,3735069.25,18,997825.0,11.95,4638.89,1095.0,2026-04-10,2026-05-26,Completed
CAMP-2026-01104,GenAI Enterprise Copilot Accelerator - Q1 2026 [Phase 1],Developer Hackathons & Open Source Grants,Community,Global AI/ML Research Scientists,Global Multi-Region,8900.0,9029,586,6.49,183,48.63,73,27,345682.19,9,105376.0,11.84,988.89,1084.0,2024-08-03,2024-09-15,Completed
CAMP-2026-01105,Next-Gen Lakehouse Migration - Q2 2026 [Phase 2],Executive Newsletter Sponsorships,Sponsored Content,Enterprise Data Engineering Leads,Western Europe,14900.0,24088,872,3.62,183,81.42,80,38,567719.6,15,177012.0,11.88,993.33,1088.0,2025-04-15,2025-05-05,Completed
CAMP-2026-01106,GenAI Enterprise Copilot Accelerator - Q3 2026 [Phase 3],Tech Podcast Host-Read Sponsorship,Audio & Podcasts,Enterprise Data Engineering Leads,ANZ,42500.0,78391,2924,3.73,600,70.83,295,74,2046920.77,25,484500.0,11.4,1700.0,1040.0,2026-03-23,2026-04-26,Completed
CAMP-2026-01107,Unified Customer 360 AI - Q4 2026 [Phase 1],Technical SEO & Pillar Blog Content,Organic Content,Retail E-Commerce Engineering Directors,North America,84800.0,155119,11696,7.54,1919,44.19,950,352,5645777.41,118,1740096.0,20.52,718.64,1952.0,2026-06-02,2026-07-06,Completed
CAMP-2026-01108,Real-Time Telemetry at Scale - Q1 2026 [Phase 2],YouTube Deep-Dive Tech Architecture,Video Marketing,Fortune 500 CTOs & VP Infrastructure,Latin America,52900.0,114334,3350,2.93,571,92.64,311,130,1385387.58,29,505195.0,9.55,1824.14,855.0,2024-12-28,2025-03-21,Completed
CAMP-2026-01109,High-Throughput Streaming Engine - Q2 2026 [Phase 3],Google Search Ads - Enterprise Intent,Paid Search,Enterprise Data Engineering Leads,North America,94200.0,225747,7856,3.48,640,147.19,447,118,2494109.78,46,652806.0,6.93,2047.83,593.0,2025-12-02,2026-02-02,Completed
CAMP-2026-01110,Real-Time Telemetry at Scale - Q3 2026 [Phase 1],Technical SEO & Pillar Blog Content,Organic Content,Fortune 500 CTOs & VP Infrastructure,Western Europe,29800.0,30219,1786,5.91,898,33.18,584,262,3914381.48,105,953004.0,31.98,283.81,3098.0,2024-02-13,2024-03-28,Completed
CAMP-2026-01111,Next-Gen Lakehouse Migration - Q4 2026 [Phase 2],LinkedIn B2B Sponsored Content & InMail,Paid Social,Fortune 500 CTOs & VP Infrastructure,Western Europe,44800.0,434409,11034,2.54,238,188.24,146,63,1713525.77,15,492352.0,10.99,2986.67,999.0,2025-11-13,2026-01-20,Completed
CAMP-2026-01112,Edge AI for Smart Robotics - Q1 2026 [Phase 3],Programmatic Account-Based Display (ABM),ABM Display,FinTech Chief Information Security Officers (CISO),Middle East,21200.0,79786,1492,1.87,82,258.54,34,11,540348.32,4,130804.0,6.17,5300.0,517.0,2024-05-06,2024-06-11,Completed
CAMP-2026-01113,Automated Compliance & SOC2 - Q2 2026 [Phase 1],Tech Podcast Host-Read Sponsorship,Audio & Podcasts,Fortune 500 CTOs & VP Infrastructure,Western Europe,46900.0,285943,10151,3.55,655,71.6,356,90,2637855.46,18,567490.0,12.1,2605.56,1110.0,2026-05-16,2026-06-29,Completed
CAMP-2026-01114,Zero-Trust Perimeter Defense - Q3 2026 [Phase 2],Developer Hackathons & Open Source Grants,Community,SMB Growth Tech Founders,Middle East,39400.0,59393,3724,6.27,914,43.11,561,273,2821229.51,52,664284.0,16.86,757.69,1586.0,2025-10-20,2025-12-26,Completed
CAMP-2026-01115,Kubernetes Multi-Cloud Mesh - Q4 2026 [Phase 3],Virtual Tech Demos & Hands-on Webinars,Owned Events,FinTech Chief Information Security Officers (CISO),Latin America,63000.0,171582,11496,6.7,802,78.55,456,247,1717610.62,73,679140.0,10.78,863.01,978.0,2025-03-03,2025-04-07,Completed
CAMP-2026-01116,Real-Time Telemetry at Scale - Q1 2026 [Phase 1],YouTube Deep-Dive Tech Architecture,Video Marketing,Cloud Native DevOps & SRE Architects,Western Europe,63500.0,147346,3610,2.45,795,79.87,440,237,1620545.54,100,481965.0,7.59,635.0,659.0,2024-12-01,2025-01-26,Completed
CAMP-2026-01117,Edge AI for Smart Robotics - Q2 2026 [Phase 2],Virtual Tech Demos & Hands-on Webinars,Owned Events,Fortune 500 CTOs & VP Infrastructure,Global Multi-Region,25400.0,48433,2102,4.34,344,73.84,219,72,1270253.57,28,287528.0,11.32,907.14,1032.0,2026-05-29,2026-08-21,Active
CAMP-2026-01118,GenAI Enterprise Copilot Accelerator - Q3 2026 [Phase 3],Technical SEO & Pillar Blog Content,Organic Content,Retail E-Commerce Engineering Directors,Latin America,90200.0,71407,5277,7.39,2932,30.76,2102,680,3692494.24,144,1416140.0,15.7,626.39,1470.0,2026-02-03,2026-04-20,Completed
CAMP-2026-01119,GenAI Enterprise Copilot Accelerator - Q4 2026 [Phase 1],Google Search Ads - Enterprise Intent,Paid Search,Cloud Native DevOps & SRE Architects,Middle East,6100.0,58448,2373,4.06,62,98.39,25,9,118260.28,1,41419.0,6.79,6100.0,579.0,2025-06-26,2025-07-13,Completed
CAMP-2026-01120,Real-Time Telemetry at Scale - Q1 2026 [Phase 2],Tech Podcast Host-Read Sponsorship,Audio & Podcasts,FinTech Chief Information Security Officers (CISO),Western Europe,5500.0,13950,512,3.67,68,80.88,50,19,179830.55,5,61105.0,11.11,1100.0,1011.0,2025-01-14,2025-03-16,Completed
CAMP-2026-01121,Unified Customer 360 AI - Q2 2026 [Phase 3],Virtual Tech Demos & Hands-on Webinars,Owned Events,Fortune 500 CTOs & VP Infrastructure,Global Multi-Region,11100.0,12661,647,5.11,202,54.95,90,41,458996.99,11,102231.0,9.21,1009.09,821.0,2025-11-12,2026-02-01,Completed
CAMP-2026-01122,Edge AI for Smart Robotics - Q3 2026 [Phase 1],Gartner & Forrester Summit Sponsorships,Events & Conferences,Global AI/ML Research Scientists,Middle East,65700.0,207231,5015,2.42,166,395.78,68,34,2095396.58,10,446103.0,6.79,6570.0,579.0,2025-07-17,2025-09-13,Completed
CAMP-2026-01123,Cloud Cost Optimization 40% - Q4 2026 [Phase 2],LinkedIn B2B Sponsored Content & InMail,Paid Social,Enterprise Data Engineering Leads,North America,63600.0,150586,4111,2.73,411,154.74,238,75,3557045.12,17,713592.0,11.22,3741.18,1022.0,2025-12-01,2026-01-08,Completed
CAMP-2026-01124,GenAI Enterprise Copilot Accelerator - Q1 2026 [Phase 3],Developer Hackathons & Open Source Grants,Community,SMB Growth Tech Founders,Latin America,85200.0,175228,13808,7.88,1816,46.92,1106,556,5044792.6,160,1922112.0,22.56,532.5,2156.0,2024-11-10,2024-12-14,Completed
CAMP-2026-01125,Zero-Trust Perimeter Defense - Q2 2026 [Phase 1],Tech Podcast Host-Read Sponsorship,Audio & Podcasts,Cloud Native DevOps & SRE Architects,Global Multi-Region,70700.0,262500,6720,2.56,879,80.43,590,225,2953953.43,42,1128372.0,15.96,1683.33,1496.0,2024-08-11,2024-08-26,Completed
CAMP-2026-01126,Kubernetes Multi-Cloud Mesh - Q3 2026 [Phase 2],YouTube Deep-Dive Tech Architecture,Video Marketing,SMB Growth Tech Founders,APAC (Japan/Taiwan/SG),21300.0,49385,1526,3.09,229,93.01,129,32,890566.54,8,200007.0,9.39,2662.5,839.0,2024-09-15,2024-12-09,Completed
CAMP-2026-01127,GenAI Enterprise Copilot Accelerator - Q4 2026 [Phase 3],Gartner & Forrester Summit Sponsorships,Events & Conferences,FinTech Chief Information Security Officers (CISO),North America,6100.0,18888,374,1.98,15,406.67,6,2,123828.12,1,42090.0,6.9,6100.0,590.0,2024-02-01,2024-03-20,Completed
CAMP-2026-01128,Zero-Trust Perimeter Defense - Q1 2026 [Phase 1],Programmatic Account-Based Display (ABM),ABM Display,Healthcare & Life Sciences Tech Leads,APAC (Japan/Taiwan/SG),37300.0,149086,2773,1.86,154,242.21,112,52,702969.5,14,237974.0,6.38,2664.29,538.0,2024-10-20,2024-12-02,Completed
CAMP-2026-01129,High-Throughput Streaming Engine - Q2 2026 [Phase 2],Gartner & Forrester Summit Sponsorships,Events & Conferences,Fortune 500 CTOs & VP Infrastructure,APAC (Japan/Taiwan/SG),34500.0,146047,2439,1.67,117,294.87,63,17,1477381.61,6,317400.0,9.2,5750.0,820.0,2025-05-09,2025-07-26,Completed
CAMP-2026-01130,Developer Productivity Blitz - Q3 2026 [Phase 3],Virtual Tech Demos & Hands-on Webinars,Owned Events,Global AI/ML Research Scientists,ANZ,34600.0,82335,5747,6.98,410,84.39,305,86,1119608.05,27,404474.0,11.69,1281.48,1069.0,2025-07-25,2025-08-20,Completed
CAMP-2026-01131,Automated Compliance & SOC2 - Q4 2026 [Phase 1],Google Search Ads - Enterprise Intent,Paid Search,Fortune 500 CTOs & VP Infrastructure,Western Europe,90100.0,333344,9667,2.9,593,151.94,296,128,3941903.18,45,960466.0,10.66,2002.22,966.0,2024-09-11,2024-11-06,Completed
CAMP-2026-01132,Next-Gen Lakehouse Migration - Q1 2026 [Phase 2],Virtual Tech Demos & Hands-on Webinars,Owned Events,SMB Growth Tech Founders,Western Europe,82600.0,143297,7996,5.58,1657,49.85,1062,321,2351385.04,143,844998.0,10.23,577.62,923.0,2026-04-12,2026-07-08,Completed
CAMP-2026-01133,Edge AI for Smart Robotics - Q2 2026 [Phase 3],Virtual Tech Demos & Hands-on Webinars,Owned Events,Fortune 500 CTOs & VP Infrastructure,Western Europe,68300.0,493646,23152,4.69,1210,56.45,786,200,3338339.98,85,831894.0,12.18,803.53,1118.0,2025-04-27,2025-06-14,Completed
CAMP-2026-01134,High-Throughput Streaming Engine - Q3 2026 [Phase 1],YouTube Deep-Dive Tech Architecture,Video Marketing,SMB Growth Tech Founders,Latin America,12100.0,22049,710,3.22,131,92.37,68,36,271687.36,14,77440.0,6.4,864.29,540.0,2025-11-11,2026-01-02,Completed
CAMP-2026-01135,Automated Compliance & SOC2 - Q4 2026 [Phase 2],Regional Strategic Partner Co-Marketing,Partner Co-Op,SMB Growth Tech Founders,Western Europe,11100.0,32336,1038,3.21,253,43.87,114,54,352275.98,21,125097.0,11.27,528.57,1027.0,2024-12-18,2025-01-20,Completed
CAMP-2026-01136,Kubernetes Multi-Cloud Mesh - Q1 2026 [Phase 3],Virtual Tech Demos & Hands-on Webinars,Owned Events,Cloud Native DevOps & SRE Architects,Western Europe,84500.0,297623,12649,4.25,1192,70.89,841,412,3407313.3,112,1030055.0,12.19,754.46,1119.0,2024-10-04,2024-11-18,Completed
CAMP-2026-01137,Cloud Cost Optimization 40% - Q2 2026 [Phase 1],LinkedIn B2B Sponsored Content & InMail,Paid Social,Fortune 500 CTOs & VP Infrastructure,ANZ,57500.0,706700,13922,1.97,360,159.72,209,114,1251127.9,40,470925.0,8.19,1437.5,719.0,2024-10-06,2024-12-15,Completed
CAMP-2026-01138,GenAI Enterprise Copilot Accelerator - Q3 2026 [Phase 2],Google Search Ads - Enterprise Intent,Paid Search,SMB Growth Tech Founders,North America,80900.0,291749,11174,3.83,534,151.5,349,109,4436172.27,39,910934.0,11.26,2074.36,1026.0,2024-09-29,2024-11-10,Completed
CAMP-2026-01139,Zero-Trust Perimeter Defense - Q4 2026 [Phase 3],Developer Hackathons & Open Source Grants,Community,Retail E-Commerce Engineering Directors,Middle East,23100.0,87189,5833,6.69,574,40.24,242,75,1281442.66,23,392700.0,17.0,1004.35,1600.0,2026-04-19,2026-07-05,Completed
CAMP-2026-01140,Kubernetes Multi-Cloud Mesh - Q1 2026 [Phase 1],Technical SEO & Pillar Blog Content,Organic Content,SMB Growth Tech Founders,North America,61500.0,169489,7966,4.7,2259,27.22,1339,611,5314849.89,167,1215855.0,19.77,368.26,1877.0,2024-08-29,2024-11-25,Completed
CAMP-2026-01141,Real-Time Telemetry at Scale - Q2 2026 [Phase 2],Technical SEO & Pillar Blog Content,Organic Content,Global AI/ML Research Scientists,APAC (Japan/Taiwan/SG),54600.0,173625,8907,5.13,1612,33.87,683,307,4263598.83,106,858858.0,15.73,515.09,1473.0,2025-09-27,2025-10-29,Completed
CAMP-2026-01142,Kubernetes Multi-Cloud Mesh - Q3 2026 [Phase 3],Regional Strategic Partner Co-Marketing,Partner Co-Op,Healthcare & Life Sciences Tech Leads,Middle East,43600.0,285766,9316,3.26,722,60.39,395,207,2366127.66,88,490064.0,11.24,495.45,1024.0,2025-08-06,2025-09-04,Completed
CAMP-2026-01143,Quantum-Safe Cryptography Suite - Q4 2026 [Phase 1],Google Search Ads - Enterprise Intent,Paid Search,FinTech Chief Information Security Officers (CISO),Global Multi-Region,68300.0,408188,11715,2.87,475,143.79,335,134,1604343.57,56,556645.0,8.15,1219.64,715.0,2025-06-18,2025-07-18,Completed
CAMP-2026-01144,GenAI Enterprise Copilot Accelerator - Q1 2026 [Phase 2],YouTube Deep-Dive Tech Architecture,Video Marketing,Cloud Native DevOps & SRE Architects,North America,29800.0,52396,1771,3.38,405,73.58,235,69,935762.06,25,271776.0,9.12,1192.0,812.0,2025-12-18,2026-01-22,Completed
CAMP-2026-01145,Automated Compliance & SOC2 - Q2 2026 [Phase 3],YouTube Deep-Dive Tech Architecture,Video Marketing,FinTech Chief Information Security Officers (CISO),Middle East,75100.0,680376,19867,2.92,849,88.46,476,135,2769394.25,49,695426.0,9.26,1532.65,826.0,2024-11-14,2025-01-10,Completed
CAMP-2026-01146,Next-Gen Lakehouse Migration - Q3 2026 [Phase 1],Executive Newsletter Sponsorships,Sponsored Content,SMB Growth Tech Founders,APAC (Japan/Taiwan/SG),93200.0,200817,9820,4.89,1001,93.11,406,135,4406144.8,30,1303868.0,13.99,3106.67,1299.0,2025-03-21,2025-05-29,Completed
CAMP-2026-01147,GenAI Enterprise Copilot Accelerator - Q4 2026 [Phase 2],Technical SEO & Pillar Blog Content,Organic Content,Enterprise Data Engineering Leads,Western Europe,14100.0,22958,1591,6.93,393,35.88,274,101,1180145.69,29,238290.0,16.9,486.21,1590.0,2024-11-14,2024-12-06,Completed
CAMP-2026-01148,Cloud Cost Optimization 40% - Q1 2026 [Phase 3],LinkedIn B2B Sponsored Content & InMail,Paid Social,Global AI/ML Research Scientists,APAC (Japan/Taiwan/SG),88100.0,583444,17445,2.99,407,216.46,282,76,1399724.64,17,547982.0,6.22,5182.35,522.0,2024-09-15,2024-09-29,Completed
CAMP-2026-01149,Edge AI for Smart Robotics - Q2 2026 [Phase 1],Programmatic Account-Based Display (ABM),ABM Display,Global AI/ML Research Scientists,Western Europe,49700.0,276583,4453,1.61,223,222.87,103,32,820545.67,9,210728.0,4.24,5522.22,324.0,2024-01-18,2024-03-08,Completed
CAMP-2026-01150,Cloud Cost Optimization 40% - Q3 2026 [Phase 2],Virtual Tech Demos & Hands-on Webinars,Owned Events,SMB Growth Tech Founders,North America,30800.0,152570,7064,4.63,384,80.21,275,135,836853.2,52,263032.0,8.54,592.31,754.0,2025-12-29,2026-02-19,Completed
CAMP-2026-01151,Automated Compliance & SOC2 - Q4 2026 [Phase 3],Programmatic Account-Based Display (ABM),ABM Display,Enterprise Data Engineering Leads,Latin America,87800.0,545999,7371,1.35,366,239.89,148,54,2526842.1,11,524166.0,5.97,7981.82,497.0,2024-06-27,2024-07-28,Completed
CAMP-2026-01152,Kubernetes Multi-Cloud Mesh - Q1 2026 [Phase 1],YouTube Deep-Dive Tech Architecture,Video Marketing,Global AI/ML Research Scientists,APAC (Japan/Taiwan/SG),4900.0,30511,775,2.54,58,84.48,32,10,114798.89,2,31262.0,6.38,2450.0,538.0,2024-12-22,2025-02-15,Completed
CAMP-2026-01153,Edge AI for Smart Robotics - Q2 2026 [Phase 2],Executive Newsletter Sponsorships,Sponsored Content,SMB Growth Tech Founders,APAC (Japan/Taiwan/SG),14500.0,23768,1110,4.67,179,81.01,74,26,704792.2,7,183135.0,12.63,2071.43,1163.0,2025-02-13,2025-04-30,Completed
CAMP-2026-01154,Zero-Trust Perimeter Defense - Q3 2026 [Phase 3],Tech Podcast Host-Read Sponsorship,Audio & Podcasts,Healthcare & Life Sciences Tech Leads,Global Multi-Region,54100.0,526176,21468,4.08,842,64.25,409,173,3560423.34,50,754695.0,13.95,1082.0,1295.0,2024-11-10,2024-12-03,Completed
CAMP-2026-01155,Zero-Trust Perimeter Defense - Q4 2026 [Phase 1],LinkedIn B2B Sponsored Content & InMail,Paid Social,Enterprise Data Engineering Leads,Western Europe,89400.0,250980,7680,3.06,654,136.7,401,186,2035110.06,43,807282.0,9.03,2079.07,803.0,2026-02-10,2026-04-02,Completed
CAMP-2026-01156,Quantum-Safe Cryptography Suite - Q1 2026 [Phase 2],Tech Podcast Host-Read Sponsorship,Audio & Podcasts,Cloud Native DevOps & SRE Architects,ANZ,8500.0,11626,479,4.12,92,92.39,49,24,288047.85,5,89420.0,10.52,1700.0,952.0,2024-05-11,2024-07-20,Completed
CAMP-2026-01157,Unified Customer 360 AI - Q2 2026 [Phase 3],Executive Newsletter Sponsorships,Sponsored Content,Fortune 500 CTOs & VP Infrastructure,Global Multi-Region,22200.0,45683,2540,5.56,235,94.47,152,59,1117582.85,21,345432.0,15.56,1057.14,1456.0,2025-09-01,2025-10-28,Completed
CAMP-2026-01158,Real-Time Telemetry at Scale - Q3 2026 [Phase 1],Tech Podcast Host-Read Sponsorship,Audio & Podcasts,Healthcare & Life Sciences Tech Leads,North America,49700.0,101146,2822,2.79,832,59.74,577,144,1890575.7,30,681884.0,13.72,1656.67,1272.0,2025-02-15,2025-03-08,Completed
CAMP-2026-01159,Edge AI for Smart Robotics - Q4 2026 [Phase 2],Executive Newsletter Sponsorships,Sponsored Content,Healthcare & Life Sciences Tech Leads,APAC (Japan/Taiwan/SG),70400.0,214895,11282,5.25,696,101.15,471,139,2928433.48,57,650496.0,9.24,1235.09,824.0,2026-05-21,2026-08-09,Active
CAMP-2026-01160,Automated Compliance & SOC2 - Q1 2026 [Phase 3],YouTube Deep-Dive Tech Architecture,Video Marketing,Cloud Native DevOps & SRE Architects,Global Multi-Region,87800.0,175641,5480,3.12,905,97.02,386,161,1469328.35,37,580358.0,6.61,2372.97,561.0,2024-01-09,2024-03-19,Completed
CAMP-2026-01161,Edge AI for Smart Robotics - Q2 2026 [Phase 1],Developer Hackathons & Open Source Grants,Community,Cloud Native DevOps & SRE Architects,Latin America,65700.0,80120,5961,7.44,1271,51.69,787,291,5995867.22,54,1309401.0,19.93,1216.67,1893.0,2024-12-21,2025-02-05,Completed
CAMP-2026-01162,High-Throughput Streaming Engine - Q3 2026 [Phase 2],Tech Podcast Host-Read Sponsorship,Audio & Podcasts,Healthcare & Life Sciences Tech Leads,APAC (Japan/Taiwan/SG),6700.0,17115,623,3.64,74,90.54,42,18,212296.1,8,60434.0,9.02,837.5,802.0,2024-08-24,2024-09-18,Completed
CAMP-2026-01163,Automated Compliance & SOC2 - Q4 2026 [Phase 3],Technical SEO & Pillar Blog Content,Organic Content,Healthcare & Life Sciences Tech Leads,North America,82400.0,133147,8841,6.64,2422,34.02,1001,459,6434455.06,150,1722160.0,20.9,549.33,1990.0,2025-06-08,2025-08-25,Completed
CAMP-2026-01164,High-Throughput Streaming Engine - Q1 2026 [Phase 1],Virtual Tech Demos & Hands-on Webinars,Owned Events,SMB Growth Tech Founders,Western Europe,53600.0,110148,5188,4.71,870,61.61,603,246,1644233.44,54,560656.0,10.46,992.59,946.0,2024-06-03,2024-08-18,Completed
CAMP-2026-01165,Edge AI for Smart Robotics - Q2 2026 [Phase 2],Google Search Ads - Enterprise Intent,Paid Search,Fortune 500 CTOs & VP Infrastructure,Western Europe,74700.0,273306,6778,2.48,550,135.82,349,170,3556124.39,66,814230.0,10.9,1131.82,990.0,2024-08-02,2024-08-20,Completed
CAMP-2026-01166,Cloud Cost Optimization 40% - Q3 2026 [Phase 3],Virtual Tech Demos & Hands-on Webinars,Owned Events,Healthcare & Life Sciences Tech Leads,APAC (Japan/Taiwan/SG),61300.0,91052,5363,5.89,1031,59.46,515,151,2377156.25,40,841649.0,13.73,1532.5,1273.0,2025-06-02,2025-08-12,Completed
CAMP-2026-01167,Zero-Trust Perimeter Defense - Q4 2026 [Phase 1],Technical SEO & Pillar Blog Content,Organic Content,Global AI/ML Research Scientists,Middle East,31800.0,150527,10853,7.21,868,36.64,362,122,1551180.52,39,555864.0,17.48,815.38,1648.0,2025-09-16,2025-12-09,Completed
CAMP-2026-01168,Next-Gen Lakehouse Migration - Q1 2026 [Phase 2],Regional Strategic Partner Co-Marketing,Partner Co-Op,Enterprise Data Engineering Leads,Western Europe,81500.0,147922,5340,3.61,1697,48.03,1228,374,3996784.81,71,825595.0,10.13,1147.89,913.0,2024-06-14,2024-08-24,Completed
CAMP-2026-01169,Real-Time Telemetry at Scale - Q2 2026 [Phase 3],Regional Strategic Partner Co-Marketing,Partner Co-Op,FinTech Chief Information Security Officers (CISO),Middle East,21800.0,113305,5382,4.75,408,53.43,196,76,1544518.81,28,326346.0,14.97,778.57,1397.0,2025-04-04,2025-04-21,Completed
CAMP-2026-01170,GenAI Enterprise Copilot Accelerator - Q3 2026 [Phase 1],Technical SEO & Pillar Blog Content,Organic Content,SMB Growth Tech Founders,North America,49500.0,181833,13983,7.69,1328,37.27,651,310,3641691.17,82,1387980.0,28.04,603.66,2704.0,2024-10-28,2024-11-16,Completed
CAMP-2026-01171,Edge AI for Smart Robotics - Q4 2026 [Phase 2],Google Search Ads - Enterprise Intent,Paid Search,FinTech Chief Information Security Officers (CISO),APAC (Japan/Taiwan/SG),78600.0,605846,26112,4.31,552,142.39,362,128,1567539.13,25,621726.0,7.91,3144.0,691.0,2025-05-27,2025-08-10,Completed
CAMP-2026-01172,Zero-Trust Perimeter Defense - Q1 2026 [Phase 3],Technical SEO & Pillar Blog Content,Organic Content,SMB Growth Tech Founders,Western Europe,53700.0,51268,3194,6.23,1230,43.66,863,414,6869827.83,170,1631943.0,30.39,315.88,2939.0,2025-09-27,2025-12-10,Completed
CAMP-2026-01173,Edge AI for Smart Robotics - Q2 2026 [Phase 1],Gartner & Forrester Summit Sponsorships,Events & Conferences,SMB Growth Tech Founders,Western Europe,47700.0,582193,11411,1.96,114,418.42,72,21,1405102.61,4,319113.0,6.69,11925.0,569.0,2025-12-19,2026-03-19,Completed
CAMP-2026-01174,Zero-Trust Perimeter Defense - Q3 2026 [Phase 2],Executive Newsletter Sponsorships,Sponsored Content,Healthcare & Life Sciences Tech Leads,ANZ,62100.0,133402,4509,3.38,630,98.57,456,183,2385806.02,40,761967.0,12.27,1552.5,1127.0,2024-01-13,2024-02-03,Completed
CAMP-2026-01175,Quantum-Safe Cryptography Suite - Q4 2026 [Phase 3],LinkedIn B2B Sponsored Content & InMail,Paid Social,Global AI/ML Research Scientists,APAC (Japan/Taiwan/SG),43200.0,152307,2772,1.82,266,162.41,139,76,897810.17,17,309312.0,7.16,2541.18,616.0,2024-10-02,2024-11-08,Completed
CAMP-2026-01176,Developer Productivity Blitz - Q1 2026 [Phase 1],Virtual Tech Demos & Hands-on Webinars,Owned Events,FinTech Chief Information Security Officers (CISO),ANZ,32000.0,42251,2721,6.44,517,61.9,250,122,1769489.37,40,442880.0,13.84,800.0,1284.0,2025-06-24,2025-09-09,Completed
CAMP-2026-01177,Unified Customer 360 AI - Q2 2026 [Phase 2],Tech Podcast Host-Read Sponsorship,Audio & Podcasts,SMB Growth Tech Founders,Latin America,83000.0,696666,19437,2.79,933,88.96,463,122,4288324.41,51,1320530.0,15.91,1627.45,1491.0,2024-10-19,2024-12-02,Completed
CAMP-2026-01178,Unified Customer 360 AI - Q3 2026 [Phase 3],Google Search Ads - Enterprise Intent,Paid Search,SMB Growth Tech Founders,ANZ,62900.0,155855,5829,3.74,640,98.28,455,195,2579542.62,85,560439.0,8.91,740.0,791.0,2024-08-11,2024-10-31,Completed
CAMP-2026-01179,Real-Time Telemetry at Scale - Q4 2026 [Phase 1],Tech Podcast Host-Read Sponsorship,Audio & Podcasts,Fortune 500 CTOs & VP Infrastructure,North America,53800.0,340689,14820,4.35,773,69.6,420,146,1242183.07,48,416412.0,7.74,1120.83,674.0,2025-10-09,2025-10-24,Completed
CAMP-2026-01180,Quantum-Safe Cryptography Suite - Q1 2026 [Phase 2],Developer Hackathons & Open Source Grants,Community,Retail E-Commerce Engineering Directors,Latin America,87000.0,513456,26443,5.15,2801,31.06,1931,815,5004949.93,176,1612110.0,18.53,494.32,1753.0,2026-03-14,2026-05-06,Completed
CAMP-2026-01181,Automated Compliance & SOC2 - Q2 2026 [Phase 3],Executive Newsletter Sponsorships,Sponsored Content,Healthcare & Life Sciences Tech Leads,North America,86500.0,158835,5591,3.52,1058,81.76,641,315,7089561.57,128,1522400.0,17.6,675.78,1660.0,2026-04-19,2026-05-20,Completed
CAMP-2026-01182,Real-Time Telemetry at Scale - Q3 2026 [Phase 1],Technical SEO & Pillar Blog Content,Organic Content,Fortune 500 CTOs & VP Infrastructure,Global Multi-Region,27700.0,27729,1783,6.43,754,36.74,352,109,2400119.66,46,819643.0,29.59,602.17,2859.0,2025-04-22,2025-06-27,Completed
CAMP-2026-01183,Zero-Trust Perimeter Defense - Q4 2026 [Phase 2],Developer Hackathons & Open Source Grants,Community,Fortune 500 CTOs & VP Infrastructure,Latin America,48600.0,67882,4969,7.32,1442,33.7,1076,435,4186344.68,108,1118286.0,23.01,450.0,2201.0,2025-07-20,2025-10-01,Completed
CAMP-2026-01184,Next-Gen Lakehouse Migration - Q1 2026 [Phase 3],Executive Newsletter Sponsorships,Sponsored Content,Healthcare & Life Sciences Tech Leads,Middle East,49100.0,82197,4488,5.46,694,70.75,344,96,1283735.4,35,425206.0,8.66,1402.86,766.0,2024-08-22,2024-10-13,Completed
CAMP-2026-01185,Real-Time Telemetry at Scale - Q2 2026 [Phase 1],Executive Newsletter Sponsorships,Sponsored Content,Fortune 500 CTOs & VP Infrastructure,APAC (Japan/Taiwan/SG),86100.0,152033,9198,6.05,925,93.08,582,224,4062600.74,82,1096914.0,12.74,1050.0,1174.0,2025-04-09,2025-06-16,Completed
CAMP-2026-01186,Edge AI for Smart Robotics - Q3 2026 [Phase 2],Technical SEO & Pillar Blog Content,Organic Content,SMB Growth Tech Founders,Western Europe,93900.0,262549,11946,4.55,2159,43.49,1483,411,7245007.15,167,2292099.0,24.41,562.28,2341.0,2025-10-19,2026-01-17,Completed
CAMP-2026-01187,Real-Time Telemetry at Scale - Q4 2026 [Phase 3],Technical SEO & Pillar Blog Content,Organic Content,Retail E-Commerce Engineering Directors,ANZ,84900.0,390505,28585,7.32,2865,29.63,2019,661,9759300.73,253,2007036.0,23.64,335.57,2264.0,2025-12-21,2026-02-12,Completed
CAMP-2026-01188,Unified Customer 360 AI - Q1 2026 [Phase 1],Regional Strategic Partner Co-Marketing,Partner Co-Op,Retail E-Commerce Engineering Directors,Latin America,78800.0,158250,5064,3.2,1136,69.37,802,321,6988703.53,138,1585456.0,20.12,571.01,1912.0,2024-12-09,2025-02-17,Completed
CAMP-2026-01189,Cloud Cost Optimization 40% - Q2 2026 [Phase 2],Technical SEO & Pillar Blog Content,Organic Content,Healthcare & Life Sciences Tech Leads,Latin America,16100.0,27354,1603,5.86,396,40.66,250,91,999241.53,24,288512.0,17.92,670.83,1692.0,2026-01-20,2026-02-24,Completed
CAMP-2026-01190,Automated Compliance & SOC2 - Q3 2026 [Phase 3],YouTube Deep-Dive Tech Architecture,Video Marketing,Cloud Native DevOps & SRE Architects,Western Europe,43800.0,203883,4567,2.24,375,116.8,181,51,1403515.73,17,375366.0,8.57,2576.47,757.0,2024-09-01,2024-09-22,Completed
CAMP-2026-01191,Quantum-Safe Cryptography Suite - Q4 2026 [Phase 1],Developer Hackathons & Open Source Grants,Community,Global AI/ML Research Scientists,APAC (Japan/Taiwan/SG),77600.0,104890,5748,5.48,1979,39.21,1047,497,2339308.37,135,890072.0,11.47,574.81,1047.0,2024-06-09,2024-08-11,Completed
CAMP-2026-01192,Kubernetes Multi-Cloud Mesh - Q1 2026 [Phase 2],Regional Strategic Partner Co-Marketing,Partner Co-Op,Retail E-Commerce Engineering Directors,North America,29100.0,66487,2839,4.27,572,50.87,396,118,1663005.59,38,337560.0,11.6,765.79,1060.0,2026-06-02,2026-07-26,Completed
CAMP-2026-01193,GenAI Enterprise Copilot Accelerator - Q2 2026 [Phase 3],Virtual Tech Demos & Hands-on Webinars,Owned Events,Fortune 500 CTOs & VP Infrastructure,APAC (Japan/Taiwan/SG),28400.0,48642,2544,5.23,559,50.81,225,101,1443083.86,18,293656.0,10.34,1577.78,934.0,2024-03-06,2024-06-01,Completed
CAMP-2026-01194,Cloud Cost Optimization 40% - Q3 2026 [Phase 1],LinkedIn B2B Sponsored Content & InMail,Paid Social,Cloud Native DevOps & SRE Architects,Latin America,26200.0,74009,1569,2.12,180,145.56,74,24,962442.9,7,241564.0,9.22,3742.86,822.0,2026-05-02,2026-07-27,Completed
CAMP-2026-01195,Unified Customer 360 AI - Q4 2026 [Phase 2],Virtual Tech Demos & Hands-on Webinars,Owned Events,SMB Growth Tech Founders,Middle East,2700.0,6557,320,4.88,42,64.29,24,9,158602.89,3,35910.0,13.3,900.0,1230.0,2024-01-07,2024-03-30,Completed
CAMP-2026-01196,Unified Customer 360 AI - Q1 2026 [Phase 3],Regional Strategic Partner Co-Marketing,Partner Co-Op,Healthcare & Life Sciences Tech Leads,APAC (Japan/Taiwan/SG),25500.0,42230,1761,4.17,590,43.22,412,201,1357460.03,65,348840.0,13.68,392.31,1268.0,2024-12-22,2025-02-04,Completed
CAMP-2026-01197,Automated Compliance & SOC2 - Q2 2026 [Phase 1],Technical SEO & Pillar Blog Content,Organic Content,Enterprise Data Engineering Leads,Global Multi-Region,59400.0,111293,6366,5.72,1711,34.72,991,323,6286968.23,71,1498068.0,25.22,836.62,2422.0,2026-01-21,2026-03-29,Completed
CAMP-2026-01198,Next-Gen Lakehouse Migration - Q3 2026 [Phase 2],Technical SEO & Pillar Blog Content,Organic Content,Enterprise Data Engineering Leads,Global Multi-Region,55900.0,232961,15026,6.45,1372,40.74,622,175,3794365.88,39,900549.0,16.11,1433.33,1511.0,2025-10-11,2025-11-08,Completed
CAMP-2026-01199,Quantum-Safe Cryptography Suite - Q4 2026 [Phase 3],LinkedIn B2B Sponsored Content & InMail,Paid Social,FinTech Chief Information Security Officers (CISO),APAC (Japan/Taiwan/SG),28200.0,153661,4533,2.95,171,164.91,81,25,756301.37,8,187812.0,6.66,3525.0,566.0,2024-08-12,2024-09-04,Completed
CAMP-2026-01200,Real-Time Telemetry at Scale - Q1 2026 [Phase 1],LinkedIn B2B Sponsored Content & InMail,Paid Social,Healthcare & Life Sciences Tech Leads,Latin America,84500.0,365229,9569,2.62,523,161.57,338,128,2007126.73,52,632060.0,7.48,1625.0,648.0,2024-11-22,2025-02-18,Completed
