ticker,trading_date,open_price,high_price,low_price,close_price,adj_close_price,volume,daily_return_pct,trading_value_usd,year_month,ma_50,volatility_30d
AAPL,2023-01-03,173.21,174.34,172.12,173.69,173.69,21627929,-0.75,3756554988.01,2023-01,173.69,
AAPL,2023-01-04,173.54,175.6,171.42,172.99,172.99,15688216,-0.4,2713904485.84,2023-01,173.34,0.25
AAPL,2023-01-05,173.72,175.3,172.74,174.0,174.0,7880224,0.58,1371158976.0,2023-01,173.56,0.69
AAPL,2023-01-06,171.78,173.34,170.77,172.06,172.06,10428299,-1.11,1794293125.94,2023-01,173.18,0.73
AAPL,2023-01-09,173.12,175.4,172.22,172.68,172.68,18496262,0.36,3193934522.16,2023-01,173.08,0.72
AAPL,2023-01-10,177.06,178.67,175.25,177.37,177.37,13650323,2.71,2421157790.51,2023-01,173.8,1.37
AAPL,2023-01-11,180.02,182.26,176.81,179.34,179.34,12501843,1.11,2242080523.62,2023-01,174.59,1.3
AAPL,2023-01-12,185.87,187.71,182.79,185.49,185.49,21561082,3.43,3999365100.18,2023-01,175.95,1.62
AAPL,2023-01-13,182.92,183.28,180.58,182.07,182.07,19437266,-1.84,3538943020.62,2023-01,176.63,1.74
AAPL,2023-01-16,181.68,185.15,180.04,182.46,182.46,47491638,0.21,8665324269.48,2023-01,177.22,1.64
AAPL,2023-01-17,184.85,185.35,181.97,184.55,184.55,26075842,1.14,4812296641.1,2023-01,177.88,1.57
AAPL,2023-01-18,182.59,183.99,180.89,182.01,182.01,14439318,-1.38,2628100269.18,2023-01,178.23,1.6
AAPL,2023-01-19,186.53,187.17,184.38,186.87,186.87,12710687,2.67,2375246079.69,2023-01,178.89,1.66
AAPL,2023-01-20,185.22,188.18,183.3,185.92,185.92,10121818,-0.51,1881848402.56,2023-01,179.39,1.62
AAPL,2023-01-23,184.0,184.51,182.92,184.08,184.08,9328891,-0.99,1717262255.28,2023-01,179.71,1.6
AAPL,2023-01-24,188.37,190.02,186.9,188.17,188.17,8193368,2.22,1541746056.56,2023-01,180.23,1.62
AAPL,2023-01-25,185.63,186.89,183.96,186.42,186.42,13029910,-0.93,2429035822.2,2023-01,180.6,1.6
AAPL,2023-01-26,182.18,183.27,181.56,181.95,181.95,18022103,-2.4,3279121640.85,2023-01,180.67,1.69
AAPL,2023-01-27,174.64,176.08,172.67,175.36,175.36,27263800,-3.62,4780979968.0,2023-01,180.39,1.86
AAPL,2023-01-30,173.99,175.23,172.61,173.19,173.19,7903379,-1.24,1368786209.01,2023-01,180.03,1.83
AAPL,2023-01-31,179.49,181.02,177.71,179.05,179.05,36025072,3.38,6450289141.6,2023-01,180.3,1.98
AAPL,2023-02-01,178.77,179.94,175.76,178.11,178.11,17116594,-0.52,3048636557.34,2023-02,180.56,1.98
AAPL,2023-02-02,179.17,179.89,176.42,178.31,178.31,11571402,0.11,2063296690.62,2023-02,180.77,1.98
AAPL,2023-02-03,182.41,183.37,179.37,181.85,181.85,5957847,1.99,1083434476.95,2023-02,181.26,1.99
AAPL,2023-02-06,182.32,183.48,181.25,181.65,181.65,37839274,-0.11,6873504122.1,2023-02,181.71,2.0
AAPL,2023-02-07,177.13,179.74,174.26,176.81,176.81,45585760,-2.66,8060018225.6,2023-02,181.68,2.01
AAPL,2023-02-08,177.37,179.55,174.98,177.1,177.1,28199281,0.16,4994092665.1,2023-02,181.57,2.0
AAPL,2023-02-09,176.55,176.89,175.72,176.03,176.03,13275637,-0.6,2336910381.11,2023-02,181.1,1.82
AAPL,2023-02-10,176.5,176.89,174.58,175.85,175.85,35588114,-0.1,6258169846.9,2023-02,180.79,1.78
AAPL,2023-02-13,175.68,176.6,172.65,175.11,175.11,7199271,-0.42,1260664344.81,2023-02,180.42,1.78
AAPL,2023-02-14,172.19,172.43,170.4,171.93,171.93,12562999,-1.82,2159956418.07,2023-02,179.79,1.79
AAPL,2023-02-15,167.76,168.85,166.48,168.11,168.11,25141673,-2.22,4226566648.03,2023-02,179.09,1.82
AAPL,2023-02-16,176.53,178.29,174.66,176.14,176.14,15450844,4.78,2721511662.16,2023-02,178.56,2.06
AAPL,2023-02-17,177.58,179.06,174.71,177.11,177.11,12051811,0.55,2134496246.21,2023-02,178.12,2.06
AAPL,2023-02-20,176.87,179.05,174.47,177.6,177.6,18662359,0.28,3314434958.4,2023-02,177.79,2.06
AAPL,2023-02-21,181.54,183.61,179.92,181.55,181.55,12639313,2.22,2294667275.15,2023-02,177.46,2.06
AAPL,2023-02-22,182.76,183.86,181.82,183.35,183.35,12720494,0.99,2332302574.9,2023-02,177.31,2.07
AAPL,2023-02-23,186.42,188.26,183.44,185.8,185.8,29679231,1.33,5514401119.8,2023-02,177.5,2.01
AAPL,2023-02-24,181.94,182.8,181.59,181.84,181.84,19270250,-2.13,3504102260.0,2023-02,177.82,1.89
AAPL,2023-02-27,181.62,183.97,180.02,180.87,180.87,22499251,-0.54,4069439528.37,2023-02,178.21,1.87
AAPL,2023-02-28,176.41,179.07,175.21,176.49,176.49,16822046,-2.42,2968922898.54,2023-02,178.08,1.8
AAPL,2023-03-01,177.02,178.2,174.17,176.54,176.54,16936796,0.03,2990021965.84,2023-03,178.0,1.8
AAPL,2023-03-02,178.41,180.91,176.44,178.82,178.82,31429629,1.29,5620246257.78,2023-03,178.03,1.82
AAPL,2023-03-03,175.77,177.31,175.0,176.54,176.54,12154604,-1.28,2145773790.16,2023-03,177.76,1.78
AAPL,2023-03-06,176.77,178.78,174.73,176.57,176.57,20123002,0.02,3553118463.14,2023-03,177.51,1.78
AAPL,2023-03-07,176.39,177.88,173.2,175.65,175.65,17772068,-0.52,3121663744.2,2023-03,177.45,1.69
AAPL,2023-03-08,171.57,174.05,169.21,171.88,171.88,3445769,-2.15,592258775.72,2023-03,177.19,1.75
AAPL,2023-03-09,172.02,173.47,170.05,171.81,171.81,8412870,-0.04,1445415194.7,2023-03,176.98,1.75
AAPL,2023-03-10,172.59,174.14,170.83,172.42,172.42,8506016,0.35,1466607278.72,2023-03,176.81,1.75
AAPL,2023-03-13,167.46,170.21,167.28,167.8,167.8,14192342,-2.68,2381474987.6,2023-03,176.44,1.84
AAPL,2023-03-14,168.11,170.41,167.02,167.64,167.64,11235460,-0.09,1883512514.4,2023-03,176.23,1.8
AAPL,2023-03-15,168.26,170.14,166.7,168.31,168.31,20676139,0.4,3480000955.09,2023-03,176.24,1.74
AAPL,2023-03-16,169.99,171.33,168.69,169.4,169.4,29354857,0.65,4972712775.8,2023-03,175.9,1.34
AAPL,2023-03-17,172.42,174.93,170.56,172.28,172.28,6334018,1.7,1091224621.04,2023-03,175.66,1.4
AAPL,2023-03-20,173.79,175.98,171.79,174.14,174.14,8399863,1.08,1462752142.82,2023-03,175.48,1.42
AAPL,2023-03-21,172.95,175.51,171.83,173.52,173.52,19079815,-0.36,3310729498.8,2023-03,175.08,1.31
AAPL,2023-03-22,174.83,175.68,171.53,174.02,174.02,18359211,0.29,3194869898.22,2023-03,174.62,1.29
AAPL,2023-03-23,179.77,181.76,178.2,179.44,179.44,31901304,3.11,5724369989.76,2023-03,174.3,1.45
AAPL,2023-03-24,175.12,178.17,173.41,175.54,175.54,30958997,-2.17,5434542333.38,2023-03,173.98,1.46
AAPL,2023-03-27,176.15,178.23,174.26,176.84,176.84,11732528,0.74,2074780251.52,2023-03,173.78,1.47
AAPL,2023-03-28,170.61,173.9,169.38,171.42,171.42,12613190,-3.07,2162153029.8,2023-03,173.53,1.53
AAPL,2023-03-29,170.07,172.24,168.06,170.08,170.08,37256346,-0.78,6336559327.68,2023-03,173.21,1.53
AAPL,2023-03-30,168.69,171.18,167.51,168.31,168.31,15417423,-1.04,2594906465.13,2023-03,172.68,1.51
AAPL,2023-03-31,168.74,170.23,167.84,168.25,168.25,10112256,-0.04,1701387072.0,2023-03,172.27,1.49
AAPL,2023-04-03,163.74,165.67,162.77,163.07,163.07,10345656,-3.08,1687066123.92,2023-04,171.59,1.62
AAPL,2023-04-04,160.68,162.93,158.79,160.57,160.57,9744897,-1.53,1564738111.29,2023-04,170.84,1.64
AAPL,2023-04-05,158.97,160.58,157.17,158.48,158.48,10452577,-1.3,1656524402.96,2023-04,170.17,1.6
AAPL,2023-04-06,155.66,158.05,153.82,156.21,156.21,19297659,-1.43,3014487312.39,2023-04,169.39,1.61
AAPL,2023-04-07,153.26,155.24,152.67,153.43,153.43,9358942,-1.78,1435942471.06,2023-04,168.44,1.63
AAPL,2023-04-10,155.38,156.33,153.71,154.68,154.68,11559603,0.82,1788039392.04,2023-04,167.78,1.58
AAPL,2023-04-11,154.45,156.69,154.29,154.5,154.5,27317876,-0.11,4220611842.0,2023-04,167.12,1.58
AAPL,2023-04-12,151.25,152.29,149.81,151.02,151.02,22788668,-2.25,3441544641.36,2023-04,166.26,1.62
AAPL,2023-04-13,152.28,154.99,151.44,152.71,152.71,14483447,1.12,2211767191.37,2023-04,165.43,1.64
AAPL,2023-04-14,152.59,153.81,150.55,152.36,152.36,53120047,-0.23,8093370360.92,2023-04,164.43,1.56
AAPL,2023-04-17,149.41,151.65,147.51,149.65,149.65,30049901,-1.78,4496967684.65,2023-04,163.2,1.52
AAPL,2023-04-18,153.28,155.39,152.46,153.01,153.01,11617665,2.25,1777618921.65,2023-04,162.18,1.66
AAPL,2023-04-19,149.08,149.99,148.06,148.83,148.83,13350063,-2.73,1986889876.29,2023-04,160.92,1.71
AAPL,2023-04-20,149.68,150.89,148.93,149.97,149.97,7749960,0.76,1162261501.2,2023-04,159.45,1.5
AAPL,2023-04-21,154.66,156.21,153.47,154.9,154.9,13133249,3.29,2034340270.1,2023-04,158.41,1.73
AAPL,2023-04-24,158.72,160.78,156.6,158.54,158.54,12034025,2.35,1907874323.5,2023-04,157.5,1.83
AAPL,2023-04-25,165.93,167.14,165.51,166.58,166.58,4398917,5.07,732771593.86,2023-04,157.26,2.12
AAPL,2023-04-26,167.82,169.81,165.67,167.39,167.39,14239234,0.49,2383505379.26,2023-04,157.12,2.12
AAPL,2023-04-27,165.3,165.51,163.18,164.78,164.78,10485193,-1.56,1727750102.54,2023-04,156.95,2.14
AAPL,2023-04-28,161.65,164.18,161.31,162.35,162.35,11796356,-1.47,1915138396.6,2023-04,156.65,2.16
AAPL,2023-05-01,161.22,163.33,161.02,161.49,161.49,9613201,-0.53,1552435829.49,2023-05,156.57,2.05
AAPL,2023-05-02,163.25,164.3,161.72,162.66,162.66,17416503,0.73,2832968377.98,2023-05,156.68,2.02
AAPL,2023-05-03,166.87,169.35,164.03,166.31,166.31,20775920,2.24,3455243255.2,2023-05,157.07,2.05
AAPL,2023-05-04,166.32,168.74,165.06,166.73,166.73,33619177,0.25,5605325381.21,2023-05,157.59,2.01
AAPL,2023-05-05,164.57,165.3,162.48,164.54,164.54,13601172,-1.31,2237936840.88,2023-05,158.15,1.99
AAPL,2023-05-08,169.34,169.87,167.8,168.86,168.86,9055658,2.62,1529138409.88,2023-05,158.86,2.05
AAPL,2023-05-09,168.62,169.94,165.73,167.82,167.82,17376218,-0.62,2916076904.76,2023-05,159.52,2.06
AAPL,2023-05-10,172.92,173.86,171.67,172.31,172.31,11476768,2.67,1977561894.08,2023-05,160.59,2.02
AAPL,2023-05-11,172.32,174.09,169.58,171.84,171.84,12968369,-0.27,2228484528.96,2023-05,161.55,2.02
AAPL,2023-05-12,177.54,180.43,175.22,177.77,177.77,24207103,3.45,4303296700.31,2023-05,162.82,2.11
AAPL,2023-05-15,174.69,176.65,172.16,174.78,174.78,11161227,-1.68,1950759255.06,2023-05,164.07,2.1
AAPL,2023-05-16,178.31,180.91,178.1,179.17,179.17,29825999,2.51,5343924240.83,2023-05,165.38,2.11
AAPL,2023-05-17,176.93,179.46,175.76,176.26,176.26,9514421,-1.62,1677011845.46,2023-05,166.75,2.03
AAPL,2023-05-18,172.18,173.96,170.53,172.53,172.53,5302630,-2.11,914862753.9,2023-05,167.88,2.13
AAPL,2023-05-19,169.6,172.68,169.27,170.44,170.44,9504150,-1.21,1619887326.0,2023-05,168.66,2.09
AAPL,2023-05-22,173.26,175.05,172.03,173.28,173.28,14387240,1.67,2493020947.2,2023-05,169.39,2.06
AAPL,2023-05-23,171.83,173.67,169.04,171.23,171.23,21598810,-1.18,3698364236.3,2023-05,169.63,1.78
AAPL,2023-05-24,171.87,172.59,169.5,171.82,171.82,11972464,0.34,2057108764.48,2023-05,169.85,1.78
AAPL,2023-05-25,166.68,167.75,164.99,167.36,167.36,13664382,-2.59,2286870971.52,2023-05,169.98,1.84
AAPL,2023-05-26,165.92,167.12,163.87,165.51,165.51,14182138,-1.11,2347285660.38,2023-05,170.14,1.83
AAPL,2023-05-29,163.11,164.84,161.16,163.79,163.79,22073002,-1.04,3615336997.58,2023-05,170.25,1.84
AAPL,2023-05-30,163.08,164.18,162.08,162.91,162.91,11062847,-0.54,1802248404.77,2023-05,170.26,1.84
AAPL,2023-05-31,164.95,165.52,162.75,164.14,164.14,20049601,0.75,3290941508.14,2023-05,170.15,1.78
AAPL,2023-06-01,165.75,167.44,164.33,165.41,165.41,12231929,0.78,2023283375.89,2023-06,170.09,1.78
AAPL,2023-06-02,164.79,165.98,162.14,164.01,164.01,27091468,-0.84,4443271666.68,2023-06,170.06,1.77
AAPL,2023-06-05,163.62,164.29,161.56,163.4,163.4,16673196,-0.37,2724400226.4,2023-06,169.79,1.66
AAPL,2023-06-06,164.35,166.76,162.42,163.83,163.83,13990231,0.27,2292019544.73,2023-06,169.59,1.66
AAPL,2023-06-07,169.06,170.6,167.38,169.8,169.8,5875946,3.65,997735630.8,2023-06,169.46,1.76
AAPL,2023-06-08,165.98,166.41,165.02,165.83,165.83,10009203,-2.34,1659826133.49,2023-06,169.16,1.83
AAPL,2023-06-09,167.54,170.14,165.06,167.93,167.93,29234711,1.27,4909385018.23,2023-06,168.67,1.66
AAPL,2023-06-12,167.98,170.2,166.39,167.8,167.8,17075039,-0.08,2865191544.2,2023-06,168.32,1.63
AAPL,2023-06-13,171.85,172.94,171.57,171.95,171.95,17030569,2.48,2928406339.55,2023-06,167.96,1.62
AAPL,2023-06-14,169.94,171.37,167.4,170.1,170.1,17189900,-1.08,2924001990.0,2023-06,167.65,1.6
AAPL,2023-06-15,174.03,176.98,172.93,174.46,174.46,5966219,2.56,1040866566.74,2023-06,167.75,1.64
AAPL,2023-06-16,176.38,178.89,175.16,177.17,177.17,18348122,1.55,3250736774.74,2023-06,168.09,1.65
AAPL,2023-06-19,176.71,180.02,174.88,177.43,177.43,7025389,0.15,1246514770.27,2023-06,168.29,1.61
AAPL,2023-06-20,171.5,173.71,169.66,172.13,172.13,18926467,-2.98,3257812764.71,2023-06,168.34,1.73
AAPL,2023-06-21,173.31,175.51,172.37,174.04,174.04,11809610,1.11,2055344524.4,2023-06,168.45,1.75
AAPL,2023-06-22,172.27,174.13,169.61,171.78,171.78,12112976,-1.3,2080767017.28,2023-06,168.67,1.67
AAPL,2023-06-23,173.69,174.4,172.61,172.88,172.88,20950505,0.64,3621923304.4,2023-06,169.04,1.64
AAPL,2023-06-26,169.55,172.15,168.12,170.03,170.03,19692900,-1.65,3348383787.0,2023-06,169.35,1.67
AAPL,2023-06-27,172.16,175.39,171.39,172.94,172.94,15845364,1.71,2740297250.16,2023-06,169.85,1.7
AAPL,2023-06-28,170.22,172.36,169.32,169.55,169.55,11762787,-1.96,1994380535.85,2023-06,170.12,1.77
AAPL,2023-06-29,173.51,175.98,171.84,172.98,172.98,16347896,2.02,2827859050.08,2023-06,170.5,1.81
AAPL,2023-06-30,169.52,170.55,166.31,168.77,168.77,5558021,-2.43,938027204.17,2023-06,170.74,1.89
AAPL,2023-07-03,167.36,170.47,165.07,168.09,168.09,18907892,-0.4,3178227566.28,2023-07,170.97,1.89
AAPL,2023-07-04,170.84,171.12,168.56,170.63,170.63,24552269,1.51,4189353659.47,2023-07,171.31,1.92
AAPL,2023-07-05,174.04,176.78,173.49,174.48,174.48,15734649,2.26,2745381557.52,2023-07,171.55,1.81
AAPL,2023-07-06,172.62,174.39,170.31,172.09,172.09,6028779,-1.37,1037492578.11,2023-07,171.86,1.75
AAPL,2023-07-07,175.16,175.47,171.98,174.59,174.59,9581204,1.45,1672782406.36,2023-07,172.19,1.76
AAPL,2023-07-10,172.45,174.97,170.37,172.79,172.79,20078413,-1.03,3469348982.27,2023-07,172.44,1.78
AAPL,2023-07-11,174.04,175.88,171.6,174.85,174.85,32070572,1.19,5607539514.2,2023-07,172.59,1.71
AAPL,2023-07-12,179.89,180.93,177.36,179.27,179.27,8081009,2.53,1448682483.43,2023-07,173.05,1.77
AAPL,2023-07-13,179.61,181.91,177.5,178.95,178.95,10075176,-0.18,1802952745.2,2023-07,173.27,1.69
AAPL,2023-07-14,177.04,178.79,175.0,176.69,176.69,14733289,-1.26,2603224833.41,2023-07,173.25,1.68
AAPL,2023-07-17,174.53,174.96,173.52,173.73,173.73,12131715,-1.67,2107642846.95,2023-07,173.06,1.72
AAPL,2023-07-18,179.08,179.33,176.51,178.65,178.65,12056989,2.83,2153981084.85,2023-07,173.39,1.7
AAPL,2023-07-19,178.26,180.36,175.88,178.57,178.57,53014713,-0.04,9466837300.41,2023-07,173.62,1.69
AAPL,2023-07-20,176.74,177.1,175.1,176.83,176.83,19551549,-0.98,3457300409.67,2023-07,173.87,1.67
AAPL,2023-07-21,178.19,179.11,176.78,177.48,177.48,26061522,0.37,4625398924.56,2023-07,174.1,1.67
AAPL,2023-07-24,182.8,184.77,182.23,182.95,182.95,32559604,3.08,5956779551.8,2023-07,174.74,1.74
AAPL,2023-07-25,185.32,187.01,184.65,185.68,185.68,21733142,1.49,4035409806.56,2023-07,175.38,1.73
AAPL,2023-07-26,183.78,186.47,182.78,184.48,184.48,8144439,-0.65,1502486106.72,2023-07,176.13,1.66
AAPL,2023-07-27,188.64,190.39,186.07,188.45,188.45,32215080,2.15,6070931826.0,2023-07,176.9,1.66
AAPL,2023-07-28,189.41,191.85,186.6,189.42,189.42,27235243,0.51,5158899729.06,2023-07,177.93,1.52
AAPL,2023-07-31,190.03,190.49,189.29,190.23,190.23,13324234,0.43,2534669033.82,2023-07,179.04,1.5
AAPL,2023-08-01,192.26,194.36,190.49,191.84,191.84,7391247,0.85,1417936824.48,2023-08,180.1,1.49
AAPL,2023-08-02,189.39,190.04,187.33,188.45,188.45,9491704,-1.77,1788711618.8,2023-08,180.8,1.53
AAPL,2023-08-03,187.38,188.73,186.61,188.11,188.11,12634866,-0.18,2376744643.26,2023-08,181.6,1.48
AAPL,2023-08-04,189.27,191.49,188.33,189.96,189.96,10416059,0.98,1978634567.64,2023-08,182.37,1.46
AAPL,2023-08-07,193.8,197.02,193.21,194.53,194.53,9281105,2.4,1805453355.65,2023-08,183.46,1.48
AAPL,2023-08-08,195.82,197.7,193.4,195.81,195.81,20452885,0.66,4004879411.85,2023-08,184.5,1.48
AAPL,2023-08-09,195.56,197.72,192.06,194.9,194.9,10267718,-0.46,2001178238.2,2023-08,185.29,1.42
AAPL,2023-08-10,194.16,196.67,191.29,193.89,193.89,15192106,-0.52,2945597432.34,2023-08,186.03,1.43
AAPL,2023-08-11,189.77,191.21,188.81,189.76,189.76,12801748,-2.13,2429259700.48,2023-08,186.69,1.49
AAPL,2023-08-14,189.42,190.34,187.54,189.92,189.92,8896274,0.08,1689580358.08,2023-08,187.5,1.42
AAPL,2023-08-15,185.41,185.68,183.82,185.05,185.05,10094521,-2.57,1867991111.05,2023-08,187.82,1.46
AAPL,2023-08-16,182.05,184.33,181.36,182.84,182.84,7788581,-1.2,1424064150.04,2023-08,188.03,1.49
AAPL,2023-08-17,180.88,183.7,178.65,181.38,181.38,11833304,-0.8,2146324679.52,2023-08,188.26,1.48
AAPL,2023-08-18,177.97,179.81,176.0,178.07,178.07,11891519,-1.82,2117522788.33,2023-08,188.29,1.54
AAPL,2023-08-21,175.0,177.66,173.34,175.72,175.72,24453931,-1.32,4297044755.32,2023-08,187.92,1.39
MSFT,2023-01-03,406.78,409.08,400.95,406.06,406.06,7177472,-0.96,2914484280.32,2023-01,406.06,
MSFT,2023-01-04,398.24,402.82,396.74,398.78,398.78,51283599,-1.79,20450873609.22,2023-01,402.42,0.59
MSFT,2023-01-05,401.17,402.01,396.71,401.4,401.4,20419268,0.66,8196294175.2,2023-01,402.08,1.25
MSFT,2023-01-06,406.63,408.51,400.4,406.28,406.28,12919196,1.21,5248810950.88,2023-01,403.13,1.39
MSFT,2023-01-09,395.54,399.75,390.72,394.43,394.43,11163760,-2.92,4403321856.8,2023-01,401.39,1.71
MSFT,2023-01-10,394.92,399.14,391.31,396.28,396.28,15636720,0.47,6196519401.6,2023-01,400.54,1.61
MSFT,2023-01-11,403.17,406.62,398.56,401.69,401.69,38183077,1.36,15337760200.13,2023-01,400.7,1.64
MSFT,2023-01-12,412.92,418.73,411.81,414.17,414.17,49352431,3.11,20440296347.27,2023-01,402.39,1.93
MSFT,2023-01-13,404.82,409.92,403.68,406.45,406.45,18062551,-1.86,7341523853.95,2023-01,402.84,1.93
MSFT,2023-01-16,424.06,428.16,419.63,423.64,423.64,3678842,4.23,1558504624.88,2023-01,404.92,2.27
MSFT,2023-01-17,416.55,419.23,412.43,417.9,417.9,9679630,-1.35,4045117377.0,2023-01,406.1,2.21
MSFT,2023-01-18,419.15,420.58,415.22,418.23,418.23,15763836,0.08,6592909130.28,2023-01,407.11,2.11
MSFT,2023-01-19,429.01,431.63,420.78,426.99,426.99,13955346,2.09,5958793188.54,2023-01,408.64,2.09
MSFT,2023-01-20,429.17,435.73,426.85,429.41,429.41,7702517,0.57,3307537824.97,2023-01,410.12,2.01
MSFT,2023-01-23,425.86,428.51,425.4,427.13,427.13,7742093,-0.53,3306880183.09,2023-01,411.26,1.95
MSFT,2023-01-24,433.5,438.71,426.1,431.8,431.8,12961431,1.09,5596745905.8,2023-01,412.54,1.89
MSFT,2023-01-25,425.82,428.36,423.48,427.88,427.88,19174942,-0.91,8204574182.96,2023-01,413.44,1.86
MSFT,2023-01-26,437.62,440.53,431.67,438.25,438.25,12610332,2.42,5526477999.0,2023-01,414.82,1.87
MSFT,2023-01-27,439.63,444.3,432.61,439.09,439.09,13055378,0.19,5732485926.02,2023-01,416.1,1.82
MSFT,2023-01-30,440.36,443.02,439.36,440.28,440.28,6301363,0.27,2774364101.64,2023-01,417.31,1.77
MSFT,2023-01-31,447.69,452.82,444.93,448.19,448.19,11793496,1.8,5285726972.24,2023-01,419.41,1.77
MSFT,2023-02-01,444.28,445.94,440.07,444.63,444.63,18233524,-0.79,8107171776.12,2023-02,421.71,1.72
MSFT,2023-02-02,435.37,440.64,431.16,435.75,435.75,19895322,-2.0,8669386561.5,2023-02,423.42,1.81
MSFT,2023-02-03,439.28,442.12,438.53,440.76,440.76,22316282,1.15,9836124454.32,2023-02,425.15,1.81
MSFT,2023-02-06,452.6,455.49,448.07,450.42,450.42,9678164,2.19,4359238628.88,2023-02,427.95,1.66
MSFT,2023-02-07,452.12,456.66,447.93,451.27,451.27,28071964,0.19,12668035194.28,2023-02,430.7,1.67
MSFT,2023-02-08,454.04,460.71,448.81,455.66,455.66,10111294,0.97,4607312224.04,2023-02,433.4,1.66
MSFT,2023-02-09,452.76,457.07,445.97,452.51,452.51,8433605,-0.69,3816290598.55,2023-02,435.31,1.58
MSFT,2023-02-10,452.76,457.03,449.91,450.76,450.76,9359497,-0.39,4218886867.72,2023-02,437.53,1.5
MSFT,2023-02-13,454.21,458.26,451.86,455.79,455.79,19239701,1.12,8769263318.79,2023-02,439.13,1.23
MSFT,2023-02-14,449.55,455.54,441.78,447.38,447.38,6859080,-1.85,3068615210.4,2023-02,440.61,1.27
MSFT,2023-02-15,457.23,462.06,454.03,456.01,456.01,19365826,1.93,8831010314.26,2023-02,442.5,1.32
MSFT,2023-02-16,445.06,449.88,441.87,445.61,445.61,10195430,-2.28,4543185562.3,2023-02,443.43,1.39
MSFT,2023-02-17,457.77,458.95,453.59,456.07,456.07,19344321,2.35,8822364478.47,2023-02,444.76,1.47
MSFT,2023-02-20,447.37,451.35,444.41,446.64,446.64,13893962,-2.07,6205599187.68,2023-02,445.74,1.55
MSFT,2023-02-21,452.63,457.23,449.61,450.59,450.59,34958758,0.88,15752066767.22,2023-02,446.68,1.55
MSFT,2023-02-22,461.32,466.61,456.58,460.05,460.05,5497706,2.1,2529219645.3,2023-02,448.29,1.58
MSFT,2023-02-23,474.89,477.16,467.85,473.72,473.72,13939825,2.97,6603573899.0,2023-02,450.06,1.62
MSFT,2023-02-24,474.83,479.04,469.71,473.0,473.0,11994768,-0.15,5673525264.0,2023-02,451.75,1.62
MSFT,2023-02-27,466.25,469.21,464.39,466.36,466.36,16223544,-1.4,7566011979.84,2023-02,453.06,1.67
MSFT,2023-02-28,466.7,468.63,464.85,466.65,466.65,16965991,0.06,7917179700.15,2023-02,453.98,1.64
MSFT,2023-03-01,454.89,459.5,454.06,456.55,456.55,21464337,-2.16,9799543057.35,2023-03,454.58,1.71
MSFT,2023-03-02,453.96,458.6,452.88,454.09,454.09,9597230,-0.54,4358006170.7,2023-03,455.49,1.64
MSFT,2023-03-03,445.14,450.28,439.33,445.91,445.91,14089134,-1.8,6282485741.94,2023-03,455.75,1.68
MSFT,2023-03-06,434.96,440.02,433.59,434.58,434.58,6212169,-2.54,2699684404.02,2023-03,454.96,1.7
MSFT,2023-03-07,444.46,449.32,437.25,442.98,442.98,17325756,1.93,7674963392.88,2023-03,454.55,1.77
MSFT,2023-03-08,454.25,458.05,450.09,454.79,454.79,19266998,2.67,8762438020.42,2023-03,454.5,1.86
MSFT,2023-03-09,448.64,452.86,442.29,449.48,449.48,15350467,-1.17,6899727907.16,2023-03,454.35,1.87
MSFT,2023-03-10,454.4,458.38,451.88,453.33,453.33,12733119,0.86,5772304836.27,2023-03,454.48,1.88
MSFT,2023-03-13,457.83,461.52,454.9,456.28,456.28,13837140,0.65,6313610239.2,2023-03,454.5,1.87
MSFT,2023-03-14,453.85,459.54,452.4,456.11,456.11,10236898,-0.04,4669151546.78,2023-03,454.94,1.81
MSFT,2023-03-15,459.33,463.8,456.58,457.77,457.77,14320774,0.36,6555620713.98,2023-03,455.03,1.76
MSFT,2023-03-16,464.43,465.53,460.17,464.79,464.79,7170102,1.53,3332591708.58,2023-03,455.99,1.71
MSFT,2023-03-17,455.98,462.32,448.42,454.53,454.53,24371227,-2.21,11077453808.31,2023-03,455.91,1.71
MSFT,2023-03-20,444.16,449.97,440.0,443.94,443.94,23426507,-2.33,10399963517.58,2023-03,455.78,1.73
MSFT,2023-03-21,453.21,458.88,447.09,452.26,452.26,17290090,1.88,7819616103.4,2023-03,455.86,1.77
MSFT,2023-03-22,437.56,444.38,431.63,438.9,438.9,28814784,-2.95,12646808697.6,2023-03,454.8,1.82
MSFT,2023-03-23,430.61,433.27,429.76,431.16,431.16,26414049,-1.76,11388681366.84,2023-03,452.67,1.69
MSFT,2023-03-24,426.59,429.93,419.5,425.39,425.39,7460499,-1.34,3173621669.61,2023-03,450.29,1.7
MSFT,2023-03-27,407.53,410.29,405.33,409.07,409.07,9214868,-3.84,3769526052.76,2023-03,447.43,1.84
MSFT,2023-03-28,412.34,415.61,407.45,412.12,412.12,27567562,0.75,11361143651.44,2023-03,444.7,1.86
MSFT,2023-03-29,421.98,425.34,418.18,420.09,420.09,16222581,1.93,6814944052.29,2023-03,442.88,1.91
MSFT,2023-03-30,426.66,431.73,425.18,428.7,428.7,17907073,2.05,7676762195.1,2023-03,441.61,1.98
MSFT,2023-03-31,437.3,440.67,434.23,435.21,435.21,18642850,1.52,8113554748.5,2023-03,441.07,1.99
MSFT,2023-04-03,438.26,443.48,436.75,437.29,437.29,19768837,0.48,8644714731.73,2023-04,441.21,1.91
MSFT,2023-04-04,431.92,434.01,425.54,432.98,432.98,12049802,-0.99,5217323269.96,2023-04,440.71,1.87
MSFT,2023-04-05,432.19,434.92,430.38,430.95,430.95,11393040,-0.47,4909830588.0,2023-04,439.52,1.75
MSFT,2023-04-06,432.96,437.17,430.68,432.47,432.47,8832578,0.35,3819825007.66,2023-04,438.67,1.74
MSFT,2023-04-07,432.82,438.62,430.7,432.95,432.95,12970819,0.11,5615716086.05,2023-04,437.65,1.72
MSFT,2023-04-10,431.46,437.88,428.01,433.38,433.38,9453231,0.1,4096841250.78,2023-04,436.5,1.71
MSFT,2023-04-11,439.37,445.31,435.85,437.46,437.46,9383149,0.94,4104752361.54,2023-04,435.57,1.73
MSFT,2023-04-12,462.21,468.07,457.58,461.76,461.76,14655604,5.56,6767371703.04,2023-04,435.77,2.16
MSFT,2023-04-13,474.24,478.97,467.18,474.33,474.33,7673632,2.72,3639833866.56,2023-04,436.25,2.22
MSFT,2023-04-14,487.74,489.09,481.28,486.8,486.8,7174610,2.63,3492600148.0,2023-04,437.86,2.21
MSFT,2023-04-17,494.5,500.83,485.86,492.5,492.5,2206850,1.17,1086873625.0,2023-04,440.29,2.13
MSFT,2023-04-18,504.53,512.08,500.23,503.2,503.2,27536822,2.17,13856528830.4,2023-04,442.84,2.14
MSFT,2023-04-19,492.49,493.63,490.67,491.25,491.25,11577987,-2.37,5687686113.75,2023-04,445.45,2.09
MSFT,2023-04-20,495.1,498.88,490.85,495.11,495.11,15881275,0.78,7862978065.25,2023-04,448.65,2.02
MSFT,2023-04-21,500.59,503.21,498.46,499.88,499.88,12507136,0.96,6252067143.68,2023-04,452.38,1.96
MSFT,2023-04-24,505.96,507.85,499.04,505.15,505.15,23342646,1.05,11791537626.9,2023-04,457.18,1.62
MSFT,2023-04-25,510.66,515.72,505.37,509.75,509.75,3403115,0.91,1734737871.25,2023-04,462.06,1.62
MSFT,2023-04-26,523.7,532.84,517.62,525.65,525.65,23007491,3.12,12093887644.15,2023-04,467.34,1.67
MSFT,2023-04-27,518.62,526.77,517.93,519.42,519.42,13345822,-1.19,6932086863.24,2023-04,471.87,1.74
MSFT,2023-04-28,530.3,535.31,527.96,530.79,530.79,11812296,2.19,6269848593.84,2023-04,476.65,1.75
MSFT,2023-05-01,518.62,526.75,517.82,519.69,519.69,10148198,-2.09,5273917018.62,2023-05,480.77,1.88
MSFT,2023-05-02,497.05,500.55,495.67,498.19,498.19,10186280,-4.14,5074702833.2,2023-05,484.03,2.16
MSFT,2023-05-03,502.51,508.17,496.29,500.96,500.96,20219428,0.56,10129124650.88,2023-05,487.53,2.14
MSFT,2023-05-04,487.27,488.43,480.01,487.64,487.64,5398469,-2.66,2632509423.16,2023-05,490.29,2.27
MSFT,2023-05-05,499.12,500.93,490.16,496.96,496.96,23283547,1.91,11570991517.12,2023-05,493.49,2.29
MSFT,2023-05-08,493.73,495.24,492.07,494.62,494.62,37663690,-0.47,18629214347.8,2023-05,496.56,2.3
MSFT,2023-05-09,515.48,517.72,507.84,516.14,516.14,17822515,4.35,9198912892.1,2023-05,500.49,2.44
MSFT,2023-05-10,515.34,518.32,509.36,514.75,514.75,6692017,-0.27,3444715750.75,2023-05,503.14,2.19
MSFT,2023-05-11,519.38,524.15,512.51,520.77,520.77,7606819,1.17,3961403130.63,2023-05,505.46,2.13
MSFT,2023-05-12,525.67,532.66,517.89,524.09,524.09,11544464,0.64,6050338137.76,2023-05,507.33,2.07
MSFT,2023-05-15,524.23,527.97,520.11,521.9,521.9,18596920,-0.42,9705732548.0,2023-05,508.8,2.07
MSFT,2023-05-16,518.09,522.55,512.77,517.99,517.99,11648750,-0.75,6033936012.5,2023-05,509.54,2.04
MSFT,2023-05-17,525.43,529.72,518.55,525.96,525.96,11582108,1.54,6091725523.68,2023-05,511.27,1.97
MSFT,2023-05-18,514.54,523.98,513.99,516.85,516.85,18173930,-1.73,9393195720.5,2023-05,512.36,2.02
MSFT,2023-05-19,512.09,517.3,508.85,513.37,513.37,24585260,-0.67,12621334926.2,2023-05,513.03,2.02
MSFT,2023-05-22,528.11,532.32,526.5,528.08,528.08,10989480,2.87,5803324598.4,2023-05,514.18,2.1
MSFT,2023-05-23,514.89,518.94,507.82,515.8,515.8,28353631,-2.33,14624802869.8,2023-05,514.48,2.17
MSFT,2023-05-24,520.75,523.74,515.29,521.96,521.96,21218676,1.19,11075300124.96,2023-05,514.3,2.07
MSFT,2023-05-25,536.01,540.78,535.3,535.92,535.92,14849735,2.67,7958269981.2,2023-05,515.12,2.13
MSFT,2023-05-26,534.21,542.09,533.34,534.78,534.78,13008614,-0.21,6956746594.92,2023-05,515.32,2.08
MSFT,2023-05-29,534.11,537.03,531.6,532.18,532.18,8359330,-0.49,4448668239.4,2023-05,515.95,2.02
MSFT,2023-05-30,521.09,522.5,514.39,520.47,520.47,16622177,-2.2,8651344463.19,2023-05,517.06,1.85
MSFT,2023-05-31,523.21,525.41,521.96,524.61,524.61,19967890,0.8,10475354772.9,2023-05,518.24,1.85
MSFT,2023-06-01,518.7,522.45,515.56,517.82,517.82,9586445,-1.29,4964052949.9,2023-06,519.75,1.76
MSFT,2023-06-02,526.96,534.1,519.4,528.08,528.08,6788016,1.98,3584615489.28,2023-06,521.31,1.76
MSFT,2023-06-05,530.48,535.1,526.42,530.84,530.84,13363629,0.52,7093948818.36,2023-06,523.12,1.75
MSFT,2023-06-06,517.15,522.3,512.93,518.78,518.78,21096660,-2.27,10944525274.8,2023-06,523.25,1.58
MSFT,2023-06-07,528.69,529.75,523.98,527.85,527.85,18532877,1.75,9782579124.45,2023-06,523.9,1.62
MSFT,2023-06-08,531.58,533.51,522.78,529.77,529.77,16573139,0.36,8779951848.03,2023-06,524.36,1.61
MSFT,2023-06-09,531.91,536.49,531.08,531.77,531.77,10783486,0.38,5734334350.22,2023-06,524.74,1.6
MSFT,2023-06-12,532.76,533.88,526.61,531.99,531.99,16428509,0.04,8739802502.91,2023-06,525.24,1.6
MSFT,2023-06-13,527.24,529.55,521.42,524.8,524.8,12064806,-1.35,6331610188.8,2023-06,525.58,1.62
MSFT,2023-06-14,539.73,545.16,535.55,540.35,540.35,21099967,2.96,11401367168.45,2023-06,526.3,1.72
MSFT,2023-06-15,537.32,543.83,533.39,537.38,537.38,37277663,-0.55,20032270542.94,2023-06,527.33,1.67
MSFT,2023-06-16,545.29,553.11,542.16,546.13,546.13,6923567,1.63,3781167645.71,2023-06,528.97,1.68
MSFT,2023-06-19,550.58,557.88,544.67,550.75,550.75,16710903,0.85,9203529827.25,2023-06,530.1,1.58
MSFT,2023-06-20,568.19,576.48,561.34,566.69,566.69,10199831,2.9,5780142229.39,2023-06,532.65,1.57
MSFT,2023-06-21,549.44,551.3,547.25,549.73,549.73,18732210,-2.99,10297657803.3,2023-06,534.03,1.74
MSFT,2023-06-22,548.76,554.71,539.66,546.52,546.52,31749005,-0.58,17351466212.6,2023-06,534.56,1.65
MSFT,2023-06-23,539.78,546.6,534.11,542.47,542.47,10454992,-0.74,5671519510.24,2023-06,534.95,1.66
MSFT,2023-06-26,534.71,540.11,526.73,535.49,535.49,28626162,-1.29,15329023489.38,2023-06,535.11,1.69
MSFT,2023-06-27,526.42,530.57,518.35,525.79,525.79,11421970,-1.81,6005557606.3,2023-06,535.38,1.66
MSFT,2023-06-28,522.23,530.59,514.45,523.62,523.62,27490893,-0.41,14394781392.66,2023-06,535.33,1.65
MSFT,2023-06-29,521.45,528.97,514.09,522.17,522.17,17336381,-0.28,9052538066.77,2023-06,535.55,1.63
MSFT,2023-06-30,503.37,511.53,501.51,504.28,504.28,16967562,-3.43,8556402165.36,2023-06,534.36,1.74
MSFT,2023-07-03,493.0,493.89,491.48,492.3,492.3,12268630,-2.38,6039846549.0,2023-07,532.43,1.79
MSFT,2023-07-04,500.31,503.18,498.31,499.94,499.94,15812583,1.55,7905342745.02,2023-07,531.49,1.78
MSFT,2023-07-05,503.84,509.5,497.97,503.79,503.79,8716594,0.77,4391332891.26,2023-07,530.29,1.74
MSFT,2023-07-06,497.39,502.95,488.48,495.06,495.06,13196182,-1.73,6532901860.92,2023-07,528.55,1.76
MSFT,2023-07-07,501.7,505.14,492.84,499.95,499.95,10233262,0.99,5116119336.9,2023-07,526.96,1.78
MSFT,2023-07-10,502.17,507.43,501.53,504.26,504.26,6099212,0.86,3075588643.12,2023-07,525.57,1.8
MSFT,2023-07-11,505.46,510.32,496.12,503.31,503.31,34611168,-0.19,17420146966.08,2023-07,524.5,1.78
MSFT,2023-07-12,503.86,511.06,502.92,505.22,505.22,6942581,0.38,3507530772.82,2023-07,522.74,1.63
MSFT,2023-07-13,499.1,505.99,497.86,500.67,500.67,18817237,-0.9,9421226048.79,2023-07,520.91,1.63
MSFT,2023-07-14,508.16,510.92,505.97,507.87,507.87,10470562,1.44,5317684322.94,2023-07,518.99,1.62
MSFT,2023-07-17,513.5,518.75,507.26,512.19,512.19,16741890,0.85,8575028639.1,2023-07,517.07,1.62
MSFT,2023-07-18,492.42,498.24,485.86,494.88,494.88,32818790,-3.38,16241362795.2,2023-07,513.48,1.57
MSFT,2023-07-19,504.88,507.71,495.08,502.49,502.49,28556429,1.54,14349320008.21,2023-07,511.11,1.54
MSFT,2023-07-20,491.98,495.56,488.83,491.13,491.13,6303348,-2.26,3095763303.24,2023-07,508.34,1.59
MSFT,2023-07-21,497.9,498.5,491.58,496.3,496.3,21757200,1.05,10798098360.0,2023-07,506.04,1.63
MSFT,2023-07-24,496.31,501.77,495.09,497.29,497.29,11990022,0.2,5962518040.38,2023-07,504.13,1.62
MSFT,2023-07-25,510.54,511.88,505.79,509.72,509.72,14173761,2.5,7224649456.92,2023-07,503.32,1.7
MSFT,2023-07-26,511.4,513.48,508.87,511.58,511.58,15960300,0.36,8164970274.0,2023-07,502.72,1.7
MSFT,2023-07-27,516.11,521.45,514.26,516.0,516.0,9332619,0.86,4815631404.0,2023-07,502.41,1.72
MSFT,2023-07-28,518.28,519.0,514.92,516.83,516.83,9986168,0.16,5161151207.44,2023-07,503.04,1.52
MSFT,2023-07-31,525.26,526.25,523.63,524.35,524.35,12024417,1.45,6305003053.95,2023-07,504.64,1.43
MSFT,2023-08-01,516.58,519.06,509.91,514.46,514.46,10768149,-1.89,5539781934.54,2023-08,505.37,1.48
MSFT,2023-08-02,527.96,535.65,522.47,525.44,525.44,11374642,2.13,5976691892.48,2023-08,506.45,1.54
MSFT,2023-08-03,495.09,504.41,493.68,497.04,497.04,22568500,-5.41,11217447240.0,2023-08,506.55,1.95
MSFT,2023-08-04,505.43,508.11,498.05,503.6,503.6,23239505,1.32,11703414718.0,2023-08,506.73,1.96
MSFT,2023-08-07,507.08,508.8,504.98,506.61,506.61,24449169,0.6,12386193507.09,2023-08,506.85,1.95
MSFT,2023-08-08,511.81,517.3,502.3,509.43,509.43,24033573,0.56,12243423093.39,2023-08,507.16,1.96
MSFT,2023-08-09,510.67,513.76,509.24,510.75,510.75,20348530,0.26,10393011697.5,2023-08,507.43,1.96
MSFT,2023-08-10,517.33,519.49,508.84,515.87,515.87,9735461,1.0,5022232266.07,2023-08,508.19,1.95
MSFT,2023-08-11,517.17,518.14,513.22,515.17,515.17,17583974,-0.13,9058735885.58,2023-08,508.56,1.93
MSFT,2023-08-14,527.29,528.96,522.25,527.62,527.62,6881183,2.42,3630649774.46,2023-08,509.33,1.99
MSFT,2023-08-15,525.04,530.57,522.37,527.01,527.01,16001231,-0.12,8432808749.31,2023-08,510.93,1.81
MSFT,2023-08-16,516.55,518.97,510.12,516.62,516.62,30979897,-1.97,16004834388.14,2023-08,511.64,1.86
MSFT,2023-08-17,511.14,518.64,508.37,512.42,512.42,20515765,-0.81,10512688301.3,2023-08,512.71,1.79
MSFT,2023-08-18,508.3,513.22,506.23,507.17,507.17,18070836,-1.02,9164985894.12,2023-08,513.25,1.8
MSFT,2023-08-21,508.49,513.76,501.62,510.61,510.61,22528571,0.68,11503313638.31,2023-08,513.92,1.8
NVDA,2023-01-03,119.18,120.1,117.52,119.08,119.08,13152070,3.55,1566148495.6,2023-01,119.08,
NVDA,2023-01-04,120.81,121.48,120.44,120.85,120.85,12070791,1.48,1458755092.35,2023-01,119.96,1.46
NVDA,2023-01-05,119.63,120.38,118.66,119.45,119.45,25348737,-1.16,3027906634.65,2023-01,119.79,2.36
NVDA,2023-01-06,123.35,124.54,122.47,122.75,122.75,15463014,2.76,1898084968.5,2023-01,120.53,2.06
NVDA,2023-01-09,122.95,123.75,121.83,123.36,123.36,10309601,0.49,1271792379.36,2023-01,121.1,1.86
NVDA,2023-01-10,123.71,125.51,122.78,123.53,123.53,24609833,0.14,3040052670.49,2023-01,121.5,1.75
NVDA,2023-01-11,124.62,126.46,123.33,124.41,124.41,12853397,0.71,1599091120.77,2023-01,121.92,1.6
NVDA,2023-01-12,121.4,121.59,120.84,121.43,121.43,31834609,-2.4,3865676570.87,2023-01,121.86,1.94
NVDA,2023-01-13,124.27,125.71,122.72,124.21,124.21,7455531,2.29,926051505.51,2023-01,122.12,1.89
NVDA,2023-01-16,126.92,128.85,126.13,127.55,127.55,14945056,2.69,1906241892.8,2023-01,122.66,1.87
NVDA,2023-01-17,127.21,127.91,126.07,127.51,127.51,31429034,-0.03,4007516125.34,2023-01,123.1,1.81
NVDA,2023-01-18,127.98,128.81,126.53,128.39,128.39,17422337,0.69,2236853847.43,2023-01,123.54,1.73
NVDA,2023-01-19,127.95,128.72,126.01,127.79,127.79,14308786,-0.47,1828519762.94,2023-01,123.87,1.7
NVDA,2023-01-20,127.58,128.27,126.78,127.83,127.83,7809854,0.03,998333636.82,2023-01,124.15,1.64
NVDA,2023-01-23,126.59,128.06,125.1,127.11,127.11,15052588,-0.56,1913334460.68,2023-01,124.35,1.62
NVDA,2023-01-24,125.86,127.75,124.1,126.08,126.08,4424165,-0.81,557798723.2,2023-01,124.46,1.61
NVDA,2023-01-25,125.09,125.74,124.23,125.13,125.13,17572176,-0.76,2198806382.88,2023-01,124.5,1.59
NVDA,2023-01-26,122.79,123.84,121.99,122.52,122.52,29627304,-2.09,3629937286.08,2023-01,124.39,1.66
NVDA,2023-01-27,125.48,126.56,124.01,125.62,125.62,14937291,2.53,1876422495.42,2023-01,124.45,1.69
NVDA,2023-01-30,124.83,126.15,124.06,124.65,124.65,10733652,-0.77,1337949721.8,2023-01,124.46,1.67
NVDA,2023-01-31,128.28,130.0,126.89,128.12,128.12,31757117,2.79,4068721830.04,2023-01,124.91,1.6
NVDA,2023-02-01,126.56,127.15,124.54,126.2,126.2,21398815,-1.5,2700530453.0,2023-02,125.18,1.63
NVDA,2023-02-02,130.73,132.17,129.84,130.66,130.66,4750069,3.53,620644015.54,2023-02,125.74,1.75
NVDA,2023-02-03,128.29,130.39,128.13,128.58,128.58,12310662,-1.59,1582904919.96,2023-02,126.03,1.72
NVDA,2023-02-06,132.24,132.41,130.88,132.22,132.22,22296133,2.83,2947994705.26,2023-02,126.48,1.82
NVDA,2023-02-07,133.07,133.93,131.67,133.41,133.41,11039126,0.9,1472729799.66,2023-02,126.97,1.82
NVDA,2023-02-08,135.97,136.65,134.51,135.41,135.41,37635571,1.5,5096232669.11,2023-02,127.52,1.84
NVDA,2023-02-09,134.03,134.46,132.19,133.89,133.89,49777573,-1.12,6664719248.97,2023-02,128.14,1.75
NVDA,2023-02-10,139.39,141.41,137.01,138.94,138.94,20977434,3.77,2914604679.96,2023-02,128.88,1.86
NVDA,2023-02-13,143.47,144.06,141.43,143.39,143.39,14517550,3.2,2081671494.5,2023-02,129.67,1.89
NVDA,2023-02-14,146.44,147.37,144.42,146.31,146.31,14135281,2.04,2068132963.11,2023-02,130.61,1.91
NVDA,2023-02-15,142.94,145.03,142.15,142.78,142.78,10306241,-2.41,1471525089.98,2023-02,131.33,2.04
NVDA,2023-02-16,144.36,144.57,143.27,144.38,144.38,24957759,1.12,3603401244.42,2023-02,132.16,2.03
NVDA,2023-02-17,141.9,144.55,140.08,142.53,142.53,10977625,-1.28,1564640891.25,2023-02,132.9,2.07
NVDA,2023-02-20,145.22,146.15,144.98,145.59,145.59,21112015,2.15,3073698263.85,2023-02,133.82,2.08
NVDA,2023-02-21,143.19,144.44,142.83,143.54,143.54,8112325,-1.41,1164443130.5,2023-02,134.69,2.11
NVDA,2023-02-22,143.0,145.12,141.4,142.62,142.62,12570884,-0.64,1792859476.08,2023-02,135.57,2.1
NVDA,2023-02-23,143.7,143.85,142.22,143.41,143.41,12923949,0.55,1853423526.09,2023-02,136.61,2.0
NVDA,2023-02-24,139.4,139.97,138.57,139.75,139.75,41819421,-2.55,5844264084.75,2023-02,137.32,2.09
NVDA,2023-02-27,139.86,142.4,139.6,140.47,140.47,14945700,0.52,2099422479.0,2023-02,138.11,2.07
NVDA,2023-02-28,138.39,139.8,137.77,138.53,138.53,25215025,-1.38,3493037413.25,2023-02,138.63,2.05
NVDA,2023-03-01,134.23,135.29,132.53,134.44,134.44,9713139,-2.95,1305834407.16,2023-03,139.04,2.14
NVDA,2023-03-02,131.15,131.66,130.48,131.4,131.4,15341872,-2.26,2015921980.8,2023-03,139.08,2.08
NVDA,2023-03-03,132.18,134.66,131.46,132.68,132.68,20356487,0.98,2700898695.16,2023-03,139.28,2.05
NVDA,2023-03-06,129.28,130.65,128.13,129.61,129.61,18334177,-2.31,2376292680.97,2023-03,139.15,2.02
NVDA,2023-03-07,130.96,131.76,129.4,130.45,130.45,16473086,0.65,2148914068.7,2023-03,139.01,2.02
NVDA,2023-03-08,131.81,134.11,131.64,132.31,132.31,4118197,1.42,544878645.07,2023-03,138.85,2.01
NVDA,2023-03-09,132.9,134.1,131.78,132.35,132.35,17333988,0.03,2294153311.8,2023-03,138.77,2.0
NVDA,2023-03-10,131.02,131.95,130.83,131.13,131.13,14737519,-0.92,1932530866.47,2023-03,138.38,1.79
NVDA,2023-03-13,133.52,135.26,131.76,132.86,132.86,12309036,1.32,1635378522.96,2023-03,137.86,1.64
NVDA,2023-03-14,130.68,132.51,129.52,131.08,131.08,15996871,-1.34,2096869850.68,2023-03,137.1,1.55
NVDA,2023-03-15,134.72,135.1,132.76,134.49,134.49,8953474,2.6,1204152718.26,2023-03,136.68,1.64
NVDA,2023-03-16,136.25,138.19,135.25,135.89,135.89,20629553,1.04,2803349957.17,2023-03,136.26,1.63
NVDA,2023-03-17,137.84,139.21,136.36,138.06,138.06,13310055,1.6,1837586193.3,2023-03,136.03,1.67
NVDA,2023-03-20,141.86,142.84,140.47,141.92,141.92,11515421,2.8,1634268548.32,2023-03,135.85,1.72
NVDA,2023-03-21,142.47,144.43,141.03,143.0,143.0,6248713,0.76,893565959.0,2023-03,135.82,1.7
NVDA,2023-03-22,146.07,147.39,143.97,145.46,145.46,14477694,1.72,2105925369.24,2023-03,135.96,1.74
NVDA,2023-03-23,147.04,147.21,145.18,146.32,146.32,10057774,0.59,1471653491.68,2023-03,136.11,1.74
NVDA,2023-03-24,146.01,146.93,144.03,145.46,145.46,6730319,-0.59,978992201.74,2023-03,136.4,1.63
NVDA,2023-03-27,146.22,146.93,143.94,146.08,146.08,75385354,0.43,11012292512.32,2023-03,136.68,1.63
NVDA,2023-03-28,144.3,144.87,142.62,144.53,144.53,15216909,-1.06,2199299857.77,2023-03,136.98,1.62
NVDA,2023-03-29,146.66,146.9,144.04,145.96,145.96,9111092,0.99,1329854988.32,2023-03,137.55,1.44
NVDA,2023-03-30,153.15,155.24,151.59,153.39,153.39,13054709,5.09,2002461813.51,2023-03,138.65,1.64
NVDA,2023-03-31,150.45,151.08,148.6,150.18,150.18,4425496,-2.1,664620989.28,2023-03,139.53,1.76
NVDA,2023-04-03,149.1,150.34,147.17,149.83,149.83,10309621,-0.23,1544690514.43,2023-04,140.54,1.64
NVDA,2023-04-04,149.9,151.49,149.02,150.5,150.5,18382019,0.45,2766493859.5,2023-04,141.54,1.64
NVDA,2023-04-05,148.99,149.41,146.62,148.73,148.73,17814098,-1.18,2649490795.54,2023-04,142.36,1.68
NVDA,2023-04-06,147.5,148.88,145.09,147.18,147.18,7785815,-1.04,1145916251.7,2023-04,143.1,1.72
NVDA,2023-04-07,145.06,146.1,143.96,144.71,144.71,35533187,-1.68,5142007490.77,2023-04,143.78,1.76
NVDA,2023-04-10,139.27,141.19,137.21,139.66,139.66,51056220,-3.49,7130511685.2,2023-04,144.12,1.96
NVDA,2023-04-11,137.35,139.02,135.4,137.1,137.1,7761170,-1.83,1064056407.0,2023-04,144.42,1.99
NVDA,2023-04-12,139.37,140.85,137.26,138.97,138.97,9319298,1.36,1295102843.06,2023-04,144.65,1.93
NVDA,2023-04-13,140.76,141.37,138.68,140.09,140.09,14366792,0.8,2012643891.28,2023-04,144.86,1.92
NVDA,2023-04-14,143.91,144.74,143.44,144.52,144.52,11950973,3.16,1727154617.96,2023-04,145.18,2.01
NVDA,2023-04-17,146.97,148.85,145.59,146.39,146.39,28022074,1.3,4102151412.86,2023-04,145.4,1.94
NVDA,2023-04-18,148.76,149.97,147.47,148.48,148.48,12444448,1.43,1847751639.04,2023-04,145.68,1.96
NVDA,2023-04-19,149.65,151.57,148.27,149.18,149.18,33723203,0.47,5030827423.54,2023-04,145.86,1.92
NVDA,2023-04-20,150.35,151.74,149.83,150.13,150.13,29292473,0.64,4397678971.49,2023-04,146.05,1.93
NVDA,2023-04-21,156.16,157.79,155.05,155.41,155.41,16975730,3.52,2638198199.3,2023-04,146.55,2.06
NVDA,2023-04-24,159.92,160.24,158.99,160.04,160.04,8455313,2.98,1353188292.52,2023-04,147.25,2.14
NVDA,2023-04-25,162.99,163.56,162.75,162.92,162.92,11442957,1.8,1864286554.44,2023-04,148.17,2.13
NVDA,2023-04-26,162.78,165.34,160.61,163.28,163.28,12483210,0.22,2038258528.8,2023-04,149.03,2.13
NVDA,2023-04-27,163.48,164.48,163.1,164.02,164.02,5901219,0.45,967917940.38,2023-04,149.57,1.84
NVDA,2023-04-28,163.97,164.89,163.21,163.76,163.76,10525336,-0.16,1723629023.36,2023-04,150.24,1.76
NVDA,2023-05-01,160.44,161.87,159.51,161.03,161.03,13174652,-1.67,2121514211.56,2023-05,150.8,1.82
NVDA,2023-05-02,163.32,164.18,162.19,163.87,163.87,7123055,1.76,1167255022.85,2023-05,151.47,1.84
NVDA,2023-05-03,160.12,161.02,159.94,160.18,160.18,14976809,-2.25,2398985265.62,2023-05,152.05,1.91
NVDA,2023-05-04,165.86,168.38,164.62,166.6,166.6,25355947,4.01,4224300770.2,2023-05,153.02,2.04
NVDA,2023-05-05,167.8,169.57,167.32,167.99,167.99,30986364,0.84,5205399288.36,2023-05,154.18,1.96
NVDA,2023-05-08,168.08,169.86,165.83,168.33,168.33,21882699,0.2,3683514722.67,2023-05,155.61,1.7
NVDA,2023-05-09,169.81,170.29,167.04,169.57,169.57,10563806,0.74,1791304583.42,2023-05,157.24,1.57
NVDA,2023-05-10,167.75,170.09,165.22,167.56,167.56,21817943,-1.19,3655814529.08,2023-05,158.67,1.64
NVDA,2023-05-11,170.34,171.59,169.54,170.5,170.5,15541650,1.75,2649851325.0,2023-05,160.19,1.65
NVDA,2023-05-12,171.56,173.34,169.9,171.37,171.37,16419057,0.51,2813733798.09,2023-05,161.53,1.58
NVDA,2023-05-15,172.52,175.14,171.47,173.25,173.25,18921582,1.1,3278164081.5,2023-05,162.87,1.57
NVDA,2023-05-16,173.9,176.47,173.22,174.28,174.28,16871583,0.6,2940379485.24,2023-05,164.16,1.57
NVDA,2023-05-17,171.56,171.84,168.66,171.02,171.02,25058758,-1.87,4285548793.16,2023-05,165.26,1.68
NVDA,2023-05-18,170.53,172.04,168.92,170.59,170.59,11383362,-0.25,1941887723.58,2023-05,166.28,1.69
NVDA,2023-05-19,170.58,172.21,169.14,170.02,170.02,40149713,-0.33,6826254204.26,2023-05,167.01,1.56
NVDA,2023-05-22,170.18,172.7,169.42,170.35,170.35,11338152,0.19,1931454193.2,2023-05,167.52,1.45
NVDA,2023-05-23,171.89,175.29,169.33,172.73,172.73,20412893,1.4,3525919007.89,2023-05,168.02,1.43
NVDA,2023-05-24,170.6,173.39,170.0,171.09,171.09,40112011,-0.95,6862763961.99,2023-05,168.41,1.46
NVDA,2023-05-25,171.09,171.99,168.59,170.57,170.57,11456309,-0.3,1954102626.13,2023-05,168.73,1.46
NVDA,2023-05-26,167.73,168.19,165.32,167.79,167.79,6888656,-1.63,1155847590.24,2023-05,168.93,1.51
NVDA,2023-05-29,170.52,170.94,168.7,170.77,170.77,7271842,1.77,1241812458.34,2023-05,169.42,1.49
NVDA,2023-05-30,170.2,171.91,168.78,170.18,170.18,16268094,-0.35,2768504236.92,2023-05,169.74,1.46
NVDA,2023-05-31,172.29,174.74,169.97,172.04,172.04,21635175,1.09,3722115507.0,2023-05,170.33,1.35
NVDA,2023-06-01,175.15,177.58,172.75,174.89,174.89,18749557,1.66,3279110023.73,2023-06,170.74,1.1
NVDA,2023-06-02,177.34,178.71,176.08,177.03,177.03,15180464,1.22,2687397541.92,2023-06,171.2,1.11
NVDA,2023-06-05,174.4,176.3,173.19,174.19,174.19,4872790,-1.6,848791290.1,2023-06,171.49,1.19
NVDA,2023-06-06,167.27,167.65,164.76,167.11,167.11,21774535,-4.06,3638742543.85,2023-06,171.37,1.51
NVDA,2023-06-07,162.28,164.37,161.22,162.72,162.72,11126967,-2.63,1810580070.24,2023-06,171.12,1.6
NVDA,2023-06-08,164.4,166.8,162.37,164.25,164.25,15192705,0.94,2495401796.25,2023-06,170.81,1.56
NVDA,2023-06-09,162.76,163.48,161.72,162.34,162.34,40982386,-1.16,6653080543.24,2023-06,170.36,1.56
NVDA,2023-06-12,164.65,166.78,163.28,164.22,164.22,4454087,1.16,731450167.14,2023-06,169.91,1.57
NVDA,2023-06-13,159.37,161.28,158.18,159.74,159.74,19268581,-2.73,3077963128.94,2023-06,169.18,1.65
NVDA,2023-06-14,157.12,159.35,155.8,157.41,157.41,13027815,-1.46,2050708359.15,2023-06,168.5,1.63
NVDA,2023-06-15,159.55,159.85,157.99,158.92,158.92,23884214,0.96,3795679288.88,2023-06,167.92,1.66
NVDA,2023-06-16,157.46,158.55,154.77,156.74,156.74,19885229,-1.37,3116810793.46,2023-06,167.25,1.67
NVDA,2023-06-19,162.01,163.78,160.55,161.62,161.62,17998550,3.12,2908925651.0,2023-06,166.82,1.85
NVDA,2023-06-20,162.96,163.68,160.54,163.23,163.23,13556208,1.0,2212779831.84,2023-06,166.34,1.83
NVDA,2023-06-21,163.38,166.27,161.07,163.82,163.82,12073411,0.36,1977866190.02,2023-06,165.98,1.83
NVDA,2023-06-22,165.48,166.85,164.45,164.77,164.77,11606904,0.58,1912469572.08,2023-06,165.69,1.83
NVDA,2023-06-23,164.62,167.17,163.16,165.42,165.42,11794486,0.39,1951043874.12,2023-06,165.57,1.8
NVDA,2023-06-26,168.01,168.43,165.78,167.49,167.49,25037783,1.25,4193578274.67,2023-06,165.41,1.78
NVDA,2023-06-27,161.29,162.89,160.21,161.24,161.24,22452081,-3.73,3620173540.44,2023-06,164.96,1.96
NVDA,2023-06-28,163.92,165.74,161.63,163.39,163.39,44808628,1.34,7321281728.92,2023-06,164.53,1.97
NVDA,2023-06-29,165.42,167.13,164.99,165.43,165.43,4553860,1.25,753345059.8,2023-06,164.05,1.95
NVDA,2023-06-30,169.68,170.98,168.2,169.46,169.46,8436759,2.44,1429693180.14,2023-06,163.68,2.02
NVDA,2023-07-03,169.2,169.77,166.7,169.45,169.45,27949832,-0.0,4736099032.4,2023-07,163.44,1.99
NVDA,2023-07-04,167.07,169.19,165.05,167.87,167.87,19981562,-0.93,3354304812.94,2023-07,163.48,1.77
NVDA,2023-07-05,168.94,170.65,167.91,168.86,168.86,11155240,0.59,1883673826.4,2023-07,163.78,1.66
NVDA,2023-07-06,171.7,174.58,169.9,172.27,172.27,45548623,2.02,7846661284.21,2023-07,164.18,1.7
NVDA,2023-07-07,169.48,171.76,167.13,169.2,169.2,12430238,-1.78,2103196269.6,2023-07,164.53,1.74
NVDA,2023-07-10,169.02,169.76,166.81,169.35,169.35,7958163,0.09,1347714904.05,2023-07,164.78,1.72
NVDA,2023-07-11,165.7,167.39,165.42,166.26,166.26,17008783,-1.83,2827880261.58,2023-07,165.11,1.65
NVDA,2023-07-12,170.03,170.64,167.27,169.68,169.68,9669310,2.06,1640688520.8,2023-07,165.72,1.65
NVDA,2023-07-13,170.47,172.43,168.97,170.8,170.8,16930185,0.66,2891675598.0,2023-07,166.32,1.65
NVDA,2023-07-14,169.87,170.51,167.44,169.08,169.08,16378241,-1.0,2769232988.28,2023-07,166.93,1.63
NVDA,2023-07-17,165.84,168.65,164.31,166.29,166.29,10678142,-1.65,1775668233.18,2023-07,167.17,1.56
NVDA,2023-07-18,165.19,166.25,164.36,165.33,165.33,14335746,-0.58,2370128886.18,2023-07,167.27,1.55
NVDA,2023-07-19,164.85,165.9,161.95,164.16,164.16,8624080,-0.71,1415728972.8,2023-07,167.29,1.56
NVDA,2023-07-20,158.65,160.63,157.56,158.78,158.78,30142179,-3.28,4785975181.62,2023-07,166.99,1.72
NVDA,2023-07-21,164.03,166.45,161.81,164.16,164.16,24883245,3.39,4084833499.2,2023-07,166.93,1.89
NVDA,2023-07-24,157.98,160.52,157.19,158.4,158.4,8504097,-3.51,1347048964.8,2023-07,166.47,2.02
NVDA,2023-07-25,159.44,160.59,158.93,160.13,160.13,10291712,1.09,1648011842.56,2023-07,166.42,1.87
NVDA,2023-07-26,157.78,159.46,156.87,158.41,158.41,11430553,-1.08,1810713900.73,2023-07,166.17,1.85
NVDA,2023-07-27,157.41,159.19,156.4,158.16,158.16,16352099,-0.16,2586247977.84,2023-07,165.8,1.82
NVDA,2023-07-28,160.84,161.23,158.75,160.22,160.22,11386612,1.3,1824362974.64,2023-07,165.34,1.75
NVDA,2023-07-31,161.49,163.38,160.95,162.28,162.28,20049102,1.28,3253568272.56,2023-07,164.98,1.78
NVDA,2023-08-01,163.22,164.22,161.61,163.01,163.01,14306604,0.45,2332119518.04,2023-08,164.74,1.78
NVDA,2023-08-02,165.06,166.09,164.08,165.76,165.76,9765303,1.69,1618696625.28,2023-08,164.59,1.82
NVDA,2023-08-03,166.7,166.95,164.67,166.09,166.09,14961362,0.2,2484932614.58,2023-08,164.28,1.76
NVDA,2023-08-04,162.09,163.22,161.39,162.23,162.23,20909638,-2.32,3392170572.74,2023-08,163.93,1.79
NVDA,2023-08-07,164.61,164.93,163.73,164.75,164.75,32200955,1.56,5305107336.25,2023-08,163.7,1.83
NVDA,2023-08-08,161.24,163.14,160.5,160.73,160.73,9374035,-2.44,1506688645.55,2023-08,163.42,1.86
NVDA,2023-08-09,158.63,159.7,156.52,157.9,157.9,21599468,-1.76,3410555997.2,2023-08,162.83,1.82
NVDA,2023-08-10,158.67,159.44,156.42,159.18,159.18,13796919,0.81,2196193566.42,2023-08,162.25,1.82
NVDA,2023-08-11,157.69,157.93,156.91,157.12,157.12,33889408,-1.29,5324703784.96,2023-08,161.65,1.83
NVDA,2023-08-14,155.91,156.84,155.01,156.22,156.22,22221554,-0.58,3471451165.88,2023-08,161.15,1.81
NVDA,2023-08-15,153.74,155.98,152.64,154.01,154.01,23794121,-1.41,3664532575.21,2023-08,160.58,1.82
NVDA,2023-08-16,156.38,159.03,155.02,156.69,156.69,18490575,1.74,2897288196.75,2023-08,160.21,1.88
NVDA,2023-08-17,161.46,163.55,158.94,160.88,160.88,36700946,2.67,5904448192.48,2023-08,160.32,1.84
NVDA,2023-08-18,162.82,165.24,160.45,162.1,162.1,9769411,0.76,1583621523.1,2023-08,160.21,1.68
NVDA,2023-08-21,162.34,163.7,160.9,162.88,162.88,16133029,0.48,2627747763.52,2023-08,160.44,1.47
AMZN,2023-01-03,179.58,180.38,178.49,179.6,179.6,42034673,-0.22,7549427270.8,2023-01,179.6,
AMZN,2023-01-04,177.69,180.14,175.8,177.09,177.09,23076466,-1.4,4086611363.94,2023-01,178.34,0.83
AMZN,2023-01-05,180.73,182.16,178.77,180.08,180.08,25998694,1.69,4681844815.52,2023-01,178.92,1.56
AMZN,2023-01-06,181.51,184.36,179.51,182.2,182.2,21859600,1.18,3982819120.0,2023-01,179.74,1.4
AMZN,2023-01-09,188.47,191.18,188.23,188.74,188.74,8559268,3.59,1615476242.32,2023-01,181.54,1.9
AMZN,2023-01-10,188.63,190.89,186.03,189.06,189.06,15336360,0.17,2899492221.6,2023-01,182.8,1.73
AMZN,2023-01-11,186.02,187.42,183.87,186.28,186.28,14083653,-1.47,2623502880.84,2023-01,183.29,1.8
AMZN,2023-01-12,191.81,192.8,190.53,191.53,191.53,19067920,2.82,3652078717.6,2023-01,184.32,1.86
AMZN,2023-01-13,188.79,191.13,188.33,189.55,189.55,11268616,-1.03,2135966162.8,2023-01,184.9,1.84
AMZN,2023-01-16,192.74,194.1,189.63,192.18,192.18,15581657,1.38,2994482842.26,2023-01,185.63,1.76
AMZN,2023-01-17,196.88,198.24,196.08,196.88,196.88,22146590,2.44,4360220639.2,2023-01,186.65,1.75
AMZN,2023-01-18,202.67,205.19,200.93,202.59,202.59,17559668,2.9,3557413140.12,2023-01,187.98,1.77
AMZN,2023-01-19,197.38,198.9,194.51,198.09,198.09,15379171,-2.22,3046459983.39,2023-01,188.76,1.92
AMZN,2023-01-20,205.21,206.62,204.8,205.02,205.02,7943674,3.5,1628612043.48,2023-01,189.92,1.98
AMZN,2023-01-23,208.45,209.94,206.43,208.07,208.07,10882866,1.49,2264397928.62,2023-01,191.13,1.92
AMZN,2023-01-24,209.37,210.1,206.29,208.7,208.7,8694747,0.3,1814593698.9,2023-01,192.23,1.86
AMZN,2023-01-25,207.32,210.0,204.3,206.39,206.39,5616507,-1.11,1159190879.73,2023-01,193.06,1.87
AMZN,2023-01-26,196.57,197.31,194.43,196.6,196.6,16045075,-4.74,3154461745.0,2023-01,193.26,2.24
AMZN,2023-01-27,193.67,195.12,193.03,194.02,194.02,12433916,-1.31,2412428382.32,2023-01,193.3,2.21
AMZN,2023-01-30,190.34,191.54,189.6,190.8,190.8,9532132,-1.66,1818730785.6,2023-01,193.17,2.2
AMZN,2023-01-31,198.53,201.5,197.37,199.48,199.48,20066899,4.55,4002945012.52,2023-01,194.17,2.39
AMZN,2023-02-01,200.57,202.29,200.01,201.1,201.1,19731041,0.81,3967912345.1,2023-02,195.37,2.35
AMZN,2023-02-02,208.3,211.15,205.33,207.42,207.42,16388577,3.14,3399318641.34,2023-02,196.74,2.4
AMZN,2023-02-03,203.7,205.05,202.16,203.97,203.97,27040803,-1.67,5515512587.91,2023-02,197.82,2.46
AMZN,2023-02-06,207.15,209.84,205.12,206.52,206.52,14799940,1.25,3056483608.8,2023-02,198.71,2.36
AMZN,2023-02-07,205.05,206.24,203.88,205.94,205.94,7664483,-0.28,1578423629.02,2023-02,199.56,2.37
AMZN,2023-02-08,206.21,207.74,204.47,206.87,206.87,7268769,0.45,1503690243.03,2023-02,200.59,2.33
AMZN,2023-02-09,210.57,211.32,208.37,209.63,209.63,9683793,1.34,2030013526.59,2023-02,201.49,2.27
AMZN,2023-02-10,213.49,215.28,212.38,214.45,214.45,16645073,2.3,3569535904.85,2023-02,202.74,2.28
AMZN,2023-02-13,214.56,215.6,213.22,214.81,214.81,29791930,0.17,6399604483.3,2023-02,203.87,2.27
AMZN,2023-02-14,211.48,212.89,208.9,210.61,210.61,22721062,-1.96,4785282867.82,2023-02,204.55,2.3
AMZN,2023-02-15,213.08,216.83,210.8,213.96,213.96,15246182,1.59,3262073100.72,2023-02,205.12,2.24
AMZN,2023-02-16,215.22,215.65,213.72,214.95,214.95,24575226,0.46,5282444828.7,2023-02,205.97,2.16
AMZN,2023-02-17,218.75,221.58,217.37,217.81,217.81,11680813,1.33,2544197879.53,2023-02,206.6,2.05
AMZN,2023-02-20,219.36,220.21,216.87,219.33,219.33,15963650,0.7,3501307354.5,2023-02,207.17,2.03
AMZN,2023-02-21,217.69,218.57,215.53,217.21,217.21,8383624,-0.97,1821006969.04,2023-02,207.59,2.05
AMZN,2023-02-22,216.47,218.98,214.34,215.79,215.79,8445033,-0.66,1822353671.07,2023-02,208.06,2.04
AMZN,2023-02-23,213.79,214.36,212.33,212.87,212.87,7387805,-1.35,1572642050.35,2023-02,208.88,1.72
AMZN,2023-02-24,209.5,212.06,207.11,208.61,208.61,17068619,-2.0,3560684609.59,2023-02,209.61,1.76
AMZN,2023-02-27,207.27,210.05,206.08,207.01,207.01,13811186,-0.77,2859053613.86,2023-02,210.42,1.72
AMZN,2023-02-28,207.1,208.35,205.57,206.86,206.86,16277044,-0.07,3367069321.84,2023-02,210.79,1.42
AMZN,2023-03-01,201.58,204.36,201.37,201.7,201.7,13789240,-2.49,2781289708.0,2023-03,210.82,1.53
AMZN,2023-03-02,208.85,211.72,207.63,209.25,209.25,22027038,3.74,4609157701.5,2023-03,210.91,1.6
AMZN,2023-03-03,212.01,214.22,207.96,210.99,210.99,46604928,0.83,9833173758.72,2023-03,211.26,1.55
AMZN,2023-03-06,206.66,209.38,204.18,206.88,206.88,10969520,-1.95,2269374297.6,2023-03,211.28,1.6
AMZN,2023-03-07,208.32,210.19,206.7,208.12,208.12,31874449,0.6,6633710325.88,2023-03,211.39,1.6
AMZN,2023-03-08,210.11,212.09,206.9,209.26,209.26,10928210,0.55,2286837224.6,2023-03,211.51,1.61
AMZN,2023-03-09,201.63,204.81,199.75,202.38,202.38,10154330,-3.29,2055033305.4,2023-03,211.14,1.74
AMZN,2023-03-10,211.05,211.62,208.63,210.35,210.35,7646216,3.94,1608381535.6,2023-03,210.94,1.89
AMZN,2023-03-13,207.98,211.34,205.21,208.25,208.25,19031623,-1.0,3963335489.75,2023-03,210.61,1.9
AMZN,2023-03-14,210.59,211.62,209.1,209.74,209.74,15639031,0.72,3280130361.94,2023-03,210.57,1.86
AMZN,2023-03-15,201.14,202.93,199.65,201.98,201.98,24575118,-3.7,4963682333.64,2023-03,209.97,2.0
AMZN,2023-03-16,203.76,204.75,202.86,203.71,203.71,5254539,0.86,1070402139.69,2023-03,209.41,2.01
AMZN,2023-03-17,205.1,206.91,202.07,204.97,204.97,15627291,0.62,3203125836.27,2023-03,208.76,1.98
AMZN,2023-03-20,212.66,215.78,212.22,212.79,212.79,21123786,3.82,4494930422.94,2023-03,208.44,2.18
AMZN,2023-03-21,207.49,210.19,205.91,206.48,206.48,20593121,-2.96,4252067624.08,2023-03,207.9,2.26
AMZN,2023-03-22,205.71,206.0,204.14,204.96,204.96,13772041,-0.74,2822717523.36,2023-03,207.36,2.26
AMZN,2023-03-23,211.21,213.33,208.88,210.31,210.31,10610717,2.61,2231539892.27,2023-03,207.23,2.33
AMZN,2023-03-24,208.53,210.93,206.08,209.52,209.52,39086047,-0.38,8189308567.44,2023-03,207.28,2.29
AMZN,2023-03-27,207.6,209.95,206.83,207.74,207.74,29605422,-0.85,6150230366.28,2023-03,207.31,2.29
AMZN,2023-03-28,210.07,212.57,207.53,209.52,209.52,11493182,0.86,2408051492.64,2023-03,207.44,2.3
AMZN,2023-03-29,206.11,208.26,205.89,206.22,206.22,15660899,-1.57,3229590591.78,2023-03,207.67,2.25
AMZN,2023-03-30,203.62,204.54,201.33,204.21,204.21,9489631,-0.98,1937877546.51,2023-03,207.42,2.09
AMZN,2023-03-31,208.89,210.51,207.97,208.91,208.91,13817082,2.3,2886526600.62,2023-03,207.32,2.15
AMZN,2023-04-03,211.93,215.68,210.61,212.76,212.76,30306468,1.84,6448004131.68,2023-04,207.61,2.14
AMZN,2023-04-04,217.79,220.0,217.44,217.67,217.67,16789155,2.31,3654495368.85,2023-04,208.09,2.19
AMZN,2023-04-05,212.82,216.57,212.16,213.38,213.38,17887086,-1.97,3816746410.68,2023-04,208.29,2.25
AMZN,2023-04-06,219.95,220.62,218.18,219.38,219.38,29553802,2.81,6483513082.76,2023-04,209.14,2.17
AMZN,2023-04-07,218.2,219.93,216.88,217.34,217.34,21322685,-0.93,4634272357.9,2023-04,209.49,2.03
AMZN,2023-04-10,219.48,220.91,218.19,219.77,219.77,14858742,1.12,3265505729.34,2023-04,210.07,2.02
AMZN,2023-04-11,216.42,217.63,212.82,215.75,215.75,15434189,-1.83,3329926276.75,2023-04,210.37,2.07
AMZN,2023-04-12,214.93,217.43,212.82,214.74,214.74,10478096,-0.47,2250066335.04,2023-04,211.01,1.87
AMZN,2023-04-13,217.64,220.87,217.23,217.7,217.7,6986414,1.38,1520942327.8,2023-04,211.71,1.88
AMZN,2023-04-14,220.7,222.2,218.45,219.98,219.98,15714562,1.05,3456889348.76,2023-04,212.46,1.88
AMZN,2023-04-17,221.04,223.92,219.97,221.53,221.53,11259927,0.7,2494411628.31,2023-04,212.89,1.7
AMZN,2023-04-18,224.22,225.63,220.79,224.08,224.08,23214498,1.15,5201904711.84,2023-04,213.77,1.54
AMZN,2023-04-19,225.35,226.89,223.72,225.34,225.34,11798361,0.56,2658642667.74,2023-04,214.79,1.52
AMZN,2023-04-20,230.98,233.23,227.41,230.85,230.85,21586852,2.45,4983324784.2,2023-04,215.82,1.51
AMZN,2023-04-21,230.62,231.92,228.35,231.2,231.2,12732420,0.15,2943735504.0,2023-04,216.9,1.49
AMZN,2023-04-24,229.49,229.92,228.0,228.92,228.92,22942706,-0.98,5252044257.52,2023-04,217.96,1.5
AMZN,2023-04-25,230.7,234.6,228.35,231.44,231.44,7568931,1.1,1751753390.64,2023-04,219.06,1.51
AMZN,2023-04-26,225.57,226.51,222.89,226.16,226.16,19566205,-2.28,4425092922.8,2023-04,220.06,1.56
AMZN,2023-04-27,221.11,222.3,220.45,221.61,221.61,9361927,-2.01,2074696642.47,2023-04,220.93,1.63
AMZN,2023-04-28,214.29,216.94,212.55,213.4,213.4,12382726,-3.7,2642473728.4,2023-04,221.15,1.81
AMZN,2023-05-01,210.3,213.27,208.82,211.23,211.23,6729133,-1.01,1421394763.59,2023-05,221.07,1.78
AMZN,2023-05-02,215.29,215.72,214.09,214.98,214.98,41915505,1.77,9010995264.9,2023-05,220.94,1.74
AMZN,2023-05-03,210.11,211.26,208.48,210.23,210.23,14583113,-2.21,3065807845.99,2023-05,220.78,1.76
AMZN,2023-05-04,215.55,216.98,213.04,216.61,216.61,17053515,3.03,3693961884.15,2023-05,220.64,1.78
AMZN,2023-05-05,215.21,217.7,214.54,215.98,215.98,15057766,-0.29,3252176300.68,2023-05,220.58,1.77
AMZN,2023-05-08,218.88,219.87,216.65,219.6,219.6,15567791,1.68,3418686903.6,2023-05,220.57,1.79
AMZN,2023-05-09,222.92,223.43,219.63,222.53,222.53,17926169,1.34,3989110387.57,2023-05,220.91,1.76
AMZN,2023-05-10,225.05,227.99,221.38,224.62,224.62,22312840,0.94,5011910120.8,2023-05,221.4,1.76
AMZN,2023-05-11,221.98,224.62,219.46,221.44,221.44,6030757,-1.42,1335450830.08,2023-05,221.59,1.78
AMZN,2023-05-12,213.66,216.36,211.88,214.23,214.23,21694572,-3.26,4647628159.56,2023-05,221.3,1.91
AMZN,2023-05-15,215.12,216.37,214.78,215.46,215.46,9415647,0.57,2028695302.62,2023-05,221.0,1.91
AMZN,2023-05-16,216.64,219.35,214.12,217.46,217.46,12086556,0.93,2628342467.76,2023-05,220.66,1.9
AMZN,2023-05-17,216.76,219.3,214.52,216.62,216.62,19349994,-0.39,4191595700.28,2023-05,220.23,1.9
AMZN,2023-05-18,220.36,223.58,218.69,219.36,219.36,16841101,1.26,3694263915.36,2023-05,219.65,1.83
AMZN,2023-05-19,219.9,222.97,217.37,220.31,220.31,16065431,0.43,3539375103.61,2023-05,219.11,1.83
AMZN,2023-05-22,220.33,223.21,217.03,219.82,219.82,14049642,-0.22,3088392304.44,2023-05,218.65,1.82
AMZN,2023-05-23,217.5,218.64,217.23,218.17,218.17,11339426,-0.75,2473922570.42,2023-05,217.99,1.8
AMZN,2023-05-24,223.85,226.7,221.18,223.41,223.41,29563417,2.4,6604762991.97,2023-05,217.85,1.83
AMZN,2023-05-25,221.06,221.85,219.85,220.68,220.68,5635198,-1.22,1243575494.64,2023-05,217.81,1.79
AMZN,2023-05-26,225.94,227.2,224.85,225.76,225.76,14735064,2.3,3326588048.64,2023-05,218.42,1.64
AMZN,2023-05-29,225.7,227.41,222.53,225.84,225.84,29877726,0.03,6747585639.84,2023-05,219.16,1.61
AMZN,2023-05-30,228.63,229.65,225.04,228.0,228.0,5323499,0.96,1213757772.0,2023-05,219.81,1.58
AMZN,2023-05-31,231.93,234.36,229.09,232.21,232.21,25239912,1.85,5860959965.52,2023-05,220.91,1.5
AMZN,2023-06-01,234.9,236.1,231.88,235.43,235.43,7692411,1.39,1811024321.73,2023-06,221.85,1.4
AMZN,2023-06-02,236.34,238.36,234.35,237.39,237.39,15140078,0.83,3594103116.42,2023-06,222.92,1.39
AMZN,2023-06-05,242.01,243.61,241.13,242.66,242.66,14667453,2.22,3559204144.98,2023-06,224.07,1.42
AMZN,2023-06-06,241.4,242.06,239.1,241.73,241.73,10126809,-0.38,2447953539.57,2023-06,225.03,1.42
AMZN,2023-06-07,246.43,249.73,244.4,247.22,247.22,12401191,2.27,3065822439.02,2023-06,226.16,1.47
AMZN,2023-06-08,246.66,249.31,243.84,246.57,246.57,21425951,-0.26,5282996738.07,2023-06,227.42,1.42
AMZN,2023-06-09,243.13,245.87,241.32,243.37,243.37,9648926,-1.3,2348259120.62,2023-06,228.87,1.19
AMZN,2023-06-12,242.18,242.59,238.25,241.52,241.52,16382616,-0.76,3956729416.32,2023-06,230.18,1.23
AMZN,2023-06-13,244.03,246.08,242.43,243.8,243.8,48556602,0.94,11838099567.6,2023-06,231.49,1.23
AMZN,2023-06-14,258.19,259.5,255.1,256.93,256.93,18644114,5.38,4790232210.02,2023-06,233.51,1.61
AMZN,2023-06-15,249.7,250.12,247.91,248.77,248.77,24591251,-3.17,6117565511.27,2023-06,234.98,1.84
AMZN,2023-06-16,244.88,245.61,243.51,245.18,245.18,13525137,-1.44,3316093089.66,2023-06,236.22,1.9
AMZN,2023-06-19,247.42,249.57,246.89,247.42,247.42,28029091,0.91,6934957695.22,2023-06,237.6,1.89
AMZN,2023-06-20,242.91,246.62,239.95,243.37,243.37,9175860,-1.64,2233129048.2,2023-06,238.86,1.93
AMZN,2023-06-21,244.92,247.6,242.73,244.02,244.02,5834795,0.27,1423806675.9,2023-06,239.89,1.89
AMZN,2023-06-22,239.28,241.84,237.74,239.11,239.11,23088571,-2.01,5520708211.81,2023-06,240.82,1.93
AMZN,2023-06-23,231.68,233.44,227.25,230.63,230.63,12059159,-3.55,2781203840.17,2023-06,241.06,2.07
AMZN,2023-06-26,231.71,233.59,228.49,230.93,230.93,14215230,0.13,3282723063.9,2023-06,241.31,2.07
AMZN,2023-06-27,221.67,222.35,218.75,221.84,221.84,27340021,-3.94,6065110258.64,2023-06,241.01,2.25
AMZN,2023-06-28,222.47,225.73,220.74,222.55,222.55,59174172,0.32,13169211978.6,2023-06,240.52,2.2
AMZN,2023-06-29,228.92,232.03,225.79,228.55,228.55,12822915,2.7,2930677223.25,2023-06,240.18,2.27
AMZN,2023-06-30,225.7,229.73,222.47,226.7,226.7,14283531,-0.81,3238076477.7,2023-06,239.64,2.27
AMZN,2023-07-03,226.93,227.58,225.28,226.31,226.31,25842668,-0.17,5848454195.08,2023-07,238.83,2.19
AMZN,2023-07-04,231.0,232.88,227.15,230.05,230.05,15254572,1.65,3509314288.6,2023-07,238.24,2.24
AMZN,2023-07-05,232.41,233.6,230.68,232.12,232.12,23581015,0.9,5473625201.8,2023-07,237.49,2.18
AMZN,2023-07-06,237.89,241.18,235.94,237.05,237.05,27080407,2.12,6419410479.35,2023-07,237.01,2.24
AMZN,2023-07-07,233.26,235.2,232.34,233.3,233.3,24854444,-1.58,5798541785.2,2023-07,236.51,2.25
AMZN,2023-07-10,236.47,237.08,232.85,236.29,236.29,9983948,1.28,2359107072.92,2023-07,236.25,2.27
AMZN,2023-07-11,242.06,243.07,238.63,242.47,242.47,27927554,2.62,6771594018.38,2023-07,236.18,2.34
AMZN,2023-07-12,242.13,245.6,241.81,243.17,243.17,16739953,0.29,4070654371.01,2023-07,235.49,1.97
AMZN,2023-07-13,241.98,244.44,239.98,241.76,241.76,16569958,-0.58,4005953046.08,2023-07,235.14,1.85
AMZN,2023-07-14,240.21,244.78,238.01,241.22,241.22,24452471,-0.22,5898425054.62,2023-07,234.94,1.82
AMZN,2023-07-17,244.79,248.36,241.78,245.94,245.94,9758818,1.96,2400083698.92,2023-07,234.87,1.87
AMZN,2023-07-18,239.14,240.47,236.25,238.38,238.38,10558300,-3.07,2516887554.0,2023-07,234.62,1.96
AMZN,2023-07-19,241.91,245.72,238.66,242.8,242.8,21712977,1.86,5271910815.6,2023-07,234.56,2.01
AMZN,2023-07-20,243.7,245.91,241.7,243.93,243.93,13556991,0.47,3306956814.63,2023-07,234.8,1.95
AMZN,2023-07-21,247.38,250.79,246.87,248.2,248.2,21408718,1.75,5313643807.6,2023-07,235.68,1.78
AMZN,2023-07-24,248.03,250.13,243.18,246.85,246.85,15045366,-0.55,3713948597.1,2023-07,236.47,1.79
AMZN,2023-07-25,245.89,249.19,244.42,245.09,245.09,12155411,-0.71,2979169681.99,2023-07,237.64,1.51
AMZN,2023-07-26,240.14,240.7,239.66,240.02,240.02,5103334,-2.07,1224902226.68,2023-07,238.51,1.61
AMZN,2023-07-27,237.97,242.16,236.04,239.08,239.08,29243823,-0.39,6991613202.84,2023-07,239.04,1.53
AMZN,2023-07-28,243.19,244.95,240.88,242.28,242.28,15891756,1.34,3850254643.68,2023-07,239.82,1.53
AMZN,2023-07-31,243.94,247.25,241.18,243.03,243.03,27515390,0.31,6687065231.7,2023-07,240.65,1.52
AMZN,2023-08-01,248.0,248.94,244.21,247.8,247.8,17113886,1.96,4240820950.8,2023-08,241.54,1.54
AMZN,2023-08-02,241.29,242.03,240.38,241.73,241.73,9423007,-2.45,2277823482.11,2023-08,242.02,1.65
AMZN,2023-08-03,238.5,239.29,237.67,238.18,238.18,7485326,-1.47,1782854946.68,2023-08,242.08,1.63
AMZN,2023-08-04,232.55,234.77,230.05,232.22,232.22,10054037,-2.5,2334748472.14,2023-08,242.02,1.69
AMZN,2023-08-07,233.35,234.14,230.37,233.29,233.29,20769012,0.46,4845202809.48,2023-08,241.87,1.67
AMZN,2023-08-08,229.7,233.21,226.47,230.33,230.33,23887221,-1.27,5501943612.93,2023-08,241.26,1.56
AMZN,2023-08-09,229.89,231.96,226.9,229.34,229.34,14488407,-0.43,3322771261.38,2023-08,240.57,1.56
AMZN,2023-08-10,223.84,224.36,221.68,223.36,223.36,14700772,-2.61,3283564433.92,2023-08,239.65,1.64
AMZN,2023-08-11,223.17,224.93,222.27,223.07,223.07,19888852,-0.13,4436606215.64,2023-08,238.75,1.64
AMZN,2023-08-14,220.7,222.1,217.59,221.61,221.61,14851579,-0.66,3291258422.19,2023-08,237.53,1.55
AMZN,2023-08-15,224.01,225.47,220.51,223.16,223.16,31343333,0.7,6994578192.28,2023-08,236.77,1.45
AMZN,2023-08-16,227.24,229.05,223.86,226.97,226.97,11009814,1.71,2498897483.58,2023-08,235.98,1.44
AMZN,2023-08-17,229.69,230.93,228.13,230.7,230.7,22830909,1.64,5267090706.3,2023-08,235.32,1.49
AMZN,2023-08-18,232.24,233.75,231.56,231.89,231.89,10242276,0.52,2375081381.64,2023-08,234.5,1.43
AMZN,2023-08-21,230.23,231.79,227.22,230.72,230.72,26349136,-0.51,6079272657.92,2023-08,233.69,1.43
GOOGL,2023-01-03,163.68,164.72,162.26,162.94,162.94,6093895,-1.25,992939251.3,2023-01,162.94,
GOOGL,2023-01-04,159.75,160.6,158.15,160.16,160.16,17241078,-1.71,2761331052.48,2023-01,161.55,0.33
GOOGL,2023-01-05,153.82,154.67,153.55,154.44,154.44,17528692,-3.57,2707131192.48,2023-01,159.18,1.23
GOOGL,2023-01-06,152.94,155.62,152.74,153.67,153.67,9102153,-0.5,1398727851.51,2023-01,157.8,1.31
GOOGL,2023-01-09,150.97,152.45,150.32,151.69,151.69,4853046,-1.29,736158547.74,2023-01,156.58,1.15
GOOGL,2023-01-10,150.52,152.74,148.34,150.82,150.82,21517223,-0.57,3245227572.86,2023-01,155.62,1.12
GOOGL,2023-01-11,147.55,148.87,146.16,148.16,148.16,17845602,-1.77,2644004392.32,2023-01,154.55,1.03
GOOGL,2023-01-12,145.69,146.25,143.41,145.23,145.23,15113584,-1.98,2194945804.32,2023-01,153.39,0.97
GOOGL,2023-01-13,147.95,149.85,146.39,147.62,147.62,7535812,1.65,1112436567.44,2023-01,152.75,1.41
GOOGL,2023-01-16,146.54,147.46,145.19,146.62,146.62,22430028,-0.68,3288690705.36,2023-01,152.14,1.34
GOOGL,2023-01-17,145.32,148.02,144.02,145.84,145.84,8087687,-0.53,1179508272.08,2023-01,151.56,1.28
GOOGL,2023-01-18,147.87,150.3,147.71,148.11,148.11,6781419,1.56,1004395968.09,2023-01,151.28,1.45
GOOGL,2023-01-19,150.61,152.4,147.92,150.1,150.1,7790804,1.34,1169399680.4,2023-01,151.18,1.52
GOOGL,2023-01-20,150.85,152.08,148.0,150.14,150.14,16674262,0.03,2503473696.68,2023-01,151.11,1.47
GOOGL,2023-01-23,152.53,154.71,151.89,152.45,152.45,14453415,1.54,2203423116.75,2023-01,151.2,1.53
GOOGL,2023-01-24,156.19,157.66,153.51,155.81,155.81,9320739,2.2,1452264343.59,2023-01,151.49,1.62
GOOGL,2023-01-25,156.79,157.52,154.68,156.91,156.91,17890192,0.71,2807150026.72,2023-01,151.81,1.59
GOOGL,2023-01-26,154.82,156.27,152.54,154.09,154.09,18404028,-1.8,2835876674.52,2023-01,151.93,1.59
GOOGL,2023-01-27,153.05,154.61,151.87,153.23,153.23,12843394,-0.56,1967993262.62,2023-01,152.0,1.54
GOOGL,2023-01-30,156.03,158.92,154.78,156.59,156.59,11102109,2.19,1738479248.31,2023-01,152.23,1.61
GOOGL,2023-01-31,155.81,155.99,153.69,155.08,155.08,15857087,-0.96,2459117051.96,2023-01,151.84,1.6
GOOGL,2023-02-01,146.66,148.36,144.47,146.63,146.63,23752636,-5.45,3482849016.68,2023-02,151.16,1.96
GOOGL,2023-02-02,152.09,152.56,149.3,151.56,151.56,6095748,3.36,923871566.88,2023-02,151.02,1.98
GOOGL,2023-02-03,153.55,154.04,152.98,153.14,153.14,11164260,1.04,1709694776.4,2023-02,150.99,2.0
GOOGL,2023-02-06,155.23,156.29,153.77,155.68,155.68,15600959,1.66,2428757297.12,2023-02,151.19,2.01
GOOGL,2023-02-07,154.85,156.91,152.44,154.49,154.49,15707788,-0.76,2426696168.12,2023-02,151.37,2.01
GOOGL,2023-02-08,155.42,156.72,153.19,155.86,155.86,8149660,0.88,1270206007.6,2023-02,151.76,1.96
GOOGL,2023-02-09,154.6,155.27,153.05,153.94,153.94,21395810,-1.23,3293670991.4,2023-02,152.19,1.93
GOOGL,2023-02-10,156.39,157.1,155.56,156.78,156.78,10343520,1.84,1621657065.6,2023-02,152.65,1.93
GOOGL,2023-02-13,156.2,158.12,155.27,156.6,156.6,20568835,-0.12,3221079561.0,2023-02,153.15,1.92
GOOGL,2023-02-14,158.03,159.47,156.56,157.61,157.61,22591227,0.64,3560603287.47,2023-02,153.74,1.91
GOOGL,2023-02-15,156.19,156.46,154.68,156.24,156.24,16281614,-0.87,2543839371.36,2023-02,154.15,1.91
GOOGL,2023-02-16,157.73,159.64,156.47,157.36,157.36,25259435,0.72,3974824691.6,2023-02,154.51,1.9
GOOGL,2023-02-17,156.43,157.68,154.06,156.2,156.2,10708634,-0.74,1672688630.8,2023-02,154.81,1.91
GOOGL,2023-02-20,153.22,155.79,151.49,153.57,153.57,31877171,-1.68,4895377150.47,2023-02,154.87,1.93
GOOGL,2023-02-21,154.17,155.16,153.65,153.92,153.92,8861129,0.23,1363904975.68,2023-02,154.77,1.86
GOOGL,2023-02-22,157.45,159.98,156.32,157.71,157.71,18941951,2.46,2987335092.21,2023-02,154.81,1.94
GOOGL,2023-02-23,159.53,161.13,158.01,159.03,159.03,22770035,0.84,3621118666.05,2023-02,155.06,1.9
GOOGL,2023-02-24,160.74,162.65,160.44,161.44,161.44,27485537,1.52,4437265093.28,2023-02,155.47,1.91
GOOGL,2023-02-27,153.13,153.72,151.12,153.52,153.52,4502170,-4.91,691173138.4,2023-02,155.32,2.18
GOOGL,2023-02-28,153.22,155.43,152.11,153.63,153.63,9575186,0.07,1471035825.18,2023-02,155.25,2.17
GOOGL,2023-03-01,154.77,156.08,154.47,155.27,155.27,10372462,1.07,1610532174.74,2023-03,155.68,1.76
GOOGL,2023-03-02,150.94,151.27,149.99,150.58,150.58,10544798,-3.02,1587835682.84,2023-03,155.63,1.76
GOOGL,2023-03-03,147.9,150.09,147.4,148.45,148.45,3903227,-1.41,579434048.15,2023-03,155.39,1.76
GOOGL,2023-03-06,146.68,148.98,144.55,146.82,146.82,9960425,-1.1,1462389598.5,2023-03,154.95,1.72
GOOGL,2023-03-07,148.96,149.2,147.16,148.69,148.69,26785208,1.27,3982692577.52,2023-03,154.66,1.75
GOOGL,2023-03-08,151.26,153.05,149.7,150.72,150.72,9373312,1.37,1412745584.64,2023-03,154.4,1.77
GOOGL,2023-03-09,144.7,147.17,143.22,145.0,145.0,18304469,-3.8,2654148005.0,2023-03,153.96,1.94
GOOGL,2023-03-10,143.21,144.44,142.8,142.96,142.96,13682565,-1.41,1956059492.4,2023-03,153.27,1.89
GOOGL,2023-03-13,138.49,139.98,137.29,138.9,138.9,8777401,-2.84,1219180998.9,2023-03,152.38,1.96
GOOGL,2023-03-14,138.17,140.18,137.22,137.94,137.94,19178488,-0.69,2645480634.72,2023-03,151.4,1.94
GOOGL,2023-03-15,141.14,142.73,140.79,141.34,141.34,14109863,2.46,1994288036.42,2023-03,150.65,2.06
GOOGL,2023-03-16,140.58,143.26,138.68,141.19,141.19,21100320,-0.11,2979154180.8,2023-03,149.84,2.04
GOOGL,2023-03-17,142.72,144.63,142.18,143.08,143.08,9933340,1.34,1421262287.2,2023-03,149.19,2.08
GOOGL,2023-03-20,145.98,146.98,145.42,146.29,146.29,20540731,2.25,3004903537.99,2023-03,148.82,2.14
GOOGL,2023-03-21,144.38,146.07,143.43,144.2,144.2,30737908,-1.43,4432406333.6,2023-03,148.34,2.15
GOOGL,2023-03-22,145.97,147.68,145.54,145.76,145.76,14577478,1.08,2124813193.28,2023-03,147.74,2.08
GOOGL,2023-03-23,143.91,145.78,143.42,144.08,144.08,36779628,-1.15,5299208802.24,2023-03,146.99,2.07
GOOGL,2023-03-24,147.97,149.94,146.62,147.32,147.32,9689580,2.25,1427468925.6,2023-03,146.29,2.11
GOOGL,2023-03-27,149.0,150.39,148.06,149.07,149.07,9708540,1.19,1447252057.8,2023-03,146.06,1.86
GOOGL,2023-03-28,150.15,151.17,148.61,150.15,150.15,20133866,0.72,3023099979.9,2023-03,145.89,1.87
GOOGL,2023-03-29,153.58,155.5,150.93,153.07,153.07,20363912,1.94,3117104009.84,2023-03,145.78,1.9
GOOGL,2023-03-30,151.36,153.38,149.26,152.01,152.01,16944502,-0.69,2575733749.02,2023-03,145.85,1.78
GOOGL,2023-03-31,150.15,150.93,149.7,150.77,150.77,16365876,-0.82,2467483124.52,2023-03,145.97,1.76
GOOGL,2023-04-03,153.8,154.34,152.1,153.43,153.43,8481328,1.76,1301290155.04,2023-04,146.3,1.77
GOOGL,2023-04-04,153.01,155.36,151.24,153.24,153.24,37480605,-0.13,5743527910.2,2023-04,146.53,1.76
GOOGL,2023-04-05,152.73,154.84,151.79,152.31,152.31,9868228,-0.61,1503029806.68,2023-04,146.61,1.74
GOOGL,2023-04-06,155.29,157.65,153.48,155.96,155.96,44712649,2.39,6973384738.04,2023-04,147.15,1.56
GOOGL,2023-04-07,151.95,154.1,149.56,151.81,151.81,10282445,-2.66,1560977975.45,2023-04,147.6,1.66
GOOGL,2023-04-10,152.17,154.19,150.91,152.25,152.25,16407431,0.29,2498031369.75,2023-04,148.26,1.48
GOOGL,2023-04-11,154.79,156.7,153.22,155.45,155.45,28098249,2.1,4367872807.05,2023-04,149.14,1.5
GOOGL,2023-04-12,152.81,154.32,151.98,152.99,152.99,11518889,-1.58,1762274828.11,2023-04,149.72,1.51
GOOGL,2023-04-13,148.92,149.62,147.94,148.79,148.79,14371516,-2.74,2138337865.64,2023-04,150.1,1.66
GOOGL,2023-04-14,146.87,148.94,145.83,146.46,146.46,8954530,-1.56,1311480463.8,2023-04,150.27,1.69
GOOGL,2023-04-17,143.28,145.59,143.02,143.78,143.78,13083950,-1.83,1881210331.0,2023-04,150.14,1.67
GOOGL,2023-04-18,143.17,145.19,142.59,143.63,143.63,7426444,-0.1,1066660151.72,2023-04,150.12,1.64
GOOGL,2023-04-19,146.83,148.92,145.94,147.04,147.04,10726040,2.38,1577156921.6,2023-04,150.18,1.71
GOOGL,2023-04-20,146.98,148.77,144.2,146.37,146.37,18955363,-0.46,2774496482.31,2023-04,150.3,1.69
GOOGL,2023-04-21,148.64,150.33,147.11,147.93,147.93,6070953,1.07,898076077.29,2023-04,150.33,1.63
GOOGL,2023-04-24,150.56,151.64,149.8,150.23,150.23,13548117,1.56,2035333616.91,2023-04,150.38,1.64
GOOGL,2023-04-25,152.21,153.73,150.85,151.49,151.49,20080565,0.84,3042004791.85,2023-04,150.45,1.65
GOOGL,2023-04-26,149.88,150.77,147.85,149.41,149.41,17114266,-1.37,2557042483.06,2023-04,150.27,1.61
GOOGL,2023-04-27,150.65,151.44,148.21,149.98,149.98,19284855,0.38,2892342552.9,2023-04,150.17,1.61
GOOGL,2023-04-28,142.57,144.47,142.08,142.3,142.3,36247596,-5.12,5158032910.8,2023-04,149.74,1.97
GOOGL,2023-05-01,139.69,140.58,139.19,139.55,139.55,14947514,-1.93,2085925578.7,2023-05,149.05,1.94
GOOGL,2023-05-02,134.85,136.66,133.75,134.82,134.82,22032924,-3.39,2970478813.68,2023-05,148.13,2.04
GOOGL,2023-05-03,135.8,136.75,134.89,136.2,136.2,14976864,1.02,2039848876.8,2023-05,147.32,2.08
GOOGL,2023-05-04,135.7,136.5,134.7,135.81,135.81,14022881,-0.29,1904447468.61,2023-05,146.31,1.96
GOOGL,2023-05-05,135.58,136.29,133.72,136.08,136.08,10259231,0.2,1396076154.48,2023-05,145.53,1.91
GOOGL,2023-05-08,132.65,133.63,132.09,132.76,132.76,5850722,-2.44,776741852.72,2023-05,144.55,1.95
GOOGL,2023-05-09,134.31,135.41,132.46,133.83,133.83,21205196,0.8,2837891380.68,2023-05,143.47,1.87
GOOGL,2023-05-10,134.77,135.98,133.47,134.12,134.12,8208696,0.22,1100950307.52,2023-05,142.53,1.87
GOOGL,2023-05-11,135.08,136.56,133.09,135.49,135.49,28032434,1.02,3798114482.66,2023-05,141.86,1.84
GOOGL,2023-05-12,133.24,133.84,131.65,132.66,132.66,11906158,-2.09,1579470920.28,2023-05,141.17,1.86
GOOGL,2023-05-15,135.75,137.21,134.18,135.41,135.41,14944547,2.08,2023641109.27,2023-05,140.76,1.91
GOOGL,2023-05-16,134.07,135.1,132.6,134.7,134.7,26733184,-0.53,3600959884.8,2023-05,140.31,1.91
GOOGL,2023-05-17,133.91,134.35,133.51,133.83,133.83,11731450,-0.64,1570019953.5,2023-05,139.65,1.81
GOOGL,2023-05-18,132.38,133.96,131.29,132.54,132.54,7295564,-0.96,966954052.56,2023-05,138.96,1.81
GOOGL,2023-05-19,137.7,138.89,137.02,138.29,138.29,12957807,4.34,1791935130.03,2023-05,138.48,2.08
GOOGL,2023-05-22,133.71,136.22,132.61,134.35,134.35,26331190,-2.85,3537595376.5,2023-05,137.68,2.11
GOOGL,2023-05-23,131.93,132.36,131.51,132.07,132.07,20563052,-1.7,2715762277.64,2023-05,136.71,2.1
GOOGL,2023-05-24,128.46,129.52,126.31,128.11,128.11,14926781,-3.0,1912269913.91,2023-05,135.64,2.16
GOOGL,2023-05-25,127.62,127.78,127.31,127.52,127.52,15979329,-0.46,2037684034.08,2023-05,134.52,2.14
GOOGL,2023-05-26,126.88,128.07,125.49,126.96,126.96,10206460,-0.44,1295812161.6,2023-05,133.76,1.89
GOOGL,2023-05-29,126.7,127.65,125.35,126.73,126.73,8456894,-0.18,1071742176.62,2023-05,133.11,1.86
GOOGL,2023-05-30,123.97,124.8,122.51,124.49,124.49,8687097,-1.77,1081456705.53,2023-05,132.6,1.76
GOOGL,2023-05-31,128.33,129.66,126.31,127.87,127.87,19286992,2.71,2466227667.04,2023-05,132.18,1.87
GOOGL,2023-06-01,125.94,127.12,124.2,126.45,126.45,13355624,-1.11,1688818654.8,2023-06,131.71,1.87
GOOGL,2023-06-02,129.59,130.95,127.85,129.41,129.41,3676250,2.34,475743512.5,2023-06,131.38,1.97
GOOGL,2023-06-05,137.84,138.33,136.23,137.97,137.97,14754058,6.61,2035617382.26,2023-06,131.64,2.42
GOOGL,2023-06-06,137.66,138.51,137.38,137.65,137.65,6825019,-0.23,939463865.35,2023-06,131.83,2.42
GOOGL,2023-06-07,138.93,140.44,137.16,139.12,139.12,16603138,1.07,2309828558.56,2023-06,132.08,2.43
GOOGL,2023-06-08,138.1,138.84,137.62,138.13,138.13,11554589,-0.71,1596035378.57,2023-06,132.21,2.43
GOOGL,2023-06-09,136.08,138.52,135.48,136.6,136.6,17100705,-1.11,2335956303.0,2023-06,132.41,2.39
GOOGL,2023-06-12,137.47,139.4,136.65,137.07,137.07,8147691,0.34,1116804005.37,2023-06,132.49,2.35
GOOGL,2023-06-13,138.91,139.66,136.57,138.45,138.45,13137357,1.01,1818867076.65,2023-06,132.68,2.35
GOOGL,2023-06-14,139.97,141.09,139.09,140.37,140.37,26943883,1.39,3782112856.71,2023-06,133.01,2.36
GOOGL,2023-06-15,141.38,142.87,138.9,140.71,140.71,11846962,0.24,1666986023.02,2023-06,133.42,2.34
GOOGL,2023-06-16,140.54,141.86,138.75,140.13,140.13,13552929,-0.41,1899171940.77,2023-06,133.51,2.14
GOOGL,2023-06-19,141.96,143.3,140.02,142.29,142.29,9975006,1.54,1419343603.74,2023-06,133.9,2.05
GOOGL,2023-06-20,142.92,144.75,142.16,142.76,142.76,10687304,0.33,1525719519.04,2023-06,134.44,2.0
GOOGL,2023-06-21,142.69,144.3,141.12,142.63,142.63,33118167,-0.09,4723644159.21,2023-06,135.17,1.83
GOOGL,2023-06-22,144.61,144.95,142.08,143.92,143.92,18839321,0.91,2711355078.32,2023-06,135.99,1.82
GOOGL,2023-06-23,144.56,146.57,143.85,144.64,144.64,13717314,0.5,1984072296.96,2023-06,136.87,1.8
GOOGL,2023-06-26,145.03,146.51,144.25,144.53,144.53,31097461,-0.08,4494516038.33,2023-06,137.76,1.8
GOOGL,2023-06-27,143.1,145.09,141.57,142.8,142.8,11946250,-1.2,1705924500.0,2023-06,138.68,1.76
GOOGL,2023-06-28,142.38,143.67,141.86,142.61,142.61,42110879,-0.13,6005432454.19,2023-06,139.41,1.71
GOOGL,2023-06-29,140.44,140.96,138.43,139.96,139.96,13275902,-1.86,1858095243.92,2023-06,140.09,1.75
GOOGL,2023-06-30,142.53,143.51,141.49,142.51,142.51,6233489,1.82,888334517.39,2023-06,140.74,1.73
GOOGL,2023-07-03,143.99,145.22,141.43,143.35,143.35,38072669,0.59,5457717101.15,2023-07,141.01,0.96
GOOGL,2023-07-04,144.05,144.66,142.34,144.51,144.51,7021800,0.81,1014720318.0,2023-07,141.35,0.97
GOOGL,2023-07-05,142.34,143.92,141.22,141.74,141.74,12504223,-1.91,1772348568.02,2023-07,141.49,1.06
GOOGL,2023-07-06,142.49,142.98,141.6,141.98,141.98,9829768,0.17,1395630460.64,2023-07,141.68,1.04
GOOGL,2023-07-07,143.37,145.73,141.6,144.07,144.07,8139844,1.47,1172707325.08,2023-07,142.05,1.04
GOOGL,2023-07-10,145.91,146.43,145.12,145.39,145.39,20730324,0.92,3013981806.36,2023-07,142.47,1.05
GOOGL,2023-07-11,145.27,146.68,143.01,145.07,145.07,11979045,-0.22,1737800058.15,2023-07,142.8,1.04
GOOGL,2023-07-12,149.28,149.73,147.57,149.46,149.46,14872516,3.03,2222846241.36,2023-07,143.25,1.19
GOOGL,2023-07-13,151.72,152.89,150.05,151.92,151.92,19121910,1.64,2905000567.2,2023-07,143.81,1.23
GOOGL,2023-07-14,153.0,154.94,150.5,152.26,152.26,19036029,0.22,2898425775.54,2023-07,144.42,1.21
GOOGL,2023-07-17,151.69,153.92,150.47,152.01,152.01,34703383,-0.16,5275261249.83,2023-07,144.91,1.19
GOOGL,2023-07-18,148.58,149.19,146.84,148.77,148.77,15231551,-2.13,2265997842.27,2023-07,145.21,1.31
GOOGL,2023-07-19,148.49,150.95,147.71,148.83,148.83,9617311,0.04,1431344396.13,2023-07,145.52,1.31
GOOGL,2023-07-20,145.26,147.29,143.3,145.45,145.45,7629403,-2.27,1109696666.35,2023-07,145.59,1.41
GOOGL,2023-07-21,148.38,150.46,146.22,148.78,148.78,24818275,2.29,3692462954.5,2023-07,145.8,1.49
GOOGL,2023-07-24,151.49,151.89,149.35,151.25,151.25,33856763,1.66,5120835403.75,2023-07,146.14,1.53
GOOGL,2023-07-25,151.29,153.58,150.6,151.35,151.35,11165204,0.07,1689853625.4,2023-07,146.56,1.49
GOOGL,2023-07-26,151.01,153.63,150.35,151.44,151.44,9314593,0.06,1410601963.92,2023-07,147.0,1.49
GOOGL,2023-07-27,150.47,151.19,148.81,150.42,150.42,23500011,-0.68,3534871654.62,2023-07,147.53,1.42
GOOGL,2023-07-28,151.25,152.63,151.1,151.87,151.87,23490081,0.96,3567438601.47,2023-07,148.0,1.39
GOOGL,2023-07-31,151.12,152.66,149.36,151.82,151.82,17406248,-0.03,2642616571.36,2023-07,148.42,1.39
GOOGL,2023-08-01,151.69,153.95,150.68,151.84,151.84,12361990,0.01,1877044561.6,2023-08,148.79,1.38
GOOGL,2023-08-02,147.98,148.82,147.39,147.95,147.95,51490538,-2.56,7618025097.1,2023-08,149.1,1.44
GOOGL,2023-08-03,148.41,148.99,146.72,148.33,148.33,5163478,0.26,765898691.74,2023-08,149.41,1.44
GOOGL,2023-08-04,143.76,145.32,142.6,143.23,143.23,11228762,-3.44,1608295581.26,2023-08,149.37,1.63
GOOGL,2023-08-07,143.93,144.67,143.15,144.21,144.21,9065741,0.68,1307370509.61,2023-08,149.31,1.62
GOOGL,2023-08-08,141.83,142.92,140.6,141.86,141.86,15998535,-1.63,2269552175.1,2023-08,149.15,1.66
GOOGL,2023-08-09,140.67,142.19,139.36,140.58,140.58,14607079,-0.9,2053463165.82,2023-08,148.71,1.5
GOOGL,2023-08-10,136.85,137.04,134.89,136.24,136.24,16006248,-3.09,2180691227.52,2023-08,147.92,1.55
GOOGL,2023-08-11,135.71,136.6,135.0,135.64,135.64,7520864,-0.44,1020129992.96,2023-08,147.09,1.54
GOOGL,2023-08-14,139.34,140.14,137.27,138.98,138.98,19673670,2.46,2734246656.6,2023-08,146.44,1.68
GOOGL,2023-08-15,141.42,142.02,139.62,141.55,141.55,10305180,1.85,1458698229.0,2023-08,146.08,1.7
GOOGL,2023-08-16,140.09,140.97,139.65,140.31,140.31,9262291,-0.88,1299592050.21,2023-08,145.66,1.71
GOOGL,2023-08-17,137.68,138.2,135.77,137.18,137.18,23874572,-2.23,3275113786.96,2023-08,145.24,1.7
GOOGL,2023-08-18,135.35,136.17,134.26,135.32,135.32,31153128,-1.35,4215641280.96,2023-08,144.57,1.61
GOOGL,2023-08-21,132.55,133.37,130.86,132.56,132.56,65665522,-2.04,8704621596.32,2023-08,143.63,1.56
META,2023-01-03,482.8,484.73,475.32,482.3,482.3,9241148,-1.57,4457005680.4,2023-01,482.3,
META,2023-01-04,483.45,491.45,482.22,485.3,485.3,8636605,0.62,4191344406.5,2023-01,483.8,1.55
META,2023-01-05,489.34,494.3,484.0,488.46,488.46,11424887,0.65,5580600304.02,2023-01,485.35,1.27
META,2023-01-06,481.16,482.49,474.79,481.27,481.27,6970138,-1.47,3354518315.26,2023-01,484.33,1.24
META,2023-01-09,482.73,483.36,475.39,481.34,481.34,19038700,0.02,9164087858.0,2023-01,483.73,1.1
META,2023-01-10,488.34,489.08,480.49,487.53,487.53,11475229,1.29,5594518394.37,2023-01,484.37,1.19
META,2023-01-11,488.45,495.53,480.73,486.03,486.03,11549949,-0.31,5613621712.47,2023-01,484.6,1.09
META,2023-01-12,498.63,504.08,492.48,498.32,498.32,7025550,2.53,3500972076.0,2023-01,486.32,1.37
META,2023-01-13,503.27,509.53,499.59,503.3,503.3,11778426,1.0,5928081805.8,2023-01,488.21,1.31
META,2023-01-16,503.71,505.4,498.93,504.48,504.48,19185203,0.23,9678551209.44,2023-01,489.83,1.24
META,2023-01-17,506.6,511.73,500.21,508.37,508.37,19871284,0.77,10101964647.08,2023-01,491.52,1.18
META,2023-01-18,495.7,500.28,490.93,496.25,496.25,17787216,-2.38,8826905940.0,2023-01,491.91,1.37
META,2023-01-19,500.57,507.87,491.84,498.64,498.64,21772510,0.48,10856644386.4,2023-01,492.43,1.32
META,2023-01-20,491.61,496.72,486.1,491.41,491.41,19981818,-1.45,9819265183.38,2023-01,492.36,1.34
META,2023-01-23,494.8,498.21,490.69,494.85,494.85,11517310,0.7,5699340853.5,2023-01,492.52,1.3
META,2023-01-24,504.62,511.43,499.56,504.37,504.37,11375138,1.92,5737278353.06,2023-01,493.26,1.34
META,2023-01-25,498.13,502.0,493.99,499.69,499.69,33358675,-0.93,16668996310.75,2023-01,493.64,1.32
META,2023-01-26,514.75,521.76,511.71,514.1,514.1,8426591,2.88,4332110433.1,2023-01,494.78,1.44
META,2023-01-27,516.15,520.99,513.92,515.03,515.03,27734252,0.18,14283971807.56,2023-01,495.84,1.4
META,2023-01-30,508.97,518.84,501.45,511.51,511.51,22235072,-0.68,11373461678.72,2023-01,496.63,1.38
META,2023-01-31,510.8,514.5,504.59,512.13,512.13,10293805,0.12,5271766354.65,2023-01,498.12,1.31
META,2023-02-01,499.7,503.25,497.58,500.49,500.49,23837295,-2.27,11930327774.55,2023-02,498.88,1.43
META,2023-02-02,496.28,502.33,491.99,498.74,498.74,11086288,-0.35,5529175277.12,2023-02,499.39,1.43
META,2023-02-03,507.25,513.83,504.5,507.15,507.15,6791129,1.69,3444121072.35,2023-02,500.69,1.42
META,2023-02-06,498.26,501.98,490.63,497.57,497.57,5206557,-1.89,2590626566.49,2023-02,501.5,1.5
META,2023-02-07,492.21,498.05,488.2,493.54,493.54,6479323,-0.81,3197805073.42,2023-02,501.8,1.49
META,2023-02-08,500.55,508.02,498.09,499.34,499.34,24325541,1.17,12146715642.94,2023-02,502.46,1.51
META,2023-02-09,500.48,505.91,494.43,501.29,501.29,18598088,0.39,9323035533.52,2023-02,502.61,1.4
META,2023-02-10,486.14,489.82,480.28,484.78,484.78,15253269,-3.29,7394479745.82,2023-02,501.69,1.57
META,2023-02-13,490.08,493.22,483.82,489.81,489.81,13272451,1.04,6500979224.31,2023-02,500.95,1.59
META,2023-02-14,496.87,498.28,492.73,495.63,495.63,22101480,1.19,10954156532.4,2023-02,500.32,1.6
META,2023-02-15,488.95,491.0,481.63,488.23,488.23,7428243,-1.49,3626691079.89,2023-02,499.92,1.55
META,2023-02-16,499.56,503.52,497.28,500.74,500.74,16418373,2.56,8221336096.02,2023-02,500.02,1.65
META,2023-02-17,493.69,497.11,490.02,493.14,493.14,19393328,-1.52,9563625769.92,2023-02,500.11,1.66
META,2023-02-20,492.44,496.52,485.79,493.69,493.69,17806959,0.11,8791117588.71,2023-02,500.05,1.65
META,2023-02-21,498.33,501.75,493.82,497.81,497.81,21752225,0.84,10828475127.25,2023-02,499.72,1.6
META,2023-02-22,504.93,506.25,502.03,503.68,503.68,11299627,1.18,5691396127.36,2023-02,499.92,1.61
META,2023-02-23,510.52,513.68,505.2,512.42,512.42,16969763,1.73,8695645956.46,2023-02,499.84,1.52
META,2023-02-24,489.6,492.4,487.83,489.46,489.46,12826979,-4.48,6278293141.34,2023-02,498.56,1.82
META,2023-02-27,480.44,485.94,475.8,479.85,479.85,15015485,-1.96,7205180477.25,2023-02,496.97,1.86
META,2023-02-28,475.67,483.82,474.38,476.83,476.83,9333060,-0.63,4450282999.8,2023-02,495.21,1.86
META,2023-03-01,479.41,483.53,471.04,477.78,477.78,18498583,0.2,8838252985.74,2023-03,494.07,1.8
META,2023-03-02,463.2,468.39,460.78,464.32,464.32,9883730,-2.82,4589213513.6,2023-03,492.35,1.89
META,2023-03-03,465.8,470.81,458.22,464.36,464.36,33955228,0.01,15767449674.08,2023-03,490.21,1.83
META,2023-03-06,464.03,465.39,462.18,463.1,463.1,23785189,-0.27,11014921025.9,2023-03,488.49,1.8
META,2023-03-07,454.41,459.84,449.82,453.94,453.94,12827395,-1.98,5822867686.3,2023-03,486.51,1.84
META,2023-03-08,462.27,465.9,461.06,462.19,462.19,8235083,1.82,3806173011.77,2023-03,484.65,1.87
META,2023-03-09,465.5,471.07,460.22,467.48,467.48,9358139,1.14,4374742819.72,2023-03,482.96,1.89
META,2023-03-10,467.64,469.33,465.29,467.61,467.61,18433560,0.03,8619716991.6,2023-03,482.1,1.76
META,2023-03-13,467.3,469.13,459.39,466.14,466.14,30147457,-0.31,14052935605.98,2023-03,480.92,1.74
META,2023-03-14,466.12,468.51,458.65,464.19,464.19,27816972,-0.42,12912360232.68,2023-03,479.35,1.71
META,2023-03-15,469.35,471.96,464.81,468.82,468.82,19505336,1.0,9144491623.52,2023-03,478.38,1.71
META,2023-03-16,481.41,483.26,475.54,481.31,481.31,8103045,2.66,3900076588.95,2023-03,477.41,1.72
META,2023-03-17,483.84,485.07,480.1,481.89,481.89,14491545,0.12,6983330620.05,2023-03,476.84,1.69
META,2023-03-20,483.85,489.98,480.11,485.08,485.08,30866630,0.66,14972784880.4,2023-03,476.41,1.7
META,2023-03-21,487.93,494.05,484.62,485.93,485.93,27684290,0.18,13452627039.7,2023-03,475.82,1.68
META,2023-03-22,490.42,497.61,488.17,490.15,490.15,20604815,0.87,10099450072.25,2023-03,475.14,1.67
META,2023-03-23,495.59,500.11,491.44,496.63,496.63,13479963,1.32,6694554024.69,2023-03,474.35,1.65
META,2023-03-24,498.12,502.08,491.77,497.91,497.91,6712676,0.26,3342308507.16,2023-03,474.78,1.3
META,2023-03-27,493.41,499.4,488.03,493.35,493.35,17193796,-0.92,8482559256.6,2023-03,475.45,1.23
META,2023-03-28,486.88,489.41,479.79,488.79,488.79,18378596,-0.93,8983273938.84,2023-03,476.05,1.24
META,2023-03-29,500.91,506.01,500.03,501.2,501.2,19515706,2.54,9781271847.2,2023-03,477.22,1.36
META,2023-03-30,499.2,501.59,494.13,501.03,501.03,16049626,-0.03,8041344114.78,2023-03,479.06,1.15
META,2023-03-31,506.82,512.27,503.67,504.82,504.82,7668578,0.76,3871251545.96,2023-03,481.08,1.15
META,2023-04-03,507.77,513.86,499.01,506.57,506.57,13172274,0.35,6672678840.18,2023-04,483.25,1.14
META,2023-04-04,517.8,518.81,510.38,516.16,516.16,15605199,1.89,8054779515.84,2023-04,486.36,1.03
META,2023-04-05,517.62,523.99,515.12,518.32,518.32,3390571,0.42,1757400760.72,2023-04,489.17,0.99
META,2023-04-06,518.97,523.42,517.38,519.14,519.14,22594304,0.16,11729606978.56,2023-04,491.75,0.98
META,2023-04-07,525.08,532.2,524.02,527.53,527.53,10833531,1.62,5715012608.43,2023-04,494.75,1.01
META,2023-04-10,527.96,533.48,526.65,529.66,529.66,8694551,0.4,4605155882.66,2023-04,497.92,0.98
META,2023-04-11,535.96,543.33,528.13,537.68,537.68,10112937,1.52,5437523966.16,2023-04,501.6,0.97
META,2023-04-12,543.64,546.27,538.52,543.87,543.87,11693116,1.15,6359534998.92,2023-04,505.35,0.97
META,2023-04-13,537.26,542.64,535.13,537.5,537.5,19136901,-1.17,10286084287.5,2023-04,508.16,0.95
META,2023-04-14,537.59,545.53,533.92,540.09,540.09,21352198,0.48,11532108617.82,2023-04,511.07,0.95
META,2023-04-17,544.03,554.08,539.23,546.18,546.18,6625315,1.13,3618614546.7,2023-04,514.13,0.96
META,2023-04-18,553.51,560.47,546.62,552.64,552.64,17484044,1.18,9662382076.16,2023-04,517.46,0.96
META,2023-04-19,545.99,551.06,538.07,543.84,543.84,6416824,-1.59,3489725564.16,2023-04,520.15,1.08
META,2023-04-20,566.06,571.52,558.98,564.04,564.04,9534703,3.71,5377953880.12,2023-04,523.52,1.28
META,2023-04-21,548.96,549.72,543.0,549.07,549.07,25096193,-2.65,13779566690.51,2023-04,526.07,1.48
META,2023-04-24,548.89,552.27,544.95,547.6,547.6,17045447,-0.27,9334086777.2,2023-04,528.79,1.45
META,2023-04-25,567.81,570.94,562.11,566.24,566.24,12809073,3.4,7253009495.52,2023-04,532.66,1.54
META,2023-04-26,555.31,564.71,547.65,557.62,557.62,17822752,-1.52,9938322970.24,2023-04,535.48,1.56
META,2023-04-27,556.74,563.53,553.52,554.77,554.77,11557507,-0.51,6411758158.39,2023-04,538.17,1.58
META,2023-04-28,558.03,563.34,549.73,556.88,556.88,6435043,0.38,3583546745.84,2023-04,540.77,1.58
META,2023-05-01,558.92,566.18,549.41,556.78,556.78,14328332,-0.02,7977728690.96,2023-05,543.28,1.58
META,2023-05-02,566.11,572.58,563.54,566.17,566.17,16531323,1.69,9359539142.91,2023-05,545.78,1.57
META,2023-05-03,559.09,567.82,551.39,561.12,561.12,23721009,-0.89,13310332570.08,2023-05,547.92,1.6
META,2023-05-04,581.52,584.07,577.17,580.16,580.16,21599616,3.39,12531233218.56,2023-05,550.97,1.73
META,2023-05-05,575.62,580.0,570.06,575.36,575.36,12102429,-0.83,6963253549.44,2023-05,553.36,1.74
META,2023-05-08,561.51,569.6,559.45,560.99,560.99,7552644,-2.5,4236957757.56,2023-05,554.93,1.86
META,2023-05-09,556.84,559.31,550.73,557.51,557.51,11661018,-0.62,6501134145.18,2023-05,555.92,1.85
META,2023-05-10,552.48,555.65,547.02,553.93,553.93,27559112,-0.64,15265818910.16,2023-05,556.42,1.84
META,2023-05-11,562.28,568.76,557.99,559.51,559.51,12726657,1.01,7120691858.07,2023-05,557.52,1.83
META,2023-05-12,557.38,562.75,552.35,559.18,559.18,15380222,-0.06,8600312537.96,2023-05,558.48,1.83
META,2023-05-15,563.2,565.14,559.39,562.74,562.74,12222134,0.64,6877883687.16,2023-05,559.31,1.82
META,2023-05-16,579.68,584.82,573.2,578.08,578.08,17106680,2.73,9889029574.4,2023-05,560.58,1.9
META,2023-05-17,578.69,586.95,576.49,577.26,577.26,17191404,-0.14,9923909873.04,2023-05,562.25,1.85
META,2023-05-18,558.38,567.47,550.61,560.23,560.23,25513549,-2.95,14293455556.27,2023-05,562.06,1.8
META,2023-05-19,575.46,579.29,574.83,576.84,576.84,11825555,2.97,6821453146.2,2023-05,563.45,1.81
META,2023-05-22,582.3,587.12,578.34,583.71,583.71,13154896,1.19,7678644344.16,2023-05,565.25,1.82
META,2023-05-23,577.15,585.68,570.46,574.38,574.38,13552683,-1.6,7784390061.54,2023-05,565.66,1.71
META,2023-05-24,585.25,592.81,578.01,583.47,583.47,4843955,1.58,2826302423.85,2023-05,566.95,1.7
META,2023-05-25,584.44,591.16,577.47,585.48,585.48,19994708,0.34,11706501639.84,2023-05,568.49,1.69
META,2023-05-26,581.88,585.48,576.87,583.93,583.93,5604920,-0.26,3272880935.6,2023-05,569.84,1.7
META,2023-05-29,583.13,584.63,576.7,580.9,580.9,25943243,-0.52,15070429858.7,2023-05,571.05,1.7
META,2023-05-30,581.71,584.59,580.11,581.21,581.21,9608225,0.05,5584396452.25,2023-05,571.8,1.67
META,2023-05-31,586.38,592.66,577.53,584.93,584.93,12449441,0.64,7282051524.13,2023-05,572.99,1.65
META,2023-06-01,576.38,582.62,573.22,578.91,578.91,17242160,-1.03,9981658845.6,2023-06,572.93,1.5
META,2023-06-02,570.84,575.55,561.31,569.66,569.66,29250678,-1.6,16662941229.48,2023-06,572.64,1.53
META,2023-06-05,559.17,566.4,557.86,560.58,560.58,16467736,-1.59,9231483446.88,2023-06,572.62,1.46
META,2023-06-06,560.59,567.59,554.57,560.17,560.17,17112515,-0.07,9585917527.55,2023-06,572.76,1.46
META,2023-06-07,583.32,586.94,580.09,584.5,584.5,16482419,4.34,9633973905.5,2023-06,574.28,1.73
META,2023-06-08,586.27,587.69,577.19,585.85,585.85,10214443,0.23,5984131431.55,2023-06,575.6,1.73
META,2023-06-09,571.98,577.18,568.7,570.64,570.64,13561757,-2.6,7738881014.48,2023-06,576.17,1.84
META,2023-06-12,580.14,587.37,576.96,581.61,581.61,16513525,1.92,9604431275.25,2023-06,577.12,1.88
META,2023-06-13,583.73,587.85,580.6,581.8,581.8,5373317,0.03,3126195830.6,2023-06,577.3,1.78
META,2023-06-14,583.57,589.97,581.73,586.32,586.32,13682718,0.78,8022451217.76,2023-06,577.76,1.79
META,2023-06-15,587.94,591.04,584.81,586.45,586.45,9155302,0.02,5369126857.9,2023-06,579.07,1.64
META,2023-06-16,584.47,593.63,581.66,585.94,585.94,27735919,-0.09,16251584378.86,2023-06,579.52,1.51
META,2023-06-19,593.39,595.52,589.19,592.58,592.58,32767061,1.13,19417105007.38,2023-06,579.97,1.51
META,2023-06-20,629.8,635.77,621.84,627.79,627.79,6054459,5.94,3800928815.61,2023-06,582.64,1.94
META,2023-06-21,603.75,608.01,595.27,604.49,604.49,16613176,-3.71,10042498760.24,2023-06,583.69,2.13
META,2023-06-22,609.9,615.23,609.04,612.58,612.58,8633031,1.34,5288422129.98,2023-06,585.04,2.15
META,2023-06-23,594.77,603.12,588.37,597.2,597.2,13944980,-2.51,8327942056.0,2023-06,585.71,2.23
META,2023-06-26,573.63,578.47,568.84,573.94,573.94,12825125,-3.9,7360852242.5,2023-06,585.36,2.41
META,2023-06-27,558.71,562.42,549.22,556.82,556.82,7839117,-2.98,4364977127.94,2023-06,584.14,2.5
META,2023-06-28,562.47,563.47,555.98,562.23,562.23,28468192,0.97,16005671588.16,2023-06,583.0,2.5
META,2023-06-29,577.94,580.38,575.08,578.98,578.98,8925540,2.98,5167709149.2,2023-06,583.01,2.59
META,2023-06-30,578.63,585.24,573.62,579.28,579.28,36094027,0.05,20908547960.56,2023-06,583.49,2.56
META,2023-07-03,575.27,580.17,573.01,574.67,574.67,16348382,-0.8,9394924683.94,2023-07,584.19,2.54
META,2023-07-04,557.19,564.92,553.57,555.62,555.62,11155124,-3.31,6198009996.88,2023-07,583.96,2.65
META,2023-07-05,553.37,554.6,551.28,553.18,553.18,14330720,-0.44,7927467689.6,2023-07,582.4,2.45
META,2023-07-06,548.22,556.97,540.61,549.23,549.23,22003248,-0.71,12084843899.04,2023-07,580.57,2.45
META,2023-07-07,555.42,561.46,554.29,557.89,557.89,14902019,1.58,8313687379.91,2023-07,579.93,2.42
META,2023-07-10,556.76,565.09,550.64,556.02,556.02,16698705,-0.34,9284813954.1,2023-07,578.65,2.37
META,2023-07-11,559.75,565.98,556.46,558.92,558.92,9275942,0.52,5184509502.64,2023-07,577.51,2.38
META,2023-07-12,553.0,555.71,550.44,553.32,553.32,17281801,-1.0,9562366129.32,2023-07,575.86,2.37
META,2023-07-13,565.41,573.37,560.45,565.72,565.72,22097388,2.24,12500934339.36,2023-07,574.82,2.44
META,2023-07-14,560.72,563.21,553.73,561.49,561.49,21116142,-0.75,11856502571.58,2023-07,573.6,2.44
META,2023-07-17,567.73,572.02,564.08,566.82,566.82,7877182,0.95,4464944301.24,2023-07,572.31,2.44
META,2023-07-18,554.75,563.7,552.78,557.02,557.02,24150974,-1.73,13452575537.48,2023-07,568.77,1.98
META,2023-07-19,567.04,576.01,561.81,569.07,569.07,10786070,2.16,6138028854.9,2023-07,567.0,1.93
META,2023-07-20,563.62,573.42,560.29,565.91,565.91,15312351,-0.56,8665412554.41,2023-07,564.67,1.89
META,2023-07-21,554.47,559.87,548.88,555.8,555.8,21441920,-1.79,11917419136.0,2023-07,562.6,1.86
META,2023-07-24,543.52,549.54,541.49,544.05,544.05,9646047,-2.11,5247931870.35,2023-07,561.1,1.71
META,2023-07-25,519.83,523.99,512.92,520.88,520.88,6892330,-4.26,3590076850.4,2023-07,559.31,1.84
META,2023-07-26,518.45,524.35,513.65,516.51,516.51,19405638,-0.84,10023206083.38,2023-07,557.02,1.82
META,2023-07-27,532.99,538.73,531.37,534.86,534.86,7370025,3.55,3941931571.5,2023-07,554.81,1.88
META,2023-07-28,530.53,533.28,522.58,530.42,530.42,17263745,-0.83,9157035622.9,2023-07,552.37,1.88
META,2023-07-31,530.96,533.79,526.76,531.03,531.03,9726453,0.12,5165038336.59,2023-07,550.19,1.88
META,2023-08-01,528.67,533.58,521.13,530.1,530.1,7924002,-0.17,4200513460.2,2023-08,548.91,1.75
META,2023-08-02,529.64,537.37,526.68,528.93,528.93,6077007,-0.22,3214311312.51,2023-08,547.7,1.75
META,2023-08-03,537.34,540.69,533.72,538.44,538.44,7750601,1.8,4173233602.44,2023-08,547.16,1.8
META,2023-08-04,544.97,549.53,539.47,546.86,546.86,22300229,1.56,12195103230.94,2023-08,546.61,1.8
META,2023-08-07,551.05,552.25,546.22,548.36,548.36,14104390,0.27,7734283300.4,2023-08,546.23,1.8
META,2023-08-08,544.49,549.19,541.89,546.28,546.28,11293840,-0.38,6169598915.2,2023-08,545.59,1.79
META,2023-08-09,555.8,559.36,547.39,554.09,554.09,6908562,1.43,3827965118.58,2023-08,545.63,1.81
META,2023-08-10,552.97,557.34,551.61,553.19,553.19,20982051,-0.16,11607060792.69,2023-08,545.01,1.73
META,2023-08-11,562.57,569.25,560.1,562.58,562.58,17714809,1.7,9965997247.22,2023-08,545.06,1.77
META,2023-08-14,572.16,574.62,564.2,571.66,571.66,16861393,1.61,9638983922.38,2023-08,545.3,1.8
META,2023-08-15,576.25,582.2,572.61,575.8,575.8,15327459,0.72,8825550892.2,2023-08,546.24,1.75
META,2023-08-16,581.3,582.55,574.52,580.33,580.33,19644345,0.79,11400202733.85,2023-08,546.8,1.69
META,2023-08-17,581.71,585.09,574.08,579.77,579.77,14241652,-0.1,8256882580.04,2023-08,547.5,1.69
META,2023-08-18,585.15,588.17,582.69,584.77,584.77,15767843,0.86,9220561551.11,2023-08,548.95,1.63
META,2023-08-21,577.14,584.91,571.0,576.49,576.49,12367911,-1.42,7129977012.39,2023-08,550.57,1.59
TSLA,2023-01-03,214.16,214.58,212.39,213.59,213.59,13283626,1.71,2837249677.34,2023-01,213.59,
TSLA,2023-01-04,215.19,218.31,213.97,214.3,214.3,22288030,0.33,4776324829.0,2023-01,213.94,0.98
TSLA,2023-01-05,216.65,218.82,213.42,216.28,216.28,17192566,0.92,3718408174.48,2023-01,214.72,0.69
TSLA,2023-01-06,215.68,217.33,213.36,214.96,214.96,10895656,-0.61,2342130213.76,2023-01,214.78,0.98
TSLA,2023-01-09,216.48,219.16,215.96,217.25,217.25,10868801,1.06,2361247017.25,2023-01,215.28,0.87
TSLA,2023-01-10,224.21,226.82,221.47,223.6,223.6,25230149,2.92,5641461316.4,2023-01,216.66,1.2
TSLA,2023-01-11,223.56,225.71,222.27,223.66,223.66,12099117,0.03,2706088508.22,2023-01,217.66,1.16
TSLA,2023-01-12,221.16,222.26,218.56,220.65,220.65,24077712,-1.34,5312747152.8,2023-01,218.04,1.34
TSLA,2023-01-13,228.5,229.92,224.31,227.72,227.72,42871765,3.2,9762758325.8,2023-01,219.11,1.52
TSLA,2023-01-16,228.74,232.0,226.38,229.25,229.25,11110345,0.67,2547046591.25,2023-01,220.13,1.43
TSLA,2023-01-17,234.34,234.99,232.14,233.61,233.61,14274096,1.9,3334571566.56,2023-01,221.35,1.39
TSLA,2023-01-18,228.87,230.28,227.21,228.06,228.06,25303786,-2.38,5770781435.16,2023-01,221.91,1.65
TSLA,2023-01-19,222.34,223.96,219.38,221.63,221.63,22893014,-2.82,5073778692.82,2023-01,221.89,1.85
TSLA,2023-01-20,216.74,217.46,215.82,216.68,216.68,13410361,-2.23,2905757021.48,2023-01,221.52,1.92
TSLA,2023-01-23,217.44,220.77,214.43,218.47,218.47,10084204,0.82,2203096047.88,2023-01,221.31,1.85
TSLA,2023-01-24,219.84,223.26,217.26,220.35,220.35,25820954,0.86,5689647213.9,2023-01,221.25,1.8
TSLA,2023-01-25,219.03,222.79,216.91,219.66,219.66,17007016,-0.31,3735761134.56,2023-01,221.16,1.75
TSLA,2023-01-26,225.77,226.71,224.97,225.2,225.2,9105988,2.52,2050668497.6,2023-01,221.38,1.77
TSLA,2023-01-27,226.11,229.02,221.91,225.18,225.18,20472102,-0.01,4609907928.36,2023-01,221.58,1.73
TSLA,2023-01-30,220.58,221.26,219.12,220.51,220.51,30103182,-2.07,6638052662.82,2023-01,221.53,1.77
TSLA,2023-01-31,223.34,224.7,221.86,224.31,224.31,15539235,1.72,3485605802.85,2023-01,222.07,1.77
TSLA,2023-02-01,229.27,231.77,226.61,228.64,228.64,13488387,1.93,3083984803.68,2023-02,222.78,1.81
TSLA,2023-02-02,234.96,236.8,231.9,234.22,234.22,6994945,2.44,1638356017.9,2023-02,223.68,1.86
TSLA,2023-02-03,232.98,236.11,229.83,234.12,234.12,12254869,-0.04,2869109930.28,2023-02,224.64,1.85
TSLA,2023-02-06,236.02,238.3,234.73,236.43,236.43,9843638,0.99,2327331332.34,2023-02,225.6,1.85
TSLA,2023-02-07,233.09,235.96,229.85,234.05,234.05,8766797,-1.01,2051868837.85,2023-02,226.12,1.78
TSLA,2023-02-08,234.02,235.57,232.79,233.25,233.25,20879557,-0.34,4870156670.25,2023-02,226.6,1.79
TSLA,2023-02-09,237.7,238.78,236.04,237.21,237.21,16547398,1.7,3925208279.58,2023-02,227.43,1.77
TSLA,2023-02-10,236.24,237.31,233.26,235.76,235.76,15418142,-0.61,3634981157.92,2023-02,227.83,1.66
TSLA,2023-02-13,235.95,239.27,234.35,235.84,235.84,10832629,0.03,2554767223.36,2023-02,228.16,1.65
TSLA,2023-02-14,232.05,233.45,230.93,232.64,232.64,27394431,-1.36,6373040427.84,2023-02,228.11,1.63
TSLA,2023-02-15,236.07,238.48,232.53,235.75,235.75,50441618,1.34,11891611443.5,2023-02,228.49,1.56
TSLA,2023-02-16,242.15,246.31,239.78,243.32,243.32,16340025,3.21,3975854883.0,2023-02,229.58,1.53
TSLA,2023-02-17,232.9,234.97,232.05,233.12,233.12,6220215,-4.19,1450056520.8,2023-02,230.4,1.76
TSLA,2023-02-20,230.8,234.01,228.3,229.84,229.84,14262863,-1.41,3278176431.92,2023-02,230.97,1.8
TSLA,2023-02-21,236.26,237.05,232.79,236.4,236.4,26170709,2.86,6186755607.6,2023-02,231.77,1.89
TSLA,2023-02-22,235.86,239.4,234.0,236.02,236.02,14896064,-0.16,3515769025.28,2023-02,232.59,1.88
TSLA,2023-02-23,239.55,243.85,238.74,240.26,240.26,21199316,1.8,5093347662.16,2023-02,233.34,1.85
TSLA,2023-02-24,243.94,246.5,240.04,243.02,243.02,14381240,1.15,3494928944.8,2023-02,234.24,1.85
TSLA,2023-02-27,244.07,246.79,243.38,244.17,244.17,20490978,0.47,5003282098.26,2023-02,235.42,1.76
TSLA,2023-02-28,241.53,242.3,239.27,241.69,241.69,20313252,-1.01,4909509875.88,2023-02,236.29,1.77
TSLA,2023-03-01,236.91,238.26,235.2,236.21,236.21,9222526,-2.27,2178452866.46,2023-03,236.67,1.83
TSLA,2023-03-02,236.54,238.24,232.29,235.76,235.76,7155445,-0.19,1686967713.2,2023-03,236.74,1.75
TSLA,2023-03-03,231.95,234.57,230.92,232.27,232.27,11880669,-1.48,2759522988.63,2023-03,236.65,1.78
TSLA,2023-03-06,220.23,223.68,219.05,221.16,221.16,16492137,-4.78,3647401018.92,2023-03,235.89,2.05
TSLA,2023-03-07,219.4,220.11,218.44,219.71,219.71,15461304,-0.65,3397003101.84,2023-03,235.17,2.05
TSLA,2023-03-08,221.66,225.13,218.94,222.76,222.76,25082380,1.39,5587350968.8,2023-03,234.65,2.08
TSLA,2023-03-09,224.38,226.9,222.3,224.48,224.48,10929668,0.77,2453491872.64,2023-03,234.01,2.05
TSLA,2023-03-10,228.84,230.48,225.68,229.08,229.08,21937900,2.05,5025534132.0,2023-03,233.68,2.11
TSLA,2023-03-13,237.6,241.2,235.65,237.8,237.8,13977561,3.81,3323864005.8,2023-03,233.77,2.29
TSLA,2023-03-14,239.39,241.39,235.4,238.68,238.68,21545746,0.37,5142538655.28,2023-03,234.08,2.26
TSLA,2023-03-15,226.47,229.53,223.95,227.6,227.6,20751240,-4.64,4722982224.0,2023-03,233.67,2.48
TSLA,2023-03-16,232.59,234.07,230.67,233.41,233.41,10601796,2.55,2474565204.36,2023-03,233.17,2.44
TSLA,2023-03-17,237.88,239.12,235.71,237.56,237.56,29108160,1.78,6914934489.6,2023-03,233.39,2.28
TSLA,2023-03-20,242.43,244.52,238.4,241.3,241.3,15384695,1.57,3712326903.5,2023-03,233.97,2.27
TSLA,2023-03-21,239.07,241.14,235.83,240.09,240.09,6851470,-0.5,1644969432.3,2023-03,234.15,2.2
TSLA,2023-03-22,245.53,247.82,243.71,246.03,246.03,22954111,2.48,5647399929.33,2023-03,234.65,2.26
TSLA,2023-03-23,236.47,240.75,234.32,237.54,237.54,8610243,-3.45,2045277122.22,2023-03,234.52,2.37
TSLA,2023-03-24,238.16,240.47,236.84,237.61,237.61,15535300,0.03,3691342633.0,2023-03,234.25,2.35
TSLA,2023-03-27,234.81,238.32,233.45,235.32,235.32,24389588,-0.96,5739357848.16,2023-03,233.8,2.36
TSLA,2023-03-28,244.2,247.68,241.81,245.39,245.39,22173254,4.28,5441094799.06,2023-03,233.99,2.54
TSLA,2023-03-29,245.47,248.53,244.67,246.28,246.28,20059532,0.36,4940261540.96,2023-03,234.49,2.48
TSLA,2023-03-30,243.54,247.84,241.72,244.39,244.39,28543747,-0.77,6975806329.33,2023-03,234.92,2.49
TSLA,2023-03-31,250.33,251.7,247.02,251.37,251.37,26867181,2.86,6753603287.97,2023-03,235.88,2.52
TSLA,2023-04-03,259.14,261.7,256.25,259.77,259.77,15474258,3.34,4019748000.66,2023-04,237.81,2.28
TSLA,2023-04-04,251.49,254.28,249.84,250.24,250.24,10789147,-3.67,2699876145.28,2023-04,239.34,2.48
TSLA,2023-04-05,259.12,261.76,257.8,258.45,258.45,23845440,3.28,6162853968.0,2023-04,241.12,2.54
TSLA,2023-04-06,260.97,264.23,260.23,260.78,260.78,26332216,0.9,6866915288.48,2023-04,242.93,2.54
TSLA,2023-04-07,255.96,257.54,253.37,256.96,256.96,10167072,-1.46,2612530821.12,2023-04,244.33,2.57
TSLA,2023-04-10,255.09,256.97,253.9,255.83,255.83,31220591,-0.44,7987163795.53,2023-04,245.23,2.47
TSLA,2023-04-11,260.59,264.07,258.61,260.42,260.42,19269967,1.8,5018284806.14,2023-04,246.32,2.49
TSLA,2023-04-12,263.86,267.4,262.97,263.32,263.32,14921399,1.11,3929102784.68,2023-04,248.1,2.18
TSLA,2023-04-13,259.61,260.38,255.9,259.89,259.89,11706063,-1.3,3042288713.07,2023-04,249.43,2.18
TSLA,2023-04-14,262.59,265.01,259.98,263.53,263.53,14111737,1.4,3718866051.61,2023-04,250.73,2.17
TSLA,2023-04-17,261.58,262.75,259.59,260.7,260.7,41276026,-1.07,10760659978.2,2023-04,251.7,2.19
TSLA,2023-04-18,257.37,259.85,254.37,257.17,257.17,25075959,-1.36,6448784376.03,2023-04,252.55,2.21
TSLA,2023-04-19,263.92,266.43,259.63,262.97,262.97,15885400,2.25,4177383638.0,2023-04,253.4,2.2
TSLA,2023-04-20,272.71,275.84,269.14,272.62,272.62,15372788,3.67,4190929464.56,2023-04,255.15,2.13
TSLA,2023-04-21,280.79,283.31,279.49,281.53,281.53,9963427,3.27,2805003603.31,2023-04,257.35,2.2
TSLA,2023-04-24,276.05,277.33,275.12,276.11,276.11,17633023,-1.93,4868653980.53,2023-04,259.39,2.25
TSLA,2023-04-25,275.6,277.87,273.74,275.94,275.94,12385386,-0.06,3417623412.84,2023-04,260.91,2.1
TSLA,2023-04-26,274.71,277.44,273.74,275.26,275.26,31298532,-0.24,8615233918.32,2023-04,262.36,2.11
TSLA,2023-04-27,276.81,280.53,274.81,277.62,277.62,7442208,0.86,2066105784.96,2023-04,264.02,2.09
TSLA,2023-04-28,272.58,273.23,270.86,272.13,272.13,17726674,-1.98,4823959795.62,2023-04,265.06,2.1
TSLA,2023-05-01,273.17,276.64,270.18,273.61,273.61,29542782,0.54,8083200583.02,2023-05,265.75,1.99
TSLA,2023-05-02,268.27,271.33,265.33,267.17,267.17,20265736,-2.35,5414396687.12,2023-05,266.6,1.87
TSLA,2023-05-03,270.12,272.01,266.35,269.75,269.75,4425941,0.97,1193897584.75,2023-05,267.17,1.74
TSLA,2023-05-04,272.28,275.19,271.02,271.54,271.54,18171280,0.66,4934229371.2,2023-05,267.7,1.74
TSLA,2023-05-05,281.89,284.56,278.7,282.27,282.27,29456147,3.95,8314586613.69,2023-05,268.97,1.88
TSLA,2023-05-08,284.16,285.15,279.88,283.25,283.25,19205515,0.35,5439962123.75,2023-05,270.34,1.87
TSLA,2023-05-09,277.51,277.92,273.91,276.89,276.89,25075182,-2.24,6943067143.98,2023-05,271.16,1.94
TSLA,2023-05-10,272.21,273.98,269.25,273.19,273.19,6327160,-1.34,1728516840.4,2023-05,271.66,1.96
TSLA,2023-05-11,270.48,273.54,267.7,271.09,271.09,9882951,-0.77,2679169186.59,2023-05,272.22,1.95
TSLA,2023-05-12,263.59,266.87,262.64,263.41,263.41,30321071,-2.83,7986873312.11,2023-05,272.21,2.04
TSLA,2023-05-15,263.42,264.19,261.86,262.72,262.72,5982808,-0.26,1571803317.76,2023-05,272.31,2.02
TSLA,2023-05-16,258.21,262.88,254.69,259.15,259.15,8012623,-1.36,2076471250.45,2023-05,272.41,2.02
TSLA,2023-05-17,250.98,252.2,248.71,250.69,250.69,30842188,-3.27,7731828109.72,2023-05,271.8,2.09
TSLA,2023-05-18,248.13,249.05,246.91,247.86,247.86,13047213,-1.13,3233882214.18,2023-05,270.56,1.88
TSLA,2023-05-19,247.21,249.33,244.07,248.22,248.22,4965980,0.15,1232655555.6,2023-05,268.89,1.67
TSLA,2023-05-22,251.41,253.34,247.88,250.72,250.72,5265197,1.01,1320090191.84,2023-05,267.62,1.68
TSLA,2023-05-23,258.5,262.35,257.29,258.1,258.1,17604512,2.95,4543724547.2,2023-05,266.73,1.85
TSLA,2023-05-24,260.63,264.07,256.97,260.85,260.85,17610207,1.06,4593622495.95,2023-05,266.01,1.87
TSLA,2023-05-25,260.87,262.07,258.96,260.94,260.94,10203265,0.03,2662439969.1,2023-05,265.18,1.85
TSLA,2023-05-26,267.02,270.35,263.21,265.72,265.72,8405733,1.83,2233571372.76,2023-05,264.86,1.87
TSLA,2023-05-29,269.79,271.72,268.26,270.45,270.45,30160394,1.78,8156878557.3,2023-05,264.7,1.91
TSLA,2023-05-30,272.87,276.44,270.57,272.08,272.08,7088938,0.6,1928758251.04,2023-05,264.94,1.83
TSLA,2023-05-31,265.71,270.11,262.47,266.35,266.35,15502909,-2.11,4129199812.15,2023-05,264.77,1.89
TSLA,2023-06-01,266.25,268.95,262.39,266.91,266.91,8518321,0.21,2273625058.11,2023-06,264.54,1.88
TSLA,2023-06-02,261.11,261.64,257.54,260.71,260.71,16259345,-2.32,4238973834.95,2023-06,263.47,1.69
TSLA,2023-06-05,269.55,271.16,268.23,270.09,270.09,17952345,3.6,4848748861.05,2023-06,262.81,1.9
TSLA,2023-06-06,269.54,271.19,267.59,268.74,268.74,13352241,-0.5,3588281246.34,2023-06,262.4,1.85
TSLA,2023-06-07,273.77,277.58,270.32,273.88,273.88,20709198,1.91,5671835148.24,2023-06,262.43,1.88
TSLA,2023-06-08,289.47,291.55,287.93,288.28,288.28,18801230,5.26,5420018584.4,2023-06,263.29,2.2
TSLA,2023-06-09,300.6,302.93,296.81,299.44,299.44,11282236,3.87,3378352747.84,2023-06,265.09,2.2
TSLA,2023-06-12,306.91,308.56,305.08,305.54,305.54,9419516,2.04,2878038918.64,2023-06,267.24,2.21
TSLA,2023-06-13,301.44,303.2,299.83,302.52,302.52,17132434,-0.99,5182903933.68,2023-06,269.4,2.19
TSLA,2023-06-14,296.7,299.67,295.57,297.14,297.14,9822099,-1.78,2918538496.86,2023-06,271.73,2.07
TSLA,2023-06-15,302.82,307.85,299.57,303.34,303.34,9315848,2.09,2825869332.32,2023-06,274.5,2.03
TSLA,2023-06-16,307.43,310.65,304.86,305.96,305.96,18778179,0.86,5745371646.84,2023-06,277.39,2.02
TSLA,2023-06-19,295.34,296.93,293.5,295.43,295.43,14283876,-3.44,4219885486.68,2023-06,279.62,2.26
TSLA,2023-06-20,300.44,304.56,298.74,301.5,301.5,17440357,2.06,5258267635.5,2023-06,281.79,2.22
TSLA,2023-06-21,298.68,302.21,294.91,298.91,298.91,30404380,-0.86,9088173225.8,2023-06,283.7,2.25
TSLA,2023-06-22,311.46,316.14,307.09,312.21,312.21,13399264,4.45,4183384213.44,2023-06,286.26,2.4
TSLA,2023-06-23,318.36,321.89,313.75,317.13,317.13,12482057,1.58,3958434736.41,2023-06,288.83,2.39
TSLA,2023-06-26,325.64,328.45,320.41,324.44,324.44,27373310,2.3,8880996696.4,2023-06,291.53,2.4
TSLA,2023-06-27,327.54,331.53,323.27,328.32,328.32,18201916,1.2,5976053061.12,2023-06,294.34,2.4
TSLA,2023-06-28,329.6,334.68,328.89,329.92,329.92,8810768,0.49,2906848578.56,2023-06,297.52,2.3
TSLA,2023-06-29,327.38,328.44,324.59,326.05,326.05,9989935,-1.17,3257218306.75,2023-06,300.48,2.34
TSLA,2023-06-30,326.0,330.43,324.45,326.74,326.74,16573377,0.21,5415185200.98,2023-06,303.78,2.22
TSLA,2023-07-03,330.68,335.07,328.78,330.6,330.6,13534362,1.18,4474460077.2,2023-07,306.8,2.14
TSLA,2023-07-04,334.19,336.73,332.31,334.45,334.45,9641840,1.17,3224713388.0,2023-07,310.09,2.11
TSLA,2023-07-05,346.27,350.57,340.58,344.81,344.81,15121190,3.1,5213937523.9,2023-07,313.64,2.15
TSLA,2023-07-06,345.73,348.61,341.57,345.88,345.88,22473614,0.31,7773173610.32,2023-07,316.52,1.93
TSLA,2023-07-07,341.64,344.4,338.68,342.79,342.79,24793921,-0.89,8499108179.59,2023-07,318.68,1.84
TSLA,2023-07-10,346.99,351.37,345.84,347.44,347.44,10393451,1.36,3611100615.44,2023-07,320.78,1.82
TSLA,2023-07-11,342.22,343.62,337.14,343.13,343.13,15095361,-1.24,5179671219.93,2023-07,322.81,1.84
TSLA,2023-07-12,333.34,335.4,330.54,334.42,334.42,20465984,-2.54,6844234369.28,2023-07,324.67,1.9
TSLA,2023-07-13,333.7,338.3,328.88,333.38,333.38,9050691,-0.31,3017319365.58,2023-07,326.18,1.87
TSLA,2023-07-14,339.26,341.94,337.01,338.49,338.49,8292448,1.53,2806910723.52,2023-07,327.8,1.89
TSLA,2023-07-17,341.72,342.39,339.62,341.26,341.26,15699659,0.82,5357665630.34,2023-07,330.09,1.64
TSLA,2023-07-18,341.47,345.0,336.92,341.97,341.97,21072905,0.21,7206301322.85,2023-07,332.12,1.61
TSLA,2023-07-19,336.39,339.74,331.44,337.19,337.19,14601414,-1.4,4923450786.66,2023-07,334.03,1.64
TSLA,2023-07-20,332.49,336.81,327.48,332.05,332.05,6042792,-1.52,2006509083.6,2023-07,335.02,1.44
TSLA,2023-07-21,328.61,331.71,326.1,329.72,329.72,19526877,-0.7,6438401884.44,2023-07,335.65,1.42
TSLA,2023-07-24,337.58,342.11,332.82,336.0,336.0,9214193,1.91,3095968848.0,2023-07,336.23,1.4
TSLA,2023-07-25,331.35,334.36,330.35,332.03,332.03,30398011,-1.18,10093051592.33,2023-07,336.42,1.41
TSLA,2023-07-26,330.47,334.79,326.0,331.4,331.4,6963190,-0.19,2307601166.0,2023-07,336.49,1.4
TSLA,2023-07-27,324.59,327.79,324.26,324.85,324.85,23616933,-1.98,7671960685.05,2023-07,336.43,1.45
TSLA,2023-07-28,334.1,338.58,331.35,332.78,332.78,18093412,2.44,6021125645.36,2023-07,336.73,1.55
TSLA,2023-07-31,341.3,344.09,338.16,342.35,342.35,20508703,2.88,7021154472.05,2023-07,337.32,1.66
TSLA,2023-08-01,353.19,354.47,349.15,352.5,352.5,7708183,2.96,2717134507.5,2023-08,338.22,1.76
TSLA,2023-08-02,347.38,348.86,344.36,347.98,347.98,11743567,-1.28,4086526444.66,2023-08,338.38,1.66
TSLA,2023-08-03,343.17,346.38,342.51,344.38,344.38,38955744,-1.03,13415579118.72,2023-08,338.31,1.67
TSLA,2023-08-04,341.59,343.93,337.93,340.67,340.67,13762109,-1.08,4688337673.03,2023-08,338.2,1.68
TSLA,2023-08-07,340.13,342.47,337.73,339.16,339.16,16110296,-0.44,5463967991.36,2023-08,337.79,1.65
TSLA,2023-08-08,339.37,341.25,337.21,340.05,340.05,15201970,0.26,5169429898.5,2023-08,337.63,1.63
TSLA,2023-08-09,346.09,350.02,342.24,346.92,346.92,17668324,2.02,6129494962.08,2023-08,338.26,1.58
TSLA,2023-08-10,342.97,344.11,339.63,343.41,343.41,9530166,-1.01,3272754306.06,2023-08,338.76,1.6
TSLA,2023-08-11,330.93,335.94,330.57,331.08,331.08,22449570,-3.59,7432603635.6,2023-08,338.39,1.77
TSLA,2023-08-14,348.4,350.42,345.07,348.2,348.2,11638479,5.17,4052518387.8,2023-08,338.73,2.12
TSLA,2023-08-15,352.71,356.74,350.15,351.99,351.99,29192761,1.09,10275559944.39,2023-08,339.24,2.13
TSLA,2023-08-16,341.24,342.68,337.87,340.01,340.01,15023091,-3.4,5108001170.91,2023-08,339.38,2.25
TSLA,2023-08-17,340.87,344.56,338.89,341.62,341.62,16597455,0.47,5670022577.1,2023-08,339.86,2.22
TSLA,2023-08-18,342.8,343.53,338.38,341.13,341.13,11005166,-0.14,3754192277.58,2023-08,340.43,2.21
TSLA,2023-08-21,343.68,347.73,338.78,345.17,345.17,19608228,1.18,6768172058.76,2023-08,340.88,2.19
JPM,2023-01-03,191.85,193.14,191.08,192.59,192.59,13386044,-1.24,2578018213.96,2023-01,192.59,
JPM,2023-01-04,188.36,190.88,186.73,188.24,188.24,7885010,-2.26,1484274282.4,2023-01,190.42,0.72
JPM,2023-01-05,187.95,188.92,185.37,187.47,187.47,28239976,-0.41,5294148300.72,2023-01,189.43,0.93
JPM,2023-01-06,188.84,189.92,187.23,188.8,188.8,18915723,0.71,3571288502.4,2023-01,189.28,1.26
JPM,2023-01-09,189.82,192.47,189.04,189.62,189.62,34901874,0.43,6618093347.88,2023-01,189.34,1.22
JPM,2023-01-10,190.6,193.33,187.87,190.63,190.63,47972372,0.53,9144973274.36,2023-01,189.56,1.18
JPM,2023-01-11,194.4,197.48,192.1,194.83,194.83,13359466,2.2,2602824760.78,2023-01,190.31,1.45
JPM,2023-01-12,191.24,191.78,188.65,191.53,191.53,10812383,-1.69,2070895715.99,2023-01,190.46,1.47
JPM,2023-01-13,187.12,188.94,185.19,186.55,186.55,7320057,-2.6,1365556633.35,2023-01,190.03,1.59
JPM,2023-01-16,189.87,190.53,188.61,190.06,190.06,9713272,1.88,1846104476.32,2023-01,190.03,1.67
JPM,2023-01-17,193.9,195.85,191.26,193.16,193.16,5270292,1.63,1018009602.72,2023-01,190.32,1.68
JPM,2023-01-18,194.72,195.65,193.7,194.93,194.93,12552244,0.92,2446808922.92,2023-01,190.7,1.63
JPM,2023-01-19,195.19,197.1,194.78,195.49,195.49,13072743,0.29,2555590529.07,2023-01,191.07,1.56
JPM,2023-01-20,190.4,190.93,188.32,190.41,190.41,46986237,-2.6,8946649387.17,2023-01,191.02,1.66
JPM,2023-01-23,193.28,195.28,190.77,192.92,192.92,11902636,1.32,2296256537.12,2023-01,191.15,1.64
JPM,2023-01-24,192.64,194.3,191.31,193.22,193.22,16907963,0.16,3266956610.86,2023-01,191.28,1.59
JPM,2023-01-25,184.27,186.23,181.76,185.12,185.12,19554584,-4.19,3619944590.08,2023-01,190.92,1.84
JPM,2023-01-26,185.56,187.26,183.75,184.73,184.73,10390308,-0.21,1919401596.84,2023-01,190.57,1.78
JPM,2023-01-27,186.11,188.38,184.66,185.53,185.53,11632093,0.43,2158102214.29,2023-01,190.31,1.74
JPM,2023-01-30,189.88,193.05,187.18,190.42,190.42,12484099,2.64,2377222131.58,2023-01,190.31,1.81
JPM,2023-01-31,185.73,188.42,182.97,186.49,186.49,7159078,-2.06,1335096456.22,2023-01,190.01,1.85
JPM,2023-02-01,183.03,183.9,182.59,182.85,182.85,36552051,-1.95,6683542525.35,2023-02,189.74,1.83
JPM,2023-02-02,182.98,185.96,180.4,183.71,183.71,19707477,0.47,3620460599.67,2023-02,189.55,1.83
JPM,2023-02-03,184.78,187.36,182.36,184.41,184.41,14864858,0.38,2741228463.78,2023-02,189.33,1.83
JPM,2023-02-06,182.99,184.02,180.54,183.69,183.69,10756142,-0.39,1975795723.98,2023-02,189.03,1.83
JPM,2023-02-07,175.54,177.78,172.69,174.69,174.69,14773794,-4.9,2580834073.86,2023-02,188.24,2.1
JPM,2023-02-08,174.2,176.88,173.64,174.68,174.68,28296394,-0.01,4942814103.92,2023-02,187.23,2.01
JPM,2023-02-09,174.12,175.88,172.94,173.97,173.97,12422601,-0.4,2161159895.97,2023-02,186.35,2.0
JPM,2023-02-10,178.26,179.83,176.49,178.41,178.41,14055749,2.55,2507686179.09,2023-02,185.94,2.04
JPM,2023-02-13,178.9,179.88,177.52,178.83,178.83,38531659,0.23,6890616578.97,2023-02,185.38,1.98
JPM,2023-02-14,184.71,187.23,184.38,184.98,184.98,14407530,3.44,2665104899.4,2023-02,184.97,2.11
JPM,2023-02-15,184.5,186.38,184.22,184.95,184.95,28769873,-0.01,5320988011.35,2023-02,184.48,2.09
JPM,2023-02-16,182.36,185.0,181.08,182.78,182.78,12478346,-1.17,2280792081.88,2023-02,183.84,2.1
JPM,2023-02-17,182.57,184.41,179.36,181.92,181.92,15499747,-0.47,2819713974.24,2023-02,183.42,2.03
JPM,2023-02-20,184.14,185.99,183.72,184.87,184.87,22157591,1.62,4096273848.17,2023-02,183.01,2.04
JPM,2023-02-21,187.4,189.06,185.65,186.99,186.99,11315115,1.15,2115813353.85,2023-02,182.7,2.06
JPM,2023-02-22,184.8,185.94,182.88,184.87,184.87,41011142,-1.13,7581729821.54,2023-02,182.69,1.85
JPM,2023-02-23,189.54,189.9,187.84,188.86,188.86,17914282,2.16,3383291298.52,2023-02,182.9,1.91
JPM,2023-02-24,189.0,192.21,188.45,189.68,189.68,15234068,0.44,2889598018.24,2023-02,183.1,1.91
JPM,2023-02-27,188.08,189.89,186.35,188.01,188.01,15215893,-0.88,2860740042.93,2023-02,182.98,1.83
JPM,2023-02-28,190.33,192.4,189.88,191.04,191.04,9181207,1.61,1753977785.28,2023-02,183.21,1.8
JPM,2023-03-01,187.38,190.01,185.05,188.26,188.26,44267219,-1.46,8333746648.94,2023-03,183.48,1.77
JPM,2023-03-02,190.93,192.54,188.39,190.73,190.73,40988604,1.31,7817756440.92,2023-03,183.83,1.79
JPM,2023-03-03,190.67,192.26,190.05,191.2,191.2,11971363,0.25,2288924605.6,2023-03,184.17,1.79
JPM,2023-03-06,188.76,189.4,187.1,188.04,188.04,11473396,-1.65,2157457383.84,2023-03,184.39,1.83
JPM,2023-03-07,189.74,190.26,187.36,189.31,189.31,24330073,0.67,4605926119.63,2023-03,185.12,1.4
JPM,2023-03-08,186.01,187.12,183.04,185.23,185.23,7054731,-2.16,1306747823.13,2023-03,185.65,1.51
JPM,2023-03-09,183.46,186.22,182.29,183.99,183.99,18637572,-0.67,3429126872.28,2023-03,186.15,1.52
JPM,2023-03-10,189.49,191.37,186.16,188.57,188.57,13583090,2.49,2561363281.3,2023-03,186.66,1.52
JPM,2023-03-13,190.69,192.53,189.7,190.61,190.61,33698785,1.08,6423325408.85,2023-03,187.24,1.53
JPM,2023-03-14,188.76,191.31,187.43,188.84,188.84,17157189,-0.93,3239963570.76,2023-03,187.44,1.36
JPM,2023-03-15,189.25,191.12,188.52,189.78,189.78,12239553,0.5,2322822368.34,2023-03,187.68,1.36
JPM,2023-03-16,190.86,192.69,189.55,190.44,190.44,8319665,0.35,1584397002.6,2023-03,188.06,1.33
JPM,2023-03-17,193.41,196.29,191.02,193.23,193.23,12162029,1.46,2350068863.67,2023-03,188.63,1.35
JPM,2023-03-20,192.87,195.0,190.32,193.17,193.17,8127944,-0.03,1570074942.48,2023-03,189.04,1.31
JPM,2023-03-21,194.87,196.85,193.4,194.54,194.54,15513455,0.71,3017987535.7,2023-03,189.42,1.3
JPM,2023-03-22,189.43,192.22,187.29,190.11,190.11,18045416,-2.28,3430614035.76,2023-03,189.68,1.38
JPM,2023-03-23,187.84,189.82,187.4,188.68,188.68,23505889,-0.75,4435091136.52,2023-03,189.67,1.31
JPM,2023-03-24,194.67,195.46,193.61,194.22,194.22,27915188,2.94,5421687813.36,2023-03,189.9,1.47
JPM,2023-03-27,196.81,198.48,193.87,197.07,197.07,15028014,1.47,2961570718.98,2023-03,190.35,1.48
JPM,2023-03-28,198.8,200.21,196.39,198.02,198.02,19914215,0.48,3943412854.3,2023-03,190.7,1.44
JPM,2023-03-29,195.22,197.03,193.11,195.95,195.95,20409089,-1.04,3999160989.55,2023-03,191.09,1.42
JPM,2023-03-30,195.14,197.14,194.87,195.14,195.14,4307426,-0.41,840551109.64,2023-03,191.31,1.4
JPM,2023-03-31,195.38,197.8,194.98,196.24,196.24,11116154,0.57,2181434060.96,2023-03,191.56,1.4
JPM,2023-04-03,196.83,199.07,196.26,197.77,197.77,22874542,0.78,4523898171.34,2023-04,192.05,1.35
JPM,2023-04-04,200.1,202.71,197.44,199.89,199.89,18411326,1.07,3680239954.14,2023-04,192.57,1.36
JPM,2023-04-05,202.21,203.41,200.35,202.45,202.45,25021426,1.28,5065587693.7,2023-04,193.44,1.24
JPM,2023-04-06,196.02,197.4,193.52,195.4,195.4,9191749,-3.48,1796067754.6,2023-04,194.01,1.51
JPM,2023-04-07,197.24,197.44,193.67,196.54,196.54,31516139,0.59,6194181959.06,2023-04,194.4,1.42
JPM,2023-04-10,196.64,199.28,195.94,197.42,197.42,13221582,0.45,2610204718.44,2023-04,194.74,1.41
JPM,2023-04-11,201.98,204.93,200.18,202.76,202.76,29973295,2.7,6077385294.2,2023-04,195.44,1.49
JPM,2023-04-12,200.56,201.87,198.76,200.31,200.31,13351425,-1.21,2674423941.75,2023-04,195.97,1.53
JPM,2023-04-13,196.91,199.02,196.21,197.64,197.64,27977487,-1.33,5529470530.68,2023-04,196.33,1.57
JPM,2023-04-14,197.92,198.34,196.62,197.74,197.74,9134882,0.05,1806331566.68,2023-04,196.55,1.54
JPM,2023-04-17,194.27,195.94,193.54,193.98,193.98,16300708,-1.9,3162011337.84,2023-04,196.59,1.61
JPM,2023-04-18,185.6,187.0,184.86,186.28,186.28,13517015,-3.97,2517949554.2,2023-04,196.18,1.83
JPM,2023-04-19,190.11,190.89,186.58,189.22,189.22,14633129,1.58,2768880669.38,2023-04,196.14,1.8
JPM,2023-04-20,189.79,190.8,187.47,189.83,189.83,27291344,0.32,5180715831.52,2023-04,196.19,1.79
JPM,2023-04-21,183.72,184.1,180.63,182.97,182.97,21250654,-3.62,3888232162.38,2023-04,195.63,1.84
JPM,2023-04-24,179.73,181.35,178.75,180.13,180.13,7364897,-1.55,1326638896.61,2023-04,194.78,1.81
JPM,2023-04-25,183.84,184.27,181.62,183.98,183.98,11901822,2.14,2189697211.56,2023-04,194.08,1.89
JPM,2023-04-26,184.29,186.15,183.16,184.23,184.23,12365765,0.14,2278144885.95,2023-04,193.5,1.88
JPM,2023-04-27,182.05,182.62,179.21,181.54,181.54,13242924,-1.46,2404120422.96,2023-04,192.82,1.9
JPM,2023-04-28,178.52,181.12,176.63,178.54,178.54,12549377,-1.65,2240565769.58,2023-04,191.93,1.91
JPM,2023-05-01,179.02,180.3,175.86,178.17,178.17,19607082,-0.21,3493393799.94,2023-05,190.95,1.89
JPM,2023-05-02,174.64,177.65,174.44,175.2,175.2,6775546,-1.67,1187075659.2,2023-05,189.72,1.87
JPM,2023-05-03,173.1,174.89,170.67,172.24,172.24,7273086,-1.69,1252716332.64,2023-05,188.21,1.83
JPM,2023-05-04,172.18,174.46,170.1,171.4,171.4,9580418,-0.49,1642083645.2,2023-05,187.01,1.71
JPM,2023-05-05,171.13,172.05,170.16,171.43,171.43,40592685,0.01,6958803989.55,2023-05,185.75,1.7
JPM,2023-05-08,167.32,168.52,166.02,167.55,167.55,35903589,-2.26,6015646336.95,2023-05,184.26,1.71
JPM,2023-05-09,169.74,170.97,168.01,170.14,170.14,19247255,1.54,3274727965.7,2023-05,182.63,1.6
JPM,2023-05-10,167.94,170.42,165.25,167.75,167.75,19023942,-1.41,3191266270.5,2023-05,181.0,1.6
JPM,2023-05-11,172.33,172.57,171.59,171.91,171.91,16591467,2.48,2852239091.97,2023-05,179.71,1.77
JPM,2023-05-12,172.5,173.28,171.58,171.76,171.76,22552557,-0.09,3873627190.32,2023-05,178.41,1.76
JPM,2023-05-15,174.15,175.15,172.33,174.21,174.21,14527823,1.43,2530892044.83,2023-05,177.42,1.8
JPM,2023-05-16,177.55,179.14,176.75,176.99,176.99,7612411,1.59,1347320622.89,2023-05,176.96,1.66
JPM,2023-05-17,175.24,177.8,173.98,175.0,175.0,8888259,-1.12,1555445325.0,2023-05,176.25,1.62
JPM,2023-05-18,174.22,177.03,172.73,174.94,174.94,28616337,-0.03,5006141994.78,2023-05,175.5,1.61
JPM,2023-05-19,173.97,176.33,173.49,174.28,174.28,22872605,-0.38,3986237599.4,2023-05,175.07,1.42
JPM,2023-05-22,182.57,184.39,179.46,181.87,181.87,11535336,4.36,2097931558.32,2023-05,175.16,1.72
JPM,2023-05-23,182.62,182.95,179.6,182.03,182.03,16616908,0.09,3024775763.24,2023-05,175.06,1.64
JPM,2023-05-24,186.08,186.87,182.9,185.6,185.6,6946585,1.96,1289286176.0,2023-05,175.13,1.7
JPM,2023-05-25,187.36,187.82,186.73,187.2,187.2,17933161,0.86,3357087739.2,2023-05,175.41,1.67
JPM,2023-05-26,183.39,185.93,183.15,183.47,183.47,10490969,-1.99,1924778082.43,2023-05,175.66,1.7
JPM,2023-05-29,179.62,181.39,177.08,179.52,179.52,8782178,-2.15,1576576594.56,2023-05,175.72,1.77
JPM,2023-05-30,180.2,180.97,177.9,180.49,180.49,25210457,0.54,4550235383.93,2023-05,175.99,1.73
JPM,2023-05-31,182.15,185.21,179.47,182.86,182.86,22094761,1.31,4040247996.46,2023-05,176.52,1.69
JPM,2023-06-01,179.0,180.69,177.22,178.72,178.72,10414830,-2.26,1861338417.6,2023-06,176.89,1.78
JPM,2023-06-02,181.5,183.35,180.37,182.14,182.14,25535305,1.91,4651000452.7,2023-06,177.42,1.81
JPM,2023-06-05,184.24,184.51,182.57,183.57,183.57,18263719,0.78,3352670896.83,2023-06,178.22,1.71
JPM,2023-06-06,184.68,187.27,183.31,183.88,183.88,24913590,0.17,4581110929.2,2023-06,178.91,1.69
JPM,2023-06-07,184.71,185.38,182.05,184.34,184.34,10778869,0.25,1986976711.46,2023-06,179.74,1.64
JPM,2023-06-08,185.48,187.24,183.23,184.85,184.85,23348599,0.28,4315988525.15,2023-06,180.39,1.57
JPM,2023-06-09,183.82,185.46,183.27,183.57,183.57,12296104,-0.69,2257195811.28,2023-06,180.98,1.59
JPM,2023-06-12,188.68,190.09,186.45,187.76,187.76,11881860,2.28,2230938033.6,2023-06,181.65,1.63
JPM,2023-06-13,194.21,195.95,191.6,194.16,194.16,13645250,3.41,2649361740.0,2023-06,182.51,1.74
JPM,2023-06-14,195.47,198.42,194.19,196.05,196.05,25027101,0.97,4906563151.05,2023-06,183.56,1.71
JPM,2023-06-15,196.15,196.89,193.82,195.51,195.51,12733535,-0.27,2489533427.85,2023-06,184.59,1.71
JPM,2023-06-16,194.9,198.15,194.15,195.38,195.38,12168989,-0.07,2377577070.82,2023-06,185.65,1.7
JPM,2023-06-19,194.63,197.28,192.07,195.18,195.18,21037672,-0.1,4106132820.96,2023-06,186.31,1.46
JPM,2023-06-20,198.4,200.67,195.99,198.52,198.52,27262574,1.71,5412166190.48,2023-06,187.14,1.49
JPM,2023-06-21,200.91,202.84,199.13,201.63,201.63,28505231,1.57,5747509726.53,2023-06,187.94,1.47
JPM,2023-06-22,197.53,197.97,194.51,197.37,197.37,5827482,-2.11,1150170122.34,2023-06,188.45,1.57
JPM,2023-06-23,202.39,205.44,201.66,202.54,202.54,13403906,2.62,2714827121.24,2023-06,189.4,1.56
JPM,2023-06-26,202.91,204.76,201.22,202.38,202.38,7141793,-0.08,1445356067.34,2023-06,190.54,1.43
JPM,2023-06-27,199.19,200.51,198.34,200.16,200.16,11080769,-1.1,2217926723.04,2023-06,191.53,1.49
JPM,2023-06-28,200.04,200.72,196.8,199.51,199.51,19192073,-0.33,3829010484.23,2023-06,192.36,1.49
JPM,2023-06-29,194.01,195.17,193.14,194.37,194.37,9450057,-2.58,1836807579.09,2023-06,193.14,1.52
JPM,2023-06-30,195.07,196.17,192.37,195.95,195.95,11713259,0.81,2295213101.05,2023-06,193.83,1.48
JPM,2023-07-03,199.89,202.47,197.15,200.29,200.29,6451072,2.21,1292085210.88,2023-07,194.67,1.53
JPM,2023-07-04,196.54,197.35,193.25,196.01,196.01,23003737,-2.14,4508962489.37,2023-07,195.28,1.64
JPM,2023-07-05,195.86,196.99,193.56,196.46,196.46,6393883,0.23,1256142254.18,2023-07,195.88,1.64
JPM,2023-07-06,198.65,200.49,195.72,197.73,197.73,9915438,0.65,1960579555.74,2023-07,196.53,1.64
JPM,2023-07-07,198.18,200.14,197.62,198.91,198.91,31535298,0.59,6272686125.18,2023-07,197.29,1.62
JPM,2023-07-10,197.64,198.3,194.79,197.72,197.72,9295917,-0.6,1837988709.24,2023-07,197.79,1.58
JPM,2023-07-11,199.27,200.14,197.26,198.67,198.67,20021072,0.48,3977586374.24,2023-07,198.02,1.39
JPM,2023-07-12,197.55,198.38,196.07,197.4,197.4,12893064,-0.64,2545090833.6,2023-07,198.08,1.39
JPM,2023-07-13,195.68,197.49,192.8,195.19,195.19,14568197,-1.12,2843566372.43,2023-07,198.07,1.41
JPM,2023-07-14,192.43,194.38,189.92,193.09,193.09,13603407,-1.08,2626681857.63,2023-07,197.95,1.43
JPM,2023-07-17,191.52,192.95,189.92,191.26,191.26,15808444,-0.95,3023522999.44,2023-07,197.76,1.45
JPM,2023-07-18,199.26,200.98,196.31,198.63,198.63,6207139,3.85,1232924019.57,2023-07,197.76,1.65
JPM,2023-07-19,203.34,204.53,200.17,202.69,202.69,17902077,2.04,3628571987.13,2023-07,197.82,1.68
JPM,2023-07-20,208.81,211.87,205.69,209.1,209.1,17100379,3.16,3575689248.9,2023-07,198.4,1.74
JPM,2023-07-21,209.17,210.58,207.48,209.59,209.59,14674498,0.23,3075628035.82,2023-07,198.76,1.65
JPM,2023-07-24,201.25,204.3,200.43,201.91,201.91,16542937,-3.66,3340184409.67,2023-07,198.73,1.86
JPM,2023-07-25,198.37,200.79,196.95,199.17,199.17,8149208,-1.36,1623077757.36,2023-07,198.68,1.87
JPM,2023-07-26,195.53,196.9,193.82,195.53,195.53,17817993,-1.83,3483952171.29,2023-07,198.48,1.91
JPM,2023-07-27,197.69,198.78,195.5,197.44,197.44,4505055,0.98,889478059.2,2023-07,198.64,1.83
JPM,2023-07-28,194.92,196.32,193.81,195.1,195.1,14912562,-1.18,2909440846.2,2023-07,198.59,1.84
JPM,2023-07-31,190.24,191.9,188.99,191.05,191.05,10809492,-2.07,2065153446.6,2023-07,198.13,1.82
JPM,2023-08-01,191.88,194.32,189.54,192.17,192.17,7690975,0.59,1477974665.75,2023-08,197.94,1.77
JPM,2023-08-02,193.48,195.23,192.27,193.58,193.58,23585779,0.74,4565735098.82,2023-08,197.8,1.78
JPM,2023-08-03,188.52,191.06,187.09,189.07,189.07,14480278,-2.33,2737786161.46,2023-08,197.36,1.84
JPM,2023-08-04,190.16,192.26,187.4,190.98,190.98,7921777,1.01,1512900971.46,2023-08,196.97,1.85
JPM,2023-08-07,190.12,193.17,187.85,190.71,190.71,14413362,-0.14,2748772267.02,2023-08,196.62,1.85
JPM,2023-08-08,193.29,193.58,190.62,192.6,192.6,6852989,0.99,1319885681.4,2023-08,196.31,1.86
JPM,2023-08-09,193.68,194.93,191.53,193.64,193.64,33351457,0.54,6458176133.48,2023-08,196.12,1.87
JPM,2023-08-10,188.55,190.76,186.21,188.17,188.17,16012863,-2.83,3013140430.71,2023-08,195.77,1.95
JPM,2023-08-11,176.8,179.18,174.52,177.01,177.01,12235129,-5.93,2165740184.29,2023-08,194.97,2.34
JPM,2023-08-14,177.37,178.89,174.73,178.07,178.07,24730730,0.6,4403801091.1,2023-08,194.31,2.34
JPM,2023-08-15,176.3,177.12,175.16,176.27,176.27,15173961,-1.01,2674714105.47,2023-08,193.19,2.13
JPM,2023-08-16,174.87,177.04,172.69,175.6,175.6,24458207,-0.38,4294861149.2,2023-08,191.84,2.04
JPM,2023-08-17,173.02,174.59,170.94,172.75,172.75,19152481,-1.62,3308591092.75,2023-08,190.02,1.83
JPM,2023-08-18,174.06,175.17,172.91,174.78,174.78,17829878,1.17,3116306076.84,2023-08,188.28,1.88
JPM,2023-08-21,175.02,177.95,172.59,175.54,175.54,18667306,0.43,3276858895.24,2023-08,186.96,1.78
UNH,2023-01-03,505.64,510.74,501.35,506.13,506.13,18334048,-0.76,9279411714.24,2023-01,506.13,
UNH,2023-01-04,503.19,509.11,496.59,503.67,503.67,10716473,-0.49,5397565955.91,2023-01,504.9,0.19
UNH,2023-01-05,518.25,524.76,510.51,518.44,518.44,31574787,2.93,16369632572.28,2023-01,509.41,2.06
UNH,2023-01-06,521.99,529.9,515.67,524.47,524.47,16527837,1.16,8668354671.39,2023-01,513.18,1.71
UNH,2023-01-09,517.32,519.09,513.47,514.79,514.79,21838216,-1.84,11242095214.64,2023-01,513.5,1.87
UNH,2023-01-10,516.9,522.26,515.11,516.79,516.79,23815037,0.39,12307372971.23,2023-01,514.05,1.67
UNH,2023-01-11,523.45,528.07,517.7,525.13,525.13,24972365,1.61,13113738032.45,2023-01,515.63,1.61
UNH,2023-01-12,524.38,525.86,517.01,525.0,525.0,24235509,-0.02,12723642225.0,2023-01,516.8,1.5
UNH,2023-01-13,532.62,539.85,528.26,534.1,534.1,21833226,1.73,11661126006.6,2023-01,518.72,1.48
UNH,2023-01-16,541.49,548.02,536.17,542.61,542.61,16836844,1.59,9135839922.84,2023-01,521.11,1.43
UNH,2023-01-17,556.64,561.36,555.72,558.21,558.21,18141425,2.88,10126724849.25,2023-01,524.49,1.52
UNH,2023-01-18,563.23,565.8,559.75,562.26,562.26,13287323,0.73,7470930229.98,2023-01,527.63,1.45
UNH,2023-01-19,554.07,561.92,546.04,552.35,552.35,7506316,-1.76,4146113642.6,2023-01,529.53,1.56
UNH,2023-01-20,542.03,546.74,534.39,542.09,542.09,13614098,-1.86,7380066384.82,2023-01,530.43,1.64
UNH,2023-01-23,543.8,547.75,536.38,543.15,543.15,20163009,0.19,10951538338.35,2023-01,531.28,1.58
UNH,2023-01-24,539.99,545.6,529.66,537.53,537.53,12685970,-1.03,6819089454.1,2023-01,531.67,1.57
UNH,2023-01-25,537.1,543.38,535.72,539.78,539.78,10484041,0.42,5659075650.98,2023-01,532.15,1.52
UNH,2023-01-26,530.45,540.0,523.87,532.78,532.78,37686812,-1.3,20078779697.36,2023-01,532.18,1.53
UNH,2023-01-27,528.71,538.37,528.18,531.14,531.14,8242299,-0.31,4377814690.86,2023-01,532.13,1.49
UNH,2023-01-30,536.83,538.0,535.62,536.27,536.27,6794738,0.97,3643814147.26,2023-01,532.33,1.46
UNH,2023-01-31,533.41,534.14,528.82,532.88,532.88,11041382,-0.63,5883731640.16,2023-01,533.67,1.45
UNH,2023-02-01,528.18,530.04,525.48,527.91,527.91,8861857,-0.93,4678262928.87,2023-02,534.88,1.47
UNH,2023-02-02,543.41,546.75,535.24,543.07,543.07,16722366,2.87,9081415303.62,2023-02,536.12,1.46
UNH,2023-02-03,547.12,554.32,539.98,546.45,546.45,13587997,0.62,7425160960.65,2023-02,537.21,1.45
UNH,2023-02-06,539.72,544.48,532.63,541.38,541.38,15482925,-0.93,8382145936.5,2023-02,538.54,1.4
UNH,2023-02-07,528.39,532.54,522.84,528.16,528.16,11455677,-2.44,6050430364.32,2023-02,539.11,1.52
UNH,2023-02-08,529.59,531.92,521.82,529.93,529.93,8449685,0.33,4477741572.05,2023-02,539.35,1.48
UNH,2023-02-09,533.56,536.69,527.4,535.23,535.23,12144310,1.0,6499999041.3,2023-02,539.86,1.5
UNH,2023-02-10,532.67,537.8,529.64,532.36,532.36,9540394,-0.54,5078924149.84,2023-02,539.78,1.45
UNH,2023-02-13,530.29,533.24,522.82,532.36,532.36,11419765,-0.0,6079426095.4,2023-02,539.26,1.4
UNH,2023-02-14,516.51,522.26,512.7,517.18,517.18,13949839,-2.85,7214577734.02,2023-02,537.21,1.35
UNH,2023-02-15,522.57,529.44,517.66,523.75,523.75,53659566,1.27,28104197692.5,2023-02,535.29,1.38
UNH,2023-02-16,526.54,532.02,523.16,527.69,527.69,22734397,0.75,11996713952.93,2023-02,534.05,1.36
UNH,2023-02-17,537.59,547.08,532.61,540.16,540.16,13931339,2.36,7525152074.24,2023-02,533.96,1.41
UNH,2023-02-20,548.18,555.31,545.6,546.85,546.85,6077309,1.24,3323376426.65,2023-02,534.14,1.44
UNH,2023-02-21,531.49,536.69,527.26,534.01,534.01,10763526,-2.35,5747830519.26,2023-02,533.97,1.52
UNH,2023-02-22,544.14,553.54,537.78,546.09,546.09,8312545,2.26,4539397699.05,2023-02,534.28,1.6
UNH,2023-02-23,544.96,553.36,541.81,545.62,545.62,33074009,-0.09,18045840790.58,2023-02,534.92,1.57
UNH,2023-02-24,529.84,532.99,522.08,530.43,530.43,19204323,-2.78,10186549048.89,2023-02,534.89,1.7
UNH,2023-02-27,530.57,535.54,528.31,529.62,529.62,35490592,-0.15,18796527335.04,2023-02,534.56,1.68
UNH,2023-02-28,538.64,543.79,529.64,536.59,536.59,21064811,1.32,11303166934.49,2023-02,534.74,1.7
UNH,2023-03-01,527.26,529.12,521.24,528.32,528.32,10572786,-1.54,5585814299.52,2023-03,534.76,1.73
UNH,2023-03-02,529.93,535.78,525.77,527.62,527.62,6888612,-0.13,3634569463.44,2023-03,533.99,1.59
UNH,2023-03-03,530.68,534.14,523.66,532.19,532.19,7827689,0.87,4165817808.91,2023-03,533.28,1.6
UNH,2023-03-06,521.93,530.29,518.58,523.06,523.06,23608279,-1.72,12348546413.74,2023-03,532.36,1.63
UNH,2023-03-07,536.04,536.7,525.68,533.53,533.53,6489817,2.0,3462512064.01,2023-03,532.63,1.61
UNH,2023-03-08,540.56,547.44,536.49,539.89,539.89,23739375,1.19,12816651168.75,2023-03,533.13,1.62
UNH,2023-03-09,545.15,545.92,542.53,543.49,543.49,6116539,0.67,3324277781.11,2023-03,533.54,1.62
UNH,2023-03-10,550.42,560.8,546.47,553.07,553.07,9991112,1.76,5525784313.84,2023-03,534.58,1.65
UNH,2023-03-13,555.89,559.83,553.85,558.51,558.51,13084667,0.98,7307917366.17,2023-03,535.88,1.66
UNH,2023-03-14,567.88,570.15,558.84,565.3,565.3,9386064,1.22,5305941979.2,2023-03,538.29,1.5
UNH,2023-03-15,558.88,561.31,558.07,560.31,560.31,27866959,-0.88,15614135797.29,2023-03,540.12,1.52
UNH,2023-03-16,561.78,569.63,559.26,563.01,563.01,27137152,0.48,15278487947.52,2023-03,541.88,1.51
UNH,2023-03-17,577.82,584.54,574.33,578.64,578.64,10052313,2.78,5816670394.32,2023-03,543.81,1.55
UNH,2023-03-20,561.26,571.31,555.82,563.91,563.91,6700677,-2.55,3778578767.07,2023-03,544.66,1.66
UNH,2023-03-21,565.42,568.35,562.69,564.94,564.94,17304291,0.18,9775886157.54,2023-03,546.21,1.55
UNH,2023-03-22,563.67,569.29,555.73,562.8,562.8,19930202,-0.38,11216717685.6,2023-03,547.04,1.49
UNH,2023-03-23,564.91,572.64,560.73,563.0,563.0,12361167,0.04,6959337021.0,2023-03,547.91,1.48
UNH,2023-03-24,551.94,560.55,548.75,553.38,553.38,29933250,-1.71,16564461885.0,2023-03,549.06,1.39
UNH,2023-03-27,548.46,556.34,544.64,549.78,549.78,23906440,-0.65,13143282583.2,2023-03,550.07,1.4
UNH,2023-03-28,547.04,555.35,540.51,547.49,547.49,16760808,-0.42,9176374771.92,2023-03,550.61,1.38
UNH,2023-03-29,538.32,548.47,532.69,540.5,540.5,27121696,-1.28,14659276688.0,2023-03,551.22,1.37
UNH,2023-03-30,555.4,559.89,553.3,556.48,556.48,20376041,2.96,11338859295.68,2023-03,552.66,1.5
UNH,2023-03-31,563.8,568.39,559.71,561.23,561.23,25340681,0.85,14221950397.63,2023-03,554.12,1.5
UNH,2023-04-03,558.73,566.0,550.85,560.96,560.96,17745897,-0.05,9954738381.12,2023-04,556.01,1.43
UNH,2023-04-04,552.56,555.1,547.55,552.47,552.47,21926622,-1.51,12113800856.34,2023-04,556.96,1.43
UNH,2023-04-05,534.03,535.89,532.16,533.97,533.97,27057161,-3.35,14447712259.17,2023-04,556.66,1.61
UNH,2023-04-06,541.52,549.32,531.44,539.46,539.46,18740817,1.03,10109921138.82,2023-04,556.46,1.62
UNH,2023-04-07,525.91,530.26,522.39,526.27,526.27,15460641,-2.45,8136471539.07,2023-04,555.12,1.65
UNH,2023-04-10,518.79,527.7,511.57,521.21,521.21,16009238,-0.96,8344174937.98,2023-04,553.26,1.64
UNH,2023-04-11,532.52,536.02,528.84,530.31,530.31,25280488,1.75,13406495591.28,2023-04,551.51,1.67
UNH,2023-04-12,521.34,528.67,513.14,520.18,520.18,12515970,-1.91,6510557274.6,2023-04,549.5,1.7
UNH,2023-04-13,527.91,531.04,524.21,526.45,526.45,19780068,1.21,10413216798.6,2023-04,547.67,1.73
UNH,2023-04-14,518.41,523.69,513.14,517.39,517.39,16172411,-1.72,8367443727.29,2023-04,544.61,1.59
UNH,2023-04-17,528.85,532.85,521.85,529.37,529.37,9503562,2.31,5030900615.94,2023-04,542.88,1.64
UNH,2023-04-18,540.98,546.5,537.5,542.75,542.75,12687486,2.53,6886133026.5,2023-04,541.77,1.75
UNH,2023-04-19,563.2,570.78,554.11,561.2,561.2,8571795,3.4,4810491354.0,2023-04,541.69,1.93
UNH,2023-04-20,574.58,578.82,570.73,572.23,572.23,19723231,1.97,11286224475.13,2023-04,542.15,1.98
UNH,2023-04-21,588.97,593.77,585.65,590.36,590.36,12295389,3.17,7258705850.04,2023-04,544.0,2.04
UNH,2023-04-24,592.55,595.69,587.29,594.3,594.3,21886040,0.67,13006873572.0,2023-04,546.23,2.03
UNH,2023-04-25,596.8,598.08,591.06,597.39,597.39,23378287,0.52,13965954870.93,2023-04,548.72,2.02
UNH,2023-04-26,597.02,601.16,593.23,597.93,597.93,17005267,0.09,10167959297.31,2023-04,551.6,1.98
UNH,2023-04-27,590.43,591.49,580.88,588.63,588.63,12273130,-1.55,7224332511.9,2023-04,553.2,1.95
UNH,2023-04-28,583.58,584.76,580.33,581.87,581.87,16082659,-1.15,9358016792.33,2023-04,554.23,1.97
UNH,2023-05-01,589.04,592.74,586.62,587.54,587.54,13459187,0.97,7907810729.98,2023-05,555.56,1.97
UNH,2023-05-02,599.94,607.29,596.17,602.0,602.0,38686765,2.46,23289432530.0,2023-05,558.04,1.99
UNH,2023-05-03,583.1,587.7,577.21,584.96,584.96,9621288,-2.83,5628068628.48,2023-05,560.59,1.94
UNH,2023-05-04,577.79,583.38,574.0,578.78,578.78,10756824,-1.06,6225834594.72,2023-05,562.56,1.96
UNH,2023-05-05,564.52,573.28,558.28,566.54,566.54,9124404,-2.11,5169339842.16,2023-05,564.57,1.94
UNH,2023-05-08,568.84,572.75,562.97,571.7,571.7,27580160,0.91,15767577472.0,2023-05,567.09,1.91
UNH,2023-05-09,574.75,582.68,568.13,573.05,573.05,18606182,0.24,10662272595.1,2023-05,569.23,1.89
UNH,2023-05-10,551.18,556.98,544.48,549.52,549.52,9592672,-4.11,5271365117.44,2023-05,570.7,2.09
UNH,2023-05-11,558.26,566.3,553.26,557.53,557.53,25610734,1.46,14278752527.02,2023-05,572.25,2.09
UNH,2023-05-12,565.73,573.33,564.75,568.43,568.43,17355193,1.96,9865212356.99,2023-05,574.8,2.07
UNH,2023-05-15,561.52,567.97,555.13,561.85,561.85,8930314,-1.16,5017496920.9,2023-05,576.43,2.05
UNH,2023-05-16,556.21,559.32,552.42,558.53,558.53,31215654,-0.59,17434879228.62,2023-05,577.22,1.99
UNH,2023-05-17,560.86,565.64,558.52,559.44,559.44,47925675,0.16,26811539622.0,2023-05,577.13,1.84
UNH,2023-05-18,564.89,569.54,559.24,565.91,565.91,14088946,1.16,7973075430.86,2023-05,576.81,1.8
UNH,2023-05-19,564.01,567.98,560.18,563.39,563.39,20408865,-0.44,11498150452.35,2023-05,575.46,1.64
UNH,2023-05-22,563.99,564.92,561.15,562.23,562.23,28167236,-0.21,15836465096.28,2023-05,573.86,1.63
UNH,2023-05-23,561.58,567.39,555.27,561.11,561.11,5875900,-0.2,3297026249.0,2023-05,572.05,1.62
UNH,2023-05-24,548.04,551.83,540.73,548.8,548.8,12977896,-2.19,7122269324.8,2023-05,569.59,1.67
UNH,2023-05-25,558.86,563.17,554.85,560.39,560.39,12256163,2.11,6868231183.57,2023-05,568.18,1.73
UNH,2023-05-26,571.8,577.72,569.16,571.83,571.83,10700575,2.04,6118909802.25,2023-05,567.68,1.79
UNH,2023-05-29,602.37,607.06,601.46,603.79,603.79,10580512,5.59,6388407340.48,2023-05,568.49,2.19
UNH,2023-05-30,601.06,610.02,592.4,599.87,599.87,26450280,-0.65,15866729463.6,2023-05,568.38,2.12
UNH,2023-05-31,606.4,611.66,604.41,608.79,608.79,15781815,1.49,9607811153.85,2023-05,569.57,2.04
UNH,2023-06-01,613.94,618.46,611.59,612.78,612.78,13034014,0.66,7986983098.92,2023-06,571.27,2.02
UNH,2023-06-02,616.03,620.56,613.22,614.39,614.39,23887639,0.26,14676326525.21,2023-06,573.67,1.94
UNH,2023-06-05,619.43,630.14,610.39,621.6,621.6,18826698,1.17,11702675476.8,2023-06,576.16,1.94
UNH,2023-06-06,618.36,626.9,611.79,620.41,620.41,26153589,-0.19,16225948151.49,2023-06,578.53,1.95
UNH,2023-06-07,616.82,624.12,608.15,619.64,619.64,13790722,-0.12,8545282980.08,2023-06,582.04,1.64
UNH,2023-06-08,624.9,633.65,620.86,626.04,626.04,21216846,1.03,13282594269.84,2023-06,585.46,1.63
UNH,2023-06-09,627.24,632.09,618.75,626.69,626.69,33771079,0.1,21163997498.51,2023-06,588.37,1.6
UNH,2023-06-12,626.2,632.62,624.81,625.65,625.65,16343192,-0.17,10225118074.8,2023-06,591.56,1.56
UNH,2023-06-13,618.77,623.67,610.14,616.5,616.5,4756073,-1.46,2932119004.5,2023-06,594.46,1.61
UNH,2023-06-14,641.65,651.12,632.7,639.38,639.38,10139966,3.71,6483291461.08,2023-06,598.46,1.75
UNH,2023-06-15,643.12,650.01,632.12,640.03,640.03,21311339,0.1,13639896300.17,2023-06,602.17,1.76
UNH,2023-06-16,641.64,648.93,638.87,639.74,639.74,10388641,-0.05,6646029193.34,2023-06,605.98,1.74
UNH,2023-06-19,631.7,637.27,627.75,630.28,630.28,13139652,-1.48,8281659862.56,2023-06,609.39,1.8
UNH,2023-06-20,615.9,621.93,613.47,615.76,615.76,10007400,-2.3,6162156624.0,2023-06,612.12,1.91
UNH,2023-06-21,593.62,595.61,585.86,592.14,592.14,20100196,-3.84,11902130059.44,2023-06,614.29,2.06
UNH,2023-06-22,593.82,600.05,591.58,595.59,595.59,10039466,0.58,5979405554.94,2023-06,616.04,2.02
UNH,2023-06-23,588.4,595.56,577.46,585.6,585.6,15648954,-1.68,9164027462.4,2023-06,616.73,2.02
UNH,2023-06-26,591.12,597.41,585.67,589.72,589.72,32960347,0.7,19437375832.84,2023-06,616.03,1.58
UNH,2023-06-27,591.72,597.44,586.12,589.59,589.59,26282426,-0.02,15495855545.34,2023-06,615.52,1.57
UNH,2023-06-28,599.35,607.02,591.58,596.57,596.57,7499990,1.18,4474269034.3,2023-06,614.9,1.56
UNH,2023-06-29,591.82,594.51,584.77,591.22,591.22,11896333,-0.9,7033349996.26,2023-06,613.83,1.56
UNH,2023-06-30,596.14,600.24,594.98,595.88,595.88,29398798,0.79,17518155752.24,2023-06,612.9,1.57
UNH,2023-07-03,571.86,576.99,567.32,571.53,571.53,13447333,-4.09,7685554229.49,2023-07,610.4,1.77
UNH,2023-07-04,568.65,575.36,566.27,568.67,568.67,7418421,-0.5,4218633470.07,2023-07,607.81,1.76
UNH,2023-07-05,578.25,586.68,572.97,577.42,577.42,11942060,1.54,6895584285.2,2023-07,605.7,1.82
UNH,2023-07-06,564.29,565.62,556.19,563.09,563.09,40500471,-2.48,22805410215.39,2023-07,602.55,1.85
UNH,2023-07-07,564.17,573.66,559.21,566.94,566.94,7445520,0.68,4221163108.8,2023-07,599.56,1.86
UNH,2023-07-10,567.02,572.25,560.8,569.57,569.57,12479755,0.46,7108094055.35,2023-07,596.76,1.87
UNH,2023-07-11,560.94,564.73,553.39,559.77,559.77,19782790,-1.72,11073812358.3,2023-07,593.92,1.88
UNH,2023-07-12,566.56,569.59,564.78,565.47,565.47,11531188,1.02,6520540878.36,2023-07,590.23,1.65
UNH,2023-07-13,555.95,559.55,547.93,557.14,557.14,19810683,-1.47,11037323926.62,2023-07,586.08,1.65
UNH,2023-07-14,535.7,538.71,533.36,536.01,536.01,17619458,-3.79,9444205682.58,2023-07,580.9,1.78
UNH,2023-07-17,534.97,542.29,527.04,537.14,537.14,7788194,0.21,4183350525.16,2023-07,576.24,1.79
UNH,2023-07-18,535.59,541.05,528.33,532.98,532.98,21165986,-0.77,11281047218.28,2023-07,572.1,1.76
UNH,2023-07-19,514.23,521.99,512.84,515.1,515.1,27704331,-3.35,14270500898.1,2023-07,568.25,1.71
UNH,2023-07-20,517.32,520.5,512.84,518.39,518.39,18150427,0.64,9408999852.53,2023-07,564.39,1.72
UNH,2023-07-21,525.07,533.46,523.81,525.61,525.61,13552922,1.39,7123551332.42,2023-07,561.39,1.76
UNH,2023-07-24,522.48,525.57,513.2,520.42,520.42,12329870,-0.99,6416710945.4,2023-07,557.93,1.74
UNH,2023-07-25,519.54,526.58,513.44,518.86,518.86,23069016,-0.3,11969589641.76,2023-07,554.39,1.73
UNH,2023-07-26,529.27,537.28,525.31,530.44,530.44,18765110,2.23,9953764948.4,2023-07,551.08,1.8
UNH,2023-07-27,550.69,558.69,543.27,551.24,551.24,12489676,3.92,6884808998.24,2023-07,549.08,2.06
UNH,2023-07-28,560.13,563.08,553.85,557.59,557.59,7278443,1.15,4058387032.37,2023-07,547.17,2.07
UNH,2023-07-31,554.18,559.16,552.99,556.83,556.83,6820526,-0.14,3797873492.58,2023-07,546.43,1.87
UNH,2023-08-01,559.32,564.34,556.55,561.2,561.2,23436110,0.79,13152344932.0,2023-08,546.06,1.88
UNH,2023-08-02,565.09,569.7,559.5,564.72,564.72,25930055,0.63,14643220659.6,2023-08,545.43,1.85
UNH,2023-08-03,564.84,570.2,562.79,564.74,564.74,18198875,0.0,10277632667.5,2023-08,545.51,1.76
UNH,2023-08-04,571.75,579.2,567.36,573.24,573.24,13083645,1.51,7500068659.8,2023-08,545.82,1.79
UNH,2023-08-07,565.6,571.63,561.36,564.12,564.12,14281915,-1.59,8056713889.8,2023-08,545.55,1.83
UNH,2023-08-08,591.39,595.8,582.68,593.21,593.21,25757160,5.16,15279404883.6,2023-08,547.22,2.12
UNH,2023-08-09,595.91,598.34,592.34,595.72,595.72,8683849,0.42,5173142526.28,2023-08,548.73,2.11
UNH,2023-08-10,609.91,616.94,598.78,607.74,607.74,19336774,2.02,11751731030.76,2023-08,551.26,2.1
UNH,2023-08-11,613.53,614.54,603.94,612.79,612.79,6195146,0.83,3796323517.34,2023-08,555.1,1.85
UNH,2023-08-14,607.78,609.41,600.62,606.8,606.8,11893129,-0.98,7216750677.2,2023-08,558.59,1.88
UNH,2023-08-15,610.82,613.84,602.19,611.43,611.43,28921775,0.76,17683640888.25,2023-08,562.51,1.85
UNH,2023-08-16,625.34,631.3,620.91,623.95,623.95,15239209,2.05,9508504455.55,2023-08,567.95,1.61
UNH,2023-08-17,638.56,647.9,633.07,635.61,635.61,11513219,1.87,7317917128.59,2023-08,573.81,1.62
UNH,2023-08-18,619.08,622.27,612.72,621.16,621.16,21694992,-2.27,13476061230.72,2023-08,578.59,1.78
UNH,2023-08-21,611.93,622.56,607.87,614.66,614.66,29409421,-1.05,18076794711.86,2023-08,583.3,1.78
XOM,2023-01-03,114.46,115.71,114.17,114.54,114.54,23752084,2.27,2720563701.36,2023-01,114.54,
XOM,2023-01-04,114.88,115.66,113.27,115.39,115.39,6526771,0.74,753124105.69,2023-01,114.96,1.08
XOM,2023-01-05,114.72,116.16,114.39,115.17,115.17,19136581,-0.19,2203960033.77,2023-01,115.03,1.24
XOM,2023-01-06,111.21,113.26,109.62,111.76,111.76,12312645,-2.96,1376061205.2,2023-01,114.22,2.2
XOM,2023-01-09,109.76,111.09,108.48,109.29,109.29,7167911,-2.21,783380993.19,2023-01,113.23,2.14
XOM,2023-01-10,110.71,112.18,109.43,110.98,110.98,14624313,1.54,1623006256.74,2023-01,112.86,2.08
XOM,2023-01-11,112.65,113.88,111.2,112.76,112.76,23123730,1.6,2607431794.8,2023-01,112.84,2.01
XOM,2023-01-12,112.62,113.98,111.43,112.16,112.16,10653721,-0.54,1194921347.36,2023-01,112.76,1.87
XOM,2023-01-13,109.07,109.75,107.96,109.09,109.09,10929226,-2.74,1192269264.34,2023-01,112.35,1.98
XOM,2023-01-16,106.33,108.23,105.45,106.67,106.67,7543799,-2.21,804697039.33,2023-01,111.78,1.97
XOM,2023-01-17,108.09,109.34,107.12,107.63,107.63,24598155,0.9,2647499422.65,2023-01,111.4,1.91
XOM,2023-01-18,105.72,107.28,104.77,105.5,105.5,8038147,-1.98,848024508.5,2023-01,110.91,1.88
XOM,2023-01-19,101.27,101.77,100.21,100.93,100.93,15493365,-4.33,1563745329.45,2023-01,110.14,2.09
XOM,2023-01-20,98.52,99.02,97.35,98.45,98.45,8956972,-2.46,881813893.4,2023-01,109.31,2.06
XOM,2023-01-23,100.01,101.25,98.32,99.61,99.61,32573081,1.18,3244604598.41,2023-01,108.66,2.06
XOM,2023-01-24,99.12,99.33,97.97,98.69,98.69,6466866,-0.92,638215005.54,2023-01,108.04,1.99
XOM,2023-01-25,100.4,101.32,99.2,100.36,100.36,22355614,1.7,2243609421.04,2023-01,107.59,2.02
XOM,2023-01-26,98.07,98.6,96.87,97.79,97.79,16943403,-2.56,1656895379.37,2023-01,107.04,2.01
XOM,2023-01-27,95.82,97.0,94.52,95.62,95.62,9440690,-2.22,902718777.8,2023-01,106.44,1.98
XOM,2023-01-30,95.12,95.61,94.5,94.78,94.78,20933939,-0.88,1984118738.42,2023-01,105.86,1.93
XOM,2023-01-31,97.31,98.7,96.09,97.55,97.55,25196918,2.92,2457959350.9,2023-01,105.01,1.99
XOM,2023-02-01,97.09,98.11,95.87,96.94,96.94,13927900,-0.62,1350170626.0,2023-02,104.09,1.96
XOM,2023-02-02,95.62,96.26,94.26,95.67,95.67,9118881,-1.31,872403345.27,2023-02,103.11,1.95
XOM,2023-02-03,95.75,95.94,94.88,95.33,95.33,12760457,-0.35,1216454365.81,2023-02,102.29,1.89
XOM,2023-02-06,94.64,95.71,92.78,94.19,94.19,9844329,-1.2,927237348.51,2023-02,101.54,1.87
XOM,2023-02-07,92.35,93.61,91.34,92.29,92.29,34491907,-2.02,3183258097.03,2023-02,100.6,1.81
XOM,2023-02-08,91.52,92.2,90.91,91.9,91.9,7013085,-0.42,644502511.5,2023-02,99.56,1.72
XOM,2023-02-09,94.23,94.6,93.42,93.78,93.78,8406129,2.05,788326777.62,2023-02,98.64,1.85
XOM,2023-02-10,95.14,95.49,94.7,95.32,95.32,16108749,1.64,1535485954.68,2023-02,97.95,1.87
XOM,2023-02-13,95.63,96.53,95.33,95.51,95.51,17436369,0.2,1665347603.19,2023-02,97.39,1.84
XOM,2023-02-14,96.9,97.5,96.5,96.64,96.64,17149443,1.18,1657322171.52,2023-02,96.84,1.86
XOM,2023-02-15,96.01,96.66,95.47,95.93,95.93,42128562,-0.73,4041392952.66,2023-02,96.36,1.83
XOM,2023-02-16,96.18,97.12,94.76,96.38,96.38,10283045,0.47,991079877.1,2023-02,96.14,1.59
XOM,2023-02-17,97.91,98.79,97.68,98.12,98.12,17856513,1.8,1752081055.56,2023-02,96.12,1.56
XOM,2023-02-20,94.75,95.45,93.12,94.41,94.41,20159407,-3.78,1903249614.87,2023-02,95.86,1.74
XOM,2023-02-21,95.16,96.35,93.64,94.74,94.74,21435853,0.35,2030832713.22,2023-02,95.66,1.74
XOM,2023-02-22,96.02,96.35,94.86,95.71,95.71,17862554,1.02,1709625043.34,2023-02,95.43,1.71
XOM,2023-02-23,97.89,99.25,96.16,97.53,97.53,7286965,1.9,710697696.45,2023-02,95.42,1.68
XOM,2023-02-24,97.17,97.79,96.29,97.66,97.66,9915280,0.14,968326244.8,2023-02,95.52,1.6
XOM,2023-02-27,97.64,98.17,96.55,97.49,97.49,10045972,-0.18,979381810.28,2023-02,95.65,1.58
XOM,2023-02-28,97.44,97.98,97.06,97.64,97.64,15993719,0.16,1561626723.16,2023-02,95.66,1.44
XOM,2023-03-01,96.78,97.16,95.34,96.57,96.57,11393012,-1.09,1100223168.84,2023-03,95.64,1.45
XOM,2023-03-02,97.47,98.05,95.74,97.16,97.16,8473426,0.62,823278070.16,2023-03,95.72,1.43
XOM,2023-03-03,94.74,95.4,94.28,95.19,95.19,10242564,-2.03,974989667.16,2023-03,95.71,1.5
XOM,2023-03-06,95.26,95.49,94.12,94.89,94.89,6643803,-0.32,630430466.67,2023-03,95.74,1.48
XOM,2023-03-07,97.04,97.87,95.9,96.85,96.85,30669030,2.06,2970295555.5,2023-03,95.97,1.46
XOM,2023-03-08,97.49,98.08,95.99,97.16,97.16,15327570,0.32,1489226701.2,2023-03,96.23,1.45
XOM,2023-03-09,97.31,97.97,95.91,96.88,96.88,6921587,-0.29,670563348.56,2023-03,96.39,1.39
XOM,2023-03-10,97.66,99.31,96.29,97.91,97.91,43134965,1.06,4223344423.15,2023-03,96.52,1.37
XOM,2023-03-13,98.67,98.79,97.5,98.42,98.42,13851493,0.52,1363263941.06,2023-03,96.66,1.37
XOM,2023-03-14,97.87,99.6,97.58,98.25,98.25,12328566,-0.17,1211281609.5,2023-03,96.74,1.35
XOM,2023-03-15,99.24,100.36,98.73,99.34,99.34,30745855,1.1,3054293235.7,2023-03,96.92,1.35
XOM,2023-03-16,100.03,100.97,99.8,100.17,100.17,11376458,0.84,1139579797.86,2023-03,97.1,1.36
XOM,2023-03-17,101.29,102.61,100.0,101.13,101.13,13377996,0.96,1352916735.48,2023-03,97.26,1.32
XOM,2023-03-20,103.51,105.2,102.82,104.02,104.02,14886495,2.86,1548493209.9,2023-03,97.74,1.09
XOM,2023-03-21,109.69,110.68,108.34,109.3,109.3,10400259,5.07,1136748308.7,2023-03,98.46,1.5
XOM,2023-03-22,109.66,110.92,108.44,109.22,109.22,12806321,-0.07,1398706379.62,2023-03,99.14,1.5
XOM,2023-03-23,110.49,112.51,109.5,110.91,110.91,10591071,1.55,1174655684.61,2023-03,99.81,1.49
XOM,2023-03-24,110.37,110.83,109.12,110.49,110.49,24068036,-0.38,2659277297.64,2023-03,100.45,1.51
XOM,2023-03-27,108.08,109.61,107.32,108.58,108.58,18521358,-1.73,2011049051.64,2023-03,101.0,1.59
XOM,2023-03-28,106.63,107.16,106.01,106.32,106.32,11271348,-2.08,1198369719.36,2023-03,101.44,1.69
XOM,2023-03-29,108.52,110.17,107.02,109.02,109.02,8458938,2.54,922193420.76,2023-03,102.06,1.71
XOM,2023-03-30,108.94,109.61,107.42,108.61,108.61,26202029,-0.38,2845802369.69,2023-03,102.63,1.73
XOM,2023-03-31,108.79,110.15,107.63,109.31,109.31,5902467,0.64,645198667.77,2023-03,103.34,1.62
XOM,2023-04-03,107.26,108.48,107.01,107.61,107.61,17184477,-1.56,1849221569.97,2023-04,103.98,1.68
XOM,2023-04-04,109.73,111.01,107.63,109.24,109.24,21185448,1.51,2314298339.52,2023-04,104.59,1.66
XOM,2023-04-05,110.59,111.72,110.04,111.07,111.07,7966826,1.68,884875363.82,2023-04,105.29,1.67
XOM,2023-04-06,115.37,116.19,114.96,115.48,115.48,15804043,3.97,1825050885.64,2023-04,106.22,1.81
XOM,2023-04-07,117.48,118.09,116.96,117.36,117.36,11905060,1.62,1397177841.6,2023-04,107.19,1.82
XOM,2023-04-10,118.89,120.35,117.34,119.17,119.17,32474641,1.54,3870002967.97,2023-04,108.23,1.82
XOM,2023-04-11,122.42,122.88,121.36,122.5,122.5,13019036,2.8,1594831910.0,2023-04,109.44,1.84
XOM,2023-04-12,124.22,124.74,123.12,123.97,123.97,13391047,1.2,1660088096.59,2023-04,110.67,1.84
XOM,2023-04-13,130.57,130.93,128.91,130.46,130.46,20258654,5.24,2642944000.84,2023-04,112.19,2.06
XOM,2023-04-14,131.2,132.11,129.45,131.18,131.18,12593309,0.56,1651990274.62,2023-04,113.69,2.06
XOM,2023-04-17,132.23,132.92,130.98,132.5,132.5,12677152,1.01,1679722640.0,2023-04,115.12,2.03
XOM,2023-04-18,136.51,137.09,134.68,136.16,136.16,29369148,2.76,3998903191.68,2023-04,116.46,1.86
XOM,2023-04-19,138.62,140.61,138.34,138.61,138.61,16031975,1.8,2222192054.75,2023-04,117.93,1.84
XOM,2023-04-20,139.49,140.7,137.68,139.58,139.58,18297358,0.7,2553945229.64,2023-04,119.36,1.85
XOM,2023-04-21,139.99,141.69,139.52,139.77,139.77,10255105,0.14,1433356025.85,2023-04,120.82,1.83
XOM,2023-04-24,143.56,145.36,141.72,143.26,143.26,13344758,2.5,1911770031.08,2023-04,122.56,1.71
XOM,2023-04-25,140.02,141.55,138.99,140.63,140.63,11920830,-1.84,1676426322.9,2023-04,124.27,1.69
XOM,2023-04-26,139.73,140.91,138.78,139.37,139.37,7267709,-0.9,1012900603.33,2023-04,125.79,1.74
XOM,2023-04-27,141.72,142.57,139.36,141.06,141.06,8974421,1.22,1265931826.26,2023-04,127.41,1.7
XOM,2023-04-28,141.96,143.76,140.76,141.59,141.59,16315476,0.38,2310108246.84,2023-04,129.03,1.7
XOM,2023-05-01,143.07,144.73,141.59,142.62,142.62,12171988,0.73,1735968928.56,2023-05,130.78,1.57
XOM,2023-05-02,139.78,142.08,138.67,140.09,140.09,9108338,-1.77,1275987070.42,2023-05,132.32,1.73
XOM,2023-05-03,138.9,140.89,137.83,138.99,138.99,47918673,-0.78,6660216360.27,2023-05,133.72,1.78
XOM,2023-05-04,142.51,144.2,140.94,142.17,142.17,16190016,2.29,2301734574.72,2023-05,135.05,1.68
XOM,2023-05-05,138.94,140.94,137.8,139.04,139.04,8463473,-2.2,1176761285.92,2023-05,136.14,1.82
XOM,2023-05-08,141.82,144.34,141.61,142.23,142.23,13521529,2.3,1923167069.67,2023-05,137.29,1.85
XOM,2023-05-09,144.3,145.75,143.48,143.77,143.77,13035405,1.08,1874100176.85,2023-05,138.35,1.79
XOM,2023-05-10,146.16,147.81,144.05,146.89,146.89,13634498,2.17,2002771411.22,2023-05,139.5,1.82
XOM,2023-05-11,142.93,144.34,142.65,143.18,143.18,11275631,-2.53,1614444846.58,2023-05,140.13,1.66
XOM,2023-05-12,140.0,141.95,138.46,140.31,140.31,8866439,-2.01,1244050056.09,2023-05,140.59,1.75
XOM,2023-05-15,140.76,141.68,140.29,140.98,140.98,12501878,0.48,1762514760.44,2023-05,141.01,1.74
XOM,2023-05-16,140.04,140.43,139.33,139.79,139.79,7534507,-0.85,1053248733.53,2023-05,141.2,1.66
XOM,2023-05-17,139.69,140.93,138.16,139.53,139.53,24234812,-0.18,3381483318.36,2023-05,141.24,1.61
XOM,2023-05-18,139.1,140.76,137.16,139.57,139.57,9715672,0.03,1356016341.04,2023-05,141.24,1.61
XOM,2023-05-19,142.01,143.15,140.1,141.88,141.88,28101708,1.66,3987070331.04,2023-05,141.35,1.65
XOM,2023-05-22,141.71,142.57,141.13,141.62,141.62,14326521,-0.18,2028921904.02,2023-05,141.27,1.55
XOM,2023-05-23,149.02,149.2,148.2,148.85,148.85,20595410,5.1,3065626778.5,2023-05,141.68,1.87
XOM,2023-05-24,151.01,151.85,149.63,150.39,150.39,22599818,1.03,3398786629.02,2023-05,142.23,1.85
XOM,2023-05-25,150.24,152.13,149.86,150.34,150.34,21268189,-0.03,3197459534.26,2023-05,142.69,1.85
XOM,2023-05-26,152.39,154.13,149.55,151.71,151.71,8092628,0.91,1227732593.88,2023-05,143.2,1.85
XOM,2023-05-29,149.66,149.85,147.37,149.31,149.31,10064456,-1.58,1502723925.36,2023-05,143.53,1.9
XOM,2023-05-30,151.6,153.73,150.88,152.1,152.1,16294479,1.87,2478390255.9,2023-05,144.13,1.87
XOM,2023-05-31,151.54,152.94,149.1,151.34,151.34,12230307,-0.5,1850934661.38,2023-05,144.75,1.86
XOM,2023-06-01,149.81,151.06,148.92,149.12,149.12,8841684,-1.47,1318471918.08,2023-06,145.1,1.85
XOM,2023-06-02,150.11,150.48,147.77,149.99,149.99,9649409,0.58,1447314855.91,2023-06,145.64,1.76
XOM,2023-06-05,150.04,152.41,149.74,150.19,150.19,11771242,0.13,1767922835.98,2023-06,146.04,1.7
XOM,2023-06-06,152.61,153.6,150.87,153.01,153.01,14862695,1.88,2274140961.95,2023-06,146.5,1.73
XOM,2023-06-07,155.14,156.92,153.55,155.47,155.47,21728448,1.61,3378121810.56,2023-06,146.93,1.7
XOM,2023-06-08,158.03,160.25,156.3,158.63,158.63,18609586,2.03,2952038627.18,2023-06,147.71,1.61
XOM,2023-06-09,161.15,162.22,159.72,160.46,160.46,24902675,1.15,3995883230.5,2023-06,148.71,1.5
XOM,2023-06-12,164.08,166.22,162.32,164.52,164.52,15214458,2.53,2503082630.16,2023-06,149.89,1.55
XOM,2023-06-13,163.98,165.08,161.98,164.53,164.53,26233426,0.01,4316185579.78,2023-06,151.13,1.52
XOM,2023-06-14,164.12,166.0,162.03,164.04,164.04,18314223,-0.3,3004265140.92,2023-06,152.35,1.52
XOM,2023-06-15,162.49,164.86,161.39,162.55,162.55,19163355,-0.91,3115003355.25,2023-06,153.5,1.56
XOM,2023-06-16,163.15,164.86,160.91,162.97,162.97,11912674,0.26,1941408481.78,2023-06,154.56,1.55
XOM,2023-06-19,164.02,165.6,161.29,163.28,163.28,27772638,0.19,4534716332.64,2023-06,155.64,1.54
XOM,2023-06-20,168.16,168.5,165.29,167.8,167.8,12304731,2.77,2064733861.8,2023-06,156.59,1.25
XOM,2023-06-21,164.73,166.02,164.28,164.69,164.69,10133092,-1.85,1668818921.48,2023-06,157.3,1.36
XOM,2023-06-22,162.69,165.55,160.79,163.4,163.4,13469482,-0.79,2200913358.8,2023-06,157.96,1.39
XOM,2023-06-23,162.08,163.13,161.09,162.89,162.89,20694310,-0.31,3370896155.9,2023-06,158.51,1.39
XOM,2023-06-26,162.07,162.74,159.23,161.32,161.32,17908493,-0.96,2888998090.76,2023-06,159.11,1.35
XOM,2023-06-27,159.25,159.82,158.27,159.23,159.23,9951099,-1.29,1584513493.77,2023-06,159.47,1.36
XOM,2023-06-28,164.64,166.87,161.8,164.04,164.04,13777018,3.02,2259982032.72,2023-06,160.11,1.48
XOM,2023-06-29,157.87,160.52,157.33,158.22,158.22,38426673,-3.55,6079868202.06,2023-06,160.56,1.68
XOM,2023-06-30,159.0,159.69,157.09,158.93,158.93,19016964,0.45,3022366088.52,2023-06,161.01,1.68
XOM,2023-07-03,161.27,163.06,159.21,160.51,160.51,18257462,1.0,2930505225.62,2023-07,161.52,1.68
XOM,2023-07-04,158.27,158.6,157.29,157.87,157.87,12931430,-1.64,2041484854.1,2023-07,161.77,1.7
XOM,2023-07-05,158.75,159.49,158.24,158.6,158.6,26923669,0.46,4270093903.4,2023-07,161.92,1.67
XOM,2023-07-06,156.95,158.33,155.64,157.27,157.27,19814459,-0.84,3116219966.93,2023-07,161.86,1.62
XOM,2023-07-07,160.36,162.5,158.33,160.46,160.46,8835006,2.03,1417665062.76,2023-07,161.86,1.66
XOM,2023-07-10,157.42,158.08,154.71,156.96,156.96,10533847,-2.18,1653392625.12,2023-07,161.48,1.62
XOM,2023-07-11,156.9,157.21,156.14,156.39,156.39,11878909,-0.36,1857742578.51,2023-07,161.07,1.62
XOM,2023-07-12,157.27,159.58,156.28,156.71,156.71,31447619,0.21,4928156373.49,2023-07,160.7,1.62
XOM,2023-07-13,158.15,159.52,156.06,157.37,157.37,27727270,0.42,4363440479.9,2023-07,160.45,1.62
XOM,2023-07-14,156.72,158.75,154.38,156.39,156.39,18855298,-0.63,2948780054.22,2023-07,160.12,1.62
XOM,2023-07-17,152.93,154.57,152.19,153.48,153.48,10875478,-1.86,1669168363.44,2023-07,159.63,1.66
XOM,2023-07-18,153.53,154.04,152.28,153.08,153.08,26718613,-0.26,4090085278.04,2023-07,158.89,1.49
XOM,2023-07-19,150.67,152.64,149.72,151.28,151.28,10282110,-1.18,1555477600.8,2023-07,158.22,1.47
XOM,2023-07-20,151.37,152.53,150.54,151.77,151.77,9714522,0.32,1474373003.94,2023-07,157.64,1.47
XOM,2023-07-21,151.8,153.88,149.95,151.69,151.69,7158135,-0.05,1085817498.15,2023-07,157.08,1.48
XOM,2023-07-24,146.93,148.37,146.34,147.49,147.49,12978390,-2.77,1914182741.1,2023-07,156.39,1.57
XOM,2023-07-25,147.83,150.0,145.93,148.41,148.41,13477939,0.62,2000260926.99,2023-07,155.85,1.57
XOM,2023-07-26,151.13,153.8,149.9,151.82,151.82,14977946,2.3,2273951761.72,2023-07,155.24,1.5
XOM,2023-07-27,154.4,154.74,152.36,154.29,154.29,11908682,1.63,1837390545.78,2023-07,155.04,1.36
XOM,2023-07-28,154.33,154.74,152.07,153.8,153.8,18173597,-0.32,2795099218.6,2023-07,154.78,1.35
XOM,2023-07-31,151.63,153.18,149.7,151.03,151.03,10106458,-1.8,1526378351.74,2023-07,154.31,1.37
XOM,2023-08-01,146.46,147.44,144.82,145.88,145.88,12661478,-3.41,1847056410.64,2023-08,153.71,1.51
XOM,2023-08-02,150.78,153.06,149.47,150.92,150.92,33991627,3.46,5130016346.84,2023-08,153.32,1.74
XOM,2023-08-03,151.99,153.89,151.57,151.88,151.88,5549382,0.64,842840138.16,2023-08,153.06,1.74
XOM,2023-08-04,151.17,153.03,150.49,151.77,151.77,7025377,-0.08,1066241467.29,2023-08,152.62,1.66
XOM,2023-08-07,154.48,154.79,152.88,154.09,154.09,6525523,1.53,1005517839.07,2023-08,152.48,1.64
XOM,2023-08-08,152.11,153.56,150.71,151.37,151.37,12815768,-1.77,1939922802.16,2023-08,152.23,1.69
XOM,2023-08-09,151.02,152.34,149.37,151.2,151.2,12128197,-0.11,1833783386.4,2023-08,151.95,1.68
XOM,2023-08-10,151.49,153.52,149.88,151.7,151.7,14108674,0.33,2140285845.8,2023-08,151.67,1.68
XOM,2023-08-11,156.72,158.97,154.84,156.18,156.18,86888901,2.95,13570308558.18,2023-08,151.66,1.82
XOM,2023-08-14,154.46,156.52,153.14,154.74,154.74,19690681,-0.92,3046935977.94,2023-08,151.72,1.78
XOM,2023-08-15,154.39,155.79,153.81,154.26,154.26,11663025,-0.31,1799138236.5,2023-08,151.78,1.78
XOM,2023-08-16,155.55,157.41,154.38,155.01,155.01,24312085,0.48,3768616295.85,2023-08,151.96,1.76
XOM,2023-08-17,161.15,163.7,160.04,161.95,161.95,23117736,4.48,3743917345.2,2023-08,152.47,2.01
XOM,2023-08-18,165.71,168.03,164.22,166.0,166.0,15693369,2.5,2605099254.0,2023-08,153.19,2.06
XOM,2023-08-21,167.63,169.62,165.99,168.21,168.21,8473653,1.33,1425353171.13,2023-08,154.23,1.92
JNJ,2023-01-03,156.65,157.1,154.38,156.05,156.05,18933875,0.68,2954631193.75,2023-01,156.05,
JNJ,2023-01-04,161.84,162.7,160.14,161.82,161.82,49326711,3.7,7982048374.02,2023-01,158.94,2.14
JNJ,2023-01-05,160.58,162.36,159.23,160.11,160.11,19397570,-1.05,3105744932.7,2023-01,159.33,2.4
JNJ,2023-01-06,159.63,161.41,158.84,159.6,159.6,30718968,-0.32,4902747292.8,2023-01,159.4,2.09
JNJ,2023-01-09,155.1,156.91,153.17,155.16,155.16,4412707,-2.78,684675618.12,2023-01,158.55,2.4
JNJ,2023-01-10,156.18,156.56,155.3,155.7,155.7,10807767,0.35,1682769321.9,2023-01,158.07,2.15
JNJ,2023-01-11,158.2,158.43,155.95,157.87,157.87,13900246,1.39,2194431836.02,2023-01,158.04,2.02
JNJ,2023-01-12,154.42,156.96,153.66,154.98,154.98,24276753,-1.83,3762411179.94,2023-01,157.66,2.02
JNJ,2023-01-13,156.93,158.13,156.7,157.49,157.49,29949361,1.62,4716724863.89,2023-01,157.64,1.96
JNJ,2023-01-16,161.69,164.47,159.97,162.16,162.16,23251186,2.97,3770412321.76,2023-01,158.09,2.05
JNJ,2023-01-17,159.89,160.71,158.6,160.05,160.05,12486867,-1.3,1998523063.35,2023-01,158.27,2.01
JNJ,2023-01-18,154.48,155.52,151.81,153.92,153.92,17889657,-3.83,2753576005.44,2023-01,157.91,2.26
JNJ,2023-01-19,150.05,150.31,147.83,149.52,149.52,22210760,-2.86,3320952835.2,2023-01,157.26,2.3
JNJ,2023-01-20,147.16,149.51,145.92,147.51,147.51,18676285,-1.34,2754938800.35,2023-01,156.57,2.23
JNJ,2023-01-23,146.86,147.88,144.1,146.26,146.26,23532889,-0.85,3441920345.14,2023-01,155.88,2.15
JNJ,2023-01-24,148.85,150.8,147.54,148.22,148.22,23337735,1.34,3459119081.7,2023-01,155.4,2.12
JNJ,2023-01-25,152.09,154.37,150.05,152.76,152.76,17701601,3.07,2704096568.76,2023-01,155.25,2.21
JNJ,2023-01-26,154.44,155.16,153.04,154.47,154.47,12342401,1.12,1906530682.47,2023-01,155.2,2.16
JNJ,2023-01-27,152.25,152.78,151.13,152.23,152.23,30278575,-1.45,4609307472.25,2023-01,155.05,2.13
JNJ,2023-01-30,150.48,151.35,148.76,150.02,150.02,12825620,-1.45,1924099512.4,2023-01,154.8,2.09
JNJ,2023-01-31,150.53,152.78,149.78,150.69,150.69,41457845,0.45,6247282663.05,2023-01,154.53,2.09
JNJ,2023-02-01,150.07,152.31,149.37,150.66,150.66,7522413,-0.02,1133326742.58,2023-02,153.97,1.88
JNJ,2023-02-02,147.71,148.69,146.96,147.56,147.56,30214925,-2.05,4458514333.0,2023-02,153.34,1.92
JNJ,2023-02-03,146.02,146.4,144.18,146.1,146.1,28295427,-0.99,4133961884.7,2023-02,152.67,1.92
JNJ,2023-02-06,152.42,154.03,150.31,152.79,152.79,12452834,4.58,1902668506.86,2023-02,152.55,2.14
JNJ,2023-02-07,158.13,160.4,157.33,158.2,158.2,12080140,3.54,1911078148.0,2023-02,152.67,2.28
JNJ,2023-02-08,160.0,161.92,159.18,160.08,160.08,16953818,1.19,2713967185.44,2023-02,152.78,2.28
JNJ,2023-02-09,158.07,160.81,157.5,158.47,158.47,9370232,-1.01,1484900665.04,2023-02,152.96,2.25
JNJ,2023-02-10,158.35,161.01,157.53,158.87,158.87,20330646,0.25,3229929730.02,2023-02,153.03,2.22
JNJ,2023-02-13,154.36,155.54,152.45,154.46,154.46,8316456,-2.78,1284559793.76,2023-02,152.64,2.2
JNJ,2023-02-14,156.06,156.85,154.55,155.99,155.99,17073834,0.99,2663347365.66,2023-02,152.44,2.2
JNJ,2023-02-15,155.71,156.48,153.96,155.37,155.37,50972478,-0.4,7919593906.86,2023-02,152.51,2.02
JNJ,2023-02-16,152.2,153.94,149.91,151.56,151.56,24644967,-2.45,3735191198.52,2023-02,152.61,1.99
JNJ,2023-02-17,151.87,154.35,150.63,152.3,152.3,16835986,0.49,2564120667.8,2023-02,152.85,1.96
JNJ,2023-02-20,156.85,157.16,154.73,156.51,156.51,26893483,2.76,4209099024.33,2023-02,153.37,2.03
JNJ,2023-02-21,151.48,152.34,149.91,151.88,151.88,33082770,-2.96,5024611107.6,2023-02,153.55,2.14
JNJ,2023-02-22,148.25,150.38,148.0,148.53,148.53,10170537,-2.21,1510629860.61,2023-02,153.34,2.09
JNJ,2023-02-23,149.19,151.05,146.79,148.61,148.61,12625203,0.05,1876231417.83,2023-02,153.04,2.07
JNJ,2023-02-24,151.91,154.07,150.55,151.83,151.83,9161147,2.17,1390936949.01,2023-02,153.02,2.11
JNJ,2023-02-27,152.93,153.89,152.45,152.75,152.75,17744691,0.61,2710501550.25,2023-02,153.16,2.09
JNJ,2023-02-28,156.28,157.08,155.16,155.91,155.91,10682045,2.07,1665437635.95,2023-02,153.42,2.13
JNJ,2023-03-01,153.35,154.33,152.89,153.39,153.39,17060309,-1.61,2616880797.51,2023-03,153.56,2.17
JNJ,2023-03-02,153.19,155.27,151.37,152.44,152.44,7682288,-0.62,1171087982.72,2023-03,153.8,2.12
JNJ,2023-03-03,147.61,148.19,145.7,147.6,147.6,14861914,-3.18,2193618506.4,2023-03,153.88,2.23
JNJ,2023-03-06,143.39,144.73,141.77,142.69,142.69,8608220,-3.32,1228306911.8,2023-03,153.37,2.09
JNJ,2023-03-07,141.5,142.06,140.27,140.96,140.96,20426026,-1.21,2879252624.96,2023-03,152.51,1.89
JNJ,2023-03-08,138.45,139.31,137.15,138.23,138.23,7345166,-1.93,1015322296.18,2023-03,151.42,1.86
JNJ,2023-03-09,139.31,139.48,136.85,138.91,138.91,22222681,0.49,3086952617.71,2023-03,150.44,1.88
JNJ,2023-03-10,142.06,144.07,140.35,142.47,142.47,18728273,2.56,2668217054.31,2023-03,149.62,2.0
JNJ,2023-03-13,147.2,147.76,145.31,146.93,146.93,10999019,3.13,1616085861.67,2023-03,149.24,2.09
JNJ,2023-03-14,145.83,147.37,145.09,145.54,145.54,8952567,-0.95,1302956601.18,2023-03,148.72,2.07
JNJ,2023-03-15,148.65,149.74,147.46,148.88,148.88,9257606,2.29,1378272381.28,2023-03,148.4,2.15
JNJ,2023-03-16,144.49,145.65,143.33,144.2,144.2,38136810,-3.14,5499328002.0,2023-03,148.03,2.2
JNJ,2023-03-17,147.1,148.56,144.65,146.65,146.65,8688184,1.7,1274122183.6,2023-03,147.75,2.23
JNJ,2023-03-20,148.5,151.0,146.38,148.91,148.91,11605346,1.54,1728152072.86,2023-03,147.37,2.17
JNJ,2023-03-21,145.56,147.48,144.74,145.96,145.96,12112322,-1.98,1767914519.12,2023-03,147.07,2.11
JNJ,2023-03-22,143.65,145.59,141.96,144.24,144.24,9966188,-1.18,1437522957.12,2023-03,146.85,2.07
JNJ,2023-03-23,146.67,147.58,145.52,146.05,146.05,12922347,1.25,1887308779.35,2023-03,146.73,2.09
JNJ,2023-03-24,145.67,146.29,145.08,145.34,145.34,7670884,-0.49,1114886280.56,2023-03,146.4,2.03
JNJ,2023-03-27,145.34,145.81,143.33,145.05,145.05,14933789,-0.2,2166146094.45,2023-03,146.02,2.02
JNJ,2023-03-28,145.73,147.59,143.62,145.25,145.25,6644215,0.14,965072228.75,2023-03,145.48,1.95
JNJ,2023-03-29,143.88,145.17,143.12,144.43,144.43,16242347,-0.56,2345882177.21,2023-03,145.04,1.93
JNJ,2023-03-30,143.81,146.43,143.52,144.37,144.37,13784799,-0.04,1990111431.63,2023-03,144.63,1.92
JNJ,2023-03-31,146.06,147.0,144.35,146.48,146.48,14828390,1.46,2172062567.2,2023-03,144.58,1.83
JNJ,2023-04-03,144.95,146.74,143.23,145.64,145.64,16401294,-0.57,2388684458.16,2023-04,144.72,1.67
JNJ,2023-04-04,146.38,147.18,145.33,146.63,146.63,17813647,0.68,2612015059.61,2023-04,145.01,1.64
JNJ,2023-04-05,146.65,148.5,146.36,146.77,146.77,22475540,0.1,3298735005.8,2023-04,145.44,1.56
JNJ,2023-04-06,143.09,144.63,142.54,142.99,142.99,7302937,-2.58,1044246961.63,2023-04,145.64,1.69
JNJ,2023-04-07,141.68,141.99,141.44,141.76,141.76,11582144,-0.86,1641884733.44,2023-04,145.6,1.6
JNJ,2023-04-10,140.17,141.75,139.41,140.82,140.82,15504844,-0.66,2183392132.08,2023-04,145.3,1.43
JNJ,2023-04-11,140.33,141.52,139.56,139.76,139.76,15725710,-0.75,2197825229.6,2023-04,145.01,1.42
JNJ,2023-04-12,137.47,139.25,136.95,137.14,137.14,18257725,-1.88,2503864406.5,2023-04,144.42,1.34
JNJ,2023-04-13,137.27,139.62,135.62,137.83,137.83,13782619,0.5,1899658376.77,2023-04,144.1,1.19
JNJ,2023-04-14,136.93,137.82,134.8,136.55,136.55,16987478,-0.93,2319640120.9,2023-04,143.6,1.11
JNJ,2023-04-17,136.87,139.33,136.65,137.42,137.42,18369929,0.64,2524395643.18,2023-04,143.02,1.04
JNJ,2023-04-18,133.95,135.2,133.05,134.44,134.44,12154781,-2.17,1634088757.64,2023-04,142.45,1.06
JNJ,2023-04-19,135.84,137.24,134.43,135.57,135.57,7148263,0.84,969090014.91,2023-04,142.01,1.08
JNJ,2023-04-20,133.22,134.05,132.67,133.01,133.01,23954323,-1.89,3186164502.23,2023-04,141.36,1.07
JNJ,2023-04-21,136.45,138.36,135.83,136.69,136.69,9520273,2.77,1301326116.37,2023-04,140.93,1.29
JNJ,2023-04-24,140.32,141.12,138.26,140.46,140.46,23517112,2.76,3303213551.52,2023-04,140.7,1.46
JNJ,2023-04-25,142.23,143.15,140.85,142.93,142.93,16149216,1.76,2308207442.88,2023-04,140.58,1.52
JNJ,2023-04-26,144.44,145.3,143.4,144.06,144.06,9744537,0.79,1403798000.22,2023-04,140.57,1.53
JNJ,2023-04-27,143.17,143.56,142.26,143.05,143.05,12611084,-0.7,1804015566.2,2023-04,140.5,1.54
JNJ,2023-04-28,144.35,145.67,142.68,143.83,143.83,24673043,0.55,3548723774.69,2023-04,140.37,1.5
JNJ,2023-05-01,143.93,145.93,141.94,143.47,143.47,9036612,-0.25,1296482723.64,2023-05,140.26,1.5
JNJ,2023-05-02,144.58,145.68,142.82,145.02,145.02,11058119,1.08,1603648417.38,2023-05,140.18,1.51
JNJ,2023-05-03,141.5,141.73,140.03,141.17,141.17,10930224,-2.66,1543019722.08,2023-05,139.9,1.62
JNJ,2023-05-04,141.24,141.97,139.47,141.6,141.6,11323337,0.31,1603384519.2,2023-05,139.83,1.52
JNJ,2023-05-05,142.26,143.66,141.41,142.02,142.02,6737471,0.3,956855631.42,2023-05,139.84,1.51
JNJ,2023-05-08,142.75,143.31,142.35,142.62,142.62,10600048,0.42,1511778845.76,2023-05,139.93,1.5
JNJ,2023-05-09,143.0,143.56,142.47,142.82,142.82,9381222,0.14,1339826126.04,2023-05,140.08,1.49
JNJ,2023-05-10,145.89,147.47,144.01,146.58,146.58,25184330,2.64,3691519091.4,2023-05,140.56,1.51
JNJ,2023-05-11,143.72,145.6,141.58,143.63,143.63,13195287,-2.01,1895239071.81,2023-05,140.85,1.6
JNJ,2023-05-12,148.33,150.28,146.59,147.96,147.96,24325800,3.02,3599245368.0,2023-05,141.42,1.69
JNJ,2023-05-15,151.27,152.37,149.79,150.73,150.73,8002080,1.87,1206153518.4,2023-05,142.08,1.72
JNJ,2023-05-16,148.01,149.13,146.92,147.3,147.3,23960583,-2.28,3529393875.9,2023-05,142.73,1.73
JNJ,2023-05-17,149.51,150.9,146.94,149.04,149.04,4040769,1.18,602236211.76,2023-05,143.4,1.74
JNJ,2023-05-18,151.91,153.45,150.5,151.68,151.68,6495119,1.77,985179649.92,2023-05,144.33,1.67
JNJ,2023-05-19,150.46,151.28,149.79,150.2,150.2,41077503,-0.97,6169840950.6,2023-05,145.01,1.63
JNJ,2023-05-22,145.66,147.02,145.41,145.91,145.91,17300243,-2.86,2524278456.13,2023-05,145.28,1.7
JNJ,2023-05-23,148.59,148.79,146.26,148.01,148.01,8863508,1.44,1311887819.08,2023-05,145.54,1.68
JNJ,2023-05-24,148.79,149.19,146.06,148.2,148.2,12725097,0.13,1885859375.4,2023-05,145.74,1.68
JNJ,2023-05-25,150.92,152.9,149.59,151.59,151.59,13574165,2.29,2057707672.35,2023-05,146.17,1.73
JNJ,2023-05-26,149.39,151.6,148.58,149.38,149.38,8375261,-1.46,1251096488.18,2023-05,146.45,1.77
JNJ,2023-05-29,153.77,154.54,151.24,153.22,153.22,4621164,2.57,708054748.08,2023-05,146.93,1.85
JNJ,2023-05-30,157.1,158.22,155.68,156.7,156.7,31183508,2.27,4886455703.6,2023-05,147.52,1.89
JNJ,2023-05-31,151.68,153.2,151.46,152.03,152.03,10369752,-2.98,1576513396.56,2023-05,148.06,1.92
JNJ,2023-06-01,152.88,154.1,151.74,153.1,153.1,26213845,0.7,4013339669.5,2023-06,148.64,1.92
JNJ,2023-06-02,149.51,151.14,147.97,149.26,149.26,12194625,-2.51,1820169727.5,2023-06,149.0,2.03
JNJ,2023-06-05,151.61,153.34,149.23,151.07,151.07,18122145,1.21,2737712445.15,2023-06,149.42,2.04
JNJ,2023-06-06,146.77,147.69,144.42,146.04,146.04,11328099,-3.33,1654355577.96,2023-06,149.58,2.2
JNJ,2023-06-07,142.96,144.91,141.17,143.35,143.35,7069075,-1.84,1013351901.25,2023-06,149.42,2.15
JNJ,2023-06-08,141.96,142.85,140.92,141.88,141.88,8670493,-1.02,1230169546.84,2023-06,149.33,2.12
JNJ,2023-06-09,136.95,137.53,135.68,136.82,136.82,11890916,-3.56,1626915127.12,2023-06,148.78,2.13
JNJ,2023-06-12,139.16,139.54,137.24,138.67,138.67,20578855,1.35,2853669822.85,2023-06,148.17,2.1
JNJ,2023-06-13,142.34,143.65,140.91,142.25,142.25,10465602,2.58,1488731884.5,2023-06,147.92,2.15
JNJ,2023-06-14,143.08,143.45,140.71,142.63,142.63,13050556,0.27,1861400802.28,2023-06,147.6,2.13
JNJ,2023-06-15,147.88,148.91,145.62,147.4,147.4,7014616,3.35,1033954398.4,2023-06,147.39,2.24
JNJ,2023-06-16,148.39,148.69,146.8,148.13,148.13,18033743,0.5,2671338350.59,2023-06,147.28,2.23
JNJ,2023-06-19,144.46,145.54,142.38,144.27,144.27,19121083,-2.6,2758598644.41,2023-06,147.2,2.22
JNJ,2023-06-20,143.8,144.04,141.68,143.81,143.81,9883596,-0.32,1421359940.76,2023-06,146.99,2.19
JNJ,2023-06-21,143.33,145.91,142.81,143.78,143.78,38356732,-0.02,5514930926.96,2023-06,146.77,2.19
JNJ,2023-06-22,145.71,146.34,144.92,146.12,146.12,16598226,1.63,2425332783.12,2023-06,146.5,2.16
JNJ,2023-06-23,141.98,142.56,141.35,141.82,141.82,10608874,-2.94,1504550510.68,2023-06,146.12,2.23
JNJ,2023-06-26,141.08,141.25,138.96,140.56,140.56,15965005,-0.89,2244041102.8,2023-06,145.48,2.13
JNJ,2023-06-27,141.32,141.62,140.6,141.21,141.21,8119921,0.46,1146614044.41,2023-06,144.71,2.05
JNJ,2023-06-28,141.55,142.53,140.81,141.74,141.74,9452565,0.38,1339806563.1,2023-06,144.2,1.97
JNJ,2023-06-29,141.02,142.02,140.08,140.88,140.88,10909925,-0.6,1536990234.0,2023-06,143.58,1.95
JNJ,2023-06-30,141.02,141.52,140.31,140.54,140.54,12879506,-0.24,1810085773.24,2023-06,143.15,1.89
JNJ,2023-07-03,147.04,149.17,146.0,146.44,146.44,13397017,4.2,1961859169.48,2023-07,142.92,2.12
JNJ,2023-07-04,150.53,151.19,147.62,149.83,149.83,27324958,2.32,4094098457.14,2023-07,143.11,2.04
JNJ,2023-07-05,151.91,153.55,149.5,151.63,151.63,31217455,1.2,4733502701.65,2023-07,143.52,2.0
JNJ,2023-07-06,148.77,151.18,148.29,149.31,149.31,20989576,-1.53,3133953592.56,2023-07,143.89,2.02
JNJ,2023-07-07,149.1,150.66,148.61,149.61,149.61,15836818,0.2,2369346340.98,2023-07,144.53,1.81
JNJ,2023-07-10,149.01,150.77,148.34,149.27,149.27,24795706,-0.23,3701255034.62,2023-07,145.06,1.8
JNJ,2023-07-11,151.43,152.67,149.07,150.77,150.77,12052762,1.01,1817194926.74,2023-07,145.49,1.74
JNJ,2023-07-12,150.21,152.14,149.5,150.7,150.7,12443873,-0.05,1875291661.1,2023-07,145.89,1.74
JNJ,2023-07-13,149.13,151.9,148.11,149.67,149.67,19421030,-0.69,2906745560.1,2023-07,146.0,1.59
JNJ,2023-07-14,152.73,154.23,150.34,152.33,152.33,24605925,1.78,3748220555.25,2023-07,146.21,1.64
JNJ,2023-07-17,149.04,149.82,148.05,148.76,148.76,14301686,-2.34,2127518809.36,2023-07,146.44,1.61
JNJ,2023-07-18,150.57,152.55,149.98,151.02,151.02,13247651,1.52,2000660254.02,2023-07,146.8,1.64
JNJ,2023-07-19,153.97,154.46,151.55,153.57,153.57,23773408,1.69,3650882266.56,2023-07,147.29,1.67
JNJ,2023-07-20,157.37,159.33,155.97,156.68,156.68,12071401,2.02,1891347108.68,2023-07,147.82,1.68
JNJ,2023-07-21,150.5,152.74,149.86,150.25,150.25,11719994,-4.1,1760929098.5,2023-07,148.24,1.82
JNJ,2023-07-24,149.85,150.8,149.12,150.34,150.34,23674343,0.06,3559200726.62,2023-07,148.73,1.8
JNJ,2023-07-25,149.33,150.05,147.13,149.38,149.38,17227564,-0.64,2573453510.32,2023-07,149.14,1.81
JNJ,2023-07-26,150.02,151.21,147.34,149.36,149.36,16986139,-0.01,2537049721.04,2023-07,149.52,1.81
JNJ,2023-07-27,149.55,151.53,147.38,150.02,150.02,31328812,0.44,4699948376.24,2023-07,149.97,1.8
JNJ,2023-07-28,148.74,149.33,147.66,148.46,148.46,4819489,-1.04,715501336.94,2023-07,150.37,1.82
JNJ,2023-07-31,151.99,152.32,150.5,151.54,151.54,25288356,2.07,3832197468.24,2023-07,150.62,1.63
JNJ,2023-08-01,151.03,153.1,150.57,151.42,151.42,13537423,-0.08,2049836590.66,2023-08,150.7,1.56
JNJ,2023-08-02,149.72,150.75,148.27,149.94,149.94,21402298,-0.97,3209060562.12,2023-08,150.62,1.55
JNJ,2023-08-03,147.62,148.96,146.11,147.69,147.69,17525788,-1.5,2588383629.72,2023-08,150.54,1.55
JNJ,2023-08-04,148.44,148.6,147.18,148.33,148.33,10825930,0.43,1605810196.9,2023-08,150.48,1.55
JNJ,2023-08-07,147.69,148.15,145.88,147.3,147.3,14465431,-0.7,2130757986.3,2023-08,150.38,1.56
JNJ,2023-08-08,149.83,151.6,148.59,150.35,150.35,44604629,2.07,6706305970.15,2023-08,150.36,1.61
JNJ,2023-08-09,151.84,153.11,150.89,151.69,151.69,7380869,0.89,1119604018.61,2023-08,150.4,1.62
JNJ,2023-08-10,149.26,150.62,148.08,149.35,149.35,17373247,-1.54,2594694439.45,2023-08,150.39,1.65
JNJ,2023-08-11,148.06,148.93,147.42,148.23,148.23,23316689,-0.75,3456232810.47,2023-08,150.18,1.61
JNJ,2023-08-14,149.21,150.2,147.48,149.35,149.35,23057666,0.76,3443662417.1,2023-08,150.21,1.53
JNJ,2023-08-15,151.72,154.4,150.48,152.21,152.21,23948735,1.92,3645236954.35,2023-08,150.27,1.55
JNJ,2023-08-16,148.58,149.82,147.17,148.6,148.6,15157893,-2.37,2252462899.8,2023-08,150.02,1.59
JNJ,2023-08-17,149.99,152.07,148.08,149.55,149.55,8389489,0.64,1254648079.95,2023-08,149.67,1.52
JNJ,2023-08-18,152.77,153.26,150.76,152.36,152.36,23407059,1.88,3566299509.24,2023-08,149.77,1.29
JNJ,2023-08-21,154.37,154.53,153.82,154.14,154.14,9040217,1.17,1393459048.38,2023-08,149.96,1.31
WMT,2023-01-03,67.31,68.03,66.8,67.4,67.4,9357516,-0.88,630696578.4,2023-01,67.4,
WMT,2023-01-04,65.18,66.1,64.4,65.34,65.34,12950556,-3.05,846189329.04,2023-01,66.37,1.53
WMT,2023-01-05,63.12,63.36,62.41,63.26,63.26,16478429,-3.18,1042425418.54,2023-01,65.33,1.29
WMT,2023-01-06,63.09,63.24,62.38,62.99,62.99,10024361,-0.43,631434499.39,2023-01,64.75,1.43
WMT,2023-01-09,61.72,62.47,61.29,61.88,61.88,11492100,-1.77,711131148.0,2023-01,64.17,1.24
WMT,2023-01-10,61.04,61.34,60.93,60.99,60.99,20002142,-1.44,1219930640.58,2023-01,63.64,1.12
WMT,2023-01-11,61.25,62.05,61.0,61.16,61.16,10868906,0.28,664742290.96,2023-01,63.29,1.29
WMT,2023-01-12,62.58,63.43,62.29,62.57,62.57,28447920,2.3,1779986354.4,2023-01,63.2,1.8
WMT,2023-01-13,62.34,63.13,61.4,62.32,62.32,11740685,-0.4,731679489.2,2023-01,63.1,1.69
WMT,2023-01-16,63.04,63.92,62.19,63.22,63.22,17070026,1.44,1079167043.72,2023-01,63.11,1.77
WMT,2023-01-17,62.56,63.73,62.47,62.84,62.84,12952078,-0.6,813908581.52,2023-01,63.09,1.68
WMT,2023-01-18,63.23,64.06,63.0,63.26,63.26,6878342,0.67,435123914.92,2023-01,63.1,1.65
WMT,2023-01-19,64.15,64.93,63.8,64.08,64.08,10265692,1.29,657825543.36,2023-01,63.18,1.66
WMT,2023-01-20,64.15,64.66,63.58,64.35,64.35,20743663,0.43,1334854714.05,2023-01,63.26,1.61
WMT,2023-01-23,61.99,62.98,61.07,62.06,62.06,15420328,-3.55,956985555.68,2023-01,63.18,1.76
WMT,2023-01-24,61.04,61.85,60.15,61.02,61.02,17204745,-1.68,1049833539.9,2023-01,63.05,1.72
WMT,2023-01-25,60.05,60.5,59.48,59.98,59.98,14134308,-1.7,847775793.84,2023-01,62.87,1.68
WMT,2023-01-26,61.45,61.65,60.77,61.57,61.57,13390074,2.65,824426856.18,2023-01,62.79,1.82
WMT,2023-01-27,61.7,62.21,61.61,61.71,61.71,24130592,0.23,1489098832.32,2023-01,62.74,1.77
WMT,2023-01-30,62.14,62.5,61.86,62.11,62.11,8089194,0.66,502419839.34,2023-01,62.71,1.75
WMT,2023-01-31,63.55,64.13,63.36,63.44,63.44,12410484,2.14,787321104.96,2023-01,62.51,1.83
WMT,2023-02-01,63.47,64.45,62.83,63.55,63.55,11775176,0.18,748312434.8,2023-02,62.42,1.72
WMT,2023-02-02,63.24,63.53,62.75,63.1,63.1,8864978,-0.7,559380111.8,2023-02,62.41,1.57
WMT,2023-02-03,62.53,62.86,62.26,62.61,62.61,9308958,-0.77,582833860.38,2023-02,62.39,1.57
WMT,2023-02-06,61.93,62.52,61.2,62.11,62.11,16048414,-0.8,996766993.54,2023-02,62.4,1.53
WMT,2023-02-07,61.88,62.34,61.39,62.17,62.17,19572678,0.09,1216833391.26,2023-02,62.46,1.49
WMT,2023-02-08,60.83,61.07,60.24,60.85,60.85,36543034,-2.13,2223643618.9,2023-02,62.45,1.57
WMT,2023-02-09,60.66,61.2,60.29,60.44,60.44,8118682,-0.67,490693140.08,2023-02,62.34,1.48
WMT,2023-02-10,60.77,61.25,60.59,60.66,60.66,8907673,0.36,540339444.18,2023-02,62.26,1.48
WMT,2023-02-13,61.24,61.57,60.53,61.17,61.17,17253187,0.84,1055377448.79,2023-02,62.15,1.45
WMT,2023-02-14,61.18,61.92,60.26,60.99,60.99,19404507,-0.3,1183480881.93,2023-02,62.06,1.45
WMT,2023-02-15,62.11,62.97,61.46,62.12,62.12,24945727,1.86,1549628561.24,2023-02,62.0,1.51
WMT,2023-02-16,61.34,62.01,61.21,61.28,61.28,11468612,-1.36,702796543.36,2023-02,61.86,1.5
WMT,2023-02-17,60.95,61.34,60.78,60.9,60.9,5783681,-0.62,352226172.9,2023-02,61.69,1.49
WMT,2023-02-20,60.33,60.57,59.43,60.27,60.27,16203399,-1.03,976578857.73,2023-02,61.6,1.29
WMT,2023-02-21,60.68,60.81,60.33,60.62,60.62,18379894,0.59,1114189174.28,2023-02,61.58,1.25
WMT,2023-02-22,60.7,61.44,59.98,60.53,60.53,13007892,-0.14,787367702.76,2023-02,61.61,1.19
WMT,2023-02-23,59.79,60.49,59.09,59.89,59.89,17205195,-1.06,1030419128.55,2023-02,61.53,1.04
WMT,2023-02-24,60.38,60.67,60.13,60.57,60.57,24905293,1.13,1508513597.01,2023-02,61.47,1.08
WMT,2023-02-27,61.06,61.2,60.12,61.04,61.04,7350386,0.77,448667561.44,2023-02,61.42,1.08
WMT,2023-02-28,62.78,63.45,62.39,62.86,62.86,7076567,2.99,444833001.62,2023-02,61.39,1.19
WMT,2023-03-01,63.56,63.8,63.08,63.7,63.7,10268643,1.33,654112559.1,2023-03,61.39,1.22
WMT,2023-03-02,62.87,63.35,62.4,63.08,63.08,17196593,-0.97,1084761086.44,2023-03,61.39,1.23
WMT,2023-03-03,62.2,62.52,61.45,61.93,61.93,7577691,-1.82,469286403.63,2023-03,61.36,1.29
WMT,2023-03-06,63.08,63.5,62.99,63.14,63.14,5454794,1.95,344415693.16,2023-03,61.41,1.35
WMT,2023-03-07,63.77,64.65,63.46,63.82,63.82,19300134,1.08,1231734551.88,2023-03,61.49,1.37
WMT,2023-03-08,64.5,65.08,63.67,64.72,64.72,9305903,1.41,602278042.16,2023-03,61.69,1.29
WMT,2023-03-09,64.28,65.16,63.53,64.48,64.48,18040952,-0.38,1163280584.96,2023-03,61.89,1.28
WMT,2023-03-10,64.59,65.03,64.0,64.51,64.51,44364931,0.05,2861981698.81,2023-03,62.08,1.28
WMT,2023-03-13,65.04,65.56,64.28,65.18,65.18,10626499,1.04,692635204.82,2023-03,62.28,1.28
WMT,2023-03-14,64.93,65.79,63.78,64.71,64.71,37555995,-0.72,2430248436.45,2023-03,62.47,1.3
WMT,2023-03-15,64.3,65.23,64.07,64.55,64.55,21252703,-0.24,1371861978.65,2023-03,62.59,1.25
WMT,2023-03-16,63.91,64.65,63.23,63.74,63.74,10096615,-1.25,643558240.1,2023-03,62.71,1.24
WMT,2023-03-17,62.36,62.6,61.99,62.48,62.48,24418603,-1.98,1525674315.44,2023-03,62.79,1.32
WMT,2023-03-20,63.1,63.89,62.26,63.15,63.15,13546578,1.08,855466400.7,2023-03,62.94,1.31
WMT,2023-03-21,65.1,65.32,64.73,65.05,65.05,33696699,3.01,2191970269.95,2023-03,63.16,1.45
WMT,2023-03-22,65.73,66.66,65.05,66.01,66.01,14851527,1.47,980349297.27,2023-03,63.43,1.46
WMT,2023-03-23,67.85,68.36,66.88,67.95,67.95,10356364,2.94,703714933.8,2023-03,63.83,1.52
WMT,2023-03-24,66.58,66.89,65.8,66.8,66.8,9227843,-1.69,616419912.4,2023-03,64.14,1.6
WMT,2023-03-27,67.32,68.11,67.22,67.51,67.51,9979669,1.07,673727454.19,2023-03,64.47,1.6
WMT,2023-03-28,66.77,67.21,66.34,66.96,66.96,19835598,-0.81,1328191642.08,2023-03,64.67,1.52
WMT,2023-03-29,65.97,66.54,65.09,65.99,65.99,12096217,-1.46,798229359.83,2023-03,64.79,1.55
WMT,2023-03-30,64.12,64.36,63.32,64.16,64.16,20312466,-2.78,1303247818.56,2023-03,64.84,1.67
WMT,2023-03-31,62.57,62.73,62.29,62.55,62.55,24850241,-2.51,1554382574.55,2023-03,64.87,1.72
WMT,2023-04-03,60.77,61.29,59.96,60.9,60.9,16770238,-2.64,1021307494.2,2023-04,64.76,1.76
WMT,2023-04-04,60.09,60.32,59.23,59.88,59.88,9887455,-1.67,592060805.4,2023-04,64.56,1.76
WMT,2023-04-05,59.74,59.98,59.39,59.72,59.72,8759678,-0.27,523127970.16,2023-04,64.31,1.72
WMT,2023-04-06,59.3,59.58,59.08,59.21,59.21,22722912,-0.86,1345423619.52,2023-04,64.05,1.72
WMT,2023-04-07,58.52,58.88,58.25,58.59,58.59,13266796,-1.05,777301577.64,2023-04,63.75,1.72
WMT,2023-04-10,56.45,56.75,56.37,56.67,56.67,22150224,-3.28,1255253194.08,2023-04,63.33,1.79
WMT,2023-04-11,57.39,58.04,57.01,57.15,57.15,10991776,0.84,628179998.4,2023-04,62.95,1.82
WMT,2023-04-12,56.6,56.97,56.33,56.73,56.73,11828532,-0.73,671032620.36,2023-04,62.56,1.82
WMT,2023-04-13,55.68,56.31,54.99,55.59,55.59,17585539,-2.02,977580113.01,2023-04,62.15,1.84
WMT,2023-04-14,56.24,56.94,55.48,56.29,56.29,16937656,1.26,953420656.24,2023-04,61.84,1.86
WMT,2023-04-17,57.23,57.88,56.82,56.96,56.96,15669405,1.19,892529308.8,2023-04,61.53,1.87
WMT,2023-04-18,55.7,56.34,55.44,55.72,55.72,8302623,-2.17,462622153.56,2023-04,61.07,1.71
WMT,2023-04-19,57.19,57.79,56.87,57.33,57.33,8255489,2.88,473287184.37,2023-04,60.63,1.83
WMT,2023-04-20,56.15,56.52,55.13,55.87,55.87,13576106,-2.55,758497042.22,2023-04,60.03,1.66
WMT,2023-04-21,55.84,56.05,55.61,55.7,55.7,24673835,-0.31,1374332609.5,2023-04,59.47,1.66
WMT,2023-04-24,55.88,56.22,55.73,56.02,56.02,38012342,0.57,2129451398.84,2023-04,58.9,1.63
WMT,2023-04-25,56.91,57.29,56.43,56.64,56.64,29309722,1.11,1660102654.08,2023-04,58.38,1.69
WMT,2023-04-26,57.32,58.06,57.18,57.38,57.38,9564494,1.3,548810665.72,2023-04,57.95,1.75
WMT,2023-04-27,55.82,56.11,55.58,55.97,55.97,12345889,-2.46,690999407.33,2023-04,57.54,1.73
WMT,2023-04-28,58.26,58.43,57.58,58.32,58.32,25860193,4.21,1508166455.76,2023-04,57.33,1.99
WMT,2023-05-01,57.47,58.25,56.86,57.36,57.36,15367413,-1.64,881474809.68,2023-05,57.16,1.94
WMT,2023-05-02,56.09,56.43,55.68,55.98,55.98,7616298,-2.41,426360362.04,2023-05,56.96,1.97
WMT,2023-05-03,57.25,57.83,56.82,57.29,57.29,25553079,2.34,1463935895.91,2023-05,56.84,2.06
WMT,2023-05-04,58.02,58.08,57.65,57.93,57.93,7847931,1.12,454630642.83,2023-05,56.77,2.08
WMT,2023-05-05,58.45,58.51,58.11,58.44,58.44,15442431,0.88,902455667.64,2023-05,56.77,2.07
WMT,2023-05-08,57.65,58.3,56.88,57.68,57.68,11028126,-1.3,636102307.68,2023-05,56.82,1.95
WMT,2023-05-09,58.35,58.91,57.67,58.39,58.39,12350524,1.22,721147096.36,2023-05,56.88,1.96
WMT,2023-05-10,57.65,58.21,56.81,57.76,57.76,9315529,-1.08,538064955.04,2023-05,56.93,1.97
WMT,2023-05-11,57.83,58.63,57.04,58.07,58.07,7236067,0.54,420198410.69,2023-05,57.06,1.91
WMT,2023-05-12,58.84,59.81,58.41,59.08,59.08,8901571,1.74,525904814.68,2023-05,57.19,1.92
WMT,2023-05-15,58.5,59.4,57.95,58.65,58.65,17886271,-0.73,1049029794.15,2023-05,57.28,1.92
WMT,2023-05-16,60.03,60.64,59.33,60.04,60.04,36084794,2.37,2166531031.76,2023-05,57.5,1.9
WMT,2023-05-17,61.41,62.1,60.77,61.7,61.7,14446424,2.76,891344360.8,2023-05,57.71,1.89
WMT,2023-05-18,59.99,60.49,59.84,60.09,60.09,37802954,-2.62,2271579505.86,2023-05,57.92,1.9
WMT,2023-05-19,58.69,58.96,58.46,58.66,58.66,13791840,-2.38,809029334.4,2023-05,58.07,1.99
WMT,2023-05-22,59.9,60.14,58.88,59.72,59.72,15767978,1.81,941663646.16,2023-05,58.26,2.02
WMT,2023-05-23,58.23,58.93,57.36,58.15,58.15,17794613,-2.63,1034756745.95,2023-05,58.33,2.12
WMT,2023-05-24,57.22,57.91,57.13,57.19,57.19,19501016,-1.65,1115263105.04,2023-05,58.32,2.14
WMT,2023-05-25,56.87,57.34,56.76,57.08,57.08,20658203,-0.2,1179170227.24,2023-05,58.38,2.06
WMT,2023-05-26,57.83,58.56,57.02,57.73,57.73,19123174,1.13,1103980835.02,2023-05,58.35,1.84
WMT,2023-05-29,57.22,58.22,57.04,57.38,57.38,8525995,-0.61,489221593.1,2023-05,58.35,1.8
WMT,2023-05-30,57.61,57.79,57.52,57.6,57.6,12432091,0.38,716088441.6,2023-05,58.43,1.71
WMT,2023-05-31,57.94,58.53,57.08,58.18,58.18,20990457,1.01,1221224788.26,2023-05,58.48,1.65
WMT,2023-06-01,59.45,59.87,59.16,59.3,59.3,15156180,1.93,898761474.0,2023-06,58.54,1.68
WMT,2023-06-02,58.1,58.92,57.66,58.22,58.22,23770330,-1.83,1383908612.6,2023-06,58.53,1.73
WMT,2023-06-05,58.3,59.15,57.69,58.01,58.01,14982937,-0.37,869160175.37,2023-06,58.55,1.7
WMT,2023-06-06,59.39,60.22,59.05,59.39,59.39,12507234,2.39,742804627.26,2023-06,58.6,1.77
WMT,2023-06-07,60.36,61.15,59.94,60.52,60.52,8687264,1.9,525753217.28,2023-06,58.74,1.79
WMT,2023-06-08,60.47,61.49,59.94,60.69,60.69,19601691,0.28,1189626626.79,2023-06,58.87,1.79
WMT,2023-06-09,61.72,62.39,61.04,61.63,61.63,14796502,1.56,911908418.26,2023-06,59.0,1.78
WMT,2023-06-12,61.55,61.78,60.68,61.39,61.39,13537398,-0.39,831060863.22,2023-06,59.13,1.77
WMT,2023-06-13,60.51,61.38,59.39,60.26,60.26,45497693,-1.84,2741690980.18,2023-06,59.14,1.75
WMT,2023-06-14,60.3,61.19,59.38,60.25,60.25,14655089,-0.02,882969112.25,2023-06,59.07,1.63
WMT,2023-06-15,60.53,61.29,60.16,60.32,60.32,45325116,0.12,2734010997.12,2023-06,59.08,1.52
WMT,2023-06-16,60.16,60.7,59.29,60.16,60.16,10990629,-0.26,661196240.64,2023-06,59.16,1.42
WMT,2023-06-19,59.47,59.71,58.85,59.41,59.41,20322502,-1.24,1207359843.82,2023-06,59.14,1.39
WMT,2023-06-20,60.12,60.93,59.49,60.42,60.42,9534325,1.7,576063916.5,2023-06,59.26,1.3
WMT,2023-06-21,62.06,62.79,61.6,62.37,62.37,27354841,3.22,1706121433.17,2023-06,59.52,1.38
WMT,2023-06-22,63.37,63.49,62.84,63.13,63.13,15542511,1.21,981198719.43,2023-06,59.82,1.39
WMT,2023-06-23,65.38,66.49,64.71,65.53,65.53,20696553,3.81,1356245118.09,2023-06,60.21,1.57
WMT,2023-06-26,65.87,66.8,65.38,66.06,66.06,6012595,0.81,397192025.7,2023-06,60.64,1.54
WMT,2023-06-27,65.18,66.08,64.24,65.01,65.01,10507027,-1.59,683061825.27,2023-06,61.01,1.62
WMT,2023-06-28,63.29,64.32,62.77,63.57,63.57,8755090,-2.21,556561071.3,2023-06,61.28,1.74
WMT,2023-06-29,64.4,65.26,63.97,64.6,64.6,8482357,1.62,547960262.2,2023-06,61.55,1.72
WMT,2023-06-30,64.88,65.11,64.4,64.64,64.64,31334058,0.06,2025433509.12,2023-06,61.87,1.64
WMT,2023-07-03,66.29,66.56,65.55,66.39,66.39,10985076,2.71,729299195.64,2023-07,62.29,1.7
WMT,2023-07-04,64.63,65.2,63.83,64.37,64.37,18044184,-3.04,1161504124.08,2023-07,62.54,1.84
WMT,2023-07-05,61.58,61.87,61.39,61.52,61.52,5128320,-4.43,315494246.4,2023-07,62.59,2.1
WMT,2023-07-06,61.14,61.86,60.53,60.98,60.98,16675790,-0.88,1016889674.2,2023-07,62.6,2.11
WMT,2023-07-07,62.19,62.63,61.81,62.14,62.14,15608717,1.9,969925674.38,2023-07,62.63,2.12
WMT,2023-07-10,62.43,63.36,62.09,62.4,62.4,23630156,0.42,1474521734.4,2023-07,62.68,2.12
WMT,2023-07-11,61.54,62.69,60.78,61.81,61.81,25266355,-0.94,1561713402.55,2023-07,62.75,2.09
WMT,2023-07-12,62.31,63.04,61.27,62.07,62.07,65965390,0.43,4094471757.3,2023-07,62.85,2.09
WMT,2023-07-13,63.39,64.15,62.31,63.2,63.2,12196676,1.82,770829923.2,2023-07,62.99,2.12
WMT,2023-07-14,62.43,62.57,61.86,62.13,62.13,12512382,-1.7,777394293.66,2023-07,63.09,2.16
WMT,2023-07-17,62.17,62.34,61.85,61.95,61.95,29853354,-0.29,1849415280.3,2023-07,63.21,2.14
WMT,2023-07-18,61.79,62.71,61.27,61.56,61.56,15811532,-0.63,973357909.92,2023-07,63.27,2.12
WMT,2023-07-19,62.9,63.12,62.61,62.82,62.82,13678143,2.04,859260943.26,2023-07,63.29,2.04
WMT,2023-07-20,61.35,62.1,60.54,61.54,61.54,19607539,-2.04,1206647950.06,2023-07,63.21,2.08
WMT,2023-07-21,61.86,62.11,60.97,61.9,61.9,4705064,0.58,291243461.6,2023-07,63.03,1.87
WMT,2023-07-24,62.72,63.48,62.11,62.63,62.63,31395651,1.18,1966309622.13,2023-07,62.86,1.88
WMT,2023-07-25,63.22,64.39,62.86,63.53,63.53,15802051,1.44,1003904300.03,2023-07,62.79,1.89
WMT,2023-07-26,62.82,63.61,62.71,62.84,62.84,9354067,-1.09,587809570.28,2023-07,62.75,1.84
WMT,2023-07-27,61.99,62.2,61.63,62.13,62.13,5004160,-1.13,310908460.8,2023-07,62.63,1.81
WMT,2023-07-28,60.85,61.91,60.39,61.12,61.12,19382598,-1.62,1184664389.76,2023-07,62.45,1.84
WMT,2023-07-31,63.51,63.75,63.16,63.22,63.22,12774284,3.43,807590234.48,2023-07,62.29,1.91
WMT,2023-08-01,63.46,63.98,63.15,63.45,63.45,31853735,0.37,2021119485.75,2023-08,62.25,1.79
WMT,2023-08-02,64.58,64.85,64.13,64.66,64.66,7873103,1.91,509074839.98,2023-08,62.4,1.52
WMT,2023-08-03,65.84,66.56,65.63,65.88,65.88,16565879,1.89,1091360108.52,2023-08,62.65,1.53
WMT,2023-08-04,65.55,66.54,65.42,65.78,65.78,27127385,-0.15,1784439385.3,2023-08,62.83,1.5
WMT,2023-08-07,64.57,65.07,63.48,64.39,64.39,16023258,-2.11,1031737582.62,2023-08,62.93,1.59
WMT,2023-08-08,64.59,65.0,64.19,64.46,64.46,7499740,0.1,483433240.4,2023-08,63.06,1.57
WMT,2023-08-09,64.69,65.28,64.17,64.7,64.7,15867172,0.37,1026606028.4,2023-08,63.19,1.57
WMT,2023-08-10,65.52,66.28,65.34,65.41,65.41,7697448,1.1,503490073.68,2023-08,63.3,1.54
WMT,2023-08-11,67.14,67.52,66.99,67.42,67.42,12176608,3.07,820946911.36,2023-08,63.57,1.6
WMT,2023-08-14,67.09,67.98,66.16,66.81,66.81,12917687,-0.9,863030668.47,2023-08,63.81,1.62
WMT,2023-08-15,66.51,67.05,66.27,66.4,66.4,11799355,-0.61,783477172.0,2023-08,64.05,1.62
WMT,2023-08-16,66.9,67.29,65.67,66.6,66.6,13804028,0.3,919348264.8,2023-08,64.24,1.57
WMT,2023-08-17,64.35,65.3,63.78,64.55,64.55,46455439,-3.08,2998698587.45,2023-08,64.39,1.67
WMT,2023-08-18,63.56,64.25,62.63,63.3,63.3,11714399,-1.93,741521456.7,2023-08,64.46,1.73
WMT,2023-08-21,62.45,63.19,61.38,62.24,62.24,8600050,-1.68,535267112.0,2023-08,64.44,1.76
